S	E	I1	I2	I3	I4	I5_h	I6_h	R_h	R	D1	D2	H	T	P1	P2	Q	QT	NQ	MUT	HOM	VAC	NI	INF	REINF	BSTR	IMM	HCI	HCE	INFV	INFH	VNI
178089	129	136	48	40	31	8	1	0	260	4	0	212	0	0	0	56	56	337	0,0,0,0,0,0	178742	0	0	393	0	0	657,657,657,657,657,657,657	0	0	0,0,0,0,0,0,0	0	0
178037	107	181	52	41	34	8	1	0	277	4	4	316	274	0	66	114	56	368	0,0,0,0,0,0	12514	0	62	455	0	0	709,709,709,709,709,709,709	0	6	62,0,0,0,0,0,0	9	0
177984	104	203	64	44	36	8	3	0	285	5	10	396	242	0	12	217	66	396	0,0,0,0,0,0	12850	0	64	520	0	0	763,763,763,763,763,763,763	0	6	127,0,0,0,0,0,0	8	0
177895	118	238	82	48	36	10	4	0	299	5	11	442	255	0	15	457	80	456	0,0,0,0,0,0	12945	0	101	622	0	0	854,854,854,854,854,854,854	0	8	229,0,0,0,0,0,0	13	0
177818	129	262	98	46	38	10	4	0	322	6	13	502	261	0	14	502	88	499	0,0,0,0,0,0	25290	0	95	717	0	0	934,934,934,934,934,934,934	0	3	324,0,0,0,0,0,0	13	0
177744	133	290	110	49	38	12	4	0	346	6	14	548	252	5	15	564	95	541	0,0,0,0,0,0	25313	0	93	810	1	0	1011,1011,1011,1011,1011,1011,1011	0	3	418,0,0,0,0,0,0	16	0
177680	126	305	122	49	50	13	4	0	373	6	18	570	234	0	20	757	134	535	0,0,0,0,0,0	13382	0	84	893	2	0	1079,1079,1079,1079,1079,1079,1079	0	5	502,0,0,0,0,0,0	20	0
177595	128	297	150	57	67	14	4	0	405	6	23	587	96	1	21	905	164	553	0,0,0,0,0,0	13747	0	98	991	2	0	1170,1169,1169,1168,1168,1168,1168	0	4	600,0,0,0,0,0,0	21	0
177515	140	301	164	57	67	15	5	0	446	6	30	618	234	1	27	1123	199	550	0,0,0,0,0,0	13691	0	95	1085	4	0	1256,1255,1255,1253,1253,1253,1253	0	9	696,0,0,0,0,0,0	24	0
177418	163	308	173	68	71	17	5	1	482	6	34	634	254	0	24	1243	235	570	0,0,0,0,0,0	14147	0	126	1209	6	0	1365,1364,1364,1362,1362,1362,1362	0	9	822,0,0,0,0,0,0	22	0
177323	178	303	174	80	79	15	5	1	538	6	44	647	236	2	26	1363	247	587	0,0,0,0,0,0	14018	0	109	1319	6	0	1469,1468,1468,1465,1465,1465,1465	0	11	932,0,0,0,0,0,0	23	0
177269	173	294	198	89	81	12	5	1	569	6	49	686	267	0	24	1356	272	580	0,0,0,0,0,0	25818	0	85	1403	8	0	1541,1539,1539,1531,1531,1531,1531	0	2	1018,0,0,0,0,0,0	24	0
177214	155	283	209	96	96	13	6	1	612	6	55	685	85	0	24	1514	278	580	0,0,0,0,0,0	26360	0	77	1478	11	0	1610,1607,1607,1596,1596,1596,1596	0	6	1096,0,0,0,0,0,0	28	0
177120	163	316	207	91	98	16	7	1	661	6	60	711	278	0	29	1757	308	590	0,0,0,0,0,0	14666	0	125	1600	14	0	1724,1720,1720,1703,1703,1703,1703	1	15	1221,0,0,0,0,0,0	30	0
177040	164	335	219	94	91	20	10	1	705	6	61	728	74	1	19	1888	306	627	0,0,0,0,0,0	14860	0	117	1714	18	0	1826,1820,1820,1797,1797,1797,1797	1	14	1338,0,0,0,0,0,0	34	0
176957	163	357	229	78	88	20	10	1	771	6	66	733	264	6	35	1917	315	630	0,0,0,0,0,0	14905	0	119	1832	19	0	1934,1926,1926,1896,1896,1896,1896	1	11	1457,0,0,0,0,0,0	46	0
176854	190	374	224	87	102	21	9	0	802	7	76	731	268	1	20	2346	318	689	0,0,0,0,0,0	15171	0	142	1973	22	0	2072,2060,2060,2019,2019,2019,2019	1	19	1601,0,0,0,0,0,0	45	0
176772	199	362	219	103	110	22	10	0	861	7	81	708	218	1	32	2576	328	697	0,0,0,0,0,0	15266	0	114	2086	24	0	2176,2162,2162,2114,2114,2114,2114	1	7	1715,0,0,0,0,0,0	49	0
176717	189	362	218	117	110	24	11	0	905	8	85	705	291	0	27	2543	316	715	0,0,0,0,0,0	26915	0	111	2196	25	0	2275,2258,2258,2195,2195,2195,2195	1	9	1826,0,0,0,0,0,0	51	0
176649	182	388	213	126	104	28	12	0	943	8	93	688	267	2	48	2759	381	672	0,0,0,0,0,0	27030	0	109	2305	26	0	2379,2359,2359,2284,2284,2284,2284	1	4	1935,0,0,0,0,0,0	59	0
176562	190	398	227	129	98	29	13	0	996	8	96	672	95	0	45	3044	416	668	0,0,0,0,0,0	15942	0	137	2443	26	0	2509,2484,2484,2395,2395,2395,2395	1	11	2073,0,0,0,0,0,0	61	0
176469	202	421	233	117	100	31	14	0	1046	10	103	651	275	2	23	3042	408	710	0,0,0,0,0,0	15991	0	148	2590	28	0	2648,2619,2619,2515,2515,2515,2515	1	17	2220,0,0,0,0,0,0	64	0
176363	217	439	248	129	98	32	14	0	1087	13	106	664	257	0	36	3090	417	760	0,0,0,0,0,0	16158	0	161	2751	28	0	2800,2767,2767,2648,2648,2648,2648	1	18	2381,0,0,0,0,0,0	68	0
176244	257	432	286	131	101	32	15	1	1126	13	108	689	246	7	34	3077	443	811	0,0,0,0,0,0	15744	0	177	2924	32	0	2965,2927,2927,2792,2792,2792,2792	1	21	2555,0,0,0,0,0,0	66	0
176163	254	456	293	123	102	34	15	2	1179	15	110	679	112	1	33	3194	434	843	0,0,0,0,0,0	15969	0	147	3071	33	0	3102,3059,3059,2904,2904,2904,2904	2	13	2702,0,0,0,0,0,0	77	0
176110	238	461	296	140	104	29	16	2	1223	15	112	692	325	0	32	2897	416	868	0,0,0,0,0,0	27741	0	128	3197	35	0	3217,3168,3168,2992,2992,2992,2992	1	10	2828,0,0,0,0,0,0	78	0
176011	255	477	285	138	114	39	17	2	1275	15	118	673	94	2	48	3150	452	873	0,0,0,0,0,0	27523	0	171	3367	36	0	3380,3325,3325,3126,3126,3126,3126	2	17	2998,0,0,0,0,0,0	81	0
175905	274	474	293	150	128	38	19	2	1321	16	126	664	313	4	43	3239	456	920	0,0,0,0,0,0	16002	0	177	3544	38	0	3553,3490,3490,3267,3267,3267,3267	2	13	3175,0,0,0,0,0,0	74	0
175800	273	515	311	138	115	36	20	2	1388	18	130	647	302	1	47	3613	471	937	0,0,0,0,0,0	16179	0	176	3720	39	0	3719,3651,3651,3405,3405,3405,3405	2	9	3351,0,0,0,0,0,0	81	0
175704	270	528	336	136	125	37	25	1	1432	18	134	652	303	2	44	3359	462	995	0,0,0,0,0,0	16380	0	184	3906	39	0	3893,3816,3816,3542,3542,3542,3542	2	17	3537,0,0,0,0,0,0	93	0
175607	279	541	332	150	122	35	23	2	1497	19	139	635	89	2	40	3568	454	1028	0,0,0,0,0,0	16444	0	187	4092	41	0	4070,3985,3985,3682,3682,3682,3682	2	10	3723,0,0,0,0,0,0	83	0
175491	301	560	339	148	122	39	23	3	1557	20	143	620	269	0	40	3554	457	1075	0,0,0,0,0,0	16612	0	192	4287	41	0	4261,4169,4169,3837,3837,3837,3837	2	16	3918,0,0,0,0,0,0	82	0
175403	312	546	367	142	115	39	22	6	1627	21	146	625	240	1	46	3743	444	1099	0,0,0,0,0,0	27969	0	173	4458	43	0	4424,4323,4323,3964,3964,3964,3964	2	13	4089,0,0,0,0,0,0	80	0
175302	280	608	371	129	115	38	22	7	1700	22	152	651	248	0	40	3719	440	1123	0,0,0,0,0,0	28319	0	186	4644	45	0	4603,4495,4495,4106,4106,4106,4106	2	13	4276,0,0,0,0,0,0	86	0
175215	292	613	369	137	122	37	24	7	1753	22	155	617	292	1	43	4227	443	1151	0,0,0,0,0,0	16895	0	192	4837	45	0	4785,4667,4667,4242,4242,4242,4242	2	10	4469,0,0,0,0,0,0	86	0
175102	298	643	379	144	134	37	30	6	1794	23	156	646	276	1	45	4254	468	1197	0,0,0,0,0,0	17161	0	224	5061	45	0	4998,4869,4869,4407,4407,4407,4407	2	11	4693,0,0,0,0,0,0	91	0
174951	329	652	398	168	145	32	32	6	1848	24	161	638	282	2	53	4321	487	1269	0,0,0,0,0,0	17237	0	239	5300	46	0	5231,5094,5094,4600,4600,4600,4600	2	20	4932,0,0,0,0,0,0	100	0
174815	338	694	403	159	153	34	32	6	1920	26	166	649	285	2	55	4257	492	1321	0,0,0,0,0,0	17442	0	226	5527	47	0	5454,5307,5307,4781,4781,4781,4781	2	18	5159,0,0,0,0,0,0	99	0
174654	365	726	421	155	149	37	29	6	2006	30	168	635	278	3	70	4375	532	1350	0,0,0,0,0,0	17371	0	273	5799	49	0	5713,5556,5556,4993,4993,4993,4993	2	20	5431,0,0,0,0,0,0	95	0
174529	404	729	435	160	160	32	28	6	2056	33	174	642	262	4	53	4244	530	1418	0,0,0,0,0,0	28925	0	249	6047	50	0	5954,5785,5785,5177,5177,5177,5177	2	21	5679,0,0,0,0,0,0	106	0
174438	405	750	446	155	180	31	31	6	2095	33	176	642	231	2	51	4215	550	1448	0,0,0,0,0,0	28590	0	234	6280	51	0	6177,5994,5994,5337,5337,5337,5337	2	11	5912,0,0,0,0,0,0	101	0
174304	419	741	483	174	184	29	31	6	2160	35	180	622	232	2	70	4491	583	1478	0,0,0,0,0,0	17450	0	259	6539	52	0	6425,6230,6230,5530,5530,5530,5530	2	17	6171,0,0,0,0,0,0	103	0
174146	440	765	475	189	197	32	34	4	2240	38	186	619	260	7	76	4925	633	1499	0,0,0,0,0,0	17575	0	284	6821	54	0	6699,6492,6492,5747,5747,5747,5747	2	31	6453,0,0,0,0,0,0	104	0
173977	445	815	465	195	228	34	38	5	2311	39	194	608	259	5	83	5133	702	1518	0,0,0,0,0,0	17929	0	290	7112	56	0	6989,6769,6769,5977,5977,5977,5977	2	30	6744,0,0,0,0,0,0	116	0
173844	443	840	476	207	239	35	39	5	2375	41	202	604	293	2	86	5411	796	1483	0,0,0,0,0,0	18314	0	280	7390	58	0	7264,7029,7029,6183,6183,6183,6183	3	25	7022,0,0,0,0,0,0	116	0
173692	484	861	470	209	232	41	40	4	2464	44	205	571	307	8	80	5636	834	1503	0,0,0,0,0,0	18396	0	294	7684	61	0	7548,7299,7299,6402,6402,6402,6402	3	28	7316,0,0,0,0,0,0	116	0
173605	446	869	505	231	237	50	38	8	2505	46	206	572	266	4	74	5710	883	1493	0,0,0,0,0,0	29925	0	236	7922	63	0	7775,7512,7512,6561,6561,6561,6561	3	18	7555,0,0,0,0,0,0	125	0
173495	424	872	538	258	226	52	40	10	2576	46	209	568	281	2	70	5638	879	1531	0,0,0,0,0,0	29993	0	266	8188	64	0	8032,7753,7753,6746,6746,6746,6746	3	23	7821,0,0,0,0,0,0	137	0
173322	424	913	568	270	228	52	37	10	2659	51	212	546	267	1	81	5640	875	1617	0,0,0,0,0,0	18781	0	322	8510	66	0	8347,8053,8053,6990,6990,6990,6990	3	27	8144,0,0,0,0,0,0	129	0
173163	458	900	588	276	235	55	37	11	2751	54	218	515	279	4	79	6387	881	1668	0,0,0,0,0,0	18663	0	317	8826	68	0	8655,8345,8345,7223,7223,7223,7223	3	27	8461,0,0,0,0,0,0	131	0
173043	478	896	625	280	231	58	40	11	2810	54	220	516	257	3	69	6282	889	1719	0,0,0,0,0,0	34355	0	298	9120	72	0	8938,8611,8611,7426,7426,7426,7426	3	20	8755,0,0,0,0,0,0	130	0
172892	461	949	578	277	251	61	43	10	2944	56	224	508	267	3	82	6034	878	1742	0,0,0,0,0,0	34214	0	308	9425	77	0	9237,8894,8894,7650,7650,7650,7650	3	26	9062,0,0,0,0,0,0	136	0
172789	433	941	624	299	254	71	44	11	2995	59	226	481	241	6	72	6071	889	1777	0,0,0,0,0,0	34029	0	287	9714	77	0	9515,9153,9153,7841,7841,7841,7841	4	23	9351,0,0,0,0,0,0	137	0
172686	426	947	627	310	259	75	46	12	3072	59	227	486	251	4	94	5719	918	1772	0,0,0,0,0,0	47177	0	296	10010	81	0	9799,9418,9418,8036,8036,8036,8036	4	27	9648,0,0,0,0,0,0	161	0
172588	429	939	621	322	267	79	45	13	3150	64	229	475	272	7	81	5566	922	1780	0,0,0,0,0,0	47107	0	278	10287	83	0	10066,9667,9667,8219,8219,8219,8219	4	21	9925,0,0,0,0,0,0	168	0
172523	451	880	615	328	285	80	48	13	3229	65	229	478	247	9	87	6096	949	1738	0,0,0,0,0,0	34153	0	271	10559	86	0	10325,9904,9904,8381,8381,8381,8381	4	39	10197,0,0,0,0,0,0	166	0
172439	424	910	601	314	271	93	47	16	3333	67	231	453	253	7	105	6265	982	1678	0,0,0,0,0,0	34217	0	275	10834	87	0	10587,10147,10147,8553,8553,8553,8553	4	34	10472,0,0,0,0,0,0	163	0
172338	416	922	622	285	270	95	50	15	3429	67	237	433	301	2	94	6191	998	1662	0,0,0,0,0,0	34201	0	294	11126	89	0	10871,10412,10412,8745,8745,8745,8745	4	32	10764,0,0,0,0,0,0	172	0
172257	412	949	631	269	264	92	50	13	3501	70	238	429	244	4	73	6237	988	1679	0,0,0,0,0,0	34262	0	286	11410	92	0	11143,10663,10663,8921,8921,8921,8921	4	38	11049,0,0,0,0,0,0	168	0
172177	422	945	636	251	258	94	51	16	3584	71	241	452	239	5	76	6225	960	1697	0,0,0,0,0,0	34145	0	285	11694	95	0	11415,10915,10915,9096,9096,9096,9096	4	23	11334,0,0,0,0,0,0	175	0
172151	442	889	639	277	266	93	46	17	3609	75	242	460	217	4	61	5831	937	1715	0,0,0,0,0,0	46953	0	264	11957	98	0	11664,11139,11139,9234,9234,9234,9234	4	20	11597,0,0,0,0,0,0	178	0
172127	417	894	642	278	260	89	50	17	3651	76	245	464	246	6	76	5771	934	1696	0,0,0,0,0,0	47075	0	253	12203	106	0	11898,11351,11351,9363,9363,9363,9363	4	20	11843,0,0,0,0,0,0	168	0
172063	423	907	630	261	259	90	49	16	3723	79	246	444	251	7	91	5934	929	1690	0,0,0,0,0,0	33818	0	282	12488	109	0	12169,11600,11600,9530,9530,9530,9530	4	32	12128,0,0,0,0,0,0	157	0
172056	432	879	620	270	246	87	48	12	3764	84	248	438	243	1	84	5975	937	1645	0,0,0,0,0,0	33859	0	258	12747	110	0	12410,11816,11816,9653,9653,9653,9653	4	33	12387,0,0,0,0,0,0	162	0
172032	433	872	631	282	252	83	47	13	3761	87	253	427	248	5	79	5894	946	1654	0,0,0,0,0,0	34189	0	262	13009	111	0	12660,12042,12042,9790,9790,9790,9790	4	28	12649,0,0,0,0,0,0	153	0
172005	435	882	628	276	259	85	47	14	3768	91	256	430	248	6	77	5936	913	1699	0,0,0,0,0,0	33897	0	274	13284	112	0	12921,12277,12277,9932,9932,9932,9932	4	40	12924,0,0,0,0,0,0	148	0
171952	418	896	617	295	270	88	46	12	3795	96	261	425	249	3	78	5938	905	1725	0,0,0,0,0,0	33897	0	285	13566	116	0	13192,12524,12524,10092,10092,10092,10092	4	36	13207,0,0,0,0,0,0	151	0
171919	435	880	612	295	265	89	49	11	3830	96	265	402	269	4	75	5750	915	1710	0,0,0,0,0,0	46879	0	272	13835	119	0	13447,12756,12756,10236,10236,10236,10236	4	33	13476,0,0,0,0,0,0	163	0
171941	413	838	595	282	267	85	49	11	3898	101	266	449	255	3	68	5818	881	1648	0,0,0,0,0,0	46872	0	207	14039	122	0	13636,12923,12923,10318,10318,10318,10318	4	19	13680,0,0,0,0,0,0	155	0
171955	368	844	617	276	264	89	49	8	3902	105	269	406	280	6	97	6192	892	1615	0,0,0,0,0,0	33576	0	243	14282	125	0	13864,13124,13124,10424,10424,10424,10424	4	35	13923,0,0,0,0,0,0	159	0
171918	415	805	608	273	279	85	50	9	3926	106	272	406	230	4	95	6485	910	1605	0,0,0,0,0,0	34356	0	294	14574	128	0	14139,13373,13373,10578,10578,10578,10578	5	28	14215,0,0,0,0,0,0	157	0
171906	425	822	569	266	265	79	49	9	3973	108	275	405	281	3	82	6655	892	1583	0,0,0,0,0,0	34448	0	265	14839	131	0	14389,13597,13597,10706,10706,10706,10706	5	29	14480,0,0,0,0,0,0	140	0
171942	399	815	553	257	272	78	48	8	3984	113	277	421	246	9	79	6200	884	1538	0,0,0,0,0,0	34428	0	218	15055	133	0	14588,13772,13772,10786,10786,10786,10786	5	18	14696,0,0,0,0,0,0	138	0
171950	399	834	543	259	266	74	50	7	3968	115	281	452	240	2	69	6576	891	1534	0,0,0,0,0,0	34709	0	258	15308	139	0	14824,13981,13981,10897,10897,10897,10897	4	29	14949,0,0,0,0,0,0	144	0
171996	361	850	530	242	280	75	49	7	3957	115	284	431	254	4	70	6444	861	1526	0,0,0,0,0,0	46938	0	209	15518	141	0	15019,14150,14150,10970,10970,10970,10970	5	24	15159,0,0,0,0,0,0	150	0
172048	335	835	537	256	273	76	45	9	3925	118	289	421	249	3	73	6309	879	1478	0,0,0,0,0,0	47247	0	207	15725	143	0	15211,14316,14316,11038,11038,11038,11038	4	14	15366,0,0,0,0,0,0	160	0
172075	363	785	568	267	262	75	44	9	3888	121	289	420	110	3	76	6325	887	1477	0,0,0,0,0,0	34428	0	257	15979	146	0	15445,14522,14522,11139,11139,11139,11139	4	22	15621,0,0,0,0,0,0	140	0
172093	383	752	566	277	239	78	41	9	3891	127	290	415	243	3	53	6146	850	1486	0,0,0,0,0,0	34066	0	245	16224	147	0	15670,14720,14720,11239,11239,11239,11239	4	35	15866,0,0,0,0,0,0	140	0
172090	388	760	541	261	230	82	45	9	3921	128	291	399	246	1	67	6232	816	1491	0,0,0,0,0,0	33781	0	248	16470	151	0	15898,14924,14924,11351,11351,11351,11351	4	32	16113,0,0,0,0,0,0	136	0
172101	391	730	550	241	238	78	38	11	3940	135	293	426	247	3	80	5559	800	1466	0,0,0,0,0,0	34197	0	226	16697	152	0	16109,15111,15111,11447,11447,11447,11447	4	27	16340,0,0,0,0,0,0	127	0
172115	384	775	535	234	233	81	37	13	3906	136	297	423	209	1	64	5490	798	1481	0,0,0,0,0,0	33852	0	248	16941	157	0	16336,15312,15312,11550,11550,11550,11550	4	33	16584,0,0,0,0,0,0	124	0
172150	368	766	527	235	226	88	37	13	3896	138	302	410	243	1	60	5252	774	1473	0,0,0,0,0,0	46225	0	217	17153	163	0	16535,15485,15485,11629,11629,11629,11629	4	17	16797,0,0,0,0,0,0	139	0
172221	347	730	542	233	220	95	37	14	3862	141	304	428	265	2	58	4690	738	1466	0,0,0,0,0,0	46396	0	186	17334	168	0	16699,15624,15624,11672,11672,11672,11672	4	20	16978,0,0,0,0,0,0	148	0
172253	362	732	534	232	242	97	38	14	3794	142	306	420	267	2	73	4868	752	1485	0,0,0,0,0,0	33025	0	261	17592	171	0	16937,15833,15833,11771,11771,11771,11771	4	29	17236,0,0,0,0,0,0	156	0
172299	352	713	533	235	243	95	37	13	3771	144	311	438	245	3	87	4860	766	1442	0,0,0,0,0,0	32701	0	200	17789	175	0	17117,15988,15988,11833,11833,11833,11833	4	26	17433,0,0,0,0,0,0	161	0
172292	349	725	508	244	239	90	34	13	3792	147	313	428	256	0	62	5137	759	1430	0,0,0,0,0,0	33286	0	235	18019	181	0	17331,16180,16180,11939,11939,11939,11939	4	27	17663,0,0,0,0,0,0	152	0
172355	335	709	500	260	230	93	33	12	3752	151	316	439	301	2	79	5339	793	1367	0,0,0,0,0,0	33136	0	200	18219	184	0	17513,16335,16335,11993,11993,11993,11993	4	23	17863,0,0,0,0,0,0	151	0
172400	331	704	512	247	222	90	35	12	3725	151	317	413	276	4	85	5365	828	1313	0,0,0,0,0,0	33502	0	207	18418	192	0	17694,16491,16491,12055,12055,12055,12055	4	22	18063,0,0,0,0,0,0	147	0
172475	310	682	503	237	210	84	34	14	3724	153	320	412	244	2	61	5443	805	1255	0,0,0,0,0,0	46063	0	177	18594	195	0	17851,16623,16623,12092,12092,12092,12092	4	10	18239,0,0,0,0,0,0	141	0
172517	290	673	497	227	221	81	34	14	3713	156	323	421	280	0	53	5306	768	1255	0,0,0,0,0,0	45855	0	191	18781	199	0	18022,16771,16771,12152,12152,12152,12152	4	20	18426,0,0,0,0,0,0	145	0
172565	286	653	462	233	222	85	35	15	3710	157	323	405	248	1	69	5352	731	1245	0,0,0,0,0,0	33535	0	188	18966	202	0	18188,16914,16914,12206,12206,12206,12206	4	20	18611,0,0,0,0,0,0	136	0
172611	282	646	449	218	223	84	37	13	3700	158	325	448	309	6	69	5233	732	1207	0,0,0,0,0,0	33457	0	199	19159	209	0	18361,17063,17063,12262,12262,12262,12262	4	26	18804,0,0,0,0,0,0	143	0
172619	306	627	450	192	225	88	36	11	3702	160	330	435	237	3	72	5099	733	1191	0,0,0,0,0,0	33117	0	202	19360	212	0	18549,17229,17229,12346,12346,12346,12346	4	24	19006,0,0,0,0,0,0	150	0
172708	276	621	428	186	240	81	37	11	3664	161	333	447	250	4	59	5132	730	1139	0,0,0,0,0,0	45821	0	157	19517	215	0	18688,17344,17344,12365,12365,12365,12365	4	11	19163,0,0,0,0,0,0	147	0
172801	260	605	414	190	231	75	36	11	3627	163	333	445	314	2	54	4773	728	1083	0,0,0,0,0,0	45952	0	150	19666	218	0	18817,17448,17448,12376,12376,12376,12376	3	5	19312,0,0,0,0,0,0	140	0
172903	247	583	415	184	209	68	36	12	3590	165	334	440	310	1	42	4367	684	1058	0,0,0,0,0,0	45441	0	143	19810	219	0	18942,17548,17548,12382,12382,12382,12382	3	16	19456,0,0,0,0,0,0	128	0
172973	242	558	403	169	210	67	36	11	3573	168	336	436	245	4	41	4423	646	1039	0,0,0,0,0,0	45228	29	145	19955	221	0	19071,17655,17655,12406,12406,12406,12406	3	14	19601,0,0,0,0,0,0	119	25
173058	226	534	400	173	204	68	37	10	3527	170	339	436	281	3	67	4425	634	1008	0,0,0,0,0,0	32618	19	149	20102	223	0	19200,17762,17762,12421,12421,12421,12421	3	22	19748,0,0,0,0,0,0	128	40
173149	235	518	384	169	183	70	37	10	3475	173	343	423	219	2	48	4478	631	965	0,0,0,0,0,0	32900	32	160	20260	225	0	19339,17875,17875,12438,12438,12438,12438	3	19	19906,0,0,0,0,0,0	124	70
173263	216	504	366	169	184	66	34	6	3415	177	346	408	303	2	60	4445	628	911	0,0,0,0,0,0	32585	23	140	20399	228	0	19459,17969,17969,12433,12433,12433,12433	3	21	20045,0,0,0,0,0,0	122	92
173362	221	497	352	177	166	64	31	7	3343	179	347	417	256	4	45	4503	608	900	0,0,0,0,0,0	32800	33	145	20544	229	0	19584,18069,18069,12438,12438,12438,12438	3	17	20190,0,0,0,0,0,0	117	121
173406	241	480	366	166	160	61	31	6	3295	183	351	408	298	0	49	4255	571	934	0,0,0,0,0,0	32350	25	163	20705	231	0	19728,18193,18193,12480,12480,12480,12480	3	25	20351,0,0,0,0,0,0	113	142
173495	224	514	346	149	153	54	30	6	3235	185	355	402	299	4	47	3944	550	920	0,0,0,0,0,0	39181	27	140	20843	233	0	19849,18291,18291,12490,12490,12490,12490	3	14	20490,0,0,0,0,0,0	108	163
173578	211	490	356	154	157	49	31	6	3169	187	358	419	238	0	40	4077	531	917	0,0,0,0,0,0	38599	151	126	20967	235	0	19967,18388,18388,12500,12500,12500,12500	3	5	20614,0,0,0,0,0,0	109	299
173639	222	490	338	157	164	50	28	7	3100	190	361	451	254	1	40	4136	508	941	0,0,0,0,0,0	27219	145	160	21125	240	0	20114,18513,18513,12535,12535,12535,12535	3	20	20773,0,0,0,0,0,0	104	423
173683	244	486	307	167	142	52	26	8	3073	193	365	440	246	3	47	3914	515	909	0,0,0,0,0,0	26821	119	161	21283	243	0	20266,18644,18644,12579,12579,12579,12579	3	16	20931,0,0,0,0,0,0	101	525
173753	244	468	328	166	138	52	24	7	3002	195	369	439	257	3	50	3811	522	898	0,0,0,0,0,0	26676	111	143	21424	245	0	20398,18755,18755,12602,12602,12602,12602	3	12	21072,0,0,0,0,0,0	99	620
173821	254	451	339	172	145	47	23	7	2921	195	371	436	266	4	42	3484	519	912	0,0,0,0,0,0	26770	135	154	21577	247	0	20542,18877,18877,12631,12631,12631,12631	3	20	21225,0,0,0,0,0,0	98	733
173895	234	465	337	166	142	50	23	7	2858	196	373	433	223	2	38	3555	520	897	0,0,0,0,0,0	26376	114	141	21718	248	0	20673,18985,18985,12650,12650,12650,12650	3	17	21366,0,0,0,0,0,0	88	829
173963	217	455	340	164	137	57	22	9	2808	197	377	429	307	2	42	3150	518	874	0,0,0,0,0,0	38261	141	122	21838	251	0	20787,19080,19080,12665,12665,12665,12665	2	11	21487,0,0,0,0,0,0	93	954
174059	195	511	318	166	129	52	17	7	2711	202	379	412	205	1	46	3172	516	872	0,0,0,0,0,0	37830	140	138	21977	252	0	20959,19228,19228,12695,12695,12695,12695	2	14	21626,0,0,0,0,0,0	94	1075
174118	204	474	328	168	142	53	16	8	2650	203	382	421	234	1	36	3158	493	892	0,0,0,0,0,0	26169	160	141	22118	253	0	21129,19378,19378,12741,12741,12741,12741	2	13	21767,0,0,0,0,0,0	88	1211
174136	226	470	313	160	147	51	17	7	2630	205	384	448	278	7	51	3065	482	902	0,0,0,0,0,0	26108	133	162	22277	256	0	21307,19539,19539,12810,12810,12810,12810	2	20	21926,0,0,0,0,0,0	89	1317
174167	240	458	315	151	152	57	19	9	2588	205	385	436	267	3	48	3121	506	886	0,0,0,0,0,0	26142	152	155	22428	260	0	21476,19689,19689,12869,12869,12869,12869	2	16	22077,0,0,0,0,0,0	86	1442
174180	260	481	301	155	149	61	19	9	2536	206	389	462	272	2	41	3199	512	914	0,0,0,0,0,0	26191	155	171	22597	262	0	21674,19869,19869,12951,12951,12951,12951	2	15	22247,0,0,0,0,0,0	93	1571
174183	274	502	301	153	143	57	19	8	2508	206	392	438	265	4	44	3224	505	944	0,0,0,0,0,0	26180	146	174	22768	266	0	21865,20042,20042,13035,13035,13035,13035	2	17	22418,0,0,0,0,0,0	100	1683
174227	251	516	292	157	133	52	17	8	2493	207	393	427	230	1	38	3135	495	923	0,0,0,0,0,0	38137	159	127	22894	269	0	22020,20180,20180,13081,13081,13081,13081	2	9	22544,0,0,0,0,0,0	95	1815
174296	202	502	326	161	135	47	18	6	2449	209	395	421	252	2	40	3170	500	891	0,0,0,0,0,0	37973	54	118	23008	274	0	22163,20305,20305,13108,13108,13108,13108	2	12	22658,0,0,0,0,0,0	87	1859
174285	221	501	328	158	129	48	19	6	2438	209	404	446	253	0	47	3469	494	910	0,0,0,0,0,0	26577	57	161	23167	278	0	22362,20488,20488,13201,13201,13201,13201	2	19	22817,0,0,0,0,0,0	85	1909
174321	211	498	335	149	139	45	19	5	2408	211	405	462	239	3	36	3420	489	907	0,0,0,0,0,0	26593	76	143	23298	290	0	22512,20621,20621,13246,13246,13246,13246	2	14	22948,0,0,0,0,0,0	79	1965
174335	210	487	323	159	146	44	18	5	2398	214	407	465	260	3	47	3486	501	886	0,0,0,0,0,0	26366	59	148	23444	294	0	22688,20780,20780,13314,13314,13314,13314	2	19	23094,0,0,0,0,0,0	79	2015
174335	218	488	338	159	155	44	19	3	2365	215	407	476	244	2	52	3490	536	885	0,0,0,0,0,0	26724	72	165	23608	296	0	22881,20957,20957,13399,13399,13399,13399	2	22	23258,0,0,0,0,0,0	80	2070
174343	212	488	343	153	151	40	19	2	2368	216	411	487	239	0	51	3356	523	883	0,0,0,0,0,0	26377	76	142	23750	297	0	23049,21110,21110,13466,13466,13466,13466	2	18	23400,0,0,0,0,0,0	73	2132
174355	209	490	332	135	147	45	20	3	2380	217	413	472	321	1	42	3072	515	863	0,0,0,0,0,0	38039	57	127	23878	299	0	23210,21257,21257,13530,13530,13530,13530	2	12	23528,0,0,0,0,0,0	77	2172
174399	208	461	324	127	153	44	24	2	2369	217	418	489	238	0	46	2993	505	836	0,0,0,0,0,0	37951	186	116	23995	300	0	23338,21369,21369,13561,13561,13561,13561	2	5	23645,0,0,0,0,0,0	84	2326
174416	204	459	320	118	152	48	23	3	2365	218	420	503	336	1	47	3155	500	824	0,0,0,0,0,0	26197	203	142	24132	305	0	23481,21497,21497,13611,13611,13611,13611	2	14	23782,0,0,0,0,0,0	90	2499
174438	200	441	331	127	151	50	22	3	2336	221	426	496	251	1	41	3195	495	827	0,0,0,0,0,0	26336	181	139	24267	309	0	23632,21631,21631,13661,13661,13661,13661	2	8	23918,0,0,0,0,0,0	89	2649
174477	203	429	313	124	146	47	22	3	2329	221	432	479	264	3	42	3026	468	816	0,0,0,0,0,0	26076	189	128	24388	316	0	23764,21747,21747,13694,13694,13694,13694	2	11	24039,0,0,0,0,0,0	92	2794
174505	192	429	306	124	136	45	21	3	2326	224	435	468	269	2	43	3071	487	766	0,0,0,0,0,0	26339	204	122	24507	319	0	23898,21866,21866,13733,13733,13733,13733	2	15	24158,0,0,0,0,0,0	90	2968
174526	203	430	301	127	137	45	21	1	2292	225	438	486	268	5	36	3483	477	787	0,0,0,0,0,0	26121	203	147	24653	321	0	24057,22009,22009,13789,13789,13789,13789	2	19	24304,0,0,0,0,0,0	100	3123
174552	203	417	302	135	127	48	21	1	2271	226	443	493	268	1	29	3571	442	811	0,0,0,0,0,0	38637	197	123	24776	323	0	24188,22125,22125,13830,13830,13830,13830	2	14	24427,0,0,0,0,0,0	98	3283
174573	198	415	297	127	142	44	22	2	2254	226	446	506	240	1	38	3650	438	807	0,0,0,0,0,0	38263	155	122	24897	324	0	24400,22322,22322,13912,13912,13912,13912	2	10	24548,0,0,0,0,0,0	100	3398
174579	212	417	303	126	139	45	23	2	2224	227	449	503	298	3	54	3880	448	817	0,0,0,0,0,0	26988	195	131	25025	328	0	24621,22531,22531,14006,14006,14006,14006	2	15	24676,0,0,0,0,0,0	98	3545
174552	227	449	298	126	130	46	23	4	2212	227	452	476	270	4	43	3896	444	855	3,0,0,0,0,0	27111	157	120	25183	334	0	24856,22753,22753,14121,14121,14121,14121	2	10	24794,43,0,0,0,0,0	102	3671
174526	252	462	303	133	125	47	21	4	2188	228	457	486	223	3	33	3731	412	931	6,0,0,0,0,0	26854	179	147	25368	339	0	25114,22995,22995,14250,14250,14250,14250	2	15	24931,94,0,0,0,0,0	94	3810
174461	284	486	309	132	124	46	22	3	2191	229	459	501	245	1	53	3818	425	978	11,0,0,0,0,0	26875	169	166	25566	346	0	25403,23272,23272,14412,14412,14412,14412	2	12	25066,160,0,0,0,0,0	93	3944
174400	313	512	312	132	116	47	21	5	2199	229	460	530	305	2	43	3947	448	1005	14,0,0,0,0,0	26771	176	156	25753	354	0	25664,23521,23521,14559,14559,14559,14559	2	13	25196,220,0,0,0,0,0	95	4075
174377	316	558	299	139	125	49	19	6	2163	232	463	527	149	0	35	3835	445	1060	18,0,0,0,0,0	38812	161	151	25932	362	0	25929,23771,23771,14690,14690,14690,14690	2	10	25301,297,0,0,0,0,0	98	4201
174361	292	591	298	143	138	46	16	6	2154	236	465	527	253	2	46	3592	428	1096	23,0,0,0,0,0	38460	123	133	26101	365	0	26166,23994,23994,14802,14802,14802,14802	2	9	25391,378,0,0,0,0,0	103	4289
174305	297	601	339	155	133	48	18	5	2138	237	470	516	91	0	59	3245	471	1120	26,0,0,0,0,0	26704	133	190	26285	371	0	26435,24252,24251,14949,14949,14949,14949	1	9	25502,454,0,0,0,0,0	91	4397
174241	300	637	349	156	145	49	16	5	2136	241	471	535	259	1	56	3899	512	1140	28,0,0,0,0,0	26451	120	215	26491	381	0	26703,24507,24506,15100,15100,15100,15100	1	10	25630,536,0,0,0,0,0	87	4496
174148	345	627	361	155	150	52	17	5	2168	243	475	539	306	3	52	3868	523	1184	33,0,0,0,0,0	27075	104	228	26716	387	0	27010,24802,24801,15285,15285,15285,15285	1	9	25744,651,0,0,0,0,0	88	4579
174059	357	652	362	170	160	47	19	5	2193	244	478	540	255	2	54	4294	534	1233	36,0,0,0,0,0	27269	123	235	26948	391	0	27317,25097,25096,15468,15468,15468,15468	2	14	25863,767,0,0,0,0,0	98	4665
173970	362	688	366	202	175	47	22	3	2185	246	480	548	280	5	69	4460	596	1266	39,0,0,0,0,0	27719	141	243	27187	397	0	27627,25394,25392,15654,15654,15654,15654	2	19	25976,897,0,0,0,0,0	98	4767
173917	356	682	403	194	182	48	25	3	2207	248	481	509	252	1	61	4449	646	1244	40,0,0,0,0,0	39148	149	196	27384	400	0	27899,25655,25652,15804,15804,15804,15804	2	10	26083,989,0,0,0,0,0	99	4882
173830	336	704	412	189	196	52	29	3	2264	250	481	493	325	0	56	4572	670	1248	42,0,0,0,0,0	39273	283	215	27596	404	0	28139,25886,25882,15952,15952,15952,15952	1	14	26195,1091,0,0,0,0,0	108	5106
173698	363	749	401	203	198	52	29	3	2315	252	483	527	232	3	63	4667	704	1291	45,0,0,0,0,0	27562	309	264	27853	412	0	28433,26170,26165,16146,16146,16146,16146	2	21	26307,1241,0,0,0,0,0	112	5341
173591	359	742	451	196	217	55	30	3	2362	254	486	506	320	2	73	4967	720	1330	47,0,0,0,0,0	27979	289	254	28100	419	0	28714,26440,26433,16322,16322,16322,16322	2	23	26402,1396,0,0,0,0,0	113	5550
173453	407	740	470	209	219	55	30	3	2411	257	492	502	245	3	75	5234	751	1379	49,0,0,0,0,0	28117	288	275	28367	428	0	29010,26725,26717,16519,16519,16519,16519	2	17	26525,1545,0,0,0,0,0	118	5759
173328	432	762	485	208	215	57	28	3	2474	260	494	498	251	3	74	5207	767	1420	52,0,0,0,0,0	28473	297	275	28633	437	0	29305,27012,27001,16712,16712,16712,16712	2	20	26631,1710,0,0,0,0,0	113	5961
173178	436	829	492	213	233	60	30	3	2512	261	499	514	247	6	64	4692	787	1506	55,0,0,0,0,0	28163	303	305	28930	447	0	29642,27338,27326,16938,16938,16938,16938	2	24	26715,1927,0,0,0,0,0	115	6160
173096	423	836	503	245	234	62	28	4	2549	264	502	498	298	0	72	5213	830	1501	56,0,0,0,0,0	39622	274	250	29176	452	0	29918,27603,27588,17103,17103,17103,17103	2	25	26808,2082,0,0,0,0,0	125	6339
173002	405	858	516	262	241	66	27	4	2596	266	503	480	238	3	52	5149	809	1566	57,0,0,0,0,0	39702	593	260	29428	460	0	30281,27958,27940,17317,17317,17317,17317	2	18	26891,2253,0,0,0,0,0	133	6724
172838	439	893	505	254	236	68	25	3	2710	269	506	465	262	2	88	5137	829	1591	60,0,0,0,0,0	28196	607	315	29735	468	0	30706,28376,28355,17594,17594,17594,17594	2	29	26977,2480,0,0,0,0,0	121	7117
172713	471	894	505	275	241	71	27	3	2768	269	509	425	307	4	71	5303	850	1634	61,0,0,0,0,0	28230	623	301	30032	473	0	31104,28767,28741,17839,17839,17839,17839	2	21	27067,2691,0,0,0,0,0	129	7665
172552	487	921	541	260	244	80	28	5	2848	270	510	449	259	5	78	5478	857	1704	63,0,0,0,0,0	28326	569	325	30343	489	0	31517,29176,29146,18113,18113,18113,18113	2	25	27157,2922,0,0,0,0,0	125	8165
172370	542	919	570	271	267	80	29	3	2906	274	515	480	274	3	98	5816	907	1771	66,0,0,0,0,0	28677	591	345	30674	504	0	31957,29611,29576,18407,18407,18407,18407	2	26	27228,3194,0,0,0,0,0	153	8678
172207	534	981	576	269	272	84	34	3	2994	276	516	466	251	5	92	5921	909	1841	68,0,0,0,0,0	28688	608	337	30998	519	0	32378,30028,29988,18686,18686,18686,18686	2	33	27296,3463,0,0,0,0,0	145	9203
172076	537	980	609	253	296	87	35	2	3072	278	521	471	323	7	80	5883	920	1877	69,0,0,0,0,0	40456	576	318	31316	523	0	32791,30438,30391,18948,18948,18948,18948	2	18	27372,3707,0,0,0,0,0	160	9715
171966	517	1034	630	245	285	88	36	2	3139	280	524	452	223	5	82	5790	927	1908	70,0,0,0,0,0	39929	822	316	31616	542	0	33242,30886,30832,19217,19217,19217,19217	2	23	27437,3954,0,0,0,0,0	175	10448
171794	527	1091	657	261	286	90	39	3	3189	283	526	467	290	2	87	5838	962	1989	73,0,0,0,0,0	28801	766	382	31978	565	0	33769,31412,31350,19553,19553,19553,19553	2	32	27498,4269,0,0,0,0,0	173	11110
171571	567	1146	658	278	287	97	38	5	3286	285	528	476	312	3	99	5790	983	2088	74,0,0,0,0,0	28899	742	420	32384	580	0	34389,32032,31961,19958,19958,19958,19958	3	26	27579,4605,0,0,0,0,0	175	11758
171332	609	1159	679	295	316	94	39	7	3399	286	531	465	307	4	100	6189	1043	2148	76,0,0,0,0,0	28935	770	417	32787	596	0	35000,32642,32564,20367,20367,20367,20367	3	17	27649,4953,0,0,0,0,0	175	12415
171122	667	1186	670	328	324	94	40	6	3486	289	534	456	302	5	105	6495	1088	2221	78,0,0,0,0,0	29095	806	431	33203	616	0	35616,33260,33172,20768,20768,20768,20768	3	29	27711,5323,0,0,0,0,0	167	13091
170860	678	1291	687	334	316	90	47	7	3612	289	535	462	284	5	103	6922	1105	2338	80,0,0,0,0,0	29648	752	462	33646	640	0	36263,33907,33811,21209,21209,21209,21209	3	26	27761,5732,0,0,0,0,0	177	13724
170649	668	1336	737	347	332	96	45	9	3701	290	536	463	263	7	88	6899	1111	2450	81,0,0,0,0,0	41357	817	422	34055	656	0	36867,34513,34407,21605,21605,21605,21605	3	23	27817,6097,0,0,0,0,0	185	14421
170439	656	1405	752	387	324	94	45	8	3804	295	537	455	305	4	110	6826	1135	2528	82,0,0,0,0,0	41085	865	445	34481	677	0	37554,35203,35085,22040,22040,22040,22040	2	15	27875,6480,0,0,0,0,0	187	15158
170184	702	1427	784	381	348	91	50	6	3937	298	538	435	209	7	107	7097	1179	2604	83,0,0,0,0,0	46202	901	489	34960	691	0	38273,35927,35796,22510,22510,22510,22510	2	24	27926,6918,0,0,0,0,0	181	15912
169972	705	1434	825	393	384	94	46	8	4039	304	542	441	287	8	149	7667	1285	2596	85,0,0,0,0,0	46459	902	448	35393	709	0	38940,36596,36453,22929,22929,22929,22929	2	27	27963,7326,0,0,0,0,0	192	16677
169787	677	1454	880	421	385	93	55	9	4134	305	546	456	242	7	143	8380	1405	2560	86,0,0,0,0,0	46668	939	441	35818	726	0	39588,37248,37091,23329,23329,23329,23329	3	28	28000,7727,0,0,0,0,0	196	17462
169552	692	1498	902	423	396	108	58	13	4249	307	548	463	270	9	131	8471	1453	2624	86,0,0,0,0,0	47571	927	486	36280	752	0	40280,37949,37778,23777,23777,23777,23777	3	41	28044,8164,0,0,0,0,0	212	18238
169391	683	1465	938	418	400	107	65	15	4407	307	550	466	310	7	149	8754	1478	2598	88,0,0,0,0,0	47588	842	441	36697	776	0	40922,38600,38412,24164,24164,24164,24164	3	21	28074,8570,0,0,0,0,0	231	18937
169270	671	1394	926	449	434	118	64	15	4539	310	556	433	337	5	119	8840	1487	2569	89,0,0,0,0,0	71595	843	393	37077	794	0	41558,39245,39040,24531,24531,24531,24531	3	17	28097,8939,0,0,0,0,0	239	19639
169225	598	1335	908	462	455	125	65	13	4684	316	560	434	261	6	127	8437	1463	2485	89,0,0,0,0,0	72079	651	327	37392	810	0	42172,39871,39648,24848,24848,24848,24848	2	17	28122,9238,0,0,0,0,0	230	20179
169073	624	1339	900	462	457	131	68	14	4798	319	561	428	301	5	160	8734	1495	2486	90,0,0,0,0,0	47463	639	450	37822	833	0	42912,40626,40383,25282,25282,25282,25282	2	22	28138,9668,0,0,0,0,0	238	20707
168882	663	1366	885	455	422	136	76	14	4964	321	562	436	291	7	142	9238	1500	2503	91,0,0,0,0,0	47765	645	463	38262	860	0	43653,41382,41120,25733,25733,25733,25733	3	30	28168,10098,0,0,0,0,0	254	21217
168742	691	1360	851	474	429	132	81	17	5079	325	565	416	300	8	142	9268	1493	2525	91,0,0,0,0,0	47861	684	448	38684	887	0	44384,42128,41845,26156,26156,26156,26156	3	28	28196,10511,0,0,0,0,0	249	21766
168588	698	1413	841	451	439	132	72	20	5190	332	570	402	309	4	125	8951	1482	2564	92,0,0,0,0,0	48084	673	469	39121	921	0	45119,42883,42578,26595,26595,26595,26595	3	34	28220,10949,0,0,0,0,0	260	22298
168416	729	1417	861	474	420	131	76	22	5292	334	574	383	273	9	135	8805	1461	2647	92,0,0,0,0,0	47557	641	470	39559	955	0	45824,43607,43282,27027,27027,27027,27027	3	26	28239,11397,0,0,0,0,0	240	22798
168399	680	1381	892	477	380	133	81	19	5392	337	575	417	270	11	122	8174	1410	2614	93,0,0,0,0,0	71189	633	339	39873	983	0	46402,44208,43859,27320,27320,27320,27320	2	16	28252,11723,0,0,0,0,0	261	23298
168368	607	1392	884	443	399	138	81	18	5495	340	581	402	330	9	114	8166	1375	2569	93,0,0,0,0,0	71580	940	350	40200	1007	0	47002,44835,44462,27645,27645,27645,27645	2	7	28271,12047,0,0,0,0,0	267	24083
168254	640	1393	865	433	421	138	83	16	5574	345	584	400	337	4	150	8450	1365	2608	93,0,0,0,0,0	47293	881	458	40635	1031	0	47712,45574,45175,28063,28063,28063,28063	2	17	28289,12483,0,0,0,0,0	261	24814
168152	694	1399	862	422	432	144	78	18	5606	350	589	385	244	7	150	8651	1401	2630	94,0,0,0,0,0	47582	977	456	41065	1059	0	48461,46342,45918,28462,28462,28462,28462	2	22	28305,12915,0,0,0,0,0	260	25641
168038	676	1399	895	392	451	140	72	18	5715	359	591	387	278	5	147	8616	1379	2646	94,0,0,0,0,0	47615	853	433	41459	1098	0	49178,47081,46634,28851,28851,28851,28851	2	29	28320,13329,0,0,0,0,0	246	26334
167943	699	1380	877	395	445	141	71	17	5820	365	593	386	324	11	156	8343	1346	2662	94,0,0,0,0,0	47597	943	452	41881	1129	0	49917,47842,47369,29242,29242,29242,29242	2	27	28338,13756,0,0,0,0,0	246	27103
167846	718	1401	881	393	440	142	70	14	5876	371	594	398	244	11	121	8352	1304	2741	95,0,0,0,0,0	47402	860	471	42329	1155	0	50667,48620,48116,29645,29645,29645,29645	2	27	28356,14208,0,0,0,0,0	246	27792
167856	668	1352	899	430	450	136	69	19	5897	372	598	399	326	9	120	8140	1335	2669	95,0,0,0,0,0	71230	849	351	42657	1182	0	51287,49266,48734,29929,29929,29929,29929	2	16	28365,14545,0,0,0,0,0	254	28468
167895	613	1356	883	422	428	142	69	18	5941	378	601	405	311	8	137	8172	1295	2618	96,0,0,0,0,0	71014	1090	355	42985	1210	0	52088,50098,49534,30284,30284,30284,30284	2	19	28370,14889,0,0,0,0,0	257	29354
167863	579	1404	867	399	409	138	68	16	6016	383	604	402	248	5	181	8421	1309	2555	96,0,0,0,0,0	47233	1033	422	43374	1244	0	52906,50945,50350,30680,30680,30680,30680	2	30	28374,15298,0,0,0,0,0	252	30155
167763	618	1395	909	400	410	146	65	17	6032	386	605	407	311	5	131	8629	1299	2644	96,0,0,0,0,0	47544	1080	477	43824	1271	0	53814,51882,51256,31154,31154,31154,31154	2	25	28382,15761,0,0,0,0,0	242	31010
167668	650	1369	901	433	417	143	64	16	6084	391	610	407	265	9	136	8727	1322	2655	96,0,0,0,0,0	47251	1123	445	44246	1298	0	54648,52743,52089,31590,31590,31590,31590	2	19	28394,16188,0,0,0,0,0	246	31869
167585	643	1404	894	438	439	143	60	15	6116	398	611	404	351	12	139	8045	1330	2691	97,0,0,0,0,0	47453	1067	448	44668	1328	0	55526,53652,52968,32044,32044,32044,32044	2	19	28401,16628,0,0,0,0,0	243	32697
167513	681	1370	893	435	455	132	57	13	6180	405	612	422	268	7	142	8317	1317	2706	97,0,0,0,0,0	47094	1079	438	45076	1359	0	56330,54486,53772,32457,32457,32457,32457	2	30	28407,17054,0,0,0,0,0	232	33488
167535	643	1338	913	411	462	131	58	17	6213	409	616	412	309	9	138	8343	1292	2664	97,0,0,0,0,0	71016	1099	359	45410	1386	0	57084,55272,54526,32797,32797,32797,32797	2	11	28413,17402,0,0,0,0,0	227	34319
167613	579	1303	861	424	462	126	56	17	6270	414	621	397	307	4	136	8379	1293	2518	97,0,0,0,0,0	71329	1341	316	45708	1406	0	57885,56106,55327,33129,33129,33129,33129	2	23	28418,17711,0,0,0,0,0	233	35361
167651	579	1285	877	413	441	120	55	18	6265	418	624	396	261	9	146	8807	1319	2451	97,0,0,0,0,0	47522	1299	381	46055	1440	0	58715,56971,56158,33496,33496,33496,33496	2	20	28426,18079,0,0,0,0,0	219	36359
167623	610	1278	860	398	448	120	52	17	6294	422	624	411	318	3	133	8568	1310	2456	97,0,0,0,0,0	47715	1366	419	46449	1467	0	59605,57894,57049,33918,33918,33918,33918	2	20	28430,18489,0,0,0,0,0	219	37409
167644	626	1222	851	398	432	123	57	16	6325	425	627	413	250	7	137	8698	1269	2440	98,0,0,0,0,0	47600	1316	371	46802	1488	0	60465,58790,57911,34307,34307,34307,34307	2	21	28435,18854,0,0,0,0,0	212	38384
167682	600	1178	852	405	424	122	51	18	6351	431	632	395	281	4	110	8382	1223	2409	98,0,0,0,0,0	39545	1427	354	47131	1513	0	61298,59654,58743,34666,34666,34666,34666	2	22	28437,19202,0,0,0,0,0	214	39470
167750	618	1153	814	391	413	125	49	18	6345	435	635	406	246	6	131	8169	1169	2394	98,0,0,0,0,0	39299	1361	376	47489	1533	0	62115,60510,59561,35012,35012,35012,35012	2	14	28441,19573,0,0,0,0,0	212	40479
167882	578	1165	820	362	395	124	53	17	6276	438	636	419	254	5	117	8085	1133	2364	98,0,0,0,0,0	41623	1360	311	47787	1553	0	62876,61307,60322,35302,35302,35302,35302	2	17	28443,19885,0,0,0,0,0	217	41474
168032	518	1169	801	364	380	123	49	15	6215	442	638	410	241	3	109	7910	1079	2325	98,0,0,0,0,0	41587	1096	285	48060	1568	0	63619,62087,61064,35560,35560,35560,35560	2	16	28445,20168,0,0,0,0,0	211	42278
168071	524	1145	776	355	386	115	54	15	6223	444	638	424	298	6	130	7995	1075	2280	98,0,0,0,0,0	39137	1083	349	48384	1595	0	64408,62910,61854,35887,35887,35887,35887	2	14	28445,20509,0,0,0,0,0	197	43056
168103	548	1116	798	342	375	118	51	19	6187	448	641	426	313	4	113	7682	1054	2294	98,0,0,0,0,0	38948	1142	354	48717	1617	0	65220,63758,62668,36230,36230,36230,36230	2	15	28449,20854,0,0,0,0,0	198	43851
168152	536	1139	778	357	376	112	51	17	6129	451	648	409	281	2	122	7205	1064	2285	98,0,0,0,0,0	38481	1057	347	49045	1638	0	66027,64599,63474,36565,36565,36565,36565	2	23	28451,21197,0,0,0,0,0	187	44579
168201	525	1123	778	343	363	112	50	18	6126	456	651	413	290	2	93	7208	998	2296	98,0,0,0,0,0	38366	1092	328	49357	1658	0	66834,65439,64282,36897,36897,36897,36897	2	16	28455,21519,0,0,0,0,0	185	45279
168289	500	1133	780	330	351	103	49	16	6082	459	654	408	262	5	123	7406	984	2262	98,0,0,0,0,0	38483	1090	315	49659	1672	0	67597,66237,65045,37191,37191,37191,37191	2	17	28457,21832,0,0,0,0,0	174	45991
168428	486	1030	796	353	354	99	47	15	6019	461	658	410	319	4	89	6752	936	2229	99,0,0,0,0,0	40922	1107	264	49904	1692	0	68296,66972,65745,37431,37431,37431,37431	2	12	28459,22093,0,0,0,0,0	171	46728
168604	425	1010	782	359	330	98	47	13	5952	465	661	407	267	4	90	6836	924	2127	99,0,0,0,0,0	39998	880	246	50135	1707	0	68999,67714,66451,37645,37645,37645,37645	1	10	28460,22333,0,0,0,0,0	167	47289
168697	427	989	753	342	335	93	43	15	5921	468	663	463	266	5	121	6757	928	2054	99,0,0,0,0,0	31644	910	293	50419	1720	0	69728,68479,67182,37908,37908,37908,37908	1	20	28464,22624,0,0,0,0,0	158	47900
168808	424	954	732	327	314	87	44	13	5909	470	664	419	274	5	120	6620	916	1966	99,0,0,0,0,0	31324	869	255	50652	1744	0	70453,69236,67909,38153,38153,38153,38153	1	15	28466,22872,0,0,0,0,0	156	48467
168972	421	923	706	309	302	84	44	11	5832	475	667	434	268	3	88	6320	851	1938	99,0,0,0,0,0	31356	905	260	50897	1760	0	71109,69933,68569,38348,38348,38348,38348	1	8	28466,23130,0,0,0,0,0	143	49047
169086	413	891	713	310	285	76	46	10	5769	476	671	454	261	5	93	6252	806	1928	99,0,0,0,0,0	31344	928	263	51140	1781	0	71801,70661,69263,38577,38577,38577,38577	1	14	28467,23389,0,0,0,0,0	136	49662
169270	392	848	668	292	280	74	42	9	5715	482	674	475	303	3	95	6418	773	1823	99,0,0,0,0,0	25920	900	205	51328	1799	0	72416,71311,69880,38740,38740,38740,38740	1	2	28468,23590,0,0,0,0,0	130	50252
169472	343	818	662	275	273	73	48	9	5615	482	676	469	285	6	71	6282	723	1769	99,0,0,0,0,0	32440	908	195	51512	1814	0	73018,71949,70485,38895,38895,38895,38895	1	7	28468,23784,0,0,0,0,0	124	50864
169654	292	805	646	258	256	73	45	10	5545	483	679	467	257	3	77	5911	685	1690	99,0,0,0,0,0	32181	1262	194	51696	1825	0	73629,72596,71100,39053,39053,39053,39053	1	7	28469,23973,0,0,0,0,0	131	51779
169801	293	768	616	266	247	64	45	10	5467	486	683	465	236	4	99	5693	690	1609	99,0,0,0,0,0	25492	1250	208	51896	1835	0	74245,73246,71720,39230,39230,39230,39230	1	13	28469,24179,0,0,0,0,0	119	52657
169962	295	718	612	242	243	57	41	13	5388	489	686	479	222	5	78	5837	699	1509	99,0,0,0,0,0	25326	1227	199	52081	1851	0	74852,73886,72332,39393,39393,39393,39393	1	6	28469,24375,0,0,0,0,0	115	53555
170163	302	696	566	232	232	55	38	13	5263	495	691	481	234	4	77	5508	685	1436	99,0,0,0,0,0	25382	1247	187	52260	1861	0	75459,74530,72943,39545,39545,39545,39545	1	13	28471,24557,0,0,0,0,0	102	54418
170324	299	649	584	219	225	55	38	16	5145	496	696	475	323	3	68	5193	661	1408	99,0,0,0,0,0	24741	1235	180	52428	1874	0	76070,75174,73559,39706,39706,39706,39706	1	9	28471,24734,0,0,0,0,0	102	55308
170512	279	613	570	211	227	50	35	17	5035	499	698	470	246	2	55	4687	615	1370	99,0,0,0,0,0	24850	1239	159	52577	1885	0	76631,75771,74127,39843,39843,39843,39843	1	11	28473,24887,0,0,0,0,0	99	56178
170723	229	596	552	192	204	50	32	15	4949	502	702	502	312	3	50	4429	575	1280	99,0,0,0,0,0	28645	1222	126	52692	1897	0	77188,76364,74692,39970,39970,39970,39970	1	7	28473,25010,0,0,0,0,0	93	57006
170936	218	556	540	181	195	50	31	12	4817	504	706	510	306	2	60	4471	562	1209	99,0,0,0,0,0	28659	578	149	52838	1901	0	77945,77156,75455,40188,40188,40188,40188	1	4	28473,25159,0,0,0,0,0	101	57398
171153	214	531	514	182	182	52	29	12	4659	505	713	515	238	0	59	3997	529	1175	99,0,0,0,0,0	23226	618	142	52971	1911	0	78661,77907,76178,40381,40381,40381,40381	1	11	28473,25299,0,0,0,0,0	99	57816
171382	191	497	486	169	169	54	30	12	4535	506	715	525	273	3	55	3954	477	1119	99,0,0,0,0,0	22525	604	108	53076	1914	0	79380,78661,76905,40565,40565,40565,40565	1	7	28474,25405,0,0,0,0,0	95	58239
171576	183	480	461	156	159	49	25	12	4418	510	717	512	327	3	64	3656	457	1056	99,0,0,0,0,0	22773	588	123	53196	1917	0	80092,79404,77624,40766,40766,40766,40766	0	7	28475,25527,0,0,0,0,0	100	58641
171789	162	451	426	169	144	49	24	11	4286	512	723	481	249	3	45	3501	425	1000	99,0,0,0,0,0	22068	588	104	53293	1924	0	80814,80158,78355,40962,40962,40962,40962	0	7	28476,25630,0,0,0,0,0	90	59049
171963	179	413	415	159	138	44	24	11	4161	513	726	488	273	0	42	3229	388	984	99,0,0,0,0,0	22195	631	129	53415	1931	0	81533,80907,79082,41182,41182,41182,41182	0	6	28476,25756,0,0,0,0,0	79	59482
172174	176	397	396	145	119	45	22	12	4019	514	727	493	255	2	43	3322	378	922	99,0,0,0,0,0	27418	531	102	53509	1940	0	82213,81619,79771,41370,41370,41370,41370	0	3	28476,25858,0,0,0,0,0	83	59871
172396	160	386	349	127	116	45	21	13	3889	515	729	484	261	3	34	3299	342	862	99,0,0,0,0,0	27502	777	88	53590	1947	0	82632,82069,80197,41397,41397,41397,41397	0	6	28476,25942,0,0,0,0,0	77	60413
172589	150	337	354	131	115	39	20	14	3748	516	733	462	253	2	40	3307	330	816	99,0,0,0,0,0	16920	846	83	53670	1950	0	83058,82521,80630,41436,41436,41436,41436	0	5	28476,26023,0,0,0,0,0	67	61001
172754	140	299	343	118	106	38	17	13	3662	519	737	476	269	0	40	3037	316	745	99,0,0,0,0,0	16809	798	74	53739	1955	0	83483,82969,81062,41489,41489,41489,41489	0	5	28476,26096,0,0,0,0,0	59	61570
172938	143	266	315	109	99	37	16	12	3552	520	739	484	284	2	25	3069	293	692	99,0,0,0,0,0	16704	779	76	53810	1961	0	83878,83387,81464,41522,41522,41522,41522	0	7	28477,26171,0,0,0,0,0	60	62116
173106	130	259	280	102	95	34	14	10	3449	522	745	494	270	0	24	3158	258	656	99,0,0,0,0,0	16915	816	68	53874	1965	0	84274,83806,81868,41562,41562,41562,41562	0	1	28478,26237,0,0,0,0,0	56	62698
173297	106	259	258	87	90	34	15	8	3320	522	750	490	251	0	34	3094	241	608	99,0,0,0,0,0	16893	769	57	53931	1967	0	84670,84225,82271,41599,41599,41599,41599	0	1	28478,26295,0,0,0,0,0	55	63252
173452	94	253	240	83	82	32	12	9	3213	525	751	493	296	0	24	2940	216	580	99,0,0,0,0,0	27274	788	63	53991	1970	0	85059,84632,82667,41652,41652,41652,41652	0	4	28478,26356,0,0,0,0,0	48	63794
173642	94	234	227	72	76	29	11	9	3069	525	758	474	99	2	16	3133	201	542	99,0,0,0,0,0	27413	1088	61	54050	1972	0	85432,85027,83046,41664,41664,41664,41664	0	2	28478,26416,0,0,0,0,0	46	64575
173810	86	219	238	61	66	25	9	8	2934	526	764	463	303	0	22	2847	188	516	99,0,0,0,0,0	16701	1020	51	54092	1981	0	85831,85444,83450,41691,41691,41691,41691	0	3	28478,26464,0,0,0,0,0	39	65311
173962	90	207	226	61	61	21	10	7	2806	527	768	478	258	1	15	2744	171	505	99,0,0,0,0,0	16560	1072	61	54151	1983	0	86218,85852,83843,41717,41717,41717,41717	0	2	28478,26524,0,0,0,0,0	34	66067
174133	89	179	221	47	62	24	10	7	2679	527	768	505	228	1	21	2403	154	478	99,0,0,0,0,0	16451	1015	49	54197	1986	0	86592,86244,84222,41731,41731,41731,41731	0	1	28478,26572,0,0,0,0,0	32	66791
174285	82	168	216	52	66	22	9	9	2540	527	770	535	265	0	22	2373	158	457	99,0,0,0,0,0	16223	1005	48	54245	1988	0	86995,86664,84631,41764,41764,41764,41764	0	1	28478,26621,0,0,0,0,0	36	67489
174436	78	178	177	46	57	19	9	7	2439	527	773	529	290	0	15	2172	140	424	99,0,0,0,0,0	16096	1104	54	54293	1994	0	87379,87067,85022,41796,41796,41796,41796	0	3	28478,26674,0,0,0,0,0	33	68255
174558	71	176	180	36	52	19	7	7	2339	527	774	501	147	0	20	1791	127	414	99,0,0,0,0,0	21378	1084	44	54336	1996	0	87767,87471,85417,41845,41845,41845,41845	0	0	28479,26717,0,0,0,0,0	29	69051
174699	75	174	164	29	56	15	6	7	2214	527	780	496	241	3	17	1844	131	388	99,0,0,0,0,0	21131	361	57	54388	2001	0	88352,88076,86010,41979,41979,41979,41979	0	2	28479,26773,0,0,0,0,0	24	69297
174803	70	172	157	35	48	14	7	6	2125	527	782	489	257	0	15	1793	121	382	99,0,0,0,0,0	12485	342	50	54434	2005	0	88908,88648,86575,42113,42113,42113,42113	0	2	28479,26820,0,0,0,0,0	22	69519
174932	59	160	153	30	45	14	7	7	2027	527	785	498	240	0	11	1624	114	354	99,0,0,0,0,0	12567	368	33	54466	2006	0	89461,89216,87135,42221,42221,42221,42221	0	2	28479,26852,0,0,0,0,0	21	69768
175047	67	153	138	24	47	16	7	7	1924	527	789	503	79	0	9	1556	110	342	99,0,0,0,0,0	12266	343	41	54506	2007	0	90006,89775,87689,42347,42347,42347,42347	0	3	28479,26893,0,0,0,0,0	24	69999
175136	64	134	134	25	49	13	6	7	1854	528	796	525	229	1	12	1462	92	333	99,0,0,0,0,0	12304	395	33	54538	2008	0	90536,90317,88227,42467,42467,42467,42467	0	1	28479,26926,0,0,0,0,0	22	70254
175232	62	121	132	24	43	14	7	5	1779	529	798	540	253	1	12	1553	91	312	99,0,0,0,0,0	12435	327	31	54566	2011	0	91082,90873,88780,42601,42601,42601,42601	0	3	28479,26956,0,0,0,0,0	21	70467
175313	51	130	118	21	38	12	7	5	1721	529	801	528	243	0	12	1493	90	287	99,0,0,0,0,0	20938	313	29	54594	2012	0	91634,91436,89342,42755,42755,42755,42755	0	0	28479,26984,0,0,0,0,0	23	70679
175441	45	121	117	23	28	8	7	5	1618	529	804	541	90	0	4	1490	69	280	99,0,0,0,0,0	20773	329	26	54620	2014	0	91794,91609,89505,42646,42646,42646,42646	0	0	28479,27011,0,0,0,0,0	19	70897
175549	44	99	119	29	33	7	6	5	1520	529	806	519	92	1	7	1442	64	273	99,0,0,0,0,0	12181	342	28	54644	2018	0	91956,91782,89670,42545,42545,42545,42545	0	5	28479,27039,0,0,0,0,0	20	71130
175619	42	100	122	26	27	7	6	5	1453	529	810	502	251	0	20	1307	82	248	99,0,0,0,0,0	12076	324	33	54676	2019	0	92126,91961,89844,42463,42463,42463,42463	0	3	28479,27071,0,0,0,0,0	19	71341
175715	36	101	118	25	25	7	6	5	1368	529	811	533	252	1	4	1342	72	246	100,0,0,0,0,0	12063	339	26	54699	2023	0	92278,92124,90000,42363,42363,42363,42363	0	2	28479,27096,0,0,0,0,0	17	71562
175784	43	95	118	30	22	6	6	4	1297	529	812	517	147	1	9	922	75	245	100,0,0,0,0,0	11899	344	34	54730	2026	0	92448,92302,90174,42279,42279,42279,42279	0	2	28479,27130,0,0,0,0,0	18	71789
175868	47	96	104	23	18	7	5	3	1226	530	819	514	89	1	3	938	62	238	100,0,0,0,0,0	11765	338	27	54756	2028	0	92610,92473,90339,42194,42194,42194,42194	0	2	28479,27157,0,0,0,0,0	15	72013
175954	49	86	91	24	17	6	3	4	1160	531	821	549	91	0	6	930	56	220	100,0,0,0,0,0	20229	308	22	54777	2029	0	92749,92622,90481,42088,42088,42088,42088	0	0	28479,27179,0,0,0,0,0	12	72212
176035	44	95	81	25	14	7	3	4	1084	531	823	534	91	0	7	817	55	214	100,0,0,0,0,0	20501	168	27	54802	2031	0	92954,92836,90691,42031,42031,42031,42031	0	0	28479,27205,0,0,0,0,0	10	72318
176108	36	105	73	21	12	8	3	4	1021	531	824	527	73	1	2	809	42	216	100,0,0,0,0,0	11596	160	26	54826	2034	0	93175,93066,90918,41985,41985,41985,41985	0	0	28479,27231,0,0,0,0,0	12	72425
176177	36	98	79	19	16	8	3	3	948	531	828	527	80	0	3	601	38	221	100,0,0,0,0,0	11478	184	25	54850	2035	0	93379,93279,91128,41926,41926,41926,41926	0	2	28479,27255,0,0,0,0,0	11	72539
176219	43	85	68	20	15	9	3	2	919	531	832	538	5347	9	7	606	40	203	100,0,0,0,0,0	11477	168	22	54871	2036	0	93583,93491,91338,41880,41880,41880,41880	0	0	28479,27276,0,0,0,0,0	12	72659
176285	39	75	70	23	20	9	2	2	853	532	836	564	2583	2	9	724	54	184	100,0,0,0,0,0	11464	160	17	54887	2037	0	93796,93711,91557,41827,41827,41827,41827	0	1	28479,27293,0,0,0,0,0	11	72774
176326	30	73	65	25	26	7	2	2	817	532	841	583	1461	3	7	558	56	172	100,0,0,0,0,0	11631	160	16	54903	2039	0	94001,93923,91768,41781,41781,41781,41781	0	0	28479,27311,0,0,0,0,0	10	72873
176358	26	68	66	22	20	9	2	1	797	532	845	568	775	1	7	569	51	162	100,0,0,0,0,0	20092	150	16	54919	2039	0	94202,94129,91974,41747,41747,41747,41747	0	2	28479,27327,0,0,0,0,0	9	72963
176396	28	67	61	19	20	10	2	0	764	532	847	603	611	0	8	503	52	155	100,0,0,0,0,0	19861	173	14	54934	2039	0	94446,94379,92227,41731,41731,41731,41731	0	0	28479,27342,0,0,0,0,0	10	73084
176439	23	57	68	22	19	9	1	0	722	533	853	593	2713	2	3	503	49	150	100,0,0,0,0,0	22060	170	11	54945	2039	0	94667,94604,92454,41699,41699,41699,41699	0	1	28479,27353,0,0,0,0,0	10	73206
176479	25	59	66	21	19	8	0	0	677	534	858	578	2693	0	8	510	63	135	100,0,0,0,0,0	22013	179	15	54959	2040	0	94900,94844,92696,41677,41677,41677,41677	0	0	28479,27368,0,0,0,0,0	8	73329
176513	24	51	62	22	18	8	0	0	656	534	858	621	2266	0	7	475	64	121	100,0,0,0,0,0	21973	177	10	54969	2040	0	95125,95073,92928,41647,41647,41647,41647	0	0	28479,27378,0,0,0,0,0	8	73458
176556	17	51	56	16	15	7	0	0	634	534	860	612	1462	0	6	516	59	103	100,0,0,0,0,0	22124	176	6	54976	2040	0	95328,95281,93139,41607,41607,41607,41607	0	0	28479,27385,0,0,0,0,0	7	73579
176597	12	53	49	10	12	7	1	0	610	534	861	581	918	1	3	541	51	93	100,0,0,0,0,0	21994	160	9	54985	2040	0	95557,95513,93375,41591,41591,41591,41591	0	1	28479,27394,0,0,0,0,0	7	73682
176634	18	40	50	11	9	6	1	0	576	534	867	572	1838	0	0	455	41	94	100,0,0,0,0,0	20097	165	13	54998	2040	0	95799,95760,93624,41573,41573,41573,41573	0	0	28479,27407,0,0,0,0,0	6	73774
176669	13	37	45	11	9	6	1	0	551	534	870	576	2241	0	2	339	34	88	100,0,0,0,0,0	19796	193	7	55004	2041	0	95829,95794,93657,41419,41419,41419,41419	0	0	28479,27413,0,0,0,0,0	7	73910
176698	9	37	38	7	5	6	1	0	536	534	875	583	2121	0	2	330	26	77	100,0,0,0,0,0	21933	187	2	55006	2041	0	95849,95816,93679,41263,41263,41263,41263	0	0	28479,27415,0,0,0,0,0	6	74033
176713	10	29	35	7	4	6	1	0	527	534	880	577	1880	1	3	307	21	71	100,0,0,0,0,0	22089	191	7	55012	2042	0	95880,95851,93714,41114,41114,41114,41114	0	0	28479,27422,0,0,0,0,0	7	74157
176748	6	25	35	8	5	5	1	0	497	534	882	594	1379	0	0	264	18	67	100,0,0,0,0,0	21830	184	3	55015	2042	0	95902,95875,93737,40953,40953,40953,40953	0	0	28479,27425,0,0,0,0,0	6	74278
176783	6	21	31	7	5	5	1	0	467	534	886	598	1636	0	3	232	19	57	100,0,0,0,0,0	22017	182	3	55019	2042	0	95931,95908,93770,40799,40799,40799,40799	0	0	28479,27429,0,0,0,0,0	6	74396
176810	7	19	29	8	6	4	1	0	438	534	890	609	2055	0	3	155	19	55	100,0,0,0,0,0	21673	181	8	55026	2043	0	95945,95924,93785,40640,40640,40640,40640	0	0	28479,27436,0,0,0,0,0	5	74513
176840	6	16	25	8	6	3	1	0	415	534	892	618	2147	0	1	198	16	49	100,0,0,0,0,0	19803	176	2	55027	2044	0	95949,95932,93792,40478,40478,40478,40478	0	0	28479,27437,0,0,0,0,0	4	74623
176859	6	18	23	6	4	2	1	0	397	534	896	626	1954	0	2	317	14	46	100,0,0,0,0,0	19858	111	5	55032	2044	0	95973,95959,93820,40330,40330,40330,40330	0	0	28479,27442,0,0,0,0,0	3	74700
176876	4	19	21	5	5	2	1	0	379	534	900	640	1673	0	1	310	12	45	100,0,0,0,0,0	22058	116	4	55036	2044	0	95995,95982,93844,40179,40179,40179,40179	0	0	28479,27446,0,0,0,0,0	4	74775
176905	5	18	19	1	6	2	1	0	350	534	905	646	1673	0	1	315	12	40	100,0,0,0,0,0	22186	103	4	55040	2044	0	96006,95997,93858,40013,40013,40013,40013	0	0	28479,27450,0,0,0,0,0	3	74841
176939	3	12	20	2	6	2	1	0	320	534	907	625	1765	0	1	313	8	38	100,0,0,0,0,0	21915	113	1	55041	2044	0	96020,96014,93874,39852,39852,39852,39852	0	0	28479,27451,0,0,0,0,0	3	74910
176959	3	12	19	1	5	2	0	0	300	535	910	634	1879	0	0	336	7	35	100,0,0,0,0,0	22076	119	3	55044	2044	0	96035,96031,93892,39693,39693,39693,39693	0	0	28479,27454,0,0,0,0,0	2	74983
176975	1	10	14	2	4	1	0	0	286	535	918	607	1945	0	2	323	6	26	100,0,0,0,0,0	21963	106	0	55044	2044	0	96052,96049,93911,39539,39539,39539,39539	0	0	28479,27454,0,0,0,0,0	1	75051
176991	1	6	11	5	3	0	0	0	270	535	924	618	1773	0	1	322	7	19	100,0,0,0,0,0	19796	114	1	55045	2044	0	96058,96057,93920,39386,39386,39386,39386	0	0	28479,27455,0,0,0,0,0	0	75127
177013	2	6	8	5	2	0	0	0	249	535	926	643	1739	0	1	361	7	16	100,0,0,0,0,0	19812	84	2	55047	2044	0	96010,96010,93873,39190,39190,39190,39190	0	0	28479,27457,0,0,0,0,0	0	75182
177027	2	5	7	6	1	0	0	0	232	535	931	632	1729	0	0	262	4	17	100,0,0,0,0,0	21927	99	2	55049	2044	0	95959,95961,93823,38993,38993,38993,38993	0	0	28479,27459,0,0,0,0,0	0	75243
177043	1	5	7	5	0	1	0	0	217	535	932	618	1866	0	1	106	4	15	100,0,0,0,0,0	21720	72	0	55049	2044	0	95905,95908,93770,38791,38791,38791,38791	0	0	28479,27459,0,0,0,0,0	0	75291
177047	0	6	5	5	0	1	0	0	210	535	937	598	1824	0	1	254	5	12	100,0,0,0,0,0	21967	89	1	55050	2044	0	95857,95862,93724,38598,38598,38598,38598	0	0	28479,27460,0,0,0,0,0	1	75344
177065	0	6	3	5	0	0	0	0	193	535	939	587	1875	0	0	252	3	11	100,0,0,0,0,0	21793	82	1	55051	2044	0	95802,95809,93670,38391,38391,38391,38391	0	0	28479,27461,0,0,0,0,0	0	75399
177076	0	4	1	5	2	0	0	0	178	535	945	613	1811	0	0	249	2	10	100,0,0,0,0,0	21873	81	0	55051	2044	0	95747,95754,93616,38196,38196,38196,38196	0	0	28479,27461,0,0,0,0,0	0	75444
177090	0	2	2	3	2	0	0	0	163	535	949	610	1724	0	3	223	2	7	100,0,0,0,0,0	19754	89	0	55051	2044	0	95694,95703,93565,38006,38006,38006,38006	0	0	28479,27461,0,0,0,0,0	0	75495
177096	0	2	2	3	2	0	0	0	151	535	955	622	1815	0	1	248	3	6	100,0,0,0,0,0	19718	94	0	55051	2044	0	95642,95652,93514,37817,37817,37817,37817	0	0	28479,27461,0,0,0,0,0	0	75546
177108	1	2	1	3	2	0	0	0	134	535	960	595	1797	0	1	243	5	4	100,0,0,0,0,0	21783	69	1	55052	2044	0	95590,95602,93463,37623,37623,37623,37623	0	0	28479,27462,0,0,0,0,0	0	75583
177116	1	2	0	3	1	0	0	0	125	535	963	627	1867	0	0	200	4	3	100,0,0,0,0,0	22121	82	0	55052	2044	0	95532,95543,93406,37422,37422,37422,37422	0	0	28479,27462,0,0,0,0,0	0	75634
177125	0	2	1	1	1	0	0	0	113	535	968	590	1828	0	0	198	3	2	100,0,0,0,0,0	21714	76	0	55052	2044	0	95478,95491,93353,37227,37227,37227,37227	0	0	28479,27462,0,0,0,0,0	0	75681
177131	0	0	2	1	1	0	0	0	105	535	971	583	1799	0	0	199	3	1	100,0,0,0,0,0	21576	74	0	55052	2044	0	95420,95434,93297,37027,37027,37027,37027	0	0	28479,27462,0,0,0,0,0	0	75727
177141	0	0	2	0	0	0	0	0	95	535	973	564	1795	0	0	42	1	1	100,0,0,0,0,0	21643	72	0	55052	2044	0	95355,95370,93233,36829,36829,36829,36829	0	0	28479,27462,0,0,0,0,0	0	75772
177145	0	0	2	0	0	0	0	0	87	535	977	568	1777	0	0	39	1	1	100,0,0,0,0,0	19683	84	0	55052	2044	0	95295,95309,93174,36644,36644,36644,36644	0	0	28479,27462,0,0,0,0,0	0	75825
177143	0	1	2	0	0	0	0	0	83	535	982	582	1785	0	0	39	1	2	100,0,0,0,0,0	19425	65	1	55053	2044	0	95247,95261,93127,36466,36466,36466,36466	0	0	28479,27463,0,0,0,0,0	0	75863
177149	0	1	2	0	0	0	0	0	74	535	985	594	1860	0	0	39	1	2	100,0,0,0,0,0	21709	86	0	55053	2044	0	95186,95200,93068,36280,36280,36280,36280	0	0	28479,27463,0,0,0,0,0	0	75916
177149	0	1	2	0	0	0	0	0	67	535	992	599	1833	0	0	6	0	3	100,0,0,0,0,0	21533	86	0	55053	2044	0	95130,95144,93013,36098,36098,36098,36098	0	0	28479,27463,0,0,0,0,0	0	75968
177153	0	0	2	0	0	0	0	0	63	535	993	619	1810	0	0	4	0	2	100,0,0,0,0,0	21670	79	0	55053	2044	0	95072,95086,92956,35913,35913,35913,35913	0	0	28479,27463,0,0,0,0,0	0	76018
177160	0	1	2	0	0	0	0	0	55	535	993	622	1793	0	0	0	0	3	100,0,0,0,0,0	21788	66	1	55054	2044	0	95009,95024,92895,35723,35723,35723,35723	0	0	28479,27464,0,0,0,0,0	0	76055
177168	0	0	3	0	0	0	0	0	45	535	995	638	1828	0	0	0	0	3	100,0,0,0,0,0	21737	64	0	55054	2044	0	94949,94964,92837,35539,35539,35539,35539	0	0	28479,27464,0,0,0,0,0	0	76090
177171	0	0	2	0	0	0	0	0	40	535	998	612	1783	0	0	0	0	2	100,0,0,0,0,0	19537	65	0	55054	2044	0	94895,94910,92784,35365,35365,35365,35365	0	0	28479,27464,0,0,0,0,0	0	76131
177168	0	0	2	0	0	0	0	0	39	535	1002	585	1844	0	0	0	0	2	100,0,0,0,0,0	19443	57	0	55054	2044	0	94818,94832,92707,35181,35181,35181,35181	0	0	28479,27464,0,0,0,0,0	0	76162
177170	0	0	2	0	0	0	0	0	32	535	1007	575	1827	0	0	0	0	2	100,0,0,0,0,0	21484	72	0	55054	2044	0	94743,94757,92633,34997,34997,34997,34997	0	0	28479,27464,0,0,0,0,0	0	76200
177169	0	0	2	0	0	0	0	0	31	535	1009	583	1778	0	0	0	0	2	100,0,0,0,0,0	21746	74	0	55054	2044	0	94661,94676,92552,34808,34808,34808,34808	0	0	28479,27464,0,0,0,0,0	0	76246
177170	0	0	1	0	0	0	0	0	25	535	1015	548	1752	0	0	0	0	1	100,0,0,0,0,0	21507	67	0	55054	2044	0	94584,94599,92476,34625,34625,34625,34625	0	0	28479,27464,0,0,0,0,0	0	76283
177170	0	0	1	0	0	0	0	0	23	535	1017	570	1682	0	0	0	0	1	100,0,0,0,0,0	21576	66	0	55054	2044	0	94499,94514,92392,34435,34435,34435,34435	0	0	28479,27464,0,0,0,0,0	0	76324
177172	0	0	1	0	0	0	0	0	19	535	1019	552	1893	0	0	0	0	1	100,0,0,0,0,0	21465	88	0	55054	2044	0	94416,94430,92309,34248,34248,34248,34248	0	0	28479,27464,0,0,0,0,0	0	76377
177173	0	0	1	0	0	0	0	0	18	535	1019	576	1805	0	0	0	0	1	100,0,0,0,0,0	19206	90	0	55054	2044	0	94339,94354,92234,34071,34071,34071,34071	0	0	28479,27464,0,0,0,0,0	0	76425
177173	0	0	1	0	0	0	0	0	16	535	1021	559	1896	0	0	0	0	1	100,0,0,0,0,0	19467	68	0	55054	2044	0	94249,94263,92144,33891,33891,33891,33891	0	0	28479,27464,0,0,0,0,0	0	76458
177174	0	0	1	0	0	0	0	0	14	535	1022	592	1820	0	0	0	0	1	100,0,0,0,0,0	21641	61	0	55054	2044	0	94163,94176,92059,33714,33714,33714,33714	0	0	28479,27464,0,0,0,0,0	0	76488
177174	0	0	0	0	0	0	0	0	13	535	1024	610	1777	0	0	0	0	0	0,0,0,0,0,0	21677	181	0	55054	2044	118	94070,94083,91966,33530,33530,33530,33530	0	0	28479,27464,0,0,0,0,0	0	76525
177171	0	0	0	0	0	0	0	0	11	535	1029	615	1797	0	0	0	0	0	0,0,0,0,0,0	21611	200	0	55054	2044	243	94008,94022,91906,33413,33413,33413,33413	0	0	28479,27464,0,0,0,0,0	0	76566
177165	0	0	0	0	0	0	0	0	10	535	1036	595	1806	0	0	0	0	0	0,0,0,0,0,0	21742	233	0	55054	2044	406	93948,93962,91847,33296,33296,33296,33296	0	0	28479,27464,0,0,0,0,0	0	76606
177165	0	0	0	0	0	0	0	0	8	535	1038	624	1809	0	0	0	0	0	0,0,0,0,0,0	21508	207	0	55054	2044	545	93900,93914,91800,33202,33202,33202,33202	0	0	28479,27464,0,0,0,0,0	0	76639
177162	0	0	0	0	0	0	0	0	7	535	1042	610	1808	0	0	0	0	0	0,0,0,0,0,0	19489	192	0	55054	2044	670	93852,93865,91753,33109,33109,33109,33109	0	0	28479,27464,0,0,0,0,0	0	76673
177158	0	0	0	0	0	0	0	0	6	535	1047	598	1808	0	0	0	0	0	0,0,0,0,0,0	19614	197	0	55054	2044	808	93793,93806,91695,33010,33010,33010,33010	0	0	28479,27464,0,0,0,0,0	0	76702
177154	0	0	0	0	0	0	0	0	6	535	1051	607	1811	0	0	0	0	0	0,0,0,0,0,0	21681	212	0	55054	2044	950	93728,93740,91631,32908,32908,32908,32908	0	0	28479,27464,0,0,0,0,0	0	76735
177153	0	0	0	0	0	0	0	0	5	535	1053	600	1805	0	0	0	0	0	0,0,0,0,0,0	21799	260	0	55054	2044	1143	93667,93679,91571,32803,32803,32803,32803	0	0	28479,27464,0,0,0,0,0	0	76777
177149	0	0	0	0	0	0	0	0	4	535	1058	568	1849	0	0	0	0	0	0,0,0,0,0,0	21656	261	0	55054	2044	1342	93624,93635,91529,32735,32735,32735,32735	0	0	28479,27464,0,0,0,0,0	0	76810
177146	0	0	0	0	0	0	0	0	3	535	1062	587	1728	0	0	0	0	0	0,0,0,0,0,0	21532	254	0	55054	2044	1538	93573,93585,91480,32658,32658,32658,32658	0	0	28479,27464,0,0,0,0,0	0	76840
177144	0	0	0	0	0	0	0	0	3	535	1064	591	1802	0	0	0	0	0	0,0,0,0,0,0	21360	239	0	55054	2044	1716	93529,93541,91436,32590,32590,32590,32590	0	0	28479,27464,0,0,0,0,0	0	76878
177139	0	0	0	0	0	0	0	0	3	535	1069	600	1803	0	0	0	0	0	0,0,0,0,0,0	19657	255	0	55054	2044	1899	93483,93494,91392,32516,32516,32516,32516	0	0	28479,27464,0,0,0,0,0	0	76918
177130	0	0	0	0	0	0	0	0	3	535	1078	620	1806	0	0	0	0	0	0,0,0,0,0,0	19682	302	0	55054	2044	2134	93433,93443,91342,32454,32454,32454,32454	0	0	28479,27464,0,0,0,0,0	0	76945
177126	0	0	0	0	0	0	0	0	3	535	1082	614	1831	0	0	0	0	0	0,0,0,0,0,0	21606	271	0	55054	2044	2339	93398,93409,91309,32418,32418,32418,32418	0	0	28479,27464,0,0,0,0,0	0	76983
177125	0	0	0	0	0	0	0	0	3	535	1083	588	1808	0	0	0	0	0	0,0,0,0,0,0	21573	237	0	55054	2044	2513	93356,93366,91268,32364,32364,32364,32364	0	0	28479,27464,0,0,0,0,0	0	77016
177120	0	0	0	0	0	0	0	0	3	535	1088	616	1817	0	0	0	0	0	0,0,0,0,0,0	21448	209	0	55054	2044	2675	93306,93316,91219,32296,32296,32296,32296	0	0	28479,27464,0,0,0,0,0	0	77042
177117	0	0	0	0	0	0	0	0	1	535	1093	624	1817	0	0	0	0	0	0,0,0,0,0,0	21590	209	0	55054	2044	2825	93243,93252,91157,32212,32212,32212,32212	0	0	28479,27464,0,0,0,0,0	0	77075
177114	0	0	0	0	0	0	0	0	1	535	1096	621	1772	0	0	0	0	0	0,0,0,0,0,0	21568	239	0	55054	2044	3001	93184,93193,91099,32130,32130,32130,32130	0	0	28479,27464,0,0,0,0,0	0	77108
177109	0	0	0	0	0	0	0	0	1	535	1101	617	1820	0	0	0	0	0	0,0,0,0,0,0	19301	234	0	55054	2044	3165	93137,93146,91053,32066,32066,32066,32066	0	0	28479,27464,0,0,0,0,0	0	77142
177106	0	0	0	0	0	0	0	0	0	535	1105	636	1844	0	0	0	0	0	0,0,0,0,0,0	19529	256	0	55054	2044	3337	93074,93082,90990,31998,31998,31998,31998	0	0	28479,27464,0,0,0,0,0	0	77181
177105	0	0	0	0	0	0	0	0	0	535	1106	659	1817	0	0	0	0	0	0,0,0,0,0,0	21489	237	0	55054	2044	3494	93020,93028,90938,31941,31941,31941,31941	0	0	28479,27464,0,0,0,0,0	0	77220
177102	0	0	0	0	0	0	0	0	0	535	1109	658	1830	0	0	0	0	0	0,0,0,0,0,0	21654	324	0	55054	2044	3736	92960,92967,90878,31870,31870,31870,31870	0	0	28479,27464,0,0,0,0,0	0	77262
177097	0	0	0	0	0	0	0	0	0	535	1114	625	1758	0	0	0	0	0	0,0,0,0,0,0	21479	332	0	55054	2044	3995	92918,92925,90838,31846,31846,31846,31846	0	0	28479,27464,0,0,0,0,0	0	77305
177093	0	0	0	0	0	0	0	0	0	535	1118	655	1832	0	0	0	0	0	0,0,0,0,0,0	21467	343	0	55054	2044	4251	92885,92891,90806,31831,31831,31831,31831	0	0	28479,27464,0,0,0,0,0	0	77344
177093	0	0	0	0	0	0	0	0	0	535	1118	663	1827	0	0	0	0	0	0,0,0,0,0,0	21616	359	0	55054	2044	4543	92857,92863,90780,31816,31816,31816,31816	0	0	28479,27464,0,0,0,0,0	0	77373
177064	13	13	0	0	0	0	0	0	0	535	1121	639	1822	0	0	0	0	26	0,100,0,0,0,0	19663	351	0	55076	2048	4801	92858,92864,90782,31852,31852,31852,31852	0	0	28479,27464,26,0,0,0,0	0	77422
177040	22	20	2	1	1	0	0	0	0	535	1125	676	1803	0	0	0	0	46	0,100,0,0,0,0	19354	478	2	55092	2052	5070	92844,92849,90770,31884,31884,31884,31884	0	0	28479,27464,46,0,0,0,0	1	77516
177006	28	40	8	1	2	0	0	0	0	535	1126	704	1745	0	2	3	2	77	0,100,0,0,0,0	21471	467	2	55119	2058	5355	92836,92840,90763,31922,31922,31922,31922	0	0	28479,27464,79,0,0,0,0	0	77610
176969	35	57	12	1	5	0	0	0	1	535	1131	699	1863	2	1	5	3	107	0,100,0,0,0,0	10122	430	8	55147	2062	5614	92836,92840,90764,31971,31971,31971,31971	0	0	28479,27464,111,0,0,0,0	0	77684
176918	50	65	23	5	7	1	0	0	4	535	1138	704	1915	0	1	10	5	146	0,100,0,0,0,0	10192	509	17	55188	2065	5903	92846,92849,90775,32024,32024,32024,32024	0	0	28479,27464,155,0,0,0,0	0	77787
176864	64	91	25	5	8	0	0	0	12	535	1142	718	1787	1	5	21	9	184	0,100,0,0,0,0	10181	484	18	55234	2069	6185	92858,92860,90789,32087,32087,32087,32087	0	1	28479,27464,205,0,0,0,0	0	77865
176838	58	91	39	9	14	0	0	0	19	535	1143	718	1830	1	3	170	15	196	0,100,0,0,0,0	10381	524	25	55256	2072	6508	92849,92851,90781,32123,32123,32123,32123	0	1	28479,27464,230,0,0,0,0	0	77956
176804	54	105	46	11	15	0	1	0	25	535	1150	700	1744	1	3	185	20	212	0,100,0,0,0,0	19837	498	29	55283	2075	6781	92872,92873,90806,32201,32201,32201,32201	0	2	28479,27464,260,0,0,0,0	1	78068
176781	48	98	60	12	15	0	1	0	39	535	1157	710	1807	0	5	197	25	209	0,100,0,0,0,0	19713	376	18	55299	2077	7064	92884,92884,90819,32256,32256,32256,32256	0	0	28479,27464,278,0,0,0,0	1	78111
176745	50	100	70	14	14	0	1	0	54	535	1163	718	1888	2	7	243	28	221	0,100,0,0,0,0	10462	371	33	55324	2085	7353	92904,92903,90841,32321,32321,32321,32321	0	0	28479,27464,311,0,0,0,0	1	78140
176708	54	109	75	10	14	0	1	0	74	535	1166	720	1821	1	2	402	29	234	0,100,0,0,0,0	10622	340	36	55359	2086	7616	92928,92927,90866,32388,32388,32388,32388	0	1	28479,27464,347,0,0,0,0	1	78167
176669	58	109	81	11	15	0	1	0	97	535	1170	726	2063	0	6	417	34	241	0,100,0,0,0,0	10615	403	37	55393	2089	7924	92957,92955,90897,32455,32455,32455,32455	0	3	28479,27464,384,0,0,0,0	1	78205
176631	63	111	95	11	14	0	1	0	111	535	1174	731	1820	0	2	415	30	265	0,100,0,0,0,0	10641	413	42	55432	2092	8240	92988,92987,90931,32536,32536,32536,32536	0	1	28479,27464,426,0,0,0,0	2	78248
176600	58	99	112	13	16	0	1	0	135	535	1177	704	1812	1	6	427	32	267	0,100,0,0,0,0	10600	341	33	55460	2097	8490	93022,93020,90966,32613,32613,32613,32613	0	1	28479,27464,458,0,0,0,0	2	78290
176570	58	102	113	13	17	1	1	0	155	535	1181	691	1848	3	4	464	38	267	0,100,0,0,0,0	19969	401	33	55489	2101	8797	93051,93049,90997,32671,32671,32671,32671	0	1	28479,27464,490,0,0,0,0	2	78333
176541	57	99	106	22	18	3	1	0	179	535	1185	694	1872	2	7	361	44	262	0,100,0,0,0,0	20042	343	32	55518	2104	9085	93064,93060,91011,32754,32754,32754,32754	0	0	28479,27464,522,0,0,0,0	3	78350
176492	58	122	92	23	18	1	1	0	215	535	1189	688	1891	1	10	487	55	260	0,100,0,0,0,0	10613	341	51	55561	2112	9368	93079,93076,91029,32837,32837,32837,32837	0	0	28479,27464,573,0,0,0,0	3	78363
176452	69	110	113	21	20	3	1	0	231	535	1191	736	1923	0	1	484	55	282	0,100,0,0,0,0	10633	318	47	55604	2116	9632	93088,93085,91040,32912,32912,32912,32912	0	3	28479,27464,619,0,0,0,0	2	78372
176399	86	124	107	24	15	2	1	0	259	535	1194	743	1772	1	8	520	53	306	0,100,0,0,0,0	10660	317	61	55660	2121	9900	93106,93102,91060,32985,32985,32985,32985	0	2	28479,27464,679,0,0,0,0	2	78379
176350	92	128	120	26	23	2	1	0	271	535	1198	767	1813	3	4	346	58	334	0,100,0,0,0,0	10845	316	61	55716	2126	10165	93129,93124,91085,33065,33065,33065,33065	0	2	28479,27464,740,0,0,0,0	3	78388
176300	90	147	122	21	20	3	1	0	305	535	1202	774	1806	2	10	388	57	347	0,100,0,0,0,0	10611	279	56	55767	2131	10404	93149,93144,91108,33136,33136,33136,33136	0	3	28479,27464,796,0,0,0,0	3	78396
176274	81	151	127	20	23	5	2	0	325	535	1203	751	1861	4	9	405	66	343	0,100,0,0,0,0	20032	343	39	55800	2137	10692	93152,93146,91113,33182,33182,33182,33182	0	1	28479,27464,835,0,0,0,0	4	78421
176246	63	167	118	21	26	5	2	0	354	535	1209	759	1894	1	8	458	71	331	0,100,0,0,0,0	19888	354	41	55838	2140	10996	93165,93159,91130,33274,33274,33274,33274	0	0	28479,27464,876,0,0,0,0	6	78445
176200	75	175	122	17	19	5	2	0	382	535	1214	753	2011	3	11	483	67	348	0,100,0,0,0,0	10678	297	64	55893	2149	11242	93193,93186,91161,33382,33382,33382,33382	0	2	28479,27464,940,0,0,0,0	7	78454
176144	85	173	139	22	18	5	2	0	405	535	1218	718	1832	2	5	522	66	378	0,100,0,0,0,0	10700	312	67	55957	2152	11505	93212,93205,91183,33467,33467,33467,33467	0	3	28479,27464,1007,0,0,0,0	7	78471
176111	84	172	142	21	22	5	2	0	430	535	1222	758	1833	1	9	545	65	383	0,100,0,0,0,0	10585	282	53	56000	2162	11743	93218,93210,91192,33540,33540,33540,33540	0	3	28479,27464,1060,0,0,0,0	8	78484
176041	106	189	143	19	27	5	3	0	451	535	1227	758	2015	1	5	557	63	429	0,100,0,0,0,0	10901	315	84	56077	2169	11999	93246,93238,91223,33635,33635,33635,33635	0	1	28479,27464,1143,0,0,0,0	8	78497
175981	114	212	143	23	23	4	2	0	479	536	1229	722	1891	2	9	767	68	453	0,100,0,0,0,0	10828	300	81	56151	2179	12243	93276,93266,91256,33734,33734,33734,33734	0	3	28479,27464,1227,0,0,0,0	7	78506
175934	129	204	149	22	26	4	1	0	509	537	1231	736	1806	1	8	796	72	463	0,100,0,0,0,0	20392	308	76	56221	2185	12501	93315,93304,91299,33828,33828,33828,33828	0	3	28479,27464,1303,0,0,0,0	7	78512
175882	129	216	152	26	31	5	1	0	533	537	1234	750	2013	5	10	901	77	483	0,100,0,0,0,0	20217	348	73	56287	2192	12799	93382,93368,91370,33970,33970,33970,33970	0	0	28479,27464,1375,0,0,0,0	9	78518
175801	134	238	178	27	35	4	1	0	553	537	1238	793	1886	7	9	1005	89	528	0,100,0,0,0,0	11179	286	101	56380	2202	13050	93478,93462,91469,34142,34142,34142,34142	0	4	28479,27464,1477,0,0,0,0	12	78515
175722	154	257	176	28	40	3	1	0	583	537	1245	784	1875	5	14	1088	96	563	0,100,0,0,0,0	11348	295	105	56474	2213	13290	93552,93534,91548,34289,34289,34289,34289	0	3	28479,27464,1582,0,0,0,0	15	78521
175638	180	283	186	30	34	5	3	0	602	537	1248	785	2055	1	13	1143	110	611	0,100,0,0,0,0	11396	273	117	56582	2225	13533	93641,93621,91643,34443,34443,34443,34443	0	6	28479,27464,1702,0,0,0,0	15	78499
175544	179	306	198	31	37	3	2	1	656	537	1252	773	1858	8	14	1299	108	648	0,100,0,0,0,0	11574	295	115	56686	2237	13774	93720,93698,91727,34606,34606,34606,34606	0	7	28479,27464,1817,0,0,0,0	14	78479
175449	190	332	220	33	40	3	3	1	682	537	1256	782	1942	3	8	1340	111	710	0,100,0,0,0,0	11590	272	133	56805	2253	14003	93819,93796,91832,34775,34775,34775,34775	0	6	28479,27464,1952,0,0,0,0	7	78464
175370	184	355	239	36	42	2	3	1	711	538	1265	749	1806	9	14	1242	113	748	0,100,0,0,0,0	20704	267	112	56910	2261	14224	93904,93877,91922,34925,34925,34925,34925	0	4	28479,27464,2065,0,0,0,0	11	78437
175279	187	387	245	40	46	2	3	1	749	538	1269	744	2029	6	18	1222	138	772	0,100,0,0,0,0	20697	258	130	57028	2274	14453	93961,93934,91985,35063,35063,35063,35063	0	9	28479,27464,2196,0,0,0,0	11	78389
175174	207	391	287	40	55	2	3	1	777	538	1271	737	1900	4	22	1545	150	835	0,100,0,0,0,0	11709	253	144	57161	2286	14670	94035,94007,92063,35220,35220,35220,35220	0	7	28479,27464,2341,0,0,0,0	12	78354
175049	245	378	325	49	61	4	3	0	818	538	1276	720	2066	7	19	1544	168	897	0,100,0,0,0,0	11844	273	163	57296	2315	14910	94111,94083,92145,35379,35379,35379,35379	0	6	28479,27464,2504,0,0,0,0	10	78321
174945	258	401	349	60	60	4	3	0	848	538	1280	693	1967	3	27	1728	202	933	0,100,0,0,0,0	11774	304	151	57429	2334	15175	94185,94157,92225,35537,35537,35537,35537	0	5	28479,27464,2656,0,0,0,0	11	78284
174794	267	483	362	58	61	4	5	0	891	538	1283	678	1898	12	17	2068	195	1045	0,100,0,0,0,0	12343	274	198	57609	2353	15419	94308,94279,92355,35754,35754,35754,35754	0	5	28479,27464,2854,0,0,0,0	15	78226
174605	295	530	401	64	60	6	5	0	956	538	1286	693	2000	7	20	2327	207	1154	0,100,0,0,0,0	12511	259	230	57804	2389	15649	94445,94416,92499,35981,35981,35981,35981	0	8	28479,27464,3081,0,0,0,0	14	78179
174453	301	568	419	77	69	6	7	0	1017	538	1291	747	2034	9	12	2137	213	1234	0,100,0,0,0,0	21546	295	198	57981	2410	15908	94556,94527,92615,36181,36181,36181,36181	0	9	28479,27464,3276,0,0,0,0	21	78116
174308	300	593	451	85	70	7	7	0	1092	538	1295	785	1868	7	22	2373	242	1271	0,100,0,0,0,0	21657	283	195	58152	2434	16159	94654,94624,92719,36396,36396,36396,36396	0	13	28479,27464,3471,0,0,0,0	20	78051
174066	345	650	485	91	67	7	6	0	1187	539	1303	754	1927	7	35	2750	257	1394	0,100,0,0,0,0	13002	283	280	58386	2481	16404	94825,94796,92898,36688,36688,36688,36688	0	10	28479,27464,3750,0,0,0,0	28	77999
173811	412	733	500	96	77	7	5	0	1259	540	1306	742	1809	13	31	2862	288	1542	0,100,0,0,0,0	13124	314	325	58674	2519	16677	95021,94992,93101,37006,37006,37006,37006	0	13	28479,27464,4073,0,0,0,0	29	77918
173575	460	770	565	106	93	7	5	0	1315	540	1310	765	1894	15	27	2895	305	1701	0,100,0,0,0,0	13219	313	323	58959	2559	16966	95209,95179,93298,37323,37323,37323,37323	1	16	28479,27464,4397,0,0,0,0	32	77805
173304	478	840	606	114	110	8	5	0	1427	540	1314	773	1984	17	42	3032	333	1828	0,100,0,0,0,0	13273	322	325	59245	2600	17256	95410,95379,93506,37661,37661,37661,37661	1	14	28479,27464,4723,0,0,0,0	25	77706
173057	485	911	634	122	126	7	8	0	1537	540	1319	769	2062	16	37	3225	363	1930	0,100,0,0,0,0	13604	302	321	59533	2633	17518	95611,95581,93716,37988,37988,37988,37988	1	14	28479,27464,5042,0,0,0,0	23	77606
172841	494	924	684	127	129	7	8	0	1668	540	1324	737	2081	16	47	3008	372	2001	0,100,0,0,0,0	22643	299	298	59797	2668	17776	95788,95759,93903,38280,38280,38280,38280	1	13	28479,27464,5339,0,0,0,0	30	77522
172611	486	989	717	134	139	9	6	0	1785	542	1328	744	2011	14	39	3466	398	2082	0,100,0,0,0,0	22712	288	326	60100	2696	18034	95978,95948,94103,38587,38587,38587,38587	1	20	28479,27464,5670,0,0,0,0	27	77391
172302	521	1057	774	146	143	11	6	0	1909	543	1334	698	2040	22	45	3753	417	2241	0,100,0,0,0,0	14007	311	410	60467	2742	18290	96230,96200,94365,38974,38974,38974,38974	1	24	28479,27464,6079,0,0,0,0	28	77267
172016	534	1086	840	147	152	11	12	0	2067	543	1338	704	1968	26	62	4084	476	2306	0,100,0,0,0,0	14114	372	390	60808	2791	18618	96468,96439,94614,39340,39340,39340,39340	1	15	28479,27464,6468,0,0,0,0	29	77145
171675	617	1141	882	151	160	12	9	0	2212	546	1341	691	2066	25	54	4339	528	2444	0,100,0,0,0,0	14317	315	451	61209	2843	18895	96780,96751,94938,39797,39797,39797,39797	1	23	28479,27464,6920,0,0,0,0	37	77015
171333	678	1199	928	158	175	10	8	0	2363	547	1347	684	2028	36	60	4564	546	2610	0,100,0,0,0,0	14750	328	468	61614	2910	19181	97072,97044,95244,40234,40234,40234,40234	1	16	28479,27464,7390,0,0,0,0	48	76862
170978	712	1303	975	179	180	11	7	0	2499	550	1352	664	1926	15	53	5229	614	2753	0,100,0,0,0,0	15413	320	502	62058	2970	19457	97392,97364,95578,40697,40697,40697,40697	2	21	28479,27464,7889,0,0,0,0	39	76689
170688	716	1336	1005	200	199	14	6	0	2676	551	1355	641	1972	21	56	5292	631	2845	0,100,0,0,0,0	24362	307	429	62443	3014	19734	97660,97633,95859,41097,41097,41097,41097	2	35	28479,27464,8315,0,0,0,0	39	76510
170385	692	1413	1100	212	208	11	5	0	2805	553	1362	672	1892	25	69	5493	668	2973	0,100,0,0,0,0	24407	303	464	62855	3070	19992	97936,97910,96152,41515,41515,41515,41515	2	22	28479,27464,8777,0,0,0,0	38	76329
170089	694	1464	1132	212	219	15	5	0	2996	553	1367	657	2061	31	70	5896	695	3046	0,100,0,0,0,0	25663	340	472	63269	3131	20283	98211,98185,96443,41918,41918,41918,41918	2	30	28479,27464,9247,0,0,0,0	38	76144
169778	731	1504	1136	224	232	19	4	0	3189	554	1375	639	2004	34	80	5814	738	3112	0,100,0,0,0,0	26254	326	504	63714	3200	20558	98504,98478,96756,42360,42360,42360,42360	2	29	28479,27464,9759,0,0,0,0	33	75924
169472	774	1509	1190	244	240	22	5	1	3351	554	1384	630	1944	17	75	6105	758	3226	0,100,0,0,0,0	26217	299	509	64153	3273	20820	98785,98759,97056,42783,42783,42783,42783	2	18	28479,27464,10266,0,0,0,0	32	75713
169175	752	1580	1258	247	264	26	7	1	3495	554	1387	642	1955	36	87	6201	767	3367	0,100,0,0,0,0	26198	304	505	64598	3336	21086	99064,99037,97354,43201,43201,43201,43201	2	29	28479,27464,10773,0,0,0,0	39	75489
168867	754	1605	1313	257	256	27	9	1	3711	554	1392	632	2008	34	105	6539	825	3396	0,100,0,0,0,0	26512	285	501	65050	3393	21328	99371,99344,97677,43630,43630,43630,43630	3	25	28479,27464,11277,0,0,0,0	46	75299
168580	749	1592	1363	270	275	28	10	1	3926	555	1397	630	2002	26	62	6833	819	3468	0,100,0,0,0,0	25803	297	484	65483	3448	21584	99655,99629,97980,44034,44034,44034,44034	3	25	28479,27464,11763,0,0,0,0	50	75107
168293	734	1603	1386	288	278	29	13	1	4164	555	1402	641	1983	32	83	6644	832	3499	0,100,0,0,0,0	25753	332	515	65916	3534	21873	99928,99904,98275,44440,44440,44440,44440	3	27	28479,27464,12275,0,0,0,0	55	74904
167988	745	1635	1404	290	292	33	13	1	4383	557	1405	615	2002	33	114	6471	856	3556	0,100,0,0,0,0	26436	300	549	66379	3625	22130	100238,100214,98608,44887,44887,44887,44887	3	32	28479,27464,12821,0,0,0,0	69	74679
167665	812	1673	1394	302	274	31	19	1	4611	557	1407	591	1885	29	103	7058	865	3640	0,100,0,0,0,0	17375	483	600	66898	3710	22568	100591,100568,98985,45356,45356,45356,45356	3	26	28479,27464,13419,0,0,0,0	69	74464
167298	905	1703	1402	318	281	35	22	1	4815	558	1408	593	1881	27	94	6940	909	3757	0,100,0,0,0,0	17200	522	618	67432	3800	23048	100995,100971,99412,45928,45928,45928,45928	3	31	28479,27464,14039,0,0,0,0	78	74222
167025	929	1745	1416	316	283	34	24	1	5003	559	1411	578	2024	38	96	7040	885	3862	0,100,0,0,0,0	17313	500	566	67928	3873	23506	101367,101345,99810,46453,46453,46453,46453	3	26	28479,27464,14606,0,0,0,0	73	74000
166688	907	1858	1502	305	291	35	18	2	5159	565	1416	582	1981	33	102	6921	891	4025	0,100,0,0,0,0	17204	561	629	68461	3973	24029	101780,101761,100251,47027,47027,47027,47027	3	26	28479,27464,15232,0,0,0,0	68	73761
166394	905	1925	1495	306	290	38	18	2	5387	568	1418	575	1945	36	85	6908	883	4094	0,100,0,0,0,0	25692	537	590	68986	4041	24512	102198,102180,100695,47611,47611,47611,47611	3	32	28479,27464,15816,0,0,0,0	83	73522
166063	957	1900	1566	313	304	41	19	2	5586	571	1424	596	1961	39	99	6862	911	4189	0,100,0,0,0,0	25916	519	629	69545	4117	24972	102630,102612,101153,48212,48212,48212,48212	4	37	28479,27464,16446,0,0,0,0	78	73261
165723	994	1985	1560	315	311	44	19	2	5792	574	1427	617	1994	32	117	7247	964	4264	0,100,0,0,0,0	17753	509	665	70117	4216	25421	103073,103056,101624,48806,48806,48806,48806	4	29	28479,27464,17109,0,0,0,0	71	73023
165361	1019	2019	1610	340	315	41	20	2	6010	576	1433	589	2040	39	115	7814	1014	4350	0,100,0,0,0,0	17902	658	683	70705	4315	26029	103524,103507,102104,49409,49409,49409,49409	3	21	28479,27464,17793,0,0,0,0	71	72766
164981	1045	2089	1646	346	326	45	21	1	6232	578	1436	587	2070	45	96	7881	1011	4507	0,100,0,0,0,0	18111	683	738	71331	4428	26645	104070,104053,102680,50136,50136,50136,50136	3	27	28479,27464,18528,0,0,0,0	81	72523
164548	1132	2202	1696	336	336	42	26	1	6405	580	1442	548	1940	43	117	7531	1040	4730	0,100,0,0,0,0	18226	700	803	72028	4538	27289	104653,104637,103295,50908,50908,50908,50908	4	33	28479,27464,19329,0,0,0,0	87	72225
164136	1188	2306	1813	342	334	44	25	2	6530	583	1443	584	1924	52	121	8100	1071	4981	0,100,0,0,0,0	17975	685	836	72741	4663	27914	105252,105238,103929,51699,51699,51699,51699	4	38	28479,27464,20155,0,0,0,0	90	71911
163859	1160	2297	1891	343	367	48	28	2	6722	583	1446	603	2051	40	116	7990	1114	5020	0,100,0,0,0,0	26936	671	676	73321	4764	28518	105752,105740,104464,52347,52347,52347,52347	4	38	28479,27464,20826,0,0,0,0	102	71670
163535	1154	2359	1930	360	386	49	27	2	6907	586	1451	585	1998	45	135	8556	1217	5048	0,100,0,0,0,0	27212	642	754	73973	4870	29110	106276,106266,105024,53047,53047,53047,53047	4	28	28479,27464,21574,0,0,0,0	109	71338
163010	1234	2491	1965	378	402	46	26	4	7147	586	1457	577	2017	31	116	8869	1232	5310	0,100,0,0,0,0	18933	636	920	74758	5006	29682	106935,106927,105718,53911,53911,53911,53911	4	45	28479,27464,22487,0,0,0,0	101	70988
162575	1304	2542	2018	411	410	42	27	3	7367	588	1459	586	1957	38	133	9140	1283	5471	0,100,0,0,0,0	19292	859	887	75528	5127	30484	107541,107534,106361,54684,54684,54684,54684	4	37	28479,27464,23368,0,0,0,0	99	70637
162203	1329	2552	2097	458	419	44	27	3	7560	591	1463	580	1960	52	135	8960	1302	5624	0,100,0,0,0,0	19333	886	861	76238	5282	31322	108192,108186,107053,55526,55526,55526,55526	4	30	28479,27464,24221,0,0,0,0	93	70320
161734	1333	2660	2216	437	388	49	24	5	7840	596	1464	599	2000	49	139	8672	1319	5788	0,100,0,0,0,0	19298	908	887	76978	5433	32160	108890,108887,107789,56438,56438,56438,56438	4	31	28479,27464,25096,0,0,0,0	94	70025
161241	1345	2832	2231	449	425	52	19	7	8077	600	1468	601	1991	36	123	8847	1332	6021	0,100,0,0,0,0	18990	884	952	77762	5607	32982	109608,109605,108547,57384,57384,57384,57384	4	39	28479,27464,26043,0,0,0,0	101	69675
160893	1333	2831	2317	442	431	50	21	8	8345	601	1474	586	2020	39	132	8931	1353	6072	0,100,0,0,0,0	27381	922	813	78464	5725	33830	110238,110237,109216,58206,58206,58206,58206	4	40	28479,27464,26855,0,0,0,0	105	69343
160623	1288	2818	2352	466	437	59	21	7	8593	604	1478	588	1987	47	146	9184	1401	6040	0,100,0,0,0,0	27918	999	792	79138	5850	34658	110855,110854,109876,58998,58998,58998,58998	5	56	28479,27464,27648,0,0,0,0	109	69077
160210	1339	2871	2446	466	442	57	19	7	8799	608	1482	579	1972	61	152	9614	1454	6186	0,100,0,0,0,0	19902	1043	947	79931	6008	35495	111583,111583,110649,59900,59900,59900,59900	5	43	28479,27464,28591,0,0,0,0	115	68824
159807	1349	2928	2500	503	426	59	19	8	9046	611	1490	592	1979	55	142	9778	1529	6255	0,100,0,0,0,0	19995	1683	922	80703	6169	36981	112261,112260,111370,60761,60761,60761,60761	5	42	28479,27464,29512,0,0,0,0	111	68510
159291	1456	2931	2542	532	462	58	21	8	9339	612	1494	590	1994	58	156	10057	1548	6454	0,100,0,0,0,0	20130	1594	1032	81552	6361	38392	113200,113199,112352,62021,62021,62021,62021	5	61	28479,27464,30532,0,0,0,0	121	68149
158939	1524	2915	2586	501	501	56	22	6	9586	613	1497	576	1930	56	166	10088	1585	6520	0,100,0,0,0,0	20438	1707	945	82319	6543	39916	114032,114032,113235,63102,63102,63102,63102	5	46	28479,27464,31469,0,0,0,0	125	67850
158575	1491	2953	2646	513	524	59	24	6	9841	614	1500	586	1979	61	166	10351	1630	6580	0,100,0,0,0,0	20435	1729	939	83085	6721	41459	114908,114908,114160,64257,64257,64257,64257	5	41	28479,27464,32393,0,0,0,0	122	67538
158312	1421	2896	2749	500	538	54	28	7	10123	615	1503	592	1960	58	161	10493	1633	6553	0,100,0,0,0,0	28852	1778	840	83782	6869	43034	115740,115739,115039,65338,65338,65338,65338	5	46	28479,27464,33226,0,0,0,0	120	67275
158069	1371	2949	2721	488	541	59	30	7	10384	617	1510	584	1936	57	153	10669	1663	6496	0,99,0,0,0,0	29067	1650	839	84508	7017	44546	116602,116601,115950,66434,66434,66434,66434	5	48	28479,27464,34060,28,0,0,0	131	66956
157779	1367	3008	2700	500	540	65	28	8	10620	620	1511	573	2054	50	167	11312	1730	6478	0,99,0,0,0,0	21707	1672	885	85255	7191	46076	117469,117470,116869,67523,67523,67523,67523	6	32	28479,27464,34939,59,0,0,0	122	66649
157448	1427	2972	2730	540	509	63	29	8	10884	622	1514	582	1995	61	150	11091	1676	6594	0,98,1,0,0,0	21975	861	926	86020	7386	46786	118338,118340,117787,68615,68615,68615,68615	6	40	28479,27464,35849,91,0,0,0	119	66326
157171	1455	3007	2766	516	531	63	31	5	11060	626	1515	587	1941	55	155	11309	1731	6638	0,98,1,0,0,0	21907	846	936	86800	7585	47486	118988,118991,118494,69346,69346,69346,69346	6	27	28479,27464,36757,145,0,0,0	118	65972
156845	1515	2999	2781	529	534	62	35	3	11297	628	1518	596	1966	42	153	11165	1726	6729	0,97,2,0,0,0	21674	864	968	87601	7782	48203	119665,119672,119222,70103,70103,70103,70103	6	49	28479,27464,37679,199,0,0,0	122	65609
156591	1484	3065	2765	537	515	71	41	3	11518	633	1523	581	1940	65	161	11136	1708	6770	0,97,2,0,0,0	21646	848	923	88369	7970	48911	120323,120329,119934,70805,70805,70805,70805	6	49	28479,27464,38559,259,0,0,0	126	65286
156433	1463	3029	2794	548	498	72	38	3	11702	639	1527	578	1927	67	148	11135	1709	6733	0,96,3,0,0,0	29684	872	873	89085	8134	49645	120912,120920,120578,71432,71432,71432,71432	6	58	28479,27464,39355,320,0,0,0	135	64944
156380	1338	3022	2789	543	485	69	35	5	11906	642	1532	538	1979	54	156	11424	1729	6552	0,96,3,0,0,0	29824	938	775	89693	8307	50431	121419,121428,121141,71966,71966,71966,71966	6	40	28479,27464,40066,364,0,0,0	140	64652
156201	1358	2974	2831	520	481	70	31	6	12092	647	1535	504	1963	64	172	11676	1698	6567	0,95,4,0,0,0	22208	872	917	90401	8522	51160	122028,122038,121803,72647,72646,72646,72646	6	35	28479,27464,40876,451,0,0,0	131	64321
156020	1392	2836	2917	522	493	68	34	4	12272	649	1539	524	1931	39	166	11762	1734	6528	0,95,4,0,0,0	22021	757	895	91088	8736	51754	122590,122602,122420,73267,73267,73267,73267	6	53	28479,27464,41691,512,0,0,0	128	64003
155892	1352	2819	2835	503	478	76	38	5	12554	652	1542	519	1903	54	151	11392	1653	6448	0,94,5,0,0,0	21809	775	887	91788	8929	52365	123126,123141,123013,73815,73815,73815,73815	6	39	28479,27464,42473,598,0,0,0	133	63675
155770	1349	2807	2749	509	503	67	39	4	12746	657	1546	515	1978	55	166	11168	1585	6438	0,93,6,0,0,0	21595	728	893	92472	9141	52939	123649,123661,123590,74362,74361,74361,74361	6	43	28479,27464,43242,702,0,0,0	130	63334
155694	1380	2794	2729	493	489	74	39	2	12843	661	1548	531	1952	55	167	11064	1601	6397	0,93,6,0,0,0	21480	762	876	93156	9340	53544	124137,124149,124138,74844,74842,74842,74842	6	39	28479,27464,43995,814,0,0,0	139	62993
155788	1317	2715	2723	469	503	74	41	2	12898	663	1553	507	1993	61	134	10946	1567	6275	0,92,7,0,0,0	29261	739	749	93717	9542	54152	124546,124562,124609,75216,75213,75213,75213	6	41	28479,27464,44621,922,0,0,0	151	62729
155817	1275	2640	2706	485	479	76	41	2	13002	666	1557	525	1974	44	135	10566	1547	6155	0,91,8,0,0,0	29322	775	757	94290	9730	54759	124960,124977,125078,75625,75621,75621,75621	6	40	28479,27464,45244,1037,0,0,0	157	62436
155778	1270	2654	2672	475	465	76	43	2	13082	668	1561	507	1910	39	159	10652	1521	6134	0,90,9,0,0,0	21167	700	841	94925	9944	55311	125421,125438,125597,76100,76095,76095,76095	6	50	28479,27464,45918,1195,0,0,0	153	62103
155782	1263	2606	2640	467	471	74	41	2	13162	674	1564	492	1887	51	162	10631	1513	6049	0,89,10,0,0,0	20886	436	823	95553	10142	55594	125875,125891,126109,76516,76509,76509,76509	6	36	28479,27464,46553,1358,0,0,0	143	61810
155783	1286	2581	2617	455	455	76	43	2	13202	679	1567	499	1990	45	150	10382	1444	6069	0,87,12,0,0,0	20975	310	847	96157	10389	55840	126238,126254,126531,76814,76806,76806,76806	6	45	28479,27464,47193,1540,0,0,0	139	61499
155751	1358	2525	2579	424	485	79	43	2	13246	683	1571	477	1967	57	159	10228	1418	6075	0,86,13,0,0,0	20810	267	842	96741	10652	56107	126572,126589,126924,77102,77092,77092,77092	6	46	28479,27464,47794,1760,0,0,0	150	61162
155712	1379	2582	2507	427	460	81	48	2	13290	687	1571	482	2034	51	154	10004	1415	6069	0,84,15,0,0,0	20370	244	869	97378	10889	56351	126953,126968,127362,77435,77423,77423,77423	6	38	28479,27464,48423,1988,0,0,0	148	60809
155887	1303	2504	2537	401	456	77	48	3	13265	691	1574	512	1931	57	132	10240	1374	5952	0,83,16,0,0,0	28575	268	708	97894	11088	56619	127209,127221,127674,77580,77567,77567,77567	6	51	28479,27464,48943,2154,0,0,0	157	60513
156040	1257	2488	2488	395	434	76	44	4	13243	698	1579	483	1812	50	134	9933	1394	5788	0,81,18,0,0,0	28314	264	743	98412	11317	56883	127511,127524,128035,77793,77778,77778,77778	6	35	28479,27464,49417,2404,0,0,0	148	60219
156076	1302	2453	2478	357	414	73	39	4	13264	704	1582	475	1924	43	133	9923	1359	5757	0,79,20,0,0,0	20368	286	831	98993	11574	57169	127863,127873,128441,78094,78075,78075,78075	6	39	28479,27464,49945,2689,0,0,0	124	59876
156175	1290	2407	2471	360	405	75	33	6	13231	710	1583	475	2035	46	125	9867	1345	5696	0,77,22,0,0,0	20177	80	773	99479	11867	57249	128141,128153,128777,78331,78309,78309,78309	6	35	28479,27464,50428,2951,0,0,0	125	59583
156287	1281	2385	2480	365	411	72	33	6	13126	714	1586	483	2032	46	120	9477	1319	5708	0,75,24,0,0,0	28774	106	761	99987	12122	57355	128365,128374,129054,78482,78455,78455,78455	5	29	28479,27464,50854,3265,0,0,0	130	59277
156366	1284	2442	2386	349	383	67	34	6	13123	718	1588	492	1944	46	125	9578	1277	5668	0,73,26,0,0,0	29626	106	785	100497	12403	57461	128590,128599,129333,78647,78616,78616,78616	5	36	28479,27464,51300,3587,0,0,0	123	58957
156424	1284	2361	2396	355	380	73	35	7	13119	722	1590	467	1916	42	116	9280	1242	5642	0,71,28,0,0,0	28071	99	772	101001	12672	57560	128823,128830,129616,78827,78791,78791,78791	5	43	28479,27464,51706,3927,0,0,0	128	58656
156671	1241	2275	2380	365	378	69	32	7	13011	725	1592	489	1893	47	107	9044	1198	5542	0,69,30,0,0,0	27399	127	683	101434	12928	57687	128986,128990,129836,78882,78842,78842,78842	5	44	28479,27464,52067,4240,0,0,0	132	58382
156799	1172	2259	2379	357	383	69	28	8	12966	729	1597	465	1989	46	116	8771	1197	5450	0,67,32,0,0,0	27376	95	689	101887	13169	57782	129177,129180,130074,79016,78970,78970,78970	5	39	28479,27464,52403,4573,0,0,0	136	58108
156874	1244	2174	2331	358	362	62	31	8	12970	731	1601	466	2015	46	125	8192	1173	5389	0,64,35,0,0,0	28317	97	767	102379	13447	57879	129375,129377,130319,79174,79122,79122,79122	5	51	28479,27464,52725,4993,0,0,0	113	57795
156937	1246	2146	2321	351	341	56	34	8	12965	734	1607	450	1945	55	134	8197	1168	5327	0,62,37,0,0,0	27768	72	742	102854	13719	57951	129576,129578,130567,79333,79276,79276,79276	5	40	28479,27464,53045,5395,0,0,0	103	57496
157026	1274	2099	2303	340	363	57	35	8	12894	737	1610	444	1985	54	108	7856	1164	5307	0,59,40,0,0,0	27638	83	746	103320	14007	58034	129732,129735,130766,79467,79402,79402,79402	5	42	28479,27464,53316,5859,0,0,0	107	57180
157082	1265	2132	2272	316	346	57	33	9	12879	742	1613	459	1956	57	134	7703	1122	5299	0,55,44,0,0,0	27467	59	778	103796	14315	58093	129899,129901,130979,79619,79546,79546,79546	5	50	28479,27464,53572,6361,0,0,0	105	56866
157093	1296	2160	2251	307	347	55	29	8	12836	749	1615	476	1974	48	119	7903	1121	5324	0,52,47,0,0,0	27565	73	828	104287	14658	58166	130080,130081,131202,79818,79736,79736,79736	5	41	28479,27464,53865,6881,0,0,0	106	56521
157124	1324	2164	2212	301	346	52	25	8	12819	754	1617	488	1936	54	92	7501	1064	5360	0,50,49,0,0,0	26791	92	785	104750	14984	58258	130241,130241,131406,79989,79898,79898,79898	5	50	28479,27464,54093,7418,0,0,0	95	56212
157242	1265	2197	2215	313	319	50	24	8	12734	758	1621	499	1966	43	95	7351	1031	5352	0,47,52,0,0,0	25885	64	742	105192	15289	58322	130384,130385,131590,80135,80034,80034,80034	5	45	28479,27464,54307,7933,0,0,0	98	55911
157232	1307	2240	2203	334	321	51	23	6	12638	763	1628	507	1924	51	117	7052	1022	5457	0,44,55,0,0,0	17231	78	895	105690	15692	58400	130577,130578,131824,80371,80258,80258,80258	5	38	28479,27464,54514,8610,0,0,0	107	55590
157115	1503	2204	2260	324	309	52	25	7	12549	767	1631	487	1978	66	127	7146	1026	5651	0,40,59,0,0,0	17147	254	984	106261	16116	58654	130816,130819,132111,80679,80554,80554,80554	6	64	28479,27464,54732,9374,0,0,0	111	55206
156935	1597	2293	2263	314	302	49	22	6	12556	772	1637	489	1967	63	122	7184	1021	5819	0,37,62,0,0,0	17372	275	1011	106827	16570	58929	131084,131085,132416,81086,80948,80948,80948	6	61	28479,27464,54936,10171,0,0,0	112	54808
156787	1672	2459	2216	307	302	47	20	6	12515	775	1640	489	1929	46	82	7306	994	6029	0,34,65,0,0,0	17274	306	1042	107416	17034	59235	131376,131378,132746,81514,81364,81364,81364	6	35	28479,27464,55130,11018,0,0,0	115	54423
156445	1779	2597	2354	285	298	49	18	7	12494	777	1643	478	1956	60	119	7385	988	6392	0,30,69,0,0,0	17283	291	1161	108040	17575	59526	131714,131718,133117,82060,81895,81895,81895	6	55	28479,27464,55297,11997,0,0,0	104	54014
156225	1832	2656	2471	303	292	43	19	7	12472	778	1648	474	1897	64	86	7233	976	6640	0,28,71,0,0,0	25912	283	1072	108596	18100	59809	131972,131977,133413,82499,82318,82318,82318	6	58	28479,27464,55445,12910,0,0,0	100	53624
155874	1843	2760	2584	315	293	40	16	9	12582	780	1650	474	1974	66	96	7103	1024	6827	0,25,74,0,0,0	26047	260	1114	109166	18653	60069	132261,132265,133729,83027,82830,82830,82830	6	66	28479,27464,55581,13881,0,0,0	105	53223
155373	2043	2913	2654	324	298	41	17	11	12634	781	1657	503	1928	63	108	6508	999	7291	0,23,76,0,0,0	17125	263	1346	109900	19293	60332	132625,132630,134126,83714,83497,83497,83497	6	69	28479,27464,55737,15063,20,0,0	88	52702
154712	2343	3027	2766	319	324	41	19	8	12747	782	1658	481	1928	67	115	6591	1031	7808	0,20,79,0,0,0	16387	351	1480	110689	20007	60683	133052,133054,134576,84508,84270,84270,84270	7	62	28479,27464,55884,16380,41,0,0	100	52156
153942	2534	3192	2900	312	352	43	22	8	12998	784	1659	472	1985	103	128	7397	1121	8234	0,18,80,0,0,0	17283	295	1552	111496	20780	60978	133495,133499,135047,85341,85083,85083,85083	7	84	28479,27464,56036,17774,63,0,0	97	51605
153201	2625	3558	3018	314	344	41	23	8	13168	784	1662	468	1988	85	129	7901	1194	8729	0,16,82,1,0,0	17888	356	1614	112316	21599	61334	133923,133927,135498,86171,85889,85889,85889	7	74	28479,27464,56175,19216,106,0,0	106	51046
152253	2817	3743	3251	343	345	42	22	9	13469	785	1667	457	1990	82	114	8094	1246	9317	0,14,83,1,0,0	18208	331	1747	113199	22495	61665	134420,134427,136014,87167,86861,86861,86861	8	90	28479,27464,56283,20823,156,0,0	96	50437
151546	2852	3936	3476	365	335	43	20	8	13708	788	1669	466	1916	100	120	8065	1293	9734	0,13,84,1,0,0	26797	362	1612	114017	23323	62027	134812,134818,136427,88010,87675,87675,87675	8	96	28479,27464,56403,22276,213,0,0	100	49852
150751	2773	4228	3668	335	342	46	18	9	14114	790	1672	466	1881	92	151	8432	1420	9990	0,12,85,2,0,0	26799	355	1669	114837	24183	62382	135235,135242,136867,88896,88531,88531,88531	9	90	28479,27464,56488,23809,259,0,0	109	49278
149565	3057	4393	3917	373	359	46	17	8	14542	791	1678	458	2012	112	136	8803	1490	10672	0,10,86,2,0,0	18870	337	2075	115859	25249	62719	135795,135802,137440,90090,89695,89695,89695	9	92	28479,27464,56575,25706,342,0,0	115	48535
148391	3419	4434	4209	417	383	48	18	9	14946	791	1681	469	1899	100	158	9392	1623	11305	0,9,87,2,0,0	19319	391	2143	116886	26376	63110	136349,136358,138003,91306,90873,90872,90872	9	92	28479,27464,56654,27701,407,0,0	116	47836
147139	3641	4699	4365	426	424	46	20	10	15500	791	1685	471	1909	118	150	9908	1659	11962	0,8,88,3,0,0	19785	358	2235	117978	27536	63468	136929,136939,138590,92587,92116,92116,92116	10	104	28479,27464,56731,29747,516,0,0	129	47039
145845	3738	5022	4621	431	425	42	19	12	16111	794	1686	459	1991	106	173	10460	1766	12532	0,7,88,3,0,0	20153	361	2278	119027	28782	63829	137477,137487,139146,93882,93373,93372,93372	10	99	28479,27464,56798,31835,635,0,0	123	46269
144378	3948	5302	4870	442	430	41	22	11	16815	795	1692	488	1901	120	158	10267	1829	13226	0,6,89,3,0,0	20963	369	2476	120161	30145	64198	138090,138103,139766,95316,94765,94764,94764	11	112	28479,27464,56865,34128,751,0,0	119	45445
143183	3967	5402	5180	435	490	46	21	12	17519	796	1695	477	1960	125	181	10311	1876	13665	0,6,89,4,0,0	28506	314	2262	121215	31370	64512	138630,138645,140314,96608,96011,96010,96010	11	138	28479,27464,56917,36196,883,0,0	131	44686
141892	3914	5737	5386	476	496	44	20	10	18278	797	1696	467	1931	133	200	10603	2014	14059	0,5,90,4,0,0	28899	352	2395	122297	32701	64864	139163,139181,140854,97963,97316,97314,97314	12	141	28479,27464,56967,38383,1035,0,0	132	43881
140280	4217	5922	5586	485	517	42	19	12	19168	799	1699	478	2000	134	200	11458	2167	14621	0,4,90,5,0,0	21448	337	2745	123555	34213	65201	139858,139875,141550,99611,98911,98908,98908	13	123	28479,27464,57013,40893,1218,0,0	126	42983
138568	4648	6017	5822	465	509	45	17	11	20139	802	1703	475	1960	150	222	11996	2243	15280	0,4,90,5,0,0	21977	353	2856	124823	35816	65554	140551,140572,142243,101263,100513,100508,100508	13	144	28479,27464,57062,43434,1461,0,0	122	42072
137032	4731	6302	6082	498	517	50	18	12	20994	803	1707	471	1951	163	199	12349	2306	15892	0,3,89,6,0,0	22205	343	2802	126070	37392	65897	141172,141200,142865,102905,102094,102088,102088	14	138	28479,27464,57112,45904,1727,0,0	128	41176
135382	4756	6658	6238	522	524	53	19	12	22065	805	1712	458	1959	161	196	12210	2294	16476	0,3,89,6,0,0	22650	347	2891	127313	39054	66244	141827,141857,143516,104596,103724,103717,103717	14	149	28479,27464,57148,48475,1985,0,0	127	40268
133759	4946	6774	6504	523	543	56	22	13	23085	806	1715	470	1976	168	232	12651	2400	16968	0,2,89,7,0,0	22377	342	2959	128687	40658	66586	142529,142557,144213,106360,105426,105417,105417	15	140	28479,27464,57191,51057,2299,0,0	137	39288
132408	4780	6982	6728	549	562	54	25	12	24123	806	1717	491	1986	163	202	13133	2439	17241	0,2,88,8,0,0	30774	336	2737	129870	42239	66922	143060,143092,144739,107910,106909,106897,106897	16	156	28479,27464,57213,53445,2611,0,0	151	38396
131117	4616	7112	6963	541	550	46	26	10	25235	809	1721	479	1995	186	223	13474	2491	17363	0,2,88,9,0,0	31534	290	2719	131000	43850	67212	143545,143578,145224,109420,108354,108339,108339	16	153	28479,27464,57235,55757,2971,0,0	151	37502
129541	4884	7050	7185	569	588	41	26	12	26315	810	1725	495	2009	176	254	14555	2636	17707	0,2,87,10,0,0	24360	331	3100	132342	45623	67543	144159,144191,145828,111194,110050,110033,110033	17	162	28479,27464,57253,58365,3409,0,0	132	36517
128170	5109	6899	7338	611	595	42	23	13	27406	813	1727	513	1869	159	279	15063	2772	17845	0,1,86,11,0,0	25032	110	2977	133633	47333	67653	144730,144761,146385,112894,111671,111651,111651	17	151	28479,27464,57283,60832,3868,0,0	147	35561
126855	5032	7111	7343	631	609	41	23	14	28543	814	1730	494	1898	171	268	14900	2769	18021	0,1,85,12,0,0	24981	135	2964	134872	49076	67788	145209,145240,146853,114503,113198,113173,113173	18	160	28479,27464,57297,63240,4382,0,0	141	34601
125667	5002	7278	7419	604	603	48	21	16	29539	817	1732	504	1897	175	237	14876	2743	18232	0,1,84,13,0,0	25130	147	2991	136126	50837	67935	145701,145728,147332,116145,114750,114720,114720	18	160	28479,27464,57317,65598,4966,0,0	149	33670
124496	5066	7328	7457	633	618	48	22	14	30507	819	1738	531	1986	178	241	14823	2720	18452	0,1,83,15,0,0	24870	142	2986	137395	52570	68077	146190,146215,147806,117802,116316,116281,116281	19	167	28479,27464,57333,67888,5612,0,0	151	32717
123589	4850	7273	7585	660	616	51	20	17	31523	821	1741	513	2006	212	215	14783	2692	18363	0,1,82,16,0,0	32667	117	2731	138492	54225	68194	146531,146561,148145,119247,117671,117630,117630	19	146	28479,27464,57343,70014,6173,0,0	166	31859
122912	4597	7102	7660	626	678	54	23	18	32513	821	1742	497	1952	189	249	15258	2736	18004	0,1,80,18,0,0	32691	122	2563	139593	55710	68316	146861,146893,148468,120624,118954,118906,118906	19	154	28479,27464,57354,71904,6807,0,0	176	31026
122097	4670	6879	7751	620	657	53	25	17	33410	821	1746	485	1924	174	282	15460	2807	17848	0,1,79,19,0,0	25649	122	2826	140771	57379	68438	147245,147273,148837,122133,120367,120310,120310	19	133	28479,27464,57368,73897,7575,0,0	148	30139
121350	4689	6868	7579	587	645	56	25	15	34359	823	1750	492	1871	167	275	15674	2816	17633	0,0,77,21,0,0	25622	93	2742	141817	59095	68531	147558,147586,149136,123557,121700,121633,121633	19	143	28479,27464,57380,75858,8287,0,0	162	29354
120743	4584	6819	7560	561	631	45	25	16	35182	827	1753	489	1961	176	240	15997	2828	17397	0,0,76,22,0,0	26221	73	2633	142899	60670	68604	147850,147876,149417,124934,122982,122905,122905	19	168	28479,27464,57386,77651,9063,0,0	157	28523
120338	4481	6747	7443	551	616	47	24	11	35902	830	1756	498	1883	187	233	15882	2798	17111	0,0,74,24,0,0	26084	87	2620	143941	62265	68691	148080,148110,149643,126264,124214,124124,124124	19	151	28479,27464,57392,79357,9905,0,0	153	27722
120078	4345	6617	7330	529	591	46	19	14	36585	835	1757	504	2084	185	232	15802	2716	16761	0,0,72,26,0,0	25868	91	2471	144899	63804	68782	148246,148279,149800,127491,125340,125238,125238	19	158	28479,27464,57403,80938,10737,0,0	153	26975
119995	4077	6402	7306	538	564	45	15	15	37190	839	1760	480	1844	188	216	15357	2597	16350	0,0,70,28,0,0	33159	78	2240	145730	65238	68860	148365,148401,149918,128585,126331,126217,126217	19	139	28479,27464,57410,82305,11557,0,0	170	26336
120129	3777	6103	7272	569	542	48	12	14	37677	841	1762	518	1947	165	207	15450	2582	15741	0,0,69,30,0,0	33058	74	2132	146520	66596	68934	148411,148440,149959,129581,127230,127099,127099	19	108	28479,27464,57415,83576,12358,0,0	151	25697
120136	3800	5954	7048	511	540	47	11	16	38074	841	1768	501	1931	168	211	15372	2572	15339	0,0,67,32,0,0	25647	77	2372	147372	68135	69011	148499,148520,150040,130697,128243,128095,128095	19	132	28479,27464,57418,84949,13294,0,0	149	25033
120330	3783	5677	6822	513	521	47	13	17	38409	842	1772	467	1875	152	223	15267	2465	14911	0,0,65,34,0,0	25202	46	2134	148175	69481	69057	148551,148573,150087,131695,129142,128979,128979	18	111	28479,27464,57421,86101,14228,0,0	128	24435
120561	3595	5570	6690	468	493	47	17	16	38675	842	1772	481	1978	147	203	14924	2302	14578	0,0,62,36,0,0	25040	48	2107	148911	70865	69105	148566,148586,150094,132658,130009,129827,129827	18	109	28479,27464,57428,87160,15214,0,0	112	23858
120880	3532	5493	6395	424	447	43	19	15	38882	842	1774	475	1969	132	195	14166	2153	14200	0,0,60,39,0,0	24751	41	2070	149638	72221	69146	148556,148573,150077,133574,130833,130629,130629	17	127	28479,27464,57430,88175,16207,0,0	120	23290
121435	3453	5224	6305	452	459	44	19	16	38717	842	1780	475	1925	148	159	13214	2024	13932	0,0,58,41,0,0	23855	52	1970	150324	73514	69198	148486,148504,150005,134420,131583,131356,131356	17	111	28479,27464,57431,89092,17197,0,0	114	22750
122156	3177	5071	6075	443	462	44	19	16	38655	843	1785	485	1895	141	167	12466	1895	13396	0,0,56,43,0,0	30682	41	1735	150959	74620	69239	148374,148385,149895,135144,132210,131959,131959	17	106	28479,27464,57436,89889,18067,0,0	112	22248
122914	2921	4887	5943	431	419	37	19	15	38527	843	1790	512	2001	128	189	12376	1861	12796	0,0,53,45,0,0	30810	53	1671	151547	75724	69292	148255,148265,149779,135820,132799,132522,132522	16	125	28479,27464,57438,90563,19022,0,0	105	21789
123381	3015	4694	5786	423	406	37	16	11	38335	848	1794	519	1891	116	164	12685	1887	12490	0,0,51,48,0,0	22846	45	1943	152241	76987	69337	148236,148242,149760,136663,133564,133259,133259	16	88	28479,27464,57439,91292,20169,0,0	111	21271
124093	3084	4420	5571	398	382	36	19	13	38086	849	1795	535	1954	124	167	12614	1774	12136	0,0,49,50,0,0	22660	40	1748	152860	78124	69377	148123,148131,149654,137365,134184,133851,133851	15	97	28479,27464,57443,91970,21175,0,0	111	20792
124853	2969	4316	5407	366	383	34	17	13	37739	851	1798	546	1931	117	153	12420	1691	11801	0,0,46,53,0,0	22667	44	1678	153412	79268	69421	147988,147997,149522,137995,134740,134376,134376	14	91	28479,27464,57445,92554,22213,0,0	118	20347
125612	2814	4362	5155	374	372	36	20	12	37334	852	1803	545	1937	110	162	12457	1686	11447	0,0,43,55,0,0	22639	38	1621	153946	80371	69459	147842,147849,149379,138600,135272,134876,134876	14	95	28479,27464,57446,93045,23291,0,0	118	19928
126441	2785	4280	4978	351	330	33	22	14	36851	852	1809	536	1920	105	142	12010	1564	11215	0,0,41,58,0,0	22408	52	1656	154469	81511	69511	147678,147688,149223,139191,135799,135368,135368	13	88	28479,27464,57447,93517,24417,0,0	113	19516
127525	2572	4059	4880	349	329	34	20	13	36297	855	1813	506	1979	115	122	11492	1481	10762	0,0,39,60,0,0	29699	54	1314	154893	82414	69565	147445,147454,148999,139626,136166,135700,135700	13	85	28479,27464,57449,93896,25311,0,0	112	19193
128644	2325	3940	4750	350	322	34	18	11	35677	858	1817	542	1978	109	129	11065	1408	10331	0,0,37,62,0,0	29284	40	1331	155314	83333	69605	147211,147216,148773,140049,136524,136021,136021	12	77	28479,27464,57449,94238,26260,0,0	109	18862
129575	2367	3653	4559	345	315	31	16	10	35194	860	1821	520	2009	84	152	10992	1391	9895	0,0,34,64,0,0	21184	38	1421	155735	84341	69643	147023,147025,148589,140504,136930,136386,136386	12	63	28479,27464,57449,94563,27297,0,0	110	18539
130568	2346	3495	4377	332	302	24	17	9	34591	863	1822	534	1939	92	138	10287	1327	9566	0,0,32,67,0,0	20497	24	1316	156159	85243	69667	146807,146810,148386,140916,137295,136711,136711	11	69	28479,27464,57450,94829,28312,0,0	92	18186
131632	2251	3386	4180	314	277	21	16	10	33968	864	1827	566	2000	82	118	9835	1259	9186	0,0,29,69,0,0	19974	18	1283	156559	86137	69685	146581,146585,148176,141314,137643,137016,137016	11	72	28479,27464,57450,95070,29319,0,0	89	17875
132687	2161	3371	4009	276	265	21	13	13	33233	867	1830	579	1986	84	134	9470	1201	8915	0,0,27,71,0,0	19497	27	1266	156957	87011	69712	146369,146367,147973,141674,137963,137292,137292	10	65	28479,27464,57451,95280,30326,0,0	77	17567
133684	2126	3265	3864	254	255	19	12	15	32546	868	1838	574	1981	88	107	9079	1119	8676	0,0,25,74,0,0	19377	23	1240	157303	87916	69735	146141,146137,147751,142026,138284,137566,137566	10	69	28479,27464,57451,95487,31311,0,0	84	17292
134704	2019	3183	3728	241	259	25	14	16	31845	869	1843	562	1941	81	101	8298	1058	8411	0,0,23,76,0,0	27018	36	1134	157647	88713	69771	145904,145899,147519,142337,138564,137800,137800	10	66	28479,27464,57451,95644,32252,0,0	74	17025
135863	1861	3086	3552	263	261	24	13	15	31090	871	1847	570	1946	88	116	7949	1030	8030	0,0,21,77,0,0	26672	29	1056	157960	89462	69800	145634,145627,147263,142598,138793,137982,137982	9	65	28479,27464,57451,95796,33116,0,0	90	16779
136639	2049	2951	3505	260	251	20	12	17	30321	871	1850	545	2011	68	91	7081	939	8109	0,0,20,79,0,0	17478	26	1352	158341	90448	69826	145472,145466,147108,143006,139182,138323,138323	9	72	28479,27464,57451,95967,34255,0,0	79	16474
137538	2145	2971	3336	236	228	18	9	19	29523	872	1851	563	1930	70	111	6561	852	8091	0,0,18,81,0,0	16950	8	1276	158686	91383	69834	145257,145246,146902,143356,139510,138604,138604	9	78	28479,27464,57451,96097,35360,0,0	73	16200
138377	2127	3012	3276	224	234	23	9	18	28721	872	1853	582	1885	87	106	5773	742	8163	0,0,16,82,0,0	16139	5	1256	159076	92261	69839	145092,145080,146746,143709,139844,138891,138891	9	77	28479,27464,57452,96238,36430,0,0	78	15887
139047	2182	3034	3324	216	240	22	8	12	27931	874	1856	589	2009	89	107	5130	698	8328	0,0,15,84,0,0	15621	3	1325	159468	93201	69842	144948,144937,146610,144086,140216,139213,139213	9	81	28479,27464,57452,96345,37611,0,0	70	15573
139637	2241	3102	3341	217	226	21	7	11	27207	875	1861	573	1981	94	111	4281	667	8488	0,0,13,86,0,0	15059	15	1349	159842	94181	69857	144824,144817,146490,144470,140605,139551,139551	9	63	28479,27464,57452,96442,38806,0,0	72	15301
140426	2068	3147	3366	218	228	20	6	10	26519	875	1863	582	1955	89	94	3552	627	8426	0,0,12,87,0,0	22913	8	1126	160163	94997	69865	144649,144638,146323,144764,140891,139787,139787	8	59	28479,27464,57452,96522,39817,0,0	70	15041
141190	1909	3143	3410	240	222	19	9	9	25851	875	1869	570	1920	83	94	2739	600	8352	0,0,11,88,0,0	22378	8	1174	160517	95827	69873	144472,144463,146157,145054,141188,140028,140028	8	80	28479,27464,57452,96591,40888,0,0	78	14754
141563	2185	3026	3480	248	234	22	8	8	25224	876	1872	583	1953	85	116	2501	608	8595	0,0,10,89,0,0	12692	4	1464	160940	96878	69877	144417,144410,146110,145497,141635,140428,140428	8	80	28479,27464,57452,96676,42211,0,0	71	14429
141980	2373	2965	3453	251	247	19	8	9	24687	877	1877	581	2017	82	128	1830	605	8711	0,0,9,90,0,0	12286	24	1408	161301	97934	69901	144333,144328,146029,145903,142057,140795,140795	7	70	28479,27464,57452,96754,43496,0,0	72	14142
142482	2339	3150	3388	218	249	18	8	10	24126	877	1881	598	1857	87	105	1639	563	8807	0,0,8,91,0,0	11846	10	1350	161653	98937	69911	144228,144223,145930,146253,142426,141109,141109	7	74	28479,27464,57452,96820,44724,0,0	68	13853
142835	2365	3248	3373	218	237	20	10	10	23670	877	1883	580	2017	94	97	1629	539	8932	0,0,7,92,0,0	11604	24	1372	162036	99930	69935	144173,144169,145881,146636,142835,141463,141463	7	74	28479,27464,57452,96876,45966,0,0	67	13558
143083	2373	3292	3430	240	260	17	11	9	23267	877	1887	593	1962	99	113	1634	569	9054	0,0,6,93,0,0	11755	18	1401	162419	100956	69953	144136,144129,145846,147042,143266,141840,141840	7	74	28479,27464,57453,96924,47265,0,0	74	13254
143579	2218	3305	3464	244	259	16	12	7	22873	877	1892	606	1996	94	96	1657	560	8958	0,0,6,93,0,0	21063	18	1178	162729	101829	69971	144015,144011,145733,147342,143595,142112,142112	7	73	28479,27464,57453,96959,48364,0,0	68	13007
144021	2029	3319	3540	246	256	14	12	8	22525	878	1898	598	1927	95	92	1650	563	8853	0,0,5,94,0,0	20847	22	1194	163036	102724	69993	143910,143904,145635,147616,143903,142361,142361	7	70	28479,27464,57453,97001,49468,0,0	69	12753
144207	2157	3213	3562	258	267	12	12	8	22266	878	1906	589	1937	85	119	1667	592	8889	0,0,5,94,0,0	11928	16	1377	163361	103782	70009	143863,143857,145593,147979,144309,142709,142709	7	57	28479,27464,57453,97031,50763,0,0	76	12501
144420	2290	3135	3562	256	238	7	11	7	22030	879	1911	627	1997	93	123	1684	563	8936	0,0,4,95,0,0	11817	0	1392	163699	104842	70009	143829,143825,145562,148353,144725,143064,143064	7	75	28479,27464,57453,97075,52046,0,0	69	12237
144680	2295	3149	3569	238	243	10	13	7	21751	880	1911	596	2020	89	107	1697	568	8949	0,0,4,95,0,0	11662	0	1358	164025	105881	70009	143779,143774,145512,148688,145107,143383,143383	7	56	28479,27464,57453,97100,53306,0,0	74	11983
144892	2261	3241	3502	240	233	14	13	7	21547	880	1916	608	1992	81	127	1698	598	8906	0,0,3,96,0,0	11765	0	1307	164336	106885	70009	143734,143725,145465,149013,145479,143693,143693	7	74	28479,27464,57453,97134,54522,0,0	73	11736
145104	2267	3286	3481	244	232	17	11	8	21294	882	1920	607	1938	82	114	1679	579	8959	0,0,3,96,0,0	11760	0	1363	164680	107909	70009	143707,143701,145443,149365,145885,144032,144032	6	53	28479,27464,57453,97161,55782,0,0	81	11457
145426	2121	3287	3482	251	228	21	11	9	21105	882	1923	608	1929	76	95	1668	564	8837	0,0,3,96,0,0	20917	0	1165	164951	108811	70009	143617,143610,145353,149632,146205,144289,144289	6	83	28479,27464,57453,97177,56865,0,0	86	11231
145735	1933	3242	3485	238	244	18	11	9	21025	882	1924	598	2026	92	99	1661	530	8641	0,0,3,96,0,0	20878	0	1116	165201	109687	70009	143516,143510,145254,149874,146496,144519,144519	6	60	28479,27464,57453,97193,57909,0,0	78	11023
145923	2000	3123	3469	222	243	16	10	9	20916	882	1933	591	1980	79	131	1689	541	8542	0,0,2,97,0,0	11598	0	1233	165493	110633	70009	143455,143451,145198,150167,146839,144802,144802	6	64	28479,27464,57453,97215,59032,0,0	71	10786
146154	2032	2958	3475	230	239	17	7	12	20805	883	1934	586	1989	80	97	1672	534	8424	0,0,2,97,0,0	11753	0	1203	165778	111556	70009	143405,143401,145155,150444,147172,145070,145070	6	54	28479,27464,57453,97230,60161,0,0	66	10555
146272	2091	2927	3390	235	235	14	8	11	20742	883	1938	578	1956	74	115	1697	534	8366	0,0,2,97,0,0	11893	0	1251	166050	112544	70009	143370,143364,145121,150736,147523,145359,145359	6	67	28479,27464,57453,97249,61316,0,0	62	10341
146553	2053	2942	3280	232	237	14	7	10	20594	885	1939	623	1968	86	100	1657	510	8255	0,0,2,97,0,0	11785	0	1163	166321	113445	70009	143289,143284,145046,150991,147834,145604,145604	6	71	28479,27464,57453,97264,62386,0,0	48	10124
146885	1989	2965	3239	216	251	14	4	9	20345	888	1941	601	1939	69	119	1652	523	8155	0,0,1,98,0,0	11697	0	1156	166582	114346	70009	143204,143200,144965,151219,148127,145824,145824	6	49	28479,27464,57453,97273,63457,0,0	48	9904
147300	1826	2830	3265	209	254	15	7	6	20199	888	1947	602	2004	66	112	1637	526	7880	0,0,1,98,0,0	21020	0	962	166784	115113	70009	143062,143061,144833,151371,148334,145963,145963	6	48	28479,27464,57453,97279,64342,0,0	53	9728
147713	1678	2769	3194	223	230	12	5	7	20077	889	1949	583	1989	59	109	1610	526	7585	0,0,1,98,0,0	20809	0	931	166981	115862	70009	142954,142948,144728,151526,148547,146109,146109	5	39	28479,27464,57453,97285,65209,0,0	47	9563
148044	1694	2675	3059	210	217	14	10	8	19976	889	1950	633	1955	72	82	1566	481	7398	0,0,1,98,0,0	11508	0	1030	167213	116664	70009	142856,142846,144633,151720,148803,146295,146295	5	42	28479,27464,57453,97297,66145,0,0	43	9366
148469	1700	2501	3021	202	211	14	10	5	19766	890	1957	607	2008	65	114	1546	488	7171	0,0,1,98,0,0	11596	0	954	167390	117452	70009	142725,142717,144510,151856,149003,146424,146424	5	46	28479,27464,57453,97300,67028,0,0	58	9221
148822	1593	2451	2952	207	214	13	11	6	19625	891	1961	619	1941	61	92	1526	454	6987	0,0,1,98,0,0	11549	0	942	167574	118218	70009	142617,142615,144411,151998,149207,146559,146559	5	54	28479,27464,57453,97303,67881,0,0	57	9078
149381	1492	2408	2842	208	220	9	7	8	19316	892	1963	624	1983	49	99	1494	454	6732	0,0,0,99,0,0	11679	0	856	167737	118914	70009	142458,142453,144259,152106,149372,146653,146653	5	50	28479,27464,57453,97307,68653,0,0	55	8948
149861	1393	2328	2767	197	217	13	11	6	19091	892	1970	634	1961	60	106	1475	455	6471	0,0,0,99,0,0	11532	0	829	167909	119573	70009	142332,142326,144142,152211,149532,146745,146745	5	43	28479,27464,57453,97308,69395,0,0	57	8811
150457	1304	2158	2673	182	209	13	9	8	18867	892	1974	629	1930	64	84	1442	431	6117	0,0,0,99,0,0	20827	0	732	168041	120175	70009	142173,142167,143994,152272,149653,146793,146793	5	45	28479,27464,57453,97309,70059,0,0	68	8710
151113	1218	2010	2608	185	194	12	5	8	18522	895	1976	673	2036	51	80	1396	421	5811	0,0,0,99,0,0	20598	0	683	168160	120740	70009	141971,141968,143801,152315,149753,146820,146820	4	31	28479,27464,57453,97309,70670,0,0	58	8611
151651	1203	1867	2465	183	199	13	5	8	18277	895	1980	698	2008	41	87	1361	385	5550	0,0,0,99,0,0	11527	0	696	168274	121330	70009	141821,141818,143658,152359,149851,146851,146851	4	41	28479,27464,57453,97311,71289,0,0	55	8527
152149	1182	1764	2309	187	185	12	4	8	18065	896	1985	671	2004	37	95	1333	370	5273	0,0,0,99,0,0	11465	0	667	168391	121887	70009	141676,141674,143520,152410,149954,146893,146893	4	33	28479,27464,57453,97312,71889,0,0	47	8430
152762	1077	1751	2170	161	155	13	2	8	17764	897	1986	669	1953	50	84	1288	333	4996	0,0,0,99,0,0	11392	0	592	168504	122367	70009	141492,141490,143344,152433,150031,146902,146902	4	29	28479,27464,57453,97313,72420,0,0	44	8336
153389	1030	1659	2075	151	147	12	2	6	17389	897	1989	635	1970	57	64	1248	335	4741	0,0,0,99,0,0	11409	0	580	168613	122843	70009	141316,141316,143181,152448,150099,146902,146902	4	37	28479,27464,57453,97315,72933,0,0	41	8244
153970	978	1558	2038	160	145	15	4	4	16984	897	1993	612	1934	35	62	1178	339	4559	0,0,0,99,0,0	11267	0	562	168710	123311	70009	141138,141137,143013,152455,150155,146896,146896	4	36	28479,27464,57453,97315,73416,0,0	38	8164
154684	860	1468	1902	140	141	11	3	3	16638	899	1997	618	2008	36	61	1127	304	4221	0,0,0,99,0,0	20503	0	428	168788	123661	70009	140923,140923,142806,152426,150174,146849,146849	3	25	28479,27464,57453,97315,73796,0,0	33	8094
155427	723	1392	1758	121	137	9	3	3	16273	899	2001	620	2028	35	64	1080	293	3850	0,0,0,99,0,0	20256	0	389	168851	123991	70009	140706,140710,142602,152373,150167,146776,146776	3	21	28479,27464,57453,97315,74123,0,0	38	8043
156108	711	1242	1679	122	130	8	4	3	15834	899	2006	605	1844	33	57	1025	281	3615	0,0,0,99,0,0	11095	0	434	168926	124353	70009	140507,140511,142413,152337,150181,146727,146727	3	17	28479,27464,57453,97316,74508,0,0	36	7978
156778	717	1114	1558	111	120	7	5	3	15426	899	2008	612	2019	32	54	968	259	3373	0,0,0,99,0,0	11102	0	410	169009	124681	70009	140308,140310,142221,152319,150204,146691,146691	3	21	28479,27464,57453,97317,74869,0,0	39	7915
157459	662	1042	1449	109	124	7	5	4	14974	900	2011	611	1951	20	57	929	252	3146	0,0,0,99,0,0	11054	0	362	169066	124989	70009	140093,140093,142013,152266,150196,146623,146623	2	19	28479,27464,57453,97317,75196,0,0	31	7863
158171	586	995	1343	103	104	8	4	5	14510	900	2017	632	2046	30	53	870	227	2916	0,0,0,99,0,0	11026	0	318	169119	125256	70009	139882,139881,141811,152204,150175,146542,146542	2	20	28479,27464,57453,97317,75472,0,0	29	7818
158925	542	964	1216	98	94	7	2	4	13970	902	2022	628	1983	23	41	812	212	2711	0,0,0,99,0,0	10880	0	315	169168	125528	70009	139649,139649,141592,152129,150144,146447,146447	2	14	28479,27464,57453,97317,75734,3,0	29	7775
159662	489	870	1166	93	89	6	2	4	13439	902	2024	647	1886	20	32	740	191	2524	0,0,0,99,0,0	20247	0	254	169218	125734	70009	139433,139431,141387,152055,150110,146355,146355	2	19	28479,27464,57453,97318,75943,4,0	25	7732
160416	414	797	1095	69	92	4	2	4	12926	902	2025	661	1925	23	39	703	174	2299	0,0,0,99,0,0	19938	0	209	169244	125924	70009	139203,139202,141168,151961,150052,146240,146240	2	19	28479,27464,57453,97318,76121,8,0	26	7712
161116	408	710	994	77	89	6	2	4	12412	902	2026	653	2009	18	37	666	175	2111	0,0,0,99,0,0	10745	0	239	169279	126133	70009	138989,138987,140964,151868,149996,146129,146129	2	9	28479,27464,57453,97318,76327,14,0	16	7680
161832	394	609	925	73	75	6	3	5	11893	902	2029	680	2046	14	39	627	171	1914	0,0,0,99,0,0	10793	0	194	169305	126309	70009	138760,138758,140745,151773,149935,146015,146015	1	9	28479,27464,57453,97318,76492,19,0	11	7658
162506	324	593	805	72	65	6	3	3	11436	902	2031	677	1931	10	27	580	152	1716	0,0,0,98,1,0	10693	0	181	169336	126463	70009	138542,138541,140537,151677,149873,145901,145901	1	11	28479,27464,57453,97318,76648,24,0	19	7629
163196	295	532	739	66	64	5	2	3	10909	903	2032	668	1911	13	24	531	135	1568	0,0,0,98,1,0	10773	0	148	169356	126598	70009	138313,138312,140318,151571,149798,145776,145776	1	11	28479,27464,57453,97318,76774,33,0	16	7611
163839	251	479	670	65	62	6	2	4	10426	903	2039	691	1930	14	29	498	124	1411	0,0,0,97,2,0	10635	0	127	169383	126704	70009	138099,138097,140110,151469,149724,145654,145654	1	2	28479,27464,57453,97318,76883,40,0	13	7585
164468	201	427	645	64	49	5	2	4	9938	903	2040	669	1928	8	25	454	117	1276	0,0,0,97,2,0	19730	0	107	169398	126799	70009	137899,137898,139920,151368,149648,145535,145535	1	7	28479,27464,57453,97318,76976,45,0	13	7574
165102	177	366	619	51	38	5	2	4	9438	903	2041	682	1975	10	19	409	98	1160	0,0,0,96,2,0	19962	0	109	169416	126890	70009	137688,137686,139717,151265,149572,145415,145415	1	11	28479,27464,57453,97318,77065,48,0	10	7556
165689	172	304	542	40	38	5	2	4	9001	903	2046	699	1820	9	16	370	87	1016	0,0,0,96,3,0	10464	0	88	169439	126962	70009	137489,137486,139526,151163,149495,145295,145295	1	2	28479,27464,57453,97318,77139,59,0	11	7540
166227	161	259	477	41	33	4	2	4	8585	903	2050	665	2037	8	16	340	77	900	0,0,0,93,6,0	10531	0	87	169453	127041	70009	137305,137301,139349,151061,149415,145178,145178	0	4	28479,27464,57453,97318,77204,75,0	10	7529
166791	136	227	402	43	35	4	0	5	8143	904	2056	664	2001	6	22	312	79	768	0,0,0,93,6,0	10409	0	62	169460	127098	70009	137111,137107,139162,150945,149321,145045,145044	0	1	28479,27464,57453,97318,77256,79,0	10	7522
167367	108	212	375	34	28	5	1	5	7646	904	2061	661	1716	7	9	279	64	699	0,0,0,92,7,0	10288	0	60	169467	127154	70009	136914,136910,138972,150830,149229,144914,144914	0	4	28479,27464,57453,97318,77302,87,0	8	7517
167955	107	182	322	27	20	4	1	5	7154	904	2065	664	1936	3	11	248	58	605	0,0,0,91,8,0	10197	0	54	169473	127206	70009	136711,136707,138778,150710,149131,144777,144777	0	4	28479,27464,57453,97318,77343,96,0	8	7511
168467	100	165	264	22	18	4	1	5	6726	904	2070	674	1804	2	7	226	48	526	0,0,0,88,11,0	19514	0	44	169480	127248	70009	136526,136523,138602,150601,149042,144653,144653	0	3	28479,27464,57453,97318,77372,111,0	9	7505
168966	83	153	237	23	20	4	1	5	6274	904	2076	673	1856	4	10	204	44	477	0,0,0,87,12,0	19586	0	47	169485	127292	70009	136350,136346,138434,150497,148957,144534,144533	0	3	28479,27464,57453,97318,77406,116,0	7	7501
169421	70	143	200	20	23	2	1	4	5876	904	2082	672	1975	3	9	183	41	418	0,0,0,85,14,0	10270	0	34	169492	127323	70009	136169,136165,138259,150387,148863,144411,144411	0	2	28479,27464,57453,97318,77431,125,0	6	7495
169827	72	124	175	14	20	2	1	3	5519	904	2085	670	1788	4	7	163	36	372	0,0,0,84,15,0	10346	0	36	169504	127351	70009	136010,136006,138108,150284,148776,144298,144297	0	3	28479,27464,57453,97318,77458,134,0	5	7486
170227	62	108	170	10	19	2	1	3	5152	904	2088	666	1764	2	8	150	35	337	0,0,0,82,17,0	10170	0	26	169508	127377	70009	135843,135837,137947,150175,148681,144177,144176	0	0	28479,27464,57453,97318,77475,142,0	8	7482
170632	44	114	149	8	14	2	2	2	4783	904	2092	659	1962	2	11	137	34	299	0,0,0,79,20,0	10255	0	26	169511	127404	70009	135675,135668,137783,150068,148587,144058,144057	0	1	28479,27464,57453,97318,77485,154,0	8	7479
171025	45	95	131	10	10	2	2	1	4422	904	2099	683	1798	4	5	124	24	271	0,0,0,75,24,0	10374	0	29	169518	127428	70009	135509,135499,137621,149963,148496,143940,143939	0	1	28479,27464,57453,97318,77505,165,0	10	7474
171395	54	76	117	12	11	1	1	2	4072	904	2101	681	1784	4	3	104	20	252	0,0,0,72,27,0	19397	0	25	169524	127452	70009	135357,135349,137476,149867,148413,143833,143832	0	2	28479,27464,57453,97318,77520,178,0	7	7469
171707	50	66	113	8	12	0	1	2	3780	904	2103	697	1837	1	5	95	22	228	0,0,0,70,30,0	19553	0	21	169530	127470	70009	135218,135210,137342,149772,148330,143730,143728	0	1	28479,27464,57453,97318,77531,187,0	4	7464
172027	47	67	91	6	5	0	0	3	3490	904	2106	689	1796	0	6	85	12	204	0,0,0,66,33,0	10252	0	18	169534	127491	70009	135066,135058,137193,149669,148237,143617,143614	0	1	28479,27464,57453,97318,77537,203,0	2	7462
172335	44	65	80	5	5	0	0	2	3194	904	2112	645	1959	2	1	78	8	191	0,0,0,63,36,0	10185	0	19	169538	127510	70009	134919,134910,137049,149571,148147,143508,143505	0	0	28479,27464,57453,97318,77548,212,0	2	7458
172586	37	62	67	5	6	0	0	2	2961	904	2116	687	1788	1	4	71	10	167	0,0,0,59,40,0	10083	0	16	169540	127526	70009	134782,134773,136916,149475,148060,143405,143401	0	2	28479,27464,57453,97318,77557,220,0	2	7457
172825	32	58	60	5	6	0	0	2	2734	904	2120	738	1767	0	3	63	9	152	0,0,0,51,48,0	10213	0	17	169544	127541	70009	134652,134643,136791,149380,147974,143304,143300	0	1	28479,27464,57453,97318,77561,235,0	4	7455
173046	33	44	72	1	5	0	0	2	2515	904	2124	721	1822	1	1	54	6	149	0,0,0,47,52,0	10212	0	18	169549	127556	70009	134526,134517,136668,149288,147890,143206,143202	0	1	28479,27464,57453,97318,77566,249,0	1	7452
173273	29	40	65	3	6	0	0	2	2295	904	2129	708	1809	2	3	48	9	134	0,0,0,46,53,0	19586	0	9	169552	127564	70009	134404,134395,136550,149200,147809,143111,143106	0	1	28479,27464,57453,97318,77569,257,0	0	7449
173478	34	37	58	5	6	0	0	1	2089	904	2134	712	1824	2	1	41	11	129	0,0,0,41,58,0	19541	0	17	169555	127583	70009	134285,134276,136433,149115,147732,143021,143016	0	1	28479,27464,57453,97318,77572,274,0	0	7447
173643	37	43	45	4	4	0	0	0	1930	904	2136	710	1839	0	3	41	11	122	0,0,0,38,61,0	10091	0	11	169560	127595	70009	134168,134159,136319,149025,147648,142927,142921	0	1	28479,27464,57453,97318,77578,285,0	0	7442
173791	30	49	40	4	4	0	1	0	1785	904	2138	697	1738	2	2	36	11	117	0,0,0,33,66,0	10142	0	11	169561	127610	70009	134053,134046,136207,148936,147565,142834,142828	0	1	28479,27464,57453,97318,77580,299,0	1	7441
173950	24	51	41	5	4	0	1	0	1623	904	2143	667	1970	3	4	37	12	114	0,0,0,29,70,0	10161	0	8	169563	127621	70009	133934,133927,136090,148848,147483,142741,142735	0	0	28479,27464,57453,97318,77582,310,0	2	7440
174111	29	40	49	3	4	0	0	1	1459	904	2146	678	1844	0	3	36	11	114	0,0,0,28,72,0	10143	0	9	169567	127632	70009	133819,133811,135977,148760,147402,142649,142642	0	1	28479,27464,57453,97318,77585,322,0	0	7437
174249	33	41	51	2	3	0	0	1	1314	904	2148	699	1752	1	2	35	7	123	0,0,0,24,75,0	10152	0	17	169570	127650	70009	133705,133697,135864,148673,147319,142558,142551	0	0	28479,27464,57453,97318,77587,339,0	0	7435
174355	27	39	51	5	2	0	0	1	1207	904	2155	669	1887	1	1	33	6	118	0,0,0,23,76,0	19412	0	11	169573	127659	70009	133604,133596,135764,148594,147244,142476,142469	0	1	28479,27464,57453,97318,77590,347,0	0	7433
174474	18	40	46	4	2	0	0	1	1099	904	2158	707	1748	0	0	30	3	107	0,0,0,22,77,0	19570	0	6	169573	127666	70009	133500,133492,135662,148513,147168,142393,142384	0	0	28479,27464,57453,97318,77592,352,0	0	7433
174566	27	36	40	9	2	0	0	1	996	904	2165	698	1725	0	0	24	3	111	0,0,0,20,79,0	10145	0	19	169576	127686	70009	133393,133386,135557,148430,147087,142307,142298	0	0	28479,27464,57453,97318,77595,371,0	0	7432
174659	33	27	44	7	2	0	0	1	902	904	2167	701	1871	0	3	23	3	110	0,0,0,19,80,0	10138	0	14	169576	127701	70009	133286,133279,135451,148346,147007,142220,142211	0	1	28479,27464,57453,97318,77598,382,0	0	7432
174742	27	40	40	6	1	0	0	1	816	904	2169	682	1831	1	3	22	5	109	0,0,0,18,81,0	10195	0	13	169578	127714	70009	133182,133175,135349,148264,146928,142137,142126	0	0	28479,27464,57453,97318,77600,395,0	0	7430
174819	23	45	40	1	2	0	0	1	739	904	2172	655	1814	0	1	21	3	108	0,0,0,17,82,0	10227	0	10	169581	127725	70009	133080,133073,135248,148184,146851,142054,142043	0	0	28479,27464,57453,97318,77601,408,0	0	7428
174874	30	43	42	3	2	0	0	0	671	904	2177	682	1821	1	1	20	3	117	0,0,0,17,82,0	10142	0	12	169582	127743	70009	132983,132976,135151,148102,146771,141971,141960	0	1	28479,27464,57453,97318,77603,424,0	0	7427
174925	33	37	46	2	4	0	0	0	617	904	2178	679	1743	1	0	17	3	119	0,0,0,17,82,0	19418	0	12	169585	127757	70009	132894,132887,135063,148030,146702,141899,141888	0	0	28479,27464,57453,97318,77605,439,0	0	7424
174970	29	35	45	2	4	0	0	0	571	904	2186	688	1819	1	1	15	5	110	0,0,0,16,83,0	19387	0	7	169585	127765	70009	132810,132803,134979,147958,146630,141826,141813	0	0	28479,27464,57453,97318,77605,447,0	0	7424
175008	24	49	35	1	4	0	0	0	527	904	2194	671	1815	0	1	14	6	107	0,0,0,13,86,0	10109	0	15	169587	127783	70009	132714,132707,134884,147879,146553,141747,141734	0	1	28479,27464,57453,97318,77607,465,0	0	7422
175045	29	46	38	2	3	0	0	0	480	904	2199	694	1825	0	1	14	5	113	0,0,0,13,86,0	10150	0	10	169588	127796	70009	132621,132614,134791,147802,146478,141669,141655	0	0	28479,27464,57453,97318,77609,477,0	0	7421
175085	27	38	48	1	4	0	0	0	436	904	2203	694	1800	0	1	15	4	114	0,0,0,12,87,0	10230	0	15	169591	127810	70009	132530,132522,134700,147727,146406,141595,141580	0	0	28479,27464,57453,97318,77611,492,0	0	7418
175120	21	36	47	0	4	0	0	0	408	904	2206	694	1770	0	3	17	5	103	0,0,0,11,88,0	10055	0	7	169591	127818	70009	132436,132429,134607,147649,146329,141516,141500	0	0	28479,27464,57453,97318,77611,500,0	1	7418
175152	17	37	43	1	5	0	0	0	375	904	2212	671	1839	1	1	15	3	100	0,0,0,7,92,0	10113	0	10	169593	127829	70009	132344,132338,134516,147571,146252,141438,141421	0	0	28479,27464,57453,97318,77611,513,0	0	7417
175165	20	30	43	1	3	0	0	0	367	904	2213	689	1782	0	1	13	5	92	0,0,0,4,95,0	19516	0	10	169595	127841	70009	132265,132259,134437,147502,146183,141369,141351	0	0	28479,27464,57453,97318,77611,527,0	0	7415
175177	19	27	40	3	1	0	0	0	357	904	2218	696	1835	0	1	13	2	88	0,0,0,4,95,0	19391	0	7	169595	127850	70009	132187,132181,134359,147431,146114,141298,141281	0	0	28479,27464,57453,97318,77611,535,0	0	7415
175200	13	30	34	4	1	0	0	0	340	904	2220	717	1806	0	0	12	2	80	0,0,0,3,96,0	10038	0	4	169597	127855	70009	132092,132086,134265,147353,146036,141219,141202	0	0	28479,27464,57453,97318,77612,541,0	0	7413
175213	12	29	32	2	1	0	0	0	327	904	2226	671	1807	0	1	13	2	74	0,0,0,2,97,0	10145	0	7	169598	127863	70009	132003,131997,134176,147279,145962,141145,141127	0	0	28479,27464,57453,97318,77612,550,0	0	7412
175232	17	19	31	2	3	0	0	0	309	904	2229	677	1974	1	1	13	2	70	0,0,0,2,97,0	10120	0	6	169598	127873	70009	131917,131910,134090,147202,145885,141068,141049	0	0	28479,27464,57453,97318,77612,560,0	1	7412
175239	19	18	28	2	4	0	0	0	299	904	2233	680	1812	0	0	13	3	68	0,0,0,1,98,0	10049	0	7	169600	127881	70009	131832,131826,134005,147128,145812,140995,140975	0	0	28479,27464,57453,97318,77612,570,0	0	7411
175242	18	22	22	2	3	0	0	0	295	904	2238	682	1775	0	3	15	6	61	0,0,0,1,98,0	10119	0	7	169602	127888	70009	131746,131739,133919,147053,145737,140920,140900	0	0	28479,27464,57453,97318,77612,579,0	0	7409
175253	12	22	25	2	1	0	0	0	285	904	2242	702	1799	0	0	13	4	58	0,0,0,1,98,0	19642	0	4	169602	127893	70009	131667,131660,133840,146982,145667,140850,140829	0	0	28479,27464,57453,97318,77612,584,0	1	7409
175260	15	23	27	1	1	0	0	0	271	904	2244	661	1831	1	0	10	2	65	0,0,0,1,98,0	19374	0	6	169603	127906	70009	131588,131581,133762,146916,145601,140784,140762	0	0	28479,27464,57453,97318,77612,598,0	1	7408
175265	25	21	22	0	1	0	0	0	260	904	2248	681	1731	0	0	9	2	67	0,0,0,1,98,0	10158	0	8	169607	127916	70009	131501,131493,133674,146842,145527,140711,140688	0	0	28479,27464,57453,97318,77612,612,0	0	7404
175266	24	26	19	1	1	0	0	0	254	904	2251	695	1858	0	0	8	2	69	0,0,0,0,100,0	10198	0	7	169608	127927	70009	131415,131408,133588,146769,145454,140638,140615	0	0	28479,27464,57453,97318,77612,624,0	0	7403
175275	23	25	25	1	0	0	0	0	238	904	2255	674	1796	0	0	7	1	73	0,0,0,0,100,0	10114	0	7	169610	127933	70009	131329,131321,133502,146696,145381,140566,140542	0	0	28479,27464,57453,97318,77612,632,0	0	7401
175288	14	31	28	0	1	0	0	0	223	904	2257	724	1811	0	0	7	0	74	0,0,0,0,100,0	10165	0	3	169611	127939	70009	131242,131234,133414,146622,145307,140493,140468	0	0	28479,27464,57453,97318,77612,639,0	0	7400
175288	19	29	22	2	1	0	0	0	220	904	2261	720	1838	0	1	7	1	72	0,0,0,0,100,0	10276	0	8	169612	127951	70009	131156,131148,133329,146548,145234,140419,140394	0	0	28479,27464,57453,97318,77612,652,0	0	7399
175286	24	26	26	2	2	0	0	0	214	904	2262	719	1772	0	1	7	1	79	0,0,0,0,100,0	19143	0	9	169613	127965	70009	131080,131072,133253,146481,145167,140353,140327	0	1	28479,27464,57453,97318,77612,667,0	0	7398
175295	18	27	28	1	0	1	0	0	209	904	2263	737	1847	0	2	8	2	73	0,0,0,0,100,0	19641	0	4	169614	127970	70009	131002,130994,133175,146413,145099,140286,140259	0	1	28479,27464,57453,97318,77612,673,0	0	7397
175296	16	33	24	1	0	1	0	0	201	904	2270	715	1837	1	0	5	1	74	0,0,0,0,100,0	10164	0	9	169615	127981	70009	130915,130908,133089,146338,145024,140212,140184	0	1	28479,27464,57453,97318,77612,685,0	1	7396
175303	17	27	24	1	1	1	0	0	196	904	2272	712	1732	0	0	5	2	69	0,0,0,0,100,0	10126	0	4	169615	127987	70009	130829,130822,133004,146264,144951,140139,140110	0	0	28479,27464,57453,97318,77612,691,0	1	7396
175300	18	24	27	3	2	1	0	0	189	904	2278	683	1831	0	1	6	3	72	0,0,0,0,100,0	9986	0	8	169615	127998	70009	130746,130738,132919,146192,144878,140067,140037	0	0	28479,27464,57453,97318,77612,702,0	1	7396
175297	24	20	31	3	1	1	0	0	182	904	2283	688	1816	1	0	6	2	78	0,0,0,0,100,0	10200	0	5	169616	128009	70009	130662,130654,132836,146120,144807,139997,139966	0	0	28479,27464,57453,97318,77612,714,0	1	7395
175287	21	28	32	2	2	1	0	0	182	904	2287	681	1932	1	1	8	4	82	0,0,0,0,100,0	10155	0	5	169621	128016	70009	130581,130573,132755,146051,144738,139928,139897	0	0	28479,27464,57453,97318,77612,726,0	1	7390
175294	19	30	29	2	1	1	0	0	177	904	2289	648	1830	1	1	10	3	79	0,0,0,0,100,0	19385	0	5	169624	128022	70009	130502,130494,132676,145986,144673,139864,139832	0	1	28479,27464,57453,97318,77612,735,0	1	7387
175290	15	28	34	1	4	0	0	0	174	904	2296	650	1754	1	1	12	4	78	0,0,0,0,100,0	19383	0	8	169625	128032	70009	130427,130419,132601,145920,144607,139799,139767	0	0	28479,27464,57453,97318,77612,746,0	0	7386
175288	20	24	37	1	3	0	0	0	171	904	2298	658	1770	0	3	15	5	80	0,0,0,0,100,0	10106	0	9	169626	128043	70009	130339,130331,132513,145847,144534,139727,139693	0	0	28479,27464,57453,97318,77612,758,0	0	7385
175281	22	25	37	0	2	0	1	0	174	904	2300	674	1796	1	0	14	4	83	0,0,0,0,100,0	10067	0	10	169627	128055	70009	130255,130247,132429,145778,144466,139659,139625	0	1	28479,27464,57453,97318,77612,771,0	0	7384
175274	20	29	30	2	3	0	1	0	178	904	2305	672	1873	3	1	14	4	81	0,0,0,0,100,0	10121	0	9	169629	128065	70009	130174,130166,132348,145712,144399,139593,139559	0	0	28479,27464,57453,97318,77612,783,0	1	7382
175267	22	29	32	2	3	0	1	0	177	904	2309	652	1820	0	1	16	7	82	0,0,0,0,100,0	10047	0	12	169631	128079	70009	130094,130086,132268,145645,144332,139527,139492	0	0	28479,27464,57453,97318,77612,799,0	1	7380
175274	19	27	34	1	2	0	1	0	175	904	2309	695	1714	0	2	18	6	78	0,0,0,0,100,0	10059	0	3	169632	128085	70009	130007,129999,132182,145573,144260,139456,139420	0	0	28479,27464,57453,97318,77612,806,0	1	7380
175271	13	31	29	1	4	0	1	0	179	904	2313	677	1767	2	0	15	5	74	0,0,0,0,100,0	19445	0	6	169632	128093	70009	129931,129923,132106,145510,144197,139393,139356	0	0	28479,27464,57453,97318,77612,814,0	1	7380
175270	17	28	29	3	5	0	1	0	170	904	2319	679	1767	0	2	19	8	75	0,0,0,0,100,0	19444	0	9	169633	128104	70009	129856,129849,132032,145448,144135,139333,139294	0	0	28479,27464,57453,97318,77612,826,0	1	7379
175272	15	25	35	4	3	0	1	0	167	904	2320	663	1887	0	2	20	7	76	0,0,0,0,100,0	10283	0	6	169636	128109	70009	129768,129760,131944,145377,144065,139263,139224	0	0	28479,27464,57453,97318,77612,834,0	1	7376
175277	17	21	32	3	3	0	1	0	164	904	2324	641	1829	0	0	17	5	72	0,0,0,0,100,0	10230	0	8	169636	128119	70009	129681,129674,131858,145308,143996,139195,139155	0	0	28479,27464,57453,97318,77612,844,0	1	7376
175266	23	26	26	2	2	0	2	0	169	904	2326	636	1745	0	0	13	4	77	0,0,0,0,100,0	10108	0	12	169637	128136	70009	129600,129593,131777,145244,143932,139132,139091	0	0	28479,27464,57453,97318,77612,862,0	1	7375
175262	28	26	25	3	0	0	2	0	167	904	2329	639	1775	0	0	10	3	81	0,0,0,0,100,0	10134	0	10	169638	128148	70009	129518,129511,131695,145178,143865,139066,139024	0	0	28479,27464,57453,97318,77612,875,0	2	7375
175256	23	28	34	2	1	0	1	1	163	904	2333	654	1801	0	1	10	3	86	0,0,0,0,100,0	10140	0	9	169642	128155	70009	129434,129427,131612,145113,143801,139002,138960	0	0	28479,27464,57453,97318,77612,886,0	1	7372
175254	26	31	31	2	1	0	1	1	157	904	2338	644	1800	0	0	9	2	90	0,0,0,0,100,0	19457	0	12	169642	128170	70009	129359,129351,131536,145053,143741,138943,138900	0	1	28479,27464,57453,97318,77612,901,0	1	7372
175244	33	29	30	2	1	0	1	1	161	904	2340	671	1898	1	0	8	2	94	0,0,0,0,100,0	19198	0	17	169645	128187	70009	129287,129280,131464,144997,143685,138888,138844	0	0	28479,27464,57453,97318,77612,921,0	1	7369
175228	34	37	27	3	2	0	1	0	168	904	2342	669	1941	0	2	8	5	99	0,0,0,0,100,0	10000	0	16	169645	128209	70009	129202,129195,131379,144929,143617,138821,138777	0	0	28479,27464,57453,97318,77612,943,0	2	7369
175219	34	43	25	4	2	0	1	0	168	904	2346	665	1843	0	1	9	6	103	0,0,0,0,100,0	9979	0	12	169648	128225	70009	129120,129114,131297,144867,143554,138760,138715	0	0	28479,27464,57453,97318,77612,962,0	1	7367
175204	37	41	36	3	2	0	1	1	169	904	2348	670	1711	0	1	8	3	117	0,0,0,0,100,0	10112	0	19	169651	128245	70009	129040,129034,131217,144806,143493,138700,138654	0	0	28479,27464,57453,97318,77612,985,0	0	7365
175185	39	50	41	4	3	0	1	1	166	904	2352	672	1984	2	4	10	5	133	0,0,0,0,100,0	10083	0	21	169655	128267	70009	128962,128956,131138,144747,143434,138643,138596	0	2	28479,27464,57453,97318,77612,1011,0	2	7361
175170	43	49	53	5	2	0	1	1	163	904	2355	640	1757	2	1	13	6	147	0,0,0,0,100,0	10057	0	23	169660	128287	70009	128880,128873,131056,144687,143375,138584,138536	0	3	28479,27464,57453,97318,77612,1036,0	1	7356
175148	43	51	60	5	3	0	1	1	171	904	2359	621	1819	0	2	17	9	154	0,0,0,0,100,0	19415	0	24	169662	128312	70009	128809,128803,130986,144633,143322,138532,138483	0	3	28479,27464,57453,97318,77612,1063,0	1	7354
175134	41	57	56	4	3	0	0	2	185	904	2360	587	1790	4	2	19	9	152	0,0,0,0,100,0	19388	0	15	169664	128330	70009	128737,128731,130913,144576,143265,138476,138427	0	2	28479,27464,57453,97318,77612,1083,0	0	7352
175118	46	63	56	6	2	0	0	2	186	904	2363	603	1980	1	1	22	11	162	0,0,0,0,100,0	10144	0	26	169666	128359	70009	128654,128647,130830,144515,143204,138416,138366	0	1	28479,27464,57453,97318,77612,1114,0	0	7350
175083	59	72	54	5	4	0	0	2	196	904	2367	599	1735	2	0	23	9	185	0,0,0,0,100,0	10128	0	37	169669	128397	70009	128578,128571,130754,144459,143148,138362,138312	0	2	28479,27464,57453,97318,77612,1155,0	0	7347
175047	67	74	63	3	5	0	0	2	209	904	2372	601	1920	1	3	27	11	201	0,0,0,0,100,0	9896	0	35	169675	128431	70009	128506,128499,130680,144407,143096,138312,138261	0	1	28479,27464,57453,97318,77612,1195,0	0	7343
175021	56	83	74	3	6	0	0	2	219	904	2378	568	1784	5	1	26	8	214	0,0,0,0,100,0	10062	0	27	169675	128462	70009	128429,128422,130603,144348,143037,138255,138203	0	1	28479,27464,57453,97318,77612,1226,0	0	7343
174986	57	93	67	5	8	0	0	2	244	904	2380	568	1818	2	2	29	10	220	0,0,0,0,100,0	9917	0	42	169679	128501	70009	128351,128344,130525,144291,142981,138200,138147	0	2	28479,27464,57453,97318,77612,1269,0	0	7339
174948	68	94	78	7	6	0	0	2	258	904	2381	591	1764	1	2	28	11	242	0,0,0,0,100,0	19112	0	44	169685	128545	70009	128287,128280,130460,144244,142933,138155,138101	0	2	28479,27464,57453,97318,77612,1319,0	0	7334
174911	79	95	79	5	7	1	0	2	279	904	2384	603	1872	2	1	24	11	255	0,0,0,0,100,0	19265	0	44	169690	128590	70009	128219,128213,130392,144199,142888,138111,138057	0	2	28479,27464,57453,97318,77612,1369,0	0	7329
174873	94	90	87	11	11	1	0	2	283	904	2390	591	1736	1	4	28	13	281	0,0,0,0,100,0	10120	0	52	169697	128638	70009	128141,128135,130313,144147,142837,138063,138007	0	1	28479,27464,57453,97318,77612,1423,0	1	7322
174825	112	105	82	9	9	1	0	2	306	904	2391	575	1812	0	5	29	13	305	0,0,0,0,100,0	10028	0	57	169704	128697	70009	128073,128068,130245,144100,142790,138018,137961	0	2	28479,27464,57453,97318,77612,1489,0	1	7317
174784	105	116	104	7	10	2	0	2	317	904	2395	576	1832	1	4	31	11	333	0,0,0,0,100,0	9929	0	52	169712	128743	70009	128005,128000,130176,144051,142743,137972,137914	0	1	28479,27464,57453,97318,77612,1542,0	1	7311
174725	109	151	113	5	9	2	0	2	330	904	2396	597	1780	2	4	34	13	376	0,0,0,0,100,0	10084	0	76	169722	128815	70009	127938,127933,130109,144011,142704,137936,137875	0	1	28479,27464,57453,97318,77612,1624,0	2	7302
174661	141	153	121	8	5	2	0	2	351	904	2398	613	1755	1	5	39	12	418	0,0,0,0,100,0	10171	0	77	169731	128891	70009	127873,127868,130043,143968,142662,137896,137835	0	2	28479,27464,57453,97318,77612,1709,0	3	7293
174604	141	161	141	10	10	2	0	2	369	904	2402	629	1801	0	3	38	12	453	0,0,0,0,100,0	19403	0	64	169740	128954	70009	127814,127809,129983,143930,142625,137862,137799	0	1	28479,27464,57453,97318,77612,1781,0	4	7285
174533	130	183	164	9	9	1	0	2	404	904	2407	635	1765	1	5	41	12	484	0,0,0,0,100,0	19492	0	77	169751	129028	70009	127758,127753,129926,143895,142591,137830,137766	0	2	28479,27464,57453,97318,77612,1866,0	5	7275
174447	159	187	185	8	9	1	0	1	432	904	2413	622	1976	5	7	47	13	536	0,0,0,0,100,0	10111	0	103	169757	129130	70009	127693,127688,129859,143858,142555,137798,137732	0	4	28479,27464,57453,97318,77612,1973,0	4	7269
174344	199	212	176	9	7	2	0	1	475	904	2417	628	1785	4	3	49	14	591	0,0,0,0,100,0	10061	0	125	169771	129246	70009	127640,127636,129804,143829,142527,137775,137707	0	4	28479,27464,57453,97318,77612,2102,0	6	7256
174245	205	238	197	7	8	1	0	1	517	904	2423	611	1798	5	5	54	17	639	0,0,0,0,100,0	9968	0	113	169788	129345	70009	127586,127583,129749,143799,142497,137750,137681	0	1	28479,27464,57453,97318,77612,2217,0	4	7241
174142	204	265	208	13	9	1	0	1	570	904	2429	607	1805	2	5	60	22	678	0,0,0,0,100,0	10134	0	119	169804	129450	70009	127536,127533,129698,143768,142469,137725,137654	0	5	28479,27464,57453,97318,77612,2338,0	3	7228
174028	231	279	219	16	17	1	0	0	620	904	2431	614	1724	8	3	59	19	744	0,0,0,0,100,0	10024	0	142	169822	129577	70009	127483,127480,129642,143743,142445,137705,137633	0	3	28479,27464,57453,97318,77612,2482,0	3	7210
173918	231	292	252	14	21	1	0	0	672	904	2441	604	1985	5	9	69	22	789	0,0,0,0,100,0	19196	0	125	169840	129689	70009	127439,127436,129597,143725,142428,137693,137618	0	5	28479,27464,57453,97318,77612,2612,0	4	7195
173804	231	328	259	14	30	1	0	0	732	904	2443	612	1981	3	10	79	31	832	0,0,0,0,100,0	19397	0	140	169864	129812	70009	127404,127400,129560,143718,142421,137691,137614	0	6	28479,27464,57453,97318,77612,2759,0	4	7174
173678	258	340	276	18	30	2	0	0	794	904	2446	604	1944	5	11	86	33	891	0,0,0,0,100,0	10257	0	164	169879	129963	70009	127359,127355,129512,143698,142403,137679,137599	0	5	28479,27464,57453,97318,77612,2923,0	2	7163
173535	290	355	304	22	30	2	1	0	854	904	2449	597	1929	9	13	98	36	968	0,0,0,0,100,0	10206	0	177	169901	130123	70009	127316,127313,129469,143690,142397,137678,137596	0	7	28479,27464,57453,97318,77612,3105,0	4	7144
173375	308	395	340	26	29	2	1	0	912	904	2454	597	1889	6	15	116	49	1052	0,0,0,0,100,0	10180	0	201	169930	130298	70009	127284,127281,129435,143690,142400,137688,137602	0	12	28479,27464,57453,97318,77612,3308,0	7	7120
173203	327	442	371	24	28	2	1	0	987	904	2457	634	1841	11	13	123	47	1148	0,0,0,0,100,0	10213	0	215	169959	130489	70009	127252,127249,129400,143696,142406,137702,137613	0	11	28479,27464,57453,97318,77612,3525,0	14	7095
172988	380	477	418	22	30	2	1	0	1062	904	2462	633	1877	8	12	137	49	1281	0,0,0,0,100,0	10157	0	259	169986	130730	70009	127233,127231,129379,143711,142421,137726,137634	0	14	28479,27464,57453,97318,77612,3791,0	13	7074
172845	379	485	451	26	31	1	2	0	1157	904	2465	636	2008	14	14	148	53	1322	0,0,0,0,100,0	19437	0	198	170008	130908	70009	127204,127202,129347,143713,142425,137736,137640	0	9	28479,27464,57453,97318,77612,3990,0	14	7054
172661	397	544	486	31	41	1	2	0	1211	904	2468	608	1797	13	11	160	65	1437	0,0,0,0,100,0	19603	0	259	170044	131140	70009	127194,127192,129335,143736,142449,137771,137669	0	16	28479,27464,57453,97318,77612,4257,0	19	7025
172414	466	592	501	35	41	1	2	0	1316	904	2474	640	1733	12	21	188	77	1561	0,0,0,0,100,0	10178	0	314	170084	131421	70009	127189,127188,129327,143767,142482,137815,137709	1	21	28479,27464,57453,97318,77612,4576,0	21	6997
172188	510	613	538	39	40	2	2	0	1433	904	2477	657	1828	13	16	202	81	1663	0,0,0,0,100,0	10286	0	295	170111	131700	70009	127177,127173,129310,143784,142501,137845,137734	1	11	28479,27464,57453,97318,77612,4881,0	21	6971
171927	546	677	604	49	49	1	2	0	1504	904	2483	662	2006	22	22	216	97	1831	0,0,0,0,100,0	10182	0	356	170149	132021	70009	127178,127175,129309,143823,142545,137901,137784	1	14	28479,27464,57453,97318,77612,5237,0	24	6937
171671	593	717	638	50	49	1	1	1	1635	904	2486	656	1909	22	19	236	113	1936	0,0,0,0,100,0	10409	0	346	170197	132327	70009	127183,127182,129312,143867,142593,137960,137836	1	18	28479,27464,57453,97318,77612,5587,0	14	6897
171354	643	786	671	51	45	2	0	2	1796	904	2492	660	1876	16	30	271	127	2071	0,0,0,0,100,0	10224	0	394	170233	132692	70009	127198,127197,129323,143916,142646,138026,137897	1	21	28479,27464,57453,97318,77612,5982,0	17	6866
171136	604	852	732	59	38	2	0	2	1923	904	2494	658	1880	27	18	281	115	2172	0,0,0,0,100,0	19731	0	326	170264	132993	70009	127193,127191,129314,143944,142674,138069,137933	1	17	28479,27464,57453,97318,77612,6310,0	19	6836
170853	612	910	767	61	39	2	0	2	2096	904	2500	643	1939	23	17	302	117	2274	0,0,0,0,100,0	19930	0	388	170327	133330	70009	127220,127219,129335,144016,142751,138159,138016	1	19	28479,27464,57453,97318,77612,6708,0	13	6782
170479	722	917	820	63	48	2	0	2	2283	904	2506	642	1803	17	28	324	127	2445	0,0,0,0,100,0	10478	0	473	170370	133770	70009	127255,127255,129362,144089,142827,138251,138100	1	14	28479,27464,57453,97318,77612,7187,0	22	6743
170069	820	959	897	64	56	2	0	2	2463	904	2510	664	1981	22	27	338	125	2673	0,0,0,0,100,0	10473	0	522	170421	134245	70009	127313,127313,129414,144170,142915,138356,138197	1	34	28479,27464,57453,97318,77612,7709,0	26	6700
169735	833	1034	929	67	62	3	0	2	2664	904	2513	648	1956	27	39	366	136	2792	0,0,0,0,100,0	10431	0	473	170466	134676	70009	127343,127342,129437,144235,142983,138443,138274	1	24	28479,27464,57453,97318,77612,8180,0	25	6660
169317	876	1128	1027	71	76	3	0	1	2827	904	2516	648	1886	33	27	380	144	3037	0,0,0,0,100,0	10292	0	565	170517	135195	70009	127405,127405,129494,144322,143074,138555,138376	2	29	28479,27464,57453,97318,77612,8743,0	27	6615
168865	1006	1203	1039	66	83	2	0	0	3059	904	2519	655	1986	39	44	420	169	3230	0,0,0,0,100,0	10314	0	634	170587	135764	70009	127476,127475,129556,144448,143204,138707,138517	2	38	28479,27464,57453,97318,77612,9377,0	36	6552
168490	1012	1259	1109	73	88	1	0	0	3290	904	2520	670	1956	33	30	447	173	3369	0,0,0,0,100,0	19836	0	563	170644	136279	70009	127535,127535,129609,144542,143304,138829,138626	2	35	28479,27464,57453,97318,77612,9943,0	40	6505
168135	940	1409	1173	83	83	3	0	0	3492	904	2524	664	2026	32	31	459	179	3512	0,0,0,0,100,0	19886	0	548	170717	136762	70009	127591,127591,129660,144644,143412,138957,138742	2	38	28479,27464,57453,97318,77612,10491,0	42	6445
167566	1087	1476	1267	97	84	5	0	0	3733	904	2527	652	1999	36	50	492	198	3818	0,0,0,0,100,0	10477	0	758	170783	137469	70009	127690,127692,129752,144792,143568,139139,138910	2	42	28479,27464,57453,97318,77612,11258,0	48	6385
