S	E	I1	I2	I3	I4	I5_h	I6_h	R_h	R	D1	D2	H	T	P1	P2	Q	QT	NQ	MUT	HOM	VAC	NI	INF	REINF	BSTR	IMM	HCI	HCE	INFV	INFH	VNI
178145	101	134	47	46	39	6	2	0	225	1	0	188	0	0	0	53	53	322	0,0,0,0,0,0	178745	0	0	375	0	0	601,601,601,601,601,601,601	0	0	0,0,0,0,0,0,0	0	0
178080	88	204	46	44	31	7	3	0	242	1	0	285	303	0	65	77	51	372	0,0,0,0,0,0	12684	0	79	454	0	0	666,666,666,666,666,666,666	0	3	79,0,0,0,0,0,0	9	0
178021	108	199	71	42	39	7	6	0	251	1	1	405	158	0	19	269	66	406	0,0,0,0,0,0	12660	0	69	523	0	0	725,725,725,725,725,725,725	0	4	148,0,0,0,0,0,0	12	0
177939	127	217	93	37	51	8	8	0	261	1	4	464	305	1	22	346	89	452	0,0,0,0,0,0	12996	0	97	620	0	0	808,808,808,808,808,808,808	0	7	245,0,0,0,0,0,0	17	0
177867	136	223	105	42	61	9	8	0	288	1	6	542	95	1	18	446	116	468	0,0,0,0,0,0	24834	0	83	703	0	0	881,881,881,881,881,881,881	0	3	328,0,0,0,0,0,0	21	0
177805	130	236	118	51	62	11	8	0	312	1	12	583	321	2	21	530	142	474	0,0,0,0,0,0	24825	0	77	781	0	0	949,949,949,949,949,949,949	0	6	406,0,0,0,0,0,0	23	0
177726	116	277	121	51	70	11	9	0	348	1	16	621	312	1	22	894	174	481	0,0,0,0,0,0	13387	0	92	873	1	0	1032,1032,1032,1031,1031,1031,1031	0	6	499,0,0,0,0,0,0	21	0
177629	121	295	138	64	58	10	8	1	400	1	21	638	267	0	27	1313	206	488	0,0,0,0,0,0	13866	0	102	972	4	0	1131,1131,1131,1130,1130,1130,1130	0	7	601,0,0,0,0,0,0	21	0
177546	133	295	150	74	60	12	12	1	441	1	21	657	84	1	19	1410	215	521	0,0,0,0,0,0	14046	0	100	1071	5	0	1221,1220,1220,1218,1218,1218,1218	0	10	701,0,0,0,0,0,0	24	0
177464	153	298	146	75	68	14	14	1	488	1	24	690	239	1	29	1749	264	504	0,0,0,0,0,0	14472	0	98	1170	6	0	1311,1310,1310,1307,1307,1307,1307	0	7	801,0,0,0,0,0,0	28	0
177398	150	300	164	79	61	18	14	2	530	2	28	704	270	0	19	2188	266	520	0,0,0,0,0,0	14833	0	90	1259	7	0	1391,1389,1389,1383,1383,1383,1383	1	11	891,0,0,0,0,0,0	31	0
177339	143	312	168	76	69	19	14	2	571	3	30	735	84	0	20	2227	265	536	0,0,0,0,0,0	26825	0	91	1350	7	0	1470,1467,1467,1456,1456,1456,1456	1	5	982,0,0,0,0,0,0	39	0
177273	137	296	196	88	84	20	14	2	596	4	36	719	90	1	25	2360	271	564	0,0,0,0,0,0	27142	0	91	1442	8	0	1555,1550,1550,1534,1534,1534,1534	0	5	1075,0,0,0,0,0,0	42	0
177193	152	296	199	85	82	23	16	2	654	5	39	740	259	0	30	2526	272	581	0,0,0,0,0,0	15258	0	112	1554	8	0	1654,1648,1648,1628,1628,1628,1628	1	10	1187,0,0,0,0,0,0	41	0
177115	145	311	204	87	82	24	15	3	712	5	43	705	239	0	38	2679	287	581	0,0,0,0,0,0	15392	0	104	1659	8	0	1749,1742,1742,1717,1717,1717,1717	1	8	1292,0,0,0,0,0,0	50	0
177047	146	322	201	90	94	25	16	4	751	5	45	687	296	0	31	2749	299	595	0,0,0,0,0,0	15674	0	108	1766	10	0	1846,1836,1836,1802,1802,1802,1802	1	10	1401,0,0,0,0,0,0	49	0
176959	171	331	206	82	92	27	16	4	803	5	50	655	307	1	39	2801	321	604	0,0,0,0,0,0	15728	0	130	1893	13	0	1964,1952,1952,1910,1910,1910,1910	1	12	1530,0,0,0,0,0,0	54	0
176883	181	345	196	87	94	29	15	4	849	6	57	665	240	1	33	2720	321	626	0,0,0,0,0,0	15823	0	123	2017	13	0	2080,2064,2064,2009,2009,2009,2009	1	15	1654,0,0,0,0,0,0	54	0
176790	197	369	216	84	87	30	15	4	888	6	60	689	284	0	27	2671	319	679	0,0,0,0,0,0	27130	0	140	2156	14	0	2212,2192,2192,2124,2124,2124,2124	1	14	1794,0,0,0,0,0,0	57	0
176700	201	396	207	91	94	32	17	4	934	6	64	656	293	1	28	2586	326	712	0,0,0,0,0,0	27321	0	139	2294	16	0	2342,2319,2319,2237,2237,2237,2237	1	11	1934,0,0,0,0,0,0	63	0
176606	211	421	227	102	82	31	19	3	968	6	70	647	248	0	36	2559	336	757	0,0,0,0,0,0	15577	0	147	2439	18	0	2478,2451,2451,2355,2355,2355,2355	1	11	2081,0,0,0,0,0,0	70	0
176521	225	420	232	119	92	34	22	3	996	7	75	637	232	1	29	2478	340	804	0,0,0,0,0,0	15342	0	152	2588	21	0	2617,2585,2585,2470,2470,2470,2470	1	11	2231,0,0,0,0,0,0	68	0
176387	244	459	232	112	104	31	23	3	1066	8	77	627	254	2	44	2593	359	846	0,0,0,0,0,0	15358	0	182	2767	25	0	2789,2753,2753,2625,2625,2625,2625	1	23	2411,0,0,0,0,0,0	68	0
176263	254	487	245	132	115	32	21	4	1101	10	82	657	241	2	37	2595	368	918	0,0,0,0,0,0	15545	0	174	2941	27	0	2953,2914,2914,2772,2772,2772,2772	1	16	2585,0,0,0,0,0,0	64	0
176126	257	521	264	146	112	30	20	6	1168	11	85	658	250	3	44	2763	402	948	0,0,0,0,0,0	15734	0	184	3123	29	0	3127,3084,3084,2930,2930,2930,2930	1	14	2767,0,0,0,0,0,0	63	0
176050	255	520	264	154	116	32	21	8	1225	11	90	709	257	1	33	2605	391	971	0,0,0,0,0,0	27189	0	150	3273	29	0	3270,3220,3220,3042,3042,3042,3042	2	9	2917,0,0,0,0,0,0	67	0
175941	274	519	296	147	116	32	19	8	1290	12	92	686	247	4	50	2529	404	999	0,0,0,0,0,0	27267	0	176	3451	29	0	3437,3382,3382,3183,3183,3183,3183	2	14	3095,0,0,0,0,0,0	66	0
175799	296	545	323	151	124	34	18	7	1338	14	97	682	240	1	45	2807	434	1057	0,0,0,0,0,0	15702	0	219	3668	31	0	3650,3587,3587,3362,3362,3362,3362	2	22	3314,0,0,0,0,0,0	68	0
175688	302	567	316	154	133	33	20	8	1409	14	102	658	273	1	51	2984	477	1048	0,0,0,0,0,0	15691	0	179	3846	33	0	3823,3754,3754,3506,3506,3506,3506	2	20	3492,0,0,0,0,0,0	76	0
175567	299	611	324	151	150	36	19	7	1459	17	106	632	234	1	57	3078	503	1087	0,0,0,0,0,0	15911	0	213	4058	35	0	4028,3950,3950,3671,3671,3671,3671	2	24	3705,0,0,0,0,0,0	91	0
175406	303	634	346	164	164	39	18	8	1534	19	111	605	255	0	62	3493	539	1129	0,0,0,0,0,0	16311	0	234	4292	36	0	4256,4171,4171,3868,3868,3868,3868	2	35	3939,0,0,0,0,0,0	85	0
175283	312	639	381	168	168	47	19	11	1586	19	113	602	264	2	62	3796	578	1156	0,0,0,0,0,0	16507	0	207	4499	38	0	4456,4363,4363,4031,4031,4031,4031	2	21	4146,0,0,0,0,0,0	87	0
175174	308	644	407	172	160	55	19	9	1661	21	116	590	235	3	45	3750	588	1177	0,0,0,0,0,0	28072	0	201	4700	39	0	4649,4548,4548,4185,4185,4185,4185	2	18	4348,0,0,0,0,0,0	94	0
175087	303	656	406	173	171	55	21	8	1724	22	120	589	298	2	66	3643	606	1179	0,0,0,0,0,0	28167	0	196	4894	41	0	4833,4722,4722,4324,4324,4324,4324	3	23	4542,0,0,0,0,0,0	114	0
174925	337	695	421	166	182	59	20	7	1782	24	128	572	326	2	60	4012	648	1232	0,0,0,0,0,0	16963	0	270	5166	41	0	5096,4974,4974,4539,4539,4539,4539	3	30	4814,0,0,0,0,0,0	110	0
174798	346	684	448	180	189	56	21	7	1861	25	131	586	265	4	61	4227	663	1261	0,0,0,0,0,0	16796	0	224	5390	42	0	5310,5179,5179,4711,4711,4711,4711	3	23	5038,0,0,0,0,0,0	108	0
174695	326	726	443	187	179	65	23	9	1933	25	135	626	249	6	55	4095	653	1296	0,0,0,0,0,0	17256	0	221	5611	43	0	5520,5379,5379,4870,4870,4870,4870	3	23	5259,0,0,0,0,0,0	115	0
174524	367	749	432	192	184	69	21	10	2030	27	141	585	264	6	74	4190	646	1368	0,0,0,0,0,0	17120	0	267	5879	44	0	5784,5632,5632,5089,5089,5089,5089	3	33	5527,0,0,0,0,0,0	138	0
174348	375	810	430	217	190	63	25	9	2102	30	147	547	334	4	66	4594	684	1426	0,0,0,0,0,0	17275	0	287	6161	50	0	6056,5895,5895,5316,5316,5316,5316	3	43	5809,0,0,0,0,0,0	136	0
174197	397	811	461	212	209	62	27	11	2178	30	151	548	259	4	72	4380	690	1489	0,0,0,0,0,0	28817	0	276	6437	51	0	6325,6152,6152,5528,5528,5528,5528	3	30	6085,0,0,0,0,0,0	137	0
174042	420	820	492	199	234	62	27	12	2252	32	154	555	239	2	74	4264	714	1540	0,0,0,0,0,0	28450	0	281	6718	55	0	6598,6412,6412,5743,5743,5743,5743	4	26	6368,0,0,0,0,0,0	136	0
173863	446	865	508	192	245	63	29	12	2327	33	163	571	228	1	83	4283	751	1597	0,0,0,0,0,0	17186	0	320	7035	60	0	6910,6710,6710,5990,5990,5990,5990	4	32	6686,0,0,0,0,0,0	133	0
173692	455	865	516	222	259	61	31	12	2428	36	169	577	243	4	77	4824	786	1623	0,0,0,0,0,0	17444	0	294	7328	63	0	7196,6983,6983,6219,6219,6219,6219	4	35	6979,0,0,0,0,0,0	118	0
173540	462	889	529	242	278	60	32	10	2495	36	173	597	250	3	92	5207	834	1658	0,0,0,0,0,0	17609	0	321	7646	67	0	7503,7274,7274,6450,6450,6450,6450	4	26	7297,0,0,0,0,0,0	132	0
173367	501	908	548	260	269	60	34	11	2575	37	176	589	237	2	82	5505	886	1694	0,0,0,0,0,0	18162	0	327	7972	68	0	7819,7575,7575,6697,6697,6697,6697	4	36	7623,0,0,0,0,0,0	142	0
173175	490	970	560	259	264	60	35	11	2703	38	181	551	275	7	86	5632	895	1743	0,0,0,0,0,0	18394	0	334	8304	71	0	8146,7888,7888,6957,6957,6957,6957	4	43	7956,0,0,0,0,0,0	132	0
173044	483	987	585	259	263	64	35	12	2786	43	185	544	238	0	85	5717	939	1737	0,0,0,0,0,0	29731	0	296	8599	74	0	8433,8158,8158,7168,7168,7168,7168	4	25	8252,0,0,0,0,0,0	142	0
172915	466	993	609	259	276	69	35	12	2879	46	187	530	242	3	65	5548	923	1784	0,0,0,0,0,0	29923	0	289	8887	75	0	8712,8422,8422,7373,7373,7373,7373	4	24	8540,0,0,0,0,0,0	141	0
172733	490	1024	626	251	280	73	42	12	2978	46	191	525	301	5	111	6375	967	1819	0,0,0,0,0,0	19315	0	359	9247	77	0	9063,8755,8755,7640,7640,7640,7640	4	34	8900,0,0,0,0,0,0	155	0
172572	523	1013	627	284	275	73	40	13	3086	49	191	535	239	2	73	6504	941	1894	0,0,0,0,0,0	19117	0	343	9589	80	0	9391,9065,9065,7885,7885,7885,7885	4	30	9242,0,0,0,0,0,0	150	0
172455	524	1017	629	286	287	72	40	12	3179	51	194	505	253	5	98	6919	965	1890	0,0,0,0,0,0	34656	0	321	9907	86	0	9699,9352,9352,8098,8098,8098,8098	5	31	9561,0,0,0,0,0,0	146	0
172295	531	999	646	275	313	83	52	7	3299	51	195	491	240	3	75	7164	994	1905	0,0,0,0,0,0	35355	0	327	10235	88	0	10016,9653,9653,8337,8337,8337,8337	5	46	9889,0,0,0,0,0,0	153	0
172203	497	1028	645	287	319	77	52	8	3374	55	201	483	257	9	121	7068	1024	1881	0,0,0,0,0,0	35026	0	305	10540	90	0	10311,9926,9926,8531,8531,8531,8531	5	30	10194,0,0,0,0,0,0	168	0
172089	515	1018	640	284	322	82	53	7	3475	58	203	490	229	5	95	7040	1042	1872	0,0,0,0,0,0	47786	0	327	10866	93	0	10625,10218,10218,8746,8746,8746,8746	4	22	10520,0,0,0,0,0,0	179	0
172070	488	976	670	277	320	78	51	7	3540	61	208	498	253	5	85	7231	1040	1820	0,0,0,0,0,0	48107	0	237	11103	95	0	10852,10423,10423,8870,8870,8870,8870	4	23	10757,0,0,0,0,0,0	181	0
171973	447	1014	665	289	315	77	52	7	3634	63	210	481	248	3	94	7536	1059	1800	0,0,0,0,0,0	35411	0	285	11388	96	0	11126,10678,10678,9055,9055,9055,9055	4	36	11042,0,0,0,0,0,0	176	0
171858	464	1003	663	305	297	84	51	6	3736	66	213	479	260	7	76	7692	992	1875	0,0,0,0,0,0	35720	0	311	11697	99	0	11421,10954,10954,9259,9259,9259,9259	5	37	11352,0,0,0,0,0,0	170	0
171778	479	963	651	307	320	90	50	7	3816	68	217	465	263	5	100	7455	1019	1841	0,0,0,0,0,0	35825	0	307	12006	100	0	11716,11225,11225,9446,9446,9446,9446	5	38	11661,0,0,0,0,0,0	176	0
171727	495	954	645	296	292	85	47	10	3907	71	217	480	322	3	93	7371	1022	1792	0,0,0,0,0,0	35286	0	281	12287	101	0	11982,11468,11468,9605,9605,9605,9605	5	28	11943,0,0,0,0,0,0	172	0
171676	477	992	627	300	271	86	48	11	3961	78	219	464	270	5	78	7647	1010	1791	0,0,0,0,0,0	35258	0	298	12590	102	0	12270,11731,11731,9774,9774,9774,9774	5	42	12246,0,0,0,0,0,0	161	0
171635	431	980	615	291	283	89	45	8	4067	81	221	464	255	4	81	7139	990	1744	0,0,0,0,0,0	48451	0	251	12837	108	0	12504,11944,11944,9911,9911,9911,9911	5	20	12494,0,0,0,0,0,0	178	0
171624	405	955	652	284	279	91	48	9	4092	84	223	459	210	1	70	7071	980	1734	0,0,0,0,0,0	48119	0	254	13090	110	0	12742,12158,12158,10036,10036,10036,10036	5	25	12747,0,0,0,0,0,0	182	0
171581	426	919	673	288	282	86	49	10	4117	89	226	447	339	2	88	7068	931	1792	0,0,0,0,0,0	35127	0	303	13392	113	0	13029,12419,12419,10201,10201,10201,10201	5	40	13049,0,0,0,0,0,0	174	0
171547	434	904	627	295	281	84	50	11	4192	91	230	441	76	1	114	7128	978	1697	0,0,0,0,0,0	34934	0	268	13658	116	0	13280,12646,12646,10341,10341,10341,10341	5	28	13316,0,0,0,0,0,0	170	0
171531	407	930	616	284	282	78	47	12	4232	94	233	447	245	5	88	7044	929	1715	0,0,0,0,0,0	34982	0	285	13943	118	0	13549,12888,12888,10483,10483,10483,10483	5	35	13601,0,0,0,0,0,0	160	0
171497	422	908	631	266	264	89	50	10	4274	99	236	444	308	5	85	6534	914	1716	0,0,0,0,0,0	34616	0	284	14220	127	0	13812,13126,13126,10630,10630,10630,10630	5	37	13879,0,0,0,0,0,0	150	0
171518	433	892	596	264	269	87	50	9	4290	100	238	438	247	7	90	6779	929	1662	0,0,0,0,0,0	34374	0	260	14481	130	0	14054,13340,13340,10739,10739,10739,10739	5	25	14140,0,0,0,0,0,0	165	0
171549	393	899	617	243	277	89	46	9	4280	104	240	427	263	4	71	6501	915	1649	0,0,0,0,0,0	47559	0	243	14722	135	0	14277,13536,13536,10835,10835,10835,10835	5	19	14381,0,0,0,0,0,0	167	0
171601	379	873	616	251	269	92	42	9	4264	109	241	443	322	6	83	6588	898	1624	0,0,0,0,0,0	47630	0	228	14953	135	0	14488,13719,13719,10914,10914,10914,10914	4	19	14612,0,0,0,0,0,0	171	0
171582	400	820	628	253	269	90	44	7	4298	113	242	442	263	4	88	6685	927	1577	0,0,0,0,0,0	34651	0	258	15209	138	0	14728,13935,13935,11041,11041,11041,11041	4	30	14868,0,0,0,0,0,0	167	0
171604	385	797	619	272	261	86	47	5	4308	115	247	455	244	4	80	6583	909	1558	0,0,0,0,0,0	34268	0	237	15442	144	0	14946,14127,14127,11136,11136,11136,11136	4	25	15103,0,0,0,0,0,0	178	0
171602	392	801	596	268	259	89	49	6	4318	116	250	427	252	3	75	6401	889	1565	0,0,0,0,0,0	34554	0	271	15709	148	0	15196,14350,14350,11260,11260,11260,11260	4	38	15370,0,0,0,0,0,0	177	0
171634	370	818	592	256	259	88	46	7	4304	121	251	418	244	3	92	6640	917	1512	0,0,0,0,0,0	34515	0	244	15951	150	0	15420,14546,14546,11353,11353,11353,11353	4	31	15612,0,0,0,0,0,0	166	0
171663	354	838	586	261	254	86	47	10	4269	123	255	407	243	3	98	6597	935	1491	0,0,0,0,0,0	34598	0	255	16206	151	0	15657,14755,14755,11455,11455,11455,11455	4	28	15867,0,0,0,0,0,0	163	0
171689	359	821	581	237	252	86	47	9	4283	124	258	424	111	4	59	6451	888	1495	0,0,0,0,0,0	47263	0	228	16436	151	0	15870,14942,14942,11546,11546,11546,11546	4	20	16097,0,0,0,0,0,0	175	0
171694	364	803	554	240	242	86	44	9	4321	128	261	398	285	3	75	6284	860	1473	0,0,0,0,0,0	46987	0	243	16675	157	0	16094,15141,15141,11653,11653,11653,11653	4	28	16336,0,0,0,0,0,0	179	0
171744	363	781	539	243	245	85	41	11	4300	133	261	406	272	1	74	5876	848	1449	0,0,0,0,0,0	33601	0	235	16909	161	0	16307,15326,15326,11731,11731,11731,11731	4	33	16570,0,0,0,0,0,0	164	0
171786	368	748	541	237	249	80	37	12	4288	138	262	396	279	4	83	5873	859	1401	0,0,0,0,0,0	33560	0	229	17136	163	0	16513,15505,15505,11809,11809,11809,11809	4	28	16797,0,0,0,0,0,0	152	0
171872	339	726	532	233	255	85	31	15	4253	141	264	412	255	3	77	5835	857	1344	0,0,0,0,0,0	33809	0	191	17322	168	0	16681,15645,15645,11846,11846,11846,11846	4	18	16984,0,0,0,0,0,0	145	0
171920	342	706	555	239	247	86	29	15	4198	142	267	426	303	3	81	5899	874	1330	0,0,0,0,0,0	34173	0	227	17544	173	0	16885,15822,15822,11920,11920,11920,11920	4	27	17206,0,0,0,0,0,0	142	0
171985	327	696	533	230	261	94	31	16	4159	144	270	446	336	2	60	6314	854	1318	0,0,0,0,0,0	34212	0	204	17745	177	0	17069,15979,15979,11975,11975,11975,11975	4	18	17408,0,0,0,0,0,0	146	0
172067	297	723	520	208	249	93	29	15	4127	147	271	440	273	2	59	6209	816	1303	0,0,0,0,0,0	47249	0	198	17941	179	0	17245,16127,16127,12019,12019,12019,12019	4	14	17604,0,0,0,0,0,0	153	0
172155	267	726	508	206	252	93	26	15	4076	151	271	428	228	5	68	5815	784	1294	0,0,0,0,0,0	47059	0	195	18133	183	0	17416,16270,16270,12057,12057,12057,12057	4	16	17796,0,0,0,0,0,0	156	0
172217	294	661	507	196	261	93	29	14	4043	153	278	425	316	3	60	5711	732	1309	0,0,0,0,0,0	33917	0	200	18330	186	0	17597,16425,16425,12112,12112,12112,12112	4	21	17993,0,0,0,0,0,0	145	0
172304	315	639	496	197	242	91	25	11	3989	158	279	425	260	4	73	6080	749	1256	0,0,0,0,0,0	34001	0	197	18523	190	0	17768,16567,16567,12149,12149,12149,12149	4	25	18186,0,0,0,0,0,0	144	0
172375	300	648	476	202	230	87	27	9	3949	161	282	408	249	0	53	6273	698	1272	0,0,0,0,0,0	34043	0	207	18725	195	0	17950,16722,16722,12199,12199,12199,12199	4	21	18388,0,0,0,0,0,0	141	0
172436	299	671	460	199	224	80	29	8	3893	162	285	409	340	2	66	6016	689	1273	0,0,0,0,0,0	33986	0	205	18926	199	0	18133,16878,16878,12255,12255,12255,12255	4	17	18589,0,0,0,0,0,0	137	0
172472	315	663	448	200	211	75	30	8	3875	163	286	438	263	2	51	5685	653	1289	0,0,0,0,0,0	33820	0	213	19133	205	0	18320,17042,17042,12325,12325,12325,12325	4	22	18796,0,0,0,0,0,0	130	0
172542	321	650	447	199	218	70	30	10	3804	164	291	441	255	2	53	5238	648	1287	0,0,0,0,0,0	46658	0	201	19329	210	0	18500,17194,17194,12375,12375,12375,12375	3	19	18992,0,0,0,0,0,0	132	0
172655	297	611	467	201	218	72	27	10	3724	167	297	427	256	1	52	5135	652	1241	0,0,0,0,0,0	46467	0	161	19484	216	0	18639,17306,17306,12383,12383,12383,12383	3	18	19147,0,0,0,0,0,0	127	0
172706	273	645	451	204	199	69	24	9	3695	171	300	410	258	0	68	5042	651	1214	0,0,0,0,0,0	33121	0	210	19695	217	0	18829,17470,17470,12446,12446,12446,12446	3	22	19358,0,0,0,0,0,0	119	0
172751	308	611	450	198	191	65	26	10	3665	171	300	423	247	3	60	4903	623	1226	0,0,0,0,0,0	33003	0	205	19900	219	0	19012,17627,17627,12508,12508,12508,12508	3	24	19563,0,0,0,0,0,0	124	0
172801	289	602	429	206	191	64	28	8	3654	173	301	429	222	1	60	4756	620	1189	0,0,0,0,0,0	32922	0	169	20068	222	0	19161,17755,17755,12551,12551,12551,12551	3	15	19731,0,0,0,0,0,0	112	0
172901	264	591	428	199	174	63	29	8	3612	175	302	442	251	3	60	4779	636	1112	0,0,0,0,0,0	45998	0	138	20206	224	0	19278,17848,17848,12552,12552,12552,12552	3	7	19869,0,0,0,0,0,0	109	0
172994	246	586	432	182	174	61	31	7	3553	176	304	454	295	2	44	4512	605	1107	0,0,0,0,0,0	46015	0	156	20357	229	0	19411,17956,17956,12565,12565,12565,12565	3	15	20020,0,0,0,0,0,0	110	0
173075	263	564	410	176	168	55	30	6	3511	179	309	448	254	3	44	4405	577	1089	0,0,0,0,0,0	45712	0	169	20523	232	0	19561,18081,18081,12593,12593,12593,12593	3	16	20187,0,0,0,0,0,0	109	0
173166	242	542	428	165	159	54	32	5	3462	180	311	439	252	4	43	4472	540	1082	0,0,0,0,0,0	45798	20	141	20662	234	0	19681,18178,18178,12602,12602,12602,12602	3	12	20326,0,0,0,0,0,0	113	17
173261	231	533	427	166	157	54	28	5	3390	183	311	432	300	5	49	4500	539	1057	0,0,0,0,0,0	32506	28	152	20812	237	0	19810,18283,18283,12611,12611,12611,12611	3	14	20476,0,0,0,0,0,0	99	42
173320	235	535	396	180	155	52	23	6	3340	190	314	410	269	0	58	4091	552	1024	0,0,0,0,0,0	32797	22	163	20973	239	0	19953,18403,18403,12645,12645,12645,12645	2	9	20638,0,0,0,0,0,0	96	60
173427	242	504	382	181	153	50	22	8	3268	190	319	405	305	1	48	4072	546	988	0,0,0,0,0,0	32143	25	136	21105	243	0	20069,18495,18495,12641,12641,12641,12641	2	17	20771,0,0,0,0,0,0	94	80
173534	232	492	376	179	149	47	21	7	3194	194	321	410	270	3	40	4082	506	990	0,0,0,0,0,0	32281	36	140	21246	243	0	20190,18591,18591,12640,12640,12640,12640	2	10	20912,0,0,0,0,0,0	90	114
173614	235	498	357	168	135	49	22	7	3141	194	326	409	236	1	49	4127	501	963	0,0,0,0,0,0	32288	29	156	21399	246	0	20326,18703,18703,12660,12660,12660,12660	2	20	21065,0,0,0,0,0,0	87	139
173745	200	481	350	160	121	40	22	5	3100	194	328	422	255	4	44	4082	473	901	0,0,0,0,0,0	39001	26	99	21498	248	0	20406,18760,18760,12627,12627,12627,12627	2	11	21164,0,0,0,0,0,0	83	162
173828	197	465	336	155	123	40	22	5	3052	194	329	453	243	2	38	3836	446	892	0,0,0,0,0,0	38753	148	122	21618	251	0	20515,18848,18848,12632,12632,12632,12632	2	10	21284,0,0,0,0,0,0	83	287
173875	223	432	336	159	123	42	19	6	3004	197	330	454	251	4	48	4099	456	878	0,0,0,0,0,0	27241	131	158	21774	253	0	20661,18974,18974,12672,12672,12672,12672	2	10	21440,0,0,0,0,0,0	82	392
173938	225	424	331	157	115	44	20	6	2956	198	332	461	233	4	47	3978	452	864	0,0,0,0,0,0	27122	150	133	21906	254	0	20779,19073,19073,12690,12690,12690,12690	2	14	21572,0,0,0,0,0,0	90	521
174031	210	433	327	134	113	44	23	5	2891	198	337	457	256	2	48	3995	461	823	0,0,0,0,0,0	26980	137	129	22034	255	0	20898,19168,19168,12694,12694,12694,12694	2	15	21700,0,0,0,0,0,0	87	633
174058	224	415	307	136	116	46	21	6	2876	199	342	475	254	1	43	4258	460	805	0,0,0,0,0,0	27038	141	138	22169	259	0	21032,19287,19287,12738,12738,12738,12738	2	15	21835,0,0,0,0,0,0	83	756
174148	222	434	272	142	115	47	19	7	2792	201	347	473	246	3	44	4008	462	789	0,0,0,0,0,0	27133	147	127	22296	261	0	21154,19386,19386,12744,12744,12744,12744	2	15	21962,0,0,0,0,0,0	81	873
174214	225	400	278	135	135	47	16	9	2737	203	347	479	266	2	35	3947	461	775	0,0,0,0,0,0	38691	153	120	22412	265	0	21260,19474,19474,12755,12755,12755,12755	2	18	22078,0,0,0,0,0,0	84	1008
174297	187	405	292	129	135	50	15	8	2673	205	350	472	242	2	43	3848	457	756	0,0,0,0,0,0	38863	172	103	22515	266	0	21395,19590,19590,12772,12772,12772,12772	2	12	22181,0,0,0,0,0,0	85	1148
174345	188	409	277	138	135	45	14	7	2631	207	350	479	246	3	42	3560	472	734	0,0,0,0,0,0	26847	141	132	22647	266	0	21547,19724,19724,12814,12814,12814,12814	2	17	22313,0,0,0,0,0,0	79	1259
174379	205	394	283	137	139	45	13	6	2583	209	353	492	256	4	38	3911	481	735	0,0,0,0,0,0	26830	146	132	22777	269	0	21708,19868,19868,12866,12866,12866,12866	2	19	22443,0,0,0,0,0,0	83	1381
174437	198	401	258	128	144	45	12	8	2549	210	356	487	259	3	62	4144	489	697	0,0,0,0,0,0	27130	158	121	22898	269	0	21854,19996,19996,12900,12900,12900,12900	2	18	22564,0,0,0,0,0,0	76	1503
174524	207	402	252	130	134	46	12	8	2461	211	359	510	206	3	40	4038	491	692	0,0,0,0,0,0	27071	131	118	23014	271	0	21999,20120,20120,12918,12918,12918,12918	2	15	22680,0,0,0,0,0,0	77	1610
174566	215	397	252	125	123	48	16	8	2420	211	365	483	304	3	31	4071	456	720	0,0,0,0,0,0	27386	140	128	23139	275	0	22156,20260,20260,12964,12964,12964,12964	2	16	22805,0,0,0,0,0,0	82	1720
174639	216	382	274	126	113	49	18	7	2342	211	369	452	91	3	39	3674	451	727	0,0,0,0,0,0	38982	149	118	23258	275	0	22309,20393,20393,12995,12995,12995,12995	2	13	22924,0,0,0,0,0,0	84	1842
174720	196	380	278	127	101	48	20	7	2289	211	369	466	258	2	28	3687	429	721	0,0,0,0,0,0	38779	67	88	23347	275	0	22432,20500,20500,13005,13005,13005,13005	2	7	23013,0,0,0,0,0,0	83	1898
174780	180	373	262	123	105	52	20	7	2262	211	371	470	291	2	41	3459	412	703	0,0,0,0,0,0	26815	72	105	23453	277	0	22563,20614,20614,13028,13028,13028,13028	2	1	23120,0,0,0,0,0,0	76	1956
174811	181	358	263	126	107	49	21	5	2241	211	373	478	95	0	29	3338	390	715	0,0,0,0,0,0	26376	69	112	23566	278	0	22703,20740,20740,13070,13070,13070,13070	2	11	23233,0,0,0,0,0,0	81	2015
174843	186	356	263	131	106	46	20	6	2205	211	373	474	259	2	36	3302	393	715	0,0,0,0,0,0	26504	78	114	23683	278	0	22850,20871,20871,13115,13115,13115,13115	2	5	23350,0,0,0,0,0,0	82	2079
174892	162	381	241	108	116	48	19	7	2185	212	375	469	112	1	32	3107	375	700	0,0,0,0,0,0	26515	71	102	23785	278	0	22974,20980,20980,13140,13140,13140,13140	2	12	23452,0,0,0,0,0,0	82	2139
174935	167	371	242	98	119	43	21	8	2152	212	378	452	234	2	36	3101	381	680	0,0,0,0,0,0	26257	73	104	23889	279	0	23104,21095,21095,13171,13171,13171,13171	2	10	23556,0,0,0,0,0,0	87	2191
174992	153	356	240	94	129	39	24	8	2116	213	382	464	226	2	36	2845	377	658	0,0,0,0,0,0	37605	68	89	23977	281	0	23224,21200,21200,13189,13189,13189,13189	1	7	23644,0,0,0,0,0,0	82	2243
175026	144	370	227	98	126	36	26	7	2087	214	385	481	252	1	37	2631	369	658	0,0,0,0,0,0	37661	210	113	24089	282	0	23348,21310,21310,13222,13222,13222,13222	1	11	23756,0,0,0,0,0,0	81	2410
175086	138	365	221	108	122	36	29	6	2034	214	387	485	280	3	43	2679	387	632	0,0,0,0,0,0	25680	203	98	24187	282	0	23458,21404,21404,13233,13233,13233,13233	1	8	23854,0,0,0,0,0,0	89	2577
175133	147	343	220	110	116	36	30	6	1999	214	392	489	97	2	44	2760	410	592	0,0,0,0,0,0	25755	194	100	24286	283	0	23569,21500,21500,13251,13251,13251,13251	1	11	23953,0,0,0,0,0,0	80	2731
175180	150	323	225	108	110	35	31	4	1969	215	396	492	253	1	27	2863	388	594	0,0,0,0,0,0	25635	186	96	24381	284	0	23677,21594,21594,13268,13268,13268,13268	1	5	24048,0,0,0,0,0,0	77	2877
175222	143	341	221	91	106	32	32	4	1937	216	401	486	281	2	27	2953	372	594	0,0,0,0,0,0	26204	205	91	24470	286	0	23786,21689,21689,13287,13287,13287,13287	1	13	24137,0,0,0,0,0,0	76	3039
175275	145	317	228	93	97	30	31	4	1906	217	403	490	276	2	19	2958	341	600	0,0,0,0,0,0	26027	187	93	24560	290	0	23888,21777,21777,13297,13297,13297,13297	1	9	24227,0,0,0,0,0,0	74	3190
175349	137	310	200	93	101	32	26	5	1869	219	405	496	76	1	26	2864	338	561	0,0,0,0,0,0	37837	214	77	24634	294	0	23973,21847,21847,13288,13288,13288,13288	1	5	24302,0,0,0,0,0,0	79	3355
175380	119	306	199	96	87	34	19	7	1869	224	406	486	100	1	27	2638	327	533	0,0,0,0,0,0	37648	148	76	24710	295	0	24140,22005,22005,13344,13344,13344,13344	1	6	24379,0,0,0,0,0,0	71	3470
175409	139	277	206	98	87	38	19	7	1828	226	412	475	327	1	34	2540	325	539	0,0,0,0,0,0	25955	194	90	24801	295	0	24318,22171,22171,13405,13405,13405,13405	1	10	24470,0,0,0,0,0,0	73	3626
175439	159	287	210	90	79	36	19	8	1776	226	417	458	237	0	30	2486	321	559	5,0,0,0,0,0	25517	150	74	24917	298	0	24521,22361,22361,13477,13477,13477,13477	1	5	24543,45,0,0,0,0,0	70	3739
175402	181	300	228	82	82	39	19	7	1759	228	419	462	94	1	17	2523	301	630	10,0,0,0,0,0	25625	184	98	25055	300	0	24739,22569,22569,13591,13591,13591,13591	1	9	24627,100,0,0,0,0,0	73	3882
175393	215	300	221	92	78	38	19	7	1731	230	422	482	234	0	25	2615	286	677	16,0,0,0,0,0	25561	156	97	25184	303	0	24962,22780,22780,13691,13691,13691,13691	1	4	24696,163,0,0,0,0,0	66	4008
175382	217	330	210	95	78	37	17	6	1717	233	424	494	248	1	29	2282	297	687	21,0,0,0,0,0	25443	174	98	25300	307	0	25163,22973,22973,13785,13785,13785,13785	1	8	24765,212,0,0,0,0,0	65	4147
175342	231	386	206	90	76	36	17	8	1694	233	427	505	273	1	24	2430	297	745	27,0,0,0,0,0	37130	162	114	25456	307	0	25413,23212,23212,13915,13915,13915,13915	1	6	24837,296,0,0,0,0,0	67	4262
175278	247	438	212	90	84	35	16	9	1673	235	429	551	92	0	22	2270	293	829	35,0,0,0,0,0	37638	135	140	25634	307	0	25668,23456,23456,14061,14061,14061,14061	1	4	24896,415,0,0,0,0,0	67	4362
175233	255	455	241	91	89	32	14	8	1658	237	433	543	234	0	41	2514	331	846	39,0,0,0,0,0	25702	127	160	25790	312	0	25908,23687,23687,14189,14189,14189,14189	1	9	24970,500,0,0,0,0,0	69	4458
175181	264	478	247	107	98	32	15	7	1645	237	435	564	243	3	32	2601	349	892	42,0,0,0,0,0	25602	139	166	25954	315	0	26138,23907,23906,14313,14313,14313,14313	1	6	25040,597,0,0,0,0,0	67	4564
175148	248	512	256	114	117	32	17	7	1620	237	438	543	226	0	31	2897	359	937	47,0,0,0,0,0	25980	138	163	26116	318	0	26379,24138,24137,14436,14436,14436,14436	1	13	25098,703,0,0,0,0,0	66	4663
175070	263	539	273	119	132	32	18	7	1615	237	441	523	296	4	55	3009	415	961	51,0,0,0,0,0	26109	130	189	26299	324	0	26631,24380,24380,14586,14586,14586,14586	1	14	25158,831,0,0,0,0,0	63	4754
174997	257	563	302	145	134	30	19	8	1610	239	442	511	264	1	34	3261	439	1011	54,0,0,0,0,0	26099	121	182	26478	327	0	26884,24625,24623,14734,14734,14734,14734	1	9	25212,958,0,0,0,0,0	66	4847
174941	272	541	304	151	148	34	24	6	1643	239	443	512	260	2	45	3238	445	1029	56,0,0,0,0,0	38398	123	171	26644	332	0	27120,24853,24851,14865,14865,14865,14865	1	10	25271,1067,0,0,0,0,0	66	4932
174881	255	559	297	162	149	38	20	6	1688	242	449	517	304	1	53	3462	465	1015	57,0,0,0,0,0	38194	290	165	26806	336	0	27325,25049,25046,14980,14980,14980,14980	1	10	25331,1170,0,0,0,0,0	75	5138
174786	281	563	310	155	162	38	20	5	1733	243	450	519	251	7	51	3491	488	1041	59,0,0,0,0,0	26660	296	209	27011	343	0	27564,25281,25276,15129,15129,15129,15129	1	10	25399,1312,0,0,0,0,0	77	5356
174746	275	575	318	156	161	39	24	3	1754	243	452	514	311	4	56	3622	523	1025	62,0,0,0,0,0	26755	291	174	27180	349	0	27770,25478,25471,15233,15233,15233,15233	1	13	25445,1439,0,0,0,0,0	86	5577
174665	290	593	317	177	156	36	24	3	1786	244	455	513	293	3	67	3728	561	1032	64,0,0,0,0,0	26855	285	199	27375	355	0	28006,25707,25698,15374,15374,15374,15374	1	8	25488,1594,0,0,0,0,0	78	5780
174563	308	611	336	178	178	42	23	4	1801	244	458	533	266	1	53	3871	582	1094	66,0,0,0,0,0	26941	287	224	27589	365	0	28252,25948,25936,15530,15530,15530,15530	1	26	25536,1767,0,0,0,0,0	81	5983
174410	354	649	317	184	187	40	23	4	1870	246	462	547	245	1	53	3924	597	1157	69,0,0,0,0,0	27343	294	248	27833	370	0	28532,26224,26210,15730,15730,15730,15730	1	17	25586,1964,0,0,0,0,0	91	6180
174319	345	669	335	178	194	42	20	7	1924	248	465	546	266	2	50	4059	589	1194	71,0,0,0,0,0	38845	275	216	28044	375	0	28768,26455,26438,15879,15879,15879,15879	1	14	25629,2134,0,0,0,0,0	90	6380
174215	362	680	344	170	210	45	19	7	1976	250	468	514	253	2	59	3637	574	1256	73,0,0,0,0,0	38824	600	230	28270	381	0	29109,26794,26773,16089,16089,16089,16089	1	10	25675,2317,0,0,0,0,0	92	6738
174100	389	684	381	192	200	53	19	6	1999	252	471	561	242	1	69	3822	617	1301	74,0,0,0,0,0	26705	590	253	28518	389	0	29468,27151,27125,16310,16310,16310,16310	1	22	25726,2521,0,0,0,0,0	98	7160
173946	432	688	404	197	205	52	24	6	2066	252	474	543	249	3	72	3896	633	1369	75,0,0,0,0,0	27000	592	273	28782	399	0	29844,27526,27496,16560,16560,16560,16560	1	22	25774,2747,0,0,0,0,0	111	7674
173754	453	741	408	209	222	52	27	5	2143	253	479	539	339	3	80	3953	689	1423	76,0,0,0,0,0	26848	607	313	29090	407	0	30255,27937,27902,16847,16847,16847,16847	1	13	25837,3000,0,0,0,0,0	113	8220
173632	431	785	425	211	235	50	28	5	2210	254	480	543	257	3	67	4315	714	1451	78,0,0,0,0,0	27323	605	260	29341	416	0	30614,28295,28255,17074,17074,17074,17074	1	21	25871,3226,0,0,0,0,0	121	8758
173439	461	835	427	224	248	49	29	7	2290	254	483	533	234	1	79	4754	762	1511	80,0,0,0,0,0	27342	627	319	29651	427	0	31025,28706,28661,17360,17360,17360,17360	2	25	25906,3508,0,0,0,0,0	112	9304
173313	469	852	466	239	266	53	29	5	2313	256	485	509	305	5	57	4682	768	1606	81,0,0,0,0,0	39509	609	280	29921	439	0	31400,29083,29031,17601,17601,17601,17601	2	15	25940,3754,0,0,0,0,0	118	9829
173138	498	895	483	237	270	55	32	3	2389	258	488	518	264	4	83	4741	803	1667	82,0,0,0,0,0	39361	803	324	30232	454	0	31856,29540,29481,17902,17902,17902,17902	2	14	25976,4041,0,0,0,0,0	131	10542
172964	515	970	506	255	272	57	35	4	2421	259	488	518	265	7	80	4779	840	1770	83,0,0,0,0,0	28064	789	345	30568	465	0	32368,30057,29988,18230,18230,18230,18230	2	23	26012,4351,0,0,0,0,0	130	11233
172752	530	1054	519	245	285	61	35	4	2511	262	488	510	262	6	102	5246	915	1814	84,0,0,0,0,0	28003	770	370	30927	477	0	32924,30618,30540,18600,18600,18600,18600	2	25	26051,4683,0,0,0,0,0	131	11906
172502	594	1040	562	273	311	63	37	3	2607	263	491	513	324	3	87	5600	924	1956	85,0,0,0,0,0	28360	748	397	31308	497	0	33530,31230,31143,19014,19014,19014,19014	2	19	26094,5039,0,0,0,0,0	135	12553
172227	628	1137	598	273	324	65	36	2	2699	265	492	497	326	3	100	5785	969	2092	86,0,0,0,0,0	28712	762	450	31743	514	0	34172,31876,31780,19458,19458,19458,19458	2	28	26143,5439,0,0,0,0,0	145	13213
171940	673	1216	627	286	332	66	39	2	2803	266	496	506	305	6	97	6167	1016	2223	87,0,0,0,0,0	28690	766	444	32173	531	0	34822,32530,32425,19911,19911,19911,19911	2	24	26178,5846,0,0,0,0,0	144	13881
171701	659	1268	678	294	356	67	44	3	2909	267	500	515	324	7	83	6231	1025	2341	87,0,0,0,0,0	40550	803	403	32560	550	0	35411,33128,33012,20316,20316,20316,20316	2	24	26213,6215,0,0,0,0,0	160	14559
171519	624	1297	707	331	374	71	48	3	2999	271	502	507	306	5	125	6415	1083	2369	88,0,0,0,0,0	40636	875	388	32931	569	0	36041,33767,33638,20709,20709,20709,20709	2	18	26241,6571,0,0,0,0,0	170	15313
171298	645	1346	730	340	392	73	53	3	3088	273	505	507	255	6	128	6703	1158	2421	89,0,0,0,0,0	46096	941	443	33356	588	0	36708,34443,34299,21137,21137,21137,21137	2	27	26267,6986,0,0,0,0,0	173	16092
171020	679	1358	755	353	411	78	53	3	3250	277	509	503	254	4	117	7283	1238	2449	90,0,0,0,0,0	46026	896	450	33785	610	0	37380,35125,34969,21595,21595,21595,21595	2	34	26291,7412,0,0,0,0,0	187	16850
170759	675	1354	767	374	424	85	55	4	3451	281	517	482	304	7	127	7669	1263	2471	91,0,0,0,0,0	46989	916	438	34205	628	0	38036,35792,35624,22038,22038,22038,22038	2	26	26321,7817,0,0,0,0,0	190	17638
170500	674	1389	796	374	405	92	60	5	3652	281	518	497	303	5	160	7974	1319	2471	91,0,0,0,0,0	46950	917	439	34628	645	0	38693,36460,36279,22482,22482,22482,22482	2	27	26342,8235,0,0,0,0,0	209	18409
170260	679	1392	840	366	427	101	61	5	3807	286	522	485	267	12	131	7967	1333	2533	92,0,0,0,0,0	47239	884	444	35057	664	0	39355,37135,36938,22918,22918,22918,22918	3	30	26354,8667,0,0,0,0,0	207	19148
170139	639	1378	836	380	438	108	63	6	3945	289	525	474	257	3	103	7937	1361	2481	92,0,0,0,0,0	70939	850	367	35406	684	0	39942,37737,37521,23260,23260,23260,23260	2	16	26375,9011,0,0,0,0,0	220	19876
170007	603	1389	852	398	434	114	61	5	4060	296	527	458	252	7	119	8198	1387	2464	93,0,0,0,0,0	71136	649	380	35773	701	0	40609,38421,38187,23652,23652,23652,23652	2	13	26394,9370,0,0,0,0,0	217	20410
169791	661	1372	861	404	438	114	60	5	4210	300	530	444	292	6	139	8513	1441	2469	93,0,0,0,0,0	47355	627	465	36221	719	0	41375,39206,38953,24132,24132,24132,24132	2	22	26413,9815,0,0,0,0,0	216	20913
169639	652	1377	866	400	441	115	60	6	4352	304	534	409	316	7	138	8667	1472	2439	94,0,0,0,0,0	47374	707	392	36591	743	0	42056,39906,39634,24535,24535,24535,24535	3	25	26431,10191,0,0,0,0,0	220	21489
169486	611	1380	879	433	425	119	62	7	4503	306	535	409	292	2	121	8909	1453	2456	94,0,0,0,0,0	47734	600	399	36980	755	0	42754,40623,40331,24950,24950,24950,24950	3	30	26442,10578,0,0,0,0,0	225	21971
169310	661	1338	909	434	430	120	62	9	4625	310	538	391	231	8	126	8490	1389	2565	94,0,0,0,0,0	47841	642	450	37410	779	0	43481,41370,41057,25392,25392,25392,25392	3	34	26457,11011,0,0,0,0,0	212	22492
169142	696	1333	933	409	444	122	60	10	4742	314	541	388	310	8	150	8306	1393	2604	95,0,0,0,0,0	47178	646	454	37842	804	0	44196,42107,41772,25828,25828,25828,25828	3	27	26473,11444,0,0,0,0,0	223	23016
169070	663	1295	939	406	421	129	60	10	4889	320	544	375	250	9	119	8304	1391	2522	95,0,0,0,0,0	71318	704	356	38173	830	0	44812,42746,42388,26165,26165,26165,26165	3	21	26491,11776,0,0,0,0,0	220	23589
169023	608	1306	915	421	427	132	59	9	4979	323	544	392	267	10	119	8096	1369	2499	95,0,0,0,0,0	71347	900	359	38517	848	0	45420,43388,43004,26511,26511,26511,26511	2	13	26502,12122,0,0,0,0,0	226	24332
168895	593	1346	890	402	428	130	61	10	5119	327	545	371	297	8	146	8423	1371	2479	95,0,0,0,0,0	47798	953	421	38919	870	0	46100,44095,43687,26911,26911,26911,26911	2	25	26509,12530,0,0,0,0,0	231	25105
168765	615	1307	895	438	417	125	64	10	5230	332	548	399	264	7	129	8296	1361	2500	96,0,0,0,0,0	47431	886	430	39322	898	0	46839,44858,44426,27320,27320,27320,27320	2	18	26519,12945,0,0,0,0,0	228	25827
168621	657	1335	860	428	409	125	65	10	5348	335	553	393	337	4	155	8476	1349	2530	96,0,0,0,0,0	47254	896	454	39760	917	0	47574,45621,45161,27734,27734,27734,27734	2	24	26528,13391,0,0,0,0,0	239	26521
168509	640	1338	854	439	422	122	71	8	5445	343	555	400	228	3	121	8377	1310	2576	96,0,0,0,0,0	47997	866	417	40152	944	0	48293,46364,45879,28125,28125,28125,28125	2	19	26534,13800,0,0,0,0,0	230	27214
168374	658	1383	870	433	400	124	71	10	5514	349	560	376	238	2	138	8350	1298	2641	96,0,0,0,0,0	47499	879	470	40603	964	0	49061,47160,46646,28556,28556,28556,28556	2	24	26544,14256,0,0,0,0,0	225	27928
168368	641	1303	868	440	392	127	71	12	5611	353	560	385	246	6	123	8118	1251	2591	97,0,0,0,0,0	70949	888	341	40926	984	0	49706,47833,47291,28862,28862,28862,28862	2	18	26554,14583,0,0,0,0,0	234	28608
168432	569	1273	839	447	391	130	71	15	5661	357	561	400	262	3	111	8329	1219	2501	97,0,0,0,0,0	71235	1069	306	41205	1014	0	50434,48592,48020,29169,29169,29169,29169	2	24	26559,14874,0,0,0,0,0	233	29487
168316	564	1302	830	460	378	127	69	18	5756	362	564	396	301	6	143	7872	1210	2520	97,0,0,0,0,0	47249	1080	437	41624	1034	0	51311,49497,48897,29635,29635,29635,29635	2	18	26564,15300,0,0,0,0,0	219	30334
168223	613	1296	837	432	389	127	65	19	5809	370	566	414	267	3	134	7898	1233	2526	97,0,0,0,0,0	47008	1115	437	42042	1054	0	52154,50369,49741,30072,30072,30072,30072	2	23	26572,15722,0,0,0,0,0	213	31207
168136	641	1355	817	414	401	124	72	18	5824	373	571	422	241	6	139	7964	1247	2577	97,0,0,0,0,0	46883	1057	470	42486	1081	0	53001,51250,50588,30515,30515,30515,30515	2	42	26578,16183,0,0,0,0,0	229	32038
168054	683	1345	834	414	402	120	68	17	5855	381	573	444	249	6	143	7532	1230	2636	97,0,0,0,0,0	46866	1072	445	42911	1105	0	53831,52112,51419,30943,30943,30943,30943	2	26	26584,16622,0,0,0,0,0	239	32871
167969	709	1348	838	406	411	112	66	16	5905	387	579	423	277	6	119	7747	1204	2686	98,0,0,0,0,0	46754	1070	441	43323	1135	0	54669,52982,52259,31374,31374,31374,31374	2	22	26589,17052,0,0,0,0,0	227	33688
167961	657	1343	845	412	426	111	66	14	5938	391	582	427	288	9	116	7281	1182	2678	98,0,0,0,0,0	70817	1040	365	43673	1155	0	55432,53776,53022,31736,31736,31736,31736	2	19	26590,17416,0,0,0,0,0	227	34476
168038	557	1366	817	397	416	108	68	12	5992	392	583	438	255	5	137	7042	1189	2540	98,0,0,0,0,0	70456	1418	319	43980	1171	0	56251,54630,53842,32078,32078,32078,32078	2	19	26590,17734,0,0,0,0,0	228	35574
167979	566	1379	833	404	410	112	61	16	6002	399	585	442	309	6	116	7312	1172	2593	98,0,0,0,0,0	46513	1401	445	44396	1200	0	57170,55584,54764,32537,32537,32537,32537	2	26	26595,18168,0,0,0,0,0	221	36666
168027	584	1308	816	404	428	112	52	18	6001	409	587	473	333	12	155	7479	1185	2519	98,0,0,0,0,0	46857	1393	371	44752	1217	0	58038,56490,55633,32913,32913,32913,32913	2	17	26598,18533,0,0,0,0,0	199	37726
168031	577	1269	856	401	418	116	53	21	6007	410	587	445	241	4	124	7796	1170	2520	98,0,0,0,0,0	46931	1321	374	45116	1227	0	58908,57394,56504,33308,33308,33308,33308	2	21	26602,18900,0,0,0,0,0	220	38714
168057	538	1264	868	406	404	113	54	22	6019	413	588	438	289	4	162	7935	1225	2422	98,0,0,0,0,0	39108	1373	357	45454	1246	0	59755,58276,57353,33687,33687,33687,33687	2	17	26604,19251,0,0,0,0,0	213	39755
168083	548	1220	876	395	405	116	56	22	6023	413	589	422	246	9	95	7527	1164	2452	98,0,0,0,0,0	38936	1381	369	45803	1267	0	60580,59139,58182,34057,34057,34057,34057	2	19	26606,19616,0,0,0,0,0	216	40803
168119	533	1175	870	400	366	116	56	22	6080	418	591	430	254	7	125	7375	1139	2377	99,0,0,0,0,0	40894	1364	337	46111	1296	0	61361,59957,58967,34396,34396,34396,34396	2	16	26606,19947,0,0,0,0,0	215	41810
168221	509	1108	848	416	374	118	49	25	6063	422	593	441	229	4	104	7593	1079	2343	99,0,0,0,0,0	41249	1106	310	46404	1316	0	62158,60791,59764,34700,34700,34700,34700	2	16	26606,20254,0,0,0,0,0	205	42587
168289	471	1121	834	400	353	114	54	25	6066	423	596	439	246	4	125	7929	1097	2250	99,0,0,0,0,0	38965	1079	337	46720	1339	0	62968,61639,60576,35028,35028,35028,35028	2	23	26607,20588,0,0,0,0,0	198	43376
168336	489	1085	840	384	344	116	50	22	6054	427	599	422	315	8	104	7782	1053	2255	99,0,0,0,0,0	39001	1090	327	47024	1364	0	63772,62479,61383,35363,35363,35363,35363	2	24	26608,20910,0,0,0,0,0	201	44138
168398	482	1074	818	367	345	115	48	23	6040	430	606	403	269	7	101	7450	1050	2199	99,0,0,0,0,0	38794	1123	332	47338	1382	0	64538,63280,62149,35666,35666,35666,35666	2	7	26611,21231,0,0,0,0,0	191	44921
168458	489	1114	788	350	330	112	46	21	5995	436	607	428	352	10	107	7463	1011	2218	99,0,0,0,0,0	38618	1097	352	47675	1401	0	65347,64127,62959,35995,35995,35995,35995	2	23	26613,21579,0,0,0,0,0	183	45664
168519	504	1084	780	354	322	113	47	22	5952	441	608	433	327	2	113	6946	1004	2200	99,0,0,0,0,0	38245	1072	325	47987	1415	0	66136,64951,63750,36315,36315,36315,36315	2	21	26615,21896,0,0,0,0,0	176	46349
168646	484	1017	750	338	317	113	41	20	5961	446	613	432	263	3	91	6979	926	2134	99,0,0,0,0,0	41118	1129	257	48234	1427	0	66870,65719,64485,36580,36580,36580,36580	2	15	26616,22147,0,0,0,0,0	184	47146
168737	448	971	739	329	305	110	39	21	5984	448	615	422	345	1	99	6498	885	2056	99,0,0,0,0,0	40423	964	240	48467	1436	0	67565,66446,65183,36830,36830,36830,36830	2	12	26619,22386,0,0,0,0,0	178	47795
168873	426	946	726	345	296	109	39	17	5903	449	617	410	318	4	104	6943	884	2003	99,0,0,0,0,0	31484	906	266	48724	1446	0	68288,67207,65909,37073,37073,37073,37073	2	14	26620,22650,0,0,0,0,0	170	48396
168975	434	880	735	335	317	106	38	13	5841	451	621	443	286	3	92	6543	827	2018	99,0,0,0,0,0	31627	925	277	48989	1458	0	69000,67956,66625,37322,37322,37322,37322	2	17	26625,22920,0,0,0,0,0	167	49010
169102	401	888	699	320	305	99	37	13	5804	453	625	421	234	2	109	6625	830	1919	99,0,0,0,0,0	31410	872	253	49223	1478	0	69683,68675,67311,37549,37549,37549,37549	2	12	26626,23170,0,0,0,0,0	150	49576
169217	403	882	690	293	294	92	38	13	5742	455	627	428	243	1	98	6495	796	1896	99,0,0,0,0,0	31340	918	262	49470	1493	0	70366,69394,67998,37781,37781,37781,37781	1	12	26627,23425,0,0,0,0,0	145	50200
169287	438	880	670	292	299	86	36	15	5659	456	628	429	273	8	71	6350	764	1937	99,0,0,0,0,0	26021	859	295	49748	1513	0	71061,70123,68695,38036,38036,38036,38036	1	14	26632,23713,0,0,0,0,0	137	50756
169483	405	865	676	283	273	88	39	13	5535	457	629	442	302	6	75	6114	741	1888	99,0,0,0,0,0	32008	897	212	49951	1523	0	71708,70808,69346,38222,38222,38222,38222	1	8	26634,23921,0,0,0,0,0	137	51359
169642	363	861	655	262	261	85	38	12	5478	459	630	452	211	0	83	5899	711	1814	99,0,0,0,0,0	31976	1224	209	50148	1535	0	72358,71495,70001,38408,38408,38408,38408	1	15	26634,24129,0,0,0,0,0	146	52244
169820	358	822	626	262	264	78	40	11	5371	462	632	474	256	4	76	5674	694	1756	99,0,0,0,0,0	25663	1238	219	50353	1549	0	72983,72159,70631,38574,38574,38574,38574	1	12	26636,24340,0,0,0,0,0	137	53113
169934	325	798	627	246	273	66	36	9	5329	468	635	459	317	4	109	6017	729	1642	99,0,0,0,0,0	25427	1249	212	50555	1560	0	73633,72840,71285,38781,38781,38781,38781	1	14	26636,24549,0,0,0,0,0	131	53983
170127	304	751	617	234	246	66	35	9	5250	470	637	471	251	1	75	5641	682	1571	99,0,0,0,0,0	25540	1221	178	50720	1574	0	74219,73463,71876,38913,38913,38913,38913	1	5	26638,24722,0,0,0,0,0	118	54850
170296	300	704	600	211	234	72	29	10	5172	476	642	457	292	0	71	5313	629	1521	99,0,0,0,0,0	25078	1211	190	50900	1585	0	74845,74125,72508,39081,39081,39081,39081	1	3	26638,24911,0,0,0,0,0	122	55714
170440	302	653	580	210	215	66	30	10	5121	477	642	485	299	1	78	5403	621	1435	99,0,0,0,0,0	24967	1207	184	51074	1596	0	75431,74744,73099,39246,39246,39246,39246	1	11	26638,25093,0,0,0,0,0	117	56589
170617	258	638	562	188	208	58	31	9	5052	480	645	453	252	3	66	5042	590	1353	99,0,0,0,0,0	29394	1129	149	51213	1607	0	75983,75327,73657,39381,39381,39381,39381	1	9	26638,25238,0,0,0,0,0	109	57400
170831	224	593	517	185	204	55	29	10	4966	483	649	471	258	4	54	4980	553	1254	99,0,0,0,0,0	29433	589	133	51340	1614	0	76739,76119,74422,39603,39603,39603,39603	1	6	26638,25369,0,0,0,0,0	104	57793
171025	217	567	491	192	191	48	30	11	4838	483	653	493	236	6	62	4935	541	1195	99,0,0,0,0,0	23706	512	144	51477	1622	0	77507,76922,75197,39825,39825,39825,39825	1	4	26638,25514,0,0,0,0,0	95	58132
171187	214	531	480	194	179	51	30	12	4730	484	654	476	299	6	48	4756	516	1163	99,0,0,0,0,0	23693	609	133	51604	1629	0	78245,77691,75944,40054,40054,40054,40054	1	8	26638,25646,0,0,0,0,0	88	58533
171367	209	495	462	181	176	51	32	12	4618	485	658	461	252	1	45	4752	487	1119	99,0,0,0,0,0	23279	598	136	51734	1637	0	78971,78450,76678,40270,40270,40270,40270	1	9	26638,25783,0,0,0,0,0	83	58946
171545	200	458	460	164	171	47	33	11	4511	486	660	437	241	4	56	4474	475	1058	99,0,0,0,0,0	23333	588	114	51844	1642	0	79684,79194,77400,40482,40482,40482,40482	1	2	26638,25896,0,0,0,0,0	84	59369
171750	168	430	440	155	167	42	32	14	4397	486	665	439	259	3	44	4494	419	1015	99,0,0,0,0,0	23183	572	105	51941	1651	0	80396,79940,78121,40680,40680,40680,40680	0	6	26638,26000,0,0,0,0,0	82	59772
171973	146	400	404	132	163	39	35	14	4288	486	666	454	76	1	36	4442	392	927	99,0,0,0,0,0	28585	604	90	52029	1654	0	81065,80642,78799,40854,40854,40854,40854	0	2	26638,26090,0,0,0,0,0	77	60169
172197	130	372	394	137	149	34	34	15	4126	487	671	445	271	3	42	4107	371	879	99,0,0,0,0,0	28574	785	75	52101	1659	0	81469,81078,79211,40878,40878,40878,40878	0	3	26638,26166,0,0,0,0,0	72	60714
172406	138	322	381	123	161	33	33	15	3969	490	675	455	228	1	39	3717	361	830	100,0,0,0,0,0	17904	808	89	52184	1665	0	81861,81499,79610,40894,40894,40894,40894	0	8	26638,26252,0,0,0,0,0	65	61248
172626	140	330	332	102	124	33	33	15	3838	490	683	493	92	0	44	3322	327	767	100,0,0,0,0,0	17214	796	83	52261	1671	0	82273,81940,80029,40915,40915,40915,40915	0	6	26638,26332,0,0,0,0,0	71	61819
172805	152	305	314	91	119	34	27	15	3705	494	685	491	265	2	32	3446	306	736	100,0,0,0,0,0	17167	835	103	52356	1680	0	82709,82403,80472,40975,40975,40975,40975	0	6	26638,26432,0,0,0,0,0	71	62421
172971	140	300	302	88	104	35	26	11	3584	496	689	504	316	1	23	3201	270	725	100,0,0,0,0,0	17111	814	85	52437	1685	0	83134,82847,80902,41028,41028,41028,41028	0	4	26638,26516,0,0,0,0,0	68	62988
173158	124	279	291	80	92	34	25	10	3465	497	691	507	321	1	34	3025	261	664	100,0,0,0,0,0	16727	844	61	52491	1692	0	83507,83241,81282,41057,41057,41057,41057	0	5	26638,26572,0,0,0,0,0	65	63600
173325	114	277	280	77	83	29	24	11	3333	500	693	487	79	1	21	2810	233	651	100,0,0,0,0,0	27254	802	79	52567	1695	0	83934,83690,81717,41118,41118,41118,41118	0	4	26638,26650,0,0,0,0,0	63	64172
173491	116	246	272	64	81	28	20	9	3220	503	696	463	255	1	18	2379	199	628	100,0,0,0,0,0	27182	1085	58	52623	1698	0	84342,84117,82131,41160,41160,41160,41160	0	4	26638,26707,0,0,0,0,0	60	64963
173679	106	265	244	61	68	26	17	9	3065	506	700	502	252	2	23	1953	190	597	100,0,0,0,0,0	15743	1085	66	52686	1701	0	84727,84523,82521,41171,41171,41171,41171	0	3	26638,26772,0,0,0,0,0	53	65731
173857	96	253	226	65	68	23	16	8	2923	508	703	488	282	4	16	1974	181	566	100,0,0,0,0,0	15483	1049	61	52742	1707	0	85127,84943,82926,41195,41195,41195,41195	0	3	26638,26832,0,0,0,0,0	46	66489
174010	98	234	227	60	69	20	15	7	2791	509	706	516	305	2	24	2005	174	549	100,0,0,0,0,0	15552	1015	62	52800	1711	0	85526,85361,83330,41230,41230,41230,41230	0	3	26638,26894,0,0,0,0,0	39	67217
174167	86	221	217	62	70	17	13	9	2665	509	710	500	322	0	18	2065	171	515	100,0,0,0,0,0	15752	1044	49	52848	1714	0	85925,85775,83734,41257,41257,41257,41257	0	2	26638,26942,0,0,0,0,0	35	67974
174317	93	199	213	64	61	18	11	8	2541	511	710	520	309	1	19	1816	169	490	100,0,0,0,0,0	15738	1120	67	52912	1718	0	86331,86200,84145,41295,41295,41295,41295	0	3	26638,27008,0,0,0,0,0	32	68761
174457	86	184	216	68	55	18	9	9	2419	513	712	492	279	1	22	1769	172	464	100,0,0,0,0,0	21037	1094	49	52955	1725	0	86721,86604,84539,41332,41332,41332,41332	0	3	26638,27056,0,0,0,0,0	28	69540
174584	86	166	205	62	58	17	7	8	2324	515	714	504	155	1	13	1793	162	439	100,0,0,0,0,0	21083	359	52	53005	1727	0	87292,87192,85119,41465,41465,41465,41465	0	4	26638,27107,0,0,0,0,0	27	69775
174724	77	168	184	58	54	16	4	7	2223	517	714	502	280	1	16	1782	152	409	100,0,0,0,0,0	12710	346	40	53046	1728	0	87848,87765,85683,41583,41583,41583,41583	0	2	26638,27148,0,0,0,0,0	26	70012
174847	86	169	166	55	53	14	2	6	2113	519	716	509	265	1	19	1718	139	406	100,0,0,0,0,0	12596	350	59	53103	1732	0	88411,88345,86255,41715,41715,41715,41715	0	4	26638,27208,0,0,0,0,0	22	70244
174976	87	155	168	51	50	10	3	6	2003	519	718	551	94	0	13	1725	127	397	100,0,0,0,0,0	12493	350	40	53143	1733	0	88954,88903,86805,41829,41829,41829,41829	0	1	26638,27249,0,0,0,0,0	18	70474
175092	75	165	150	46	44	10	3	5	1917	519	720	535	90	0	13	1592	115	378	100,0,0,0,0,0	12516	355	32	53174	1736	0	89493,89455,87352,41945,41945,41945,41945	0	1	26638,27282,0,0,0,0,0	15	70724
175197	64	161	146	45	45	8	4	5	1829	519	723	531	231	0	15	1515	110	363	100,0,0,0,0,0	12484	355	38	53211	1737	0	90060,90035,87926,42076,42076,42076,42076	0	3	26638,27320,0,0,0,0,0	16	70950
175307	51	153	145	47	43	7	4	3	1744	519	723	522	82	1	7	1191	98	352	100,0,0,0,0,0	20616	351	26	53236	1738	0	90586,90572,88458,42188,42188,42188,42188	0	4	26638,27346,0,0,0,0,0	19	71188
175407	52	129	153	44	42	7	4	3	1658	519	728	555	268	1	11	1055	87	344	100,0,0,0,0,0	20644	315	33	53266	1741	0	90753,90752,88630,42099,42099,42099,42099	0	1	26638,27379,0,0,0,0,0	17	71411
175507	49	122	144	43	36	8	4	3	1580	519	731	557	283	2	14	997	85	321	100,0,0,0,0,0	11961	325	32	53296	1743	0	90888,90898,88767,41987,41987,41987,41987	0	2	26638,27411,0,0,0,0,0	18	71640
175606	49	117	137	37	34	8	4	3	1495	519	737	571	89	0	13	954	84	302	100,0,0,0,0,0	11852	333	34	53326	1747	0	91051,91073,88935,41893,41893,41893,41893	0	1	26638,27445,0,0,0,0,0	18	71878
175685	43	132	122	32	35	6	4	3	1425	519	740	569	253	0	11	818	83	291	100,0,0,0,0,0	11765	350	39	53360	1752	0	91219,91251,89107,41809,41809,41809,41809	0	1	26638,27482,0,0,0,0,0	15	72104
175775	49	111	125	32	33	7	3	3	1346	520	742	554	262	0	11	764	75	285	100,0,0,0,0,0	11622	330	34	53392	1755	0	91389,91430,89280,41718,41718,41718,41718	0	2	26638,27516,0,0,0,0,0	14	72341
175870	49	103	122	29	26	8	3	2	1261	521	752	566	253	0	11	859	74	266	100,0,0,0,0,0	11667	311	25	53416	1756	0	91544,91597,89439,41620,41620,41620,41620	0	1	26638,27541,0,0,0,0,0	14	72547
175946	38	102	109	26	23	6	3	1	1213	521	758	546	91	0	6	840	64	243	100,0,0,0,0,0	20331	351	22	53436	1758	0	91700,91762,89599,41541,41541,41541,41541	0	2	26638,27562,0,0,0,0,0	11	72782
176031	34	97	103	23	19	8	3	1	1143	521	763	545	93	0	6	795	59	228	100,0,0,0,0,0	20193	161	23	53459	1758	0	91899,91971,89804,41478,41478,41478,41478	0	3	26638,27585,0,0,0,0,0	11	72886
176108	31	79	105	27	18	8	2	2	1078	521	767	554	103	0	7	803	57	213	100,0,0,0,0,0	11481	184	20	53478	1759	0	92101,92180,90011,41422,41422,41422,41422	0	1	26638,27605,0,0,0,0,0	11	73006
176177	27	80	91	27	20	7	1	1	1026	522	767	560	92	0	3	890	52	201	100,0,0,0,0,0	11815	178	20	53496	1761	0	92309,92395,90224,41363,41363,41363,41363	0	0	26638,27623,0,0,0,0,0	10	73136
176229	32	69	86	23	19	6	2	1	988	522	769	549	5176	7	10	895	49	188	100,0,0,0,0,0	11586	166	19	53513	1763	0	92534,92627,90455,41322,41322,41322,41322	0	0	26638,27642,0,0,0,0,0	7	73240
176285	30	74	79	18	24	5	2	1	935	522	771	563	2626	2	7	830	53	179	100,0,0,0,0,0	11864	156	23	53535	1764	0	92752,92851,90678,41282,41282,41282,41282	0	1	26638,27665,0,0,0,0,0	8	73342
176337	26	78	73	21	19	4	2	1	889	522	774	597	1390	0	5	793	52	171	100,0,0,0,0,0	11569	172	21	53554	1766	0	92970,93077,90902,41243,41243,41243,41243	0	0	26638,27685,0,0,0,0,0	7	73466
176387	33	61	73	21	18	4	2	1	844	522	780	572	820	1	4	843	52	160	100,0,0,0,0,0	20229	165	16	53571	1766	0	93188,93299,91124,41203,41203,41203,41203	0	2	26638,27702,0,0,0,0,0	6	73582
176434	26	58	63	19	17	5	3	1	815	522	783	564	495	1	5	743	51	140	100,0,0,0,0,0	20279	184	9	53580	1766	0	93428,93545,91372,41181,41181,41181,41181	0	0	26638,27711,0,0,0,0,0	6	73711
176483	19	63	58	18	14	4	3	0	776	522	786	567	2944	3	8	759	52	127	100,0,0,0,0,0	22247	175	15	53592	1769	0	93667,93790,91619,41157,41157,41157,41157	0	2	26638,27726,0,0,0,0,0	7	73828
176517	22	44	66	14	13	4	3	0	750	522	791	551	2634	1	0	767	45	121	100,0,0,0,0,0	22027	161	10	53602	1769	0	93904,94031,91863,41133,41133,41133,41133	0	1	26638,27736,0,0,0,0,0	8	73934
176550	16	39	70	15	15	3	3	0	719	522	794	556	2004	0	6	731	47	114	100,0,0,0,0,0	22233	176	10	53611	1770	0	94119,94251,92085,41101,41101,41101,41101	0	0	26638,27746,0,0,0,0,0	8	74040
176599	15	39	59	11	13	3	3	0	685	522	797	578	1428	0	6	577	42	101	100,0,0,0,0,0	22093	186	13	53624	1770	0	94349,94486,92322,41069,41069,41069,41069	0	1	26638,27759,0,0,0,0,0	7	74166
176640	9	43	49	8	13	4	2	1	651	522	804	576	1017	1	2	570	36	92	100,0,0,0,0,0	22008	165	7	53631	1770	0	94601,94743,92582,41063,41063,41063,41063	0	0	26638,27766,0,0,0,0,0	6	74279
176682	10	29	51	8	14	3	3	1	617	522	806	613	1884	1	3	472	33	85	100,0,0,0,0,0	19939	166	9	53639	1771	0	94846,94993,92835,41051,41051,41051,41051	0	2	26638,27774,0,0,0,0,0	6	74389
176718	11	25	43	14	10	3	3	1	589	522	807	610	2217	0	5	411	27	82	100,0,0,0,0,0	20126	160	8	53645	1773	0	94879,95029,92870,40899,40899,40899,40899	0	1	26638,27782,0,0,0,0,0	6	74500
176757	9	27	43	9	8	2	3	1	555	522	810	598	2192	1	4	319	25	76	100,0,0,0,0,0	21901	164	5	53650	1773	0	94902,95056,92895,40735,40735,40735,40735	0	0	26638,27787,0,0,0,0,0	5	74607
176789	7	26	38	8	7	1	3	1	532	522	812	575	1748	1	1	311	21	69	100,0,0,0,0,0	21973	187	6	53656	1773	0	94922,95079,92918,40572,40572,40572,40572	0	0	26638,27793,0,0,0,0,0	4	74736
176812	9	26	31	8	8	1	4	1	510	522	814	590	1396	0	1	194	21	66	100,0,0,0,0,0	21855	171	8	53664	1773	0	94944,95104,92943,40419,40419,40419,40419	0	0	26638,27801,0,0,0,0,0	4	74859
176834	8	21	34	9	8	1	3	2	482	522	822	620	1756	1	5	171	20	64	100,0,0,0,0,0	21611	159	5	53671	1773	0	94979,95142,92979,40271,40271,40271,40271	0	1	26638,27808,0,0,0,0,0	4	74963
176857	12	20	28	6	6	1	3	2	466	522	823	619	1959	0	1	228	15	61	100,0,0,0,0,0	22006	176	11	53681	1774	0	95000,95166,93003,40120,40120,40120,40120	0	1	26638,27818,0,0,0,0,0	4	75074
176882	11	18	28	5	8	1	3	2	440	522	826	601	2053	0	2	194	18	56	100,0,0,0,0,0	19717	180	6	53687	1774	0	95023,95193,93030,39971,39971,39971,39971	0	0	26638,27824,0,0,0,0,0	4	75197
176919	6	15	31	6	6	1	4	2	407	522	827	606	1895	0	3	222	18	51	100,0,0,0,0,0	19700	92	1	53688	1774	0	95031,95204,93039,39800,39800,39800,39800	0	0	26638,27825,0,0,0,0,0	4	75257
176954	7	19	22	6	5	1	3	1	375	523	830	646	1677	0	3	268	17	46	100,0,0,0,0,0	21834	110	7	53695	1774	0	95042,95219,93053,39633,39633,39633,39633	0	0	26638,27832,0,0,0,0,0	3	75334
176974	9	18	17	5	3	1	2	1	356	524	836	647	1677	1	1	267	14	41	100,0,0,0,0,0	22025	103	3	53698	1774	0	95063,95243,93076,39474,39474,39474,39474	0	0	26638,27835,0,0,0,0,0	3	75398
176995	9	15	18	1	3	1	1	1	335	525	842	628	1818	0	0	228	9	39	100,0,0,0,0,0	21789	108	4	53702	1774	0	95085,95267,93101,39324,39324,39324,39324	0	0	26638,27839,0,0,0,0,0	2	75465
177023	5	15	16	2	3	1	1	1	310	525	844	633	1952	0	1	223	7	36	100,0,0,0,0,0	21965	111	1	53703	1774	0	95095,95279,93113,39155,39155,39155,39155	0	0	26638,27840,0,0,0,0,0	2	75536
177048	5	12	19	3	3	1	1	1	282	525	846	655	1930	0	0	219	8	36	100,0,0,0,0,0	21866	113	3	53706	1774	0	95102,95289,93122,38992,38992,38992,38992	0	0	26638,27843,0,0,0,0,0	2	75609
177059	6	11	16	2	4	1	1	1	271	525	849	669	1785	0	0	210	8	33	100,0,0,0,0,0	19798	88	3	53709	1774	0	95126,95314,93148,38848,38848,38848,38848	0	0	26638,27846,0,0,0,0,0	2	75660
177088	5	10	15	3	4	1	1	1	239	525	854	638	1698	0	1	150	10	29	100,0,0,0,0,0	19719	101	1	53710	1774	0	95072,95263,93095,38645,38645,38645,38645	0	0	26638,27847,0,0,0,0,0	2	75727
177100	3	10	13	4	3	1	1	0	227	525	859	622	1910	0	2	240	12	23	100,0,0,0,0,0	21680	100	1	53711	1774	0	95029,95222,93054,38455,38455,38455,38455	0	0	26638,27848,0,0,0,0,0	2	75787
177108	2	10	11	3	4	1	1	0	218	525	863	604	1842	0	0	202	12	20	100,0,0,0,0,0	21906	68	1	53712	1774	0	94982,95175,93008,38257,38257,38257,38257	0	0	26638,27849,0,0,0,0,0	2	75835
177121	1	7	12	3	4	0	0	0	204	526	868	626	1868	0	0	157	6	21	100,0,0,0,0,0	21769	77	1	53713	1774	0	94926,95122,92954,38061,38061,38061,38061	0	0	26638,27850,0,0,0,0,0	0	75886
177131	2	6	12	3	4	0	0	0	189	526	873	640	1888	0	2	113	6	21	100,0,0,0,0,0	21957	68	4	53717	1774	0	94875,95071,92903,37864,37864,37864,37864	0	0	26638,27854,0,0,0,0,0	0	75919
177145	1	7	9	3	2	0	0	0	178	526	875	618	1761	0	1	111	5	17	100,0,0,0,0,0	21743	94	0	53717	1774	0	94828,95025,92857,37667,37667,37667,37667	0	0	26638,27854,0,0,0,0,0	0	75976
177156	0	8	9	2	1	0	0	0	164	526	880	615	1805	0	0	108	3	17	100,0,0,0,0,0	19785	93	2	53719	1774	0	94776,94974,92806,37472,37472,37472,37472	0	0	26638,27856,0,0,0,0,0	0	76034
177157	1	6	6	3	1	0	0	0	158	526	888	609	1798	0	0	106	2	15	100,0,0,0,0,0	19605	76	1	53719	1775	0	94732,94932,92764,37288,37288,37288,37288	0	0	26638,27857,0,0,0,0,0	0	76078
177159	3	6	5	3	0	0	0	0	153	526	891	602	1781	0	1	110	2	15	100,0,0,0,0,0	21720	60	4	53722	1776	0	94679,94880,92713,37098,37098,37098,37098	0	0	26638,27861,0,0,0,0,0	0	76119
177167	3	5	5	2	0	0	0	0	139	526	899	632	1935	0	0	110	1	14	100,0,0,0,0,0	21849	73	0	53722	1776	0	94615,94816,92650,36898,36898,36898,36898	0	0	26638,27861,0,0,0,0,0	0	76159
177170	3	5	6	2	0	0	0	0	129	526	905	616	1781	0	1	19	3	13	100,0,0,0,0,0	21861	81	2	53722	1778	0	94556,94758,92593,36709,36709,36709,36709	0	0	26638,27862,0,0,0,0,0	0	76214
177176	2	3	7	1	0	0	0	0	123	526	908	615	1872	0	1	15	3	10	100,0,0,0,0,0	21618	77	0	53722	1778	0	94494,94697,92532,36511,36511,36511,36511	0	0	26638,27862,0,0,0,0,0	0	76261
177185	2	4	5	1	0	0	0	0	111	526	912	665	1730	0	0	61	2	10	100,0,0,0,0,0	21507	63	1	53722	1779	0	94437,94640,92476,36315,36315,36315,36315	0	0	26638,27863,0,0,0,0,0	0	76299
177188	2	3	4	2	0	0	0	0	104	526	917	644	1852	0	0	61	2	9	100,0,0,0,0,0	19756	86	0	53722	1779	0	94383,94586,92423,36126,36126,36126,36126	0	0	26638,27863,0,0,0,0,0	0	76343
177191	0	4	3	2	0	0	0	0	99	526	921	616	1878	0	0	52	1	8	100,0,0,0,0,0	19590	69	0	53722	1779	0	94320,94523,92361,35936,35936,35936,35936	0	0	26638,27863,0,0,0,0,0	0	76376
177197	0	3	2	1	0	0	0	0	93	526	924	605	1801	0	0	49	0	6	100,0,0,0,0,0	21677	85	0	53722	1779	0	94254,94457,92296,35744,35744,35744,35744	0	0	26638,27863,0,0,0,0,0	0	76428
177209	0	3	2	1	0	0	0	0	77	526	928	613	1834	0	1	52	1	5	100,0,0,0,0,0	21716	85	0	53722	1779	0	94193,94396,92235,35552,35552,35552,35552	0	0	26638,27863,0,0,0,0,0	1	76480
177212	0	0	3	2	1	0	0	0	69	526	933	608	1688	0	0	53	1	5	100,0,0,0,0,0	21581	75	0	53722	1779	0	94138,94341,92182,35369,35369,35369,35369	0	0	26638,27863,0,0,0,0,0	0	76524
177217	0	0	3	2	1	0	0	0	59	526	938	617	1828	0	0	50	1	5	100,0,0,0,0,0	21596	75	0	53722	1779	0	94072,94276,92117,35179,35179,35179,35179	0	0	26638,27863,0,0,0,0,0	0	76570
177221	0	0	1	2	1	0	0	0	54	526	941	591	1835	0	1	52	2	2	100,0,0,0,0,0	21648	89	0	53722	1779	0	94010,94215,92056,34994,34994,34994,34994	0	0	26638,27863,0,0,0,0,0	0	76619
177222	1	0	1	2	1	0	0	0	50	526	943	617	1809	0	0	50	3	2	100,0,0,0,0,0	19617	94	1	53723	1779	0	93955,94159,92002,34815,34815,34815,34815	0	0	26638,27864,0,0,0,0,0	0	76680
177223	1	0	1	2	1	0	0	0	44	526	948	614	1789	0	0	6	3	2	100,0,0,0,0,0	19675	79	0	53723	1779	0	93867,94072,91915,34624,34624,34624,34624	0	0	26638,27864,0,0,0,0,0	0	76719
177224	1	1	0	1	1	0	0	0	41	526	951	621	1810	0	0	6	2	2	100,0,0,0,0,0	21520	73	1	53723	1780	0	93792,93997,91841,34437,34437,34437,34437	0	0	26638,27865,0,0,0,0,0	0	76762
177220	1	1	0	1	1	0	0	0	38	526	958	585	1811	0	1	7	3	1	100,0,0,0,0,0	21747	83	0	53723	1780	0	93713,93917,91762,34253,34253,34253,34253	0	0	26638,27865,0,0,0,0,0	0	76813
177220	0	2	0	0	1	0	0	0	36	526	961	610	1825	0	0	7	2	1	100,0,0,0,0,0	21453	59	0	53723	1780	0	93632,93835,91682,34067,34067,34067,34067	0	0	26638,27865,0,0,0,0,0	0	76844
177220	0	1	1	0	0	0	0	0	33	526	965	602	1789	0	0	7	1	1	100,0,0,0,0,0	21672	85	0	53723	1780	0	93552,93756,91603,33883,33883,33883,33883	0	0	26638,27865,0,0,0,0,0	0	76885
177223	0	1	1	0	0	0	0	0	28	526	967	615	1890	0	0	5	1	1	100,0,0,0,0,0	21587	88	0	53723	1780	0	93475,93678,91527,33699,33699,33699,33699	0	0	26638,27865,0,0,0,0,0	0	76940
177218	1	1	1	0	0	0	0	0	26	526	973	584	1781	0	0	5	1	2	100,0,0,0,0,0	19406	70	1	53724	1780	0	93398,93602,91451,33520,33520,33520,33520	0	0	26638,27866,0,0,0,0,0	0	76980
177219	1	1	1	0	0	0	0	0	21	526	977	607	1763	0	0	5	1	2	100,0,0,0,0,0	19507	59	0	53724	1780	0	93316,93519,91369,33345,33345,33345,33345	0	0	26638,27866,0,0,0,0,0	0	77015
177215	1	0	2	0	0	0	0	0	18	526	984	581	1819	0	0	3	0	3	100,0,0,0,0,0	21476	59	0	53724	1780	0	93233,93436,91287,33174,33174,33174,33174	0	0	26638,27866,0,0,0,0,0	0	77052
177217	1	0	2	0	0	0	0	0	15	526	985	614	1875	0	0	3	0	3	100,0,0,0,0,0	21472	199	0	53724	1780	129	93142,93345,91196,32990,32990,32990,32990	0	0	26638,27866,0,0,0,0,0	0	77091
177213	0	1	2	0	0	0	0	0	14	526	990	600	1788	0	0	3	0	3	100,0,0,0,0,0	21462	215	0	53724	1780	287	93080,93283,91135,32878,32878,32878,32878	0	0	26638,27866,0,0,0,0,0	0	77123
177208	0	2	2	0	0	0	0	0	13	526	995	604	1822	0	0	4	0	4	100,0,0,0,0,0	21612	194	1	53725	1780	419	93023,93226,91080,32781,32781,32781,32781	0	0	26638,27867,0,0,0,0,0	0	77156
177207	0	3	2	0	0	0	0	0	12	526	996	604	1761	0	0	0	0	5	100,0,0,0,0,0	21634	210	1	53726	1780	577	92975,93177,91032,32676,32676,32676,32676	0	0	26638,27868,0,0,0,0,0	0	77178
177203	0	2	2	0	0	0	0	0	13	526	1000	629	1830	0	0	0	0	4	100,0,0,0,0,0	19590	193	0	53726	1780	706	92927,93128,90985,32583,32583,32583,32583	0	0	26638,27868,0,0,0,0,0	0	77209
177203	0	2	1	0	0	0	0	0	11	526	1003	642	1876	0	0	0	0	3	100,0,0,0,0,0	19516	198	0	53726	1780	830	92864,93065,90923,32479,32479,32479,32479	0	0	26638,27868,0,0,0,0,0	0	77253
177200	0	1	1	1	0	0	0	0	11	526	1006	620	1758	0	0	0	0	3	100,0,0,0,0,0	21748	209	0	53726	1780	960	92797,92998,90856,32365,32365,32365,32365	0	0	26638,27868,0,0,0,0,0	0	77294
177198	0	0	1	1	1	0	0	0	11	526	1008	630	1814	0	0	0	0	3	100,0,0,0,0,0	21710	321	0	53726	1780	1179	92727,92928,90788,32250,32250,32250,32250	0	0	26638,27868,0,0,0,0,0	0	77352
177197	0	0	1	1	1	0	0	0	10	526	1010	621	1857	0	1	4	2	1	100,0,0,0,0,0	21697	271	0	53726	1780	1387	92689,92890,90751,32192,32192,32192,32192	0	0	26638,27868,0,0,0,0,0	0	77385
177193	0	0	1	1	1	0	0	0	10	526	1014	638	1758	0	0	4	2	1	100,0,0,0,0,0	21489	258	0	53726	1780	1575	92645,92846,90708,32128,32128,32128,32128	0	0	26638,27868,0,0,0,0,0	0	77426
177191	0	0	0	1	1	0	0	0	9	526	1018	628	1863	0	0	4	2	0	100,0,0,0,0,0	21655	277	0	53726	1780	1782	92591,92792,90656,32052,32052,32052,32052	0	0	26638,27868,0,0,0,0,0	0	77468
177192	0	0	0	1	1	0	0	0	8	526	1018	631	1848	0	0	5	2	0	100,0,0,0,0,0	19710	260	0	53726	1780	1980	92547,92748,90613,31991,31991,31991,31991	0	0	26638,27868,0,0,0,0,0	0	77504
177189	0	0	0	0	1	0	0	0	8	526	1022	610	1818	0	0	5	1	0	100,0,0,0,0,0	19613	266	0	53726	1780	2173	92500,92700,90567,31933,31933,31933,31933	0	0	26638,27868,0,0,0,0,0	0	77545
177188	0	0	0	0	1	0	0	0	8	526	1023	635	1850	0	0	5	1	0	100,0,0,0,0,0	21848	276	0	53726	1780	2379	92458,92657,90526,31877,31877,31877,31877	0	0	26638,27868,0,0,0,0,0	0	77581
177185	0	0	0	0	1	0	0	0	6	526	1028	604	1730	0	0	5	1	0	100,0,0,0,0,0	21751	223	0	53726	1780	2544	92424,92624,90493,31830,31830,31830,31830	0	0	26638,27868,0,0,0,0,0	0	77615
177182	0	0	0	0	1	0	0	0	5	526	1032	580	1822	0	0	5	1	0	100,0,0,0,0,0	21735	240	0	53726	1780	2735	92369,92568,90439,31752,31752,31752,31752	0	0	26638,27868,0,0,0,0,0	0	77642
177178	0	0	0	0	1	0	0	0	5	526	1036	565	1862	0	0	5	1	0	100,0,0,0,0,0	21611	249	0	53726	1780	2923	92323,92521,90394,31691,31691,31691,31691	0	0	26638,27868,0,0,0,0,0	0	77678
177173	0	0	0	0	1	0	0	0	3	526	1043	578	1816	0	0	5	1	0	100,0,0,0,0,0	21420	228	0	53726	1780	3096	92285,92482,90356,31639,31639,31639,31639	0	0	26638,27868,0,0,0,0,0	0	77710
177166	0	0	0	0	0	0	0	0	4	526	1050	557	1820	0	0	3	0	0	0,0,0,0,0,0	19317	220	0	53726	1780	3253	92243,92439,90315,31579,31579,31579,31579	0	0	26638,27868,0,0,0,0,0	0	77743
177166	0	0	0	0	0	0	0	0	3	526	1051	579	1746	0	0	3	0	0	0,0,0,0,0,0	19428	239	0	53726	1780	3407	92188,92384,90262,31517,31517,31517,31517	0	0	26638,27868,0,0,0,0,0	0	77783
177162	0	0	0	0	0	0	0	0	2	526	1056	581	1814	0	0	4	0	0	0,0,0,0,0,0	21576	245	0	53726	1780	3573	92134,92329,90209,31457,31457,31457,31457	0	0	26638,27868,0,0,0,0,0	0	77834
177157	0	0	0	0	0	0	0	0	2	526	1061	607	1812	0	0	4	0	0	0,0,0,0,0,0	21502	376	0	53726	1780	3852	92082,92277,90158,31396,31396,31396,31396	0	0	26638,27868,0,0,0,0,0	0	77891
177152	0	0	0	0	0	0	0	0	1	526	1067	604	1840	0	0	4	0	0	0,0,0,0,0,0	21591	352	0	53726	1780	4140	92051,92246,90128,31396,31396,31396,31396	0	0	26638,27868,0,0,0,0,0	0	77932
177149	0	0	0	0	0	0	0	0	1	526	1070	615	1856	0	0	4	0	0	0,0,0,0,0,0	21526	365	0	53726	1780	4405	92026,92220,90104,31398,31398,31398,31398	0	0	26638,27868,0,0,0,0,0	0	77987
177145	0	0	0	0	0	0	0	0	1	526	1074	596	1812	0	0	4	0	0	0,0,0,0,0,0	21510	335	0	53726	1780	4648	92002,92195,90082,31390,31390,31390,31390	0	0	26638,27868,0,0,0,0,0	0	78035
177116	13	9	0	0	0	0	0	0	1	526	1081	598	1800	1	0	4	0	22	0,100,0,0,0,0	19628	362	0	53747	1781	4917	91982,92175,90063,31389,31389,31389,31389	0	0	26638,27868,22,0,0,0,0	0	78078
177080	34	20	2	0	0	0	0	0	1	526	1083	638	1778	0	0	6	1	55	0,100,0,0,0,0	19449	488	1	53777	1785	5186	91978,92170,90060,31433,31433,31433,31433	0	0	26638,27868,56,0,0,0,0	0	78177
177043	50	35	6	0	1	0	0	0	1	526	1084	664	1868	2	0	6	1	91	0,100,0,0,0,0	21629	481	7	53809	1789	5460	91972,92163,90055,31470,31470,31470,31470	0	0	26638,27868,92,0,0,0,0	0	78273
176995	59	59	11	3	2	0	0	0	4	526	1087	674	1836	0	2	11	4	130	0,100,0,0,0,0	10100	478	7	53851	1792	5748	91979,92171,90064,31526,31526,31526,31526	0	1	26638,27868,137,0,0,0,0	1	78350
176933	70	91	20	4	3	0	0	0	8	526	1091	694	1839	2	2	15	6	182	0,100,0,0,0,0	10239	460	21	53906	1795	6025	91997,92188,90083,31598,31598,31598,31598	0	3	26638,27868,195,0,0,0,0	1	78412
176869	82	110	33	6	6	0	0	0	14	526	1100	719	1774	2	3	24	10	227	0,100,0,0,0,0	10082	500	17	53960	1796	6318	92021,92212,90109,31670,31670,31670,31670	0	0	26638,27868,250,0,0,0,0	0	78502
176838	70	113	48	6	14	0	0	0	25	526	1106	683	1870	2	1	29	11	240	0,100,0,0,0,0	10197	484	25	53980	1801	6610	92019,92209,90108,31718,31718,31718,31718	0	0	26638,27868,275,0,0,0,0	0	78605
176809	60	116	63	11	17	0	0	0	35	526	1109	660	1752	3	5	43	16	251	0,100,0,0,0,0	19487	487	28	54008	1801	6884	92026,92217,90117,31771,31771,31771,31771	0	0	26638,27868,303,0,0,0,0	0	78713
176770	63	115	72	11	20	2	0	0	56	526	1111	689	1832	1	3	59	21	262	0,100,0,0,0,0	19478	396	38	54043	1804	7194	92068,92258,90160,31857,31857,31857,31857	0	1	26638,27868,341,0,0,0,0	0	78751
176725	67	113	91	12	17	2	0	0	80	526	1113	712	1946	3	13	133	35	267	0,100,0,0,0,0	10225	380	45	54081	1811	7471	92113,92302,90207,31959,31959,31959,31959	0	3	26638,27868,386,0,0,0,0	2	78791
176681	74	116	100	13	17	2	0	0	103	526	1114	720	2004	2	3	197	37	285	0,100,0,0,0,0	10483	361	48	54124	1816	7743	92154,92342,90250,32046,32046,32046,32046	0	1	26638,27868,434,0,0,0,0	4	78821
176635	73	123	106	15	16	2	0	0	130	526	1120	725	1849	2	6	267	40	295	0,100,0,0,0,0	10440	386	44	54164	1820	8040	92181,92368,90278,32120,32120,32120,32120	0	1	26638,27868,478,0,0,0,0	5	78858
176594	63	127	116	26	19	2	0	0	148	526	1125	682	1813	1	3	384	44	309	0,100,0,0,0,0	10551	335	45	54207	1822	8298	92221,92408,90321,32200,32200,32200,32200	0	0	26638,27868,523,0,0,0,0	5	78889
176537	65	149	108	25	18	2	0	0	187	526	1129	750	1868	1	7	409	48	319	0,100,0,0,0,0	10577	358	56	54259	1826	8578	92264,92450,90365,32280,32280,32280,32280	0	2	26638,27868,579,0,0,0,0	3	78908
176488	63	156	123	17	12	3	0	0	222	526	1136	755	1848	0	6	462	45	329	0,100,0,0,0,0	20049	376	48	54304	1829	8854	92312,92497,90414,32370,32370,32370,32370	0	2	26638,27868,627,0,0,0,0	3	78940
176445	70	141	128	25	14	3	1	0	248	526	1145	758	1834	1	7	519	47	335	0,100,0,0,0,0	20035	310	45	54349	1830	9123	92328,92513,90432,32449,32449,32449,32449	0	5	26638,27868,673,0,0,0,0	5	78942
176393	82	151	137	23	11	3	1	0	273	526	1146	745	1867	3	7	580	44	364	0,100,0,0,0,0	10762	356	63	54408	1834	9427	92350,92534,90457,32533,32533,32533,32533	0	3	26638,27868,736,0,0,0,0	8	78935
176342	96	151	143	20	17	2	2	0	297	526	1150	752	2017	3	7	726	49	382	0,100,0,0,0,0	11064	336	66	54470	1839	9698	92376,92560,90486,32624,32624,32624,32624	0	4	26638,27868,803,0,0,0,0	10	78939
176288	104	157	154	20	20	2	2	0	320	526	1153	750	2009	9	10	811	59	400	0,100,0,0,0,0	11040	310	69	54533	1845	9954	92409,92593,90522,32713,32713,32713,32713	0	4	26638,27868,872,0,0,0,0	11	78948
176237	105	170	152	22	24	2	2	0	349	526	1157	760	1992	6	12	938	70	407	0,100,0,0,0,0	11315	310	71	54600	1849	10215	92433,92616,90548,32793,32793,32793,32793	0	4	26638,27868,943,0,0,0,0	11	78941
176172	113	190	163	22	18	3	1	0	375	527	1162	741	1979	3	10	1121	81	429	0,100,0,0,0,0	11314	334	74	54668	1856	10494	92462,92644,90579,32876,32876,32876,32876	0	3	26638,27868,1018,0,0,0,0	11	78936
176131	108	192	165	28	21	3	1	0	400	527	1170	723	1853	4	9	1044	80	438	0,100,0,0,0,0	20444	329	58	54718	1864	10768	92485,92667,90606,32956,32956,32956,32956	0	1	26638,27868,1076,0,0,0,0	10	78940
176077	105	206	170	30	29	4	1	0	423	527	1174	738	1783	3	3	1015	77	468	0,100,0,0,0,0	20513	298	72	54781	1873	11016	92514,92695,90638,33069,33069,33069,33069	0	5	26638,27868,1148,0,0,0,0	12	78933
176008	114	235	172	28	27	5	1	0	454	527	1175	764	2024	5	18	1110	89	493	0,100,0,0,0,0	11287	306	89	54857	1886	11276	92545,92726,90672,33170,33170,33170,33170	0	2	26638,27868,1237,0,0,0,0	13	78933
175922	139	231	203	30	25	5	1	0	481	527	1182	778	1836	1	13	1154	96	538	0,100,0,0,0,0	11416	320	105	54953	1895	11546	92602,92782,90733,33300,33300,33300,33300	0	3	26638,27868,1342,0,0,0,0	14	78926
175846	157	235	210	29	25	5	1	0	526	527	1185	775	1817	8	12	1297	97	565	0,100,0,0,0,0	11672	348	100	55039	1909	11831	92642,92822,90777,33415,33415,33415,33415	0	6	26638,27868,1442,0,0,0,0	12	78929
175767	156	263	217	31	26	5	1	0	566	527	1187	790	1865	6	6	1221	96	603	0,100,0,0,0,0	11710	310	101	55130	1920	12096	92699,92878,90837,33551,33551,33551,33551	0	3	26638,27868,1543,0,0,0,0	14	78931
175679	161	302	211	35	29	4	2	0	606	527	1190	791	1805	3	13	1252	103	641	0,100,0,0,0,0	11591	295	122	55238	1934	12353	92764,92942,90907,33689,33689,33689,33689	0	1	26638,27868,1665,0,0,0,0	10	78928
175622	154	317	228	40	39	4	2	0	622	527	1191	786	1882	5	12	1216	111	673	0,100,0,0,0,0	20737	295	92	55321	1946	12595	92807,92984,90954,33798,33798,33798,33798	0	3	26638,27868,1760,0,0,0,0	14	78924
175540	150	332	264	41	39	5	2	0	654	527	1192	752	2074	6	11	1078	118	715	0,100,0,0,0,0	20608	347	111	55424	1956	12885	92887,93061,91039,33963,33963,33963,33963	0	7	26638,27868,1873,0,0,0,0	11	78905
175443	180	334	285	39	43	6	2	0	692	527	1195	738	1998	6	17	1220	135	754	0,100,0,0,0,0	11473	293	131	55541	1970	13127	92993,93164,91150,34155,34155,34155,34155	0	5	26638,27868,2003,0,0,0,0	11	78891
175339	185	359	293	32	44	6	3	0	758	527	1200	728	1842	5	15	1401	145	777	0,100,0,0,0,0	11499	274	134	55659	1986	13352	93083,93253,91246,34322,34322,34322,34322	0	2	26638,27868,2136,0,0,0,0	17	78882
175202	216	395	316	36	39	5	3	0	802	527	1205	706	1961	6	19	1808	158	852	0,100,0,0,0,0	11868	281	179	55814	2011	13588	93202,93369,91370,34516,34516,34516,34516	0	10	26638,27868,2315,0,0,0,0	15	78859
175066	258	425	323	49	43	4	2	1	836	527	1212	708	1906	2	15	1857	159	945	0,100,0,0,0,0	12080	268	184	55984	2025	13806	93330,93495,91506,34725,34725,34725,34725	0	10	26638,27868,2498,0,0,0,0	10	78816
174925	262	462	348	53	47	5	2	1	897	527	1217	676	2005	13	20	1865	166	1013	0,100,0,0,0,0	12122	274	179	56141	2049	14023	93454,93617,91635,34924,34924,34924,34924	0	12	26638,27868,2679,0,0,0,0	12	78789
174827	249	480	382	54	50	4	1	1	951	528	1219	678	2026	10	17	1981	169	1051	0,100,0,0,0,0	21046	294	143	56272	2065	14263	93548,93710,91736,35086,35086,35086,35086	0	5	26638,27868,2826,0,0,0,0	10	78756
174717	246	504	388	55	65	5	1	1	1014	528	1222	698	2076	11	23	2262	201	1063	0,100,0,0,0,0	21343	273	155	56409	2083	14501	93621,93783,91815,35249,35249,35249,35249	0	6	26638,27868,2981,0,0,0,0	14	78712
174554	292	529	409	63	76	6	1	1	1062	528	1225	718	1850	13	21	2459	238	1138	0,100,0,0,0,0	12588	264	230	56607	2117	14740	93759,93920,91961,35479,35479,35479,35479	0	6	26638,27868,3213,0,0,0,0	15	78652
174401	303	561	429	72	75	6	0	1	1135	529	1234	713	1881	6	18	2500	242	1204	0,100,0,0,0,0	12827	278	196	56774	2147	14975	93871,94031,92079,35682,35682,35682,35682	0	7	26638,27868,3408,0,0,0,0	15	78620
174216	313	626	436	64	81	6	3	1	1232	529	1239	735	1929	10	22	2549	249	1280	0,100,0,0,0,0	12800	307	227	56980	2170	15242	94013,94173,92228,35909,35909,35909,35909	0	6	26638,27868,3637,0,0,0,0	16	78574
174029	344	653	457	76	78	6	5	1	1324	529	1244	734	2141	8	33	2513	261	1358	0,100,0,0,0,0	12895	262	245	57199	2200	15470	94171,94330,92393,36166,36166,36166,36166	0	11	26638,27868,3885,0,0,0,0	22	78512
173845	377	689	503	85	91	6	5	1	1368	529	1247	756	1932	12	26	2477	283	1473	0,100,0,0,0,0	13070	266	266	57445	2225	15697	94332,94491,92563,36417,36417,36417,36417	0	11	26638,27868,4156,0,0,0,0	29	78438
173698	370	723	507	97	103	8	6	1	1454	529	1250	716	1864	7	23	2481	293	1521	0,100,0,0,0,0	21914	263	230	57645	2258	15924	94451,94610,92692,36626,36626,36626,36626	1	13	26638,27868,4389,0,0,0,0	29	78358
173552	365	729	566	101	98	10	7	1	1533	529	1255	719	1958	9	33	2615	297	1579	0,100,0,0,0,0	21842	284	225	57844	2285	16176	94558,94717,92807,36833,36833,36833,36833	1	16	26638,27868,4612,0,0,0,0	28	78281
173346	402	779	596	106	96	13	7	1	1612	529	1259	717	2037	13	36	2669	312	1687	0,100,0,0,0,0	13027	279	299	58117	2316	16422	94728,94885,92985,37111,37111,37111,37111	1	8	26638,27868,4914,0,0,0,0	31	78187
173089	458	845	631	106	100	12	6	0	1705	530	1264	687	1966	12	40	2745	333	1825	0,100,0,0,0,0	12983	317	349	58423	2361	16704	94933,95090,93200,37439,37439,37439,37439	1	12	26638,27868,5261,0,0,0,0	41	78076
172828	496	880	674	116	128	12	7	0	1806	530	1269	691	2038	21	40	2851	354	1959	0,100,0,0,0,0	13075	314	353	58739	2401	16990	95156,95314,93434,37788,37788,37788,37788	1	13	26638,27868,5616,0,0,0,0	38	77966
172578	522	925	714	129	137	16	8	0	1913	531	1273	687	2005	20	57	3045	384	2067	0,100,0,0,0,0	13234	309	355	59051	2446	17257	95383,95541,93673,38133,38133,38133,38133	1	17	26638,27868,5971,0,0,0,0	40	77879
172291	562	1007	766	134	128	14	8	0	2024	531	1281	647	1979	15	60	3314	415	2204	0,100,0,0,0,0	13542	344	398	59410	2489	17548	95640,95796,93941,38515,38515,38515,38515	1	12	26638,27868,6372,0,0,0,0	46	77771
172024	569	1102	782	140	130	17	9	0	2158	531	1284	651	1877	18	36	3730	436	2313	0,100,0,0,0,0	22911	292	376	59745	2532	17808	95880,96036,94193,38888,38888,38888,38888	1	18	26638,27868,6747,0,0,0,0	50	77648
171790	582	1133	831	139	137	18	8	0	2286	534	1288	664	1976	17	46	3568	446	2402	0,100,0,0,0,0	22800	297	370	60080	2569	18059	96098,96254,94424,39227,39227,39227,39227	1	27	26638,27868,7117,0,0,0,0	48	77523
171479	636	1218	860	145	140	18	10	0	2414	534	1292	673	2070	24	46	4192	473	2554	0,100,0,0,0,0	14342	338	463	60482	2632	18358	96375,96531,94715,39636,39636,39636,39636	1	21	26638,27868,7576,0,0,0,0	54	77382
171122	724	1270	943	154	164	18	8	1	2510	536	1296	676	1977	33	57	4374	521	2760	0,100,0,0,0,0	14599	306	508	60930	2698	18624	96693,96849,95050,40111,40111,40111,40111	2	22	26638,27868,8090,0,0,0,0	45	77200
170755	727	1390	979	169	198	17	9	1	2662	536	1303	673	2012	19	62	4704	572	2917	0,100,0,0,0,0	14784	315	504	61378	2757	18904	97018,97175,95389,40572,40572,40572,40572	2	21	26638,27868,8595,0,0,0,0	44	77036
170342	777	1500	1077	167	214	13	13	0	2801	536	1306	690	2033	31	76	5328	631	3130	0,100,0,0,0,0	15430	320	581	61878	2840	19189	97383,97539,95771,41086,41086,41086,41086	2	22	26638,27868,9178,0,0,0,0	45	76846
169884	828	1566	1196	190	229	13	16	0	2977	537	1310	685	1960	30	61	5558	690	3348	0,100,0,0,0,0	15877	320	599	62413	2906	19466	97769,97925,96171,41632,41632,41632,41632	2	23	26638,27868,9776,0,0,0,0	47	76622
169503	834	1629	1280	211	237	15	19	0	3165	537	1316	691	2083	36	63	5648	729	3496	0,100,0,0,0,0	24453	321	551	62901	2974	19755	98104,98260,96523,42122,42122,42122,42122	2	41	26638,27868,10329,0,0,0,0	60	76397
169100	886	1684	1357	219	237	20	20	0	3365	538	1320	699	1953	33	96	5826	817	3606	0,100,0,0,0,0	24741	320	599	63438	3041	20032	98482,98639,96920,42664,42664,42664,42664	2	30	26638,27868,10932,0,0,0,0	71	76151
168720	919	1715	1411	237	251	19	17	2	3589	541	1325	709	2020	37	80	6241	871	3698	0,100,0,0,0,0	26599	328	582	63944	3118	20317	98831,98990,97289,43170,43170,43170,43170	2	37	26638,27868,11513,0,0,0,0	72	75926
168404	900	1786	1427	246	244	22	14	3	3827	544	1329	664	2063	41	86	6844	867	3772	0,100,0,0,0,0	26691	300	554	64435	3186	20576	99154,99313,97634,43632,43632,43632,43632	3	37	26638,27868,12069,0,0,0,0	70	75696
168057	896	1825	1487	241	256	23	17	4	4061	544	1335	661	1913	38	91	6961	910	3835	0,100,0,0,0,0	26937	301	562	64929	3263	20826	99479,99638,97979,44106,44106,44106,44106	3	28	26638,27868,12636,0,0,0,0	68	75458
167710	899	1881	1500	250	277	23	19	3	4300	547	1337	645	1950	38	87	7535	952	3897	0,100,0,0,0,0	27212	284	596	65455	3338	21073	99816,99976,98338,44581,44581,44581,44581	3	40	26638,27868,13233,0,0,0,0	72	75199
167376	930	1812	1605	282	297	29	19	5	4506	547	1338	651	1994	44	107	7949	1018	3956	0,100,0,0,0,0	27817	287	597	65970	3423	21326	100153,100314,98699,45048,45048,45048,45048	3	29	26638,27868,13828,0,0,0,0	73	74964
167070	888	1872	1625	288	300	33	21	4	4755	548	1342	631	2015	40	86	8007	1031	3996	0,100,0,0,0,0	26631	301	573	66453	3517	21589	100461,100622,99030,45485,45485,45485,45485	4	34	26638,27868,14396,0,0,0,0	87	74736
166720	923	1915	1631	299	301	32	17	4	5004	553	1347	632	2028	47	109	7711	1045	4073	0,100,0,0,0,0	26870	325	616	66981	3612	21858	100798,100959,99390,45978,45978,45978,45978	4	41	26638,27868,15010,0,0,0,0	87	74469
166400	925	1962	1617	306	292	33	14	4	5287	556	1350	611	2005	42	108	8069	1050	4099	0,100,0,0,0,0	27805	335	603	67496	3703	22145	101129,101289,99745,46447,46447,46447,46447	4	38	26638,27868,15608,0,0,0,0	82	74219
166018	973	2014	1698	304	314	32	16	4	5463	556	1354	607	1865	38	83	8640	1049	4302	0,100,0,0,0,0	18746	459	702	68109	3798	22561	101548,101709,100193,47007,47007,47007,47007	4	31	26638,27868,16304,0,0,0,0	84	73934
165633	1007	2029	1746	317	319	37	13	5	5722	560	1358	569	1976	39	98	8258	1046	4422	0,100,0,0,0,0	18601	499	686	68686	3912	23017	101979,102141,100651,47609,47609,47609,47609	4	25	26638,27868,16987,0,0,0,0	81	73662
165239	1067	2087	1768	324	318	43	14	4	5960	561	1361	599	1958	46	105	8288	1042	4579	0,100,0,0,0,0	18835	522	717	69301	4016	23497	102445,102607,101145,48251,48251,48251,48251	4	45	26638,27868,17701,0,0,0,0	85	73378
164849	1109	2142	1811	339	314	51	12	4	6188	564	1363	608	1971	39	117	8473	1038	4740	0,100,0,0,0,0	18823	528	739	69949	4111	23978	102945,103107,101675,48920,48920,48920,48920	4	29	26638,27868,18435,0,0,0,0	90	73091
164534	1092	2173	1871	348	338	49	14	3	6390	565	1369	606	2000	32	94	8074	1043	4842	0,100,0,0,0,0	27089	479	684	70550	4200	24416	103396,103560,102159,49538,49538,49538,49538	4	37	26638,27868,19121,0,0,0,0	92	72790
164243	1077	2183	1906	348	367	44	16	3	6618	567	1374	609	1924	43	117	7837	1051	4890	0,100,0,0,0,0	26610	500	670	71148	4281	24863	103848,104011,102642,50121,50121,50121,50121	4	30	26638,27868,19793,0,0,0,0	96	72523
163869	1143	2224	1944	381	358	46	17	3	6814	567	1380	598	2039	43	122	7760	1084	5029	0,100,0,0,0,0	17771	529	790	71828	4398	25327	104365,104528,103195,50790,50790,50790,50790	4	32	26638,27868,20582,0,0,0,0	94	72230
163399	1225	2330	1927	388	364	41	17	3	7099	568	1385	574	1930	52	108	7904	1088	5204	0,100,0,0,0,0	18067	688	866	72574	4522	25955	104932,105094,103795,51534,51534,51534,51534	4	50	26638,27868,21437,0,0,0,0	103	71893
163001	1286	2414	1949	387	382	36	19	3	7312	568	1389	570	1960	54	140	7993	1145	5328	0,100,0,0,0,0	18038	663	828	73255	4675	26541	105495,105660,104396,52292,52292,52292,52292	5	40	26638,27868,22258,0,0,0,0	96	71607
162575	1331	2482	1975	378	392	41	24	5	7581	568	1394	557	1950	39	106	7853	1178	5445	0,100,0,0,0,0	18638	714	851	73983	4802	27177	106085,106249,105021,53057,53057,53057,53057	5	43	26638,27868,23103,0,0,0,0	90	71303
162178	1296	2565	2061	401	429	38	24	3	7786	568	1397	581	1946	45	139	7946	1245	5569	0,100,0,0,0,0	18109	650	845	74687	4948	27765	106674,106839,105650,53826,53826,53826,53826	5	32	26638,27868,23941,0,0,0,0	97	70998
161834	1259	2607	2136	423	416	40	19	3	8036	574	1399	604	2052	50	107	7711	1248	5652	0,100,0,0,0,0	26509	698	787	75365	5065	28395	107208,107374,106222,54530,54530,54530,54530	5	40	26638,27868,24726,0,0,0,0	87	70680
161475	1263	2629	2181	411	436	44	28	2	8296	576	1405	592	1918	54	136	8071	1276	5716	0,100,0,0,0,0	26802	716	834	76092	5178	29040	107808,107973,106860,55301,55301,55301,55301	5	57	26638,27868,25555,0,0,0,0	91	70348
161045	1338	2700	2242	425	443	43	25	3	8490	581	1411	594	1930	47	165	8701	1404	5812	0,100,0,0,0,0	18936	663	950	76902	5327	29642	108454,108622,107551,56132,56132,56132,56132	5	40	26638,27868,26501,0,0,0,0	93	69978
160597	1412	2741	2294	460	467	41	24	2	8708	584	1416	620	1963	43	134	9307	1461	5978	0,100,0,0,0,0	19465	846	957	77706	5490	30434	109106,109276,108245,56964,56964,56964,56964	5	39	26638,27868,27451,0,0,0,0	90	69608
160163	1399	2860	2341	482	447	38	22	2	8984	586	1422	613	2029	52	157	9684	1481	6108	0,100,0,0,0,0	20005	905	967	78519	5649	31262	109820,109988,109001,57867,57867,57867,57867	5	41	26638,27868,28407,0,0,0,0	85	69251
159655	1420	2991	2398	472	455	41	23	1	9272	589	1429	604	2016	51	140	9924	1487	6313	0,100,0,0,0,0	20230	921	1018	79382	5807	32105	110589,110758,109814,58854,58854,58854,58854	5	46	26638,27868,29414,0,0,0,0	86	68869
159172	1503	2994	2506	497	484	41	24	1	9496	593	1435	627	2006	44	160	10417	1561	6488	0,100,0,0,0,0	20435	900	1029	80251	5970	32938	111336,111504,110604,59821,59821,59821,59821	5	35	26638,27868,30432,0,0,0,0	97	68460
158853	1511	2933	2597	477	503	47	26	1	9759	596	1443	632	1961	65	120	9915	1467	6627	0,100,0,0,0,0	28605	900	896	81028	6096	33781	112006,112174,111319,60664,60664,60664,60664	5	42	26638,27868,31318,0,0,0,0	100	68080
158538	1463	3035	2587	485	500	48	24	1	10018	601	1446	610	1996	56	151	10118	1560	6582	0,100,0,0,0,0	28338	1032	897	81782	6245	34634	112670,112840,112031,61513,61513,61513,61513	5	44	26638,27868,32208,0,0,0,0	101	67768
158221	1512	3005	2663	509	503	54	27	1	10199	602	1450	587	1927	49	154	10597	1612	6661	0,100,0,0,0,0	20828	1072	978	82592	6417	35519	113368,113537,112781,62375,62375,62375,62375	5	33	26638,27868,33174,0,0,0,0	109	67436
157924	1517	2996	2676	515	516	61	28	2	10456	602	1453	570	1949	52	199	10517	1668	6641	0,100,0,0,0,0	20989	1714	939	83376	6578	37061	114039,114208,113505,63195,63195,63195,63195	5	44	26638,27868,34103,0,0,0,0	117	67102
157618	1544	2994	2680	520	526	64	29	2	10710	603	1456	576	2033	58	188	10366	1692	6665	0,100,0,0,0,0	20811	1691	940	84140	6761	38560	114900,115070,114418,64315,64315,64315,64315	5	36	26638,27868,35022,0,0,0,0	120	66801
157291	1520	3094	2695	525	502	63	31	3	10957	606	1459	535	1985	47	153	10517	1689	6741	0,100,0,0,0,0	21231	1695	991	84971	6926	40063	115805,115975,115374,65478,65478,65478,65478	5	45	26638,27868,35996,0,0,0,0	129	66448
156983	1520	3101	2701	547	486	63	33	4	11239	609	1460	530	1965	61	166	10771	1669	6782	0,100,0,0,0,0	21064	1711	952	85749	7106	41597	116643,116817,116266,66574,66574,66574,66574	5	46	26638,27868,36931,0,0,0,0	123	66103
156895	1395	3034	2814	544	492	67	34	4	11391	612	1464	532	2007	52	147	10668	1662	6718	0,100,0,0,0,0	29033	1696	800	86421	7240	43119	117370,117544,117048,67498,67498,67498,67498	6	49	26638,27868,37722,0,0,0,0	136	65795
156764	1346	2996	2794	506	498	69	35	4	11650	617	1467	506	1924	56	161	10756	1658	6586	0,99,0,0,0,0	29163	1729	808	87091	7402	44690	118148,118323,117880,68484,68484,68484,68484	6	36	26638,27868,38517,18,0,0,0	135	65483
156543	1356	2960	2858	513	530	75	31	5	11785	622	1468	518	1976	50	168	11115	1714	6609	0,99,0,0,0,0	21178	1707	891	87836	7587	46233	119022,119196,118809,69573,69573,69573,69573	6	45	26638,27868,39406,45,0,0,0	130	65176
156337	1423	2957	2797	527	515	82	37	5	11971	623	1472	553	1974	59	171	11520	1706	6632	0,99,0,0,0,0	21836	910	948	88609	7796	46985	119886,120064,119735,70624,70624,70624,70624	6	56	26638,27868,40328,76,0,0,0	137	64854
156152	1455	2951	2805	537	518	83	34	6	12106	627	1472	560	1955	55	179	11454	1733	6650	0,98,1,0,0,0	21581	909	904	89356	7978	47748	120506,120683,120410,71298,71298,71298,71298	6	48	26638,27868,41212,106,0,0,0	137	64515
155959	1450	2913	2795	505	533	80	36	6	12361	630	1478	523	1937	59	168	11611	1715	6597	0,98,1,0,0,0	21904	853	888	90076	8178	48448	121124,121299,121082,71989,71989,71989,71989	6	37	26638,27868,42062,152,0,0,0	142	64175
155804	1429	2975	2757	488	494	79	34	9	12564	633	1480	517	1881	48	158	11606	1641	6615	0,97,2,0,0,0	22046	878	888	90804	8381	49178	121726,121901,121743,72631,72631,72631,72631	6	49	26638,27868,42902,225,0,0,0	140	63828
155827	1335	2913	2781	499	497	76	32	7	12658	639	1482	492	2004	52	143	10671	1572	6561	0,97,2,0,0,0	29421	886	785	91428	8552	49913	122229,122404,122304,73138,73138,73138,73138	6	49	26638,27868,43643,253,0,0,0	151	63531
155887	1266	2802	2806	503	498	77	36	7	12735	643	1486	496	1983	48	160	10306	1546	6442	0,96,3,0,0,0	28833	854	753	92028	8712	50619	122724,122897,122856,73620,73620,73620,73620	6	46	26638,27868,44337,289,0,0,0	139	63258
155781	1294	2782	2733	490	486	75	35	7	12928	648	1487	508	1884	48	185	10797	1600	6295	0,96,3,0,0,0	21283	945	871	92709	8908	51394	123278,123452,123469,74194,74194,74194,74194	6	51	26638,27868,45124,354,0,0,0	148	62955
155703	1366	2662	2724	511	498	75	37	7	13025	650	1488	532	1975	60	149	10721	1588	6285	0,95,4,0,0,0	21134	778	886	93388	9117	52010	123840,124014,124090,74769,74769,74769,74769	6	40	26638,27868,45923,421,0,0,0	133	62641
155761	1329	2623	2707	495	493	72	41	6	13075	652	1492	526	1934	51	176	10418	1616	6144	0,95,4,0,0,0	21052	694	776	93987	9300	52551	124298,124472,124608,75191,75190,75190,75190	6	25	26638,27868,46600,497,0,0,0	143	62359
155877	1262	2610	2671	467	464	76	40	8	13120	655	1496	511	1895	55	141	10308	1575	6015	0,94,5,0,0,0	20867	749	746	94542	9495	53148	124683,124858,125054,75520,75519,75519,75519	6	36	26638,27868,47247,574,0,0,0	142	62095
155895	1271	2615	2570	463	432	77	39	10	13216	659	1499	491	1999	38	131	10504	1527	5940	0,94,5,0,0,0	20651	706	810	95169	9682	53714	125140,125316,125568,75931,75930,75930,75930	6	32	26638,27868,47937,662,0,0,0	133	61824
156064	1237	2548	2522	437	445	71	39	8	13210	664	1501	491	1927	41	118	9482	1384	5915	0,93,6,0,0,0	28469	752	712	95705	9865	54321	125506,125681,125995,76245,76242,76242,76242	6	38	26638,27868,48552,748,0,0,0	136	61545
156236	1140	2529	2442	440	448	76	40	6	13218	669	1502	491	2010	31	125	9114	1336	5779	0,92,7,0,0,0	27731	716	678	96195	10055	54903	125864,126039,126411,76552,76549,76549,76549	5	27	26638,27868,49105,849,0,0,0	138	61299
156383	1136	2457	2432	440	430	68	35	4	13179	679	1503	511	2002	33	163	9667	1342	5656	0,91,8,0,0,0	19730	763	730	96762	10220	55503	126256,126430,126863,76879,76875,76875,76875	5	35	26638,27868,49702,960,0,0,0	125	61008
156514	1148	2367	2393	426	426	65	34	4	13183	682	1504	488	1792	44	147	10021	1317	5542	0,90,9,0,0,0	20129	404	732	97305	10409	55748	126637,126810,127302,77212,77206,77206,77206	5	42	26638,27868,50282,1080,0,0,0	124	60732
156668	1185	2324	2347	424	424	65	35	4	13075	686	1509	516	1955	46	137	9590	1291	5513	0,89,10,0,0,0	20168	404	730	97836	10610	56015	126932,127106,127655,77402,77395,77395,77395	5	29	26638,27868,50840,1214,0,0,0	109	60481
156747	1199	2325	2342	432	390	64	28	7	13004	691	1517	499	1994	43	134	9284	1242	5538	0,88,11,0,0,0	19475	257	755	98370	10833	56272	127234,127409,128014,77624,77615,77615,77615	5	30	26638,27868,51409,1371,0,0,0	107	60175
156927	1177	2304	2271	427	379	71	30	6	12942	692	1520	465	2056	45	137	9504	1193	5466	0,86,13,0,0,0	19820	263	707	98889	11028	56535	127514,127689,128353,77780,77770,77770,77770	5	29	26638,27868,51932,1537,0,0,0	108	59897
157148	1132	2254	2245	394	380	69	29	7	12873	694	1521	499	1945	48	118	8835	1148	5355	0,85,14,0,0,0	27804	238	629	99349	11204	56773	127741,127916,128634,77896,77884,77884,77884	5	45	26638,27868,52370,1710,0,0,0	120	59630
157324	1112	2169	2206	390	358	70	29	10	12861	695	1522	484	1952	43	110	9083	1113	5221	0,83,16,0,0,0	27761	273	629	99772	11416	57046	127981,128157,128928,78045,78031,78031,78031	5	36	26638,27868,52806,1892,0,0,0	119	59381
157420	1094	2182	2209	397	342	71	31	10	12768	698	1524	473	1933	34	146	9411	1129	5197	0,82,17,0,0,0	19394	263	713	100247	11656	57309	128256,128429,129252,78251,78236,78236,78236	5	37	26638,27868,53288,2094,0,0,0	117	59097
157582	1102	2149	2172	381	348	65	32	10	12680	699	1526	478	1939	42	106	9638	1120	5129	0,80,19,0,0,0	19909	94	681	100717	11870	57403	128517,128689,129563,78425,78407,78407,78407	4	21	26638,27868,53713,2326,0,0,0	113	58826
157809	1084	2056	2164	412	344	63	36	9	12538	701	1530	485	1940	37	103	9343	1105	5054	0,78,21,0,0,0	29318	93	635	101151	12073	57496	128693,128866,129793,78487,78466,78466,78466	4	29	26638,27868,54099,2554,0,0,0	107	58550
158011	1031	2066	2107	382	341	65	38	8	12459	702	1536	476	2006	26	109	8594	1059	4971	0,76,23,0,0,0	29000	103	629	101570	12285	57599	128837,129010,129986,78542,78517,78517,78517	4	19	26638,27868,54475,2787,0,0,0	108	58264
158208	1011	2012	2063	394	347	64	33	10	12359	707	1538	467	1917	31	101	8168	1028	4896	0,75,24,0,0,0	26848	117	597	101978	12481	57716	128980,129150,130176,78592,78564,78564,78564	4	26	26638,27868,54828,3022,0,0,0	111	57994
158388	968	1917	2059	394	330	64	33	12	12332	708	1541	493	1914	29	116	7965	986	4779	0,73,26,0,0,0	26674	80	572	102342	12691	57796	129117,129288,130358,78640,78608,78608,78608	4	25	26638,27868,55130,3261,0,0,0	104	57762
158613	948	1867	2010	362	345	67	32	11	12235	712	1544	486	2054	45	115	7902	976	4655	0,70,29,0,0,0	26876	97	587	102729	12895	57893	129236,129408,130524,78669,78633,78633,78633	4	24	26638,27868,55424,3544,0,0,0	112	57499
158833	984	1875	1957	342	322	69	36	9	12056	715	1548	474	1941	35	125	7834	998	4587	0,68,31,0,0,0	27730	89	655	103158	13126	57982	129377,129548,130713,78725,78684,78684,78684	4	33	26638,27868,55745,3860,0,0,0	109	57210
159034	1023	1794	1914	318	321	61	38	8	11964	717	1554	456	1946	35	92	7246	930	4539	0,66,33,0,0,0	27354	73	614	103560	13344	58055	129505,129676,130887,78775,78727,78727,78727	4	31	26638,27868,56043,4160,0,0,0	105	56954
159202	1020	1765	1877	307	312	63	36	9	11881	719	1555	463	1937	28	114	6973	874	4506	0,63,36,0,0,0	27162	83	619	103960	13567	58138	129624,129792,131049,78818,78765,78765,78765	4	23	26638,27868,56295,4517,0,0,0	103	56686
159377	1015	1778	1884	303	307	60	34	7	11701	722	1558	497	1909	37	102	6620	868	4513	0,60,39,0,0,0	26769	80	625	104365	13793	58218	129757,129925,131225,78882,78823,78823,78823	4	28	26638,27868,56555,4869,0,0,0	101	56429
159530	1000	1809	1828	282	300	59	34	6	11610	727	1561	494	1963	26	90	6736	852	4460	0,57,42,0,0,0	26610	94	623	104760	14025	58312	129870,130037,131380,78943,78878,78878,78878	4	22	26638,27868,56794,5237,0,0,0	102	56161
159690	1034	1761	1806	286	295	52	31	5	11491	731	1564	497	1972	36	88	6987	788	4477	0,55,44,0,0,0	25355	86	626	105125	14289	58398	129979,130148,131532,79002,78930,78930,78930	4	40	26638,27868,57005,5637,0,0,0	107	55919
159781	1066	1723	1818	276	283	45	28	4	11416	736	1570	502	1949	54	87	6863	767	4472	0,52,47,0,0,0	25274	72	646	105505	14562	58470	130100,130269,131693,79106,79027,79027,79027	4	34	26638,27868,57223,6052,0,0,0	93	55663
159869	1137	1769	1802	283	270	47	25	4	11226	741	1573	505	1995	38	107	6940	816	4517	0,50,49,0,0,0	17221	67	716	105944	14848	58537	130272,130442,131907,79256,79169,79169,79169	4	33	26638,27868,57462,6526,0,0,0	89	55390
159884	1223	1746	1803	281	264	44	22	4	11155	744	1576	497	1865	29	96	6415	770	4613	0,47,52,0,0,0	16874	302	743	106384	15159	58839	130439,130608,132110,79440,79344,79344,79344	4	32	26638,27868,57662,7062,0,0,0	89	55100
159833	1269	1900	1791	273	251	43	21	3	11036	747	1579	492	1963	42	103	6156	756	4792	0,43,56,0,0,0	16427	279	810	106835	15526	59118	130658,130826,132359,79740,79634,79634,79634	4	45	26638,27868,57861,7652,0,0,0	84	54811
159702	1386	2018	1779	269	250	42	23	3	10942	748	1584	501	1972	44	77	6269	753	5014	0,40,59,0,0,0	16474	275	896	107337	15929	59393	130893,131062,132629,80095,79978,79978,79978	4	50	26638,27868,58069,8326,0,0,0	85	54459
159546	1473	2150	1880	273	231	45	23	2	10787	749	1587	514	1920	45	101	6377	788	5287	0,37,62,0,0,0	16223	307	938	107836	16376	59700	131134,131305,132905,80453,80325,80325,80325	4	36	26638,27868,58268,9054,0,0,0	85	54119
159385	1498	2223	1955	247	235	38	24	2	10798	751	1590	481	1912	39	76	6000	783	5437	0,34,65,0,0,0	24839	312	849	108302	16767	60012	131363,131533,133162,80804,80664,80664,80664	4	39	26638,27868,58408,9761,0,0,0	78	53813
159272	1500	2268	2002	239	258	32	25	2	10800	753	1595	501	1914	58	78	5718	761	5563	0,31,68,0,0,0	24973	266	870	108739	17201	60278	131567,131737,133399,81140,80988,80988,80988	5	65	26638,27868,58540,10482,0,0,0	80	53511
158936	1642	2313	2150	253	265	29	21	2	10779	759	1597	509	1958	45	106	6019	843	5830	0,28,71,0,0,0	16403	275	1038	109272	17731	60553	131845,132016,133703,81623,81457,81457,81457	5	55	26638,27868,58694,11356,22,0,0	69	53149
158476	1857	2408	2219	252	271	27	24	2	10846	761	1603	480	2007	53	101	6457	875	6183	0,25,73,0,0,0	16570	345	1132	109881	18283	60898	132172,132346,134052,82195,82014,82014,82014	5	47	26638,27868,58831,12349,42,0,0	75	52739
158018	1962	2608	2256	267	270	27	22	3	10944	764	1605	494	1962	70	115	6468	934	6478	0,22,76,0,0,0	16568	355	1157	110475	18872	61253	132500,132676,134403,82781,82584,82584,82584	5	60	26638,27868,58949,13375,64,0,0	79	52340
157386	2110	2864	2396	273	269	25	22	3	11025	766	1607	506	1964	70	97	6717	980	6979	0,20,78,1,0,0	16544	348	1341	111151	19559	61601	132875,133051,134799,83490,83274,83274,83274	6	62	26638,27868,59065,14580,94,0,0	84	51873
156739	2272	3061	2609	261	302	25	21	3	11075	768	1610	486	1915	65	91	7074	1031	7520	0,18,80,1,0,0	16981	301	1407	111878	20267	61902	133275,133451,135217,84236,84000,84000,84000	6	69	26638,27868,59188,15825,150,0,0	82	51389
156084	2294	3281	2756	298	307	28	18	5	11289	771	1615	513	1964	67	113	6871	1092	7890	0,16,81,2,0,0	25702	348	1352	112520	21007	62250	133605,133779,135567,84934,84675,84675,84675	6	87	26638,27868,59281,17039,213,0,0	84	50941
155468	2289	3360	3031	299	326	21	14	5	11540	774	1619	522	1929	93	98	7227	1109	8231	0,14,82,2,0,0	25878	338	1352	113207	21681	62588	133956,134128,135936,85631,85351,85351,85351	7	96	26638,27868,59381,18231,269,0,0	77	50463
154565	2482	3514	3234	322	332	21	15	5	11861	775	1620	512	2086	81	114	8022	1171	8749	0,12,83,3,0,0	17913	381	1691	114021	22567	62969	134403,134580,136399,86553,86248,86248,86248	7	85	26638,27868,59464,19755,351,0,0	73	49896
153618	2833	3587	3364	338	315	23	17	3	12251	776	1621	496	1866	85	147	8266	1233	9244	0,11,85,3,0,0	18384	347	1753	114860	23493	63316	134861,135034,136868,87505,87176,87176,87176	8	77	26638,27868,59560,21331,432,0,0	82	49292
152597	3038	3791	3548	352	336	25	18	3	12640	777	1621	507	1999	109	134	8330	1304	9804	0,10,85,4,0,0	18532	356	1843	115737	24473	63672	135339,135512,137351,88523,88165,88165,88165	8	95	26638,27868,59635,22971,551,0,0	87	48674
151513	3197	4128	3702	348	353	29	19	6	13050	778	1623	509	2018	122	152	8730	1433	10343	0,9,85,4,0,0	18970	363	1947	116658	25510	64035	135831,136002,137850,89618,89227,89226,89226	9	113	26638,27868,59699,24706,693,0,0	96	48017
150235	3416	4477	3861	365	363	31	21	5	13564	778	1630	504	1932	114	149	9572	1551	10983	0,8,86,5,0,0	19601	367	2122	117650	26654	64402	136409,136576,138428,90864,90439,90438,90438	10	96	26638,27868,59760,26607,845,0,0	105	47348
149126	3419	4670	4122	390	378	36	22	5	14168	778	1632	485	2005	122	132	9739	1615	11422	0,7,86,6,0,0	28094	349	1944	118565	27699	64751	136895,137062,138916,91972,91515,91513,91513	10	123	26638,27868,59812,28312,1030,0,0	132	46681
147948	3370	4948	4392	402	396	36	24	5	14811	780	1634	489	1870	120	150	10199	1737	11831	0,6,86,6,0,0	28323	338	2052	119520	28808	65089	137395,137556,139414,93127,92636,92633,92633	11	101	26638,27868,59877,30088,1235,0,0	138	45966
146318	3812	5153	4580	442	422	40	25	6	15529	781	1638	483	1974	121	180	10660	1880	12594	0,5,86,7,0,0	20658	334	2550	120653	30244	65423	138060,138214,140073,94624,94095,94092,94092	11	122	26638,27868,59925,32293,1529,0,0	137	45160
144765	4186	5251	4893	436	443	44	27	7	16275	781	1638	503	1914	143	168	11191	1966	13314	0,5,86,8,0,0	21070	350	2517	121800	31633	65773	138699,138852,140709,96088,95519,95515,95515	12	139	26638,27868,59972,34443,1845,0,0	138	44336
143188	4291	5610	5110	460	447	43	26	6	17138	786	1641	486	1983	130	183	11964	2095	13892	0,4,85,9,0,0	21500	344	2565	122937	33081	66117	139302,139450,141303,97584,96969,96964,96964	13	134	26638,27868,60018,36636,2174,0,0	130	43481
141418	4584	6025	5242	483	445	45	28	6	18036	788	1646	471	2038	156	174	12520	2150	14702	0,3,84,11,0,0	22508	348	2816	124242	34600	66465	139981,140129,141979,99251,98591,98584,98584	13	129	26638,27868,60059,38941,2624,0,0	133	42506
139500	4881	6337	5619	486	457	40	33	4	18954	788	1647	500	1890	146	202	12811	2241	15612	0,3,84,12,0,0	22853	332	2989	125575	36276	66797	140718,140866,142703,101036,100325,100317,100317	14	161	26638,27868,60106,41413,3086,0,0	136	41530
137989	4773	6608	6008	488	499	39	30	6	19865	792	1649	479	1939	132	166	12652	2266	16179	0,3,83,13,0,0	31033	357	2695	126743	37821	67154	141287,141431,143261,102584,101818,101807,101807	15	158	26638,27868,60133,43639,3525,0,0	142	40643
136480	4577	6871	6313	519	534	36	23	9	20937	795	1652	499	1954	199	180	12312	2242	16631	0,2,82,14,0,0	30651	317	2723	127910	39395	67471	141855,141997,143818,104136,103311,103297,103297	15	144	26638,27868,60169,45779,4063,0,0	142	39752
134466	4972	6945	6755	556	557	38	19	12	21972	798	1656	508	1880	172	244	12717	2447	17395	0,2,81,15,0,0	22695	345	3273	129341	41256	67816	142620,142763,144571,106061,105179,105162,105162	16	166	26638,27868,60198,48330,4734,0,0	118	38710
132478	5395	7028	6967	570	552	35	15	14	23230	803	1659	499	1973	174	238	13059	2556	18006	0,2,80,17,0,0	23250	129	3318	130756	43174	67945	143376,143516,145314,108021,107075,107054,107054	17	184	26638,27868,60222,50881,5452,0,0	124	37664
130555	5488	7430	7150	573	553	39	16	12	24466	805	1659	498	1914	201	227	13492	2595	18654	0,1,79,18,0,0	23447	143	3263	132151	45057	68088	144071,144210,145990,109894,108889,108862,108862	17	167	26638,27868,60244,53285,6259,0,0	125	36619
128782	5408	7764	7455	593	584	38	12	14	25623	808	1665	494	1978	187	234	13629	2717	19137	0,1,77,20,0,0	23851	125	3248	133521	46954	68213	144730,144870,146633,111745,110674,110639,110639	18	166	26638,27868,60271,55630,7107,0,0	132	35580
126904	5541	7940	7783	596	632	44	12	14	26807	808	1665	473	1947	205	245	13400	2752	19796	0,1,76,22,0,0	23551	153	3445	134948	48993	68366	145429,145564,147315,113720,112576,112533,112533	19	186	26638,27868,60290,58039,8103,0,0	119	34536
125361	5501	7877	7991	615	665	48	16	13	28180	808	1671	445	1908	199	233	13338	2749	19964	0,1,74,23,0,0	31433	129	3116	136263	50815	68495	146003,146136,147875,115468,114252,114202,114202	19	187	26638,27868,60303,60190,9047,0,0	129	33535
123906	5322	7999	8091	683	625	59	16	13	29550	809	1673	496	1896	201	273	14137	2887	19908	0,1,73,25,0,0	31742	108	3111	137510	52699	68603	146530,146664,148384,117169,115879,115819,115819	20	194	26638,27868,60311,62255,10060,0,0	164	32605
122213	5539	8024	8268	670	655	52	19	12	30806	811	1677	495	1963	227	314	14711	3047	20180	0,1,71,27,0,0	24574	139	3479	138935	54774	68742	147143,147276,148970,119089,117720,117651,117651	20	184	26638,27868,60323,64463,11281,0,0	163	31513
120745	5740	7925	8359	671	662	45	23	10	32071	813	1682	507	1925	219	261	15242	3180	20245	0,0,69,29,0,0	25085	89	3340	140286	56787	68831	147696,147829,149500,120927,119481,119399,119399	21	178	26638,27868,60333,66525,12510,0,0	153	30484
119391	5683	8041	8478	699	660	42	25	11	33220	814	1682	512	1994	236	266	16026	3266	20362	0,0,67,31,0,0	25824	94	3337	141594	58840	68925	148208,148339,149988,122707,121183,121085,121085	22	200	26638,27868,60341,68457,13861,0,0	156	29496
117996	5695	8155	8562	682	628	44	30	11	34445	814	1684	492	1921	214	285	16020	3262	20534	0,0,65,33,0,0	26202	97	3343	142970	60831	69022	148734,148860,150495,124529,122929,122814,122814	22	190	26638,27868,60350,70350,15250,0,0	155	28448
116763	5588	8233	8675	657	626	44	31	12	35616	815	1686	471	1866	191	249	16336	3238	20616	0,0,62,36,0,0	26151	86	3313	144246	62890	69108	149188,149314,150920,126296,124614,124483,124483	22	186	26638,27868,60358,72095,16776,0,0	168	27466
115924	5215	8164	8665	652	647	43	31	13	36888	815	1689	442	1929	205	243	16511	3186	20231	0,0,60,38,0,0	34091	84	2883	145361	64683	69192	149513,149642,151231,127779,126013,125865,125865	22	175	26638,27868,60363,73578,18135,0,0	164	26595
115255	4979	7996	8636	684	657	49	34	10	37938	817	1691	461	1946	200	250	16458	3168	19867	0,0,58,40,0,0	33605	76	2883	146466	66487	69268	149802,149934,151507,129263,127410,127241,127241	22	165	26638,27868,60366,75053,19506,0,0	162	25749
114423	5173	7598	8783	669	652	48	33	14	38842	818	1693	466	1865	186	291	16401	3087	19869	0,0,56,42,0,0	26608	90	3202	147697	68481	69358	150157,150289,151845,130901,128970,128775,128775	22	155	26638,27868,60376,76548,21154,0,0	159	24810
113919	5078	7401	8671	648	643	51	28	12	39778	823	1694	482	1951	212	269	15792	2971	19549	0,0,54,45,0,0	25889	61	2892	148801	70288	69419	150409,150537,152085,132353,130343,130118,130118	22	152	26638,27868,60382,77812,22732,0,0	162	23945
113382	4833	7524	8490	596	602	52	25	16	40700	828	1698	514	1933	193	292	15715	2919	19203	0,0,51,47,0,0	25765	58	2885	149856	72134	69477	150638,150765,152302,133766,131685,131430,131430	22	163	26638,27868,60382,78963,24400,0,0	155	23128
113118	4711	7372	8321	598	570	49	24	15	41437	831	1700	496	1874	173	260	15720	2799	18846	0,0,49,50,0,0	25760	64	2723	150795	73946	69541	150808,150935,152463,135053,132901,132612,132612	22	145	26638,27868,60385,80029,26002,0,0	141	22398
112836	4666	7092	8252	636	597	44	28	14	42047	832	1702	490	1927	194	214	14957	2681	18634	0,0,47,52,0,0	25392	64	2777	151780	75756	69605	150966,151088,152612,136343,134132,133807,133807	21	155	26638,27868,60393,81003,27742,0,0	143	21624
112911	4447	6828	8058	614	567	43	25	14	42701	833	1705	500	1905	165	227	14335	2564	18018	0,0,44,54,0,0	32309	54	2426	152624	77350	69659	151015,151137,152659,137418,135141,134777,134777	21	131	26638,27868,60396,81856,29255,0,0	158	20957
113333	4067	6620	7869	564	541	38	23	14	43136	834	1707	497	1977	178	234	14238	2485	17237	0,0,43,56,0,0	32091	44	2216	153407	78801	69703	150996,151117,152642,138389,136047,135641,135641	20	145	26638,27868,60398,82621,30649,0,0	138	20351
113488	4004	6427	7643	528	532	41	21	16	43503	836	1707	492	1988	181	245	14351	2501	16695	0,0,40,59,0,0	24576	52	2468	154272	80427	69755	151051,151169,152694,139465,137065,136617,136617	20	114	26638,27868,60400,83360,32320,0,0	138	19675
113862	4044	6098	7397	498	521	38	19	18	43707	836	1708	495	1921	166	247	14444	2487	16128	0,0,38,61,0,0	24118	44	2282	155010	81986	69799	151033,151149,152672,140410,137956,137462,137462	19	131	26638,27868,60403,83962,33937,0,0	137	19109
114388	3777	5851	7232	493	521	40	17	17	43865	836	1709	528	1905	123	203	14403	2384	15547	0,0,36,63,0,0	24599	53	2125	155714	83419	69852	150971,151087,152605,141290,138787,138244,138244	19	111	26638,27868,60404,84482,35504,0,0	138	18565
115047	3593	5740	6913	479	522	38	15	21	43831	837	1710	519	1988	146	215	14694	2337	14963	0,0,34,65,0,0	24630	55	2064	156408	84804	69907	150905,151018,152541,142117,139568,138972,138972	18	118	26638,27868,60404,84957,37030,0,0	119	18033
115904	3403	5520	6636	461	499	37	18	22	43699	837	1710	535	1890	148	219	14403	2239	14335	0,0,31,68,0,0	24547	44	1969	157038	86153	69951	150763,150876,152407,142852,140262,139608,139608	18	122	26638,27868,60406,85372,38524,0,0	112	17546
116815	3124	5239	6391	465	478	38	20	24	43602	838	1712	528	1979	146	173	13754	2098	13657	0,0,29,70,0,0	31976	39	1761	157608	87359	69990	150596,150711,152249,143472,140841,140133,140133	17	117	26638,27868,60407,85720,39884,0,0	126	17095
117967	2865	4904	6186	481	458	36	18	25	43245	841	1720	532	1977	136	171	13836	2053	12895	0,0,27,71,0,0	31585	35	1611	158094	88493	70025	150363,150481,152028,143993,141328,140559,140559	17	111	26638,27868,60409,86048,41120,0,0	125	16708
118969	2893	4575	5960	473	408	35	19	22	42826	844	1722	546	1944	140	194	13914	1977	12386	0,0,25,73,0,0	23958	38	1750	158630	89717	70063	150166,150283,151836,144573,141879,141048,141048	16	85	26638,27868,60410,86339,42528,0,0	117	16281
120228	2750	4257	5652	448	395	32	19	17	42378	846	1724	577	1942	120	164	13462	1870	11683	0,0,24,75,0,0	23638	30	1493	159087	90758	70093	149898,150014,151583,145006,142289,141391,141391	15	80	26638,27868,60410,86578,43731,0,0	116	15910
121456	2624	4154	5336	399	362	27	18	19	41779	846	1726	542	1867	105	160	12478	1731	11189	0,0,22,77,0,0	23052	30	1562	159519	91899	70123	149645,149760,151339,145467,142729,141766,141766	15	78	26638,27868,60411,86801,45022,0,0	99	15556
122637	2624	3945	4983	366	334	25	16	21	41218	849	1728	521	1976	121	156	11988	1579	10714	0,0,20,79,0,0	22150	26	1498	159937	92991	70149	149396,149515,151103,145892,143140,142108,142108	14	82	26638,27868,60411,87015,46254,0,0	89	15225
124068	2362	3851	4712	340	327	23	15	20	40446	850	1732	536	1951	92	128	11380	1499	10131	0,0,19,80,0,0	21850	20	1314	160334	93919	70169	149084,149207,150810,146226,143458,142355,142355	13	72	26638,27868,60412,87180,47349,0,0	86	14913
125568	2191	3716	4501	316	308	23	20	17	39496	852	1738	549	1920	97	116	10503	1338	9737	0,0,17,82,0,0	28971	21	1263	160661	94863	70190	148730,148859,150476,146510,143735,142557,142557	13	80	26638,27868,60413,87320,48424,0,0	85	14636
127148	2005	3431	4346	307	307	25	21	15	38546	854	1741	574	1991	83	117	10064	1251	9191	0,0,16,83,0,0	28516	33	1084	160970	95640	70223	148377,148514,150144,146719,143937,142686,142686	12	64	26638,27868,60413,87423,49354,0,0	90	14381
128303	2088	3318	4142	281	308	22	15	17	37650	858	1744	565	2081	108	120	8646	1094	9080	0,0,14,85,0,0	19479	19	1418	161385	96653	70242	148137,148274,149917,147083,144312,142986,142986	12	83	26638,27868,60413,87532,50612,0,0	81	14053
129446	2259	3121	3991	277	286	22	11	19	36707	859	1748	537	1943	90	126	7398	996	8971	0,0,13,86,0,0	18467	5	1372	161771	97649	70247	147900,148034,149694,147423,144660,143261,143261	12	88	26638,27868,60414,87632,51814,0,0	67	13741
130664	2273	3160	3779	258	256	21	12	19	35694	859	1751	582	1897	85	123	6460	890	8869	0,0,12,87,0,0	17189	9	1316	162108	98635	70256	147642,147777,149447,147713,144964,143488,143488	11	73	26638,27868,60414,87725,52967,0,0	76	13470
131889	2255	3191	3625	249	255	17	13	18	34619	860	1755	568	1956	96	93	5397	806	8799	0,0,11,88,0,0	16139	10	1281	162461	99576	70266	147375,147511,149198,148009,145277,143722,143722	11	88	26638,27868,60414,87816,54108,0,0	74	13190
132972	2242	3253	3511	227	240	14	13	14	33645	860	1755	572	1953	89	99	4789	731	8769	0,0,10,89,0,0	14934	4	1302	162817	100528	70270	147141,147275,148973,148306,145594,143965,143965	10	66	26638,27868,60416,87897,55254,0,0	66	12915
134141	2067	3264	3456	231	226	16	10	14	32702	862	1757	579	1990	88	92	4015	662	8608	0,0,8,90,0,0	23418	5	1139	163113	101380	70275	146868,147003,148714,148531,145842,144137,144137	10	51	26638,27868,60417,87950,56276,0,0	95	12684
135347	1878	3170	3461	241	240	15	7	15	31750	863	1759	572	1991	85	86	3249	592	8420	0,0,8,91,0,0	22854	3	1070	163387	102181	70278	146593,146728,148457,148725,146056,144276,144276	9	68	26638,27868,60417,87993,57247,0,0	79	12474
136353	1975	3063	3393	254	251	14	11	12	30793	864	1763	575	1939	88	132	2495	597	8364	0,0,7,92,0,0	13098	9	1278	163730	103126	70287	146381,146516,148259,149005,146367,144508,144508	9	75	26638,27868,60418,88050,58412,0,0	71	12198
137341	2092	2885	3420	231	252	16	12	12	29853	864	1768	583	2016	93	112	1923	575	8333	0,0,6,93,0,0	12319	24	1235	164040	104060	70311	146155,146290,148051,149277,146668,144734,144734	8	64	26638,27868,60418,88103,59524,0,0	75	11950
138290	2034	2905	3332	228	239	18	15	10	29039	864	1772	599	1959	68	114	1715	585	8186	0,0,5,93,0,0	11903	13	1166	164358	104913	70324	145955,146092,147861,149520,146944,144939,144939	7	62	26638,27868,60418,88136,60581,0,0	77	11702
139161	2023	2990	3209	236	220	16	13	9	28230	865	1774	600	1991	76	111	1672	542	8165	0,0,5,94,0,0	11868	15	1214	164683	105805	70339	145761,145899,147679,149785,147246,145167,145167	7	51	26638,27868,60418,88177,61669,0,0	71	11443
140022	2089	2946	3197	223	211	11	14	8	27383	865	1777	591	1962	72	116	1638	544	8147	0,0,5,94,0,0	11665	18	1253	164991	106755	70357	145570,145703,147498,150055,147557,145399,145399	6	68	26638,27868,60418,88215,62805,0,0	65	11219
141074	1888	2895	3218	218	198	14	13	7	26576	866	1779	605	1981	82	90	1576	502	7942	0,0,4,95,0,0	20961	18	946	165209	107491	70375	145313,145446,147258,150193,147730,145498,145498	6	62	26638,27868,60419,88241,63660,0,0	64	11040
141999	1643	2925	3199	221	203	16	9	7	25874	869	1781	607	1989	71	86	1566	490	7726	0,0,4,95,0,0	20813	22	952	165467	108192	70397	145080,145215,147040,150358,147934,145628,145628	6	57	26638,27868,60420,88257,64538,0,0	70	10821
142620	1814	2772	3160	233	207	18	9	8	25252	869	1784	619	1959	69	107	1552	500	7713	0,0,3,96,0,0	11751	12	1209	165751	109122	70409	144941,145074,146904,150608,148229,145854,145854	6	55	26638,27868,60420,88274,65641,0,0	65	10600
143429	1896	2611	3148	230	219	18	6	9	24522	871	1787	630	2000	81	94	1544	469	7659	0,0,3,96,0,0	11696	0	1077	166004	109950	70409	144764,144896,146733,150790,148458,146009,146009	6	51	26638,27868,60423,88292,66609,0,0	61	10405
144206	1807	2643	3049	232	228	19	9	8	23880	872	1793	617	2049	72	118	1575	521	7466	0,0,3,96,0,0	11739	0	1045	166247	110761	70409	144591,144717,146567,150981,148699,146175,146175	5	46	26638,27868,60423,88306,67564,0,0	56	10217
144884	1780	2625	2959	211	216	16	8	8	23370	872	1797	612	1971	59	96	1534	507	7308	0,0,2,97,0,0	11566	0	1030	166486	111556	70409	144409,144538,146400,151157,148920,146325,146325	5	50	26638,27868,60423,88324,68490,0,0	61	10016
145591	1774	2583	2859	233	212	14	7	7	22790	875	1801	610	2022	63	92	1503	486	7196	0,0,2,97,0,0	11671	0	1036	166702	112378	70409	144229,144361,146229,151316,149133,146466,146466	5	43	26638,27868,60423,88338,69426,0,0	57	9849
146490	1550	2533	2859	238	197	17	5	6	22170	877	1804	592	1958	70	80	1460	448	6951	0,0,2,97,0,0	20918	0	793	166868	113013	70409	144001,144134,146014,151390,149255,146515,146515	5	52	26638,27868,60423,88345,70150,0,0	54	9711
147323	1403	2444	2846	240	204	18	4	6	21568	878	1812	609	1994	59	93	1445	448	6711	0,0,2,97,0,0	20790	0	828	167029	113689	70409	143788,143923,145812,151466,149383,146569,146569	5	56	26638,27868,60424,88356,70894,0,0	58	9584
147948	1473	2355	2679	226	186	19	4	5	21156	879	1816	606	1975	70	86	1389	428	6514	0,0,1,98,0,0	11538	0	931	167233	114419	70409	143618,143756,145649,151600,149571,146687,146687	5	39	26638,27868,60424,88362,71741,0,0	51	9421
148654	1524	2188	2660	210	176	19	7	4	20607	879	1818	616	2044	61	93	1383	431	6353	0,0,1,98,0,0	11488	0	872	167424	115107	70409	143428,143566,145469,151720,149742,146788,146788	5	39	26638,27868,60424,88368,72515,0,0	56	9264
149334	1433	2130	2645	174	157	15	7	5	20145	879	1822	602	1995	51	84	1372	400	6161	0,0,1,98,0,0	11548	0	799	167587	115744	70409	143235,143377,145288,151803,149873,146852,146852	4	42	26638,27868,60424,88373,73221,0,0	52	9135
149980	1378	2108	2519	163	145	13	5	6	19724	879	1826	594	1923	55	66	1320	352	5979	0,0,1,98,0,0	11416	0	794	167752	116376	70409	143049,143193,145113,151892,150016,146926,146926	4	40	26638,27868,60424,88381,73942,0,0	57	8998
150672	1345	2046	2444	166	149	13	5	6	19192	879	1829	616	1939	60	84	1294	370	5798	0,0,1,98,0,0	11371	0	762	167906	116992	70409	142865,143010,144939,151960,150138,146977,146977	4	37	26638,27868,60425,88385,74622,0,0	54	8881
151435	1228	1977	2358	154	150	14	5	5	18706	880	1834	636	1782	38	65	1238	351	5535	0,0,1,98,0,0	20658	0	652	168038	117522	70409	142660,142806,144749,151994,150226,146995,146995	4	32	26638,27868,60425,88391,75208,0,0	55	8772
152134	1090	1929	2309	159	144	13	5	4	18242	880	1837	649	2042	58	64	1177	332	5317	0,0,1,98,0,0	20510	0	615	168147	118031	70409	142458,142605,144559,152004,150288,146992,146992	4	47	26638,27868,60425,88399,75750,0,0	58	8680
152792	1115	1794	2283	162	125	15	6	4	17729	880	1841	647	2026	46	81	1162	343	5157	0,0,0,99,0,0	11287	0	699	168286	118595	70409	142253,142401,144362,152056,150393,147030,147030	4	40	26638,27868,60426,88402,76373,0,0	56	8562
153509	1114	1670	2177	177	137	13	4	5	17216	880	1844	660	1970	50	64	1133	335	4957	0,0,0,99,0,0	11340	0	627	168388	119123	70409	142057,142206,144176,152068,150455,147024,147024	4	37	26638,27868,60427,88402,76902,0,0	58	8480
154092	1051	1687	2009	160	132	13	4	4	16866	880	1848	645	2022	39	82	1114	339	4717	0,0,0,99,0,0	11141	0	632	168506	119639	70409	141888,142036,144014,152095,150532,147041,147041	3	24	26638,27868,60427,88404,77444,0,0	51	8381
154791	1044	1561	1957	142	124	13	5	4	16372	880	1853	682	1948	40	68	1072	318	4528	0,0,0,99,0,0	11206	0	577	168622	120104	70409	141699,141848,143837,152105,150593,147037,147037	3	25	26638,27868,60427,88409,77948,0,0	58	8286
155373	1003	1507	1925	123	129	10	6	4	15929	880	1857	679	2048	44	61	1022	309	4394	0,0,0,99,0,0	11197	0	580	168738	120571	70409	141524,141674,143671,152130,150665,147050,147050	3	24	26638,27868,60428,88411,78450,0,0	57	8190
156063	893	1491	1780	110	139	9	8	4	15508	880	1861	681	2021	37	57	989	310	4120	0,0,0,99,0,0	20418	0	471	168823	120961	70409	141326,141479,143487,152112,150693,147017,147017	3	33	26638,27868,60428,88412,78862,0,0	62	8123
156808	777	1385	1734	114	129	6	7	4	15035	881	1866	655	1918	31	54	977	294	3858	0,0,0,99,0,0	20331	0	413	168898	121305	70409	141117,141276,143296,152075,150704,146961,146961	3	26	26638,27868,60429,88414,79217,0,0	57	8057
157387	788	1269	1694	110	130	5	7	4	14602	882	1868	662	2034	41	60	945	293	3710	0,0,0,99,0,0	11087	0	484	168984	121705	70409	140929,141088,143118,152067,150739,146940,146940	3	42	26638,27868,60430,88416,79639,0,0	47	7990
157991	772	1168	1601	104	119	8	8	4	14215	883	1873	629	1959	38	54	922	274	3506	0,0,0,99,0,0	11173	0	434	169071	122052	70409	140746,140903,142945,152052,150767,146912,146912	3	20	26638,27868,60430,88416,80018,0,0	44	7920
158628	718	1139	1496	113	114	7	8	5	13759	883	1876	616	1980	30	50	908	265	3330	0,0,0,99,0,0	10900	0	404	169129	122399	70409	140553,140710,142763,152013,150768,146857,146857	3	21	26638,27868,60431,88418,80342,0,0	51	7875
159218	676	1108	1413	96	113	8	7	4	13338	884	1881	609	1941	35	45	855	248	3173	0,0,0,99,0,0	10963	0	399	169207	122723	70409	140380,140538,142602,151986,150786,146819,146819	2	15	26638,27868,60431,88418,80696,0,0	48	7805
159788	634	1070	1338	95	101	9	8	3	12932	884	1884	634	1912	26	41	826	246	3009	0,0,0,99,0,0	10786	0	368	169266	123035	70409	140199,140358,142433,151943,150783,146765,146765	2	23	26638,27868,60431,88418,81010,0,0	40	7757
160454	559	961	1306	86	92	11	7	3	12494	884	1889	637	2052	22	32	757	213	2809	0,0,0,99,0,0	20155	0	288	169303	123288	70409	139992,140152,142236,151881,150760,146689,146689	2	21	26638,27868,60432,88419,81271,0,0	40	7724
161136	481	891	1204	80	79	9	5	4	12080	885	1892	651	1991	27	43	722	194	2555	0,0,0,99,0,0	20314	0	248	169343	123499	70409	139784,139944,142039,151807,150722,146597,146597	2	15	26638,27868,60432,88419,81481,0,0	34	7690
161738	454	829	1091	77	72	9	5	5	11686	885	1895	654	2013	21	38	684	178	2359	0,0,0,99,0,0	10751	0	285	169394	123735	70409	139582,139742,141845,151748,150700,146524,146524	2	8	26638,27868,60432,88419,81731,0,0	25	7646
162350	445	750	1031	88	63	10	3	3	11218	887	1898	649	1893	14	35	631	172	2218	0,0,0,99,0,0	10834	0	262	169448	123943	70409	139385,139549,141661,151688,150674,146448,146448	2	17	26638,27868,60432,88419,81950,0,0	23	7598
162994	382	689	978	84	65	8	1	4	10754	888	1899	629	1975	9	29	593	153	2054	0,0,0,99,0,0	10783	0	207	169488	124110	70409	139179,139342,141465,151603,150623,146348,146348	1	15	26638,27868,60432,88419,82125,0,0	23	7567
163571	348	650	891	69	62	9	2	4	10353	888	1899	618	2020	19	38	550	147	1884	0,0,0,99,0,0	10692	0	212	169517	124294	70409	138986,139149,141282,151517,150571,146251,146251	1	10	26638,27868,60432,88419,82306,0,0	23	7543
164120	335	557	833	56	70	9	3	3	9968	888	1904	626	1925	13	33	513	145	1718	0,0,0,99,0,0	10792	0	179	169545	124448	70409	138805,138966,141108,151427,150510,146147,146147	1	5	26638,27868,60432,88419,82459,3,0	25	7522
164671	300	510	773	43	59	10	2	3	9580	888	1907	654	1989	11	29	486	136	1561	0,0,0,99,0,0	19832	0	160	169582	124578	70409	138624,138786,140938,151347,150458,146053,146053	1	8	26638,27868,60432,88419,82590,10,0	21	7486
165227	250	453	705	40	51	8	1	3	9211	888	1909	665	1878	15	21	449	127	1381	0,0,0,98,0,0	19789	0	118	169598	124686	70409	138434,138596,140757,151247,150385,145938,145938	1	9	26638,27868,60432,88419,82690,15,0	20	7470
165749	220	417	628	32	43	9	2	3	8839	888	1916	631	2051	12	16	424	111	1240	0,0,0,98,1,0	10457	0	125	169617	124796	70409	138253,138415,140586,151148,150312,145827,145827	1	4	26638,27868,60432,88419,82800,17,0	23	7456
166266	211	394	561	31	38	8	2	3	8428	888	1916	628	1971	5	16	403	101	1144	0,0,0,98,1,0	10346	0	135	169648	124904	70409	138067,138229,140407,151061,150249,145725,145725	1	6	26638,27868,60432,88419,82914,21,0	28	7428
166825	219	348	518	24	36	5	2	3	7960	888	1918	643	1950	6	9	362	87	1065	0,0,0,97,2,0	10438	0	127	169667	125020	70409	137872,138034,140220,150960,150175,145609,145609	1	8	26638,27868,60432,88419,83021,29,0	17	7411
167357	199	319	475	23	32	3	2	3	7518	888	1927	660	1769	9	16	321	71	982	0,0,0,97,2,0	10416	0	94	169684	125098	70409	137687,137848,140047,150856,150096,145492,145492	1	5	26638,27868,60432,88419,83098,31,0	16	7396
167865	170	316	410	25	20	3	3	3	7113	888	1930	648	1751	5	13	285	57	890	0,0,0,97,2,0	10328	0	98	169705	125177	70409	137504,137665,139872,150758,150020,145379,145379	0	3	26638,27868,60432,88419,83179,35,0	14	7380
168336	158	278	380	36	20	3	2	4	6704	888	1937	629	1782	6	12	260	51	826	0,0,0,96,3,0	19787	0	78	169716	125249	70409	137331,137491,139706,150662,149945,145271,145271	0	5	26638,27868,60432,88419,83246,39,0	18	7372
168787	122	250	375	36	23	2	1	4	6318	889	1939	631	1844	9	5	218	37	772	0,0,0,96,3,0	19668	0	58	169727	125299	70409	137165,137326,139549,150562,149863,145159,145159	0	8	26638,27868,60432,88419,83292,45,0	9	7362
169212	113	234	333	28	20	3	1	4	5967	889	1942	659	2044	10	13	196	48	684	0,0,0,95,4,0	10376	0	73	169740	125362	70409	137000,137161,139392,150461,149782,145045,145045	0	1	26638,27868,60432,88419,83354,50,0	9	7350
169638	118	206	292	26	20	2	0	4	5605	890	1945	639	1869	2	10	179	49	615	0,0,0,94,5,0	10268	0	57	169747	125416	70409	136832,136995,139233,150356,149694,144929,144929	0	3	26638,27868,60432,88419,83395,58,0	5	7344
170051	95	177	278	26	13	2	0	2	5262	890	1950	660	1792	3	12	168	48	543	0,0,0,93,6,0	10266	0	42	169751	125457	70409	136665,136828,139074,150248,149602,144809,144809	0	2	26638,27868,60432,88419,83421,62,0	6	7341
170424	87	164	238	21	13	2	0	2	4950	890	1955	633	1765	7	9	158	43	482	0,0,0,92,8,0	10326	0	48	169763	125498	70409	136514,136678,138930,150150,149520,144701,144701	0	4	26638,27868,60432,88419,83462,71,0	8	7334
170791	85	145	219	22	13	2	1	2	4618	890	1958	690	1800	5	7	151	44	443	0,0,0,90,9,0	10159	0	37	169771	125529	70409	136353,136517,138775,150049,149433,144588,144588	0	1	26638,27868,60432,88419,83485,80,0	7	7327
171113	74	128	187	21	11	2	2	2	4355	890	1961	686	1894	4	3	143	38	387	0,0,0,88,11,0	19533	0	32	169781	125557	70409	136213,136376,138639,149959,149354,144488,144488	0	0	26638,27868,60432,88419,83507,89,0	8	7318
171412	55	133	151	21	10	1	3	2	4102	890	1966	701	1752	2	5	129	34	340	0,0,0,85,14,0	19493	0	27	169784	125584	70409	136074,136238,138505,149866,149273,144387,144387	0	3	26638,27868,60432,88419,83522,100,0	8	7315
171685	61	115	139	16	14	1	2	2	3849	890	1972	692	1835	2	6	119	28	320	0,0,0,82,17,0	10129	0	36	169789	125619	70409	135928,136093,138364,149770,149188,144283,144282	0	2	26638,27868,60432,88419,83541,112,0	5	7312
171966	71	99	144	14	12	0	1	2	3570	891	1976	706	1869	3	5	104	20	321	0,0,0,81,18,0	10157	0	42	169795	125656	70409	135790,135956,138231,149675,149106,144180,144180	0	1	26638,27868,60432,88419,83571,118,0	4	7307
172226	63	103	126	11	10	0	1	2	3334	891	1979	673	1731	0	7	98	20	294	0,0,0,77,22,0	10336	0	23	169801	125679	70409	135655,135821,138101,149581,149022,144079,144078	0	0	26638,27868,60432,88419,83587,130,0	7	7301
172498	52	94	119	11	9	0	0	1	3088	892	1982	668	1976	1	5	87	17	268	0,0,0,76,23,0	10252	0	25	169811	125698	70409	135517,135683,137969,149490,148941,143979,143978	0	3	26638,27868,60432,88419,83604,139,0	2	7292
172757	44	84	117	12	8	0	0	1	2848	892	1983	687	1781	4	5	78	17	248	0,0,0,73,26,0	10373	0	17	169811	125718	70409	135378,135545,137835,149388,148850,143871,143870	0	4	26638,27868,60432,88419,83616,146,0	2	7292
172991	37	74	105	14	6	1	0	1	2639	892	1986	708	1778	0	2	70	14	223	0,0,0,71,28,0	19421	0	17	169812	125735	70409	135252,135419,137712,149296,148767,143774,143773	0	1	26638,27868,60432,88419,83626,151,0	2	7291
173194	42	62	102	13	4	1	0	1	2444	892	1991	704	1810	3	5	62	13	211	0,0,0,68,31,0	19534	0	23	169816	125761	70409	135137,135303,137601,149213,148691,143685,143683	0	3	26638,27868,60432,88419,83635,165,0	2	7287
173396	40	58	84	12	3	1	0	1	2264	892	1995	689	1785	1	3	58	15	183	0,0,0,65,34,0	10137	0	12	169818	125776	70409	135006,135174,137475,149117,148602,143583,143582	0	1	26638,27868,60432,88419,83645,171,0	3	7285
173554	44	61	80	6	5	1	0	1	2100	892	2002	668	1834	2	1	56	12	185	0,0,0,63,36,0	10234	0	31	169821	125805	70409	134891,135060,137362,149031,148523,143493,143492	0	0	26638,27868,60432,88419,83656,186,0	2	7285
173716	62	61	78	4	2	1	0	1	1921	892	2008	680	1810	3	2	53	10	198	0,0,0,59,40,0	10091	0	35	169826	125838	70409	134775,134944,137249,148946,148446,143405,143403	0	3	26638,27868,60432,88419,83667,210,0	1	7280
173852	57	68	71	4	4	1	0	1	1786	892	2010	703	1795	2	1	50	10	195	0,0,0,53,46,0	10087	0	30	169827	125869	70409	134659,134828,137135,148859,148365,143315,143312	0	2	26638,27868,60432,88419,83677,228,0	2	7279
173980	60	85	61	6	6	1	0	1	1636	892	2018	655	1802	4	2	46	11	208	0,0,0,52,47,0	10249	0	36	169837	125900	70409	134550,134719,137029,148778,148290,143231,143228	0	1	26638,27868,60432,88419,83694,248,0	2	7269
174104	68	82	61	3	4	2	0	1	1505	892	2024	659	1866	3	3	44	12	208	0,0,0,50,50,0	19556	0	28	169839	125929	70409	134443,134612,136924,148702,148219,143150,143147	0	4	26638,27868,60432,88419,83704,267,0	4	7267
174209	52	99	63	2	4	2	0	0	1393	892	2030	699	1738	2	3	43	12	210	0,0,0,45,54,0	19412	0	24	169844	125950	70409	134342,134512,136826,148628,148150,143074,143071	0	1	26638,27868,60432,88419,83709,285,0	4	7263
174280	63	97	75	3	5	1	0	0	1292	892	2038	657	1808	5	2	37	11	233	0,0,0,44,55,0	10241	0	45	169850	125994	70409	134240,134411,136723,148551,148077,142995,142991	0	3	26638,27868,60432,88419,83721,316,0	2	7257
174347	76	89	88	4	8	1	0	0	1195	892	2046	668	1853	1	4	43	14	252	0,0,0,44,55,0	10112	0	44	169859	126033	70409	134146,134316,136630,148482,148013,142924,142920	0	3	26638,27868,60432,88419,83739,343,0	1	7248
174424	81	93	95	5	8	0	0	0	1100	892	2048	690	1796	1	1	38	11	271	0,0,0,41,58,0	10157	0	43	169867	126072	70409	134048,134217,136532,148410,147943,142848,142844	0	1	26638,27868,60432,88419,83750,376,0	2	7241
174484	74	116	89	7	7	0	0	0	1025	892	2052	677	1912	2	4	37	12	281	0,0,0,38,61,0	10110	0	43	169872	126113	70409	133954,134121,136437,148336,147873,142774,142769	0	0	26638,27868,60432,88419,83760,410,0	1	7237
174510	80	124	96	6	9	0	0	0	973	892	2056	707	1893	3	2	38	13	302	0,0,0,34,65,0	10117	0	51	169882	126162	70409	133865,134033,136348,148273,147812,142708,142703	0	1	26638,27868,60432,88419,83769,455,0	1	7227
174557	79	114	95	9	10	0	0	0	930	892	2060	712	1788	0	2	37	14	293	0,0,0,31,68,0	19584	0	36	169891	126194	70409	133776,133945,136261,148207,147749,142641,142635	0	2	26638,27868,60432,88419,83774,487,0	1	7219
174599	66	114	107	9	8	0	0	0	888	892	2063	687	1773	2	3	36	10	294	0,0,0,28,71,0	19264	0	33	169895	126226	70409	133693,133860,136176,148140,147685,142574,142568	0	3	26638,27868,60432,88419,83780,515,0	1	7215
174628	81	107	118	11	7	0	0	0	832	892	2070	684	1839	0	4	40	11	313	0,0,0,29,70,0	10097	0	55	169903	126277	70409	133600,133768,136085,148073,147621,142507,142499	0	2	26638,27868,60432,88419,83793,556,0	1	7207
174635	103	104	120	13	7	0	0	0	796	892	2076	688	1849	2	6	42	10	337	0,0,0,28,71,0	10002	0	63	169910	126336	70409	133522,133689,136005,148012,147561,142445,142437	0	3	26638,27868,60432,88419,83807,605,0	2	7201
174640	108	117	116	8	6	0	0	0	781	892	2078	695	1892	3	7	42	13	342	0,0,0,30,69,0	10251	0	54	169917	126387	70409	133440,133607,135922,147950,147501,142384,142375	0	3	26638,27868,60432,88419,83825,640,0	2	7196
174667	95	124	124	7	6	0	0	0	752	892	2079	693	1845	1	3	44	14	342	0,0,0,27,72,0	10096	0	43	169926	126424	70409	133353,133520,135837,147881,147434,142315,142305	0	1	26638,27868,60432,88419,83831,680,0	1	7190
174666	92	131	137	7	9	0	0	0	730	892	2082	708	1960	3	3	43	14	362	0,0,0,26,73,0	10158	0	58	169933	126478	70409	133271,133439,135754,147814,147369,142249,142238	0	2	26638,27868,60432,88419,83842,727,0	0	7185
174656	113	129	131	13	9	0	0	0	715	892	2088	686	1808	6	3	48	18	377	0,0,0,26,73,0	19574	0	65	169947	126533	70409	133206,133372,135689,147761,147317,142198,142185	0	4	26638,27868,60432,88419,83855,780,0	1	7176
174654	111	122	150	11	13	0	0	0	699	892	2094	715	1812	3	2	52	24	383	0,0,0,26,73,0	19434	0	50	169961	126571	70409	133137,133303,135620,147706,147264,142144,142130	0	2	26638,27868,60432,88419,83866,819,0	2	7166
174649	94	139	158	8	14	0	0	0	691	892	2101	701	1783	3	3	56	22	391	0,0,0,24,75,0	10196	0	47	169968	126614	70409	133056,133222,135539,147639,147199,142079,142064	0	1	26638,27868,60432,88419,83872,861,0	0	7161
174620	108	146	155	8	14	0	0	0	701	892	2102	701	1853	6	4	57	23	408	0,0,0,24,75,0	10107	0	71	169975	126681	70409	132982,133148,135464,147577,147137,142018,142002	0	3	26638,27868,60432,88419,83886,914,0	0	7155
174566	152	144	149	14	13	0	0	0	711	892	2105	719	1936	3	6	65	26	446	0,0,0,23,76,0	10117	0	98	169984	126776	70409	132917,133084,135400,147528,147089,141972,141954	0	10	26638,27868,60432,88419,83899,999,0	1	7148
174540	146	153	159	12	14	0	0	0	717	892	2113	712	1843	1	6	67	28	456	0,0,0,23,76,0	10072	0	59	169995	126830	70409	132841,133008,135324,147470,147032,141915,141896	0	2	26638,27868,60432,88419,83911,1046,0	3	7137
174514	130	196	148	12	14	0	1	0	721	892	2118	674	1822	6	8	69	28	473	0,0,0,24,75,0	10225	0	77	170010	126894	70409	132763,132930,135246,147416,146979,141863,141843	0	5	26638,27868,60432,88419,83919,1111,0	2	7124
174479	129	196	161	15	11	0	1	0	738	892	2124	653	1795	5	8	74	28	485	0,0,0,23,76,0	19629	0	73	170015	126965	70409	132699,132866,135182,147363,146928,141814,141791	0	6	26638,27868,60432,88419,83933,1171,0	2	7120
174456	121	190	188	12	9	0	1	0	748	892	2129	651	1950	4	5	76	24	497	0,0,0,23,76,0	19336	0	67	170022	127029	70409	132631,132798,135113,147311,146876,141764,141740	0	6	26638,27868,60432,88419,83946,1225,0	2	7114
174419	144	187	195	12	11	0	1	0	753	892	2132	665	1960	10	8	82	25	525	0,0,0,21,78,0	9976	0	97	170037	127116	70409	132556,132723,135038,147262,146829,141718,141692	0	2	26638,27868,60432,88419,83958,1310,0	3	7101
174372	164	193	187	9	11	0	2	0	783	892	2133	674	1841	4	7	90	35	531	0,0,0,20,79,0	10310	0	95	170047	127202	70409	132488,132654,134969,147213,146781,141672,141644	0	4	26638,27868,60432,88419,83973,1386,0	4	7094
174338	145	218	193	6	10	1	2	0	807	892	2134	646	1935	3	4	93	32	543	0,0,0,20,80,0	10209	0	80	170060	127272	70409	132417,132583,134898,147160,146730,141623,141593	0	4	26638,27868,60432,88419,83984,1455,0	3	7081
174286	142	236	206	8	9	1	3	0	826	892	2137	648	1935	3	6	96	29	576	0,0,0,19,80,0	10187	0	87	170073	127351	70409	132346,132512,134824,147112,146682,141577,141546	0	4	26638,27868,60432,88419,83999,1529,0	5	7068
174215	175	226	223	12	14	0	3	0	845	892	2141	675	1785	3	3	90	27	626	0,0,0,17,82,0	10213	0	113	170089	127453	70409	132282,132448,134760,147067,146638,141536,141503	0	7	26638,27868,60432,88419,84009,1634,0	7	7056
174162	180	239	229	17	18	0	3	0	857	892	2149	666	1936	8	9	91	31	655	0,0,0,17,82,0	19466	0	107	170108	127545	70409	132222,132387,134699,147029,146602,141502,141467	0	2	26638,27868,60432,88419,84021,1726,0	8	7037
174113	166	261	236	21	17	0	1	1	883	893	2154	681	1869	6	9	96	37	665	0,0,0,16,83,0	19515	0	95	170120	127634	70409	132161,132326,134638,146985,146559,141462,141424	0	6	26638,27868,60432,88419,84032,1814,0	4	7025
174043	183	258	262	23	18	1	1	0	909	893	2155	687	1805	5	7	96	43	703	0,0,0,15,84,0	10026	0	118	170134	127745	70409	132095,132260,134570,146941,146516,141423,141382	0	3	26638,27868,60432,88419,84044,1925,0	5	7012
173956	192	280	255	17	20	1	1	0	964	893	2167	727	1962	7	7	95	45	721	0,0,0,15,84,0	10215	0	117	170155	127847	70409	132039,132203,134512,146905,146481,141392,141349	0	8	26638,27868,60432,88419,84062,2022,0	5	6993
173880	188	315	264	17	20	1	1	0	995	893	2172	690	1962	12	7	100	43	763	0,0,0,13,86,0	10168	0	133	170180	127959	70409	131981,132145,134452,146877,146455,141370,141324	0	8	26638,27868,60432,88419,84070,2147,0	5	6973
173796	208	307	282	20	23	1	1	0	1040	893	2175	689	1942	7	7	106	46	796	0,0,0,13,86,0	10191	0	133	170199	128078	70409	131922,132086,134393,146845,146423,141342,141294	0	4	26638,27868,60432,88419,84078,2273,0	3	6956
173716	231	302	317	21	17	1	1	0	1069	893	2178	690	1845	3	9	112	47	843	0,0,0,12,87,0	10224	0	139	170220	128203	70409	131867,132031,134337,146806,146387,141311,141259	0	4	26638,27868,60432,88419,84090,2405,0	4	6939
173656	229	314	319	22	14	1	1	0	1116	893	2181	698	1798	6	10	117	43	857	0,0,0,11,88,0	19471	0	129	170231	128326	70409	131809,131972,134278,146767,146349,141277,141221	0	12	26638,27868,60432,88419,84099,2524,0	8	6929
173579	236	327	330	19	13	1	1	1	1163	893	2183	670	1782	8	5	114	38	889	0,0,0,10,89,0	19465	0	145	170250	128458	70409	131757,131920,134225,146740,146326,141257,141198	0	6	26638,27868,60432,88419,84107,2663,0	4	6913
173486	255	340	333	18	18	1	1	1	1212	893	2188	661	1718	8	4	121	42	924	0,0,0,9,90,0	10221	0	151	170269	128596	70409	131699,131863,134165,146707,146293,141231,141168	0	4	26638,27868,60432,88419,84113,2809,0	5	6896
173373	281	356	358	18	22	1	1	0	1250	893	2193	675	1920	8	14	133	46	991	0,0,0,8,91,0	10073	0	179	170286	128765	70409	131656,131820,134120,146678,146267,141211,141144	0	21	26638,27868,60432,88419,84121,2983,0	12	6883
173274	277	394	357	20	23	0	1	0	1309	893	2198	683	1806	7	8	133	49	1023	0,0,0,8,91,0	10303	0	167	170304	128917	70409	131609,131774,134072,146651,146242,141191,141121	0	8	26638,27868,60432,88419,84134,3137,0	6	6867
173178	293	414	358	21	26	0	1	0	1359	893	2203	675	1910	11	18	145	49	1064	0,0,0,8,91,0	10242	0	181	170328	129078	70409	131562,131726,134023,146625,146218,141173,141098	0	6	26638,27868,60432,88419,84143,3305,0	8	6847
173039	335	393	404	26	29	0	0	1	1420	893	2206	679	1952	8	12	145	53	1134	0,0,0,7,92,0	10255	0	198	170357	129257	70409	131527,131692,133988,146612,146207,141168,141089	0	4	26638,27868,60432,88419,84151,3504,0	3	6826
172909	356	424	418	23	30	1	0	1	1482	893	2209	690	1874	12	10	146	55	1197	0,0,0,7,92,0	19685	0	209	170385	129447	70409	131487,131651,133943,146607,146203,141172,141088	0	11	26638,27868,60432,88419,84160,3709,0	3	6798
172820	314	490	400	24	35	2	0	1	1552	893	2215	694	1933	13	12	153	58	1207	0,0,0,7,92,0	19529	0	179	170407	129611	70409	131443,131607,133899,146592,146189,141166,141076	0	10	26638,27868,60432,88419,84168,3879,0	8	6782
172692	307	520	441	24	46	2	0	1	1601	893	2219	671	1886	7	12	158	65	1275	0,0,0,7,92,0	10364	0	209	170437	129797	70409	131400,131564,133853,146572,146169,141155,141060	0	9	26638,27868,60432,88419,84181,4078,0	11	6755
172523	372	529	472	25	33	2	0	1	1674	893	2222	653	1930	11	26	176	64	1369	0,0,0,7,92,0	10233	0	268	170463	130040	70409	131375,131539,133825,146571,146170,141164,141064	0	11	26638,27868,60432,88419,84196,4327,0	14	6734
172357	454	514	516	24	40	2	0	1	1721	893	2224	631	1947	15	12	186	63	1487	0,0,0,6,93,0	10214	0	288	170510	130285	70409	131350,131514,133799,146587,146189,141193,141085	0	13	26638,27868,60432,88419,84209,4602,0	18	6691
172179	466	570	537	22	47	2	0	1	1804	893	2225	622	1861	5	15	198	69	1575	0,0,0,6,93,0	10237	0	270	170541	130529	70409	131319,131482,133763,146594,146197,141211,141098	0	9	26638,27868,60432,88419,84218,4865,0	14	6664
171984	455	659	541	24	46	2	0	1	1907	893	2234	655	1962	17	23	207	72	1655	0,0,0,5,94,0	10237	0	282	170575	130785	70409	131288,131452,133730,146605,146207,141232,141113	0	10	26638,27868,60432,88419,84233,5135,0	17	6637
171798	455	713	566	37	44	3	0	1	1996	893	2240	679	1813	13	17	221	80	1738	0,0,0,5,94,0	19674	0	289	170622	131032	70409	131271,131435,133710,146626,146231,141265,141140	0	11	26638,27868,60432,88419,84243,5415,0	21	6595
171608	484	672	659	38	41	2	0	1	2101	893	2247	669	2027	15	23	232	89	1807	0,0,0,5,94,0	19675	0	286	170651	131295	70409	131254,131416,133689,146639,146247,141292,141161	1	15	26638,27868,60432,88419,84255,5688,0	28	6569
171355	549	707	725	41	42	0	0	0	2182	893	2252	666	1903	12	14	240	90	1974	0,0,0,5,94,0	10277	0	365	170696	131620	70409	131248,131411,133678,146673,146284,141341,141203	1	23	26638,27868,60432,88419,84267,6040,0	24	6527
171072	619	756	715	46	33	0	0	0	2352	893	2260	641	1887	13	21	253	86	2083	0,0,0,4,95,0	10318	0	387	170736	131972	70409	131247,131410,133671,146711,146325,141395,141250	1	18	26638,27868,60432,88419,84282,6413,0	18	6489
170838	637	824	763	43	38	0	1	0	2448	893	2261	655	1985	15	20	258	90	2216	0,0,0,4,95,0	10171	0	377	170782	132306	70409	131240,131404,133659,146747,146360,141444,141291	1	19	26638,27868,60432,88419,84293,6772,0	15	6447
170564	665	870	831	43	56	0	1	0	2558	893	2265	627	1940	25	20	272	95	2371	0,0,0,4,95,0	10305	0	411	170822	132682	70409	131232,131396,133647,146791,146404,141505,141343	1	24	26638,27868,60432,88419,84302,7174,0	15	6412
170280	688	954	845	56	64	1	1	0	2697	893	2267	640	1944	30	27	289	110	2499	0,0,0,4,95,0	10269	0	436	170883	133063	70409	131235,131399,133645,146845,146462,141577,141406	1	10	26638,27868,60432,88419,84316,7595,0	15	6360
170050	698	946	919	57	73	1	1	0	2836	893	2272	637	1904	12	26	321	117	2578	0,0,0,4,95,0	19647	0	395	170926	133422	70409	131238,131402,133643,146889,146510,141639,141457	1	26	26638,27868,60432,88419,84329,7976,0	13	6322
169807	690	998	964	56	77	1	1	0	2983	893	2276	624	1852	21	43	347	117	2670	0,0,0,3,96,0	19699	0	398	170958	133797	70409	131233,131398,133632,146929,146549,141695,141503	1	21	26638,27868,60432,88419,84342,8368,0	16	6291
169442	782	1042	992	60	78	1	1	0	3174	893	2281	626	2007	38	46	379	141	2815	0,0,0,3,96,0	10428	0	520	171013	134270	70409	131264,131429,133655,146999,146623,141788,141586	1	26	26638,27868,60432,88419,84358,8874,0	19	6240
169074	905	1041	1063	61	76	1	3	0	3344	893	2285	645	1993	16	29	408	156	2994	0,0,0,3,96,0	10357	0	549	171071	134767	70409	131295,131460,133678,147075,146701,141887,141674	1	19	26638,27868,60432,88419,84367,9409,0	21	6190
168742	900	1163	1098	69	77	1	3	1	3512	893	2287	653	1936	26	34	421	154	3157	0,0,0,3,96,0	10443	0	526	171119	135248	70409	131322,131487,133699,147146,146775,141980,141756	2	26	26638,27868,60432,88419,84385,9907,0	34	6150
168347	936	1255	1144	69	82	1	4	1	3722	893	2292	627	1955	34	35	449	160	3331	0,0,0,3,96,0	10524	0	590	171176	135790	70409	131363,131529,133736,147226,146860,142089,141852	2	26	26638,27868,60432,88419,84399,10483,0	33	6100
167930	1027	1335	1172	66	88	1	5	1	3932	893	2296	635	1954	38	46	482	179	3515	0,0,0,3,96,0	10499	0	624	171240	136360	70409	131411,131575,133774,147330,146963,142216,141966	2	34	26638,27868,60432,88419,84418,11084,0	32	6048
167643	998	1335	1285	78	77	1	5	1	4134	893	2296	625	1944	34	39	516	189	3590	0,0,0,3,96,0	19842	0	519	171293	136832	70409	131422,131587,133782,147404,147040,142313,142050	2	30	26638,27868,60432,88419,84428,11594,0	37	5999
167313	946	1434	1320	80	85	0	2	4	4368	893	2301	609	1917	26	34	541	195	3672	0,0,0,3,96,0	19720	0	561	171359	137333	70409	131457,131622,133812,147494,147134,142429,142152	2	30	26638,27868,60432,88419,84446,12132,0	34	5943
166858	1043	1469	1388	84	102	3	2	4	4596	893	2304	630	1964	28	41	556	199	3892	0,0,0,3,96,0	10546	0	690	171423	137972	70409	131503,131667,133851,147600,147243,142566,142273	2	25	26638,27868,60432,88419,84463,12799,0	29	5885
166395	1200	1468	1443	98	105	3	2	5	4826	893	2308	654	2004	48	50	588	198	4121	0,0,0,3,96,0	10661	0	751	171490	138660	70409	131559,131725,133900,147725,147371,142724,142413	2	49	26638,27868,60432,88419,84478,13525,0	38	5828
165958	1255	1512	1555	116	97	4	5	3	5037	893	2311	657	2023	42	55	617	223	4321	0,0,0,3,96,0	10761	0	732	171577	139311	70409	131630,131795,133966,147856,147504,142886,142557	2	29	26638,27868,60432,88419,84488,14235,0	38	5758
165451	1307	1696	1582	107	97	5	5	4	5287	893	2312	647	1967	46	55	647	228	4571	0,0,0,3,96,0	10786	0	804	171655	140046	70409	131713,131878,134039,147995,147646,143060,142714	3	37	26638,27868,60432,88419,84502,15020,0	35	5694
164967	1345	1784	1636	111	105	5	6	4	5569	893	2321	650	1954	39	47	669	248	4744	0,0,0,2,97,0	10718	0	784	171731	140770	70409	131789,131954,134107,148125,147779,143227,142861	3	33	26638,27868,60432,88419,84513,15800,0	39	5633
164614	1292	1838	1717	131	109	8	3	8	5810	893	2323	612	1970	56	49	697	254	4844	0,0,0,2,97,0	20025	0	715	171801	141420	70409	131841,132006,134153,148241,147899,143377,142988	3	43	26638,27868,60432,88419,84529,16490,0	46	5570
164192	1236	1907	1800	130	125	8	3	8	6118	893	2326	620	1914	46	64	757	276	4933	0,0,0,2,97,0	19936	0	744	171885	142092	70409	131912,132075,134220,148378,148041,143550,143140	3	46	26638,27868,60432,88419,84546,17220,0	54	5501
163598	1412	1922	1876	119	130	7	2	8	6446	894	2332	605	2052	53	61	778	281	5187	0,0,0,2,97,0	10930	0	944	171972	142959	70409	132013,132176,134310,148557,148222,143770,143337	3	37	26638,27868,60432,88419,84565,18133,0	65	5421
162966	1636	1928	1949	127	139	5	3	8	6757	894	2334	611	1976	49	69	813	309	5478	0,0,0,2,97,0	10803	0	995	172072	143864	70409	132156,132321,134444,148742,148412,143998,143544	3	65	26638,27868,60432,88419,84580,19091,0	77	5329
162383	1656	2080	2007	132	150	6	6	7	7087	894	2338	605	1895	52	75	867	332	5705	0,0,0,2,97,0	10937	0	957	172157	144745	70409	132265,132428,134543,148910,148588,144210,143733	4	54	26638,27868,60432,88419,84593,20022,0	70	5256
161823	1612	2322	2021	149	161	5	9	3	7407	894	2340	607	1927	66	80	914	355	5924	0,0,0,2,97,0	10922	0	976	172234	145645	70409	132379,132542,134649,149080,148760,144423,143921	4	53	26638,27868,60432,88419,84606,20968,0	71	5194
161212	1678	2389	2174	138	165	5	6	6	7735	894	2344	597	1867	55	79	974	378	6177	0,0,0,2,97,0	11040	0	1030	172331	146590	70409	132490,132654,134753,149268,148953,144659,144130	4	54	26638,27868,60432,88419,84620,21972,0	71	5109
160737	1661	2356	2338	151	155	7	6	4	8089	894	2348	615	1921	56	64	1008	370	6304	0,0,0,1,98,0	20204	0	915	172418	147428	70409	132584,132750,134841,149424,149116,144859,144303	4	65	26638,27868,60432,88419,84630,22867,0	71	5031
160303	1607	2369	2427	161	147	6	5	5	8471	894	2351	625	1977	71	49	1006	331	6391	0,0,0,1,98,0	20408	0	930	172503	148282	70409	132689,132854,134938,149585,149279,145063,144477	5	49	26638,27868,60432,88419,84646,23764,0	73	4955
159632	1751	2401	2519	181	164	7	5	4	8834	894	2354	608	2050	54	83	1059	387	6641	0,0,0,1,98,0	11002	0	1145	172615	149325	70409	132829,132993,135066,149802,149497,145331,144715	5	55	26638,27868,60432,88419,84660,24874,0	57	4852
159068	1897	2438	2515	177	193	9	5	3	9189	894	2358	589	1910	68	72	1080	389	6845	0,0,0,1,98,0	11122	0	1145	172698	150390	70409	132970,133135,135202,149993,149691,145576,144926	5	64	26638,27868,60432,88419,84675,25976,0	62	4787
158447	1964	2539	2561	183	201	8	5	4	9580	894	2360	583	1949	75	92	1115	407	7054	0,0,0,1,98,0	11225	0	1168	172809	151453	70409	133117,133284,135340,150207,149909,145845,145163	5	59	26638,27868,60432,88419,84690,27106,0	64	4691
157803	2007	2679	2610	182	198	12	3	6	9987	894	2365	560	1967	63	83	1156	415	7276	0,0,0,1,98,0	11232	0	1191	172922	152539	70409	133280,133447,135492,150431,150139,146125,145410	5	45	26638,27868,60432,88419,84699,28262,0	59	4596
157190	1972	2848	2631	182	209	13	5	6	10429	894	2367	548	1903	65	99	1197	446	7414	0,0,0,1,98,0	11272	0	1174	173010	153634	70409	133418,133583,135621,150629,150341,146379,145629	5	57	26638,27868,60432,88419,84713,29388,0	61	4514
156729	1882	2820	2753	183	211	13	9	6	10874	894	2372	594	1961	80	90	1215	444	7427	0,0,0,1,98,0	20602	0	1038	173094	154596	70409	133527,133689,135724,150802,150516,146601,145817	5	69	26638,27868,60432,88419,84725,30396,0	69	4440
156290	1830	2893	2833	199	214	12	10	6	11188	894	2377	591	1986	65	88	1221	452	7539	0,0,0,1,98,0	20433	0	1092	173195	155604	70409	133633,133797,135826,150984,150699,146839,146013	5	66	26638,27868,60432,88419,84735,31467,0	71	4349
155626	2017	2874	2935	200	211	13	10	7	11576	894	2383	579	2005	67	115	1259	465	7795	0,0,0,1,98,0	11172	0	1343	173284	156870	70409	133800,133964,135984,151202,150921,147122,146255	5	56	26638,27868,60432,88419,84746,32757,0	73	4268
154960	2230	2870	3000	217	217	13	10	9	11940	894	2386	603	1967	79	91	1303	467	8090	0,0,0,1,98,0	11346	0	1357	173367	158154	70409	133976,134141,136151,151428,151150,147412,146504	5	67	26638,27868,60432,88419,84748,34073,0	74	4195
154433	2237	2952	3077	214	209	11	10	11	12308	894	2390	585	1943	71	97	1363	487	8223	0,0,0,1,98,0	11466	0	1262	173469	159326	70409	134115,134280,136280,151638,151362,147687,146734	6	55	26638,27868,60432,88419,84759,35296,0	68	4108
153850	2191	3094	3164	200	208	13	9	12	12718	894	2393	601	1981	64	94	1388	481	8398	0,0,0,1,98,0	11420	0	1311	173576	160544	70409	134266,134431,136424,151872,151600,147984,146987	6	67	26638,27868,60432,88419,84773,36562,0	72	4015
153219	2256	3222	3178	207	206	14	8	13	13130	894	2399	567	1996	82	80	1383	472	8619	0,0,0,1,98,0	11387	0	1370	173669	161833	70409	134432,134594,136573,152086,151819,148267,147224	6	64	26638,27868,60432,88419,84783,37876,0	77	3940
152820	2165	3227	3293	191	223	11	11	12	13497	894	2402	583	1983	78	99	1405	485	8636	0,0,0,1,98,0	20530	0	1221	173773	162959	70409	134546,134708,136682,152287,152021,148532,147438	6	75	26638,27868,60432,88419,84794,39061,0	68	3854
152471	2025	3247	3420	216	218	10	11	11	13820	894	2403	611	1945	79	91	1404	493	8654	0,0,0,1,98,0	20798	0	1172	173860	164053	70409	134645,134806,136777,152465,152202,148774,147629	6	68	26638,27868,60432,88419,84802,40188,0	79	3776
151919	2179	3203	3424	241	226	13	12	11	14216	894	2408	605	1939	83	117	1444	498	8800	0,0,0,1,98,0	11470	0	1401	173961	165369	70409	134806,134970,136928,152687,152428,149066,147871	6	66	26638,27868,60432,88419,84808,41527,0	65	3688
151404	2336	3095	3439	248	254	11	10	12	14627	894	2416	593	1944	74	112	1488	530	8863	0,0,0,1,98,0	11434	0	1387	174060	166669	70409	134964,135124,137078,152906,152649,149356,148108	6	54	26638,27868,60432,88419,84816,42843,0	72	3601
150920	2349	3222	3427	228	245	9	7	16	15007	894	2422	636	1994	75	121	1528	529	8958	0,0,0,0,99,0	11601	0	1388	174141	167987	70409	135099,135255,137201,153106,152855,149630,148326	6	63	26638,27868,60432,88419,84820,44181,0	67	3525
150513	2336	3332	3367	214	257	11	8	15	15373	894	2426	626	1920	71	118	1527	544	8981	0,0,0,0,99,0	11601	0	1360	174225	169273	70409	135239,135394,137336,153301,153048,149896,148535	6	54	26638,27868,60432,88419,84829,45476,0	67	3455
150029	2343	3342	3482	223	274	10	9	11	15702	894	2427	626	1997	70	95	1529	523	9160	0,0,0,0,99,0	11624	0	1412	174306	170618	70409	135383,135540,137471,153511,153259,150177,148761	6	66	26638,27868,60432,88419,84836,46822,0	74	3384
149751	2242	3266	3543	248	265	11	11	13	16066	894	2436	621	1892	74	124	1555	540	9046	0,0,0,0,99,0	20741	0	1187	174371	171754	70409	135468,135621,137551,153676,153425,150404,148934	6	66	26638,27868,60432,88419,84842,47951,0	83	3325
149538	2072	3252	3551	246	258	15	8	15	16456	895	2440	630	1919	84	109	1576	513	8889	0,0,0,0,99,0	20943	0	1155	174453	172844	70409	135550,135701,137628,153830,153577,150622,149095	6	78	26638,27868,60432,88419,84850,49043,0	93	3254
149238	2165	3202	3585	258	258	16	8	14	16661	895	2446	618	1931	80	117	1622	536	8956	0,0,0,0,99,0	11735	0	1356	174524	174140	70409	135646,135795,137717,153991,153742,150861,149270	6	63	26638,27868,60432,88419,84859,50323,0	80	3199
148891	2292	3096	3601	237	224	13	7	15	17025	895	2450	615	1947	83	123	1643	517	8953	0,0,0,0,99,0	11658	0	1350	174610	175417	70409	135765,135912,137829,154174,153926,151116,149468	6	69	26638,27868,60432,88419,84861,51596,0	71	3119
148613	2232	3198	3531	229	230	15	6	16	17326	895	2455	631	2019	94	109	1653	516	8925	0,0,0,0,99,0	11671	0	1288	174667	176661	70409	135864,136009,137924,154323,154077,151337,149630	6	78	26638,27868,60432,88419,84865,52817,0	64	3072
148305	2249	3258	3442	227	232	15	9	14	17640	895	2460	638	2018	93	107	1654	510	8922	0,0,0,0,99,0	11821	0	1363	174741	177957	70409	135973,136120,138029,154505,154253,151588,149819	6	64	26638,27868,60432,88419,84868,54077,0	58	3013
148141	2253	3191	3523	232	257	13	7	14	17753	895	2467	651	1939	65	111	1674	542	8934	0,0,0,0,99,0	11654	0	1300	174800	179207	70409	136037,136180,138088,154647,154393,151802,149966	6	54	26638,27868,60432,88419,84874,55268,0	62	2964
148149	2063	3215	3483	230	248	18	6	15	17951	895	2473	657	1985	77	101	1645	517	8746	0,0,0,0,99,0	20886	0	1101	174865	180256	70409	136058,136199,138106,154761,154514,151985,150085	6	69	26638,27868,60432,88419,84876,56286,0	60	2907
148162	1885	3117	3533	233	257	21	6	15	18140	895	2482	657	1962	70	127	1651	554	8498	0,0,0,0,99,0	21141	0	1075	174921	181282	70409	136073,136216,138124,154861,154617,152154,150186	7	81	26638,27868,60432,88419,84882,57283,0	68	2860
147976	2026	3018	3541	262	246	20	7	16	18254	895	2485	659	2015	69	118	1668	553	8567	0,0,0,0,99,0	11953	0	1325	174988	182550	70409	136151,136294,138200,155011,154768,152377,150342	6	50	26638,27868,60432,88419,84887,58496,0	56	2797
