S	E	I1	I2	I3	I4	I5_h	I6_h	R_h	R	D1	D2	H	T	P1	P2	Q	QT	NQ	MUT	HOM	VAC	NI	INF	REINF	BSTR	IMM	HCI	HCE	INFV	INFH	VNI
178110	113	116	53	42	54	13	3	0	241	1	0	187	0	0	0	83	83	311	0,0,0,0,0,0	178745	0	0	394	0	0	636,636,636,636,636,636,636	0	0	0,0,0,0,0,0,0	0	0
178055	95	164	61	37	42	13	6	0	268	1	4	317	298	0	99	129	86	332	0,0,0,0,0,0	12517	0	58	453	0	0	691,691,691,691,691,691,691	0	2	59,0,0,0,0,0,0	17	0
177989	92	191	70	40	41	14	5	0	292	3	9	393	84	1	9	169	80	373	0,0,0,0,0,0	12679	0	68	522	0	0	758,758,758,758,758,758,758	0	4	128,0,0,0,0,0,0	19	0
177914	100	224	81	46	42	15	5	0	303	3	13	481	265	2	13	493	99	414	0,0,0,0,0,0	12880	0	90	612	0	0	835,835,835,835,835,835,835	0	5	218,0,0,0,0,0,0	22	0
177847	111	227	93	49	47	14	6	0	331	3	18	524	101	0	9	533	101	446	0,0,0,0,0,0	24927	0	73	686	0	0	905,905,905,905,905,905,905	0	6	292,0,0,0,0,0,0	21	0
177780	119	245	108	47	47	14	6	0	356	3	21	590	221	0	19	606	113	473	0,0,0,0,0,0	25333	0	84	770	1	0	975,975,975,975,975,975,975	0	10	377,0,0,0,0,0,0	24	0
177708	111	264	122	49	61	13	6	0	380	3	29	599	235	1	20	769	143	483	0,0,0,0,0,0	13647	0	83	852	2	0	1051,1051,1051,1051,1051,1051,1051	0	7	460,0,0,0,0,0,0	28	0
177638	120	269	133	60	61	15	9	1	404	3	33	641	260	1	22	874	170	497	0,0,0,0,0,0	13749	0	93	946	2	0	1127,1127,1127,1126,1126,1126,1126	0	12	554,0,0,0,0,0,0	31	0
177560	139	265	137	75	65	15	8	1	437	4	40	666	285	2	26	985	208	496	0,0,0,0,0,0	13761	0	96	1042	2	0	1213,1213,1213,1211,1211,1211,1211	0	9	650,0,0,0,0,0,0	41	0
177487	161	282	141	71	65	17	7	2	464	4	45	656	295	1	26	1482	238	506	0,0,0,0,0,0	14019	0	103	1145	4	0	1299,1298,1298,1295,1295,1295,1295	0	15	755,0,0,0,0,0,0	34	0
177392	170	287	170	72	70	18	9	3	500	5	50	659	274	3	12	1525	229	567	0,0,0,0,0,0	14469	0	113	1259	4	0	1401,1400,1400,1396,1396,1396,1396	0	15	869,0,0,0,0,0,0	34	0
177298	174	317	171	78	69	18	10	4	548	5	54	675	291	2	23	1751	249	588	0,0,0,0,0,0	26394	0	114	1373	5	0	1507,1505,1505,1499,1499,1499,1499	1	6	984,0,0,0,0,0,0	41	0
177238	162	335	187	75	63	20	11	4	588	5	58	700	253	0	16	1745	246	607	0,0,0,0,0,0	26408	0	87	1460	6	0	1586,1583,1583,1571,1571,1571,1571	1	4	1072,0,0,0,0,0,0	42	0
177147	164	373	192	83	62	23	11	5	618	5	63	693	240	1	34	1843	267	641	0,0,0,0,0,0	14860	0	126	1586	6	0	1698,1694,1694,1679,1679,1679,1679	1	13	1198,0,0,0,0,0,0	45	0
177025	190	384	212	79	78	22	12	5	667	5	67	700	269	4	23	1930	276	701	0,0,0,0,0,0	14769	0	147	1732	7	0	1839,1833,1833,1812,1812,1812,1812	1	10	1345,0,0,0,0,0,0	49	0
176919	206	367	229	89	82	22	11	3	739	6	73	703	265	0	26	1934	290	716	0,0,0,0,0,0	14890	0	129	1857	11	0	1964,1957,1957,1929,1929,1929,1929	1	6	1474,0,0,0,0,0,0	40	0
176824	210	395	222	98	85	21	12	3	793	6	77	689	240	1	30	2225	296	747	0,0,0,0,0,0	14998	0	129	1985	13	0	2080,2071,2071,2038,2038,2038,2038	1	8	1604,0,0,0,0,0,0	45	0
176730	237	392	236	107	93	20	11	3	832	7	78	712	269	0	32	2445	294	802	0,0,0,0,0,0	15347	0	142	2127	15	0	2209,2196,2196,2153,2153,2153,2153	1	15	1748,0,0,0,0,0,0	47	0
176636	225	420	252	113	109	21	11	4	869	7	79	697	272	1	32	2636	297	854	0,0,0,0,0,0	27190	0	136	2264	16	0	2333,2318,2318,2264,2264,2264,2264	1	11	1886,0,0,0,0,0,0	50	0
176533	234	434	256	126	111	20	11	4	926	7	84	734	278	1	32	2258	299	893	0,0,0,0,0,0	27015	0	143	2408	16	0	2468,2450,2450,2386,2386,2386,2386	1	12	2030,0,0,0,0,0,0	50	0
176405	251	463	251	132	111	20	12	4	1003	7	87	729	283	3	61	2520	347	893	0,0,0,0,0,0	15367	0	170	2580	16	0	2631,2610,2610,2535,2535,2535,2535	1	15	2202,0,0,0,0,0,0	51	0
176278	251	499	263	135	118	24	11	4	1065	8	90	743	312	3	44	2621	386	915	0,0,0,0,0,0	15430	0	167	2747	17	0	2792,2768,2768,2682,2682,2682,2682	1	19	2370,0,0,0,0,0,0	56	0
176143	274	514	285	135	126	25	10	5	1128	8	93	743	326	4	45	2623	412	957	0,0,0,0,0,0	15740	0	191	2937	18	0	2975,2946,2946,2844,2844,2844,2844	1	23	2561,0,0,0,0,0,0	61	0
176014	277	537	277	145	132	26	13	4	1213	8	100	741	266	3	44	2894	422	985	0,0,0,0,0,0	15772	0	184	3120	19	0	3147,3114,3114,2997,2997,2997,2997	2	14	2745,0,0,0,0,0,0	69	0
175879	286	560	306	151	138	25	16	4	1273	8	100	721	255	5	60	3082	466	1016	0,0,0,0,0,0	15678	0	203	3324	19	0	3338,3300,3300,3163,3163,3163,3163	2	22	2949,0,0,0,0,0,0	70	0
175778	292	552	318	165	139	28	18	3	1342	9	102	708	312	2	44	3156	487	1025	0,0,0,0,0,0	27583	0	168	3494	20	0	3500,3456,3456,3297,3297,3297,3297	2	17	3119,0,0,0,0,0,0	74	0
175685	288	540	356	164	141	29	22	2	1403	9	107	717	133	2	42	3120	506	1034	0,0,0,0,0,0	27960	0	156	3648	23	0	3649,3599,3599,3420,3420,3420,3420	2	10	3276,0,0,0,0,0,0	72	0
175557	295	592	358	152	132	31	23	3	1481	10	112	659	287	2	49	3244	521	1062	0,0,0,0,0,0	16145	0	209	3856	24	0	3849,3791,3791,3587,3587,3587,3587	2	22	3485,0,0,0,0,0,0	74	0
175422	292	606	370	164	156	33	24	3	1548	12	116	666	251	2	46	3637	530	1115	0,0,0,0,0,0	16536	0	202	4058	24	0	4044,3981,3981,3754,3754,3754,3754	2	15	3687,0,0,0,0,0,0	77	0
175287	304	628	396	172	154	35	27	3	1608	13	119	646	264	3	58	3864	546	1170	0,0,0,0,0,0	16679	0	227	4285	27	0	4261,4189,4189,3932,3932,3932,3932	2	28	3914,0,0,0,0,0,0	87	0
175132	331	651	410	183	167	37	28	3	1671	14	119	613	303	2	46	4047	550	1257	0,0,0,0,0,0	16886	0	251	4537	28	0	4498,4418,4418,4132,4132,4132,4132	2	24	4166,0,0,0,0,0,0	89	0
174947	372	687	428	193	172	36	27	5	1744	14	121	609	287	2	61	4293	588	1327	0,0,0,0,0,0	17152	0	279	4817	29	0	4771,4682,4682,4363,4363,4363,4363	2	30	4447,0,0,0,0,0,0	96	0
174812	379	696	437	175	188	33	27	4	1851	14	130	616	313	4	56	4251	602	1333	0,0,0,0,0,0	28689	0	218	5035	31	0	4982,4886,4886,4539,4539,4539,4539	3	22	4665,0,0,0,0,0,0	94	0
174678	385	708	450	184	178	36	28	2	1950	14	133	614	305	4	61	4510	607	1362	0,0,0,0,0,0	28859	0	230	5267	34	0	5206,5100,5100,4720,4720,4720,4720	3	22	4897,0,0,0,0,0,0	91	0
174498	432	715	481	193	200	34	28	4	2009	14	138	580	240	2	77	4838	670	1413	0,0,0,0,0,0	17885	0	299	5566	35	0	5495,5378,5378,4956,4956,4956,4956	3	25	5196,0,0,0,0,0,0	93	0
174348	456	751	485	199	207	36	31	5	2074	15	139	595	314	6	62	4922	695	1470	0,0,0,0,0,0	17590	0	272	5837	37	0	5752,5623,5623,5162,5162,5162,5162	3	22	5468,0,0,0,0,0,0	96	0
174200	434	795	489	194	216	43	31	4	2180	16	144	572	227	2	86	5351	736	1466	0,0,0,0,0,0	17986	0	262	6101	39	0	6007,5867,5867,5366,5366,5366,5366	3	26	5732,0,0,0,0,0,0	104	0
174033	435	826	499	195	217	46	34	2	2296	18	145	561	252	4	68	5242	734	1518	0,0,0,0,0,0	18357	0	281	6382	41	0	6277,6127,6127,5587,5587,5587,5587	3	35	6013,0,0,0,0,0,0	106	0
173854	451	847	519	224	228	44	36	2	2374	19	148	570	263	1	69	5574	756	1593	0,0,0,0,0,0	18337	0	308	6689	43	0	6575,6413,6413,5828,5828,5828,5828	4	33	6320,0,0,0,0,0,0	105	0
173695	448	878	527	236	236	47	32	5	2467	21	154	564	326	4	72	5281	739	1665	0,0,0,0,0,0	29746	0	278	6970	44	0	6850,6675,6675,6047,6047,6047,6047	4	13	6601,0,0,0,0,0,0	109	0
173577	448	881	556	234	236	48	34	5	2545	24	158	582	323	3	78	5383	810	1627	0,0,0,0,0,0	29469	0	280	7250	46	0	7118,6927,6927,6242,6242,6242,6242	4	24	6881,0,0,0,0,0,0	108	0
173389	476	935	568	221	236	52	37	5	2640	27	160	556	241	1	77	5427	834	1691	0,0,0,0,0,0	18573	0	341	7590	48	0	7447,7242,7242,6503,6503,6503,6503	4	24	7221,0,0,0,0,0,0	110	0
173204	498	961	572	238	242	54	38	6	2741	30	162	553	260	1	62	5422	810	1793	0,0,0,0,0,0	18217	0	337	7928	49	0	7774,7553,7553,6759,6759,6759,6759	4	37	7559,0,0,0,0,0,0	112	0
173025	534	1002	561	237	246	57	40	7	2837	31	169	549	275	4	75	5578	803	1874	0,0,0,0,0,0	18314	0	351	8279	51	0	8118,7879,7879,7023,7023,7023,7023	4	28	7911,0,0,0,0,0,0	123	0
172840	513	1033	596	270	274	57	40	6	2912	32	173	571	250	8	72	5894	806	1977	0,0,0,0,0,0	18718	0	341	8621	53	0	8452,8198,8198,7284,7284,7284,7284	4	31	8253,0,0,0,0,0,0	126	0
172611	534	1086	620	311	277	58	41	7	2991	34	176	542	278	3	99	6382	911	2016	0,0,0,0,0,0	19274	0	399	9021	56	0	8842,8571,8571,7595,7595,7595,7595	4	27	8653,0,0,0,0,0,0	127	0
172419	586	1096	648	318	270	60	44	9	3082	34	180	513	247	7	80	6070	908	2114	0,0,0,0,0,0	30085	0	370	9392	57	0	9204,8915,8915,7873,7873,7873,7873	4	24	9024,0,0,0,0,0,0	140	0
172285	552	1115	706	315	287	63	43	7	3152	37	184	509	288	2	89	6172	957	2124	0,0,0,0,0,0	30154	0	345	9733	62	0	9536,9226,9226,8108,8108,8108,8108	4	18	9365,0,0,0,0,0,0	143	0
172041	574	1189	707	319	292	64	44	5	3282	40	189	515	336	6	107	6781	995	2194	0,0,0,0,0,0	19609	0	422	10158	63	0	9953,9624,9624,8439,8439,8439,8439	4	32	9790,0,0,0,0,0,0	150	0
171838	625	1203	693	311	315	67	40	6	3411	46	191	539	295	2	105	7531	1045	2209	0,0,0,0,0,0	20020	0	419	10572	70	0	10351,10001,10001,8740,8740,8740,8740	4	40	10204,0,0,0,0,0,0	141	0
171650	604	1218	710	348	322	68	38	8	3537	48	195	528	304	5	93	7554	1077	2231	0,0,0,0,0,0	35701	0	363	10932	73	0	10701,10335,10335,9010,9010,9010,9010	4	35	10564,0,0,0,0,0,0	141	0
171473	590	1225	764	326	331	73	37	7	3670	50	200	523	255	6	107	8064	1112	2234	0,0,0,0,0,0	35638	0	371	11306	74	0	11066,10679,10679,9282,9282,9282,9282	4	29	10938,0,0,0,0,0,0	152	0
171270	590	1247	787	338	336	75	40	6	3799	53	205	518	247	2	82	8386	1154	2259	0,0,0,0,0,0	36286	0	393	11695	79	0	11445,11039,11039,9573,9573,9573,9573	4	30	11327,0,0,0,0,0,0	149	0
171197	551	1230	768	328	344	75	44	7	3938	55	209	512	311	4	94	8011	1136	2204	0,0,0,0,0,0	48987	0	292	11988	83	0	11727,11299,11299,9751,9751,9751,9751	4	28	11621,0,0,0,0,0,0	153	0
171120	504	1178	797	354	361	66	46	9	4041	57	213	501	289	2	94	7501	1143	2163	0,0,0,0,0,0	48451	0	311	12298	85	0	12024,11573,11573,9939,9939,9939,9939	4	29	11931,0,0,0,0,0,0	150	0
170992	513	1161	813	345	369	69	44	11	4156	60	213	503	274	4	124	7996	1182	2132	0,0,0,0,0,0	36048	0	369	12668	86	0	12379,11903,11903,10181,10181,10181,10181	4	30	12302,0,0,0,0,0,0	133	0
170906	535	1113	805	338	380	67	44	13	4264	65	216	492	247	4	103	8217	1209	2073	0,0,0,0,0,0	36233	0	340	13003	91	0	12698,12198,12198,10383,10383,10383,10383	5	39	12638,0,0,0,0,0,0	138	0
170810	525	1136	792	346	366	72	47	13	4352	68	219	483	281	7	103	8264	1208	2076	0,0,0,0,0,0	36112	0	347	13351	95	0	13031,12505,12505,10597,10597,10597,10597	5	42	12986,0,0,0,0,0,0	133	0
170709	537	1088	780	357	356	77	51	11	4488	71	221	492	341	6	102	7575	1170	2076	0,0,0,0,0,0	36003	0	359	13707	98	0	13372,12820,12820,10818,10818,10818,10818	5	23	13342,0,0,0,0,0,0	151	0
170629	528	1111	770	348	349	81	49	10	4572	75	224	483	270	6	89	7714	1168	2068	0,0,0,0,0,0	35714	0	341	14044	104	0	13693,13115,13115,11019,11019,11019,11019	5	37	13679,0,0,0,0,0,0	163	0
170611	537	1088	740	345	342	85	49	9	4632	77	231	477	250	6	99	7761	1154	2032	0,0,0,0,0,0	48027	0	322	14366	106	0	14000,13391,13391,11182,11182,11182,11182	5	23	14002,0,0,0,0,0,0	174	0
170634	505	1022	737	355	370	86	52	9	4665	78	233	470	286	2	95	7108	1134	1993	0,0,0,0,0,0	48423	0	260	14622	111	0	14240,13603,13603,11291,11291,11291,11291	5	25	14258,0,0,0,0,0,0	181	0
170675	462	1015	727	336	344	90	59	7	4717	80	234	458	290	6	106	7363	1102	1931	0,0,0,0,0,0	35053	0	271	14892	112	0	14490,13822,13822,11395,11395,11395,11395	5	33	14529,0,0,0,0,0,0	169	0
170627	487	1003	713	326	326	95	62	6	4781	84	236	462	311	8	117	7762	1139	1873	0,0,0,0,0,0	35329	0	328	15220	113	0	14799,14103,14103,11572,11572,11572,11572	5	32	14858,0,0,0,0,0,0	180	0
170607	467	1004	680	316	327	97	62	9	4852	87	238	459	304	3	104	7617	1139	1814	0,0,0,0,0,0	35550	0	298	15515	117	0	15076,14352,14352,11720,11720,11720,11720	5	28	15153,0,0,0,0,0,0	188	0
170641	439	1012	673	309	322	97	63	9	4854	88	239	433	293	8	90	7516	1123	1792	0,0,0,0,0,0	35257	0	286	15801	121	0	15342,14586,14586,11835,11835,11835,11835	5	20	15439,0,0,0,0,0,0	197	0
170687	432	997	656	311	331	100	63	10	4830	89	240	417	285	1	85	7122	1096	1794	0,0,0,0,0,0	35516	0	288	16092	123	0	15610,14821,14821,11945,11945,11945,11945	5	29	15730,0,0,0,0,0,0	194	0
170720	419	969	671	299	326	103	63	15	4829	91	241	414	278	3	96	7193	1098	1752	0,0,0,0,0,0	47896	0	261	16352	125	0	15850,15031,15031,12047,12047,12047,12047	5	27	15990,0,0,0,0,0,0	202	0
170746	442	904	660	314	313	107	61	17	4846	93	243	413	325	8	85	7439	1094	1707	0,0,0,0,0,0	48109	0	274	16627	126	0	16107,15257,15257,12162,12162,12162,12162	4	26	16265,0,0,0,0,0,0	204	0
170810	423	909	624	300	312	112	60	17	4838	97	244	385	265	4	104	7707	1122	1618	0,0,0,0,0,0	35505	0	254	16879	129	0	16337,15456,15456,12244,12244,12244,12244	5	33	16517,0,0,0,0,0,0	193	0
170844	444	883	626	306	325	106	60	18	4788	100	246	396	313	8	93	8056	1109	1641	0,0,0,0,0,0	35619	0	291	17169	131	0	16604,15690,15690,12357,12357,12357,12357	5	34	16807,0,0,0,0,0,0	201	0
170902	449	861	626	321	306	115	57	20	4740	102	247	411	276	1	93	8013	1120	1615	0,0,0,0,0,0	35845	0	260	17424	138	0	16838,15893,15893,12443,12443,12443,12443	5	25	17064,0,0,0,0,0,0	197	0
170949	436	853	638	318	294	116	56	23	4708	105	250	395	100	5	90	7851	1129	1582	0,0,0,0,0,0	35522	0	275	17696	141	0	17089,16112,16112,12543,12543,12543,12543	5	37	17336,0,0,0,0,0,0	207	0
171010	393	892	637	316	279	111	51	22	4672	111	252	361	295	3	68	7620	1090	1589	0,0,0,0,0,0	35442	0	266	17963	142	0	17334,16324,16324,12632,12632,12632,12632	5	29	17603,0,0,0,0,0,0	204	0
171071	365	884	623	297	277	109	50	22	4679	113	256	378	278	8	81	7529	1052	1553	0,0,0,0,0,0	48067	0	241	18202	144	0	17555,16515,16515,12709,12709,12709,12709	5	24	17842,0,0,0,0,0,0	193	0
171148	357	840	600	284	275	111	48	22	4683	119	259	390	248	3	79	7114	1029	1486	0,0,0,0,0,0	48074	0	219	18419	147	0	17753,16683,16683,12768,12768,12768,12768	5	23	18059,0,0,0,0,0,0	192	0
171206	368	826	596	276	265	106	52	20	4650	121	260	367	292	3	82	7552	1023	1466	0,0,0,0,0,0	35496	0	251	18666	152	0	17977,16877,16877,12847,12847,12847,12847	5	17	18306,0,0,0,0,0,0	190	0
171301	378	800	581	265	255	95	51	15	4617	124	264	369	252	5	65	6949	939	1486	0,0,0,0,0,0	35538	0	232	18897	153	0	18186,17052,17052,12899,12899,12899,12899	5	38	18537,0,0,0,0,0,0	179	0
171386	386	776	584	255	246	90	52	14	4563	127	267	353	230	8	75	6942	929	1460	0,0,0,0,0,0	34596	0	230	19124	156	0	18391,17226,17226,12955,12955,12955,12955	5	38	18764,0,0,0,0,0,0	170	0
171444	361	774	565	247	237	93	49	16	4554	137	269	321	297	3	86	6355	898	1428	0,0,0,0,0,0	34759	0	211	19333	160	0	18582,17390,17390,13017,13017,13017,13017	5	22	18974,0,0,0,0,0,0	151	0
171512	355	735	574	265	244	86	48	15	4500	139	273	343	87	3	67	6245	903	1404	0,0,0,0,0,0	34004	0	216	19548	163	0	18778,17557,17557,13076,13076,13076,13076	5	26	19190,0,0,0,0,0,0	151	0
171596	335	691	576	256	238	88	46	12	4488	143	277	370	288	1	65	6150	883	1347	0,0,0,0,0,0	46781	0	196	19741	168	0	18953,17704,17704,13117,13117,13117,13117	4	17	19383,0,0,0,0,0,0	153	0
171685	329	692	535	238	217	84	44	13	4485	146	278	386	312	6	52	5901	810	1329	0,0,0,0,0,0	46617	0	199	19935	175	0	19127,17849,17849,13155,13155,13155,13155	4	15	19577,0,0,0,0,0,0	153	0
171773	340	715	506	211	222	79	36	12	4414	156	282	386	270	2	70	5886	784	1325	0,0,0,0,0,0	33992	0	229	20164	178	0	19334,18025,18025,13210,13210,13210,13210	4	20	19806,0,0,0,0,0,0	143	0
171858	354	670	513	215	221	77	44	12	4340	157	285	384	248	6	65	5746	777	1317	0,0,0,0,0,0	34019	0	208	20371	180	0	19518,18179,18179,13253,13253,13253,13253	4	18	20013,0,0,0,0,0,0	138	0
171935	334	670	517	201	220	69	47	11	4294	161	287	394	276	1	59	5492	749	1309	0,0,0,0,0,0	33689	0	196	20564	184	0	19690,18324,18324,13294,13294,13294,13294	4	17	20206,0,0,0,0,0,0	134	0
172023	336	653	490	199	209	69	43	12	4261	164	287	391	252	5	72	5552	729	1270	0,0,0,0,0,0	33516	0	189	20752	185	0	19855,18462,18462,13327,13327,13327,13327	4	20	20394,0,0,0,0,0,0	133	0
172081	303	705	472	200	206	68	42	13	4201	166	289	385	233	3	50	5691	691	1305	0,0,0,0,0,0	33768	0	216	20964	190	0	20046,18625,18625,13387,13387,13387,13387	4	29	20606,0,0,0,0,0,0	125	0
172193	283	687	459	202	207	65	43	14	4132	167	294	417	247	4	53	5236	655	1291	0,0,0,0,0,0	46151	0	178	21141	193	0	20202,18752,18752,13403,13403,13403,13403	3	11	20783,0,0,0,0,0,0	119	0
172325	264	664	468	207	198	59	47	13	4038	167	296	438	259	7	62	5035	645	1262	0,0,0,0,0,0	46117	0	167	21309	194	0	20348,18868,18868,13405,13405,13405,13405	3	8	20951,0,0,0,0,0,0	125	0
172381	289	636	470	211	201	61	47	11	3970	169	300	459	113	3	55	5055	664	1251	0,0,0,0,0,0	33360	0	205	21512	199	0	20532,19026,19026,13462,13462,13462,13462	3	28	21154,0,0,0,0,0,0	122	0
172458	297	641	474	192	200	55	47	11	3899	169	303	498	276	4	63	4997	658	1248	0,0,0,0,0,0	32968	0	202	21712	204	0	20708,19174,19174,13504,13504,13504,13504	3	19	21354,0,0,0,0,0,0	129	0
172519	296	655	427	187	195	60	45	9	3875	172	306	507	237	4	55	5095	647	1218	0,0,0,0,0,0	33010	0	191	21902	206	0	20880,19320,19320,13551,13551,13551,13551	3	22	21544,0,0,0,0,0,0	128	0
172604	287	625	427	165	206	60	46	11	3831	174	310	482	238	2	55	4821	627	1189	0,0,0,0,0,0	45985	0	173	22074	209	0	21033,19448,19448,13578,13578,13578,13578	3	10	21716,0,0,0,0,0,0	132	0
172707	271	607	423	174	217	58	47	12	3742	175	313	486	263	2	62	4516	635	1162	0,0,0,0,0,0	45948	0	169	22239	215	0	21177,19564,19564,13590,13590,13590,13590	3	19	21881,0,0,0,0,0,0	135	0
172820	258	560	434	181	224	57	49	10	3663	176	314	460	142	2	65	4447	650	1113	0,0,0,0,0,0	45624	0	147	22383	220	0	21300,19661,19661,13588,13588,13588,13588	3	16	22025,0,0,0,0,0,0	141	0
172899	224	588	413	172	214	57	39	10	3628	187	315	451	251	2	71	4024	681	1026	0,0,0,0,0,0	45818	16	161	22538	228	0	21436,19774,19774,13609,13609,13609,13609	3	14	22182,0,0,0,0,0,0	136	15
173014	232	535	395	178	221	62	42	7	3548	190	322	453	252	1	44	4462	664	1001	0,0,0,0,0,0	32449	43	157	22693	232	0	21574,19884,19884,13612,13612,13612,13612	3	21	22337,0,0,0,0,0,0	120	49
173090	229	523	347	173	208	59	38	11	3546	194	328	459	245	1	67	4518	630	947	0,0,0,0,0,0	32423	21	153	22844	235	0	21707,19994,19994,13631,13631,13631,13631	3	21	22488,0,0,0,0,0,0	123	69
173180	256	504	368	155	193	58	42	12	3452	195	331	452	274	1	62	4376	627	949	0,0,0,0,0,0	32343	26	166	23007	238	0	21850,20111,20111,13648,13648,13648,13648	3	16	22651,0,0,0,0,0,0	126	90
173260	249	495	381	153	178	65	41	14	3381	197	332	448	247	4	43	4221	593	969	0,0,0,0,0,0	32424	22	144	23147	244	0	21970,20209,20209,13659,13659,13659,13659	3	19	22791,0,0,0,0,0,0	132	110
173353	236	512	346	154	154	63	40	15	3340	199	334	422	260	4	54	4168	574	931	0,0,0,0,0,0	32039	19	138	23283	248	0	22085,20301,20301,13660,13660,13660,13660	3	11	22927,0,0,0,0,0,0	129	126
173426	230	505	350	143	157	60	35	17	3284	202	337	395	110	2	41	4169	565	915	0,0,0,0,0,0	38902	27	137	23421	249	0	22206,20401,20401,13676,13676,13676,13676	3	11	23065,0,0,0,0,0,0	131	148
173550	220	478	329	145	168	55	34	14	3208	205	340	391	84	0	41	4165	540	889	0,0,0,0,0,0	39034	127	114	23536	249	0	22308,20479,20479,13656,13656,13656,13656	3	7	23180,0,0,0,0,0,0	122	261
173610	219	482	340	142	167	58	33	12	3133	207	343	404	255	3	54	4265	532	909	0,0,0,0,0,0	27121	137	149	23685	251	0	22452,20601,20601,13688,13688,13688,13688	3	18	23329,0,0,0,0,0,0	116	380
173699	230	469	318	134	162	56	37	12	3077	208	344	428	240	1	49	4008	533	873	0,0,0,0,0,0	27119	114	146	23831	252	0	22582,20708,20708,13698,13698,13698,13698	2	17	23475,0,0,0,0,0,0	121	473
173784	212	484	298	129	151	55	37	10	3026	211	349	434	255	2	62	3702	548	818	0,0,0,0,0,0	27029	140	126	23956	253	0	22698,20803,20803,13704,13704,13704,13704	2	13	23600,0,0,0,0,0,0	122	589
173853	210	470	313	132	148	56	35	9	2956	213	351	443	100	1	23	4015	523	841	0,0,0,0,0,0	26598	135	135	24090	255	0	22821,20905,20905,13720,13720,13720,13720	2	12	23734,0,0,0,0,0,0	117	694
173922	225	458	302	129	138	53	34	9	2909	214	353	435	244	4	47	3991	499	840	0,0,0,0,0,0	27198	131	144	24233	256	0	22948,21011,21011,13738,13738,13738,13738	2	14	23877,0,0,0,0,0,0	113	800
174021	191	452	305	138	142	48	34	8	2838	214	355	411	341	1	35	3642	464	846	0,0,0,0,0,0	38825	146	108	24338	259	0	23042,21084,21084,13725,13725,13725,13725	2	7	23982,0,0,0,0,0,0	113	922
174132	170	429	300	136	148	45	35	8	2771	216	356	426	266	1	31	3944	462	801	0,0,0,0,0,0	38806	146	88	24423	264	0	23151,21173,21173,13715,13715,13715,13715	2	10	24067,0,0,0,0,0,0	103	1050
174209	162	422	296	133	142	45	41	7	2713	217	359	403	262	1	45	3921	445	796	0,0,0,0,0,0	26980	162	122	24542	268	0	23296,21299,21299,13738,13738,13738,13738	2	16	24186,0,0,0,0,0,0	102	1186
174260	178	398	315	131	137	44	38	8	2657	220	360	411	275	0	50	4011	446	795	0,0,0,0,0,0	26812	148	128	24668	270	0	23437,21422,21422,13770,13770,13770,13770	2	15	24312,0,0,0,0,0,0	104	1309
174318	189	389	286	135	138	41	37	9	2620	222	362	464	290	4	35	4145	440	775	0,0,0,0,0,0	27152	129	118	24786	272	0	23580,21547,21547,13801,13801,13801,13801	2	12	24430,0,0,0,0,0,0	102	1417
174379	197	387	300	132	143	41	35	11	2536	223	362	450	252	0	43	4158	455	780	0,0,0,0,0,0	27452	155	133	24915	276	0	23728,21676,21676,13832,13832,13832,13832	2	13	24559,0,0,0,0,0,0	102	1549
174433	192	379	293	124	136	40	31	10	2514	228	366	456	268	1	35	4200	447	748	0,0,0,0,0,0	27308	159	117	25027	281	0	23865,21796,21796,13861,13861,13861,13861	2	10	24672,0,0,0,0,0,0	82	1681
174501	188	384	267	121	122	41	30	7	2484	230	371	443	273	1	28	3668	396	757	0,0,0,0,0,0	38962	158	102	25129	284	0	23998,21912,21912,13883,13883,13883,13883	2	7	24774,0,0,0,0,0,0	83	1818
174564	169	379	256	125	116	40	24	10	2456	234	373	475	249	2	30	3700	388	721	0,0,0,0,0,0	38642	70	102	25231	284	0	24131,22029,22029,13906,13906,13906,13906	2	10	24876,0,0,0,0,0,0	83	1876
174638	159	362	246	137	123	38	21	11	2400	236	375	470	261	3	40	3618	391	695	0,0,0,0,0,0	26774	55	100	25328	288	0	24261,22141,22141,13921,13921,13921,13921	2	16	24973,0,0,0,0,0,0	76	1916
174710	150	355	248	122	125	34	21	10	2356	237	378	480	247	1	41	3309	390	665	0,0,0,0,0,0	26704	68	99	25425	290	0	24384,22247,22247,13932,13932,13932,13932	2	16	25070,0,0,0,0,0,0	68	1972
174762	144	365	240	109	111	29	21	8	2336	239	382	463	261	3	37	3241	385	634	0,0,0,0,0,0	25992	60	107	25532	290	0	24515,22361,22361,13958,13958,13958,13958	2	11	25177,0,0,0,0,0,0	66	2018
174837	143	337	258	109	97	29	17	7	2282	244	386	465	244	0	26	3453	363	627	0,0,0,0,0,0	26569	61	95	25623	295	0	24639,22469,22469,13969,13969,13969,13969	1	4	25269,0,0,0,0,0,0	66	2069
174897	132	332	246	108	94	32	16	7	2246	246	390	475	258	3	36	3174	357	603	0,0,0,0,0,0	26502	61	85	25709	296	0	24758,22573,22573,13984,13984,13984,13984	1	8	25355,0,0,0,0,0,0	67	2117
174983	135	325	241	94	102	31	17	7	2174	247	390	483	295	1	27	2906	369	576	0,0,0,0,0,0	38226	69	88	25797	296	0	24878,22676,22676,13988,13988,13988,13988	1	7	25443,0,0,0,0,0,0	68	2172
175050	140	302	247	88	97	36	16	7	2125	248	390	499	283	2	32	2754	342	584	0,0,0,0,0,0	37844	214	91	25884	300	0	24974,22756,22756,13989,13989,13989,13989	1	2	25531,0,0,0,0,0,0	75	2343
175120	151	279	233	100	108	30	18	6	2061	248	392	493	268	0	32	2589	354	565	0,0,0,0,0,0	25927	196	91	25973	302	0	25071,22838,22838,13989,13989,13989,13989	1	11	25620,0,0,0,0,0,0	63	2503
175177	146	291	213	93	104	30	16	6	2021	251	398	493	223	1	34	2547	360	533	0,0,0,0,0,0	25749	204	91	26063	303	0	25173,22924,22924,13995,13995,13995,13995	1	10	25710,0,0,0,0,0,0	55	2669
175250	138	287	199	96	105	28	14	7	1971	252	399	498	85	0	23	2524	348	519	0,0,0,0,0,0	25571	223	74	26136	304	0	25252,22989,22989,13983,13983,13983,13983	1	5	25783,0,0,0,0,0,0	60	2849
175328	132	289	200	93	97	28	14	8	1905	252	400	525	87	0	20	2506	324	529	0,0,0,0,0,0	25457	202	84	26216	308	0	25339,23060,23060,13972,13972,13972,13972	1	8	25864,0,0,0,0,0,0	57	3015
175387	151	255	204	108	97	24	14	9	1842	253	402	542	244	3	33	2382	317	536	0,0,0,0,0,0	25515	193	94	26307	311	0	25434,23140,23140,13974,13974,13974,13974	1	8	25955,0,0,0,0,0,0	51	3173
175474	137	257	185	101	94	26	16	7	1791	253	405	545	239	3	30	2182	309	507	0,0,0,0,0,0	37581	194	60	26366	313	0	25507,23198,23198,13953,13953,13953,13953	1	7	26015,0,0,0,0,0,0	56	3332
175521	118	278	178	95	98	26	16	6	1748	254	408	523	253	1	31	2035	302	507	0,0,0,0,0,0	37268	190	81	26446	315	0	25676,23355,23355,13999,13999,13999,13999	1	9	26095,0,0,0,0,0,0	65	3479
175563	124	257	180	97	92	26	15	6	1719	255	412	512	261	3	35	2378	309	482	0,0,0,0,0,0	25526	166	76	26523	315	0	25840,23507,23507,14044,14044,14044,14044	1	4	26172,0,0,0,0,0,0	65	3608
175580	140	271	178	91	90	27	11	6	1677	258	417	538	251	4	20	2512	307	501	3,0,0,0,0,0	25423	160	89	26638	318	0	26035,23690,23690,14118,14118,14118,14118	1	10	26259,29,0,0,0,0,0	60	3733
175562	148	309	177	95	84	23	12	6	1651	258	421	517	252	0	21	2586	285	563	9,0,0,0,0,0	25769	175	83	26757	324	0	26250,23896,23896,14219,14219,14219,14219	1	7	26332,79,0,0,0,0,0	54	3870
175589	171	315	184	88	86	23	13	5	1591	258	423	516	277	2	25	2648	275	605	14,0,0,0,0,0	25843	179	79	26869	325	0	26444,24078,24078,14290,14290,14290,14290	1	4	26397,127,0,0,0,0,0	52	4006
175544	200	352	180	83	95	23	14	4	1569	258	424	525	247	0	31	2848	285	662	20,0,0,0,0,0	25808	157	107	27015	328	0	26673,24297,24297,14411,14411,14411,14411	1	10	26478,193,0,0,0,0,0	50	4127
175512	216	373	195	81	97	21	13	5	1549	258	426	514	236	2	24	2784	273	723	27,0,0,0,0,0	37900	174	108	27156	333	0	26900,24514,24514,14526,14526,14526,14526	1	8	26535,280,0,0,0,0,0	46	4264
175459	218	392	217	81	113	18	14	5	1542	258	429	545	250	4	34	2887	312	741	32,0,0,0,0,0	37735	104	117	27300	334	0	27131,24737,24737,14652,14652,14652,14652	1	4	26598,362,0,0,0,0,0	44	4342
175411	207	431	227	86	118	20	11	6	1533	260	436	539	77	0	38	3383	339	761	36,0,0,0,0,0	26412	128	136	27431	339	0	27346,24944,24944,14765,14765,14765,14765	1	10	26661,434,0,0,0,0,0	43	4444
175361	200	477	222	93	125	20	11	5	1530	260	442	527	254	3	43	3395	365	783	42,0,0,0,0,0	26473	129	154	27581	343	0	27568,25157,25157,14884,14884,14884,14884	1	18	26710,536,0,0,0,0,0	46	4530
175327	210	467	259	101	134	21	9	6	1505	261	446	551	228	3	30	3127	375	826	45,0,0,0,0,0	26565	114	150	27729	347	0	27789,25368,25367,14994,14994,14994,14994	1	10	26776,621,0,0,0,0,0	41	4616
175261	258	448	274	113	141	19	11	4	1508	261	448	548	100	0	38	3174	399	865	50,0,0,0,0,0	26494	124	179	27902	354	0	28044,25614,25613,15137,15137,15137,15137	1	10	26818,752,0,0,0,0,0	38	4702
175192	266	485	259	125	140	20	13	2	1532	262	450	524	307	0	45	3347	432	876	52,0,0,0,0,0	26465	142	170	28066	361	0	28280,25844,25842,15272,15272,15272,15272	1	18	26887,853,0,0,0,0,0	40	4797
175135	245	493	298	130	141	21	12	2	1555	263	451	528	263	1	39	3202	439	901	55,0,0,0,0,0	37856	119	146	28213	362	0	28511,26068,26065,15399,15399,15399,15399	1	10	26946,942,0,0,0,0,0	47	4882
175088	235	501	298	144	131	23	14	2	1592	263	455	527	237	0	40	3318	479	867	57,0,0,0,0,0	38335	292	155	28364	366	0	28694,26243,26239,15496,15496,15496,15496	1	6	26994,1047,0,0,0,0,0	54	5097
175015	256	495	306	146	139	24	16	2	1627	263	457	540	332	2	46	3493	496	886	60,0,0,0,0,0	26503	263	179	28536	374	0	28894,26435,26431,15613,15613,15613,15613	1	26	27039,1179,0,0,0,0,0	53	5289
174946	282	510	312	135	159	24	15	2	1638	266	457	553	182	3	32	3505	487	950	63,0,0,0,0,0	26664	281	189	28721	379	0	29107,26641,26634,15734,15734,15734,15734	1	17	27080,1327,0,0,0,0,0	58	5502
174840	292	542	311	143	158	31	18	3	1682	266	460	560	228	4	47	3479	497	998	64,0,0,0,0,0	26440	298	199	28911	390	0	29328,26856,26849,15879,15879,15879,15879	1	18	27132,1472,0,0,0,0,0	63	5723
174709	318	587	325	152	152	37	17	4	1713	268	464	551	251	3	49	3449	512	1076	67,0,0,0,0,0	26745	269	237	29142	397	0	29587,27110,27100,16055,16055,16055,16055	1	18	27189,1651,0,0,0,0,0	77	5893
174622	329	592	342	186	161	44	19	4	1713	268	466	548	252	1	59	3308	519	1154	68,0,0,0,0,0	26606	288	202	29341	401	0	29814,27331,27319,16193,16193,16193,16193	1	17	27239,1803,0,0,0,0,0	86	6095
174524	340	607	341	185	174	47	24	4	1763	268	469	549	247	2	40	3390	506	1212	69,0,0,0,0,0	38292	291	204	29540	408	0	30044,27558,27542,16339,16339,16339,16339	1	9	27288,1958,0,0,0,0,0	95	6303
174396	354	622	362	189	175	48	26	4	1829	269	472	535	248	2	65	3389	540	1236	71,0,0,0,0,0	38337	608	233	29759	423	0	30385,27894,27877,16559,16559,16559,16559	1	16	27340,2132,0,0,0,0,0	110	6712
174294	344	669	366	188	185	51	24	6	1875	271	473	571	247	1	71	3519	581	1246	72,0,0,0,0,0	26512	600	224	29971	435	0	30703,28211,28190,16752,16752,16752,16752	2	19	27380,2311,0,0,0,0,0	103	7105
174153	345	712	386	188	191	52	24	6	1939	272	478	566	294	5	69	3558	614	1284	74,0,0,0,0,0	26724	620	257	30217	448	0	31063,28572,28546,16986,16986,16986,16986	2	23	27422,2525,0,0,0,0,0	97	7630
173974	402	738	390	211	206	58	24	6	1982	275	480	570	217	2	64	3918	648	1381	77,0,0,0,0,0	26797	616	302	30505	463	0	31470,28978,28948,17265,17265,17265,17265	2	23	27467,2780,0,0,0,0,0	108	8160
173827	404	815	389	224	216	66	27	6	2017	275	480	594	266	2	65	3907	663	1478	78,0,0,0,0,0	26959	613	297	30792	474	0	31851,29357,29322,17513,17513,17513,17513	2	15	27518,3024,0,0,0,0,0	127	8705
173644	426	869	416	223	217	74	30	7	2081	276	483	529	250	4	82	4536	742	1513	79,0,0,0,0,0	27693	636	302	31080	491	0	32243,29752,29711,17784,17784,17784,17784	2	25	27560,3286,0,0,0,0,0	141	9246
173472	433	859	461	239	221	80	32	5	2176	280	488	533	266	4	67	4386	724	1601	80,0,0,0,0,0	39117	587	283	31348	507	0	32615,30124,30079,18042,18042,18042,18042	2	20	27600,3527,0,0,0,0,0	146	9750
173319	425	875	500	233	221	82	35	5	2276	283	492	536	301	1	77	4430	763	1608	81,0,0,0,0,0	39216	797	258	31598	516	0	33046,30559,30508,18319,18319,18319,18319	2	13	27640,3745,0,0,0,0,0	157	10454
173110	460	924	519	229	224	84	37	4	2378	284	493	542	263	5	75	5279	786	1691	82,0,0,0,0,0	28112	812	344	31929	530	0	33533,31051,30992,18651,18651,18651,18651	2	21	27695,4035,0,0,0,0,0	159	11160
172887	500	967	531	264	240	83	37	3	2455	285	494	526	247	5	73	5898	808	1814	83,0,0,0,0,0	28755	850	356	32271	548	0	34082,31605,31538,19020,19020,19020,19020	2	27	27733,4354,0,0,0,0,0	165	11885
172648	553	993	581	253	246	86	37	2	2566	286	495	467	325	7	88	6052	874	1875	84,0,0,0,0,0	29023	832	381	32636	564	0	34659,32186,32111,19412,19412,19412,19412	2	31	27773,4690,0,0,0,0,0	153	12604
172442	546	1060	579	273	262	87	34	3	2672	292	496	457	277	3	82	6280	884	1957	85,0,0,0,0,0	29102	801	367	32993	576	0	35229,32761,32677,19786,19786,19786,19786	2	31	27804,5028,0,0,0,0,0	151	13293
172208	599	1087	606	272	275	88	36	3	2781	295	496	452	247	4	85	6576	894	2069	86,0,0,0,0,0	29493	743	404	33384	591	0	35832,33370,33276,20189,20189,20189,20189	2	19	27835,5402,0,0,0,0,0	149	13935
171970	642	1099	641	277	281	96	38	4	2902	298	498	463	252	4	88	6248	898	2176	87,0,0,0,0,0	40561	784	398	33760	613	0	36411,33957,33853,20584,20584,20584,20584	2	25	27861,5771,0,0,0,0,0	145	14611
171799	607	1138	654	292	304	91	39	4	3017	302	499	471	253	6	93	6224	918	2207	88,0,0,0,0,0	40660	890	350	34099	625	0	36998,34550,34435,20947,20947,20947,20947	2	17	27889,6090,0,0,0,0,0	161	15374
171560	586	1225	683	306	307	92	41	6	3134	304	502	453	258	4	112	6616	1000	2240	89,0,0,0,0,0	45774	901	405	34489	643	0	37649,35209,35083,21373,21373,21373,21373	2	25	27915,6470,0,0,0,0,0	158	16136
171334	611	1249	702	316	321	96	42	6	3255	306	508	463	296	6	118	6925	1045	2292	90,0,0,0,0,0	46265	832	420	34897	655	0	38311,35879,35740,21801,21801,21801,21801	2	30	27946,6857,0,0,0,0,0	167	16823
171103	657	1240	747	335	334	89	44	5	3374	306	512	447	250	4	128	7098	1129	2317	90,0,0,0,0,0	46412	894	427	35311	673	0	38983,36562,36409,22234,22234,22234,22234	2	25	27971,7262,0,0,0,0,0	182	17575
170867	676	1278	777	359	343	86	46	5	3487	309	513	451	227	4	111	7230	1175	2390	92,0,0,0,0,0	46294	936	430	35727	692	0	39646,37233,37067,22667,22667,22667,22667	3	29	27988,7677,0,0,0,0,0	179	18341
170687	671	1300	813	350	341	88	51	5	3611	309	520	450	269	7	105	7245	1199	2415	92,0,0,0,0,0	46522	890	401	36114	707	0	40256,37858,37675,23050,23050,23050,23050	3	32	28008,8058,0,0,0,0,0	179	19086
170574	608	1289	843	352	352	93	52	5	3743	312	523	458	243	2	91	7146	1170	2419	93,0,0,0,0,0	70392	858	330	36434	721	0	40816,38431,38231,23371,23371,23371,23371	3	13	28024,8369,0,0,0,0,0	188	19781
170461	547	1276	848	381	366	102	50	6	3868	316	525	484	261	6	127	7354	1227	2343	93,0,0,0,0,0	70148	675	326	36741	742	0	41438,39068,38854,23727,23727,23727,23727	2	15	28038,8678,0,0,0,0,0	204	20336
170293	566	1271	843	386	370	107	50	7	4009	318	526	478	335	7	124	7502	1244	2349	94,0,0,0,0,0	46697	645	422	37143	763	0	42138,39785,39551,24146,24146,24146,24146	2	31	28050,9083,0,0,0,0,0	205	20858
170107	631	1258	825	399	389	104	48	7	4128	322	528	490	258	1	134	7959	1298	2356	94,0,0,0,0,0	47233	610	448	37580	777	0	42845,40510,40256,24577,24577,24577,24577	3	24	28067,9515,0,0,0,0,0	229	21348
169984	635	1262	801	392	397	103	47	10	4261	325	529	483	243	4	119	8046	1276	2361	94,0,0,0,0,0	47142	612	388	37950	797	0	43513,41197,40923,24959,24959,24959,24959	2	27	28083,9884,0,0,0,0,0	222	21828
169849	641	1248	806	420	392	106	42	12	4366	334	530	458	261	6	141	8140	1305	2350	95,0,0,0,0,0	47450	670	411	38333	827	0	44182,41886,41592,25355,25355,25355,25355	3	29	28100,10274,0,0,0,0,0	221	22363
169681	667	1270	807	419	377	112	48	13	4484	337	531	466	254	8	119	8242	1270	2430	95,0,0,0,0,0	47448	621	433	38744	852	0	44886,42609,42295,25779,25779,25779,25779	2	22	28119,10684,0,0,0,0,0	208	22846
169603	619	1264	801	413	378	119	50	13	4610	341	535	441	245	12	132	7846	1266	2378	95,0,0,0,0,0	71037	653	348	39076	869	0	45488,43230,42895,26111,26111,26111,26111	2	23	28129,11019,0,0,0,0,0	228	23367
169523	600	1237	830	413	389	114	54	12	4693	344	537	445	226	11	110	7511	1271	2366	95,0,0,0,0,0	70720	857	361	39414	894	0	46105,43877,43519,26467,26467,26467,26467	2	17	28140,11360,0,0,0,0,0	235	24066
169427	606	1270	798	386	403	112	54	10	4790	349	541	452	331	8	132	7481	1275	2354	96,0,0,0,0,0	46445	885	404	39795	921	0	46750,44551,44169,26845,26845,26845,26845	2	21	28149,11750,0,0,0,0,0	236	24788
169315	641	1287	790	368	397	113	57	8	4876	351	543	464	296	9	122	7703	1261	2392	96,0,0,0,0,0	46728	888	429	40200	948	0	47460,45287,44879,27234,27234,27234,27234	2	19	28165,12159,0,0,0,0,0	237	25490
169165	654	1295	791	414	425	110	52	7	4931	356	546	462	299	3	150	8100	1297	2444	96,0,0,0,0,0	46825	846	436	40611	974	0	48171,46021,45590,27641,27641,27641,27641	2	25	28172,12582,0,0,0,0,0	231	26150
169057	665	1299	825	418	429	111	59	8	4967	358	550	444	264	8	114	7917	1259	2547	96,0,0,0,0,0	47125	893	440	41030	995	0	48908,46785,46326,28041,28041,28041,28041	2	18	28179,13010,0,0,0,0,0	222	26854
168935	650	1341	850	411	413	125	59	10	5041	358	553	430	336	4	130	7542	1279	2570	96,0,0,0,0,0	46849	892	424	41429	1022	0	49619,47521,47038,28436,28436,28436,28436	2	26	28193,13416,0,0,0,0,0	215	27551
168870	612	1329	826	420	423	132	61	10	5148	359	556	417	307	5	123	7326	1281	2522	97,0,0,0,0,0	70796	942	350	41769	1036	0	50263,48189,47682,28769,28769,28769,28769	2	23	28205,13754,0,0,0,0,0	241	28295
168872	557	1307	808	426	412	127	60	10	5246	364	557	421	260	14	117	7400	1292	2405	97,0,0,0,0,0	70671	1080	324	42062	1067	0	50996,48951,48417,29109,29109,29109,29109	2	10	28211,14065,0,0,0,0,0	240	29142
168767	556	1279	796	408	423	125	68	11	5389	366	558	425	260	6	131	7707	1280	2375	97,0,0,0,0,0	46366	1065	404	42447	1088	0	51828,49812,49252,29550,29550,29550,29550	2	17	28214,14466,0,0,0,0,0	231	29981
168693	608	1239	788	435	413	125	66	13	5434	371	561	430	237	6	132	8236	1270	2404	97,0,0,0,0,0	47205	1063	416	42845	1112	0	52671,50685,50096,29982,29982,29982,29982	2	22	28219,14879,0,0,0,0,0	229	30827
168608	650	1213	785	418	405	133	70	16	5509	374	565	420	249	8	130	8330	1267	2407	97,0,0,0,0,0	47241	1040	415	43240	1132	0	53487,51532,50914,30403,30403,30403,30403	2	18	28226,15279,0,0,0,0,0	241	31624
168621	588	1237	783	393	430	132	70	17	5529	377	569	420	289	3	141	8262	1255	2378	97,0,0,0,0,0	47557	1070	337	43560	1150	0	54242,52318,51669,30746,30746,30746,30746	2	23	28228,15611,0,0,0,0,0	236	32477
168594	571	1216	784	405	424	131	64	16	5585	384	572	405	306	6	134	8261	1251	2344	98,0,0,0,0,0	47522	1064	353	43895	1172	0	54984,53089,52413,31101,31101,31101,31101	2	25	28234,15955,0,0,0,0,0	229	33299
168655	518	1201	758	392	402	133	70	15	5641	388	573	395	226	3	105	7675	1171	2303	98,0,0,0,0,0	71042	1098	291	44172	1187	0	55709,53845,53139,31407,31407,31407,31407	2	16	28237,16242,0,0,0,0,0	237	34115
168734	483	1164	739	376	402	135	67	17	5659	394	576	417	242	4	103	7922	1151	2215	98,0,0,0,0,0	70934	1393	273	44432	1201	0	56480,54645,53909,31718,31718,31718,31718	2	15	28239,16509,0,0,0,0,0	240	35178
168743	484	1128	797	367	381	136	61	17	5651	400	581	419	263	5	139	8113	1172	2182	98,0,0,0,0,0	46957	1370	339	44758	1215	0	57309,55505,54740,32094,32094,32094,32094	2	20	28241,16842,0,0,0,0,0	236	36227
168747	502	1102	810	355	386	137	60	13	5650	401	583	406	274	11	117	7658	1156	2196	98,0,0,0,0,0	47035	1412	342	45084	1232	0	58116,56344,55548,32459,32459,32459,32459	2	17	28248,17176,0,0,0,0,0	239	37292
168764	540	1053	785	328	373	137	62	14	5702	404	584	383	247	7	120	7871	1096	2182	98,0,0,0,0,0	47050	1329	336	45396	1258	0	58921,57181,56355,32819,32819,32819,32819	2	18	28251,17504,0,0,0,0,0	235	38294
168836	526	1075	738	325	386	136	62	16	5654	407	585	369	272	8	124	7246	1098	2150	98,0,0,0,0,0	38375	1354	343	45721	1278	0	59755,58053,57192,33171,33171,33171,33171	2	15	28253,17842,0,0,0,0,0	227	39287
168840	562	1020	749	342	376	134	60	17	5645	414	587	373	240	2	106	6780	1059	2184	98,0,0,0,0,0	38056	1379	360	46067	1295	0	60580,58913,58019,33547,33547,33547,33547	2	21	28253,18200,0,0,0,0,0	224	40282
168934	542	1021	715	321	354	125	67	16	5645	417	589	382	253	7	108	6505	1009	2136	99,0,0,0,0,0	40406	1367	284	46334	1315	0	61313,59683,58756,33841,33841,33841,33841	2	15	28256,18482,0,0,0,0,0	220	41302
169039	481	1050	700	316	345	116	67	18	5602	419	593	411	290	5	95	6596	1007	2068	99,0,0,0,0,0	40459	1083	271	46585	1337	0	62066,60469,59510,34124,34124,34124,34124	1	15	28257,18746,0,0,0,0,0	225	42118
169147	432	1041	702	304	346	113	70	19	5556	421	595	395	254	1	93	6470	948	2060	99,0,0,0,0,0	37744	1080	272	46845	1350	0	62815,61252,60259,34400,34400,34400,34400	1	15	28258,19015,0,0,0,0,0	221	42927
169164	440	1021	712	326	348	109	68	18	5515	426	599	370	251	4	106	6364	933	2091	99,0,0,0,0,0	37617	1083	326	47156	1367	0	63615,62082,61061,34741,34741,34741,34741	2	18	28260,19337,0,0,0,0,0	204	43730
169244	453	979	697	312	324	106	63	21	5515	432	600	381	278	8	111	6434	873	2061	99,0,0,0,0,0	37292	1118	278	47425	1379	0	64341,62841,61788,35018,35018,35018,35018	1	12	28263,19612,0,0,0,0,0	187	44527
169268	463	962	681	316	328	109	60	23	5496	437	603	378	256	2	97	5720	854	2065	99,0,0,0,0,0	37416	1134	307	47718	1393	0	65119,63650,62568,35346,35346,35346,35346	1	12	28264,19913,0,0,0,0,0	183	45311
169327	455	948	667	327	309	108	58	25	5475	442	605	392	307	4	98	5570	845	2027	99,0,0,0,0,0	36692	1097	286	47982	1415	0	65852,64416,63304,35638,35638,35638,35638	1	11	28265,20193,0,0,0,0,0	184	46047
169522	433	896	653	295	294	104	59	22	5417	446	605	410	335	3	101	5621	835	1899	99,0,0,0,0,0	39442	1048	208	48177	1429	0	66530,65129,63983,35838,35838,35838,35838	1	8	28267,20396,0,0,0,0,0	185	46777
169711	364	872	620	292	274	99	55	18	5382	451	608	437	298	8	86	5510	801	1775	99,0,0,0,0,0	39462	861	179	48347	1440	0	67164,65796,64618,36009,36009,36009,36009	1	6	28268,20573,0,0,0,0,0	181	47363
169822	348	864	590	275	287	86	51	16	5338	460	609	421	292	5	92	5576	778	1723	99,0,0,0,0,0	30431	946	230	48565	1454	0	67851,66515,65308,36242,36242,36242,36242	1	9	28268,20798,0,0,0,0,0	157	48029
169899	346	826	597	255	288	91	47	12	5306	467	612	414	226	3	100	5284	766	1684	99,0,0,0,0,0	30446	873	250	48805	1465	0	68549,67245,66010,36495,36495,36495,36495	1	13	28268,21047,0,0,0,0,0	149	48614
170033	371	772	608	257	274	83	48	12	5203	471	614	405	233	6	100	5455	758	1655	99,0,0,0,0,0	30415	899	244	49036	1479	0	69218,67950,66682,36713,36713,36713,36713	1	13	28270,21285,0,0,0,0,0	144	49201
170148	370	737	600	247	260	81	47	11	5154	475	616	433	240	2	64	5595	705	1637	99,0,0,0,0,0	30470	901	221	49242	1494	0	69884,68648,67352,36933,36933,36933,36933	1	9	28270,21499,0,0,0,0,0	145	49805
170236	357	756	589	209	244	76	46	13	5120	479	621	429	252	1	70	5435	675	1602	99,0,0,0,0,0	24996	875	230	49460	1509	0	70542,69338,68015,37165,37165,37165,37165	1	8	28270,21727,0,0,0,0,0	139	50381
170392	338	721	599	217	214	70	46	14	5025	482	628	415	253	6	52	5502	615	1590	99,0,0,0,0,0	31483	891	187	49636	1521	0	71167,69998,68644,37350,37350,37350,37350	1	8	28270,21909,0,0,0,0,0	135	50972
170566	279	738	596	184	208	60	40	14	4945	487	629	440	295	3	52	5308	565	1540	99,0,0,0,0,0	31305	1211	162	49791	1529	0	71751,70617,69234,37501,37501,37501,37501	1	8	28270,22070,0,0,0,0,0	124	51840
170705	283	711	582	170	211	59	36	16	4851	489	633	459	259	2	68	5171	550	1502	99,0,0,0,0,0	24861	1262	201	49979	1542	0	72390,71289,69878,37693,37693,37693,37693	1	8	28271,22266,0,0,0,0,0	118	52691
170830	289	651	565	170	214	54	35	15	4793	491	639	450	234	4	61	5254	519	1459	99,0,0,0,0,0	24682	1219	175	50144	1554	0	72987,71915,70479,37861,37861,37861,37861	1	5	28271,22440,0,0,0,0,0	113	53535
170962	281	639	534	174	204	50	32	15	4722	494	639	481	253	4	71	5107	531	1383	99,0,0,0,0,0	24738	1205	181	50313	1568	0	73582,72544,71081,38032,38032,38032,38032	1	5	28271,22619,0,0,0,0,0	103	54397
171106	288	590	520	162	204	46	33	12	4648	496	641	486	317	4	58	4878	494	1349	99,0,0,0,0,0	24621	1203	166	50471	1577	0	74181,73175,71686,38194,38194,38194,38194	1	11	28271,22784,0,0,0,0,0	105	55271
171296	283	573	500	166	206	43	32	13	4494	497	643	497	267	4	67	4839	498	1305	99,0,0,0,0,0	24705	1181	156	50616	1589	0	74743,73775,72256,38326,38326,38326,38326	0	10	28271,22939,0,0,0,0,0	100	56113
171516	262	519	480	175	195	38	30	12	4374	500	645	511	237	3	44	4365	440	1259	99,0,0,0,0,0	28996	1242	121	50730	1596	0	75280,74348,72800,38441,38441,38441,38441	0	5	28271,23056,0,0,0,0,0	96	57011
171704	220	495	464	170	188	34	32	13	4275	501	650	511	309	1	67	4445	445	1158	99,0,0,0,0,0	28612	583	114	50838	1603	0	76002,75102,73531,38657,38657,38657,38657	0	8	28271,23168,0,0,0,0,0	92	57410
171854	204	506	421	149	170	31	27	15	4212	505	652	519	296	3	63	4474	433	1075	99,0,0,0,0,0	23432	544	135	50963	1615	0	76740,75870,74278,38891,38891,38891,38891	0	4	28271,23304,0,0,0,0,0	80	57797
172035	173	491	403	145	165	32	24	18	4102	505	653	532	317	2	52	4414	422	1011	99,0,0,0,0,0	23500	640	110	51066	1622	0	77461,76622,75008,39104,39104,39104,39104	0	7	28271,23410,0,0,0,0,0	73	58252
172223	161	468	393	140	159	25	25	17	3974	505	656	530	329	1	49	4444	404	967	100,0,0,0,0,0	23205	566	109	51168	1629	0	78159,77353,75716,39306,39306,39306,39306	0	7	28271,23517,0,0,0,0,0	66	58636
172405	169	397	387	132	157	26	24	17	3867	507	658	534	303	4	50	4379	388	904	100,0,0,0,0,0	23177	610	93	51257	1635	0	78857,78080,76423,39510,39510,39510,39510	0	3	28271,23611,0,0,0,0,0	56	59071
172571	159	387	373	127	140	26	21	16	3755	511	660	499	283	0	45	4337	376	857	100,0,0,0,0,0	23223	572	101	51354	1641	0	79558,78811,77134,39728,39728,39728,39728	0	1	28271,23711,0,0,0,0,0	56	59469
172745	158	352	350	120	138	26	18	17	3647	513	662	530	249	0	34	4081	351	811	100,0,0,0,0,0	28604	560	93	51441	1647	0	80260,79542,77846,39940,39940,39940,39940	0	7	28271,23802,0,0,0,0,0	48	59863
172969	137	318	321	120	137	27	16	17	3506	515	663	516	270	1	36	4015	343	733	100,0,0,0,0,0	28263	862	62	51498	1652	0	80663,79975,78257,39954,39954,39954,39954	0	1	28271,23864,0,0,0,0,0	46	60492
173145	123	305	298	125	115	26	15	15	3398	516	665	519	269	2	40	3547	322	685	100,0,0,0,0,0	17293	833	82	51576	1657	0	81078,80415,78678,39994,39994,39994,39994	0	5	28271,23945,0,0,0,0,0	46	61081
173296	119	289	275	116	112	26	13	14	3299	516	671	514	249	3	30	3506	309	641	100,0,0,0,0,0	17402	842	83	51655	1662	0	81526,80888,79134,40060,40060,40060,40060	0	4	28271,24027,0,0,0,0,0	44	61690
173455	115	292	260	109	94	26	13	12	3179	516	675	501	270	2	24	2991	273	636	100,0,0,0,0,0	16982	834	77	51725	1669	0	81940,81326,79555,40112,40112,40112,40112	0	4	28271,24103,0,0,0,0,0	45	62273
173617	120	275	258	101	87	28	11	11	3039	518	681	483	146	1	32	2685	262	618	100,0,0,0,0,0	16515	840	82	51796	1680	0	82368,81779,79992,40176,40176,40176,40176	0	5	28271,24182,0,0,0,0,0	47	62900
173762	109	273	254	88	66	26	10	9	2944	519	686	497	238	0	26	2444	241	585	100,0,0,0,0,0	16093	786	67	51855	1689	0	82769,82201,80402,40238,40238,40238,40238	0	2	28271,24249,0,0,0,0,0	44	63468
173910	107	265	247	77	63	24	8	9	2830	519	687	502	208	0	18	2007	211	580	100,0,0,0,0,0	26570	800	63	51915	1694	0	83159,82614,80801,40292,40292,40292,40292	0	1	28271,24314,0,0,0,0,0	43	64063
174070	102	244	241	71	69	22	5	8	2705	521	688	515	281	1	16	1853	186	568	100,0,0,0,0,0	26285	1041	52	51963	1699	0	83563,83037,81211,40330,40330,40330,40330	0	2	28271,24365,0,0,0,0,0	35	64824
174201	99	226	245	67	67	25	6	6	2592	521	691	508	254	2	19	1488	177	558	100,0,0,0,0,0	15257	1065	62	52023	1701	0	83993,83486,81647,40389,40389,40389,40389	0	3	28271,24427,0,0,0,0,0	37	65581
174320	103	206	242	64	65	27	7	6	2491	521	694	514	87	1	26	1650	190	524	100,0,0,0,0,0	15110	1039	65	52084	1706	0	84404,83914,82064,40440,40440,40440,40440	0	3	28271,24490,0,0,0,0,0	47	66337
174462	92	208	223	59	58	25	5	6	2385	523	700	492	91	0	16	1579	172	498	100,0,0,0,0,0	15390	1050	49	52129	1710	0	84797,84324,82464,40479,40479,40479,40479	0	2	28271,24538,0,0,0,0,0	38	67110
174572	88	207	219	52	47	25	5	4	2301	524	702	488	251	1	12	1295	155	488	100,0,0,0,0,0	15144	1076	59	52184	1714	0	85223,84765,82896,40548,40548,40548,40548	0	1	28271,24595,0,0,0,0,0	38	67892
174676	88	203	219	46	48	27	6	3	2201	524	705	506	256	0	14	1283	155	482	100,0,0,0,0,0	14976	1005	57	52235	1720	0	85610,85168,83290,40601,40601,40601,40601	0	5	28271,24652,0,0,0,0,0	39	68613
174809	83	186	197	46	47	26	7	3	2112	524	706	490	243	1	11	1284	123	469	100,0,0,0,0,0	20457	1128	38	52269	1724	0	86000,85575,83687,40647,40647,40647,40647	0	5	28271,24689,0,0,0,0,0	39	69420
174930	69	184	186	43	37	26	6	3	2025	526	711	516	243	4	16	1333	115	436	100,0,0,0,0,0	20381	338	40	52308	1725	0	86549,86142,84245,40772,40772,40772,40772	0	1	28271,24729,0,0,0,0,0	35	69642
175026	56	171	191	40	39	25	6	2	1945	527	718	515	96	0	14	1582	114	414	100,0,0,0,0,0	12373	314	40	52344	1729	0	87104,86712,84810,40918,40918,40918,40918	0	1	28271,24768,0,0,0,0,0	32	69859
175123	58	167	174	36	39	22	4	3	1870	528	722	506	236	1	14	1699	113	387	100,0,0,0,0,0	12524	338	48	52389	1732	0	87654,87277,85369,41053,41053,41053,41053	0	4	28271,24816,0,0,0,0,0	33	70107
175222	64	155	167	34	42	22	4	3	1781	528	724	522	88	0	16	1701	121	367	100,0,0,0,0,0	12490	349	48	52437	1733	0	88217,87852,85938,41189,41189,41189,41189	0	2	28271,24864,0,0,0,0,0	30	70363
175303	65	141	152	34	42	16	4	2	1730	528	729	514	252	0	13	1454	109	345	100,0,0,0,0,0	12493	384	37	52472	1736	0	88784,88433,86514,41330,41330,41330,41330	0	3	28271,24901,0,0,0,0,0	23	70639
175394	58	128	158	33	37	15	4	2	1656	528	733	514	94	0	10	1276	96	337	100,0,0,0,0,0	12167	364	33	52500	1741	0	89314,88976,87052,41454,41454,41454,41454	0	1	28271,24933,0,0,0,0,0	20	70898
175490	55	116	142	36	36	13	4	2	1589	528	735	518	250	0	9	1306	86	316	100,0,0,0,0,0	20575	330	29	52528	1743	0	89891,89564,87637,41604,41604,41604,41604	0	0	28271,24963,0,0,0,0,0	19	71131
175563	52	121	119	34	32	12	4	2	1540	528	739	518	146	0	10	1254	81	293	100,0,0,0,0,0	20585	325	32	52557	1747	0	90049,89733,87800,41524,41524,41524,41524	0	3	28271,24996,0,0,0,0,0	18	71342
175662	55	100	123	29	32	11	4	1	1457	528	744	542	258	0	8	1274	78	276	100,0,0,0,0,0	12085	345	28	52582	1750	0	90190,89886,87945,41416,41416,41416,41416	0	1	28271,25023,0,0,0,0,0	18	71586
175739	53	97	110	25	32	11	3	1	1403	528	744	547	275	0	13	1166	71	260	100,0,0,0,0,0	12068	310	31	52608	1755	0	90373,90079,88132,41339,41339,41339,41339	0	2	28271,25052,0,0,0,0,0	18	71804
175827	39	114	92	29	30	7	3	1	1330	528	746	540	241	0	10	978	67	247	100,0,0,0,0,0	11754	300	29	52635	1757	0	90536,90252,88299,41249,41249,41249,41249	0	3	28271,25079,0,0,0,0,0	13	72018
175905	32	104	93	36	33	7	3	1	1256	528	748	535	282	0	10	683	71	237	100,0,0,0,0,0	11681	318	27	52661	1758	0	90715,90441,88482,41168,41168,41168,41168	0	1	28271,25106,0,0,0,0,0	12	72222
175965	34	106	93	25	28	8	4	1	1203	528	751	535	242	1	7	785	68	230	100,0,0,0,0,0	11649	304	29	52687	1761	0	90881,90615,88652,41093,41093,41093,41093	0	1	28271,25135,0,0,0,0,0	12	72440
176019	47	95	92	24	24	9	4	1	1152	528	751	533	269	0	4	888	59	236	100,0,0,0,0,0	20219	304	33	52717	1764	0	91044,90788,88819,41018,41018,41018,41018	0	1	28271,25167,0,0,0,0,0	16	72661
176092	49	79	88	25	27	7	4	1	1093	528	753	527	91	0	11	851	59	220	100,0,0,0,0,0	20073	152	17	52731	1767	0	91268,91021,89049,40975,40975,40975,40975	0	1	28271,25182,0,0,0,0,0	14	72763
176163	33	89	79	18	26	8	4	1	1041	528	756	538	252	0	5	775	53	204	100,0,0,0,0,0	11696	170	17	52747	1768	0	91493,91254,89280,40930,40930,40930,40930	0	2	28271,25199,0,0,0,0,0	13	72883
176222	22	91	82	19	25	7	3	1	986	529	759	547	75	0	7	810	49	200	100,0,0,0,0,0	11544	169	21	52766	1771	0	91711,91480,89504,40884,40884,40884,40884	0	1	28271,25220,0,0,0,0,0	10	72992
176279	27	79	86	20	22	9	3	1	926	529	765	550	5343	4	10	807	51	195	100,0,0,0,0,0	11784	182	22	52787	1772	0	91926,91704,89725,40842,40842,40842,40842	0	2	28271,25242,0,0,0,0,0	11	73105
176313	35	70	83	18	21	9	3	0	894	529	771	574	2568	2	5	792	56	183	100,0,0,0,0,0	11627	169	24	52810	1774	0	92151,91936,89956,40807,40807,40807,40807	0	1	28271,25266,0,0,0,0,0	12	73213
176367	36	60	73	20	20	6	3	0	859	530	772	579	1399	3	3	708	51	167	100,0,0,0,0,0	11591	176	17	52824	1777	0	92351,92142,90161,40755,40755,40755,40755	0	0	28271,25282,0,0,0,0,0	9	73325
176414	32	58	70	19	18	6	3	0	818	530	778	585	802	2	4	665	49	157	100,0,0,0,0,0	20257	169	15	52836	1780	0	92567,92366,90383,40715,40715,40715,40715	0	0	28271,25296,0,0,0,0,0	10	73430
176460	27	56	67	18	16	6	3	0	783	530	780	611	451	0	5	525	41	152	100,0,0,0,0,0	20170	172	20	52855	1781	0	92803,92610,90627,40693,40693,40693,40693	0	1	28271,25315,0,0,0,0,0	11	73556
176511	18	62	63	17	12	6	2	0	739	531	785	632	2914	3	8	370	38	142	100,0,0,0,0,0	21824	166	12	52866	1782	0	93038,92852,90869,40668,40668,40668,40668	0	1	28271,25327,0,0,0,0,0	10	73663
176540	23	48	63	15	14	6	1	0	717	532	787	615	2756	1	5	488	37	133	100,0,0,0,0,0	22193	167	16	52881	1783	0	93266,93084,91104,40641,40641,40641,40641	0	1	28271,25343,0,0,0,0,0	9	73778
176581	27	41	57	12	12	5	1	0	685	532	793	627	2160	0	5	553	36	119	100,0,0,0,0,0	21995	178	13	52892	1785	0	93501,93325,91346,40614,40614,40614,40614	0	0	28271,25356,0,0,0,0,0	8	73903
176616	21	51	47	12	13	4	0	1	655	532	794	652	1419	0	5	556	37	111	100,0,0,0,0,0	21993	168	15	52905	1787	0	93744,93574,91597,40592,40592,40592,40592	0	0	28271,25370,0,0,0,0,0	5	74023
176648	18	44	50	11	11	3	0	0	631	532	798	652	932	0	4	458	30	107	100,0,0,0,0,0	22179	152	9	52912	1789	0	93968,93803,91828,40567,40567,40567,40567	0	0	28271,25378,0,0,0,0,0	3	74136
176677	16	41	47	11	10	3	0	0	603	532	806	622	1917	0	2	504	28	100	100,0,0,0,0,0	20142	169	10	52922	1789	0	94222,94060,92089,40565,40565,40565,40565	0	0	28271,25388,0,0,0,0,0	4	74254
176711	16	34	53	13	10	2	0	0	562	532	813	616	2307	0	0	448	23	105	100,0,0,0,0,0	19952	161	11	52931	1791	0	94251,94093,92120,40418,40418,40418,40418	0	0	28271,25398,0,0,0,0,0	3	74360
176750	15	36	47	10	10	2	0	0	527	532	817	629	2182	0	5	451	23	97	100,0,0,0,0,0	22215	193	10	52939	1793	0	94268,94115,92140,40252,40252,40252,40252	0	0	28271,25408,0,0,0,0,0	3	74490
176774	11	42	41	9	11	3	0	0	502	532	821	631	1776	0	3	414	19	98	100,0,0,0,0,0	22073	161	10	52948	1794	0	94295,94145,92168,40092,40092,40092,40092	0	1	28271,25418,0,0,0,0,0	3	74593
176808	11	36	35	8	11	2	0	0	479	532	824	651	1368	1	2	421	12	91	100,0,0,0,0,0	21973	169	7	52954	1795	0	94329,94182,92204,39933,39933,39933,39933	0	0	28271,25424,0,0,0,0,0	3	74702
176831	9	35	34	9	14	1	0	0	450	532	831	640	1628	1	1	295	14	88	100,0,0,0,0,0	21993	184	8	52962	1795	0	94367,94224,92244,39783,39783,39783,39783	0	0	28271,25432,0,0,0,0,0	3	74815
176861	15	30	34	10	10	1	0	0	414	532	839	638	1933	0	7	223	18	82	100,0,0,0,0,0	21859	145	9	52971	1795	0	94399,94260,92279,39635,39635,39635,39635	0	0	28271,25441,0,0,0,0,0	2	74913
176881	15	29	34	6	6	3	0	0	397	532	843	612	2235	0	3	308	18	75	100,0,0,0,0,0	19781	183	7	52978	1795	0	94423,94287,92305,39484,39484,39484,39484	0	0	28271,25448,0,0,0,0,0	2	75033
176914	12	30	27	4	5	3	1	0	372	532	846	664	1986	0	2	297	18	64	100,0,0,0,0,0	19567	116	4	52982	1795	0	94433,94301,92318,39326,39326,39326,39326	0	0	28271,25452,0,0,0,0,0	4	75114
176927	12	28	30	2	5	3	1	0	357	532	849	649	1658	0	2	229	16	65	100,0,0,0,0,0	21885	91	8	52989	1796	0	94463,94334,92351,39178,39178,39178,39178	0	0	28271,25459,0,0,0,0,0	5	75170
176940	12	26	29	3	8	3	1	0	342	532	850	659	1678	0	0	245	16	66	100,0,0,0,0,0	21834	131	11	52999	1797	0	94474,94347,92364,39016,39016,39016,39016	0	1	28271,25470,0,0,0,0,0	5	75249
176963	9	19	33	6	7	3	1	0	320	532	853	660	1759	0	3	253	16	62	100,0,0,0,0,0	21717	108	4	53003	1797	0	94481,94356,92373,38850,38850,38850,38850	0	0	28271,25474,0,0,0,0,0	5	75319
176974	10	18	25	6	4	3	1	0	316	532	857	626	1921	2	2	253	18	49	100,0,0,0,0,0	21898	95	4	53007	1797	0	94488,94366,92383,38691,38691,38691,38691	0	0	28271,25478,0,0,0,0,0	3	75386
176986	9	24	21	4	4	2	1	0	305	532	858	618	1884	0	2	349	20	45	100,0,0,0,0,0	21976	107	8	53015	1797	0	94498,94378,92395,38534,38534,38534,38534	0	0	28271,25486,0,0,0,0,0	3	75461
177004	11	15	23	5	5	2	1	0	283	532	865	604	1866	0	1	413	20	42	100,0,0,0,0,0	19966	111	4	53019	1797	0	94516,94399,92415,38378,38378,38378,38378	0	0	28271,25490,0,0,0,0,0	3	75531
177025	10	13	19	4	5	3	1	0	265	532	869	608	1902	0	2	420	19	36	100,0,0,0,0,0	19793	105	2	53021	1797	0	94470,94355,92370,38186,38186,38186,38186	0	0	28271,25492,0,0,0,0,0	3	75599
177043	5	15	19	3	4	3	1	0	249	532	872	616	1776	0	1	315	17	33	100,0,0,0,0,0	21869	86	1	53022	1797	0	94417,94304,92318,37985,37985,37985,37985	0	0	28271,25493,0,0,0,0,0	4	75649
177058	4	11	19	3	4	3	1	0	234	532	877	604	1819	0	0	310	11	34	100,0,0,0,0,0	22004	84	2	53024	1797	0	94369,94256,92271,37787,37787,37787,37787	0	0	28271,25495,0,0,0,0,0	4	75710
177069	4	9	19	4	3	3	1	0	221	532	881	627	1822	0	0	305	9	34	100,0,0,0,0,0	21833	83	3	53027	1797	0	94322,94210,92226,37598,37598,37598,37598	0	0	28271,25498,0,0,0,0,0	4	75761
177080	5	6	20	4	3	2	1	0	208	532	885	629	1885	0	2	276	10	31	100,0,0,0,0,0	21789	81	1	53027	1798	0	94267,94157,92172,37398,37398,37398,37398	0	0	28271,25498,0,0,0,0,0	3	75810
177088	5	9	14	4	5	2	1	0	199	532	887	632	1753	0	0	277	10	30	100,0,0,0,0,0	21922	88	6	53032	1799	0	94224,94115,92131,37213,37213,37213,37213	0	1	28271,25503,0,0,0,0,0	3	75862
177104	4	8	12	3	7	2	1	0	181	532	892	628	1775	0	2	268	11	26	100,0,0,0,0,0	19950	111	3	53035	1799	0	94173,94065,92080,37020,37020,37020,37020	0	0	28271,25506,0,0,0,0,0	3	75940
177105	4	7	12	1	4	2	1	0	179	532	899	603	1781	0	0	99	6	25	100,0,0,0,0,0	19758	77	1	53036	1799	0	94129,94022,92038,36837,36837,36837,36837	0	0	28271,25507,0,0,0,0,0	3	75982
177116	2	5	13	1	4	2	0	1	169	532	901	608	1840	1	0	28	5	22	100,0,0,0,0,0	21393	66	1	53037	1799	0	94069,93964,91979,36640,36640,36640,36640	0	0	28271,25508,0,0,0,0,0	2	76025
177123	1	7	9	1	4	2	0	1	163	532	903	601	1859	0	1	26	5	19	100,0,0,0,0,0	21586	68	2	53039	1799	0	94012,93908,91924,36443,36443,36443,36443	0	0	28271,25510,0,0,0,0,0	2	76067
177122	3	7	6	1	3	2	0	1	160	532	909	632	1814	0	0	21	5	17	100,0,0,0,0,0	21780	76	3	53042	1799	0	93962,93858,91874,36256,36256,36256,36256	0	1	28271,25513,0,0,0,0,0	2	76109
177129	4	5	5	1	2	1	0	1	153	532	913	641	1796	0	1	17	5	13	100,0,0,0,0,0	21376	75	1	53043	1799	0	93903,93799,91816,36055,36055,36055,36055	0	0	28271,25514,0,0,0,0,0	1	76156
177138	3	7	3	0	2	1	0	1	141	532	918	626	1830	0	0	45	4	12	100,0,0,0,0,0	21553	64	1	53044	1799	0	93845,93743,91760,35860,35860,35860,35860	0	0	28271,25515,0,0,0,0,0	1	76195
177149	2	7	2	1	3	0	0	0	128	532	922	593	1781	0	0	44	4	11	100,0,0,0,0,0	19610	85	1	53045	1799	0	93802,93701,91717,35672,35672,35672,35672	0	0	28271,25516,0,0,0,0,0	0	76245
177158	1	7	3	0	2	0	0	0	120	532	923	571	1864	0	1	40	3	10	100,0,0,0,0,0	19481	67	1	53046	1799	0	93739,93639,91656,35485,35485,35485,35485	0	1	28271,25517,0,0,0,0,0	0	76289
177161	1	6	5	0	1	0	0	0	114	532	926	568	1778	0	0	40	2	11	100,0,0,0,0,0	21513	81	1	53047	1799	0	93683,93584,91602,35301,35301,35301,35301	0	1	28271,25518,0,0,0,0,0	0	76335
177164	1	6	5	0	0	0	0	0	111	532	927	610	1772	0	0	33	1	11	100,0,0,0,0,0	21663	77	2	53049	1799	0	93616,93516,91536,35110,35110,35110,35110	0	0	28271,25520,0,0,0,0,0	0	76374
177166	2	5	4	1	0	0	0	0	103	532	933	566	1804	0	0	35	1	11	100,0,0,0,0,0	21693	77	1	53050	1799	0	93554,93454,91474,34927,34927,34927,34927	0	0	28271,25521,0,0,0,0,0	0	76429
177164	3	5	3	1	0	0	0	0	98	532	940	556	1802	0	1	39	3	9	100,0,0,0,0,0	21564	80	2	53052	1799	0	93495,93397,91418,34745,34745,34745,34745	0	0	28271,25523,0,0,0,0,0	0	76476
177170	2	4	4	1	1	0	0	0	90	532	942	592	1828	2	0	33	2	10	100,0,0,0,0,0	21523	91	0	53052	1799	0	93426,93328,91350,34554,34554,34554,34554	0	0	28271,25523,0,0,0,0,0	0	76535
177169	1	3	5	1	1	0	0	0	87	532	947	602	1874	0	0	36	5	6	100,0,0,0,0,0	19733	75	0	53052	1799	0	93372,93273,91297,34379,34379,34379,34379	0	0	28271,25523,0,0,0,0,0	0	76584
177170	1	2	2	1	1	0	0	0	85	532	952	596	1749	0	0	10	4	3	100,0,0,0,0,0	19520	85	0	53052	1799	0	93300,93201,91225,34199,34199,34199,34199	0	0	28271,25523,0,0,0,0,0	0	76633
177174	0	3	2	1	1	0	0	0	77	532	956	599	1813	0	0	10	4	3	100,0,0,0,0,0	21618	73	0	53052	1799	0	93216,93118,91142,34007,34007,34007,34007	0	0	28271,25523,0,0,0,0,0	0	76686
177181	1	3	3	1	1	0	0	0	64	532	960	572	1756	0	0	11	4	5	100,0,0,0,0,0	21565	63	2	53054	1799	0	93137,93040,91065,33822,33822,33822,33822	0	0	28271,25525,0,0,0,0,0	0	76723
177181	1	2	3	1	2	0	0	0	56	532	968	572	1812	0	0	10	4	5	100,0,0,0,0,0	21535	75	0	53054	1799	0	93064,92968,90992,33644,33644,33644,33644	0	0	28271,25525,0,0,0,0,0	0	76769
177184	1	2	2	1	1	0	0	0	53	532	970	582	1874	0	2	12	4	3	100,0,0,0,0,0	21442	85	0	53054	1799	0	92980,92884,90909,33450,33450,33450,33450	0	0	28271,25525,0,0,0,0,0	0	76823
177184	0	3	2	1	1	0	0	0	51	532	972	607	1728	0	0	13	4	3	100,0,0,0,0,0	21533	82	0	53054	1799	0	92908,92812,90838,33270,33270,33270,33270	0	0	28271,25525,0,0,0,0,0	0	76873
177188	0	2	3	1	0	0	0	0	47	532	973	628	1940	0	0	13	3	3	100,0,0,0,0,0	19665	56	0	53054	1799	0	92830,92734,90761,33088,33088,33088,33088	0	0	28271,25525,0,0,0,0,0	0	76906
177188	0	1	3	1	0	0	0	0	45	532	976	627	1770	0	0	13	3	2	100,0,0,0,0,0	19605	46	0	53054	1799	0	92753,92658,90685,32921,32921,32921,32921	0	0	28271,25525,0,0,0,0,0	0	76938
177185	0	0	3	1	1	0	0	0	41	532	983	630	1771	0	0	14	3	2	100,0,0,0,0,0	21648	74	0	53054	1799	0	92669,92574,90602,32748,32748,32748,32748	0	0	28271,25525,0,0,0,0,0	0	76983
177184	0	0	2	0	1	0	0	0	40	532	987	610	1859	0	0	11	1	2	100,0,0,0,0,0	21649	211	0	53054	1799	146	92579,92484,90513,32568,32568,32568,32568	0	0	28271,25525,0,0,0,0,0	0	77014
177189	0	0	2	0	1	0	0	0	33	532	989	622	1759	0	1	12	2	1	100,0,0,0,0,0	21548	209	0	53054	1799	296	92525,92432,90461,32463,32463,32463,32463	0	0	28271,25525,0,0,0,0,0	0	77043
177185	0	0	1	0	0	0	0	0	32	532	996	642	1873	0	0	12	0	1	100,0,0,0,0,0	21582	184	0	53054	1799	419	92474,92380,90410,32361,32361,32361,32361	0	0	28271,25525,0,0,0,0,0	0	77079
177186	0	0	1	0	0	0	0	0	30	532	997	609	1840	0	0	12	0	1	100,0,0,0,0,0	21845	186	0	53054	1799	535	92420,92327,90358,32252,32252,32252,32252	0	0	28271,25525,0,0,0,0,0	0	77116
177187	0	0	1	0	0	0	0	0	26	532	1000	606	1777	0	0	12	0	1	100,0,0,0,0,0	19580	174	0	53054	1799	659	92368,92275,90307,32139,32139,32139,32139	0	0	28271,25525,0,0,0,0,0	0	77147
177184	0	0	1	0	0	0	0	0	25	532	1004	600	1834	0	0	8	0	1	100,0,0,0,0,0	19545	197	0	53054	1799	785	92306,92214,90246,32040,32040,32040,32040	0	0	28271,25525,0,0,0,0,0	0	77191
177184	0	0	0	0	0	0	0	0	23	532	1007	627	1737	0	0	8	0	0	0,0,0,0,0,0	21617	194	0	53054	1799	907	92244,92152,90185,31929,31929,31929,31929	0	0	28271,25525,0,0,0,0,0	0	77239
177179	0	0	0	0	0	0	0	0	22	532	1013	626	1820	0	0	8	0	0	0,0,0,0,0,0	21703	282	0	53054	1799	1113	92174,92082,90116,31815,31815,31815,31815	0	0	28271,25525,0,0,0,0,0	0	77276
177177	0	0	0	0	0	0	0	0	20	532	1017	601	1871	0	0	4	0	0	0,0,0,0,0,0	21468	263	0	53054	1799	1305	92128,92035,90071,31752,31752,31752,31752	0	0	28271,25525,0,0,0,0,0	0	77313
177177	0	0	0	0	0	0	0	0	19	532	1018	592	1762	0	0	4	0	0	0,0,0,0,0,0	21638	279	0	53054	1799	1518	92074,91982,90018,31667,31667,31667,31667	0	0	28271,25525,0,0,0,0,0	0	77354
177175	0	0	0	0	0	0	0	0	18	532	1021	579	1809	0	0	2	0	0	0,0,0,0,0,0	21599	238	0	53054	1799	1688	92028,91935,89974,31599,31599,31599,31599	0	0	28271,25525,0,0,0,0,0	0	77395
177173	0	0	0	0	0	0	0	0	17	532	1024	581	1814	0	0	0	0	0	0,0,0,0,0,0	19555	288	0	53054	1799	1897	91977,91884,89924,31518,31518,31518,31518	0	0	28271,25525,0,0,0,0,0	0	77455
177163	0	0	0	0	0	0	0	0	16	532	1035	576	1751	0	0	0	0	0	0,0,0,0,0,0	19533	238	0	53054	1799	2076	91947,91854,89895,31486,31486,31486,31486	0	0	28271,25525,0,0,0,0,0	0	77489
177163	0	0	0	0	0	0	0	0	15	532	1036	556	1826	0	0	0	0	0	0,0,0,0,0,0	21424	249	0	53054	1799	2266	91903,91809,89851,31424,31424,31424,31424	0	0	28271,25525,0,0,0,0,0	0	77527
177161	0	0	0	0	0	0	0	0	14	532	1039	579	1827	0	0	0	0	0	0,0,0,0,0,0	21397	246	0	53054	1799	2428	91854,91761,89804,31363,31363,31363,31363	0	0	28271,25525,0,0,0,0,0	0	77578
177160	0	0	0	0	0	0	0	0	11	532	1043	581	1778	0	0	0	0	0	0,0,0,0,0,0	21544	215	0	53054	1799	2591	91802,91709,89753,31286,31286,31286,31286	0	0	28271,25525,0,0,0,0,0	0	77607
177159	0	0	0	0	0	0	0	0	10	532	1045	570	1838	0	0	0	0	0	0,0,0,0,0,0	21543	218	0	53054	1799	2745	91748,91654,89700,31207,31207,31207,31207	0	0	28271,25525,0,0,0,0,0	0	77649
177156	0	0	0	0	0	0	0	0	10	532	1048	577	1770	0	0	0	0	0	0,0,0,0,0,0	21597	240	0	53054	1799	2925	91701,91607,89654,31133,31133,31133,31133	0	0	28271,25525,0,0,0,0,0	0	77683
177153	0	0	0	0	0	0	0	0	10	532	1051	592	1867	0	0	0	0	0	0,0,0,0,0,0	19558	240	0	53054	1799	3099	91661,91567,89615,31072,31072,31072,31072	0	0	28271,25525,0,0,0,0,0	0	77720
177151	0	0	0	0	0	0	0	0	9	532	1054	611	1823	0	0	0	0	0	0,0,0,0,0,0	19296	275	0	53054	1799	3272	91615,91521,89571,31025,31025,31025,31025	0	0	28271,25525,0,0,0,0,0	0	77780
177152	0	0	0	0	0	0	0	0	6	532	1056	649	1833	0	0	0	0	0	0,0,0,0,0,0	21538	233	0	53054	1799	3411	91566,91472,89522,30964,30964,30964,30964	0	0	28271,25525,0,0,0,0,0	0	77836
177151	0	0	0	0	0	0	0	0	5	532	1058	654	1806	0	0	0	0	0	0,0,0,0,0,0	21681	390	0	53054	1799	3699	91508,91413,89465,30889,30889,30889,30889	0	0	28271,25525,0,0,0,0,0	0	77894
177149	0	0	0	0	0	0	0	0	5	532	1060	663	1819	0	0	0	0	0	0,0,0,0,0,0	21690	357	0	53054	1799	3960	91484,91389,89442,30892,30892,30892,30892	0	0	28271,25525,0,0,0,0,0	0	77959
177144	0	0	0	0	0	0	0	0	5	532	1065	661	1799	0	0	0	0	0	0,0,0,0,0,0	21520	386	0	53054	1799	4241	91457,91363,89417,30881,30881,30881,30881	0	0	28271,25525,0,0,0,0,0	0	78022
177139	0	0	0	0	0	0	0	0	5	532	1070	644	1805	0	0	0	0	0	0,0,0,0,0,0	21630	355	0	53054	1799	4512	91438,91344,89400,30886,30886,30886,30886	0	0	28271,25525,0,0,0,0,0	0	78071
177107	17	12	0	0	0	0	0	0	4	532	1074	626	1791	1	0	0	0	29	0,100,0,0,0,0	19328	327	0	53082	1800	4766	91430,91336,89393,30909,30909,30909,30909	0	0	28271,25525,29,0,0,0,0	0	78101
177074	29	29	0	0	1	0	0	0	4	532	1077	680	1861	1	0	3	1	58	0,100,0,0,0,0	19630	456	4	53106	1806	5031	91427,91332,89391,30944,30944,30944,30944	0	0	28271,25525,59,0,0,0,0	0	78200
177026	44	52	3	1	1	0	0	0	3	532	1084	665	1806	0	0	4	2	99	0,100,0,0,0,0	21461	442	9	53144	1810	5272	91440,91345,89405,30997,30997,30997,30997	0	0	28271,25525,101,0,0,0,0	0	78299
176992	53	62	15	3	1	0	0	0	3	532	1085	675	1871	1	1	10	3	131	0,100,0,0,0,0	10220	489	8	53175	1813	5575	91433,91338,89400,31022,31022,31022,31022	0	1	28271,25525,135,0,0,0,0	0	78395
176935	58	90	28	3	4	0	0	0	9	532	1087	672	1814	2	1	15	7	176	0,100,0,0,0,0	10151	473	21	53226	1817	5863	91463,91368,89431,31105,31105,31105,31105	0	0	28271,25525,190,0,0,0,0	0	78489
176876	78	99	46	5	3	0	0	0	14	532	1093	694	1820	2	4	24	12	219	0,100,0,0,0,0	10078	504	34	53271	1825	6160	91487,91391,89456,31175,31175,31175,31175	0	2	28271,25525,243,0,0,0,0	0	78593
176845	71	104	58	6	7	0	0	0	27	532	1096	715	1817	0	0	28	12	234	0,100,0,0,0,0	10111	457	28	53297	1827	6441	91497,91400,89468,31232,31232,31232,31232	0	0	28271,25525,271,0,0,0,0	0	78697
176824	49	123	62	9	10	1	0	0	38	532	1098	731	1788	0	4	41	17	237	0,100,0,0,0,0	19519	535	23	53319	1828	6778	91490,91395,89463,31265,31265,31265,31265	0	1	28271,25525,294,0,0,0,0	0	78791
176786	47	122	82	10	13	1	0	0	52	532	1101	727	2063	2	3	71	20	255	0,100,0,0,0,0	19503	369	38	53354	1831	7050	91541,91444,89515,31371,31371,31371,31371	0	3	28271,25525,332,0,0,0,0	1	78838
176741	56	120	93	16	11	1	0	0	68	532	1108	719	1870	1	9	161	31	266	0,100,0,0,0,0	10146	367	42	53390	1837	7321	91582,91485,89558,31450,31450,31450,31450	0	2	28271,25525,374,0,0,0,0	1	78884
176699	66	120	91	20	13	1	0	0	95	532	1109	736	1803	3	4	403	36	275	0,100,0,0,0,0	10633	375	44	53429	1842	7596	91612,91514,89590,31524,31524,31524,31524	0	1	28271,25525,418,0,0,0,0	1	78922
176655	63	136	87	18	14	0	0	0	128	532	1113	737	1974	0	5	446	35	283	0,100,0,0,0,0	10643	378	44	53471	1844	7871	91651,91553,89630,31597,31597,31597,31597	0	0	28271,25525,462,0,0,0,0	0	78966
176614	68	130	99	18	14	0	0	0	154	532	1117	719	1865	3	5	457	38	291	0,100,0,0,0,0	10540	350	42	53510	1847	8120	91687,91589,89668,31668,31668,31668,31668	0	2	28271,25525,504,0,0,0,0	2	79014
176565	71	138	107	16	17	2	1	0	173	532	1124	733	1822	3	4	490	39	313	0,100,0,0,0,0	10668	362	51	53560	1848	8383	91733,91634,89716,31741,31741,31741,31741	0	1	28271,25525,555,0,0,0,0	2	79055
176510	85	150	104	18	20	3	1	0	196	532	1127	704	1932	1	5	496	45	336	0,100,0,0,0,0	20088	364	59	53612	1856	8670	91780,91680,89765,31823,31823,31823,31823	0	4	28271,25525,614,0,0,0,0	6	79066
176475	81	150	104	19	21	3	1	0	229	532	1131	736	2006	3	7	499	42	337	0,100,0,0,0,0	20152	337	39	53647	1860	8958	91795,91696,89782,31902,31902,31902,31902	0	3	28271,25525,653,0,0,0,0	6	79077
176428	74	167	109	23	26	2	1	0	249	532	1135	757	1924	4	9	564	57	345	0,100,0,0,0,0	10549	324	58	53702	1863	9228	91828,91728,89817,31995,31995,31995,31995	0	3	28271,25525,711,0,0,0,0	5	79088
176377	92	160	111	29	33	3	2	0	270	532	1137	758	1866	2	5	555	63	367	0,100,0,0,0,0	10897	331	61	53756	1870	9499	91855,91756,89847,32072,32072,32072,32072	0	2	28271,25525,772,0,0,0,0	4	79111
176311	111	154	137	33	31	4	2	0	286	532	1145	745	1901	1	16	660	79	393	0,100,0,0,0,0	10678	317	70	53822	1875	9769	91891,91792,89886,32175,32175,32175,32175	0	0	28271,25525,842,0,0,0,0	6	79115
176252	112	164	151	31	22	4	1	0	324	533	1152	755	1793	2	6	619	64	421	0,100,0,0,0,0	11080	360	66	53883	1880	10073	91926,91827,89923,32263,32263,32263,32263	0	3	28271,25525,908,0,0,0,0	6	79122
176185	115	188	148	29	25	4	2	0	356	533	1161	762	1841	2	7	703	64	447	0,100,0,0,0,0	10850	293	79	53959	1883	10317	91979,91879,89979,32380,32380,32380,32380	0	2	28271,25525,987,0,0,0,0	6	79123
176131	118	200	159	28	26	4	2	0	379	533	1166	768	1834	2	6	731	68	469	0,100,0,0,0,0	20206	343	66	54020	1889	10596	92000,91899,90003,32450,32450,32450,32450	0	0	28271,25525,1054,0,0,0,0	8	79145
176080	114	217	158	30	34	5	2	0	403	533	1170	771	1876	3	14	728	81	479	0,100,0,0,0,0	20365	275	68	54080	1897	10836	92029,91929,90036,32555,32555,32555,32555	0	1	28271,25525,1121,0,0,0,0	9	79137
176012	119	234	171	28	36	5	2	0	430	533	1176	797	2032	3	15	959	110	485	0,100,0,0,0,0	11031	311	85	54160	1903	11096	92071,91970,90081,32667,32667,32667,32667	0	4	28271,25525,1207,0,0,0,0	13	79134
175936	134	256	182	30	37	5	1	0	449	534	1182	771	1808	1	11	1145	116	529	0,100,0,0,0,0	11476	285	98	54246	1917	11328	92126,92025,90140,32785,32785,32785,32785	0	5	28271,25525,1307,0,0,0,0	16	79140
175860	147	253	203	34	42	4	2	0	480	534	1187	753	1964	3	9	1178	113	572	0,100,0,0,0,0	11486	298	99	54338	1925	11576	92167,92066,90186,32887,32887,32887,32887	0	6	28271,25525,1407,0,0,0,0	12	79130
175782	146	275	214	36	39	7	2	0	517	534	1194	810	2001	6	12	1304	117	602	0,100,0,0,0,0	11568	298	101	54432	1933	11827	92223,92122,90246,33010,33010,33010,33010	0	4	28271,25525,1509,0,0,0,0	11	79119
175693	162	313	210	37	40	7	2	0	551	534	1197	774	2020	9	17	1397	113	658	0,100,0,0,0,0	11662	363	122	54541	1948	12131	92279,92178,90307,33135,33135,33135,33135	0	3	28271,25525,1633,0,0,0,0	18	79111
175613	165	334	219	37	40	6	2	0	596	534	1200	749	2068	6	13	1138	110	693	0,100,0,0,0,0	20903	290	110	54634	1965	12374	92341,92239,90374,33281,33281,33281,33281	0	3	28271,25525,1743,0,0,0,0	16	79102
175553	158	322	241	39	43	6	2	0	641	534	1207	745	1992	4	10	1332	115	696	0,100,0,0,0,0	20636	301	86	54714	1971	12631	92402,92299,90440,33410,33410,33410,33410	0	4	28271,25525,1829,0,0,0,0	15	79098
175470	170	325	268	38	42	5	2	0	683	534	1209	739	1865	5	19	1294	116	734	0,100,0,0,0,0	11704	317	118	54824	1980	12901	92491,92387,90535,33575,33575,33575,33575	0	1	28271,25525,1948,0,0,0,0	14	79079
175358	199	346	270	45	47	5	2	0	724	535	1215	764	1991	7	14	1412	134	780	0,100,0,0,0,0	11633	295	148	54950	2003	13152	92595,92491,90646,33759,33759,33759,33759	0	4	28271,25525,2095,0,0,0,0	14	79064
175264	201	382	281	46	47	5	2	0	759	535	1224	740	2001	3	14	1405	133	831	0,100,0,0,0,0	11719	267	132	55060	2027	13372	92686,92580,90743,33920,33920,33920,33920	0	3	28271,25525,2228,0,0,0,0	14	79042
175140	206	424	287	41	49	6	2	0	828	535	1228	736	1955	5	15	1379	145	870	0,100,0,0,0,0	11950	277	152	55202	2037	13611	92797,92688,90858,34101,34101,34101,34101	0	3	28271,25525,2380,0,0,0,0	15	79013
174989	228	460	323	45	53	9	2	0	867	536	1234	737	1990	8	19	1640	164	956	0,100,0,0,0,0	11739	291	185	55363	2061	13859	92930,92821,90998,34309,34309,34309,34309	0	7	28271,25525,2565,0,0,0,0	15	78975
174869	231	507	333	49	52	11	1	0	919	537	1237	725	2027	7	17	1741	166	1018	0,100,0,0,0,0	21327	277	169	55514	2081	14084	93051,92940,91126,34503,34503,34503,34503	0	10	28271,25525,2736,0,0,0,0	22	78948
174751	230	527	370	50	60	11	0	0	967	538	1242	745	1991	8	18	1902	167	1081	0,100,0,0,0,0	21266	260	162	55658	2100	14304	93132,93020,91212,34673,34673,34673,34673	0	6	28271,25525,2896,0,0,0,0	21	78902
174558	264	551	411	59	63	11	0	0	1041	538	1250	720	1951	10	26	2212	194	1165	0,100,0,0,0,0	12405	273	219	55856	2121	14545	93262,93149,91346,34901,34901,34901,34901	0	5	28271,25525,3115,0,0,0,0	27	78842
174358	322	563	444	72	72	11	0	0	1111	538	1255	737	2131	10	21	2192	215	1269	0,100,0,0,0,0	12473	273	259	56092	2145	14787	93425,93312,91517,35167,35167,35167,35167	0	5	28271,25525,3374,0,0,0,0	27	78767
174189	366	579	455	74	81	11	0	0	1189	538	1264	721	1951	14	24	2558	234	1332	0,100,0,0,0,0	12675	282	230	56291	2180	15033	93552,93438,91652,35391,35391,35391,35391	0	8	28271,25525,3607,0,0,0,0	28	78700
174004	390	621	474	76	87	11	0	0	1278	538	1267	729	1948	14	24	2795	263	1396	0,100,0,0,0,0	12930	280	252	56519	2205	15277	93710,93596,91819,35637,35637,35637,35637	0	12	28271,25525,3860,0,0,0,0	26	78639
173770	411	713	491	91	93	11	1	0	1350	538	1277	703	1884	9	30	3062	289	1522	0,100,0,0,0,0	13123	294	302	56790	2237	15532	93908,93793,92026,35932,35932,35932,35932	0	9	28271,25525,4162,0,0,0,0	28	78563
173594	399	764	519	93	98	10	1	0	1446	538	1284	677	2021	10	26	3081	294	1590	0,100,0,0,0,0	22617	307	246	57010	2266	15801	94049,93934,92176,36179,36179,36179,36179	0	13	28271,25525,4411,0,0,0,0	23	78486
173430	388	786	559	100	94	10	2	0	1552	538	1287	702	2076	15	37	3254	296	1643	0,100,0,0,0,0	22450	247	246	57225	2297	16016	94187,94070,92321,36432,36432,36432,36432	0	12	28271,25525,4657,0,0,0,0	25	78412
173213	427	817	614	107	99	10	2	0	1628	538	1291	719	1977	15	38	3345	313	1763	0,100,0,0,0,0	13840	268	303	57490	2338	16242	94349,94234,92494,36711,36711,36711,36711	1	17	28271,25525,4962,0,0,0,0	22	78323
172965	462	867	652	112	109	10	2	0	1734	538	1295	728	2088	17	34	3740	342	1872	0,100,0,0,0,0	13765	284	334	57784	2379	16490	94542,94427,92698,37010,37010,37010,37010	1	13	28271,25525,5297,0,0,0,0	21	78233
172703	506	874	732	115	127	10	3	0	1841	538	1297	711	2054	14	44	3830	383	1984	0,100,0,0,0,0	14067	296	348	58091	2421	16747	94751,94636,92916,37337,37337,37337,37337	1	11	28271,25525,5645,0,0,0,0	26	78149
172454	514	941	761	136	130	10	3	0	1958	539	1300	716	1963	23	39	3822	391	2104	0,100,0,0,0,0	14133	287	352	58397	2470	16991	94952,94838,93129,37664,37664,37664,37664	1	15	28271,25525,5997,0,0,0,0	31	78038
172134	563	1045	806	129	120	10	3	0	2095	539	1302	759	2094	16	52	3779	419	2257	0,100,0,0,0,0	14174	276	429	58765	2533	17233	95209,95095,93398,38055,38055,38055,38055	1	17	28271,25525,6427,0,0,0,0	31	77908
171881	587	1103	856	150	124	10	4	1	2187	539	1304	712	1960	20	36	3991	440	2394	0,100,0,0,0,0	23207	320	380	59108	2575	17507	95435,95323,93637,38400,38400,38400,38400	1	16	28271,25525,6810,0,0,0,0	28	77780
171635	596	1094	907	166	149	8	3	1	2339	540	1308	673	1983	24	47	4060	491	2432	0,100,0,0,0,0	23425	297	364	59438	2610	17759	95648,95536,93862,38751,38751,38751,38751	1	22	28271,25525,7174,0,0,0,0	26	77645
171311	599	1209	929	173	150	9	4	1	2507	541	1313	678	2076	17	49	4144	539	2534	0,100,0,0,0,0	14438	272	446	59832	2668	17996	95926,95814,94154,39168,39168,39168,39168	1	20	28271,25525,7626,0,0,0,0	26	77503
170928	674	1267	1007	195	160	9	4	1	2644	541	1316	645	1944	23	69	4520	578	2738	0,100,0,0,0,0	14677	326	518	60288	2732	18286	96248,96135,94489,39635,39635,39635,39635	1	19	28271,25525,8143,0,0,0,0	24	77333
170553	730	1334	1055	207	173	10	3	2	2820	541	1318	614	1984	20	59	4578	633	2879	0,100,0,0,0,0	14982	317	515	60741	2797	18561	96582,96470,94838,40116,40116,40116,40116	2	24	28271,25525,8655,0,0,0,0	22	77173
170156	785	1427	1090	222	187	12	4	2	2996	541	1324	658	1912	23	59	4690	658	3069	0,100,0,0,0,0	14821	337	571	61240	2872	18853	96945,96834,95219,40622,40622,40622,40622	2	23	28271,25525,9224,0,0,0,0	25	77000
169723	835	1566	1138	217	188	14	5	1	3191	542	1326	657	2003	30	67	4838	677	3286	0,100,0,0,0,0	15022	329	603	61779	2941	19139	97336,97226,95628,41175,41175,41175,41175	2	14	28271,25525,9828,0,0,0,0	19	76780
169436	833	1565	1197	235	201	14	7	0	3388	542	1328	672	2013	28	58	5039	700	3352	0,100,0,0,0,0	24296	334	476	62200	2999	19434	97627,97519,95937,41599,41599,41599,41599	2	26	28271,25525,10303,0,0,0,0	30	76589
169126	818	1603	1239	264	215	18	6	0	3580	544	1333	640	2027	18	68	5522	732	3431	0,100,0,0,0,0	24270	312	505	62644	3062	19710	97936,97826,96263,42055,42055,42055,42055	2	19	28271,25525,10807,0,0,0,0	35	76380
168800	833	1653	1275	262	247	23	5	1	3765	545	1337	622	1991	29	82	5662	774	3524	0,100,0,0,0,0	25875	291	537	63127	3119	19965	98254,98144,96600,42521,42521,42521,42521	2	25	28271,25525,11344,0,0,0,0	37	76150
168481	837	1680	1331	261	273	24	7	1	3967	545	1339	647	1985	27	91	5889	812	3601	0,100,0,0,0,0	26141	302	556	63624	3181	20233	98575,98464,96941,42973,42973,42973,42973	2	29	28271,25525,11899,0,0,0,0	50	75910
168145	858	1697	1387	270	278	23	8	2	4190	546	1342	626	2045	42	90	6234	841	3680	0,100,0,0,0,0	26054	283	562	64121	3253	20481	98897,98786,97284,43448,43448,43448,43448	3	30	28271,25525,12461,0,0,0,0	45	75666
167825	856	1733	1425	279	285	25	11	1	4413	546	1347	642	1828	30	92	6145	875	3739	0,100,0,0,0,0	26339	315	567	64617	3327	20756	99210,99100,97619,43901,43901,43901,43901	3	27	28271,25525,13026,0,0,0,0	52	75424
167512	853	1778	1466	277	304	26	12	1	4617	546	1354	638	2038	38	104	6520	891	3825	0,100,0,0,0,0	26507	310	562	65110	3399	21022	99530,99420,97962,44357,44357,44357,44357	3	40	28271,25525,13587,0,0,0,0	58	75196
167233	876	1784	1484	282	295	30	13	0	4843	546	1360	615	2012	33	95	6608	872	3892	0,100,0,0,0,0	25523	276	567	65593	3487	21266	99829,99720,98288,44779,44779,44779,44779	3	37	28271,25525,14149,0,0,0,0	62	74956
167002	865	1770	1475	303	305	32	14	0	5067	546	1367	610	1967	32	107	6686	883	3881	0,100,0,0,0,0	25514	281	518	66042	3560	21512	100108,100000,98593,45179,45179,45179,45179	3	27	28271,25525,14667,0,0,0,0	71	74729
166683	907	1813	1517	325	313	31	13	1	5223	548	1372	606	1997	38	101	6763	951	3968	0,100,0,0,0,0	26893	320	648	66599	3653	21788	100463,100356,98977,45668,45668,45668,45668	3	28	28271,25525,15312,0,0,0,0	65	74463
166320	957	1842	1528	323	322	33	10	2	5484	550	1375	608	1989	33	113	6988	992	4023	0,100,0,0,0,0	17314	486	634	67149	3739	22239	100834,100728,99373,46177,46177,46177,46177	3	29	28271,25525,15945,0,0,0,0	70	74219
166001	973	1913	1555	334	328	37	15	3	5660	550	1377	623	1974	40	130	7081	1062	4093	0,100,0,0,0,0	17397	518	637	67701	3827	22716	101265,101160,99831,46763,46763,46763,46763	3	23	28271,25525,16578,0,0,0,0	75	73984
165642	1027	1978	1612	348	316	40	18	3	5833	552	1377	618	1948	30	106	7160	1074	4265	0,100,0,0,0,0	17444	545	692	68295	3934	23215	101731,101626,100326,47394,47394,47394,47394	4	42	28271,25525,17272,0,0,0,0	92	73725
165232	1114	1995	1683	338	330	40	21	3	6053	552	1385	605	2084	46	104	7364	1069	4452	0,100,0,0,0,0	17738	483	730	68922	4043	23658	102241,102136,100866,48084,48084,48084,48084	4	35	28271,25525,18002,0,0,0,0	98	73453
164927	1083	2099	1695	347	310	43	22	3	6275	555	1387	632	1807	34	87	7314	1035	4564	0,100,0,0,0,0	26102	487	663	69502	4127	24101	102680,102577,101335,48670,48670,48670,48670	4	36	28271,25525,18660,0,0,0,0	91	73196
164656	1039	2183	1725	354	336	43	20	3	6433	560	1394	621	2062	44	102	7335	1073	4627	0,100,0,0,0,0	26470	495	667	70090	4210	24545	103112,103008,101798,49241,49241,49241,49241	4	39	28271,25525,19321,0,0,0,0	95	72921
164235	1075	2244	1803	375	357	39	22	3	6630	561	1402	615	2032	51	131	7874	1133	4782	0,100,0,0,0,0	18141	515	767	70755	4319	24999	103627,103524,102344,49914,49914,49914,49914	4	38	28271,25525,20088,0,0,0,0	90	72640
163781	1183	2286	1899	388	357	38	26	2	6819	563	1404	607	1912	37	123	8139	1199	4978	0,100,0,0,0,0	18364	640	850	71481	4449	25587	104188,104086,102939,50641,50641,50641,50641	4	34	28271,25525,20931,0,0,0,0	91	72333
163340	1240	2339	1920	403	376	39	24	1	7088	566	1410	572	1988	42	120	8264	1219	5122	0,100,0,0,0,0	18552	661	831	72200	4561	26177	104786,104686,103570,51431,51431,51431,51431	4	47	28271,25525,21754,0,0,0,0	95	72028
162900	1332	2447	1985	392	386	41	26	2	7256	568	1411	576	1968	43	115	8520	1259	5350	0,100,0,0,0,0	18507	670	889	72970	4686	26777	105413,105314,104236,52227,52227,52227,52227	4	33	28271,25525,22637,0,0,0,0	103	71724
162493	1362	2510	2074	373	397	44	27	2	7479	571	1414	562	2041	59	104	8449	1256	5531	0,100,0,0,0,0	18971	668	838	73684	4817	27376	105997,105900,104859,52991,52991,52991,52991	5	46	28271,25525,23476,0,0,0,0	99	71413
162193	1297	2560	2186	368	421	44	30	1	7658	571	1417	569	1960	60	117	8397	1296	5610	0,100,0,0,0,0	26789	684	755	74323	4936	27976	106520,106424,105419,53662,53662,53662,53662	5	41	28271,25525,24218,0,0,0,0	105	71149
161893	1271	2560	2211	397	416	48	33	1	7925	572	1419	585	1993	46	132	8217	1357	5579	0,100,0,0,0,0	26997	659	777	74989	5052	28572	107047,106954,105985,54355,54355,54355,54355	5	40	28271,25525,24995,0,0,0,0	118	70825
161484	1327	2659	2222	431	430	48	29	1	8115	576	1424	581	1914	47	141	9229	1455	5691	0,100,0,0,0,0	19179	669	925	75780	5192	29168	107686,107594,106668,55157,55157,55157,55157	5	38	28271,25525,25921,0,0,0,0	104	70478
161085	1411	2675	2282	454	441	47	29	2	8316	578	1426	562	1964	47	142	9468	1524	5815	0,100,0,0,0,0	19741	865	924	76560	5344	29976	108322,108233,107348,55945,55945,55945,55945	5	42	28271,25525,26834,0,0,0,0	103	70149
160686	1415	2835	2325	445	423	40	34	3	8531	579	1430	567	2039	58	123	9584	1516	6001	0,100,0,0,0,0	20001	896	940	77370	5482	30806	109030,108943,108102,56844,56844,56844,56844	5	51	28271,25525,27773,0,0,0,0	93	69776
160205	1428	2959	2401	457	438	40	31	4	8764	585	1434	580	1945	54	135	9883	1552	6202	0,100,0,0,0,0	20199	850	995	78206	5648	31596	109769,109685,108884,57797,57797,57797,57797	5	40	28271,25525,28758,0,0,0,0	98	69403
159785	1476	2925	2535	487	454	42	29	5	8985	587	1436	569	2021	43	118	9984	1538	6410	0,100,0,0,0,0	20328	914	966	79034	5792	32443	110497,110414,109657,58704,58704,58704,58704	5	46	28271,25525,29713,0,0,0,0	101	69050
159498	1443	2858	2620	470	466	47	30	4	9282	589	1439	559	1963	59	145	9858	1511	6423	0,100,0,0,0,0	28296	836	818	79736	5912	33223	111110,111028,110313,59497,59497,59497,59497	5	46	28271,25525,30522,0,0,0,0	107	68693
159218	1398	2839	2644	481	449	52	29	3	9601	591	1441	540	1950	52	160	10104	1552	6340	0,100,0,0,0,0	28664	941	838	80444	6045	34015	111715,111634,110962,60266,60266,60266,60266	6	54	28271,25525,31347,0,0,0,0	112	68376
158875	1377	2906	2596	474	457	59	32	3	9930	595	1442	537	2002	59	144	10916	1574	6327	0,100,0,0,0,0	21189	1026	905	81224	6175	34846	112389,112308,111680,61112,61112,61112,61112	6	36	28271,25525,32240,0,0,0,0	107	68067
158497	1398	2906	2632	491	451	57	33	4	10233	597	1447	533	1925	60	167	10952	1595	6373	0,100,0,0,0,0	21220	1740	934	82010	6329	36407	113073,112995,112410,61970,61970,61970,61970	6	45	28271,25525,33165,0,0,0,0	119	67736
158155	1393	2916	2638	498	465	62	35	5	10524	599	1456	502	2002	58	171	10871	1608	6399	0,100,0,0,0,0	21169	1709	924	82776	6492	37956	113963,113887,113348,63125,63125,63125,63125	5	40	28271,25525,34077,0,0,0,0	124	67454
157918	1402	2905	2661	514	501	64	36	7	10679	600	1459	515	1989	45	164	11186	1640	6443	0,100,0,0,0,0	21670	1725	914	83553	6635	39501	114823,114750,114264,64215,64215,64215,64215	6	46	28271,25525,34972,0,0,0,0	127	67135
157641	1425	2905	2691	511	488	63	36	7	10913	605	1461	517	1995	55	159	11230	1656	6463	0,100,0,0,0,0	21687	1772	924	84323	6795	41067	115689,115618,115181,65314,65314,65314,65314	6	44	28271,25525,35879,0,0,0,0	127	66836
157545	1358	2859	2706	511	506	63	34	7	11083	611	1463	528	1976	45	129	10816	1610	6427	0,100,0,0,0,0	29511	1709	800	84983	6948	42588	116444,116376,115993,66276,66276,66276,66276	6	51	28271,25525,36673,0,0,0,0	125	66553
157337	1334	2860	2650	513	494	70	33	6	11365	616	1468	518	1906	65	149	10663	1635	6319	0,99,0,0,0,0	29124	1665	806	85676	7103	44113	117251,117185,116851,67314,67314,67314,67314	6	34	28271,25525,37471,33,0,0,0	130	66236
157090	1377	2817	2651	500	502	73	34	7	11608	619	1468	524	1993	46	163	10828	1621	6333	0,99,0,0,0,0	21171	1645	874	86409	7280	45598	118087,118023,117738,68363,68363,68363,68363	6	39	28271,25525,38325,68,0,0,0	134	65933
156976	1402	2811	2603	484	522	74	34	6	11742	620	1472	521	1967	49	153	10916	1626	6304	0,98,1,0,0,0	21231	936	824	87089	7463	46384	118871,118808,118580,69304,69304,69304,69304	6	38	28271,25525,39129,109,0,0,0	134	65659
156820	1401	2836	2586	472	498	74	33	7	11925	621	1473	533	1983	45	162	10315	1574	6326	0,97,2,0,0,0	21075	843	839	87799	7646	47084	119479,119417,119245,69980,69980,69980,69980	6	40	28271,25525,39940,171,0,0,0	135	65345
156711	1412	2761	2589	498	499	73	35	7	12060	623	1478	526	1978	54	147	10750	1563	6304	0,97,2,0,0,0	20934	897	822	88479	7825	47811	120025,119963,119846,70563,70563,70563,70563	6	39	28271,25525,40714,236,0,0,0	129	65036
156553	1455	2811	2536	481	517	75	37	6	12167	629	1479	503	2004	57	173	10573	1569	6343	0,96,3,0,0,0	20948	905	929	89249	8009	48544	120667,120606,120548,71237,71237,71237,71237	6	49	28271,25525,41569,314,0,0,0	117	64707
156559	1286	2828	2628	482	481	79	35	6	12249	632	1481	501	1887	44	150	9794	1550	6269	0,95,4,0,0,0	28497	833	725	89834	8152	49202	121162,121100,121095,71737,71737,71737,71737	6	52	28271,25525,42242,353,0,0,0	132	64481
156520	1197	2792	2631	505	467	80	34	7	12393	637	1483	499	1991	59	154	9515	1552	6154	0,95,4,0,0,0	28289	831	756	90419	8328	49897	121636,121573,121621,72229,72229,72229,72229	6	29	28271,25525,42919,411,0,0,0	135	64222
156437	1272	2698	2645	485	472	78	32	7	12495	641	1484	503	1940	53	149	9683	1565	6117	0,95,4,0,0,0	19784	885	860	91121	8492	50631	122215,122153,122259,72812,72812,72812,72812	6	48	28271,25525,43704,478,0,0,0	129	63917
156349	1312	2656	2585	494	489	78	31	7	12614	644	1487	494	1998	49	160	10080	1559	6086	0,94,5,0,0,0	20022	763	851	91788	8681	51241	122751,122691,122853,73357,73356,73356,73356	6	42	28271,25525,44444,572,0,0,0	128	63626
156355	1330	2583	2618	485	473	71	29	7	12659	648	1488	492	1955	49	150	10372	1530	6059	0,93,6,0,0,0	20666	757	807	92434	8846	51828	123217,123158,123376,73795,73794,73794,73794	6	33	28271,25525,45139,659,0,0,0	114	63322
156350	1309	2623	2590	462	454	70	31	7	12710	650	1490	477	1965	55	150	10424	1527	6012	0,93,6,0,0,0	20582	698	830	93071	9046	52382	123687,123629,123907,74256,74254,74254,74254	5	30	28271,25525,45859,750,0,0,0	110	62998
156327	1304	2573	2608	442	459	64	30	6	12789	653	1491	494	1957	50	137	10847	1511	5969	0,92,7,0,0,0	20947	753	804	93674	9253	52996	124133,124076,124409,74684,74681,74681,74681	5	37	28271,25525,46529,861,0,0,0	115	62701
156433	1210	2545	2525	464	466	67	28	6	12853	656	1493	486	1923	42	113	10312	1419	5886	0,91,8,0,0,0	28990	701	690	94189	9432	53569	124518,124461,124851,75037,75034,75034,75034	5	38	28271,25525,47094,965,0,0,0	110	62422
156592	1226	2430	2513	445	489	66	25	6	12797	662	1495	489	1977	44	145	10269	1406	5788	0,90,9,0,0,0	28550	754	734	94741	9619	54198	124900,124844,125295,75369,75363,75363,75363	5	42	28271,25525,47672,1104,0,0,0	116	62131
156604	1265	2432	2403	426	465	66	26	6	12887	667	1499	510	1949	38	163	10481	1399	5684	0,89,10,0,0,0	20763	738	794	95314	9843	54799	125331,125276,125784,75805,75799,75799,75799	5	25	28271,25525,48304,1244,0,0,0	117	61841
156680	1250	2432	2402	423	445	70	23	6	12843	672	1500	514	1934	54	142	10518	1361	5684	0,88,11,0,0,0	20776	410	789	95885	10066	55058	125757,125698,126268,76191,76183,76183,76183	5	48	28271,25525,48929,1385,0,0,0	121	61570
156739	1256	2405	2364	418	430	68	21	6	12861	675	1503	533	2044	57	131	10571	1344	5618	0,86,13,0,0,0	20859	376	753	96425	10280	55295	126065,126006,126631,76437,76427,76427,76427	5	25	28271,25525,49463,1582,0,0,0	111	61282
156794	1243	2404	2367	428	402	70	21	7	12828	677	1505	532	2002	41	140	10598	1356	5579	0,85,14,0,0,0	21089	414	758	96983	10482	55545	126356,126298,126976,76662,76650,76650,76650	5	34	28271,25525,50013,1762,0,0,0	109	60999
156935	1184	2378	2361	447	392	72	22	7	12762	678	1508	542	1972	33	113	10318	1296	5560	0,84,15,0,0,0	20712	429	722	97509	10681	55805	126628,126572,127304,76851,76836,76836,76836	5	29	28271,25525,50532,1941,0,0,0	107	60747
157072	1170	2290	2359	404	396	70	24	5	12763	680	1513	517	1977	45	124	9497	1244	5469	0,82,17,0,0,0	28405	399	704	98011	10888	56054	126883,126827,127614,77010,76994,76994,76994	5	39	28271,25525,51007,2143,0,0,0	111	60492
157181	1149	2276	2322	409	379	71	20	5	12731	685	1518	503	1932	40	130	9083	1216	5410	0,80,19,0,0,0	28233	420	704	98534	11073	56313	127171,127116,127955,77225,77205,77205,77205	5	47	28271,25525,51461,2377,0,0,0	113	60228
157184	1240	2232	2294	401	365	68	23	4	12727	688	1520	512	1967	47	127	9298	1181	5442	0,78,21,0,0,0	19536	454	825	99108	11335	56604	127526,127469,128364,77533,77511,77511,77511	5	51	28271,25525,51970,2675,0,0,0	108	59941
157278	1234	2267	2216	354	390	68	24	4	12696	690	1525	527	1917	53	125	9152	1178	5375	0,76,23,0,0,0	19594	195	730	99604	11572	56702	127816,127760,128705,77768,77743,77743,77743	5	34	28271,25525,52413,2940,0,0,0	109	59664
157373	1164	2251	2249	369	394	63	27	4	12630	691	1531	521	2001	43	133	8864	1185	5332	0,74,25,0,0,0	28604	87	701	100074	11807	56789	128014,127957,128951,77903,77875,77875,77875	5	39	28271,25525,52810,3215,0,0,0	116	59349
157529	1105	2200	2266	367	364	60	25	4	12596	695	1535	516	2001	56	150	8930	1188	5199	0,72,27,0,0,0	28867	105	664	100526	12026	56894	128211,128155,129197,78010,77977,77977,77977	5	36	28271,25525,53183,3502,0,0,0	104	59078
157776	1074	2084	2277	362	384	56	25	5	12464	698	1541	520	1970	49	102	8636	1158	5104	0,70,29,0,0,0	26957	102	621	100948	12232	56996	128388,128333,129428,78076,78038,78038,78038	5	39	28271,25525,53501,3792,0,0,0	105	58829
157892	1090	2054	2252	353	361	51	30	4	12419	698	1542	527	1912	47	124	8437	1159	5032	0,68,31,0,0,0	27269	118	696	101381	12501	57114	128583,128528,129672,78206,78163,78163,78163	5	47	28271,25525,53829,4139,0,0,0	117	58567
158002	1136	1978	2206	350	339	51	29	3	12407	702	1543	508	1981	45	106	8602	1106	4983	0,65,34,0,0,0	27243	85	703	101827	12762	57199	128787,128734,129923,78348,78299,78299,78299	5	35	28271,25525,54150,4513,0,0,0	112	58298
158130	1179	1890	2174	355	338	50	31	2	12343	705	1549	526	1989	54	120	8859	1115	4902	0,63,36,0,0,0	28481	91	690	102278	13009	57290	128963,128908,130145,78462,78408,78408,78408	5	60	28271,25525,54456,4883,0,0,0	105	57996
158201	1201	1922	2086	327	327	51	31	2	12338	708	1552	503	1964	49	117	8724	1123	4822	0,60,39,0,0,0	28719	86	708	102713	13288	57376	129131,129075,130357,78590,78529,78529,78529	5	44	28271,25525,54735,5299,0,0,0	104	57708
158275	1227	1947	2065	316	330	49	28	3	12236	714	1556	534	1973	49	108	8739	1111	4851	0,57,42,0,0,0	28552	75	727	103149	13579	57451	129285,129230,130555,78733,78665,78665,78665	5	42	28271,25525,54980,5759,0,0,0	90	57413
158384	1258	1932	2037	316	307	44	23	5	12162	719	1559	523	1979	40	88	8496	1047	4870	0,55,44,0,0,0	28469	68	705	103587	13854	57519	129444,129388,130758,78862,78786,78786,78786	5	37	28271,25525,55264,6171,0,0,0	94	57118
158396	1223	2020	2009	321	285	45	22	5	12137	720	1563	524	1975	51	96	8296	1012	4913	0,51,48,0,0,0	28224	63	733	104027	14151	57582	129598,129543,130950,79024,78940,78940,78940	5	41	28271,25525,55468,6688,0,0,0	95	56815
158443	1255	2031	1948	314	269	49	20	6	12123	724	1564	489	1915	42	74	7606	944	4942	0,49,50,0,0,0	26515	51	721	104466	14441	57633	129751,129695,131141,79178,79086,79086,79086	5	44	28271,25525,55699,7172,0,0,0	90	56501
158500	1255	2034	1954	302	279	51	21	6	12049	724	1571	511	1838	47	99	7477	924	4972	0,46,53,0,0,0	26190	73	749	104907	14754	57706	129904,129850,131334,79343,79240,79240,79240	5	43	28271,25525,55913,7689,0,0,0	104	56214
158454	1383	2035	2040	277	268	54	19	7	11909	725	1575	472	1914	42	118	7292	910	5166	0,43,56,0,0,0	17424	74	879	105413	15130	57780	130110,130057,131580,79609,79494,79494,79494	5	44	28271,25525,56139,8329,0,0,0	101	55890
158392	1430	2128	2056	282	276	51	16	8	11802	729	1576	503	1971	40	92	6751	896	5343	0,40,59,0,0,0	17106	300	872	105927	15495	58080	130314,130260,131818,79872,79743,79743,79743	5	52	28271,25525,56367,8966,0,0,0	98	55551
158197	1526	2238	2060	270	280	37	14	8	11804	731	1581	501	1955	51	105	6463	865	5560	0,37,62,0,0,0	16708	261	962	106488	15905	58341	130597,130547,132137,80307,80166,80166,80166	6	55	28271,25525,56538,9751,0,0,0	83	55158
158046	1593	2330	2138	268	274	37	13	7	11723	733	1584	510	1905	59	90	6409	883	5770	0,33,66,0,0,0	16584	295	981	107032	16344	58636	130861,130813,132435,80701,80546,80546,80546	6	42	28271,25525,56716,10538,0,0,0	82	54810
157742	1717	2459	2210	263	268	40	14	8	11708	733	1584	509	2003	69	89	5982	884	6087	0,30,69,0,0,0	16449	270	1106	107643	16846	58906	131166,131121,132776,81197,81029,81029,81029	6	47	28271,25525,56886,11473,0,0,0	78	54387
157597	1690	2465	2343	277	287	37	11	10	11706	734	1589	517	1957	42	83	5964	881	6229	0,28,71,0,0,0	24870	276	924	108126	17295	59182	131376,131332,133018,81576,81392,81392,81392	6	38	28271,25525,57032,12242,0,0,0	86	54049
157338	1669	2588	2432	257	273	41	12	10	11797	737	1592	511	1933	60	105	6204	882	6390	0,26,73,0,0,0	24968	305	1023	108686	17769	59487	131646,131604,133318,82027,81828,81828,81828	6	68	28271,25525,57162,13133,0,0,0	74	53665
156873	1865	2685	2512	265	294	39	12	10	11856	739	1596	502	1983	55	95	6497	925	6747	0,23,76,0,0,0	16551	251	1253	109362	18373	59738	132010,131971,133710,82671,82453,82453,82453	6	54	28271,25525,57296,14235,21,0,0	83	53220
156321	2099	2759	2579	283	297	40	12	11	12004	741	1600	499	1977	52	108	6995	977	7092	0,20,78,0,0,0	16860	375	1305	110054	19013	60113	132369,132333,134093,83345,83107,83107,83107	6	66	28271,25525,57412,15410,43,0,0	89	52745
155721	2224	2972	2671	310	293	37	15	11	12146	741	1605	489	1997	75	131	6968	1006	7516	0,18,80,0,0,0	16985	365	1400	110806	19678	60478	132776,132739,134522,84109,83851,83851,83851	6	74	28271,25525,57539,16670,54,0,0	91	52217
155046	2355	3164	2850	306	295	34	13	9	12316	746	1612	506	1907	73	107	7356	1049	7968	0,17,82,0,0,0	17467	322	1471	111588	20397	60800	133218,133179,134985,84922,84644,84644,84644	7	68	28271,25525,57676,17987,88,0,0	83	51695
154165	2624	3422	2931	309	301	39	14	9	12570	747	1615	490	1854	59	124	7628	1101	8539	0,15,83,1,0,0	17521	351	1671	112458	21236	61151	133695,133657,135478,85891,85587,85587,85587	7	66	28271,25525,57806,19510,133,0,0	73	51079
153493	2632	3586	3157	343	321	41	16	9	12785	747	1616	493	2018	102	122	7338	1135	8961	0,13,84,1,0,0	26470	338	1475	113187	22009	61489	134086,134049,135886,86689,86361,86361,86361	7	97	28271,25525,57893,20856,183,0,0	84	50565
152675	2602	3838	3341	352	349	35	16	8	13159	749	1622	510	1938	103	119	7356	1197	9336	0,12,85,2,0,0	25941	333	1616	113980	22842	61822	134521,134482,136336,87595,87240,87240,87240	8	103	28271,25525,58000,22310,230,0,0	94	50004
151534	3052	3964	3528	342	354	36	16	6	13538	750	1626	513	1957	98	155	7866	1333	9959	0,10,86,2,0,0	17726	315	2015	114962	23891	62137	135099,135060,136925,88780,88397,88397,88397	8	101	28271,25525,58088,24169,289,0,0	99	49323
150406	3297	4154	3706	353	373	32	20	4	14023	750	1628	541	1993	115	155	8350	1421	10514	0,9,87,2,0,0	18195	336	1975	115952	24890	62473	135648,135608,137482,89921,89506,89506,89506	9	89	28271,25525,58174,25970,368,0,0	106	48640
149193	3434	4486	3926	374	408	32	23	5	14480	752	1633	516	1970	116	149	8848	1502	11181	0,8,88,2,0,0	18813	366	2123	116979	25993	62839	136186,136146,138024,91139,90689,90689,90689	9	106	28271,25525,58255,27920,449,0,0	109	47883
147953	3569	4720	4248	390	446	30	20	8	14970	753	1639	509	1947	127	168	8701	1549	11874	0,7,89,3,0,0	18988	406	2157	118016	27126	63245	136740,136703,138584,92388,91902,91901,91901	10	108	28271,25525,58319,29918,533,0,0	110	47132
146559	3766	5116	4460	378	440	29	19	9	15573	754	1643	510	1931	118	187	9428	1713	12495	0,6,89,3,0,0	19208	361	2396	119179	28366	63606	137387,137348,139235,93819,93293,93292,93292	11	123	28271,25525,58390,32108,658,0,0	109	46284
145424	3778	5254	4786	405	416	26	22	10	16224	754	1647	471	1953	128	130	9560	1757	12930	0,5,90,3,0,0	27872	368	2140	120170	29532	63974	137911,137868,139765,95025,94456,94455,94455	12	145	28271,25525,58431,34090,759,0,0	111	45596
144321	3728	5406	5015	427	452	28	22	9	16932	755	1651	484	1969	143	149	10143	1835	13243	0,5,90,4,0,0	28361	383	2176	121187	30710	64357	138397,138355,140257,96267,95650,95648,95648	12	138	28271,25525,58481,36095,882,0,0	119	44837
142738	4113	5453	5332	466	457	30	23	9	17714	755	1656	490	1935	145	201	11195	1980	13894	0,4,90,4,0,0	21036	335	2666	122448	32131	64692	139084,139043,140945,97867,97204,97201,97201	13	129	28271,25525,58538,38545,1027,0,0	108	43925
141158	4387	5663	5469	495	454	31	23	8	18643	757	1658	487	1945	149	187	11845	2055	14467	0,4,90,4,0,0	21697	335	2674	123643	33628	65027	139704,139660,141559,99420,98706,98703,98703	14	123	28271,25525,58583,41008,1182,0,0	113	43033
139611	4406	6117	5528	518	456	33	23	6	19629	760	1659	534	1936	152	205	12283	2157	14924	0,3,90,5,0,0	22212	349	2669	124815	35144	65376	140341,140296,142191,100990,100226,100221,100221	14	141	28271,25525,58627,43428,1367,0,0	131	42195
137948	4583	6410	5791	525	496	42	23	9	20496	761	1662	500	1929	178	211	12727	2287	15583	0,3,90,6,0,0	22591	322	2829	126131	36675	65698	141033,140986,142877,102662,101845,101839,101839	15	128	28271,25525,58658,45967,1616,0,0	147	41234
136306	4804	6486	6195	574	526	46	27	9	21345	762	1666	512	1944	153	197	13077	2376	16282	0,3,90,6,0,0	23509	307	2890	127459	38259	66005	141716,141666,143548,104386,103508,103501,103501	15	151	28271,25525,58688,48548,1879,0,0	163	40262
134917	4635	6711	6469	574	542	55	25	11	22371	764	1672	488	1937	157	191	13424	2378	16633	0,2,90,7,0,0	31333	362	2655	128592	39799	66367	142242,142190,144070,105900,104959,104950,104950	16	167	28271,25525,58722,50880,2151,0,0	171	39410
133736	4499	6828	6668	557	572	50	26	12	23359	765	1674	515	1955	160	227	13609	2489	16711	0,2,89,8,0,0	31576	342	2620	129723	41305	66709	142761,142711,144587,107387,106376,106364,106364	16	155	28271,25525,58744,53165,2439,0,0	177	38592
132195	4683	6909	6805	572	605	51	25	11	24445	767	1678	517	1888	180	247	13743	2529	17121	0,2,89,8,0,0	24052	325	2999	131019	43032	67034	143358,143309,145170,109153,108068,108053,108053	17	172	28271,25525,58756,55801,2773,0,0	166	37608
130676	4962	6850	6941	591	591	53	24	12	25593	771	1682	509	1942	168	261	14332	2644	17368	0,1,88,9,0,0	23957	125	2974	132274	44770	67159	143987,143941,145788,110884,109727,109710,109710	17	148	28271,25525,58781,58337,3160,0,0	168	36716
129357	4964	6931	7068	608	581	51	21	14	26689	775	1687	498	1945	179	235	14343	2637	17587	0,1,87,10,0,0	24796	133	2921	133530	46452	67292	144524,144480,146310,112536,111297,111277,111277	18	171	28271,25525,58792,60792,3580,0,0	146	35791
128136	4946	7054	7134	591	569	53	18	16	27761	776	1692	523	1933	169	255	14516	2659	17706	0,1,86,11,0,0	24579	134	2872	134757	48117	67426	145007,144963,146775,114136,112810,112787,112787	18	149	28271,25525,58807,63140,4062,0,0	141	34876
126845	4914	7227	7203	579	573	55	17	17	28845	778	1693	531	1943	213	251	14626	2652	17916	0,1,85,13,0,0	24596	127	2969	135997	49864	67553	145506,145459,147257,115787,114377,114350,114350	19	164	28271,25525,58822,65527,4591,0,0	154	33955
126030	4721	7172	7371	578	570	55	22	14	29739	779	1695	488	1939	175	215	14551	2703	17786	0,1,84,14,0,0	32378	115	2654	137115	51415	67668	145851,145807,147597,117204,115701,115667,115667	19	158	28271,25525,58833,67650,5083,0,0	160	33085
125189	4477	7148	7450	569	574	50	26	11	30774	780	1698	484	1969	189	223	14258	2693	17601	0,1,83,15,0,0	32371	116	2593	138150	52995	67784	146170,146127,147904,118554,116960,116922,116922	19	161	28271,25525,58839,69667,5615,0,0	168	32293
124311	4450	7026	7431	602	575	47	25	12	31782	781	1704	508	1881	176	255	14920	2791	17365	0,0,81,17,0,0	25014	132	2759	139293	54627	67916	146541,146496,148270,120035,118349,118304,118304	19	137	28271,25525,58850,71709,6272,0,0	150	31416
123349	4644	6789	7496	631	572	47	26	12	32692	783	1705	468	1994	199	249	15487	2806	17399	0,0,80,18,0,0	25518	81	2882	140512	56310	67997	146967,146921,148678,121605,119826,119774,119774	19	146	28271,25525,58863,73817,6985,0,0	158	30482
122624	4685	6517	7598	619	590	46	25	14	33535	784	1709	476	1939	185	260	15739	2847	17233	0,0,79,20,0,0	25807	84	2675	141608	57909	68081	147282,147237,148986,123016,121142,121082,121082	19	143	28271,25525,58871,75716,7700,0,0	151	29647
122031	4469	6700	7314	557	590	49	25	15	34498	787	1711	476	1941	159	245	15464	2797	16907	0,0,77,21,0,0	25738	77	2576	142621	59490	68158	147547,147503,149241,124330,122358,122289,122289	19	128	28271,25525,58882,77511,8419,0,0	148	28876
121647	4365	6660	7218	549	538	56	24	16	35173	788	1712	502	1918	156	222	14747	2654	16756	0,0,75,23,0,0	25528	87	2547	143618	61054	68245	147751,147708,149437,125615,123541,123462,123462	19	147	28271,25525,58885,79253,9162,0,0	160	28114
121570	4115	6436	7300	551	551	58	23	19	35620	790	1713	483	1959	173	203	14498	2599	16435	0,0,74,24,0,0	32140	89	2282	144533	62440	68334	147865,147821,149544,126733,124550,124460,124460	19	139	28271,25525,58898,80753,9883,0,0	172	27393
121621	3863	6218	7204	527	534	56	22	21	36174	790	1716	475	1929	170	234	14563	2529	15895	0,0,72,26,0,0	32034	71	2175	145368	63789	68405	147948,147905,149622,127771,125483,125381,125381	18	122	28271,25525,58902,82107,10645,0,0	176	26755
121462	3855	6080	7013	516	519	55	18	23	36693	792	1720	481	1993	188	217	14533	2452	15604	0,0,70,29,0,0	25024	90	2339	146256	65257	68495	148080,148030,149743,128909,126525,126407,126407	18	132	28271,25525,58905,83513,11523,0,0	151	26069
121528	3795	5761	6868	512	495	54	14	23	37180	795	1721	469	1937	153	221	14575	2426	15073	0,0,68,31,0,0	24758	40	2172	147088	66614	68535	148140,148090,149801,129947,127463,127330,127330	18	127	28271,25525,58909,84769,12373,0,0	131	25406
121719	3650	5605	6677	503	498	58	15	23	37481	796	1721	470	1929	133	209	14304	2360	14646	0,0,66,33,0,0	24446	48	2126	147897	67950	68583	148174,148125,149834,130935,128351,128201,128201	17	114	28271,25525,58910,85947,13272,0,0	130	24766
121973	3523	5519	6463	469	469	60	18	21	37707	797	1727	475	1935	120	203	13591	2171	14350	0,0,63,35,0,0	23886	44	2071	148658	69281	68627	148193,148144,149846,131881,129202,129033,129033	17	119	28271,25525,58913,87006,14224,0,0	131	24195
122270	3468	5385	6323	491	450	53	17	23	37736	797	1733	452	1995	141	194	13082	2057	14130	0,0,61,38,0,0	23220	54	2052	149405	70605	68681	148192,148142,149847,132795,130021,129833,129833	17	115	28271,25525,58917,87991,15231,0,0	129	23611
122760	3254	5147	6234	479	424	56	20	21	37818	797	1736	460	1950	145	171	12642	1976	13638	0,0,59,40,0,0	30412	56	1854	150083	71797	68737	148126,148073,149781,133587,130722,130513,130513	16	96	28271,25525,58919,88895,16130,0,0	125	23065
123442	3029	4880	6065	445	428	52	22	18	37830	799	1736	451	1962	127	185	12682	1944	12977	0,0,57,42,0,0	30514	50	1654	150655	72895	68787	148002,147943,149655,134260,131304,131073,131073	16	114	28271,25525,58921,89652,16979,0,0	125	22613
123766	3023	4739	5873	434	432	48	25	19	37847	801	1739	448	1913	136	198	12809	1936	12638	0,0,54,45,0,0	22662	54	1927	151356	74137	68841	147984,147924,149631,135116,132080,131826,131826	15	107	28271,25525,58923,90434,18077,0,0	110	22060
124364	3170	4527	5590	418	415	42	24	22	37631	802	1741	454	1945	110	173	12723	1885	12301	0,0,51,48,0,0	22988	51	1826	151972	75364	68892	147895,147832,149538,135853,132742,132460,132460	15	105	28271,25525,58923,91146,19127,0,0	106	21583
124821	3132	4469	5428	384	390	41	28	20	37484	804	1745	455	1920	108	186	12469	1792	12080	0,0,48,51,0,0	22492	46	1834	152587	76597	68938	147857,147790,149498,136623,133437,133129,133129	15	96	28271,25525,58926,91823,20229,0,0	115	21104
125454	3047	4553	5208	349	387	40	27	17	37107	806	1751	459	1971	119	136	11821	1719	11892	0,0,46,53,0,0	21865	34	1765	153160	77798	68972	147744,147681,149388,137331,134067,133731,133731	14	85	28271,25525,58927,92450,21308,0,0	103	20665
126176	2925	4534	5043	323	397	37	22	20	36708	807	1754	479	1938	100	183	11256	1668	11613	0,0,44,55,0,0	21374	36	1691	153723	78938	69008	147609,147546,149260,137978,134639,134274,134274	13	93	28271,25525,58929,92975,22419,0,0	102	20221
127092	2731	4369	4937	316	387	29	22	18	36282	807	1756	481	1955	120	122	10740	1543	11248	0,0,41,57,0,0	28738	38	1474	154211	79935	69046	147421,147358,149077,138513,135106,134708,134708	13	89	28271,25525,58931,93422,23412,0,0	101	19841
128003	2515	4171	4876	317	371	29	18	17	35861	810	1758	507	1981	103	115	10581	1485	10812	0,0,39,60,0,0	28723	39	1417	154664	80911	69085	147228,147164,148895,139013,135539,135109,135109	13	90	28271,25525,58933,93795,24414,0,0	116	19474
128813	2518	3973	4773	306	353	30	17	19	35373	811	1760	497	1916	109	150	10624	1476	10494	0,0,36,63,0,0	20906	42	1537	155151	81968	69127	147076,147008,148746,139572,136039,135574,135574	13	91	28271,25525,58933,94183,25516,0,0	105	19097
129703	2497	3757	4631	294	353	31	12	16	34878	814	1760	525	1950	110	143	10288	1431	10144	0,0,34,65,0,0	20653	13	1412	155577	82961	69140	146901,146832,148580,140055,136463,135962,135962	12	78	28271,25525,58933,94484,26572,0,0	92	18772
130578	2443	3702	4439	288	315	30	14	14	34343	814	1766	528	1986	108	157	10487	1457	9774	0,0,32,67,0,0	20616	28	1408	156020	83933	69168	146707,146640,148396,140531,136890,136350,136350	12	69	28271,25525,58935,94782,27632,0,0	95	18423
131485	2427	3548	4330	279	292	26	13	14	33746	817	1769	491	1968	104	107	10313	1398	9517	0,0,29,70,0,0	20837	25	1386	156447	84899	69193	146509,146446,148208,140965,137280,136699,136699	11	65	28271,25525,58937,95046,28701,0,0	95	18083
132431	2382	3539	4143	271	285	24	12	14	33056	818	1771	512	1928	80	120	9950	1322	9334	0,0,27,72,0,0	20024	23	1370	156886	85836	69216	146305,146241,148013,141400,137669,137047,137047	11	66	28271,25525,58938,95280,29801,0,0	89	17740
133466	2214	3475	4032	268	282	23	12	12	32369	818	1775	521	1969	83	108	9650	1224	9082	0,0,26,73,0,0	28085	23	1193	157256	86667	69239	146084,146020,147807,141751,137982,137316,137316	10	64	28271,25525,58941,95511,30721,0,0	89	17446
134505	2010	3376	3936	265	281	20	11	12	31735	819	1776	539	1991	90	101	9328	1158	8741	0,0,24,75,0,0	27988	31	1144	157603	87479	69270	145846,145787,147580,142081,138273,137564,137564	10	67	28271,25525,58941,95707,31642,0,0	83	17175
135211	2185	3275	3845	284	256	16	12	12	31051	819	1780	555	2015	86	112	8347	1043	8830	0,0,22,77,0,0	19311	28	1438	158067	88464	69298	145720,145658,147457,142545,138709,137957,137957	10	71	28271,25525,58941,95899,32835,0,0	68	16805
135864	2399	3162	3708	271	277	16	15	10	30420	820	1784	559	1917	71	110	7602	933	8915	0,0,20,79,0,0	18261	7	1455	158515	89478	69305	145597,145539,147341,143016,139162,138362,138362	10	71	28271,25525,58941,96097,34050,0,0	73	16453
136572	2388	3256	3639	254	265	17	16	10	29715	825	1789	551	1956	91	123	6797	849	8986	0,0,19,80,0,0	17263	6	1406	158917	90492	69311	145438,145378,147190,143437,139565,138717,138717	9	84	28271,25525,58942,96264,35241,0,0	76	16121
137209	2349	3397	3548	246	277	13	13	11	29063	826	1794	570	1949	95	124	5887	796	9047	0,0,17,82,0,0	16425	11	1395	159331	91484	69322	145319,145261,147076,143864,139984,139087,139087	9	70	28271,25525,58944,96403,36444,0,0	77	15795
137761	2441	3414	3620	237	239	15	12	12	28372	827	1796	572	2007	100	111	4974	746	9232	0,0,16,83,0,0	15736	11	1473	159750	92548	69333	145205,145148,146966,144323,140439,139489,139489	9	77	28271,25525,58944,96546,37729,0,0	73	15471
138449	2312	3362	3674	232	245	16	12	10	27807	827	1800	595	1917	80	107	3625	693	9160	0,0,15,84,0,0	23140	12	1245	160121	93433	69345	145049,144993,146820,144670,140783,139782,139782	9	69	28271,25525,58944,96666,38826,0,0	79	15171
139078	2201	3403	3671	256	225	16	10	10	27245	828	1803	588	2014	80	102	2983	613	9169	0,0,13,86,0,0	22448	9	1277	160504	94336	69354	144914,144856,146691,145038,141150,140098,140098	9	101	28271,25525,58946,96780,39946,0,0	84	14845
139434	2354	3375	3682	288	231	15	9	7	26714	830	1807	608	1957	94	129	2276	565	9389	0,0,12,87,0,0	12762	5	1550	160975	95430	69359	144859,144802,146637,145519,141648,140541,140541	8	74	28271,25525,58947,96899,41340,0,0	85	14488
139840	2535	3357	3602	268	248	17	10	5	26224	831	1809	592	1982	94	133	1918	583	9454	0,0,11,88,0,0	12107	19	1498	161418	96490	69378	144798,144744,146581,145980,142120,140961,140961	8	84	28271,25525,58947,96986,42694,0,0	83	14146
140220	2515	3471	3640	265	258	16	8	7	25702	832	1812	565	1947	105	124	1795	596	9577	0,0,10,89,0,0	11851	22	1480	161817	97587	69400	144731,144677,146520,146421,142574,141361,141361	8	79	28271,25525,58947,97069,44042,0,0	74	13836
140514	2451	3623	3675	261	253	13	7	11	25289	833	1816	590	1929	82	109	1793	610	9673	0,0,9,90,0,0	11810	17	1480	162228	98665	69417	144691,144637,146482,146874,143044,141778,141778	7	60	28271,25525,58947,97144,45394,0,0	66	13523
140889	2453	3684	3675	257	246	10	6	9	24863	833	1821	583	1945	102	107	1772	571	9760	0,0,8,91,0,0	11813	14	1488	162634	99758	69431	144620,144566,146414,147314,143512,142187,142187	7	84	28271,25525,58947,97187,46793,0,0	72	13206
141352	2354	3513	3845	268	239	12	4	9	24496	833	1821	591	2002	97	91	1741	542	9693	0,0,7,92,0,0	21002	20	1307	162981	100724	69451	144516,144461,146317,147662,143890,142504,142504	7	74	28271,25525,58948,97235,48000,0,0	71	12931
141969	2127	3505	3868	272	255	12	4	8	24066	833	1827	626	2000	89	108	1732	561	9482	0,0,6,93,0,0	20936	10	1179	163299	101594	69461	144370,144314,146184,147954,144206,142759,142759	7	64	28271,25525,58949,97280,49093,0,0	74	12685
142087	2350	3432	3842	260	257	16	5	8	23822	834	1833	630	1979	83	116	1745	563	9599	0,0,5,94,0,0	12115	21	1598	163705	102794	69482	144375,144317,146193,148409,144711,143201,143201	7	81	28271,25525,58950,97328,50574,0,0	56	12355
142245	2598	3278	3851	257	239	14	5	8	23578	834	1839	659	2000	89	133	1740	580	9662	0,0,5,94,0,0	11784	0	1527	164080	103953	69482	144362,144300,146182,148836,145179,143609,143609	7	80	28271,25525,58950,97369,51960,0,0	66	12053
142562	2491	3534	3710	245	244	13	4	10	23257	834	1842	657	1989	102	112	1729	554	9687	0,0,4,95,0,0	12069	0	1429	164415	105060	69482	144276,144215,146095,149197,145582,143948,143948	7	70	28271,25525,58950,97399,53289,0,0	56	11782
142795	2417	3589	3778	238	256	13	4	9	22965	835	1847	625	1979	87	107	1714	559	9736	0,0,4,95,0,0	12035	0	1431	164743	106175	69482	144209,144148,146028,149564,145999,144299,144299	7	71	28271,25525,58950,97424,54631,0,0	69	11513
143067	2378	3565	3860	227	252	13	7	9	22682	835	1851	620	2003	87	114	1693	559	9743	0,0,3,96,0,0	11886	0	1382	165062	107246	69482	144141,144082,145964,149897,146378,144615,144615	7	65	28271,25525,58950,97453,55894,0,0	69	11254
143393	2262	3486	3906	232	257	14	6	7	22491	835	1857	599	1965	95	99	1668	544	9619	0,0,3,96,0,0	21139	0	1253	165354	108210	69482	144050,143991,145879,150182,146711,144885,144885	7	72	28271,25525,58951,97482,57056,0,0	71	11011
143691	2100	3460	3875	266	258	13	6	7	22377	835	1858	596	1989	96	110	1685	552	9426	0,0,2,97,0,0	21037	0	1218	165638	109154	69482	143962,143903,145792,150455,147032,145143,145143	7	77	28271,25525,58951,97494,58191,0,0	64	10773
143849	2192	3306	3854	275	274	13	4	8	22275	835	1861	612	2022	86	129	1709	561	9357	0,0,2,97,0,0	11793	0	1409	165970	110239	69482	143933,143872,145762,150800,147430,145476,145476	7	67	28271,25525,58951,97512,59512,0,0	66	10503
144104	2310	3158	3763	271	262	15	5	7	22150	835	1866	594	2074	83	150	1756	589	9195	0,0,2,97,0,0	11783	0	1332	166262	111288	69482	143868,143806,145696,151080,147771,145751,145751	6	56	28271,25525,58951,97525,60726,0,0	64	10272
144380	2212	3172	3677	265	253	20	6	6	22052	835	1868	592	1883	87	135	1767	591	9014	0,0,2,97,0,0	11847	0	1253	166529	112284	69482	143783,143719,145612,151347,148095,146008,146008	6	50	28271,25525,58952,97537,61883,0,0	59	10045
144716	2084	3216	3532	265	257	18	7	5	21938	837	1871	624	1930	70	110	1771	573	8806	0,0,1,98,0,0	11856	0	1182	166787	113217	69482	143687,143624,145520,151590,148398,146239,146239	6	57	28271,25525,58952,97548,62974,0,0	75	9838
145078	1994	3128	3529	268	283	19	10	4	21720	837	1876	632	1956	67	127	1760	582	8649	0,0,1,98,0,0	11929	0	1192	167057	114148	69482	143588,143522,145421,151819,148690,146459,146459	6	67	28271,25525,58952,97555,64069,0,0	73	9620
145492	1854	3049	3461	272	258	24	11	4	21604	837	1880	616	1976	79	122	1760	584	8345	0,0,1,98,0,0	21032	0	1027	167260	114976	69482	143476,143410,145314,151992,148919,146621,146621	6	53	28271,25525,58952,97561,65008,0,0	80	9455
146048	1636	2910	3445	272	250	26	11	5	21420	837	1886	619	2024	70	97	1740	568	7982	0,0,1,98,0,0	21022	0	950	167460	115729	69482	143347,143280,145193,152125,149117,146743,146743	6	45	28271,25525,58952,97571,65877,0,0	80	9286
146466	1675	2654	3483	252	254	25	11	5	21189	837	1895	587	1945	75	115	1728	559	7795	0,0,1,98,0,0	11848	0	1042	167685	116550	69482	143226,143160,145079,152302,149359,146913,146913	6	57	28271,25525,58953,97575,66836,0,0	86	9098
146983	1724	2494	3325	235	235	20	10	5	20979	839	1897	599	1981	66	116	1738	535	7508	0,0,1,98,0,0	11888	0	997	167881	117359	69482	143089,143024,144952,152446,149568,147046,147046	5	41	28271,25525,58953,97579,67750,0,0	76	8940
147488	1677	2465	3066	206	227	18	9	6	20845	840	1899	590	1955	61	112	1701	512	7156	0,0,0,99,0,0	11753	0	946	168081	118111	69482	142954,142891,144824,152590,149777,147181,147181	5	31	28271,25525,58953,97584,68613,0,0	72	8771
148026	1545	2486	2935	209	199	19	7	7	20569	842	1902	597	1862	49	89	1642	477	6923	0,0,0,99,0,0	11785	0	894	168257	118832	69482	142806,142746,144685,152702,149951,147283,147283	5	43	28271,25525,58954,97589,69410,0,0	73	8629
148543	1531	2387	2799	194	204	13	8	7	20310	843	1907	598	2031	56	85	1539	443	6693	0,0,0,99,0,0	11786	0	874	168423	119546	69482	142657,142595,144544,152817,150127,147385,147385	5	38	28271,25525,58954,97594,70200,0,0	65	8492
149238	1400	2217	2721	226	193	12	6	9	19969	843	1912	579	1997	59	72	1463	426	6349	0,0,0,99,0,0	20905	0	705	168561	120121	69482	142468,142405,144367,152868,150237,147421,147421	4	49	28271,25525,58954,97597,70856,0,0	59	8374
149860	1225	2155	2608	206	199	12	6	8	19704	843	1920	581	1932	40	88	1440	430	5981	0,0,0,99,0,0	20537	0	651	168678	120659	69482	142283,142221,144193,152913,150333,147450,147450	4	44	28271,25525,58954,97600,71445,0,0	61	8276
150418	1195	2004	2552	185	185	15	8	6	19413	843	1922	604	1930	56	96	1381	410	5734	0,0,0,99,0,0	11416	0	738	168787	121293	69482	142129,142067,144047,152957,150436,147483,147483	4	35	28271,25525,58955,97606,72104,0,0	49	8188
151110	1179	1849	2418	190	176	12	7	5	19032	845	1923	624	2027	37	80	1338	386	5445	0,0,0,99,0,0	11479	0	671	168914	121844	69482	141923,141861,143851,152990,150529,147501,147501	4	32	28271,25525,58956,97607,72710,0,0	52	8082
151792	1104	1751	2241	187	172	13	6	5	18703	845	1927	635	1967	45	89	1310	365	5109	0,0,0,99,0,0	11534	0	599	169019	122340	69482	141730,141666,143666,153009,150602,147504,147504	4	26	28271,25525,58956,97607,73254,0,0	53	7991
152575	1026	1693	2134	158	159	12	5	5	18205	846	1928	653	2018	57	80	1251	352	4835	0,0,0,99,0,0	11436	0	573	169135	122800	69482	141514,141451,143464,153011,150661,147487,147487	4	29	28271,25525,58957,97607,73766,0,0	47	7897
153315	972	1591	2060	145	167	12	5	5	17697	846	1931	650	2043	40	64	1190	344	4608	0,0,0,99,0,0	11357	0	571	169232	123278	69482	141291,141227,143252,153011,150719,147471,147471	3	32	28271,25525,58957,97608,74269,0,0	51	7819
154058	889	1493	1953	154	143	14	7	4	17250	846	1935	653	1883	32	64	1117	336	4317	0,0,0,99,0,0	20452	0	473	169324	123665	69482	141070,141003,143042,152992,150750,147432,147432	3	26	28271,25525,58958,97608,74705,0,0	62	7736
154785	789	1401	1844	137	125	14	5	5	16857	847	1937	653	1924	41	54	1059	305	4010	0,0,0,99,0,0	20454	0	433	169386	124041	69482	140856,140790,142842,152952,150759,147376,147376	3	41	28271,25525,58958,97608,75091,0,0	53	7685
155523	741	1300	1716	127	124	10	4	4	16407	848	1942	633	2014	35	69	1035	289	3733	0,0,0,99,0,0	11266	0	428	169457	124401	69482	140639,140574,142638,152911,150768,147318,147318	3	14	28271,25525,58958,97609,75460,0,0	43	7620
156201	731	1190	1580	123	129	9	3	4	15980	850	1946	673	1921	30	52	1002	262	3503	0,0,0,99,0,0	11065	0	433	169515	124777	69482	140425,140360,142435,152862,150766,147254,147254	3	28	28271,25525,58958,97610,75830,0,0	34	7567
156912	696	1119	1466	111	118	7	5	4	15510	850	1948	622	1994	45	59	962	247	3275	0,0,0,99,0,0	11004	0	386	169586	125092	69482	140209,140142,142228,152821,150770,147195,147195	3	28	28271,25525,58958,97610,76172,0,0	35	7504
157708	620	1060	1379	94	112	7	5	4	14955	851	1951	614	1904	16	43	905	260	3017	0,0,0,99,0,0	10985	0	328	169637	125370	69482	139980,139915,142015,152748,150744,147101,147101	2	14	28271,25525,58959,97610,76462,0,0	29	7466
158453	531	1002	1304	100	104	8	4	4	14429	852	1955	611	2047	24	36	839	240	2813	0,0,0,99,0,0	11063	0	299	169676	125634	69482	139755,139691,141802,152669,150707,147005,147005	2	20	28271,25525,58959,97610,76723,3,0	26	7436
159268	446	907	1202	88	98	10	4	4	13908	852	1959	617	2018	25	35	774	217	2538	0,0,0,99,0,0	20034	0	233	169709	125842	69482	139528,139462,141587,152581,150661,146898,146898	2	14	28271,25525,58959,97611,76938,11,0	29	7409
159984	389	794	1110	84	89	9	5	4	13464	852	1962	607	1917	18	43	729	208	2272	0,0,0,99,0,0	20020	0	209	169746	126017	69482	139309,139244,141378,152504,150616,146798,146798	2	14	28271,25525,58959,97611,77113,12,0	35	7379
160683	400	671	1045	78	78	9	5	3	12958	852	1964	638	1880	13	27	663	181	2105	0,0,0,99,0,0	10874	0	247	169784	126227	69482	139090,139026,141172,152421,150574,146700,146700	2	13	28271,25525,58959,97611,77326,13,0	33	7346
161373	369	626	931	68	65	10	3	1	12480	854	1966	640	1930	21	32	618	167	1905	0,0,0,99,0,0	10675	0	180	169814	126380	69482	138878,138812,140971,152328,150511,146586,146586	1	11	28271,25525,58959,97611,77478,18,0	26	7320
162081	321	595	849	58	56	11	2	1	11945	855	1972	621	1979	13	34	598	151	1741	0,0,0,98,0,0	10671	0	185	169842	126539	69482	138664,138596,140767,152234,150452,146474,146474	1	10	28271,25525,58959,97611,77638,22,0	25	7299
162802	292	535	755	65	54	9	3	0	11402	855	1974	655	1966	17	25	537	140	1573	0,0,0,98,1,0	10560	0	164	169871	126676	69482	138439,138372,140554,152129,150382,146349,146349	1	14	28271,25525,58959,97611,77773,28,0	22	7274
163509	261	497	669	60	56	5	1	2	10852	855	1979	682	1896	16	22	495	122	1427	0,0,0,98,1,0	10638	0	144	169887	126809	69482	138215,138146,140342,152019,150303,146219,146219	1	6	28271,25525,58959,97611,77886,35,0	20	7260
164219	212	432	632	57	54	3	2	2	10289	855	1989	655	1994	16	20	447	117	1275	0,0,0,97,2,0	20058	0	98	169903	126894	69482	137990,137921,140128,151908,150222,146089,146089	1	6	28271,25525,58959,97611,77962,42,0	10	7247
164886	169	382	576	48	52	2	2	2	9776	855	1996	642	1907	6	19	410	103	1128	0,0,0,96,2,0	19711	0	86	169919	126966	69482	137779,137708,139927,151803,150144,145966,145966	1	2	28271,25525,58959,97611,78039,46,0	8	7233
165561	167	315	508	41	54	2	2	1	9242	855	1998	690	1967	7	22	383	94	995	0,0,0,96,3,0	10450	0	88	169936	127045	69482	137566,137493,139723,151690,150056,145832,145832	1	3	28271,25525,58959,97611,78117,54,0	10	7219
166134	168	264	476	40	39	3	3	1	8760	855	2003	673	1767	3	20	356	84	909	0,0,0,95,4,0	10489	0	90	169947	127133	69482	137366,137294,139532,151582,149972,145708,145707	0	2	28271,25525,58959,97611,78193,64,0	7	7209
166751	150	239	434	40	32	4	4	0	8229	855	2008	641	1881	8	22	324	82	821	0,0,0,94,5,0	10466	0	75	169959	127203	69482	137160,137088,139337,151471,149885,145580,145580	0	2	28271,25525,58959,97611,78254,75,0	13	7199
167303	123	225	364	38	29	3	4	0	7791	855	2011	636	2034	2	13	292	80	706	0,0,0,93,6,0	10427	0	53	169970	127249	69482	136965,136892,139151,151359,149793,145451,145451	0	2	28271,25525,58959,97611,78295,82,0	16	7189
167892	111	201	318	32	24	3	2	1	7290	856	2016	629	1844	2	14	273	62	629	0,0,0,91,8,0	10378	0	68	169978	127312	69482	136755,136683,138952,151240,149698,145316,145316	0	5	28271,25525,58959,97611,78345,92,0	11	7181
168431	97	180	288	28	23	4	2	2	6818	856	2017	646	1945	4	7	227	53	569	0,0,0,90,9,0	19544	0	44	169983	127352	69482	136576,136503,138782,151131,149608,145191,145191	0	4	28271,25525,58959,97611,78375,100,0	8	7176
168952	79	152	256	27	20	3	2	2	6375	856	2022	625	1853	2	13	208	52	487	0,0,0,87,12,0	19596	0	36	169991	127383	69482	136401,136327,138615,151023,149520,145068,145068	0	1	28271,25525,58959,97611,78397,113,0	8	7168
169398	74	142	229	23	16	1	2	2	5981	856	2022	665	1985	2	10	191	48	439	0,0,0,87,12,0	10306	0	42	169997	127421	69482	136226,136150,138448,150911,149425,144944,144944	0	2	28271,25525,58959,97611,78422,122,0	4	7162
169850	61	106	216	17	13	1	1	2	5598	857	2024	680	1859	0	8	173	40	375	0,0,0,85,14,0	10346	0	19	170000	127443	69482	136043,135968,138273,150797,149327,144817,144817	0	0	28271,25525,58959,97611,78437,129,0	6	7159
170288	51	94	192	11	10	1	1	1	5209	857	2031	649	1995	6	4	152	28	332	0,0,0,85,15,0	10094	0	27	170003	127470	69482	135869,135793,138105,150688,149233,144694,144693	0	3	28271,25525,58959,97611,78458,135,0	5	7157
170748	51	80	157	10	10	1	1	1	4797	857	2033	641	1711	2	2	131	21	289	0,0,0,82,17,0	10256	0	24	170008	127491	69482	135688,135614,137934,150574,149136,144567,144566	0	0	28271,25525,58959,97611,78475,140,0	5	7153
171129	59	68	129	7	8	0	1	1	4450	857	2037	665	1784	1	6	113	18	254	0,0,0,77,22,0	10224	0	29	170011	127523	69482	135520,135444,137771,150472,149048,144453,144452	0	4	28271,25525,58959,97611,78492,155,0	3	7150
171497	55	69	112	2	8	0	0	1	4106	857	2039	670	1810	3	3	95	14	232	0,0,0,75,24,0	19299	0	20	170014	127543	69482	135362,135287,137620,150375,148963,144343,144342	0	1	28271,25525,58959,97611,78505,163,0	6	7147
171818	38	69	99	3	6	0	0	1	3808	857	2047	656	1787	2	0	84	13	202	0,0,0,75,24,0	19465	0	13	170015	127556	69482	135214,135138,137476,150281,148878,144238,144237	0	1	28271,25525,58959,97611,78517,165,0	4	7146
172148	30	68	85	3	4	0	0	1	3499	857	2051	708	1818	1	0	69	10	180	0,0,0,71,28,0	10205	0	13	170019	127571	69482	135063,134986,137329,150175,148785,144123,144122	0	1	28271,25525,58959,97611,78525,175,0	2	7142
172428	50	58	78	5	4	1	0	1	3211	857	2053	686	1756	0	4	64	13	183	0,0,0,70,29,0	10147	0	35	170022	127606	69482	134919,134842,137190,150080,148700,144021,144019	0	2	28271,25525,58959,97611,78544,189,0	2	7139
172665	66	59	72	6	7	1	0	1	2957	857	2055	691	1822	2	2	50	12	199	0,0,0,68,31,0	10123	0	39	170029	127643	69482	134788,134710,137062,149993,148623,143926,143924	0	1	28271,25525,58959,97611,78570,203,0	5	7133
172904	70	70	64	4	7	0	0	1	2711	857	2058	644	1773	2	7	46	14	201	0,0,0,62,37,0	10140	0	29	170036	127672	69482	134658,134580,136937,149905,148543,143831,143829	0	4	28271,25525,58959,97611,78584,222,0	2	7130
173126	65	82	74	4	5	0	0	1	2473	857	2059	654	1756	2	1	37	13	217	0,0,0,60,39,0	10219	0	34	170040	127705	69482	134531,134454,136814,149814,148460,143734,143731	0	0	28271,25525,58959,97611,78600,238,0	0	7127
173364	62	83	81	6	5	0	0	1	2225	857	2062	613	1892	3	2	37	12	225	0,0,0,59,40,0	19614	0	25	170044	127731	69482	134407,134329,136695,149732,148386,143643,143640	0	2	28271,25525,58959,97611,78613,252,0	0	7123
173540	60	80	79	5	7	0	0	1	2051	857	2066	632	1856	3	2	37	10	221	0,0,0,60,39,0	19442	0	25	170048	127756	69482	134296,134218,136587,149653,148313,143559,143555	0	3	28271,25525,58959,97611,78626,266,0	2	7119
173723	57	83	77	6	5	0	0	0	1868	857	2070	629	1797	4	2	35	10	218	0,0,0,57,42,0	10188	0	26	170056	127779	69482	134171,134093,136464,149566,148233,143466,143462	0	2	28271,25525,58959,97611,78639,283,0	0	7113
173875	55	88	83	7	6	0	0	0	1701	857	2074	623	1799	5	2	34	11	228	0,0,0,52,47,0	10119	0	26	170061	127808	69482	134060,133983,136355,149482,148155,143378,143373	0	1	28271,25525,58959,97611,78650,306,0	0	7109
174020	58	91	92	5	6	0	0	0	1540	857	2077	643	1897	1	2	40	14	238	0,0,0,49,50,0	10144	0	39	170069	127841	69482	133949,133873,136248,149403,148081,143296,143290	0	1	28271,25525,58959,97611,78665,331,0	0	7103
174116	78	98	94	5	1	0	0	0	1414	857	2083	669	2041	1	4	44	10	266	0,0,0,44,55,0	9991	0	54	170072	127897	69482	133844,133766,136143,149329,148013,143219,143213	0	1	28271,25525,58959,97611,78684,365,0	0	7100
174196	76	95	104	5	0	0	0	0	1326	857	2087	660	1790	0	1	40	10	270	0,0,0,43,56,0	10187	0	35	170077	127929	69482	133740,133663,136041,149256,147943,143142,143136	0	2	28271,25525,58959,97611,78696,388,0	0	7095
174285	63	106	114	3	4	0	0	0	1225	857	2089	692	1908	1	3	39	8	282	0,0,0,39,60,0	19337	0	36	170083	127968	69482	133642,133564,135944,149185,147878,143069,143063	0	2	28271,25525,58959,97611,78706,421,0	2	7089
174350	72	109	109	2	6	0	0	0	1151	857	2090	715	1808	4	3	32	9	289	0,0,0,36,63,0	19472	0	47	170090	128013	69482	133556,133477,135859,149122,147819,143005,142997	0	2	28271,25525,58959,97611,78717,459,0	3	7082
174403	86	101	108	8	6	0	0	0	1084	857	2093	725	1756	1	5	39	13	296	0,0,0,34,65,0	10196	0	52	170095	128062	69482	133460,133380,135762,149050,147750,142931,142923	0	2	28271,25525,58959,97611,78728,496,0	3	7078
174454	95	106	122	11	7	0	0	0	994	857	2100	685	2005	3	3	38	13	328	0,0,0,32,67,0	10167	0	59	170106	128116	69482	133367,133287,135671,148983,147687,142863,142854	0	2	28271,25525,58959,97611,78743,542,0	3	7069
174473	104	134	113	9	6	0	0	0	947	857	2103	708	1810	3	6	45	14	352	0,0,0,28,71,0	10194	0	70	170124	128170	69482	133285,133205,135589,148930,147637,142810,142801	0	1	28271,25525,58959,97611,78754,602,0	3	7052
174483	110	152	111	5	12	0	0	0	904	857	2112	696	1982	3	4	45	14	376	0,0,0,26,73,0	10251	0	69	170131	128234	69482	133203,133123,135507,148864,147575,142745,142735	0	6	28271,25525,58959,97611,78765,657,0	4	7045
174517	107	161	127	6	13	0	0	0	839	857	2119	660	1771	2	2	44	16	398	0,0,0,27,72,0	10269	0	55	170139	128284	69482	133112,133032,135415,148797,147511,142678,142667	0	2	28271,25525,58959,97611,78779,699,0	2	7038
174535	112	162	149	10	13	0	0	0	786	857	2122	668	1898	2	4	48	19	427	0,0,0,25,74,0	19351	0	65	170152	128343	69482	133039,132958,135342,148743,147460,142625,142613	0	2	28271,25525,58959,97611,78790,758,0	1	7027
174534	108	150	167	8	14	0	0	0	779	857	2129	700	1831	4	2	49	21	426	0,0,0,24,75,0	19564	0	50	170160	128390	69482	132966,132886,135271,148687,147406,142570,142557	0	2	28271,25525,58959,97611,78800,801,0	0	7020
174520	107	159	171	5	15	0	0	0	778	857	2134	707	1829	2	6	56	24	433	0,0,0,23,76,0	10114	0	73	170175	128451	69482	132888,132808,135192,148631,147351,142515,142501	0	1	28271,25525,58959,97611,78811,860,0	0	7010
174488	129	166	173	5	10	0	0	0	782	857	2136	694	1809	1	4	59	21	462	0,0,0,22,77,0	10232	0	88	170186	128531	69482	132815,132734,135118,148575,147299,142462,142447	0	2	28271,25525,58959,97611,78826,934,0	1	7002
174463	136	162	183	5	11	0	0	0	788	857	2141	684	1798	1	1	57	20	477	0,0,0,21,78,0	10127	0	74	170196	128597	69482	132741,132660,135045,148520,147244,142408,142392	0	3	28271,25525,58959,97611,78835,996,0	0	6992
174453	122	174	180	8	16	0	0	0	792	857	2144	681	1787	2	3	55	17	483	0,0,0,19,80,0	10317	0	63	170205	128656	69482	132663,132582,134968,148460,147186,142349,142332	0	3	28271,25525,58959,97611,78842,1055,0	0	6984
174414	139	193	158	10	17	0	0	0	810	857	2148	686	1763	3	9	60	18	499	0,0,0,18,81,0	10076	0	89	170217	128737	69482	132592,132512,134896,148407,147135,142299,142281	0	1	28271,25525,58959,97611,78851,1136,0	0	6973
174396	124	196	170	13	13	0	1	0	824	857	2152	655	1956	3	5	57	16	501	0,0,0,18,81,0	19614	0	64	170227	128796	69482	132529,132447,134832,148357,147086,142251,142230	0	5	28271,25525,58959,97611,78861,1193,0	2	6969
174399	117	189	189	14	16	0	1	0	810	857	2154	675	1977	2	7	57	22	504	0,0,0,15,84,0	19255	0	66	170234	128860	69482	132457,132375,134760,148302,147033,142198,142175	0	2	28271,25525,58959,97611,78866,1258,0	2	6962
174353	140	188	204	10	15	0	0	1	821	857	2157	700	1994	2	8	64	20	537	0,0,0,14,85,0	10330	0	95	170249	128947	69482	132380,132298,134683,148254,146985,142153,142128	0	3	28271,25525,58959,97611,78876,1346,0	0	6947
174314	160	186	201	6	18	0	0	1	840	857	2163	696	1817	5	8	65	20	551	0,0,0,13,86,0	10199	0	88	170266	129021	69482	132307,132226,134609,148207,146940,142108,142082	0	1	28271,25525,58959,97611,78882,1430,0	4	6933
174289	144	187	213	7	16	1	0	1	864	857	2167	697	1941	4	10	75	27	541	0,0,0,11,88,0	10294	0	77	170279	129086	69482	132233,132152,134533,148152,146886,142056,142028	0	6	28271,25525,58959,97611,78885,1502,0	1	6923
174242	152	225	202	11	17	1	0	1	868	857	2170	693	1738	4	3	75	27	581	0,0,0,10,89,0	10327	0	106	170289	129185	69482	132160,132080,134460,148102,146838,142011,141980	0	4	28271,25525,58959,97611,78890,1603,0	3	6914
174195	177	223	211	14	13	1	0	1	881	857	2173	696	1905	4	5	77	25	614	0,0,0,10,89,0	10125	0	111	170304	129284	69482	132087,132008,134386,148053,146791,141967,141933	0	3	28271,25525,58959,97611,78900,1704,0	4	6899
174137	168	253	223	13	16	1	0	1	896	857	2181	698	1947	6	5	82	26	648	0,0,0,9,90,0	19329	0	101	170319	129373	69482	132027,131948,134326,148013,146752,141931,141895	0	2	28271,25525,58959,97611,78907,1799,0	5	6886
174084	179	264	227	16	14	2	0	1	918	857	2184	687	2012	5	7	89	28	674	0,0,0,9,90,0	19398	0	119	170333	129479	69482	131965,131885,134263,147975,146714,141897,141858	0	9	28271,25525,58959,97611,78913,1909,0	5	6873
174002	215	240	257	15	14	2	0	1	955	857	2188	699	1981	4	7	90	31	712	0,0,0,9,90,0	10322	0	132	170351	129596	69482	131902,131821,134199,147935,146676,141862,141821	0	2	28271,25525,58959,97611,78926,2025,0	9	6857
173933	228	267	260	13	13	2	0	1	981	857	2191	693	1796	6	13	100	35	748	0,0,0,10,89,0	10334	0	123	170369	129708	69482	131838,131758,134133,147897,146640,141830,141785	0	5	28271,25525,58959,97611,78941,2139,0	10	6841
173873	226	295	257	12	19	2	0	1	1007	857	2197	679	1888	6	3	96	31	780	0,0,0,11,88,0	10214	0	135	170384	129828	69482	131774,131695,134067,147859,146604,141798,141750	0	5	28271,25525,58959,97611,78952,2256,0	7	6826
173800	226	331	267	11	21	2	0	0	1030	857	2201	666	1938	7	7	98	35	823	0,0,0,11,88,0	10101	0	138	170399	129952	69482	131713,131634,134006,147819,146566,141764,141712	0	6	28271,25525,58959,97611,78964,2381,0	8	6811
173700	236	338	297	16	26	1	0	0	1067	857	2208	665	1962	4	7	97	35	879	0,0,0,10,89,0	10198	0	144	170413	130085	69482	131656,131577,133948,147784,146533,141735,141681	0	10	28271,25525,58959,97611,78974,2517,0	7	6799
173612	255	316	351	21	22	1	0	0	1103	857	2208	663	1927	5	18	108	40	926	0,0,0,10,89,0	19518	0	152	170439	130216	69482	131612,131534,133902,147765,146515,141722,141664	0	7	28271,25525,58959,97611,78992,2652,0	10	6776
173503	253	362	341	23	26	1	0	0	1169	857	2211	664	1810	7	7	113	41	965	0,0,0,9,90,0	19407	0	156	170466	130352	69482	131567,131489,133857,147751,146501,141713,141652	0	8	28271,25525,58959,97611,78998,2804,0	11	6753
173378	280	380	330	23	22	1	0	0	1262	857	2213	659	1898	9	13	123	42	994	0,0,0,9,90,0	10266	0	174	170488	130509	69482	131515,131438,133802,147724,146477,141693,141630	0	7	28271,25525,58959,97611,79010,2968,0	9	6733
173281	317	361	359	24	34	1	0	0	1295	857	2217	685	1920	14	7	131	40	1056	0,0,0,9,90,0	10150	0	178	170512	130664	69482	131461,131384,133747,147702,146456,141678,141611	0	13	28271,25525,58959,97611,79021,3132,0	7	6710
173195	303	396	365	31	35	0	0	0	1343	857	2221	663	1875	7	20	146	57	1073	0,0,0,8,91,0	10312	0	166	170527	130820	69482	131407,131330,133692,147674,146429,141657,141585	0	6	28271,25525,58959,97611,79030,3289,0	6	6696
173055	342	412	402	32	32	1	0	0	1388	857	2225	654	1800	5	17	156	57	1164	0,0,0,8,91,0	10355	0	211	170552	131010	69482	131368,131291,133651,147660,146416,141653,141576	0	10	28271,25525,58959,97611,79042,3487,0	7	6673
172920	351	447	406	34	27	1	0	0	1474	857	2229	658	1773	6	14	155	48	1218	0,0,0,8,91,0	10010	0	199	170572	131196	69482	131323,131246,133602,147638,146397,141641,141560	0	7	28271,25525,58959,97611,79050,3680,0	9	6656
172779	348	493	418	32	28	0	1	0	1556	857	2234	660	2001	10	19	171	54	1266	0,0,0,8,91,0	19580	0	210	170591	131393	69482	131296,131218,133572,147622,146384,141634,141549	0	11	28271,25525,58959,97611,79064,3878,0	11	6642
172663	350	491	448	35	27	0	1	0	1636	857	2238	686	1697	9	13	183	48	1304	0,0,0,7,92,0	19611	0	195	170617	131569	69482	131259,131181,133533,147613,146377,141634,141544	0	12	28271,25525,58959,97611,79071,4071,0	9	6620
172524	372	521	474	38	30	0	0	1	1687	857	2242	667	1923	12	12	188	48	1387	0,0,0,7,92,0	10247	0	239	170639	131788	69482	131217,131139,133488,147603,146369,141635,141539	0	14	28271,25525,58959,97611,79085,4295,0	5	6604
172335	436	537	506	41	29	0	0	0	1758	857	2247	653	1927	9	15	186	51	1498	0,0,0,7,92,0	10384	0	286	170670	132049	69482	131190,131112,133458,147610,146379,141654,141553	0	12	28271,25525,58959,97611,79106,4559,0	9	6576
172169	467	559	530	41	31	1	0	0	1841	857	2250	645	1812	16	13	197	57	1572	0,0,0,7,92,0	10257	0	274	170704	132293	69482	131166,131087,133431,147616,146388,141674,141565	0	14	28271,25525,58959,97611,79127,4813,0	9	6548
172005	443	636	567	37	43	0	0	0	1906	857	2252	657	1971	23	21	209	71	1655	0,0,0,7,92,0	10279	0	279	170735	132543	69482	131126,131050,133389,147618,146392,141688,141573	1	9	28271,25525,58959,97611,79134,5081,0	10	6520
171725	535	677	588	45	49	0	0	0	2012	857	2258	655	1763	18	24	239	92	1802	0,0,0,6,93,0	10247	0	363	170768	132878	69482	131129,131055,133387,147639,146416,141725,141605	1	16	28271,25525,58959,97611,79150,5426,0	15	6493
171578	527	682	642	55	45	1	0	0	2096	857	2263	649	1880	10	16	248	98	1854	0,0,0,6,93,0	19634	0	275	170805	133119	69482	131106,131033,133363,147648,146428,141747,141619	1	16	28271,25525,58959,97611,79159,5689,0	12	6457
171364	538	755	695	53	42	1	0	0	2174	857	2267	644	1918	18	23	258	98	1986	0,0,0,5,94,0	19482	0	346	170835	133444	69482	131093,131020,133346,147672,146456,141786,141650	1	27	28271,25525,58959,97611,79170,6030,0	18	6428
171098	626	741	755	53	46	2	1	0	2295	857	2272	637	2011	18	22	276	105	2119	0,0,0,5,94,0	10235	0	393	170873	133803	69482	131092,131019,133341,147700,146488,141831,141687	1	20	28271,25525,58959,97611,79180,6407,0	17	6396
170842	648	811	781	51	56	2	1	0	2418	857	2279	646	1745	28	25	284	112	2238	0,0,0,4,95,0	10362	0	390	170914	134157	69482	131101,131029,133344,147741,146530,141889,141737	1	10	28271,25525,58959,97611,79189,6784,0	17	6367
170573	671	883	768	66	65	3	0	1	2577	857	2282	627	1781	19	30	311	126	2330	0,0,0,4,95,0	10426	0	417	170950	134546	69482	131104,131033,133342,147780,146572,141947,141786	1	16	28271,25525,58959,97611,79203,7188,0	17	6337
170296	693	946	815	70	60	4	0	1	2719	857	2285	610	2014	20	30	333	130	2458	0,0,0,4,95,0	10339	0	410	170985	134927	69482	131107,131038,133343,147815,146608,142000,141830	1	19	28271,25525,58959,97611,79211,7589,0	20	6309
169982	730	981	890	66	70	4	0	1	2873	857	2292	615	1952	19	29	356	128	2613	0,0,0,3,96,0	10429	0	450	171031	135344	69482	131121,131052,133350,147875,146672,142080,141901	1	21	28271,25525,58959,97611,79220,8038,0	21	6269
169774	709	1016	925	65	81	3	1	1	3016	857	2298	601	2001	25	32	381	134	2666	0,0,0,3,96,0	19852	0	399	171072	135707	69482	131109,131042,133337,147913,146711,142136,141946	1	25	28271,25525,58959,97611,79236,8422,0	20	6232
169497	694	1068	993	73	77	3	1	1	3182	857	2300	622	1993	22	35	396	136	2773	0,0,0,3,96,0	19687	0	457	171132	136109	69482	131127,131060,133353,147981,146781,142223,142022	1	29	28271,25525,58959,97611,79252,8859,0	19	6178
169144	816	1076	1060	83	72	4	2	1	3329	857	2302	630	1861	26	35	403	149	2964	0,0,0,3,96,0	10433	0	547	171177	136623	69482	131150,131084,133369,148046,146850,142314,142100	1	16	28271,25525,58959,97611,79263,9394,0	25	6140
168835	875	1080	1091	75	77	5	3	1	3542	857	2305	628	1966	20	39	434	154	3052	0,0,0,3,96,0	10388	0	500	171228	137077	69482	131172,131104,133387,148094,146905,142387,142162	1	27	28271,25525,58959,97611,79273,9887,0	24	6095
168459	918	1154	1169	69	79	5	3	1	3722	857	2310	629	1878	32	38	451	169	3228	0,0,0,3,96,0	10467	0	568	171290	137591	69482	131204,131136,133412,148182,146997,142501,142263	2	35	28271,25525,58959,97611,79281,10446,0	22	6037
168062	984	1254	1150	62	71	4	3	1	3985	857	2313	623	1966	22	33	478	160	3368	0,0,0,2,97,0	10633	0	607	171357	138135	69482	131255,131188,133456,148280,147100,142625,142375	2	25	28271,25525,58959,97611,79295,11033,0	28	5982
167697	1042	1332	1226	85	77	7	4	1	4102	857	2316	627	1987	39	32	488	158	3615	0,0,0,2,97,0	10575	0	616	171431	138689	69482	131297,131230,133493,148372,147195,142747,142480	2	29	28271,25525,58959,97611,79305,11646,0	34	5924
167416	977	1378	1299	100	83	8	4	1	4300	857	2323	634	1954	42	41	511	173	3676	0,0,0,2,97,0	19786	0	528	171483	139175	69482	131320,131253,133512,148433,147263,142836,142554	2	31	28271,25525,58959,97611,79316,12168,0	46	5882
167130	912	1463	1353	104	88	7	4	0	4500	857	2328	632	1978	32	49	554	204	3727	0,0,0,2,97,0	19916	0	549	171544	139669	69482	131342,131274,133529,148511,147343,142940,142641	2	32	28271,25525,58959,97611,79327,12697,0	50	5830
166644	1052	1457	1423	100	92	7	2	2	4781	857	2329	661	1903	36	45	572	201	3932	0,0,0,2,97,0	10659	0	712	171614	140318	69482	131414,131344,133591,148631,147468,143091,142778	2	37	28271,25525,58959,97611,79337,13390,0	51	5772
166180	1221	1425	1539	109	87	7	2	3	4984	857	2332	633	1986	42	44	591	212	4178	0,0,0,2,97,0	10659	0	764	171693	141013	69482	131483,131413,133653,148762,147605,143259,142928	2	40	28271,25525,58959,97611,79345,14149,0	53	5700
165707	1284	1548	1538	106	105	8	3	2	5251	857	2337	612	2029	46	49	620	230	4362	0,0,0,1,98,0	10649	0	760	171754	141718	69482	131564,131491,133724,148877,147727,143411,143062	3	30	28271,25525,58959,97611,79353,14894,0	54	5648
165274	1262	1690	1555	103	110	8	3	2	5541	857	2341	606	1905	43	49	651	243	4488	0,0,0,1,98,0	10712	0	735	171830	142386	69482	131634,131562,133790,149000,147856,143570,143201	3	40	28271,25525,58959,97611,79363,15615,0	56	5585
164771	1294	1822	1666	107	112	9	3	3	5759	857	2343	613	1963	40	49	670	258	4755	0,0,0,1,98,0	10759	0	822	171921	143127	69482	131733,131662,133882,149151,148016,143760,143372	3	42	28271,25525,58959,97611,79373,16422,0	44	5504
164321	1341	1826	1781	106	123	10	3	3	6030	857	2345	612	1981	44	52	695	256	4934	0,0,0,1,98,0	19968	0	776	172004	143829	69482	131820,131749,133963,149290,148162,143934,143526	3	40	28271,25525,58959,97611,79381,17190,0	58	5435
163918	1254	1923	1865	112	133	11	3	4	6319	857	2347	646	1895	51	52	722	265	5036	0,0,0,1,98,0	20134	0	726	172077	144494	69482	131880,131811,134015,149408,148286,144087,143659	3	37	28271,25525,58959,97611,79383,17912,0	58	5366
163316	1416	1971	1933	116	133	11	4	4	6635	857	2350	637	1972	52	58	752	283	5301	0,0,0,1,98,0	10924	0	983	172151	145414	69482	132001,131931,134125,149566,148448,144291,143839	3	58	28271,25525,58959,97611,79389,18887,0	48	5299
162812	1566	1927	1998	140	138	10	6	5	6935	857	2352	621	1973	56	64	791	313	5472	0,0,0,1,98,0	10827	0	896	172230	146239	69482	132094,132024,134210,149707,148597,144477,143999	3	44	28271,25525,58959,97611,79394,19761,0	48	5227
162311	1531	2081	2025	137	148	10	7	5	7277	857	2357	614	1950	51	66	843	322	5617	0,0,0,1,98,0	10933	0	894	172304	147068	69482	132188,132121,134299,149863,148758,144676,144174	4	44	28271,25525,58959,97611,79399,20643,0	51	5164
161805	1579	2192	2054	140	160	9	6	6	7575	857	2363	615	2002	50	79	890	338	5802	0,0,0,1,98,0	10897	0	963	172384	147961	69482	132284,132215,134384,150016,148920,144879,144348	4	54	28271,25525,58959,97611,79408,21592,0	45	5088
161227	1639	2300	2147	137	158	8	6	7	7894	857	2366	612	2010	58	70	930	336	6059	0,0,0,0,99,0	11034	0	1007	172477	148885	69482	132403,132330,134493,150186,149099,145099,144540	4	40	28271,25525,58959,97611,79414,22583,0	51	5012
160770	1603	2365	2291	158	167	10	4	9	8144	857	2368	626	1925	51	71	961	342	6256	0,0,0,0,99,0	20382	0	962	172569	149766	69482	132499,132426,134582,150355,149272,145313,144724	4	59	28271,25525,58959,97611,79416,23532,0	48	4933
160278	1593	2345	2395	202	155	9	6	9	8522	857	2375	608	1963	72	84	989	358	6347	0,0,0,0,99,0	20164	0	937	172661	150623	69482	132599,132527,134676,150528,149450,145532,144914	4	61	28271,25525,58959,97611,79420,24463,0	71	4856
159675	1769	2365	2424	196	175	11	6	9	8882	857	2377	595	1935	59	89	1052	400	6546	0,0,0,0,99,0	11114	0	1121	172762	151660	69482	132732,132660,134804,150730,149661,145789,145139	4	55	28271,25525,58959,97611,79431,25574,0	64	4766
159095	1811	2399	2529	168	180	9	5	9	9306	857	2378	581	1879	61	84	1086	385	6716	0,0,0,0,99,0	11130	0	1083	172832	152681	69482	132849,132779,134910,150895,149828,146004,145323	5	49	28271,25525,58959,97611,79437,26628,0	61	4702
158480	1851	2549	2539	176	187	9	10	8	9700	857	2380	578	1960	53	80	1118	389	6932	0,0,0,0,99,0	11186	0	1166	172913	153774	69482	132991,132923,135040,151087,150026,146254,145539	5	49	28271,25525,58959,97611,79444,27762,0	65	4629
157961	1911	2599	2554	185	189	9	10	6	10083	857	2382	585	1903	72	93	1148	404	7053	0,0,0,0,99,0	11188	0	1122	172998	154819	69482	133104,133038,135144,151269,150212,146492,145738	5	58	28271,25525,58959,97611,79448,28867,0	76	4555
157403	1904	2758	2630	184	187	10	11	7	10409	857	2386	596	1995	67	78	1170	401	7283	0,0,0,0,99,0	11131	0	1158	173085	155898	69482	133231,133166,135260,151454,150398,146735,145944	5	67	28271,25525,58959,97611,79452,29989,0	71	4481
156985	1823	2776	2760	187	200	6	11	5	10747	857	2389	624	1889	73	86	1202	407	7356	0,0,0,0,99,0	20646	0	1035	173188	156839	69482	133323,133259,135345,151630,150579,146965,146136	5	72	28271,25525,58959,97611,79453,31003,0	82	4386
156449	1853	2744	2886	194	204	3	13	7	11143	857	2393	609	2006	72	82	1222	405	7492	0,0,0,0,99,0	20545	0	1140	173288	157889	69482	133449,133385,135463,151831,150786,147222,146357	5	59	28271,25525,58959,97611,79459,32110,0	78	4293
155835	2070	2623	2986	200	197	4	10	10	11554	857	2400	601	1935	81	102	1264	427	7663	0,0,0,0,99,0	11262	0	1271	173369	159088	69482	133604,133534,135605,152029,150992,147487,146580	5	66	28271,25525,58959,97611,79468,33343,0	78	4223
155241	2163	2716	2923	202	208	6	10	10	12008	857	2402	607	1897	65	93	1299	434	7794	0,0,0,0,99,0	11431	0	1291	173477	160278	69482	133769,133700,135760,152253,151224,147777,146827	6	63	28271,25525,58959,97611,79470,34599,0	68	4132
154791	2123	2866	2911	199	220	6	9	11	12351	857	2402	615	1971	79	95	1313	448	7886	0,0,0,0,99,0	11345	0	1195	173579	161383	69482	133887,133819,135872,152443,151418,148032,147035	5	53	28271,25525,58959,97611,79472,35770,0	72	4041
154269	2071	3005	2995	194	219	9	10	11	12702	857	2404	630	1927	81	110	1346	470	8033	0,0,0,0,99,0	11333	0	1254	173676	162550	69482	134035,133967,136011,152640,151622,148295,147255	6	66	28271,25525,58959,97611,79478,36980,0	79	3956
153744	2156	3073	3035	216	224	12	6	14	13000	857	2409	631	1988	63	100	1377	495	8227	0,0,0,0,99,0	11404	0	1295	173755	163780	69482	134186,134119,136156,152828,151814,148552,147463	6	57	28271,25525,58959,97611,79483,38237,0	75	3889
153382	2128	2944	3214	221	224	17	7	12	13327	857	2413	622	1926	71	81	1378	466	8289	0,0,0,0,99,0	20598	0	1137	173826	164865	69482	134281,134210,136244,152984,151977,148773,147637	5	45	28271,25525,58959,97611,79487,39340,0	80	3823
153108	1947	2969	3240	210	231	15	9	12	13730	857	2418	642	1998	65	94	1382	476	8145	0,0,0,0,99,0	20692	0	1065	173902	165861	69482	134351,134278,136312,153138,152129,148983,147798	6	66	28271,25525,58959,97611,79490,40362,0	88	3752
152581	2062	2965	3314	213	240	13	9	13	14052	857	2427	616	2002	76	110	1413	481	8335	0,0,0,0,99,0	11612	0	1356	173991	167142	69482	134504,134429,136459,153343,152341,149262,148026	5	53	28271,25525,58959,97611,79491,41676,0	72	3678
152137	2252	2885	3250	224	252	15	11	12	14420	857	2431	639	1933	68	93	1426	490	8399	0,0,0,0,99,0	11576	0	1305	174072	168381	69482	134630,134554,136575,153522,152524,149512,148223	6	66	28271,25525,58959,97611,79493,42938,0	77	3605
151715	2267	2992	3231	213	269	13	11	12	14730	857	2436	635	1937	67	137	1486	512	8484	0,0,0,0,99,0	11403	0	1332	174155	169632	69482	134755,134680,136692,153704,152707,149766,148422	6	68	28271,25525,58959,97611,79497,44206,0	104	3530
151296	2218	3096	3265	210	254	17	10	12	15074	857	2437	650	1963	76	110	1475	506	8564	0,0,0,0,99,0	11522	0	1262	174229	170831	69482	134868,134794,136800,153879,152886,150008,148613	6	51	28271,25525,58959,97611,79497,45415,0	92	3463
150869	2208	3195	3263	211	274	14	11	14	15389	857	2441	641	1939	54	88	1463	513	8663	0,0,0,0,99,0	11644	0	1313	174322	172057	69482	134993,134920,136919,154066,153079,150266,148817	5	60	28271,25525,58959,97611,79499,46649,0	95	3387
150613	2099	3171	3324	222	262	13	10	13	15715	857	2447	635	2012	76	95	1455	492	8609	0,0,0,0,99,0	20847	0	1186	174394	173178	69482	135068,134996,136991,154216,153228,150479,148974	5	68	28271,25525,58959,97611,79502,47767,0	89	3320
150377	1985	3192	3353	226	243	11	9	13	16028	857	2452	654	2000	85	110	1467	495	8524	0,0,0,0,99,0	20727	0	1174	174475	174279	69482	135143,135073,137069,154362,153371,150688,149126	6	63	28271,25525,58959,97611,79505,48878,0	81	3250
150106	2085	3150	3372	216	249	13	6	14	16218	857	2460	634	1978	73	121	1503	519	8572	0,0,0,0,99,0	11659	0	1303	174554	175510	69482	135234,135164,137157,154523,153538,150923,149301	6	71	28271,25525,58959,97611,79506,50114,0	75	3190
149858	2154	3044	3387	226	237	12	5	13	16492	857	2461	624	2003	79	104	1531	495	8570	0,0,0,0,99,0	11776	0	1264	174615	176723	69482	135313,135244,137231,154666,153681,151137,149452	6	76	28271,25525,58959,97611,79506,51319,0	70	3136
149620	2138	3077	3354	225	243	18	5	13	16729	857	2467	652	1975	81	111	1548	513	8547	0,0,0,0,99,0	11711	0	1269	174687	177935	69482	135391,135323,137305,154810,153828,151355,149608	6	65	28271,25525,58959,97611,79510,52523,0	61	3069
149443	2134	3095	3327	224	235	19	5	12	16925	857	2470	644	1887	68	110	1573	527	8512	0,0,0,0,99,0	11705	0	1242	174757	179115	69482	135454,135386,137369,154950,153974,151568,149757	6	50	28271,25525,58959,97611,79512,53685,0	64	3007
149283	2143	3061	3328	226	231	18	4	12	17109	857	2474	640	1973	78	100	1584	509	8502	0,0,0,0,99,0	11617	0	1224	174818	180293	69482	135509,135443,137428,155085,154110,151775,149898	6	52	28271,25525,58959,97611,79512,54848,0	58	2951
149318	2028	2966	3401	219	226	16	6	10	17218	857	2481	628	1967	72	95	1545	499	8363	0,0,0,0,99,0	20854	0	1076	174875	181322	69482	135519,135453,137435,155190,154211,151945,150002	6	54	28271,25525,58959,97611,79513,55860,0	60	2902
149349	1856	3003	3319	225	234	18	6	11	17383	857	2485	618	2017	77	100	1526	490	8171	0,0,0,0,99,0	20949	0	1075	174932	182351	69482	135522,135458,137447,155294,154317,152115,150105	6	54	28271,25525,58959,97611,79513,56881,0	61	2847
149227	1937	2974	3268	234	241	20	5	13	17481	857	2489	614	1879	62	103	1538	503	8176	0,0,0,0,99,0	11646	0	1248	175002	183537	69482	135576,135514,137496,155428,154450,152322,150246	6	55	28271,25525,58959,97611,79515,58028,0	66	2786
