S	E	I1	I2	I3	I4	I5_h	I6_h	R_h	R	D1	D2	H	T	P1	P2	Q	QT	NQ	MUT	HOM	VAC	NI	INF	REINF	BSTR	IMM	HCI	HCE	INFV	INFH	VNI
178154	104	108	64	47	36	9	4	0	220	0	0	204	0	0	0	55	55	317	0,0,0,0,0,0	178746	0	0	372	0	0	592,592,592,592,592,592,592	0	0	0,0,0,0,0,0,0	0	0
178090	89	155	63	51	34	8	3	0	247	1	5	351	295	1	65	125	56	347	0,0,0,0,0,0	12455	0	65	438	0	0	656,656,656,656,656,656,656	0	4	66,0,0,0,0,0,0	10	0
178016	111	169	76	57	37	8	3	0	259	1	9	432	273	1	20	424	75	386	0,0,0,0,0,0	12841	0	86	525	0	0	731,731,731,731,731,731,731	0	4	153,0,0,0,0,0,0	13	0
177954	129	181	82	58	42	6	3	0	276	1	14	499	315	0	22	529	92	409	0,0,0,0,0,0	13186	0	75	600	0	0	795,795,795,795,795,795,795	0	2	228,0,0,0,0,0,0	12	0
177897	119	218	84	59	46	6	3	1	297	1	15	574	232	1	19	622	113	422	0,0,0,0,0,0	25313	0	72	671	1	0	854,854,854,854,854,854,854	0	7	300,0,0,0,0,0,0	13	0
177844	109	229	93	60	46	9	3	1	331	1	20	620	101	0	18	779	132	417	0,0,0,0,0,0	25480	0	61	732	1	0	910,910,910,910,910,910,910	0	3	361,0,0,0,0,0,0	18	0
177771	115	235	122	59	56	11	4	1	343	1	28	613	253	1	13	933	142	460	0,0,0,0,0,0	13766	0	86	817	2	0	988,988,988,988,988,988,988	0	9	447,0,0,0,0,0,0	23	0
177691	130	244	126	55	68	11	4	1	386	1	29	640	234	1	25	1511	179	459	0,0,0,0,0,0	14071	0	92	907	4	0	1071,1071,1071,1071,1071,1071,1071	0	8	539,0,0,0,0,0,0	27	0
177627	132	250	134	58	75	12	5	0	417	1	35	654	224	0	28	1704	209	457	0,0,0,0,0,0	14568	0	84	991	5	0	1145,1144,1144,1143,1143,1143,1143	0	7	624,0,0,0,0,0,0	23	0
177557	144	248	139	64	82	14	5	0	453	1	39	685	238	0	25	1858	249	447	0,0,0,0,0,0	14639	0	87	1079	5	0	1223,1223,1223,1220,1220,1220,1220	0	9	712,0,0,0,0,0,0	26	0
177476	151	272	146	64	82	15	3	0	493	3	41	690	254	2	23	2015	264	469	0,0,0,0,0,0	14767	0	104	1182	6	0	1312,1311,1311,1307,1307,1307,1307	0	6	816,0,0,0,0,0,0	28	0
177409	140	268	173	77	75	17	4	0	533	3	47	671	276	3	14	2007	272	482	0,0,0,0,0,0	26583	0	84	1267	7	0	1390,1389,1389,1383,1383,1383,1383	0	10	902,0,0,0,0,0,0	27	0
177355	130	287	173	82	75	21	5	0	559	3	56	683	264	1	19	1947	268	505	0,0,0,0,0,0	26941	0	83	1347	10	0	1464,1461,1461,1450,1450,1450,1450	1	7	985,0,0,0,0,0,0	29	0
177280	156	290	182	79	74	23	6	1	594	3	58	679	248	2	23	2132	283	527	0,0,0,0,0,0	14993	0	110	1456	12	0	1557,1553,1553,1538,1538,1538,1538	1	5	1095,0,0,0,0,0,0	33	0
177200	154	307	199	81	68	24	4	1	639	5	64	699	241	1	20	2218	265	572	0,0,0,0,0,0	15095	0	106	1561	13	0	1656,1650,1650,1629,1629,1629,1629	1	10	1201,0,0,0,0,0,0	36	0
177137	135	311	211	83	69	23	5	2	696	5	69	719	298	2	26	2258	270	567	0,0,0,0,0,0	15198	0	84	1647	13	0	1738,1730,1730,1703,1703,1703,1703	1	4	1287,0,0,0,0,0,0	34	0
177068	144	303	214	77	74	22	5	2	760	5	72	697	281	4	25	2083	275	564	0,0,0,0,0,0	15236	0	97	1743	14	0	1826,1817,1817,1785,1785,1785,1785	1	9	1384,0,0,0,0,0,0	36	0
176972	160	325	214	83	79	19	5	2	803	5	79	708	248	0	27	1963	273	612	0,0,0,0,0,0	15007	0	131	1869	19	0	1949,1937,1937,1896,1896,1896,1896	1	12	1514,0,0,0,0,0,0	42	0
176917	140	337	219	85	91	20	6	2	840	5	84	707	314	2	21	1889	261	637	0,0,0,0,0,0	26635	0	91	1960	19	0	2035,2021,2021,1970,1970,1970,1970	1	5	1605,0,0,0,0,0,0	47	0
176869	138	335	222	81	94	21	5	2	884	7	88	720	239	0	26	2116	250	646	0,0,0,0,0,0	26755	0	86	2047	20	0	2111,2094,2094,2035,2035,2035,2035	1	5	1693,0,0,0,0,0,0	48	0
176808	132	362	221	80	90	25	5	2	926	7	88	747	301	1	23	1911	243	672	0,0,0,0,0,0	15014	0	111	2155	23	0	2211,2191,2191,2118,2118,2118,2118	1	10	1804,0,0,0,0,0,0	49	0
176704	169	352	233	93	93	26	4	2	967	8	95	754	273	3	35	2238	265	705	0,0,0,0,0,0	15061	0	142	2297	24	0	2351,2327,2327,2242,2242,2242,2242	1	15	1946,0,0,0,0,0,0	50	0
176616	199	373	227	93	93	28	4	2	1006	9	96	754	234	0	37	2317	280	737	0,0,0,0,0,0	15205	0	147	2442	26	0	2485,2457,2457,2357,2357,2357,2357	1	16	2092,0,0,0,0,0,0	54	0
176523	201	404	226	94	111	30	4	2	1040	9	102	720	309	2	33	2488	279	791	0,0,0,0,0,0	15512	0	147	2588	27	0	2622,2590,2590,2477,2477,2477,2477	1	15	2239,0,0,0,0,0,0	47	0
176450	223	378	260	107	102	32	5	1	1075	9	104	712	273	0	43	2674	312	795	0,0,0,0,0,0	15704	0	137	2727	27	0	2753,2715,2715,2581,2581,2581,2581	1	10	2378,0,0,0,0,0,0	48	0
176381	214	408	264	106	105	32	5	1	1114	9	107	722	254	2	33	2562	308	826	0,0,0,0,0,0	27334	0	131	2859	27	0	2877,2834,2834,2680,2680,2680,2680	1	12	2510,0,0,0,0,0,0	52	0
176315	215	440	272	108	108	34	6	0	1130	10	108	734	132	3	31	2639	322	861	0,0,0,0,0,0	27294	0	151	3010	28	0	3012,2962,2962,2785,2785,2785,2785	1	13	2661,0,0,0,0,0,0	54	0
176200	242	444	280	122	103	35	6	0	1193	11	110	688	247	1	36	3203	340	892	0,0,0,0,0,0	16078	0	168	3178	29	0	3172,3118,3118,2924,2924,2924,2924	1	16	2830,0,0,0,0,0,0	58	0
176083	253	475	283	118	116	36	6	1	1247	11	117	692	302	3	33	3226	346	941	0,0,0,0,0,0	16317	0	172	3350	30	0	3342,3282,3282,3069,3069,3069,3069	1	16	3002,0,0,0,0,0,0	60	0
175989	259	488	305	122	113	34	6	1	1297	11	121	678	265	3	38	3301	350	977	0,0,0,0,0,0	16139	0	164	3515	31	0	3499,3433,3433,3197,3197,3197,3197	1	18	3167,0,0,0,0,0,0	55	0
175890	266	522	314	133	113	36	9	2	1326	11	124	656	233	2	48	3278	382	1011	0,0,0,0,0,0	16271	0	180	3695	32	0	3672,3599,3599,3336,3336,3336,3336	2	17	3347,0,0,0,0,0,0	52	0
175753	284	567	311	133	122	31	12	2	1390	11	130	632	259	1	39	3229	391	1069	0,0,0,0,0,0	16227	0	205	3901	34	0	3873,3793,3793,3507,3507,3507,3507	2	17	3553,0,0,0,0,0,0	61	0
175656	292	567	339	148	145	36	10	1	1407	13	132	664	235	5	46	3214	440	1097	0,0,0,0,0,0	27924	0	180	4079	36	0	4043,3956,3956,3644,3644,3644,3644	2	16	3731,0,0,0,0,0,0	58	0
175569	297	582	326	150	157	38	14	2	1464	13	134	634	243	5	42	2953	449	1115	0,0,0,0,0,0	27729	0	175	4255	36	0	4210,4114,4114,3773,3773,3773,3773	2	12	3907,0,0,0,0,0,0	68	0
175415	321	615	342	159	164	40	18	2	1515	13	142	621	249	2	62	3365	509	1150	0,0,0,0,0,0	16208	0	237	4491	37	0	4445,4342,4342,3969,3969,3969,3969	2	27	4143,0,0,0,0,0,0	75	0
175238	353	669	363	144	158	41	23	2	1593	13	149	647	105	1	53	3720	537	1214	0,0,0,0,0,0	16470	0	249	4744	37	0	4695,4583,4583,4183,4183,4183,4183	2	17	4396,0,0,0,0,0,0	73	0
175094	375	686	397	159	158	44	26	2	1643	13	149	612	238	1	35	3419	525	1320	0,0,0,0,0,0	16874	0	232	4976	39	0	4919,4799,4799,4368,4368,4368,4368	2	14	4628,0,0,0,0,0,0	93	0
174938	380	707	399	185	180	49	30	2	1713	13	150	610	234	3	57	3534	570	1360	0,0,0,0,0,0	16451	0	251	5226	42	0	5163,5033,5033,4568,4568,4568,4568	2	27	4879,0,0,0,0,0,0	101	0
174778	404	737	411	203	176	55	31	2	1778	15	156	622	278	4	86	4034	662	1355	0,0,0,0,0,0	16664	0	268	5494	43	0	5424,5284,5284,4781,4781,4781,4781	2	29	5148,0,0,0,0,0,0	97	0
174643	392	761	439	212	183	52	30	2	1857	16	159	615	123	2	48	4158	650	1419	0,0,0,0,0,0	28610	0	248	5743	43	0	5665,5514,5514,4970,4970,4970,4970	3	16	5397,0,0,0,0,0,0	112	0
174498	388	770	460	217	203	57	32	2	1939	17	163	602	243	5	75	4229	699	1428	0,0,0,0,0,0	28552	0	244	5984	46	0	5899,5739,5739,5162,5162,5162,5162	3	17	5638,0,0,0,0,0,0	119	0
174318	430	789	461	210	220	55	34	2	2042	19	166	584	259	5	69	4466	729	1470	0,0,0,0,0,0	17635	0	302	6286	48	0	6190,6018,6018,5399,5399,5399,5399	3	27	5941,0,0,0,0,0,0	119	0
174173	431	817	485	222	219	65	32	4	2101	23	174	571	272	3	72	4668	748	1523	0,0,0,0,0,0	17344	0	272	6557	50	0	6451,6266,6266,5602,5602,5602,5602	3	27	6212,0,0,0,0,0,0	115	0
174032	408	863	530	218	214	68	33	5	2171	24	180	543	280	5	80	4948	791	1543	0,0,0,0,0,0	17684	0	260	6816	52	0	6704,6508,6508,5800,5800,5800,5800	3	24	6471,0,0,0,0,0,0	119	0
173862	449	849	552	217	230	66	36	3	2275	25	182	551	244	3	62	4738	760	1639	0,0,0,0,0,0	17644	0	304	7118	58	0	6999,6789,6789,6034,6034,6034,6034	3	31	6774,0,0,0,0,0,0	126	0
173642	493	866	563	236	216	67	37	4	2410	25	187	569	297	2	87	4687	769	1709	0,0,0,0,0,0	17450	0	339	7460	60	0	7334,7113,7113,6313,6313,6313,6313	3	45	7116,0,0,0,0,0,0	127	0
173522	483	872	585	231	218	75	43	2	2497	27	191	522	293	1	73	4881	783	1724	0,0,0,0,0,0	28483	0	258	7718	64	0	7587,7351,7351,6500,6500,6500,6500	3	15	7375,0,0,0,0,0,0	129	0
173401	474	883	586	229	227	80	41	3	2595	30	197	539	286	4	80	4911	765	1755	0,0,0,0,0,0	29188	0	283	7999	66	0	7860,7608,7608,6700,6700,6700,6700	3	28	7656,0,0,0,0,0,0	135	0
173181	515	966	585	234	241	82	40	4	2663	35	200	514	251	3	83	5027	785	1878	0,0,0,0,0,0	18286	0	391	8389	68	0	8242,7973,7973,7002,7002,7002,7002	4	36	8046,0,0,0,0,0,0	151	0
172972	520	1012	612	241	250	90	39	5	2761	39	205	499	252	3	79	5089	809	1955	0,0,0,0,0,0	17795	0	351	8741	70	0	8587,8303,8303,7279,7279,7279,7279	4	36	8398,0,0,0,0,0,0	158	0
172793	539	1031	634	266	248	96	36	9	2844	41	209	480	262	4	88	5329	823	2027	0,0,0,0,0,0	33108	0	341	9084	70	0	8922,8622,8622,7537,7537,7537,7537	4	33	8741,0,0,0,0,0,0	168	0
172647	492	1088	649	284	258	94	41	8	2932	42	211	474	331	4	93	5544	861	2045	0,0,0,0,0,0	33231	0	333	9414	75	0	9241,8922,8922,7770,7770,7770,7770	4	41	9071,0,0,0,0,0,0	168	0
172461	500	1101	661	294	277	94	44	8	3048	44	214	460	233	3	84	5384	867	2104	0,0,0,0,0,0	33586	0	352	9764	79	0	9583,9247,9247,8034,8034,8034,8034	4	44	9421,0,0,0,0,0,0	179	0
172281	517	1083	688	307	286	109	45	8	3158	46	218	436	251	5	93	5416	900	2135	0,0,0,0,0,0	46703	0	362	10124	83	0	9934,9580,9580,8300,8300,8300,8300	4	29	9781,0,0,0,0,0,0	190	0
172190	520	1065	669	304	283	105	46	6	3285	51	222	441	252	5	98	5631	946	2046	0,0,0,0,0,0	47010	0	307	10429	87	0	10229,9854,9854,8494,8494,8494,8494	4	27	10087,0,0,0,0,0,0	198	0
172047	545	1046	677	313	301	106	41	9	3378	54	229	450	255	6	104	6029	1017	2012	0,0,0,0,0,0	33601	0	338	10766	88	0	10560,10164,10164,8732,8732,8732,8732	5	33	10424,0,0,0,0,0,0	197	0
171952	533	1057	675	305	309	100	40	10	3476	57	232	445	245	7	101	6372	1057	1962	0,0,0,0,0,0	34177	0	305	11070	91	0	10852,10435,10435,8925,8925,8925,8925	5	33	10729,0,0,0,0,0,0	177	0
171827	510	1061	710	311	318	98	42	8	3569	58	234	437	265	7	95	6864	1097	1953	0,0,0,0,0,0	34552	0	325	11393	94	0	11163,10726,10726,9143,9143,9143,9143	5	48	11052,0,0,0,0,0,0	181	0
171684	506	1110	693	311	310	91	41	9	3695	61	235	452	270	3	90	7325	1115	1947	0,0,0,0,0,0	35083	0	351	11742	96	0	11499,11042,11042,9383,9383,9383,9383	5	40	11401,0,0,0,0,0,0	174	0
171582	499	1113	686	324	314	89	43	9	3786	62	239	455	258	11	79	7870	1112	1956	0,0,0,0,0,0	35587	0	337	12079	99	0	11823,11342,11342,9596,9596,9596,9596	5	37	11738,0,0,0,0,0,0	170	0
171560	475	1050	714	318	304	94	44	10	3873	63	241	444	301	9	82	7573	1096	1903	0,0,0,0,0,0	48268	0	258	12334	103	0	12066,11561,11561,9728,9728,9728,9728	5	21	11995,0,0,0,0,0,0	174	0
171540	433	1002	730	323	300	91	43	11	3960	67	246	451	255	3	84	7784	1069	1853	0,0,0,0,0,0	48215	0	253	12584	108	0	12306,11777,11777,9859,9859,9859,9859	5	22	12245,0,0,0,0,0,0	169	0
171443	434	1011	701	324	295	90	47	11	4074	69	247	446	271	4	111	7947	1095	1807	0,0,0,0,0,0	35814	0	330	12909	113	0	12616,12065,12065,10062,10062,10062,10062	5	38	12570,0,0,0,0,0,0	174	0
171416	422	967	716	311	310	90	45	7	4134	76	252	440	321	4	90	7824	1079	1782	0,0,0,0,0,0	35839	0	276	13184	116	0	12877,12301,12301,10205,10205,10205,10205	5	33	12845,0,0,0,0,0,0	169	0
171378	429	966	700	310	296	94	43	7	4190	80	253	452	319	4	95	8105	1072	1766	0,0,0,0,0,0	35776	0	296	13480	119	0	13158,12555,12555,10364,10364,10364,10364	5	32	13142,0,0,0,0,0,0	163	0
171360	449	920	713	313	279	101	45	5	4223	82	256	447	255	7	84	7922	1045	1775	0,0,0,0,0,0	36081	0	297	13773	123	0	13434,12804,12804,10511,10511,10511,10511	5	33	13435,0,0,0,0,0,0	168	0
171317	452	911	679	306	285	101	49	6	4296	85	259	446	261	6	86	7461	1028	1755	0,0,0,0,0,0	35801	0	271	14040	128	0	13688,13035,13035,10658,10658,10658,10658	5	28	13702,0,0,0,0,0,0	168	0
171357	421	903	658	303	278	110	48	6	4313	87	262	452	261	3	61	6625	1001	1720	0,0,0,0,0,0	48000	0	238	14275	131	0	13907,13226,13226,10748,10748,10748,10748	5	18	13937,0,0,0,0,0,0	174	0
171400	389	870	662	308	267	103	47	6	4341	89	264	449	221	1	81	6387	982	1664	0,0,0,0,0,0	47812	0	223	14495	134	0	14112,13404,13404,10828,10828,10828,10828	5	25	14158,0,0,0,0,0,0	179	0
171385	391	884	644	302	257	103	47	7	4370	91	265	446	243	3	73	6418	953	1675	0,0,0,0,0,0	34562	0	291	14784	137	0	14383,13648,13648,10969,10969,10969,10969	5	43	14447,0,0,0,0,0,0	166	0
171376	420	877	640	281	247	108	46	6	4382	96	267	440	313	3	74	6218	898	1721	0,0,0,0,0,0	34444	0	290	15072	141	0	14651,13888,13888,11106,11106,11106,11106	5	31	14735,0,0,0,0,0,0	166	0
171399	400	878	637	266	252	102	42	7	4393	100	270	421	244	4	78	6690	891	1686	0,0,0,0,0,0	34618	0	256	15328	142	0	14891,14099,14099,11213,11213,11213,11213	5	26	14991,0,0,0,0,0,0	166	0
171422	418	860	633	273	253	105	42	8	4358	101	273	426	240	4	78	6696	898	1686	0,0,0,0,0,0	34611	0	275	15596	149	0	15141,14320,14320,11325,11325,11325,11325	5	30	15259,0,0,0,0,0,0	170	0
171423	450	827	619	271	253	102	45	9	4369	103	275	425	240	8	79	6601	859	1708	0,0,0,0,0,0	34463	0	279	15867	157	0	15395,14547,14547,11449,11449,11449,11449	5	27	15532,0,0,0,0,0,0	161	0
171502	379	830	632	278	234	89	44	10	4363	107	278	423	258	4	69	6189	813	1673	0,0,0,0,0,0	47368	0	198	16063	159	0	15574,14698,14698,11497,11497,11497,11497	5	19	15728,0,0,0,0,0,0	154	0
171535	351	830	617	257	229	91	42	10	4394	109	281	414	250	1	70	6080	813	1604	0,0,0,0,0,0	46818	0	217	16276	164	0	15772,14871,14871,11578,11578,11578,11578	4	25	15941,0,0,0,0,0,0	162	0
171598	377	778	609	258	231	87	41	10	4363	112	282	413	264	4	76	6028	829	1552	0,0,0,0,0,0	34395	0	244	16519	165	0	15994,15062,15062,11655,11655,11655,11655	4	32	16184,0,0,0,0,0,0	141	0
171641	383	760	598	250	230	84	44	10	4348	112	286	425	318	14	74	5997	841	1508	0,0,0,0,0,0	33788	0	241	16759	168	0	16215,15255,15255,11741,11741,11741,11741	4	21	16424,0,0,0,0,0,0	138	0
171699	367	749	587	253	219	76	42	10	4341	116	287	423	273	4	83	6038	837	1456	0,0,0,0,0,0	34005	0	220	16975	172	0	16412,15424,15424,11807,11807,11807,11807	4	19	16640,0,0,0,0,0,0	131	0
171788	324	772	577	228	208	72	42	9	4317	119	290	407	260	5	67	6055	821	1402	0,0,0,0,0,0	34013	0	195	17165	177	0	16583,15567,15567,11845,11845,11845,11845	4	17	16830,0,0,0,0,0,0	126	0
171842	346	740	557	229	232	72	41	8	4266	120	293	400	89	2	46	5703	795	1422	0,0,0,0,0,0	34086	0	239	17402	183	0	16801,15756,15756,11923,11923,11923,11923	4	30	17067,0,0,0,0,0,0	127	0
171954	307	700	540	226	224	69	43	8	4256	122	297	401	247	1	43	5155	723	1386	0,0,0,0,0,0	46729	0	174	17574	185	0	16956,15882,15882,11942,11942,11942,11942	4	11	17239,0,0,0,0,0,0	139	0
172042	307	655	532	227	232	72	43	7	4204	126	299	398	274	2	60	5062	713	1355	0,0,0,0,0,0	46255	0	191	17762	188	0	17126,16024,16024,11980,11980,11980,11980	3	14	17428,0,0,0,0,0,0	138	0
172100	317	633	524	219	227	72	45	7	4169	132	301	438	259	2	70	4837	703	1334	0,0,0,0,0,0	32960	0	214	17978	190	0	17321,16192,16192,12044,12044,12044,12044	3	24	17644,0,0,0,0,0,0	134	0
172138	330	619	507	201	235	76	45	4	4150	138	303	419	251	3	74	5107	708	1305	0,0,0,0,0,0	33022	0	211	18181	198	0	17505,16352,16352,12112,12112,12112,12112	3	20	17847,0,0,0,0,0,0	136	0
172237	339	625	468	194	237	73	45	5	4074	143	306	430	288	4	73	5432	744	1237	0,0,0,0,0,0	33295	0	212	18392	200	0	17693,16508,16508,12152,12152,12152,12152	3	18	18058,0,0,0,0,0,0	129	0
172300	318	652	449	187	237	73	45	6	4028	145	306	456	275	6	64	5631	749	1212	0,0,0,0,0,0	33296	0	204	18596	201	0	17876,16664,16664,12207,12207,12207,12207	3	23	18262,0,0,0,0,0,0	133	0
172356	324	637	446	188	212	69	47	5	4008	148	306	451	239	5	65	5581	714	1209	0,0,0,0,0,0	33600	0	202	18797	204	0	18056,16819,16819,12263,12263,12263,12263	3	17	18463,0,0,0,0,0,0	131	0
172476	304	630	439	190	196	67	44	5	3935	152	308	441	358	2	55	5151	685	1185	0,0,0,0,0,0	46638	0	150	18948	205	0	18188,16923,16923,12265,12265,12265,12265	3	13	18614,0,0,0,0,0,0	138	0
172633	265	618	436	180	196	74	40	3	3833	155	313	437	254	5	51	5103	665	1144	0,0,0,0,0,0	46207	0	148	19096	207	0	18316,17020,17020,12246,12246,12246,12246	3	11	18762,0,0,0,0,0,0	134	0
172704	266	611	435	177	176	71	38	5	3788	158	317	441	245	0	54	5382	629	1145	0,0,0,0,0,0	33194	0	179	19274	209	0	18477,17156,17156,12285,12285,12285,12285	3	18	18940,0,0,0,0,0,0	130	0
172792	257	591	437	180	189	75	35	8	3700	161	321	425	240	3	52	5214	636	1128	0,0,0,0,0,0	33030	0	169	19440	212	0	18622,17276,17276,12307,12307,12307,12307	3	11	19106,0,0,0,0,0,0	121	0
172864	261	558	449	188	196	74	34	7	3627	166	322	450	274	5	62	5411	644	1116	0,0,0,0,0,0	33206	0	174	19612	215	0	18774,17404,17404,12341,12341,12341,12341	3	17	19278,0,0,0,0,0,0	127	0
172978	250	521	434	182	183	77	33	8	3590	167	323	450	289	4	60	5414	620	1060	0,0,0,0,0,0	46608	0	128	19739	218	0	18882,17487,17487,12331,12331,12331,12331	3	14	19405,0,0,0,0,0,0	125	0
173087	243	499	409	191	163	79	31	7	3543	170	324	415	236	0	49	5298	601	1014	0,0,0,0,0,0	46627	0	148	19884	222	0	19006,17586,17586,12331,12331,12331,12331	3	11	19551,0,0,0,0,0,0	123	0
173196	230	482	400	178	163	78	27	9	3483	173	327	419	271	2	43	4706	558	1000	0,0,0,0,0,0	46072	0	143	20026	223	0	19130,17684,17684,12333,12333,12333,12333	2	10	19693,0,0,0,0,0,0	120	0
173348	215	467	383	174	163	71	31	8	3382	175	329	427	254	1	52	4420	544	960	0,0,0,0,0,0	45783	27	122	20144	227	0	19227,17754,17754,12300,12300,12300,12300	2	6	19811,0,0,0,0,0,0	118	24
173461	205	445	378	162	157	70	31	10	3317	178	332	421	247	8	50	4248	541	907	0,0,0,0,0,0	32476	30	132	20275	228	0	19339,17842,17842,12292,12292,12292,12292	2	15	19942,0,0,0,0,0,0	115	50
173589	196	447	358	155	156	67	31	9	3225	180	333	452	93	1	42	4118	529	881	0,0,0,0,0,0	32226	20	121	20396	228	0	19438,17915,17915,12269,12269,12269,12269	2	18	20063,0,0,0,0,0,0	110	69
173681	186	442	342	154	141	66	33	7	3176	180	338	430	256	1	42	4141	514	850	0,0,0,0,0,0	32025	17	131	20524	231	0	19549,18004,18004,12271,12271,12271,12271	2	13	20191,0,0,0,0,0,0	109	85
173750	192	450	332	141	135	66	32	8	3113	182	345	442	240	1	34	4094	486	862	0,0,0,0,0,0	32035	27	143	20668	231	0	19678,18111,18111,12293,12293,12293,12293	2	13	20335,0,0,0,0,0,0	109	108
173816	213	457	340	121	124	65	32	7	3039	184	348	454	232	0	34	4051	476	876	0,0,0,0,0,0	31932	40	160	20824	236	0	19814,18225,18225,12319,12319,12319,12319	2	18	20491,0,0,0,0,0,0	107	143
173910	185	436	332	132	132	63	30	6	2982	187	351	471	318	3	42	3850	442	868	0,0,0,0,0,0	38871	17	108	20930	239	0	19906,18296,18296,12311,12311,12311,12311	2	4	20598,0,0,0,0,0,0	117	157
174011	179	428	331	132	144	65	27	8	2877	189	355	447	105	2	37	3649	447	859	0,0,0,0,0,0	39214	127	122	21051	241	0	20019,18387,18387,12310,12310,12310,12310	2	11	20719,0,0,0,0,0,0	115	257
174078	204	413	318	133	136	68	26	8	2813	192	357	455	229	1	46	3976	461	837	0,0,0,0,0,0	26937	129	134	21185	241	0	20145,18493,18493,12330,12330,12330,12330	2	13	20853,0,0,0,0,0,0	117	365
174121	204	428	333	131	136	65	27	6	2744	192	359	454	262	2	47	4072	474	850	0,0,0,0,0,0	27081	152	146	21330	243	0	20278,18607,18607,12365,12365,12365,12365	2	10	20998,0,0,0,0,0,0	115	497
174167	212	427	321	134	137	57	26	5	2707	193	360	447	257	4	47	4245	480	834	0,0,0,0,0,0	27231	126	139	21470	245	0	20406,18716,18716,12397,12397,12397,12397	2	14	21138,0,0,0,0,0,0	107	605
174173	235	419	327	142	128	60	27	5	2673	194	363	430	243	2	34	4326	458	880	0,0,0,0,0,0	27377	122	162	21632	246	0	20561,18854,18854,12461,12461,12461,12461	2	16	21300,0,0,0,0,0,0	107	709
174240	219	429	332	142	132	56	24	6	2603	198	365	425	238	3	41	4313	455	879	0,0,0,0,0,0	27419	130	129	21755	252	0	20679,18953,18953,12477,12477,12477,12477	2	13	21423,0,0,0,0,0,0	93	825
174311	216	423	341	147	125	53	21	7	2537	199	366	438	258	1	28	4413	446	880	0,0,0,0,0,0	39101	144	120	21876	252	0	20788,19042,19042,12487,12487,12487,12487	2	6	21544,0,0,0,0,0,0	90	946
174361	210	417	315	134	128	47	18	8	2541	201	366	426	247	0	34	4365	425	844	0,0,0,0,0,0	39271	162	120	21993	256	0	20926,19164,19164,12523,12523,12523,12523	2	6	21661,0,0,0,0,0,0	85	1088
174385	211	430	329	135	122	40	17	9	2497	203	368	446	297	2	54	4455	432	852	0,0,0,0,0,0	27204	135	148	22137	261	0	21093,19314,19314,12584,12584,12584,12584	2	19	21805,0,0,0,0,0,0	70	1203
174424	208	443	308	123	124	35	21	8	2480	203	369	461	247	1	40	4180	437	825	0,0,0,0,0,0	27398	152	130	22267	262	0	21254,19458,19458,12634,12634,12634,12634	2	10	21936,0,0,0,0,0,0	62	1332
174448	210	435	302	114	130	34	20	7	2466	204	376	443	253	2	45	4361	443	802	0,0,0,0,0,0	27302	198	132	22399	263	0	21416,19604,19604,12693,12693,12693,12693	2	19	22068,0,0,0,0,0,0	68	1493
174478	194	449	286	125	126	34	21	7	2445	204	377	435	270	0	40	4068	450	785	0,0,0,0,0,0	27192	153	122	22515	269	0	21555,19728,19728,12737,12737,12737,12737	2	12	22184,0,0,0,0,0,0	73	1616
174509	206	446	288	132	134	39	22	7	2379	204	380	445	259	4	40	4003	446	821	0,0,0,0,0,0	27069	131	150	22664	270	0	21733,19887,19887,12798,12798,12798,12798	2	18	22333,0,0,0,0,0,0	68	1726
174562	196	441	286	134	136	39	23	7	2335	205	382	474	91	1	37	3646	428	827	0,0,0,0,0,0	38894	156	123	22786	274	0	21885,20022,20022,12839,12839,12839,12839	2	11	22455,0,0,0,0,0,0	72	1858
174626	174	428	313	129	140	38	20	7	2275	208	388	471	303	1	44	3424	427	815	0,0,0,0,0,0	38386	74	106	22889	277	0	22028,20148,20148,12869,12869,12869,12869	2	7	22559,0,0,0,0,0,0	73	1916
174651	175	406	312	145	147	40	20	8	2241	208	393	477	98	0	39	3262	416	829	0,0,0,0,0,0	26440	48	129	23014	282	0	22181,20286,20286,12920,12920,12920,12920	2	7	22684,0,0,0,0,0,0	67	1953
174666	195	370	322	144	143	40	20	8	2233	209	396	463	247	2	47	3185	417	817	0,0,0,0,0,0	26246	64	126	23140	284	0	22336,20427,20427,12977,12977,12977,12977	2	16	22810,0,0,0,0,0,0	75	2001
174709	185	375	312	134	134	41	25	8	2213	210	400	462	245	3	52	3273	424	782	0,0,0,0,0,0	26284	56	121	23262	285	0	22505,20578,20578,13028,13028,13028,13028	2	10	22932,0,0,0,0,0,0	89	2046
174723	182	388	303	132	120	40	23	9	2214	211	401	473	281	4	46	3225	427	761	0,0,0,0,0,0	26547	68	140	23400	287	0	22670,20729,20729,13091,13091,13091,13091	2	15	23070,0,0,0,0,0,0	82	2104
174745	197	398	297	111	116	44	23	9	2191	212	403	482	270	1	31	3272	405	781	0,0,0,0,0,0	26232	50	141	23541	287	0	22834,20875,20875,13149,13149,13149,13149	2	13	23211,0,0,0,0,0,0	80	2139
174783	201	391	288	111	107	46	26	8	2167	213	405	466	262	1	31	2940	386	784	0,0,0,0,0,0	37846	57	108	23648	288	0	22975,21002,21002,13190,13190,13190,13190	2	8	23318,0,0,0,0,0,0	81	2190
174852	178	385	282	115	108	45	29	6	2125	213	408	475	264	0	24	2632	373	769	0,0,0,0,0,0	37659	224	91	23739	289	0	23081,21092,21092,13197,13197,13197,13197	1	6	23409,0,0,0,0,0,0	87	2375
174879	178	384	287	112	111	48	28	7	2087	214	411	455	244	1	44	2891	392	756	0,0,0,0,0,0	25890	202	128	23867	290	0	23216,21212,21212,13237,13237,13237,13237	1	18	23538,0,0,0,0,0,0	87	2544
174900	172	374	288	114	115	46	25	11	2073	215	413	473	249	3	38	2936	386	748	0,0,0,0,0,0	25962	194	110	23977	291	0	23334,21316,21316,13271,13271,13271,13271	1	12	23648,0,0,0,0,0,0	93	2705
174907	173	374	272	112	107	45	25	10	2089	216	416	480	250	1	36	2823	383	725	0,0,0,0,0,0	26232	173	119	24095	294	0	23460,21429,21429,13316,13316,13316,13316	1	12	23766,0,0,0,0,0,0	89	2846
174917	180	386	263	120	110	40	22	7	2063	219	419	474	296	2	38	2739	385	736	0,0,0,0,0,0	26074	163	133	24227	296	0	23606,21561,21561,13370,13370,13370,13370	1	15	23898,0,0,0,0,0,0	86	2974
174894	199	416	248	108	108	39	23	6	2063	219	423	479	256	3	35	2817	383	758	0,0,0,0,0,0	26145	209	149	24376	296	0	23765,21707,21707,13447,13447,13447,13447	1	18	24047,0,0,0,0,0,0	86	3147
174914	181	418	242	103	110	40	20	8	2063	220	427	466	228	1	36	2650	379	735	0,0,0,0,0,0	37839	207	106	24480	298	0	23879,21809,21809,13481,13481,13481,13481	1	11	24151,0,0,0,0,0,0	89	3315
174969	170	384	265	111	113	39	22	7	2015	220	431	467	283	5	40	2534	388	716	0,0,0,0,0,0	37727	183	91	24571	299	0	24059,21975,21975,13534,13534,13534,13534	1	6	24243,0,0,0,0,0,0	93	3464
174978	194	362	266	111	104	39	24	6	2008	221	433	479	236	2	36	2527	397	703	0,0,0,0,0,0	25833	174	127	24695	302	0	24268,22172,22172,13620,13620,13620,13620	1	7	24367,0,0,0,0,0,0	92	3603
174960	239	333	276	116	107	44	26	6	1980	223	436	499	229	0	29	2728	386	755	3,0,0,0,0,0	25989	188	112	24844	304	0	24505,22397,22397,13732,13732,13732,13732	1	13	24481,37,0,0,0,0,0	85	3767
174923	247	390	260	115	117	41	23	6	1958	226	440	492	327	1	45	2672	391	802	7,0,0,0,0,0	25848	162	117	25003	309	0	24739,22619,22619,13854,13854,13854,13854	1	17	24593,85,0,0,0,0,0	86	3888
174896	245	420	268	117	108	40	22	5	1955	228	442	510	252	3	29	2604	378	842	10,0,0,0,0,0	25927	179	125	25162	311	0	24967,22834,22834,13967,13967,13967,13967	1	16	24714,125,0,0,0,0,0	81	4031
174811	287	459	261	116	120	39	19	6	1951	230	447	496	258	2	30	2550	358	943	16,0,0,0,0,0	25708	165	156	25366	316	0	25264,23120,23120,14142,14142,14142,14142	2	12	24833,212,0,0,0,0,0	77	4156
174781	287	520	240	122	105	34	19	6	1951	232	449	510	94	3	34	2480	349	978	20,0,0,0,0,0	37438	194	133	25534	319	0	25526,23369,23369,14276,14276,14276,14276	1	5	24932,284,0,0,0,0,0	73	4299
174724	280	562	276	121	109	37	19	5	1926	234	453	497	310	1	45	2371	350	1054	25,0,0,0,0,0	37339	105	132	25710	323	0	25794,23626,23626,14424,14424,14424,14424	1	10	25017,378,0,0,0,0,0	72	4376
174662	275	575	305	134	132	33	18	6	1913	236	457	504	91	0	36	2399	372	1100	28,0,0,0,0,0	25459	129	189	25897	326	0	26057,23877,23876,14569,14569,14569,14569	1	20	25137,446,0,0,0,0,0	77	4473
174615	257	609	314	147	138	35	18	5	1913	237	458	500	276	4	53	2398	400	1118	32,0,0,0,0,0	25412	117	184	26079	328	0	26324,24131,24131,14710,14710,14710,14710	1	10	25227,539,0,0,0,0,0	65	4565
174525	294	622	345	160	137	38	18	6	1900	237	464	528	265	3	53	2676	442	1172	36,0,0,0,0,0	25868	129	223	26301	331	0	26634,24431,24430,14897,14897,14897,14897	1	10	25328,661,0,0,0,0,0	70	4658
174433	329	609	365	171	160	40	18	5	1907	239	470	509	309	6	45	2919	470	1222	40,0,0,0,0,0	25861	148	218	26515	335	0	26932,24718,24717,15079,15079,15079,15079	1	13	25420,785,0,0,0,0,0	74	4769
174336	327	643	353	174	165	41	19	6	1967	240	475	535	262	2	58	3233	519	1203	43,0,0,0,0,0	25892	133	208	26720	340	0	27206,24983,24982,15248,15248,15248,15248	1	15	25503,910,0,0,0,0,0	79	4860
174253	323	658	362	194	159	41	16	5	2016	242	477	536	322	7	49	3214	531	1222	45,0,0,0,0,0	38192	128	198	26914	345	0	27482,25250,25248,15414,15414,15414,15414	1	8	25592,1019,0,0,0,0,0	87	4956
174172	331	644	384	196	169	41	18	5	2064	242	480	531	259	5	56	3653	577	1206	48,0,0,0,0,0	38549	301	209	27121	348	0	27718,25475,25473,15556,15556,15556,15556	1	17	25677,1142,0,0,0,0,0	87	5174
174066	328	666	403	193	177	44	19	4	2118	242	486	518	262	1	63	4103	602	1228	51,0,0,0,0,0	27227	297	234	27350	353	0	27982,25728,25725,15722,15722,15722,15722	1	16	25753,1298,0,0,0,0,0	97	5398
173975	334	659	401	193	202	46	19	4	2181	243	489	518	253	5	59	4393	619	1235	53,0,0,0,0,0	27065	303	217	27565	357	0	28229,25966,25961,15873,15873,15873,15873	1	10	25823,1444,0,0,0,0,0	89	5629
173886	337	684	403	200	208	50	20	4	2216	246	492	526	253	1	56	4765	615	1287	56,0,0,0,0,0	27479	263	227	27788	363	0	28481,26207,26201,16026,16026,16026,16026	1	15	25896,1599,0,0,0,0,0	90	5824
173770	345	721	397	198	207	53	22	6	2287	246	494	508	325	3	80	5404	649	1294	59,0,0,0,0,0	28091	294	263	28043	371	0	28775,26493,26485,16214,16214,16214,16214	1	22	25960,1795,0,0,0,0,0	93	6022
173640	390	719	443	210	208	59	24	6	2302	247	498	513	270	4	61	5568	694	1359	63,0,0,0,0,0	28675	291	291	28319	387	0	29076,26785,26774,16412,16412,16412,16412	1	20	26018,2024,0,0,0,0,0	102	6199
173548	397	746	440	214	200	67	23	6	2356	249	500	495	224	5	52	5596	668	1419	65,0,0,0,0,0	40289	307	244	28555	395	0	29340,27041,27027,16575,16575,16575,16575	2	16	26080,2203,0,0,0,0,0	121	6419
173418	387	806	454	218	193	67	21	7	2421	251	503	503	314	3	70	5652	679	1467	67,0,0,0,0,0	40255	617	270	28821	400	0	29730,27427,27409,16821,16821,16821,16821	2	16	26134,2420,0,0,0,0,0	131	6818
173248	409	866	465	222	216	65	21	7	2471	252	504	499	233	0	63	5516	700	1564	70,0,0,0,0,0	28890	595	324	29132	414	0	30155,27848,27825,17102,17102,17102,17102	2	30	26195,2682,0,0,0,0,0	135	7193
173063	445	878	479	236	238	69	19	9	2548	253	509	508	293	7	76	5235	727	1637	71,0,0,0,0,0	28516	643	328	29447	427	0	30586,28274,28248,17394,17394,17394,17394	2	23	26261,2941,0,0,0,0,0	130	7760
172884	491	917	516	231	260	74	22	8	2574	254	515	523	240	3	78	5222	765	1746	73,0,0,0,0,0	28296	594	340	29779	438	0	31011,28698,28665,17682,17682,17682,17682	2	27	26319,3222,0,0,0,0,0	127	8257
172669	536	980	517	227	257	71	33	8	2675	254	519	508	333	2	88	5476	783	1838	75,0,0,0,0,0	28443	615	384	30151	450	0	31475,29160,29121,18007,18007,18007,18007	2	22	26388,3534,0,0,0,0,0	120	8803
172441	572	1049	536	236	267	67	38	8	2753	255	524	513	314	5	84	5703	836	1929	77,0,0,0,0,0	28687	601	394	30537	460	0	31963,29647,29601,18350,18350,18350,18350	2	24	26444,3871,0,0,0,0,0	130	9328
172267	536	1110	598	254	279	68	43	8	2799	256	528	479	269	2	78	5440	896	1992	78,0,0,0,0,0	39990	615	330	30861	469	0	32400,30084,30032,18644,18644,18644,18644	2	19	26494,4152,0,0,0,0,0	147	9863
172109	508	1159	626	256	307	73	40	9	2868	260	531	500	267	4	84	5312	920	2049	79,0,0,0,0,0	39725	844	339	31193	478	0	32898,30581,30521,18957,18957,18957,18957	2	21	26550,4435,0,0,0,0,0	146	10593
171839	579	1198	629	280	321	79	42	9	2971	261	538	505	254	6	81	5972	950	2178	80,0,0,0,0,0	29018	771	445	31625	492	0	33492,31174,31106,19373,19373,19373,19373	2	21	26626,4801,0,0,0,0,0	152	11269
171563	650	1193	647	304	352	81	40	12	3102	263	539	520	355	8	104	6509	1008	2259	81,0,0,0,0,0	29514	767	453	32073	504	0	34173,31858,31781,19833,19833,19833,19833	2	21	26683,5201,0,0,0,0,0	155	11940
171284	693	1241	688	329	346	86	46	9	3217	264	543	496	314	8	117	7003	1095	2334	82,0,0,0,0,0	29706	795	465	32528	516	0	34819,32504,32418,20282,20282,20282,20282	2	29	26735,5614,0,0,0,0,0	157	12637
170963	763	1293	727	348	356	88	49	8	3342	264	545	476	289	3	113	7254	1169	2455	84,0,0,0,0,0	30126	810	504	33011	540	0	35520,33211,33115,20777,20777,20777,20777	2	27	26799,6051,0,0,0,0,0	178	13322
170633	799	1393	752	331	378	96	48	9	3494	264	549	488	254	7	122	7531	1204	2593	84,0,0,0,0,0	30253	785	538	33532	562	0	36238,33934,33827,21289,21289,21289,21289	2	40	26855,6533,0,0,0,0,0	183	13984
170379	788	1403	778	378	422	97	45	9	3630	267	550	478	232	14	110	7748	1218	2693	85,0,0,0,0,0	41693	805	455	33969	582	0	36882,34585,34466,21732,21732,21732,21732	2	23	26900,6943,0,0,0,0,0	198	14652
170160	769	1459	821	406	425	98	45	11	3729	270	553	476	296	4	113	7570	1267	2756	86,0,0,0,0,0	41816	847	469	34422	603	0	37592,35304,35169,22184,22184,22184,22184	3	22	26952,7358,0,0,0,0,0	199	15374
169863	779	1554	868	412	427	104	49	11	3850	272	557	468	340	10	149	8411	1361	2832	87,0,0,0,0,0	47099	878	540	34943	624	0	38346,36067,35917,22696,22696,22696,22696	3	32	26999,7847,0,0,0,0,0	187	16120
169571	773	1606	912	412	436	107	51	11	4032	272	563	452	282	6	139	8731	1416	2881	88,0,0,0,0,0	47929	889	522	35449	642	0	39083,36814,36648,23192,23192,23192,23192	3	33	27039,8324,0,0,0,0,0	195	16852
169319	769	1640	910	431	471	100	50	10	4204	277	565	450	256	7	134	9112	1475	2896	88,0,0,0,0,0	47623	930	501	35930	664	0	39807,37552,37369,23669,23669,23669,23669	3	23	27087,8773,0,0,0,0,0	187	17649
169001	797	1634	937	475	496	109	51	11	4389	280	566	444	265	7	141	8803	1540	2959	89,0,0,0,0,0	48054	883	538	36450	684	0	40573,38327,38130,24196,24196,24196,24196	3	28	27127,9270,0,0,0,0,0	184	18373
168719	835	1668	920	483	486	111	57	12	4605	281	569	447	275	10	146	8895	1540	3020	90,0,0,0,0,0	47652	895	546	36969	714	0	41331,39096,38882,24701,24701,24701,24701	3	37	27158,9776,0,0,0,0,0	198	19095
168567	805	1593	1010	475	520	120	62	14	4721	284	575	414	294	10	139	8770	1563	3022	90,0,0,0,0,0	71434	896	440	37390	735	0	41981,39764,39529,25093,25093,25093,25093	3	22	27186,10189,0,0,0,0,0	227	19828
168424	703	1600	994	480	553	123	60	15	4926	290	578	426	242	4	149	9147	1607	2906	91,0,0,0,0,0	71292	594	397	37773	752	0	42660,40457,40204,25494,25494,25494,25494	3	26	27207,10561,0,0,0,0,0	227	20315
168181	731	1611	998	486	545	124	54	17	5121	298	580	420	300	5	173	9368	1700	2849	91,0,0,0,0,0	48318	646	518	38268	780	0	43452,41265,40993,26000,26000,26000,26000	3	24	27227,11056,0,0,0,0,0	210	20843
167990	774	1577	1035	485	523	132	53	18	5273	301	585	405	253	10	139	9672	1672	2907	92,0,0,0,0,0	48012	644	501	38740	812	0	44213,42045,41751,26463,26463,26463,26463	3	34	27248,11530,0,0,0,0,0	215	21358
167830	751	1576	1006	497	521	129	57	16	5468	306	589	408	291	5	179	9777	1700	2837	92,0,0,0,0,0	48104	664	471	39183	842	0	44963,42817,42499,26909,26909,26909,26909	3	22	27264,11980,0,0,0,0,0	221	21902
167711	727	1588	985	498	523	139	56	16	5602	309	592	409	302	4	151	9544	1694	2822	93,0,0,0,0,0	48684	639	469	39631	863	0	45680,43559,43214,27321,27321,27321,27321	3	33	27282,12428,0,0,0,0,0	229	22397
167560	732	1583	989	514	508	146	53	14	5738	315	594	414	271	7	163	9770	1675	2850	93,0,0,0,0,0	48332	621	491	40095	894	0	46412,44315,43945,27762,27762,27762,27762	3	28	27298,12898,0,0,0,0,0	235	22897
167517	698	1488	991	536	522	147	59	13	5861	319	595	409	264	6	136	9592	1625	2816	94,0,0,0,0,0	72180	617	393	40465	920	0	47067,44991,44596,28108,28108,28108,28108	3	14	27306,13279,0,0,0,0,0	245	23398
167524	656	1452	979	536	502	145	60	14	5957	325	596	410	260	9	138	9508	1642	2688	94,0,0,0,0,0	72035	921	358	40802	944	0	47654,45608,45186,28415,28415,28415,28415	3	19	27317,13623,0,0,0,0,0	251	24128
167448	628	1475	1002	489	528	143	64	15	6025	329	600	414	225	5	152	9532	1612	2717	95,0,0,0,0,0	48182	889	459	41231	975	0	48340,46327,45876,28809,28809,28809,28809	3	27	27323,14066,0,0,0,0,0	228	24852
167337	669	1423	975	490	521	156	63	18	6161	332	601	407	288	3	152	9373	1587	2710	95,0,0,0,0,0	48167	894	474	41683	998	0	49102,47114,46635,29223,29223,29223,29223	3	33	27338,14518,0,0,0,0,0	246	25541
167236	698	1444	958	487	506	164	64	14	6236	335	604	415	231	10	131	9272	1506	2815	95,0,0,0,0,0	48098	885	497	42162	1017	0	49867,47908,47397,29643,29643,29643,29643	3	37	27353,14995,0,0,0,0,0	260	26247
167173	708	1448	959	477	499	158	58	16	6301	340	609	399	333	7	151	9255	1474	2833	96,0,0,0,0,0	48029	867	453	42598	1038	0	50605,48677,48133,30022,30022,30022,30022	3	24	27358,15442,0,0,0,0,0	254	26941
167099	704	1472	931	487	470	158	60	16	6394	343	612	400	316	2	156	9336	1452	2830	96,0,0,0,0,0	48238	868	460	43035	1062	0	51331,49436,48859,30403,30403,30403,30403	3	23	27366,15888,0,0,0,0,0	246	27622
167082	695	1432	938	485	465	155	61	17	6458	345	613	405	261	4	134	8644	1391	2840	96,0,0,0,0,0	71574	940	411	43424	1087	0	52015,50152,49542,30739,30739,30739,30739	3	24	27373,16286,0,0,0,0,0	258	28359
167152	635	1410	920	500	434	151	62	14	6504	350	614	417	244	5	136	8495	1360	2752	97,0,0,0,0,0	71448	1088	345	43751	1107	0	52790,50961,50317,31072,31072,31072,31072	3	15	27380,16618,0,0,0,0,0	260	29207
167100	649	1401	888	474	449	149	66	13	6585	354	618	395	311	4	146	8313	1360	2716	97,0,0,0,0,0	47301	1084	425	44149	1136	0	53614,51815,51140,31481,31481,31481,31481	3	28	27391,17024,0,0,0,0,0	253	30040
167056	640	1417	892	435	434	145	67	12	6663	360	625	374	283	5	151	8275	1338	2692	97,0,0,0,0,0	46930	1097	428	44550	1165	0	54433,52666,51959,31883,31883,31883,31883	3	30	27400,17434,0,0,0,0,0	256	30894
166977	663	1352	941	435	449	143	70	11	6711	366	628	396	239	4	142	8417	1345	2708	97,0,0,0,0,0	47231	1073	451	44979	1188	0	55278,53541,52803,32317,32317,32317,32317	3	30	27408,17872,0,0,0,0,0	247	31714
166995	663	1361	915	435	464	133	69	11	6699	373	628	410	305	8	136	8222	1334	2706	97,0,0,0,0,0	47390	1060	422	45381	1210	0	56091,54388,53615,32694,32694,32694,32694	3	31	27414,18282,0,0,0,0,0	265	32535
167054	661	1367	899	419	433	130	81	10	6687	374	631	395	249	8	154	8377	1328	2662	97,0,0,0,0,0	46994	1055	403	45757	1239	0	56864,55200,54388,33030,33030,33030,33030	2	23	27425,18667,0,0,0,0,0	255	33329
167095	636	1351	899	409	434	124	78	8	6699	380	633	389	317	4	110	8610	1296	2635	97,0,0,0,0,0	71480	1086	369	46106	1260	0	57640,56012,55165,33380,33380,33380,33380	2	17	27431,19023,0,0,0,0,0	253	34139
167207	580	1296	890	424	438	124	79	6	6682	385	635	408	275	3	110	7934	1241	2590	97,0,0,0,0,0	70818	1361	331	46424	1276	0	58445,56853,55968,33697,33697,33697,33697	2	15	27439,19342,0,0,0,0,0	252	35194
167189	572	1259	909	449	420	129	78	6	6709	386	640	436	265	8	148	7752	1232	2584	97,0,0,0,0,0	46973	1380	397	46794	1305	0	59309,57750,56833,34100,34100,34100,34100	2	25	27447,19726,0,0,0,0,0	256	36261
167222	580	1231	911	417	398	115	77	6	6757	391	641	430	211	5	145	7792	1226	2503	97,0,0,0,0,0	46882	1430	375	47149	1327	0	60142,58620,57668,34469,34469,34469,34469	2	19	27455,20089,0,0,0,0,0	239	37349
167252	588	1240	894	406	394	109	78	5	6741	395	644	420	316	5	127	7883	1243	2466	97,0,0,0,0,0	47150	1293	388	47521	1344	0	61018,59532,58545,34861,34861,34861,34861	2	17	27461,20466,0,0,0,0,0	226	38322
167310	599	1214	886	433	392	113	74	6	6671	402	646	416	253	7	127	7788	1245	2466	97,0,0,0,0,0	38707	1337	382	47883	1365	0	61850,60404,59379,35218,35218,35218,35218	2	26	27469,20837,0,0,0,0,0	225	39302
167386	587	1222	886	419	357	115	75	11	6633	406	649	414	241	3	108	7700	1201	2460	98,0,0,0,0,0	39170	1356	367	48230	1386	0	62652,61246,60183,35557,35557,35557,35557	2	24	27475,21197,0,0,0,0,0	210	40294
167527	557	1192	874	415	357	106	74	11	6568	414	651	424	290	6	94	7331	1141	2434	98,0,0,0,0,0	40973	1403	316	48531	1401	0	63419,62053,60951,35846,35846,35846,35846	2	15	27481,21503,0,0,0,0,0	210	41328
167683	520	1156	874	386	342	104	76	10	6526	417	652	424	300	6	106	7273	1100	2358	97,0,0,0,0,0	40873	1040	287	48802	1418	0	64157,62829,61688,36095,36095,36095,36095	2	10	27486,21780,0,0,0,0,0	212	42086
167760	526	1123	872	388	345	100	72	12	6471	422	655	441	280	4	110	6936	1069	2357	97,0,0,0,0,0	38632	1073	349	49122	1452	0	64968,63678,62500,36418,36418,36418,36418	2	28	27491,22116,0,0,0,0,0	209	42821
167800	510	1161	822	372	329	98	77	11	6483	426	657	411	289	6	124	7095	1033	2336	98,0,0,0,0,0	38036	1070	355	49450	1479	0	65792,64537,63326,36764,36764,36764,36764	2	26	27495,22459,0,0,0,0,0	203	43567
167898	524	1086	815	370	328	97	76	13	6450	429	660	403	254	5	119	7462	1029	2267	98,0,0,0,0,0	38308	1077	318	49752	1497	0	66539,65322,64074,37046,37046,37046,37046	2	19	27501,22767,0,0,0,0,0	194	44255
168019	528	1055	787	346	328	98	71	15	6403	433	663	413	297	6	123	7463	1006	2207	98,0,0,0,0,0	38532	1070	315	50049	1515	0	67290,66110,64824,37315,37315,37315,37315	2	17	27504,23072,0,0,0,0,0	197	44971
168138	507	1054	790	322	315	99	70	16	6333	437	665	441	229	7	95	7456	966	2191	98,0,0,0,0,0	38568	1134	308	50344	1528	0	68042,66899,65576,37590,37590,37590,37590	2	16	27508,23373,0,0,0,0,0	194	45713
168318	451	1000	796	316	320	97	67	18	6255	442	666	429	250	5	70	7194	904	2143	98,0,0,0,0,0	41050	1103	226	50558	1540	0	68733,67625,66268,37800,37800,37800,37800	2	9	27512,23591,0,0,0,0,0	195	46481
168540	385	981	774	291	305	98	64	17	6179	444	668	424	281	5	94	6509	830	2068	98,0,0,0,0,0	40788	918	214	50761	1551	0	69365,68296,66902,37963,37963,37963,37963	2	14	27513,23800,0,0,0,0,0	198	47069
168670	384	962	736	302	302	94	60	19	6099	448	670	383	251	1	116	6815	842	1998	98,0,0,0,0,0	31333	945	283	51028	1567	0	70073,69041,67612,38192,38192,38192,38192	2	12	27520,24072,0,0,0,0,0	177	47687
168816	396	909	746	293	274	91	53	21	6021	454	672	398	274	4	88	7007	801	1961	98,0,0,0,0,0	31617	911	268	51287	1576	0	70763,69768,68303,38413,38413,38413,38413	2	12	27526,24332,0,0,0,0,0	170	48274
168938	417	887	698	283	277	86	50	23	5958	455	674	422	301	7	82	6658	779	1919	98,0,0,0,0,0	31701	900	284	51554	1594	0	71443,70485,68987,38642,38642,38642,38642	1	7	27530,24610,0,0,0,0,0	158	48840
169065	432	858	693	277	267	79	44	27	5871	457	676	420	239	6	86	6587	735	1915	98,0,0,0,0,0	30998	915	268	51798	1618	0	72097,71175,69644,38851,38851,38851,38851	1	17	27531,24869,0,0,0,0,0	146	49438
169221	421	836	695	278	263	74	46	24	5751	459	678	426	305	7	95	6202	764	1849	98,0,0,0,0,0	26191	932	249	52026	1640	0	72752,71868,70302,39051,39051,39051,39051	1	18	27533,25113,0,0,0,0,0	147	50032
169409	405	771	695	277	255	66	46	21	5657	462	682	423	328	4	58	5872	707	1808	98,0,0,0,0,0	31951	891	207	52223	1652	0	73396,72550,70950,39232,39232,39232,39232	1	13	27535,25317,0,0,0,0,0	129	50593
169645	345	742	682	242	255	69	41	20	5552	468	685	406	241	5	79	5572	667	1709	98,0,0,0,0,0	31815	1257	171	52384	1662	0	73988,73180,71547,39360,39360,39360,39360	1	7	27535,25484,0,0,0,0,0	128	51484
169804	299	751	641	240	247	69	38	18	5478	473	688	443	316	4	83	5341	648	1637	98,0,0,0,0,0	24955	1186	203	52580	1669	0	74626,73853,72190,39542,39542,39542,39542	1	10	27535,25686,0,0,0,0,0	121	52310
170045	290	725	605	241	221	62	37	17	5336	477	690	459	261	3	83	5410	624	1557	99,0,0,0,0,0	24998	1218	187	52753	1684	0	75214,74482,72783,39664,39664,39664,39664	1	4	27535,25868,0,0,0,0,0	114	53147
170180	320	693	587	237	205	58	36	17	5240	480	693	480	311	7	62	5371	590	1546	99,0,0,0,0,0	25068	1230	211	52951	1700	0	75832,75134,73407,39846,39846,39846,39846	1	9	27536,26079,0,0,0,0,0	104	54017
170327	306	676	574	206	205	57	37	16	5164	481	697	497	304	5	69	4638	556	1505	99,0,0,0,0,0	24491	1212	188	53129	1711	0	76442,75775,74021,40017,40017,40017,40017	1	14	27537,26261,0,0,0,0,0	107	54842
170524	291	663	541	183	181	59	36	13	5071	484	700	483	282	3	66	4429	528	1426	99,0,0,0,0,0	24177	1287	165	53287	1720	0	77008,76376,74592,40145,40145,40145,40145	1	9	27537,26422,0,0,0,0,0	112	55744
170723	252	647	543	180	177	57	34	12	4930	487	704	466	228	6	58	4347	530	1360	99,0,0,0,0,0	28756	1207	141	53414	1734	0	77550,76951,75140,40266,40266,40266,40266	1	6	27537,26562,0,0,0,0,0	108	56579
170909	238	576	539	184	170	52	36	9	4839	487	707	448	251	5	49	3950	502	1293	99,0,0,0,0,0	28206	585	142	53549	1743	0	78285,77718,75882,40487,40487,40487,40487	1	6	27539,26699,0,0,0,0,0	111	56936
171091	242	523	503	178	165	52	28	10	4754	493	707	459	308	4	64	3972	477	1214	99,0,0,0,0,0	22577	593	143	53685	1750	0	79019,78482,76622,40697,40697,40697,40697	1	9	27539,26839,0,0,0,0,0	91	57348
171331	222	490	483	158	154	49	31	10	4617	493	708	484	236	2	61	4119	468	1119	99,0,0,0,0,0	22741	557	107	53785	1759	0	79729,79228,77341,40877,40877,40877,40877	1	12	27539,26945,0,0,0,0,0	87	57719
171560	198	459	457	156	145	43	30	9	4485	494	710	486	305	5	39	3991	436	1052	99,0,0,0,0,0	22453	569	97	53877	1764	0	80409,79940,78029,41048,41048,41048,41048	1	0	27539,27040,0,0,0,0,0	85	58122
171746	175	454	450	138	121	42	25	11	4374	497	713	488	236	4	42	3949	386	1019	99,0,0,0,0,0	22670	594	121	53990	1773	0	81108,80668,78736,41249,41249,41249,41249	1	4	27539,27158,0,0,0,0,0	78	58533
171934	170	432	406	137	117	42	23	9	4263	499	714	472	276	3	37	3735	354	973	99,0,0,0,0,0	22410	581	112	54094	1782	0	81820,81410,79456,41457,41457,41457,41457	0	6	27540,27268,0,0,0,0,0	72	58936
172128	163	411	383	135	111	38	21	9	4132	500	715	491	213	3	31	3648	335	927	99,0,0,0,0,0	28057	617	105	54199	1784	0	82525,82145,80170,41664,41664,41664,41664	0	4	27540,27374,0,0,0,0,0	67	59343
172350	147	390	367	138	96	32	19	10	3979	501	717	492	260	3	32	3373	295	894	99,0,0,0,0,0	27702	758	84	54279	1788	0	82918,82567,80569,41680,41680,41680,41680	0	2	27540,27457,0,0,0,0,0	58	59882
172509	148	369	338	132	103	28	19	10	3869	501	720	495	236	2	37	2973	287	850	99,0,0,0,0,0	16642	792	100	54371	1796	0	83336,83013,80996,41739,41739,41739,41739	0	2	27540,27556,0,0,0,0,0	53	60437
172700	154	315	335	127	105	28	17	8	3733	503	721	467	354	0	34	3094	262	819	99,0,0,0,0,0	16542	822	89	54453	1803	0	83739,83442,81405,41767,41767,41767,41767	0	3	27540,27644,0,0,0,0,0	50	60992
172902	145	306	297	118	102	28	14	9	3596	505	724	470	239	2	31	3160	253	757	99,0,0,0,0,0	16572	785	82	54533	1805	0	84120,83848,81794,41799,41799,41799,41799	0	3	27540,27726,0,0,0,0,0	43	61535
173081	135	292	299	104	93	25	10	9	3462	509	727	487	282	1	33	2690	240	718	99,0,0,0,0,0	16735	796	79	54612	1807	0	84522,84272,82203,41842,41842,41842,41842	0	2	27540,27807,0,0,0,0,0	39	62111
173255	134	275	283	91	80	24	9	9	3343	510	733	490	246	0	24	2593	209	687	100,0,0,0,0,0	16220	803	83	54690	1812	0	84936,84708,82624,41898,41898,41898,41898	0	6	27540,27890,0,0,0,0,0	35	62699
173456	125	246	288	87	67	21	8	10	3192	510	736	520	300	2	29	2188	197	645	100,0,0,0,0,0	26761	812	53	54741	1816	0	85330,85122,83023,41925,41925,41925,41925	0	3	27540,27943,0,0,0,0,0	36	63268
173623	102	242	281	73	60	20	10	11	3077	510	737	506	299	2	24	2319	177	611	100,0,0,0,0,0	26572	1052	59	54799	1817	0	85716,85526,83414,41956,41956,41956,41956	0	5	27540,28002,0,0,0,0,0	38	64006
173799	98	240	255	75	55	21	10	10	2930	511	742	508	265	0	19	2435	160	594	100,0,0,0,0,0	16065	1068	74	54866	1825	0	86124,85956,83828,41989,41989,41989,41989	0	6	27540,28074,0,0,0,0,0	36	64771
173957	109	225	209	65	59	19	9	9	2829	511	745	512	268	1	24	2449	150	545	100,0,0,0,0,0	16066	1057	65	54926	1830	0	86509,86361,84220,42015,42015,42015,42015	0	5	27540,28138,0,0,0,0,0	33	65515
174110	101	228	195	64	60	16	8	7	2699	512	746	532	317	1	18	2465	152	520	100,0,0,0,0,0	16058	1062	60	54981	1835	0	86887,86755,84603,42046,42046,42046,42046	0	2	27540,28196,0,0,0,0,0	32	66294
174228	90	234	196	53	56	17	7	7	2595	514	749	527	260	0	19	2533	149	504	100,0,0,0,0,0	16346	1102	58	55033	1841	0	87293,87178,85016,42100,42100,42100,42100	0	1	27540,28252,0,0,0,0,0	27	67055
174370	86	229	190	50	48	16	8	7	2479	514	749	533	216	0	18	2178	145	482	100,0,0,0,0,0	16296	1060	53	55083	1844	0	87693,87594,85422,42145,42145,42145,42145	0	3	27540,28303,0,0,0,0,0	32	67828
174521	82	213	194	48	42	15	8	4	2354	514	751	540	242	0	13	1762	132	470	100,0,0,0,0,0	21343	1079	51	55133	1845	0	88069,87988,85806,42180,42180,42180,42180	0	1	27540,28354,0,0,0,0,0	31	68587
174641	86	196	194	41	43	15	7	5	2251	514	753	494	117	0	12	1598	120	462	100,0,0,0,0,0	20918	310	54	55180	1852	0	88623,88559,86369,42316,42316,42316,42316	0	3	27540,28404,0,0,0,0,0	32	68781
174762	85	170	191	40	51	12	5	6	2154	515	755	493	103	0	11	1565	109	445	100,0,0,0,0,0	12374	335	43	55218	1857	0	89163,89114,86917,42435,42435,42435,42435	0	3	27540,28446,0,0,0,0,0	24	69012
174890	88	156	179	46	54	10	6	6	2038	515	758	491	84	1	15	1323	115	424	100,0,0,0,0,0	12281	351	44	55261	1858	0	89705,89672,87467,42550,42550,42550,42550	0	2	27540,28490,0,0,0,0,0	20	69243
174999	86	148	179	47	53	12	6	6	1935	515	760	491	101	1	15	1170	121	410	100,0,0,0,0,0	12180	351	42	55302	1859	0	90275,90255,88046,42689,42689,42689,42689	0	0	27540,28532,0,0,0,0,0	19	69479
175083	83	147	162	51	49	11	5	5	1871	516	763	519	83	0	15	1110	112	396	100,0,0,0,0,0	11940	335	49	55347	1863	0	90831,90824,88610,42835,42835,42835,42835	0	1	27540,28579,0,0,0,0,0	22	69712
175200	81	140	168	50	48	11	5	3	1758	516	766	536	272	0	10	1088	105	398	100,0,0,0,0,0	12112	349	44	55391	1864	0	91406,91414,89194,42978,42978,42978,42978	0	3	27540,28624,0,0,0,0,0	21	69939
175302	69	144	156	37	44	10	4	2	1692	516	770	509	317	0	14	946	97	367	100,0,0,0,0,0	20498	314	38	55428	1866	0	91956,91977,89752,43115,43115,43115,43115	0	1	27540,28662,0,0,0,0,0	20	70144
175411	67	134	146	38	37	9	4	3	1605	516	776	514	84	1	10	902	89	346	100,0,0,0,0,0	20207	325	32	55458	1868	0	92097,92129,89897,43015,43015,43015,43015	0	2	27540,28693,0,0,0,0,0	16	70353
175508	57	136	144	36	35	9	5	3	1520	516	777	541	76	0	8	1078	84	338	100,0,0,0,0,0	11791	329	38	55496	1869	0	92265,92307,90068,42923,42923,42923,42923	0	1	27540,28731,0,0,0,0,0	17	70581
175608	56	124	142	32	34	10	4	4	1435	516	781	544	235	1	12	1058	74	328	100,0,0,0,0,0	11736	350	35	55530	1870	0	92416,92470,90222,42821,42821,42821,42821	0	1	27540,28766,0,0,0,0,0	16	70816
175661	51	126	127	33	33	9	2	4	1398	518	784	543	91	0	9	1078	66	315	100,0,0,0,0,0	11875	333	38	55566	1872	0	92581,92644,90392,42747,42747,42747,42747	0	1	27540,28804,0,0,0,0,0	12	71045
175741	43	121	115	33	28	8	1	4	1347	519	786	537	257	1	16	1154	76	273	100,0,0,0,0,0	11651	323	22	55588	1872	0	92739,92809,90552,42655,42655,42655,42655	0	1	27540,28826,0,0,0,0,0	11	71261
175823	47	106	107	28	29	7	1	4	1288	519	787	552	266	0	8	1289	71	254	100,0,0,0,0,0	12260	335	27	55614	1873	0	92894,92974,90711,42561,42561,42561,42561	0	3	27540,28853,0,0,0,0,0	10	71484
175887	48	100	96	28	30	7	1	4	1235	519	791	555	80	0	7	1195	63	247	100,0,0,0,0,0	20552	334	29	55641	1875	0	93055,93144,90877,42486,42486,42486,42486	0	0	27540,28882,0,0,0,0,0	8	71725
175959	47	96	97	27	23	8	1	5	1169	519	795	571	92	0	6	1105	55	244	100,0,0,0,0,0	20296	151	26	55664	1878	0	93251,93348,91078,42429,42429,42429,42429	0	1	27540,28908,0,0,0,0,0	8	71825
176005	55	88	93	22	22	9	1	5	1127	519	800	566	88	0	11	1028	58	232	100,0,0,0,0,0	11978	188	29	55690	1881	0	93470,93574,91302,42387,42387,42387,42387	0	0	27540,28936,0,0,0,0,0	9	71949
176060	57	83	86	17	25	10	1	4	1079	519	805	560	145	0	6	988	57	222	100,0,0,0,0,0	11890	171	24	55713	1882	0	93684,93795,91522,42348,42348,42348,42348	0	0	27540,28960,0,0,0,0,0	11	72059
176131	38	103	84	19	17	9	1	4	1013	519	808	560	5222	3	7	767	53	218	100,0,0,0,0,0	11573	159	24	55737	1883	0	93888,94005,91731,42293,42293,42293,42293	0	0	27540,28985,0,0,0,0,0	10	72149
176186	34	107	73	18	18	8	1	4	967	519	811	567	2739	4	3	722	52	207	100,0,0,0,0,0	11553	153	24	55760	1884	0	94099,94225,91948,42245,42245,42245,42245	0	0	27540,29009,0,0,0,0,0	8	72249
176237	33	97	83	21	17	10	1	2	906	519	820	586	1387	1	9	714	53	209	100,0,0,0,0,0	11573	193	23	55781	1886	0	94324,94457,92177,42201,42201,42201,42201	0	2	27540,29030,0,0,0,0,0	9	72379
176286	26	94	83	22	18	9	1	2	862	519	824	562	774	0	6	673	46	207	100,0,0,0,0,0	20000	166	23	55804	1886	0	94543,94681,92401,42164,42164,42164,42164	0	0	27540,29053,0,0,0,0,0	10	72479
176337	23	95	77	27	16	9	1	2	811	519	829	582	501	1	6	455	40	208	100,0,0,0,0,0	20268	162	23	55825	1888	0	94772,94919,92639,42145,42145,42145,42145	0	0	27540,29075,0,0,0,0,0	10	72580
176387	24	80	83	25	17	9	1	2	769	519	830	558	2845	0	14	608	45	194	100,0,0,0,0,0	22097	194	17	55841	1889	0	95012,95164,92886,42119,42119,42119,42119	0	0	27540,29091,0,0,0,0,0	9	72710
176431	23	69	77	25	15	6	0	2	743	519	836	569	2912	1	4	757	41	174	100,0,0,0,0,0	22217	172	14	55851	1893	0	95240,95397,93121,42090,42090,42090,42090	0	1	27540,29103,0,0,0,0,0	6	72826
176472	26	61	79	21	15	5	0	1	708	519	839	598	2094	0	6	735	40	167	100,0,0,0,0,0	22135	152	21	55872	1893	0	95480,95642,93368,42067,42067,42067,42067	0	0	27540,29124,0,0,0,0,0	5	72923
176505	26	64	70	18	15	6	0	1	680	519	842	596	1497	0	6	690	33	166	100,0,0,0,0,0	22107	198	23	55892	1896	0	95719,95886,93614,42058,42058,42058,42058	0	1	27540,29144,0,0,0,0,0	5	73042
176552	29	57	64	17	16	5	0	1	642	519	844	604	988	0	5	681	32	156	100,0,0,0,0,0	22112	167	14	55906	1896	0	95960,96133,93862,42032,42032,42032,42032	0	0	27540,29158,0,0,0,0,0	6	73147
176567	30	53	70	12	17	3	0	1	626	519	848	623	1929	1	5	715	31	154	100,0,0,0,0,0	20122	193	19	55924	1897	0	96204,96380,94114,42031,42031,42031,42031	0	1	27540,29176,0,0,0,0,0	4	73270
176597	25	52	61	16	19	3	0	1	597	519	856	608	2290	1	3	789	37	139	100,0,0,0,0,0	20129	164	12	55934	1899	0	96215,96396,94128,41878,41878,41878,41878	0	0	27540,29187,0,0,0,0,0	4	73373
176631	23	46	60	15	16	3	0	1	572	519	860	629	2321	1	6	740	40	123	100,0,0,0,0,0	22309	185	12	55945	1900	0	96245,96430,94161,41721,41721,41721,41721	0	0	27540,29198,0,0,0,0,0	2	73497
176662	22	47	60	10	14	3	1	1	541	519	866	635	1765	0	5	738	40	117	100,0,0,0,0,0	22440	166	12	55957	1900	0	96269,96457,94187,41565,41565,41565,41565	0	0	27540,29210,0,0,0,0,0	3	73614
176680	21	47	56	14	14	1	1	1	522	519	870	658	1384	1	2	652	39	115	100,0,0,0,0,0	22252	181	15	55972	1900	0	96297,96488,94217,41421,41421,41421,41421	0	0	27540,29225,0,0,0,0,0	2	73731
176712	20	44	57	13	11	1	2	1	492	519	874	664	1634	0	3	474	35	113	100,0,0,0,0,0	22105	172	9	55980	1901	0	96322,96518,94245,41262,41262,41262,41262	0	0	27540,29233,0,0,0,0,0	2	73841
176725	17	43	57	11	14	1	2	1	479	519	877	664	1975	0	4	520	36	109	100,0,0,0,0,0	22256	171	12	55993	1901	0	96343,96541,94269,41113,41113,41113,41113	0	0	27540,29246,0,0,0,0,0	4	73948
176761	19	38	53	13	13	1	2	1	449	519	877	685	2087	0	2	580	37	102	100,0,0,0,0,0	20395	164	10	56003	1901	0	96359,96560,94287,40952,40952,40952,40952	0	1	27540,29256,0,0,0,0,0	4	74052
176781	18	39	42	13	10	1	3	1	438	519	881	635	2094	1	3	545	33	93	100,0,0,0,0,0	20052	102	9	56012	1901	0	96372,96577,94303,40803,40803,40803,40803	0	2	27540,29265,0,0,0,0,0	4	74117
176802	16	31	39	10	13	1	4	1	423	519	887	660	1641	0	3	495	28	86	100,0,0,0,0,0	22159	99	6	56018	1901	0	96394,96600,94326,40646,40646,40646,40646	0	0	27540,29271,0,0,0,0,0	4	74168
176830	13	33	32	6	12	1	4	1	407	519	888	648	1685	1	5	428	26	75	100,0,0,0,0,0	22085	107	7	56025	1901	0	96413,96623,94348,40488,40488,40488,40488	0	0	27540,29278,0,0,0,0,0	5	74231
176861	6	29	33	6	12	1	3	1	382	520	892	665	1805	2	2	414	26	64	100,0,0,0,0,0	22063	107	2	56027	1901	0	96431,96643,94368,40329,40329,40329,40329	0	0	27540,29280,0,0,0,0,0	4	74293
176874	8	24	37	4	9	1	2	1	369	521	896	638	2072	0	2	407	24	61	100,0,0,0,0,0	22024	97	7	56034	1901	0	96441,96656,94382,40173,40173,40173,40173	0	0	27540,29287,0,0,0,0,0	3	74358
176888	11	26	29	5	12	1	2	1	351	521	899	633	1874	0	1	265	23	63	100,0,0,0,0,0	21799	92	11	56045	1901	0	96460,96677,94403,40021,40021,40021,40021	0	0	27540,29298,0,0,0,0,0	3	74414
176902	12	19	28	7	11	1	2	1	341	521	901	622	1765	0	2	264	20	60	100,0,0,0,0,0	19915	95	7	56052	1901	0	96478,96698,94424,39868,39868,39868,39868	0	0	27540,29305,0,0,0,0,0	3	74479
176916	11	23	25	6	8	1	2	0	328	521	905	606	1719	1	1	260	17	59	100,0,0,0,0,0	19812	80	9	56061	1901	0	96430,96651,94376,39679,39679,39679,39679	0	1	27540,29314,0,0,0,0,0	3	74517
176928	9	24	23	4	6	2	3	0	319	521	907	598	1982	0	1	109	15	56	100,0,0,0,0,0	21839	95	4	56065	1901	0	96378,96600,94326,39484,39484,39484,39484	0	0	27540,29318,0,0,0,0,0	3	74577
176939	10	26	22	5	4	3	3	0	303	521	910	612	1830	0	1	106	13	60	100,0,0,0,0,0	21884	88	8	56071	1903	0	96327,96550,94276,39288,39288,39288,39288	0	0	27540,29324,0,0,0,0,0	5	74630
176954	5	21	26	5	4	3	3	0	286	521	918	622	1859	0	1	101	14	53	100,0,0,0,0,0	21499	84	1	56072	1903	0	96271,96496,94221,39093,39093,39093,39093	0	0	27540,29325,0,0,0,0,0	6	74683
176967	4	19	27	4	4	3	3	0	273	521	921	613	1847	0	0	92	11	53	100,0,0,0,0,0	21799	87	3	56075	1903	0	96217,96443,94168,38894,38894,38894,38894	0	0	27540,29328,0,0,0,0,0	6	74735
176977	5	13	28	6	4	4	3	0	258	521	927	615	1800	0	1	78	12	51	100,0,0,0,0,0	21488	101	4	56079	1903	0	96171,96399,94124,38703,38703,38703,38703	0	0	27540,29332,0,0,0,0,0	6	74793
176989	8	8	27	4	5	4	2	1	246	521	931	606	1790	0	2	72	12	46	100,0,0,0,0,0	19661	87	4	56083	1903	0	96121,96352,94076,38512,38512,38512,38512	0	0	27540,29336,0,0,0,0,0	6	74852
177000	7	8	21	3	5	4	1	1	239	522	935	621	1981	0	2	35	14	35	100,0,0,0,0,0	19510	62	2	56085	1903	0	96062,96293,94018,38323,38323,38323,38323	0	0	27540,29338,0,0,0,0,0	5	74893
177013	4	11	20	4	5	3	1	1	223	522	939	622	1831	0	1	33	14	34	100,0,0,0,0,0	21685	89	2	56087	1903	0	96015,96247,93972,38131,38131,38131,38131	0	0	27540,29340,0,0,0,0,0	4	74942
177019	3	16	18	2	4	3	1	1	214	522	943	643	1833	0	0	29	9	38	100,0,0,0,0,0	21542	87	6	56093	1903	0	95963,96197,93921,37939,37939,37939,37939	0	0	27540,29346,0,0,0,0,0	4	74996
177025	1	13	17	2	6	3	1	1	209	522	946	627	1793	0	0	26	5	38	100,0,0,0,0,0	21753	69	2	56095	1903	0	95902,96136,93862,37744,37744,37744,37744	0	0	27540,29348,0,0,0,0,0	4	75038
177036	3	9	18	3	5	3	1	1	192	522	953	602	1924	1	2	18	6	36	100,0,0,0,0,0	21651	76	2	56097	1903	0	95853,96088,93814,37557,37557,37557,37557	0	0	27540,29350,0,0,0,0,0	5	75082
177045	3	6	13	3	5	2	1	1	189	522	956	586	1845	0	2	21	9	24	100,0,0,0,0,0	21556	82	0	56097	1903	0	95795,96030,93757,37360,37360,37360,37360	0	0	27540,29350,0,0,0,0,0	4	75127
177055	3	6	12	2	4	2	1	1	179	522	959	581	1831	0	1	64	6	24	100,0,0,0,0,0	19654	79	2	56099	1903	0	95746,95982,93710,37174,37174,37174,37174	0	0	27540,29352,0,0,0,0,0	3	75163
177063	3	8	6	3	3	2	1	1	172	522	962	616	1806	0	1	159	6	20	100,0,0,0,0,0	19592	90	3	56101	1904	0	95684,95920,93649,36991,36991,36991,36991	0	0	27540,29355,0,0,0,0,0	3	75223
177076	2	5	7	3	5	2	1	1	157	522	965	600	1938	0	2	186	7	18	100,0,0,0,0,0	21757	73	1	56102	1904	0	95627,95865,93594,36801,36801,36801,36801	0	0	27540,29356,0,0,0,0,0	3	75268
177090	1	5	6	2	3	1	0	1	147	523	967	579	1828	0	2	186	6	12	100,0,0,0,0,0	21974	73	0	56102	1904	0	95567,95806,93534,36608,36608,36608,36608	0	0	27540,29356,0,0,0,0,0	1	75309
177097	1	5	3	3	3	0	0	1	141	523	969	593	1813	0	0	205	6	9	100,0,0,0,0,0	21860	66	1	56103	1904	0	95507,95746,93476,36423,36423,36423,36423	0	0	27540,29357,0,0,0,0,0	0	75349
177108	1	7	1	2	2	0	0	1	131	523	970	571	1801	0	0	201	5	8	100,0,0,0,0,0	21894	74	3	56106	1904	0	95443,95683,93413,36234,36234,36234,36234	0	0	27540,29360,0,0,0,0,0	0	75385
177107	1	6	1	2	2	0	0	1	125	523	978	573	1774	0	0	200	4	8	100,0,0,0,0,0	21770	84	0	56106	1904	0	95383,95622,93354,36049,36049,36049,36049	0	0	27540,29360,0,0,0,0,0	0	75438
177113	2	3	2	3	2	0	0	1	117	523	980	591	1818	0	0	201	3	9	100,0,0,0,0,0	19786	73	1	56107	1904	0	95316,95556,93288,35863,35863,35863,35863	0	0	27540,29361,0,0,0,0,0	0	75472
177119	3	3	2	2	2	0	0	1	106	523	985	582	1801	0	1	203	3	9	100,0,0,0,0,0	19711	80	1	56108	1904	0	95246,95488,93220,35686,35686,35686,35686	0	0	27540,29362,0,0,0,0,0	0	75514
177129	3	3	3	1	2	0	0	1	96	523	985	599	1809	0	0	156	3	9	100,0,0,0,0,0	21494	72	1	56109	1904	0	95158,95400,93133,35492,35492,35492,35492	0	0	27540,29363,0,0,0,0,0	0	75563
177132	1	6	2	1	1	0	0	1	94	523	985	605	1839	0	0	63	2	9	100,0,0,0,0,0	21710	66	1	56110	1904	0	95073,95315,93048,35302,35302,35302,35302	0	0	27540,29364,0,0,0,0,0	0	75602
177142	0	6	2	1	1	0	0	1	82	523	988	649	1785	0	0	37	2	8	100,0,0,0,0,0	21819	72	0	56110	1904	0	94990,95233,92966,35116,35116,35116,35116	0	0	27540,29364,0,0,0,0,0	0	75634
177145	1	3	3	2	1	0	0	0	75	523	993	639	1822	0	0	36	2	8	100,0,0,0,0,0	21770	66	1	56111	1904	0	94907,95150,92884,34927,34927,34927,34927	0	0	27540,29365,0,0,0,0,0	0	75666
177147	1	3	3	1	1	0	0	0	72	523	995	605	1784	0	0	6	1	8	100,0,0,0,0,0	21721	72	1	56112	1904	0	94826,95070,92804,34738,34738,34738,34738	0	0	27540,29366,0,0,0,0,0	0	75706
177155	0	3	2	1	0	0	0	0	64	523	998	604	1840	0	0	6	0	6	100,0,0,0,0,0	19688	61	0	56112	1904	0	94741,94985,92719,34547,34547,34547,34547	0	0	27540,29366,0,0,0,0,0	0	75738
177150	0	2	4	1	0	0	0	0	62	523	1004	593	1805	0	0	6	0	7	100,0,0,0,0,0	19551	62	1	56112	1905	0	94658,94902,92637,34382,34382,34382,34382	0	0	27540,29366,0,0,0,0,0	0	75772
177145	1	1	5	0	0	0	0	0	60	523	1011	584	1833	0	1	7	0	7	100,0,0,0,0,0	21740	63	1	56113	1905	0	94578,94822,92558,34210,34210,34210,34210	0	0	27540,29367,0,0,0,0,0	0	75806
177146	2	1	2	0	0	0	0	0	58	523	1014	560	1808	0	0	8	0	5	100,0,0,0,0,0	21377	213	1	56114	1905	144	94490,94733,92470,34032,34032,34032,34032	0	0	27540,29368,0,0,0,0,0	0	75842
177148	2	2	2	0	0	0	0	0	52	523	1017	572	1779	0	0	3	0	6	100,0,0,0,0,0	21557	223	1	56114	1906	286	94434,94678,92415,33927,33927,33927,33927	0	0	27540,29369,0,0,0,0,0	0	75889
177146	3	3	1	0	0	0	0	0	49	523	1021	514	1766	0	0	3	0	7	100,0,0,0,0,0	21521	187	2	56116	1906	419	94375,94619,92358,33818,33818,33818,33818	0	0	27540,29371,0,0,0,0,0	0	75917
177144	2	4	1	0	0	0	0	0	47	523	1025	545	1820	0	0	2	0	7	100,0,0,0,0,0	21580	206	0	56116	1906	556	94324,94568,92308,33714,33714,33714,33714	0	0	27540,29371,0,0,0,0,0	0	75963
177144	2	3	0	1	0	0	0	0	43	523	1030	537	1761	0	0	2	0	6	100,0,0,0,0,0	19510	187	0	56116	1906	670	94269,94513,92254,33610,33610,33610,33610	0	0	27540,29371,0,0,0,0,0	0	76011
177142	0	3	1	1	0	0	0	0	43	523	1033	531	1808	0	1	5	0	5	100,0,0,0,0,0	19244	165	0	56116	1906	768	94204,94448,92190,33502,33502,33502,33502	0	0	27540,29371,0,0,0,0,0	0	76043
177141	0	0	2	2	1	0	0	0	40	523	1037	555	1767	0	0	5	0	5	100,0,0,0,0,0	21610	189	0	56116	1906	889	94136,94380,92123,33380,33380,33380,33380	0	0	27540,29371,0,0,0,0,0	0	76078
177141	0	0	1	2	1	0	0	0	39	523	1039	558	1796	0	2	8	2	2	100,0,0,0,0,0	21362	268	0	56116	1906	1094	94075,94318,92062,33274,33274,33274,33274	0	0	27540,29371,0,0,0,0,0	0	76117
177147	0	0	1	2	1	0	0	0	32	523	1040	569	1864	0	0	8	2	2	100,0,0,0,0,0	21624	285	0	56116	1906	1307	94034,94277,92022,33208,33208,33208,33208	0	0	27540,29371,0,0,0,0,0	0	76155
177144	0	0	0	2	1	0	0	0	30	523	1046	607	1781	0	0	6	2	1	100,0,0,0,0,0	21671	284	0	56116	1906	1529	93989,94232,91978,33145,33145,33145,33145	0	0	27540,29371,0,0,0,0,0	0	76194
177145	0	0	0	2	1	0	0	0	27	523	1048	599	1842	0	0	6	2	1	100,0,0,0,0,0	21718	268	0	56116	1906	1736	93950,94193,91941,33083,33083,33083,33083	0	0	27540,29371,0,0,0,0,0	0	76226
177144	0	0	0	2	1	0	0	0	24	523	1052	628	1747	0	0	7	2	1	100,0,0,0,0,0	19615	274	0	56116	1906	1947	93911,94154,91903,33025,33025,33025,33025	0	0	27540,29371,0,0,0,0,0	0	76258
177143	0	0	0	2	1	0	0	0	22	523	1055	644	1798	0	0	7	2	1	100,0,0,0,0,0	19408	248	0	56116	1906	2129	93875,94118,91868,32980,32980,32980,32980	0	0	27540,29371,0,0,0,0,0	0	76294
177143	0	0	0	0	0	0	0	0	23	523	1057	620	1918	0	0	7	0	0	0,0,0,0,0,0	21651	265	0	56116	1906	2324	93823,94065,91817,32906,32906,32906,32906	0	0	27540,29371,0,0,0,0,0	0	76332
177140	0	0	0	0	0	0	0	0	21	523	1062	601	1770	0	0	7	0	0	0,0,0,0,0,0	21546	205	0	56116	1906	2480	93774,94016,91769,32842,32842,32842,32842	0	0	27540,29371,0,0,0,0,0	0	76358
177138	0	0	0	0	0	0	0	0	20	523	1065	612	1782	0	0	4	0	0	0,0,0,0,0,0	21711	223	0	56116	1906	2647	93715,93957,91711,32758,32758,32758,32758	0	0	27540,29371,0,0,0,0,0	0	76384
177133	0	0	0	0	0	0	0	0	18	523	1072	574	1735	0	0	4	0	0	0,0,0,0,0,0	21587	232	0	56116	1906	2823	93663,93904,91660,32689,32689,32689,32689	0	0	27540,29371,0,0,0,0,0	0	76415
177132	0	0	0	0	0	0	0	0	17	523	1074	587	1780	0	0	0	0	0	0,0,0,0,0,0	21662	200	0	56116	1906	2973	93614,93855,91613,32621,32621,32621,32621	0	0	27540,29371,0,0,0,0,0	0	76443
177135	0	0	0	0	0	0	0	0	13	523	1075	581	1907	0	0	0	0	0	0,0,0,0,0,0	19648	209	0	56116	1906	3114	93552,93792,91551,32536,32536,32536,32536	0	0	27540,29371,0,0,0,0,0	0	76489
177134	0	0	0	0	0	0	0	0	12	523	1077	609	1818	0	0	0	0	0	0,0,0,0,0,0	19438	266	0	56116	1906	3294	93499,93739,91499,32476,32476,32476,32476	0	0	27540,29371,0,0,0,0,0	0	76538
177130	0	0	0	0	0	0	0	0	11	523	1082	608	1843	0	0	0	0	0	0,0,0,0,0,0	21687	277	0	56116	1906	3468	93451,93690,91452,32418,32418,32418,32418	0	0	27540,29371,0,0,0,0,0	0	76589
177129	0	0	0	0	0	0	0	0	9	523	1085	625	1796	0	0	0	0	0	0,0,0,0,0,0	21745	352	0	56116	1906	3734	93394,93633,91395,32359,32359,32359,32359	0	0	27540,29371,0,0,0,0,0	0	76636
177128	0	0	0	0	0	0	0	0	9	523	1086	632	1800	0	0	0	0	0	0,0,0,0,0,0	21862	366	0	56116	1906	4027	93357,93595,91360,32346,32346,32346,32346	0	0	27540,29371,0,0,0,0,0	0	76670
177128	0	0	0	0	0	0	0	0	8	523	1087	623	1828	0	0	0	0	0	0,0,0,0,0,0	21736	366	0	56116	1906	4316	93327,93564,91331,32345,32345,32345,32345	0	0	27540,29371,0,0,0,0,0	0	76709
177120	0	0	0	0	0	0	0	0	8	523	1095	649	1845	0	0	0	0	0	0,0,0,0,0,0	21744	394	0	56116	1906	4638	93301,93537,91306,32340,32340,32340,32340	0	0	27540,29371,0,0,0,0,0	0	76743
177083	16	17	0	0	0	0	0	0	8	523	1099	657	1797	1	0	0	0	33	0,100,0,0,0,0	19513	359	0	56144	1911	4897	93308,93544,91315,32386,32386,32386,32386	0	0	27540,29371,33,0,0,0,0	0	76788
177049	23	34	3	1	0	0	0	0	8	523	1105	703	1842	1	0	2	1	60	0,100,0,0,0,0	19490	445	5	56169	1914	5186	93308,93543,91316,32433,32433,32433,32433	0	0	27540,29371,61,0,0,0,0	1	76851
177004	40	53	9	1	1	0	0	0	9	523	1106	712	1828	2	1	36	3	101	0,100,0,0,0,0	21766	482	11	56205	1923	5451	93320,93556,91330,32495,32495,32495,32495	0	1	27540,29371,106,0,0,0,0	1	76954
176968	48	67	15	3	4	0	0	0	11	523	1107	713	1796	0	1	64	7	130	0,100,0,0,0,0	10383	503	16	56237	1926	5754	93316,93551,91327,32531,32531,32531,32531	0	0	27540,29371,141,0,0,0,0	1	77065
176926	46	98	22	7	3	0	0	0	13	523	1108	700	1810	1	4	72	12	164	0,100,0,0,0,0	10242	479	12	56277	1930	6055	93333,93568,91346,32600,32600,32600,32600	0	0	27540,29371,185,0,0,0,0	1	77141
176879	54	109	38	9	4	0	0	0	18	523	1112	719	1874	1	2	105	15	199	0,100,0,0,0,0	10144	494	16	56319	1933	6353	93343,93577,91357,32662,32662,32662,32662	0	0	27540,29371,230,0,0,0,0	1	77237
176848	57	95	57	12	8	0	0	0	27	523	1119	693	1902	1	2	116	16	213	0,100,0,0,0,0	10370	483	24	56342	1934	6645	93341,93574,91356,32702,32702,32702,32702	0	1	27540,29371,254,0,0,0,0	0	77321
176820	55	90	68	14	8	0	0	0	44	523	1124	710	1998	1	3	122	17	218	0,100,0,0,0,0	19457	498	24	56365	1935	6950	93355,93587,91371,32755,32755,32755,32755	0	0	27540,29371,278,0,0,0,0	0	77421
176786	57	91	76	17	13	1	0	0	57	523	1125	758	1776	1	1	128	18	237	0,100,0,0,0,0	19706	385	37	56401	1936	7238	93376,93608,91394,32839,32839,32839,32839	0	0	27540,29371,315,0,0,0,0	0	77451
176749	56	100	77	15	14	0	0	0	81	523	1131	751	1875	1	7	214	26	236	0,100,0,0,0,0	10577	365	33	56433	1939	7516	93408,93639,91428,32913,32913,32913,32913	0	3	27540,29371,350,0,0,0,0	1	77481
176724	48	108	85	12	14	0	0	0	97	523	1135	772	1893	1	7	320	34	233	0,100,0,0,0,0	10635	380	30	56459	1943	7785	93436,93666,91458,32972,32972,32972,32972	0	2	27540,29371,380,0,0,0,0	1	77527
176693	46	99	102	14	15	1	0	0	114	523	1139	720	1820	3	4	303	35	242	0,100,0,0,0,0	10539	394	34	56487	1950	8087	93452,93682,91476,33030,33030,33030,33030	0	1	27540,29371,415,0,0,0,0	1	77555
176658	48	104	99	22	14	1	0	0	136	523	1141	700	1857	0	7	293	44	244	0,100,0,0,0,0	10456	370	41	56522	1957	8376	93489,93718,91515,33106,33106,33106,33106	0	3	27540,29371,457,0,0,0,0	2	77583
176610	61	111	99	22	16	2	0	0	155	523	1147	691	1806	0	7	379	56	255	0,100,0,0,0,0	10500	339	50	56568	1962	8622	93528,93756,91555,33183,33183,33183,33183	0	1	27540,29371,508,0,0,0,0	3	77620
176580	59	111	88	24	22	1	1	0	184	523	1153	699	1712	0	5	393	57	249	0,100,0,0,0,0	19777	368	33	56596	1967	8889	93546,93774,91576,33235,33235,33235,33235	0	2	27540,29371,541,0,0,0,0	2	77666
176549	47	128	81	23	19	4	0	0	215	524	1156	720	1898	0	9	373	51	251	0,100,0,0,0,0	19835	334	34	56627	1970	9171	93557,93784,91588,33307,33307,33307,33307	0	1	27540,29371,575,0,0,0,0	1	77675
176504	50	139	91	23	19	4	0	0	230	524	1162	723	1981	5	13	520	58	268	0,100,0,0,0,0	10678	319	50	56670	1977	9439	93571,93799,91605,33388,33388,33388,33388	0	2	27540,29371,625,0,0,0,0	6	77677
176467	54	129	96	21	21	4	0	0	262	524	1168	718	1845	2	6	599	59	266	0,100,0,0,0,0	10769	320	37	56706	1978	9696	93575,93802,91611,33444,33444,33444,33444	0	1	27540,29371,662,0,0,0,0	6	77693
176438	50	136	106	17	20	4	0	0	280	524	1171	708	1850	5	10	794	64	269	0,100,0,0,0,0	10937	304	40	56744	1980	9952	93577,93803,91615,33494,33494,33494,33494	0	3	27540,29371,702,0,0,0,0	6	77704
176407	49	138	107	20	22	4	0	0	296	524	1179	761	1724	1	3	765	60	280	0,100,0,0,0,0	11088	300	46	56783	1987	10202	93585,93809,91625,33547,33547,33547,33547	0	0	27540,29371,748,0,0,0,0	6	77722
176370	59	135	122	13	24	4	2	0	309	524	1184	740	1850	0	13	780	68	291	0,100,0,0,0,0	11057	305	50	56825	1995	10447	93591,93815,91634,33600,33600,33600,33600	0	1	27540,29371,798,0,0,0,0	5	77741
176340	70	128	125	9	20	6	2	0	336	524	1186	731	1887	2	7	951	62	298	0,100,0,0,0,0	20330	264	45	56863	2002	10656	93596,93821,91642,33648,33648,33648,33648	0	5	27540,29371,843,0,0,0,0	8	77753
176312	65	145	121	9	18	6	3	0	352	524	1191	733	1871	3	6	916	64	303	0,100,0,0,0,0	20230	337	46	56901	2011	10951	93589,93814,91639,33695,33695,33695,33695	0	1	27540,29371,890,0,0,0,0	12	77765
176266	74	153	131	11	19	6	3	0	365	524	1194	760	1874	3	8	946	68	329	0,100,0,0,0,0	11320	326	64	56960	2016	11227	93621,93844,91673,33803,33803,33803,33803	0	2	27540,29371,954,0,0,0,0	15	77766
176223	80	152	134	15	19	6	3	0	389	524	1201	767	1785	4	9	1069	73	336	0,100,0,0,0,0	11308	355	51	57004	2023	11534	93635,93857,91690,33884,33884,33884,33884	0	2	27540,29371,1005,0,0,0,0	13	77776
176166	89	167	136	21	20	6	3	0	412	524	1202	764	1816	2	7	999	75	367	0,100,0,0,0,0	11429	293	72	57064	2035	11788	93658,93880,91717,33992,33992,33992,33992	0	2	27540,29371,1076,0,0,0,0	16	77766
176111	104	174	140	20	18	6	3	0	439	524	1207	772	1979	3	11	970	84	381	0,100,0,0,0,0	11257	266	72	57128	2043	12014	93682,93902,91743,34083,34083,34083,34083	0	3	27540,29371,1148,0,0,0,0	12	77765
176068	115	174	147	27	22	6	4	0	450	524	1209	797	1893	3	4	801	88	407	0,100,0,0,0,0	11140	312	69	57189	2052	12271	93695,93915,91760,34149,34149,34149,34149	0	3	27540,29371,1218,0,0,0,0	10	77779
176047	100	190	150	27	23	10	3	0	458	525	1213	778	1834	7	10	651	87	416	0,100,0,0,0,0	19989	270	51	57231	2061	12500	93702,93921,91771,34218,34218,34218,34218	0	4	27540,29371,1269,0,0,0,0	10	77774
176000	104	203	160	29	26	8	3	0	468	525	1220	781	1828	0	5	758	94	439	0,100,0,0,0,0	20300	317	67	57289	2071	12768	93734,93953,91808,34329,34329,34329,34329	0	3	27540,29371,1335,0,0,0,0	11	77768
175932	122	220	148	35	31	7	5	0	494	525	1227	802	1787	4	11	712	96	472	0,100,0,0,0,0	11161	324	89	57372	2078	13042	93814,94031,91894,34482,34482,34482,34482	0	3	27540,29371,1425,0,0,0,0	12	77768
175878	129	222	169	37	34	6	4	0	509	526	1232	786	1972	4	15	889	107	494	0,100,0,0,0,0	11013	295	84	57448	2087	13294	93889,94104,91973,34617,34617,34617,34617	0	5	27540,29371,1510,0,0,0,0	13	77769
175816	137	234	186	39	35	8	4	0	526	527	1234	788	2039	4	9	908	106	537	0,100,0,0,0,0	11262	285	86	57526	2097	13526	93948,94161,92036,34743,34743,34743,34743	0	4	27540,29371,1598,0,0,0,0	10	77774
175762	149	227	209	40	34	5	4	0	551	528	1237	803	1786	3	11	976	101	567	0,100,0,0,0,0	11214	313	90	57605	2110	13782	94005,94217,92100,34861,34861,34861,34861	0	2	27540,29371,1689,0,0,0,0	9	77778
175671	158	264	208	39	38	5	4	0	590	528	1241	802	1950	2	9	969	100	616	0,100,0,0,0,0	11147	264	117	57717	2116	14018	94092,94302,92191,35018,35018,35018,35018	0	3	27540,29371,1807,0,0,0,0	10	77758
175614	162	295	203	37	33	2	4	0	619	528	1249	829	1973	3	9	1107	96	640	0,100,0,0,0,0	20540	301	99	57800	2134	14273	94144,94353,92250,35141,35141,35141,35141	0	4	27540,29371,1908,0,0,0,0	6	77741
175561	147	308	213	38	37	2	3	0	652	529	1256	799	1835	6	10	1112	103	645	0,100,0,0,0,0	20609	284	80	57871	2143	14523	94173,94382,92284,35256,35256,35256,35256	0	5	27540,29371,1987,0,0,0,0	7	77711
175476	151	342	242	29	41	4	3	0	670	529	1259	772	1889	3	9	1243	121	691	0,100,0,0,0,0	11437	285	132	57983	2163	14777	94236,94444,92353,35399,35399,35399,35399	0	4	27540,29371,2118,0,0,0,0	6	77683
175375	177	329	260	37	45	5	3	0	721	529	1265	744	1814	7	14	1231	121	735	0,100,0,0,0,0	11506	272	129	58100	2175	15003	94312,94519,92433,35552,35552,35552,35552	0	6	27540,29371,2245,0,0,0,0	9	77670
175254	197	338	288	48	53	4	3	0	763	529	1269	760	1994	4	17	1250	135	796	0,100,0,0,0,0	11505	297	152	58237	2191	15256	94393,94599,92519,35708,35708,35708,35708	0	7	27540,29371,2398,0,0,0,0	12	77652
175130	224	371	298	52	44	5	4	0	815	529	1274	754	2018	7	20	1368	140	858	0,100,0,0,0,0	11456	299	155	58376	2208	15512	94487,94691,92617,35882,35882,35882,35882	0	6	27540,29371,2553,0,0,0,0	10	77630
175001	250	400	330	49	41	6	4	0	858	529	1278	724	1971	9	17	1389	140	940	0,100,0,0,0,0	11603	274	167	58534	2220	15749	94587,94789,92722,36064,36064,36064,36064	0	8	27540,29371,2722,0,0,0,0	11	77594
174916	249	403	328	55	43	8	4	0	928	530	1282	729	1964	10	12	1502	138	952	0,100,0,0,0,0	20736	292	124	58645	2233	16000	94649,94850,92789,36201,36201,36201,36201	0	11	27540,29371,2846,0,0,0,0	12	77570
174829	229	445	340	70	49	7	5	0	953	530	1289	728	2038	13	18	1543	155	990	0,100,0,0,0,0	21060	291	135	58769	2244	16249	94705,94906,92851,36359,36359,36359,36359	0	4	27540,29371,2981,0,0,0,0	18	77523
174690	262	462	347	79	59	7	3	0	1013	532	1292	721	2031	3	22	1538	186	1033	0,100,0,0,0,0	11856	275	189	58942	2261	16488	94810,95009,92960,36561,36561,36561,36561	0	3	27540,29371,3171,0,0,0,0	16	77480
174551	281	511	358	71	69	7	4	0	1067	532	1295	757	1918	13	19	1675	193	1108	0,100,0,0,0,0	11937	295	199	59121	2283	16748	94916,95115,93073,36762,36762,36762,36762	0	9	27540,29371,3372,0,0,0,0	17	77424
174404	299	551	377	75	69	7	3	0	1129	533	1299	749	1986	10	31	1816	223	1158	0,100,0,0,0,0	11921	312	205	59291	2319	17027	95022,95221,93187,36970,36970,36970,36970	0	9	27540,29371,3576,0,0,0,0	16	77369
174259	309	577	421	81	72	7	3	0	1181	534	1302	742	1788	10	19	2103	224	1246	0,100,0,0,0,0	12282	282	210	59480	2341	17283	95150,95347,93321,37199,37199,37199,37199	0	6	27540,29371,3786,0,0,0,0	15	77310
174068	339	637	446	79	73	7	3	0	1251	534	1309	722	1862	9	22	2284	227	1357	0,100,0,0,0,0	12652	294	248	59699	2370	17548	95295,95492,93473,37448,37448,37448,37448	0	9	27540,29371,4031,0,0,0,0	16	77245
173896	348	670	476	95	80	7	3	0	1323	534	1314	731	1838	15	22	2312	229	1450	0,100,0,0,0,0	21645	277	244	59919	2395	17791	95435,95631,93620,37699,37699,37699,37699	0	15	27540,29371,4274,0,0,0,0	21	77165
173740	352	694	511	105	82	9	4	0	1397	535	1317	739	2101	12	34	2827	279	1478	0,100,0,0,0,0	22094	281	216	60113	2419	18032	95547,95742,93737,37916,37916,37916,37916	1	10	27540,29371,4490,0,0,0,0	24	77095
173547	368	730	552	115	95	7	4	0	1473	535	1320	723	2091	13	24	2976	300	1571	0,100,0,0,0,0	13401	299	284	60369	2449	18290	95717,95911,93917,38184,38184,38184,38184	1	7	27540,29371,4776,0,0,0,0	23	77025
173343	412	740	586	122	105	6	3	0	1568	537	1324	697	1942	14	39	3290	327	1647	0,100,0,0,0,0	13437	330	288	60621	2486	18582	95893,96088,94103,38461,38461,38461,38461	1	13	27540,29371,5064,0,0,0,0	21	76962
173145	440	782	607	117	122	9	3	0	1656	537	1328	678	1992	14	38	3621	341	1739	0,100,0,0,0,0	13676	330	296	60877	2528	18875	96064,96259,94284,38751,38751,38751,38751	1	17	27540,29371,5361,0,0,0,0	19	76862
172944	476	811	635	123	120	8	4	0	1758	537	1330	684	2001	13	31	3842	335	1842	0,100,0,0,0,0	13926	300	301	61143	2564	19132	96242,96439,94474,39047,39047,39047,39047	1	11	27540,29371,5663,0,0,0,0	22	76775
172687	506	899	665	116	121	9	5	0	1870	537	1331	678	1992	11	37	4094	356	1965	0,100,0,0,0,0	14380	271	350	61458	2601	19371	96454,96650,94695,39376,39376,39376,39376	1	12	27540,29371,6013,0,0,0,0	22	76659
172494	510	917	705	119	124	11	6	0	1990	537	1333	680	2069	20	34	3985	361	2031	0,100,0,0,0,0	23363	298	301	61723	2640	19638	96611,96806,94862,39642,39642,39642,39642	1	14	27540,29371,6316,0,0,0,0	26	76548
172294	490	968	743	129	126	12	6	0	2106	537	1335	675	2036	16	51	3983	395	2079	0,100,0,0,0,0	23159	343	301	61986	2678	19936	96777,96972,95038,39933,39933,39933,39933	1	19	27540,29371,6614,0,0,0,0	32	76428
172081	478	1020	814	130	138	11	3	1	2194	539	1337	669	1814	15	44	4271	421	2173	0,100,0,0,0,0	24722	326	327	62279	2719	20219	96975,97171,95248,40255,40255,40255,40255	1	13	27540,29371,6947,0,0,0,0	25	76311
171836	523	1007	880	131	131	14	4	1	2337	540	1342	683	2046	12	43	4068	445	2245	0,100,0,0,0,0	24920	277	352	62589	2765	20462	97182,97378,95466,40591,40591,40591,40591	1	15	27540,29371,7302,0,0,0,0	25	76175
171634	534	1064	878	137	134	16	3	1	2457	541	1347	664	2049	24	53	4141	470	2296	0,100,0,0,0,0	24704	292	345	62892	2809	20710	97372,97567,95669,40885,40885,40885,40885	1	19	27540,29371,7648,0,0,0,0	33	76052
171445	536	1077	904	131	158	17	5	1	2581	541	1350	650	1842	23	46	4308	468	2360	0,100,0,0,0,0	24802	303	338	63187	2854	20974	97546,97741,95858,41169,41169,41169,41169	1	16	27540,29371,7987,0,0,0,0	34	75911
171227	551	1048	937	143	168	16	5	0	2752	542	1357	679	1839	20	52	4303	485	2383	0,100,0,0,0,0	24749	302	337	63484	2898	21242	97731,97926,96054,41462,41462,41462,41462	1	19	27540,29371,8328,0,0,0,0	39	75791
171046	562	1049	965	166	166	17	7	0	2868	542	1358	699	2065	23	46	4398	503	2429	0,100,0,0,0,0	23380	296	342	63785	2942	21498	97908,98104,96247,41755,41755,41755,41755	2	25	27540,29371,8673,0,0,0,0	45	75637
170869	523	1071	998	181	182	16	8	0	2993	542	1363	671	2047	22	51	4454	522	2457	0,100,0,0,0,0	23455	286	344	64088	2984	21739	98097,98292,96450,42036,42036,42036,42036	2	15	27540,29371,9016,0,0,0,0	50	75517
170654	537	1089	1018	183	179	20	11	0	3147	542	1366	663	1937	23	71	4601	550	2487	0,100,0,0,0,0	24937	315	370	64404	3043	22004	98291,98486,96659,42336,42336,42336,42336	2	17	27540,29371,9387,0,0,0,0	44	75380
170404	606	1134	990	197	182	22	11	1	3286	544	1369	649	1967	21	59	5049	582	2560	0,100,0,0,0,0	15389	516	426	64779	3100	22475	98556,98750,96939,42699,42699,42699,42699	2	20	27540,29371,9812,0,0,0,0	56	75243
170104	661	1231	972	206	188	19	13	1	3432	545	1374	636	1939	24	62	5032	588	2702	0,100,0,0,0,0	15340	562	485	65193	3173	22988	98892,99086,97293,43199,43199,43199,43199	2	25	27540,29371,10298,0,0,0,0	54	75063
169819	697	1304	990	213	212	18	14	1	3556	545	1377	662	2078	21	71	5104	623	2825	0,100,0,0,0,0	15265	502	467	65595	3239	23448	99230,99425,97649,43710,43710,43710,43710	2	25	27540,29371,10763,0,0,0,0	52	74883
169528	716	1407	1025	214	198	19	10	2	3699	549	1379	670	1958	25	66	5340	616	2973	0,100,0,0,0,0	15612	520	508	66014	3331	23922	99564,99759,98003,44202,44202,44202,44202	2	24	27540,29371,11269,0,0,0,0	49	74710
169262	751	1447	1069	226	220	24	11	2	3799	550	1385	653	1842	21	65	5361	643	3105	0,100,0,0,0,0	24288	525	489	66448	3389	24406	99915,100110,98373,44707,44707,44707,44707	2	24	27540,29371,11758,0,0,0,0	56	74519
169064	747	1457	1116	225	241	30	13	2	3912	551	1388	625	1974	33	58	5513	651	3178	0,100,0,0,0,0	24375	517	438	66812	3466	24868	100214,100409,98695,45150,45150,45150,45150	2	25	27540,29371,12193,0,0,0,0	57	74362
168803	791	1495	1173	239	230	29	11	1	4030	553	1391	617	1969	31	87	5844	711	3257	0,100,0,0,0,0	16212	520	505	67244	3543	25336	100564,100760,99066,45651,45651,45651,45651	2	22	27540,29371,12693,0,0,0,0	59	74171
168476	857	1539	1220	227	239	29	16	1	4194	553	1395	621	2028	31	79	5994	728	3399	0,100,0,0,0,0	16284	676	567	67719	3640	25939	100958,101155,99483,46192,46192,46192,46192	2	27	27540,29371,13262,0,0,0,0	62	74010
168116	917	1622	1275	247	233	26	17	1	4339	555	1398	630	1991	20	79	6144	776	3561	0,100,0,0,0,0	16227	681	613	68237	3738	26561	101430,101626,99978,46837,46837,46837,46837	3	24	27540,29371,13873,0,0,0,0	60	73809
167745	954	1749	1341	254	224	28	17	2	4476	556	1400	637	1934	33	83	5670	773	3794	0,100,0,0,0,0	16019	689	658	68787	3853	27185	101925,102120,100499,47504,47504,47504,47504	3	29	27540,29371,14531,0,0,0,0	59	73620
167373	958	1843	1429	271	228	28	17	3	4635	558	1403	648	1993	27	82	5902	785	3989	0,100,0,0,0,0	15884	667	642	69342	3942	27792	102416,102611,101015,48185,48185,48185,48185	3	31	27540,29371,15171,0,0,0,0	66	73394
167044	951	1952	1458	284	235	23	21	2	4809	559	1408	640	1935	30	62	5911	790	4134	0,100,0,0,0,0	25006	667	616	69875	4032	28397	102872,103069,101496,48830,48830,48830,48830	3	40	27540,29371,15786,0,0,0,0	72	73143
166725	913	1977	1561	309	252	29	18	3	4983	563	1413	618	2009	45	85	5727	817	4242	0,100,0,0,0,0	24790	618	599	70382	4128	28950	103324,103522,101974,49459,49459,49459,49459	3	33	27540,29371,16384,0,0,0,0	76	72917
166278	995	2025	1647	333	273	35	20	3	5158	564	1415	617	2042	37	104	6051	901	4427	0,100,0,0,0,0	16355	666	738	71024	4232	29540	103864,104062,102541,50176,50176,50176,50176	3	30	27540,29371,17125,0,0,0,0	82	72666
165793	1112	2050	1721	353	294	35	18	4	5382	566	1418	598	1941	43	91	6285	939	4644	0,100,0,0,0,0	16584	923	785	71701	4345	30387	104447,104643,103149,50943,50943,50943,50943	3	37	27540,29371,17910,0,0,0,0	94	72389
165354	1195	2098	1782	363	304	38	18	3	5600	569	1422	600	2020	36	117	6399	997	4801	0,100,0,0,0,0	16736	870	764	72360	4452	31191	105085,105283,103817,51804,51804,51804,51804	4	34	27540,29371,18674,0,0,0,0	81	72120
164931	1200	2213	1832	372	312	38	15	4	5826	572	1431	602	1931	30	115	6501	1045	4937	0,100,0,0,0,0	16717	800	773	73021	4568	31943	105728,105925,104491,52651,52651,52651,52651	4	33	27540,29371,19447,0,0,0,0	77	71843
164446	1271	2295	1884	387	305	46	15	5	6083	574	1435	580	1969	41	112	7149	1072	5131	0,100,0,0,0,0	17223	898	811	73699	4708	32763	106370,106567,105163,53505,53505,53505,53505	4	39	27540,29371,20259,0,0,0,0	90	71576
164051	1262	2368	1928	396	341	44	12	6	6321	576	1441	579	2043	37	105	7367	1094	5257	0,100,0,0,0,0	25828	852	760	74346	4827	33554	106985,107181,105810,54320,54320,54320,54320	4	39	27540,29371,21019,0,0,0,0	88	71308
163724	1196	2447	1961	403	366	46	12	6	6565	577	1443	566	1922	62	113	7798	1128	5303	0,100,0,0,0,0	26413	1013	726	74944	4960	34381	107547,107744,106407,55066,55066,55066,55066	4	43	27540,29371,21738,0,0,0,0	87	71113
163313	1246	2456	2053	396	390	43	14	5	6803	577	1450	592	2004	38	139	8216	1254	5344	0,100,0,0,0,0	18344	966	828	75634	5107	35189	108222,108419,107118,55932,55932,55932,55932	4	30	27540,29371,22561,0,0,0,0	84	70889
162826	1365	2467	2144	398	401	46	16	4	7045	581	1453	600	2005	42	130	8898	1328	5509	0,100,0,0,0,0	19027	1703	918	76403	5261	36706	108916,109114,107850,56840,56840,56840,56840	4	49	27540,29371,23469,0,0,0,0	83	70584
162426	1389	2611	2155	394	393	46	22	3	7267	583	1457	585	1965	51	108	9129	1352	5658	0,100,0,0,0,0	19488	1690	876	77154	5393	38228	109808,110007,108783,58023,58023,58023,58023	5	48	27540,29371,24346,0,0,0,0	90	70308
161943	1435	2647	2289	396	401	46	25	2	7519	584	1459	559	1966	37	123	9013	1392	5847	0,100,0,0,0,0	19413	1738	911	77916	5545	39758	110706,110906,109719,59237,59237,59237,59237	5	35	27540,29371,25246,0,0,0,0	96	70020
161478	1439	2776	2276	403	428	53	28	3	7814	585	1463	562	1967	65	142	9339	1409	5994	0,100,0,0,0,0	19575	1728	921	78699	5688	41300	111621,111824,110676,60462,60462,60462,60462	5	51	27540,29371,26159,0,0,0,0	104	69721
161213	1349	2771	2324	422	454	55	32	4	8072	585	1465	541	1935	45	132	9355	1443	5964	0,100,0,0,0,0	27839	1591	770	79346	5817	42693	112421,112623,111518,61531,61531,61531,61531	5	27	27540,29371,26923,0,0,0,0	112	69479
160856	1302	2824	2354	445	454	60	32	4	8359	587	1469	546	1941	54	150	9459	1502	5969	0,99,0,0,0,0	28359	1693	795	80039	5957	44234	113241,113444,112377,62595,62595,62595,62595	5	42	27540,29371,27711,31,0,0,0	113	69184
160407	1340	2908	2330	444	457	59	28	4	8702	594	1473	531	1888	53	140	9717	1478	6088	0,99,0,0,0,0	20160	1672	899	80800	6129	45755	114155,114358,113334,63801,63801,63801,63801	5	43	27540,29371,28601,63,0,0,0	109	68849
159974	1417	2925	2427	449	466	61	29	4	8918	599	1477	517	2050	65	158	9855	1551	6223	0,98,1,0,0,0	19977	885	951	81605	6307	46482	115104,115308,114331,64994,64994,64994,64994	5	42	27540,29371,29540,97,0,0,0	108	68533
159566	1419	2980	2485	488	454	56	30	4	9177	602	1485	533	2042	47	141	10322	1590	6322	0,98,1,0,0,0	20439	883	906	82391	6464	47220	115816,116021,115086,65818,65818,65818,65818	5	41	27540,29371,30418,145,0,0,0	111	68200
159125	1472	2909	2629	508	469	57	28	5	9453	604	1487	515	1979	61	147	10226	1610	6462	0,97,2,0,0,0	20717	839	922	83172	6644	47908	116519,116724,115830,66643,66643,66643,66643	5	32	27540,29371,31293,212,0,0,0	106	67887
158692	1528	2930	2639	539	485	60	25	6	9741	608	1493	528	1870	47	151	10672	1638	6568	0,96,3,0,0,0	20574	868	947	83969	6834	48627	117203,117408,116559,67439,67439,67439,67439	5	40	27540,29371,32188,294,0,0,0	95	67556
158447	1442	2936	2696	531	495	60	24	6	9999	612	1498	522	1973	51	160	10598	1643	6541	0,96,3,0,0,0	28980	908	836	84653	6996	49379	117788,117996,117191,68104,68104,68104,68104	5	44	27540,29371,32951,358,0,0,0	103	67240
158278	1337	2858	2755	538	514	61	25	6	10260	614	1500	514	2006	56	141	10677	1644	6444	0,95,4,0,0,0	28980	839	785	85266	7177	50077	118335,118544,117786,68715,68714,68714,68714	5	51	27540,29371,33656,424,0,0,0	105	66964
157962	1366	2837	2811	506	488	65	26	6	10558	617	1504	526	2028	55	149	11192	1635	6464	0,94,5,0,0,0	21496	857	932	86015	7369	50786	118973,119181,118472,69447,69446,69446,69446	5	43	27540,29371,34486,516,0,0,0	104	66617
157692	1399	2847	2810	485	492	64	27	6	10799	619	1506	524	1944	57	170	11033	1654	6470	0,93,6,0,0,0	21574	803	908	86719	7581	51435	119585,119793,119133,70116,70115,70115,70115	5	48	27540,29371,35266,628,0,0,0	116	66314
157467	1414	2860	2794	485	473	62	27	6	11029	621	1508	551	1817	48	163	11166	1658	6457	0,93,6,0,0,0	21521	726	900	87427	7780	52007	120163,120371,119763,70747,70745,70745,70745	5	36	27540,29371,36048,737,0,0,0	119	66015
157209	1436	2889	2758	487	481	68	32	5	11247	622	1512	571	2008	55	162	11759	1643	6508	0,92,7,0,0,0	21997	772	955	88156	8009	52618	120726,120933,120377,71366,71364,71364,71364	5	39	27540,29371,36876,849,0,0,0	127	65683
156979	1460	2900	2736	495	471	68	37	3	11460	624	1513	568	2024	57	154	11510	1632	6535	0,91,8,0,0,0	22272	766	955	88888	8237	53226	121305,121513,121012,71986,71984,71984,71984	6	50	27540,29371,37672,990,0,0,0	137	65351
156849	1412	2854	2759	485	482	64	39	1	11653	629	1519	558	1991	54	145	11596	1611	6484	0,90,9,0,0,0	30014	766	843	89530	8440	53827	121804,122013,121565,72514,72510,72510,72510	6	42	27540,29371,38367,1125,0,0,0	140	65058
156738	1354	2813	2758	489	459	67	37	2	11875	632	1522	565	1899	55	147	11229	1586	6391	0,89,10,0,0,0	29992	720	791	90137	8627	54395	122268,122475,122076,72997,72992,72992,72992	5	37	27540,29371,39008,1257,0,0,0	140	64766
156590	1376	2817	2685	472	473	67	34	3	12067	637	1525	549	2017	61	158	10807	1541	6383	0,88,11,0,0,0	21466	713	894	90826	8841	54950	122782,122988,122645,73532,73526,73526,73526	6	53	27540,29371,39727,1427,0,0,0	138	64452
156398	1427	2792	2694	487	464	67	33	2	12215	641	1526	518	1924	50	156	11027	1539	6425	0,87,12,0,0,0	21365	411	929	91508	9097	55203	123293,123502,123213,74087,74079,74079,74079	6	47	27540,29371,40446,1625,0,0,0	149	64117
156248	1466	2784	2642	475	482	66	36	2	12376	643	1526	526	1952	50	151	10667	1480	6471	0,86,13,0,0,0	21155	469	933	92222	9322	55499	123736,123944,123711,74508,74497,74497,74497	6	33	27540,29371,41169,1824,0,0,0	138	63756
156067	1497	2802	2631	450	459	70	31	3	12560	647	1529	524	1993	53	169	10877	1446	6494	0,85,14,0,0,0	21415	403	955	92904	9601	55752	124175,124385,124208,74942,74929,74929,74929	6	45	27540,29371,41880,2055,0,0,0	140	63424
155988	1537	2810	2569	447	458	71	34	4	12647	649	1532	516	1983	46	159	10648	1432	6494	0,83,16,0,0,0	20952	394	911	93583	9839	55996	124579,124787,124669,75307,75291,75291,75291	6	39	27540,29371,42542,2291,0,0,0	138	63081
156006	1477	2790	2604	447	469	71	30	5	12661	652	1534	503	1960	52	148	10207	1436	6452	0,82,17,0,0,0	28917	298	811	94162	10078	56243	124891,125096,125038,75584,75566,75566,75566	6	44	27540,29371,43091,2543,0,0,0	137	62734
155995	1384	2767	2610	462	468	68	33	5	12761	655	1538	489	1952	51	144	9902	1390	6402	0,80,19,0,0,0	28258	281	800	94757	10292	56524	125224,125432,125428,75886,75864,75864,75864	6	47	27540,29371,43631,2801,0,0,0	133	62370
155883	1393	2735	2697	446	454	66	34	4	12832	660	1542	479	1921	51	173	9829	1427	6398	0,78,21,0,0,0	20307	255	907	95380	10580	56779	125610,125818,125866,76268,76243,76243,76243	6	44	27540,29371,44181,3143,0,0,0	126	62003
155807	1431	2677	2714	475	444	66	37	6	12877	663	1549	447	1957	56	142	9935	1442	6402	0,76,23,0,0,0	20133	87	923	96025	10866	56866	126001,126210,126316,76662,76632,76632,76632	6	50	27540,29371,44740,3489,0,0,0	139	61619
155711	1447	2630	2673	463	466	65	36	7	13030	664	1554	457	2041	48	149	9979	1410	6370	0,74,25,0,0,0	29236	88	874	96613	11161	56954	126303,126513,126669,76935,76902,76902,76902	6	43	27540,29371,45254,3829,0,0,0	135	61258
155698	1484	2603	2617	438	442	66	33	7	13133	669	1556	454	1914	61	156	9949	1380	6303	0,72,27,0,0,0	29743	96	889	97213	11453	57050	126601,126813,127023,77207,77168,77168,77168	6	53	27540,29371,45732,4227,0,0,0	121	60898
155732	1434	2561	2590	405	452	66	34	8	13233	672	1559	443	1898	50	142	10145	1351	6191	0,69,30,0,0,0	28417	92	832	97784	11719	57142	126853,127067,127330,77419,77374,77374,77374	6	50	27540,29371,46171,4614,0,0,0	127	60533
155747	1383	2583	2586	405	418	72	36	8	13273	675	1560	469	2021	48	126	9643	1337	6146	0,67,32,0,0,0	28407	93	815	98326	11992	57235	127111,127324,127636,77654,77602,77602,77602	6	50	27540,29371,46553,5028,0,0,0	125	60197
155778	1359	2566	2539	407	419	70	38	9	13321	676	1564	449	1833	57	121	9392	1313	6085	0,65,34,0,0,0	27872	96	826	98860	12290	57331	127341,127555,127915,77877,77817,77817,77817	6	53	27540,29371,46923,5471,0,0,0	139	59862
155815	1370	2483	2588	403	410	75	36	11	13313	677	1565	482	2038	59	148	8866	1309	6056	0,62,37,0,0,0	28559	119	853	99420	12589	57450	127559,127772,128184,78096,78027,78027,78027	6	40	27540,29371,47312,5924,0,0,0	123	59498
155812	1362	2486	2523	396	421	72	36	13	13375	681	1569	457	2020	62	146	9287	1295	6001	0,60,39,0,0,0	28485	73	843	99973	12889	57523	127794,128007,128467,78343,78265,78265,78265	6	46	27540,29371,47667,6401,0,0,0	127	59118
155768	1386	2460	2450	399	400	67	33	9	13520	685	1569	469	1839	64	139	9436	1279	5916	0,57,42,0,0,0	29312	94	894	100520	13245	57617	128018,128232,128741,78582,78497,78497,78497	6	56	27540,29371,48000,6950,0,0,0	129	58755
155692	1481	2455	2411	363	388	66	34	10	13590	686	1570	474	2000	54	114	9294	1249	5949	0,54,45,0,0,0	29118	92	916	101122	13567	57709	128274,128486,129043,78883,78788,78788,78788	6	52	27540,29371,48330,7524,0,0,0	129	58348
155573	1555	2414	2471	361	371	64	34	9	13631	688	1575	473	1940	56	126	9175	1221	6049	0,51,48,0,0,0	29042	73	941	101716	13921	57782	128533,128743,129342,79203,79098,79098,79098	6	47	27540,29371,48644,8136,0,0,0	129	57943
155616	1555	2471	2474	352	374	53	33	12	13540	690	1576	472	2015	57	116	8647	1169	6143	0,48,51,0,0,0	27563	75	879	102251	14272	57857	128747,128954,129601,79427,79311,79311,79311	6	43	27540,29371,48923,8728,0,0,0	127	57602
155562	1534	2510	2498	356	339	48	27	11	13586	697	1578	495	1974	56	116	8189	1130	6182	0,46,53,0,0,0	26959	79	903	102790	14644	57936	128962,129167,129858,79709,79581,79581,79581	6	48	27540,29371,49176,9366,0,0,0	120	57245
155346	1681	2584	2502	352	341	51	30	12	13566	698	1583	528	1991	64	128	8145	1151	6390	0,43,56,0,0,0	18112	92	1117	103478	15078	58028	129272,129475,130212,80145,80004,80004,80004	6	49	27540,29371,49473,10172,0,0,0	112	56777
155085	1855	2625	2571	332	345	50	31	10	13554	701	1587	505	1895	61	117	8668	1172	6637	0,40,59,0,0,0	18682	280	1143	104159	15551	58308	129590,129790,130568,80605,80449,80449,80449	6	66	27540,29371,49733,11051,0,0,0	117	56335
154832	1916	2737	2662	326	325	54	29	11	13563	701	1590	484	1932	61	111	8851	1175	6874	0,37,62,0,0,0	18954	288	1179	104831	16062	58596	129930,130129,130951,81131,80961,80961,80961	7	59	27540,29371,49972,11974,0,0,0	119	55885
154517	1965	2909	2662	331	337	50	22	15	13638	705	1595	490	1925	59	113	8498	1138	7138	0,34,65,0,0,0	18777	259	1210	105543	16567	58855	130302,130503,131361,81722,81535,81535,81535	7	65	27540,29371,50200,12946,0,0,0	109	55409
153941	2177	3065	2678	325	347	51	22	13	13821	708	1598	504	1998	68	127	8033	1137	7528	0,30,69,0,0,0	18239	323	1414	106363	17172	59178	130752,130951,131844,82464,82261,82261,82261	7	64	27540,29371,50416,14133,0,0,0	108	54858
153600	2194	3119	2823	325	363	54	21	13	13923	711	1600	496	1981	76	129	7532	1153	7746	0,28,71,0,0,0	26437	275	1241	107066	17723	59453	131113,131312,132244,83066,82844,82844,82844	7	70	27540,29371,50631,15156,0,0,0	109	54388
153209	2144	3256	3008	325	346	52	22	12	14057	712	1603	503	1961	80	114	7604	1169	7984	0,26,73,0,0,0	26391	269	1259	107774	18288	59722	131471,131672,132635,83693,83452,83452,83452	7	81	27540,29371,50799,16249,0,0,0	121	53911
152509	2416	3338	3081	353	360	48	21	10	14289	716	1605	524	1994	82	124	7765	1169	8448	0,23,76,0,0,0	18129	318	1576	108657	19014	60040	131930,132131,133125,84529,84268,84268,84268	8	83	27540,29371,50960,17658,20,0,0	111	53289
151729	2654	3543	3171	342	372	49	25	9	14525	718	1609	515	1953	87	139	8309	1243	8913	0,21,78,0,0,0	18328	347	1637	109588	19744	60387	132455,132655,133677,85468,85185,85185,85185	8	78	27540,29371,51137,19104,35,0,0	110	52679
150982	2737	3770	3276	361	415	44	25	8	14796	722	1610	527	1876	75	148	8713	1315	9313	0,18,80,0,0,0	18684	348	1657	110475	20544	60735	132940,133136,134188,86395,86086,86086,86086	8	84	27540,29371,51290,20598,60,0,0	107	52074
150174	2874	4063	3472	356	398	38	23	7	14999	728	1614	521	2009	95	155	8446	1324	9900	0,16,82,0,0,0	18893	367	1796	111393	21454	61102	133433,133627,134707,87375,87038,87038,87038	9	90	27540,29371,51433,22228,96,0,0	110	51432
149065	3188	4274	3740	376	418	38	23	7	15267	732	1618	508	1907	104	149	8417	1375	10682	0,15,83,1,0,0	18894	329	2054	112487	22439	61431	134063,134256,135364,88597,88234,88234,88234	9	99	27540,29371,51592,24084,138,0,0	101	50664
148171	3268	4428	3951	407	429	41	25	7	15667	732	1620	489	2003	116	152	8881	1482	11067	0,13,84,1,0,0	27293	341	1846	113428	23374	61772	134572,134762,135898,89637,89244,89244,89244	10	109	27540,29371,51726,25761,185,0,0	122	50017
147350	3135	4740	4116	436	419	42	23	9	16119	733	1624	453	1972	123	168	8993	1590	11321	0,12,85,1,0,0	27327	354	1844	114342	24325	62126	135006,135195,136355,90616,90187,90187,90187	10	96	27540,29371,51826,27452,226,0,0	120	49341
146052	3523	4942	4310	468	444	40	21	9	16576	735	1626	470	1890	102	177	9463	1718	12030	0,11,86,1,0,0	19290	355	2377	115514	25549	62481	135661,135848,137025,91995,91529,91529,91529	10	107	27540,29371,51957,29621,300,0,0	119	48545
144704	3950	4946	4577	483	463	44	20	11	17183	736	1629	464	1966	110	186	9930	1823	12660	0,10,87,2,0,0	19870	376	2355	116690	26741	62857	136315,136499,137695,93373,92870,92870,92870	11	114	27540,29371,52071,31762,389,0,0	123	47709
143371	4059	5276	4883	496	445	47	20	10	17766	738	1635	482	1913	115	197	10276	1945	13281	0,9,88,2,0,0	20424	352	2431	117941	27932	63209	136962,137144,138358,94793,94246,94246,94246	11	115	27540,29371,52175,33986,479,0,0	148	46803
141960	4162	5635	5008	514	449	50	20	13	18558	739	1638	462	1983	137	193	10790	2007	13831	0,8,88,2,0,0	21036	363	2483	119191	29179	63572	137621,137801,139032,96241,95654,95653,95653	12	100	27540,29371,52261,36264,584,0,0	142	45922
140558	4285	5896	5299	521	473	51	23	12	19250	739	1639	469	1868	148	204	11062	2120	14428	0,7,89,3,0,0	20962	322	2549	120438	30502	63894	138290,138467,139712,97758,97122,97121,97121	12	117	27540,29371,52355,38621,682,0,0	155	45051
139369	4168	6018	5619	505	517	55	30	11	20073	739	1642	465	1939	127	198	11699	2197	14715	0,6,89,3,0,0	29695	335	2343	121525	31771	64229	138832,139012,140266,99080,98394,98393,98393	13	145	27540,29371,52426,40760,796,0,0	159	44265
138078	4104	6228	5889	514	541	58	33	9	20908	739	1645	484	1965	154	178	12178	2243	15124	0,6,90,3,0,0	30488	342	2511	122708	33117	64571	139420,139598,140862,100496,99760,99758,99758	13	151	27540,29371,52477,43065,932,0,0	162	43419
136581	4394	6226	6195	551	532	63	30	7	21769	746	1652	477	1958	130	242	12466	2372	15619	0,5,90,4,0,0	22720	360	2747	123966	34627	64931	140049,140218,141489,102089,101296,101293,101293	14	149	27540,29371,52529,45580,1108,0,0	162	42498
135133	4688	6271	6283	573	544	68	28	10	22743	749	1656	478	2028	142	218	13084	2380	16075	0,4,90,4,0,0	22898	366	2849	125323	36136	65297	140686,140851,142128,103751,102892,102888,102888	15	157	27540,29371,52592,48165,1299,0,0	163	41480
133730	4739	6503	6384	590	549	71	27	9	23733	751	1660	478	1844	164	237	13383	2406	16457	0,4,90,5,0,0	23482	315	2788	126637	37629	65612	141296,141460,142743,105349,104427,104422,104422	15	138	27540,29371,52629,50680,1519,0,0	170	40506
132370	4767	6743	6526	552	556	67	27	9	24712	751	1666	489	1962	188	222	13515	2465	16773	0,4,90,5,0,0	23743	350	2799	127997	39084	65962	141908,142069,143360,106957,105970,105963,105963	16	158	27540,29371,52681,53200,1723,0,0	174	39476
130883	4889	6889	6851	564	575	69	25	16	25561	754	1670	494	1914	170	244	13852	2503	17359	0,3,89,6,0,0	23745	357	3024	129402	40715	66319	142567,142728,144020,108718,107659,107651,107651	16	161	27540,29371,52734,55892,1976,0,0	164	38447
129910	4753	6890	6948	585	563	69	23	15	26558	759	1673	465	1995	159	203	13469	2404	17427	0,3,89,7,0,0	31691	336	2619	130599	42154	66655	143045,143204,144501,110217,109076,109066,109066	17	147	27540,29371,52760,58182,2263,0,0	180	37563
128984	4456	7082	7059	565	566	65	21	17	27494	760	1677	477	1980	186	220	14050	2440	17374	0,2,89,7,0,0	31593	363	2609	131788	43594	67018	143497,143653,144959,111665,110440,110428,110428	17	153	27540,29371,52793,60460,2527,0,0	185	36672
127707	4660	6939	7224	579	597	62	25	18	28495	760	1680	479	1963	197	256	13748	2543	17543	0,2,89,8,0,0	23938	327	2955	133123	45234	67345	144049,144207,145510,113358,112048,112034,112034	18	165	27540,29371,52821,63017,2854,0,0	167	35667
126502	4887	6835	7329	601	590	53	26	18	29461	761	1683	480	1937	187	257	14030	2664	17657	0,2,88,9,0,0	24107	113	2969	134437	46904	67458	144596,144753,146052,115053,113655,113636,113636	18	171	27540,29371,52846,65551,3225,0,0	163	34710
125413	4902	6911	7260	630	598	49	29	20	30484	764	1686	474	1885	186	223	15184	2778	17601	0,2,87,10,0,0	25142	119	2896	135720	48539	67577	145062,145218,146517,116628,115140,115118,115118	19	159	27540,29371,52873,67983,3612,0,0	159	33762
124468	4830	7075	7275	629	590	51	29	20	31323	765	1691	471	1917	180	249	15072	2782	17697	0,1,87,10,0,0	25202	132	2839	136938	50180	67709	145496,145651,146948,118161,116580,116554,116554	19	171	27540,29371,52889,70357,4017,0,0	167	32858
123616	4797	7072	7256	593	597	46	27	15	32263	770	1694	470	1961	185	272	15334	2786	17602	0,1,86,11,0,0	25236	110	2770	138185	51721	67819	145914,146066,147363,119679,118005,117974,117974	19	147	27540,29371,52912,72625,4462,0,0	153	31912
123179	4507	6909	7441	595	606	50	29	16	32949	770	1695	435	1954	188	198	15242	2726	17411	0,1,85,12,0,0	33019	132	2463	139220	53167	67951	146150,146305,147596,120939,119164,119127,119127	19	144	27540,29371,52928,74603,4891,0,0	150	31103
122771	4221	6739	7494	578	646	54	31	14	33730	772	1696	455	1939	185	237	15082	2721	17042	0,1,84,13,0,0	32842	137	2417	140256	54567	68088	146381,146539,147828,122196,120316,120275,120275	19	146	27540,29371,52951,76507,5343,0,0	151	30303
122244	4225	6682	7377	572	613	57	29	18	34456	774	1699	466	1883	164	251	15548	2802	16753	0,1,83,14,0,0	25324	149	2656	141333	56158	68237	146634,146796,148074,123561,121578,121529,121529	19	142	27540,29371,52961,78589,5849,0,0	152	29484
121690	4374	6478	7296	572	561	53	30	15	35201	775	1701	485	1947	167	256	15511	2731	16633	0,1,82,16,0,0	25597	69	2624	142420	57718	68306	146911,147070,148346,124950,122867,122811,122811	19	153	27540,29371,52976,80581,6418,0,0	163	28660
121428	4245	6286	7227	580	564	50	25	19	35838	779	1705	455	1971	180	209	15664	2651	16326	0,1,81,17,0,0	25521	67	2389	143396	59142	68373	147096,147254,148518,126137,123947,123884,123884	19	116	27540,29371,52992,82330,6975,0,0	151	27924
121385	3991	6197	7130	538	562	53	22	20	36360	782	1706	471	1947	182	226	15453	2532	15961	0,1,79,19,0,0	25699	82	2262	144318	60497	68455	147205,147362,148624,127236,124937,124866,124866	19	114	27540,29371,53003,83875,7618,0,0	138	27221
121348	3835	6065	6876	545	532	55	22	21	36950	786	1711	467	1954	135	236	14541	2408	15522	0,1,77,20,0,0	25264	88	2233	145227	61837	68543	147332,147487,148744,128347,125941,125860,125860	18	120	27540,29371,53014,85467,8216,0,0	140	26517
121569	3596	5794	6762	541	549	57	21	23	37334	787	1713	459	1979	162	191	14341	2299	15021	0,0,76,22,0,0	32065	75	2031	146044	63059	68618	147376,147529,148784,129316,126807,126714,126714	18	130	27540,29371,53023,86859,8790,0,0	144	25895
121976	3376	5621	6579	528	521	51	20	26	37545	788	1715	458	1928	130	196	14332	2235	14461	0,0,74,24,0,0	32198	79	1971	146805	64281	68697	147379,147529,148789,130218,127598,127493,127493	17	115	27540,29371,53028,88163,9381,0,0	146	25327
122356	3333	5336	6443	495	486	51	18	26	37697	789	1716	490	1882	151	226	13944	2172	13990	0,0,72,26,0,0	24348	92	2001	147552	65552	68789	147362,147507,148768,131113,128389,128271,128271	17	94	27540,29371,53038,89380,10097,0,0	142	24763
122870	3291	5037	6237	497	467	46	22	24	37748	789	1718	501	1882	127	192	13768	2102	13495	0,0,70,28,0,0	23759	51	1901	148264	66750	68840	147311,147457,148715,131956,129124,128991,128991	16	114	27540,29371,53043,90537,10759,0,0	128	24224
123354	3207	4970	5864	466	454	44	17	22	37835	793	1720	496	2017	127	183	13446	2029	12993	0,0,68,30,0,0	23509	65	1899	148987	67932	68905	147263,147410,148669,132793,129855,129709,129709	16	106	27540,29371,53052,91603,11509,0,0	128	23668
124023	3083	4823	5668	443	426	36	22	22	37685	793	1722	511	1969	128	186	12982	2008	12493	0,0,67,32,0,0	23074	55	1743	149635	69037	68960	147145,147287,148548,133533,130490,130326,130326	15	83	27540,29371,53063,92578,12203,0,0	119	23169
124590	2991	4581	5613	452	412	36	24	21	37506	793	1727	506	1856	105	186	12809	1965	12144	0,0,65,34,0,0	23080	47	1754	150284	70152	69007	147069,147205,148465,134289,131151,130969,130969	14	77	27540,29371,53067,93508,12961,0,0	115	22666
125547	2708	4484	5378	433	400	33	22	20	37198	794	1729	509	2003	98	150	11880	1793	11665	0,0,63,36,0,0	30132	67	1491	150850	71086	69074	146882,147024,148287,134864,131626,131424,131424	14	104	27540,29371,53068,94297,13604,0,0	116	22215
126454	2521	4314	5120	405	391	38	22	19	36934	795	1733	502	1895	103	160	11879	1672	11139	0,0,61,38,0,0	30051	43	1457	151368	72037	69117	146690,146829,148095,135418,132089,131866,131866	13	87	27540,29371,53074,95004,14296,0,0	120	21801
127274	2551	4059	4949	370	361	40	17	22	36572	796	1735	519	1931	112	147	11370	1586	10761	0,0,58,40,0,0	21761	42	1561	151925	73048	69159	146536,146675,147946,136021,132600,132357,132357	13	85	27540,29371,53078,95715,15081,0,0	102	21377
128132	2510	3843	4807	365	344	38	18	20	36133	798	1738	505	1964	94	166	10977	1524	10401	0,0,56,42,0,0	20961	43	1463	152432	74011	69202	146353,146497,147770,136589,133074,132810,132810	13	83	27540,29371,53084,96368,15843,0,0	103	20982
129097	2355	3720	4646	342	305	37	18	19	35668	799	1740	508	1933	98	158	11074	1473	9950	0,0,53,45,0,0	21054	46	1344	152902	74889	69248	146160,146304,147581,137073,133472,133187,133187	12	72	27540,29371,53088,96893,16602,0,0	93	20622
130080	2348	3581	4436	326	293	35	15	21	35068	800	1743	510	1952	89	126	10676	1378	9656	0,0,51,48,0,0	20589	50	1403	153376	75822	69298	145956,146099,147381,137568,133886,133575,133575	12	86	27540,29371,53091,97410,17435,0,0	85	20255
131118	2255	3478	4229	301	281	34	14	20	34470	801	1745	499	1938	88	128	10319	1311	9281	0,0,48,50,0,0	20492	41	1287	153819	76672	69339	145742,145885,147169,138011,134248,133912,133912	11	74	27540,29371,53096,97842,18232,0,0	95	19913
132211	2085	3349	4083	276	253	28	17	22	33870	803	1749	492	1954	82	97	9658	1174	8917	0,0,45,53,0,0	28355	46	1147	154176	77468	69385	145479,145623,146914,138367,134530,134166,134166	11	60	27540,29371,53096,98234,18948,0,0	93	19620
133265	2031	3146	3949	263	259	29	19	20	33209	804	1752	474	1966	90	106	8952	1145	8551	0,0,43,56,0,0	27571	51	1159	154558	78253	69436	145243,145384,146678,138745,134830,134442,134442	10	66	27540,29371,53097,98598,19710,0,0	103	19323
134232	2040	3070	3752	269	256	27	13	20	32504	810	1753	469	1953	82	120	9419	1165	8262	0,0,40,59,0,0	19394	39	1235	154935	79123	69475	145011,145156,146455,139124,135147,134729,134729	10	60	27540,29371,53100,98923,20573,0,0	88	19024
135232	2063	3007	3604	257	253	28	13	19	31702	811	1757	481	1939	90	97	9303	1119	8106	0,0,38,61,0,0	19560	20	1204	155316	79953	69495	144783,144925,146228,139497,135454,135009,135009	10	62	27540,29371,53101,99254,21400,0,0	82	18719
136232	1993	2994	3460	243	240	27	9	17	30959	814	1758	507	1951	99	91	9388	1123	7843	0,0,35,63,0,0	19363	24	1163	155673	80766	69519	144552,144691,146005,139831,135731,135256,135256	9	66	27540,29371,53106,99546,22221,0,0	76	18453
137225	1927	2978	3368	240	233	20	9	16	30155	815	1760	517	2014	74	117	9556	1133	7642	0,0,33,66,0,0	19500	30	1130	156018	81556	69549	144316,144452,145776,140164,136004,135499,135499	9	54	27540,29371,53107,99810,23046,0,0	76	18179
138275	1947	2926	3276	221	231	19	10	16	29248	815	1762	511	1914	73	96	8645	1062	7568	0,0,31,68,0,0	19216	27	1143	156353	82374	69576	144069,144207,145539,140472,136257,135719,135719	9	50	27540,29371,53109,100042,23907,0,0	60	17921
139283	1856	2838	3268	220	223	20	9	15	28435	815	1764	525	1920	69	92	8228	1007	7427	0,0,29,70,0,0	26621	22	1027	156675	83086	69598	143817,143958,145293,140745,136486,135912,135912	8	62	27540,29371,53111,100244,24690,0,0	68	17665
140312	1696	2782	3194	225	214	18	8	15	27700	815	1767	549	1936	56	75	8192	975	7162	0,0,27,72,0,0	26679	23	936	156950	83755	69621	143551,143690,145036,140965,136660,136053,136053	8	56	27540,29371,53112,100414,25424,0,0	72	17437
140924	1918	2699	3157	223	224	17	8	13	26977	817	1769	535	1975	70	85	7413	888	7358	0,0,26,73,0,0	18277	18	1316	157334	84694	69639	143415,143552,144907,141363,137029,136386,136386	8	51	27540,29371,53113,100656,26442,0,0	67	17137
141633	2086	2623	3097	209	199	17	5	11	26274	819	1773	562	1995	69	105	6862	792	7444	0,0,24,75,0,0	17372	4	1206	157702	85537	69643	143259,143397,144758,141726,137359,136681,136681	8	67	27540,29371,53117,100832,27442,0,0	63	16863
142313	1990	2752	3037	217	208	13	5	12	25602	819	1778	573	1962	59	98	5844	724	7498	0,0,22,77,0,0	16865	7	1145	158046	86346	69650	143110,143249,144613,142053,137661,136947,136947	8	62	27540,29371,53117,100989,28392,0,0	50	16606
142929	2026	2858	3041	199	192	11	5	11	24874	819	1781	558	1977	72	77	4892	625	7707	0,0,20,79,0,0	15776	7	1223	158381	87238	69657	142971,143109,144479,142398,137988,137234,137234	7	49	27540,29371,53120,101133,29424,0,0	48	16351
143425	2147	2890	3047	200	195	9	8	10	24212	819	1784	550	1988	64	85	3829	570	7926	0,0,18,81,0,0	14397	10	1311	158767	88172	69667	142875,143013,144388,142791,138369,137575,137575	7	59	27540,29371,53122,101269,30564,0,0	47	16056
144043	2087	2857	3090	225	193	10	11	9	23615	819	1787	588	1980	70	96	3046	517	7956	0,0,16,83,0,0	22477	6	1126	159099	88975	69673	142744,142885,144266,143117,138678,137846,137846	7	60	27540,29371,53124,101378,31543,0,0	49	15798
144647	1914	2993	3062	222	196	11	9	9	23072	820	1791	552	1972	79	85	2458	474	7933	0,0,14,84,0,0	22019	14	1081	159423	89740	69687	142587,142731,144117,143408,138956,138084,138084	6	60	27540,29371,53127,101473,32501,0,0	62	15548
144954	2053	2952	3175	203	211	14	10	8	22551	821	1794	547	1921	58	107	2106	493	8125	0,0,13,86,0,0	12532	5	1337	159818	90691	69692	142517,142662,144049,143812,139360,138448,138448	6	56	27540,29371,53132,101578,33691,0,0	60	15233
145307	2233	2877	3203	223	236	12	7	8	22020	824	1796	571	1993	76	109	1524	495	8296	0,0,12,87,0,0	11783	14	1324	160217	91621	69706	142449,142593,143986,144214,139767,138811,138811	6	73	27540,29371,53132,101663,34880,0,0	60	14924
145537	2251	3031	3161	246	237	13	5	10	21632	824	1799	579	2014	95	117	1439	504	8440	0,0,10,89,0,0	11495	20	1359	160606	92600	69726	142419,142564,143958,144618,140180,139182,139182	6	79	27540,29371,53132,101752,36107,0,0	59	14623
145772	2287	3154	3180	236	242	12	5	10	21223	824	1801	557	1970	71	103	1482	517	8599	0,0,9,90,0,0	11569	21	1357	160987	93587	69747	142374,142521,143914,145030,140605,139560,139560	6	64	27540,29371,53135,101828,37339,0,0	69	14318
145826	2422	3257	3254	224	248	15	6	8	20858	824	1804	559	1955	77	109	1489	511	8915	0,0,8,90,0,0	11540	17	1514	161413	94685	69764	142387,142537,143927,145506,141102,140011,140011	6	83	27540,29371,53136,101914,38718,0,0	73	13991
146188	2232	3262	3371	224	242	16	6	8	20564	825	1808	560	1993	92	89	1481	514	8839	0,0,8,91,0,0	20770	16	1137	161720	95526	69780	142300,142448,143845,145809,141420,140282,140282	6	67	27540,29371,53137,101963,39769,0,0	79	13747
146550	2043	3296	3431	233	250	16	4	8	20280	825	1810	566	1947	80	102	1532	516	8757	0,0,7,92,0,0	20675	25	1190	162019	96428	69805	142216,142366,143764,146102,141731,140546,140546	6	78	27540,29371,53141,102010,40863,0,0	72	13512
146643	2175	3263	3463	255	245	12	4	8	20038	825	1815	553	1945	92	114	1552	518	8899	0,0,6,92,0,0	11543	21	1429	162393	97491	69826	142202,142353,143750,146519,142175,140940,140940	7	80	27540,29371,53144,102068,42182,0,0	63	13213
146651	2388	3200	3480	266	227	12	5	7	19863	825	1822	532	1912	106	105	1573	524	9054	0,0,6,93,0,0	11701	0	1473	162785	98583	69826	142220,142368,143769,146970,142665,141377,141377	7	66	27540,29371,53145,102112,43557,0,0	70	12913
146714	2382	3309	3484	255	234	15	7	7	19690	825	1824	554	2005	87	121	1649	563	9123	0,0,5,94,0,0	11733	0	1390	163132	99637	69826	142211,142363,143758,147355,143090,141750,141750	6	57	27540,29371,53146,102151,44865,0,0	69	12646
146697	2372	3400	3446	251	230	17	8	7	19663	825	1830	569	1922	80	111	1663	571	9153	0,0,5,94,0,0	11615	0	1387	163489	100676	69826	142218,142369,143765,147733,143511,142118,142118	7	80	27540,29371,53149,102195,46150,0,0	67	12368
146650	2416	3401	3537	246	252	23	10	6	19544	825	1836	560	2060	92	102	1669	562	9323	0,0,4,95,0,0	11838	0	1448	163825	101797	69826	142220,142375,143764,148145,143970,142522,142522	7	75	27540,29371,53151,102233,47511,0,0	74	12100
146816	2271	3394	3572	241	242	28	11	7	19499	826	1839	566	1948	83	128	1687	579	9180	0,0,4,95,0,0	21181	0	1201	164111	102718	69826	142171,142331,143719,148451,144315,142813,142813	7	65	27540,29371,53152,102256,48639,0,0	82	11875
146950	2129	3358	3650	269	247	25	10	7	19431	827	1843	575	1889	79	109	1667	571	9117	0,0,3,95,0,0	20920	0	1225	164404	103658	69826	142133,142297,143685,148754,144663,143105,143105	7	71	27540,29371,53154,102289,49786,0,0	79	11634
146922	2260	3298	3591	261	259	21	8	10	19440	828	1848	577	2023	81	124	1682	568	9130	0,0,3,96,0,0	11623	0	1415	164720	104769	69826	142146,142313,143693,149124,145087,143472,143472	7	53	27540,29371,53154,102314,51118,0,0	66	11394
146825	2411	3247	3539	265	260	22	7	10	19484	828	1848	599	1991	85	114	1691	568	9183	0,0,3,96,0,0	11804	0	1432	165062	105861	69826	142177,142344,143719,149514,145534,143862,143862	7	64	27540,29371,53155,102333,52456,0,0	64	11114
146839	2311	3300	3565	266	253	21	8	9	19494	828	1852	599	1945	88	107	1680	555	9169	0,0,2,97,0,0	11807	0	1295	165386	106839	69826	142184,142350,143728,149838,145915,144185,144185	6	55	27540,29371,53156,102354,53676,0,0	81	10849
146775	2274	3320	3631	263	281	20	7	8	19486	829	1852	605	2007	81	113	1685	569	9227	0,0,2,97,0,0	11823	0	1345	165672	107908	69826	142181,142346,143722,150166,146302,144515,144515	6	55	27540,29371,53156,102372,54930,0,0	91	10599
146832	2275	3289	3598	262	247	18	9	9	19524	829	1854	593	1900	76	122	1700	537	9161	0,0,2,97,0,0	11917	0	1305	165966	108931	69826	142151,142319,143689,150479,146679,144825,144825	6	83	27540,29371,53156,102382,56171,0,0	88	10361
147051	2035	3260	3527	263	230	13	8	10	19664	830	1855	595	1939	81	121	1686	541	8795	0,0,2,97,0,0	21183	0	1040	166187	109756	69826	142071,142240,143615,150682,146937,145022,145022	6	60	27540,29371,53157,102391,57142,0,0	99	10169
147291	1821	3183	3560	270	235	12	10	9	19667	831	1857	588	2033	104	106	1672	551	8540	0,0,1,97,0,0	20908	0	1058	166405	110604	69826	141986,142159,143535,150895,147207,145228,145228	6	62	27540,29371,53157,102402,58139,0,0	94	9986
147482	1891	2993	3539	262	250	15	13	9	19599	831	1862	571	1946	65	122	1704	559	8404	0,0,1,98,0,0	11839	0	1194	166650	111557	69826	141928,142099,143484,151144,147520,145472,145472	6	62	27540,29371,53159,102412,59251,0,0	86	9781
147595	1958	2812	3478	252	243	15	11	11	19674	832	1865	575	2005	74	130	1681	561	8208	0,0,1,98,0,0	11723	0	1141	166890	112465	69826	141874,142044,143433,151374,147811,145701,145701	6	58	27540,29371,53162,102424,60303,0,0	85	9583
147838	1855	2799	3324	239	229	12	11	9	19729	833	1868	577	1886	75	106	1704	536	7933	0,0,1,98,0,0	11725	0	1035	167091	113306	69826	141792,141961,143354,151554,148055,145881,145881	6	60	27540,29371,53163,102430,61259,0,0	76	9409
148103	1763	2802	3183	236	224	11	9	10	19698	834	1873	592	1977	81	85	1667	508	7720	0,0,1,98,0,0	11795	0	1031	167287	114146	69826	141713,141881,143280,151738,148299,146059,146059	6	54	27540,29371,53163,102438,62203,0,0	70	9246
148437	1702	2726	3119	219	229	11	11	8	19571	834	1879	605	1946	70	118	1665	528	7489	0,0,0,98,0,0	11848	0	1010	167467	114981	69826	141617,141784,143186,151912,148536,146227,146227	6	58	27540,29371,53164,102444,63136,0,0	74	9105
148893	1577	2573	3052	212	214	14	10	7	19476	834	1884	574	2110	74	93	1642	510	7142	0,0,0,98,0,0	21165	0	841	167621	115672	69826	141491,141659,143067,152014,148698,146321,146321	6	56	27540,29371,53164,102452,63915,0,0	72	8982
149393	1427	2420	3019	230	186	17	6	8	19318	836	1886	602	1978	65	102	1634	488	6817	0,0,0,99,0,0	21000	0	794	167758	116342	69826	141346,141516,142927,152105,148847,146398,146398	6	49	27540,29371,53164,102453,64656,0,0	68	8869
149761	1477	2303	2892	217	192	15	6	7	19150	836	1890	615	1838	58	91	1592	460	6642	0,0,0,99,0,0	11639	0	913	167927	117090	69826	141228,141397,142814,152229,149031,146515,146515	5	42	27540,29371,53164,102455,65469,0,0	69	8730
150202	1452	2177	2723	234	178	15	6	7	19024	836	1892	620	1939	56	109	1553	461	6324	0,0,0,99,0,0	11697	0	796	168068	117748	69826	141086,141255,142679,152325,149181,146599,146599	5	39	27540,29371,53166,102458,66180,0,0	59	8617
150734	1324	2218	2533	218	198	19	7	6	18756	836	1897	627	2010	50	81	1501	435	6082	0,0,0,99,0,0	11567	0	803	168210	118414	69826	140933,141102,142531,152403,149323,146669,146669	5	39	27540,29371,53166,102461,66909,0,0	59	8497
151123	1293	2104	2489	203	209	18	8	5	18555	837	1902	658	1971	55	83	1450	423	5901	0,0,0,99,0,0	11628	0	776	168342	119063	69826	140785,140956,142387,152487,149462,146746,146746	5	53	27540,29371,53166,102462,67611,0,0	50	8378
151682	1254	1909	2448	211	205	20	7	7	18259	837	1907	630	1964	44	102	1401	438	5616	0,0,0,99,0,0	11679	0	681	168474	119620	69826	140625,140795,142235,152537,149570,146785,146785	5	33	27540,29371,53166,102462,68229,0,0	53	8265
152361	1083	1822	2308	194	200	16	6	5	18002	838	1911	658	2001	53	95	1357	402	5227	0,0,0,99,0,0	20746	0	549	168586	120063	69826	140441,140610,142062,152558,149641,146786,146786	4	33	27540,29371,53166,102465,68733,0,0	53	8176
152997	927	1772	2143	186	185	16	6	5	17750	840	1919	625	1912	49	78	1346	381	4854	0,0,0,99,0,0	20554	0	515	168672	120495	69826	140258,140428,141891,152558,149688,146769,146769	4	32	27540,29371,53166,102465,69181,0,0	55	8106
153638	895	1589	2077	183	164	16	9	5	17405	840	1925	620	1981	49	73	1263	368	4565	0,0,0,99,0,0	11434	0	552	168753	120968	69826	140059,140232,141704,152553,149736,146750,146750	4	22	27540,29371,53166,102465,69683,0,0	42	8041
154376	825	1465	1965	154	162	15	10	3	16996	841	1934	614	1981	28	85	1240	365	4231	0,0,0,99,0,0	11279	0	464	168828	121359	69826	139844,140018,141501,152533,149764,146708,146708	3	19	27540,29371,53166,102466,70101,0,0	39	7978
155033	718	1390	1834	140	140	16	10	3	16682	842	1938	616	2045	36	67	1169	336	3912	0,0,0,99,0,0	11329	0	428	168900	121720	69826	139646,139822,141313,152500,149779,146660,146660	3	21	27540,29371,53166,102468,70474,0,0	38	7922
155718	728	1225	1754	125	122	13	10	3	16262	843	1943	614	1987	21	59	1131	310	3667	0,0,0,99,0,0	11332	0	432	168972	122082	69826	139440,139616,141117,152462,149788,146606,146606	3	15	27540,29371,53167,102468,70848,0,0	37	7862
156473	723	1061	1623	119	133	11	8	3	15796	846	1950	621	1877	24	46	1052	269	3409	0,0,0,99,0,0	11192	0	393	169055	122399	69826	139215,139391,140899,152428,149797,146549,146549	3	15	27540,29371,53167,102468,71198,3,0	34	7788
157228	604	1039	1467	115	116	11	7	3	15354	846	1956	618	2018	24	50	990	233	3126	0,0,0,99,0,0	20405	0	298	169104	122659	69826	138991,139169,140687,152370,149781,146470,146470	2	17	27540,29371,53167,102468,71473,10,0	36	7746
158018	503	1000	1339	106	106	9	5	4	14850	848	1958	633	1921	20	32	898	200	2868	0,0,0,99,0,0	20190	0	271	169147	122892	69826	138765,138947,140475,152294,149744,146369,146369	2	8	27540,29371,53167,102469,71718,13,0	32	7710
158806	465	870	1239	94	103	7	3	5	14339	850	1965	651	1971	21	45	822	182	2599	0,0,0,99,0,0	10820	0	269	169199	123113	69826	138528,138713,140247,152220,149713,146274,146274	2	14	27540,29371,53167,102470,71960,18,0	29	7668
159597	454	789	1169	81	86	8	3	4	13739	850	1966	652	2049	12	41	748	169	2421	0,0,0,98,0,0	10937	0	273	169255	123337	69826	138291,138475,140020,152153,149686,146183,146183	1	12	27540,29371,53167,102470,72198,25,0	26	7617
160348	441	708	1045	72	76	10	2	4	13218	850	1972	651	1870	19	37	692	159	2195	0,0,0,98,1,0	10820	0	232	169297	123530	69826	138056,138242,139796,152065,149636,146073,146073	1	9	27540,29371,53167,102470,72401,27,0	20	7583
161109	364	649	967	72	73	13	2	4	12669	850	1974	671	1964	13	38	638	156	1984	0,0,0,98,1,0	10915	0	184	169335	123678	69826	137822,138011,139574,151969,149575,145956,145956	1	8	27540,29371,53167,102471,72560,32,0	19	7552
161828	314	619	844	53	65	11	4	2	12178	850	1978	669	1981	16	30	567	137	1773	0,0,0,98,1,0	10685	0	171	169365	123824	69826	137599,137789,139363,151872,149512,145839,145839	1	7	27540,29371,53167,102471,72709,40,0	20	7526
162592	270	558	758	46	63	10	2	4	11609	850	1984	645	2037	7	19	510	119	1588	0,0,0,97,2,0	20048	0	139	169392	123937	69826	137373,137563,139148,151771,149443,145716,145716	1	4	27540,29371,53167,102472,72825,45,0	16	7506
163310	225	486	705	46	58	9	2	4	11064	850	1987	645	1771	5	18	461	108	1423	0,0,0,97,2,0	19826	0	128	169415	124043	69826	137152,137344,138938,151666,149368,145590,145590	1	3	27540,29371,53167,102472,72936,49,0	20	7486
164050	212	409	640	45	55	7	2	4	10482	850	1990	639	1965	8	25	420	100	1270	0,0,0,96,2,0	10632	0	114	169429	124147	69826	136913,137106,138711,151545,149277,145448,145448	0	7	27540,29371,53167,102472,73027,57,0	12	7475
164697	208	353	571	47	47	6	2	3	9967	850	1995	641	1964	5	11	373	78	1156	0,0,0,96,2,0	10528	0	114	169440	124251	69826	136692,136886,138497,151440,149198,145322,145322	0	5	27540,29371,53167,102472,73122,62,0	8	7465
165366	182	308	512	37	46	7	3	3	9434	850	1998	657	1951	6	23	348	80	1015	0,0,0,95,4,0	10501	0	84	169462	124318	69826	136479,136673,138293,151327,149111,145191,145191	0	3	27540,29371,53167,102472,73190,73,0	11	7445
165992	131	301	466	33	35	6	3	3	8923	850	2003	675	2000	8	18	322	74	901	0,0,0,94,5,0	10458	0	72	169476	124380	69826	136262,136456,138085,151218,149023,145060,145060	0	4	27540,29371,53167,102472,73244,83,0	12	7431
166617	123	260	398	25	32	7	2	4	8419	850	2009	665	2035	4	15	286	65	782	0,0,0,92,6,0	10520	0	72	169489	124445	69826	136048,136243,137881,151102,148932,144925,144924	0	7	27540,29371,53167,102472,73301,93,0	13	7419
167224	140	222	360	26	29	6	1	5	7870	850	2013	650	1926	3	12	256	59	725	0,0,0,91,8,0	19667	0	83	169506	124516	69826	135846,136040,137687,151001,148854,144804,144804	0	4	27540,29371,53167,102472,73372,104,0	12	7405
167765	115	179	318	27	27	4	1	3	7440	850	2017	687	1934	8	14	232	54	617	0,0,0,90,9,0	19516	0	40	169514	124551	69826	135659,135855,137508,150891,148763,144679,144678	0	3	27540,29371,53167,102472,73404,113,0	7	7397
168310	90	188	270	28	29	4	1	2	6951	850	2023	688	1891	4	11	207	55	555	0,0,0,88,11,0	10172	0	54	169530	124595	69826	135462,135657,137318,150783,148676,144553,144553	0	4	27540,29371,53167,102472,73448,125,0	9	7383
168811	98	176	230	21	27	3	1	1	6502	850	2026	659	1785	6	15	201	52	504	0,0,0,87,12,0	10303	0	55	169539	124645	69826	135278,135474,137142,150676,148587,144431,144430	0	4	27540,29371,53167,102472,73492,135,0	6	7376
169310	85	156	205	14	26	2	1	1	6065	850	2031	642	1948	10	9	189	41	448	0,0,0,85,14,0	10347	0	41	169547	124682	69826	135096,135292,136968,150567,148497,144308,144307	0	3	27540,29371,53167,102472,73522,145,0	6	7371
169771	76	134	206	10	16	0	1	1	5645	850	2036	658	1872	5	6	172	39	404	0,0,0,85,14,0	10219	0	38	169554	124715	69826	134917,135115,136798,150455,148402,144183,144181	0	2	27540,29371,53167,102472,73549,153,0	4	7365
170219	68	118	190	12	14	1	1	1	5230	850	2042	659	1726	1	6	167	38	366	0,0,0,84,15,0	10220	0	25	169557	124741	69826	134738,134938,136625,150343,148306,144058,144056	0	4	27540,29371,53167,102472,73567,160,0	4	7363
170633	51	107	182	13	10	2	2	1	4848	850	2047	661	1768	4	2	142	32	335	0,0,0,82,17,0	19358	0	24	169562	124763	69826	134578,134778,136472,150244,148221,143946,143943	0	3	27540,29371,53167,102472,73582,168,0	4	7359
171003	54	99	169	10	9	2	2	1	4494	850	2053	607	1803	3	4	131	28	317	0,0,0,80,19,0	19513	0	35	169567	124799	69826	134430,134629,136330,150148,148139,143839,143836	0	2	27540,29371,53167,102472,73607,179,0	5	7355
171370	51	83	154	7	9	2	1	1	4161	851	2056	590	1821	3	4	113	24	283	0,0,0,79,20,0	10241	0	24	169569	124823	69826	134261,134458,136164,150041,148045,143721,143718	0	4	27540,29371,53167,102472,73621,188,0	3	7353
171727	43	84	122	7	3	1	1	0	3850	851	2057	622	1808	1	4	102	18	243	0,0,0,74,25,0	10192	0	25	169571	124849	69826	134099,134299,136009,149935,147953,143604,143601	0	3	27540,29371,53167,102472,73636,199,0	3	7352
172065	41	75	105	8	7	1	1	0	3531	851	2061	636	1773	7	1	85	14	224	0,0,0,70,29,0	10108	0	20	169577	124867	69826	133943,134145,135858,149835,147864,143493,143490	0	0	27540,29371,53167,102472,73647,209,0	4	7347
172379	42	61	97	10	9	1	1	0	3231	851	2064	675	1785	1	5	80	21	200	0,0,0,66,33,0	10177	0	18	169581	124886	69826	133792,133992,135711,149734,147775,143384,143380	0	3	27540,29371,53167,102472,73659,218,0	4	7343
172649	37	60	91	6	8	0	0	0	2976	852	2067	669	1788	4	4	63	15	187	0,0,0,62,37,0	10209	0	18	169585	124903	69826	133651,133850,135573,149637,147686,143279,143275	0	1	27540,29371,53167,102472,73665,232,0	2	7340
172881	35	61	83	5	3	0	0	0	2753	852	2073	661	1817	0	4	59	13	174	0,0,0,59,40,0	19527	0	16	169591	124916	69826	133526,133726,135451,149553,147611,143188,143183	0	0	27540,29371,53167,102472,73673,242,0	2	7334
173110	29	53	77	8	4	0	0	0	2536	852	2077	670	1842	3	1	51	13	158	0,0,0,56,43,0	19348	0	11	169594	124930	69826	133396,133596,135324,149465,147530,143092,143088	0	1	27540,29371,53167,102472,73680,252,0	1	7332
173312	33	45	70	9	4	0	0	0	2343	852	2078	675	1983	1	2	49	15	146	0,0,0,54,45,0	10137	0	17	169595	124949	69826	133265,133464,135195,149369,147442,142991,142986	0	0	27540,29371,53167,102472,73693,257,0	1	7331
173516	30	47	62	7	5	0	0	0	2146	852	2081	687	1752	1	2	46	15	136	0,0,0,54,45,0	10318	0	9	169598	124959	69826	133136,133337,135070,149276,147356,142892,142886	0	0	27540,29371,53167,102472,73695,265,0	0	7329
173686	36	41	50	6	4	0	0	0	1987	852	2084	709	1837	0	0	41	8	129	0,0,0,52,47,0	10221	0	14	169601	124977	69826	133015,133216,134951,149189,147276,142799,142794	0	0	27540,29371,53167,102472,73704,276,0	0	7326
173855	27	51	48	5	2	0	0	0	1821	852	2085	734	1850	0	1	34	8	125	0,0,0,49,50,0	10143	0	9	169604	124988	69826	132895,133094,134832,149101,147192,142706,142700	0	1	27540,29371,53167,102472,73707,287,0	2	7323
173998	27	54	51	4	3	0	0	0	1667	852	2090	729	1955	1	3	28	9	130	0,0,0,47,52,0	10287	0	16	169610	125000	69826	132778,132978,134718,149015,147112,142616,142609	0	3	27540,29371,53167,102472,73713,299,0	2	7317
174162	25	42	57	5	5	0	0	0	1503	852	2095	710	1807	2	1	28	6	128	0,0,0,47,52,0	19562	0	11	169614	125008	69826	132668,132868,134610,148934,147037,142529,142523	0	0	27540,29371,53167,102472,73719,304,0	2	7314
174271	25	48	49	3	5	0	0	0	1396	852	2097	702	1890	1	5	28	7	123	0,0,0,42,57,0	19551	0	18	169618	125024	69826	132569,132769,134512,148859,146965,142451,142443	0	1	27540,29371,53167,102472,73723,320,0	1	7310
174406	29	46	45	2	4	0	0	0	1264	852	2098	714	1756	1	0	25	4	122	0,0,0,36,63,0	10065	0	14	169620	125040	69826	132451,132651,134397,148772,146883,142360,142352	0	0	27540,29371,53167,102472,73727,334,0	1	7308
174540	30	46	44	3	6	0	0	0	1121	852	2104	697	1802	0	2	23	5	124	0,0,0,34,65,0	9961	0	16	169624	125055	69826	132334,132534,134282,148688,146804,142273,142265	0	1	27540,29371,53167,102472,73730,349,0	3	7304
174635	27	35	52	5	6	0	0	0	1025	852	2109	720	2002	1	3	25	6	119	0,0,0,34,65,0	10103	0	7	169625	125063	69826	132230,132430,134180,148604,146722,142186,142178	0	0	27540,29371,53167,102472,73732,356,0	0	7303
174726	22	43	44	4	7	0	0	0	937	852	2111	755	1790	0	4	24	7	113	0,0,0,25,74,0	10301	0	8	169630	125074	69826	132126,132328,134078,148524,146645,142104,142095	0	0	27540,29371,53167,102472,73733,371,0	0	7298
174804	23	42	37	3	6	0	0	0	866	852	2113	722	1850	0	3	24	8	103	0,0,0,22,77,0	10190	0	14	169633	125087	69826	132020,132221,133974,148442,146566,142020,142010	0	0	27540,29371,53167,102472,73736,383,0	0	7295
174882	23	36	45	2	2	0	0	0	787	852	2117	722	1779	3	0	24	3	105	0,0,0,22,77,0	19550	0	11	169634	125099	69826	131927,132128,133881,148367,146493,141943,141932	0	0	27540,29371,53167,102472,73738,394,0	0	7294
174940	25	35	43	0	4	0	0	0	726	852	2121	723	1794	0	0	25	5	102	0,0,0,22,77,0	19641	0	10	169636	125109	69826	131835,132037,133791,148294,146422,141868,141857	0	1	27540,29371,53167,102472,73742,402,0	0	7293
175000	21	40	32	1	3	0	0	0	671	852	2126	694	1814	0	3	26	6	91	0,0,0,18,81,0	10154	0	9	169638	125121	69826	131735,131937,133691,148214,146344,141786,141775	0	1	27540,29371,53167,102472,73742,416,0	1	7291
175057	26	34	40	3	2	0	1	0	604	852	2127	691	1803	1	0	23	5	101	0,0,0,16,83,0	10270	0	12	169640	125135	69826	131636,131837,133593,148134,146267,141706,141694	0	0	27540,29371,53167,102472,73744,430,0	1	7289
175106	29	28	44	2	1	1	1	0	551	852	2131	690	1848	1	0	19	5	101	0,0,0,16,83,0	10207	0	7	169641	125147	69826	131539,131741,133497,148055,146190,141626,141614	0	1	27540,29371,53167,102472,73745,442,0	1	7288
175156	20	34	43	4	1	1	1	0	502	852	2132	718	1807	1	1	20	6	98	0,0,0,12,87,0	10178	0	6	169642	125154	69826	131445,131647,133403,147974,146111,141546,141532	0	3	27540,29371,53167,102472,73746,449,0	2	7287
175191	17	43	35	4	2	1	1	0	465	852	2135	709	1823	1	1	19	8	95	0,0,0,9,90,0	10116	0	7	169643	125165	69826	131350,131552,133309,147895,146034,141466,141452	0	1	27540,29371,53167,102472,73746,461,0	2	7286
175226	23	33	50	2	2	1	1	0	417	852	2139	721	1845	1	2	19	11	101	0,0,0,9,90,0	19348	0	14	169648	125179	69826	131266,131468,133226,147829,145969,141400,141385	0	1	27540,29371,53167,102472,73748,478,0	2	7281
175245	24	32	43	1	3	0	1	0	403	852	2142	690	1793	1	0	16	7	97	0,0,0,9,90,0	19333	0	3	169648	125188	69826	131184,131386,133144,147757,145899,141328,141313	0	0	27540,29371,53167,102472,73749,486,0	2	7281
175264	16	43	37	1	3	0	1	0	383	852	2146	730	1771	1	2	15	9	92	0,0,0,9,90,0	10174	0	10	169650	125199	69826	131093,131295,133053,147680,145822,141251,141235	0	0	27540,29371,53167,102472,73749,499,0	2	7280
175265	27	34	36	1	3	0	1	0	373	852	2154	717	1822	1	0	16	7	95	0,0,0,7,92,0	10202	0	14	169653	125215	69826	131007,131209,132968,147609,145753,141181,141165	0	0	27540,29371,53167,102472,73750,517,0	2	7277
175283	33	30	32	2	1	0	1	0	355	852	2157	691	1867	2	0	15	6	93	0,0,0,10,89,0	10265	0	12	169657	125227	69826	130920,131121,132881,147536,145681,141108,141091	0	2	27540,29371,53167,102472,73752,531,0	1	7273
175298	21	38	29	2	2	0	1	0	343	852	2160	701	1766	0	1	15	8	85	0,0,0,9,90,0	10041	0	6	169659	125235	69826	130830,131032,132791,147461,145606,141033,141015	0	0	27540,29371,53167,102472,73753,540,0	2	7271
175313	24	42	26	4	1	0	0	1	318	852	2165	692	1812	1	0	15	5	92	0,0,0,8,91,0	10168	0	15	169663	125251	69826	130741,130943,132703,147388,145534,140960,140942	0	0	27540,29371,53167,102472,73754,559,0	1	7269
175332	24	31	40	3	2	0	0	1	292	852	2169	681	1788	0	1	16	4	96	0,0,0,9,91,0	19377	0	9	169666	125260	69826	130661,130863,132623,147322,145468,140895,140875	0	1	27540,29371,53167,102472,73755,569,0	0	7266
175345	17	35	42	3	2	0	0	1	277	852	2172	672	1995	0	3	16	6	93	0,0,0,10,89,0	19451	0	10	169671	125266	69826	130582,130784,132545,147255,145402,140828,140808	0	1	27540,29371,53167,102472,73756,579,0	1	7262
175350	16	40	36	2	1	0	0	1	271	852	2177	645	1925	2	2	16	7	88	0,0,0,11,88,0	10044	0	8	169673	125275	69826	130492,130695,132455,147182,145329,140755,140734	0	1	27540,29371,53167,102472,73758,588,0	1	7260
175357	16	25	43	1	3	0	0	1	269	852	2179	679	1792	0	0	16	7	81	0,0,0,9,90,0	10115	0	6	169674	125282	69826	130406,130608,132368,147109,145256,140681,140660	0	0	27540,29371,53167,102472,73759,595,0	0	7260
175365	18	27	34	2	3	0	0	1	260	852	2184	660	1932	1	1	17	7	77	0,0,0,8,91,0	10083	0	7	169676	125292	69826	130320,130522,132283,147036,145183,140609,140587	0	0	27540,29371,53167,102472,73759,607,0	0	7258
175366	20	24	32	3	3	0	0	0	253	852	2193	661	1775	0	2	16	9	73	0,0,0,8,91,0	10052	0	5	169677	125301	69826	130236,130438,132198,146963,145111,140537,140514	0	0	27540,29371,53167,102472,73759,617,0	0	7257
175368	22	19	34	1	3	0	0	0	250	852	2197	645	1869	1	2	16	9	70	0,0,0,7,92,0	10087	0	5	169677	125310	69826	130148,130351,132111,146887,145036,140463,140439	0	0	27540,29371,53167,102472,73759,626,0	1	7257
175373	21	23	29	1	3	0	0	0	245	852	2199	647	1776	0	1	18	9	68	0,0,0,6,93,0	19426	0	7	169679	125320	69826	130071,130273,132033,146822,144971,140398,140374	0	1	27540,29371,53167,102472,73759,638,0	2	7255
175377	16	26	24	1	3	0	0	0	244	852	2203	592	1769	1	1	16	7	63	0,0,0,2,97,0	19202	0	4	169680	125325	69826	129994,130197,131957,146754,144903,140330,140306	0	0	27540,29371,53167,102472,73759,644,0	1	7254
175376	15	34	18	0	3	0	0	0	242	852	2206	616	1839	1	1	18	6	64	0,0,0,2,97,0	9967	0	11	169683	125337	69826	129907,130110,131870,146683,144832,140260,140234	0	0	27540,29371,53167,102472,73760,658,0	1	7251
175366	25	34	17	2	2	0	0	0	240	852	2208	617	1783	2	0	17	5	75	0,0,0,2,97,0	9968	0	16	169685	125355	69826	129823,130026,131785,146615,144764,140193,140167	0	1	27540,29371,53167,102472,73760,678,0	2	7250
175362	25	27	25	3	6	0	0	0	232	852	2214	608	1800	0	0	14	6	80	0,0,0,1,98,0	10121	0	8	169689	125363	69826	129740,129944,131703,146547,144696,140125,140098	0	0	27540,29371,53167,102472,73760,690,0	2	7247
175366	22	30	30	2	6	0	0	0	223	852	2215	619	1793	1	5	17	11	79	0,0,0,1,98,0	10162	0	6	169691	125373	69826	129655,129859,131618,146475,144624,140054,140026	0	1	27540,29371,53167,102472,73760,702,0	2	7245
175361	23	35	31	3	6	0	0	0	215	852	2220	644	1739	1	2	20	12	86	0,0,0,1,98,0	10146	0	12	169692	125389	69826	129569,129772,131532,146402,144552,139982,139954	0	1	27540,29371,53167,102472,73760,719,0	2	7244
175365	21	30	28	4	5	0	0	0	217	852	2224	641	1967	1	2	21	12	76	0,0,0,1,98,0	19295	0	3	169694	125393	69826	129491,129694,131454,146338,144487,139918,139890	0	0	27540,29371,53167,102472,73760,725,0	2	7242
175359	15	32	39	3	3	0	0	0	216	852	2227	651	1831	1	1	20	12	80	0,0,0,1,98,0	19426	0	6	169696	125403	69826	129415,129619,131378,146274,144424,139855,139826	0	1	27540,29371,53167,102472,73760,737,0	3	7240
175368	15	26	38	5	1	0	0	0	214	852	2227	658	1790	3	0	19	6	79	0,0,0,1,98,0	10208	0	4	169698	125410	69826	129325,129528,131288,146200,144350,139782,139752	0	1	27540,29371,53167,102472,73760,746,0	3	7238
175357	20	29	36	5	1	0	0	0	214	852	2232	682	1774	1	3	24	12	79	0,0,0,1,98,0	10105	0	12	169699	125425	69826	129242,129445,131205,146132,144282,139715,139684	0	0	27540,29371,53167,102472,73760,762,0	3	7237
175355	26	26	25	4	1	0	0	0	217	852	2240	666	1822	0	1	23	8	74	0,0,0,0,100,0	10040	0	11	169702	125436	69826	129159,129363,131122,146066,144216,139649,139618	0	1	27540,29371,53167,102472,73760,776,0	3	7235
175351	25	31	27	3	5	0	0	0	210	852	2242	639	1762	3	2	24	8	83	0,0,0,0,100,0	9994	0	8	169705	125448	69826	129075,129279,131039,145999,144149,139584,139552	0	0	27540,29371,53167,102472,73760,791,0	5	7232
175355	19	37	26	2	3	0	0	0	209	852	2243	637	1806	0	4	29	8	79	0,0,0,0,100,0	10041	0	10	169706	125458	69826	128987,129191,130951,145928,144078,139513,139481	0	0	27540,29371,53167,102472,73760,801,0	3	7232
175351	18	36	30	1	3	0	0	0	209	852	2246	611	1780	1	0	29	7	81	0,0,0,0,100,0	19295	0	7	169709	125467	69826	128911,129116,130876,145868,144019,139455,139421	0	0	27540,29371,53167,102472,73760,813,0	3	7229
175351	18	35	29	2	2	0	0	0	207	852	2250	618	1791	0	0	22	7	79	0,0,0,0,100,0	19501	0	6	169709	125477	69826	128834,129039,130799,145804,143954,139391,139357	0	0	27540,29371,53167,102472,73760,822,0	2	7229
175350	16	29	32	3	4	0	0	0	200	852	2260	595	1804	0	0	19	6	78	0,0,0,0,100,0	10064	0	8	169711	125485	69826	128746,128950,130711,145735,143885,139323,139288	0	1	27540,29371,53167,102472,73760,832,0	2	7227
175352	19	18	36	4	4	0	0	0	200	852	2261	621	1758	1	2	19	7	74	0,0,0,0,100,0	9954	0	9	169711	125495	69826	128658,128862,130623,145666,143816,139254,139218	0	0	27540,29371,53167,102472,73760,842,0	2	7227
175348	14	22	38	3	1	0	0	0	205	852	2263	605	1831	0	2	21	8	70	0,0,0,0,100,0	10058	0	6	169713	125503	69826	128576,128780,130540,145602,143752,139190,139154	0	0	27540,29371,53167,102472,73760,852,0	2	7225
175354	14	23	37	2	2	0	0	0	195	852	2267	601	1796	0	2	23	7	71	0,0,0,0,100,0	10129	0	6	169714	125511	69826	128490,128694,130455,145535,143686,139125,139087	0	0	27540,29371,53167,102472,73760,861,0	2	7225
175346	20	22	39	2	1	0	0	0	191	852	2273	617	1783	0	1	18	7	77	0,0,0,0,100,0	10006	0	6	169719	125522	69826	128406,128610,130370,145473,143623,139064,139025	0	0	27540,29371,53167,102472,73760,877,0	1	7221
175339	27	21	38	1	0	0	0	0	192	852	2276	610	1784	0	0	16	5	82	0,0,0,0,100,0	19277	0	10	169720	125534	69826	128332,128535,130296,145414,143565,139006,138967	0	0	27540,29371,53167,102472,73760,890,0	1	7220
175336	25	27	35	2	0	0	0	0	189	852	2280	625	1794	1	0	14	5	84	0,0,0,0,100,0	19406	0	6	169724	125544	69826	128257,128461,130221,145358,143508,138951,138910	0	0	27540,29371,53167,102472,73760,904,0	2	7217
175332	24	31	31	1	0	0	0	0	192	852	2283	635	1879	1	0	10	6	81	0,0,0,0,100,0	10105	0	8	169724	125555	69826	128170,128374,130133,145289,143440,138882,138841	0	0	27540,29371,53167,102472,73760,915,0	3	7217
175319	23	32	29	2	2	0	0	0	197	852	2290	642	1750	0	0	11	6	82	0,0,0,0,100,0	10135	0	11	169725	125569	69826	128089,128292,130051,145225,143376,138819,138778	0	1	27540,29371,53167,102472,73760,930,0	2	7217
175305	26	39	26	2	2	0	0	0	199	852	2295	642	1792	0	0	11	4	91	0,0,0,0,100,0	10123	0	13	169727	125586	69826	128006,128210,129969,145165,143315,138760,138718	0	0	27540,29371,53167,102472,73760,949,0	2	7215
175296	30	36	36	1	1	0	0	0	195	852	2299	662	1791	2	2	12	6	98	0,0,0,0,100,0	9847	0	13	169730	125603	69826	127926,128129,129888,145105,143256,138701,138658	0	1	27540,29371,53167,102472,73760,969,0	3	7213
175283	34	41	43	0	1	0	0	0	191	852	2301	649	1844	2	0	12	5	114	0,0,0,0,100,0	10136	0	19	169736	125620	69826	127845,128048,129807,145045,143195,138642,138598	0	1	27540,29371,53167,102472,73760,992,0	3	7209
175287	28	44	45	1	1	0	0	0	183	852	2305	613	1772	2	1	12	7	112	0,0,0,0,100,0	19319	0	10	169738	125629	69826	127768,127971,129731,144988,143138,138586,138541	0	1	27540,29371,53167,102472,73760,1003,0	3	7207
175282	25	44	36	1	4	0	0	0	193	852	2309	620	1798	0	0	11	7	103	0,0,0,0,100,0	19303	0	10	169742	125639	69826	127693,127896,129656,144932,143082,138531,138485	0	1	27540,29371,53167,102472,73760,1017,0	1	7203
175269	34	35	43	4	3	0	0	0	193	852	2313	607	1768	1	3	13	9	110	0,0,0,0,100,0	10019	0	21	169744	125660	69826	127609,127812,129571,144867,143018,138467,138421	0	3	27540,29371,53167,102472,73760,1039,0	2	7201
175251	43	37	42	4	3	0	0	0	197	852	2317	587	1796	1	2	16	9	120	0,0,0,0,100,0	9955	0	15	169746	125683	69826	127529,127732,129491,144805,142956,138407,138360	0	0	27540,29371,53167,102472,73760,1064,0	1	7199
175242	31	47	37	2	3	0	0	0	209	852	2323	626	1820	3	3	18	11	109	0,0,0,0,100,0	10018	0	9	169747	125694	69826	127447,127650,129409,144742,142893,138344,138297	0	1	27540,29371,53167,102472,73760,1076,0	0	7198
175219	30	55	48	1	3	0	0	0	208	852	2330	647	1789	0	0	21	12	125	0,0,0,0,100,0	10109	0	19	169751	125716	69826	127369,127572,129330,144684,142836,138288,138240	0	2	27540,29371,53167,102472,73760,1102,0	0	7194
175209	35	49	39	4	2	0	0	0	218	852	2338	640	1799	2	0	21	9	120	0,0,0,0,100,0	9986	0	11	169752	125731	69826	127286,127489,129247,144619,142770,138224,138175	0	0	27540,29371,53167,102472,73760,1118,0	0	7193
175203	30	49	43	5	3	0	0	0	222	852	2339	611	1780	1	0	20	8	122	0,0,0,0,100,0	19198	0	13	169755	125746	69826	127212,127415,129173,144564,142715,138170,138120	0	0	27540,29371,53167,102472,73760,1136,0	0	7190
175196	29	48	42	6	4	0	0	0	228	852	2341	617	1805	1	1	19	6	123	0,0,0,0,100,0	19303	0	14	169758	125760	69826	127137,127340,129098,144509,142661,138117,138066	0	0	27540,29371,53167,102472,73760,1153,0	0	7188
175196	30	43	49	5	3	0	0	0	223	852	2345	620	1771	1	2	20	7	123	0,0,0,0,100,0	10065	0	16	169761	125776	69826	127051,127254,129012,144445,142597,138054,138002	0	2	27540,29371,53167,102472,73760,1172,0	0	7186
175196	25	44	50	4	3	0	0	0	221	852	2351	640	1833	2	1	20	8	118	0,0,0,0,100,0	10017	0	10	169761	125790	69826	126965,127168,128927,144381,142534,137992,137938	0	1	27540,29371,53167,102472,73760,1186,0	0	7186
175193	26	44	45	4	1	0	0	0	226	852	2355	603	1762	1	1	22	6	114	0,0,0,0,100,0	9981	0	16	169764	125805	69826	126882,127085,128843,144319,142472,137931,137877	0	1	27540,29371,53167,102472,73760,1204,0	0	7184
175177	31	43	44	3	2	0	0	0	236	852	2358	617	1920	1	3	23	8	115	0,0,0,0,100,0	10077	0	16	169767	125824	69826	126804,127006,128765,144259,142411,137872,137816	0	0	27540,29371,53167,102472,73760,1226,0	0	7182
175174	25	49	49	3	2	0	0	0	226	852	2366	637	1794	0	1	21	8	120	0,0,0,0,100,0	10050	0	14	169772	125836	69826	126719,126922,128680,144199,142351,137813,137756	0	1	27540,29371,53167,102472,73760,1243,0	0	7178
175160	35	47	47	2	1	0	0	0	232	852	2370	613	1744	0	1	16	5	127	0,0,0,0,100,0	19405	0	27	169779	125858	69826	126648,126851,128610,144150,142303,137766,137708	0	3	27540,29371,53167,102472,73760,1272,0	0	7172
175157	42	30	54	2	0	0	0	0	235	852	2374	638	1764	1	0	15	3	125	0,0,0,0,100,0	19290	0	9	169782	125868	69826	126573,126775,128534,144094,142247,137711,137652	0	1	27540,29371,53167,102472,73760,1285,0	0	7170
175152	24	49	54	4	1	0	0	0	232	852	2378	622	1828	3	0	14	4	128	0,0,0,0,100,0	10073	0	11	169782	125885	69826	126487,126689,128448,144028,142180,137646,137586	0	1	27540,29371,53167,102472,73760,1302,0	0	7170
175130	30	58	49	3	2	0	0	0	240	852	2382	617	1793	1	1	17	6	136	0,0,0,0,100,0	10084	0	24	169787	125909	69826	126407,126610,128369,143970,142123,137589,137529	0	0	27540,29371,53167,102472,73760,1330,0	0	7165
175107	41	48	64	3	1	0	0	0	246	852	2384	623	1830	1	2	18	9	148	0,0,0,0,100,0	10043	0	27	169792	125934	69826	126331,126534,128293,143916,142069,137537,137476	0	0	27540,29371,53167,102472,73760,1360,0	0	7160
175087	44	53	56	4	1	0	0	0	259	852	2390	614	1792	1	1	18	7	151	0,0,0,0,100,0	10010	0	19	169794	125959	69826	126250,126452,128212,143859,142012,137481,137420	0	2	27540,29371,53167,102472,73760,1387,0	0	7158
175081	42	57	58	5	3	0	0	0	254	852	2394	615	1751	2	0	16	6	159	0,0,0,0,100,0	10117	0	22	169799	125979	69826	126169,126371,128130,143801,141954,137425,137362	0	0	27540,29371,53167,102472,73760,1412,0	0	7155
175061	50	54	63	4	7	1	0	0	258	852	2396	605	1721	1	0	15	8	171	0,0,0,0,100,0	19460	0	26	169802	126008	69826	126101,126303,128063,143749,141903,137375,137311	0	2	27540,29371,53167,102472,73760,1444,0	0	7153
175042	56	58	67	2	4	1	0	0	263	852	2401	635	1791	1	4	17	8	180	0,0,0,0,100,0	19437	0	29	169807	126035	69826	126032,126234,127993,143702,141856,137329,137264	0	4	27540,29371,53167,102472,73760,1476,0	1	7150
175020	55	65	64	1	3	1	1	0	278	852	2406	618	1872	2	0	15	7	183	0,0,0,0,100,0	10068	0	21	169811	126057	69826	125951,126152,127912,143644,141799,137273,137208	0	3	27540,29371,53167,102472,73760,1502,0	2	7147
174997	59	78	69	1	4	1	1	0	272	852	2412	600	1823	1	1	17	8	205	0,0,0,0,100,0	10084	0	35	169818	126087	69826	125871,126073,127832,143589,141744,137220,137153	0	1	27540,29371,53167,102472,73760,1539,0	3	7141
174971	60	79	80	0	5	1	1	0	283	852	2414	649	1787	2	1	16	10	216	0,0,0,0,100,0	10082	0	32	169821	126120	69826	125795,125996,127755,143534,141689,137167,137099	0	2	27540,29371,53167,102472,73760,1575,0	3	7139
174942	63	84	92	1	5	1	1	0	290	852	2415	682	1943	4	4	22	14	233	0,0,0,0,100,0	10218	0	35	169827	126155	69826	125719,125920,127679,143480,141636,137115,137047	0	2	27540,29371,53167,102472,73760,1616,0	6	7134
174902	79	85	79	4	8	0	1	0	317	852	2419	652	1778	2	2	26	14	242	0,0,0,0,100,0	10303	0	49	169835	126201	69826	125649,125850,127608,143431,141587,137068,136998	0	4	27540,29371,53167,102472,73760,1670,0	7	7129
174876	82	89	87	5	7	1	1	0	322	852	2424	667	1873	5	5	29	14	258	0,0,0,0,100,0	19332	0	39	169837	126245	69826	125578,125779,127537,143384,141539,137023,136952	0	1	27540,29371,53167,102472,73760,1716,0	7	7127
174847	67	117	88	7	8	1	0	1	332	852	2426	677	1937	2	3	35	17	271	0,0,0,0,100,0	19310	0	42	169840	126290	69826	125511,125711,127469,143334,141490,136976,136903	0	3	27540,29371,53167,102472,73760,1764,0	7	7124
174805	68	126	95	8	9	0	0	1	352	852	2430	666	1806	6	3	39	15	291	0,0,0,0,100,0	10133	0	45	169849	126333	69826	125439,125639,127397,143285,141442,136929,136856	0	3	27540,29371,53167,102472,73760,1816,0	5	7116
174772	85	107	121	4	9	0	0	1	363	852	2432	649	1777	2	2	44	16	310	0,0,0,0,100,0	10131	0	53	169857	126383	69826	125365,125565,127322,143239,141396,136885,136810	0	1	27540,29371,53167,102472,73760,1874,0	5	7110
174717	102	129	118	5	9	0	0	1	376	852	2437	652	1801	2	1	43	17	346	0,0,0,0,100,0	10175	0	68	169864	126449	69826	125299,125499,127255,143196,141353,136846,136769	0	1	27540,29371,53167,102472,73760,1946,0	5	7105
174666	118	134	124	6	7	0	0	1	399	852	2439	664	1767	4	5	47	17	372	0,0,0,0,100,0	10171	0	66	169870	126511	69826	125231,125430,127186,143149,141307,136802,136725	0	1	27540,29371,53167,102472,73760,2013,0	5	7101
174638	101	155	131	6	8	0	0	1	411	852	2443	657	1819	2	1	48	17	384	0,0,0,0,100,0	10162	0	51	169874	126560	69826	125154,125353,127109,143094,141252,136750,136671	0	4	27540,29371,53167,102472,73760,2065,0	3	7097
174586	111	154	152	10	8	0	0	1	425	852	2447	659	1834	3	1	45	15	420	0,0,0,0,100,0	19519	0	69	169884	126624	69826	125091,125291,127045,143061,141219,136720,136639	0	4	27540,29371,53167,102472,73760,2138,0	2	7088
174532	125	152	159	12	7	0	0	1	456	852	2450	636	1919	1	7	48	20	435	0,0,0,0,100,0	19405	0	72	169892	126692	69826	125031,125231,126984,143019,141179,136683,136600	0	2	27540,29371,53167,102472,73760,2211,0	3	7081
174459	145	167	158	12	11	0	0	1	489	852	2452	672	1926	3	3	48	17	476	0,0,0,0,100,0	10220	0	91	169905	126774	69826	124972,125171,126924,142985,141146,136653,136569	0	3	27540,29371,53167,102472,73760,2306,0	3	7070
174393	163	171	161	16	15	0	0	1	521	852	2453	669	1891	6	6	49	20	506	0,0,0,0,100,0	10107	0	89	169918	126854	69826	124908,125106,126858,142950,141112,136622,136536	0	4	27540,29371,53167,102472,73760,2399,0	5	7058
174304	159	215	161	9	13	0	0	1	573	852	2459	675	1798	6	5	54	19	538	0,0,0,0,100,0	10165	0	101	169931	126948	69826	124853,125052,126803,142918,141082,136596,136508	0	2	27540,29371,53167,102472,73760,2506,0	3	7046
174199	182	236	179	9	8	0	1	1	614	852	2465	670	1805	1	6	57	23	592	0,0,0,0,100,0	10136	0	116	169949	127049	69826	124804,125002,126751,142894,141059,136577,136488	0	3	27540,29371,53167,102472,73760,2625,0	3	7031
174113	208	235	218	13	10	0	1	1	625	852	2470	667	1778	5	5	60	25	660	0,0,0,0,100,0	10180	0	115	169966	127155	69826	124749,124948,126695,142867,141033,136555,136464	0	6	27540,29371,53167,102472,73760,2748,0	5	7016
174025	216	258	233	14	10	0	1	1	662	852	2474	667	1792	5	6	66	32	700	0,0,0,0,100,0	19419	0	114	169987	127254	69826	124705,124904,126651,142849,141017,136543,136450	0	6	27540,29371,53167,102472,73760,2867,0	9	6998
173943	214	263	265	14	16	0	1	1	698	852	2479	656	1934	9	5	65	27	746	0,0,0,0,100,0	19554	0	115	170005	127356	69826	124663,124862,126608,142829,140997,136528,136432	0	4	27540,29371,53167,102472,73760,2986,0	9	6986
173828	236	304	271	14	18	0	1	1	740	852	2481	681	1899	12	5	75	31	813	0,0,0,0,100,0	10150	0	150	170020	127496	69826	124619,124817,126560,142810,140980,136516,136417	0	12	27540,29371,53167,102472,73760,3141,0	6	6976
