S	E	I1	I2	I3	I4	I5_h	I6_h	R_h	R	D1	D2	H	T	P1	P2	Q	QT	NQ	MUT	HOM	VAC	NI	INF	REINF	BSTR	IMM	HCI	HCE	INFV	INFH	VNI
178137	94	103	73	45	46	8	1	0	238	1	0	207	0	0	0	63	63	307	0,0,0,0,0,0	178745	0	0	370	0	0	609,609,609,609,609,609,609	0	0	0,0,0,0,0,0,0	0	0
178087	78	155	68	44	40	7	1	0	264	1	1	322	294	0	76	111	65	328	0,0,0,0,0,0	12596	0	62	432	0	0	659,659,659,659,659,659,659	0	2	62,0,0,0,0,0,0	9	0
178016	106	164	73	38	48	6	1	0	289	1	4	400	263	0	8	247	68	368	0,0,0,0,0,0	12903	0	79	512	0	0	731,731,731,731,731,731,731	0	8	142,0,0,0,0,0,0	9	0
177933	127	180	83	40	51	6	2	0	317	1	6	490	97	0	16	358	81	408	0,0,0,0,0,0	12906	0	88	600	0	0	815,815,815,815,815,815,815	0	8	230,0,0,0,0,0,0	10	0
177865	137	202	88	38	46	6	3	0	351	1	9	525	281	0	19	486	103	417	0,0,0,0,0,0	25204	0	79	679	0	0	885,885,885,885,885,885,885	0	2	309,0,0,0,0,0,0	13	0
177819	117	224	103	43	55	6	4	0	360	1	14	583	316	0	13	714	122	430	0,0,0,0,0,0	25212	0	62	742	0	0	936,936,936,936,936,936,936	0	5	372,0,0,0,0,0,0	14	0
177751	107	235	122	52	58	8	4	0	389	1	19	628	120	0	25	1033	154	432	0,0,0,0,0,0	13754	0	78	820	0	0	1007,1007,1007,1007,1007,1007,1007	0	2	450,0,0,0,0,0,0	13	0
177695	109	245	133	44	63	10	5	0	417	1	24	630	317	2	19	1151	165	444	0,0,0,0,0,0	13955	0	76	898	0	0	1068,1068,1068,1068,1068,1068,1068	0	4	528,0,0,0,0,0,0	15	0
177615	123	268	139	46	62	10	6	0	449	1	27	667	96	0	19	1440	180	474	0,0,0,0,0,0	14052	0	104	999	3	0	1157,1157,1157,1155,1155,1155,1155	0	8	632,0,0,0,0,0,0	23	0
177541	124	273	155	58	61	11	7	0	484	1	31	665	90	1	16	1589	192	497	0,0,0,0,0,0	14489	0	94	1094	3	0	1240,1239,1239,1235,1235,1235,1235	0	7	727,0,0,0,0,0,0	21	0
177469	133	289	159	64	64	13	7	0	513	2	33	679	97	1	23	1728	206	523	0,0,0,0,0,0	14585	0	102	1195	5	0	1331,1329,1329,1321,1321,1321,1321	0	5	830,0,0,0,0,0,0	25	0
177408	139	299	156	69	68	17	8	0	543	2	37	691	310	2	25	1689	237	519	0,0,0,0,0,0	26393	0	94	1286	8	0	1408,1404,1404,1393,1393,1393,1393	0	9	924,0,0,0,0,0,0	31	0
177331	142	288	177	79	70	20	7	0	587	3	42	699	266	2	29	1887	268	515	0,0,0,0,0,0	26516	0	89	1376	8	0	1494,1491,1491,1477,1477,1477,1477	0	6	1014,0,0,0,0,0,0	40	0
177277	132	287	192	89	68	25	11	0	617	3	45	693	265	0	24	1905	272	532	0,0,0,0,0,0	14906	0	85	1461	9	0	1568,1563,1563,1545,1545,1545,1545	1	11	1100,0,0,0,0,0,0	38	0
177202	141	290	204	91	68	25	11	0	663	3	48	708	275	1	34	1818	283	547	0,0,0,0,0,0	14917	0	108	1567	11	0	1662,1655,1655,1632,1632,1632,1632	1	12	1208,0,0,0,0,0,0	47	0
177110	168	305	197	85	65	26	13	0	724	3	50	709	101	0	28	1757	302	557	0,0,0,0,0,0	14754	0	126	1691	13	0	1777,1768,1768,1738,1738,1738,1738	1	12	1334,0,0,0,0,0,0	48	0
177029	167	309	209	87	78	27	9	1	760	6	64	723	247	1	19	1714	303	583	0,0,0,0,0,0	14645	0	113	1803	14	0	1886,1875,1875,1837,1837,1837,1837	1	10	1447,0,0,0,0,0,0	44	0
176944	171	333	228	80	83	32	9	1	787	6	72	703	279	4	32	1684	335	601	0,0,0,0,0,0	14723	0	125	1926	17	0	2004,1990,1990,1942,1942,1942,1942	1	14	1573,0,0,0,0,0,0	43	0
176879	163	367	227	73	82	31	11	1	830	6	76	727	98	1	24	1666	317	637	0,0,0,0,0,0	26436	0	114	2038	19	0	2108,2090,2090,2030,2030,2030,2030	1	9	1687,0,0,0,0,0,0	45	0
176826	169	338	248	71	99	29	10	0	869	8	79	691	267	0	27	1957	313	651	0,0,0,0,0,0	26725	0	104	2142	19	0	2197,2177,2177,2104,2104,2104,2104	1	4	1791,0,0,0,0,0,0	50	0
176759	175	336	257	74	93	30	12	0	921	8	81	691	308	0	34	2194	312	665	0,0,0,0,0,0	14902	0	104	2249	19	0	2294,2271,2271,2189,2189,2189,2189	1	6	1898,0,0,0,0,0,0	51	0
176683	173	347	255	90	94	30	10	1	965	9	89	713	89	2	28	2134	314	685	0,0,0,0,0,0	15281	0	126	2373	22	0	2410,2383,2383,2288,2288,2288,2288	1	12	2025,0,0,0,0,0,0	55	0
176629	181	355	249	90	100	32	9	2	998	9	92	725	318	1	32	2313	322	694	0,0,0,0,0,0	15065	0	126	2496	25	0	2515,2483,2483,2371,2371,2371,2371	1	12	2149,0,0,0,0,0,0	55	0
176552	203	364	244	91	108	30	8	3	1036	11	96	703	261	1	33	2837	314	734	0,0,0,0,0,0	15482	0	130	2627	25	0	2637,2601,2601,2473,2473,2473,2473	1	19	2280,0,0,0,0,0,0	56	0
176454	195	406	243	93	106	32	9	2	1091	11	104	670	285	1	34	3056	348	736	0,0,0,0,0,0	15876	0	145	2769	29	0	2781,2740,2740,2596,2596,2596,2596	1	13	2423,0,0,0,0,0,0	49	0
176389	189	427	254	97	114	29	8	3	1118	12	106	677	251	1	23	3198	333	785	0,0,0,0,0,0	27503	0	131	2898	31	0	2900,2854,2854,2690,2690,2690,2690	1	9	2552,0,0,0,0,0,0	57	0
176293	198	443	254	104	111	31	8	3	1179	13	109	698	227	0	38	3456	355	794	0,0,0,0,0,0	27916	0	152	3049	33	0	3049,2997,2997,2814,2814,2814,2814	1	9	2704,0,0,0,0,0,0	55	0
176213	202	431	273	115	131	29	11	2	1213	13	113	692	276	3	38	3377	366	826	0,0,0,0,0,0	16551	0	147	3197	33	0	3189,3131,3131,2926,2926,2926,2926	1	13	2852,0,0,0,0,0,0	56	0
176139	212	432	280	105	138	33	10	2	1263	14	118	705	275	2	47	3449	394	816	0,0,0,0,0,0	16251	0	157	3354	33	0	3336,3271,3271,3038,3038,3038,3038	1	18	3009,0,0,0,0,0,0	57	0
176054	231	448	271	121	138	30	10	2	1303	15	123	698	93	0	42	3743	426	823	0,0,0,0,0,0	16643	0	158	3511	37	0	3485,3413,3413,3157,3157,3157,3157	2	16	3169,0,0,0,0,0,0	53	0
175955	221	499	271	119	137	30	10	1	1363	16	124	655	209	0	48	3636	440	847	0,0,0,0,0,0	16629	0	168	3681	38	0	3646,3568,3568,3289,3289,3289,3289	2	13	3339,0,0,0,0,0,0	53	0
175854	240	492	284	131	138	29	9	1	1423	18	127	654	248	1	38	3614	418	905	0,0,0,0,0,0	16640	0	168	3849	39	0	3810,3725,3725,3423,3423,3423,3423	2	15	3508,0,0,0,0,0,0	50	0
175762	272	485	280	134	133	25	9	3	1494	18	131	661	97	2	34	3605	433	905	0,0,0,0,0,0	28091	0	168	4015	42	0	3972,3880,3880,3551,3551,3551,3551	2	15	3676,0,0,0,0,0,0	43	0
175716	247	484	292	146	133	26	10	3	1536	19	134	650	103	1	36	3302	417	921	0,0,0,0,0,0	28048	0	123	4140	43	0	4089,3990,3990,3636,3636,3636,3636	2	9	3801,0,0,0,0,0,0	47	0
175613	262	514	313	141	141	26	11	2	1566	19	138	675	314	4	46	3427	434	974	0,0,0,0,0,0	16555	0	189	4330	44	0	4271,4164,4164,3780,3780,3780,3780	2	13	3991,0,0,0,0,0,0	46	0
175517	276	511	344	144	146	27	13	1	1606	20	141	648	282	3	46	3824	478	983	0,0,0,0,0,0	16367	0	182	4512	47	0	4446,4331,4331,3917,3917,3917,3917	2	21	4174,0,0,0,0,0,0	47	0
175419	286	518	354	154	146	29	13	3	1661	20	143	646	239	2	48	4067	488	1012	0,0,0,0,0,0	17004	0	184	4696	47	0	4623,4499,4499,4056,4056,4056,4056	2	22	4358,0,0,0,0,0,0	57	0
175324	290	576	343	154	134	31	15	3	1708	20	148	626	269	2	55	4053	481	1062	0,0,0,0,0,0	17002	0	201	4897	47	0	4817,4683,4683,4202,4202,4202,4202	2	17	4559,0,0,0,0,0,0	55	0
175202	292	605	349	152	132	34	15	2	1788	21	154	614	341	1	50	4060	469	1110	0,0,0,0,0,0	17113	0	201	5097	49	0	5017,4875,4875,4364,4364,4364,4364	2	14	4760,0,0,0,0,0,0	56	0
175125	295	600	370	159	154	38	14	3	1809	22	157	615	158	3	40	4099	475	1155	0,0,0,0,0,0	28479	0	195	5291	50	0	5204,5051,5051,4498,4498,4498,4498	2	12	4955,0,0,0,0,0,0	63	0
175033	292	605	382	165	170	40	14	3	1861	23	158	613	226	4	52	4392	501	1167	0,0,0,0,0,0	28765	0	188	5478	51	0	5381,5219,5219,4634,4634,4634,4634	2	9	5142,0,0,0,0,0,0	63	0
174900	324	638	383	165	172	44	18	3	1914	23	162	587	231	3	66	4633	524	1220	0,0,0,0,0,0	17586	0	244	5721	53	0	5617,5444,5444,4820,4820,4820,4820	2	17	5385,0,0,0,0,0,0	63	0
174761	363	662	386	181	169	44	20	3	1968	24	165	579	256	1	71	4717	575	1250	0,0,0,0,0,0	17660	0	253	5972	55	0	5860,5675,5675,5011,5011,5011,5011	2	17	5637,0,0,0,0,0,0	76	0
174626	373	689	413	194	173	46	20	3	2016	26	167	569	256	3	48	4868	605	1303	0,0,0,0,0,0	17484	0	247	6217	57	0	6096,5901,5901,5198,5198,5198,5198	2	21	5882,0,0,0,0,0,0	79	0
174486	396	731	426	203	175	49	19	4	2061	28	168	575	302	1	54	4578	635	1364	0,0,0,0,0,0	17776	0	267	6482	61	0	6353,6145,6145,5397,5397,5397,5397	2	26	6147,0,0,0,0,0,0	86	0
174357	391	737	449	201	190	54	22	4	2140	30	171	589	304	6	53	4680	620	1424	0,0,0,0,0,0	17590	0	247	6728	62	0	6593,6374,6374,5582,5582,5582,5582	2	16	6394,0,0,0,0,0,0	91	0
174239	380	737	470	204	211	53	23	5	2214	30	180	582	248	1	68	4705	649	1429	0,0,0,0,0,0	29163	0	231	6962	63	0	6826,6595,6595,5759,5759,5759,5759	2	21	6628,0,0,0,0,0,0	110	0
174157	347	779	462	203	214	59	23	5	2280	33	184	550	323	9	76	4793	685	1402	0,0,0,0,0,0	29023	0	217	7180	65	0	7036,6791,6791,5906,5906,5906,5906	3	27	6847,0,0,0,0,0,0	110	0
173984	386	789	466	215	218	57	26	4	2378	33	190	506	275	4	87	5008	754	1403	0,0,0,0,0,0	18146	0	288	7468	67	0	7321,7064,7064,6135,6135,6135,6135	3	29	7135,0,0,0,0,0,0	111	0
173896	388	818	468	222	202	62	26	3	2435	34	192	551	238	3	71	4991	733	1453	0,0,0,0,0,0	17873	0	256	7721	70	0	7562,7289,7289,6300,6300,6300,6300	3	29	7388,0,0,0,0,0,0	106	0
173774	416	809	465	241	218	63	25	3	2499	37	196	527	296	2	63	5420	767	1470	0,0,0,0,0,0	33448	0	275	7997	72	0	7830,7542,7542,6496,6496,6496,6496	3	25	7664,0,0,0,0,0,0	120	0
173655	426	819	478	233	217	64	28	3	2581	37	205	490	213	5	65	5413	767	1498	0,0,0,0,0,0	33655	0	264	8261	74	0	8093,7789,7789,6687,6687,6687,6687	3	24	7928,0,0,0,0,0,0	120	0
173552	432	840	497	245	218	57	28	5	2623	41	208	484	239	0	58	5709	764	1553	0,0,0,0,0,0	33430	0	279	8539	75	0	8362,8040,8040,6873,6873,6873,6873	3	30	8207,0,0,0,0,0,0	117	0
173460	394	850	507	252	227	51	30	6	2716	42	211	479	300	2	73	5644	786	1525	0,0,0,0,0,0	47024	0	236	8777	76	0	8593,8256,8256,7035,7035,7035,7035	3	23	8445,0,0,0,0,0,0	118	0
173397	377	820	539	262	216	49	33	6	2791	43	213	504	287	1	66	5703	782	1514	0,0,0,0,0,0	46867	0	225	9002	78	0	8809,8456,8456,7175,7175,7175,7175	3	20	8670,0,0,0,0,0,0	119	0
173297	379	805	527	257	242	53	35	6	2886	44	215	503	257	2	73	5671	781	1517	0,0,0,0,0,0	33998	0	239	9242	80	0	9041,8674,8674,7341,7341,7341,7341	3	29	8910,0,0,0,0,0,0	115	0
173215	386	792	543	255	241	53	37	6	2954	47	217	502	246	2	82	5649	811	1496	0,0,0,0,0,0	33873	0	257	9499	81	0	9287,8902,8902,7504,7504,7504,7504	4	34	9168,0,0,0,0,0,0	121	0
173150	377	802	570	241	241	56	36	6	2999	49	219	513	242	4	75	5446	805	1518	0,0,0,0,0,0	33649	0	248	9744	85	0	9522,9118,9118,7654,7654,7654,7654	4	35	9413,0,0,0,0,0,0	126	0
173102	370	794	558	249	238	58	38	6	3061	49	223	480	235	5	78	5684	808	1497	0,0,0,0,0,0	33441	0	232	9978	87	0	9747,9324,9324,7790,7790,7790,7790	4	20	9647,0,0,0,0,0,0	121	0
173055	374	781	556	244	234	61	38	6	3113	54	230	499	250	4	65	5636	813	1475	0,0,0,0,0,0	34264	0	222	10199	88	0	9961,9521,9521,7920,7920,7920,7920	4	34	9869,0,0,0,0,0,0	122	0
173023	364	753	560	244	246	69	36	6	3153	58	234	490	244	2	70	5517	813	1459	0,0,0,0,0,0	46442	0	222	10421	90	0	10174,9715,9715,8042,8042,8042,8042	4	23	10092,0,0,0,0,0,0	136	0
172977	358	772	542	231	231	68	39	5	3228	58	237	487	289	0	70	5617	791	1450	0,0,0,0,0,0	46614	0	222	10642	93	0	10387,9909,9909,8171,8171,8171,8171	4	21	10313,0,0,0,0,0,0	144	0
172961	362	768	562	237	232	69	39	7	3209	61	239	481	274	2	68	5629	793	1476	0,0,0,0,0,0	33939	0	245	10881	99	0	10613,10113,10113,8292,8292,8292,8292	4	24	10553,0,0,0,0,0,0	143	0
172914	384	753	548	235	232	63	39	7	3267	62	242	453	232	4	75	5707	788	1466	0,0,0,0,0,0	33744	0	248	11131	100	0	10849,10328,10328,8433,8433,8433,8433	4	33	10803,0,0,0,0,0,0	134	0
172889	374	746	552	237	234	61	36	7	3300	66	244	485	230	3	76	6098	812	1428	0,0,0,0,0,0	33879	0	222	11353	102	0	11059,10518,10518,8549,8549,8549,8549	4	27	11025,0,0,0,0,0,0	130	0
172859	336	785	534	245	238	49	37	7	3342	69	245	494	259	5	74	6071	819	1405	0,0,0,0,0,0	33934	0	228	11579	105	0	11272,10712,10712,8670,8670,8670,8670	4	24	11252,0,0,0,0,0,0	118	0
172786	346	812	536	256	208	48	39	9	3389	70	247	498	326	6	52	6085	782	1463	0,0,0,0,0,0	34272	0	277	11850	111	0	11532,10951,10951,8834,8834,8834,8834	4	34	11524,0,0,0,0,0,0	120	0
172784	338	809	536	242	200	49	41	8	3414	73	252	485	252	5	70	5990	774	1441	0,0,0,0,0,0	47319	0	219	12064	117	0	11735,11133,11133,8936,8936,8936,8936	4	21	11739,0,0,0,0,0,0	129	0
172809	312	780	534	235	206	51	44	5	3444	74	252	470	265	2	61	5742	733	1429	0,0,0,0,0,0	47209	0	193	12255	120	0	11911,11288,11288,9011,9011,9011,9011	4	18	11930,0,0,0,0,0,0	131	0
172743	352	789	529	229	198	51	41	4	3479	76	255	471	239	2	66	5887	742	1447	0,0,0,0,0,0	33769	0	255	12510	124	0	12155,11512,11512,9164,9164,9164,9164	4	34	12185,0,0,0,0,0,0	129	0
172759	355	764	515	234	202	51	37	2	3489	81	257	460	273	4	60	5709	734	1424	0,0,0,0,0,0	33689	0	218	12726	127	0	12355,11688,11688,9254,9254,9254,9254	4	27	12402,0,0,0,0,0,0	112	0
172759	363	728	518	236	204	52	32	2	3506	87	259	479	241	1	59	5349	726	1407	0,0,0,0,0,0	33282	0	219	12947	128	0	12561,11873,11873,9355,9355,9355,9355	4	26	12624,0,0,0,0,0,0	110	0
172722	376	747	503	227	196	51	33	2	3534	90	265	445	231	2	62	5096	707	1426	0,0,0,0,0,0	33409	0	241	13188	131	0	12793,12083,12083,9487,9487,9487,9487	4	30	12865,0,0,0,0,0,0	106	0
172736	349	743	527	218	206	52	31	3	3517	93	271	439	285	4	73	5100	703	1423	0,0,0,0,0,0	33059	0	217	13406	131	0	12998,12265,12265,9581,9581,9581,9581	4	25	13083,0,0,0,0,0,0	99	0
172747	333	743	522	220	200	50	31	3	3532	94	271	455	271	2	49	4898	664	1435	0,0,0,0,0,0	46127	0	213	13617	135	0	13193,12437,12437,9671,9671,9671,9671	4	16	13294,0,0,0,0,0,0	95	0
172776	303	726	530	223	216	53	30	4	3513	98	274	483	263	1	55	4971	669	1412	0,0,0,0,0,0	46059	0	194	13811	135	0	13374,12596,12596,9745,9745,9745,9745	4	22	13488,0,0,0,0,0,0	94	0
172788	314	726	512	231	213	58	31	3	3491	101	278	479	240	3	79	5184	697	1388	0,0,0,0,0,0	33459	0	232	14042	137	0	13590,12788,12788,9846,9846,9846,9846	4	25	13719,0,0,0,0,0,0	99	0
172776	333	717	498	231	213	57	33	2	3502	102	282	465	94	4	75	5066	727	1355	0,0,0,0,0,0	33291	0	235	14278	138	0	13810,12985,12985,9958,9958,9958,9958	3	13	13955,0,0,0,0,0,0	101	0
172829	313	676	508	215	208	54	33	2	3520	104	284	464	269	6	71	5341	712	1295	0,0,0,0,0,0	33110	0	177	14458	138	0	13975,13126,13126,10011,10011,10011,10011	4	21	14135,0,0,0,0,0,0	97	0
172877	289	653	510	210	205	53	32	1	3521	107	288	472	246	3	53	5226	681	1271	0,0,0,0,0,0	33564	0	178	14632	142	0	14135,13264,13264,10064,10064,10064,10064	4	16	14309,0,0,0,0,0,0	102	0
172886	308	655	499	199	200	57	32	4	3504	108	294	483	350	4	68	5326	703	1247	0,0,0,0,0,0	33416	0	226	14857	144	0	14348,13452,13452,10163,10163,10163,10163	3	19	14534,0,0,0,0,0,0	103	0
172945	324	613	479	191	201	56	30	2	3495	112	298	474	91	3	50	5299	655	1239	0,0,0,0,0,0	46437	0	172	15030	145	0	14506,13587,13587,10210,10210,10210,10210	3	19	14707,0,0,0,0,0,0	110	0
173002	294	597	441	205	216	58	31	3	3484	112	303	463	283	1	62	5368	660	1182	0,0,0,0,0,0	46500	0	163	15193	146	0	14655,13714,13714,10253,10253,10253,10253	3	12	14870,0,0,0,0,0,0	114	0
173054	285	601	447	210	200	62	32	4	3431	114	306	456	232	3	58	5070	657	1180	0,0,0,0,0,0	33299	0	191	15380	152	0	14826,13861,13861,10310,10310,10310,10310	3	15	15057,0,0,0,0,0,0	107	0
173096	304	586	436	208	204	67	31	5	3387	115	307	468	256	3	51	5225	664	1172	0,0,0,0,0,0	33259	0	197	15575	155	0	15001,14013,14013,10372,10372,10372,10372	3	18	15252,0,0,0,0,0,0	121	0
173168	300	565	424	204	209	61	31	5	3353	117	309	478	277	6	63	5464	664	1130	0,0,0,0,0,0	33642	0	170	15744	156	0	15154,14141,14141,10408,10408,10408,10408	3	8	15422,0,0,0,0,0,0	106	0
173197	294	591	398	200	190	63	33	4	3345	118	313	476	304	1	71	5382	661	1108	0,0,0,0,0,0	33339	0	189	15930	160	0	15326,14291,14291,10475,10475,10475,10475	3	22	15608,0,0,0,0,0,0	111	0
173219	281	600	394	203	175	71	34	5	3330	119	315	504	252	0	47	5086	646	1112	0,0,0,0,0,0	33417	0	166	16096	161	0	15478,14424,14424,10535,10535,10535,10535	3	18	15774,0,0,0,0,0,0	113	0
173260	275	603	386	181	179	68	33	5	3317	120	319	507	92	0	48	4728	624	1101	0,0,0,0,0,0	46271	0	175	16268	165	0	15634,14558,14558,10588,10588,10588,10588	3	16	15946,0,0,0,0,0,0	122	0
173337	253	585	381	177	182	68	34	6	3277	120	326	509	317	3	48	4636	613	1067	0,0,0,0,0,0	46086	0	137	16405	165	0	15761,14663,14663,10610,10610,10610,10610	3	14	16083,0,0,0,0,0,0	122	0
173425	233	561	402	183	175	69	32	5	3209	124	328	509	87	3	56	4417	611	1044	0,0,0,0,0,0	32901	0	148	16552	166	0	15891,14770,14770,10627,10627,10627,10627	2	12	16230,0,0,0,0,0,0	112	0
173496	223	530	391	172	178	67	33	5	3193	126	332	501	106	2	42	4521	581	1013	0,0,0,0,0,0	32870	0	141	16692	167	0	16014,14872,14872,10647,10647,10647,10647	3	18	16370,0,0,0,0,0,0	116	0
173547	244	501	390	172	167	63	32	7	3162	128	333	495	254	0	44	4346	555	1014	0,0,0,0,0,0	32530	0	165	16857	169	0	16162,14998,14998,10690,10690,10690,10690	2	18	16535,0,0,0,0,0,0	116	0
173637	213	503	372	167	166	62	31	8	3118	130	339	486	266	3	45	4447	543	971	0,0,0,0,0,0	45889	0	127	16981	172	0	16274,15088,15088,10696,10696,10696,10696	2	8	16659,0,0,0,0,0,0	108	0
173713	189	502	359	158	169	56	28	10	3088	133	341	479	267	1	47	4062	553	908	0,0,0,0,0,0	45541	0	119	17097	175	0	16375,15170,15170,10702,10702,10702,10702	2	10	16775,0,0,0,0,0,0	104	0
173843	178	464	366	149	164	56	29	7	3012	134	344	470	318	0	41	3566	527	879	0,0,0,0,0,0	45230	0	124	17218	180	0	16479,15247,15247,10684,10684,10684,10684	2	8	16897,0,0,0,0,0,0	102	0
173912	183	445	349	142	181	50	29	7	2965	136	347	441	289	0	45	3482	512	867	0,0,0,0,0,0	45062	25	133	17348	183	0	16595,15343,15343,10702,10702,10702,10702	2	14	17027,0,0,0,0,0,0	97	22
173966	204	422	345	136	164	51	30	6	2937	137	348	453	230	1	58	3540	527	825	0,0,0,0,0,0	31540	28	139	17485	185	0	16716,15445,15445,10730,10730,10730,10730	2	11	17164,0,0,0,0,0,0	92	48
174025	195	408	345	131	154	49	26	8	2915	140	350	457	92	0	32	3667	496	812	0,0,0,0,0,0	31585	28	110	17594	186	0	16809,15522,15522,10739,10739,10739,10739	2	16	17273,0,0,0,0,0,0	95	74
174093	187	414	319	123	126	54	24	6	2904	143	353	456	224	0	36	3548	439	808	0,0,0,0,0,0	31487	33	116	17708	188	0	16910,15603,15603,10749,10749,10749,10749	2	10	17387,0,0,0,0,0,0	88	103
174178	175	396	304	121	123	54	27	6	2864	144	354	441	254	0	39	3330	416	784	0,0,0,0,0,0	31362	20	112	17818	190	0	17003,15677,15677,10746,10746,10746,10746	2	10	17497,0,0,0,0,0,0	92	119
174247	167	397	286	115	119	53	24	7	2829	145	357	441	258	0	40	3250	410	751	0,0,0,0,0,0	31192	27	111	17926	194	0	17097,15753,15753,10751,10751,10751,10751	2	16	17606,0,0,0,0,0,0	85	143
174342	183	363	278	110	115	45	23	7	2772	148	360	461	81	3	40	3114	409	708	0,0,0,0,0,0	38472	37	108	18034	195	0	17189,15825,15825,10744,10744,10744,10744	2	12	17714,0,0,0,0,0,0	88	176
174435	174	348	277	124	118	47	23	9	2681	148	362	462	243	1	32	3037	409	702	0,0,0,0,0,0	38156	143	105	18135	200	0	17284,15900,15900,10739,10739,10739,10739	2	9	17816,0,0,0,0,0,0	85	301
174512	171	353	258	108	116	50	22	9	2632	150	365	483	263	2	35	3218	410	668	0,0,0,0,0,0	26101	130	102	18237	201	0	17381,15979,15979,10742,10742,10742,10742	2	12	17918,0,0,0,0,0,0	85	416
174592	156	362	250	107	103	47	27	8	2572	151	371	475	257	2	40	3313	417	635	0,0,0,0,0,0	26227	123	105	18343	201	0	17479,16058,16058,10743,10743,10743,10743	2	19	18024,0,0,0,0,0,0	79	530
174659	162	350	255	113	108	45	23	7	2498	154	372	487	274	1	32	3408	403	653	0,0,0,0,0,0	26477	141	120	18462	203	0	17593,16153,16153,10758,10758,10758,10758	2	14	18143,0,0,0,0,0,0	83	655
174699	159	345	251	113	108	45	23	7	2466	155	375	498	244	3	38	3113	391	653	0,0,0,0,0,0	26692	143	107	18567	205	0	17692,16237,16237,10780,10780,10780,10780	2	4	18248,0,0,0,0,0,0	80	782
174774	161	344	247	118	104	44	22	5	2392	158	377	507	262	0	39	3143	406	634	0,0,0,0,0,0	26167	114	115	18679	209	0	17797,16324,16324,10787,10787,10787,10787	1	10	18360,0,0,0,0,0,0	78	880
174840	157	361	232	110	96	41	21	5	2343	159	381	482	251	0	23	3116	380	638	0,0,0,0,0,0	38104	153	110	18785	213	0	17902,16411,16411,10799,10799,10799,10799	1	7	18466,0,0,0,0,0,0	80	1014
174865	172	365	224	100	94	39	22	5	2314	162	384	479	90	1	32	3167	380	636	0,0,0,0,0,0	37851	144	119	18903	215	0	18056,16551,16551,10857,10857,10857,10857	1	11	18584,0,0,0,0,0,0	77	1134
174900	185	351	241	109	95	38	23	4	2250	164	386	462	163	2	40	2996	378	664	0,0,0,0,0,0	26192	149	120	19022	216	0	18204,16683,16683,10904,10904,10904,10904	1	14	18703,0,0,0,0,0,0	79	1273
174923	183	371	221	108	96	36	21	5	2225	166	391	443	250	0	28	2986	377	659	0,0,0,0,0,0	26182	143	118	19138	219	0	18351,16816,16816,10957,10957,10957,10957	1	11	18819,0,0,0,0,0,0	74	1395
174955	181	376	237	89	104	38	24	5	2177	167	393	458	96	2	34	2861	375	674	0,0,0,0,0,0	26311	173	121	19260	220	0	18505,16955,16955,11009,11009,11009,11009	1	8	18941,0,0,0,0,0,0	70	1555
174999	183	380	245	90	85	41	23	4	2128	171	397	454	253	1	36	2997	371	676	0,0,0,0,0,0	25907	156	106	19366	222	0	18646,17080,17080,11048,11048,11048,11048	1	12	19047,0,0,0,0,0,0	76	1687
175077	170	373	252	95	86	44	19	6	2051	173	400	471	272	1	16	2699	346	693	0,0,0,0,0,0	26140	164	97	19462	223	0	18764,17180,17180,11059,11059,11059,11059	1	10	19143,0,0,0,0,0,0	68	1829
175100	168	350	253	102	78	42	20	4	2051	174	404	469	302	0	30	2316	334	679	0,0,0,0,0,0	37503	155	103	19563	225	0	18904,17307,17307,11109,11109,11109,11109	1	10	19245,0,0,0,0,0,0	77	1955
175164	157	335	241	108	91	43	19	4	2000	177	407	480	254	2	28	2314	325	669	0,0,0,0,0,0	37837	62	89	19650	227	0	19024,17412,17412,11128,11128,11128,11128	1	11	19332,0,0,0,0,0,0	78	2006
175185	152	346	236	111	90	42	20	2	1975	178	409	483	242	2	37	2308	344	653	0,0,0,0,0,0	25320	83	108	19759	227	0	19172,17547,17547,11181,11181,11181,11181	1	12	19441,0,0,0,0,0,0	76	2074
175196	168	346	241	116	84	41	20	2	1939	178	415	476	319	3	36	2434	359	657	0,0,0,0,0,0	25342	77	126	19881	231	0	19329,17689,17689,11242,11242,11242,11242	1	17	19564,0,0,0,0,0,0	77	2138
175229	186	328	253	107	97	38	17	1	1890	183	417	501	68	0	28	2589	366	660	0,0,0,0,0,0	25656	59	114	19992	234	0	19484,17830,17830,11293,11293,11293,11293	1	16	19675,0,0,0,0,0,0	66	2190
175246	188	325	254	123	96	37	18	1	1854	184	420	506	260	3	32	2576	359	682	0,0,0,0,0,0	25973	48	110	20102	235	0	19631,17964,17964,11347,11347,11347,11347	1	11	19785,0,0,0,0,0,0	73	2226
175270	177	343	243	110	96	31	20	1	1848	184	423	505	309	2	43	2562	370	650	0,0,0,0,0,0	25812	71	112	20214	235	0	19783,18102,18102,11400,11400,11400,11400	1	9	19897,0,0,0,0,0,0	77	2286
175311	166	346	245	118	100	31	19	3	1798	184	425	494	289	4	32	2486	369	656	0,0,0,0,0,0	37474	72	98	20312	236	0	19915,18220,18220,11436,11436,11436,11436	1	6	19995,0,0,0,0,0,0	80	2351
175358	172	342	249	111	96	31	20	2	1753	184	428	509	255	1	26	2337	371	650	0,0,0,0,0,0	37568	214	95	20408	237	0	20024,18315,18315,11457,11457,11457,11457	1	7	20091,0,0,0,0,0,0	77	2521
175361	171	351	252	106	88	37	21	2	1743	184	430	482	269	3	25	2612	372	654	0,0,0,0,0,0	25464	203	110	20515	240	0	20153,18433,18433,11507,11507,11507,11507	1	9	20198,0,0,0,0,0,0	80	2688
175390	174	340	229	100	94	36	17	4	1741	187	434	501	103	0	35	2672	357	633	0,0,0,0,0,0	25585	194	96	20610	243	0	20268,18535,18535,11537,11537,11537,11537	1	7	20293,0,0,0,0,0,0	72	2858
175417	145	356	222	102	97	32	18	3	1728	188	438	522	261	1	25	2657	344	628	0,0,0,0,0,0	25932	183	93	20701	245	0	20375,18630,18630,11565,11565,11565,11565	1	9	20384,0,0,0,0,0,0	70	3015
175459	150	340	216	103	100	27	20	4	1700	188	439	517	90	1	40	2627	337	619	0,0,0,0,0,0	25580	206	86	20787	246	0	20466,18708,18708,11578,11578,11578,11578	1	12	20470,0,0,0,0,0,0	69	3186
175463	157	324	233	92	109	20	19	3	1691	192	443	525	234	1	43	2526	351	603	0,0,0,0,0,0	25739	205	104	20891	248	0	20588,18820,18820,11624,11624,11624,11624	1	12	20574,0,0,0,0,0,0	58	3359
175484	159	307	237	93	111	27	19	4	1666	193	446	510	230	0	25	2443	333	620	0,0,0,0,0,0	37217	206	96	20986	249	0	20705,18925,18925,11661,11661,11661,11661	1	12	20669,0,0,0,0,0,0	61	3517
175510	147	293	246	94	109	25	18	5	1655	194	450	519	91	1	31	2372	333	599	0,0,0,0,0,0	37566	186	80	21062	253	0	20881,19091,19091,11725,11725,11725,11725	1	8	20745,0,0,0,0,0,0	69	3670
175522	140	322	237	95	101	29	18	5	1627	196	454	525	270	2	37	2350	345	597	0,0,0,0,0,0	25360	147	104	21165	254	0	21075,19274,19274,11802,11802,11802,11802	1	11	20848,0,0,0,0,0,0	66	3783
175466	184	331	229	94	105	27	17	5	1635	198	455	545	251	0	26	2316	327	660	5,0,0,0,0,0	25577	158	97	21315	260	0	21311,19501,19501,11933,11933,11933,11933	1	13	20940,59,0,0,0,0,0	68	3906
175452	197	365	215	98	106	28	17	4	1607	198	459	530	244	2	28	2506	321	705	10,0,0,0,0,0	25581	150	111	21457	264	0	21543,19720,19720,12042,12042,12042,12042	1	6	21036,108,0,0,0,0,0	67	4034
175408	215	392	226	102	106	29	17	3	1587	199	462	522	258	1	30	2725	340	747	14,0,0,0,0,0	25737	179	117	21609	266	0	21792,19959,19959,12176,12176,12176,12176	1	9	21136,161,0,0,0,0,0	64	4185
175360	230	420	215	107	115	29	16	3	1588	200	463	537	285	1	26	2744	325	807	20,0,0,0,0,0	25601	180	119	21765	270	0	22032,20189,20189,12307,12307,12307,12307	1	13	21221,234,0,0,0,0,0	60	4326
175309	241	442	233	101	126	29	18	3	1580	200	464	548	227	1	27	2911	338	852	25,0,0,0,0,0	38072	185	132	21919	278	0	22280,20428,20428,12444,12444,12444,12444	1	8	21297,318,0,0,0,0,0	55	4481
175250	254	468	248	105	122	29	15	3	1584	203	465	527	262	3	34	2721	344	897	31,0,0,0,0,0	37541	139	140	22085	280	0	22532,20671,20671,12588,12588,12588,12588	1	6	21376,406,0,0,0,0,0	56	4591
175183	256	499	260	110	122	25	14	4	1603	204	466	544	318	1	45	2810	336	950	33,0,0,0,0,0	25792	126	162	22247	281	0	22770,20900,20899,12723,12723,12723,12723	1	13	21475,469,0,0,0,0,0	48	4684
175094	264	530	274	117	136	23	13	4	1618	206	467	566	271	3	41	3248	354	1003	36,0,0,0,0,0	26213	129	190	22435	284	0	23032,21152,21152,12883,12883,12883,12883	1	16	21563,570,0,0,0,0,0	48	4784
175005	291	546	293	134	140	30	15	4	1613	206	469	558	237	2	37	3364	383	1066	39,0,0,0,0,0	26520	113	192	22628	287	0	23313,21424,21423,13050,13050,13050,13050	1	11	21656,673,0,0,0,0,0	54	4871
174921	315	554	310	141	156	31	16	3	1621	206	472	535	286	2	47	3300	410	1113	43,0,0,0,0,0	26475	124	201	22824	293	0	23597,21699,21698,13221,13221,13221,13221	1	15	21729,798,0,0,0,0,0	55	4965
174825	329	567	316	157	146	32	14	3	1674	208	475	519	260	3	52	3380	429	1132	46,0,0,0,0,0	26450	147	194	23018	294	0	23879,21973,21971,13395,13395,13395,13395	1	15	21817,904,0,0,0,0,0	52	5076
174741	310	598	325	171	159	32	16	2	1702	209	481	496	263	2	48	3438	462	1149	47,0,0,0,0,0	38224	132	189	23207	296	0	24157,22243,22240,13564,13564,13564,13564	1	13	21894,1017,0,0,0,0,0	60	5183
174668	297	619	361	171	157	33	20	2	1726	209	483	496	281	6	51	3505	506	1152	49,0,0,0,0,0	38035	312	177	23380	302	0	24374,22453,22449,13694,13694,13694,13694	1	4	21970,1119,0,0,0,0,0	64	5440
174540	329	649	388	165	152	36	21	3	1767	210	486	515	270	2	58	3653	579	1161	51,0,0,0,0,0	26737	282	239	23611	311	0	24647,22720,22714,13879,13879,13879,13879	1	15	22059,1267,0,0,0,0,0	63	5657
174401	344	663	427	163	152	39	20	3	1832	212	490	525	242	4	57	4305	592	1216	54,0,0,0,0,0	27161	289	248	23851	319	0	24929,22996,22988,14073,14073,14073,14073	1	17	22153,1419,0,0,0,0,0	77	5886
174273	342	687	428	180	164	44	18	2	1899	214	495	542	323	2	45	4591	591	1272	56,0,0,0,0,0	27787	288	237	24083	324	0	25196,23255,23246,14253,14253,14253,14253	1	15	22238,1570,0,0,0,0,0	82	6105
174128	353	730	429	197	165	45	17	2	1966	217	497	553	258	2	54	4633	614	1322	58,0,0,0,0,0	27873	302	253	24329	331	0	25473,23526,23515,14448,14448,14448,14448	1	20	22323,1738,0,0,0,0,0	86	6331
173951	378	786	427	222	181	44	21	2	2017	217	500	550	289	3	57	4791	640	1419	60,0,0,0,0,0	27676	308	299	24625	337	0	25810,23857,23843,14689,14689,14689,14689	1	21	22421,1941,0,0,0,0,0	93	6556
173796	414	803	431	240	185	46	22	1	2086	219	503	548	243	2	54	4829	652	1489	62,0,0,0,0,0	39333	302	285	24903	345	0	26128,24169,24152,14910,14910,14910,14910	1	21	22501,2145,0,0,0,0,0	105	6759
173652	448	795	458	238	203	46	24	2	2153	220	507	514	303	5	74	4697	695	1517	64,0,0,0,0,0	39294	618	262	25159	353	0	26523,24562,24542,15168,15168,15168,15168	1	8	22578,2330,0,0,0,0,0	118	7172
173465	455	855	484	236	210	46	29	2	2231	221	512	493	271	2	66	5258	712	1603	65,0,0,0,0,0	28199	614	302	25456	358	0	26937,24971,24948,15454,15454,15454,15454	1	20	22666,2542,0,0,0,0,0	106	7642
173268	477	920	495	242	227	48	29	2	2298	223	517	480	251	3	66	5526	735	1703	66,0,0,0,0,0	28395	605	331	25777	371	0	27379,25410,25383,15758,15758,15758,15758	2	22	22759,2779,0,0,0,0,0	113	8173
173051	486	948	533	274	236	53	32	2	2389	224	518	493	273	1	77	5851	758	1804	69,0,0,0,0,0	28727	631	346	26115	380	0	27825,25854,25823,16074,16074,16074,16074	2	17	22832,3050,0,0,0,0,0	109	8737
172827	506	988	566	284	260	57	32	3	2471	227	525	490	329	2	91	5872	800	1893	70,0,0,0,0,0	29341	625	365	26465	396	0	28299,26324,26289,16410,16410,16410,16410	2	23	22904,3342,0,0,0,0,0	122	9288
172515	596	1068	580	276	269	62	35	3	2587	228	527	503	336	6	86	5797	817	2069	72,0,0,0,0,0	28895	624	453	26899	416	0	28853,26877,26837,16829,16829,16829,16829	2	26	22989,3706,0,0,0,0,0	129	9838
172258	627	1087	608	302	261	67	33	4	2738	232	529	473	319	6	93	5781	883	2102	74,0,0,0,0,0	40243	579	377	27259	435	0	29325,27350,27305,17183,17183,17183,17183	2	19	23046,4024,0,0,0,0,0	141	10347
172029	620	1177	642	321	266	64	39	3	2819	233	533	484	317	3	94	5859	946	2183	75,0,0,0,0,0	40327	717	394	27648	442	0	29882,27904,27854,17562,17562,17562,17562	2	23	23128,4337,0,0,0,0,0	148	10966
171789	640	1217	663	330	300	62	40	4	2931	234	536	494	249	3	94	6437	1009	2243	77,0,0,0,0,0	29112	808	429	28070	453	0	30479,28503,28443,17969,17969,17969,17969	2	28	23204,4692,0,0,0,0,0	150	11685
171486	663	1290	721	335	331	65	38	5	3034	238	540	494	315	3	114	6847	1102	2341	78,0,0,0,0,0	29581	778	485	28541	470	0	31159,29184,29115,18446,18446,18446,18446	2	35	23278,5102,0,0,0,0,0	141	12348
171163	726	1359	726	357	317	61	39	6	3203	242	547	491	254	6	112	7034	1153	2432	79,0,0,0,0,0	29921	830	505	29028	491	0	31872,29901,29822,18949,18949,18949,18949	2	24	23360,5523,0,0,0,0,0	127	13060
170805	775	1437	745	374	356	65	36	8	3349	246	550	476	261	9	112	7222	1185	2603	81,0,0,0,0,0	29948	842	533	29550	506	0	32616,30651,30561,19488,19488,19488,19488	2	25	23426,5992,0,0,0,0,0	140	13780
170421	816	1501	791	408	384	69	39	8	3509	247	553	475	307	5	101	7582	1220	2788	82,0,0,0,0,0	30397	811	576	30110	524	0	33391,31430,31330,20055,20055,20055,20055	2	34	23482,6508,0,0,0,0,0	131	14461
170134	801	1561	861	427	388	78	46	8	3635	250	557	472	313	5	135	7570	1284	2878	84,0,0,0,0,0	41599	751	499	30599	538	0	34091,32135,32023,20537,20537,20537,20537	2	18	23535,6952,0,0,0,0,0	150	15102
169838	741	1651	882	460	403	90	48	10	3810	253	560	448	299	9	126	7848	1327	2948	85,0,0,0,0,0	42061	863	507	31086	563	0	34811,32860,32736,21031,21031,21031,21031	2	24	23586,7408,0,0,0,0,0	174	15852
169532	754	1688	924	469	426	94	53	11	3975	257	563	470	303	4	175	8517	1427	2981	86,0,0,0,0,0	47011	888	537	31602	587	0	35580,33639,33500,21556,21556,21556,21556	2	36	23630,7899,0,0,0,0,0	197	16598
169207	841	1678	956	483	438	104	52	12	4146	260	569	455	313	5	159	9046	1523	3029	87,0,0,0,0,0	48073	906	569	32145	614	0	36357,34424,34270,22093,22093,22093,22093	3	49	23683,8410,0,0,0,0,0	205	17349
168880	841	1730	1007	482	445	111	58	11	4349	262	570	432	311	7	134	9402	1567	3107	88,0,0,0,0,0	47921	886	564	32694	631	0	37150,35224,35056,22638,22638,22638,22638	3	36	23722,8933,0,0,0,0,0	218	18089
168635	847	1704	1022	514	473	109	68	11	4528	263	572	447	248	6	134	9868	1596	3141	88,0,0,0,0,0	48600	870	521	33187	662	0	37894,35979,35793,23121,23121,23121,23121	3	36	23759,9407,0,0,0,0,0	215	18814
168358	846	1725	1049	508	481	114	69	14	4745	265	572	441	226	5	163	10086	1577	3215	89,0,0,0,0,0	48811	862	562	33728	685	0	38670,36766,36563,23636,23636,23636,23636	3	35	23798,9927,0,0,0,0,0	219	19510
168135	823	1720	1063	501	503	119	71	14	4957	268	572	431	330	11	155	10011	1584	3216	90,0,0,0,0,0	72311	907	488	34203	702	0	39366,37472,37251,24082,24082,24082,24082	3	22	23838,10374,0,0,0,0,0	237	20259
168029	775	1688	1074	531	500	130	70	15	5089	269	576	402	248	2	172	10093	1698	3070	90,0,0,0,0,0	72326	647	429	34618	719	0	40088,38213,37969,24489,24489,24489,24489	3	24	23873,10769,0,0,0,0,0	236	20784
167797	790	1697	1074	527	504	142	79	15	5272	271	578	394	314	2	176	10280	1758	3055	91,0,0,0,0,0	48839	652	552	35148	742	0	40914,39058,38791,25009,25009,25009,25009	3	32	23899,11290,0,0,0,0,0	232	21308
167580	797	1662	1065	544	536	147	80	15	5463	277	580	391	305	5	164	10272	1756	3075	92,0,0,0,0,0	48737	609	513	35626	778	0	41687,39851,39562,25493,25493,25493,25493	3	30	23927,11766,0,0,0,0,0	259	21794
167408	801	1666	1090	540	525	155	70	14	5607	288	582	370	291	8	171	10547	1781	3066	92,0,0,0,0,0	49138	634	518	36134	790	0	42484,40669,40354,25971,25971,25971,25971	3	29	23951,12258,0,0,0,0,0	258	22317
167205	805	1683	1099	553	541	152	73	15	5743	293	584	366	299	7	163	10196	1795	3111	93,0,0,0,0,0	49029	617	560	36677	813	0	43304,41512,41170,26477,26477,26477,26477	3	34	23975,12790,0,0,0,0,0	252	22811
167017	796	1702	1061	539	563	161	75	15	5934	298	585	370	309	7	174	10035	1763	3134	93,0,0,0,0,0	48316	659	538	37194	837	0	44093,42326,41956,26959,26959,26959,26959	3	26	24000,13296,0,0,0,0,0	274	23345
166865	784	1659	1060	551	556	163	76	19	6123	304	586	360	246	7	148	9857	1724	3125	93,0,0,0,0,0	72653	644	481	37650	867	0	44837,43092,42699,27404,27404,27404,27404	3	15	24027,13747,0,0,0,0,0	274	23871
166812	746	1603	1085	518	544	164	81	17	6282	308	586	339	300	10	172	9888	1713	3028	93,0,0,0,0,0	72718	904	417	38051	887	0	45499,43788,43365,27778,27778,27778,27778	3	13	24047,14142,0,0,0,0,0	274	24612
166673	748	1597	1112	509	560	170	81	18	6376	312	590	341	335	7	159	10272	1735	3042	94,0,0,0,0,0	48592	871	518	38546	910	0	46275,44592,44141,28234,28234,28234,28234	3	19	24065,14633,0,0,0,0,0	288	25319
166528	786	1625	1051	496	548	166	81	20	6535	318	592	344	249	14	164	10291	1718	3035	94,0,0,0,0,0	48832	941	550	39073	937	0	47100,45444,44961,28696,28696,28696,28696	3	19	24081,15163,0,0,0,0,0	280	26088
166439	808	1596	1082	507	540	164	80	22	6591	322	595	337	277	10	164	10302	1729	3048	95,0,0,0,0,0	49245	852	497	39548	961	0	47894,46264,45750,29116,29116,29116,29116	3	18	24096,15639,0,0,0,0,0	278	26775
166382	790	1603	1119	491	530	156	81	20	6653	324	597	352	252	5	153	10360	1715	3055	95,0,0,0,0,0	49020	881	495	40027	978	0	48678,47080,46530,29519,29519,29519,29519	2	18	24106,16119,0,0,0,0,0	279	27491
166256	810	1630	1077	499	518	160	79	15	6769	334	599	369	234	6	155	10228	1681	3092	95,0,0,0,0,0	49006	891	531	40533	1008	0	49494,47926,47344,29971,29971,29971,29971	3	27	24123,16632,0,0,0,0,0	262	28192
166267	762	1569	1100	506	543	156	80	14	6807	340	602	352	356	3	139	9760	1635	3081	96,0,0,0,0,0	72402	930	421	40928	1036	0	50178,48640,48023,30289,30289,30289,30289	2	21	24136,17034,0,0,0,0,0	270	28919
166341	674	1521	1075	508	546	158	81	18	6877	343	604	359	246	4	148	9920	1596	2967	96,0,0,0,0,0	72261	1044	355	41270	1052	0	50927,49422,48770,30608,30608,30608,30608	2	16	24146,17376,0,0,0,0,0	278	29751
166322	679	1477	1074	514	552	155	83	18	6921	345	606	371	285	6	174	10013	1596	2938	96,0,0,0,0,0	48620	1072	461	41716	1069	0	51805,50334,49645,31030,31030,31030,31030	2	21	24154,17826,0,0,0,0,0	273	30629
166288	700	1449	1053	492	524	163	87	20	7013	348	609	369	229	4	171	10129	1575	2893	96,0,0,0,0,0	48809	1069	462	42154	1094	0	52678,51242,50518,31459,31459,31459,31459	2	18	24162,18273,0,0,0,0,0	277	31460
166277	691	1458	1051	478	508	161	84	20	7052	354	612	391	250	8	160	9701	1526	2905	96,0,0,0,0,0	49043	1093	451	42580	1123	0	53520,52118,51358,31867,31867,31867,31867	2	29	24170,18713,0,0,0,0,0	276	32325
166256	684	1466	1047	495	486	157	79	22	7075	362	617	393	340	11	155	9597	1519	2895	96,0,0,0,0,0	48495	1058	473	43022	1155	0	54395,53029,52233,32295,32295,32295,32295	2	28	24184,19161,0,0,0,0,0	274	33169
166244	723	1408	1036	486	479	154	70	23	7129	374	620	400	230	6	158	9257	1463	2893	97,0,0,0,0,0	48709	1076	459	43458	1182	0	55249,53920,53087,32709,32709,32709,32709	2	26	24190,19610,0,0,0,0,0	262	34002
166344	688	1390	1032	435	465	142	75	23	7154	375	623	411	274	9	117	8726	1379	2848	97,0,0,0,0,0	71357	1042	373	43811	1202	0	56003,54713,53840,33018,33018,33018,33018	2	13	24199,19969,0,0,0,0,0	267	34791
166457	647	1348	972	436	447	131	76	21	7209	378	624	416	270	8	125	8563	1290	2767	97,0,0,0,0,0	71461	1373	326	44121	1221	0	56798,55545,54635,33328,33328,33328,33328	2	12	24202,20288,0,0,0,0,0	251	35855
166525	612	1387	950	451	433	127	75	20	7157	384	625	407	313	5	147	8303	1293	2742	97,0,0,0,0,0	47635	1422	426	44527	1241	0	57693,56483,55530,33714,33714,33714,33714	2	21	24207,20705,0,0,0,0,0	243	36952
166553	625	1420	890	428	425	127	73	20	7167	388	630	388	288	4	148	8154	1279	2709	97,0,0,0,0,0	47626	1414	430	44927	1273	0	58579,57406,56416,34109,34109,34109,34109	2	15	24212,21122,0,0,0,0,0	234	38035
166610	636	1353	894	446	446	126	75	20	7117	391	632	368	324	6	138	8266	1289	2687	98,0,0,0,0,0	47168	1429	404	45310	1294	0	59461,58327,57297,34489,34489,34489,34489	2	20	24217,21516,0,0,0,0,0	229	39119
166671	653	1310	922	425	435	124	78	19	7078	397	634	379	269	10	169	7597	1304	2643	98,0,0,0,0,0	38729	1326	404	45693	1318	0	60325,59230,58161,34859,34859,34859,34859	2	16	24221,21912,0,0,0,0,0	226	40137
166738	635	1310	908	417	421	121	84	19	7059	400	634	381	275	7	122	7332	1249	2647	98,0,0,0,0,0	38560	1389	400	46071	1342	0	61165,60108,59001,35220,35220,35220,35220	2	18	24223,22304,0,0,0,0,0	238	41185
166876	592	1278	890	408	416	115	80	18	7029	408	636	400	280	5	133	7343	1216	2563	98,0,0,0,0,0	40910	1364	328	46386	1356	0	61939,60922,59776,35515,35515,35515,35515	2	12	24227,22623,0,0,0,0,0	240	42232
167001	564	1234	872	406	414	116	81	17	6990	410	641	410	303	7	114	7282	1197	2490	98,0,0,0,0,0	40694	1114	317	46686	1377	0	62723,61743,60560,35807,35807,35807,35807	2	16	24228,22931,0,0,0,0,0	238	43050
167113	568	1179	866	377	423	119	84	14	6943	416	644	382	263	7	134	7272	1179	2437	98,0,0,0,0,0	38042	1068	346	47014	1397	0	63537,62595,61372,36116,36116,36116,36116	2	25	24230,23270,0,0,0,0,0	232	43806
167244	535	1175	869	364	409	124	82	15	6866	419	644	407	300	8	120	7030	1168	2390	98,0,0,0,0,0	38154	1079	335	47334	1415	0	64321,63423,62158,36402,36402,36402,36402	2	24	24231,23603,0,0,0,0,0	231	44538
167354	513	1164	845	374	394	125	78	12	6815	425	647	391	304	3	113	7466	1132	2361	99,0,0,0,0,0	38343	1086	325	47643	1432	0	65124,64261,62959,36701,36701,36701,36701	2	19	24233,23924,0,0,0,0,0	235	45298
167465	507	1164	809	371	367	119	83	10	6774	428	649	377	294	5	119	7235	1076	2344	99,0,0,0,0,0	38623	1124	342	47968	1450	0	65910,65085,63743,36991,36991,36991,36991	2	15	24237,24256,0,0,0,0,0	226	46099
167618	499	1138	804	347	374	112	77	11	6677	436	653	376	293	9	114	7084	1054	2297	98,0,0,0,0,0	38394	1118	330	48286	1464	0	66714,65933,64549,37273,37273,37273,37273	2	15	24240,24580,0,0,0,0,0	216	46860
167822	461	1052	814	333	379	108	75	14	6592	442	654	411	279	5	91	6941	992	2230	99,0,0,0,0,0	40844	1087	255	48527	1479	0	67432,66691,65266,37490,37490,37490,37490	2	15	24240,24832,0,0,0,0,0	204	47604
167980	419	1000	813	314	362	108	65	19	6560	448	658	421	250	3	119	7083	960	2121	99,0,0,0,0,0	40954	894	248	48762	1493	0	68136,67431,65972,37713,37713,37713,37713	1	14	24241,25073,0,0,0,0,0	204	48202
168163	413	948	770	309	349	113	62	16	6488	453	662	424	293	5	118	7031	934	2030	99,0,0,0,0,0	31860	899	266	49008	1514	0	68824,68161,66662,37914,37914,37914,37914	1	19	24241,25334,0,0,0,0,0	196	48797
168337	437	923	750	287	309	112	57	13	6399	459	663	418	298	5	106	6860	891	1984	99,0,0,0,0,0	31575	882	289	49278	1534	0	69523,68901,67363,38123,38123,38123,38123	1	13	24242,25614,0,0,0,0,0	187	49372
168523	396	923	712	281	294	112	54	16	6308	463	664	409	306	3	77	7022	822	1950	99,0,0,0,0,0	31607	932	237	49496	1554	0	70163,69580,68006,38296,38296,38296,38296	1	16	24242,25846,0,0,0,0,0	189	49980
168735	372	885	703	283	283	108	53	12	6181	466	665	421	255	2	81	6790	767	1920	99,0,0,0,0,0	31633	909	232	49723	1562	0	70838,70291,68680,38475,38475,38475,38475	1	8	24243,26076,0,0,0,0,0	182	50577
168935	365	837	661	274	275	102	52	13	6096	469	667	417	269	6	95	6567	743	1823	99,0,0,0,0,0	26074	902	231	49937	1579	0	71483,70976,69328,38644,38644,38644,38644	1	14	24243,26300,0,0,0,0,0	178	51192
169143	355	805	632	246	265	99	52	12	5996	470	671	417	264	2	68	6114	687	1767	99,0,0,0,0,0	32149	881	210	50132	1595	0	72107,71639,69956,38807,38807,38807,38807	1	15	24243,26504,0,0,0,0,0	177	51795
169356	307	752	624	244	256	93	47	12	5906	474	675	414	280	3	86	6052	653	1670	99,0,0,0,0,0	32140	1213	173	50293	1607	0	72702,72271,70555,38940,38940,38940,38940	1	11	24243,26673,0,0,0,0,0	176	52664
169535	325	735	594	243	242	92	40	12	5770	481	677	402	265	11	92	6209	665	1606	99,0,0,0,0,0	25501	1203	223	50494	1629	0	73330,72937,71187,39098,39098,39098,39098	1	11	24244,26891,0,0,0,0,0	163	53524
169744	317	675	597	228	225	85	37	12	5659	487	680	417	250	0	75	5986	666	1498	99,0,0,0,0,0	25623	1213	182	50664	1642	0	73911,73554,71772,39226,39226,39226,39226	1	9	24244,27070,0,0,0,0,0	142	54403
169962	290	661	590	206	212	78	35	10	5530	490	682	409	295	4	78	5684	627	1445	99,0,0,0,0,0	25436	1245	166	50819	1653	0	74513,74193,72379,39356,39356,39356,39356	1	10	24245,27233,0,0,0,0,0	134	55303
170162	289	645	547	211	187	71	34	9	5413	492	686	406	265	4	61	5519	575	1409	99,0,0,0,0,0	25169	1243	178	50984	1667	0	75112,74828,72982,39492,39492,39492,39492	1	4	24245,27411,0,0,0,0,0	121	56190
170389	261	615	534	201	185	66	33	8	5271	495	688	418	269	2	48	5076	529	1366	99,0,0,0,0,0	24968	1253	152	51129	1677	0	75687,75439,73562,39607,39607,39607,39607	1	6	24245,27565,0,0,0,0,0	116	57078
170667	226	586	520	192	176	66	28	10	5086	499	690	411	234	2	48	4857	489	1305	99,0,0,0,0,0	29113	1342	124	51245	1685	0	76214,76004,74094,39680,39680,39680,39680	1	4	24245,27687,0,0,0,0,0	120	58059
170897	206	540	497	182	165	58	27	11	4971	501	691	392	246	2	64	4701	466	1209	99,0,0,0,0,0	28613	626	122	51360	1692	0	76936,76760,74822,39866,39866,39866,39866	1	3	24246,27806,0,0,0,0,0	108	58494
171119	195	515	473	169	174	54	26	11	4812	504	694	422	266	2	60	4914	454	1152	99,0,0,0,0,0	23520	587	135	51484	1704	0	77674,77531,75566,40062,40062,40062,40062	1	6	24246,27936,0,0,0,0,0	98	58891
171316	196	470	461	159	164	45	26	10	4695	505	699	419	304	5	58	4669	450	1071	99,0,0,0,0,0	23351	632	127	51607	1708	0	78428,78316,76327,40280,40280,40280,40280	1	11	24246,28062,0,0,0,0,0	87	59324
171510	192	448	424	153	166	42	27	10	4569	506	699	432	260	1	45	4387	444	1008	99,0,0,0,0,0	23081	590	102	51708	1712	0	79174,79091,77081,40493,40493,40493,40493	1	7	24246,28164,0,0,0,0,0	84	59730
171726	197	410	400	148	155	38	24	10	4430	508	700	447	259	3	42	3774	413	959	99,0,0,0,0,0	22765	625	111	51811	1720	0	79877,79824,77791,40675,40675,40675,40675	0	11	24247,28268,0,0,0,0,0	83	60168
171942	182	382	389	147	132	34	22	10	4292	509	705	457	293	1	42	3670	392	896	99,0,0,0,0,0	22122	613	95	51900	1727	0	80602,80578,78522,40863,40863,40863,40863	0	5	24247,28361,0,0,0,0,0	69	60608
172150	145	376	363	134	134	31	20	11	4165	510	707	468	98	0	26	3610	351	852	99,0,0,0,0,0	27953	564	82	51980	1730	0	81342,81346,79269,41067,41067,41067,41067	0	2	24247,28443,0,0,0,0,0	64	60986
172353	142	332	357	120	134	30	21	11	4026	512	708	478	230	2	44	3283	347	789	99,0,0,0,0,0	27910	796	88	52067	1733	0	81789,81819,79721,41115,41115,41115,41115	0	6	24247,28532,0,0,0,0,0	61	61534
172576	134	322	332	105	118	31	21	10	3870	513	714	480	302	1	47	3721	333	730	99,0,0,0,0,0	17237	820	76	52136	1740	0	82193,82249,80130,41127,41127,41127,41127	0	8	24247,28604,0,0,0,0,0	57	62103
172734	131	310	312	94	118	28	20	12	3759	514	714	517	245	0	24	3906	297	716	99,0,0,0,0,0	17749	790	92	52218	1752	0	82616,82695,80561,41180,41180,41180,41180	0	7	24247,28691,0,0,0,0,0	58	62679
172942	119	297	310	89	106	30	19	12	3588	515	719	531	251	5	26	3484	266	704	99,0,0,0,0,0	17593	801	74	52288	1756	0	83008,83110,80958,41195,41195,41195,41195	0	10	24247,28764,0,0,0,0,0	55	63245
173113	133	273	283	76	108	28	19	12	3463	516	722	502	299	5	31	3394	250	670	99,0,0,0,0,0	16887	791	90	52375	1760	0	83456,83578,81411,41254,41254,41254,41254	0	5	24247,28855,0,0,0,0,0	55	63807
173268	127	264	272	76	93	28	18	11	3346	517	726	522	269	1	39	3428	243	635	99,0,0,0,0,0	17045	822	76	52445	1768	0	83872,84014,81833,41307,41307,41307,41307	0	10	24247,28932,0,0,0,0,0	57	64377
173421	124	269	247	67	95	28	17	12	3218	518	730	521	257	2	14	3313	221	626	99,0,0,0,0,0	27442	821	71	52511	1773	0	84251,84413,82220,41352,41352,41352,41352	0	0	24248,29001,0,0,0,0,0	58	64961
173600	115	254	249	64	79	25	14	12	3079	520	735	516	330	0	23	3119	195	605	99,0,0,0,0,0	27657	1025	56	52562	1778	0	84639,84822,82613,41366,41366,41366,41366	0	1	24248,29056,0,0,0,0,0	54	65700
173779	94	240	245	67	70	24	11	12	2947	521	736	525	213	0	27	2689	197	554	99,0,0,0,0,0	16772	1066	54	52613	1781	0	85027,85230,83006,41381,41381,41381,41381	0	2	24248,29108,0,0,0,0,0	45	66438
173948	89	232	235	60	68	22	11	10	2808	522	741	514	95	1	19	2797	178	539	99,0,0,0,0,0	16486	1153	63	52667	1791	0	85409,85629,83393,41396,41396,41396,41396	0	5	24248,29171,0,0,0,0,0	42	67262
174085	96	211	231	60	77	23	10	10	2674	523	746	525	89	1	17	2330	174	534	99,0,0,0,0,0	16496	1009	60	52724	1796	0	85819,86052,83807,41438,41438,41438,41438	0	3	24248,29231,0,0,0,0,0	41	67992
174252	92	207	206	60	67	24	11	10	2546	523	748	509	90	0	25	1893	174	493	99,0,0,0,0,0	15949	1092	57	52778	1799	0	86208,86460,84201,41459,41459,41459,41459	0	5	24248,29288,0,0,0,0,0	38	68760
174394	94	196	204	58	59	22	8	10	2426	525	750	526	278	0	13	1736	156	485	99,0,0,0,0,0	15532	1057	59	52832	1804	0	86609,86876,84607,41491,41491,41491,41491	0	1	24248,29345,0,0,0,0,0	34	69534
174541	80	206	183	47	56	24	10	8	2310	525	756	544	85	0	18	1756	148	458	100,0,0,0,0,0	20977	1055	49	52878	1807	0	87006,87290,85009,41524,41524,41524,41524	0	4	24248,29393,0,0,0,0,0	31	70308
174695	65	186	177	46	46	21	9	7	2210	525	759	524	259	0	13	1576	135	415	100,0,0,0,0,0	20924	306	28	52906	1808	0	87541,87840,85551,41624,41624,41624,41624	0	0	24248,29421,0,0,0,0,0	32	70517
174823	50	181	172	36	52	20	7	6	2109	526	764	527	240	0	16	1382	128	390	100,0,0,0,0,0	12178	340	35	52939	1810	0	88075,88388,86091,41727,41727,41727,41727	0	1	24248,29456,0,0,0,0,0	29	70749
174962	47	165	166	41	44	20	8	7	1990	526	770	524	320	1	19	1303	133	358	100,0,0,0,0,0	12238	388	37	52975	1811	0	88652,88982,86676,41847,41847,41847,41847	0	2	24248,29493,0,0,0,0,0	25	71031
175081	66	144	157	40	44	19	8	7	1881	526	773	499	104	0	12	1201	132	346	100,0,0,0,0,0	11988	342	53	53026	1813	0	89214,89557,87244,41967,41967,41967,41967	0	1	24248,29545,0,0,0,0,0	26	71263
175163	74	143	146	34	43	18	9	7	1801	527	781	528	234	1	12	1180	125	342	100,0,0,0,0,0	11896	342	52	53074	1817	0	89783,90138,87822,42114,42114,42114,42114	0	3	24248,29596,0,0,0,0,0	29	71499
175293	67	135	138	32	44	16	8	7	1695	527	784	546	261	1	10	996	112	328	100,0,0,0,0,0	11862	366	29	53101	1819	0	90343,90711,88388,42232,42232,42232,42232	0	1	24248,29624,0,0,0,0,0	24	71750
175396	59	128	136	25	42	14	8	6	1620	527	785	546	149	0	12	941	96	316	100,0,0,0,0,0	20451	368	26	53125	1821	0	90931,91309,88984,42381,42381,42381,42381	0	1	24248,29650,0,0,0,0,0	27	71998
175492	53	122	127	31	42	12	5	5	1542	529	786	567	312	1	8	918	82	310	100,0,0,0,0,0	20350	318	30	53154	1822	0	91091,91479,89148,42289,42289,42289,42289	0	1	24248,29680,0,0,0,0,0	21	72223
175588	55	109	126	31	39	12	5	5	1455	529	792	556	93	0	17	876	86	291	100,0,0,0,0,0	11690	363	36	53186	1826	0	91249,91648,89308,42190,42190,42190,42190	0	4	24248,29716,0,0,0,0,0	20	72472
175667	47	110	126	35	27	12	3	6	1388	530	795	559	240	1	9	804	77	283	100,0,0,0,0,0	11680	295	23	53208	1828	0	91430,91837,89493,42111,42111,42111,42111	0	4	24248,29740,0,0,0,0,0	16	72663
175726	44	121	110	36	28	12	2	7	1330	530	800	579	89	0	7	807	69	284	100,0,0,0,0,0	11528	312	42	53245	1833	0	91595,92010,89662,42034,42034,42034,42034	0	4	24248,29779,0,0,0,0,0	14	72871
175792	44	116	108	36	25	12	2	7	1270	530	804	589	268	0	11	765	64	279	100,0,0,0,0,0	11640	317	34	53275	1838	0	91771,92195,89843,41959,41959,41959,41959	0	0	24248,29814,0,0,0,0,0	14	73087
175873	35	113	106	34	24	10	2	7	1205	530	807	587	111	0	8	685	58	266	100,0,0,0,0,0	11436	343	23	53297	1839	0	91941,92373,90016,41869,41869,41869,41869	0	1	24248,29836,0,0,0,0,0	13	73351
175934	32	104	109	30	22	11	1	6	1155	531	811	573	244	0	5	598	50	259	100,0,0,0,0,0	20282	320	24	53320	1840	0	92090,92530,90169,41785,41785,41785,41785	0	0	24248,29860,0,0,0,0,0	13	73572
176002	29	90	109	27	28	11	1	6	1097	531	815	586	98	0	12	577	47	248	100,0,0,0,0,0	19947	183	21	53338	1843	0	92294,92742,90379,41736,41736,41736,41736	0	1	24248,29879,0,0,0,0,0	14	73689
176064	29	90	99	23	15	12	1	5	1060	531	817	573	281	0	13	847	43	226	100,0,0,0,0,0	11642	178	22	53358	1845	0	92515,92969,90605,41692,41692,41692,41692	0	3	24248,29901,0,0,0,0,0	11	73801
176120	36	68	94	27	14	10	2	5	1015	531	824	570	92	0	2	964	33	218	100,0,0,0,0,0	11909	150	20	53378	1845	0	92713,93171,90806,41628,41628,41628,41628	0	2	24248,29921,0,0,0,0,0	11	73895
176174	38	66	87	22	13	9	2	5	970	531	829	595	5209	7	10	951	37	200	100,0,0,0,0,0	11796	159	23	53397	1849	0	92921,93386,91019,41576,41576,41576,41576	0	1	24248,29943,0,0,0,0,0	12	74005
176202	36	75	83	18	13	8	2	5	941	531	832	617	2749	5	3	907	44	191	100,0,0,0,0,0	11703	197	28	53425	1849	0	93137,93605,91240,41537,41537,41537,41537	0	1	24248,29971,0,0,0,0,0	10	74134
176249	39	71	78	13	16	7	1	5	898	532	837	628	1524	1	5	901	49	176	100,0,0,0,0,0	11684	170	21	53446	1849	0	93364,93839,91473,41501,41501,41501,41501	0	1	24248,29992,0,0,0,0,0	8	74247
176284	45	67	83	10	16	6	1	5	858	532	839	625	941	0	2	867	44	184	100,0,0,0,0,0	20233	176	29	53470	1854	0	93587,94068,91702,41471,41471,41471,41471	0	3	24248,30020,0,0,0,0,0	8	74372
176340	35	72	75	11	10	6	1	3	819	532	842	617	637	0	7	837	40	170	100,0,0,0,0,0	20403	185	11	53480	1855	0	93814,94299,91934,41437,41437,41437,41437	0	0	24248,30031,0,0,0,0,0	8	74490
176373	32	80	63	8	15	6	1	2	784	532	850	599	2762	1	4	822	36	169	100,0,0,0,0,0	22409	171	19	53496	1858	0	94044,94531,92171,41416,41416,41416,41416	0	0	24248,30050,0,0,0,0,0	7	74610
176410	34	73	62	11	13	5	2	2	746	532	856	610	2843	0	6	848	32	168	100,0,0,0,0,0	22553	169	19	53514	1859	0	94298,94788,92432,41403,41403,41403,41403	0	0	24248,30069,0,0,0,0,0	7	74718
176452	30	58	66	10	13	3	2	2	716	532	862	592	2084	1	7	621	35	147	100,0,0,0,0,0	22414	170	13	53524	1862	0	94515,95009,92655,41363,41363,41363,41363	0	1	24248,30082,0,0,0,0,0	6	74835
176503	23	58	55	12	8	3	3	1	685	532	863	607	1462	0	6	419	28	134	100,0,0,0,0,0	22369	185	11	53535	1862	0	94755,95253,92902,41341,41341,41341,41341	0	2	24248,30093,0,0,0,0,0	6	74955
176551	22	50	49	13	7	2	3	1	647	532	869	613	937	1	3	546	26	120	100,0,0,0,0,0	22088	162	7	53541	1863	0	94990,95492,93143,41303,41303,41303,41303	0	0	24248,30099,0,0,0,0,0	6	75059
176591	23	43	51	11	8	2	3	1	608	532	873	591	2028	3	5	480	27	114	100,0,0,0,0,0	20060	167	12	53551	1865	0	95235,95739,93394,41280,41280,41280,41280	0	0	24248,30110,0,0,0,0,0	7	75174
176626	21	37	55	10	10	2	3	1	573	532	876	601	2273	1	2	430	29	109	100,0,0,0,0,0	20032	174	11	53560	1867	0	95249,95758,93410,41122,41122,41122,41122	0	0	24248,30121,0,0,0,0,0	8	75287
176663	18	39	56	11	8	2	3	1	537	532	876	617	2085	1	5	423	32	105	100,0,0,0,0,0	22082	164	11	53568	1870	0	95270,95783,93434,40961,40961,40961,40961	0	0	24248,30131,0,0,0,0,0	9	75388
176697	20	29	54	11	7	3	3	1	509	532	880	633	1873	2	3	459	33	94	100,0,0,0,0,0	22123	168	8	53576	1870	0	95304,95821,93471,40804,40804,40804,40804	0	2	24248,30139,0,0,0,0,0	7	75493
176727	18	27	51	9	5	3	1	0	488	534	883	635	1378	0	3	482	31	83	100,0,0,0,0,0	22151	172	6	53580	1872	0	95324,95843,93493,40642,40642,40642,40642	0	0	24248,30144,0,0,0,0,0	6	75611
176743	16	28	48	9	2	2	1	0	472	534	891	628	1557	0	3	446	25	81	100,0,0,0,0,0	22061	206	9	53589	1872	0	95354,95876,93525,40490,40490,40490,40490	0	0	24248,30153,0,0,0,0,0	4	75740
176765	16	30	45	7	3	1	1	0	447	534	897	647	2013	0	1	465	21	82	100,0,0,0,0,0	21927	182	9	53597	1873	0	95377,95902,93551,40333,40333,40333,40333	0	0	24248,30162,0,0,0,0,0	3	75862
176795	12	36	43	5	3	2	1	0	416	534	899	626	2020	0	0	366	17	85	100,0,0,0,0,0	19991	178	9	53604	1875	0	95402,95930,93578,40181,40181,40181,40181	0	0	24248,30170,0,0,0,0,0	2	75979
176817	11	37	37	6	5	2	1	0	392	534	904	614	1966	1	3	238	20	79	100,0,0,0,0,0	19654	115	7	53612	1875	0	95419,95949,93597,40028,40028,40028,40028	0	0	24248,30178,0,0,0,0,0	4	76048
176835	9	29	39	4	10	1	1	0	376	534	908	605	1663	0	2	238	21	72	100,0,0,0,0,0	21809	111	4	53616	1875	0	95439,95972,93620,39874,39874,39874,39874	0	0	24248,30182,0,0,0,0,0	2	76118
176859	5	24	36	4	11	1	0	0	354	535	917	609	1568	0	5	261	24	57	100,0,0,0,0,0	21766	119	2	53618	1875	0	95434,95969,93617,39701,39701,39701,39701	0	1	24248,30184,0,0,0,0,0	1	76184
176879	6	21	24	6	10	1	0	0	344	535	920	632	1835	0	2	307	19	49	100,0,0,0,0,0	21826	99	5	53622	1876	0	95442,95979,93627,39535,39535,39535,39535	0	0	24248,30189,0,0,0,0,0	1	76244
176894	6	19	22	4	7	1	0	0	331	535	927	642	1924	0	2	265	16	43	100,0,0,0,0,0	21867	93	3	53624	1877	0	95457,95995,93643,39375,39375,39375,39375	0	1	24248,30191,0,0,0,0,0	2	76302
176914	8	15	18	2	9	1	0	0	309	535	935	621	1912	1	3	230	16	37	100,0,0,0,0,0	21815	103	6	53630	1877	0	95485,96024,93672,39213,39213,39213,39213	0	0	24248,30197,0,0,0,0,0	1	76359
176935	9	11	16	3	4	0	0	0	294	535	939	638	1880	0	0	252	13	30	100,0,0,0,0,0	19814	107	2	53632	1877	0	95497,96039,93687,39054,39054,39054,39054	0	1	24248,30199,0,0,0,0,0	0	76422
176942	11	10	11	4	4	0	0	0	280	535	949	652	1653	0	3	228	16	24	100,0,0,0,0,0	19713	94	6	53638	1877	0	95457,96000,93648,38873,38873,38873,38873	0	1	24248,30205,0,0,0,0,0	0	76473
176965	7	12	10	4	4	0	0	0	256	535	953	642	1786	1	1	254	15	22	100,0,0,0,0,0	21807	81	0	53638	1877	0	95406,95950,93598,38674,38674,38674,38674	0	0	24248,30205,0,0,0,0,0	0	76524
176972	7	13	10	1	3	0	0	0	246	535	959	624	1829	0	1	285	14	20	100,0,0,0,0,0	22058	92	3	53641	1877	0	95348,95894,93541,38473,38473,38473,38473	0	0	24248,30208,0,0,0,0,0	0	76581
176993	6	14	8	1	2	0	0	0	224	535	963	626	1916	1	1	273	11	20	100,0,0,0,0,0	21750	84	3	53644	1877	0	95290,95837,93484,38266,38266,38266,38266	0	0	24248,30211,0,0,0,0,0	0	76627
177001	7	11	11	2	2	0	0	0	212	535	965	623	1879	0	0	223	14	19	100,0,0,0,0,0	21714	90	3	53647	1877	0	95241,95789,93437,38072,38072,38072,38072	0	0	24248,30214,0,0,0,0,0	0	76678
177012	3	13	10	1	2	0	0	0	201	535	969	613	1779	0	1	152	11	18	100,0,0,0,0,0	21990	93	0	53647	1877	0	95183,95731,93379,37868,37868,37868,37868	0	0	24248,30214,0,0,0,0,0	0	76736
177023	2	14	10	2	2	0	0	0	181	535	977	590	1768	0	0	150	10	20	100,0,0,0,0,0	19622	112	2	53649	1877	0	95137,95688,93335,37675,37675,37675,37675	0	0	24248,30216,0,0,0,0,0	0	76801
177034	1	13	10	2	2	0	0	0	170	535	979	602	1769	0	0	118	10	18	100,0,0,0,0,0	19905	81	1	53650	1877	0	95087,95638,93286,37490,37490,37490,37490	0	0	24248,30217,0,0,0,0,0	0	76846
177039	0	10	12	4	0	0	0	0	164	535	982	586	1844	0	0	80	6	20	100,0,0,0,0,0	21504	86	1	53651	1877	0	95029,95581,93229,37294,37294,37294,37294	0	0	24248,30218,0,0,0,0,0	0	76890
177044	1	5	14	6	0	0	0	0	154	535	987	572	1796	0	0	76	5	21	100,0,0,0,0,0	21662	75	2	53653	1877	0	94972,95524,93173,37097,37097,37097,37097	0	1	24248,30220,0,0,0,0,0	0	76929
177053	3	2	15	6	1	0	0	0	142	535	989	582	1827	0	2	47	6	21	100,0,0,0,0,0	21899	81	2	53655	1877	0	94911,95464,93113,36897,36897,36897,36897	0	0	24248,30222,0,0,0,0,0	0	76980
177056	4	4	11	6	1	0	0	0	132	535	997	583	1798	0	3	24	8	18	100,0,0,0,0,0	21702	75	3	53657	1878	0	94857,95409,93059,36704,36704,36704,36704	0	1	24248,30225,0,0,0,0,0	0	77024
177062	2	5	11	6	0	0	0	0	126	535	999	581	1793	2	0	20	7	17	100,0,0,0,0,0	21566	75	2	53658	1879	0	94794,95346,92998,36504,36504,36504,36504	0	0	24248,30226,0,0,0,0,0	0	77069
177068	2	6	11	5	0	0	0	0	117	535	1002	609	1758	0	0	22	7	17	100,0,0,0,0,0	19353	85	3	53661	1879	0	94742,95295,92947,36314,36314,36314,36314	0	0	24248,30229,0,0,0,0,0	0	77113
177071	4	6	10	2	0	0	0	0	112	535	1006	588	1818	0	0	21	5	17	100,0,0,0,0,0	19475	70	2	53663	1879	0	94685,95237,92891,36132,36132,36132,36132	0	0	24248,30231,0,0,0,0,0	0	77153
177076	3	7	7	2	0	0	0	0	108	535	1008	582	1829	0	0	19	3	16	100,0,0,0,0,0	21563	82	2	53665	1879	0	94619,95171,92825,35942,35942,35942,35942	0	0	24248,30233,0,0,0,0,0	0	77192
177078	4	6	4	2	2	0	0	0	101	535	1014	580	1803	0	0	19	2	16	100,0,0,0,0,0	21779	73	2	53667	1879	0	94553,95105,92761,35754,35754,35754,35754	0	0	24248,30235,0,0,0,0,0	0	77219
177078	4	3	7	0	2	1	0	0	98	535	1018	595	1844	0	3	23	4	13	100,0,0,0,0,0	21677	69	1	53668	1879	0	94494,95046,92703,35569,35569,35569,35569	0	0	24248,30236,0,0,0,0,0	0	77261
177086	2	4	5	1	2	1	0	0	88	535	1022	633	1792	0	0	24	4	11	100,0,0,0,0,0	21495	80	0	53668	1879	0	94437,94989,92647,35386,35386,35386,35386	0	0	24248,30236,0,0,0,0,0	1	77307
177092	1	5	4	1	2	1	0	0	80	535	1025	610	1757	0	0	25	4	10	100,0,0,0,0,0	21729	76	0	53668	1879	0	94375,94927,92587,35196,35196,35196,35196	0	0	24248,30236,0,0,0,0,0	1	77356
177098	1	3	4	2	1	1	0	0	71	535	1030	613	1858	0	0	22	3	9	100,0,0,0,0,0	19445	75	0	53668	1879	0	94315,94867,92528,35012,35012,35012,35012	0	0	24248,30236,0,0,0,0,0	1	77397
177103	0	4	4	1	1	1	0	0	66	535	1031	614	1799	0	0	16	3	8	100,0,0,0,0,0	19544	79	0	53668	1879	0	94236,94789,92450,34827,34827,34827,34827	0	0	24248,30236,0,0,0,0,0	1	77443
177104	1	2	3	1	1	1	0	0	63	535	1035	613	1794	0	1	16	3	6	100,0,0,0,0,0	21649	69	1	53669	1879	0	94155,94706,92369,34640,34640,34640,34640	0	0	24248,30237,0,0,0,0,0	1	77484
177105	2	2	3	1	1	1	0	0	59	535	1037	604	1865	0	1	10	3	7	100,0,0,0,0,0	21547	85	1	53670	1879	0	94065,94616,92280,34451,34451,34451,34451	0	0	24248,30238,0,0,0,0,0	1	77537
177109	2	2	3	0	1	1	0	0	53	535	1040	616	1777	0	0	11	2	7	100,0,0,0,0,0	21718	78	0	53670	1879	0	93979,94529,92194,34259,34259,34259,34259	0	0	24248,30238,0,0,0,0,0	1	77572
177106	1	1	3	1	2	1	0	0	51	535	1045	583	1784	0	0	12	2	7	100,0,0,0,0,0	21694	82	0	53670	1879	0	93894,94444,92110,34071,34071,34071,34071	0	0	24248,30238,0,0,0,0,0	1	77619
177107	2	1	3	1	2	1	0	0	49	535	1045	596	1805	0	1	14	3	7	100,0,0,0,0,0	21424	78	2	53672	1879	0	93808,94358,92025,33882,33882,33882,33882	0	0	24248,30240,0,0,0,0,0	1	77658
177104	2	1	2	1	2	1	0	0	48	535	1050	598	1846	0	1	7	4	5	100,0,0,0,0,0	19306	92	0	53672	1879	0	93727,94276,91944,33699,33699,33699,33699	0	0	24248,30240,0,0,0,0,0	1	77708
177107	1	3	1	1	1	2	0	0	41	535	1054	566	1787	0	0	8	3	6	100,0,0,0,0,0	19683	73	1	53673	1879	0	93645,94193,91863,33527,33527,33527,33527	0	0	24248,30241,0,0,0,0,0	1	77754
177107	0	3	1	1	1	2	0	0	38	535	1058	573	1825	0	0	9	3	5	100,0,0,0,0,0	21513	62	0	53673	1879	0	93555,94103,91773,33349,33349,33349,33349	0	0	24248,30241,0,0,0,0,0	2	77781
177106	0	3	0	0	1	2	0	0	37	535	1062	586	1772	0	0	9	2	4	100,0,0,0,0,0	21612	193	0	53673	1879	131	93472,94019,91690,33173,33173,33173,33173	0	0	24248,30241,0,0,0,0,0	2	77809
177106	1	3	0	0	1	2	0	0	31	535	1067	608	1834	0	0	9	2	5	100,0,0,0,0,0	21797	198	1	53674	1879	266	93410,93957,91629,33062,33062,33062,33062	0	1	24248,30242,0,0,0,0,0	2	77844
177107	1	1	2	0	1	2	0	0	27	535	1070	596	1778	0	0	6	2	5	100,0,0,0,0,0	21562	177	0	53674	1879	392	93353,93899,91573,32951,32951,32951,32951	0	0	24248,30242,0,0,0,0,0	2	77867
177108	0	1	3	0	1	2	0	0	23	535	1073	576	1760	0	0	4	2	5	100,0,0,0,0,0	21716	203	0	53674	1879	533	93293,93839,91515,32835,32835,32835,32835	0	0	24248,30242,0,0,0,0,0	2	77902
177104	1	0	4	0	0	2	0	0	23	535	1077	578	1791	0	0	5	1	6	100,0,0,0,0,0	19375	196	1	53674	1880	659	93251,93796,91473,32742,32742,32742,32742	0	0	24248,30243,0,0,0,0,0	2	77938
177107	1	0	4	0	0	2	0	0	17	535	1080	586	1785	1	0	6	1	6	100,0,0,0,0,0	19616	190	0	53674	1880	791	93192,93736,91415,32637,32637,32637,32637	0	0	24248,30243,0,0,0,0,0	2	77965
177100	0	1	4	0	0	2	0	0	16	535	1088	583	1914	0	0	5	1	6	100,0,0,0,0,0	21692	207	0	53674	1880	924	93128,93671,91352,32538,32538,32538,32538	0	0	24248,30243,0,0,0,0,0	2	78008
177096	1	1	3	0	0	2	0	0	16	535	1092	609	1768	0	0	4	0	7	100,0,0,0,0,0	21416	279	1	53675	1880	1120	93056,93599,91281,32424,32424,32424,32424	0	0	24248,30244,0,0,0,0,0	2	78046
177093	1	1	1	0	0	1	0	0	16	535	1098	581	1783	0	0	4	0	4	100,0,0,0,0,0	21608	273	0	53675	1880	1310	93012,93553,91237,32355,32355,32355,32355	0	0	24248,30244,0,0,0,0,0	1	78090
177092	1	1	1	0	0	1	0	0	15	535	1100	586	1745	0	0	4	0	4	100,0,0,0,0,0	21707	270	0	53675	1880	1502	92957,93499,91184,32277,32277,32277,32277	0	0	24248,30244,0,0,0,0,0	1	78133
177091	0	2	1	0	0	1	0	0	13	535	1103	590	1838	0	0	4	0	4	100,0,0,0,0,0	21822	281	0	53675	1880	1704	92906,93447,91134,32199,32199,32199,32199	0	0	24248,30244,0,0,0,0,0	1	78171
177090	0	2	0	0	0	1	0	0	13	535	1105	618	1861	0	0	4	0	3	100,0,0,0,0,0	19604	288	0	53675	1880	1939	92861,93401,91089,32131,32131,32131,32131	0	0	24248,30244,0,0,0,0,0	1	78200
177086	1	2	0	0	0	1	0	0	12	535	1109	593	1776	0	0	4	0	4	100,0,0,0,0,0	19582	267	1	53676	1880	2140	92824,93363,91053,32098,32098,32098,32098	0	0	24248,30245,0,0,0,0,0	1	78234
177085	1	2	0	0	0	1	0	0	12	535	1110	633	1791	0	0	1	0	4	100,0,0,0,0,0	21709	261	0	53676	1880	2338	92778,93316,91008,32042,32042,32042,32042	0	0	24248,30245,0,0,0,0,0	1	78268
177084	1	0	2	0	0	1	0	0	10	535	1113	613	1778	0	0	1	0	4	100,0,0,0,0,0	21721	213	0	53676	1880	2494	92727,93264,90958,31983,31983,31983,31983	0	0	24248,30245,0,0,0,0,0	1	78302
177078	1	0	2	0	0	1	0	0	10	535	1119	582	1781	0	0	1	0	4	100,0,0,0,0,0	21740	245	0	53676	1880	2683	92671,93207,90904,31904,31904,31904,31904	0	0	24248,30245,0,0,0,0,0	1	78336
177077	0	1	2	0	0	1	0	0	9	535	1121	595	1818	0	0	0	0	4	100,0,0,0,0,0	21539	211	0	53676	1880	2826	92625,93160,90858,31840,31840,31840,31840	0	0	24248,30245,0,0,0,0,0	1	78367
177073	1	1	1	0	0	1	0	0	10	535	1124	605	1819	0	0	0	0	4	100,0,0,0,0,0	21669	228	1	53677	1880	2988	92567,93102,90801,31753,31753,31753,31753	0	0	24248,30246,0,0,0,0,0	1	78401
177070	1	1	1	0	0	0	0	0	11	535	1127	613	1805	0	0	0	0	3	100,0,0,0,0,0	19479	241	0	53677	1880	3161	92509,93043,90744,31677,31677,31677,31677	0	0	24248,30246,0,0,0,0,0	0	78439
177065	1	2	1	0	0	0	0	0	10	535	1132	591	1769	0	0	0	0	4	100,0,0,0,0,0	19566	227	1	53678	1880	3307	92463,92996,90698,31625,31625,31625,31625	0	0	24248,30247,0,0,0,0,0	0	78473
177064	1	1	2	0	0	0	0	0	9	535	1134	603	1782	0	0	0	0	4	100,0,0,0,0,0	21649	246	0	53678	1880	3461	92403,92936,90639,31555,31555,31555,31555	0	0	24248,30247,0,0,0,0,0	0	78522
177058	1	1	1	0	0	0	0	0	10	535	1140	581	1790	0	0	0	0	3	100,0,0,0,0,0	21666	357	0	53678	1880	3737	92351,92883,90588,31492,31492,31492,31492	0	0	24248,30247,0,0,0,0,0	0	78565
177056	1	1	1	0	0	0	0	0	9	535	1143	568	1838	0	0	0	0	3	100,0,0,0,0,0	21642	327	0	53678	1880	3996	92320,92851,90558,31488,31488,31488,31488	0	0	24248,30247,0,0,0,0,0	0	78600
177053	0	2	0	0	0	0	0	0	10	535	1146	582	1836	0	0	0	0	2	100,0,0,0,0,0	21386	332	0	53678	1880	4263	92289,92819,90528,31478,31478,31478,31478	0	0	24248,30247,0,0,0,0,0	0	78624
177051	0	1	0	1	0	0	0	0	10	535	1148	583	1848	0	0	0	0	2	100,0,0,0,0,0	21571	364	0	53678	1880	4535	92258,92787,90498,31468,31468,31468,31468	0	0	24248,30247,0,0,0,0,0	0	78676
177017	13	17	0	0	0	1	0	0	10	535	1153	626	1741	1	0	0	0	31	6,93,0,0,0,0	19457	379	0	53703	1884	4817	92255,92783,90497,31494,31494,31494,31494	0	0	24248,30247,29,0,0,0,0	1	78716
176974	32	32	3	0	1	1	0	0	9	535	1159	617	1739	0	1	2	2	67	2,97,0,0,0,0	19350	468	4	53737	1888	5092	92260,92788,90503,31552,31552,31552,31552	0	0	24248,30247,67,0,0,0,0	2	78810
176932	45	47	11	1	3	1	0	0	8	535	1163	633	1777	1	1	5	3	105	1,98,0,0,0,0	21562	457	5	53772	1893	5351	92267,92794,90511,31612,31612,31612,31612	0	0	24248,30247,107,0,0,0,0	2	78898
176875	62	66	18	5	4	1	0	0	12	535	1168	608	1897	2	1	6	4	152	1,98,0,0,0,0	10199	469	16	53820	1897	5633	92272,92798,90517,31662,31662,31662,31662	0	1	24248,30247,159,0,0,0,0	2	78959
176826	65	94	26	4	4	1	0	0	20	535	1171	641	1968	2	3	18	7	187	1,98,0,0,0,0	10173	482	17	53861	1902	5933	92274,92799,90521,31715,31715,31715,31715	0	2	24248,30247,205,0,0,0,0	2	79027
176764	73	123	36	10	5	1	0	0	25	535	1174	645	1822	2	2	54	12	236	0,99,0,0,0,0	10210	500	25	53917	1906	6233	92291,92816,90539,31796,31796,31796,31796	0	2	24248,30247,265,0,0,0,0	3	79103
176736	64	121	53	12	9	2	0	0	40	535	1174	663	1761	6	4	73	19	242	0,99,0,0,0,0	10192	511	29	53944	1908	6525	92294,92818,90543,31841,31841,31841,31841	0	2	24248,30247,294,0,0,0,0	3	79208
176702	56	131	58	12	11	2	0	0	62	535	1177	646	1840	3	4	94	27	243	0,99,0,0,0,0	19377	493	32	53973	1911	6826	92305,92827,90555,31897,31897,31897,31897	0	1	24248,30247,326,0,0,0,0	2	79293
176660	47	143	65	14	18	2	0	0	82	535	1180	636	2018	1	4	108	32	257	0,99,0,0,0,0	19390	375	43	54013	1914	7125	92349,92871,90600,31999,31999,31999,31999	0	1	24248,30247,369,0,0,0,0	2	79326
176613	60	142	75	19	16	1	0	0	101	535	1184	659	2028	2	10	128	41	272	0,99,0,0,0,0	10255	384	47	54059	1916	7422	92392,92914,90645,32101,32101,32101,32101	0	2	24248,30247,417,0,0,0,0	2	79346
176572	64	136	91	24	17	1	0	0	120	535	1186	677	1974	4	9	335	48	285	0,99,0,0,0,0	10588	383	43	54099	1920	7712	92418,92938,90672,32179,32179,32179,32179	0	2	24248,30247,461,0,0,0,0	3	79366
176540	57	131	108	22	20	1	0	0	140	535	1192	675	1879	3	6	359	59	280	0,99,0,0,0,0	10513	386	34	54130	1923	8007	92442,92961,90698,32256,32256,32256,32256	0	1	24248,30247,495,0,0,0,0	2	79403
176498	56	136	106	23	20	3	1	0	174	535	1194	692	1794	1	4	405	58	287	0,99,0,0,0,0	10602	363	44	54167	1930	8280	92473,92991,90731,32339,32339,32339,32339	0	2	24248,30247,539,0,0,0,0	2	79451
176473	57	130	116	20	21	3	1	0	194	535	1196	671	1909	1	8	458	62	286	0,99,0,0,0,0	10560	342	34	54196	1935	8539	92502,93019,90762,32402,32402,32402,32402	0	4	24248,30247,573,0,0,0,0	5	79499
176462	50	117	125	22	24	2	1	0	211	535	1197	710	1961	2	8	475	57	284	0,99,0,0,0,0	19921	389	27	54220	1938	8834	92512,93029,90775,32445,32445,32445,32445	0	0	24248,30247,600,0,0,0,0	5	79557
176427	62	114	125	28	16	3	1	0	235	535	1200	733	2013	2	6	494	54	295	0,99,0,0,0,0	19961	354	48	54264	1942	9119	92536,93051,90800,32536,32536,32536,32536	0	2	24248,30247,648,0,0,0,0	3	79578
176374	77	127	122	26	15	3	2	0	260	535	1205	731	1857	2	11	586	66	306	0,99,0,0,0,0	10687	338	57	54316	1947	9394	92563,93076,90829,32627,32627,32627,32627	0	2	24248,30247,705,0,0,0,0	5	79606
176324	79	134	129	27	13	3	2	0	287	535	1213	715	1832	2	7	661	72	315	0,99,0,0,0,0	10994	262	53	54367	1949	9621	92581,93094,90849,32705,32705,32705,32705	0	2	24248,30247,758,0,0,0,0	6	79612
176268	96	139	135	28	13	4	2	0	311	535	1215	722	1862	4	8	791	71	346	0,99,0,0,0,0	10892	315	72	54437	1952	9895	92602,93114,90873,32769,32769,32769,32769	0	7	24248,30247,831,0,0,0,0	6	79613
176216	104	146	144	21	14	3	2	0	336	535	1225	719	2027	3	7	804	72	362	0,100,0,0,0,0	11219	322	55	54488	1957	10157	92632,93142,90904,32852,32852,32852,32852	0	1	24248,30247,885,0,0,0,0	6	79636
176154	107	166	154	21	14	2	2	0	360	535	1231	720	2064	4	6	822	79	387	0,100,0,0,0,0	11102	305	73	54556	1963	10406	92665,93174,90940,32943,32943,32943,32943	0	3	24248,30247,959,0,0,0,0	5	79654
176106	105	171	155	22	14	2	2	0	393	535	1241	710	1854	3	6	867	80	391	0,100,0,0,0,0	20125	331	55	54607	1967	10688	92689,93197,90966,33013,33013,33013,33013	0	5	24248,30247,1014,0,0,0,0	4	79663
176075	82	199	147	24	17	2	2	0	418	535	1245	705	1894	1	6	894	83	390	0,100,0,0,0,0	20205	350	52	54657	1969	10980	92712,93219,90992,33111,33111,33111,33111	0	3	24248,30247,1066,0,0,0,0	5	79683
176013	95	208	153	24	28	2	2	0	436	535	1250	700	1998	3	9	1190	86	426	0,100,0,0,0,0	11354	305	87	54732	1981	11239	92761,93267,91046,33241,33241,33241,33241	0	1	24248,30247,1153,0,0,0,0	5	79685
175970	100	200	169	32	31	2	3	0	449	535	1255	705	1952	6	12	1210	99	438	0,100,0,0,0,0	11371	325	68	54797	1984	11504	92785,93289,91072,33326,33326,33326,33326	0	2	24248,30247,1221,0,0,0,0	5	79707
175903	111	219	159	32	32	1	3	0	490	535	1261	732	1893	7	12	1353	117	440	0,100,0,0,0,0	11534	310	83	54871	1993	11772	92810,93313,91100,33430,33430,33430,33430	0	5	24248,30247,1302,0,0,0,0	6	79700
175844	131	218	173	30	40	1	2	0	508	536	1263	736	1845	3	9	1393	126	469	0,100,0,0,0,0	11612	316	88	54950	2003	12038	92844,93345,91138,33539,33539,33539,33539	0	7	24248,30247,1390,0,0,0,0	6	79701
175775	146	231	185	34	35	1	2	0	537	536	1264	753	1740	7	12	1445	121	513	0,100,0,0,0,0	11666	286	97	55040	2011	12295	92892,93392,91190,33655,33655,33655,33655	0	6	24248,30247,1488,0,0,0,0	5	79680
175710	135	252	192	33	33	2	2	0	582	536	1269	760	2005	6	10	1283	128	521	0,100,0,0,0,0	20797	310	85	55118	2018	12543	92933,93432,91235,33765,33765,33765,33765	0	6	24248,30247,1573,0,0,0,0	6	79683
175666	122	266	209	34	36	2	2	0	603	536	1270	731	1841	6	5	1271	121	550	0,100,0,0,0,0	20681	299	76	55187	2027	12803	92989,93485,91294,33888,33888,33888,33888	0	7	24248,30247,1650,0,0,0,0	10	79669
175595	140	266	223	41	41	3	1	0	628	537	1271	721	1969	9	15	1422	138	577	0,100,0,0,0,0	11571	305	108	55282	2040	13071	93072,93565,91382,34047,34047,34047,34047	0	2	24248,30247,1756,0,0,0,0	8	79665
175519	158	276	221	42	39	4	1	0	673	537	1276	755	2125	8	15	1523	142	599	0,100,0,0,0,0	11698	283	109	55376	2056	13315	93148,93638,91463,34204,34204,34204,34204	0	6	24248,30247,1866,0,0,0,0	8	79653
175446	163	301	224	42	38	3	1	0	713	537	1278	746	1991	6	15	1560	146	626	0,100,0,0,0,0	11863	297	114	55472	2075	13571	93218,93705,91539,34348,34348,34348,34348	0	2	24248,30247,1980,0,0,0,0	8	79643
175377	167	322	230	44	43	3	1	0	743	537	1279	750	1698	5	13	1872	152	658	0,100,0,0,0,0	12069	285	108	55564	2091	13800	93295,93779,91620,34494,34494,34494,34494	0	5	24248,30247,2086,0,0,0,0	12	79644
175278	184	340	254	49	45	4	1	0	771	537	1283	715	1955	5	11	1705	144	733	0,100,0,0,0,0	12099	272	134	55687	2102	14020	93377,93857,91707,34653,34653,34653,34653	0	7	24248,30247,2219,0,0,0,0	13	79614
175184	194	353	264	50	54	3	0	1	817	537	1289	733	1929	7	14	1662	148	770	0,100,0,0,0,0	20943	268	135	55804	2121	14239	93461,93937,91796,34805,34805,34805,34805	0	9	24248,30247,2355,0,0,0,0	12	79596
175111	204	370	274	50	56	2	2	1	849	537	1290	750	2097	8	22	1605	165	793	0,100,0,0,0,0	21207	276	127	55920	2133	14472	93509,93984,91850,34925,34925,34925,34925	0	6	24248,30247,2483,0,0,0,0	16	79564
174999	205	415	281	54	55	4	2	1	895	537	1298	741	1813	7	20	1765	163	853	0,100,0,0,0,0	11979	284	158	56045	2166	14709	93569,94043,91916,35083,35083,35083,35083	0	7	24248,30247,2639,0,0,0,0	16	79528
174892	214	444	303	55	65	3	4	1	926	537	1302	730	1896	11	21	1827	179	909	0,100,0,0,0,0	12077	297	159	56184	2186	14972	93646,94119,91999,35241,35241,35241,35241	0	7	24248,30247,2795,0,0,0,0	18	79495
174764	243	464	335	55	68	3	6	1	964	537	1306	722	1981	10	24	1873	203	971	0,100,0,0,0,0	12095	265	180	56334	2217	15190	93752,94224,92112,35432,35432,35432,35432	0	8	24248,30247,2975,0,0,0,0	20	79473
174616	258	489	354	61	69	4	5	1	1042	538	1309	744	1796	15	14	1934	196	1044	0,100,0,0,0,0	12126	271	187	56495	2243	15428	93862,94335,92228,35613,35613,35613,35613	0	7	24248,30247,3160,0,0,0,0	21	79439
174457	290	517	383	69	79	6	5	1	1085	538	1316	728	1882	14	28	1972	227	1122	0,100,0,0,0,0	12283	275	213	56691	2261	15667	93987,94459,92359,35818,35818,35818,35818	0	11	24248,30247,3373,0,0,0,0	24	79381
174320	307	522	439	66	74	7	7	1	1140	538	1325	723	2017	4	16	1719	240	1182	0,100,0,0,0,0	21131	264	184	56859	2280	15891	94092,94564,92470,36009,36009,36009,36009	1	16	24248,30247,3559,0,0,0,0	33	79319
174199	299	566	439	66	81	8	7	0	1210	538	1333	760	1988	11	21	1946	237	1229	0,100,0,0,0,0	21595	269	186	57023	2302	16125	94180,94653,92566,36194,36194,36194,36194	1	8	24248,30247,3745,0,0,0,0	40	79256
174004	329	632	461	66	81	7	8	0	1283	538	1337	735	1987	7	25	2241	239	1345	0,100,0,0,0,0	12513	255	254	57247	2333	16340	94331,94803,92724,36456,36456,36456,36456	1	14	24248,30247,3999,0,0,0,0	32	79189
173812	354	651	502	94	87	6	8	0	1354	539	1339	726	1838	17	25	2401	257	1445	0,100,0,0,0,0	12731	290	254	57474	2361	16591	94466,94937,92865,36686,36686,36686,36686	1	11	24248,30247,4254,0,0,0,0	30	79126
173580	386	723	511	103	97	5	9	0	1452	539	1341	725	2036	16	38	2521	290	1544	0,100,0,0,0,0	12757	294	307	57748	2396	16852	94645,95117,93053,36984,36984,36984,36984	1	9	24248,30247,4562,0,0,0,0	27	79030
173357	431	770	547	114	107	9	9	0	1517	540	1345	748	2001	12	39	2817	325	1662	0,100,0,0,0,0	12970	318	318	58025	2437	17121	94843,95313,93259,37302,37302,37302,37302	1	11	24248,30247,4880,0,0,0,0	25	78946
173124	455	833	609	128	114	10	9	0	1573	540	1351	717	2091	14	45	3222	370	1788	0,100,0,0,0,0	13431	300	332	58322	2475	17393	95051,95522,93478,37620,37620,37620,37620	1	15	24248,30247,5213,0,0,0,0	33	78845
172936	432	866	655	128	120	12	10	0	1693	540	1354	707	2031	14	36	3401	387	1836	0,100,0,0,0,0	22639	331	272	58572	2499	17682	95210,95681,93645,37892,37892,37892,37892	1	12	24248,30247,5487,0,0,0,0	34	78744
172755	444	883	710	130	121	14	11	0	1780	540	1358	686	1903	15	39	3666	413	1900	0,100,0,0,0,0	22881	296	276	58823	2526	17941	95376,95847,93821,38176,38176,38176,38176	1	14	24248,30247,5765,0,0,0,0	39	78640
172506	478	935	750	127	124	14	10	0	1898	543	1361	718	1979	17	44	3685	434	2004	0,100,0,0,0,0	14077	291	346	59130	2568	18174	95589,96059,94043,38507,38507,38507,38507	1	17	24248,30247,6114,0,0,0,0	35	78551
172167	525	1027	777	144	128	19	9	0	2035	544	1371	697	2105	28	36	3801	437	2192	0,100,0,0,0,0	14069	307	431	59516	2614	18449	95853,96321,94316,38902,38902,38902,38902	1	23	24248,30247,6543,0,0,0,0	45	78412
171845	572	1085	827	160	150	18	10	0	2157	544	1378	683	2020	17	57	4223	485	2337	0,100,0,0,0,0	14400	330	433	59898	2667	18745	96120,96588,94595,39309,39309,39309,39309	1	21	24248,30247,6976,0,0,0,0	53	78267
171499	656	1137	848	172	162	21	14	0	2310	544	1383	700	2013	17	41	4234	503	2507	0,100,0,0,0,0	14429	335	454	60307	2715	19046	96429,96896,94915,39754,39754,39754,39754	2	24	24248,30247,7432,0,0,0,0	54	78120
171146	713	1242	890	181	168	20	13	0	2443	546	1384	699	1920	26	67	4468	538	2689	0,100,0,0,0,0	14566	317	508	60764	2769	19317	96754,97222,95256,40212,40212,40212,40212	2	37	24248,30247,7941,0,0,0,0	60	77971
170830	713	1334	956	177	178	19	13	0	2593	547	1386	651	1824	33	58	4592	577	2813	0,100,0,0,0,0	23667	325	451	61172	2815	19608	97026,97494,95541,40627,40627,40627,40627	2	20	24248,30247,8394,0,0,0,0	71	77782
170548	712	1370	1027	197	189	21	12	1	2733	547	1389	651	1967	25	76	4573	655	2873	0,100,0,0,0,0	23701	298	453	61580	2862	19872	97312,97780,95843,41044,41044,41044,41044	2	16	24248,30247,8848,0,0,0,0	75	77622
170201	729	1420	1122	219	185	20	12	2	2893	547	1396	669	2043	42	56	4576	654	3053	0,100,0,0,0,0	24730	333	510	62027	2925	20161	97604,98071,96148,41495,41495,41495,41495	2	29	24248,30247,9353,0,0,0,0	80	77401
169880	708	1509	1173	215	195	19	14	3	3083	547	1400	664	2039	40	76	4988	705	3128	0,100,0,0,0,0	25057	323	501	62478	2982	20447	97899,98367,96461,41938,41938,41938,41938	2	30	24248,30247,9857,0,0,0,0	83	77178
169576	727	1524	1202	232	223	18	13	4	3273	549	1405	642	1989	28	67	5332	737	3202	0,100,0,0,0,0	25397	338	483	62907	3040	20747	98184,98651,96762,42366,42366,42366,42366	3	35	24248,30247,10342,0,0,0,0	67	76978
169272	744	1542	1267	253	233	21	17	3	3436	549	1409	613	1928	28	82	5625	784	3293	0,100,0,0,0,0	25502	272	498	63335	3114	20979	98484,98951,97081,42807,42807,42807,42807	3	23	24248,30247,10839,0,0,0,0	65	76789
168947	780	1564	1312	253	238	24	17	3	3645	550	1413	635	1989	32	89	6123	826	3362	0,100,0,0,0,0	26118	329	518	63801	3170	21266	98775,99243,97391,43234,43234,43234,43234	3	30	24248,30247,11358,0,0,0,0	67	76565
168664	785	1608	1333	261	234	24	20	3	3849	551	1414	608	2041	45	70	6334	844	3421	0,100,0,0,0,0	25221	296	483	64215	3248	21532	99042,99510,97676,43640,43640,43640,43640	3	22	24248,30247,11846,0,0,0,0	68	76346
168398	739	1621	1425	251	249	26	17	3	4047	555	1415	592	1957	39	70	6597	829	3499	0,100,0,0,0,0	25397	292	494	64648	3311	21777	99319,99786,97973,44040,44040,44040,44040	3	21	24248,30247,12333,0,0,0,0	63	76153
168063	770	1681	1433	256	249	26	20	2	4271	556	1419	614	1909	29	101	6704	872	3563	0,100,0,0,0,0	26974	326	569	65148	3383	22059	99645,100112,98320,44505,44505,44505,44505	3	38	24248,30247,12901,0,0,0,0	72	75913
167679	847	1712	1491	258	263	26	23	1	4466	557	1423	616	1950	38	92	7176	904	3716	0,100,0,0,0,0	17499	496	635	65699	3468	22518	100012,100478,98708,45020,45020,45020,45020	3	32	24248,30247,13533,0,0,0,0	69	75647
167273	901	1816	1489	266	266	27	23	3	4697	558	1427	643	2060	32	87	7397	926	3862	0,100,0,0,0,0	17835	520	667	66282	3557	22990	100467,100933,99187,45666,45666,45666,45666	3	29	24248,30247,14199,0,0,0,0	79	75373
166956	904	1861	1530	287	291	30	28	3	4866	559	1431	673	1994	37	96	7233	926	4005	0,100,0,0,0,0	17790	478	619	66815	3648	23419	100889,101356,99635,46253,46253,46253,46253	3	27	24248,30247,14815,0,0,0,0	89	75149
166609	931	1920	1527	300	312	32	29	2	5085	563	1436	664	1955	40	110	7340	937	4114	0,100,0,0,0,0	17705	495	658	67387	3742	23875	101332,101799,100104,46851,46851,46851,46851	4	36	24248,30247,15478,0,0,0,0	97	74899
166289	960	1916	1592	326	321	36	31	2	5267	564	1442	631	1998	36	97	7376	984	4198	0,100,0,0,0,0	26534	540	610	67912	3831	24360	101742,102208,100538,47427,47427,47427,47427	4	47	24248,30247,16086,0,0,0,0	111	74666
165997	1006	1906	1633	350	316	33	30	3	5461	567	1444	612	1972	28	97	6875	965	4309	0,100,0,0,0,0	26182	521	615	68458	3903	24813	102161,102627,100985,48010,48010,48010,48010	4	39	24248,30247,16701,0,0,0,0	125	74413
165620	991	2049	1637	346	329	29	25	4	5697	571	1448	581	2000	43	110	6832	981	4425	0,100,0,0,0,0	17032	519	689	69046	4005	25276	102615,103082,101465,48630,48630,48630,48630	4	49	24248,30247,17383,0,0,0,0	104	74150
165209	1059	2100	1712	362	311	36	27	3	5902	573	1452	577	2006	44	103	7171	993	4614	0,100,0,0,0,0	17142	671	777	69695	4141	25882	103109,103576,101991,49307,49307,49307,49307	4	30	24248,30247,18161,0,0,0,0	99	73857
164769	1186	2147	1772	339	327	38	27	3	6106	576	1456	580	1980	35	121	7573	1053	4783	0,100,0,0,0,0	17712	702	791	70378	4256	26517	103683,104152,102596,50072,50072,50072,50072	4	36	24248,30247,18950,0,0,0,0	104	73566
164309	1257	2256	1783	335	338	40	25	4	6364	579	1456	599	1985	52	100	7330	1035	4999	0,100,0,0,0,0	17808	717	837	71094	4381	27172	104302,104770,103248,50890,50890,50890,50890	4	32	24248,30247,19785,0,0,0,0	97	73260
163855	1297	2343	1909	351	361	44	27	4	6517	581	1457	587	1995	48	107	7337	1122	5210	0,100,0,0,0,0	17868	633	848	71827	4504	27736	104920,105389,103900,51706,51706,51706,51706	4	29	24248,30247,20633,0,0,0,0	102	72952
163461	1275	2413	1978	366	387	36	25	5	6755	585	1460	593	1975	46	107	7614	1165	5315	0,100,0,0,0,0	25909	696	772	72507	4606	28345	105471,105939,104481,52421,52421,52421,52421	4	38	24248,30247,21402,0,0,0,0	103	72659
163076	1275	2465	2062	346	401	36	23	5	7006	590	1461	575	1943	31	128	7794	1222	5386	0,100,0,0,0,0	26514	699	784	73187	4714	28953	106028,106495,105070,53175,53175,53175,53175	4	42	24248,30247,22177,0,0,0,0	89	72333
162637	1287	2579	2099	375	418	34	31	4	7222	593	1467	553	1929	47	109	8149	1263	5560	0,100,0,0,0,0	18407	677	892	73935	4867	29555	106652,107120,105732,53997,53997,53997,53997	5	50	24248,30247,23064,0,0,0,0	85	71981
162217	1292	2667	2166	392	431	37	30	2	7440	599	1473	561	1960	48	133	8534	1308	5707	0,100,0,0,0,0	18618	834	880	74664	5023	30337	107252,107723,106372,54768,54768,54768,54768	5	43	24248,30247,23935,0,0,0,0	83	71651
161727	1313	2726	2259	413	437	39	24	2	7726	604	1476	575	1933	55	136	8924	1337	5874	0,100,0,0,0,0	18959	876	927	75448	5173	31151	107949,108421,107107,55685,55685,55685,55685	5	40	24248,30247,24853,0,0,0,0	85	71301
161173	1380	2789	2316	443	453	41	23	3	8041	606	1478	590	2015	55	141	8998	1363	6082	0,100,0,0,0,0	19183	906	987	76300	5312	31997	108696,109168,107890,56669,56669,56669,56669	5	50	24248,30247,25836,0,0,0,0	84	70914
160661	1417	2909	2335	452	466	44	29	3	8341	608	1481	578	1978	42	142	8882	1439	6213	0,100,0,0,0,0	19310	877	985	77114	5486	32817	109466,109939,108701,57658,57658,57658,57658	5	53	24248,30247,26803,0,0,0,0	94	70579
160242	1419	2912	2431	475	465	48	26	4	8629	611	1484	557	1952	53	129	8608	1449	6327	0,100,0,0,0,0	27483	901	899	77869	5637	33649	110113,110586,109388,58527,58527,58527,58527	5	55	24248,30247,27692,0,0,0,0	108	70189
159866	1376	2889	2522	476	499	50	28	4	8931	614	1491	543	1980	58	155	9101	1515	6325	0,100,0,0,0,0	27700	1021	848	78589	5775	34457	110738,111211,110055,59354,59354,59354,59354	5	46	24248,30247,28544,0,0,0,0	112	69879
159375	1423	2999	2561	493	500	62	31	4	9186	616	1496	525	2004	61	174	9738	1667	6402	0,100,0,0,0,0	19723	1030	1029	79451	5947	35321	111504,111975,110864,60319,60319,60319,60319	5	40	24248,30247,29555,0,0,0,0	110	69542
158882	1489	2992	2587	480	503	66	31	3	9594	621	1498	550	1958	58	154	10115	1693	6455	0,100,0,0,0,0	20432	1693	984	80264	6126	36838	112244,112716,111647,61270,61270,61270,61270	5	34	24248,30247,30533,0,0,0,0	118	69234
158508	1482	2988	2671	506	516	66	34	3	9846	622	1504	529	1933	47	179	10410	1751	6512	0,100,0,0,0,0	20915	1670	965	81076	6290	38322	113148,113619,112599,62452,62452,62452,62452	5	45	24248,30247,31493,0,0,0,0	119	68902
158078	1492	3085	2677	523	530	68	38	3	10120	625	1507	512	1996	50	172	10715	1778	6635	0,100,0,0,0,0	21095	1724	1027	81958	6446	39859	114103,114574,113601,63690,63690,63690,63690	6	45	24248,30247,32517,0,0,0,0	119	68541
157730	1562	3045	2723	541	543	68	40	3	10353	627	1511	514	1949	68	153	11160	1839	6683	0,100,0,0,0,0	21624	1719	968	82762	6616	41400	115003,115472,114551,64862,64862,64862,64862	6	50	24248,30247,33468,0,0,0,0	126	68202
157434	1511	3090	2726	556	568	64	39	4	10605	633	1516	525	1955	58	141	11550	1813	6741	0,100,0,0,0,0	30001	1718	915	83529	6772	42939	115843,116313,115442,65969,65969,65969,65969	6	36	24248,30247,34378,0,0,0,0	128	67840
157216	1439	3092	2755	558	553	72	38	4	10863	638	1518	520	1985	53	171	11640	1837	6670	0,99,0,0,0,0	29892	1680	838	84247	6925	44461	116683,117153,116333,67026,67026,67026,67026	6	41	24248,30247,35201,30,0,0,0	129	67516
156921	1487	3091	2819	547	552	72	36	5	11053	642	1521	553	1997	48	193	12264	1878	6726	0,99,0,0,0,0	22393	1627	959	85044	7116	45929	117567,118039,117271,68159,68159,68159,68159	6	44	24248,30247,36144,56,0,0,0	130	67129
156660	1520	3066	2840	535	550	76	35	4	11291	646	1523	541	1908	44	170	12447	1881	6741	0,98,1,0,0,0	23045	876	924	85803	7314	46635	118414,118884,118171,69205,69205,69205,69205	6	32	24248,30247,37043,92,0,0,0	137	66785
156381	1541	3129	2786	543	525	72	39	4	11551	649	1526	520	1969	59	165	12388	1819	6816	0,98,1,0,0,0	22791	914	967	86603	7516	47374	119070,119542,118884,69932,69932,69932,69932	6	44	24248,30247,37985,132,0,0,0	137	66425
156150	1561	3097	2813	539	531	66	40	2	11765	653	1529	510	1992	44	156	11757	1749	6898	0,97,2,0,0,0	22757	804	938	87369	7716	48028	119699,120171,119569,70627,70627,70627,70627	6	42	24248,30247,38882,181,0,0,0	141	66056
155918	1538	3126	2828	526	521	69	39	2	11987	658	1534	516	1886	52	179	11306	1699	6948	0,97,2,0,0,0	21898	861	939	88128	7921	48722	120309,120781,120236,71304,71304,71304,71304	6	45	24248,30247,39771,236,0,0,0	137	65689
155889	1386	3080	2866	541	502	77	37	3	12165	663	1537	540	1992	60	140	11021	1665	6824	0,97,2,0,0,0	29419	838	794	88778	8070	49398	120816,121284,120799,71824,71824,71824,71824	6	41	24248,30247,40515,275,0,0,0	139	65359
155819	1288	3046	2851	555	522	74	39	3	12339	669	1541	530	1961	54	127	10487	1623	6752	0,96,3,0,0,0	29289	893	820	89445	8232	50133	121348,121815,121383,72372,72372,72372,72372	6	53	24248,30247,41264,329,0,0,0	146	65048
155653	1356	2939	2863	560	530	73	41	4	12510	672	1545	554	1998	58	167	10106	1593	6769	0,96,3,0,0,0	20729	880	958	90190	8450	50864	121958,122425,122052,73041,73041,73041,73041	6	43	24248,30247,42125,405,0,0,0	141	64693
155516	1378	2895	2847	558	511	76	41	6	12693	675	1550	531	1899	53	199	10253	1634	6672	0,95,4,0,0,0	20646	754	909	90907	8646	51466	122544,123010,122695,73656,73655,73655,73655	6	35	24248,30247,42964,464,0,0,0	139	64362
155468	1406	2819	2839	559	528	74	45	5	12776	677	1550	526	1940	46	177	10259	1649	6621	0,95,4,0,0,0	20660	720	858	91574	8842	52038	123032,123496,123239,74142,74140,74140,74140	6	34	24248,30247,43705,554,0,0,0	138	64026
155424	1407	2818	2802	528	522	76	44	7	12883	680	1555	533	1972	53	159	10054	1598	6599	0,94,5,0,0,0	20728	768	891	92281	9032	52645	123534,123997,123802,74626,74624,74624,74624	6	36	24248,30247,44485,647,0,0,0	147	63690
155365	1358	2817	2826	531	503	80	39	7	12977	686	1557	519	1952	52	181	10213	1603	6551	0,93,6,0,0,0	20511	729	850	92940	9230	53223	124019,124480,124342,75107,75105,75105,75105	6	39	24248,30247,45218,740,0,0,0	143	63377
155383	1284	2785	2760	530	483	83	34	12	13135	690	1567	521	1995	50	140	10097	1544	6415	0,93,6,0,0,0	28548	616	766	93515	9429	53820	124451,124911,124831,75526,75523,75523,75523	6	40	24248,30247,45877,839,0,0,0	140	63059
155466	1274	2649	2726	536	473	79	36	14	13231	691	1571	505	1921	57	131	10557	1538	6235	0,92,7,0,0,0	28709	601	755	94095	9611	54421	124869,125328,125307,75899,75895,75895,75895	6	48	24248,30247,46506,948,0,0,0	147	62729
155501	1293	2552	2717	506	500	78	34	14	13279	698	1574	504	1944	58	179	10699	1568	6112	0,91,8,0,0,0	21279	588	804	94697	9818	55009	125313,125772,125810,76322,76317,76317,76317	6	35	24248,30247,47168,1076,0,0,0	137	62391
155605	1299	2553	2631	460	492	85	41	13	13287	702	1578	492	1999	49	161	10975	1573	5988	0,90,9,0,0,0	21319	256	792	95285	10026	55265	125714,126172,126273,76681,76676,76676,76676	6	33	24248,30247,47800,1210,0,0,0	137	62053
155655	1294	2552	2529	445	469	85	44	13	13376	702	1582	483	1923	46	140	10933	1503	5915	0,89,10,0,0,0	21407	256	784	95859	10239	55521	126035,126491,126649,76934,76927,76927,76927	5	41	24248,30247,48435,1338,0,0,0	152	61735
155728	1276	2477	2519	452	468	85	49	12	13391	703	1586	475	1959	40	121	10613	1467	5859	0,88,11,0,0,0	21224	263	769	96428	10442	55784	126359,126814,127029,77178,77169,77169,77169	5	34	24248,30247,49040,1489,0,0,0	160	61420
155733	1299	2530	2426	427	435	82	44	8	13462	709	1591	460	1983	47	144	10467	1422	5821	0,86,13,0,0,0	21031	270	827	97037	10662	56054	126701,127156,127425,77462,77452,77452,77452	5	37	24248,30247,49631,1700,0,0,0	155	61071
155939	1251	2455	2423	441	428	76	39	10	13377	714	1593	468	1979	48	128	9781	1357	5756	0,85,14,0,0,0	28669	268	697	97533	10867	56322	126939,127391,127722,77600,77587,77587,77587	5	49	24248,30247,50134,1867,0,0,0	153	60771
156175	1125	2367	2481	406	425	71	48	9	13328	715	1596	456	1955	51	134	9654	1330	5593	0,84,15,0,0,0	28159	238	646	98000	11049	56560	127169,127621,128008,77749,77734,77734,77734	5	47	24248,30247,50575,2054,0,0,0	154	60474
156230	1111	2417	2412	396	407	67	47	10	13335	718	1596	463	1897	50	146	10022	1376	5481	0,82,17,0,0,0	20276	253	770	98531	11292	56813	127460,127912,128354,77991,77973,77973,77973	5	41	24248,30247,51091,2286,0,0,0	147	60162
156278	1211	2297	2432	373	403	64	47	11	13311	720	1599	449	1964	45	111	9498	1282	5545	0,80,19,0,0,0	20328	83	792	99091	11528	56896	127765,128214,128707,78248,78228,78228,78228	5	43	24248,30247,51598,2547,0,0,0	131	59827
156493	1178	2236	2405	373	381	59	49	12	13234	723	1603	486	1913	51	128	9392	1246	5435	0,78,21,0,0,0	28923	118	676	99541	11761	57014	127952,128398,128948,78326,78301,78301,78301	5	30	24248,30247,52006,2794,0,0,0	128	59567
156611	1171	2241	2333	340	381	57	45	12	13223	728	1604	483	1946	41	112	9169	1170	5398	0,76,23,0,0,0	29348	109	736	100035	12006	57123	128167,128614,129215,78477,78448,78448,78448	5	45	24248,30247,52442,3068,0,0,0	125	59253
156854	1155	2195	2294	343	358	56	41	10	13102	732	1606	472	2037	55	115	9036	1155	5287	0,74,25,0,0,0	27686	106	656	100492	12216	57229	128337,128782,129437,78540,78507,78507,78507	5	43	24248,30247,52837,3318,0,0,0	126	58962
157085	1118	2093	2332	345	370	55	38	9	12958	735	1608	473	1902	40	88	8908	1127	5224	0,72,27,0,0,0	27350	112	668	100942	12438	57341	128511,128957,129664,78614,78575,78575,78575	5	48	24248,30247,53195,3603,0,0,0	130	58689
157249	1102	2065	2237	370	371	57	35	13	12897	737	1613	451	1947	45	120	8741	1128	5109	0,70,29,0,0,0	27386	109	668	101369	12683	57450	128673,129122,129877,78707,78664,78664,78664	5	24	24248,30247,53537,3916,0,0,0	129	58419
157463	1115	2028	2165	369	356	51	31	14	12800	741	1613	473	2019	38	121	8816	1107	5008	0,68,31,0,0,0	28659	108	661	101803	12914	57558	128823,129272,130076,78783,78733,78733,78733	5	42	24248,30247,53846,4254,0,0,0	118	58141
157592	1120	1998	2072	360	346	50	28	16	12800	747	1617	460	1970	52	109	8323	1048	4926	0,65,34,0,0,0	27844	62	679	102241	13161	57620	128992,129444,130292,78902,78846,78846,78846	5	30	24248,30247,54138,4629,0,0,0	110	57873
157747	1155	1952	2088	325	317	51	29	13	12699	749	1621	496	1965	41	108	8246	1024	4893	0,62,37,0,0,0	28247	75	692	102695	13403	57695	129145,129597,130492,79001,78939,78939,78939	5	37	24248,30247,54418,5025,0,0,0	112	57566
157922	1165	1938	2025	324	316	51	30	12	12591	750	1622	501	1941	51	109	8251	1026	4823	0,60,39,0,0,0	28288	70	687	103119	13671	57765	129287,129737,130680,79080,79012,79012,79012	5	52	24248,30247,54694,5415,0,0,0	119	57295
157988	1139	2024	2015	291	292	51	31	12	12527	752	1624	477	1889	53	92	8185	979	4864	0,57,42,0,0,0	28053	72	732	103578	13951	57837	129437,129886,130870,79221,79145,79145,79145	5	45	24248,30247,54962,5866,0,0,0	116	56969
158107	1160	2019	1978	287	294	55	28	10	12428	755	1625	502	1958	45	100	7636	955	4866	0,55,44,0,0,0	26655	65	685	103990	14231	57902	129569,130019,131047,79322,79239,79239,79239	5	44	24248,30247,55211,6295,0,0,0	116	56696
158325	1138	1922	2014	277	301	54	29	8	12292	757	1629	458	1930	52	86	7435	932	4803	0,52,47,0,0,0	26256	81	621	104372	14478	57983	129672,130122,131195,79371,79279,79279,79279	5	50	24248,30247,55411,6706,0,0,0	116	56439
158367	1183	1966	2010	271	285	50	30	8	12187	758	1631	465	1957	51	91	7619	944	4851	0,48,51,0,0,0	17919	85	787	104818	14823	58068	129825,130275,131386,79541,79439,79439,79439	5	41	24248,30247,55628,7256,0,0,0	109	56146
158344	1296	1961	2019	272	263	49	29	9	12110	761	1633	462	1978	55	92	7356	934	4955	0,45,54,0,0,0	17628	271	818	105290	15173	58339	130007,130456,131607,79751,79639,79639,79639	5	36	24248,30247,55841,7845,0,0,0	105	55839
158357	1365	2025	2019	269	254	49	32	9	11970	762	1635	482	1846	58	84	7067	928	5085	0,42,57,0,0,0	17063	276	847	105786	15530	58615	130217,130664,131853,80025,79902,79902,79902	5	39	24248,30247,56042,8480,0,0,0	106	55497
158264	1493	2075	2052	253	277	45	26	9	11842	768	1642	485	1945	53	88	7160	916	5305	0,39,60,0,0,0	17260	323	932	106303	15954	58938	130461,130903,132131,80375,80241,80241,80241	5	49	24248,30247,56233,9221,0,0,0	100	55141
158158	1542	2216	2103	240	269	41	25	10	11727	769	1646	508	1949	53	103	6924	918	5518	0,36,63,0,0,0	17053	268	924	106836	16350	59206	130719,131157,132424,80746,80599,80599,80599	5	43	24248,30247,56410,9956,0,0,0	93	54796
158037	1552	2308	2166	242	280	40	24	11	11666	772	1648	499	1957	51	93	6682	927	5685	0,33,66,0,0,0	25703	296	910	107366	16740	59502	130933,131369,132672,81073,80913,80913,80913	6	58	24248,30247,56579,10691,0,0,0	103	54430
157886	1539	2362	2259	254	282	37	26	10	11664	774	1653	491	1867	49	96	6409	938	5821	0,30,69,0,0,0	25142	303	904	107832	17188	59805	131140,131576,132910,81415,81241,81241,81241	6	53	24248,30247,56723,11446,0,0,0	104	54108
157562	1730	2339	2334	241	281	41	22	12	11755	775	1654	515	1955	51	100	6846	912	6076	0,27,71,0,0,0	16769	265	1087	108429	17701	60070	131422,131858,133221,81922,81731,81731,81731	6	61	24248,30247,56871,12380,16,0,0	101	53693
157187	1901	2491	2344	254	282	37	20	12	11786	776	1656	489	1915	54	101	6867	917	6412	0,25,74,0,0,0	17118	358	1164	109065	18259	60428	131717,132150,133543,82439,82231,82231,82231	6	50	24248,30247,57007,13394,43,0,0	104	53260
156754	2001	2642	2385	274	287	34	22	12	11898	779	1658	497	2047	70	107	7045	970	6675	0,22,76,0,0,0	17251	336	1179	109706	18832	60764	132050,132480,133900,83026,82803,82803,82803	6	52	24248,30247,57134,14432,69,0,0	86	52830
156268	2074	2876	2518	262	287	32	23	14	11952	781	1659	492	1987	76	98	6957	971	7101	0,20,78,1,0,0	17209	345	1279	110377	19460	61109	132369,132799,134243,83650,83407,83407,83407	6	55	24248,30247,57274,15532,113,0,0	84	52351
155601	2220	3099	2717	257	270	37	23	12	12067	783	1660	481	1950	82	102	7063	996	7627	0,18,79,1,0,0	17096	369	1447	111123	20183	61478	132774,133202,134670,84407,84145,84145,84145	6	69	24248,30247,57409,16799,163,0,0	87	51842
155081	2346	3130	2910	284	289	33	21	12	12190	786	1664	482	1911	60	85	6697	1028	7985	0,16,80,2,0,0	25683	340	1361	111821	20874	61818	133111,133536,135029,85091,84805,84805,84805	7	77	24248,30247,57517,18009,223,0,0	96	51349
154510	2393	3285	3079	292	292	32	19	13	12377	788	1666	460	1927	82	113	7019	1075	8317	0,15,82,2,0,0	25602	339	1426	112541	21586	62157	133458,133883,135400,85804,85493,85493,85493	7	86	24248,30247,57617,19256,281,0,0	103	50834
153615	2618	3509	3156	314	315	32	20	12	12697	788	1670	457	2004	91	120	6991	1124	8840	0,13,83,3,0,0	16997	342	1736	113401	22474	62499	133941,134362,135895,86772,86435,86435,86435	7	87	24248,30247,57713,20803,358,0,0	101	50238
152543	2942	3709	3360	305	320	28	16	9	13049	791	1674	479	1975	103	131	7666	1240	9440	0,11,84,3,0,0	17604	364	1883	114332	23433	62863	134456,134872,136420,87827,87464,87464,87464	8	78	24248,30247,57813,22472,462,0,0	99	49589
151519	3046	4036	3528	295	344	30	20	9	13447	793	1679	475	1901	94	122	7813	1308	9991	0,10,85,4,0,0	17408	380	1884	115235	24421	63243	134941,135351,136913,88876,88484,88484,88484	8	95	24248,30247,57887,24158,565,0,0	91	48936
150370	3249	4318	3708	331	352	32	19	11	13880	793	1683	487	1860	86	136	8257	1362	10647	0,9,86,4,0,0	18297	366	2019	116226	25464	63609	135499,135903,137480,90029,89609,89608,89608	8	81	24248,30247,57955,25964,701,0,0	102	48230
149071	3537	4565	3868	369	378	37	20	13	14406	794	1688	462	1988	106	155	8379	1438	11336	0,8,86,5,0,0	18434	365	2192	117281	26612	63974	136085,136488,138072,91274,90823,90822,90822	9	116	24248,30247,58048,27889,866,0,0	115	47488
147910	3566	4776	4192	388	412	36	22	14	14943	794	1693	476	2013	110	141	8792	1545	11847	0,7,86,5,0,0	26880	371	2067	118279	27703	64345	136590,136989,138583,92441,91954,91952,91952	10	120	24248,30247,58108,29741,1026,0,0	121	46759
146825	3510	5037	4464	417	390	37	24	11	15540	797	1694	453	1965	145	157	9530	1658	12221	0,6,87,6,0,0	27625	364	2061	119206	28848	64709	137076,137472,139079,93605,93078,93076,93076	10	126	24248,30247,58157,31577,1199,0,0	113	46100
145258	3857	5211	4734	442	401	38	23	11	16274	801	1696	468	1944	130	171	10519	1824	12882	0,5,87,6,0,0	20589	364	2515	120383	30212	65073	137734,138126,139737,95114,94548,94545,94545	11	128	24248,30247,58207,33832,1408,0,0	115	45252
143734	4178	5390	4980	456	443	34	24	10	16994	804	1699	462	1907	118	189	11089	1962	13543	0,4,87,7,0,0	20812	343	2536	121566	31589	65416	138393,138784,140396,96629,96022,96017,96017	12	124	24248,30247,58247,36073,1661,0,0	118	44407
142114	4348	5778	5195	481	448	38	25	10	17802	806	1701	463	1921	162	191	11637	2053	14260	0,4,87,8,0,0	21640	328	2705	122812	33061	65744	139070,139460,141071,98234,97580,97573,97573	12	136	24248,30247,58294,38407,1968,0,0	129	43478
140481	4564	5985	5484	495	482	33	30	8	18671	806	1707	460	2015	142	197	12134	2173	14900	0,3,86,9,0,0	22287	299	2728	123995	34619	66043	139693,140081,141684,99798,99093,99084,99084	13	135	24248,30247,58330,40713,2338,0,0	109	42623
138767	4682	6350	5735	515	510	39	30	8	19592	807	1711	437	1937	146	172	12337	2214	15647	0,3,86,10,0,0	22264	320	2860	125267	36230	66363	140387,140772,142369,101504,100748,100737,100737	13	141	24248,30247,58365,43092,2777,0,0	116	41687
137421	4588	6483	6080	536	518	38	28	8	20523	809	1714	432	1953	146	182	12289	2250	16021	0,2,85,11,0,0	30376	328	2562	126411	37662	66691	140915,141297,142892,102949,102139,102126,102126	14	167	24248,30247,58410,45225,3147,0,0	122	40833
135956	4468	6728	6381	554	532	43	24	7	21521	813	1719	438	1917	165	227	13126	2422	16308	0,2,84,12,0,0	30823	322	2684	127519	39256	67013	141460,141838,143426,104462,103596,103580,103580	15	152	24248,30247,58439,47406,3601,0,0	133	40005
134048	4936	6816	6700	580	569	38	28	7	22484	816	1724	459	1844	153	216	13603	2535	17132	0,2,83,13,0,0	24024	330	3245	128955	41084	67343	142218,142593,144170,106380,105451,105432,105432	16	161	24248,30247,58467,50004,4202,0,0	136	38963
132202	5255	6894	6921	589	559	39	37	6	23701	816	1727	460	1955	180	247	14088	2601	17693	0,2,82,15,0,0	24165	155	3186	130388	42859	67498	142933,143305,144876,108270,107279,107256,107256	16	157	24248,30247,58495,52496,4848,0,0	138	37869
130452	5313	7335	7096	560	562	45	37	8	24792	817	1729	442	2003	195	254	14251	2689	18259	0,1,81,16,0,0	24453	129	3240	131795	44704	67627	143594,143962,145520,110111,109051,109021,109021	17	167	24248,30247,58527,54946,5575,0,0	161	36828
128679	5466	7559	7257	568	558	53	32	12	26008	821	1733	462	1961	190	236	14476	2707	18786	0,1,79,18,0,0	24535	107	3270	133228	46565	67734	144264,144627,146177,111984,110852,110818,110818	17	154	24248,30247,58554,57390,6352,0,0	161	35757
126952	5481	7820	7542	572	560	64	33	10	27150	825	1737	477	1937	175	213	14619	2768	19304	0,1,78,20,0,0	24660	119	3275	134673	48420	67853	144945,145305,146837,113837,112634,112594,112594	18	155	24248,30247,58560,59745,7233,0,0	165	34707
125648	5266	7925	7743	580	578	67	32	11	28329	829	1738	461	1910	189	240	14244	2800	19391	0,1,77,21,0,0	32017	120	2921	135902	50139	67973	145430,145787,147304,115433,114152,114104,114104	19	193	24248,30247,58575,61857,8007,0,0	193	33762
124274	5131	7843	8006	613	642	67	28	11	29560	831	1740	443	1964	205	218	14533	2834	19496	0,1,75,23,0,0	32600	117	3080	137213	51933	68090	145949,146301,147807,117116,115757,115699,115699	19	203	24248,30247,58594,63961,8950,0,0	201	32761
122722	5354	7752	8204	623	659	60	30	10	30756	834	1742	467	1964	222	290	15454	2946	19736	0,1,73,25,0,0	25427	118	3348	138574	53939	68208	146530,146871,148365,118975,117536,117468,117468	20	184	24248,30247,58603,66137,10068,0,0	181	31704
121329	5488	7652	8420	618	621	68	30	12	31928	835	1745	460	1955	208	294	15752	3073	19824	0,1,71,27,0,0	25854	86	3264	139931	55863	68294	147099,147433,148918,120798,119276,119198,119198	20	172	24248,30247,58612,68241,11168,0,0	188	30690
120096	5392	7815	8390	627	605	61	26	15	33135	838	1746	492	1914	226	249	15955	3035	19881	0,0,69,29,0,0	26198	81	3164	141238	57737	68375	147593,147917,149390,122518,120913,120822,120822	20	154	24248,30247,58622,70142,12353,0,0	192	29711
119024	5269	7924	8319	636	634	53	27	15	34256	841	1748	475	1859	192	248	15894	3015	19847	0,0,67,31,0,0	26211	87	3107	142489	59615	68462	148027,148348,149808,124187,122495,122389,122389	21	157	24248,30247,58632,71974,13567,0,0	177	28776
117886	5331	7799	8425	619	669	56	21	16	35324	848	1752	492	1962	193	257	15734	2971	19949	0,0,65,33,0,0	25841	94	3198	143803	61522	68556	148503,148815,150260,125925,124149,124027,124027	21	170	24248,30247,58645,73702,14971,0,0	155	27795
117176	5164	7720	8479	608	632	55	20	16	36268	852	1756	467	1926	194	256	16105	3032	19646	0,0,63,36,0,0	33521	79	2879	144935	63291	68635	148798,149106,150546,127375,125514,125374,125374	21	187	24248,30247,58652,75209,16289,0,0	174	26909
116750	4770	7607	8522	599	640	54	17	14	37162	855	1756	501	1876	179	234	15871	2971	19238	0,0,61,38,0,0	33602	81	2662	145996	64910	68716	149029,149333,150766,128708,126761,126599,126599	21	148	24248,30247,58658,76603,17504,0,0	173	26083
116091	4737	7482	8338	602	646	48	18	14	38155	855	1760	501	1869	173	278	16472	3017	18854	0,0,59,40,0,0	26339	88	2930	147086	66765	68804	149299,149602,151018,130182,128158,127972,127972	21	179	24248,30247,58665,78030,18938,0,0	184	25240
115454	4806	7240	8202	593	616	46	18	17	39133	855	1766	501	1937	210	249	16534	2962	18559	0,0,56,42,0,0	26622	48	2888	148154	68603	68852	149584,149889,151290,131635,129533,129323,129323	21	163	24248,30247,58672,79355,20439,0,0	174	24430
115114	4643	7033	8100	627	642	51	19	20	39875	855	1767	480	1969	225	248	16415	2931	18184	0,0,54,44,0,0	26361	58	2689	149164	70302	68910	149777,150077,151472,132939,130751,130516,130516	21	170	24248,30247,58678,80572,21846,0,0	169	23635
114921	4489	6863	7895	595	633	45	17	22	40637	857	1772	495	1921	196	263	15871	2797	17740	0,0,52,47,0,0	26066	62	2611	150130	71958	68972	149945,150243,151632,134205,131939,131675,131675	21	164	24248,30247,58682,81620,23352,0,0	162	22895
114834	4381	6650	7725	545	591	42	16	21	41306	858	1777	506	1927	193	262	15645	2714	17236	0,0,49,49,0,0	25873	47	2554	151071	73582	69019	150067,150361,151743,135397,133056,132763,132763	21	164	24248,30247,58687,82605,24852,0,0	154	22164
115225	4013	6499	7602	537	581	38	15	25	41569	859	1783	509	1932	175	217	15874	2666	16619	0,0,48,51,0,0	33258	48	2208	151842	75037	69067	150038,150336,151716,136382,133965,133633,133633	20	124	24248,30247,58691,83432,26176,0,0	147	21559
115523	3828	6202	7417	494	567	38	20	26	41988	859	1784	517	1828	164	211	15761	2599	15967	0,0,46,53,0,0	33141	45	2218	152623	76487	69112	150036,150331,151714,137365,134877,134508,134508	20	136	24248,30247,58693,84246,27537,0,0	160	20941
115918	3753	5911	7260	476	549	42	21	26	42144	860	1786	491	1920	177	219	14839	2470	15542	0,0,44,55,0,0	25502	58	2229	153423	77934	69170	150022,150320,151702,138325,135772,135363,135363	19	119	24248,30247,58696,84948,28998,0,0	143	20315
116382	3695	5705	7040	465	520	47	22	24	42197	861	1788	478	1869	161	208	14794	2392	15102	0,0,41,58,0,0	24638	39	2196	154207	79361	69209	150000,150302,151684,139269,136657,136205,136205	19	110	24248,30247,58696,85596,30501,0,0	139	19700
116948	3548	5529	6739	474	492	52	16	29	42266	863	1790	497	1909	128	186	14445	2307	14543	0,0,38,61,0,0	24446	44	2049	154886	80743	69253	149909,150207,151596,140089,137423,136924,136924	18	114	24248,30247,58696,86183,31920,0,0	128	19160
117705	3462	5370	6452	458	460	44	18	27	42092	864	1794	508	1936	117	191	13647	2110	14154	0,0,36,63,0,0	23519	46	1991	155543	82087	69299	149795,150095,151490,140868,138152,137601,137601	18	111	24248,30247,58699,86698,33332,0,0	138	18644
118529	3302	5206	6268	440	439	46	15	25	41812	868	1796	500	1959	143	182	13268	1976	13740	0,0,34,65,0,0	23351	42	1889	156172	83360	69341	149644,149946,151348,141559,138797,138195,138195	17	102	24248,30247,58700,87151,34716,0,0	117	18157
119640	2996	4960	6052	445	441	48	14	25	41458	869	1798	521	1893	125	157	12830	1919	13037	0,0,31,67,0,0	30814	45	1610	156702	84452	69386	149414,149715,151131,142119,139310,138654,138654	17	100	24248,30247,58700,87498,35932,0,0	117	17738
120597	2760	4744	5924	417	421	47	18	18	41132	869	1799	552	1924	122	188	11863	1819	12512	0,0,29,69,0,0	30376	45	1623	157241	85551	69431	149227,149526,150953,142689,139841,139131,139131	16	94	24248,30247,58701,87823,37193,0,0	128	17321
121696	2793	4418	5622	363	402	44	15	19	40703	870	1801	556	1975	115	162	11692	1740	11917	0,0,27,71,0,0	22511	38	1654	157763	86697	69469	149010,149310,150740,143228,140345,139577,139577	15	77	24248,30247,58701,88150,38471,0,0	106	16915
122690	2731	4183	5364	350	374	50	15	16	40296	871	1806	547	1925	111	164	11574	1628	11439	0,0,25,74,0,0	21428	26	1594	158239	87826	69495	148779,149084,150521,143726,140815,139992,139992	14	85	24248,30247,58702,88376,39772,0,0	124	16516
123756	2676	4066	5153	338	358	46	15	16	39642	872	1808	544	2019	112	170	11917	1668	10984	0,0,23,75,0,0	22134	26	1547	158678	88944	69521	148532,148841,150283,144198,141263,140378,140378	14	86	24248,30247,58704,88610,41025,0,0	110	16149
124994	2470	3932	4909	320	333	43	15	16	39032	873	1809	562	1900	112	150	11461	1541	10481	0,0,22,77,0,0	21791	27	1365	159073	89921	69548	148239,148552,150004,144557,141598,140653,140653	13	82	24248,30247,58705,88791,42150,0,0	115	15813
126094	2385	3817	4678	322	332	36	17	17	38363	873	1812	549	2000	112	133	10888	1455	10132	0,0,20,79,0,0	21181	22	1442	159505	90941	69570	148004,148319,149782,144967,141995,140986,140986	12	83	24248,30247,58706,88952,43373,0,0	108	15463
127485	2234	3619	4488	281	309	40	16	17	37566	875	1816	558	1927	81	124	10606	1374	9613	0,0,18,81,0,0	28686	24	1220	159843	91831	69594	147672,147998,149469,145270,142268,141200,141200	12	65	24248,30247,58707,89071,44432,0,0	94	15195
128834	2044	3410	4381	270	299	38	14	16	36746	877	1817	523	1905	76	103	10853	1298	9158	0,0,16,83,0,0	29057	24	1135	160149	92674	69618	147361,147690,149172,145515,142513,141375,141375	11	78	24248,30247,58708,89200,45405,0,0	93	14956
129747	2193	3360	4132	256	307	33	13	16	35993	877	1819	516	1943	82	123	9814	1155	9139	0,0,15,84,0,0	20446	36	1466	160547	93750	69654	147165,147497,148985,145925,142925,141724,141724	11	83	24248,30247,58708,89310,46694,0,0	90	14645
130792	2356	3193	3958	248	306	28	12	12	35143	878	1820	484	1896	92	127	8992	1041	9060	0,0,13,86,0,0	19408	6	1398	160934	94769	69660	146935,147268,148763,146314,143310,142042,142042	11	67	24248,30247,58708,89412,47927,0,0	91	14345
131791	2307	3256	3757	247	306	24	12	11	34333	879	1823	503	1981	87	109	7513	941	8968	0,0,12,87,0,0	18436	6	1334	161301	95743	69666	146712,147046,148547,146652,143655,142320,142320	11	77	24248,30247,58708,89494,49121,0,0	79	14045
132861	2328	3300	3647	236	274	23	13	13	33346	880	1825	512	1971	99	120	6576	861	8960	0,0,11,88,0,0	16945	9	1355	161660	96745	69675	146471,146810,148321,147004,144011,142608,142608	10	83	24248,30247,58708,89582,50319,0,0	74	13762
133865	2315	3346	3609	229	257	17	14	14	32368	880	1832	518	1884	83	113	5036	754	9033	0,0,10,89,0,0	16130	8	1359	162049	97719	69683	146256,146597,148117,147342,144365,142891,142891	10	75	24248,30247,58708,89647,51546,0,0	75	13452
134970	2156	3299	3656	221	241	14	12	14	31449	880	1834	540	2007	88	96	4463	676	8923	0,0,9,90,0,0	23404	7	1175	162389	98560	69690	146016,146360,147887,147624,144658,143111,143111	9	63	24248,30247,58708,89704,52611,0,0	81	13185
136061	1990	3217	3604	236	255	16	10	16	30624	880	1837	563	1933	82	88	3672	602	8726	0,0,8,91,0,0	22998	8	1125	162678	99405	69698	145753,146103,147637,147840,144892,143276,143276	9	79	24248,30247,58708,89763,53629,0,0	71	12949
136879	2067	3134	3589	246	252	15	9	14	29820	882	1839	579	1942	91	128	3080	609	8703	0,0,7,92,0,0	13631	5	1311	163020	100381	69703	145585,145934,147476,148170,145252,143565,143565	8	55	24248,30247,58708,89821,54827,0,0	66	12680
137598	2197	3033	3577	235	244	19	8	12	29097	883	1843	619	1958	75	114	1856	565	8748	0,0,6,93,0,0	12670	14	1331	163369	101376	69717	145439,145790,147341,148503,145614,143858,143858	8	84	24248,30247,58708,89871,56050,0,0	75	12403
138431	2157	3102	3451	225	248	18	9	9	28363	883	1850	616	1971	75	122	1711	561	8649	0,0,5,94,0,0	11916	18	1259	163720	102293	69735	145270,145620,147183,148820,145963,144134,144134	7	56	24248,30247,58708,89917,57213,0,0	85	12135
139220	2176	3098	3398	203	239	21	11	8	27635	884	1853	611	1985	81	104	1685	535	8611	0,0,5,94,0,0	11770	14	1299	164050	103270	69749	145099,145450,147023,149118,146296,144395,144395	7	64	24248,30247,58708,89960,58402,0,0	95	11892
139956	2158	3108	3292	197	241	18	8	8	27020	884	1856	580	1958	78	99	1648	525	8497	0,0,4,95,0,0	11605	22	1254	164379	104203	69771	144940,145295,146872,149401,146613,144642,144642	7	59	24248,30247,58708,89993,59563,0,0	85	11623
140889	1986	3000	3341	208	240	19	7	10	26304	884	1858	570	1940	66	96	1617	513	8288	0,0,4,95,0,0	21056	15	1006	164632	104963	69786	144726,145082,146671,149590,146839,144794,144794	6	45	24248,30247,58708,90021,60492,0,0	74	11415
141693	1801	2982	3254	218	237	19	8	9	25782	885	1858	563	1949	84	96	1567	490	8029	0,0,4,95,0,0	20655	12	1026	164893	105739	69798	144535,144892,146490,149786,147072,144958,144958	6	62	24248,30247,58708,90042,61448,0,0	76	11204
142303	1931	2858	3216	230	234	16	10	8	25192	887	1861	602	2006	87	113	1544	493	8002	0,0,3,96,0,0	11602	28	1222	165195	106669	69826	144399,144757,146359,150045,147377,145193,145193	6	53	24248,30247,58708,90067,62573,0,0	68	10963
142980	2042	2738	3210	208	223	13	10	10	24561	887	1864	565	1994	75	106	1567	505	7939	0,0,3,96,0,0	11699	0	1169	165494	107549	69826	144252,144609,146219,150291,147672,145415,145415	6	50	24248,30247,58708,90086,63644,0,0	66	10731
143753	1939	2775	3148	196	215	16	12	8	23929	887	1868	576	1974	55	97	1568	489	7812	0,0,2,97,0,0	11520	0	1076	165759	108367	69826	144079,144440,146058,150491,147920,145586,145586	6	55	24248,30247,58708,90103,64629,0,0	66	10535
144322	1891	2797	3076	200	208	18	14	7	23453	887	1873	582	1932	74	100	1511	487	7717	0,0,2,97,0,0	11736	0	1137	166039	109229	69826	143931,144294,145912,150729,148208,145802,145802	5	53	24248,30247,58708,90118,65673,0,0	69	10301
144900	1877	2792	3083	211	212	16	15	7	22868	887	1878	591	1999	67	89	1481	507	7699	0,0,2,97,0,0	11453	0	1108	166296	110090	69826	143789,144152,145773,150942,148476,145997,145997	5	47	24248,30247,58708,90129,66694,0,0	73	10097
145696	1684	2739	3036	224	214	14	14	8	22344	888	1885	581	1919	75	85	1450	483	7442	0,0,1,98,0,0	20776	0	881	166494	110779	69826	143576,143945,145574,151057,148638,146088,146088	5	65	24248,30247,58708,90138,67500,0,0	77	9930
146479	1514	2610	3019	197	219	20	10	11	21889	889	1889	559	2027	75	83	1428	460	7129	0,0,1,98,0,0	20608	0	846	166661	111465	69826	143365,143737,145377,151147,148782,146158,146158	5	41	24248,30247,58708,90146,68281,0,0	69	9790
146998	1633	2516	2949	203	220	22	7	9	21408	891	1890	581	1952	56	95	1436	472	7078	0,0,1,98,0,0	11365	0	1082	166931	112281	69826	143233,143611,145255,151358,149046,146354,146354	5	48	24248,30247,58708,90152,69249,0,0	68	9571
147599	1703	2383	2814	215	193	15	7	8	21027	891	1891	556	2037	59	90	1411	433	6897	0,0,1,98,0,0	11428	0	945	167147	113018	69826	143072,143455,145107,151513,149259,146495,146495	5	37	24248,30247,58708,90159,70116,0,0	65	9405
148133	1623	2439	2764	193	194	13	5	9	20584	892	1897	543	1905	60	90	1405	411	6820	0,0,1,98,0,0	11373	0	974	167356	113789	69826	142934,143320,144976,151673,149477,146642,146642	5	41	24248,30247,58708,90172,70989,0,0	53	9238
148752	1535	2437	2699	209	184	15	2	9	20106	895	1903	539	1958	67	93	1370	432	6649	0,0,1,98,0,0	11452	0	916	167550	114515	69826	142771,143159,144825,151803,149665,146757,146757	4	49	24248,30247,58708,90175,71818,0,0	64	9078
149441	1469	2300	2705	196	166	14	4	7	19643	895	1906	578	1924	56	86	1352	410	6444	0,0,1,98,0,0	11356	0	816	167738	115146	69826	142595,142983,144662,151903,149821,146840,146840	4	40	24248,30247,58708,90181,72543,0,0	46	8925
150123	1334	2167	2684	193	171	15	5	6	19239	895	1914	563	2062	54	75	1331	389	6180	0,0,1,98,0,0	20558	0	715	167872	115736	69826	142403,142790,144479,151972,149941,146893,146893	4	31	24248,30247,58708,90186,73194,0,0	56	8822
150827	1224	2061	2584	174	189	16	3	8	18847	895	1918	561	1991	52	89	1290	389	5862	0,0,0,99,0,0	20789	0	694	168019	116291	69826	142204,142593,144292,152018,150041,146922,146922	4	39	24248,30247,58708,90189,73811,0,0	59	8698
151396	1209	2013	2496	186	175	13	4	7	18429	895	1923	589	1980	56	78	1249	383	5713	0,0,0,99,0,0	11305	0	767	168172	116909	69826	142046,142433,144140,152094,150173,146988,146988	4	41	24248,30247,58708,90192,74478,0,0	47	8577
151957	1264	1823	2432	180	173	7	5	6	18075	896	1928	588	1935	47	81	1241	390	5494	0,0,0,99,0,0	11358	0	744	168306	117522	69826	141886,142278,143989,152154,150286,147036,147036	4	24	24248,30247,58708,90193,75141,0,0	47	8477
152572	1211	1798	2304	156	180	8	7	5	17677	896	1932	610	1939	39	77	1215	365	5299	0,0,0,99,0,0	11302	0	682	168427	118087	69826	141704,142100,143813,152190,150379,147062,147062	3	25	24248,30247,58708,90195,75735,0,0	43	8381
153176	1166	1838	2126	131	173	7	8	4	17287	896	1934	619	2028	47	82	1172	342	5107	0,0,0,99,0,0	11195	0	689	168554	118651	69826	141532,141931,143654,152241,150487,147103,147103	3	31	24248,30247,58708,90198,76337,0,0	38	8285
153862	1057	1763	2093	130	153	9	7	3	16833	897	1939	617	1980	34	63	1139	312	4900	0,0,0,99,0,0	11221	0	565	168660	119111	69826	141341,141744,143476,152252,150548,147097,147097	3	24	24248,30247,58708,90198,76824,0,0	36	8206
154637	910	1670	2067	129	132	12	5	3	16338	898	1945	599	1991	42	57	1100	296	4629	0,0,0,99,0,0	20391	0	500	168758	119519	69826	141129,141534,143277,152239,150589,147068,147068	3	31	24248,30247,58708,90200,77272,0,0	42	8117
155269	863	1516	1999	151	138	8	5	4	15949	898	1946	625	1995	51	55	1047	294	4386	0,0,0,99,0,0	20292	0	515	168849	119944	69826	140941,141349,143103,152240,150639,147052,147052	3	41	24248,30247,58708,90200,77736,0,0	40	8038
156006	851	1407	1845	144	150	11	4	5	15473	898	1952	648	1928	41	68	1023	318	4094	0,0,0,99,0,0	11136	0	498	168931	120364	69826	140720,141131,142896,152215,150667,147012,147012	3	26	24248,30247,58708,90202,78171,0,0	40	7968
156594	849	1319	1730	142	141	11	2	6	15097	899	1956	630	1913	33	64	995	299	3895	0,0,0,99,0,0	11190	0	502	169018	120781	69826	140548,140959,142738,152205,150703,146990,146990	3	36	24248,30247,58708,90202,78601,0,0	45	7898
157311	793	1260	1596	115	135	11	1	6	14659	900	1959	653	2039	33	59	961	274	3637	0,0,0,99,0,0	10945	0	428	169076	121156	69826	140342,140753,142544,152156,150703,146926,146926	3	21	24248,30247,58708,90203,78968,0,0	33	7852
157963	698	1216	1562	111	125	9	1	5	14193	900	1963	669	2004	33	55	939	266	3456	0,0,0,99,0,0	11148	0	404	169139	121500	69826	140137,140549,142351,152116,150709,146873,146873	2	17	24248,30247,58708,90203,79311,0,0	33	7798
158555	669	1111	1469	114	136	8	1	5	13809	900	1969	640	1950	29	58	912	269	3239	0,0,0,99,0,0	11046	0	381	169201	121821	69826	139947,140362,142173,152066,150702,146812,146812	2	24	24248,30247,58708,90203,79636,0,0	29	7743
159183	606	1026	1386	102	119	5	1	5	13442	901	1970	643	2025	29	52	881	242	3003	0,0,0,99,0,0	20145	0	313	169255	122083	69826	139744,140160,141980,152009,150686,146742,146742	2	23	24248,30247,58708,90203,79909,0,0	22	7696
159824	538	969	1287	99	104	8	2	4	13036	901	1974	647	1928	22	34	809	218	2789	0,0,0,99,0,0	20177	0	295	169301	122335	69826	139544,139963,141795,151948,150663,146666,146666	2	11	24248,30247,58708,90203,80167,0,0	21	7653
160490	527	877	1224	97	92	9	4	4	12545	901	1976	638	1905	19	48	766	210	2620	0,0,0,99,0,0	10761	0	318	169341	122614	69826	139327,139747,141590,151871,150626,146574,146574	2	16	24248,30247,58708,90203,80419,0,0	27	7626
161152	492	789	1180	82	77	9	3	5	12077	901	1979	640	1996	14	34	721	180	2452	0,0,0,99,0,0	10881	0	270	169377	122853	69826	139113,139535,141388,151790,150583,146476,146476	2	13	24248,30247,58708,90203,80634,0,0	29	7596
161790	462	771	1074	83	65	8	1	7	11600	901	1984	656	1848	18	32	677	163	2301	0,0,0,99,0,0	10770	0	270	169416	123086	69826	138912,139337,141197,151715,150546,146386,146386	2	14	24248,30247,58708,90203,80857,0,0	26	7562
162387	433	689	1030	77	55	7	1	5	11169	901	1992	677	1963	25	22	608	132	2160	0,0,0,99,0,0	10832	0	226	169452	123277	69826	138720,139146,141016,151641,150507,146297,146297	1	14	24248,30247,58708,90203,81054,0,0	23	7532
162943	392	659	966	64	54	7	1	5	10756	901	1998	651	2037	25	38	561	139	2004	0,0,0,99,0,0	10793	0	234	169493	123474	69826	138535,138961,140842,151568,150467,146212,146212	1	19	24248,30247,58708,90203,81252,3,0	23	7494
163519	362	624	872	47	51	5	1	4	10358	901	2002	662	1788	12	23	526	133	1829	0,0,0,99,0,0	19874	0	192	169529	123633	69826	138337,138762,140652,151490,150419,146120,146120	1	14	24248,30247,58708,90203,81404,6,0	18	7465
164087	325	575	804	48	47	3	1	3	9946	901	2006	639	1934	23	19	477	122	1681	0,0,0,99,0,0	19781	0	167	169560	123776	69826	138150,138575,140476,151410,150366,146024,146024	1	10	24248,30247,58708,90203,81540,13,0	14	7437
164647	280	535	749	54	48	3	0	1	9516	902	2011	633	1958	6	20	434	119	1550	0,0,0,99,0,0	10557	0	171	169590	123919	69826	137958,138385,140295,151319,150305,145920,145920	1	5	24248,30247,58708,90203,81679,15,0	12	7411
165216	265	478	673	53	55	3	0	1	9087	902	2013	635	2011	13	26	395	113	1414	0,0,0,98,1,0	10521	0	150	169613	124051	69826	137758,138187,140105,151224,150238,145811,145811	1	11	24248,30247,58708,90203,81794,23,0	14	7391
165761	251	411	642	51	55	5	0	0	8652	902	2016	614	1876	15	20	383	107	1308	0,0,0,97,2,0	10401	0	139	169642	124167	69826	137565,137995,139920,151139,150177,145710,145710	1	7	24248,30247,58708,90203,81905,30,0	17	7369
166269	228	395	582	47	55	4	1	0	8242	902	2021	629	1943	14	33	367	115	1197	0,0,0,97,2,0	10438	0	126	169656	124284	69826	137377,137809,139740,151042,150107,145603,145603	1	5	24248,30247,58708,90203,82003,37,0	16	7356
166822	190	345	532	47	43	4	2	0	7837	902	2022	665	1991	6	22	347	104	1059	0,0,0,96,3,0	10458	0	79	169670	124353	69826	137180,137614,139554,150935,150023,145480,145480	1	7	24248,30247,58708,90203,82066,42,0	13	7344
167355	145	329	461	41	47	4	1	1	7435	902	2025	643	1972	10	12	317	89	939	0,0,0,96,3,0	19719	0	77	169689	124419	69826	136996,137432,139380,150836,149946,145366,145366	1	6	24248,30247,58708,90203,82127,50,0	18	7328
167793	127	281	433	36	40	4	1	1	7101	902	2027	684	2036	3	16	307	84	838	0,0,0,95,4,0	19590	0	79	169700	124488	69826	136834,137273,139227,150741,149870,145259,145259	1	6	24248,30247,58708,90203,82190,53,0	20	7318
168228	126	235	382	34	35	4	1	1	6769	902	2029	688	1947	10	17	278	78	739	0,0,0,94,5,0	10401	0	66	169708	124551	69826	136662,137101,139062,150634,149783,145141,145141	0	4	24248,30247,58708,90203,82241,61,0	17	7310
168670	112	203	348	26	28	3	1	1	6415	902	2037	679	1773	8	8	251	63	658	0,0,0,93,6,0	10336	0	56	169716	124603	69826	136490,136931,138897,150532,149699,145025,145025	0	1	24248,30247,58708,90203,82285,67,0	14	7303
169141	101	189	295	23	24	3	1	1	6023	902	2043	641	1738	6	12	247	62	574	0,0,0,92,7,0	10475	0	52	169725	124649	69826	136303,136744,138716,150424,149609,144904,144904	0	4	24248,30247,58708,90203,82317,76,0	10	7295
169564	98	165	253	19	18	2	1	1	5676	902	2047	666	2106	9	11	231	46	510	0,0,0,89,10,0	10319	0	46	169727	124698	69826	136131,136573,138551,150317,149520,144786,144785	0	3	24248,30247,58708,90203,82346,88,0	10	7293
169958	77	139	237	21	15	1	1	1	5343	902	2051	635	1825	1	10	215	45	446	0,0,0,87,12,0	10322	0	31	169732	124728	69826	135966,136410,138392,150211,149429,144669,144668	0	1	24248,30247,58708,90203,82366,95,0	7	7288
170384	58	137	200	19	12	1	1	1	4975	902	2056	632	1952	1	7	194	34	394	0,0,0,87,12,0	19631	0	35	169738	124761	69826	135804,136249,138236,150110,149345,144556,144555	0	1	24248,30247,58708,90203,82394,100,0	8	7283
170763	58	118	178	17	8	2	1	1	4636	902	2062	646	1693	2	4	158	30	352	0,0,0,86,13,0	19484	0	30	169742	124792	69826	135646,136092,138084,150011,149260,144445,144444	0	0	24248,30247,58708,90203,82417,107,0	5	7279
171122	53	102	154	16	7	2	0	1	4321	903	2065	643	1957	3	9	137	27	307	0,0,0,83,16,0	10088	0	26	169748	124815	69826	135487,135933,137930,149905,149168,144329,144328	0	2	24248,30247,58708,90203,82434,113,0	4	7275
171445	55	92	132	10	8	1	0	1	4034	903	2065	656	1802	0	3	119	24	274	0,0,0,81,18,0	10204	0	27	169754	124840	69826	135334,135780,137782,149805,149081,144221,144220	0	1	24248,30247,58708,90203,82457,120,0	2	7269
171749	53	82	128	9	11	1	0	0	3741	903	2069	654	1842	2	3	101	19	265	0,0,0,79,20,0	10233	0	26	169758	124865	69826	135192,135639,137646,149706,148994,144114,144112	0	0	24248,30247,58708,90203,82473,130,0	2	7266
172048	42	69	133	9	10	1	0	0	3455	903	2076	618	1833	4	7	94	22	242	0,0,0,79,20,0	10252	0	17	169761	124882	69826	135048,135497,137507,149609,148907,144007,144005	0	3	24248,30247,58708,90203,82487,135,0	2	7263
172314	36	70	118	10	9	1	0	0	3205	903	2080	661	1890	0	1	87	21	223	0,0,0,77,22,0	10192	0	16	169765	124900	69826	134906,135355,137369,149510,148819,143901,143899	0	0	24248,30247,58708,90203,82499,144,0	1	7259
172581	40	57	99	8	8	2	0	0	2961	903	2087	662	1774	1	5	75	15	199	0,0,0,76,23,0	19240	0	19	169767	124919	69826	134776,135225,137244,149417,148737,143800,143798	0	2	24248,30247,58708,90203,82511,150,0	1	7257
172826	35	53	90	9	5	1	0	0	2736	903	2088	674	1827	2	5	64	12	181	0,0,0,73,26,0	19410	0	16	169770	124937	69826	134650,135099,137122,149328,148655,143702,143700	0	1	24248,30247,58708,90203,82520,160,0	1	7255
173061	36	51	74	4	7	1	0	0	2519	903	2090	686	1852	2	3	57	10	163	0,0,0,65,34,0	10181	0	16	169772	124956	69826	134511,134959,136985,149231,148567,143598,143595	0	0	24248,30247,58708,90203,82527,173,0	2	7253
173244	46	57	68	2	5	0	0	0	2327	903	2094	677	1813	1	3	48	9	169	0,0,0,64,35,0	10105	0	33	169775	124987	69826	134390,134839,136866,149145,148488,143506,143503	0	0	24248,30247,58708,90203,82547,185,0	0	7251
173439	48	54	71	2	6	0	0	0	2125	903	2098	672	1734	0	1	46	11	170	0,0,0,58,41,0	10380	0	19	169777	125011	69826	134267,134718,136748,149054,148405,143410,143407	0	1	24248,30247,58708,90203,82557,201,0	0	7250
173628	40	58	65	2	2	0	0	0	1943	903	2105	680	1783	0	1	37	4	163	0,0,0,55,44,0	10103	0	16	169777	125028	69826	134146,134598,136631,148962,148320,143313,143309	0	0	24248,30247,58708,90203,82563,211,0	0	7250
173758	40	65	58	3	2	0	0	0	1806	903	2111	665	1775	1	1	32	3	165	0,0,0,51,48,0	10195	0	26	169782	125052	69826	134034,134485,136520,148880,148244,143228,143224	0	2	24248,30247,58708,90203,82573,226,0	1	7245
173881	42	72	44	5	3	0	0	0	1680	903	2116	699	1854	3	2	32	5	161	0,0,0,48,51,0	19566	0	24	169786	125075	69826	133933,134385,136422,148805,148173,143148,143144	0	2	24248,30247,58708,90203,82585,239,0	0	7241
174045	41	63	57	6	0	0	0	0	1509	903	2122	682	1989	0	4	34	6	161	0,0,0,49,50,0	19438	0	26	169787	125100	69826	133824,134276,136317,148723,148098,143062,143057	0	1	24248,30247,58708,90203,82597,250,0	0	7240
174158	55	70	55	4	3	0	0	0	1376	903	2122	666	1749	4	2	32	5	182	0,0,0,48,51,0	10136	0	32	169792	125133	69826	133715,134168,136210,148640,148020,142976,142971	0	5	24248,30247,58708,90203,82608,274,0	0	7235
174256	53	55	68	5	6	0	0	0	1274	903	2126	686	1808	3	1	31	9	178	0,0,0,48,51,0	10031	0	17	169793	125151	69826	133610,134063,136106,148556,147939,142889,142883	0	3	24248,30247,58708,90203,82612,288,0	1	7234
174339	53	64	75	5	5	0	0	0	1174	903	2128	665	1784	4	3	31	15	187	0,0,0,45,54,0	10165	0	31	169801	125176	69826	133511,133965,136009,148481,147867,142812,142805	0	2	24248,30247,58708,90203,82622,310,0	1	7227
174434	65	65	70	6	6	0	0	0	1062	903	2135	700	1839	1	2	33	18	194	0,0,0,42,57,0	10057	0	35	169805	125212	69826	133410,133863,135908,148404,147796,142733,142726	0	2	24248,30247,58708,90203,82634,336,0	0	7224
174515	56	78	72	4	7	0	0	0	971	903	2140	666	1792	3	2	32	15	202	0,0,0,39,60,0	10024	0	30	169809	125238	69826	133303,133756,135802,148327,147722,142653,142646	0	3	24248,30247,58708,90203,82646,354,0	1	7220
174573	45	85	79	2	7	0	0	0	909	903	2143	685	1800	2	4	37	18	200	0,0,0,36,63,0	19582	0	26	169813	125264	69826	133218,133672,135718,148258,147656,142583,142575	0	2	24248,30247,58708,90203,82651,377,0	1	7216
174637	49	84	89	2	5	0	0	0	829	903	2148	685	1804	2	1	38	18	211	0,0,0,34,65,0	19437	0	29	169817	125292	69826	133126,133581,135627,148186,147586,142509,142500	0	2	24248,30247,58708,90203,82657,400,0	2	7212
174668	58	85	96	3	6	0	0	0	775	903	2152	690	1751	3	1	38	17	231	0,0,0,30,69,0	10171	0	42	169823	125333	69826	133034,133489,135535,148114,147516,142435,142426	0	4	24248,30247,58708,90203,82661,439,0	4	7208
174698	61	86	96	3	6	0	0	0	738	903	2155	656	1791	6	2	38	17	235	0,0,0,30,69,0	10158	0	34	169829	125365	69826	132945,133400,135447,148044,147449,142364,142356	0	4	24248,30247,58708,90203,82670,467,0	5	7203
174727	68	85	100	5	6	0	0	0	692	903	2160	658	1870	3	1	37	19	245	0,0,0,27,72,0	10113	0	37	169833	125406	69826	132854,133309,135356,147974,147381,142294,142285	0	1	24248,30247,58708,90203,82676,505,0	6	7199
174743	63	88	107	5	6	0	0	0	666	903	2165	689	1849	1	2	38	20	249	0,0,0,24,75,0	9944	0	32	169836	125437	69826	132770,133225,135272,147903,147311,142223,142213	0	1	24248,30247,58708,90203,82682,532,0	3	7197
174765	67	92	99	4	8	0	0	0	638	903	2170	671	1959	3	4	41	21	249	0,0,0,24,75,0	10106	0	41	169839	125477	69826	132682,133136,135183,147832,147243,142152,142141	0	2	24248,30247,58708,90203,82687,566,0	2	7195
174783	66	95	93	5	6	0	0	0	619	903	2176	673	1794	0	4	39	23	242	0,0,0,21,78,0	19414	0	35	169846	125507	69826	132606,133060,135109,147770,147183,142090,142079	0	3	24248,30247,58708,90203,82691,599,0	4	7188
174809	60	105	95	6	6	0	0	0	582	903	2180	676	1782	1	1	38	17	255	0,0,0,19,80,0	19548	0	35	169850	125541	69826	132526,132980,135029,147704,147118,142024,142012	0	1	24248,30247,58708,90203,82695,633,0	2	7185
174802	78	100	99	6	7	0	1	0	567	903	2183	664	1956	3	4	36	17	274	0,0,0,17,82,0	10140	0	51	169856	125591	69826	132443,132896,134945,147637,147052,141958,141945	0	6	24248,30247,58708,90203,82700,682,0	4	7179
174787	93	106	103	7	8	0	1	0	551	903	2187	686	1838	4	4	35	20	298	0,0,0,16,83,0	10154	0	56	169866	125642	69826	132366,132820,134868,147579,146995,141901,141886	0	4	24248,30247,58708,90203,82705,737,0	5	7172
174786	89	125	94	8	7	0	1	0	541	903	2192	694	1860	4	1	39	18	306	0,0,0,12,87,0	10199	0	48	169874	125684	69826	132287,132741,134788,147515,146932,141838,141823	0	2	24248,30247,58708,90203,82709,781,0	3	7164
174769	80	132	104	8	5	0	0	1	548	903	2196	722	1924	1	3	41	14	315	0,0,0,12,87,0	10120	0	48	169878	125733	69826	132208,132662,134709,147450,146868,141775,141759	0	2	24248,30247,58708,90203,82712,828,0	2	7160
174755	79	142	106	9	6	0	1	1	541	903	2203	734	1774	1	1	41	13	330	0,0,0,10,89,0	10314	0	42	169883	125778	69826	132131,132585,134632,147383,146802,141710,141692	0	2	24248,30247,58708,90203,82713,877,0	0	7157
174727	97	127	125	11	7	0	1	0	541	903	2207	757	1954	5	3	41	13	355	0,0,0,9,90,0	19415	0	64	169895	125834	69826	132067,132521,134566,147332,146752,141660,141642	0	6	24248,30247,58708,90203,82717,940,0	1	7148
174693	102	135	124	8	7	0	1	0	558	904	2214	773	1760	2	3	46	16	361	0,0,0,8,91,0	19577	0	56	169905	125883	69826	131999,132454,134498,147279,146701,141610,141591	0	2	24248,30247,58708,90203,82721,995,0	1	7139
174659	93	150	135	8	7	0	1	0	569	904	2220	769	2024	8	5	45	16	378	0,0,0,7,92,0	10242	0	61	169912	125941	69826	131923,132378,134421,147219,146642,141553,141533	0	1	24248,30247,58708,90203,82722,1057,0	2	7134
174616	113	148	136	8	12	0	1	0	582	904	2226	763	1981	3	4	49	21	397	0,0,0,6,93,0	10174	0	74	169919	126011	69826	131853,132308,134350,147164,146588,141500,141478	0	4	24248,30247,58708,90203,82727,1127,0	4	7130
174587	126	150	135	9	8	1	1	0	595	904	2230	734	1847	1	8	57	24	406	0,0,0,6,93,0	10368	0	67	169928	126074	69826	131781,132235,134277,147107,146531,141446,141422	0	4	24248,30247,58708,90203,82729,1197,0	6	7122
174534	141	150	152	11	10	1	1	0	605	904	2237	744	1773	3	6	56	24	442	0,0,0,5,94,0	10173	0	83	169938	126152	69826	131712,132167,134207,147054,146479,141396,141371	0	4	24248,30247,58708,90203,82730,1284,0	5	7115
174486	146	175	140	10	11	1	1	0	633	904	2239	750	1896	5	5	56	20	464	0,0,0,4,95,0	10123	0	72	169943	126227	69826	131638,132094,134133,146995,146421,141341,141314	0	2	24248,30247,58708,90203,82731,1363,0	4	7111
174448	142	184	155	10	12	1	1	0	646	904	2243	728	1789	3	7	62	25	480	0,0,0,4,95,0	19552	0	70	169948	126295	69826	131572,132027,134065,146941,146368,141291,141262	0	2	24248,30247,58708,90203,82735,1432,0	3	7106
174404	136	198	170	11	18	1	1	0	654	904	2249	729	1966	5	3	64	23	512	0,0,0,3,96,0	19593	0	79	169957	126369	69826	131513,131968,134006,146892,146320,141245,141214	0	5	24248,30247,58708,90203,82735,1514,0	5	7100
174342	146	207	186	10	13	1	1	0	682	904	2254	698	1942	2	13	77	23	541	0,0,0,3,96,0	10214	0	90	169968	126451	69826	131446,131900,133938,146836,146265,141193,141161	0	0	24248,30247,58708,90203,82739,1602,0	5	7092
174279	169	200	203	10	13	1	1	0	710	904	2256	713	1813	4	5	78	26	571	0,0,0,3,96,0	10188	0	102	169979	126543	69826	131376,131830,133867,146786,146217,141148,141114	0	4	24248,30247,58708,90203,82740,1702,0	5	7083
174197	194	206	231	10	13	1	0	1	727	904	2262	671	1762	2	4	79	29	626	0,0,0,3,96,0	10216	0	107	169993	126640	69826	131317,131771,133807,146744,146176,141111,141075	0	5	24248,30247,58708,90203,82743,1809,0	1	7073
174138	195	226	219	11	17	1	0	1	767	904	2267	656	1761	7	2	75	23	646	0,0,0,2,97,0	10147	0	103	170004	126733	69826	131251,131706,133740,146697,146130,141069,141030	0	5	24248,30247,58708,90203,82744,1910,0	3	7065
174051	201	258	220	11	23	1	0	1	808	904	2268	658	1872	2	7	78	30	684	0,0,0,2,97,0	10155	0	117	170015	126843	69826	131190,131644,133675,146655,146088,141031,140990	0	2	24248,30247,58708,90203,82747,2027,0	3	7056
173988	198	270	242	10	22	0	0	1	841	904	2270	671	1965	6	13	84	29	713	0,0,0,2,97,0	19424	0	111	170031	126942	69826	131132,131586,133617,146618,146052,140999,140955	0	8	24248,30247,58708,90203,82750,2136,0	2	7040
173909	210	293	232	13	21	0	1	1	886	904	2276	679	1799	3	8	91	36	734	0,0,0,2,97,0	19444	0	121	170051	127050	69826	131080,131534,133565,146586,146021,140972,140925	0	5	24248,30247,58708,90203,82751,2259,0	0	7023
173772	257	287	272	19	16	0	1	1	933	904	2284	673	1842	6	5	92	27	825	0,0,0,2,97,0	10269	0	163	170065	127206	69826	131032,131486,133513,146552,145988,140945,140895	0	2	24248,30247,58708,90203,82752,2428,0	1	7012
173664	268	305	303	17	17	1	1	2	977	904	2287	697	1816	5	8	96	26	886	0,0,0,2,97,0	10168	0	144	170083	127337	69826	130976,131430,133454,146523,145961,140922,140870	0	6	24248,30247,58708,90203,82756,2571,0	0	6996
173562	269	340	314	23	10	1	1	1	1030	904	2291	685	2054	7	12	105	30	928	0,0,0,2,97,0	10307	0	151	170101	127476	69826	130924,131379,133400,146489,145927,140895,140839	0	5	24248,30247,58708,90203,82756,2727,0	3	6982
173434	286	389	315	23	14	1	1	1	1083	904	2295	678	2033	10	9	106	39	990	0,0,0,1,98,0	10208	0	181	170125	127640	69826	130880,131335,133354,146467,145908,140882,140822	0	8	24248,30247,58708,90203,82757,2912,0	5	6962
173283	319	399	361	20	21	1	1	1	1141	904	2295	699	1788	6	11	118	45	1077	0,0,0,1,98,0	10271	0	199	170150	127821	69826	130843,131297,133314,146452,145894,140876,140812	0	10	24248,30247,58708,90203,82761,3113,0	2	6942
173154	325	408	396	17	28	1	1	1	1209	904	2302	652	1791	7	8	121	40	1136	0,0,0,1,98,0	19420	0	167	170174	127969	69826	130806,131259,133276,146434,145878,140865,140799	0	13	24248,30247,58708,90203,82766,3279,0	5	6921
173070	277	471	397	17	28	1	0	2	1274	904	2305	667	1739	8	18	143	51	1140	0,0,0,1,98,0	19503	0	157	170190	128118	69826	130754,131207,133224,146405,145851,140844,140773	0	7	24248,30247,58708,90203,82767,3442,0	6	6907
172933	303	478	420	28	31	1	0	2	1338	904	2308	651	2019	12	13	152	57	1204	0,0,0,1,98,0	10474	0	217	170214	128313	69826	130710,131163,133177,146383,145828,140831,140754	0	6	24248,30247,58708,90203,82767,3659,0	11	6887
172751	362	468	471	36	31	1	0	2	1409	904	2311	649	1991	8	17	161	67	1302	0,0,0,1,98,0	10229	0	246	170234	128546	69826	130684,131137,133148,146372,145820,140831,140750	0	7	24248,30247,58708,90203,82770,3907,0	11	6869
172572	403	495	490	33	35	1	0	1	1498	904	2314	628	1957	12	16	171	68	1389	0,0,0,1,98,0	10193	0	257	170271	128769	69826	130663,131117,133125,146375,145825,140845,140759	0	9	24248,30247,58708,90203,82772,4161,0	8	6840
172407	423	526	498	35	33	0	0	1	1600	904	2319	660	1919	9	15	183	61	1454	0,0,0,1,98,0	10191	0	248	170302	128993	69826	130629,131083,133089,146373,145823,140854,140762	0	13	24248,30247,58708,90203,82774,4411,0	10	6815
172211	445	583	500	35	33	0	1	1	1709	904	2324	654	1962	13	17	192	57	1540	0,0,0,1,98,0	10258	0	276	170327	129247	69826	130604,131058,133059,146375,145824,140867,140770	0	12	24248,30247,58708,90203,82775,4688,0	11	6794
172050	447	602	532	29	46	0	1	1	1808	904	2326	631	1859	13	18	208	65	1592	0,0,0,1,98,0	19564	0	261	170363	129477	69826	130580,131035,133033,146387,145835,140890,140786	0	18	24248,30247,58708,90203,82779,4949,0	15	6764
171917	415	638	569	32	45	2	1	1	1894	904	2328	653	1876	11	15	218	72	1630	0,0,0,1,98,0	19355	0	227	170387	129685	69826	130543,130997,132994,146381,145832,140896,140785	0	6	24248,30247,58708,90203,82782,5177,0	11	6743
171665	479	658	604	47	49	2	1	1	2003	904	2333	652	1830	16	24	229	84	1756	0,0,0,1,98,0	10254	0	332	170437	129974	69826	130540,130994,132988,146415,145869,140944,140827	1	12	24248,30247,58708,90203,82786,5510,0	14	6702
171447	548	662	664	43	52	3	0	2	2086	904	2335	665	1936	15	28	258	96	1876	0,0,0,1,98,0	10368	0	343	170473	130286	69826	130525,130979,132970,146433,145889,140978,140853	1	14	24248,30247,58708,90203,82789,5848,0	13	6672
171214	566	702	699	41	58	3	0	2	2219	904	2338	664	1981	14	23	267	99	1970	0,0,0,1,98,0	10356	0	336	170510	130595	69826	130520,130973,132962,146455,145913,141015,140883	1	15	24248,30247,58708,90203,82791,6184,0	17	6641
170961	597	784	718	44	54	3	1	2	2335	904	2343	647	1874	13	28	287	105	2096	0,0,0,1,98,0	10284	0	379	170556	130934	69826	130522,130972,132958,146493,145953,141068,140928	1	11	24248,30247,58708,90203,82800,6556,0	17	6602
170694	632	846	738	52	54	2	1	2	2475	904	2346	667	1798	19	19	294	100	2225	0,0,0,1,98,0	10550	0	394	170584	131305	69826	130517,130967,132948,146522,145984,141116,140967	1	16	24248,30247,58708,90203,82803,6949,0	18	6578
170441	640	870	799	55	51	3	1	2	2627	904	2353	632	1827	21	19	291	94	2325	0,0,0,1,98,0	19621	0	365	170617	131646	69826	130517,130965,132944,146560,146024,141170,141013	1	16	24248,30247,58708,90203,82806,7315,0	22	6547
170239	640	879	855	59	54	2	1	2	2756	904	2355	622	1756	16	32	316	109	2381	0,0,0,1,98,0	19717	0	366	170657	131978	69826	130510,130958,132934,146594,146060,141222,141055	1	19	24248,30247,58708,90203,82810,7677,0	14	6518
169921	713	928	890	69	49	2	1	2	2910	904	2357	623	1991	19	30	339	109	2543	0,0,0,1,98,0	10397	0	467	170715	132393	69826	130529,130976,132948,146653,146123,141303,141126	1	29	24248,30247,58708,90203,82815,8143,0	15	6465
169633	773	962	943	62	59	2	2	2	3039	904	2365	607	1859	26	27	353	119	2684	0,0,0,1,98,0	10436	0	462	170751	132826	69826	130542,130989,132955,146705,146176,141376,141187	1	16	24248,30247,58708,90203,82819,8602,0	11	6435
169267	828	1037	974	66	68	2	2	2	3228	904	2368	609	2036	24	32	378	124	2853	0,0,0,1,98,0	10331	0	531	170821	133294	69826	130581,131026,132986,146795,146269,141489,141289	1	28	24248,30247,58708,90203,82823,9133,0	12	6371
168930	904	1103	1024	67	69	2	3	2	3362	904	2376	593	1901	22	37	398	144	3028	0,0,0,1,98,0	10458	0	542	170872	133791	69826	130605,131049,133005,146862,146339,141582,141369	1	28	24248,30247,58708,90203,82826,9672,0	19	6327
168573	901	1224	1060	75	67	4	2	2	3551	904	2383	600	1921	32	24	402	146	3187	0,0,0,1,98,0	10357	0	537	170920	134289	69826	130639,131080,133032,146935,146414,141679,141452	1	20	24248,30247,58708,90203,82832,10206,0	23	6287
168280	881	1315	1099	72	65	4	3	2	3734	904	2387	599	1959	37	33	429	157	3282	0,0,0,1,98,0	19912	0	519	170984	134750	69826	130665,131105,133054,147011,146491,141778,141537	2	28	24248,30247,58708,90203,82834,10723,0	24	6229
168044	861	1292	1212	88	78	3	5	2	3867	904	2390	600	1927	23	30	449	174	3365	0,0,0,1,98,0	19691	0	480	171038	135189	69826	130674,131111,133056,147080,146563,141871,141614	2	27	24248,30247,58708,90203,82840,11208,0	24	6183
167562	995	1324	1301	100	96	3	5	2	4062	904	2392	629	2039	37	39	475	189	3635	0,0,0,0,99,0	10639	0	698	171115	135818	69826	130739,131175,133112,147198,146681,142018,141746	2	37	24248,30247,58708,90203,82842,11905,0	32	6121
167098	1134	1352	1377	100	80	7	3	4	4294	904	2393	656	1951	32	55	531	197	3856	0,0,0,0,99,0	10533	0	707	171181	136463	69826	130805,131242,133169,147318,146801,142167,141880	2	31	24248,30247,58708,90203,82848,12595,0	30	6064
166655	1148	1470	1432	91	82	8	5	3	4549	904	2399	643	1881	38	30	532	190	4046	0,0,0,0,99,0	10699	0	680	171249	137079	69826	130868,131306,133229,147430,146914,142308,142004	2	30	24248,30247,58708,90203,82851,13268,0	35	6003
166205	1175	1562	1468	92	84	9	5	3	4835	904	2404	638	2015	43	49	551	205	4190	0,0,0,0,99,0	10573	0	699	171334	137707	69826	130943,131379,133298,147565,147051,142473,142153	2	32	24248,30247,58708,90203,82854,13969,0	36	5928
165693	1268	1645	1525	91	85	8	5	3	5111	904	2408	615	1898	41	40	581	213	4414	0,0,0,0,99,0	10681	0	779	171412	138418	69826	131017,131451,133360,147709,147198,142651,142314	2	35	24248,30247,58708,90203,82858,14743,0	35	5859
165352	1222	1637	1675	90	99	8	5	3	5341	904	2410	617	1975	33	40	604	225	4511	0,0,0,0,99,0	19954	0	634	171482	138997	69826	131056,131489,133392,147816,147305,142788,142432	2	31	24248,30247,58708,90203,82860,15380,0	37	5795
164960	1123	1794	1694	94	111	7	6	2	5638	904	2413	614	1968	38	37	608	223	4606	0,0,0,0,99,0	19737	0	685	171567	139602	69826	131123,131555,133452,147947,147437,142949,142575	3	45	24248,30247,58708,90203,82863,16059,0	42	5720
164437	1258	1814	1746	112	108	6	4	3	5937	904	2417	609	1877	38	49	638	216	4832	0,0,0,0,99,0	10539	0	845	171638	140383	69826	131211,131641,133530,148081,147577,143124,142728	3	43	24248,30247,58708,90203,82863,16902,0	51	5660
163904	1415	1794	1779	135	131	7	4	4	6247	904	2422	643	1978	36	68	660	259	5006	0,0,0,0,99,0	10639	0	873	171737	141167	69826	131314,131742,133623,148250,147749,143332,142914	3	38	24248,30247,58708,90203,82867,17763,0	54	5570
163370	1525	1859	1840	122	143	4	5	5	6543	904	2426	616	1984	60	58	694	262	5236	0,0,0,0,99,0	10716	0	897	171844	141973	69826	131413,131839,133710,148431,147932,143554,143112	3	29	24248,30247,58708,90203,82870,18657,0	58	5478
162786	1598	1971	1936	115	144	2	3	7	6853	904	2427	659	1971	41	72	741	283	5486	0,0,0,0,99,0	10824	0	954	171928	142847	69826	131528,131953,133816,148611,148114,143776,143311	3	41	24248,30247,58708,90203,82876,19591,0	57	5410
162289	1589	2128	1965	134	127	1	3	6	7168	904	2432	668	1993	47	61	755	286	5661	0,0,0,0,99,0	10848	0	930	172013	143703	69826	131625,132050,133907,148773,148280,143985,143490	3	44	24248,30247,58708,90203,82881,20519,0	58	5335
161909	1469	2235	2067	136	138	2	3	6	7439	904	2438	638	1907	51	59	803	294	5756	0,0,0,0,99,0	19981	0	815	172106	144435	69826	131694,132118,133970,148915,148424,144167,143644	3	56	24248,30247,58708,90203,82885,21319,0	64	5252
161450	1445	2268	2167	136	147	3	2	6	7776	904	2442	611	2007	62	61	834	302	5866	0,0,0,0,99,0	20122	0	897	172205	145240	69826	131789,132212,134063,149087,148599,144381,143829	4	51	24248,30247,58708,90203,82888,22202,0	51	5162
160795	1660	2206	2283	158	147	3	2	5	8137	904	2446	621	1944	73	69	882	342	6117	0,0,0,0,99,0	10832	0	1102	172299	146256	69826	131930,132347,134192,149280,148796,144627,144048	4	63	24248,30247,58708,90203,82889,23287,0	51	5081
160233	1785	2210	2318	167	139	5	4	4	8528	904	2449	622	1959	61	82	961	382	6246	0,0,0,0,99,0	10933	0	1019	172383	147200	69826	132043,132458,134294,149453,148976,144850,144242	4	40	24248,30247,58708,90203,82894,24280,0	50	5007
159668	1805	2355	2387	176	150	7	5	3	8836	904	2450	657	2008	51	70	1007	384	6501	0,0,0,0,99,0	11074	0	1074	172480	148185	69826	132178,132592,134420,149644,149175,145095,144454	4	61	24248,30247,58708,90203,82897,25333,0	53	4924
159049	1853	2515	2395	173	163	8	6	4	9221	904	2455	645	1965	58	82	1052	393	6720	0,0,0,0,99,0	11138	0	1120	172570	149223	69826	132305,132720,134536,149840,149371,145343,144671	4	55	24248,30247,58708,90203,82900,26430,0	62	4844
158380	1938	2714	2482	165	166	8	7	5	9515	904	2462	618	2031	74	82	1081	394	7086	0,0,0,0,99,0	11191	0	1245	172668	150391	69826	132470,132885,134691,150070,149603,145632,144922	5	58	24248,30247,58708,90203,82905,27669,0	66	4757
157885	1925	2668	2636	179	189	8	7	5	9874	904	2466	608	1891	58	69	1116	395	7217	0,0,0,0,99,0	20422	0	1054	172758	151369	69826	132576,132989,134788,150259,149794,145872,145127	5	56	24248,30247,58708,90203,82909,28705,0	63	4675
157380	1842	2731	2782	200	193	8	9	5	10223	904	2469	596	1992	77	102	1146	432	7333	0,0,0,0,99,0	20398	0	1089	172851	152373	69826	132694,133108,134900,150444,149982,146112,145330	5	67	24248,30247,58708,90203,82914,29767,0	71	4591
156698	1989	2810	2823	201	189	9	10	4	10638	904	2471	580	1961	74	88	1194	443	7588	0,0,0,0,99,0	11216	0	1289	172941	153581	69826	132857,133267,135047,150664,150205,146392,145575	5	61	24248,30247,58708,90203,82915,31024,0	66	4509
156028	2148	2802	2906	202	184	11	9	6	11072	904	2474	572	1933	65	100	1256	445	7817	0,0,0,0,99,0	11308	0	1322	173061	154796	69826	133028,133436,135208,150915,150461,146707,145849	5	50	24248,30247,58708,90203,82921,32319,0	62	4407
155303	2205	2961	2905	208	205	12	7	8	11551	904	2477	576	1929	69	86	1291	433	8070	0,0,0,0,99,0	11179	0	1346	173155	156054	69826	133199,133599,135363,151160,150706,147014,146117	5	69	24248,30247,58708,90203,82924,33635,0	56	4325
154639	2250	3112	2906	242	183	11	6	10	11997	904	2486	578	1966	65	115	1337	446	8264	0,0,0,0,99,0	11298	0	1351	173256	157312	69826	133371,133769,135525,151388,150936,147306,146369	5	69	24248,30247,58708,90203,82924,34935,0	59	4236
153960	2311	3225	3032	237	202	9	4	12	12361	904	2489	615	1918	72	88	1330	447	8573	0,0,0,0,99,0	11377	0	1422	173372	158625	69826	133551,133944,135694,151639,151194,147629,146646	6	66	24248,30247,58708,90203,82924,36316,0	54	4136
153503	2236	3175	3260	246	215	9	4	10	12689	904	2495	617	1933	83	100	1367	460	8685	0,0,0,0,99,0	20665	0	1206	173473	159741	69826	133670,134063,135808,151844,151401,147896,146867	6	84	24248,30247,58708,90203,82924,37497,0	54	4043
153062	2075	3242	3337	254	226	9	8	9	13121	904	2499	639	1950	77	83	1387	465	8686	0,0,0,0,99,0	20532	0	1231	173564	160892	69826	133784,134178,135913,152036,151598,148152,147075	6	70	24248,30247,58708,90203,82925,38683,0	62	3960
152430	2258	3243	3354	260	234	9	7	9	13536	904	2502	637	1948	77	109	1417	487	8878	0,0,0,0,99,0	11553	0	1451	173659	162269	69826	133957,134351,136079,152271,151838,148462,147333	6	76	24248,30247,58708,90203,82926,40106,0	63	3873
151814	2460	3156	3418	266	236	8	8	10	13959	904	2507	650	1996	79	130	1479	513	9039	0,0,0,0,99,0	11634	0	1446	173770	163618	69826	134130,134521,136240,152518,152091,148782,147602	6	67	24248,30247,58708,90203,82930,41506,0	72	3775
151328	2382	3309	3414	249	253	9	10	9	14369	904	2510	651	1983	91	120	1514	535	9091	0,0,0,0,99,0	11491	0	1374	173871	164901	69826	134282,134668,136382,152728,152307,149067,147833	6	71	24248,30247,58708,90203,82930,42822,0	71	3681
150780	2376	3438	3374	238	252	11	7	11	14840	904	2515	651	1987	98	117	1558	543	9153	0,0,0,0,99,0	11478	0	1398	173953	166231	69826	134443,134827,136538,152941,152522,149353,148066	6	76	24248,30247,58708,90203,82931,44173,0	68	3607
150191	2446	3435	3524	250	242	11	6	11	15206	904	2520	667	1955	80	118	1586	547	9367	0,0,0,0,99,0	11622	0	1482	174046	167631	69826	134614,134993,136699,153177,152760,149663,148322	7	76	24248,30247,58708,90203,82932,45585,0	71	3524
149862	2373	3366	3639	248	249	11	9	11	15552	904	2522	631	2000	78	107	1624	546	9349	0,0,0,0,99,0	20852	0	1255	174142	168809	69826	134729,135104,136811,153376,152961,149930,148529	7	75	24248,30247,58708,90203,82935,46798,0	88	3438
149588	2116	3483	3593	255	257	12	11	10	15990	904	2527	632	1952	92	114	1623	535	9192	0,0,0,0,99,0	20842	0	1199	174234	169923	69826	134822,135195,136899,153547,153135,150166,148707	7	66	24248,30247,58708,90203,82936,47939,0	81	3359
149126	2187	3471	3564	263	264	11	14	10	16399	904	2533	614	1938	90	128	1654	560	9214	0,0,0,0,99,0	11794	0	1429	174315	171280	69826	134964,135335,137031,153748,153338,150444,148926	7	79	24248,30247,58708,90203,82936,49305,0	78	3291
148652	2355	3325	3633	260	263	15	12	11	16773	904	2543	620	2002	80	112	1655	560	9303	0,0,0,0,99,0	11852	0	1450	174399	172657	69826	135123,135493,137184,153961,153554,150735,149159	7	67	24248,30247,58708,90203,82937,50690,0	72	3223
148319	2402	3267	3656	271	259	22	12	10	17076	904	2548	662	2034	90	136	1708	566	9323	0,0,0,0,99,0	11846	0	1392	174497	173961	69826	135234,135605,137289,154163,153755,151012,149372	7	70	24248,30247,58708,90203,82938,52014,0	72	3134
147954	2335	3387	3575	273	241	22	14	11	17477	904	2553	657	1930	76	116	1732	559	9288	0,0,0,0,99,0	11815	0	1391	174566	175291	69826	135355,135726,137402,154327,153921,151251,149553	7	68	24248,30247,58708,90203,82941,53313,0	71	3074
147612	2367	3433	3573	245	244	23	13	10	17766	904	2556	652	1939	77	108	1705	527	9371	0,0,0,0,99,0	11847	0	1418	174652	176631	69826	135487,135851,137530,154521,154119,151522,149760	7	63	24248,30247,58708,90203,82942,54635,0	75	2997
147463	2251	3355	3602	256	263	20	10	13	18047	904	2562	621	1981	92	115	1690	512	9245	0,0,0,0,99,0	20956	0	1200	174715	177783	69826	135560,135924,137597,154663,154264,151731,149909	7	68	24248,30247,58708,90203,82943,55760,0	83	2947
147390	2100	3228	3692	259	269	18	7	15	18298	904	2566	624	1897	75	147	1722	561	9012	0,0,0,0,99,0	21038	0	1157	174779	178887	69826	135603,135967,137644,154786,154385,151923,150035	6	64	24248,30247,58708,90203,82943,56851,0	78	2890
147136	2168	3246	3628	265	264	18	11	14	18523	904	2569	628	1938	72	102	1702	543	9057	0,0,0,0,99,0	11749	0	1388	174849	180219	69826	135726,136090,137761,154955,154558,152170,150215	6	66	24248,30247,58708,90203,82944,58147,0	79	2828
