S	E	I1	I2	I3	I4	I5_h	I6_h	R_h	R	D1	D2	H	T	P1	P2	Q	QT	NQ	MUT	HOM	VAC	NI	INF	REINF	BSTR	IMM	HCI	HCE	INFV	INFH	VNI
178141	121	110	43	36	51	5	2	0	235	2	0	206	0	0	0	53	53	315	0,0,0,0,0,0	178744	0	0	368	0	0	605,605,605,605,605,605,605	0	0	0,0,0,0,0,0,0	0	0
178087	86	177	41	36	48	7	3	0	256	2	3	327	296	1	66	111	58	340	0,0,0,0,0,0	12619	0	62	431	0	0	659,659,659,659,659,659,659	0	7	63,0,0,0,0,0,0	8	0
178032	87	206	48	39	50	7	3	0	266	2	6	435	92	0	14	230	62	378	0,0,0,0,0,0	12876	0	68	499	0	0	714,714,714,714,714,714,714	0	6	131,0,0,0,0,0,0	9	0
177966	101	211	65	50	45	8	3	0	286	2	9	498	149	0	18	322	73	410	0,0,0,0,0,0	12962	0	78	577	0	0	784,784,784,784,784,784,784	0	4	209,0,0,0,0,0,0	10	0
177901	114	224	79	48	42	9	4	0	310	2	13	555	248	2	16	388	91	429	0,0,0,0,0,0	25132	0	79	655	1	0	850,850,850,850,850,850,850	0	5	288,0,0,0,0,0,0	12	0
177844	117	234	89	51	46	10	4	0	331	2	18	566	308	0	24	523	137	414	0,0,0,0,0,0	25175	0	68	722	2	0	910,910,910,910,910,910,910	0	9	356,0,0,0,0,0,0	18	0
177749	116	268	107	55	49	14	5	0	360	2	21	584	258	0	10	630	147	467	0,0,0,0,0,0	13319	0	105	826	3	0	1006,1006,1006,1006,1006,1006,1006	0	4	461,0,0,0,0,0,0	20	0
177658	130	290	113	57	47	17	6	0	401	2	25	619	134	0	28	748	176	484	0,0,0,0,0,0	13527	0	100	928	3	0	1101,1101,1101,1100,1100,1100,1100	0	12	563,0,0,0,0,0,0	27	0
177581	136	289	148	62	62	17	6	0	414	2	29	655	260	3	21	1255	210	510	0,0,0,0,0,0	13820	0	104	1033	3	0	1189,1189,1189,1187,1187,1187,1187	0	11	668,0,0,0,0,0,0	35	0
177490	155	297	163	71	63	20	8	0	445	2	32	670	253	0	22	1415	236	541	0,0,0,0,0,0	14249	0	111	1144	3	0	1290,1289,1289,1287,1287,1287,1287	0	5	779,0,0,0,0,0,0	37	0
177381	162	310	155	79	71	19	9	0	518	2	40	672	272	1	23	1490	235	570	0,0,0,0,0,0	14325	0	117	1260	4	0	1407,1406,1406,1401,1401,1401,1401	1	12	895,0,0,0,0,0,0	36	0
177284	182	308	170	82	80	22	7	1	563	3	44	677	307	1	22	1481	247	604	0,0,0,0,0,0	26164	0	119	1379	4	0	1515,1513,1513,1506,1506,1506,1506	1	11	1014,0,0,0,0,0,0	41	0
177218	163	325	186	84	84	23	10	1	600	3	49	671	291	1	36	1814	290	585	0,0,0,0,0,0	26313	0	91	1469	5	0	1597,1594,1594,1583,1583,1583,1583	1	6	1105,0,0,0,0,0,0	44	0
177131	166	333	190	94	88	21	10	2	651	3	57	679	233	4	33	1986	308	594	0,0,0,0,0,0	14811	0	107	1575	7	0	1696,1692,1692,1679,1679,1679,1679	1	11	1213,0,0,0,0,0,0	50	0
177048	166	353	201	95	90	22	13	2	691	4	61	678	257	2	25	1992	302	638	0,0,0,0,0,0	14930	0	120	1694	8	0	1802,1796,1796,1776,1776,1776,1776	1	9	1333,0,0,0,0,0,0	53	0
176957	181	359	201	87	98	24	17	2	752	4	64	681	337	1	38	2091	315	652	0,0,0,0,0,0	14827	0	128	1822	9	0	1917,1909,1909,1884,1884,1884,1884	1	16	1462,0,0,0,0,0,0	65	0
176882	182	380	213	91	99	26	18	2	781	5	67	699	249	2	35	2278	345	664	0,0,0,0,0,0	15184	0	120	1940	11	0	2025,2015,2015,1979,1979,1979,1979	1	10	1582,0,0,0,0,0,0	60	0
176773	197	386	237	82	106	29	22	2	839	5	68	687	260	0	37	2115	347	712	0,0,0,0,0,0	15304	0	141	2081	12	0	2155,2143,2143,2100,2100,2100,2100	1	20	1724,0,0,0,0,0,0	66	0
176690	219	374	239	98	113	31	22	2	881	6	71	664	254	0	31	2070	368	728	0,0,0,0,0,0	26764	0	132	2213	13	0	2274,2259,2259,2205,2205,2205,2205	1	9	1857,0,0,0,0,0,0	69	0
176611	201	397	259	100	119	34	22	1	923	6	73	644	251	2	22	2351	351	781	0,0,0,0,0,0	26852	0	131	2345	14	0	2397,2377,2377,2309,2309,2309,2309	1	15	1989,0,0,0,0,0,0	74	0
176542	207	410	250	119	114	36	21	1	962	9	75	637	216	2	35	2671	367	790	0,0,0,0,0,0	15451	0	137	2480	16	0	2518,2494,2494,2409,2409,2409,2409	1	16	2125,0,0,0,0,0,0	72	0
176426	227	429	268	124	117	34	24	2	1008	9	78	645	233	3	36	2665	386	837	0,0,0,0,0,0	15659	0	178	2656	19	0	2684,2655,2655,2552,2552,2552,2552	1	17	2303,0,0,0,0,0,0	78	0
176324	231	444	290	131	121	38	29	2	1047	10	79	653	227	3	44	2909	388	896	0,0,0,0,0,0	15740	0	163	2820	19	0	2837,2803,2803,2683,2683,2683,2683	2	17	2467,0,0,0,0,0,0	92	0
176181	245	498	296	137	125	35	30	2	1106	12	79	643	321	1	40	2838	383	983	0,0,0,0,0,0	15719	0	207	3026	20	0	3034,2994,2994,2855,2855,2855,2855	2	25	2674,0,0,0,0,0,0	108	0
176036	268	537	314	141	120	33	34	1	1162	12	88	619	250	6	52	2975	428	1019	0,0,0,0,0,0	15720	0	205	3228	24	0	3231,3187,3187,3028,3028,3028,3028	2	24	2879,0,0,0,0,0,0	101	0
175898	297	550	330	133	129	36	33	3	1232	13	92	624	230	2	40	3102	445	1063	0,0,0,0,0,0	27575	0	203	3432	24	0	3425,3375,3375,3196,3196,3196,3196	2	12	3083,0,0,0,0,0,0	109	0
175782	279	575	348	136	132	35	33	3	1312	15	96	603	247	1	43	3388	455	1083	0,0,0,0,0,0	27620	0	183	3616	25	0	3602,3546,3546,3346,3346,3346,3346	2	23	3267,0,0,0,0,0,0	127	0
175619	302	636	330	142	136	39	30	1	1391	20	100	623	302	4	78	3535	521	1094	0,0,0,0,0,0	16261	0	234	3850	25	0	3823,3761,3761,3539,3539,3539,3539	2	25	3501,0,0,0,0,0,0	115	0
175461	350	649	334	143	156	46	31	1	1453	20	102	600	272	6	59	3692	574	1135	0,0,0,0,0,0	16709	0	243	4094	26	0	4057,3987,3987,3738,3738,3738,3738	2	26	3745,0,0,0,0,0,0	122	0
175297	360	684	362	156	167	47	28	2	1513	23	107	611	230	4	64	3952	620	1184	0,0,0,0,0,0	16592	0	243	4336	27	0	4290,4214,4214,3941,3941,3941,3941	3	31	3987,0,0,0,0,0,0	119	0
175144	387	694	373	174	170	52	29	2	1585	24	112	589	236	5	47	4048	631	1248	0,0,0,0,0,0	17080	0	239	4575	28	0	4525,4440,4440,4136,4136,4136,4136	3	28	4227,0,0,0,0,0,0	122	0
175002	388	722	391	172	184	49	31	3	1663	26	115	592	356	3	47	3886	613	1324	0,0,0,0,0,0	16782	0	233	4808	30	0	4750,4657,4657,4322,4322,4322,4322	3	24	4461,0,0,0,0,0,0	119	0
174852	394	728	410	175	185	49	29	4	1770	29	121	582	237	5	56	3981	596	1374	0,0,0,0,0,0	28125	0	236	5045	31	0	4982,4880,4880,4515,4515,4515,4515	3	22	4698,0,0,0,0,0,0	113	0
174737	383	719	459	194	188	56	28	2	1821	31	128	580	260	0	54	4152	626	1401	0,0,0,0,0,0	28425	0	215	5256	35	0	5188,5077,5077,4678,4678,4678,4678	3	10	4909,0,0,0,0,0,0	116	0
174578	361	762	477	204	191	62	33	2	1912	31	133	589	272	1	69	4124	639	1451	0,0,0,0,0,0	17099	0	256	5515	35	0	5439,5318,5318,4886,4886,4886,4886	3	18	5168,0,0,0,0,0,0	117	0
174413	400	767	480	215	187	65	30	2	2016	36	135	577	319	5	87	4555	710	1434	0,0,0,0,0,0	17344	0	269	5785	36	0	5698,5567,5567,5099,5099,5099,5099	3	29	5438,0,0,0,0,0,0	124	0
174291	400	763	493	223	207	60	33	2	2100	36	138	564	266	1	62	4846	728	1451	0,0,0,0,0,0	17550	0	247	6031	38	0	5936,5793,5793,5281,5281,5281,5281	3	27	5685,0,0,0,0,0,0	125	0
174153	393	795	484	235	212	59	31	5	2197	39	143	567	317	5	75	4711	706	1503	0,0,0,0,0,0	17613	0	252	6283	40	0	6184,6029,6029,5475,5475,5475,5475	3	21	5937,0,0,0,0,0,0	126	0
173974	448	825	488	217	217	66	32	5	2289	42	143	566	241	6	78	4857	750	1543	0,0,0,0,0,0	17564	0	317	6595	45	0	6482,6315,6315,5716,5716,5716,5716	3	28	6249,0,0,0,0,0,0	127	0
173842	420	858	515	229	221	69	33	6	2365	44	144	566	292	3	57	4552	759	1586	0,0,0,0,0,0	29222	0	241	6840	45	0	6717,6540,6540,5902,5902,5902,5902	3	12	6494,0,0,0,0,0,0	136	0
173725	397	864	536	245	220	75	33	7	2454	45	145	563	321	3	75	4673	762	1608	0,0,0,0,0,0	28986	0	250	7091	46	0	6956,6766,6766,6081,6081,6081,6081	3	19	6746,0,0,0,0,0,0	142	0
173523	442	901	541	258	247	65	35	6	2535	46	147	536	259	4	73	5031	809	1680	0,0,0,0,0,0	17801	0	349	7440	49	0	7294,7089,7089,6353,6353,6353,6353	4	41	7095,0,0,0,0,0,0	145	0
173350	480	918	560	262	239	66	35	6	2632	46	152	520	281	3	80	5305	843	1717	0,0,0,0,0,0	17676	0	325	7763	53	0	7609,7389,7389,6598,6598,6598,6598	4	36	7419,0,0,0,0,0,0	138	0
173208	490	932	546	256	257	63	38	7	2747	49	153	514	248	3	72	5710	878	1704	0,0,0,0,0,0	18307	0	297	8061	53	0	7895,7660,7660,6813,6813,6813,6813	4	24	7717,0,0,0,0,0,0	129	0
173007	504	959	580	262	264	64	40	7	2851	50	158	528	244	6	91	5491	920	1753	0,0,0,0,0,0	18526	0	342	8404	54	0	8231,7982,7982,7083,7083,7083,7083	4	32	8060,0,0,0,0,0,0	120	0
172861	503	996	579	272	275	68	38	10	2932	52	160	534	303	6	78	6020	902	1829	0,0,0,0,0,0	18557	0	320	8724	55	0	8540,8274,8274,7312,7312,7312,7312	4	29	8380,0,0,0,0,0,0	123	0
172744	489	991	593	304	270	73	38	12	3014	55	163	543	251	8	79	5916	922	1836	0,0,0,0,0,0	29891	0	292	9016	57	0	8824,8539,8539,7514,7514,7514,7514	4	22	8673,0,0,0,0,0,0	131	0
172667	459	977	623	307	276	71	39	13	3086	58	170	537	239	4	88	5896	933	1819	0,0,0,0,0,0	29942	0	269	9285	59	0	9084,8781,8781,7685,7685,7685,7685	4	15	8942,0,0,0,0,0,0	133	0
172451	505	1028	649	303	257	71	42	13	3195	61	171	507	299	5	90	6234	962	1893	0,0,0,0,0,0	19307	0	386	9670	61	0	9460,9139,9139,7981,7981,7981,7981	4	44	9328,0,0,0,0,0,0	140	0
172278	559	1015	647	322	288	72	44	11	3272	63	175	506	344	1	105	6513	998	1949	0,0,0,0,0,0	19116	0	382	10051	64	0	9829,9487,9487,8252,8252,8252,8252	4	44	9709,0,0,0,0,0,0	141	0
172116	544	1038	676	317	303	80	40	11	3374	66	181	502	336	5	91	6714	1023	1975	0,0,0,0,0,0	34829	0	337	10389	66	0	10159,9799,9799,8498,8498,8498,8498	5	32	10047,0,0,0,0,0,0	158	0
171980	538	1070	666	317	307	80	40	12	3483	68	185	487	315	2	96	7160	1044	1974	0,0,0,0,0,0	34861	0	346	10733	68	0	10491,10111,10111,8733,8733,8733,8733	5	29	10391,0,0,0,0,0,0	152	0
171881	525	1061	674	322	304	83	40	12	3585	71	188	478	312	6	82	6889	1015	1994	0,0,0,0,0,0	35184	0	313	11044	71	0	10791,10389,10389,8933,8933,8933,8933	4	34	10702,0,0,0,0,0,0	145	0
171778	509	1030	706	321	319	84	44	12	3679	74	190	459	262	2	80	6909	996	2017	0,0,0,0,0,0	47499	0	308	11349	76	0	11084,10661,10661,9132,9132,9132,9132	4	31	11007,0,0,0,0,0,0	148	0
171725	479	1044	703	319	319	90	51	10	3735	78	193	456	306	7	109	6830	1052	1953	0,0,0,0,0,0	47769	0	289	11636	80	0	11357,10911,10911,9296,9296,9296,9296	4	19	11294,0,0,0,0,0,0	159	0
171671	492	1028	719	307	309	90	55	11	3791	79	194	445	271	5	93	6714	1078	1922	0,0,0,0,0,0	34817	0	312	11944	88	0	11650,11178,11178,9470,9470,9470,9470	4	34	11602,0,0,0,0,0,0	175	0
171629	484	1000	708	320	310	89	58	9	3862	82	195	435	240	6	104	6818	1070	1899	0,0,0,0,0,0	34541	0	281	12222	92	0	11912,11416,11416,9621,9621,9621,9621	4	25	11881,0,0,0,0,0,0	175	0
171547	499	971	733	326	283	81	60	9	3953	87	197	442	246	1	87	6947	1045	1908	0,0,0,0,0,0	34649	0	318	12539	94	0	12215,11696,11696,9814,9814,9814,9814	4	30	12198,0,0,0,0,0,0	166	0
171474	509	968	729	310	288	87	57	12	4025	89	198	419	253	4	94	6941	1039	1909	0,0,0,0,0,0	34722	0	314	12856	95	0	12517,11973,11973,10001,10001,10001,10001	4	32	12515,0,0,0,0,0,0	162	0
171410	479	1014	709	324	305	88	57	13	4057	90	200	414	278	4	93	6885	1061	1915	0,0,0,0,0,0	34753	0	329	13183	99	0	12828,12258,12258,10188,10188,10188,10188	4	30	12842,0,0,0,0,0,0	169	0
171388	457	990	710	331	297	95	60	12	4108	95	203	394	271	5	64	6514	1028	1912	0,0,0,0,0,0	47566	0	277	13458	102	0	13089,12493,12493,10330,10330,10330,10330	4	21	13117,0,0,0,0,0,0	176	0
171360	459	1001	692	331	293	101	55	14	4136	97	207	391	250	1	107	6246	1033	1899	0,0,0,0,0,0	47267	0	295	13746	110	0	13364,12742,12742,10481,10481,10481,10481	4	24	13406,0,0,0,0,0,0	186	0
171301	457	1033	664	331	277	104	57	17	4196	100	209	392	233	4	81	6604	1001	1922	0,0,0,0,0,0	34443	0	307	14057	110	0	13659,13011,13011,10658,10658,10658,10658	4	31	13717,0,0,0,0,0,0	173	0
171255	458	986	670	350	292	95	56	15	4254	104	211	404	281	6	94	6793	1005	1902	0,0,0,0,0,0	33993	0	299	14351	115	0	13935,13263,13263,10817,10817,10817,10817	4	26	14011,0,0,0,0,0,0	180	0
171241	448	1006	645	348	277	91	58	13	4299	106	214	422	250	4	86	6659	981	1892	0,0,0,0,0,0	34469	0	288	14637	119	0	14204,13504,13504,10957,10957,10957,10957	4	27	14299,0,0,0,0,0,0	174	0
171214	473	984	644	345	281	93	55	13	4316	110	218	431	283	4	100	6734	976	1899	0,0,0,0,0,0	34559	0	309	14952	120	0	14503,13774,13774,11119,11119,11119,11119	4	37	14614,0,0,0,0,0,0	178	0
171168	466	986	663	341	283	99	54	13	4337	115	221	429	266	8	98	6847	1047	1845	0,0,0,0,0,0	34742	0	297	15248	123	0	14784,14029,14029,11281,11281,11281,11281	5	35	14910,0,0,0,0,0,0	172	0
171205	450	945	647	325	301	100	57	11	4364	116	225	408	326	7	64	6637	990	1835	0,0,0,0,0,0	47500	0	258	15506	124	0	15024,14240,14240,11382,11382,11382,11382	5	19	15168,0,0,0,0,0,0	179	0
171225	452	902	655	326	286	103	56	11	4379	123	228	424	222	4	93	6829	1005	1775	0,0,0,0,0,0	47602	0	264	15765	130	0	15267,14454,14454,11492,11492,11492,11492	4	22	15428,0,0,0,0,0,0	186	0
171222	457	891	646	316	287	108	53	11	4392	129	234	414	252	4	81	7273	1026	1732	0,0,0,0,0,0	35168	0	287	16050	133	0	15537,14696,14696,11627,11627,11627,11627	4	30	15713,0,0,0,0,0,0	188	0
171215	444	874	662	323	288	100	56	12	4404	130	238	403	281	2	97	7497	1029	1718	0,0,0,0,0,0	35370	0	266	16319	136	0	15789,14921,14921,11753,11753,11753,11753	4	37	15983,0,0,0,0,0,0	196	0
171226	435	899	639	316	270	113	57	10	4406	130	245	393	258	9	74	7261	974	1755	0,0,0,0,0,0	35403	0	277	16595	140	0	16049,15152,15152,11875,11875,11875,11875	4	37	16259,0,0,0,0,0,0	192	0
171212	425	939	631	308	265	107	57	10	4411	133	248	399	303	3	72	7388	974	1758	0,0,0,0,0,0	35314	0	300	16891	144	0	16327,15402,15402,12019,12019,12019,12019	4	31	16555,0,0,0,0,0,0	193	0
171211	412	962	659	291	262	100	57	11	4396	136	249	412	291	5	94	7250	965	1778	0,0,0,0,0,0	35306	0	302	17189	149	0	16605,15649,15649,12156,12156,12156,12156	5	38	16853,0,0,0,0,0,0	187	0
171223	417	938	631	291	265	93	52	14	4429	141	252	398	248	5	77	6957	944	1743	0,0,0,0,0,0	47569	0	262	17451	152	0	16850,15867,15867,12270,12270,12270,12270	5	22	17115,0,0,0,0,0,0	180	0
171275	410	864	649	307	249	97	53	12	4431	145	254	398	268	3	71	7015	912	1717	0,0,0,0,0,0	47771	0	231	17678	158	0	17058,16047,16047,12346,12346,12346,12346	4	19	17343,0,0,0,0,0,0	180	0
171280	438	863	610	278	254	97	51	9	4461	150	255	410	304	2	77	6692	870	1721	0,0,0,0,0,0	34967	0	272	17950	159	0	17311,16272,16272,12466,12466,12466,12466	4	30	17615,0,0,0,0,0,0	176	0
171294	457	858	592	269	254	97	47	10	4458	153	257	419	271	4	93	6627	901	1673	0,0,0,0,0,0	34505	0	273	18221	162	0	17560,16492,16492,12579,12579,12579,12579	4	29	17886,0,0,0,0,0,0	166	0
171330	431	868	576	270	260	94	46	10	4443	160	258	427	287	5	69	6237	874	1671	0,0,0,0,0,0	34074	0	253	18473	165	0	17791,16695,16695,12673,12673,12673,12673	4	21	18138,0,0,0,0,0,0	159	0
171361	399	872	569	266	267	98	49	11	4435	160	259	431	342	5	88	6130	903	1617	0,0,0,0,0,0	34298	0	235	18702	171	0	18001,16878,16878,12758,12758,12758,12758	4	26	18367,0,0,0,0,0,0	155	0
171399	401	873	556	274	248	93	44	8	4418	168	264	426	252	3	74	6349	895	1594	0,0,0,0,0,0	34137	0	255	18956	174	0	18236,17084,17084,12853,12853,12853,12853	4	22	18621,0,0,0,0,0,0	148	0
171441	397	862	526	278	259	93	46	9	4400	168	267	432	226	4	41	6238	835	1626	0,0,0,0,0,0	47184	0	250	19203	179	0	18465,17283,17283,12942,12942,12942,12942	4	21	18868,0,0,0,0,0,0	156	0
171544	377	815	546	267	261	88	45	6	4351	172	274	408	278	2	74	6249	852	1547	0,0,0,0,0,0	47052	0	198	19397	183	0	18643,17431,17431,12977,12977,12977,12977	4	16	19063,0,0,0,0,0,0	159	0
171570	393	807	542	259	261	97	45	6	4319	173	274	425	254	5	76	6066	832	1572	0,0,0,0,0,0	33954	0	266	19657	189	0	18881,17640,17640,13078,13078,13078,13078	4	31	19323,0,0,0,0,0,0	170	0
171645	395	792	566	241	258	93	50	7	4248	175	276	424	237	3	87	5984	863	1532	0,0,0,0,0,0	34236	0	224	19885	192	0	19085,17814,17814,13136,13136,13136,13136	4	22	19551,0,0,0,0,0,0	164	0
171707	401	743	594	244	239	100	44	6	4206	183	279	434	271	5	77	6326	867	1498	0,0,0,0,0,0	34168	0	236	20118	195	0	19297,17997,17997,13207,13207,13207,13207	4	29	19784,0,0,0,0,0,0	161	0
171755	384	756	560	232	242	93	45	8	4202	186	283	434	225	1	54	6217	851	1461	0,0,0,0,0,0	34412	0	216	20330	200	0	19490,18163,18163,13273,13273,13273,13273	4	23	19996,0,0,0,0,0,0	166	0
171841	359	760	551	232	236	86	46	8	4153	190	284	440	298	3	76	6132	837	1433	0,0,0,0,0,0	34250	0	224	20552	202	0	19688,18330,18330,13324,13324,13324,13324	4	20	20218,0,0,0,0,0,0	155	0
171887	352	739	514	214	238	78	49	8	4191	191	285	441	286	7	58	6089	790	1394	0,0,0,0,0,0	46972	0	196	20744	206	0	19861,18480,18480,13382,13382,13382,13382	4	17	20410,0,0,0,0,0,0	158	0
171976	321	695	507	224	248	77	49	9	4158	193	289	446	258	0	53	5776	757	1364	0,0,0,0,0,0	46453	0	175	20912	214	0	20012,18604,18604,13407,13407,13407,13407	4	11	20578,0,0,0,0,0,0	156	0
172073	306	692	488	221	241	70	48	11	4109	197	290	454	262	5	90	5216	765	1301	0,0,0,0,0,0	33543	0	201	21111	219	0	20188,18750,18750,13441,13441,13441,13441	4	20	20777,0,0,0,0,0,0	150	0
172129	308	693	498	224	231	67	44	10	4048	202	292	468	237	1	72	5501	791	1274	0,0,0,0,0,0	33172	0	215	21328	221	0	20381,18916,18916,13502,13502,13502,13502	4	21	20994,0,0,0,0,0,0	153	0
172182	328	669	496	220	239	67	44	10	3992	205	294	470	241	1	75	5740	788	1275	0,0,0,0,0,0	33650	0	234	21560	224	0	20590,19097,19097,13573,13573,13573,13573	4	29	21226,0,0,0,0,0,0	143	0
172262	297	650	506	200	240	62	50	10	3967	207	295	439	234	3	57	5431	773	1232	0,0,0,0,0,0	46712	0	159	21714	229	0	20724,19207,19207,13592,13592,13592,13592	3	13	21380,0,0,0,0,0,0	140	0
172363	279	641	482	189	230	63	50	10	3931	210	298	434	313	2	71	4993	760	1174	0,0,0,0,0,0	46012	0	176	21887	233	0	20876,19332,19332,13611,13611,13611,13611	3	10	21553,0,0,0,0,0,0	139	0
172472	283	601	489	192	222	69	53	11	3841	211	302	432	88	2	49	5142	740	1169	0,0,0,0,0,0	45883	0	169	22056	234	0	21025,19453,19453,13624,13624,13624,13624	3	20	21722,0,0,0,0,0,0	143	0
172553	292	595	473	181	204	65	49	13	3803	214	304	437	234	1	55	5102	714	1145	0,0,0,0,0,0	46051	25	174	22227	238	0	21177,19579,19579,13653,13653,13653,13653	3	18	21893,0,0,0,0,0,0	146	23
172638	296	571	460	174	184	65	49	14	3772	218	305	463	285	1	58	4837	669	1130	0,0,0,0,0,0	33017	25	172	22397	240	0	21325,19701,19701,13676,13676,13676,13676	3	30	22063,0,0,0,0,0,0	139	46
172737	276	557	439	174	167	60	43	13	3748	225	307	435	249	5	52	4899	642	1074	0,0,0,0,0,0	32678	25	150	22543	245	0	21448,19800,19800,13679,13679,13679,13679	3	15	22209,0,0,0,0,0,0	135	67
172857	251	527	413	176	163	57	42	10	3715	226	309	430	262	4	44	4972	604	1025	0,0,0,0,0,0	32963	16	132	22674	248	0	21559,19885,19885,13666,13666,13666,13666	3	15	22340,0,0,0,0,0,0	123	80
172944	244	502	410	185	172	55	46	10	3641	226	311	443	246	3	47	4798	601	1013	0,0,0,0,0,0	32693	29	159	22828	253	0	21693,19995,19995,13682,13682,13682,13682	3	20	22494,0,0,0,0,0,0	123	107
173006	257	491	386	178	169	57	41	12	3607	230	312	453	270	3	53	4578	587	992	0,0,0,0,0,0	32493	34	170	22997	255	0	21841,20120,20120,13716,13716,13716,13716	3	18	22663,0,0,0,0,0,0	124	134
173133	243	478	361	165	158	55	39	12	3555	233	314	446	89	2	40	3997	565	934	0,0,0,0,0,0	38744	30	125	23118	260	0	21942,20197,20197,13695,13695,13695,13695	3	10	22784,0,0,0,0,0,0	122	158
173257	208	454	368	160	155	50	36	13	3491	235	319	449	105	2	51	3925	550	881	0,0,0,0,0,0	38711	120	115	23233	260	0	22050,20280,20280,13679,13679,13679,13679	2	11	22899,0,0,0,0,0,0	113	259
173346	223	443	357	153	147	54	34	15	3414	239	321	433	247	0	50	3752	539	872	0,0,0,0,0,0	27343	133	146	23374	265	0	22180,20386,20386,13690,13690,13690,13690	2	12	23040,0,0,0,0,0,0	113	371
173434	223	440	357	132	142	50	36	14	3351	242	325	431	265	1	51	3651	511	869	0,0,0,0,0,0	26782	123	134	23505	270	0	22299,20483,20483,13695,13695,13695,13695	2	17	23171,0,0,0,0,0,0	107	480
173564	204	422	349	136	145	52	33	15	3254	243	329	446	259	2	40	3582	488	853	0,0,0,0,0,0	26442	119	110	23614	273	0	22393,20553,20553,13668,13668,13668,13668	2	13	23280,0,0,0,0,0,0	111	585
173670	203	449	324	133	132	52	31	16	3158	246	332	465	242	2	44	3396	495	829	0,0,0,0,0,0	26333	145	138	23746	280	0	22514,20650,20650,13665,13665,13665,13665	2	18	23412,0,0,0,0,0,0	100	703
173735	208	445	321	128	135	51	31	13	3094	248	337	469	234	4	46	3310	515	804	0,0,0,0,0,0	26061	125	142	23889	281	0	22651,20766,20766,13691,13691,13691,13691	2	16	23555,0,0,0,0,0,0	98	819
173846	195	434	310	136	128	51	30	12	3016	250	338	456	273	0	35	3254	494	790	0,0,0,0,0,0	37930	118	106	23993	283	0	22744,20837,20837,13673,13673,13673,13673	2	14	23659,0,0,0,0,0,0	100	924
173903	184	421	300	140	131	56	30	13	2976	250	342	452	226	1	29	3256	478	784	0,0,0,0,0,0	38217	160	117	24109	286	0	22883,20959,20959,13704,13704,13704,13704	2	13	23775,0,0,0,0,0,0	106	1053
173980	197	412	306	134	125	62	29	12	2891	253	345	479	94	4	47	3309	484	781	0,0,0,0,0,0	26503	135	133	24242	287	0	23040,21094,21094,13733,13733,13733,13733	2	9	23908,0,0,0,0,0,0	103	1156
174006	216	417	294	127	122	56	29	11	2866	256	346	492	94	0	38	3302	475	786	0,0,0,0,0,0	26463	147	156	24399	287	0	23217,21253,21253,13796,13796,13796,13796	2	20	24065,0,0,0,0,0,0	111	1276
174073	223	431	290	108	129	59	30	12	2785	257	349	489	263	2	37	3116	454	816	0,0,0,0,0,0	26525	160	141	24537	291	0	23375,21390,21390,13831,13831,13831,13831	2	16	24203,0,0,0,0,0,0	101	1402
174128	235	448	301	107	116	63	30	10	2697	260	351	484	216	1	32	2985	429	871	0,0,0,0,0,0	26012	166	157	24691	295	0	23553,21548,21548,13881,13881,13881,13881	2	8	24357,0,0,0,0,0,0	102	1538
174176	240	436	312	116	132	59	30	10	2621	260	354	460	66	2	40	2883	420	905	0,0,0,0,0,0	26150	131	144	24838	296	0	23726,21700,21700,13931,13931,13931,13931	2	8	24504,0,0,0,0,0,0	96	1646
174232	213	449	289	107	127	57	28	8	2612	263	361	486	266	1	29	2901	389	881	0,0,0,0,0,0	37910	151	116	24953	297	0	23867,21824,21824,13963,13963,13963,13963	2	6	24619,0,0,0,0,0,0	92	1779
174288	207	466	303	111	125	55	30	8	2526	263	364	483	246	3	32	2816	388	909	0,0,0,0,0,0	37641	60	144	25097	297	0	24043,21979,21979,14012,14012,14012,14012	2	14	24763,0,0,0,0,0,0	97	1829
174342	213	455	317	104	148	52	29	8	2445	264	369	466	147	2	38	3086	383	935	0,0,0,0,0,0	26298	76	139	25234	299	0	24201,22117,22117,14051,14051,14051,14051	2	17	24900,0,0,0,0,0,0	93	1891
174391	218	441	331	109	146	46	27	10	2393	265	369	469	244	2	45	2924	395	923	0,0,0,0,0,0	26171	64	139	25368	304	0	24358,22256,22256,14091,14091,14091,14091	2	10	25034,0,0,0,0,0,0	93	1937
174423	209	470	311	112	137	48	25	11	2357	268	375	463	89	0	40	2902	408	904	0,0,0,0,0,0	26109	74	132	25500	305	0	24525,22406,22406,14146,14146,14146,14146	2	8	25166,0,0,0,0,0,0	89	1998
174457	201	458	304	121	136	41	23	12	2344	272	377	492	234	2	33	2801	382	902	0,0,0,0,0,0	26162	72	130	25629	306	0	24685,22551,22551,14196,14196,14196,14196	2	14	25295,0,0,0,0,0,0	86	2053
174483	192	459	311	118	141	44	22	12	2310	273	381	483	265	1	49	2841	398	889	0,0,0,0,0,0	26047	73	138	25768	306	0	24847,22696,22696,14250,14250,14250,14250	2	13	25434,0,0,0,0,0,0	84	2106
174524	220	415	309	127	152	48	21	11	2263	274	382	477	250	4	46	2876	416	876	0,0,0,0,0,0	37742	58	133	25900	308	0	25009,22840,22840,14298,14298,14298,14298	2	15	25566,0,0,0,0,0,0	87	2150
174572	205	429	295	116	137	50	22	6	2255	275	384	475	253	4	55	3147	422	832	0,0,0,0,0,0	38068	213	123	26024	309	0	25143,22957,22957,14328,14328,14328,14328	1	8	25690,0,0,0,0,0,0	90	2324
174622	194	428	299	120	132	49	20	6	2214	276	386	468	237	1	37	3270	441	801	0,0,0,0,0,0	26307	197	121	26145	310	0	25277,23073,23073,14355,14355,14355,14355	1	11	25811,0,0,0,0,0,0	87	2476
174656	202	390	275	127	141	45	18	4	2223	278	387	497	252	2	32	3255	427	771	0,0,0,0,0,0	26373	226	115	26260	311	0	25395,23177,23177,14382,14382,14382,14382	1	14	25926,0,0,0,0,0,0	84	2655
174694	213	372	278	125	147	45	15	5	2181	280	391	482	242	0	34	2911	445	750	0,0,0,0,0,0	26098	184	117	26375	313	0	25518,23284,23284,14410,14410,14410,14410	2	16	26041,0,0,0,0,0,0	81	2796
174699	215	393	260	121	138	42	15	5	2179	282	397	502	107	1	45	2921	435	749	0,0,0,0,0,0	25711	214	129	26501	316	0	25661,23414,23414,14463,14463,14463,14463	2	12	26167,0,0,0,0,0,0	70	2961
174700	218	399	278	118	133	41	13	7	2157	283	399	503	230	2	51	2963	452	748	0,0,0,0,0,0	26178	195	141	26640	318	0	25812,23551,23551,14524,14524,14524,14524	2	18	26306,0,0,0,0,0,0	71	3102
174725	203	395	288	104	135	44	14	7	2146	284	401	505	252	2	34	2748	450	733	0,0,0,0,0,0	38077	197	101	26740	320	0	25923,23649,23649,14553,14553,14553,14553	1	3	26407,0,0,0,0,0,0	73	3259
174761	180	379	295	112	133	46	19	6	2125	284	406	500	318	0	37	2795	458	706	0,0,0,0,0,0	37678	176	92	26834	321	0	26104,23818,23818,14612,14612,14612,14612	1	4	26501,0,0,0,0,0,0	76	3412
174807	148	385	283	111	128	44	17	6	2122	285	410	486	290	0	39	2888	430	686	0,0,0,0,0,0	26072	169	92	26923	324	0	26275,23976,23976,14660,14660,14660,14660	1	8	26591,0,0,0,0,0,0	68	3547
174788	170	398	268	104	132	41	14	6	2122	288	415	487	246	1	34	2665	420	707	2,0,0,0,0,0	25728	166	126	27077	329	0	26518,24205,24205,14774,14774,14774,14774	1	5	26713,32,0,0,0,0,0	63	3675
174757	205	421	266	114	121	39	17	6	2094	288	418	488	253	1	36	2754	395	788	7,0,0,0,0,0	26007	177	129	27250	334	0	26762,24436,24436,14896,14896,14896,14896	1	13	26831,91,0,0,0,0,0	60	3809
174723	234	445	261	109	129	40	17	6	2072	289	421	479	95	1	37	2737	391	844	13,0,0,0,0,0	25720	157	135	27428	334	0	27025,24686,24686,15031,15031,15031,15031	1	14	26938,162,0,0,0,0,0	64	3931
174645	265	491	263	115	133	38	17	4	2063	289	423	482	268	4	41	3263	411	911	17,0,0,0,0,0	25849	166	167	27621	340	0	27296,24945,24945,15188,15188,15188,15188	1	9	27063,231,0,0,0,0,0	68	4054
174641	261	482	287	129	134	40	17	2	2037	290	426	511	271	2	34	3325	410	940	21,0,0,0,0,0	38587	182	110	27763	344	0	27517,25154,25154,15286,15286,15286,15286	1	4	27137,302,0,0,0,0,0	71	4198
174590	261	522	299	126	151	40	16	2	2018	292	429	519	228	2	45	3266	415	1000	25,0,0,0,0,0	38513	116	154	27950	345	0	27790,25415,25415,15434,15434,15434,15434	1	10	27234,393,0,0,0,0,0	71	4280
174564	273	519	293	129	160	44	16	2	2021	293	432	528	248	2	50	3364	410	1024	29,0,0,0,0,0	26702	106	166	28112	350	0	28023,25635,25635,15548,15548,15548,15548	1	13	27326,465,0,0,0,0,0	76	4357
174545	281	523	310	145	152	41	19	3	2000	293	434	528	287	1	55	3499	448	1023	32,0,0,0,0,0	26662	138	177	28286	353	0	28265,25864,25863,15661,15661,15661,15661	1	14	27422,545,0,0,0,0,0	81	4456
174503	296	549	298	148	151	41	21	3	2004	294	438	541	229	1	42	3448	460	1044	35,0,0,0,0,0	26697	118	180	28463	358	0	28523,26111,26110,15796,15796,15796,15796	1	11	27520,628,0,0,0,0,0	80	4536
174445	283	613	303	154	156	48	19	3	1984	297	441	509	280	2	53	3671	488	1088	38,0,0,0,0,0	26586	121	203	28662	364	0	28796,26371,26369,15945,15945,15945,15945	1	18	27608,742,0,0,0,0,0	87	4618
174374	281	625	331	162	165	50	19	5	1994	297	443	489	280	3	57	4075	515	1118	40,0,0,0,0,0	27119	118	199	28857	369	0	29056,26622,26619,16094,16094,16094,16094	1	12	27703,845,0,0,0,0,0	94	4704
174275	278	662	347	169	170	53	21	5	2022	298	446	488	235	0	55	4114	548	1152	42,0,0,0,0,0	39001	116	205	29050	381	0	29331,26889,26886,16265,16265,16265,16265	1	12	27791,956,0,0,0,0,0	106	4787
174228	304	625	351	167	186	56	24	5	2049	300	451	484	259	3	54	4289	570	1143	46,0,0,0,0,0	39130	287	182	29231	384	0	29543,27090,27085,16376,16376,16376,16376	1	14	27861,1068,0,0,0,0,0	107	4991
174130	318	643	372	176	187	58	25	6	2076	301	454	481	310	5	64	4420	611	1168	47,0,0,0,0,0	27906	270	241	29468	390	0	29806,27342,27336,16538,16538,16538,16538	1	16	27979,1191,0,0,0,0,0	114	5186
174054	335	641	378	174	194	60	27	4	2120	302	457	496	306	4	78	4966	656	1153	49,0,0,0,0,0	27613	288	217	29682	393	0	30050,27576,27569,16680,16680,16680,16680	1	19	28075,1312,0,0,0,0,0	124	5394
173959	360	647	389	158	198	58	33	4	2177	303	460	499	272	5	57	5000	653	1190	50,0,0,0,0,0	28045	284	229	29905	400	0	30301,27818,27809,16835,16835,16835,16835	1	14	28156,1458,0,0,0,0,0	117	5588
173855	387	659	410	158	199	59	33	4	2216	304	462	500	237	2	53	5186	682	1223	52,0,0,0,0,0	27927	285	237	30135	408	0	30560,28069,28059,16997,16997,16997,16997	1	13	28244,1606,0,0,0,0,0	125	5781
173732	385	740	415	170	202	61	32	2	2235	307	465	506	284	3	55	5219	685	1320	54,0,0,0,0,0	28278	279	281	30408	417	0	30861,28362,28348,17192,17192,17192,17192	1	16	28347,1783,0,0,0,0,0	120	5984
173686	371	749	419	185	202	62	28	3	2263	311	467	512	309	3	52	5148	671	1345	56,0,0,0,0,0	39482	279	209	30614	421	0	31090,28580,28564,17314,17314,17314,17314	1	9	28421,1918,0,0,0,0,0	121	6185
173636	358	746	433	187	231	67	29	6	2271	311	471	521	244	4	62	5212	717	1334	58,0,0,0,0,0	39634	620	211	30821	425	0	31413,28897,28877,17487,17487,17487,17487	1	10	28494,2054,0,0,0,0,0	120	6606
173509	372	782	432	198	219	67	31	5	2343	311	477	523	294	6	78	4842	731	1370	59,0,0,0,0,0	28106	612	263	31069	440	0	31765,29244,29221,17710,17710,17710,17710	1	27	28582,2225,0,0,0,0,0	132	6971
173339	407	814	447	214	233	68	29	5	2388	316	486	518	238	3	77	4893	770	1442	61,0,0,0,0,0	27614	609	308	31364	455	0	32179,29654,29627,17986,17986,17986,17986	2	20	28661,2449,0,0,0,0,0	127	7497
173188	429	830	468	218	255	72	29	5	2446	318	488	486	292	3	76	5365	813	1488	63,0,0,0,0,0	28331	609	295	31655	461	0	32564,30037,30005,18239,18239,18239,18239	2	20	28741,2664,0,0,0,0,0	142	8022
173016	437	908	471	231	253	73	29	6	2513	319	490	474	232	4	72	5240	818	1584	65,0,0,0,0,0	28502	619	334	31985	469	0	32996,30465,30428,18527,18527,18527,18527	2	19	28838,2905,0,0,0,0,0	142	8575
172804	501	951	485	257	261	78	30	6	2557	322	494	477	254	1	72	4938	809	1754	67,0,0,0,0,0	27965	662	380	32343	493	0	33453,30922,30879,18850,18850,18850,18850	2	20	28911,3208,0,0,0,0,0	144	9141
172643	523	952	535	265	264	85	30	7	2619	324	499	454	226	1	84	5015	840	1814	69,0,0,0,0,0	39363	613	321	32656	504	0	33868,31334,31286,19125,19125,19125,19125	2	20	28988,3452,0,0,0,0,0	158	9668
172483	500	1010	534	288	259	83	31	8	2725	325	500	461	253	3	81	5114	855	1850	70,0,0,0,0,0	39585	776	316	32962	514	0	34354,31817,31764,19430,19430,19430,19430	2	12	29063,3690,0,0,0,0,0	166	10359
172246	532	1070	548	297	263	85	32	7	2836	329	501	448	314	6	92	5426	913	1914	72,0,0,0,0,0	28104	807	389	33340	529	0	34886,32348,32289,19796,19796,19796,19796	2	20	29126,4017,0,0,0,0,0	158	11047
172023	543	1099	608	317	286	86	34	9	2907	331	503	455	255	7	87	5610	902	2071	75,0,0,0,0,0	28534	806	410	33732	548	0	35484,32945,32878,20190,20190,20190,20190	2	22	29189,4360,0,0,0,0,0	156	11738
171752	604	1156	611	307	319	86	37	6	3029	332	507	469	285	7	115	5924	956	2164	77,0,0,0,0,0	28642	756	452	34167	569	0	36129,33592,33517,20634,20634,20634,20634	2	27	29258,4742,0,0,0,0,0	164	12382
171462	654	1250	630	337	324	94	33	7	3109	337	509	452	292	4	113	6303	1025	2297	78,0,0,0,0,0	28956	759	477	34626	591	0	36797,34263,34179,21098,21098,21098,21098	2	25	29328,5146,0,0,0,0,0	157	13024
171152	697	1364	655	330	333	89	39	5	3231	337	514	467	251	5	119	6564	1063	2444	80,0,0,0,0,0	29671	815	493	35100	612	0	37489,34958,34865,21586,21586,21586,21586	2	31	29392,5575,0,0,0,0,0	169	13711
170909	712	1367	706	367	353	93	34	9	3339	342	515	475	311	4	95	6292	1108	2524	81,0,0,0,0,0	40769	737	439	35524	629	0	38121,35593,35490,22012,22012,22012,22012	2	23	29449,5955,0,0,0,0,0	186	14325
170744	678	1391	718	379	342	91	44	9	3488	343	519	447	272	7	117	6661	1141	2502	82,0,0,0,0,0	40741	907	391	35900	647	0	38744,36218,36104,22390,22390,22390,22390	2	18	29490,6306,0,0,0,0,0	188	15091
170525	631	1396	782	396	386	96	47	12	3610	345	520	452	298	7	121	6964	1214	2520	83,0,0,0,0,0	45967	882	428	36308	668	0	39396,36872,36748,22806,22806,22806,22806	2	22	29541,6678,0,0,0,0,0	180	15836
170266	652	1425	787	411	409	104	52	10	3755	349	526	446	240	6	154	7619	1333	2507	84,0,0,0,0,0	46607	866	476	36762	691	0	40095,37578,37441,23266,23266,23266,23266	2	25	29589,7102,0,0,0,0,0	178	16539
170012	690	1437	811	406	431	111	52	12	3903	350	531	433	307	8	132	8131	1391	2547	85,0,0,0,0,0	47201	945	485	37230	711	0	40784,38273,38124,23723,23723,23723,23723	2	35	29633,7538,0,0,0,0,0	200	17326
169763	703	1438	874	411	431	112	57	10	4062	351	534	425	244	8	134	8410	1416	2610	86,0,0,0,0,0	47187	903	474	37683	733	0	41465,38965,38800,24171,24171,24171,24171	2	21	29678,7966,0,0,0,0,0	201	18091
169524	696	1464	897	407	423	114	64	11	4256	352	538	395	264	7	138	8568	1432	2633	87,0,0,0,0,0	47580	868	461	38115	764	0	42141,39648,39470,24611,24611,24611,24611	2	34	29724,8378,0,0,0,0,0	203	18786
169424	660	1416	914	422	421	118	68	9	4399	355	540	399	241	9	116	8355	1438	2581	87,0,0,0,0,0	71155	941	358	38458	780	0	42695,40212,40018,24925,24925,24925,24925	2	23	29753,8702,0,0,0,0,0	228	19566
169274	617	1380	925	439	424	122	70	8	4589	358	540	406	244	3	127	7909	1417	2560	88,0,0,0,0,0	70821	628	383	38829	794	0	43359,40887,40678,25321,25321,25321,25321	2	27	29778,9059,0,0,0,0,0	235	20060
169122	651	1353	920	436	442	141	70	6	4698	363	544	397	251	3	132	8384	1407	2606	89,0,0,0,0,0	47109	636	449	39257	817	0	44073,41617,41388,25744,25744,25744,25744	2	33	29805,9476,0,0,0,0,0	233	20557
168956	671	1376	883	452	424	141	70	8	4852	369	544	412	259	5	166	8596	1444	2573	90,0,0,0,0,0	47191	679	438	39673	841	0	44771,42331,42083,26163,26163,26163,26163	3	19	29832,9883,0,0,0,0,0	250	21099
168827	652	1420	872	436	404	140	70	8	4996	375	546	394	308	2	136	8809	1403	2591	90,0,0,0,0,0	47630	628	430	40078	870	0	45472,43051,42781,26572,26572,26572,26572	2	19	29856,10290,0,0,0,0,0	247	21576
168726	660	1417	889	456	406	143	73	11	5038	378	549	390	236	8	126	8481	1375	2669	91,0,0,0,0,0	47756	684	442	40507	887	0	46191,43789,43495,26975,26975,26975,26975	2	20	29887,10703,0,0,0,0,0	248	22123
168555	677	1439	872	449	415	146	72	12	5176	384	549	421	296	8	122	7925	1343	2727	92,0,0,0,0,0	47384	603	458	40934	919	0	46884,44502,44187,27393,27393,27393,27393	2	27	29906,11138,0,0,0,0,0	251	22577
168484	633	1383	880	449	414	136	68	19	5335	390	555	418	315	5	114	7628	1289	2674	92,0,0,0,0,0	70734	631	351	41265	942	0	47523,45159,44823,27740,27740,27740,27740	2	17	29926,11466,0,0,0,0,0	247	23079
168476	611	1325	867	467	422	138	62	20	5405	396	557	384	268	8	122	7870	1298	2594	93,0,0,0,0,0	70887	881	345	41592	962	0	48115,45778,45418,28049,28049,28049,28049	2	25	29933,11799,0,0,0,0,0	251	23787
168375	613	1326	883	453	415	140	63	20	5499	401	558	372	308	6	126	8507	1300	2593	93,0,0,0,0,0	47536	882	392	41962	988	0	48748,46438,46056,28428,28428,28428,28428	2	17	29953,12166,0,0,0,0,0	241	24488
168309	635	1306	856	438	425	155	66	22	5568	405	561	388	297	5	145	8727	1319	2562	93,0,0,0,0,0	47602	865	411	42353	1009	0	49454,47167,46759,28790,28790,28790,28790	2	19	29967,12558,0,0,0,0,0	242	25190
168208	648	1340	836	420	429	153	68	20	5648	410	566	369	334	7	142	8751	1318	2576	94,0,0,0,0,0	47754	887	434	42761	1038	0	50161,47895,47462,29171,29171,29171,29171	2	36	29980,12974,0,0,0,0,0	256	25894
168109	638	1337	853	425	420	157	73	20	5733	413	568	365	257	10	130	8505	1287	2616	94,0,0,0,0,0	47361	940	428	43160	1069	0	50888,48645,48186,29555,29555,29555,29555	2	20	29989,13386,0,0,0,0,0	256	26644
168011	663	1356	838	425	411	158	74	23	5803	415	569	387	271	7	135	8108	1255	2670	95,0,0,0,0,0	47590	857	441	43578	1093	0	51606,49385,48901,29941,29941,29941,29941	2	26	29999,13813,0,0,0,0,0	272	27301
167983	614	1346	855	422	410	160	79	23	5860	421	573	378	267	5	138	7815	1288	2598	95,0,0,0,0,0	70901	847	354	43920	1106	0	52257,50060,49550,30259,30259,30259,30259	2	10	30009,14156,0,0,0,0,0	279	27978
168025	575	1301	810	408	408	164	78	23	5950	427	577	369	245	7	122	7734	1260	2484	95,0,0,0,0,0	70751	1069	309	44214	1121	0	52983,50811,50273,30572,30572,30572,30572	2	14	30014,14457,0,0,0,0,0	276	28828
167986	583	1283	811	443	414	150	76	23	5965	431	581	353	275	5	150	8290	1306	2454	96,0,0,0,0,0	47236	1094	413	44605	1146	0	53801,51658,51090,30977,30977,30977,30977	2	26	30022,14857,0,0,0,0,0	260	29694
168026	590	1281	785	446	423	141	69	25	5938	438	584	351	281	9	129	8440	1293	2442	96,0,0,0,0,0	47480	1117	404	44990	1166	0	54601,52489,51887,31334,31334,31334,31334	2	19	30026,15253,0,0,0,0,0	247	30565
168024	572	1293	813	436	419	137	67	20	5936	443	586	347	265	5	130	8260	1288	2449	96,0,0,0,0,0	47909	1093	389	45362	1185	0	55392,53308,52676,31702,31702,31702,31702	2	21	30033,15634,0,0,0,0,0	234	31403
168048	587	1265	840	427	396	138	74	19	5921	444	587	343	353	4	130	8204	1250	2477	96,0,0,0,0,0	47187	1082	386	45720	1215	0	56171,54119,53454,32054,32054,32054,32054	2	21	30041,16005,0,0,0,0,0	242	32226
168024	605	1288	827	415	387	140	69	16	5935	451	589	346	320	6	139	8044	1243	2488	97,0,0,0,0,0	47410	1080	422	46117	1241	0	56973,54955,54256,32443,32443,32443,32443	2	19	30044,16422,0,0,0,0,0	251	33039
168075	562	1253	812	421	383	131	64	17	5979	456	593	377	260	7	108	7880	1169	2457	97,0,0,0,0,0	70858	1044	316	46409	1266	0	57670,55682,54954,32742,32742,32742,32742	2	9	30049,16729,0,0,0,0,0	246	33849
168211	514	1188	831	411	387	135	64	17	5930	461	597	393	210	8	107	7861	1142	2388	97,0,0,0,0,0	70766	1390	262	46659	1281	0	58421,56469,55706,33022,33022,33022,33022	2	18	30051,16986,0,0,0,0,0	244	34942
168281	505	1130	827	423	390	140	58	20	5906	468	598	382	255	5	116	8068	1125	2348	97,0,0,0,0,0	47258	1359	330	46970	1302	0	59234,57315,56519,33361,33361,33361,33361	2	27	30055,17306,0,0,0,0,0	240	35955
168325	507	1107	837	426	386	138	54	19	5876	472	599	394	249	3	123	8081	1126	2329	98,0,0,0,0,0	47435	1351	344	47287	1329	0	60033,58148,57321,33709,33709,33709,33709	2	27	30059,17639,0,0,0,0,0	239	36972
168382	482	1122	806	413	355	138	56	20	5896	474	602	383	231	4	128	7937	1111	2261	98,0,0,0,0,0	47398	1406	321	47582	1358	0	60843,58990,58131,34051,34051,34051,34051	2	19	30062,17953,0,0,0,0,0	231	38021
168451	506	1108	792	376	340	128	59	19	5888	476	603	406	326	2	106	7202	1079	2230	98,0,0,0,0,0	38884	1379	323	47893	1371	0	61642,59823,58932,34383,34383,34383,34383	2	19	30063,18274,0,0,0,0,0	213	39043
168518	494	1093	784	347	347	131	60	20	5864	481	607	383	328	4	107	7066	1062	2194	98,0,0,0,0,0	38628	1376	314	48180	1399	0	62411,60626,59703,34705,34705,34705,34705	2	16	30065,18579,0,0,0,0,0	215	40050
168610	463	1043	763	363	340	136	57	19	5857	486	609	390	244	8	110	6485	1018	2147	98,0,0,0,0,0	40416	1374	283	48446	1417	0	63169,61416,60462,35007,35007,35007,35007	2	18	30067,18854,0,0,0,0,0	222	41051
168724	423	992	744	324	338	131	56	20	5893	489	612	404	226	6	101	6258	959	2049	98,0,0,0,0,0	40154	1088	235	48665	1433	0	63892,62169,61186,35267,35267,35267,35267	2	16	30067,19084,0,0,0,0,0	218	41814
168855	416	979	699	306	330	129	49	23	5848	498	614	427	291	4	116	6038	924	1984	98,0,0,0,0,0	37328	1065	266	48912	1453	0	64613,62926,61909,35519,35519,35519,35519	2	10	30069,19342,0,0,0,0,0	213	42600
168930	448	957	662	313	322	123	47	21	5807	500	616	437	267	8	100	6390	908	1964	99,0,0,0,0,0	37678	1088	305	49197	1474	0	65377,63722,62674,35820,35820,35820,35820	2	18	30070,19643,0,0,0,0,0	211	43391
169023	432	966	650	305	301	122	44	21	5758	503	621	438	321	5	98	6599	887	1933	99,0,0,0,0,0	38115	1066	275	49448	1500	0	66096,64476,63396,36092,36092,36092,36092	2	22	30071,19917,0,0,0,0,0	203	44107
169134	427	934	695	307	297	121	44	19	5637	506	625	438	258	1	99	6535	867	1958	99,0,0,0,0,0	37781	1058	282	49714	1517	0	66847,65263,64148,36367,36367,36367,36367	2	18	30071,20197,0,0,0,0,0	202	44816
169198	449	936	660	298	302	114	39	22	5593	509	626	418	241	3	97	6215	842	1956	99,0,0,0,0,0	37836	1034	311	50004	1538	0	67586,66035,64888,36659,36659,36659,36659	2	17	30073,20500,0,0,0,0,0	198	45504
169338	434	855	659	303	313	112	35	23	5533	512	629	407	236	6	92	6222	837	1874	99,0,0,0,0,0	40136	1056	221	50214	1552	0	68257,66739,65561,36884,36884,36884,36884	2	18	30073,20721,0,0,0,0,0	193	46252
169506	409	854	650	274	307	105	36	21	5438	514	632	431	311	3	88	6123	822	1813	99,0,0,0,0,0	39910	911	230	50434	1563	0	68918,67438,66225,37083,37083,37083,37083	2	14	30074,20948,0,0,0,0,0	192	46859
169637	373	863	640	253	300	103	38	17	5372	514	636	435	302	9	86	6049	782	1788	99,0,0,0,0,0	30873	909	236	50659	1575	0	69589,68143,66899,37303,37303,37303,37303	2	13	30075,21180,0,0,0,0,0	170	47467
169766	354	848	633	262	291	98	36	16	5283	517	642	434	233	2	90	5972	776	1746	99,0,0,0,0,0	30595	881	231	50876	1591	0	70254,68841,67567,37514,37514,37514,37514	2	15	30075,21410,0,0,0,0,0	171	48044
169889	339	815	633	247	285	92	36	16	5227	519	648	451	337	9	84	5892	736	1711	99,0,0,0,0,0	30732	912	225	51094	1598	0	70913,69533,68228,37728,37728,37728,37728	1	10	30075,21634,0,0,0,0,0	167	48671
170042	330	769	633	241	263	83	35	18	5161	520	651	440	246	3	79	6107	702	1652	99,0,0,0,0,0	30863	934	206	51286	1615	0	71549,70202,68867,37915,37915,37915,37915	1	14	30076,21837,0,0,0,0,0	160	49295
170137	344	750	606	228	250	83	34	18	5119	521	656	424	251	3	78	5388	663	1632	99,0,0,0,0,0	25507	921	232	51504	1629	0	72180,70865,69502,38131,38131,38131,38131	1	12	30077,22065,0,0,0,0,0	152	49916
170309	331	700	579	233	245	77	35	14	5044	522	657	413	247	2	59	5252	622	1578	99,0,0,0,0,0	30937	916	180	51671	1643	0	72790,71508,70115,38294,38294,38294,38294	1	5	30077,22240,0,0,0,0,0	150	50562
170474	302	668	562	240	232	76	35	14	4955	525	663	427	274	5	59	4910	583	1532	99,0,0,0,0,0	31451	1189	172	51836	1653	0	73396,72148,70725,38456,38456,38456,38456	1	7	30077,22413,0,0,0,0,0	134	51359
170612	301	647	539	234	221	69	35	12	4884	527	665	415	271	1	70	4923	575	1471	99,0,0,0,0,0	24685	1212	194	52015	1670	0	74017,72801,71352,38638,38638,38638,38638	1	9	30077,22604,0,0,0,0,0	119	52186
170814	296	603	531	227	212	69	34	11	4755	528	666	408	320	3	74	4733	575	1397	99,0,0,0,0,0	24305	1140	164	52174	1676	0	74611,73431,71951,38778,38778,38778,38778	1	9	30077,22768,0,0,0,0,0	119	53008
171024	271	603	468	228	188	65	35	12	4653	531	668	429	286	0	73	4858	561	1297	99,0,0,0,0,0	24356	1219	155	52321	1684	0	75200,74057,72547,38916,38916,38916,38916	1	8	30077,22922,0,0,0,0,0	101	53863
171184	255	568	478	214	186	60	36	12	4547	532	674	439	300	1	75	4725	587	1210	99,0,0,0,0,0	24269	1261	150	52455	1702	0	75788,74679,73142,39072,39072,39072,39072	1	5	30077,23069,0,0,0,0,0	103	54777
171376	227	547	483	214	173	55	31	11	4419	536	674	450	260	0	56	5113	563	1167	99,0,0,0,0,0	24627	1212	138	52585	1712	0	76360,75283,73720,39206,39206,39206,39206	1	7	30078,23202,0,0,0,0,0	100	55639
171566	193	524	454	195	171	51	31	11	4333	538	679	453	303	1	42	4381	516	1103	99,0,0,0,0,0	29051	1259	108	52688	1719	0	76902,75854,74267,39330,39330,39330,39330	1	12	30078,23311,0,0,0,0,0	89	56511
171765	171	491	432	187	166	48	30	9	4225	542	680	474	269	2	53	4247	481	1044	99,0,0,0,0,0	28522	540	97	52780	1725	0	77593,76576,74966,39517,39517,39517,39517	1	4	30078,23407,0,0,0,0,0	90	56878
171968	174	452	408	180	158	47	32	7	4096	543	681	448	252	2	51	4282	453	998	99,0,0,0,0,0	22928	621	109	52885	1729	0	78284,77300,75665,39708,39708,39708,39708	1	7	30078,23515,0,0,0,0,0	83	57303
172165	173	408	377	175	157	46	33	7	3980	544	681	471	311	4	48	4197	432	937	99,0,0,0,0,0	22907	604	98	52979	1735	0	78958,78007,76350,39889,39889,39889,39889	0	2	30078,23613,0,0,0,0,0	84	57737
172387	145	388	366	164	133	47	33	7	3848	547	681	489	247	2	45	3777	414	862	99,0,0,0,0,0	22946	629	85	53058	1742	0	79648,78731,77050,40071,40071,40071,40071	0	6	30078,23698,0,0,0,0,0	80	58186
172581	158	352	344	139	131	42	32	7	3728	550	682	490	286	1	44	3718	393	805	99,0,0,0,0,0	22475	598	99	53150	1749	0	80363,79479,77775,40277,40277,40277,40277	0	4	30078,23796,0,0,0,0,0	85	58601
172779	149	321	352	122	123	42	29	8	3582	551	688	470	287	2	36	3785	361	777	99,0,0,0,0,0	22530	601	82	53226	1755	0	81043,80192,78466,40469,40469,40469,40469	0	2	30078,23877,0,0,0,0,0	77	59036
172959	137	305	318	118	105	39	26	10	3488	553	688	490	262	3	25	3717	308	740	99,0,0,0,0,0	28243	588	79	53303	1757	0	81726,80901,79158,40674,40674,40674,40674	0	1	30078,23955,0,0,0,0,0	73	59450
173110	112	298	302	100	94	40	25	11	3409	554	691	508	245	1	32	2848	280	691	99,0,0,0,0,0	27843	819	67	53363	1764	0	82116,81314,79557,40722,40722,40722,40722	0	4	30078,24022,0,0,0,0,0	68	60034
173240	123	282	268	104	85	38	23	11	3322	555	695	499	276	2	34	2771	237	686	99,0,0,0,0,0	16240	842	99	53454	1772	0	82556,81777,80003,40799,40799,40799,40799	0	6	30078,24118,0,0,0,0,0	74	60647
173407	124	270	251	102	73	39	24	9	3193	556	698	477	242	2	32	2958	238	645	99,0,0,0,0,0	16672	817	72	53522	1777	0	82981,82228,80435,40847,40847,40847,40847	0	2	30078,24189,0,0,0,0,0	75	61232
173578	104	267	256	94	69	33	22	10	3052	557	704	504	291	3	31	2927	224	621	99,0,0,0,0,0	16711	830	61	53581	1779	0	83386,82654,80848,40890,40890,40890,40890	0	3	30078,24249,0,0,0,0,0	63	61841
173744	87	258	237	88	80	28	21	9	2928	558	708	488	301	3	21	2840	217	582	99,0,0,0,0,0	16609	793	68	53648	1780	0	83776,83066,81245,40929,40929,40929,40929	0	7	30078,24316,0,0,0,0,0	56	62412
173890	99	234	230	83	72	26	19	8	2814	561	710	471	263	1	24	2892	209	554	99,0,0,0,0,0	16464	858	65	53710	1784	0	84170,83480,81646,40981,40981,40981,40981	0	2	30078,24380,0,0,0,0,0	50	63046
174028	97	221	222	63	65	27	17	6	2724	564	712	474	258	1	19	2792	194	518	100,0,0,0,0,0	27092	832	53	53761	1787	0	84566,83895,82050,41034,41034,41034,41034	0	2	30078,24434,0,0,0,0,0	45	63649
174179	98	198	209	58	57	24	16	6	2623	564	714	488	141	0	10	2870	171	489	100,0,0,0,0,0	27011	1042	41	53794	1795	0	84955,84303,82446,41071,41071,41071,41071	0	1	30078,24472,0,0,0,0,0	44	64423
174336	73	202	183	57	54	22	13	6	2516	566	718	476	247	0	20	2398	159	445	100,0,0,0,0,0	16545	1108	37	53831	1796	0	85360,84726,82858,41110,41110,41110,41110	0	1	30078,24509,0,0,0,0,0	37	65228
174457	61	199	162	56	56	20	14	6	2426	566	723	465	328	2	16	2593	149	419	100,0,0,0,0,0	16257	1063	48	53876	1800	0	85756,85138,83260,41154,41154,41154,41154	0	1	30078,24558,0,0,0,0,0	36	65986
174596	69	170	152	57	52	19	15	6	2317	567	726	462	284	1	20	2574	146	388	100,0,0,0,0,0	16024	1073	45	53916	1805	0	86159,85559,83670,41193,41193,41193,41193	0	5	30078,24599,0,0,0,0,0	33	66753
174698	79	153	152	53	54	17	13	7	2221	568	731	464	244	0	13	2167	137	384	100,0,0,0,0,0	16069	1140	45	53955	1811	0	86556,85970,84073,41248,41248,41248,41248	0	2	30078,24643,0,0,0,0,0	33	67552
174827	71	147	135	48	49	16	12	6	2131	569	735	473	238	1	18	1843	119	359	100,0,0,0,0,0	15788	1012	39	53990	1815	0	86972,86403,84497,41300,41300,41300,41300	0	2	30078,24681,0,0,0,0,0	29	68275
174966	58	141	138	46	46	14	11	3	2014	570	739	462	269	1	9	1708	105	349	100,0,0,0,0,0	20985	1125	26	54014	1817	0	87374,86820,84904,41343,41343,41343,41343	0	2	30078,24706,0,0,0,0,0	29	69073
175060	48	146	134	44	44	14	9	5	1932	570	740	470	145	1	11	1412	101	338	100,0,0,0,0,0	20909	341	34	54046	1819	0	87908,87367,85448,41481,41481,41481,41481	0	1	30078,24740,0,0,0,0,0	26	69296
175146	45	146	125	42	39	12	9	4	1865	571	742	506	241	2	7	1270	82	336	100,0,0,0,0,0	12060	340	40	54083	1822	0	88470,87941,86018,41631,41631,41631,41631	0	1	30078,24778,0,0,0,0,0	22	69519
175258	51	133	118	39	41	11	7	4	1768	573	743	523	84	1	13	981	89	311	100,0,0,0,0,0	11866	333	41	54122	1824	0	88998,88484,86554,41741,41741,41741,41741	0	1	30078,24819,0,0,0,0,0	20	69758
175363	47	120	117	38	35	10	6	5	1688	573	744	529	112	0	10	929	86	287	100,0,0,0,0,0	11779	368	30	54151	1825	0	89539,89039,87105,41869,41869,41869,41869	0	1	30078,24848,0,0,0,0,0	15	69999
175464	42	119	117	34	37	10	4	5	1592	574	748	535	97	1	8	710	84	279	100,0,0,0,0,0	11552	308	32	54181	1827	0	90116,89631,87691,42011,42011,42011,42011	0	2	30078,24879,0,0,0,0,0	12	70214
175525	50	116	110	36	35	9	4	5	1529	574	753	553	93	1	10	732	88	272	100,0,0,0,0,0	11536	371	35	54214	1829	0	90659,90183,88242,42157,42157,42157,42157	0	2	30078,24914,0,0,0,0,0	13	70462
175637	43	113	102	35	31	9	4	4	1439	574	755	559	271	0	8	678	78	259	100,0,0,0,0,0	20071	300	25	54236	1832	0	91217,90755,88809,42299,42299,42299,42299	0	1	30078,24939,0,0,0,0,0	16	70655
175722	37	108	101	41	26	10	3	4	1360	575	759	526	105	0	10	826	81	245	100,0,0,0,0,0	20079	328	25	54260	1833	0	91359,90905,88954,42203,42203,42203,42203	0	1	30078,24964,0,0,0,0,0	16	70883
175792	42	101	103	35	26	11	2	4	1295	575	760	529	106	0	9	821	74	246	100,0,0,0,0,0	11466	336	30	54289	1834	0	91527,91083,89127,42125,42125,42125,42125	0	4	30078,24994,0,0,0,0,0	17	71097
175874	45	96	98	32	24	9	2	3	1226	575	762	544	235	0	10	925	70	236	100,0,0,0,0,0	11499	337	29	54314	1838	0	91695,91262,89299,42036,42036,42036,42036	0	1	30078,25021,0,0,0,0,0	14	71329
175942	39	94	94	20	22	7	2	3	1183	575	765	566	285	2	10	977	63	215	100,0,0,0,0,0	11762	325	21	54334	1839	0	91867,91443,89476,41960,41960,41960,41960	0	0	30078,25042,0,0,0,0,0	13	71555
176027	44	86	92	20	16	7	1	4	1105	575	769	609	306	0	7	1087	62	204	100,0,0,0,0,0	11872	319	27	54359	1841	0	92020,91605,89631,41861,41861,41861,41861	0	1	30078,25068,0,0,0,0,0	10	71782
176106	44	70	89	18	15	6	1	4	1045	575	773	585	256	1	4	1124	56	187	100,0,0,0,0,0	12037	320	15	54373	1842	0	92181,91775,89797,41772,41772,41772,41772	0	1	30078,25082,0,0,0,0,0	8	71999
176185	41	67	84	21	10	4	1	3	981	575	774	607	162	0	6	1111	49	179	100,0,0,0,0,0	20394	331	22	54395	1842	0	92322,91926,89942,41677,41677,41677,41677	0	0	30078,25104,0,0,0,0,0	7	72222
176245	39	66	81	19	9	4	1	3	927	575	777	599	258	1	5	1039	47	172	100,0,0,0,0,0	20564	200	15	54409	1843	0	92540,92151,90165,41633,41633,41633,41633	0	0	30078,25118,0,0,0,0,0	7	72363
176293	31	80	72	18	10	3	2	2	880	575	780	607	101	0	4	1018	47	169	100,0,0,0,0,0	11920	177	23	54430	1845	0	92770,92388,90401,41598,41598,41598,41598	0	4	30078,25141,0,0,0,0,0	5	72478
176352	25	84	69	21	13	3	2	2	816	575	784	611	105	0	2	908	46	171	100,0,0,0,0,0	11911	167	17	54444	1848	0	92985,92611,90622,41549,41549,41549,41549	0	1	30078,25156,0,0,0,0,0	6	72590
176409	29	69	81	16	13	2	2	1	762	575	787	615	5219	10	10	971	47	165	100,0,0,0,0,0	11831	188	15	54457	1850	0	93201,92834,90844,41499,41499,41499,41499	0	3	30078,25171,0,0,0,0,0	5	72719
176456	26	65	81	15	15	2	2	1	718	575	790	599	2630	4	4	972	55	151	100,0,0,0,0,0	12010	170	11	54467	1851	0	93407,93046,91055,41448,41448,41448,41448	0	1	30078,25182,0,0,0,0,0	5	72834
176495	31	65	70	17	17	2	2	1	677	575	794	585	1371	2	2	741	55	149	100,0,0,0,0,0	11682	157	24	54491	1851	0	93641,93287,91294,41417,41417,41417,41417	0	1	30078,25206,0,0,0,0,0	6	72936
176532	31	59	57	14	19	2	2	1	654	575	800	591	805	0	5	662	50	134	100,0,0,0,0,0	20101	146	13	54500	1855	0	93865,93517,91524,41387,41387,41387,41387	0	0	30078,25218,0,0,0,0,0	5	73044
176562	26	55	64	10	13	3	2	1	628	575	807	585	503	0	4	521	48	125	100,0,0,0,0,0	19870	166	12	54511	1856	0	94118,93776,91784,41376,41376,41376,41376	0	0	30078,25230,0,0,0,0,0	4	73155
176587	19	55	61	10	14	3	3	1	608	575	810	573	2813	0	1	523	44	121	100,0,0,0,0,0	22089	158	15	54523	1859	0	94371,94034,92046,41370,41370,41370,41370	0	0	30078,25245,0,0,0,0,0	5	73261
176617	21	48	60	9	14	1	2	0	585	576	813	584	2673	1	5	465	40	115	100,0,0,0,0,0	21948	156	13	54535	1860	0	94602,94270,92285,41351,41351,41351,41351	0	0	30078,25258,0,0,0,0,0	3	73367
176650	15	51	54	8	14	1	2	0	560	576	815	602	2083	0	7	463	45	100	100,0,0,0,0,0	22312	196	7	54541	1861	0	94841,94514,92531,41332,41332,41332,41332	0	0	30078,25265,0,0,0,0,0	3	73506
176684	13	53	53	6	13	0	2	0	531	576	815	647	1525	0	3	423	40	100	100,0,0,0,0,0	21898	175	12	54553	1861	0	95091,94770,92791,41327,41327,41327,41327	0	0	30078,25277,0,0,0,0,0	2	73628
176719	12	45	50	9	13	0	2	0	503	576	817	606	989	0	0	415	36	95	100,0,0,0,0,0	21890	177	7	54560	1861	0	95305,94989,93012,41295,41295,41295,41295	0	0	30078,25284,0,0,0,0,0	2	73753
176742	13	42	43	5	15	0	2	0	487	576	821	601	1944	0	2	286	36	84	100,0,0,0,0,0	20031	165	8	54568	1861	0	95551,95239,93267,41297,41297,41297,41297	0	0	30078,25292,0,0,0,0,0	2	73867
176789	12	36	45	6	15	0	2	0	443	576	822	614	2170	0	2	249	30	86	100,0,0,0,0,0	19761	176	8	54576	1861	0	95569,95263,93289,41139,41139,41139,41139	0	0	30078,25300,0,0,0,0,0	3	73976
176823	15	32	32	6	18	1	2	0	418	576	823	636	2176	0	1	240	26	80	100,0,0,0,0,0	21789	165	9	54585	1861	0	95586,95285,93309,40980,40980,40980,40980	0	0	30078,25309,0,0,0,0,0	2	74087
176852	14	26	35	6	16	1	2	0	393	576	825	633	1803	0	4	175	27	73	100,0,0,0,0,0	21980	168	6	54591	1861	0	95604,95306,93329,40817,40817,40817,40817	0	1	30078,25315,0,0,0,0,0	3	74209
176876	11	24	28	9	17	1	2	0	374	576	828	649	1420	0	1	170	27	65	100,0,0,0,0,0	21849	180	6	54596	1862	0	95636,95341,93364,40668,40668,40668,40668	0	1	30078,25321,0,0,0,0,0	3	74329
176894	8	21	28	6	16	2	2	1	363	576	829	614	1861	0	3	204	27	56	100,0,0,0,0,0	21782	192	4	54600	1862	0	95648,95355,93378,40506,40506,40506,40506	0	0	30078,25325,0,0,0,0,0	2	74461
176919	4	25	23	6	11	2	2	1	344	576	833	626	1947	1	5	267	25	48	100,0,0,0,0,0	21831	178	2	54601	1863	0	95675,95384,93408,40356,40356,40356,40356	0	0	30078,25327,0,0,0,0,0	4	74582
176938	5	24	21	5	10	2	2	1	322	576	840	623	1993	0	0	236	23	46	100,0,0,0,0,0	19910	177	4	54605	1863	0	95684,95396,93419,40201,40201,40201,40201	0	0	30078,25331,0,0,0,0,0	4	74692
176953	5	21	19	5	9	2	2	1	308	576	845	615	1847	0	1	214	22	41	100,0,0,0,0,0	19845	101	4	54608	1864	0	95699,95413,93437,40050,40050,40050,40050	0	0	30078,25335,0,0,0,0,0	4	74757
176966	8	21	15	4	7	3	2	1	293	576	850	642	1655	1	1	220	19	41	100,0,0,0,0,0	21821	105	7	54615	1864	0	95714,95431,93455,39900,39900,39900,39900	0	0	30078,25342,0,0,0,0,0	4	74818
176979	9	16	17	4	5	3	2	1	278	576	856	655	1736	1	1	213	14	42	100,0,0,0,0,0	21782	117	3	54618	1864	0	95735,95454,93479,39750,39750,39750,39750	0	1	30078,25345,0,0,0,0,0	5	74891
176999	8	14	19	2	4	3	2	1	262	576	856	625	1843	0	0	208	14	38	100,0,0,0,0,0	21929	106	2	54619	1865	0	95747,95468,93493,39587,39587,39587,39587	0	0	30078,25346,0,0,0,0,0	5	74955
177012	6	11	20	2	6	3	2	1	250	576	857	652	1867	0	2	201	14	36	100,0,0,0,0,0	21697	105	2	54621	1865	0	95766,95488,93514,39429,39429,39429,39429	0	0	30078,25348,0,0,0,0,0	5	75021
177031	7	10	16	2	4	3	0	3	232	576	862	645	1919	0	2	194	12	30	100,0,0,0,0,0	21729	106	4	54624	1866	0	95778,95503,93529,39270,39270,39270,39270	0	0	30078,25352,0,0,0,0,0	3	75093
177040	7	6	17	3	5	3	0	2	224	576	863	628	1815	0	0	180	9	32	100,0,0,0,0,0	19673	122	3	54627	1866	0	95791,95518,93545,39121,39121,39121,39121	0	0	30078,25355,0,0,0,0,0	3	75177
177056	8	5	14	3	4	3	0	1	212	576	864	619	1731	0	0	80	8	29	100,0,0,0,0,0	19681	93	4	54631	1866	0	95753,95482,93509,38936,38936,38936,38936	0	0	30078,25359,0,0,0,0,0	3	75234
177074	7	5	12	2	4	3	0	1	197	576	865	647	1775	0	1	34	5	28	100,0,0,0,0,0	21671	86	0	54631	1866	0	95702,95432,93459,38738,38738,38738,38738	0	0	30078,25359,0,0,0,0,0	3	75288
177090	1	12	8	2	3	2	0	1	185	576	866	654	1903	0	0	32	4	24	100,0,0,0,0,0	21620	95	2	54633	1866	0	95650,95381,93408,38538,38538,38538,38538	0	0	30078,25361,0,0,0,0,0	2	75345
177096	5	12	7	1	2	2	0	1	176	576	868	671	1884	0	0	27	3	26	100,0,0,0,0,0	21522	83	4	54637	1867	0	95605,95337,93364,38346,38346,38346,38346	0	0	30078,25366,0,0,0,0,0	2	75406
177108	6	8	7	1	2	2	0	1	163	576	872	657	1862	1	1	24	3	23	100,0,0,0,0,0	21598	85	1	54638	1867	0	95551,95285,93312,38147,38147,38147,38147	0	1	30078,25367,0,0,0,0,0	2	75458
177113	6	10	8	1	1	2	0	1	151	576	877	668	1803	0	0	21	4	24	100,0,0,0,0,0	21627	83	3	54641	1867	0	95502,95237,93264,37954,37954,37954,37954	0	0	30078,25370,0,0,0,0,0	2	75514
177117	5	10	9	0	3	2	0	1	141	576	882	701	1727	0	0	18	2	27	100,0,0,0,0,0	19525	75	2	54643	1867	0	95458,95194,93221,37766,37766,37766,37766	0	0	30078,25372,0,0,0,0,0	2	75565
177125	4	10	12	0	3	1	0	1	130	576	884	662	1877	1	0	15	2	28	100,0,0,0,0,0	19502	77	3	54646	1867	0	95407,95144,93171,37580,37580,37580,37580	0	1	30078,25375,0,0,0,0,0	1	75609
177132	4	8	11	0	1	1	0	0	123	576	890	659	1871	0	1	17	4	21	100,0,0,0,0,0	21866	77	0	54646	1867	0	95347,95084,93112,37383,37383,37383,37383	0	0	30078,25375,0,0,0,0,0	1	75660
177139	2	9	10	0	2	1	0	0	113	576	894	643	1893	0	0	17	5	19	100,0,0,0,0,0	21670	80	1	54647	1867	0	95288,95026,93055,37185,37185,37185,37185	0	0	30078,25376,0,0,0,0,0	1	75712
177145	3	8	9	2	2	1	0	0	102	576	898	635	1741	0	1	20	7	18	100,0,0,0,0,0	21758	76	2	54649	1867	0	95241,94981,93009,36995,36995,36995,36995	0	0	30078,25378,0,0,0,0,0	1	75755
177148	3	5	7	3	3	0	0	0	99	576	902	632	1765	0	0	18	6	15	100,0,0,0,0,0	21761	82	1	54650	1867	0	95184,94924,92953,36799,36799,36799,36799	0	0	30078,25379,0,0,0,0,0	0	75807
177153	4	4	7	3	2	0	0	0	93	576	904	670	1807	0	2	21	8	12	100,0,0,0,0,0	21622	78	2	54652	1867	0	95133,94873,92903,36606,36606,36606,36606	0	0	30078,25381,0,0,0,0,0	0	75849
177161	3	6	4	2	2	0	0	0	85	576	907	653	1870	0	1	24	8	9	100,0,0,0,0,0	19622	71	2	54654	1867	0	95079,94820,92851,36415,36415,36415,36415	0	1	30078,25383,0,0,0,0,0	0	75896
177166	4	4	3	4	1	0	0	0	78	576	910	690	1898	0	0	23	7	9	100,0,0,0,0,0	19567	80	1	54655	1867	0	95020,94762,92793,36236,36236,36236,36236	0	0	30078,25384,0,0,0,0,0	0	75945
177165	3	6	2	4	1	0	0	0	71	576	918	658	1827	0	0	24	6	10	100,0,0,0,0,0	21709	83	1	54656	1867	0	94963,94706,92738,36051,36051,36051,36051	0	0	30078,25385,0,0,0,0,0	0	75986
177165	5	5	1	4	2	0	0	0	65	576	923	645	1767	0	0	24	6	11	100,0,0,0,0,0	21734	77	3	54659	1867	0	94908,94652,92684,35868,35868,35868,35868	0	0	30078,25388,0,0,0,0,0	0	76030
177166	5	4	1	1	3	0	0	0	64	576	926	620	1806	0	2	29	7	7	100,0,0,0,0,0	21624	87	0	54659	1867	0	94847,94592,92625,35681,35681,35681,35681	0	0	30078,25388,0,0,0,0,0	0	76083
177166	5	4	2	1	1	0	0	0	61	576	930	596	1775	0	1	54	6	7	100,0,0,0,0,0	21563	78	1	54660	1867	0	94797,94541,92576,35500,35500,35500,35500	0	0	30078,25389,0,0,0,0,0	0	76136
177169	5	2	3	1	0	0	0	0	58	576	932	598	1890	0	0	54	5	6	100,0,0,0,0,0	21634	66	0	54660	1867	0	94736,94481,92516,35316,35316,35316,35316	0	0	30078,25389,0,0,0,0,0	0	76169
177169	2	6	2	1	0	0	0	0	54	576	936	586	1836	0	0	49	6	5	100,0,0,0,0,0	19471	86	1	54660	1868	0	94677,94422,92459,35140,35140,35140,35140	0	0	30078,25389,0,0,0,0,0	0	76217
177169	0	6	3	1	0	0	0	0	51	576	940	602	1801	0	0	50	6	4	100,0,0,0,0,0	19348	83	0	54660	1868	0	94601,94347,92384,34960,34960,34960,34960	0	0	30078,25389,0,0,0,0,0	0	76266
177166	0	3	3	3	1	0	0	0	48	576	946	581	1755	0	0	47	5	5	100,0,0,0,0,0	21543	67	0	54660	1868	0	94520,94266,92304,34774,34774,34774,34774	0	0	30078,25389,0,0,0,0,0	0	76305
177165	2	2	3	3	0	0	0	0	46	576	949	582	1725	1	0	43	4	6	100,0,0,0,0,0	21359	64	2	54662	1868	0	94442,94188,92227,34591,34591,34591,34591	0	0	30078,25391,0,0,0,0,0	0	76337
177168	2	2	3	2	0	0	0	0	41	576	952	583	1874	0	0	43	4	5	100,0,0,0,0,0	21440	94	0	54662	1868	0	94362,94108,92148,34402,34402,34402,34402	0	0	30078,25391,0,0,0,0,0	0	76387
177168	1	3	1	2	0	0	0	0	40	576	955	556	1875	0	0	41	4	3	100,0,0,0,0,0	21669	70	0	54662	1868	0	94282,94027,92068,34214,34214,34214,34214	0	0	30078,25391,0,0,0,0,0	0	76430
177162	1	1	2	3	0	0	0	0	40	576	961	592	1803	0	0	41	4	3	100,0,0,0,0,0	21419	58	0	54662	1868	0	94199,93944,91986,34029,34029,34029,34029	0	0	30078,25391,0,0,0,0,0	0	76463
177166	0	2	2	2	0	0	0	0	35	576	963	576	1725	0	0	6	3	3	100,0,0,0,0,0	19396	97	0	54662	1868	0	94128,93874,91916,33849,33849,33849,33849	0	0	30078,25391,0,0,0,0,0	0	76522
177163	0	1	1	2	0	0	0	0	36	576	967	597	1770	0	0	4	1	3	100,0,0,0,0,0	19529	63	0	54662	1868	0	94050,93795,91839,33682,33682,33682,33682	0	0	30078,25391,0,0,0,0,0	0	76556
177160	0	1	1	1	0	0	0	0	34	576	973	610	1781	0	0	4	1	2	100,0,0,0,0,0	21788	62	0	54662	1868	0	93963,93707,91752,33505,33505,33505,33505	0	0	30078,25391,0,0,0,0,0	0	76592
177157	0	1	0	0	0	0	0	0	34	576	978	602	1862	0	0	5	0	1	100,0,0,0,0,0	21606	188	0	54662	1868	126	93874,93618,91664,33330,33330,33330,33330	0	0	30078,25391,0,0,0,0,0	0	76621
177154	0	1	1	0	0	0	0	0	30	576	984	574	1862	0	0	5	0	2	100,0,0,0,0,0	21754	195	1	54663	1868	261	93820,93564,91611,33215,33215,33215,33215	0	0	30078,25392,0,0,0,0,0	0	76653
177152	0	2	1	0	0	0	0	0	27	576	988	574	1758	0	0	5	0	3	100,0,0,0,0,0	21609	190	1	54664	1868	387	93764,93509,91556,33105,33105,33105,33105	0	0	30078,25393,0,0,0,0,0	0	76689
177152	1	1	1	0	0	0	0	0	24	576	991	565	1713	0	0	5	0	3	100,0,0,0,0,0	21669	187	1	54665	1868	515	93704,93449,91497,32989,32989,32989,32989	0	0	30078,25394,0,0,0,0,0	0	76717
177154	1	0	2	0	0	0	0	0	21	576	992	575	1779	0	0	5	0	3	100,0,0,0,0,0	19740	212	0	54665	1868	665	93656,93401,91449,32885,32885,32885,32885	0	0	30078,25394,0,0,0,0,0	0	76753
177153	1	1	2	0	0	0	0	0	18	576	995	572	1818	0	0	5	0	4	100,0,0,0,0,0	19490	207	1	54666	1868	796	93600,93345,91395,32793,32793,32793,32793	0	0	30078,25395,0,0,0,0,0	0	76786
177150	1	2	2	0	0	0	0	0	18	576	997	574	1883	0	0	6	0	5	100,0,0,0,0,0	21263	193	1	54667	1868	926	93541,93286,91337,32691,32691,32691,32691	0	0	30078,25396,0,0,0,0,0	0	76816
177144	0	3	2	0	0	0	0	0	16	576	1005	589	1779	0	0	3	0	5	100,0,0,0,0,0	21482	251	0	54667	1868	1114	93476,93222,91273,32580,32580,32580,32580	0	0	30078,25396,0,0,0,0,0	0	76842
177143	0	2	2	0	0	0	0	0	16	576	1007	607	1777	0	0	0	0	4	100,0,0,0,0,0	21743	275	0	54667	1868	1319	93423,93168,91221,32497,32497,32497,32497	0	0	30078,25396,0,0,0,0,0	0	76885
177141	0	2	2	0	0	0	0	0	14	576	1011	580	1800	0	0	0	0	4	100,0,0,0,0,0	21541	264	0	54667	1868	1509	93379,93125,91178,32427,32427,32427,32427	0	0	30078,25396,0,0,0,0,0	0	76919
177141	0	1	2	0	1	0	0	0	12	576	1013	572	1797	0	0	0	0	4	100,0,0,0,0,0	21731	260	0	54667	1868	1698	93326,93073,91127,32348,32348,32348,32348	0	0	30078,25396,0,0,0,0,0	0	76952
177135	3	0	2	0	1	0	0	0	12	576	1017	575	1855	0	0	0	0	6	100,0,0,0,0,0	19497	263	3	54669	1869	1890	93283,93029,91085,32281,32281,32281,32281	0	0	30078,25399,0,0,0,0,0	0	76985
177129	3	0	1	0	1	0	0	0	13	576	1023	591	1833	0	0	0	0	5	100,0,0,0,0,0	19556	239	0	54669	1869	2074	93242,92988,91045,32230,32230,32230,32230	0	0	30078,25399,0,0,0,0,0	0	77012
177126	1	2	1	0	1	0	0	0	13	576	1026	617	1788	0	1	2	1	4	100,0,0,0,0,0	21908	271	0	54669	1869	2284	93192,92937,90996,32166,32166,32166,32166	0	0	30078,25399,0,0,0,0,0	0	77045
177114	2	2	1	0	1	0	0	0	13	576	1037	608	1736	0	0	2	1	5	100,0,0,0,0,0	21485	254	1	54670	1869	2461	93146,92891,90952,32116,32116,32116,32116	0	0	30078,25400,0,0,0,0,0	0	77092
177115	2	2	1	0	1	0	0	0	11	576	1038	617	1795	0	0	2	1	5	100,0,0,0,0,0	21708	261	0	54670	1869	2655	93098,92842,90905,32044,32044,32044,32044	0	0	30078,25400,0,0,0,0,0	0	77131
177113	2	1	0	0	2	0	0	0	12	576	1040	623	1846	0	0	2	1	4	100,0,0,0,0,0	21630	244	0	54670	1869	2822	93049,92793,90857,31978,31978,31978,31978	0	0	30078,25400,0,0,0,0,0	0	77173
177110	1	2	0	0	1	0	0	0	13	576	1043	636	1856	0	0	2	0	4	100,0,0,0,0,0	21607	224	0	54670	1869	2981	92990,92734,90799,31901,31901,31901,31901	0	0	30078,25400,0,0,0,0,0	0	77207
177105	0	2	1	0	1	0	0	0	13	576	1048	605	1824	0	0	2	0	4	100,0,0,0,0,0	19384	219	0	54670	1869	3143	92937,92681,90748,31826,31826,31826,31826	0	0	30078,25400,0,0,0,0,0	0	77242
177102	1	2	1	0	1	0	0	0	12	576	1051	610	1771	0	0	2	0	5	100,0,0,0,0,0	19573	260	1	54671	1869	3309	92884,92628,90696,31768,31768,31768,31768	0	0	30078,25401,0,0,0,0,0	0	77301
177100	1	1	2	0	1	0	0	0	12	576	1053	626	1759	0	1	3	1	4	100,0,0,0,0,0	21680	240	0	54671	1869	3463	92829,92572,90641,31706,31706,31706,31706	0	0	30078,25401,0,0,0,0,0	0	77358
177097	1	1	2	0	1	0	0	0	11	576	1057	610	1792	0	0	3	1	4	100,0,0,0,0,0	21665	362	0	54671	1869	3739	92773,92515,90587,31640,31640,31640,31640	0	0	30078,25401,0,0,0,0,0	0	77406
177092	0	3	2	0	1	0	0	0	10	576	1062	643	1901	0	0	3	1	5	100,0,0,0,0,0	21554	379	1	54672	1869	4028	92750,92492,90565,31637,31637,31637,31637	0	0	30078,25402,0,0,0,0,0	0	77453
177086	0	1	2	1	1	0	0	0	9	576	1070	619	1813	0	0	1	0	5	100,0,0,0,0,0	21627	340	0	54672	1869	4295	92725,92467,90542,31639,31639,31639,31639	0	0	30078,25402,0,0,0,0,0	0	77495
177083	0	2	1	0	1	0	0	0	11	576	1072	636	1823	0	1	3	1	3	100,0,0,0,0,0	21604	366	1	54673	1869	4573	92691,92432,90508,31625,31625,31625,31625	0	0	30078,25403,0,0,0,0,0	0	77544
177057	13	15	2	0	1	0	0	0	9	576	1073	652	1743	0	0	35	1	30	12,87,0,0,0,0	19562	335	0	54696	1873	4825	92691,92433,90511,31650,31650,31650,31650	0	0	30078,25403,27,0,0,0,0	0	77588
177026	31	23	5	0	0	0	0	0	10	576	1075	656	1836	0	0	36	1	58	6,93,0,0,0,0	19438	468	4	54723	1875	5093	92694,92435,90515,31694,31694,31694,31694	0	0	30078,25404,55,0,0,0,0	0	77690
176991	43	40	4	0	1	0	0	0	9	576	1082	677	1826	1	0	36	1	87	3,96,0,0,0,0	21679	468	6	54753	1876	5366	92697,92439,90519,31739,31739,31739,31739	0	0	30078,25404,86,0,0,0,0	0	77782
176953	48	64	7	2	3	0	0	0	8	576	1085	689	1885	1	1	39	4	120	2,97,0,0,0,0	10160	473	4	54785	1880	5648	92697,92437,90520,31781,31781,31781,31781	0	0	30078,25404,122,0,0,0,0	0	77869
176904	56	89	15	3	2	0	0	0	12	576	1089	675	1843	0	1	42	3	162	2,97,0,0,0,0	10217	431	17	54829	1882	5901	92708,92448,90532,31839,31839,31839,31839	0	0	30078,25405,167,0,0,0,0	0	77955
176846	64	111	25	6	7	0	0	0	16	576	1095	684	1800	0	1	41	4	209	1,98,0,0,0,0	10238	482	24	54876	1887	6197	92711,92451,90537,31882,31882,31882,31882	0	1	30078,25405,219,0,0,0,0	0	78048
176812	56	108	49	12	9	0	0	0	21	576	1103	680	1801	0	3	45	7	227	1,98,0,0,0,0	10268	486	27	54900	1890	6485	92717,92457,90545,31937,31937,31937,31937	0	1	30078,25406,245,0,0,0,0	1	78151
176767	57	119	59	13	7	0	0	0	41	576	1107	662	1895	2	7	62	12	243	1,98,0,0,0,0	19691	496	41	54936	1895	6792	92737,92477,90566,32002,32002,32002,32002	0	1	30078,25406,286,0,0,0,0	0	78243
176740	51	113	72	16	9	0	0	0	57	576	1112	681	1794	0	4	137	17	244	1,98,0,0,0,0	19523	410	24	54959	1896	7108	92771,92510,90601,32091,32091,32091,32091	0	3	30078,25406,310,0,0,0,0	1	78287
176685	57	129	77	20	6	0	0	0	79	576	1117	709	1813	4	4	163	17	272	1,98,0,0,0,0	10421	397	52	55005	1902	7422	92814,92553,90647,32195,32195,32195,32195	0	4	30078,25407,361,0,0,0,0	1	78300
176647	50	133	90	21	7	0	0	0	103	576	1119	699	1876	3	7	243	26	275	1,98,0,0,0,0	10490	361	41	55044	1904	7692	92846,92585,90681,32279,32279,32279,32279	0	1	30078,25407,402,0,0,0,0	1	78338
176610	44	146	95	17	13	1	0	0	118	576	1126	730	1817	1	6	288	35	281	1,98,0,0,0,0	10297	384	41	55076	1913	7979	92872,92611,90709,32343,32343,32343,32343	0	1	30078,25407,443,0,0,0,0	1	78375
176564	57	145	107	16	15	1	0	0	138	576	1127	723	1962	3	6	328	35	306	0,99,0,0,0,0	10525	363	56	55125	1920	8259	92912,92650,90752,32427,32427,32427,32427	0	0	30078,25407,499,0,0,0,0	3	78401
176509	72	132	124	16	13	3	0	0	166	576	1135	742	1880	1	5	429	35	325	0,99,0,0,0,0	10556	371	55	55172	1928	8541	92955,92692,90797,32511,32511,32511,32511	0	3	30078,25407,554,0,0,0,0	4	78433
176460	88	131	129	20	15	3	0	0	185	576	1139	763	1869	3	3	436	36	350	0,99,0,0,0,0	19998	382	58	55226	1933	8842	92993,92730,90838,32597,32597,32597,32597	0	7	30078,25407,613,0,0,0,0	8	78441
176419	83	145	130	22	16	3	0	0	207	576	1145	760	1811	6	7	458	45	354	0,99,0,0,0,0	19738	334	50	55271	1938	9120	93018,92756,90866,32689,32689,32689,32689	0	2	30078,25407,663,0,0,0,0	9	78448
176350	88	170	133	24	15	4	0	0	239	576	1147	754	1775	4	8	477	47	387	0,99,0,0,0,0	10937	313	75	55338	1947	9382	93042,92780,90893,32778,32778,32778,32778	0	2	30078,25407,739,0,0,0,0	7	78441
176298	95	180	142	16	16	3	0	0	268	576	1152	769	1843	3	7	458	50	402	0,99,0,0,0,0	10773	316	63	55399	1949	9641	93071,92808,90924,32857,32857,32857,32857	0	2	30078,25407,802,0,0,0,0	5	78456
176223	110	217	135	24	18	2	0	0	284	576	1157	759	1861	2	4	451	50	456	0,99,0,0,0,0	10691	327	89	55481	1958	9903	93114,92851,90970,32956,32956,32956,32956	0	3	30078,25407,893,0,0,0,0	3	78465
176157	111	229	145	26	27	2	0	0	312	576	1161	781	1983	3	7	530	57	483	0,99,0,0,0,0	10693	305	76	55547	1968	10158	93146,92884,91006,33047,33047,33047,33047	0	1	30078,25408,968,0,0,0,0	4	78469
176086	106	252	154	36	26	2	0	0	344	576	1164	780	1939	1	10	690	65	511	0,99,0,0,0,0	11149	326	85	55625	1976	10436	93181,92918,91043,33137,33137,33137,33137	0	1	30078,25409,1053,0,0,0,0	2	78466
176023	124	247	173	37	27	3	0	0	369	576	1167	782	2002	0	10	701	71	540	0,99,0,0,0,0	20052	326	80	55698	1984	10701	93217,92954,91083,33238,33238,33238,33238	0	1	30078,25409,1133,0,0,0,0	5	78466
175951	120	245	192	51	31	3	0	0	404	576	1173	789	1753	4	9	734	76	566	0,99,0,0,0,0	20330	301	84	55771	1995	10955	93253,92991,91123,33357,33357,33357,33357	0	4	30078,25409,1216,0,0,0,0	9	78455
175847	141	270	198	50	34	3	1	0	449	576	1177	791	2102	4	23	855	97	600	0,99,0,0,0,0	11158	307	118	55875	2010	11213	93310,93048,91183,33492,33492,33492,33492	0	8	30078,25409,1335,0,0,0,0	10	78449
175722	167	312	204	53	38	4	1	0	483	576	1186	788	1813	4	18	1026	118	661	0,99,0,0,0,0	11122	312	139	55982	2043	11475	93380,93118,91258,33645,33645,33645,33645	0	9	30078,25409,1475,0,0,0,0	13	78436
175616	191	333	228	52	42	5	1	0	513	576	1189	772	2036	5	18	1202	142	710	0,99,0,0,0,0	11587	290	130	56098	2058	11716	93452,93190,91334,33790,33790,33790,33790	0	6	30078,25409,1606,0,0,0,0	14	78435
175480	210	377	245	59	39	8	2	0	555	576	1195	761	1839	5	18	1274	155	785	0,99,0,0,0,0	11592	297	159	56239	2077	11959	93528,93266,91415,33952,33952,33952,33952	0	5	30078,25409,1765,0,0,0,0	12	78416
175364	223	393	269	62	47	8	2	0	604	576	1198	769	1998	10	18	1404	163	841	0,99,0,0,0,0	11757	299	147	56371	2092	12212	93606,93344,91497,34101,34101,34101,34101	0	5	30078,25410,1910,0,0,0,0	13	78393
175256	212	419	286	72	46	8	2	0	666	576	1203	748	1953	12	20	1408	190	855	0,99,0,0,0,0	20864	314	135	56491	2108	12470	93681,93419,91576,34255,34255,34255,34255	0	5	30078,25411,2044,0,0,0,0	16	78377
175144	216	418	317	80	46	8	2	0	732	576	1207	748	2020	7	15	1490	197	890	0,99,0,0,0,0	20995	299	140	56613	2126	12717	93784,93521,91685,34443,34443,34443,34443	0	3	30078,25411,2183,0,0,0,0	21	78362
175021	240	435	316	80	55	9	3	0	799	576	1212	781	1872	9	18	1782	191	947	0,99,0,0,0,0	12060	311	171	56760	2150	12988	93910,93645,91817,34651,34651,34651,34651	0	7	30078,25412,2353,0,0,0,0	18	78328
174872	258	469	340	75	67	9	3	0	860	576	1217	745	2119	8	34	1837	224	997	0,99,0,0,0,0	11979	292	183	56923	2170	13246	94041,93775,91954,34875,34875,34875,34875	0	11	30078,25413,2535,0,0,0,0	21	78279
174706	288	496	368	75	55	8	4	0	948	576	1222	764	2031	5	24	2084	233	1061	0,99,0,0,0,0	12370	312	204	57103	2196	13506	94180,93914,92100,35095,35095,35095,35095	0	8	30078,25414,2739,0,0,0,0	22	78242
174535	318	510	395	83	68	10	4	0	1021	576	1226	771	1837	6	23	2117	237	1151	0,99,0,0,0,0	12510	289	215	57287	2227	13753	94334,94069,92263,35335,35335,35335,35335	0	17	30078,25414,2954,0,0,0,0	28	78194
174344	337	605	399	76	70	9	4	0	1094	577	1231	742	2036	27	25	2208	238	1262	0,99,0,0,0,0	12549	312	238	57492	2261	14008	94499,94234,92436,35593,35593,35593,35593	0	16	30078,25415,3192,0,0,0,0	29	78150
174169	360	648	450	82	78	9	5	0	1134	577	1234	739	1876	13	21	2376	263	1369	0,99,0,0,0,0	21896	242	246	57705	2295	14211	94657,94390,92603,35844,35844,35844,35844	1	12	30078,25417,3436,0,0,0,0	26	78076
173994	380	680	486	83	79	9	6	0	1215	577	1237	755	2023	6	31	2439	280	1443	0,99,0,0,0,0	21749	268	237	57929	2312	14428	94796,94529,92749,36071,36071,36071,36071	1	9	30078,25418,3675,0,0,0,0	25	78007
173772	412	743	510	87	77	11	6	0	1309	578	1241	745	2039	16	33	2484	298	1548	0,99,0,0,0,0	12807	312	288	58182	2348	14704	94958,94691,92920,36337,36337,36337,36337	1	11	30078,25418,3964,0,0,0,0	28	77922
173523	450	810	552	96	88	9	7	0	1389	578	1244	742	2014	17	31	2486	335	1677	0,99,0,0,0,0	12796	299	321	58466	2387	14952	95167,94900,93138,36664,36664,36664,36664	1	22	30078,25419,4286,0,0,0,0	32	77851
173284	470	882	605	100	99	9	8	0	1460	578	1251	751	2008	15	36	2827	358	1815	0,99,0,0,0,0	12959	266	325	58750	2430	15180	95369,95104,93351,36971,36971,36971,36971	1	10	30078,25419,4609,0,0,0,0	30	77763
173010	513	936	638	112	117	8	8	0	1569	579	1256	774	1997	9	32	3036	344	1988	0,99,0,0,0,0	13212	295	364	59069	2477	15434	95576,95311,93569,37293,37293,37293,37293	1	13	30078,25419,4974,0,0,0,0	36	77649
172722	541	998	692	126	123	6	9	0	1690	581	1258	747	2057	17	52	3053	381	2114	0,99,0,0,0,0	13389	288	371	59401	2519	15682	95827,95561,93829,37650,37650,37650,37650	1	12	30078,25419,5347,0,0,0,0	29	77562
172436	559	1040	752	135	125	4	10	0	1844	581	1260	760	2040	18	37	3183	396	2229	0,99,0,0,0,0	22465	257	357	59719	2561	15909	96037,95770,94047,37991,37991,37991,37991	1	19	30078,25420,5702,0,0,0,0	42	77433
172136	589	1082	805	136	130	6	9	0	2004	583	1266	731	1936	25	48	3652	420	2337	0,99,0,0,0,0	22683	268	387	60069	2605	16143	96271,96004,94291,38360,38360,38360,38360	1	17	30078,25420,6095,0,0,0,0	42	77296
171829	607	1171	834	151	141	6	8	0	2145	584	1270	731	1903	20	54	4112	452	2466	0,99,0,0,0,0	14453	288	424	60431	2670	16397	96516,96251,94550,38739,38739,38739,38739	1	17	30078,25421,6519,0,0,0,0	36	77179
171460	671	1232	920	162	152	7	7	0	2276	585	1274	691	2068	25	54	4312	515	2636	0,99,0,0,0,0	14222	277	478	60855	2727	16641	96822,96557,94868,39178,39178,39178,39178	1	28	30078,25423,6995,0,0,0,0	35	77030
171055	703	1294	1016	173	173	6	10	1	2451	585	1279	691	1956	22	57	4536	548	2827	0,99,0,0,0,0	14597	317	505	61302	2793	16925	97156,96893,95215,39655,39655,39655,39655	1	14	30078,25426,7504,0,0,0,0	32	76891
170631	797	1372	1063	201	188	8	10	1	2608	585	1282	736	2101	19	71	5331	597	3042	0,99,0,0,0,0	15421	281	572	61811	2857	17172	97524,97260,95597,40183,40183,40183,40183	2	23	30078,25427,8072,0,0,0,0	39	76699
170188	866	1472	1134	200	194	13	10	2	2796	586	1285	710	1970	24	59	5406	603	3286	0,99,0,0,0,0	15891	314	593	62337	2927	17447	97899,97637,95988,40708,40708,40708,40708	2	23	30078,25427,8667,0,0,0,0	38	76508
169811	854	1541	1213	202	207	17	9	2	3013	587	1290	687	1953	36	68	5398	640	3403	0,99,0,0,0,0	24625	328	521	62790	2996	17739	98209,97949,96314,41187,41187,41187,41187	2	28	30078,25428,9181,0,0,0,0	47	76308
169491	833	1635	1233	208	227	19	9	2	3204	588	1297	677	2004	27	81	5818	709	3455	0,99,0,0,0,0	24566	321	512	63244	3057	18018	98516,98258,96640,41645,41645,41645,41645	2	16	30078,25429,9688,0,0,0,0	60	76109
169023	888	1710	1321	206	237	19	14	2	3438	588	1300	684	2023	26	83	6397	785	3610	0,99,0,0,0,0	16665	309	642	63810	3138	18298	98930,98672,97072,42222,42222,42222,42222	2	27	30078,25430,10332,0,0,0,0	57	75880
168568	955	1768	1383	219	254	20	14	2	3670	589	1304	646	2129	24	72	6657	828	3785	0,99,0,0,0,0	16907	321	645	64370	3230	18584	99334,99077,97496,42799,42799,42799,42799	2	28	30078,25430,10980,0,0,0,0	64	75648
168051	1033	1882	1432	235	269	25	14	3	3908	589	1305	655	1966	39	74	6835	857	4033	0,99,0,0,0,0	17302	308	736	65020	3322	18860	99800,99545,97983,43435,43435,43435,43435	3	35	30078,25431,11715,0,0,0,0	64	75384
167496	1126	2001	1526	225	294	27	17	3	4132	591	1308	644	2044	35	93	7160	909	4307	0,99,0,0,0,0	17263	295	778	65706	3423	19118	100301,100045,98506,44114,44114,44114,44114	3	16	30078,25432,12498,0,0,0,0	70	75113
166998	1139	2107	1627	251	307	28	17	3	4365	592	1312	632	2022	42	86	7698	946	4530	0,99,0,0,0,0	17865	301	737	66352	3520	19390	100750,100495,98978,44735,44735,44735,44735	3	29	30078,25433,13234,0,0,0,0	74	74827
166549	1132	2207	1677	266	310	30	18	3	4642	594	1318	610	1913	32	83	7269	957	4683	0,99,0,0,0,0	26310	321	702	66977	3602	19666	101175,100920,99426,45340,45340,45340,45340	3	43	30078,25434,13935,0,0,0,0	74	74519
166128	1101	2284	1828	279	311	31	20	3	4845	596	1320	627	2076	45	90	7183	1015	4839	0,99,0,0,0,0	26035	322	723	67616	3696	19942	101602,101346,99879,45931,45931,45931,45931	3	36	30078,25435,14658,0,0,0,0	66	74210
165656	1139	2296	1894	293	311	36	20	1	5179	598	1323	635	1970	41	99	7552	1040	4949	0,99,0,0,0,0	27082	292	752	68267	3803	20201	102034,101779,100337,46547,46547,46547,46547	3	42	30078,25435,15411,0,0,0,0	77	73883
165205	1198	2265	1948	333	334	37	19	1	5484	599	1323	627	2024	30	119	8066	1105	5029	0,99,0,0,0,0	27752	322	757	68942	3891	20486	102475,102222,100806,47158,47158,47158,47158	4	35	30078,25436,16168,0,0,0,0	88	73553
164815	1172	2291	1973	354	367	37	16	2	5789	603	1327	657	1992	57	122	8171	1133	5077	0,99,0,0,0,0	27902	299	725	69576	3989	20743	102892,102639,101251,47737,47737,47737,47737	4	45	30078,25437,16894,0,0,0,0	87	73237
164376	1156	2376	2037	371	378	40	14	2	6059	605	1332	652	1990	46	126	8325	1209	5163	0,99,0,0,0,0	28114	351	768	70247	4092	21057	103320,103071,101711,48335,48335,48335,48335	4	46	30078,25438,17660,0,0,0,0	95	72897
163987	1179	2405	2092	359	368	43	18	2	6350	605	1338	654	1989	59	121	8586	1254	5210	0,99,0,0,0,0	28598	279	767	70902	4205	21291	103762,103513,102185,48936,48936,48936,48936	4	33	30078,25442,18410,0,0,0,0	99	72572
163701	1123	2353	2141	387	364	46	20	2	6661	607	1341	656	1910	47	102	8652	1237	5197	0,99,0,0,0,0	27171	320	668	71486	4290	21564	104107,103859,102563,49405,49405,49405,49405	4	45	30078,25445,19070,0,0,0,0	109	72260
163366	1096	2358	2190	379	383	42	21	2	6955	609	1345	634	2072	50	124	8440	1232	5237	0,99,0,0,0,0	27412	319	736	72131	4386	21839	104527,104281,103018,49957,49957,49957,49957	5	45	30078,25448,19802,0,0,0,0	118	71938
163015	1144	2367	2198	400	390	43	29	1	7203	610	1346	616	2023	48	148	9329	1315	5256	0,99,0,0,0,0	28990	272	796	72814	4505	22072	104957,104711,103485,50529,50529,50529,50529	5	48	30078,25449,20594,0,0,0,0	114	71577
162573	1217	2393	2211	394	406	50	28	1	7512	613	1348	618	1895	54	124	10110	1327	5372	0,99,0,0,0,0	20249	528	832	73514	4640	22555	105424,105180,103986,51135,51135,51135,51135	5	51	30078,25450,21419,0,0,0,0	119	71247
162161	1264	2461	2194	391	410	51	25	2	7818	617	1352	611	1962	56	138	10225	1356	5440	0,99,0,0,0,0	20536	523	842	74244	4759	23030	105958,105716,104556,51848,51848,51848,51848	5	41	30078,25453,22258,0,0,0,0	115	70899
161762	1321	2488	2223	416	418	56	26	2	8060	619	1355	626	1936	46	131	9790	1362	5586	0,99,0,0,0,0	20325	489	858	74968	4900	23473	106503,106262,105141,52566,52566,52566,52566	5	48	30078,25454,23111,0,0,0,0	110	70566
161357	1374	2573	2184	408	405	55	24	3	8383	622	1358	582	1981	49	139	9611	1361	5662	0,99,0,0,0,0	19853	515	876	75722	5027	23944	107054,106812,105730,53275,53275,53275,53275	5	40	30078,25456,23981,0,0,0,0	112	70204
161052	1365	2561	2257	418	418	55	26	3	8602	623	1366	560	2038	40	119	9228	1339	5761	0,99,0,0,0,0	27675	496	764	76379	5140	24396	107531,107290,106246,53905,53905,53905,53905	5	38	30078,25457,24739,0,0,0,0	107	69869
160838	1269	2635	2298	432	409	55	29	4	8784	623	1370	583	2024	58	122	8485	1320	5807	0,99,0,0,0,0	27476	514	760	77016	5268	24840	107983,107741,106742,54477,54477,54477,54477	5	40	30078,25461,25487,0,0,0,0	120	69560
160445	1254	2695	2341	437	415	58	31	3	9067	625	1375	559	1965	52	127	9008	1347	5884	0,99,0,0,0,0	19022	476	896	77777	5406	25252	108546,108303,107346,55183,55183,55183,55183	5	43	30078,25463,26373,0,0,0,0	119	69231
160051	1350	2724	2337	449	419	58	32	2	9319	628	1377	549	2000	43	159	9216	1372	5997	0,99,0,0,0,0	19231	687	935	78566	5560	25875	109110,108868,107953,55895,55895,55895,55895	6	45	30078,25467,27295,0,0,0,0	133	68859
159618	1445	2760	2391	445	444	59	29	3	9542	631	1379	581	1933	41	145	8752	1377	6196	0,99,0,0,0,0	19578	648	966	79375	5723	26458	109750,109509,108637,56726,56726,56726,56726	6	39	30078,25470,28245,0,0,0,0	122	68490
159275	1458	2781	2411	485	430	57	32	3	9797	634	1383	576	1969	67	154	8526	1383	6271	0,99,0,0,0,0	19218	682	923	80154	5873	27071	110349,110110,109285,57479,57479,57479,57479	6	59	30078,25474,29162,0,0,0,0	126	68130
158886	1455	2835	2442	496	442	58	32	5	10071	639	1385	572	2066	57	136	8688	1399	6361	0,99,0,0,0,0	19082	670	942	80946	6031	27679	110979,110742,109962,58276,58276,58276,58276	6	46	30078,25474,30101,0,0,0,0	128	67770
158667	1406	2875	2540	510	428	56	33	6	10195	642	1388	573	1943	67	163	9333	1461	6387	0,99,0,0,0,0	27724	639	861	81680	6162	28259	111532,111294,110565,58956,58956,58956,58956	6	54	30078,25475,30954,0,0,0,0	126	67407
158363	1396	2870	2540	539	461	57	29	6	10446	647	1392	538	2017	54	140	9672	1535	6357	0,99,0,0,0,0	28179	688	872	82410	6307	28884	112093,111855,111171,59671,59671,59671,59671	6	40	30078,25477,31815,0,0,0,0	129	67041
158067	1407	2885	2619	529	469	57	31	6	10632	649	1395	525	1972	58	182	10220	1591	6406	0,99,0,0,0,0	20213	721	943	83201	6461	29525	112718,112482,111846,60435,60435,60435,60435	6	50	30078,25478,32741,0,0,0,0	119	66681
157762	1385	2974	2632	536	456	55	35	5	10857	651	1398	539	1918	65	170	10596	1611	6462	0,99,0,0,0,0	20555	875	962	83995	6634	30339	113338,113104,112519,61189,61189,61189,61189	6	49	30078,25480,33685,0,0,0,0	123	66312
157473	1397	2996	2645	508	461	54	31	5	11118	656	1402	531	1981	56	173	10771	1614	6478	0,99,0,0,0,0	20986	868	946	84779	6801	31133	114002,113770,113236,62018,62018,62018,62018	6	54	30078,25485,34614,0,0,0,0	113	65947
157222	1392	2993	2685	487	496	59	29	6	11314	658	1405	542	2039	53	155	10924	1598	6543	0,99,0,0,0,0	21047	881	918	85545	6957	31940	114636,114407,113924,62794,62794,62794,62794	6	50	30078,25487,35519,0,0,0,0	120	65590
157067	1406	2903	2745	492	531	59	26	6	11442	662	1407	528	1933	54	161	10786	1635	6527	0,99,0,0,0,0	21076	893	879	86276	7112	32768	115239,115013,114584,63513,63513,63513,63513	6	33	30078,25490,36389,0,0,0,0	122	65248
156919	1366	2874	2749	510	520	63	30	4	11641	663	1407	542	2032	56	155	10425	1603	6509	0,99,0,0,0,0	28912	865	821	86983	7232	33558	115834,115608,115229,64240,64240,64240,64240	6	47	30078,25493,37201,0,0,0,0	117	64889
156824	1327	2844	2781	494	525	65	29	5	11774	669	1409	542	2001	65	153	10470	1630	6435	0,99,0,0,0,0	28948	1001	834	87643	7417	34379	116370,116147,115823,64903,64903,64903,64903	6	42	30078,25494,38021,0,0,0,0	126	64586
156568	1349	2887	2751	495	552	65	34	7	11956	669	1413	551	1965	47	178	10626	1734	6399	0,99,0,0,0,0	21106	999	961	88437	7590	35169	117031,116810,116539,65695,65695,65695,65695	6	38	30078,25496,38964,0,0,0,0	136	64270
156418	1436	2802	2750	476	539	58	32	6	12138	674	1417	599	1946	56	162	10515	1698	6395	0,99,0,0,0,0	20786	1675	905	89162	7774	36655	117630,117410,117196,66383,66383,66383,66383	6	52	30078,25497,39844,0,0,0,0	133	63982
156308	1433	2848	2698	452	522	63	28	7	12290	677	1420	598	1937	58	159	10878	1665	6379	0,99,0,0,0,0	21306	1673	871	89872	7939	38146	118394,118178,118020,67349,67349,67349,67349	6	46	30078,25499,40695,0,0,0,0	124	63683
156264	1373	2824	2665	478	533	71	24	7	12401	680	1426	593	2045	45	139	11009	1651	6317	0,99,0,0,0,0	21322	1650	832	90540	8107	39610	119101,118886,118788,68238,68238,68238,68238	6	34	30078,25500,41512,0,0,0,0	130	63383
156174	1369	2827	2629	498	537	67	22	9	12506	682	1426	578	1962	54	157	11047	1657	6292	0,99,0,0,0,0	21368	1701	885	91269	8269	41116	119857,119643,119603,69168,69168,69168,69168	6	38	30078,25502,42379,0,0,0,0	123	63085
156249	1270	2739	2668	503	523	74	25	9	12570	683	1433	580	1958	48	128	11102	1618	6184	0,99,0,0,0,0	29636	1708	722	91852	8411	42645	120528,120316,120334,69973,69973,69973,69973	6	37	30078,25502,43081,0,0,0,0	126	62852
156284	1228	2617	2639	508	515	73	22	11	12725	685	1439	556	2004	58	139	11277	1622	5980	0,99,0,0,0,0	29396	1624	695	92426	8562	44123	121215,121003,121075,70813,70813,70813,70813	6	37	30078,25504,43751,26,0,0,0	136	62576
156247	1272	2533	2623	517	529	71	23	11	12791	686	1443	555	1894	55	164	11574	1628	5940	0,99,0,0,0,0	21703	1608	815	93102	8731	45573	121961,121752,121882,71712,71712,71712,71712	6	46	30078,25508,44536,56,0,0,0	135	62257
156277	1293	2461	2601	490	533	75	25	10	12847	687	1447	545	1999	45	156	11526	1600	5878	0,98,1,0,0,0	22110	839	737	93720	8891	46259	122665,122457,122643,72524,72524,72524,72524	6	31	30078,25509,45247,97,0,0,0	132	61986
156293	1221	2534	2525	487	523	68	29	9	12916	689	1452	533	2015	47	170	11319	1587	5800	0,97,1,0,0,0	21790	865	744	94319	9063	46969	123146,122937,123182,73004,73004,73004,73004	6	33	30078,25512,45952,134,0,0,0	126	61712
156412	1185	2551	2471	487	479	70	28	9	12904	694	1456	544	1908	38	159	11270	1541	5730	0,97,2,0,0,0	21580	917	706	94903	9225	47727	123597,123389,123695,73432,73432,73432,73432	5	36	30078,25512,46607,202,0,0,0	126	61421
156528	1202	2474	2425	486	473	68	36	6	12895	694	1459	524	1985	54	154	10862	1490	5674	0,96,3,0,0,0	21457	863	708	95481	9393	48433	124077,123870,124238,73888,73888,73888,73888	5	35	30078,25513,47272,263,0,0,0	137	61141
156704	1134	2424	2413	496	465	64	37	6	12849	695	1459	529	1940	44	120	10438	1437	5596	0,95,4,0,0,0	29158	825	682	96005	9551	49106	124505,124296,124724,74263,74263,74263,74263	5	44	30078,25514,47878,313,0,0,0	145	60894
156930	1078	2341	2373	472	465	66	36	6	12818	698	1463	518	1857	47	150	10256	1444	5387	0,95,4,0,0,0	28684	904	628	96463	9724	49846	124857,124650,125138,74563,74562,74562,74562	5	36	30078,25515,48424,373,0,0,0	134	60681
156980	1092	2311	2358	461	451	69	36	6	12816	701	1465	521	2017	43	132	9725	1393	5385	0,94,5,0,0,0	20523	902	742	97008	9924	50585	125318,125109,125653,75034,75033,75033,75033	5	39	30078,25519,49055,453,0,0,0	122	60426
157086	1141	2238	2293	425	442	71	33	6	12834	705	1472	522	1959	50	122	9721	1308	5335	0,93,6,0,0,0	20085	689	716	97527	10126	51128	125751,125544,126143,75462,75461,75461,75461	5	47	30078,25521,49647,548,0,0,0	120	60162
157309	1108	2215	2241	428	432	73	31	5	12721	709	1474	525	1865	41	139	9782	1292	5236	0,92,7,0,0,0	19973	756	667	98025	10304	51728	126090,125883,126542,75711,75709,75709,75709	5	30	30078,25524,50201,641,0,0,0	119	59934
157424	1125	2188	2227	418	426	77	33	5	12634	710	1479	514	2063	47	137	9949	1290	5204	0,91,8,0,0,0	20571	795	722	98549	10505	52351	126476,126270,126985,76052,76050,76050,76050	5	33	30078,25527,50782,749,0,0,0	134	59684
157564	1156	2133	2179	417	431	70	35	5	12565	712	1479	530	1941	39	125	9826	1275	5146	0,89,9,0,0,0	20210	769	676	99035	10703	52957	126837,126631,127399,76365,76362,76362,76362	5	31	30078,25530,51291,888,0,0,0	130	59460
157809	1090	2118	2187	387	404	72	32	5	12442	718	1482	563	1977	31	122	9397	1214	5076	0,88,11,0,0,0	28042	713	617	99483	10875	53514	127137,126929,127755,76593,76590,76590,76590	5	37	30078,25531,51763,1008,0,0,0	133	59211
158073	999	2083	2184	382	393	69	33	4	12320	723	1483	569	2046	48	110	9353	1179	4964	0,87,12,0,0,0	28034	769	567	99888	11041	54131	127398,127192,128071,76767,76764,76764,76764	5	35	30078,25533,52185,1134,0,0,0	122	59005
158246	1001	2091	2158	359	387	69	29	2	12187	729	1488	562	1915	35	118	9268	1146	4948	0,85,13,0,0,0	19848	772	686	100360	11260	54742	127749,127544,128479,77072,77067,77067,77067	5	36	30078,25535,52665,1316,0,0,0	124	58772
158374	1070	2056	2097	350	368	65	32	2	12109	732	1491	551	1942	49	101	9072	1108	4930	0,84,15,0,0,0	19245	294	673	100818	11477	54985	128076,127872,128857,77363,77357,77357,77357	5	29	30078,25536,53134,1494,0,0,0	113	58524
158639	1024	2031	2088	350	369	62	32	2	11920	736	1493	560	1982	49	122	9015	1103	4853	0,82,16,0,0,0	19235	282	634	101228	11703	55267	128280,128077,129117,77446,77437,77437,77437	5	29	30078,25541,53565,1663,0,0,0	112	58290
158792	1056	2055	2027	335	344	52	35	2	11816	737	1495	565	2026	42	113	8690	1100	4804	0,81,18,0,0,0	19123	262	670	101685	11921	55529	128515,128310,129405,77602,77591,77591,77591	4	28	30078,25544,53997,1873,0,0,0	108	58017
158889	1100	1978	2042	345	351	52	33	4	11714	741	1497	543	2056	37	117	8705	1096	4805	0,78,20,0,0,0	18995	262	666	102143	12134	55791	128761,128556,129699,77780,77767,77767,77767	4	28	30078,25547,54389,2129,0,0,0	105	57744
159133	1066	1958	2038	343	352	51	30	5	11527	745	1498	552	1893	20	102	7766	1072	4766	0,76,23,0,0,0	27188	250	596	102510	12367	56041	128931,128728,129922,77857,77842,77842,77842	4	37	30078,25548,54727,2367,0,0,0	111	57514
159343	1024	1899	2003	370	344	50	25	6	11431	751	1500	508	1899	38	99	7430	1022	4693	0,74,24,0,0,0	26386	233	596	102872	12604	56274	129111,128909,130153,77949,77931,77931,77931	4	25	30078,25549,55076,2581,0,0,0	105	57293
159369	1067	1944	1960	335	308	52	27	6	11424	752	1502	534	1961	29	112	7459	1012	4681	0,71,27,0,0,0	17685	244	714	103327	12867	56518	129380,129178,130467,78181,78160,78160,78160	4	34	30078,25550,55452,2900,0,0,0	105	57024
159413	1111	1918	1946	326	304	59	26	5	11376	756	1506	506	1991	37	105	7174	958	4732	0,69,30,0,0,0	17427	98	688	103775	13111	56616	129633,129433,130763,78397,78373,78373,78373	4	30	30078,25550,55785,3236,0,0,0	115	56772
159502	1094	1929	1926	321	322	58	28	5	11296	758	1507	508	2035	42	119	6984	988	4690	0,66,32,0,0,0	27227	102	665	104174	13382	56718	129790,129590,130963,78494,78467,78467,78467	4	33	30078,25551,56094,3568,0,0,0	115	56517
159580	1105	1940	1875	324	320	55	28	4	11244	761	1510	498	1993	42	112	7058	998	4649	0,64,35,0,0,0	26842	114	663	104577	13645	56832	129954,129755,131169,78616,78584,78584,78584	4	38	30078,25551,56377,3925,0,0,0	120	56258
159739	1049	1909	1935	308	319	59	25	4	11120	766	1513	521	1911	46	95	6669	970	4634	0,61,37,0,0,0	25441	105	601	104948	13876	56937	130083,129885,131342,78679,78641,78641,78641	4	43	30078,25551,56619,4260,0,0,0	126	56010
159856	1057	1853	1945	294	297	52	23	3	11083	768	1515	510	1868	41	111	6752	952	4569	0,58,41,0,0,0	25547	80	627	105317	14141	57017	130231,130033,131530,78781,78739,78739,78739	4	42	30078,25552,56854,4643,0,0,0	127	55766
159903	1084	1834	1948	285	305	42	26	3	11029	769	1518	500	1926	36	83	6735	901	4623	0,55,43,0,0,0	25642	117	695	105750	14412	57134	130390,130192,131730,78920,78872,78872,78872	4	29	30078,25553,57125,5061,0,0,0	128	55476
159887	1133	1857	1884	290	290	42	28	3	11041	771	1520	517	1948	34	106	6390	886	4638	0,52,47,0,0,0	26434	112	699	106164	14703	57246	130539,130342,131913,79094,79037,79037,79037	4	36	30078,25553,57329,5540,0,0,0	120	55180
159877	1185	1856	1869	281	281	42	30	2	11030	772	1521	529	2025	47	99	6847	901	4643	0,50,49,0,0,0	26634	78	708	106571	15011	57324	130697,130500,132109,79256,79191,79191,79191	4	47	30078,25553,57581,5993,0,0,0	118	54906
159913	1192	1904	1916	289	269	42	36	2	10887	772	1524	529	1973	40	95	6943	900	4748	0,47,52,0,0,0	26751	69	733	107012	15308	57393	130845,130648,132293,79407,79334,79334,79334	5	45	30078,25554,57788,6504,0,0,0	121	54608
159883	1234	1930	1955	280	271	42	34	4	10810	775	1528	541	1988	59	92	6922	883	4863	0,44,55,0,0,0	26964	79	752	107460	15618	57472	131008,130812,132490,79598,79516,79516,79516	5	49	30078,25554,57977,7054,0,0,0	124	54317
159802	1325	1990	1935	263	270	45	32	5	10772	777	1530	526	1975	46	99	6934	887	4973	0,41,58,0,0,0	27000	76	833	107917	16002	57548	131174,130980,132692,79813,79723,79723,79723	5	46	30078,25554,58170,7682,0,0,0	117	54001
159785	1327	1999	1972	260	268	36	32	7	10747	778	1535	507	1930	55	84	6754	859	5035	0,38,61,0,0,0	25596	67	740	108323	16342	57615	131310,131118,132861,79995,79895,79895,79895	5	43	30078,25554,58308,8281,0,0,0	115	53717
159702	1297	2106	1971	268	265	36	28	8	10750	780	1535	488	1986	62	77	6615	832	5139	0,35,64,0,0,0	25207	71	816	108780	16707	57686	131479,131288,133057,80235,80123,80123,80123	5	45	30078,25555,58467,8921,0,0,0	117	53402
159413	1502	2152	1998	247	257	38	28	7	10779	783	1542	496	1962	58	92	6616	824	5398	0,32,67,0,0,0	16709	104	1017	109304	17208	57790	131716,131531,133324,80625,80500,80500,80500	5	60	30078,25555,58616,9782,0,0,0	105	53052
159095	1667	2186	2102	279	246	41	23	7	10767	788	1545	480	1988	56	90	6354	843	5701	0,28,71,0,0,0	16628	275	1013	109834	17700	58065	131949,131764,133583,81027,80889,80889,80889	5	46	30078,25555,58746,10663,0,0,0	110	52687
158705	1717	2350	2205	274	266	40	21	8	10823	792	1545	502	2009	59	87	6486	863	6010	0,26,73,0,0,0	16436	292	1096	110443	18192	58357	132265,132079,133920,81569,81416,81416,81416	5	60	30078,25555,58886,11610,0,0,0	101	52271
158298	1873	2458	2243	259	277	41	25	7	10924	792	1549	510	1873	53	108	6106	903	6273	0,23,76,0,0,0	16666	296	1114	111005	18756	58653	132565,132382,134242,82102,81935,81935,81935	6	51	30078,25555,58997,12606,0,0,0	112	51877
157842	1929	2628	2384	250	276	37	23	10	11021	794	1552	510	1944	53	100	5891	905	6622	0,20,79,0,0,0	16203	270	1173	111592	19347	58923	132886,132705,134581,82694,82511,82511,82511	6	55	30078,25555,59113,13656,0,0,0	97	51476
157441	1991	2702	2503	294	291	39	22	7	11104	796	1556	492	1981	72	101	5918	926	6916	0,18,81,0,0,0	24572	279	1162	112206	19902	59202	133181,133001,134895,83279,83075,83075,83075	6	70	30078,25555,59200,14723,0,0,0	90	51033
156956	2062	2813	2615	300	275	41	24	6	11296	799	1559	463	2001	97	109	5747	947	7183	0,16,83,0,0,0	24691	265	1209	112791	20534	59467	133473,133296,135204,83879,83656,83656,83656	6	56	30078,25555,59284,15838,0,0,0	105	50615
156258	2248	3027	2759	287	264	43	22	5	11469	802	1562	477	1902	60	105	6022	1027	7623	0,14,84,0,0,0	15804	287	1473	113523	21307	59754	133866,133692,135616,84668,84424,84424,84424	7	67	30078,25555,59390,17208,20,0,0	90	50091
155345	2551	3169	2885	287	247	44	24	6	11818	803	1567	498	2035	74	101	6664	1058	8149	0,12,86,0,0,0	16335	359	1571	114281	22161	60113	134282,134110,136046,85540,85275,85275,85275	7	80	30078,25555,59486,18680,51,0,0	98	49554
154407	2691	3446	3044	309	275	41	23	7	12128	805	1570	485	1954	76	112	7136	1131	8698	0,11,87,0,0,0	16984	338	1642	115064	23046	60451	134709,134542,136489,86451,86164,86164,86164	7	88	30078,25555,59574,20226,77,0,0	104	48996
153407	2852	3754	3203	307	288	42	24	9	12483	806	1571	464	1929	85	125	7149	1171	9299	0,10,88,1,0,0	17169	349	1746	115886	24005	60800	135152,134993,136943,87425,87113,87113,87113	8	88	30078,25555,59658,21873,117,0,0	104	48414
152416	3021	3984	3406	320	300	36	22	9	12851	808	1573	481	1944	94	116	7806	1193	9896	0,9,89,1,0,0	17534	313	1829	116744	25007	61113	135624,135467,137429,88447,88103,88103,88103	8	96	30078,25555,59732,23608,153,0,0	106	47821
151468	3040	4145	3716	343	331	36	19	9	13253	810	1576	468	1945	88	108	7885	1252	10378	0,7,90,1,0,0	26405	343	1731	117560	25956	61456	136065,135911,137881,89436,89060,89060,89060	9	101	30078,25555,59780,25257,212,0,0	112	47246
150490	3029	4331	3934	380	353	39	18	9	13774	812	1577	477	1980	116	129	8113	1279	10805	0,7,90,1,0,0	26478	328	1800	118387	26940	61784	136512,136361,138336,90449,90042,90042,90042	9	110	30078,25555,59838,26951,253,0,0	104	46660
149065	3379	4507	4215	398	348	36	17	12	14372	813	1584	478	1928	105	169	8627	1414	11486	0,6,91,1,0,0	18564	343	2255	119440	28149	62127	137109,136959,138931,91770,91329,91329,91329	10	95	30078,25555,59892,29104,287,0,0	112	45912
147744	3695	4702	4458	399	365	43	17	14	14907	814	1588	487	2013	138	174	8953	1561	12118	0,5,92,2,0,0	18776	345	2248	120489	29365	62472	137684,137535,139509,93092,92609,92608,92608	10	109	30078,25555,59935,31248,351,0,0	111	45152
146321	3841	4994	4577	418	377	39	17	15	15740	816	1591	505	1899	116	173	9794	1660	12603	0,4,92,2,0,0	19513	391	2326	121514	30683	62863	138269,138123,140095,94459,93936,93935,93935	11	110	30078,25555,59987,33440,432,0,0	118	44438
144844	4017	5391	4740	440	383	37	15	14	16454	817	1594	496	1965	138	176	9973	1742	13281	0,4,93,2,0,0	20165	390	2485	122617	32078	63253	138863,138721,140690,95933,95364,95362,95362	11	128	30078,25555,60039,35793,503,0,0	113	43629
143360	4142	5645	5038	462	403	35	17	14	17213	818	1599	507	1910	144	165	10213	1867	13875	0,3,93,2,0,0	20358	357	2517	123765	33458	63610	139501,139364,141330,97443,96824,96822,96822	12	130	30078,25555,60078,38192,578,0,0	114	42824
142076	4113	5726	5422	447	419	39	21	16	18047	819	1601	500	2033	165	168	10894	1953	14234	0,3,93,2,0,0	28752	362	2307	124826	34726	63972	140055,139920,141889,98788,98120,98118,98118	12	135	30078,25555,60110,40397,654,0,0	128	42064
140779	4034	5942	5675	491	432	37	22	15	18894	820	1605	481	1957	150	179	11422	2083	14550	0,3,94,2,0,0	29631	319	2417	125879	36107	64291	140572,140439,142409,100181,99456,99454,99454	13	135	30078,25555,60133,42707,738,0,0	127	41282
139183	4352	5964	5951	515	471	40	20	15	19807	821	1607	468	1988	152	203	11850	2169	15144	0,2,94,3,0,0	21941	357	2780	127043	37734	64648	141183,141054,143011,101807,101024,101021,101021	13	130	30078,25555,60161,45342,834,0,0	134	40414
137559	4678	6089	6060	506	501	43	26	12	20843	821	1608	472	1943	145	194	12443	2259	15644	0,2,94,3,0,0	22331	304	2787	128237	39352	64952	141834,141707,143653,103474,102631,102627,102627	14	134	30078,25555,60182,47986,944,0,0	131	39568
136056	4691	6414	6185	519	528	39	26	14	21840	824	1610	460	1890	144	225	12992	2342	16060	0,2,94,3,0,0	22699	343	2779	129498	40892	65295	142446,142325,144262,105109,104199,104194,104194	15	153	30078,25555,60209,50603,1071,0,0	132	38654
134492	4736	6724	6400	549	528	40	28	14	22796	825	1614	477	1963	150	226	13767	2451	16554	0,1,94,3,0,0	23575	335	2889	130728	42577	65630	143077,142956,144879,106817,105839,105832,105832	15	150	30078,25555,60233,53339,1189,0,0	132	37753
133029	4884	6812	6641	565	546	41	28	13	23743	827	1617	466	1953	173	220	13816	2455	17062	0,1,94,3,0,0	24031	329	2875	131953	44257	65959	143670,143550,145462,108509,107452,107444,107444	16	157	30078,25555,60253,56059,1316,0,0	138	36860
131729	4823	6898	6768	566	560	38	28	14	24875	827	1620	468	1930	175	205	13824	2470	17211	0,1,94,4,0,0	31624	346	2749	133066	45913	66305	144145,144024,145927,110069,108934,108924,108924	16	159	30078,25555,60266,58620,1473,0,0	156	35984
130583	4610	6885	6976	563	609	43	31	15	25976	828	1627	496	1955	199	235	14446	2563	17154	0,1,94,4,0,0	32180	363	2601	134115	47490	66668	144594,144473,146366,111539,110325,110314,110314	17	143	30078,25555,60285,61036,1626,0,0	167	35183
129156	4686	6945	7131	580	597	42	31	18	27099	832	1629	470	1991	168	245	14789	2715	17297	0,1,94,4,0,0	25032	349	2917	135310	49230	67017	145179,145060,146937,113263,111966,111953,111953	17	144	30078,25555,60298,63733,1799,0,0	158	34316
128005	4831	6782	7280	589	596	40	30	18	28110	834	1631	472	1912	173	248	14958	2754	17394	0,1,93,5,0,0	24845	104	2824	136464	50916	67121	145670,145554,147418,114883,113494,113478,113478	17	155	30078,25555,60306,66315,1996,0,0	140	33472
126997	4738	6812	7343	615	607	42	28	17	29077	836	1634	478	1930	177	254	15037	2788	17397	0,1,93,5,0,0	24765	139	2750	137621	52529	67260	146107,145991,147846,116391,114909,114890,114890	17	136	30078,25555,60319,68800,2197,0,0	151	32615
126049	4538	6833	7361	600	588	41	28	19	30212	838	1639	470	2025	188	263	15359	2846	17143	0,0,93,5,0,0	24911	129	2644	138673	54143	67389	146478,146365,148207,117838,116261,116240,116240	17	132	30078,25555,60327,71224,2388,0,0	146	31822
125221	4499	6771	7333	591	591	40	25	23	31170	840	1642	484	1953	172	237	15664	2783	17067	0,0,92,6,0,0	25396	111	2652	139709	55774	67500	146815,146700,148532,119244,117569,117544,117544	18	168	30078,25555,60333,73598,2619,0,0	142	31036
124760	4306	6531	7336	574	600	35	22	23	32072	843	1644	487	1940	162	210	15066	2666	16738	0,0,92,6,0,0	33404	145	2378	140644	57231	67645	147021,146906,148728,120462,118681,118652,118652	18	121	30078,25555,60340,75716,2821,0,0	129	30295
124601	3915	6427	7232	584	601	32	19	26	32818	843	1648	510	1889	148	244	15253	2676	16134	0,0,92,7,0,0	32829	137	2178	141524	58546	67782	147175,147055,148877,121557,119666,119633,119633	18	117	30078,25555,60345,77650,2998,0,0	123	29621
124201	3843	6248	7097	577	573	38	17	24	33633	844	1651	492	1954	160	229	15608	2616	15777	0,0,91,7,0,0	25977	123	2377	142471	59992	67905	147404,147281,149098,122797,120798,120760,120760	18	129	30078,25555,60345,79739,3231,0,0	127	28902
123918	3879	5936	6900	569	544	49	16	23	34412	845	1655	501	1980	172	241	15449	2540	15353	0,0,91,8,0,0	25735	83	2283	143336	61418	67988	147571,147447,149259,123956,121847,121806,121806	18	139	30078,25555,60348,81699,3475,0,0	128	28231
123888	3725	5705	6793	564	553	50	19	22	34924	845	1658	493	1966	152	212	15600	2494	14915	0,0,90,8,0,0	25997	109	2110	144127	62753	68097	147676,147548,149359,125011,122788,122742,122742	17	95	30078,25555,60351,83520,3701,0,0	126	27637
123899	3619	5557	6585	558	573	51	18	23	35359	846	1658	500	1892	130	222	15200	2370	14591	0,0,90,9,0,0	25709	84	2124	144911	64103	68181	147767,147641,149446,126065,123726,123675,123675	17	120	30078,25555,60356,85318,3953,0,0	124	27033
124109	3570	5361	6298	559	553	46	19	24	35700	847	1660	491	1965	145	243	14950	2301	14105	0,0,89,10,0,0	24928	93	2006	145696	65342	68274	147814,147686,149493,127046,124589,124531,124531	17	119	30078,25555,60357,87004,4217,0,0	119	26418
124559	3289	5181	6164	513	521	46	20	21	35922	848	1662	502	1857	136	210	14655	2233	13501	0,0,89,10,0,0	32504	100	1767	146367	66449	68374	147785,147655,149466,127874,125297,125233,125233	16	105	30078,25555,60358,88463,4453,0,0	127	25903
125172	2984	4993	5984	445	493	49	20	24	36069	849	1664	496	2015	127	190	14288	2120	12848	0,0,88,10,0,0	32510	84	1651	146948	67528	68458	147703,147570,149382,128615,125917,125847,125847	16	94	30078,25555,60359,89845,4657,0,0	125	25459
125799	2811	4691	5710	426	490	47	19	27	36209	851	1666	478	1922	106	200	13687	2022	12172	0,0,87,11,0,0	24021	74	1601	147568	68516	68532	147632,147498,149311,129334,126516,126439,126439	15	76	30078,25555,60364,91109,4918,0,0	117	24979
126477	2759	4377	5592	422	468	42	16	30	36043	852	1668	503	1923	104	200	13459	1960	11716	0,0,87,12,0,0	23289	52	1636	148210	69520	68584	147577,147442,149261,130094,127151,127069,127069	14	90	30078,25555,60367,92429,5166,0,0	113	24515
127219	2727	4158	5274	409	422	41	16	27	35930	852	1671	498	1950	104	173	12529	1756	11291	0,0,86,13,0,0	23092	41	1528	148774	70491	68625	147455,147317,149140,130752,127692,127602,127602	14	84	30078,25555,60368,93644,5399,0,0	105	24072
128004	2542	3988	5109	398	399	42	19	24	35697	852	1672	521	1996	115	189	12234	1727	10770	0,0,85,13,0,0	22549	49	1448	149306	71414	68674	147308,147172,148999,131356,128179,128082,128082	13	77	30078,25555,60371,94746,5671,0,0	93	23660
128874	2415	3870	4873	369	370	45	19	20	35366	853	1672	508	1984	101	130	11747	1623	10338	0,0,84,14,0,0	22369	51	1387	149806	72307	68725	147138,146995,148834,131931,128637,128531,128531	13	78	30078,25555,60373,95780,5955,0,0	100	23273
129911	2216	3688	4605	364	343	45	19	17	35006	855	1677	513	1940	108	116	11376	1527	9753	0,0,84,15,0,0	29699	46	1223	150282	73063	68771	146944,146799,148651,132413,129001,128885,128885	12	68	30078,25555,60376,96708,6179,0,0	106	22903
130992	1994	3530	4316	339	311	45	17	15	34654	856	1677	500	1936	78	148	11104	1408	9144	0,0,83,16,0,0	29444	46	1131	150688	73795	68817	146700,146559,148420,132833,129308,129184,129184	11	63	30078,25555,60377,97586,6382,0,0	109	22583
131971	1972	3290	4121	312	315	39	20	15	34155	857	1679	506	1971	79	136	10862	1317	8752	0,0,82,17,0,0	21052	54	1179	151116	74553	68871	146501,146357,148228,133293,129658,129524,129524	11	69	30078,25555,60377,98443,6657,0,0	95	22255
133069	1892	3003	3987	306	308	33	20	12	33576	859	1681	511	1967	75	132	10004	1253	8296	0,0,81,18,0,0	20288	51	1053	151482	75245	68922	146265,146117,148004,133666,129921,129778,129778	10	47	30078,25555,60378,99193,6908,0,0	78	21972
134249	1761	2861	3707	279	304	32	17	15	32977	859	1685	510	1961	79	112	9997	1154	7807	0,0,79,19,0,0	20127	40	982	151823	75892	68962	146000,145853,147753,134002,130145,129991,129991	10	54	30078,25555,60379,99864,7176,0,0	75	21706
135454	1659	2714	3462	264	299	34	15	12	32287	861	1685	534	1932	68	128	9790	1096	7351	0,0,78,21,0,0	19981	40	941	152152	76511	69002	145731,145579,147500,134296,130333,130167,130167	9	51	30078,25555,60379,100495,7425,0,0	70	21447
136763	1523	2582	3240	253	268	34	18	13	31501	862	1689	541	1998	71	115	9435	1038	6880	0,0,77,22,0,0	19762	46	880	152417	77132	69048	145441,145289,147222,134547,130474,130298,130298	9	50	30078,25555,60379,101073,7660,0,0	74	21247
137991	1404	2416	3109	243	267	31	14	10	30699	866	1696	561	1958	64	104	9130	980	6504	0,0,76,23,0,0	27698	31	806	152669	77692	69079	145131,144975,146922,134760,130585,130398,130398	8	41	30078,25555,60380,101585,7906,0,0	79	21049
139344	1308	2219	2920	222	245	28	16	11	29868	867	1698	553	2001	52	97	8912	907	6051	0,0,74,25,0,0	27612	39	768	152900	78233	69118	144811,144655,146613,134944,130670,130471,130471	8	50	30078,25555,60381,102082,8120,0,0	74	20862
140606	1274	2099	2746	188	220	24	15	13	28993	867	1701	538	1943	60	95	8327	840	5726	0,0,73,26,0,0	18773	48	776	153144	78768	69166	144506,144349,146320,135139,130772,130560,130560	7	43	30078,25555,60381,102530,8394,0,0	68	20678
141831	1244	2036	2539	165	215	19	12	14	28099	868	1704	543	1991	55	94	8168	817	5413	0,0,71,28,0,0	18274	21	717	153383	79250	69187	144222,144061,146044,135322,130864,130639,130639	7	49	30078,25555,60381,102964,8636,0,0	62	20485
143212	1193	1892	2436	172	186	22	10	13	27033	869	1708	535	1924	48	101	7875	779	5132	0,0,69,30,0,0	17899	23	664	153583	79715	69210	143877,143711,145714,135450,130893,130656,130656	7	33	30078,25555,60381,103329,8892,0,0	55	20330
144421	1159	1784	2316	179	170	25	8	12	26088	871	1713	555	1967	45	60	7784	716	4925	0,0,68,31,0,0	18093	28	666	153810	80160	69238	143581,143412,145426,135596,130953,130702,130702	6	28	30078,25555,60381,103713,9130,0,0	58	20142
145615	1123	1693	2223	172	167	24	5	13	25120	871	1720	521	1956	42	60	7325	647	4760	0,0,66,33,0,0	17785	24	649	154028	80595	69262	143301,143128,145152,135743,131015,130751,130751	6	33	30078,25555,60382,104052,9402,0,0	54	19977
146817	985	1653	2085	144	160	26	4	14	24266	871	1721	532	1960	55	65	6804	596	4461	0,0,64,34,0,0	25722	19	521	154202	80948	69281	143006,142830,144873,135813,131009,130732,130732	5	26	30078,25555,60382,104322,9622,0,0	43	19833
148058	872	1568	1984	132	156	23	3	15	23338	872	1725	533	2027	33	58	6501	579	4159	0,0,63,36,0,0	25080	20	490	154351	81292	69301	142683,142506,144564,135861,130976,130687,130687	5	22	30078,25555,60382,104560,9849,0,0	44	19711
149076	926	1480	1921	114	144	22	4	14	22444	872	1729	522	1886	35	60	5518	505	4106	0,0,60,39,0,0	16341	33	627	154554	81718	69334	142426,142249,144322,135991,131035,130733,130733	5	27	30078,25555,60382,104849,10159,0,0	42	19549
150033	1030	1412	1832	113	125	23	2	15	21555	872	1734	543	2032	38	58	4518	454	4083	0,0,57,41,0,0	14978	6	649	154778	82146	69340	142199,142017,144104,136145,131119,130805,130805	4	30	30078,25555,60382,105124,10490,0,0	43	19369
151095	1035	1412	1671	102	130	19	3	13	20659	872	1735	553	2010	36	43	3863	388	3984	0,0,55,44,0,0	14499	9	574	154952	82550	69349	141928,141745,143843,136239,131146,130817,130817	4	19	30078,25555,60382,105382,10772,0,0	47	19231
151962	989	1517	1587	97	125	19	3	10	19824	872	1741	582	2004	40	55	3229	353	3984	0,0,52,46,0,0	13540	10	602	155143	82963	69359	141710,141527,143638,136356,131204,130862,130862	4	31	30078,25555,60382,105613,11104,0,0	49	19070
152833	1028	1484	1579	117	113	20	4	8	18945	872	1743	563	1965	32	41	2697	312	4033	0,0,50,49,0,0	13152	6	634	155336	83408	69365	141479,141295,143420,136492,131279,130924,130924	4	29	30078,25555,60382,105847,11462,0,0	41	18917
153744	969	1454	1627	115	105	19	2	6	18085	873	1747	539	1970	32	44	1933	272	4019	0,0,48,51,0,0	21510	13	514	155517	83743	69378	141250,141064,143206,136580,131309,130941,130941	4	27	30078,25555,60382,106021,11766,0,0	39	18769
154586	910	1439	1611	113	112	10	3	6	17335	873	1748	549	1983	34	39	1653	246	3952	0,0,46,53,0,0	21211	14	533	155660	84135	69392	141018,140829,142983,136654,131332,130951,130951	3	25	30078,25555,60382,106195,12089,0,0	32	18658
155257	1000	1380	1588	122	115	9	3	5	16643	873	1751	567	1953	26	50	1304	241	3976	0,0,44,55,0,0	11776	5	629	155849	84583	69397	140835,140646,142807,136794,131425,131030,131030	3	26	30078,25555,60382,106409,12485,0,0	38	18508
155918	1085	1398	1522	120	119	8	3	5	15940	873	1755	594	1890	48	60	850	233	4022	0,0,42,57,0,0	11339	20	656	156044	85050	69417	140653,140464,142634,136939,131525,131117,131117	3	36	30078,25555,60382,106610,12907,0,0	36	18359
156508	1105	1403	1555	119	124	7	3	5	15286	873	1758	576	1925	35	58	768	248	4068	0,0,40,59,0,0	10928	17	618	156242	85476	69434	140511,140320,142500,137087,131635,131211,131211	3	29	30078,25555,60382,106777,13320,0,0	33	18217
157031	1086	1518	1544	118	128	5	4	3	14676	874	1759	585	1986	41	59	761	242	4161	0,0,37,62,0,0	10819	20	675	156458	85939	69454	140362,140171,142355,137257,131769,131331,131331	3	40	30078,25555,60382,106940,13806,0,0	36	18042
157563	1102	1560	1579	126	129	5	6	3	14035	874	1764	562	2049	37	58	757	265	4242	0,0,35,64,0,0	10697	19	642	156673	86371	69473	140211,140019,142213,137409,131887,131432,131432	3	31	30078,25555,60382,107107,14249,0,0	40	17865
158147	1042	1511	1628	130	130	4	5	3	13505	874	1767	552	1945	40	58	781	264	4186	0,0,32,67,0,0	20075	24	561	156839	86768	69497	140040,139848,142049,137519,131962,131492,131492	3	46	30078,25555,60382,107226,14665,0,0	43	17731
158687	960	1522	1645	133	123	2	5	4	13021	874	1770	578	1918	31	51	774	270	4120	0,0,31,68,0,0	20128	21	546	156998	87160	69518	139882,139691,141898,137615,132030,131543,131543	3	40	30078,25555,60382,107337,15068,0,0	36	17603
158975	1067	1490	1678	131	124	3	4	4	12619	874	1777	578	1963	42	57	784	265	4232	0,0,29,70,0,0	10912	19	715	157204	87672	69537	139790,139601,141811,137793,132186,131683,131683	3	42	30078,25555,60382,107478,15614,0,0	35	17441
159271	1165	1458	1634	134	114	3	5	4	12304	875	1779	576	1958	51	66	810	258	4255	0,0,27,72,0,0	10779	0	671	157438	88115	69537	139703,139513,141728,137979,132352,131832,131832	3	33	30078,25555,60382,107613,16133,0,0	38	17254
159570	1117	1579	1621	131	120	4	6	4	11937	875	1782	568	1987	55	58	845	277	4301	0,0,26,73,0,0	10965	0	671	157661	88568	69537	139618,139428,141646,138151,132511,131973,131973	3	43	30078,25555,60382,107741,16653,0,0	41	17080
159823	1148	1601	1646	131	129	3	8	4	11593	875	1785	586	1964	54	55	859	287	4379	0,0,24,75,0,0	10918	0	692	157862	89063	69537	139522,139335,141554,138317,132665,132108,132108	3	30	30078,25555,60382,107851,17201,0,0	45	16919
159984	1194	1673	1648	122	118	3	9	2	11332	875	1786	597	1965	41	49	857	285	4482	0,0,22,77,0,0	10823	0	737	158097	89573	69537	139460,139273,141490,138522,132863,132287,132287	3	41	30078,25555,60382,107946,17828,0,0	48	16726
160233	1150	1629	1724	113	114	4	9	3	11102	875	1790	601	1995	39	53	851	283	4460	0,0,21,78,0,0	20202	0	596	158271	90000	69537	139371,139186,141410,138661,132995,132400,132400	3	36	30078,25555,60382,108035,18313,0,0	48	16589
160494	1044	1685	1720	107	132	8	5	5	10879	877	1790	607	2001	44	51	837	279	4422	0,0,20,79,0,0	20109	0	602	158431	90443	69537	139282,139096,141323,138779,133106,132491,132491	3	45	30078,25555,60382,108122,18806,0,0	51	16466
160599	1132	1688	1713	100	133	11	4	7	10690	877	1792	618	2004	49	71	862	280	4501	0,0,19,80,0,0	11000	0	748	158652	90973	69537	139242,139054,141286,138982,133309,132673,132673	3	39	30078,25555,60382,108220,19426,0,0	48	16291
160630	1252	1579	1786	102	132	11	4	8	10564	878	1800	612	2013	53	67	864	290	4576	0,0,17,82,0,0	11052	0	758	158883	91501	69537	139217,139030,141266,139198,133525,132869,132869	4	52	30078,25555,60382,108289,20084,0,0	56	16105
160755	1233	1653	1773	112	155	13	5	8	10358	878	1803	618	1929	51	48	867	289	4655	0,0,16,83,0,0	10946	0	717	159075	92030	69537	139162,138975,141211,139383,133714,133034,133034	3	34	30078,25555,60382,108358,20714,0,0	45	15954
160739	1254	1733	1738	121	148	13	5	8	10306	878	1803	640	1979	59	64	883	307	4705	0,0,15,84,0,0	10916	0	770	159283	92594	69537	139133,138946,141179,139591,133928,133228,133228	3	43	30078,25555,60382,108444,21373,0,0	56	15793
160817	1237	1733	1811	105	148	13	6	7	10186	878	1805	600	2011	39	61	893	325	4728	0,0,14,85,0,0	11040	0	677	159488	93069	69537	139088,138902,141134,139777,134118,133397,133397	4	42	30078,25555,60382,108513,21962,0,0	45	15631
160984	1123	1744	1810	113	164	12	5	7	10096	878	1810	579	2027	43	46	878	321	4650	0,0,13,86,0,0	20362	0	610	159637	93534	69537	139009,138820,141057,139896,134245,133498,133498	4	43	30078,25555,60382,108559,22500,0,0	49	15508
161169	998	1709	1848	128	161	11	5	7	10020	878	1812	615	1967	46	63	863	319	4541	0,0,12,87,0,0	20054	0	559	159778	93957	69537	138927,138738,140976,140007,134365,133592,133592	4	36	30078,25555,60382,108600,23002,0,0	48	15396
161173	1079	1647	1857	130	158	9	5	10	9986	878	1814	629	1960	51	74	909	327	4558	0,0,11,88,0,0	11011	0	706	159961	94487	69537	138887,138699,140936,140182,134555,133757,133757	3	39	30078,25555,60382,108651,23643,0,0	44	15252
161190	1193	1490	1891	119	159	6	7	10	9984	878	1819	597	1950	45	66	925	333	4532	0,0,10,89,0,0	11038	0	680	160124	95006	69537	138855,138663,140901,140340,134729,133906,133906	4	42	30078,25555,60382,108687,24259,0,0	39	15131
161266	1137	1560	1817	109	152	5	6	8	9988	878	1820	588	2008	45	52	918	314	4472	0,0,9,90,0,0	11154	0	638	160290	95482	69537	138801,138609,140848,140474,134878,134029,134029	4	45	30078,25555,60382,108717,24846,0,0	35	15001
161266	1127	1650	1722	116	123	5	6	9	10021	878	1823	596	2032	52	46	894	292	4457	0,0,9,90,0,0	11004	0	698	160467	96006	69537	138768,138577,140811,140645,135068,134192,134192	4	34	30078,25555,60382,108756,25482,0,0	37	14857
161296	1130	1631	1709	111	118	6	5	8	10025	880	1827	591	1971	52	43	868	271	4439	0,0,7,92,0,0	10927	0	652	160633	96496	69537	138725,138535,140768,140793,135236,134333,134333	3	31	30078,25555,60382,108786,26090,0,0	35	14730
161414	1058	1599	1764	120	131	6	5	8	9931	880	1830	581	1939	48	47	873	299	4384	0,0,7,92,0,0	20516	0	579	160769	96947	69537	138659,138466,140703,140918,135376,134445,134445	3	30	30078,25555,60382,108815,26632,0,0	47	14625
161549	968	1599	1759	120	116	10	5	9	9899	880	1832	605	1922	38	50	847	290	4287	0,0,6,93,0,0	20322	0	549	160900	97371	69537	138585,138393,140631,141019,135497,134535,134535	3	33	30078,25555,60382,108842,27142,0,0	45	14515
161543	1020	1584	1717	106	134	12	2	10	9902	881	1835	614	1968	41	59	835	288	4287	0,0,5,94,0,0	11082	0	671	161080	97872	69537	138538,138345,140580,141180,135680,134690,134690	3	30	30078,25555,60382,108856,27789,0,0	40	14355
161603	1047	1502	1741	119	135	10	2	8	9858	882	1839	626	1979	31	44	835	284	4272	0,0,5,94,0,0	10987	0	602	161229	98328	69537	138488,138295,140532,141300,135822,134803,134803	3	23	30078,25555,60382,108872,28360,0,0	35	14238
161641	1017	1521	1696	122	124	6	2	8	9884	882	1843	626	1959	40	60	814	255	4233	0,0,5,94,0,0	10937	0	630	161391	98797	69537	138447,138253,140492,141445,135993,134943,134943	3	26	30078,25555,60382,108892,28947,0,0	31	14113
161607	1069	1456	1754	122	124	6	3	7	9871	882	1845	644	2083	38	47	782	255	4279	0,0,4,95,0,0	11021	0	646	161571	99267	69537	138432,138238,140479,141605,136175,135098,135098	3	29	30078,25555,60382,108907,29558,0,0	36	13977
161700	1026	1456	1705	134	112	8	2	6	9866	883	1848	659	1940	38	56	773	247	4196	0,0,4,95,0,0	10930	0	573	161723	99692	69537	138374,138181,140423,141725,136317,135209,135209	3	27	30078,25555,60382,108918,30102,0,0	36	13862
161898	858	1478	1611	124	118	9	1	6	9904	883	1856	667	1945	38	50	771	247	3952	0,0,3,96,0,0	20299	0	441	161820	100040	69537	138282,138089,140334,141772,136386,135247,135247	3	22	30078,25555,60382,108928,30520,0,0	33	13786
162050	829	1424	1562	120	115	8	1	6	9881	883	1867	667	2021	26	50	760	222	3837	0,0,3,96,0,0	20233	0	496	161941	100423	69537	138204,138012,140262,141856,136498,135325,135325	3	29	30078,25555,60382,108944,30982,0,0	32	13683
162216	867	1288	1600	105	118	6	1	6	9785	883	1871	661	1927	33	56	755	223	3762	0,0,3,96,0,0	10807	0	514	162072	100808	69537	138129,137937,140188,141941,136609,135402,135402	2	26	30078,25555,60382,108952,31475,0,0	30	13576
162345	875	1241	1596	115	109	10	1	5	9690	883	1876	646	1952	18	44	741	215	3732	0,0,3,96,0,0	10719	0	523	162208	101199	69537	138057,137863,140118,142024,136718,135480,135480	2	22	30078,25555,60382,108965,31970,0,0	30	13462
162486	853	1270	1485	110	107	9	1	4	9659	884	1878	661	1986	41	55	733	215	3620	0,0,2,97,0,0	10812	0	514	162311	101611	69537	137974,137780,140036,142095,136816,135545,135545	2	32	30078,25555,60382,108969,32459,0,0	33	13375
162692	820	1216	1469	108	99	7	1	4	9562	884	1884	655	1948	36	50	728	226	3494	0,0,2,97,0,0	10861	0	435	162415	101944	69537	137884,137689,139946,142149,136893,135590,135590	2	15	30078,25555,60382,108972,32877,0,0	30	13291
162905	730	1194	1408	102	112	8	1	4	9512	884	1886	662	2011	31	41	731	224	3331	0,0,2,97,0,0	10791	0	402	162515	102254	69537	137785,137591,139851,142185,136955,135619,135619	2	27	30078,25555,60382,108979,33261,7,0	24	13215
163203	624	1137	1307	114	113	11	2	4	9458	884	1889	675	2072	39	42	710	226	3082	0,0,2,97,0,0	20225	0	317	162590	102504	69537	137658,137464,139729,142184,136976,135608,135608	2	15	30078,25555,60382,108983,33567,11,0	22	13150
163521	544	1048	1296	113	101	10	2	3	9333	884	1891	676	1946	11	50	710	226	2888	0,0,2,97,0,0	20116	0	305	162671	102737	69537	137533,137337,139607,142179,136997,135594,135594	2	22	30078,25555,60382,108986,33861,18,0	30	13086
163810	553	937	1241	101	99	4	4	3	9217	884	1893	670	2001	26	42	686	199	2740	0,0,2,96,0,0	10802	0	345	162747	103015	69537	137420,137222,139498,142177,137022,135585,135585	2	13	30078,25555,60382,108994,34178,26,0	19	13029
164099	573	856	1129	82	91	4	2	4	9121	885	1900	670	1935	26	44	669	188	2549	0,0,2,96,1,0	10690	0	317	162818	103264	69537	137300,137100,139380,142175,137046,135575,135575	2	19	30078,25555,60382,108998,34476,33,0	21	12969
164385	519	832	1059	74	83	3	3	3	8995	885	1905	664	1963	18	39	646	189	2384	0,0,1,96,1,0	10794	0	291	162884	103495	69537	137172,136974,139259,142157,137054,135550,135550	2	15	30078,25555,60382,109000,34751,43,0	22	12913
164754	472	774	990	71	69	4	1	5	8808	885	1913	632	1990	19	28	605	162	2219	0,0,1,96,1,0	10740	0	241	162939	103686	69537	137025,136826,139119,142118,137039,135500,135500	2	14	30078,25555,60382,109002,34979,52,0	16	12865
165113	417	755	939	57	65	4	1	4	8590	885	1916	617	1954	17	33	583	146	2092	0,0,1,96,2,0	10725	0	227	162992	103864	69537	136886,136685,138983,142076,137019,135448,135448	1	10	30078,25555,60382,109005,35188,61,0	13	12823
165492	387	676	893	53	63	5	1	4	8366	885	1921	621	1932	11	29	549	144	1934	0,0,1,95,2,0	19753	0	208	163045	104022	69537	136751,136548,138856,142034,137001,135396,135396	1	12	30078,25555,60382,109007,35377,72,0	14	12785
165897	335	635	844	40	64	3	1	4	8114	885	1924	626	1967	12	17	500	117	1805	0,0,1,95,3,0	19757	0	177	163079	104169	69537	136603,136400,138714,141971,136961,135322,135322	1	12	30078,25555,60382,109010,35537,78,0	11	12753
166271	312	567	784	44	67	3	0	5	7878	885	1930	646	1958	17	26	465	104	1673	0,0,1,95,3,0	10593	0	183	163119	104316	69537	136454,136254,138572,141906,136919,135248,135248	1	10	30078,25555,60382,109011,35707,87,0	12	12721
166662	291	509	735	42	64	3	0	4	7618	885	1933	615	1968	8	32	441	106	1538	0,0,1,94,3,0	10548	0	167	163160	104446	69537	136301,136100,138426,141836,136871,135169,135168	1	8	30078,25555,60382,109013,35854,102,0	13	12689
167022	273	458	679	43	62	3	0	3	7382	885	1936	638	1899	15	28	406	103	1415	0,0,1,93,4,0	10411	0	149	163192	104575	69537	136156,135952,138285,141768,136823,135090,135090	1	7	30078,25555,60382,109015,35991,118,0	11	12665
167377	267	432	643	38	53	5	0	2	7102	885	1942	673	1910	12	20	385	96	1342	0,0,1,92,6,0	10439	0	155	163227	104702	69537	136010,135807,138144,141698,136774,135010,135009	1	8	30078,25555,60382,109017,36119,144,0	12	12636
167777	241	401	565	40	45	4	0	1	6842	885	1945	657	1808	7	20	359	90	1206	0,0,1,91,6,0	10499	0	109	163250	104793	69537	135854,135649,137992,141609,136706,134911,134911	1	5	30078,25555,60382,109018,36216,157,0	11	12620
168151	205	351	525	37	32	5	0	0	6604	885	1951	669	1964	11	15	324	74	1081	0,0,1,90,7,0	19486	0	99	163273	104870	69537	135708,135502,137853,141523,136639,134816,134815	1	6	30078,25555,60382,109020,36301,166,0	10	12598
168513	171	337	447	37	36	4	0	0	6363	885	1953	688	1809	7	10	303	63	969	0,0,0,90,8,0	19722	0	97	163297	104948	69537	135563,135357,137716,141443,136576,134727,134726	0	6	30078,25555,60382,109020,36390,177,0	11	12578
168877	159	303	423	39	33	5	2	0	6064	885	1956	693	1838	12	16	279	63	901	0,0,1,88,10,0	10394	0	99	163322	105024	69537	135407,135202,137565,141353,136504,134628,134627	0	7	30078,25555,60382,109020,36464,197,0	12	12556
169221	160	271	398	34	31	4	2	0	5779	885	1961	695	2047	3	20	266	74	826	0,0,1,87,12,0	10408	0	93	163340	105107	69537	135258,135051,137420,141268,136435,134533,134531	0	3	30078,25555,60382,109021,36542,215,0	12	12542
169536	146	248	388	28	29	2	2	0	5517	885	1965	642	1882	7	21	265	69	774	0,0,0,85,13,0	10407	0	75	163358	105169	69537	135109,134902,137278,141182,136364,134438,134437	0	4	30078,25555,60382,109021,36600,232,0	9	12527
169886	134	246	323	18	22	1	2	0	5262	885	1967	652	1795	4	10	242	54	692	0,0,0,84,15,0	10358	0	76	163386	105223	69537	134949,134742,137124,141097,136294,134343,134342	0	3	30078,25555,60382,109021,36664,248,0	5	12502
170205	128	231	298	15	16	1	2	0	4992	885	1973	645	1774	5	6	212	49	642	0,0,0,82,17,0	10338	0	68	163407	105276	69537	134805,134598,136986,141007,136219,134245,134243	0	4	30078,25555,60382,109022,36712,270,0	5	12485
170516	113	215	276	16	18	0	1	0	4727	886	1978	675	1845	7	10	195	49	590	0,0,0,81,18,0	19628	0	61	163417	105331	69537	134665,134457,136852,140916,136142,134146,134144	0	2	30078,25555,60382,109022,36762,284,0	4	12475
170814	107	192	266	19	11	0	1	0	4466	886	1984	684	2013	5	8	180	41	555	0,0,0,78,21,0	19708	0	57	163433	105378	69537	134532,134326,136726,140830,136069,134053,134050	0	2	30078,25555,60382,109022,36802,304,0	4	12463
171103	103	164	265	18	14	0	0	1	4204	886	1988	678	1815	4	6	163	34	530	0,0,0,76,23,0	10246	0	51	163447	105420	69537	134390,134184,136588,140734,135987,133950,133947	0	1	30078,25555,60382,109022,36843,319,0	1	12452
171309	131	181	228	16	22	0	0	0	3982	886	1991	694	1904	5	9	154	36	542	0,0,0,75,24,0	10251	0	104	163467	105512	69537	134265,134060,136468,140659,135925,133870,133866	0	9	30078,25555,60382,109022,36922,348,0	4	12434
171524	174	158	221	15	16	0	0	0	3758	886	1994	711	1957	3	13	153	40	544	0,0,0,74,25,0	10189	0	94	163485	105595	69537	134146,133939,136350,140585,135865,133792,133787	0	4	30078,25555,60382,109022,36988,378,0	5	12422
171749	167	193	199	15	14	0	0	0	3526	886	1997	684	1798	4	9	140	36	552	0,0,0,72,27,0	10390	0	82	163501	105670	69537	134021,133813,136228,140505,135796,133705,133700	0	2	30078,25555,60382,109022,37041,411,0	5	12409
171938	163	221	185	12	12	0	0	0	3326	886	2003	683	1830	5	3	121	31	562	0,0,0,69,30,0	10242	0	92	163519	105749	69537	133902,133696,136112,140429,135732,133625,133620	0	4	30078,25555,60382,109022,37096,449,0	5	12393
172098	168	242	186	16	18	0	0	0	3127	886	2005	682	1821	5	5	106	34	596	0,0,0,67,32,0	19442	0	106	163533	105844	69537	133796,133589,136007,140369,135682,133561,133555	0	5	30078,25555,60382,109022,37158,491,0	7	12379
172240	169	248	204	27	18	0	0	0	2940	886	2014	686	1977	4	12	111	41	625	0,0,0,65,34,0	19407	0	95	163550	105928	69537	133698,133490,135911,140306,135631,133497,133490	0	5	30078,25555,60382,109022,37216,530,0	7	12364
172369	194	253	215	25	19	0	0	0	2768	886	2017	679	1942	5	10	116	40	666	0,0,0,65,34,0	10222	0	122	163581	106025	69537	133599,133391,135813,140251,135586,133440,133432	0	3	30078,25555,60382,109022,37292,578,0	6	12342
172465	221	261	240	21	22	1	0	0	2608	886	2021	711	1784	4	12	120	42	724	0,0,0,63,36,0	10308	0	128	163620	106122	69537	133504,133296,135721,140207,135552,133393,133385	0	11	30078,25555,60382,109022,37359,639,0	7	12309
172547	235	283	246	17	24	0	1	0	2482	886	2025	708	1784	3	12	123	44	762	0,0,0,61,38,0	10309	0	125	163653	106219	69537	133406,133198,135626,140160,135514,133344,133334	0	9	30078,25555,60382,109022,37420,699,0	8	12278
172627	225	319	268	16	23	0	1	0	2352	886	2029	701	1999	11	13	130	40	812	0,0,0,59,40,0	10153	0	127	163688	106326	69537	133313,133104,135535,140111,135476,133295,133284	0	9	30078,25555,60382,109022,37504,755,0	7	12249
172694	244	314	285	21	31	0	1	0	2235	886	2035	676	1854	10	10	139	51	845	0,0,0,58,41,0	10351	0	132	163722	106432	69537	133223,133015,135446,140067,135441,133251,133239	0	5	30078,25555,60382,109022,37570,825,0	8	12220
172738	239	322	305	25	28	1	1	0	2164	886	2037	663	1771	8	13	145	56	865	0,0,0,57,42,0	19617	0	133	163740	106556	69537	133140,132934,135365,140023,135407,133208,133195	0	7	30078,25555,60382,109022,37640,893,0	10	12206
172783	227	336	305	21	27	1	1	0	2120	886	2039	659	1890	4	14	150	55	863	0,0,0,54,45,0	19585	0	124	163772	106651	69537	133067,132861,135291,139984,135375,133168,133154	0	5	30078,25555,60382,109022,37695,960,0	14	12184
172761	257	364	329	19	20	1	3	0	2063	886	2043	646	2007	9	12	155	51	942	0,0,0,52,47,0	10169	0	192	163818	106800	69537	133002,132796,135225,139967,135368,133153,133137	0	12	30078,25555,60382,109022,37780,1066,0	11	12145
172738	285	376	353	13	23	2	3	0	2012	886	2055	653	1983	8	11	161	54	1001	0,0,0,50,49,0	10291	0	174	163855	106942	69537	132932,132726,135154,139939,135348,133126,133110	0	8	30078,25555,60382,109022,37857,1161,0	9	12112
172690	316	406	356	15	23	3	2	1	1988	886	2060	654	1978	15	9	158	44	1077	0,0,0,49,50,0	10327	0	196	163891	107114	69537	132869,132664,135090,139918,135338,133109,133092	0	13	30078,25555,60382,109022,37944,1273,0	12	12081
172595	361	420	382	22	21	3	2	1	1989	886	2064	628	1805	9	7	164	51	1160	0,0,0,47,52,0	10299	0	224	163945	107290	69537	132825,132620,135045,139915,135345,133111,133093	0	14	30078,25555,60382,109022,38038,1402,0	11	12037
172523	360	482	414	17	21	3	0	2	1968	887	2069	648	1911	23	15	168	58	1239	0,0,0,44,55,0	10320	0	222	163991	107472	69537	132778,132572,134995,139909,135349,133110,133090	0	10	30078,25555,60382,109022,38114,1550,0	11	11998
172443	342	511	448	24	26	2	0	2	1988	887	2073	634	1991	17	12	183	70	1283	0,0,0,42,57,0	19733	0	206	164030	107644	69537	132731,132526,134946,139899,135348,133105,133083	0	14	30078,25555,60382,109022,38181,1688,0	13	11965
172360	373	528	480	30	33	2	0	1	1975	887	2077	639	1923	8	19	202	86	1360	0,0,0,41,58,0	19433	0	233	164075	107837	69537	132683,132479,134898,139900,135357,133111,133086	1	13	30078,25555,60382,109022,38256,1838,0	15	11922
172237	418	523	497	36	38	2	0	1	2020	887	2087	674	1941	13	13	203	84	1430	0,0,0,40,59,0	10139	0	264	164123	108061	69537	132644,132440,134858,139907,135375,133125,133098	1	12	30078,25555,60382,109022,38358,2002,0	13	11884
172090	458	586	515	40	39	1	0	1	2040	887	2089	669	1972	14	19	216	87	1552	0,0,0,38,61,0	10343	0	289	164173	108305	69537	132609,132405,134820,139925,135402,133150,133120	1	14	30078,25555,60382,109022,38434,2210,0	13	11837
171961	490	593	577	39	36	1	2	0	2069	887	2091	673	1941	19	11	216	81	1657	0,0,0,36,63,0	10232	0	283	164234	108530	69537	132572,132368,134782,139948,135433,133179,133146	1	11	30078,25555,60382,109022,38515,2409,0	11	11780
171776	546	663	599	36	35	0	2	0	2107	887	2095	672	1891	14	18	237	88	1793	0,0,0,34,65,0	10390	0	352	164292	108831	69537	132550,132346,134757,139977,135475,133219,133183	1	16	30078,25555,60382,109022,38614,2656,0	9	11734
171563	603	671	662	36	42	1	2	0	2183	887	2096	733	1977	18	20	248	101	1916	0,0,0,33,66,0	10499	0	347	164368	109110	69537	132539,132335,134740,140034,135543,133285,133246	1	16	30078,25555,60382,109022,38714,2904,0	13	11674
171398	584	738	656	41	46	1	4	0	2284	888	2106	729	1970	19	19	267	95	1975	0,0,0,31,68,0	19774	0	304	164422	109365	69537	132519,132315,134717,140070,135587,133329,133287	1	23	30078,25555,60382,109022,38795,3128,0	21	11628
171213	560	799	709	39	45	2	4	0	2377	888	2110	717	2013	17	22	282	99	2059	0,0,0,30,69,0	19688	0	325	164490	109630	69537	132505,132302,134701,140121,135647,133390,133343	1	21	30078,25555,60382,109022,38876,3371,0	27	11569
170973	615	857	755	44	39	3	4	0	2454	888	2114	684	1930	16	19	279	100	2217	0,0,0,28,71,0	10266	0	404	164581	109949	69537	132504,132301,134698,140199,135734,133478,133427	1	18	30078,25555,60382,109022,38969,3680,0	17	11496
170692	690	878	822	47	53	4	4	0	2548	888	2120	698	2001	32	25	291	104	2394	0,0,0,27,72,0	10437	0	429	164651	110318	69537	132512,132307,134699,140272,135819,133566,133510	1	24	30078,25555,60382,109022,39070,4011,0	23	11437
170345	778	914	872	61	66	5	5	0	2686	888	2126	688	1936	22	32	315	124	2577	0,0,0,26,73,0	10364	0	484	164744	110718	69537	132539,132336,134722,140363,135925,133674,133614	1	20	30078,25555,60382,109022,39178,4386,0	32	11358
170008	870	974	903	73	79	4	5	1	2809	888	2132	667	1994	28	28	334	137	2771	0,0,0,25,74,0	10391	0	514	164834	111148	69537	132576,132373,134753,140460,136038,133790,133725	1	29	30078,25555,60382,109022,39273,4795,0	30	11293
169645	902	1103	967	73	61	4	5	2	2960	888	2136	673	2037	35	40	375	159	2956	0,0,0,24,75,0	10515	0	532	164930	111589	69537	132621,132417,134791,140567,136159,133916,133844	1	23	30078,25555,60382,109022,39379,5221,0	28	11212
169300	887	1210	1027	86	55	3	3	4	3145	888	2138	709	1837	22	27	411	166	3105	0,0,0,22,77,0	19891	0	516	165042	112001	69537	132661,132459,134828,140697,136302,134061,133984	2	36	30078,25555,60382,109022,39476,5638,0	37	11115
168995	884	1240	1144	97	68	1	2	4	3278	888	2145	704	1865	31	28	419	165	3271	0,0,0,22,77,0	19870	0	492	165141	112403	69537	132691,132489,134855,140806,136424,134186,134103	2	25	30078,25555,60382,109022,39565,6039,0	25	11030
168554	960	1327	1190	94	79	3	1	5	3497	888	2148	692	1903	43	45	459	178	3476	0,0,0,21,78,0	10614	0	643	165272	112922	69537	132747,132546,134905,140970,136603,134374,134282	2	36	30078,25555,60382,109022,39673,6571,0	24	10919
168060	1079	1380	1260	95	79	4	2	6	3742	888	2151	704	1991	29	49	506	193	3706	0,0,0,20,79,0	10475	0	696	165402	113494	69537	132823,132623,134972,141150,136800,134578,134479	2	32	30078,25555,60382,109022,39794,7147,0	32	10810
167523	1167	1479	1356	93	80	4	3	5	3993	888	2155	715	2049	41	45	530	208	3974	0,0,0,19,80,0	10737	0	733	165557	114081	69537	132921,132722,135062,141373,137037,134824,134717	2	32	30078,25555,60382,109022,39896,7773,0	38	10685
167039	1189	1566	1409	92	101	5	3	5	4288	888	2161	703	2067	35	33	557	218	4147	0,0,0,18,81,0	10789	0	689	165706	114632	69537	133012,132816,135147,141577,137254,135050,134934	2	38	30078,25555,60382,109022,39991,8370,0	42	10560
166475	1243	1690	1529	91	103	4	3	4	4546	888	2170	666	1999	57	62	600	224	4439	0,0,0,17,82,0	10800	0	786	165855	115280	69537	133112,132916,135237,141792,137488,135295,135168	3	46	30078,25555,60382,109022,40119,9029,0	43	10436
165979	1276	1786	1597	104	102	5	2	5	4829	888	2173	680	1938	34	41	640	250	4622	0,0,0,17,82,0	19900	0	746	166001	115888	69537	133192,132998,135312,142001,137711,135528,135390	3	35	30078,25555,60382,109022,40220,9671,0	43	10303
165500	1300	1814	1714	109	115	6	2	5	5118	888	2175	696	1913	47	49	658	251	4809	0,0,0,16,83,0	20059	0	754	166150	116503	69537	133278,133087,135391,142219,137945,135774,135625	3	38	30078,25555,60382,109022,40316,10320,0	50	10172
164912	1401	1875	1807	121	114	4	1	7	5438	888	2178	679	1968	34	64	688	269	5054	0,0,0,15,84,0	10763	0	886	166306	117239	69537	133382,133191,135485,142466,138210,136053,135890	3	50	30078,25555,60382,109022,40409,11105,0	43	10038
164355	1459	1953	1919	119	114	7	1	7	5740	888	2184	670	2026	53	52	714	269	5303	0,0,0,14,85,0	10664	0	877	166461	117971	69537	133481,133291,135575,142712,138474,136331,136153	3	46	30078,25555,60382,109022,40490,11890,0	50	9904
163787	1547	2008	1994	118	120	6	2	7	6079	888	2190	668	2017	57	60	770	281	5514	0,0,0,13,86,0	10876	0	921	166614	118747	69537	133609,133418,135695,142950,138736,136608,136415	3	41	30078,25555,60382,109022,40592,12693,0	46	9783
163262	1546	2079	2049	132	123	8	3	7	6458	888	2191	684	1910	52	53	789	276	5664	0,0,0,13,86,0	10899	0	882	166798	119456	69537	133719,133528,135797,143216,139018,136907,136696	4	47	30078,25555,60382,109022,40687,13483,0	56	9629
162714	1531	2203	2111	136	138	9	3	5	6816	888	2192	676	1825	48	71	825	305	5826	0,0,0,12,87,0	10983	0	926	166959	120235	69537	133845,133650,135914,143473,139296,137203,136973	4	44	30078,25555,60382,109022,40767,14333,0	55	9500
162356	1462	2168	2241	153	142	10	3	5	7125	888	2193	659	1926	61	61	847	319	5860	0,0,0,11,88,0	20068	0	791	167107	120887	69537	133906,133714,135971,143679,139514,137442,137190	4	56	30078,25555,60382,109022,40820,15066,0	57	9374
161996	1392	2188	2324	159	156	11	3	7	7423	888	2199	656	1992	44	70	905	347	5886	0,0,0,11,88,0	20258	0	821	167253	121567	69537	133960,133771,136020,143902,139752,137699,137424	4	48	30078,25555,60382,109022,40887,15807,0	52	9244
161438	1558	2108	2377	143	147	15	3	7	7861	888	2201	657	2041	63	80	932	345	6006	0,0,0,10,89,0	11057	0	995	167453	122375	69537	134075,133887,136125,144197,140064,138035,137736	4	59	30078,25555,60382,109022,40966,16718,0	59	9076
160938	1616	2089	2367	153	144	11	3	6	8328	888	2203	660	1923	55	69	970	358	6025	0,0,0,9,90,0	11025	0	908	167586	123157	69537	134170,133984,136213,144428,140313,138305,137987	4	53	30078,25555,60382,109022,41034,17553,0	54	8966
160585	1525	2153	2382	144	151	11	2	7	8688	888	2210	653	2016	70	64	996	356	6012	0,0,0,9,90,0	11065	0	848	167746	123860	69537	134235,134050,136269,144662,140562,138577,138234	4	40	30078,25555,60382,109022,41079,18356,0	57	8836
160188	1470	2233	2373	157	147	8	3	8	9056	888	2215	636	1898	61	53	1007	348	6043	0,0,0,8,91,0	11212	0	864	167904	124574	69537	134318,134131,136343,144895,140806,138847,138479	4	45	30078,25555,60382,109022,41142,19150,0	49	8701
159853	1428	2219	2408	145	175	8	3	7	9393	888	2219	634	1989	50	85	1035	375	6011	0,0,0,8,91,0	11151	0	869	168037	125317	69537	134371,134186,136394,145099,141025,139092,138695	4	55	30078,25555,60382,109022,41194,19957,0	50	8585
159668	1367	2100	2422	146	167	8	2	7	9743	888	2228	641	1978	72	80	1056	353	5859	0,0,0,7,92,0	20284	0	750	168153	125961	69537	134385,134202,136407,145268,141203,139296,138869	5	52	30078,25555,60382,109022,41240,20655,0	59	8483
159537	1277	2034	2418	150	175	9	2	7	10018	888	2231	635	2029	48	77	1087	397	5668	0,0,0,7,92,0	20436	0	716	168303	126531	69537	134395,134213,136415,145445,141389,139510,139051	4	45	30078,25555,60382,109022,41287,21310,0	57	8358
159370	1308	1937	2372	143	162	11	4	5	10312	888	2234	649	2019	51	84	1100	402	5535	0,0,0,7,92,0	11166	0	780	168424	127200	69537	134409,134227,136428,145610,141565,139715,139223	5	52	30078,25555,60382,109022,41337,22034,0	54	8263
159213	1326	1856	2309	142	139	12	5	5	10616	888	2235	627	1858	62	80	1127	380	5409	0,0,0,7,92,0	11085	0	738	168541	127822	69537	134422,134242,136443,145757,141724,139901,139379	4	32	30078,25555,60382,109022,41373,22716,0	54	8165
159122	1273	1882	2242	139	130	12	4	5	10812	888	2237	645	2030	50	46	1097	355	5327	0,0,0,6,93,0	11153	0	731	168665	128436	69537	134436,134256,136455,145915,141891,140098,139542	4	44	30078,25555,60382,109022,41413,23404,0	52	8066
159082	1211	1868	2126	154	131	15	4	5	11022	888	2240	642	1946	50	56	1061	356	5153	0,0,0,6,93,0	11271	0	673	168758	129024	69537	134420,134241,136437,146040,142025,140259,139670	4	36	30078,25555,60382,109022,41448,24040,0	46	7989
159131	1137	1839	2102	154	134	12	4	6	11096	888	2243	654	2033	45	56	1055	329	5053	0,0,0,6,93,0	11205	0	653	168857	129582	69537	134380,134200,136394,146154,142143,140413,139785	4	30	30078,25555,60382,109022,41478,24651,0	44	7901
159250	1004	1752	2077	159	139	14	7	7	11201	888	2248	664	1941	55	58	1034	318	4834	0,0,0,5,94,0	20454	0	522	168940	130028	69537	134318,134138,136335,146242,142234,140531,139870	4	34	30078,25555,60382,109022,41512,25136,0	45	7829
159426	892	1568	2074	151	139	14	6	7	11327	888	2254	652	1914	45	69	1041	321	4523	0,0,0,5,94,0	20507	0	485	169008	130454	69537	134249,134069,136269,146295,142287,140618,139918	4	32	30078,25555,60382,109022,41531,25597,0	54	7772
159532	883	1434	1972	140	131	15	4	8	11479	888	2260	634	1969	35	70	994	313	4266	0,0,0,5,94,0	11040	0	517	169083	130904	69537	134203,134022,136227,146357,142353,140713,139979	4	30	30078,25555,60382,109022,41545,26098,0	52	7709
159783	856	1318	1858	122	122	14	3	10	11508	888	2264	643	1959	41	58	950	283	4010	0,0,0,5,94,0	11146	0	469	169152	131311	69537	134113,133934,136142,146402,142396,140791,140016	3	23	30078,25555,60382,109022,41566,26537,0	57	7650
160093	788	1241	1719	122	111	10	2	8	11496	888	2268	620	1982	40	54	915	272	3721	0,0,0,4,95,0	11091	0	424	169211	131684	69537	134012,133832,136047,146422,142417,140847,140030	3	24	30078,25555,60382,109022,41579,26941,0	45	7604
160483	714	1179	1589	123	99	7	3	7	11378	888	2276	609	1939	35	54	866	260	3454	0,0,0,4,95,0	10943	0	361	169271	131992	69537	133894,133717,135935,146429,142420,140884,140025	3	15	30078,25555,60382,109022,41588,27291,0	36	7556
160788	615	1147	1491	109	103	9	4	6	11308	888	2278	610	1995	25	59	839	279	3199	0,0,0,4,95,0	10844	0	360	169325	132301	69537	133796,133616,135842,146434,142425,140919,140023	2	14	30078,25555,60382,109022,41596,27642,0	37	7514
161240	565	1014	1432	98	99	10	4	4	11110	888	2282	620	1981	21	39	824	261	2961	0,0,0,4,95,0	20215	0	292	169383	132541	69537	133645,133465,135698,146427,142411,140939,140000	2	18	30078,25555,60382,109022,41606,27919,0	32	7460
161683	502	910	1357	100	83	8	4	4	10917	888	2290	590	1978	26	37	791	228	2736	0,0,0,3,96,0	20148	0	265	169426	132768	69537	133502,133321,135562,146407,142383,140944,139964	2	19	30078,25555,60382,109022,41612,28174,0	35	7421
162036	501	835	1263	97	67	8	4	4	10742	888	2301	581	1953	18	32	754	204	2571	0,0,0,3,96,0	10898	0	296	169472	133022	69537	133371,133186,135431,146390,142361,140953,139937	2	10	30078,25555,60382,109022,41619,28461,0	33	7377
162451	498	760	1148	75	70	9	3	5	10535	888	2304	555	1913	16	29	698	172	2391	0,0,0,3,96,0	10725	0	293	169501	133290	69537	133235,133050,135301,146358,142328,140951,139897	2	13	30078,25555,60382,109022,41626,28740,0	31	7352
162893	460	754	997	69	70	8	2	6	10291	888	2308	594	1919	19	26	632	158	2202	0,0,0,3,96,0	10696	0	239	169539	133502	69537	133090,132904,135163,146328,142291,140946,139853	1	10	30078,25555,60382,109022,41631,28978,0	26	7319
163315	445	699	932	60	78	10	3	6	9999	888	2311	600	2013	20	29	572	143	2084	0,0,0,2,97,0	10691	0	256	169576	133727	69537	132948,132761,135027,146293,142250,140937,139805	1	15	30078,25555,60382,109022,41634,29223,0	23	7289
163738	429	649	888	53	68	11	3	6	9697	888	2316	587	1952	11	38	538	145	1956	0,0,0,2,97,0	10666	0	237	169607	133938	69537	132804,132619,134889,146258,142204,140923,139752	1	12	30078,25555,60382,109022,41637,29451,0	23	7262
164230	353	635	818	50	65	11	3	6	9367	888	2320	580	1894	11	21	486	133	1802	0,0,0,1,98,0	19792	0	160	169622	134090	69537	132637,132450,134728,146196,142136,140884,139676	1	13	30078,25555,60382,109022,41641,29611,0	27	7250
164701	287	592	792	51	70	11	2	7	9025	888	2320	569	1892	18	24	447	130	1675	0,0,0,2,97,0	19683	0	165	169649	134233	69537	132476,132289,134576,146144,142076,140855,139609	1	11	30078,25555,60382,109022,41642,29776,0	22	7227
165140	301	552	733	48	55	9	1	7	8689	888	2323	597	1970	16	24	407	124	1575	0,0,0,2,97,0	10355	0	196	169670	134411	69537	132317,132129,134424,146085,142011,140820,139537	1	8	30078,25555,60382,109022,41645,29966,0	15	7209
165569	315	483	677	45	46	8	1	7	8383	888	2324	588	1970	14	25	389	118	1457	0,0,0,1,98,0	10499	0	180	169699	134564	69537	132163,131975,134276,146032,141952,140788,139471	1	6	30078,25555,60382,109022,41648,30135,0	14	7187
165972	292	442	635	44	41	6	1	5	8093	888	2327	600	1986	12	25	376	110	1351	0,0,0,1,98,0	10517	0	148	169719	134697	69537	132014,131825,134133,145972,141887,140748,139399	1	9	30078,25555,60382,109022,41649,30282,0	12	7171
166352	246	474	571	40	36	5	1	5	7797	888	2331	598	1796	8	8	344	86	1287	0,0,0,1,98,0	10224	0	154	169738	134834	69537	131863,131672,133985,145915,141821,140708,139328	1	5	30078,25555,60382,109022,41649,30432,0	11	7155
166763	250	430	551	32	36	4	1	5	7451	888	2335	611	1784	12	14	318	82	1222	0,0,0,0,99,0	10374	0	140	169757	134960	69537	131714,131523,133843,145851,141750,140665,139252	1	6	30078,25555,60382,109022,41649,30572,0	8	7141
167180	220	396	537	25	39	2	1	4	7114	888	2340	610	1989	7	18	301	71	1149	0,0,0,1,98,0	19605	0	115	169773	135065	69537	131572,131379,133707,145788,141679,140621,139175	0	6	30078,25555,60382,109022,41653,30687,0	6	7129
167596	185	355	514	21	34	1	0	5	6805	888	2342	595	1940	4	12	279	62	1048	0,0,0,1,98,0	19582	0	87	169786	135143	69537	131419,131223,133560,145718,141600,140565,139091	0	10	30078,25555,60382,109022,41653,30777,0	5	7116
167949	181	311	461	23	40	1	0	3	6542	888	2347	595	1838	10	17	248	52	965	0,0,0,1,98,0	10480	0	111	169802	135245	69537	131268,131072,133416,145650,141527,140515,139013	0	2	30078,25555,60382,109022,41655,30893,0	5	7101
168340	198	284	399	22	33	1	0	3	6229	888	2349	598	2026	6	18	245	63	874	0,0,0,1,98,0	10277	0	113	169821	135341	69537	131123,130927,133278,145582,141453,140466,138933	0	5	30078,25555,60382,109022,41656,31002,0	5	7087
168741	180	274	359	22	28	1	0	3	5899	888	2351	619	1785	6	10	226	54	810	0,0,0,1,98,0	10394	0	91	169831	135425	69537	130965,130768,133126,145506,141367,140405,138842	0	3	30078,25555,60382,109022,41657,31088,0	4	7079
169097	164	248	340	16	35	4	0	3	5598	888	2353	625	1738	5	8	203	53	754	0,0,0,1,98,0	10348	0	86	169844	135505	69537	130817,130618,132981,145437,141290,140349,138761	0	3	30078,25555,60382,109022,41658,31177,0	4	7066
169428	153	239	309	11	32	3	0	3	5326	888	2354	628	1863	2	16	194	49	698	0,0,0,1,98,0	10354	0	65	169855	135565	69537	130679,130479,132849,145363,141210,140288,138674	0	2	30078,25555,60382,109022,41658,31243,0	8	7059
169771	141	232	284	14	28	3	0	3	5023	888	2359	644	1961	4	7	168	42	660	0,0,0,1,98,0	19598	0	79	169867	135638	69537	130539,130337,132715,145295,141135,140235,138594	0	1	30078,25555,60382,109022,41659,31324,0	5	7049
170103	131	234	260	13	21	4	0	3	4729	888	2360	647	1793	1	6	163	40	623	0,0,0,1,98,0	19688	0	75	169876	135707	69537	130403,130200,132584,145229,141059,140180,138515	0	3	30078,25555,60382,109022,41660,31398,0	5	7040
170390	127	214	260	12	20	4	1	2	4462	888	2366	648	1800	5	7	149	32	606	0,0,0,1,98,0	10290	0	71	169886	135769	69537	130268,130063,132455,145156,140982,140120,138432	0	6	30078,25555,60382,109022,41660,31467,0	7	7031
170651	126	204	257	18	17	3	0	3	4210	888	2369	662	1770	1	11	139	38	587	0,0,0,1,98,0	10281	0	75	169899	135838	69537	130136,129931,132325,145091,140912,140066,138359	0	3	30078,25555,60382,109022,41660,31545,0	5	7021
170935	109	186	256	17	15	2	0	2	3963	888	2373	644	1820	2	3	121	25	560	0,0,0,1,98,0	10208	0	63	169906	135895	69537	130007,129802,132203,145018,140835,140006,138276	0	2	30078,25555,60382,109022,41662,31605,0	4	7014
171192	106	176	246	13	14	3	0	1	3731	888	2376	642	1912	6	5	108	23	535	0,0,0,1,98,0	10158	0	61	169919	135948	69537	129876,129672,132076,144950,140761,139948,138199	0	2	30078,25555,60382,109022,41662,31668,0	6	7001
171449	106	156	217	17	13	3	0	1	3515	888	2381	665	1826	3	8	100	26	486	0,0,0,0,99,0	10238	0	52	169928	135997	69537	129742,129536,131944,144881,140686,139889,138121	0	6	30078,25555,60382,109022,41662,31721,0	6	6992
171693	104	142	207	10	12	2	0	1	3301	888	2386	670	1797	3	6	94	23	454	0,0,0,0,99,0	19394	0	47	169932	136043	69537	129621,129416,131827,144809,140612,139829,138042	0	1	30078,25555,60382,109022,41662,31768,0	3	6989
171931	84	147	199	12	11	1	0	1	3084	888	2388	632	1957	3	4	90	18	436	0,0,0,0,99,0	19372	0	51	169944	136082	69537	129507,129301,131719,144744,140541,139773,137968	0	2	30078,25555,60382,109022,41662,31816,0	1	6981
172144	75	143	182	10	13	2	0	0	2898	888	2391	637	1759	2	5	83	21	404	0,0,0,0,99,0	10144	0	39	169950	136119	69537	129385,129177,131597,144671,140462,139707,137887	0	3	30078,25555,60382,109022,41662,31855,0	1	6976
172348	88	125	173	8	13	2	0	0	2707	888	2394	635	1972	5	7	79	22	387	0,0,0,0,99,0	9996	0	56	169963	136167	69537	129262,129053,131478,144607,140393,139653,137816	0	2	30078,25555,60382,109022,41662,31916,0	4	6964
172512	84	123	173	6	7	1	0	0	2553	888	2399	619	1788	2	3	77	20	374	0,0,0,0,99,0	10200	0	41	169966	136209	69537	129149,128940,131367,144538,140321,139591,137741	0	0	30078,25555,60382,109022,41662,31959,0	4	6963
172668	75	132	161	4	7	1	0	0	2405	888	2405	633	1795	0	0	71	15	365	0,0,0,0,99,0	10185	0	49	169976	136253	69537	129040,128830,131259,144478,140258,139538,137677	0	6	30078,25555,60382,109022,41662,32008,0	3	6956
172829	73	119	162	5	6	0	0	0	2254	888	2410	640	1819	3	4	62	12	353	0,0,0,0,99,0	10050	0	37	169978	136293	69537	128926,128716,131146,144407,140186,139475,137602	0	2	30078,25555,60382,109022,41662,32047,0	3	6954
173015	60	117	158	8	7	0	0	0	2081	888	2412	673	1794	2	5	64	15	335	0,0,0,0,99,0	19324	0	28	169984	136318	69537	128816,128605,131039,144343,140117,139418,137531	0	0	30078,25555,60382,109022,41663,32076,0	5	6952
173177	59	106	148	7	4	0	0	0	1942	888	2415	719	1906	2	2	59	10	314	0,0,0,0,99,0	19229	0	35	169990	136351	69537	128712,128501,130937,144284,140053,139365,137465	0	2	30078,25555,60382,109022,41663,32114,0	6	6946
173289	61	92	143	6	8	0	0	0	1835	888	2424	703	1786	6	1	49	12	298	0,0,0,0,99,0	10183	0	33	169996	136381	69537	128610,128399,130836,144222,139988,139309,137399	0	2	30078,25555,60382,109022,41663,32149,0	8	6941
173400	68	86	136	6	8	0	0	0	1725	888	2429	668	1920	2	7	54	19	285	0,0,0,0,99,0	10254	0	36	170004	136416	69537	128510,128299,130739,144158,139923,139251,137332	0	2	30078,25555,60382,109022,41663,32186,0	6	6935
173491	61	95	120	7	7	0	1	0	1643	888	2433	662	1977	2	2	52	16	275	0,0,0,0,99,0	10120	0	30	170012	136442	69537	128415,128203,130644,144099,139860,139196,137268	0	2	30078,25555,60382,109022,41663,32219,0	3	6928
173602	55	89	116	11	6	0	1	0	1542	888	2436	625	1922	2	4	50	16	262	0,0,0,0,99,0	10122	0	28	170014	136471	69537	128312,128100,130544,144031,139790,139134,137197	0	0	30078,25555,60382,109022,41663,32248,0	4	6926
173686	48	95	98	10	6	0	1	0	1472	888	2442	617	1807	0	2	44	13	245	0,0,0,0,99,0	9936	0	27	170015	136501	69537	128214,128002,130447,143965,139722,139072,137128	0	0	30078,25555,60382,109022,41663,32278,0	3	6925
173794	44	80	98	7	8	0	1	0	1377	888	2449	625	1787	2	6	40	13	225	0,0,0,0,99,0	19487	0	17	170017	136520	69537	128118,127905,130353,143903,139657,139015,137062	0	0	30078,25555,60382,109022,41663,32297,0	3	6923
173892	37	77	94	9	8	0	1	0	1285	888	2455	630	1763	0	3	44	11	215	0,0,0,0,99,0	19343	0	19	170024	136535	69537	128024,127810,130260,143848,139599,138963,137003	0	0	30078,25555,60382,109022,41663,32319,0	3	6917
173970	45	62	85	9	10	0	1	0	1216	888	2460	610	1858	1	9	45	14	198	0,0,0,0,99,0	9881	0	25	170025	136562	69537	127923,127710,130161,143781,139531,138900,136933	0	1	30078,25555,60382,109022,41663,32344,0	3	6916
