S	E	I1	I2	I3	I4	I5_h	I6_h	R_h	R	D1	D2	H	T	P1	P2	Q	QT	NQ	MUT	HOM	VAC	NI	INF	REINF	BSTR	IMM	HCI	HCE	INFV	INFH	VNI
178125	107	123	52	46	37	9	2	0	245	0	0	215	0	0	0	61	61	315	0,0,0,0,0,0	178746	0	0	376	0	0	621,621,621,621,621,621,621	0	0	0,0,0,0,0,0,0	0	0
178082	80	175	54	47	41	11	2	0	252	0	2	324	306	3	74	114	73	337	0,0,0,0,0,0	12595	0	52	431	0	0	664,664,664,664,664,664,664	0	2	55,0,0,0,0,0,0	12	0
178035	84	169	67	52	47	13	2	0	275	0	2	429	317	0	17	333	76	358	0,0,0,0,0,0	12569	0	61	492	0	0	712,712,712,712,712,712,712	0	1	116,0,0,0,0,0,0	13	0
177979	103	178	82	51	46	13	1	0	287	1	5	499	105	1	26	626	101	373	0,0,0,0,0,0	13235	0	74	566	0	0	769,769,769,769,769,769,769	0	7	190,0,0,0,0,0,0	15	0
177915	106	200	96	54	43	12	0	0	311	2	7	514	280	0	18	695	114	397	0,0,0,0,0,0	25442	0	74	640	0	0	836,836,836,836,836,836,836	0	5	264,0,0,0,0,0,0	15	0
177875	98	202	113	59	42	12	3	0	329	2	11	560	89	1	14	789	127	402	0,0,0,0,0,0	25250	0	57	698	0	0	880,880,880,880,880,880,880	0	4	322,0,0,0,0,0,0	15	0
177816	105	206	126	55	42	11	5	0	366	2	12	576	272	1	16	969	145	405	0,0,0,0,0,0	13823	0	71	768	1	0	943,943,943,943,943,943,943	0	5	393,0,0,0,0,0,0	17	0
177747	118	221	126	51	47	12	4	0	403	3	14	633	259	1	12	1027	158	421	0,0,0,0,0,0	13825	0	90	859	1	0	1019,1019,1019,1018,1018,1018,1018	0	5	484,0,0,0,0,0,0	22	0
177689	116	225	136	60	62	12	5	0	422	3	16	639	261	0	21	1483	189	427	0,0,0,0,0,0	14252	0	84	943	1	0	1084,1084,1084,1082,1082,1082,1082	0	8	568,0,0,0,0,0,0	24	0
177632	111	243	136	59	64	14	4	0	461	5	17	681	265	0	30	1698	215	416	0,0,0,0,0,0	14303	0	80	1023	2	0	1149,1149,1149,1146,1146,1146,1146	0	9	649,0,0,0,0,0,0	25	0
177559	122	260	134	70	68	17	5	0	485	5	21	663	99	1	20	1937	236	440	0,0,0,0,0,0	14757	0	102	1125	4	0	1236,1235,1235,1230,1230,1230,1230	0	5	753,0,0,0,0,0,0	35	0
177500	125	246	144	70	66	20	8	0	538	5	24	656	242	0	20	1863	246	433	0,0,0,0,0,0	26916	0	73	1197	6	0	1304,1302,1302,1295,1295,1295,1295	0	5	827,0,0,0,0,0,0	38	0
177442	120	264	148	70	68	25	8	0	569	6	26	683	83	0	21	2000	250	453	0,0,0,0,0,0	26557	0	82	1278	8	0	1379,1376,1376,1364,1364,1364,1364	0	12	910,0,0,0,0,0,0	42	0
177365	137	270	165	69	71	24	7	0	602	7	29	698	327	4	35	1959	266	477	0,0,0,0,0,0	14998	0	103	1382	9	0	1473,1469,1469,1453,1453,1453,1453	0	11	1015,0,0,0,0,0,0	50	0
177306	141	287	180	67	64	24	7	0	631	7	32	689	102	0	23	2057	274	496	0,0,0,0,0,0	14954	0	87	1470	9	0	1550,1544,1544,1523,1523,1523,1523	1	14	1103,0,0,0,0,0,0	50	0
177235	139	291	187	69	84	23	7	0	668	7	36	703	256	1	22	2049	288	512	0,0,0,0,0,0	15055	0	101	1569	11	0	1644,1636,1636,1608,1608,1608,1608	1	9	1204,0,0,0,0,0,0	45	0
177171	142	298	191	75	85	24	10	0	705	7	38	743	258	3	21	2137	304	521	0,0,0,0,0,0	15026	0	94	1664	12	0	1728,1718,1718,1685,1685,1685,1685	1	15	1300,0,0,0,0,0,0	44	0
177103	147	317	185	79	76	24	11	0	755	7	42	740	91	0	30	1917	303	536	0,0,0,0,0,0	15104	0	106	1771	12	0	1824,1812,1812,1771,1771,1771,1771	1	11	1407,0,0,0,0,0,0	51	0
177034	156	297	210	90	87	26	12	1	778	7	48	717	263	1	23	1932	303	575	0,0,0,0,0,0	26343	0	101	1873	13	0	1920,1906,1906,1857,1857,1857,1857	1	10	1510,0,0,0,0,0,0	67	0
176981	158	296	212	75	89	29	12	1	832	7	54	734	95	1	33	1859	307	564	0,0,0,0,0,0	26478	0	94	1967	14	0	2007,1991,1991,1931,1931,1931,1931	1	7	1605,0,0,0,0,0,0	62	0
176912	164	319	218	81	85	26	12	1	862	7	59	729	281	5	27	1978	310	595	0,0,0,0,0,0	15176	0	116	2082	15	0	2115,2095,2095,2022,2022,2022,2022	1	8	1721,0,0,0,0,0,0	63	0
176833	162	329	238	95	89	23	14	0	892	7	64	746	243	2	26	1886	314	636	0,0,0,0,0,0	15046	0	126	2206	17	0	2229,2205,2205,2122,2122,2122,2122	1	13	1846,0,0,0,0,0,0	61	0
176755	173	346	231	93	95	22	12	2	939	7	71	737	266	0	30	2063	307	665	0,0,0,0,0,0	14997	0	124	2329	18	0	2345,2318,2318,2224,2224,2224,2224	1	10	1969,0,0,0,0,0,0	51	0
176681	172	384	224	85	84	22	9	2	1000	9	74	722	272	3	26	2110	300	680	0,0,0,0,0,0	15130	0	122	2451	19	0	2459,2429,2429,2320,2320,2320,2320	1	13	2092,0,0,0,0,0,0	50	0
176596	190	384	241	86	89	24	9	2	1039	9	77	708	85	1	26	2326	321	702	0,0,0,0,0,0	15182	0	126	2576	21	0	2582,2547,2547,2425,2425,2425,2425	1	13	2219,0,0,0,0,0,0	54	0
176517	196	391	260	79	108	26	8	2	1067	10	82	721	83	1	26	2409	331	737	0,0,0,0,0,0	27105	0	139	2714	23	0	2707,2669,2669,2530,2530,2530,2530	1	15	2357,0,0,0,0,0,0	62	0
176464	187	381	262	91	126	25	6	3	1103	11	87	714	297	3	43	2620	354	724	0,0,0,0,0,0	27336	0	113	2828	24	0	2813,2769,2769,2613,2613,2613,2613	1	13	2472,0,0,0,0,0,0	66	0
176382	188	408	258	102	128	26	6	3	1140	11	94	691	243	1	44	2962	371	745	0,0,0,0,0,0	15848	0	137	2967	24	0	2942,2894,2894,2720,2720,2720,2720	1	21	2611,0,0,0,0,0,0	62	0
176267	220	432	246	108	105	29	10	3	1217	11	98	687	255	3	36	3037	370	780	0,0,0,0,0,0	16146	0	174	3142	24	0	3109,3055,3055,2863,2863,2863,2863	2	15	2786,0,0,0,0,0,0	64	0
176168	244	434	252	117	104	30	12	3	1269	12	101	652	252	2	40	3129	390	803	0,0,0,0,0,0	16144	0	159	3302	24	0	3263,3204,3204,2991,2991,2991,2991	2	13	2946,0,0,0,0,0,0	72	0
176069	248	475	255	119	99	32	14	3	1309	13	110	648	239	1	39	3317	388	854	0,0,0,0,0,0	16266	0	166	3468	24	0	3428,3361,3361,3125,3125,3125,3125	2	20	3112,0,0,0,0,0,0	77	0
175972	284	477	256	122	126	27	14	3	1339	13	113	668	241	4	37	3410	418	888	0,0,0,0,0,0	16131	0	187	3655	24	0	3603,3529,3529,3264,3264,3264,3264	2	18	3299,0,0,0,0,0,0	75	0
175885	261	517	264	122	131	32	16	3	1383	13	119	665	246	1	47	3283	439	904	0,0,0,0,0,0	27806	0	153	3805	27	0	3750,3670,3670,3383,3383,3383,3383	2	16	3449,0,0,0,0,0,0	77	0
175783	241	540	281	132	140	31	16	2	1441	14	125	656	239	0	37	3447	466	915	0,0,0,0,0,0	28042	0	165	3967	31	0	3911,3825,3825,3515,3515,3515,3515	2	9	3612,0,0,0,0,0,0	90	0
175633	275	580	288	127	139	33	18	2	1507	15	129	669	240	4	45	3740	476	984	0,0,0,0,0,0	16883	0	229	4196	32	0	4132,4038,4038,3703,3703,3703,3703	2	24	3842,0,0,0,0,0,0	83	0
175530	276	565	308	144	162	34	17	3	1559	15	133	664	278	2	55	3853	497	1009	0,0,0,0,0,0	16630	0	181	4378	32	0	4308,4206,4206,3843,3843,3843,3843	2	17	4024,0,0,0,0,0,0	81	0
175443	256	615	333	139	174	34	19	3	1578	16	136	645	314	1	47	3674	500	1070	0,0,0,0,0,0	16772	0	196	4574	33	0	4496,4384,4384,3983,3983,3983,3983	2	26	4221,0,0,0,0,0,0	91	0
175287	301	623	355	157	171	35	16	4	1636	20	141	630	242	4	58	3703	525	1133	0,0,0,0,0,0	16505	0	244	4819	34	0	4733,4613,4613,4181,4181,4181,4181	2	31	4467,0,0,0,0,0,0	81	0
175135	354	615	359	161	185	37	17	4	1711	21	147	605	248	1	44	3817	519	1209	0,0,0,0,0,0	16694	0	238	5054	37	0	4966,4837,4837,4375,4375,4375,4375	2	23	4702,0,0,0,0,0,0	83	0
175042	343	623	379	158	187	34	24	3	1781	22	150	622	320	2	57	3525	532	1216	0,0,0,0,0,0	28334	0	194	5250	38	0	5154,5015,5015,4516,4516,4516,4516	2	16	4898,0,0,0,0,0,0	91	0
174927	340	649	393	158	185	36	21	4	1852	26	155	622	237	4	65	3751	558	1224	0,0,0,0,0,0	28092	0	212	5462	39	0	5359,5211,5211,4678,4678,4678,4678	2	13	5110,0,0,0,0,0,0	90	0
174772	349	691	406	166	202	36	22	2	1910	28	162	612	294	5	50	4213	590	1282	0,0,0,0,0,0	16968	0	255	5719	39	0	5613,5455,5455,4885,4885,4885,4885	3	26	5367,0,0,0,0,0,0	87	0
174623	354	739	418	180	214	36	25	1	1961	29	166	602	234	3	66	4373	638	1328	0,0,0,0,0,0	17319	0	266	5985	40	0	5868,5698,5698,5087,5087,5087,5087	3	30	5634,0,0,0,0,0,0	91	0
174452	407	762	451	184	221	34	26	1	2005	31	172	573	251	0	52	4589	647	1438	0,0,0,0,0,0	17611	0	297	6280	43	0	6159,5977,5977,5320,5320,5320,5320	3	33	5930,0,0,0,0,0,0	89	0
174305	424	775	447	204	228	33	27	1	2092	32	178	561	245	3	57	4733	643	1495	0,0,0,0,0,0	17298	0	277	6555	45	0	6432,6236,6236,5531,5531,5531,5531	3	29	6205,0,0,0,0,0,0	86	0
174125	432	824	484	199	231	36	29	2	2170	33	181	524	222	5	76	4711	691	1544	0,0,0,0,0,0	17481	0	309	6861	48	0	6730,6522,6522,5771,5771,5771,5771	3	30	6511,0,0,0,0,0,0	81	0
174019	416	808	518	224	233	35	32	2	2238	36	185	539	250	2	65	4854	709	1557	0,0,0,0,0,0	29056	0	243	7102	50	0	6967,6744,6744,5943,5943,5943,5943	3	26	6752,0,0,0,0,0,0	81	0
173893	406	860	495	223	234	38	34	2	2335	37	189	511	329	4	73	4789	730	1560	0,0,0,0,0,0	29278	0	260	7362	51	0	7220,6984,6984,6134,6134,6134,6134	4	23	7012,0,0,0,0,0,0	90	0
173696	432	866	534	236	241	41	38	2	2431	39	190	534	235	3	98	5656	809	1579	0,0,0,0,0,0	18300	0	317	7677	54	0	7528,7280,7280,6387,6387,6387,6387	4	39	7327,0,0,0,0,0,0	104	0
173531	451	893	539	249	230	45	40	5	2528	40	195	497	247	4	84	5810	819	1628	0,0,0,0,0,0	18776	0	313	7988	56	0	7831,7569,7569,6621,6621,6621,6621	4	29	7638,0,0,0,0,0,0	101	0
173394	444	923	574	238	219	52	42	6	2616	41	197	482	247	5	66	5689	777	1715	0,0,0,0,0,0	33903	0	293	8286	57	0	8121,7842,7842,6835,6835,6835,6835	4	35	7937,0,0,0,0,0,0	112	0
173254	445	922	586	246	215	55	38	8	2728	44	205	482	312	6	66	5455	752	1755	0,0,0,0,0,0	33995	0	287	8571	60	0	8404,8110,8110,7047,7047,7047,7047	4	32	8222,0,0,0,0,0,0	126	0
173119	447	954	608	221	213	56	36	9	2831	47	205	464	245	5	68	5601	776	1759	0,0,0,0,0,0	33773	0	295	8866	60	0	8688,8379,8379,7257,7257,7257,7257	4	29	8517,0,0,0,0,0,0	125	0
173034	420	962	600	229	236	59	35	10	2902	49	210	470	156	5	62	5945	788	1753	0,0,0,0,0,0	46502	0	258	9123	62	0	8938,8610,8610,7425,7425,7425,7425	4	18	8775,0,0,0,0,0,0	133	0
172966	399	922	611	270	260	59	35	10	2951	51	212	456	264	5	78	6042	829	1727	0,0,0,0,0,0	47011	0	256	9377	65	0	9180,8834,8834,7581,7581,7581,7581	4	10	9029,0,0,0,0,0,0	128	0
172839	403	900	616	265	297	58	34	9	3058	54	213	439	289	5	102	6444	906	1667	0,0,0,0,0,0	34480	0	290	9664	70	0	9457,9095,9095,7783,7783,7783,7783	4	29	9316,0,0,0,0,0,0	126	0
172744	407	898	608	269	294	62	33	10	3150	56	215	425	345	4	110	6265	942	1629	0,0,0,0,0,0	34195	0	286	9952	70	0	9733,9351,9351,7968,7968,7968,7968	4	34	9604,0,0,0,0,0,0	120	0
172675	430	852	597	268	288	69	35	8	3249	57	218	450	268	8	79	6538	915	1624	0,0,0,0,0,0	34138	0	261	10212	73	0	9981,9580,9580,8127,8127,8127,8127	4	31	9865,0,0,0,0,0,0	123	0
172626	451	851	579	254	269	78	37	8	3313	58	222	453	268	5	84	6326	905	1614	0,0,0,0,0,0	34682	0	266	10478	74	0	10237,9814,9814,8280,8280,8280,8280	4	25	10131,0,0,0,0,0,0	133	0
172564	430	907	564	251	258	81	40	7	3364	58	222	465	234	2	81	6675	967	1564	0,0,0,0,0,0	34528	0	261	10742	75	0	10487,10044,10044,8435,8435,8435,8435	4	31	10396,0,0,0,0,0,0	141	0
172524	418	859	560	264	277	82	38	8	3432	60	224	457	337	4	58	6665	956	1542	0,0,0,0,0,0	47698	0	235	10974	79	0	10708,10246,10246,8566,8566,8566,8566	4	21	10628,0,0,0,0,0,0	149	0
172533	390	833	569	268	259	86	41	9	3471	60	227	451	297	2	76	6634	955	1491	0,0,0,0,0,0	47458	0	213	11186	82	0	10908,10423,10423,8662,8662,8662,8662	4	15	10840,0,0,0,0,0,0	164	0
172478	408	791	599	258	246	87	41	9	3534	65	230	438	258	3	72	6277	927	1503	0,0,0,0,0,0	34222	0	258	11443	85	0	11154,10649,10649,8812,8812,8812,8812	4	33	11098,0,0,0,0,0,0	148	0
172482	385	792	574	238	237	88	41	11	3597	66	235	463	267	6	63	6436	877	1478	0,0,0,0,0,0	33921	0	231	11673	87	0	11372,10842,10842,8917,8917,8917,8917	4	30	11329,0,0,0,0,0,0	153	0
172479	377	787	572	228	227	89	46	12	3626	67	236	453	284	4	76	5993	877	1449	0,0,0,0,0,0	34217	0	232	11904	89	0	11587,11035,11035,9026,9026,9026,9026	4	31	11560,0,0,0,0,0,0	155	0
172489	367	794	553	221	234	83	48	13	3638	68	238	423	254	0	55	5962	832	1468	0,0,0,0,0,0	33961	0	234	12134	93	0	11804,11227,11227,9129,9129,9129,9129	4	22	11792,0,0,0,0,0,0	157	0
172493	341	796	507	223	225	83	45	13	3708	73	239	435	282	4	70	5909	772	1448	0,0,0,0,0,0	34160	0	210	12344	93	0	12000,11401,11401,9223,9223,9223,9223	4	30	12002,0,0,0,0,0,0	149	0
172533	321	756	517	229	208	76	40	14	3732	78	242	441	250	6	54	5354	725	1422	0,0,0,0,0,0	46600	0	198	12540	95	0	12182,11560,11560,9294,9294,9294,9294	4	21	12198,0,0,0,0,0,0	150	0
172546	321	742	533	214	217	71	39	16	3722	79	246	434	255	2	67	5317	716	1421	0,0,0,0,0,0	46278	0	216	12753	98	0	12381,11737,11737,9387,9387,9387,9387	4	19	12411,0,0,0,0,0,0	145	0
172551	329	750	538	225	218	62	40	17	3684	80	252	446	271	2	63	4972	701	1461	0,0,0,0,0,0	33438	0	247	12992	107	0	12610,11940,11940,9497,9497,9497,9497	3	33	12652,0,0,0,0,0,0	128	0
172535	328	751	516	217	223	66	40	19	3716	80	255	432	308	1	70	5004	737	1404	0,0,0,0,0,0	32923	0	229	13221	108	0	12825,12133,12133,9610,9610,9610,9610	3	22	12881,0,0,0,0,0,0	130	0
172532	331	745	500	221	225	65	38	19	3730	84	256	440	228	0	64	5332	719	1406	0,0,0,0,0,0	33175	0	210	13429	115	0	13018,12306,12306,9706,9706,9706,9706	4	23	13090,0,0,0,0,0,0	134	0
172536	335	738	492	205	226	62	40	17	3752	85	258	468	230	6	61	5174	697	1401	0,0,0,0,0,0	33234	0	225	13649	120	0	13223,12488,12488,9804,9804,9804,9804	4	21	13310,0,0,0,0,0,0	129	0
172517	355	733	500	215	209	58	37	18	3754	90	260	457	245	4	69	5118	704	1403	0,0,0,0,0,0	33363	0	242	13889	124	0	13448,12691,12691,9924,9924,9924,9924	4	30	13550,0,0,0,0,0,0	124	0
172563	308	711	501	226	223	58	36	18	3746	93	263	455	306	5	58	4899	703	1360	0,0,0,0,0,0	46284	0	176	14063	127	0	13608,12829,12829,9979,9979,9979,9979	4	14	13725,0,0,0,0,0,0	120	0
172623	269	685	494	234	213	62	34	18	3752	94	268	430	266	3	62	4747	706	1285	0,0,0,0,0,0	46230	0	159	14219	130	0	13753,12952,12952,10020,10020,10020,10020	3	17	13881,0,0,0,0,0,0	118	0
172623	310	649	481	227	209	68	32	15	3762	98	272	428	251	2	64	5111	710	1266	0,0,0,0,0,0	32703	0	218	14438	131	0	13958,13134,13134,10120,10120,10120,10120	3	21	14100,0,0,0,0,0,0	116	0
172692	316	619	480	217	204	75	33	12	3720	101	277	428	235	0	59	5010	708	1236	0,0,0,0,0,0	32890	0	182	14619	134	0	14123,13274,13274,10164,10164,10164,10164	3	22	14281,0,0,0,0,0,0	116	0
172772	307	619	466	203	203	77	31	10	3674	104	280	414	214	1	61	5066	703	1203	0,0,0,0,0,0	32681	0	184	14802	135	0	14290,13414,13414,10205,10205,10205,10205	3	18	14464,0,0,0,0,0,0	128	0
172838	281	617	457	194	199	84	32	10	3648	104	282	413	241	2	55	5001	713	1151	0,0,0,0,0,0	33010	0	162	14964	135	0	14436,13538,13538,10242,10242,10242,10242	3	20	14626,0,0,0,0,0,0	133	0
172911	273	633	448	183	199	83	32	10	3582	108	284	390	103	7	39	4611	651	1200	0,0,0,0,0,0	33076	0	187	15149	137	0	14604,13679,13679,10286,10286,10286,10286	3	26	14811,0,0,0,0,0,0	136	0
173000	263	589	458	181	213	77	27	13	3528	112	285	406	298	0	43	4415	615	1193	0,0,0,0,0,0	45511	0	158	15306	139	0	14744,13795,13795,10309,10309,10309,10309	3	12	14969,0,0,0,0,0,0	127	0
173067	267	537	451	173	198	75	23	16	3534	117	288	445	262	4	65	4416	586	1138	0,0,0,0,0,0	45626	0	152	15458	139	0	14882,13911,13911,10342,10342,10342,10342	3	10	15121,0,0,0,0,0,0	114	0
173100	260	562	419	172	195	70	26	15	3519	118	290	445	305	4	55	4663	586	1118	0,0,0,0,0,0	32453	0	183	15638	143	0	15048,14055,14055,10404,10404,10404,10404	3	18	15302,0,0,0,0,0,0	114	0
173171	268	542	431	182	166	72	26	13	3459	124	292	439	341	1	52	4652	595	1092	0,0,0,0,0,0	32870	0	172	15806	147	0	15197,14180,14180,10438,10438,10438,10438	3	15	15470,0,0,0,0,0,0	104	0
173211	263	549	413	167	154	69	29	14	3459	124	294	443	246	3	47	4695	562	1082	0,0,0,0,0,0	32458	0	174	15978	149	0	15354,14315,14315,10491,10491,10491,10491	3	15	15642,0,0,0,0,0,0	109	0
173252	293	532	406	174	161	70	28	13	3394	125	298	436	267	2	46	4350	575	1089	0,0,0,0,0,0	32661	0	179	16155	153	0	15516,14455,14455,10548,10548,10548,10548	3	15	15819,0,0,0,0,0,0	114	0
173301	300	526	405	160	169	75	30	10	3344	125	301	408	233	3	44	4186	552	1113	0,0,0,0,0,0	32191	0	162	16316	155	0	15662,14580,14580,10591,10591,10591,10591	3	20	15980,0,0,0,0,0,0	115	0
173386	271	541	367	172	170	68	29	10	3303	127	302	428	245	2	48	3856	541	1077	0,0,0,0,0,0	45230	0	143	16458	158	0	15787,14682,14682,10607,10607,10607,10607	3	10	16122,0,0,0,0,0,0	121	0
173435	255	550	351	176	168	68	28	7	3275	130	303	414	236	1	41	3973	531	1065	0,0,0,0,0,0	45297	0	156	16612	161	0	15925,14800,14800,10648,10648,10648,10648	2	11	16276,0,0,0,0,0,0	121	0
173496	247	566	343	170	169	67	27	6	3218	132	305	439	244	1	67	4460	562	1027	0,0,0,0,0,0	32248	0	168	16779	163	0	16074,14926,14926,10687,10687,10687,10687	3	26	16443,0,0,0,0,0,0	122	0
173540	252	573	349	149	169	70	27	6	3168	134	309	461	267	5	38	4357	528	1061	0,0,0,0,0,0	32421	0	174	16952	165	0	16228,15059,15059,10735,10735,10735,10735	3	25	16616,0,0,0,0,0,0	117	0
173587	228	575	354	131	167	65	32	6	3151	136	314	447	241	4	51	3927	502	1050	0,0,0,0,0,0	32007	0	143	17095	166	0	16358,15169,15169,10771,10771,10771,10771	2	17	16759,0,0,0,0,0,0	119	0
173612	238	572	366	134	174	62	31	5	3095	140	317	455	252	0	53	3946	521	1056	0,0,0,0,0,0	45332	0	177	17271	168	0	16519,15310,15310,10833,10833,10833,10833	2	12	16935,0,0,0,0,0,0	122	0
173680	246	534	380	142	178	58	29	10	3030	140	319	449	234	5	42	4006	508	1059	0,0,0,0,0,0	45456	0	158	17428	170	0	16659,15427,15427,10863,10863,10863,10863	2	12	17092,0,0,0,0,0,0	116	0
173735	250	487	393	133	178	62	25	11	3008	143	321	430	223	1	41	3953	491	1037	0,0,0,0,0,0	45589	0	128	17556	170	0	16772,15522,15522,10887,10887,10887,10887	2	15	17220,0,0,0,0,0,0	114	0
173829	207	465	362	139	171	59	24	11	3009	146	324	431	273	2	56	4051	494	933	0,0,0,0,0,0	45295	31	114	17668	172	0	16870,15598,15598,10884,10884,10884,10884	2	11	17332,0,0,0,0,0,0	106	27
173902	210	431	330	163	170	64	28	12	2961	147	328	451	317	2	68	4227	530	866	0,0,0,0,0,0	32323	32	135	17802	173	0	16990,15697,15697,10900,10900,10900,10900	2	18	17467,0,0,0,0,0,0	107	53
173979	217	396	318	162	176	61	24	13	2918	151	331	460	303	2	58	4212	543	811	0,0,0,0,0,0	32421	32	122	17922	175	0	17093,15780,15780,10905,10905,10905,10905	2	16	17588,0,0,0,0,0,0	100	83
174065	205	405	312	141	163	62	23	13	2867	154	336	464	246	2	51	4305	537	774	0,0,0,0,0,0	32488	20	125	18047	176	0	17203,15869,15869,10911,10911,10911,10911	2	9	17713,0,0,0,0,0,0	102	99
174139	199	408	315	151	142	64	20	13	2801	155	339	466	215	2	34	3844	502	797	0,0,0,0,0,0	32101	31	121	18166	179	0	17307,15954,15954,10919,10919,10919,10919	2	22	17832,0,0,0,0,0,0	101	121
174221	189	425	304	142	138	60	19	12	2736	157	343	468	254	2	30	4190	489	788	0,0,0,0,0,0	32054	27	123	18290	179	0	17417,16042,16042,10925,10925,10925,10925	2	13	17956,0,0,0,0,0,0	96	143
174299	184	420	289	137	132	61	21	11	2690	157	345	491	274	2	31	3989	455	789	0,0,0,0,0,0	38905	19	114	18403	181	0	17515,16121,16121,10929,10929,10929,10929	2	11	18069,0,0,0,0,0,0	102	161
174349	174	408	296	130	128	58	19	11	2666	159	348	477	245	1	39	3480	439	774	0,0,0,0,0,0	38596	113	113	18517	182	0	17627,16216,16216,10954,10954,10954,10954	2	9	18184,0,0,0,0,0,0	99	259
174427	178	401	289	132	134	54	21	10	2592	159	349	454	262	1	39	3466	433	776	0,0,0,0,0,0	26455	123	120	18636	183	0	17739,16308,16308,10963,10963,10963,10963	2	11	18303,0,0,0,0,0,0	95	363
174489	185	393	282	123	126	55	21	11	2552	159	350	451	251	2	40	3417	418	767	0,0,0,0,0,0	26424	141	121	18756	185	0	17851,16402,16402,10980,10980,10980,10980	2	20	18423,0,0,0,0,0,0	89	485
174520	200	379	282	128	126	52	23	10	2513	159	354	460	242	5	35	3287	419	771	0,0,0,0,0,0	26152	129	133	18886	188	0	17974,16509,16509,11018,11018,11018,11018	2	15	18553,0,0,0,0,0,0	97	592
174563	194	403	261	126	116	51	21	8	2483	163	357	456	236	1	37	2988	375	797	0,0,0,0,0,0	26451	141	133	19019	190	0	18100,16617,16617,11051,11051,11051,11051	2	15	18686,0,0,0,0,0,0	96	710
174616	194	396	263	131	124	48	20	7	2421	165	361	458	242	3	49	2847	384	792	0,0,0,0,0,0	26052	137	123	19144	190	0	18220,16718,16718,11076,11076,11076,11076	2	12	18811,0,0,0,0,0,0	98	833
174706	190	358	278	127	125	50	22	6	2353	167	364	479	250	1	34	2621	381	769	0,0,0,0,0,0	37524	132	95	19240	190	0	18308,16788,16788,11068,11068,11068,11068	2	7	18907,0,0,0,0,0,0	96	947
174726	181	377	253	123	125	45	23	7	2352	168	366	482	252	1	37	2907	384	743	0,0,0,0,0,0	38098	167	120	19356	194	0	18449,16915,16915,11121,11121,11121,11121	2	11	19023,0,0,0,0,0,0	90	1088
174751	193	376	253	122	127	43	25	4	2314	169	369	459	246	2	38	2938	392	747	0,0,0,0,0,0	26296	145	131	19485	197	0	18602,17052,17052,11176,11176,11176,11176	2	12	19152,0,0,0,0,0,0	92	1214
174790	194	376	269	118	120	45	27	3	2264	170	370	451	262	0	37	2987	406	743	0,0,0,0,0,0	26195	152	121	19604	201	0	18749,17184,17184,11221,11221,11221,11221	2	17	19271,0,0,0,0,0,0	87	1338
174833	198	389	277	114	115	45	28	3	2200	171	373	478	313	5	43	2991	403	763	0,0,0,0,0,0	26092	126	138	19740	203	0	18912,17328,17328,11272,11272,11272,11272	2	10	19408,0,0,0,0,0,0	94	1444
174887	207	382	266	115	106	42	34	2	2158	172	375	467	254	1	41	3195	401	751	0,0,0,0,0,0	26391	146	108	19845	206	0	19046,17446,17446,11302,11302,11302,11302	2	13	19513,0,0,0,0,0,0	88	1565
174932	187	380	254	124	114	35	29	2	2133	177	379	462	253	0	44	3274	408	715	0,0,0,0,0,0	26418	172	98	19939	210	0	19173,17559,17559,11333,11333,11333,11333	2	13	19607,0,0,0,0,0,0	87	1713
174996	170	361	247	115	114	36	31	3	2112	179	382	475	241	1	27	3136	377	697	0,0,0,0,0,0	37856	151	82	20019	212	0	19283,17654,17654,11348,11348,11348,11348	2	6	19687,0,0,0,0,0,0	90	1835
175024	162	357	255	103	112	39	30	5	2093	181	385	496	262	5	42	3085	379	679	0,0,0,0,0,0	38280	71	101	20121	213	0	19426,17784,17784,11397,11397,11397,11397	2	9	19789,0,0,0,0,0,0	88	1896
175073	167	342	256	96	101	38	29	5	2069	183	387	484	318	3	39	3236	376	653	0,0,0,0,0,0	26530	56	100	20219	216	0	19556,17899,17899,11427,11427,11427,11427	2	6	19888,0,0,0,0,0,0	82	1937
175110	161	351	239	91	89	36	29	6	2062	185	387	489	236	1	32	2966	352	644	0,0,0,0,0,0	26328	65	97	20314	218	0	19681,18010,18010,11459,11459,11459,11459	1	7	19983,0,0,0,0,0,0	82	1992
175159	151	323	240	108	99	35	27	7	2020	186	391	479	279	1	29	2929	345	638	0,0,0,0,0,0	26176	66	85	20397	220	0	19792,18108,18108,11479,11479,11479,11479	1	7	20066,0,0,0,0,0,0	83	2044
175171	155	345	237	99	98	43	24	8	1980	191	395	468	246	2	34	2863	339	662	0,0,0,0,0,0	26030	66	123	20522	220	0	19950,18252,18252,11542,11542,11542,11542	1	14	20191,0,0,0,0,0,0	72	2100
175204	165	333	242	101	83	39	26	6	1954	193	400	462	247	1	24	2824	316	673	0,0,0,0,0,0	25930	70	107	20626	223	0	20098,18386,18386,11588,11588,11588,11588	1	7	20295,0,0,0,0,0,0	82	2161
175257	168	318	239	101	79	38	27	6	1916	194	403	470	316	0	27	2802	315	655	0,0,0,0,0,0	38164	69	91	20716	224	0	20220,18493,18493,11613,11613,11613,11613	1	12	20385,0,0,0,0,0,0	86	2216
175288	153	319	236	88	79	36	29	5	1909	195	409	459	229	2	29	2609	312	628	0,0,0,0,0,0	37704	209	77	20790	227	0	20320,18582,18582,11637,11637,11637,11637	1	3	20459,0,0,0,0,0,0	86	2394
175303	174	304	232	95	85	34	28	5	1878	197	411	480	83	0	25	2577	310	642	0,0,0,0,0,0	25766	196	106	20897	228	0	20437,18687,18687,11676,11676,11676,11676	1	9	20566,0,0,0,0,0,0	76	2551
175340	155	329	230	90	84	29	25	4	1849	199	412	490	261	2	32	2548	304	638	0,0,0,0,0,0	25879	192	93	20989	229	0	20541,18779,18779,11696,11696,11696,11696	1	12	20658,0,0,0,0,0,0	69	2701
175381	169	316	231	93	90	30	21	5	1793	203	414	494	260	0	26	2489	312	638	0,0,0,0,0,0	25791	209	110	21095	233	0	20656,18879,18879,11721,11721,11721,11721	1	14	20764,0,0,0,0,0,0	60	2873
175411	167	314	235	100	80	31	20	3	1762	204	419	480	89	1	25	2338	285	662	0,0,0,0,0,0	25875	204	98	21192	234	0	20769,18979,18979,11752,11752,11752,11752	1	9	20861,0,0,0,0,0,0	60	3044
175430	157	333	232	96	86	26	23	3	1736	204	420	518	105	0	24	2333	276	677	0,0,0,0,0,0	25385	205	111	21302	235	0	20893,19091,19091,11792,11792,11792,11792	1	5	20971,0,0,0,0,0,0	60	3223
175437	162	323	226	95	90	28	26	3	1731	204	421	516	236	3	32	2196	304	646	0,0,0,0,0,0	37434	215	102	21402	237	0	21008,19194,19194,11834,11834,11834,11834	1	9	21071,0,0,0,0,0,0	57	3395
175462	156	313	219	88	94	29	26	4	1729	204	422	493	263	2	24	2269	301	624	0,0,0,0,0,0	37531	163	98	21498	239	0	21191,19367,19367,11902,11902,11902,11902	1	5	21167,0,0,0,0,0,0	66	3532
175494	151	313	214	90	108	28	25	6	1690	204	423	486	246	0	34	2291	327	602	0,0,0,0,0,0	25587	160	99	21592	244	0	21363,19527,19527,11960,11960,11960,11960	1	7	21261,0,0,0,0,0,0	62	3666
175491	163	319	222	89	100	31	25	7	1669	204	426	480	271	2	30	2299	325	624	2,0,0,0,0,0	25575	179	97	21716	245	0	21572,19725,19725,12053,12053,12053,12053	1	11	21357,28,0,0,0,0,0	59	3811
175461	188	363	202	76	98	28	24	8	1664	207	427	499	101	3	31	2510	328	651	7,0,0,0,0,0	25269	174	98	21855	246	0	21796,19939,19939,12169,12169,12169,12169	1	16	21449,75,0,0,0,0,0	56	3944
175428	207	398	211	74	95	28	23	9	1633	209	431	491	273	4	22	2584	320	716	13,0,0,0,0,0	25794	172	111	22001	250	0	22036,20168,20168,12293,12293,12293,12293	1	7	21535,137,0,0,0,0,0	59	4080
175374	228	430	220	92	90	29	21	8	1610	211	433	484	272	1	30	2634	319	791	18,0,0,0,0,0	25926	171	128	22167	256	0	22299,20420,20420,12437,12437,12437,12437	1	7	21630,211,0,0,0,0,0	56	4214
175314	250	447	245	106	95	32	21	7	1583	213	433	514	243	2	36	2652	330	866	24,0,0,0,0,0	37930	177	133	22337	259	0	22559,20670,20670,12586,12586,12586,12586	1	6	21717,296,0,0,0,0,0	67	4357
175251	263	477	266	110	110	31	23	7	1558	213	437	513	244	3	40	2772	357	923	29,0,0,0,0,0	37987	112	134	22504	267	0	22816,20918,20918,12733,12733,12733,12733	1	5	21788,397,0,0,0,0,0	77	4451
175161	290	485	284	122	112	31	22	6	1576	216	441	538	60	1	40	3239	382	964	32,0,0,0,0,0	26103	137	181	22680	272	0	23075,21169,21169,12893,12893,12893,12893	1	10	21890,473,0,0,0,0,0	74	4562
175067	296	516	286	133	134	31	22	6	1590	217	448	569	145	1	41	3439	404	1014	35,0,0,0,0,0	26588	142	188	22865	275	0	23348,21434,21434,13061,13061,13061,13061	1	16	21992,558,0,0,0,0,0	75	4672
174975	309	525	290	147	125	35	21	6	1644	220	449	544	250	2	33	3542	421	1031	39,0,0,0,0,0	26431	123	187	23048	279	0	23608,21685,21685,13222,13222,13222,13222	1	15	22085,651,0,0,0,0,0	77	4767
174863	306	574	309	150	138	38	18	6	1668	223	453	539	245	2	47	3465	467	1066	43,0,0,0,0,0	26415	102	203	23252	280	0	23893,21962,21962,13406,13406,13406,13406	1	15	22158,782,0,0,0,0,0	79	4847
174744	336	614	323	166	139	38	16	8	1681	224	457	522	239	1	45	3676	478	1154	46,0,0,0,0,0	26946	122	242	23489	285	0	24213,22273,22272,13611,13611,13611,13611	1	20	22254,927,0,0,0,0,0	79	4935
174624	336	644	359	168	149	39	22	7	1715	225	458	516	304	1	46	3411	504	1213	49,0,0,0,0,0	38460	133	218	23703	289	0	24507,22560,22558,13806,13806,13806,13806	1	12	22332,1066,0,0,0,0,0	83	5036
174546	335	661	371	167	145	36	23	6	1770	228	458	516	291	3	48	3471	524	1214	52,0,0,0,0,0	38489	310	203	23901	294	0	24741,22785,22782,13947,13947,13947,13947	1	14	22412,1188,0,0,0,0,0	92	5276
174430	365	658	405	175	152	34	22	5	1809	229	462	511	330	3	60	3455	548	1263	54,0,0,0,0,0	26629	292	237	24136	297	0	25014,23049,23045,14126,14126,14126,14126	1	23	22497,1340,0,0,0,0,0	98	5482
174326	360	672	435	184	164	36	22	6	1843	231	467	486	288	2	57	3619	571	1302	56,0,0,0,0,0	26565	326	225	24359	300	0	25277,23304,23297,14292,14292,14292,14292	1	14	22571,1491,0,0,0,0,0	93	5719
174161	393	728	448	188	173	37	22	6	1889	231	470	495	321	6	66	3955	615	1374	59,0,0,0,0,0	26537	287	294	24648	307	0	25598,23617,23609,14521,14521,14521,14521	1	24	22642,1715,0,0,0,0,0	94	5924
174005	421	775	429	194	187	42	24	5	1961	231	472	508	247	4	62	4177	656	1416	61,0,0,0,0,0	27387	292	281	24922	315	0	25903,23916,23905,14736,14736,14736,14736	1	23	22724,1913,0,0,0,0,0	99	6135
173833	445	805	453	207	197	38	23	5	2029	235	476	516	301	3	56	4188	654	1514	63,0,0,0,0,0	27414	327	302	25220	321	0	26233,24239,24226,14971,14971,14971,14971	2	27	22808,2131,0,0,0,0,0	99	6372
173685	453	814	485	212	204	42	25	6	2105	235	480	536	263	2	71	4402	702	1533	65,0,0,0,0,0	39203	284	271	25485	327	0	26538,24538,24521,15183,15183,15183,15183	2	19	22881,2327,0,0,0,0,0	113	6573
173537	439	872	488	213	221	42	27	7	2182	236	482	534	259	6	73	4696	726	1576	67,0,0,0,0,0	39428	614	272	25746	339	0	26928,24926,24905,15438,15438,15438,15438	2	15	22940,2537,0,0,0,0,0	116	6959
173349	454	906	517	229	230	49	29	6	2256	238	483	510	238	0	75	5044	759	1655	70,0,0,0,0,0	27736	647	323	26062	349	0	27351,25348,25323,15731,15731,15731,15731	2	13	22998,2800,0,0,0,0,0	127	7449
173134	497	954	549	243	240	52	29	8	2313	239	488	502	283	3	86	5242	805	1759	73,0,0,0,0,0	27940	634	359	26408	363	0	27812,25808,25777,16057,16057,16057,16057	2	24	23045,3107,0,0,0,0,0	139	8007
172872	540	997	563	265	260	58	29	8	2420	241	493	493	241	7	78	5578	845	1867	75,0,0,0,0,0	28008	651	395	26791	377	0	28309,26304,26268,16424,16424,16424,16424	2	29	23114,3430,0,0,0,0,0	152	8576
172633	602	1029	588	304	274	59	32	7	2479	241	498	488	324	7	110	5916	926	1962	77,0,0,0,0,0	28694	586	413	27198	385	0	28823,26816,26774,16788,16788,16788,16788	2	26	23184,3775,0,0,0,0,0	146	9080
172334	643	1131	621	299	281	62	35	6	2590	244	500	514	245	3	100	5903	996	2076	78,0,0,0,0,0	28794	650	464	27648	402	0	29390,27381,27333,17207,17207,17207,17207	2	30	23255,4167,0,0,0,0,0	158	9640
172075	646	1216	641	309	276	64	39	8	2724	244	504	496	289	4	84	5620	1004	2187	80,0,0,0,0,0	40332	590	417	28063	411	0	29913,27906,27850,17590,17590,17590,17590	2	20	23316,4527,0,0,0,0,0	174	10159
171782	657	1255	678	337	296	76	43	8	2860	244	510	507	257	4	113	5525	1079	2263	81,0,0,0,0,0	40102	820	443	28497	424	0	30508,28502,28439,18020,18020,18020,18020	2	23	23366,4923,0,0,0,0,0	176	10882
171494	673	1324	707	352	298	77	44	5	3013	246	513	489	260	9	96	6502	1117	2358	82,0,0,0,0,0	29266	792	452	28943	434	0	31150,29146,29075,18470,18470,18470,18470	2	25	23424,5317,0,0,0,0,0	192	11572
171155	688	1405	734	372	328	79	43	4	3169	251	518	476	327	6	105	7002	1159	2490	84,0,0,0,0,0	29420	797	505	29433	451	0	31870,29868,29788,18984,18984,18984,18984	2	28	23467,5777,0,0,0,0,0	187	12280
170830	728	1490	796	380	350	81	44	2	3270	255	520	484	286	1	130	7502	1273	2596	85,0,0,0,0,0	30259	786	560	29970	474	0	32631,30633,30541,19518,19518,19518,19518	2	35	23512,6284,0,0,0,0,0	183	12958
170416	790	1613	852	398	371	84	38	4	3397	261	522	496	297	5	99	7644	1301	2845	86,0,0,0,0,0	30312	775	623	30568	499	0	33427,31434,31332,20113,20113,20113,20113	3	38	23564,6850,0,0,0,0,0	178	13614
169938	886	1724	886	401	376	86	47	4	3612	262	524	489	269	6	137	7987	1345	3061	87,0,0,0,0,0	30829	772	667	31215	523	0	34293,32306,32193,20774,20774,20774,20774	3	33	23610,7468,0,0,0,0,0	188	14274
169582	918	1732	945	417	422	94	46	4	3792	268	526	456	284	6	108	7981	1397	3177	89,0,0,0,0,0	42274	801	589	31782	546	0	35064,33086,32959,21330,21330,21330,21330	3	21	23649,8012,0,0,0,0,0	196	14940
169207	949	1820	955	455	457	98	51	5	3952	270	527	447	274	7	131	8051	1472	3313	89,0,0,0,0,0	42031	914	619	32382	568	0	35921,33953,33810,21933,21933,21933,21933	3	22	23696,8584,0,0,0,0,0	206	15726
168813	961	1832	1040	526	474	100	52	5	4143	271	529	473	257	5	163	8501	1562	3423	90,0,0,0,0,0	47113	862	605	32967	593	0	36754,34796,34638,22532,22532,22532,22532	3	30	23732,9152,0,0,0,0,0	205	16444
168431	1002	1865	1089	534	516	103	55	6	4340	274	531	458	306	11	182	9314	1752	3412	90,0,0,0,0,0	47778	841	634	33580	619	0	37609,35663,35489,23137,23137,23137,23137	3	25	23769,9750,0,0,0,0,0	221	17141
168027	1001	1943	1148	532	514	110	62	7	4592	277	533	446	277	9	184	9682	1852	3458	91,0,0,0,0,0	48411	934	656	34213	643	0	38464,36530,36339,23754,23754,23754,23754	3	50	23802,10366,0,0,0,0,0	224	17904
167697	980	2027	1162	530	512	117	65	6	4834	280	536	423	341	10	159	9982	1861	3532	92,0,0,0,0,0	48390	883	636	34820	674	0	39280,37364,37150,24318,24318,24318,24318	3	35	23838,10962,0,0,0,0,0	224	18610
167332	1004	2020	1214	550	555	117	68	6	5059	284	537	427	265	6	151	9874	1840	3688	92,0,0,0,0,0	48666	856	655	35452	700	0	40127,38226,37991,24913,24913,24913,24913	3	44	23877,11573,0,0,0,0,0	238	19297
167073	980	1981	1232	585	575	120	64	9	5296	290	541	407	320	12	166	9825	1844	3693	92,0,0,0,0,0	72298	895	560	35996	720	0	40892,39010,38752,25419,25419,25419,25419	3	36	23910,12099,0,0,0,0,0	256	20018
166925	882	1922	1267	612	607	126	66	8	5497	293	541	403	220	6	182	10299	1926	3556	93,0,0,0,0,0	72407	663	464	36446	737	0	41650,39788,39507,25867,25867,25867,25867	3	26	23931,12541,0,0,0,0,0	256	20557
166619	892	1946	1256	622	614	132	70	7	5747	296	545	400	340	7	199	11042	1981	3551	93,0,0,0,0,0	48981	625	640	37053	774	0	42520,40684,40376,26451,26451,26451,26451	4	51	23952,13161,0,0,0,0,0	264	21015
166378	936	1928	1225	643	598	133	72	7	5973	305	548	389	234	3	190	11984	1985	3550	94,0,0,0,0,0	49390	605	622	37651	799	0	43380,41574,41235,27002,27002,27002,27002	4	31	23971,13759,0,0,0,0,0	254	21477
166164	919	1936	1187	636	633	126	80	8	6199	307	551	390	241	4	182	12100	1922	3595	94,0,0,0,0,0	50144	606	568	38198	825	0	44222,42441,42075,27527,27527,27527,27527	4	34	23994,14305,0,0,0,0,0	252	21950
165924	927	2001	1168	621	607	129	86	8	6403	314	558	369	303	5	188	11866	1910	3629	94,0,0,0,0,0	50367	669	636	38803	857	0	45086,43334,42937,28079,28079,28079,28079	4	41	24014,14913,0,0,0,0,0	261	22449
165642	962	2005	1209	630	615	133	84	9	6573	323	561	366	309	8	200	11479	1909	3729	95,0,0,0,0,0	50134	651	674	39451	887	0	45986,44263,43834,28669,28669,28669,28669	4	42	24033,15568,0,0,0,0,0	258	22931
165506	936	1921	1210	659	629	133	90	11	6764	325	562	367	319	9	154	11148	1848	3730	95,0,0,0,0,0	73300	621	519	39953	907	0	46758,45060,44602,29121,29121,29121,29121	4	23	24049,16069,0,0,0,0,0	265	23422
165398	859	1875	1240	652	630	133	92	16	6959	328	564	367	265	7	179	11207	1836	3645	95,0,0,0,0,0	73502	935	505	40432	937	0	47498,45835,45347,29565,29565,29565,29565	4	17	24063,16555,0,0,0,0,0	270	24186
165194	845	1893	1242	632	630	143	93	19	7151	336	568	381	318	11	218	12050	1856	3622	96,0,0,0,0,0	50205	847	603	41006	970	0	48346,46718,46197,30096,30096,30096,30096	4	39	24078,17134,0,0,0,0,0	272	24857
164998	882	1915	1237	637	614	151	94	18	7289	342	569	387	314	7	213	11841	1886	3644	96,0,0,0,0,0	50763	902	648	41625	1003	0	49233,47640,47082,30623,30623,30623,30623	4	39	24089,17766,0,0,0,0,0	288	25549
164825	921	1925	1197	613	634	150	90	19	7451	347	574	385	260	8	171	11650	1864	3666	96,0,0,0,0,0	50516	933	622	42223	1031	0	50117,48559,47963,31137,31137,31137,31137	4	34	24099,18375,0,0,0,0,0	285	26271
164644	952	1947	1212	585	623	157	96	20	7583	352	575	368	282	6	211	11063	1876	3696	97,0,0,0,0,0	50208	932	627	42828	1057	0	50998,49475,48842,31657,31657,31657,31657	4	32	24107,18994,0,0,0,0,0	284	26996
164478	963	1914	1248	604	607	167	99	23	7709	357	577	336	310	7	199	10924	1912	3690	97,0,0,0,0,0	49963	924	615	43404	1096	0	51871,50385,49715,32163,32163,32163,32163	4	29	24115,19589,0,0,0,0,0	286	27720
164465	884	1897	1252	608	582	174	98	23	7822	362	579	341	234	9	161	11047	1873	3622	97,0,0,0,0,0	73110	920	491	43867	1124	0	52608,51161,50450,32528,32528,32528,32528	3	21	24121,20067,0,0,0,0,0	305	28460
164552	764	1814	1275	601	557	179	103	23	7931	365	582	330	257	7	163	10848	1785	3508	97,0,0,0,0,0	73015	1102	402	44253	1147	0	53427,52018,51265,32876,32876,32876,32876	3	18	24129,20460,0,0,0,0,0	314	29331
164466	772	1833	1271	588	566	169	98	24	8002	375	582	339	262	8	188	10569	1780	3517	97,0,0,0,0,0	49635	1106	584	44812	1173	0	54370,53003,52208,33375,33375,33375,33375	3	34	24136,21031,0,0,0,0,0	311	30186
164340	872	1754	1268	612	571	169	95	25	8075	383	582	366	307	11	183	10270	1809	3532	98,0,0,0,0,0	49098	1061	604	45393	1198	0	55351,54024,53188,33905,33905,33905,33905	3	30	24141,21623,0,0,0,0,0	307	31003
164290	889	1765	1242	588	572	175	86	30	8134	393	582	351	243	9	199	10165	1806	3511	98,0,0,0,0,0	48724	1043	568	45928	1231	0	56290,55008,54127,34385,34385,34385,34385	3	26	24147,22176,0,0,0,0,0	284	31788
164228	911	1719	1218	601	550	179	88	31	8239	397	585	365	325	11	181	9724	1774	3492	98,0,0,0,0,0	48693	1098	553	46456	1259	0	57224,55983,55061,34869,34869,34869,34869	3	32	24152,22714,0,0,0,0,0	292	32622
164236	893	1714	1184	594	533	172	87	33	8304	408	588	366	322	10	170	9765	1714	3463	98,0,0,0,0,0	48444	1078	527	46959	1284	0	58137,56941,55972,35303,35303,35303,35303	3	22	24155,23233,0,0,0,0,0	278	33405
164371	801	1700	1131	600	521	177	90	29	8322	414	590	336	252	9	151	10016	1661	3359	98,0,0,0,0,0	72610	1041	420	47356	1308	0	58938,57789,56773,35629,35629,35629,35629	3	22	24158,23642,0,0,0,0,0	279	34164
164498	707	1652	1158	592	496	173	91	26	8342	420	591	340	259	4	170	9706	1649	3220	98,0,0,0,0,0	72127	1342	403	47732	1336	0	59807,58703,57642,35974,35974,35974,35974	3	27	24160,24036,0,0,0,0,0	291	35173
164474	688	1628	1177	563	520	162	90	26	8401	426	591	346	328	11	177	9436	1651	3177	98,0,0,0,0,0	48374	1420	502	48218	1355	0	60769,59707,58604,36440,36440,36440,36440	3	15	24164,24531,0,0,0,0,0	283	36227
164597	663	1580	1101	539	534	170	96	25	8418	430	593	339	321	4	158	9645	1616	3067	98,0,0,0,0,0	48271	1371	438	48634	1379	0	61628,60615,59463,36787,36787,36787,36787	3	28	24168,24959,0,0,0,0,0	288	37258
164688	671	1551	1075	529	515	168	88	25	8403	439	594	344	340	12	168	9997	1590	3007	99,0,0,0,0,0	48585	1346	436	49051	1402	0	62504,61537,60339,37154,37154,37154,37154	3	32	24168,25394,0,0,0,0,0	277	38199
164732	714	1513	1090	524	493	170	87	25	8357	445	596	318	309	8	146	9745	1538	3053	99,0,0,0,0,0	40598	1450	503	49520	1438	0	63424,62506,61261,37573,37573,37573,37573	3	19	24171,25881,0,0,0,0,0	276	39237
164781	749	1449	1068	525	477	165	89	21	8374	451	597	330	330	8	157	9752	1495	3027	99,0,0,0,0,0	40627	1387	456	49946	1469	0	64290,63418,62129,37957,37957,37957,37957	3	22	24172,26330,0,0,0,0,0	274	40259
164936	700	1419	1037	478	466	157	79	27	8388	457	602	335	251	6	145	9281	1421	2915	99,0,0,0,0,0	42789	1382	369	50296	1490	0	65076,64253,62918,38253,38253,38253,38253	2	15	24172,26695,0,0,0,0,0	260	41270
165095	634	1383	1007	458	465	160	79	26	8372	462	605	333	323	13	136	9301	1383	2803	99,0,0,0,0,0	42768	1094	348	50615	1520	0	65849,65071,63692,38525,38525,38525,38525	2	19	24172,27034,0,0,0,0,0	261	42050
165282	602	1389	973	418	444	150	74	27	8312	469	606	340	246	4	145	8939	1346	2704	99,0,0,0,0,0	40161	1095	377	50975	1540	0	66654,65926,64497,38804,38804,38804,38804	2	19	24173,27406,0,0,0,0,0	254	42798
165491	598	1322	981	403	428	151	72	24	8193	475	608	336	250	7	134	9001	1292	2663	99,0,0,0,0,0	39801	1087	366	51323	1560	0	67436,66759,65279,39057,39057,39057,39057	2	21	24174,27766,0,0,0,0,0	252	43534
165648	559	1341	931	395	435	148	71	23	8106	478	611	316	311	10	124	8747	1268	2612	99,0,0,0,0,0	39768	1099	365	51663	1588	0	68195,67564,66039,39324,39324,39324,39324	2	20	24175,28125,0,0,0,0,0	248	44277
165823	526	1334	920	380	413	147	70	23	8014	483	613	315	246	7	136	8682	1216	2574	99,0,0,0,0,0	39844	1124	354	51993	1613	0	68985,68403,66832,39599,39599,39599,39599	2	20	24176,28473,0,0,0,0,0	235	44990
165985	532	1294	885	371	413	140	64	22	7936	490	614	337	248	11	131	8421	1191	2508	99,0,0,0,0,0	39277	1105	363	52340	1631	0	69782,69246,67629,39880,39880,39880,39880	2	21	24178,28831,0,0,0,0,0	225	45685
166234	500	1195	878	388	413	137	61	19	7811	494	616	333	295	9	113	7860	1156	2416	99,0,0,0,0,0	41889	1148	276	52610	1643	0	70492,70005,68339,40076,40076,40076,40076	2	11	24178,29110,0,0,0,0,0	237	46438
166487	472	1106	839	381	390	133	62	18	7744	498	616	364	235	4	110	7673	1113	2270	99,0,0,0,0,0	41462	959	266	52864	1659	0	71181,70741,69031,40253,40253,40253,40253	2	17	24178,29376,0,0,0,0,0	214	47062
166729	427	1054	808	388	383	124	60	16	7637	503	617	365	253	9	140	7944	1068	2176	99,0,0,0,0,0	32439	913	283	53133	1673	0	71863,71469,69713,40428,40428,40428,40428	2	8	24178,29654,0,0,0,0,0	202	47639
166964	423	988	827	375	369	116	60	14	7481	510	619	375	326	5	131	7721	1056	2102	99,0,0,0,0,0	32738	886	295	53410	1691	0	72538,72192,70391,40607,40607,40607,40607	2	20	24178,29945,0,0,0,0,0	201	48202
167167	436	958	818	349	358	114	61	11	7340	513	621	394	331	7	114	7573	1036	2058	99,0,0,0,0,0	32586	943	299	53689	1711	0	73240,72941,71096,40812,40812,40812,40812	2	19	24179,30237,0,0,0,0,0	194	48800
167416	438	911	789	319	345	104	56	11	7212	522	623	389	267	4	104	7355	972	1990	99,0,0,0,0,0	32083	904	270	53944	1726	0	73905,73653,71764,40974,40974,40974,40974	2	19	24179,30503,0,0,0,0,0	188	49351
167697	433	914	739	315	318	102	53	11	7010	526	628	411	316	6	100	7340	934	1940	99,0,0,0,0,0	26864	895	274	54192	1754	0	74558,74358,72420,41116,41116,41116,41116	2	12	24179,30771,0,0,0,0,0	183	49891
167972	390	906	727	312	299	104	53	10	6810	531	632	398	249	4	78	6798	892	1899	99,0,0,0,0,0	32921	912	225	54396	1775	0	75202,75049,73067,41256,41256,41256,41256	2	4	24180,30986,0,0,0,0,0	181	50507
168241	345	858	682	302	300	98	50	10	6690	538	632	422	313	3	87	6696	833	1802	99,0,0,0,0,0	32515	1276	199	54580	1790	0	75821,75712,73690,41378,41378,41378,41378	1	9	24180,31178,0,0,0,0,0	185	51386
168489	352	785	666	283	308	94	45	12	6538	540	634	405	230	7	86	6802	782	1751	99,0,0,0,0,0	26394	1184	215	54777	1809	0	76439,76373,74313,41511,41511,41511,41511	1	17	24181,31388,0,0,0,0,0	162	52202
168751	339	765	644	261	268	91	44	12	6392	544	635	407	246	3	84	6954	757	1655	99,0,0,0,0,0	25983	1242	203	54970	1821	0	77030,77005,74907,41621,41621,41621,41621	1	10	24182,31589,0,0,0,0,0	145	53058
168997	320	739	605	248	250	88	40	13	6261	548	637	416	256	2	74	6831	703	1587	99,0,0,0,0,0	26535	1222	197	55162	1827	0	77625,77642,75506,41741,41741,41741,41741	1	7	24182,31786,0,0,0,0,0	140	53906
169279	301	702	586	229	232	79	41	11	6097	550	639	404	239	4	71	6251	648	1522	99,0,0,0,0,0	26296	1231	167	55315	1841	0	78183,78242,76069,41826,41826,41826,41826	1	6	24183,31946,0,0,0,0,0	141	54755
169544	274	650	564	225	231	75	37	12	5942	552	640	415	310	1	61	6325	617	1439	99,0,0,0,0,0	26161	1242	156	55460	1853	0	78724,78823,76615,41913,41913,41913,41913	1	5	24184,32098,0,0,0,0,0	127	55608
169840	224	611	545	195	206	76	41	11	5798	554	645	420	224	3	65	6032	558	1340	99,0,0,0,0,0	30274	1202	111	55567	1859	0	79237,79375,77134,41979,41979,41979,41979	1	5	24184,32210,0,0,0,0,0	126	56446
170086	222	564	511	179	191	66	38	13	5670	556	650	427	259	3	57	5339	495	1276	99,0,0,0,0,0	30016	592	136	55702	1863	0	79961,80134,77865,42169,42169,42169,42169	1	5	24184,32348,0,0,0,0,0	117	56829
170373	214	503	492	188	188	67	37	12	5460	559	653	419	235	1	65	5381	493	1196	99,0,0,0,0,0	24076	576	122	55819	1868	0	80657,80868,78569,42328,42328,42328,42328	1	10	24185,32467,0,0,0,0,0	116	57201
170631	195	487	459	169	165	69	37	11	5309	560	654	408	266	1	53	5249	477	1104	99,0,0,0,0,0	23857	606	113	55923	1877	0	81357,81603,79275,42494,42494,42494,42494	1	4	24185,32578,0,0,0,0,0	115	57611
170913	183	458	437	156	153	68	37	9	5113	563	656	391	251	2	43	4623	445	1047	99,0,0,0,0,0	23508	613	105	56023	1882	0	82022,82303,79948,42641,42641,42641,42641	0	4	24185,32681,0,0,0,0,0	111	58026
171146	197	432	414	146	139	62	32	12	4943	565	658	400	298	0	52	4431	430	992	99,0,0,0,0,0	23163	597	120	56131	1894	0	82735,83050,80669,42831,42831,42831,42831	0	7	24185,32797,0,0,0,0,0	107	58426
171411	184	410	397	137	126	55	30	13	4758	565	660	413	244	1	45	3852	404	935	99,0,0,0,0,0	23161	583	110	56233	1903	0	83424,83774,81366,42993,42993,42993,42993	0	3	24185,32905,0,0,0,0,0	100	58809
171688	154	376	394	124	110	52	28	11	4580	567	662	429	262	2	35	3705	366	872	99,0,0,0,0,0	27886	565	68	56299	1905	0	84076,84455,82024,43130,43130,43130,43130	0	2	24185,32973,0,0,0,0,0	91	59215
171924	138	350	386	117	111	51	24	11	4401	569	664	427	316	3	26	3356	344	833	99,0,0,0,0,0	27912	834	85	56381	1909	0	84488,84897,82442,43147,43147,43147,43147	0	2	24185,33058,0,0,0,0,0	86	59773
172144	133	319	346	108	99	47	22	10	4281	572	665	438	247	1	37	3208	298	776	99,0,0,0,0,0	16904	823	74	56450	1914	0	84880,85316,82841,43159,43159,43159,43159	0	3	24185,33132,0,0,0,0,0	78	60356
172371	120	308	332	97	89	43	18	10	4117	575	666	454	237	4	27	3228	290	717	99,0,0,0,0,0	16854	827	79	56521	1922	0	85271,85732,83238,43171,43171,43171,43171	0	2	24185,33207,0,0,0,0,0	71	60939
172603	112	294	306	89	83	41	18	9	3948	576	667	449	319	3	27	3125	270	673	99,0,0,0,0,0	16943	789	70	56587	1927	0	85665,86150,83638,43183,43183,43183,43183	0	3	24186,33276,0,0,0,0,0	66	61477
172812	103	273	290	83	85	34	17	10	3792	576	671	444	231	0	22	2823	241	644	99,0,0,0,0,0	16555	824	65	56650	1929	0	86059,86566,84038,43208,43208,43208,43208	0	1	24187,33339,0,0,0,0,0	61	62061
173012	89	266	279	84	70	33	13	11	3634	579	676	439	308	0	22	2637	209	625	99,0,0,0,0,0	16455	833	67	56713	1933	0	86433,86961,84419,43229,43229,43229,43229	0	2	24187,33404,0,0,0,0,0	52	62636
173215	86	260	275	69	59	31	14	11	3467	579	680	465	269	0	20	2508	184	610	99,0,0,0,0,0	26876	833	65	56775	1936	0	86830,87379,84822,43264,43264,43264,43264	0	4	24187,33468,0,0,0,0,0	52	63219
173370	85	245	234	75	65	28	13	10	3358	580	683	455	86	0	21	2225	177	568	99,0,0,0,0,0	26845	1104	52	56825	1938	0	87232,87797,85229,43304,43304,43304,43304	0	2	24187,33520,0,0,0,0,0	49	63988
173561	84	237	218	69	66	26	13	9	3195	583	685	475	223	0	17	2012	172	541	99,0,0,0,0,0	16018	1097	65	56886	1942	0	87629,88215,85632,43327,43327,43327,43327	0	0	24187,33585,0,0,0,0,0	39	64765
173760	83	215	217	66	65	22	10	8	3026	585	689	480	94	1	18	1936	159	519	99,0,0,0,0,0	15927	1092	58	56943	1943	0	88011,88616,86018,43331,43331,43331,43331	0	1	24188,33641,0,0,0,0,0	36	65533
173902	92	198	209	68	65	20	11	4	2899	585	693	481	149	0	18	1863	165	498	99,0,0,0,0,0	15598	1068	65	57002	1950	0	88402,89022,86413,43367,43367,43367,43367	0	3	24188,33704,0,0,0,0,0	38	66287
174064	93	187	200	59	64	21	9	4	2763	586	696	497	138	1	9	1466	147	486	99,0,0,0,0,0	15241	1064	59	57058	1953	0	88785,89422,86802,43391,43391,43391,43391	0	3	24188,33762,0,0,0,0,0	33	67019
174211	95	179	187	62	57	20	9	2	2640	586	698	494	327	1	22	1435	153	456	99,0,0,0,0,0	15088	1009	56	57109	1958	0	89165,89818,87188,43421,43421,43421,43421	0	3	24188,33816,0,0,0,0,0	34	67734
174370	89	160	186	57	56	18	7	2	2515	587	699	482	308	2	14	1330	139	434	99,0,0,0,0,0	20685	1053	46	57149	1964	0	89563,90231,87591,43452,43452,43452,43452	0	3	24188,33859,0,0,0,0,0	28	68469
174530	69	160	173	44	50	16	7	2	2405	588	702	495	245	1	16	1297	128	391	99,0,0,0,0,0	20575	372	28	57176	1965	0	90112,90793,88146,43564,43564,43564,43564	0	2	24189,33885,0,0,0,0,0	26	68723
174682	67	158	164	50	44	14	6	3	2265	588	705	500	299	0	20	1388	125	378	99,0,0,0,0,0	12160	344	45	57218	1968	0	90649,91345,88689,43666,43666,43666,43666	0	2	24190,33929,0,0,0,0,0	29	68931
174820	72	139	170	53	44	14	7	3	2124	588	712	487	226	1	16	1522	132	367	99,0,0,0,0,0	12219	376	45	57262	1970	0	91209,91920,89257,43786,43786,43786,43786	0	4	24190,33974,0,0,0,0,0	27	69182
174943	78	130	165	50	43	11	7	3	2012	588	716	498	85	0	9	1436	121	363	99,0,0,0,0,0	12103	363	45	57306	1971	0	91754,92477,89809,43906,43906,43906,43906	0	3	24190,34019,0,0,0,0,0	25	69411
175062	68	135	139	39	39	10	8	3	1933	589	721	529	99	1	14	1249	112	326	99,0,0,0,0,0	12219	338	30	57334	1973	0	92286,93019,90347,44020,44020,44020,44020	0	1	24190,34048,0,0,0,0,0	23	69639
175194	62	137	129	38	36	9	7	3	1817	590	724	530	91	0	12	1281	102	316	99,0,0,0,0,0	11931	334	36	57368	1975	0	92814,93559,90883,44130,44130,44130,44130	0	2	24190,34084,0,0,0,0,0	20	69869
175310	59	129	135	33	35	8	4	3	1709	592	729	547	244	1	7	1194	93	310	99,0,0,0,0,0	20573	333	32	57397	1978	0	93332,94089,91409,44246,44246,44246,44246	0	4	24191,34114,0,0,0,0,0	19	70079
175431	54	125	131	29	30	7	5	2	1606	592	734	584	237	1	9	1153	81	300	98,0,0,0,0,0	20507	305	26	57423	1979	0	93494,94262,91574,44143,44143,44143,44143	0	2	24192,34139,0,0,0,0,0	16	70276
175533	51	117	126	27	28	9	5	2	1518	593	737	565	137	1	9	1176	81	282	98,0,0,0,0,0	12229	327	29	57450	1981	0	93639,94416,91722,44039,44039,44039,44039	0	0	24192,34167,0,0,0,0,0	17	70502
175635	55	95	116	23	27	11	5	1	1443	593	742	579	146	0	9	1321	75	257	98,0,0,0,0,0	12063	327	25	57475	1983	0	93804,94592,91890,43946,43946,43946,43946	0	2	24193,34193,0,0,0,0,0	18	70721
175725	55	90	99	24	23	11	5	1	1372	593	748	574	85	0	5	1324	64	243	98,0,0,0,0,0	12102	314	24	57497	1985	0	93962,94760,92052,43853,43853,43853,43853	0	1	24193,34215,0,0,0,0,0	21	70924
175807	45	96	94	19	19	12	3	2	1302	594	753	577	99	0	11	1105	56	232	98,0,0,0,0,0	12089	332	20	57515	1987	0	94112,94918,92205,43756,43756,43756,43756	0	2	24193,34235,0,0,0,0,0	18	71165
175892	40	85	100	22	19	13	2	2	1221	595	755	591	140	0	6	1143	51	230	98,0,0,0,0,0	12030	315	20	57533	1989	0	94251,95064,92347,43654,43654,43654,43654	0	2	24193,34255,0,0,0,0,0	19	71381
175969	38	87	87	26	17	9	2	2	1155	595	759	568	94	0	4	1166	50	216	98,0,0,0,0,0	20412	314	27	57556	1993	0	94399,95218,92498,43559,43559,43559,43559	0	1	24193,34280,0,0,0,0,0	15	71592
176037	36	70	86	26	20	10	2	2	1099	595	763	568	80	0	4	1008	45	205	99,0,0,0,0,0	20579	163	13	57569	1993	0	94595,95419,92698,43505,43505,43505,43505	0	0	24193,34293,0,0,0,0,0	17	71693
176119	32	73	86	25	19	12	2	2	1016	595	765	560	92	0	8	996	51	198	99,0,0,0,0,0	11918	184	20	57587	1995	0	94805,95636,92913,43448,43448,43448,43448	0	0	24193,34312,0,0,0,0,0	17	71810
176165	31	75	89	23	20	10	1	3	964	595	770	561	299	0	7	1075	53	196	99,0,0,0,0,0	11934	180	27	57612	1997	0	95023,95858,93136,43411,43411,43411,43411	0	1	24193,34337,0,0,0,0,0	15	71922
176232	37	67	87	19	24	10	1	3	899	595	772	589	5102	7	5	947	50	195	99,0,0,0,0,0	11766	155	23	57631	2001	0	95210,96051,93329,43349,43349,43349,43349	0	2	24193,34358,0,0,0,0,0	15	72021
176299	33	72	81	17	20	10	1	3	839	595	776	604	2794	5	7	773	56	178	99,0,0,0,0,0	11652	184	20	57649	2003	0	95427,96275,93551,43300,43300,43300,43300	0	1	24193,34378,0,0,0,0,0	15	72152
176352	34	70	67	17	18	11	2	2	801	595	777	585	1463	1	2	576	54	165	99,0,0,0,0,0	11607	161	20	57665	2007	0	95635,96487,93764,43253,43253,43253,43253	0	0	24193,34396,0,0,0,0,0	12	72245
176395	33	67	54	21	12	7	1	1	777	596	782	580	788	0	6	584	52	143	99,0,0,0,0,0	19819	167	11	57675	2008	0	95845,96702,93980,43215,43215,43215,43215	0	0	24193,34406,0,0,0,0,0	10	72355
176455	28	58	52	20	14	6	2	1	730	596	784	582	487	0	3	561	43	137	100,0,0,0,0,0	20134	153	9	57686	2008	0	96075,96935,94216,43186,43186,43186,43186	0	0	24193,34417,0,0,0,0,0	9	72451
176495	21	66	47	22	10	5	1	1	694	597	787	583	2736	1	5	519	36	136	100,0,0,0,0,0	21902	162	17	57700	2011	0	96321,97184,94469,43173,43173,43173,43173	0	0	24193,34433,0,0,0,0,0	7	72562
176539	21	60	48	16	12	5	1	0	658	597	789	569	2711	1	4	547	31	132	100,0,0,0,0,0	22156	174	12	57711	2012	0	96558,97423,94711,43146,43146,43146,43146	0	0	24193,34445,0,0,0,0,0	6	72678
176578	25	49	45	10	11	5	1	0	634	597	791	563	2080	0	4	558	27	119	100,0,0,0,0,0	21899	165	12	57722	2013	0	96787,97655,94948,43122,43122,43122,43122	0	0	24193,34456,0,0,0,0,0	6	72784
176617	22	41	50	9	11	4	1	0	601	597	793	552	1442	0	4	507	26	112	100,0,0,0,0,0	21903	186	8	57728	2015	0	97016,97886,95183,43098,43098,43098,43098	0	0	24193,34464,0,0,0,0,0	5	72896
176655	19	45	41	10	8	5	1	0	568	597	797	578	917	0	5	465	27	102	100,0,0,0,0,0	22003	176	8	57735	2016	0	97224,98095,95397,43059,43059,43059,43059	0	0	24193,34472,0,0,0,0,0	5	72995
176687	19	43	42	10	10	5	1	0	531	597	801	590	1880	0	0	534	23	107	100,0,0,0,0,0	19999	148	13	57748	2016	0	97450,98324,95630,43043,43043,43043,43043	0	0	24193,34485,0,0,0,0,0	6	73086
176720	20	40	38	12	10	4	1	0	501	597	803	595	2321	0	4	481	27	98	100,0,0,0,0,0	19855	181	9	57757	2016	0	97472,98349,95655,42886,42886,42886,42886	0	1	24193,34494,0,0,0,0,0	5	73186
176755	16	38	36	12	8	2	1	0	474	597	807	611	2183	0	2	442	24	89	100,0,0,0,0,0	22042	177	7	57764	2016	0	97487,98366,95672,42726,42726,42726,42726	0	0	24193,34501,0,0,0,0,0	3	73296
176791	10	32	36	11	6	2	1	0	451	597	809	643	1794	1	0	338	16	82	100,0,0,0,0,0	21872	166	3	57767	2016	0	97512,98396,95700,42567,42567,42567,42567	0	0	24193,34504,0,0,0,0,0	3	73407
176812	8	31	34	11	5	2	1	0	430	597	815	625	1372	0	4	308	18	74	100,0,0,0,0,0	21911	167	9	57776	2016	0	97534,98420,95725,42417,42417,42417,42417	0	0	24193,34513,0,0,0,0,0	3	73504
176839	9	26	30	11	5	2	1	0	407	597	819	635	1810	0	1	270	17	67	100,0,0,0,0,0	21878	187	5	57780	2017	0	97547,98435,95740,42255,42255,42255,42255	0	0	24193,34518,0,0,0,0,0	3	73608
176865	8	24	26	13	5	1	2	0	382	597	823	620	1922	0	2	268	17	62	100,0,0,0,0,0	21758	168	6	57786	2017	0	97558,98448,95753,42092,42092,42092,42092	0	1	24193,34524,0,0,0,0,0	2	73719
176895	8	22	24	10	4	0	2	0	359	597	825	589	2051	0	2	234	12	58	100,0,0,0,0,0	19751	173	5	57790	2018	0	97564,98456,95761,41933,41933,41933,41933	0	0	24193,34528,0,0,0,0,0	2	73825
176914	7	15	25	8	4	0	2	0	344	597	830	593	1915	1	2	303	12	49	100,0,0,0,0,0	20017	116	1	57790	2019	0	97564,98457,95763,41769,41769,41769,41769	0	0	24193,34529,0,0,0,0,0	2	73886
176932	4	16	22	8	3	0	2	0	328	597	834	593	1826	0	4	248	14	41	100,0,0,0,0,0	21971	98	2	57792	2019	0	97577,98470,95778,41610,41610,41610,41610	0	0	24193,34531,0,0,0,0,0	2	73945
176939	3	19	21	8	1	0	2	0	314	597	842	583	1704	0	1	284	14	40	100,0,0,0,0,0	21616	108	4	57796	2019	0	97592,98485,95794,41456,41456,41456,41456	0	0	24193,34535,0,0,0,0,0	2	74013
176956	2	11	21	8	5	1	1	1	298	597	845	596	1742	0	0	254	13	36	100,0,0,0,0,0	21863	118	2	57798	2019	0	97593,98487,95798,41295,41295,41295,41295	0	0	24193,34537,0,0,0,0,0	1	74077
176961	2	14	21	7	3	1	1	1	289	597	849	612	1908	0	2	243	17	32	100,0,0,0,0,0	21671	106	6	57804	2019	0	97612,98507,95818,41141,41141,41141,41141	0	0	24193,34543,0,0,0,0,0	2	74140
176975	7	19	19	7	3	1	1	1	262	597	854	632	1956	0	1	246	22	35	100,0,0,0,0,0	21814	113	11	57813	2021	0	97627,98523,95835,40984,40984,40984,40984	0	1	24193,34554,0,0,0,0,0	2	74208
176981	9	9	21	9	4	0	2	1	254	597	859	591	1748	0	1	231	19	35	100,0,0,0,0,0	19742	100	3	57816	2021	0	97636,98533,95847,40834,40834,40834,40834	0	0	24193,34557,0,0,0,0,0	1	74254
176998	7	9	22	8	3	0	2	1	232	597	867	593	1775	0	2	235	18	33	100,0,0,0,0,0	19717	90	2	57818	2021	0	97579,98477,95791,40636,40636,40636,40636	0	0	24193,34559,0,0,0,0,0	2	74311
177013	5	10	20	5	2	0	2	1	220	597	871	578	1768	0	0	259	14	30	100,0,0,0,0,0	21923	83	1	57819	2021	0	97527,98427,95741,40441,40441,40441,40441	0	0	24193,34560,0,0,0,0,0	2	74356
177026	4	10	19	6	2	0	2	1	207	597	872	569	1792	1	0	108	11	32	100,0,0,0,0,0	21780	76	4	57823	2021	0	97477,98378,95692,40246,40246,40246,40246	0	0	24193,34564,0,0,0,0,0	2	74396
177038	3	13	17	5	2	0	2	1	194	597	874	582	1898	0	1	106	11	31	100,0,0,0,0,0	21807	82	4	57827	2021	0	97420,98322,95636,40047,40047,40047,40047	0	0	24193,34568,0,0,0,0,0	2	74440
177048	5	13	14	6	1	0	2	1	179	597	880	588	1829	0	1	61	7	34	100,0,0,0,0,0	21538	96	6	57833	2021	0	97376,98279,95593,39854,39854,39854,39854	0	0	24193,34574,0,0,0,0,0	2	74491
177056	8	9	17	6	2	0	2	1	167	597	881	617	1794	0	1	63	10	34	100,0,0,0,0,0	21827	104	6	57838	2022	0	97320,98224,95538,39659,39659,39659,39659	0	0	24193,34580,0,0,0,0,0	2	74552
177061	7	10	15	4	1	0	2	1	162	597	886	604	1781	0	1	64	10	29	100,0,0,0,0,0	19465	99	2	57839	2023	0	97265,98169,95484,39469,39469,39469,39469	0	0	24193,34582,0,0,0,0,0	5	74597
177073	6	8	14	2	1	0	2	1	148	597	894	612	1754	0	0	58	7	26	100,0,0,0,0,0	19784	69	0	57839	2023	0	97205,98110,95425,39274,39274,39274,39274	0	0	24193,34582,0,0,0,0,0	3	74644
177080	3	11	11	2	1	0	2	1	141	597	897	617	1877	0	0	56	4	26	100,0,0,0,0,0	21475	76	1	57840	2023	0	97144,98049,95365,39076,39076,39076,39076	0	0	24193,34583,0,0,0,0,0	3	74683
177085	2	11	7	2	2	0	2	1	134	597	903	607	1795	0	1	54	4	22	100,0,0,0,0,0	21649	87	1	57841	2023	0	97082,97988,95305,38880,38880,38880,38880	0	0	24193,34584,0,0,0,0,0	2	74733
177087	2	10	5	2	3	0	1	1	131	598	906	598	1869	0	0	19	3	20	100,0,0,0,0,0	21694	72	2	57843	2023	0	97022,97928,95246,38686,38686,38686,38686	0	0	24193,34586,0,0,0,0,0	1	74772
177090	6	9	3	2	3	0	1	1	126	598	907	591	1797	0	1	21	3	21	100,0,0,0,0,0	21639	75	5	57848	2023	0	96967,97872,95191,38497,38497,38497,38497	0	0	24193,34591,0,0,0,0,0	1	74812
177100	5	7	6	1	2	0	0	0	117	599	909	594	1775	0	1	56	3	18	100,0,0,0,0,0	21490	87	0	57848	2023	0	96907,97812,95133,38304,38304,38304,38304	0	0	24193,34591,0,0,0,0,0	0	74857
177105	3	8	8	1	2	0	0	0	108	599	912	600	1793	0	0	52	3	19	100,0,0,0,0,0	19634	66	1	57849	2023	0	96842,97748,95069,38111,38111,38111,38111	0	0	24193,34592,0,0,0,0,0	0	74889
177103	5	5	6	2	4	0	0	0	102	599	920	577	1843	0	1	47	3	19	100,0,0,0,0,0	19418	64	2	57851	2023	0	96782,97686,95010,37931,37931,37931,37931	0	1	24193,34594,0,0,0,0,0	0	74924
177100	3	6	5	1	5	0	0	0	99	599	928	571	1868	1	2	54	4	16	100,0,0,0,0,0	21485	71	1	57852	2023	0	96723,97626,94952,37750,37750,37750,37750	0	0	24193,34595,0,0,0,0,0	0	74962
177099	6	5	6	1	6	0	0	0	91	599	933	593	1798	0	0	102	6	18	100,0,0,0,0,0	21796	80	5	57856	2024	0	96665,97568,94895,37567,37567,37567,37567	0	0	24193,34600,0,0,0,0,0	0	75003
177099	7	2	7	1	7	0	0	0	86	599	938	571	1822	0	1	104	8	16	100,0,0,0,0,0	21573	64	1	57857	2024	0	96601,97503,94832,37385,37385,37385,37385	0	0	24193,34601,0,0,0,0,0	0	75036
177105	4	5	6	1	7	0	0	0	78	599	941	578	1701	0	2	132	9	14	100,0,0,0,0,0	21636	66	1	57858	2024	0	96535,97437,94768,37200,37200,37200,37200	0	0	24193,34602,0,0,0,0,0	0	75067
177109	3	7	7	1	6	0	0	0	71	599	943	584	1772	0	2	284	11	13	100,0,0,0,0,0	21997	89	2	57860	2024	0	96473,97375,94707,37014,37014,37014,37014	0	0	24193,34604,0,0,0,0,0	0	75107
177113	2	8	7	2	5	0	0	0	65	599	945	604	1873	0	0	284	11	13	100,0,0,0,0,0	19718	74	2	57862	2024	0	96408,97309,94643,36832,36832,36832,36832	0	0	24193,34606,0,0,0,0,0	0	75142
177114	4	5	8	3	4	0	0	0	62	599	947	620	1829	0	0	279	10	14	100,0,0,0,0,0	19709	75	2	57864	2024	0	96326,97226,94561,36648,36648,36648,36648	0	0	24193,34608,0,0,0,0,0	0	75175
177115	3	6	8	3	4	0	0	0	58	599	950	608	1839	0	0	279	9	15	100,0,0,0,0,0	22005	74	2	57866	2024	0	96241,97140,94477,36461,36461,36461,36461	0	1	24193,34610,0,0,0,0,0	0	75204
177116	2	9	4	2	3	0	0	0	57	599	954	591	1732	1	0	279	7	13	100,0,0,0,0,0	21927	82	2	57868	2024	0	96159,97058,94396,36276,36276,36276,36276	0	0	24193,34612,0,0,0,0,0	0	75247
177118	2	9	4	1	2	0	0	0	55	599	956	598	1828	0	0	278	6	12	100,0,0,0,0,0	21814	74	2	57870	2024	0	96074,96972,94312,36091,36091,36091,36091	0	0	24193,34614,0,0,0,0,0	0	75278
177118	2	5	6	2	2	1	0	0	49	599	962	568	1800	0	1	222	7	11	100,0,0,0,0,0	22037	81	0	57870	2024	0	95987,96885,94225,35900,35900,35900,35900	0	0	24193,34614,0,0,0,0,0	0	75317
177117	2	4	5	2	1	1	0	0	47	599	968	594	1826	0	1	222	5	10	100,0,0,0,0,0	21865	67	0	57870	2024	0	95907,96804,94146,35718,35718,35718,35718	0	0	24193,34614,0,0,0,0,0	1	75359
177117	0	4	5	2	2	1	0	0	44	599	972	589	1819	0	1	199	6	8	100,0,0,0,0,0	19841	72	0	57870	2024	0	95821,96716,94060,35537,35537,35537,35537	0	0	24193,34614,0,0,0,0,0	1	75392
177115	0	2	4	3	2	1	0	0	43	599	977	578	1780	0	1	41	7	5	100,0,0,0,0,0	19666	71	0	57870	2024	0	95733,96628,93972,35361,35361,35361,35361	0	0	24193,34614,0,0,0,0,0	1	75429
177116	1	0	2	3	2	2	0	0	44	599	977	585	1784	0	1	37	5	5	100,0,0,0,0,0	21585	62	1	57871	2024	0	95639,96533,93879,35181,35181,35181,35181	0	0	24193,34615,0,0,0,0,0	1	75462
177115	3	0	2	2	2	2	0	0	42	599	979	571	1829	0	1	42	6	5	100,0,0,0,0,0	21710	223	2	57873	2024	154	95547,96441,93788,35004,35004,35004,35004	0	0	24193,34617,0,0,0,0,0	2	75493
177109	3	0	0	2	2	2	0	0	43	599	986	579	1779	0	0	42	6	3	100,0,0,0,0,0	21530	190	0	57873	2024	278	95494,96388,93736,34912,34912,34912,34912	0	0	24193,34617,0,0,0,0,0	2	75521
177109	1	2	0	1	2	2	0	0	40	599	990	579	1771	0	0	41	5	3	100,0,0,0,0,0	21650	210	0	57873	2024	423	95436,96329,93679,34797,34797,34797,34797	0	0	24193,34617,0,0,0,0,0	2	75543
177109	1	1	0	0	2	2	0	0	38	599	994	585	1838	0	0	41	4	2	100,0,0,0,0,0	21572	208	0	57873	2024	564	95388,96281,93632,34699,34699,34699,34699	0	0	24193,34617,0,0,0,0,0	2	75576
177112	0	1	0	0	2	2	0	0	34	599	996	604	1773	0	0	38	3	2	100,0,0,0,0,0	19442	165	0	57873	2024	667	95334,96226,93578,34602,34602,34602,34602	0	0	24193,34617,0,0,0,0,0	2	75604
177112	0	0	1	0	1	2	0	0	32	599	999	606	1820	0	0	36	2	2	100,0,0,0,0,0	19471	195	0	57873	2024	793	95267,96159,93512,34482,34482,34482,34482	0	0	24193,34617,0,0,0,0,0	2	75644
177107	0	1	1	0	0	2	0	0	33	599	1003	574	1809	0	1	37	1	3	100,0,0,0,0,0	21574	222	1	57874	2024	946	95205,96096,93451,34380,34380,34380,34380	0	0	24193,34618,0,0,0,0,0	2	75681
177105	0	1	1	0	0	2	0	0	32	599	1006	564	1873	0	0	9	1	3	100,0,0,0,0,0	21552	264	0	57874	2024	1133	95148,96039,93395,34288,34288,34288,34288	0	0	24193,34618,0,0,0,0,0	2	75717
177107	0	1	1	0	0	2	0	0	29	599	1007	581	1774	0	0	7	1	3	100,0,0,0,0,0	21564	247	0	57874	2024	1307	95093,95982,93341,34206,34206,34206,34206	0	0	24193,34618,0,0,0,0,0	2	75760
177110	0	1	1	0	0	2	0	0	25	599	1008	592	1791	0	0	6	1	3	100,0,0,0,0,0	21690	254	0	57874	2024	1492	95033,95922,93282,34115,34115,34115,34115	0	0	24193,34618,0,0,0,0,0	2	75793
177108	0	1	1	0	0	2	0	0	23	599	1012	579	1807	0	0	3	0	4	100,0,0,0,0,0	21535	275	0	57874	2024	1689	94982,95869,93231,34036,34036,34036,34036	0	0	24193,34618,0,0,0,0,0	2	75826
177106	0	1	2	0	0	2	0	0	21	599	1015	606	1827	0	0	3	0	5	100,0,0,0,0,0	19420	288	1	57875	2024	1902	94932,95817,93182,33967,33967,33967,33967	0	0	24193,34619,0,0,0,0,0	2	75854
177105	0	1	1	0	0	2	0	0	20	599	1018	593	1790	0	0	3	0	4	100,0,0,0,0,0	19524	243	0	57875	2024	2090	94888,95773,93139,33916,33916,33916,33916	0	0	24193,34619,0,0,0,0,0	2	75880
177105	0	1	1	0	0	2	0	0	19	599	1019	628	1823	0	0	3	0	4	100,0,0,0,0,0	21686	273	0	57875	2024	2292	94836,95720,93088,33845,33845,33845,33845	0	0	24193,34619,0,0,0,0,0	2	75906
177103	0	1	1	0	0	2	0	0	17	599	1023	618	1837	0	0	3	0	4	100,0,0,0,0,0	21580	223	0	57875	2024	2459	94787,95670,93040,33783,33783,33783,33783	0	0	24193,34619,0,0,0,0,0	2	75931
177100	0	1	1	0	0	2	0	0	15	599	1028	585	1817	0	0	3	0	4	100,0,0,0,0,0	21657	223	0	57875	2024	2630	94733,95616,92987,33711,33711,33711,33711	0	0	24193,34619,0,0,0,0,0	2	75961
177101	0	1	1	0	0	1	0	0	12	599	1031	599	1786	0	0	0	0	3	100,0,0,0,0,0	21677	219	0	57875	2024	2774	94674,95556,92929,33633,33633,33633,33633	0	0	24193,34619,0,0,0,0,0	1	75997
177098	0	1	0	0	0	1	0	0	13	599	1034	595	1817	0	0	0	0	2	100,0,0,0,0,0	21400	227	0	57875	2024	2930	94613,95493,92868,33549,33549,33549,33549	0	0	24193,34619,0,0,0,0,0	1	76034
177095	0	0	0	1	0	0	0	0	13	599	1038	588	1838	0	0	0	0	1	100,0,0,0,0,0	19463	245	0	57875	2024	3102	94556,95436,92812,33477,33477,33477,33477	0	0	24193,34619,0,0,0,0,0	0	76062
177094	0	0	0	1	0	0	0	0	12	599	1040	614	1793	0	1	3	1	0	100,0,0,0,0,0	19221	290	0	57875	2024	3298	94498,95376,92755,33421,33421,33421,33421	0	0	24193,34619,0,0,0,0,0	0	76104
177093	0	0	0	1	0	0	0	0	11	599	1042	632	1752	0	0	3	1	0	100,0,0,0,0,0	21719	259	0	57875	2024	3474	94446,95323,92704,33375,33375,33375,33375	0	0	24193,34619,0,0,0,0,0	0	76144
177092	0	0	0	1	0	0	0	0	10	599	1044	641	1761	0	0	3	1	0	100,0,0,0,0,0	21769	356	0	57875	2024	3735	94391,95267,92650,33317,33317,33317,33317	0	0	24193,34619,0,0,0,0,0	0	76183
177090	0	0	0	0	0	0	0	0	11	599	1046	630	1851	0	0	3	0	0	0,0,0,0,0,0	21703	337	0	57875	2024	3996	94355,95229,92615,33305,33305,33305,33305	0	0	24193,34619,0,0,0,0,0	0	76223
177084	0	0	0	0	0	0	0	0	11	599	1052	654	1855	0	0	3	0	0	0,0,0,0,0,0	21640	321	0	57875	2024	4242	94325,95198,92586,33293,33293,33293,33293	0	0	24193,34619,0,0,0,0,0	0	76254
177079	0	0	0	0	0	0	0	0	10	599	1058	637	1842	0	0	3	0	0	0,0,0,0,0,0	21573	371	0	57875	2024	4529	94290,95162,92552,33270,33270,33270,33270	0	0	24193,34619,0,0,0,0,0	0	76297
177046	12	19	0	0	0	0	0	0	8	599	1062	635	1729	0	0	3	0	31	0,100,0,0,0,0	19508	313	0	57901	2029	4785	94282,95153,92545,33298,33298,33298,33298	0	0	24193,34619,31,0,0,0,0	0	76314
177019	27	25	6	1	0	0	0	0	5	599	1064	631	1822	2	0	3	0	59	0,100,0,0,0,0	19581	516	3	57926	2032	5100	94272,95142,92536,33329,33329,33329,33329	0	0	24193,34619,59,0,0,0,0	0	76386
176985	40	37	11	1	2	0	0	0	5	599	1066	644	1812	0	0	5	2	89	0,100,0,0,0,0	21505	486	6	57953	2038	5384	94277,95147,92543,33387,33387,33387,33387	0	0	24193,34619,92,0,0,0,0	0	76481
176953	47	48	17	4	4	0	0	0	7	599	1067	657	1826	0	3	10	3	117	0,100,0,0,0,0	10093	500	7	57978	2044	5697	94272,95141,92540,33424,33424,33424,33424	0	0	24193,34619,123,0,0,0,0	1	76554
176913	44	69	28	7	5	0	0	0	11	599	1070	685	1902	1	2	9	4	149	0,100,0,0,0,0	10138	501	10	58010	2049	6003	94276,95144,92545,33484,33484,33484,33484	0	0	24193,34619,160,0,0,0,0	0	76632
176870	46	88	32	5	6	1	0	0	26	599	1073	693	1801	2	3	41	8	170	0,100,0,0,0,0	10186	496	18	58046	2054	6311	94278,95145,92549,33544,33544,33544,33544	0	0	24193,34619,201,0,0,0,0	0	76699
176850	45	81	42	9	9	1	0	0	31	599	1079	667	1850	1	2	50	13	174	0,100,0,0,0,0	10287	511	17	58060	2057	6619	94277,95143,92549,33594,33594,33594,33594	0	0	24193,34619,218,0,0,0,0	1	76785
176841	36	80	47	8	14	1	0	0	38	599	1082	690	1787	0	2	56	13	173	0,100,0,0,0,0	19505	501	9	58069	2057	6931	94264,95128,92537,33631,33631,33631,33631	0	0	24193,34619,227,0,0,0,0	1	76872
176822	29	77	55	8	15	1	0	0	54	599	1086	730	1885	1	6	66	15	170	0,100,0,0,0,0	19664	375	15	58082	2059	7217	94279,95142,92553,33699,33699,33699,33699	0	1	24193,34619,242,0,0,0,0	1	76913
176797	26	75	68	8	16	1	0	0	64	599	1092	726	1810	0	5	218	22	172	0,100,0,0,0,0	10347	380	22	58098	2065	7503	94298,95160,92574,33764,33764,33764,33764	0	1	24193,34619,264,0,0,0,0	1	76968
176769	34	73	72	5	19	1	0	0	79	599	1095	747	1781	0	5	236	26	178	0,100,0,0,0,0	10500	347	29	58124	2068	7746	94310,95171,92587,33823,33823,33823,33823	0	2	24193,34619,293,0,0,0,0	1	77024
176737	46	70	74	10	19	1	0	0	90	599	1100	726	1856	3	8	254	33	187	0,100,0,0,0,0	10390	349	34	58157	2069	8008	94322,95182,92601,33863,33863,33863,33863	0	3	24193,34619,327,0,0,0,0	1	77077
176706	51	73	70	11	18	1	1	0	110	599	1106	724	1999	1	6	412	43	182	0,100,0,0,0,0	10426	355	30	58182	2074	8282	94327,95185,92607,33912,33912,33912,33912	0	2	24193,34619,357,0,0,0,0	1	77126
176680	58	74	70	10	17	2	1	0	129	599	1106	722	1830	1	3	533	43	189	0,100,0,0,0,0	10680	352	32	58209	2079	8553	94342,95199,92624,33965,33965,33965,33965	0	1	24193,34619,389,0,0,0,0	2	77176
176648	54	94	64	9	17	2	1	0	145	599	1113	729	1841	2	3	521	49	192	0,100,0,0,0,0	19932	363	31	58234	2085	8819	94361,95216,92645,34029,34029,34029,34029	0	1	24193,34619,420,0,0,0,0	5	77234
176637	49	83	71	11	14	2	1	0	155	599	1124	726	1785	2	2	517	36	195	0,100,0,0,0,0	20072	331	15	58249	2087	9089	94349,95202,92634,34069,34069,34069,34069	0	2	24193,34619,437,0,0,0,0	3	77264
176603	49	96	71	10	14	2	1	0	173	599	1128	727	1991	0	8	528	39	204	0,100,0,0,0,0	10894	325	37	58285	2088	9363	94356,95208,92644,34133,34133,34133,34133	0	1	24193,34619,474,0,0,0,0	4	77284
176573	48	102	69	11	18	2	1	0	190	599	1133	756	2025	1	6	539	48	203	0,100,0,0,0,0	10746	305	34	58316	2092	9629	94368,95219,92657,34194,34194,34194,34194	0	0	24193,34619,508,0,0,0,0	5	77302
176543	54	102	68	18	16	2	1	0	204	599	1139	714	1858	0	3	633	43	218	0,100,0,0,0,0	10965	319	38	58347	2099	9896	94381,95232,92673,34258,34258,34258,34258	0	2	24193,34619,546,0,0,0,0	4	77324
176506	52	106	75	18	18	2	0	0	224	600	1145	740	1964	1	6	665	38	233	0,100,0,0,0,0	10934	314	34	58379	2101	10158	94391,95240,92684,34321,34321,34321,34321	0	3	24193,34619,580,0,0,0,0	2	77341
176465	55	110	82	15	16	3	0	0	251	600	1149	719	1860	3	6	721	37	244	0,100,0,0,0,0	10934	281	46	58417	2109	10392	94406,95253,92700,34382,34382,34382,34382	0	1	24193,34619,626,0,0,0,0	2	77360
176441	60	110	90	14	16	3	0	0	255	600	1157	738	1830	1	6	759	43	250	0,100,0,0,0,0	20275	331	40	58454	2112	10685	94410,95255,92707,34430,34430,34430,34430	0	1	24193,34619,666,0,0,0,0	4	77363
176404	68	109	104	17	19	3	0	0	261	600	1161	750	1799	3	3	619	44	276	0,100,0,0,0,0	20293	296	45	58493	2118	10940	94430,95273,92730,34528,34528,34528,34528	0	1	24193,34619,711,0,0,0,0	2	77374
176366	78	116	100	17	17	4	0	0	285	600	1163	742	1840	4	6	636	46	286	0,100,0,0,0,0	10955	305	54	58540	2125	11201	94438,95279,92740,34604,34604,34604,34604	0	4	24193,34619,765,0,0,0,0	3	77379
176320	79	142	100	16	20	4	0	0	299	600	1166	720	1891	2	8	737	55	306	0,100,0,0,0,0	10801	310	57	58593	2130	11468	94452,95291,92756,34690,34690,34690,34690	0	2	24193,34619,822,0,0,0,0	3	77378
176274	79	162	104	16	23	4	1	0	314	600	1169	727	1828	2	7	767	64	325	0,100,0,0,0,0	10859	323	59	58647	2135	11737	94477,95315,92784,34780,34780,34780,34780	0	3	24193,34619,881,0,0,0,0	4	77401
176241	85	154	129	19	26	4	0	0	317	601	1170	716	1825	2	3	785	63	354	0,100,0,0,0,0	10993	310	53	58689	2146	12004	94488,95325,92798,34860,34860,34860,34860	0	0	24193,34619,934,0,0,0,0	4	77416
176191	105	168	121	21	20	3	0	0	344	601	1172	729	1823	1	5	654	58	380	0,100,0,0,0,0	10986	295	73	58755	2154	12246	94516,95351,92829,34952,34952,34952,34952	0	1	24193,34619,1008,0,0,0,0	3	77427
176140	109	174	132	18	22	3	0	0	371	601	1176	730	1822	0	5	575	58	400	0,100,0,0,0,0	20150	300	62	58809	2163	12492	94524,95357,92839,35026,35026,35026,35026	0	2	24193,34619,1071,0,0,0,0	2	77438
176105	97	186	133	22	25	2	1	0	393	601	1181	740	1864	2	8	754	64	402	0,100,0,0,0,0	20271	305	52	58855	2170	12750	94559,95388,92877,35129,35129,35129,35129	0	0	24193,34619,1123,0,0,0,0	2	77457
176034	115	193	148	26	24	2	1	0	415	601	1187	767	2001	4	13	679	73	436	0,100,0,0,0,0	10938	291	88	58935	2180	13000	94624,95449,92946,35265,35265,35265,35265	0	2	24193,34619,1213,0,0,0,0	5	77457
175986	107	212	160	28	19	2	2	0	438	601	1191	767	1800	3	10	735	86	444	0,100,0,0,0,0	11183	237	66	58988	2193	13205	94662,95484,92988,35373,35373,35373,35373	0	1	24193,34619,1279,0,0,0,0	3	77464
175930	98	233	165	35	20	2	1	0	465	602	1195	771	1811	0	3	784	80	474	0,100,0,0,0,0	11023	278	74	59050	2206	13433	94709,95527,93039,35478,35478,35478,35478	0	0	24193,34619,1354,0,0,0,0	4	77477
175857	109	243	178	38	22	2	1	0	488	602	1206	771	1793	0	18	810	86	507	0,100,0,0,0,0	10953	291	92	59132	2216	13676	94760,95574,93094,35603,35603,35603,35603	0	0	24193,34619,1446,0,0,0,0	4	77467
175796	121	251	196	39	23	4	1	0	504	602	1209	732	2012	1	13	872	90	545	0,100,0,0,0,0	10995	323	87	59213	2224	13951	94826,95635,93163,35733,35733,35733,35733	0	3	24193,34619,1535,0,0,0,0	5	77467
175716	133	277	198	39	28	4	0	0	532	603	1216	788	1938	5	12	961	90	589	0,100,0,0,0,0	20355	304	107	59310	2234	14206	94910,95716,93251,35901,35901,35901,35901	0	9	24193,34619,1642,0,0,0,0	10	77448
175655	136	255	231	48	32	6	0	0	556	603	1224	769	1873	8	8	1172	100	608	0,100,0,0,0,0	20707	304	86	59388	2243	14466	94949,95753,93294,36021,36021,36021,36021	0	5	24193,34619,1729,0,0,0,0	16	77437
175570	146	278	218	41	36	8	1	0	614	603	1231	768	2015	4	25	1425	127	601	0,100,0,0,0,0	11540	260	109	59482	2258	14692	95013,95817,93363,36160,36160,36160,36160	0	6	24193,34619,1835,0,0,0,0	16	77429
175476	170	296	209	45	47	6	3	0	653	603	1238	802	1934	6	17	1415	131	645	0,100,0,0,0,0	11832	310	116	59586	2271	14962	95075,95879,93428,36294,36294,36294,36294	0	1	24193,34619,1949,0,0,0,0	16	77418
175393	173	317	226	41	53	8	4	0	682	604	1245	780	1981	8	17	1469	139	683	0,100,0,0,0,0	11859	268	107	59676	2289	15205	95141,95945,93498,36436,36436,36436,36436	0	5	24193,34619,2055,0,0,0,0	16	77397
175284	173	366	248	51	46	8	4	1	708	605	1252	784	2002	6	16	1376	153	743	0,100,0,0,0,0	11714	301	140	59796	2311	15465	95206,96009,93567,36583,36583,36583,36583	0	5	24193,34619,2196,0,0,0,0	24	77363
175185	191	373	276	57	40	8	4	1	745	606	1260	738	1850	2	20	1464	160	789	0,100,0,0,0,0	11682	307	127	59902	2333	15728	95272,96074,93638,36733,36733,36733,36733	0	5	24193,34619,2322,0,0,0,0	24	77341
175083	216	391	294	47	43	8	4	0	789	606	1265	750	2038	8	15	1664	154	849	0,100,0,0,0,0	20834	277	145	60035	2347	15970	95363,96166,93735,36908,36908,36908,36908	0	11	24193,34619,2469,0,0,0,0	23	77305
174970	229	421	287	46	55	6	2	2	849	607	1272	749	2000	10	12	1635	158	888	0,100,0,0,0,0	21239	259	147	60163	2367	16198	95440,96242,93815,37079,37079,37079,37079	0	8	24193,34619,2616,0,0,0,0	17	77275
174845	240	447	313	47	56	6	4	2	899	607	1280	777	2007	8	23	1779	169	944	0,100,0,0,0,0	12078	304	172	60314	2390	16454	95521,96322,93902,37246,37246,37246,37246	0	6	24193,34619,2790,0,0,0,0	20	77246
174706	270	460	355	60	64	6	3	2	927	609	1284	743	1986	7	23	1806	180	1038	0,100,0,0,0,0	12259	302	191	60483	2413	16729	95626,96426,94013,37442,37442,37442,37442	0	10	24193,34619,2982,0,0,0,0	25	77193
174551	294	498	367	66	75	6	2	2	985	610	1290	717	1965	5	18	1871	184	1124	0,100,0,0,0,0	12160	303	205	60660	2442	16992	95751,96551,94144,37665,37665,37665,37665	0	12	24193,34619,3187,0,0,0,0	26	77155
174349	333	562	382	74	79	5	2	1	1055	610	1294	705	2096	13	29	1793	192	1245	0,100,0,0,0,0	12050	294	252	60881	2475	17246	95899,96699,94298,37928,37928,37928,37928	0	6	24193,34619,3438,0,0,0,0	22	77083
174177	360	615	421	79	82	4	2	1	1095	610	1300	715	1843	8	24	1996	211	1352	0,100,0,0,0,0	11993	313	240	61092	2507	17525	96034,96835,94442,38159,38159,38159,38159	0	7	24193,34619,3680,0,0,0,0	16	77020
174020	353	662	436	86	83	4	4	1	1180	610	1307	724	2029	11	25	2072	218	1410	0,100,0,0,0,0	21366	288	214	61286	2528	17775	96153,96953,94568,38392,38392,38392,38392	0	11	24193,34619,3894,0,0,0,0	16	76942
173890	323	720	458	93	86	7	4	2	1241	610	1312	704	1824	13	24	2087	234	1457	0,100,0,0,0,0	21437	302	204	61459	2560	18048	96252,97052,94675,38592,38592,38592,38592	0	9	24193,34619,4098,0,0,0,0	19	76875
173682	368	743	509	105	91	12	4	2	1306	610	1314	718	1881	11	34	2254	274	1558	0,100,0,0,0,0	12398	324	277	61699	2598	18334	96413,97213,94844,38866,38866,38866,38866	1	9	24193,34619,4375,0,0,0,0	31	76790
173459	407	771	566	118	94	10	4	2	1386	610	1319	721	1849	12	34	2457	301	1669	0,100,0,0,0,0	12627	351	299	61956	2642	18636	96594,97393,95033,39164,39164,39164,39164	1	12	24193,34619,4675,0,0,0,0	29	76719
173264	418	817	601	117	93	12	4	2	1486	610	1322	721	2073	8	44	2824	315	1747	0,100,0,0,0,0	13196	349	289	62198	2690	18939	96768,97566,95217,39450,39450,39450,39450	1	10	24193,34619,4963,0,0,0,0	28	76646
173022	459	847	648	120	106	14	6	2	1584	610	1328	699	2043	9	30	2902	308	1892	0,100,0,0,0,0	13276	288	327	62483	2733	19184	96967,97765,95425,39775,39775,39775,39775	1	9	24193,34619,5287,0,0,0,0	31	76543
172801	475	874	690	117	142	14	7	2	1681	610	1333	730	1945	17	41	3097	333	1986	0,100,0,0,0,0	13484	312	316	62752	2784	19466	97142,97941,95613,40059,40059,40059,40059	1	25	24193,34619,5607,0,0,0,0	37	76437
172506	500	952	749	136	136	15	6	2	1796	611	1337	703	1919	12	40	3482	363	2131	0,100,0,0,0,0	22718	304	378	63086	2829	19727	97381,98180,95860,40446,40446,40446,40446	1	20	24193,34619,5985,0,0,0,0	35	76294
172309	475	1023	769	133	142	17	6	2	1921	612	1337	714	2014	18	53	3693	396	2169	0,100,0,0,0,0	22797	323	301	63353	2865	20014	97547,98346,96036,40726,40726,40726,40726	1	17	24193,34619,6286,0,0,0,0	32	76178
172066	489	1046	815	148	144	17	6	1	2058	612	1344	685	2060	20	45	3831	434	2231	0,100,0,0,0,0	24359	310	342	63661	2902	20280	97755,98554,96254,41060,41060,41060,41060	1	14	24193,34619,6631,0,0,0,0	35	76050
171870	505	1038	840	152	147	16	7	1	2214	612	1344	664	1974	18	50	4124	463	2242	0,100,0,0,0,0	24524	325	319	63941	2943	20565	97925,98724,96436,41341,41341,41341,41341	1	23	24193,34619,6951,0,0,0,0	36	75927
171625	523	1076	851	174	154	18	5	2	2359	614	1345	655	2029	18	40	4518	498	2303	0,100,0,0,0,0	24851	284	355	64251	2990	20800	98126,98925,96648,41672,41672,41672,41672	1	21	24193,34619,7306,0,0,0,0	30	75788
171400	550	1093	865	169	157	18	6	1	2525	614	1348	652	2017	24	48	4456	500	2358	0,100,0,0,0,0	25005	338	361	64556	3046	21098	98309,99108,96845,41971,41971,41971,41971	2	19	24193,34619,7662,0,0,0,0	32	75646
171167	574	1134	919	168	166	23	7	1	2616	615	1356	660	1978	23	54	4552	539	2452	0,100,0,0,0,0	24997	299	380	64893	3094	21353	98532,99331,97082,42317,42317,42317,42317	2	22	24193,34619,8042,0,0,0,0	40	75503
170958	553	1128	964	189	173	24	11	1	2770	615	1360	670	1889	24	53	4513	532	2510	0,100,0,0,0,0	23648	333	356	65195	3151	21648	98728,99527,97293,42624,42624,42624,42624	2	18	24193,34619,8399,0,0,0,0	47	75375
170742	549	1146	978	188	183	27	11	1	2942	617	1362	653	2032	19	61	4547	535	2547	0,100,0,0,0,0	23406	320	368	65516	3202	21928	98938,99737,97517,42951,42951,42951,42951	2	16	24193,34619,8770,0,0,0,0	60	75229
170512	577	1185	1007	180	197	27	12	1	3064	617	1367	658	1934	27	71	4547	562	2623	0,100,0,0,0,0	25123	310	417	65881	3256	22193	99178,99976,97772,43304,43304,43304,43304	2	29	24193,34619,9187,0,0,0,0	66	75062
170233	607	1226	1084	181	201	26	13	2	3185	617	1371	657	2018	23	56	4818	574	2764	0,100,0,0,0,0	14867	513	463	66277	3324	22674	99450,100247,98060,43689,43689,43689,43689	2	23	24193,34619,9647,0,0,0,0	53	74897
169911	683	1303	1073	188	197	33	13	1	3352	618	1374	659	2088	32	70	4826	588	2902	0,100,0,0,0,0	15224	480	501	66706	3403	23100	99808,100604,98435,44217,44217,44217,44217	2	27	24193,34619,10150,0,0,0,0	68	74717
169600	753	1326	1104	201	199	35	14	1	3518	620	1375	654	1984	30	67	5097	598	3034	0,100,0,0,0,0	15220	558	511	67139	3482	23611	100145,100941,98790,44707,44707,44707,44707	2	13	24193,34619,10657,0,0,0,0	67	74540
169250	782	1408	1134	204	207	35	15	1	3712	621	1377	652	1968	23	62	4963	620	3165	0,100,0,0,0,0	15495	521	506	67579	3553	24094	100526,101318,99185,45267,45267,45267,45267	2	19	24193,34619,11166,0,0,0,0	65	74352
168984	745	1471	1187	197	208	39	17	1	3895	622	1380	659	1874	20	62	4804	615	3249	0,100,0,0,0,0	23836	481	465	67979	3622	24538	100841,101633,99518,45751,45751,45751,45751	2	27	24193,34619,11631,0,0,0,0	80	74156
168704	773	1517	1187	211	214	34	13	0	4084	626	1383	649	1950	22	63	4885	613	3336	0,100,0,0,0,0	24020	563	515	68431	3689	25046	101188,101980,99886,46257,46257,46257,46257	3	25	24193,34619,12145,0,0,0,0	82	73949
168337	807	1589	1246	229	229	32	13	0	4249	627	1388	648	2045	27	79	4827	639	3506	0,100,0,0,0,0	15017	510	586	68939	3771	25482	101629,102421,100347,46867,46867,46867,46867	3	25	24193,34619,12731,0,0,0,0	77	73764
167920	895	1630	1356	232	243	30	16	1	4402	627	1394	620	2013	43	86	5198	692	3710	0,100,0,0,0,0	15183	648	646	69483	3878	26083	102057,102849,100797,47472,47472,47472,47472	3	42	24193,34619,13378,0,0,0,0	68	73517
167499	952	1747	1374	247	264	31	16	1	4589	627	1399	603	1956	33	92	5731	774	3857	0,100,0,0,0,0	15813	689	647	70039	3974	26704	102561,103353,101323,48167,48167,48167,48167	3	24	24193,34619,14028,0,0,0,0	70	73308
167134	961	1846	1427	266	266	29	17	1	4770	629	1400	606	1994	30	77	5848	791	4021	0,100,0,0,0,0	16087	637	633	70583	4068	27283	103046,103836,101830,48839,48839,48839,48839	3	30	24193,34619,14662,0,0,0,0	73	73081
166770	972	1948	1470	279	286	31	19	1	4934	631	1405	578	1951	37	91	6045	832	4173	0,100,0,0,0,0	16324	691	666	71151	4171	27909	103533,104321,102344,49488,49488,49488,49488	3	37	24193,34619,15330,0,0,0,0	77	72850
166436	974	1965	1572	282	284	33	20	1	5139	632	1408	571	2041	38	104	6248	881	4249	0,100,0,0,0,0	25256	680	619	71679	4268	28520	104006,104794,102842,50148,50148,50148,50148	3	33	24193,34619,15950,0,0,0,0	87	72622
166097	973	1999	1630	286	292	39	19	1	5367	633	1410	584	1936	36	88	6641	935	4303	0,100,0,0,0,0	25438	719	631	72233	4350	29175	104482,105270,103344,50796,50796,50796,50796	3	37	24193,34619,16584,0,0,0,0	94	72379
165667	1017	2035	1716	299	317	33	21	2	5591	634	1414	590	2002	60	110	7124	989	4449	0,100,0,0,0,0	17056	662	730	72857	4459	29766	105035,105822,103923,51541,51541,51541,51541	4	37	24193,34619,17309,0,0,0,0	101	72114
165245	1105	2135	1759	313	329	30	22	1	5755	636	1416	595	2044	50	115	7356	1081	4612	0,100,0,0,0,0	17595	885	790	73538	4572	30574	105606,106393,104526,52282,52282,52282,52282	4	32	24193,34619,18098,0,0,0,0	94	71835
164832	1114	2241	1778	322	334	33	23	2	6009	638	1420	584	1969	38	98	8050	1143	4702	0,100,0,0,0,0	17965	948	737	74159	4690	31459	106212,106998,105160,53104,53104,53104,53104	4	34	24193,34619,18833,0,0,0,0	91	71565
164408	1171	2289	1887	327	348	36	22	2	6191	642	1423	606	1989	45	112	8401	1177	4903	0,100,0,0,0,0	18679	856	789	74836	4808	32253	106865,107649,105844,53988,53988,53988,53988	4	49	24193,34619,19623,0,0,0,0	92	71256
163947	1205	2379	1980	330	362	36	19	3	6415	647	1423	600	1982	38	109	8381	1218	5093	0,100,0,0,0,0	18966	885	821	75539	4932	33057	107513,108298,106523,54839,54839,54839,54839	4	28	24193,34619,20442,0,0,0,0	93	70972
163633	1184	2376	2038	371	374	36	20	3	6638	649	1424	630	1948	50	107	8365	1207	5192	0,100,0,0,0,0	27053	858	722	76149	5049	33850	108080,108863,107124,55594,55594,55594,55594	4	41	24193,34619,21162,0,0,0,0	101	70686
163352	1168	2403	2029	373	402	39	21	6	6872	651	1430	628	2016	55	126	8644	1249	5186	0,100,0,0,0,0	27181	978	734	76788	5149	34661	108658,109441,107739,56348,56348,56348,56348	4	37	24193,34619,21891,0,0,0,0	98	70438
162934	1191	2497	2023	399	410	42	21	4	7139	653	1433	653	1968	49	149	8780	1326	5257	0,100,0,0,0,0	19158	962	830	77491	5279	35437	109322,110105,108438,57200,57200,57200,57200	4	35	24193,34619,22711,0,0,0,0	97	70203
162530	1282	2479	2116	418	398	43	20	4	7366	655	1435	625	2032	40	144	9138	1378	5378	0,100,0,0,0,0	19566	1723	835	78200	5415	36966	109959,110739,109108,58015,58015,58015,58015	4	33	24193,34619,23544,0,0,0,0	107	69941
162108	1299	2597	2146	411	431	45	22	4	7589	656	1438	593	1999	35	140	9549	1405	5546	0,100,0,0,0,0	19942	1710	870	78925	5563	38512	110840,111617,110027,59202,59202,59202,59202	4	38	24193,34619,24410,0,0,0,0	111	69664
161616	1342	2638	2229	415	430	46	28	5	7901	656	1440	588	1967	40	136	10021	1440	5688	0,100,0,0,0,0	20283	1694	898	79662	5727	40027	111725,112501,110949,60416,60416,60416,60416	5	47	24193,34619,25300,0,0,0,0	116	69380
161228	1328	2689	2251	416	448	49	28	6	8202	660	1441	571	1985	54	140	10092	1422	5787	0,100,0,0,0,0	20459	1695	844	80362	5877	41543	112569,113345,111831,61541,61541,61541,61541	5	40	24193,34619,26134,0,0,0,0	111	69112
160933	1268	2703	2316	407	443	55	29	5	8477	662	1448	558	1916	56	144	9915	1429	5792	0,100,0,0,0,0	28266	1663	780	81021	6002	43031	113372,114148,112674,62609,62609,62609,62609	5	48	24193,34619,26910,0,0,0,0	133	68829
160661	1284	2624	2350	432	441	62	26	6	8741	667	1452	593	2035	54	123	9605	1408	5811	0,99,0,0,0,0	28454	1723	739	81672	6136	44595	114172,114944,113514,63650,63650,63650,63650	5	51	24193,34619,27641,39,0,0,0	137	68537
160299	1298	2668	2359	445	452	64	27	6	9003	668	1457	584	1938	49	147	10274	1455	5858	0,99,0,0,0,0	20681	1639	847	82393	6300	46091	115047,115820,114434,64788,64788,64788,64788	5	35	24193,34619,28474,71,0,0,0	137	68223
159964	1334	2678	2383	465	463	60	30	5	9234	670	1460	597	2041	58	143	10624	1506	5907	0,98,1,0,0,0	20877	881	872	83119	6474	46809	115903,116676,115338,65862,65862,65862,65862	5	39	24193,34619,29332,101,0,0,0	129	67904
159625	1333	2768	2398	462	471	58	28	6	9458	676	1463	615	1919	56	145	11124	1577	5941	0,98,1,0,0,0	21452	873	882	83857	6647	47524	116555,117323,116032,66603,66603,66603,66603	5	40	24193,34619,30183,145,0,0,0	136	67592
159260	1312	2837	2437	474	451	66	28	5	9727	681	1468	579	1944	46	163	10719	1586	6019	0,97,2,0,0,0	21451	836	863	84601	6806	48221	117199,117967,116718,67356,67356,67356,67356	5	38	24193,34619,31014,208,0,0,0	131	67260
158951	1394	2827	2469	472	463	68	28	5	9911	684	1474	566	1938	48	153	10370	1592	6129	0,96,3,0,0,0	20990	877	901	85360	6984	48949	117840,118607,117408,68075,68075,68075,68075	5	39	24193,34619,31869,273,0,0,0	136	66931
158784	1378	2708	2526	483	481	61	28	4	10126	686	1481	551	2001	54	149	10217	1577	6088	0,96,3,0,0,0	28955	876	785	85985	7146	49675	118376,119142,117991,68672,68672,68672,68672	5	55	24193,34619,32596,316,0,0,0	135	66636
158564	1330	2658	2525	494	486	63	30	3	10415	689	1489	535	2027	62	147	10019	1514	6072	0,95,4,0,0,0	28347	866	787	86610	7315	50401	118921,119687,118582,69299,69299,69299,69299	5	40	24193,34619,33307,380,0,0,0	131	66342
158374	1263	2723	2484	462	477	65	29	3	10682	691	1493	525	1946	46	192	10238	1537	5966	0,95,4,0,0,0	20509	868	827	87270	7484	51112	119481,120245,119191,69934,69934,69934,69934	5	37	24193,34619,34046,456,0,0,0	124	66014
158163	1290	2690	2495	466	488	69	32	3	10860	693	1497	520	1916	44	143	10349	1568	5962	0,94,5,0,0,0	20773	773	848	87924	7681	51732	120012,120776,119770,70533,70532,70532,70532	6	45	24193,34619,34807,524,0,0,0	127	65695
157953	1291	2717	2500	476	473	71	30	3	11032	698	1502	504	1939	54	131	10031	1550	6008	0,93,6,0,0,0	20492	737	880	88617	7870	52319	120577,121338,120383,71139,71138,71138,71138	5	41	24193,34619,35573,620,0,0,0	127	65386
157815	1226	2777	2470	474	459	71	33	4	11214	699	1504	499	1985	58	135	9838	1457	6053	0,93,6,0,0,0	20354	729	816	89243	8066	52901	121077,121838,120933,71665,71664,71664,71664	6	49	24193,34619,36284,710,0,0,0	130	65112
157623	1288	2735	2480	492	454	70	36	4	11357	701	1506	506	2032	54	166	9743	1455	6100	0,92,7,0,0,0	20348	689	890	89930	8275	53501	121626,122385,121535,72228,72226,72226,72226	6	39	24193,34619,37060,815,0,0,0	119	64812
157596	1266	2584	2555	489	449	65	32	4	11491	705	1510	498	1935	49	137	9854	1434	6006	0,91,8,0,0,0	28137	588	724	90506	8426	54089	122070,122829,122029,72672,72669,72669,72669	5	39	24193,34619,37663,924,0,0,0	119	64500
157501	1249	2588	2501	480	449	65	33	5	11656	707	1512	505	1993	49	151	10251	1464	5901	0,91,8,0,0,0	28706	632	787	91110	8613	54721	122519,123277,122526,73140,73136,73136,73136	5	25	24193,34619,38308,1049,0,0,0	109	64159
157392	1261	2553	2567	480	458	59	30	6	11712	712	1516	492	1917	51	141	10376	1453	5955	0,89,10,0,0,0	20841	640	859	91740	8847	55361	123015,123771,123078,73675,73670,73670,73670	5	51	24193,34619,38980,1221,0,0,0	104	63806
157254	1332	2532	2519	474	448	58	31	5	11860	715	1518	476	2008	43	161	10357	1444	5950	0,88,11,0,0,0	20584	274	867	92361	9095	55635	123495,124250,123610,74186,74180,74180,74180	5	32	24193,34619,39679,1364,0,0,0	104	63467
157129	1316	2545	2493	453	451	59	32	4	12025	716	1523	465	1974	44	124	10318	1393	5956	0,87,12,0,0,0	20467	238	838	92979	9320	55873	123900,124652,124066,74557,74549,74549,74549	5	32	24193,34619,40321,1545,0,0,0	104	63150
157087	1321	2552	2487	431	454	64	33	4	12067	720	1526	489	1885	64	147	10088	1350	5992	0,85,14,0,0,0	20618	238	836	93591	9548	56111	124258,125008,124480,74874,74864,74864,74864	5	52	24193,34619,40933,1755,0,0,0	107	62820
157001	1382	2521	2494	422	441	69	35	7	12123	723	1528	513	2019	48	151	10581	1388	5976	0,84,15,0,0,0	20976	250	867	94208	9801	56361	124620,125367,124894,75202,75189,75189,75189	5	42	24193,34619,41542,1989,0,0,0	117	62473
156933	1374	2528	2459	417	448	64	32	7	12225	726	1533	531	1930	49	131	10155	1348	5974	0,82,17,0,0,0	28574	246	789	94781	10022	56607	124935,125681,125259,75498,75483,75483,75483	5	39	24193,34619,42087,2217,0,0,0	119	62140
156962	1266	2567	2470	410	437	65	32	6	12269	728	1534	505	1948	51	133	10035	1353	5894	0,81,18,0,0,0	28734	290	755	95320	10243	56897	125225,125972,125603,75747,75731,75731,75731	5	33	24193,34619,42600,2444,0,0,0	115	61823
156871	1301	2558	2483	428	428	65	32	6	12304	730	1540	488	1952	39	154	10083	1361	5934	0,78,21,0,0,0	20550	283	889	95931	10531	57180	125591,126337,126023,76120,76100,76100,76100	5	43	24193,34619,43159,2765,0,0,0	120	61466
156779	1392	2465	2495	433	415	71	31	6	12383	736	1540	470	1908	42	141	9548	1329	5973	0,76,23,0,0,0	20044	89	872	96512	10827	57269	125937,126680,126419,76470,76447,76447,76447	5	37	24193,34619,43695,3084,0,0,0	113	61111
156719	1381	2458	2547	422	409	66	29	7	12423	740	1545	499	1977	54	145	9330	1326	5986	0,74,25,0,0,0	28992	110	852	97100	11100	57379	126233,126972,126764,76729,76703,76703,76703	5	40	24193,34619,44217,3400,0,0,0	117	60767
156682	1325	2503	2499	411	381	65	29	7	12553	743	1548	504	1948	39	151	9483	1325	5888	0,73,26,0,0,0	28999	111	784	97653	11335	57490	126496,127233,127073,76965,76934,76934,76934	5	33	24193,34619,44675,3711,0,0,0	126	60419
156721	1287	2456	2528	404	378	61	28	7	12578	747	1551	502	1957	53	109	9501	1273	5869	0,71,28,0,0,0	27864	106	762	98156	11597	57596	126720,127457,127345,77153,77117,77117,77117	5	41	24193,34619,45071,4064,0,0,0	119	60111
156657	1319	2426	2490	376	391	61	35	7	12680	749	1555	492	1950	48	116	9206	1228	5870	0,68,31,0,0,0	27487	95	836	98716	11881	57691	126979,127713,127653,77416,77375,77375,77375	5	43	24193,34619,45488,4472,0,0,0	123	59755
156717	1318	2362	2543	368	359	61	31	7	12669	755	1556	491	1971	51	129	8449	1201	5841	0,66,33,0,0,0	27352	103	763	99215	12149	57794	127202,127936,127927,77593,77546,77546,77546	5	41	24193,34619,45851,4853,0,0,0	119	59461
156655	1317	2342	2507	386	355	60	24	7	12774	761	1558	500	2002	38	125	8395	1175	5816	0,63,36,0,0,0	27882	99	856	99756	12470	57893	127444,128178,128216,77850,77794,77794,77794	5	52	24193,34619,46207,5338,0,0,0	101	59126
156624	1389	2362	2468	382	356	55	20	6	12757	767	1560	498	1910	52	132	8600	1183	5849	0,60,39,0,0,0	28213	86	896	100312	12817	57979	127677,128409,128498,78118,78054,78054,78054	5	38	24193,34619,46562,5863,0,0,0	95	58756
156621	1440	2350	2416	389	367	55	19	5	12752	770	1562	487	2008	46	120	8058	1170	5866	0,57,42,0,0,0	27785	85	889	100855	13167	58064	127903,128631,128772,78351,78279,78279,78279	5	40	24193,34619,46895,6400,0,0,0	92	58408
156576	1448	2432	2378	388	370	53	17	4	12743	773	1564	487	1897	52	126	7961	1197	5889	0,54,45,0,0,0	27783	71	873	101398	13503	58135	128131,128857,129047,78605,78524,78524,78524	5	54	24193,34619,47217,6935,0,0,0	90	58061
156499	1437	2504	2344	379	383	50	20	4	12782	775	1569	499	1912	68	128	7910	1185	5932	0,52,47,0,0,0	27843	72	904	101976	13835	58207	128371,129096,129331,78896,78805,78805,78805	5	52	24193,34619,47545,7501,0,0,0	98	57680
156355	1456	2500	2372	388	355	49	19	6	12896	778	1572	489	1948	52	113	7623	1100	6039	0,49,50,0,0,0	26134	73	899	102494	14226	58280	128582,129307,129583,79184,79084,79084,79084	6	48	24193,34619,47804,8135,0,0,0	91	57324
156325	1455	2533	2411	379	354	52	20	8	12850	779	1580	495	1955	56	131	7638	1126	6078	0,46,53,0,0,0	26173	89	900	103024	14605	58369	128785,129511,129832,79439,79328,79328,79328	6	60	24193,34619,48061,8770,0,0,0	98	56975
156176	1591	2512	2436	362	342	55	24	7	12876	781	1584	472	1969	49	144	7757	1153	6169	0,43,56,0,0,0	17912	68	1016	103626	15026	58437	129048,129772,130138,79797,79674,79674,79674	6	44	24193,34619,48322,9510,0,0,0	98	56578
155947	1721	2537	2464	367	353	51	25	5	12906	783	1587	492	1900	50	133	8199	1198	6320	0,41,58,0,0,0	18084	294	1085	104268	15481	58731	129343,130068,130477,80208,80073,80073,80073	6	42	24193,34619,48574,10332,0,0,0	103	56161
155698	1862	2590	2534	362	339	49	26	5	12908	784	1589	480	1949	49	118	8387	1187	6575	0,38,61,0,0,0	18364	276	1154	104932	15978	59007	129702,130425,130878,80727,80578,80578,80578	6	58	24193,34619,48821,11227,0,0,0	108	55745
155290	1982	2742	2564	343	322	49	28	4	13043	786	1593	478	1940	66	126	7788	1136	6894	0,35,64,0,0,0	18275	289	1219	105646	16495	59296	130095,130817,131306,81346,81182,81182,81182	6	57	24193,34619,49047,12215,0,0,0	90	55290
154892	2079	2871	2620	343	330	44	27	3	13151	788	1598	469	1994	60	117	8033	1153	7161	0,32,67,0,0,0	17596	274	1261	106365	17050	59570	130465,131182,131714,81949,81769,81769,81769	6	53	24193,34619,49255,13264,0,0,0	96	54810
154561	2078	3069	2731	324	348	43	23	3	13169	794	1603	491	1954	69	110	7906	1162	7454	0,29,70,0,0,0	26456	277	1233	107060	17601	59847	130784,131498,132069,82502,82302,82302,82302	6	70	24193,34619,49432,14309,0,0,0	100	54337
154159	2031	3229	2821	324	354	43	24	1	13357	797	1606	478	1900	70	105	7471	1127	7699	0,27,72,0,0,0	26277	275	1236	107723	18178	60122	131129,131841,132447,83095,82877,82877,82877	7	69	24193,34619,49626,15336,0,0,0	99	53916
153447	2328	3294	3028	321	371	46	22	3	13479	799	1608	488	1948	73	136	7479	1169	8241	0,24,74,0,0,0	17680	280	1558	108606	18886	60402	131592,132299,132939,83922,83684,83684,83684	7	76	24193,34619,49818,16687,21,0,0	98	53315
152710	2642	3330	3145	347	366	46	21	3	13725	801	1610	473	1954	79	148	7452	1255	8642	0,22,77,0,0,0	17513	339	1601	109450	19666	60741	132019,132723,133396,84736,84476,84476,84476	7	65	24193,34619,49987,18099,35,0,0	102	52713
151948	2689	3681	3208	356	373	44	18	5	14011	802	1611	464	2050	95	138	7737	1306	9063	0,20,79,0,0,0	17633	338	1596	110333	20416	61079	132501,133202,133905,85623,85339,85339,85339	7	74	24193,34619,50133,19537,65,0,0	100	52122
151111	2833	3955	3384	395	381	39	19	5	14206	802	1616	489	1945	71	128	7791	1333	9673	0,18,81,0,0,0	18289	362	1758	111258	21287	61441	132986,133677,134411,86576,86265,86265,86265	8	80	24193,34619,50283,21131,99,0,0	98	51473
150059	3079	4207	3568	416	415	43	15	8	14508	805	1623	515	1878	86	161	7951	1437	10306	0,15,82,1,0,0	18235	323	1964	112299	22241	61764	133566,134252,135014,87713,87374,87374,87374	8	91	24193,34619,50436,22908,145,0,0	100	50766
149285	3055	4357	3744	444	428	49	15	7	14932	806	1624	515	1959	95	164	8281	1466	10626	0,14,84,1,0,0	26754	322	1719	113183	23107	62086	134006,134688,135480,88614,88249,88249,88249	9	105	24193,34619,50551,24473,185,0,0	126	50136
148370	3026	4537	4090	439	440	48	21	7	15335	807	1626	503	1945	94	132	8846	1520	11081	0,12,85,1,0,0	26982	355	1877	114134	24056	62441	134506,135180,135998,89668,89268,89268,89268	9	109	24193,34619,50641,26222,221,0,0	138	49472
147133	3373	4669	4222	468	454	51	20	7	15909	810	1630	501	2033	128	200	9602	1649	11608	0,11,86,1,0,0	19591	352	2232	115291	25143	62793	135126,135798,136634,90971,90534,90534,90534	10	103	24193,34619,50747,28284,272,0,0	133	48661
145860	3670	4845	4431	464	468	51	22	6	16485	810	1634	505	1917	121	187	10130	1734	12217	0,10,87,2,0,0	20151	385	2283	116448	26281	63178	135749,136414,137270,92298,91823,91822,91822	10	127	24193,34619,50839,30397,340,0,0	131	47836
144588	3881	5114	4623	464	494	47	23	8	17056	813	1635	505	2026	128	182	10683	1839	12807	0,9,88,2,0,0	20700	340	2331	117597	27478	63518	136386,137042,137919,93650,93134,93134,93134	11	127	24193,34619,50947,32546,407,0,0	121	47059
143279	4011	5462	4816	469	482	44	23	7	17698	816	1639	518	1943	136	198	11198	1939	13368	0,8,89,2,0,0	21024	376	2388	118752	28723	63894	137010,137658,138552,95045,94486,94486,94486	12	121	24193,34619,51033,34765,475,0,0	127	46225
141838	4164	5725	5132	488	497	46	24	7	18363	818	1644	499	1838	119	194	11298	2010	14066	0,7,90,2,0,0	21491	357	2571	119988	30076	64251	137703,138341,139251,96584,95976,95975,95975	12	109	24193,34619,51105,37178,555,0,0	133	45385
140647	4167	5791	5487	486	500	45	23	10	19123	819	1648	472	2021	175	195	11268	2057	14442	0,6,90,2,0,0	29912	382	2361	121136	31305	64633	138272,138901,139830,97952,97295,97294,97294	13	138	24193,34619,51169,39380,643,0,0	154	44542
139440	4092	5964	5745	502	515	42	25	10	19941	819	1651	479	1939	149	198	11696	2172	14713	0,5,91,2,0,0	29877	382	2388	122239	32611	65015	138826,139450,140392,99305,98596,98594,98594	13	130	24193,34619,51236,41613,721,0,0	152	43755
137864	4421	6179	5880	523	497	38	22	12	20834	822	1654	499	1963	137	208	12870	2299	15261	0,5,91,3,0,0	22740	359	2864	123594	34134	65374	139517,140129,141085,100983,100217,100214,100214	14	139	24193,34619,51308,44286,832,0,0	136	42765
136265	4777	6227	6192	530	510	43	23	13	21686	823	1657	485	1960	158	203	13096	2357	15945	0,4,91,3,0,0	23143	311	2879	124912	35720	65685	140203,140806,141768,102672,101845,101842,101842	14	152	24193,34619,51360,46974,960,0,0	145	41805
134797	4837	6492	6365	544	513	48	22	12	22629	826	1661	482	1900	158	213	12949	2373	16448	0,4,91,3,0,0	23145	341	2805	126215	37244	66026	140850,141445,142413,104312,103421,103416,103416	15	181	24193,34619,51409,49575,1100,0,0	146	40860
133308	4897	6780	6480	577	529	43	24	12	23606	827	1663	488	1933	178	234	13159	2447	16883	0,3,92,4,0,0	22772	344	2905	127531	38848	66370	141494,142080,143053,106003,105044,105038,105038	16	155	24193,34619,51444,52273,1251,0,0	139	39902
131852	4899	7037	6704	547	577	44	24	13	24553	830	1666	472	2023	173	214	13708	2565	17267	0,3,92,4,0,0	23734	363	2895	128845	40448	66733	142114,142694,143665,107673,106644,106636,106636	16	156	24193,34619,51491,54945,1401,0,0	153	38934
130552	4771	7076	6960	580	586	52	23	12	25633	832	1669	478	1870	195	215	13575	2600	17448	0,3,92,4,0,0	31569	354	2741	130107	41956	67087	142687,143260,144238,109279,108178,108169,108169	17	179	24193,34619,51521,57500,1551,0,0	172	38024
129581	4568	7026	7226	596	592	52	33	8	26559	832	1673	473	1938	188	258	14045	2690	17403	0,2,92,4,0,0	31568	328	2643	131243	43484	67415	143137,143709,144690,110752,109564,109553,109553	18	187	24193,34619,51561,59917,1715,0,0	178	37172
128296	4710	6886	7382	639	602	50	32	12	27628	833	1676	464	1915	200	272	14726	2813	17488	0,2,92,5,0,0	24744	330	2870	132507	45111	67745	143703,144271,145250,112394,111124,111111,111111	18	167	24193,34619,51595,62548,1898,0,0	164	36264
127087	4840	6795	7443	638	617	47	30	17	28722	834	1676	486	1950	192	274	15020	2881	17529	0,2,92,5,0,0	25061	139	2862	133779	46720	67884	144243,144799,145775,114024,112669,112654,112654	19	136	24193,34619,51613,65145,2103,0,0	157	35343
126122	4772	6881	7333	629	598	48	29	20	29800	834	1680	491	1945	187	248	14909	2882	17408	0,2,92,5,0,0	25455	126	2713	134940	48299	68010	144659,145211,146184,115503,114058,114040,114040	19	144	24193,34619,51645,67613,2286,0,0	157	34470
125226	4713	6901	7345	637	597	46	35	21	30705	837	1683	480	1946	188	231	14977	2868	17406	0,1,91,6,0,0	25009	150	2764	136121	49904	68160	145063,145612,146581,116997,115460,115438,115438	19	148	24193,34619,51665,70098,2501,0,0	154	33582
124426	4715	6838	7328	640	598	48	35	22	31574	839	1683	488	1965	189	247	15601	2902	17300	0,1,91,6,0,0	25419	123	2693	137220	51519	68283	145419,145962,146932,118445,116807,116783,116783	20	155	24193,34619,51683,72502,2736,0,0	153	32757
124008	4330	6816	7303	584	621	45	35	21	32452	845	1686	517	1906	179	196	15550	2819	16915	0,1,91,7,0,0	33253	137	2345	138194	52912	68420	145653,146195,147169,119648,117908,117881,117881	20	140	24193,34619,51691,74594,2945,0,0	157	32034
123824	3924	6640	7279	562	621	42	38	22	33257	846	1691	481	1880	160	221	14980	2752	16354	0,1,91,7,0,0	33206	121	2205	139104	54224	68541	145799,146340,147316,120762,118915,118884,118884	20	128	24193,34619,51708,76547,3137,0,0	155	31326
123405	3958	6357	7157	571	602	43	38	18	34052	851	1694	485	1993	152	247	15711	2721	16005	0,1,90,7,0,0	25619	128	2440	140140	55645	68669	146046,146582,147554,122035,120085,120048,120048	19	140	24193,34619,51719,78683,3366,0,0	152	30529
123213	3975	5980	7097	570	598	41	33	16	34668	857	1698	488	1920	154	226	15361	2628	15666	0,1,90,8,0,0	25352	83	2316	141088	57030	68752	146221,146753,147727,123213,121153,121111,121111	19	132	24193,34619,51736,80656,3618,0,0	166	29818
123176	3836	5804	6908	549	598	40	30	17	35228	858	1702	497	1920	149	224	14969	2502	15263	0,1,89,8,0,0	24852	78	2207	141962	58380	68830	146328,146856,147826,124304,122126,122080,122080	18	110	24193,34619,51746,82531,3866,0,0	152	29144
123315	3620	5607	6770	507	540	44	33	15	35731	859	1705	478	1940	154	206	14983	2340	14781	0,1,89,9,0,0	25300	76	2050	142748	59658	68906	146391,146915,147886,125279,122991,122939,122939	18	107	24193,34619,51751,84275,4095,0,0	137	28543
123415	3542	5460	6465	490	498	44	31	14	36223	859	1705	487	1866	155	220	14240	2257	14273	0,1,88,10,0,0	24827	89	2034	143536	60923	68995	146446,146971,147935,126278,123881,123822,123822	17	120	24193,34619,51760,85974,4356,0,0	148	27950
123844	3305	5234	6330	505	484	42	25	20	36388	861	1708	466	2006	140	185	13877	2182	13743	0,0,88,10,0,0	31936	80	1814	144257	62029	69075	146419,146945,147907,127124,124611,124545,124545	17	109	24193,34619,51771,87478,4595,0,0	131	27398
124451	3025	4996	6149	535	466	42	22	21	36467	862	1710	474	1908	114	153	13489	2086	13149	0,0,87,11,0,0	31420	84	1680	144889	63088	69159	146329,146858,147823,127866,125232,125161,125161	16	89	24193,34619,51778,88854,4840,0,0	131	26911
124891	2942	4800	5977	489	438	49	25	19	36537	863	1716	437	1932	138	203	13027	2006	12714	0,0,87,11,0,0	23438	87	1811	145621	64183	69246	146327,146858,147826,128726,125974,125896,125896	16	119	24193,34619,51782,90335,5105,0,0	121	26363
125528	2902	4555	5593	450	454	47	22	19	36592	867	1717	497	1952	104	187	13041	1933	12090	0,0,86,12,0,0	23053	54	1685	146264	65235	69300	146249,146779,147747,129475,126603,126518,126518	15	78	24193,34619,51787,91659,5384,0,0	112	25870
126240	2808	4361	5299	433	433	47	19	20	36499	869	1718	498	1830	104	171	12402	1835	11565	0,0,85,13,0,0	22624	50	1602	146890	66223	69350	146141,146680,147646,130175,127183,127091,127091	14	79	24193,34619,51794,92908,5655,0,0	117	25389
127048	2676	4245	5078	367	418	51	18	21	36233	871	1720	493	1990	104	193	12202	1769	11084	0,0,84,14,0,0	22200	48	1536	147502	67156	69398	146005,146547,147518,130836,127724,127623,127623	14	67	24193,34619,51797,94088,5949,0,0	107	24905
128119	2456	4020	4877	340	397	51	18	20	35855	871	1722	522	1981	100	166	11942	1697	10462	0,0,83,15,0,0	22386	55	1351	147998	68018	69453	145774,146317,147295,131360,128128,128016,128016	13	81	24193,34619,51799,95107,6218,0,0	110	24511
129091	2242	3815	4733	355	385	48	18	17	35441	875	1726	526	1921	91	140	11112	1591	10005	0,0,83,16,0,0	29688	43	1240	148453	68818	69496	145587,146136,147120,131858,128512,128393,128393	13	68	24193,34619,51802,96054,6447,0,0	105	24173
130247	2055	3628	4510	341	342	54	18	19	34927	877	1728	529	1961	104	141	10666	1457	9491	0,0,82,16,0,0	29042	57	1147	148873	69558	69553	145336,145888,146881,132269,128811,128680,128680	12	77	24193,34619,51804,96901,6686,0,0	103	23850
131345	2016	3313	4294	327	342	49	17	20	34412	879	1732	524	1874	75	161	10306	1398	8960	0,0,81,17,0,0	20651	50	1178	149343	70274	69603	145125,145680,146685,132719,129147,129005,129005	12	63	24193,34619,51804,97757,6947,0,0	107	23498
132470	1997	3064	4103	304	320	39	19	19	33795	880	1736	493	1961	93	125	10189	1305	8541	0,0,80,18,0,0	20613	34	1163	149808	70977	69637	144881,145437,146447,133153,129468,129315,129315	11	62	24193,34619,51807,98585,7207,0,0	100	23134
133679	1876	2943	3788	287	266	39	21	20	33205	882	1740	513	1993	77	128	10215	1211	8009	0,0,79,19,0,0	20318	44	1045	150207	71632	69681	144624,145187,146198,133510,129714,129549,129549	10	46	24193,34619,51807,99313,7469,0,0	104	22840
134875	1763	2833	3535	297	258	30	21	21	32488	883	1742	514	1924	69	119	9753	1143	7594	0,0,78,21,0,0	19990	51	997	150561	72281	69732	144353,144923,145942,133830,129924,129749,129749	10	57	24193,34619,51812,99963,7744,0,0	97	22568
136161	1652	2702	3361	280	242	27	20	19	31653	884	1745	520	1888	63	110	9168	1072	7212	0,0,77,22,0,0	19621	58	928	150913	72863	69790	144038,144617,145640,134128,130110,129924,129924	9	49	24193,34619,51814,100592,7994,0,0	85	22292
137449	1488	2588	3222	264	218	25	17	13	30826	886	1750	530	2015	70	87	8928	999	6823	0,0,75,24,0,0	27280	45	841	151226	73398	69835	143732,144315,145349,134370,130248,130050,130050	9	64	24193,34619,51815,101121,8264,0,0	82	22038
138848	1333	2388	3011	258	215	22	15	15	30002	887	1752	554	1976	64	91	8232	924	6318	0,0,74,25,0,0	27100	38	726	151494	73861	69873	143404,143992,145036,134548,130325,130113,130113	8	43	24193,34619,51816,101571,8501,0,0	82	21841
140039	1307	2201	2907	223	228	17	15	12	29154	887	1756	539	2035	69	94	8143	893	6005	0,0,72,27,0,0	18330	47	811	151779	74393	69920	143111,143701,144754,134772,130456,130232,130232	8	41	24193,34619,51818,102057,8771,0,0	71	21612
141330	1266	2065	2705	218	206	17	12	14	28264	887	1762	530	1903	56	96	7965	863	5626	0,0,71,28,0,0	17981	17	741	152036	74879	69937	142798,143393,144453,134948,130536,130301,130301	7	40	24193,34619,51820,102473,9046,0,0	56	21417
142538	1259	1960	2494	208	210	17	10	11	27383	889	1767	538	1929	58	86	7689	826	5332	0,0,69,30,0,0	17873	37	748	152282	75386	69974	142490,143089,144156,135123,130623,130375,130375	7	40	24193,34619,51820,102888,9315,0,0	57	21222
143835	1223	1837	2334	206	204	18	12	11	26406	890	1770	559	1961	51	71	6972	763	5071	0,0,68,31,0,0	17654	32	635	152503	75806	70006	142171,142777,143848,135240,130651,130390,130390	6	41	24193,34619,51821,103216,9552,0,0	53	21052
145028	1137	1808	2187	191	203	21	13	12	25481	891	1774	540	1981	51	77	6485	691	4869	0,0,66,33,0,0	16972	30	667	152726	76256	70036	141878,142489,143568,135383,130710,130436,130436	6	24	24193,34619,51823,103589,9797,0,0	61	20880
146325	1046	1694	2082	168	184	21	11	10	24537	891	1777	555	1921	38	66	6357	631	4575	0,0,65,34,0,0	25081	19	546	152909	76622	70055	141544,142163,143250,135460,130706,130418,130418	6	34	24193,34619,51823,103885,10015,0,0	63	20735
147603	945	1610	2014	175	180	18	6	13	23510	891	1781	547	2033	42	84	6147	599	4349	0,0,63,36,0,0	24820	14	515	153102	76949	70069	141224,141851,142950,135522,130689,130387,130387	5	35	24193,34619,51823,104118,10257,0,0	58	20584
148627	995	1552	1889	159	161	22	6	13	22647	891	1784	564	1939	37	67	5264	522	4262	0,0,61,38,0,0	15943	36	662	153333	77386	70105	140973,141607,142713,135671,130765,130451,130451	5	37	24193,34619,51824,104438,10560,0,0	52	20416
149630	1068	1483	1790	145	149	21	6	12	21763	891	1788	582	1926	31	63	4842	464	4198	0,0,59,40,0,0	15166	10	642	153568	77796	70115	140723,141366,142477,135818,130843,130515,130515	5	33	24193,34619,51827,104730,10854,0,0	49	20236
150564	1069	1493	1739	135	145	20	6	12	20880	892	1791	572	2017	48	55	4144	409	4198	0,0,57,41,0,0	14757	11	639	153787	78219	70126	140481,141126,142241,135957,130919,130577,130577	5	35	24193,34619,51828,105033,11151,0,0	50	20064
151359	1098	1554	1676	137	135	16	5	12	20070	893	1791	574	1929	33	59	3690	377	4244	0,0,55,43,0,0	14027	6	681	153990	78703	70132	140274,140922,142042,136120,131023,130668,130668	5	50	24193,34619,51829,105328,11500,0,0	46	19905
152235	1095	1547	1663	135	124	15	5	9	19232	893	1793	580	1946	43	60	3117	329	4255	0,0,54,45,0,0	13527	7	618	154222	79092	70139	140065,140716,141842,136265,131111,130741,130741	4	32	24193,34619,51832,105578,11833,0,0	42	19728
153105	1028	1523	1649	142	123	14	8	8	18458	894	1794	588	1922	43	49	2526	310	4177	0,0,52,47,0,0	21888	10	546	154417	79446	70149	139842,140497,141628,136376,131170,130785,130785	4	31	24193,34619,51834,105802,12123,0,0	47	19579
153987	983	1496	1634	145	108	18	9	7	17668	894	1797	578	1976	34	59	2015	298	4095	0,0,50,49,0,0	21345	4	561	154582	79845	70153	139594,140255,141394,136463,131208,130806,130806	4	37	24193,34619,51837,106015,12437,0,0	48	19445
154746	980	1490	1633	134	113	15	8	6	16928	894	1799	586	2007	46	59	1346	281	4092	0,0,48,51,0,0	11956	7	604	154782	80251	70160	139397,140064,141206,136594,131295,130875,130875	4	30	24193,34619,51838,106223,12801,0,0	45	19302
155475	999	1435	1633	136	126	14	5	9	16217	894	1803	575	1936	44	49	978	274	4074	0,0,46,53,0,0	11411	19	595	154987	80645	70179	139206,139877,141025,136727,131384,130947,130947	3	35	24193,34619,51838,106432,13163,0,0	45	19146
156092	1044	1424	1625	136	131	13	4	9	15566	895	1807	577	1916	47	51	842	264	4113	0,0,43,55,0,0	10969	22	638	155182	81092	70201	139038,139713,140864,136877,131493,131041,131041	3	37	24193,34619,51841,106630,13566,0,0	36	19001
156661	1038	1448	1610	133	126	9	4	8	15004	895	1810	583	1998	39	71	854	281	4087	0,0,41,58,0,0	11014	22	623	155391	81506	70223	138887,139564,140719,137029,131609,131143,131143	3	31	24193,34619,51842,106817,13960,0,0	35	18839
157214	1045	1460	1590	118	136	9	2	8	14454	897	1813	596	1940	38	57	835	265	4095	0,0,40,59,0,0	10896	15	610	155589	81921	70238	138734,139411,140569,137170,131714,131233,131233	3	33	24193,34619,51843,106991,14360,0,0	30	18695
157863	973	1446	1611	120	128	13	3	7	13867	897	1818	607	1996	38	45	824	253	4041	0,0,37,62,0,0	20169	21	519	155728	82306	70259	138534,139211,140375,137247,131756,131257,131257	3	32	24193,34619,51843,107130,14723,0,0	33	18586
158369	889	1504	1594	107	143	14	2	7	13393	898	1826	631	1968	32	43	804	254	3999	0,0,36,63,0,0	20056	23	541	155891	82687	70282	138390,139070,140235,137352,131834,131319,131319	3	32	24193,34619,51844,107270,15095,0,0	35	18473
158716	972	1448	1593	95	117	15	3	7	13050	898	1832	608	1997	50	73	805	255	3988	0,0,34,65,0,0	10874	22	635	156070	83147	70304	138268,138947,140115,137496,131960,131428,131428	3	22	24193,34619,51845,107417,15547,0,0	46	18329
159093	1072	1397	1571	103	100	14	3	7	12656	898	1832	588	2032	46	40	812	248	4012	0,0,32,66,0,0	10986	0	635	156263	83593	70304	138153,138829,140000,137651,132096,131547,131547	3	27	24193,34619,51849,107567,16002,0,0	38	18172
159415	1111	1450	1565	114	108	11	5	7	12229	898	1833	611	1931	38	43	792	244	4120	0,0,30,68,0,0	10962	0	672	156484	84046	70304	138057,138733,139905,137835,132262,131694,131694	3	35	24193,34619,51851,107701,16511,0,0	36	17999
159740	1105	1492	1596	121	111	12	2	8	11821	900	1838	613	2049	28	54	780	252	4187	0,0,29,70,0,0	10935	0	654	156696	84492	70304	137956,138634,139808,138000,132407,131823,131823	3	19	24193,34619,51855,107841,16988,0,0	30	17836
159983	1088	1548	1609	131	105	11	3	8	11515	901	1844	619	1944	35	63	786	253	4242	0,0,27,72,0,0	10870	0	644	156892	84945	70304	137871,138548,139727,138160,132554,131953,131953	2	27	24193,34619,51855,107949,17502,0,0	28	17687
160276	1036	1577	1641	112	113	9	4	9	11221	901	1847	618	1971	39	42	778	226	4266	0,0,25,74,0,0	19997	0	584	157075	85350	70304	137760,138440,139621,138294,132675,132056,132056	3	38	24193,34619,51856,108049,17966,0,0	30	17539
160630	958	1525	1677	129	108	11	6	7	10943	901	1851	614	2058	40	55	749	236	4178	0,0,24,75,0,0	20275	0	536	157223	85743	70304	137634,138315,139498,138393,132762,132124,132124	3	27	24193,34619,51857,108148,18386,0,0	42	17418
160801	1054	1529	1652	135	118	11	7	7	10678	901	1853	611	2001	39	57	748	243	4263	0,0,22,76,0,0	10880	0	704	157448	86227	70304	137569,138252,139434,138574,132938,132281,132281	2	20	24193,34619,51859,108251,18957,0,0	36	17235
160894	1138	1464	1657	127	117	10	7	6	10566	901	1859	588	2058	33	62	775	242	4278	0,0,21,78,0,0	10845	0	672	157644	86709	70304	137517,138201,139383,138743,133106,132431,132431	2	27	24193,34619,51860,108344,19508,0,0	39	17074
161041	1140	1531	1646	118	131	8	7	6	10354	902	1862	598	2000	43	59	784	243	4338	0,0,19,79,0,0	10772	0	674	157846	87187	70304	137463,138151,139331,138912,133276,132579,132579	2	46	24193,34619,51861,108427,20075,0,0	33	16916
161177	1114	1584	1626	126	124	9	6	7	10204	902	1867	595	1953	42	62	782	256	4333	0,0,18,80,0,0	10833	0	641	158032	87646	70304	137412,138099,139285,139063,133432,132712,132712	2	31	24193,34619,51861,108514,20604,0,0	38	16789
161254	1097	1642	1623	130	122	10	6	6	10083	903	1870	621	2012	49	62	803	254	4376	0,0,17,81,0,0	10883	0	668	158219	88132	70304	137361,138047,139235,139236,133610,132868,132868	3	39	24193,34619,51865,108589,21177,0,0	31	16642
161413	1057	1612	1614	138	130	14	6	6	9981	903	1872	609	1995	40	50	819	255	4316	0,0,17,82,0,0	20117	0	568	158403	88527	70304	137296,137984,139172,139373,133750,132986,132986	3	30	24193,34619,51865,108658,21666,0,0	40	16495
161606	997	1613	1642	149	132	13	4	5	9805	905	1875	620	1989	46	68	836	274	4276	0,0,16,83,0,0	20303	0	599	158568	88964	70304	137208,137898,139089,139479,133866,133076,133076	3	26	24193,34619,51865,108731,22171,0,0	40	16358
161621	1063	1627	1637	135	142	11	4	3	9718	905	1880	619	1937	32	60	843	276	4343	0,0,15,84,0,0	10965	0	691	158743	89487	70304	137175,137864,139059,139647,134044,133231,133231	3	26	24193,34619,51868,108791,22770,0,0	35	16229
161635	1107	1622	1656	106	145	8	3	3	9668	905	1888	621	2000	34	61	858	259	4388	0,0,14,85,0,0	10925	0	677	158921	89991	70304	137140,137828,139024,139816,134228,133390,133390	2	26	24193,34619,51868,108849,23375,0,0	27	16093
161702	1104	1633	1699	114	135	9	2	3	9550	906	1889	601	1988	36	61	860	257	4439	0,0,13,86,0,0	10972	0	651	159099	90466	70304	137084,137775,138973,139967,134390,133528,133528	3	47	24193,34619,51869,108903,23944,0,0	31	15949
161729	1135	1564	1747	119	124	8	2	3	9516	907	1892	590	1979	36	64	866	254	4445	0,0,11,87,0,0	10859	0	640	159277	90932	70304	137048,137739,138940,140114,134553,133666,133666	3	22	24193,34619,51871,108935,24534,0,0	41	15810
161732	1120	1595	1706	110	126	7	3	3	9539	907	1898	612	1994	47	53	859	253	4414	0,0,11,88,0,0	11008	0	647	159455	91402	70304	137011,137702,138901,140269,134721,133813,133813	3	25	24193,34619,51871,108982,25112,0,0	39	15676
161903	1031	1563	1681	111	146	7	5	2	9486	907	1904	619	1974	36	54	861	273	4271	0,0,10,88,0,0	20311	0	527	159584	91801	70304	136918,137609,138810,140363,134828,133895,133895	3	33	24193,34619,51872,109032,25568,0,0	35	15573
162028	911	1556	1680	117	152	7	5	2	9476	907	1905	655	2042	35	68	866	291	4137	0,0,10,89,0,0	19923	0	505	159718	92176	70304	136849,137539,138742,140455,134934,133976,133976	3	26	24193,34619,51872,109064,26021,0,0	39	15469
162021	943	1586	1673	102	140	9	4	3	9449	907	1909	613	1923	40	67	871	289	4168	0,0,9,90,0,0	11072	0	659	159896	92659	70304	136823,137514,138717,140614,135113,134128,134128	3	29	24193,34619,51872,109095,26628,0,0	44	15346
162094	964	1458	1723	123	145	8	5	3	9405	907	1911	624	1921	34	67	882	290	4136	0,0,8,91,0,0	10993	0	564	160052	93072	70304	136776,137464,138669,140726,135246,134235,134235	3	29	24193,34619,51872,109121,27146,0,0	42	15227
162121	958	1431	1692	136	139	8	4	4	9430	908	1915	628	2007	43	64	875	286	4082	0,0,8,91,0,0	10861	0	591	160209	93509	70304	136727,137416,138620,140859,135399,134361,134361	2	22	24193,34619,51872,109155,27688,0,0	34	15096
162191	984	1407	1588	132	136	8	3	3	9465	909	1920	621	1972	44	66	885	281	3977	0,0,7,92,0,0	10995	0	566	160347	93944	70304	136664,137355,138553,140961,135524,134459,134459	2	29	24193,34619,51872,109181,28213,0,0	32	14988
162305	924	1415	1562	117	129	6	5	2	9450	909	1922	611	1968	33	61	898	282	3876	0,0,7,92,0,0	10897	0	525	160491	94328	70304	136596,137287,138490,141050,135633,134540,134540	2	27	24193,34619,51873,109202,28697,0,0	26	14868
162486	842	1341	1569	118	137	5	2	4	9406	910	1926	599	1997	25	51	876	274	3740	0,0,6,93,0,0	20177	0	455	160607	94670	70304	136508,137199,138405,141110,135713,134590,134590	2	23	24193,34619,51873,109225,29115,0,0	23	14771
162649	802	1301	1481	98	137	6	3	4	9421	910	1934	668	1898	31	62	872	256	3572	0,0,5,93,0,0	20143	0	460	160740	95004	70304	136421,137116,138322,141187,135810,134657,134657	2	32	24193,34619,51873,109239,29546,0,0	29	14655
162792	821	1206	1452	109	126	5	2	6	9381	910	1936	695	2052	31	60	864	253	3468	0,0,5,94,0,0	10735	0	475	160866	95356	70304	136327,137024,138231,141260,135905,134722,134722	2	21	24193,34619,51874,109255,29989,0,0	24	14545
162921	805	1204	1414	109	102	4	3	4	9332	910	1938	703	2044	36	47	847	233	3408	0,0,5,94,0,0	10987	0	469	160977	95716	70304	136243,136942,138150,141317,135986,134774,134774	2	13	24193,34619,51874,109269,30424,0,0	30	14465
163118	740	1236	1353	106	92	5	2	6	9232	910	1946	684	1951	27	45	819	236	3298	0,0,5,94,0,0	10961	0	426	161085	96037	70304	136146,136846,138057,141355,136047,134805,134805	2	24	24193,34619,51875,109287,30817,0,0	29	14373
163342	719	1161	1348	100	103	3	2	6	9103	910	1949	665	1973	23	28	768	212	3224	0,0,4,95,0,0	10881	0	415	161187	96352	70304	136043,136745,137955,141391,136108,134834,134834	2	13	24193,34619,51875,109297,31204,0,0	23	14292
163607	687	1103	1312	96	104	4	1	6	8964	910	1952	654	1918	27	40	729	195	3112	0,0,4,95,0,0	10976	0	385	161280	96652	70304	135928,136634,137848,141418,136158,134849,134849	2	13	24193,34619,51876,109303,31562,6,0	25	14219
163851	601	1050	1270	96	113	4	2	6	8886	910	1957	674	1984	24	40	698	186	2950	0,0,4,95,0,0	20122	0	329	161366	96901	70304	135819,136526,137743,141434,136194,134855,134855	2	21	24193,34619,51878,109309,31870,12,0	32	14153
164140	519	984	1231	89	101	5	3	6	8793	911	1964	663	2041	18	46	662	178	2754	0,0,3,95,0,0	20075	0	282	161442	97114	70304	135698,136409,137627,141425,136207,134838,134838	2	19	24193,34619,51878,109314,32138,16,0	24	14094
164409	526	865	1195	77	98	6	3	5	8684	911	1967	640	1946	27	46	628	171	2599	0,0,3,95,0,0	10950	0	322	161527	97356	70304	135578,136290,137510,141426,136231,134832,134832	1	11	24193,34619,51879,109321,32431,23,0	29	14035
164641	571	783	1100	73	96	7	3	4	8588	911	1969	686	1958	14	43	619	171	2462	0,0,3,95,1,0	10693	0	331	161611	97608	70304	135466,136180,137401,141434,136259,134830,134830	1	19	24193,34619,51879,109329,32741,31,0	28	13974
164898	530	756	1010	75	84	5	3	4	8495	911	1975	691	1800	14	26	577	152	2311	0,0,3,95,1,0	10846	0	266	161679	97814	70304	135343,136056,137278,141418,136263,134806,134806	1	14	24193,34619,51881,109335,32989,40,0	23	13916
165285	452	751	905	75	81	5	2	4	8299	911	1976	652	1969	23	40	548	140	2131	0,0,2,94,2,0	10669	0	219	161743	97978	70304	135186,135899,137126,141376,136241,134751,134750	1	14	24193,34619,51881,109338,33183,54,0	26	13859
165546	400	737	876	79	73	5	2	3	8136	911	1978	644	1999	15	34	521	144	2028	0,0,2,94,2,0	10609	0	237	161800	98166	70304	135071,135786,137016,141347,136230,134712,134712	1	8	24193,34619,51881,109340,33401,62,0	27	13819
165925	374	666	854	62	73	5	2	2	7888	911	1984	643	2015	17	31	499	150	1886	0,0,2,94,2,0	19929	0	196	161845	98322	70304	134923,135640,136875,141298,136201,134652,134652	1	14	24193,34619,51881,109344,33574,72,0	26	13781
166289	334	625	796	61	64	6	1	2	7667	912	1989	636	1898	14	23	491	137	1750	0,0,2,93,3,0	19834	0	179	161891	98464	70304	134777,135497,136736,141247,136167,134589,134589	1	18	24193,34619,51881,109346,33736,87,0	19	13744
166634	321	540	800	60	70	4	1	2	7409	912	1993	653	1966	16	38	482	145	1651	0,0,1,94,3,0	10613	0	180	161929	98609	70304	134630,135351,136591,141186,136124,134517,134517	1	6	24193,34619,51881,109349,33901,95,0	21	13714
166986	300	495	760	54	56	5	1	2	7180	912	1995	666	1784	15	24	462	126	1545	0,0,1,92,4,0	10330	0	161	161983	98724	70304	134498,135221,136465,141132,136088,134453,134453	1	9	24193,34619,51881,109353,34044,113,0	17	13675
167349	281	475	632	50	49	4	1	3	6992	912	1998	654	1976	10	18	429	108	1384	0,0,2,91,5,0	10475	0	149	162025	98838	70304	134345,135070,136319,141068,136043,134378,134378	1	11	24193,34619,51881,109354,34173,129,0	16	13638
167720	237	458	577	44	44	2	1	2	6746	912	2003	661	2079	10	25	400	102	1261	0,0,1,92,5,0	10557	0	121	162056	98932	70304	134199,134926,136179,140986,135979,134286,134286	1	3	24193,34619,51881,109355,34280,135,0	11	13616
168068	223	430	558	38	38	1	1	2	6468	912	2007	670	1805	10	15	360	89	1200	0,0,1,91,7,0	10503	0	132	162086	99042	70304	134050,134780,136034,140908,135921,134201,134200	1	7	24193,34619,51882,109355,34398,152,0	9	13595
168428	209	358	533	33	31	1	2	2	6225	912	2012	612	1855	5	8	338	72	1095	0,0,1,90,7,0	19717	0	93	162109	99118	70304	133895,134627,135884,140826,135854,134108,134107	0	7	24193,34619,51882,109355,34480,164,0	7	13574
168762	166	308	520	25	25	1	2	2	6006	912	2017	621	1883	9	13	300	64	983	0,0,0,90,8,0	19595	0	76	162132	99174	70304	133753,134486,135746,140737,135780,134011,134010	0	3	24193,34619,51882,109356,34546,171,0	6	13555
169151	142	281	439	20	29	0	2	1	5747	912	2022	635	1821	9	9	271	53	860	0,0,0,90,8,0	10354	0	81	162154	99237	70304	133589,134323,135588,140639,135697,133903,133901	0	3	24193,34619,51882,109356,34615,182,0	5	13536
169464	142	250	391	15	32	0	2	1	5510	912	2027	689	2014	6	13	249	63	769	0,0,0,89,10,0	10274	0	82	162172	99306	70304	133441,134175,135446,140550,135623,133805,133803	0	1	24193,34619,51882,109357,34681,198,0	5	13521
169773	139	224	347	16	24	0	3	1	5271	912	2036	649	1932	3	9	229	49	704	0,0,0,87,11,0	10405	0	76	162189	99369	70304	133297,134034,135306,140458,135548,133706,133704	0	1	24193,34619,51882,109357,34747,210,0	4	13508
170100	125	206	314	18	22	1	2	1	5004	913	2040	656	1907	5	6	189	41	647	0,0,0,87,12,0	10341	0	60	162200	99426	70304	133149,133886,135163,140359,135464,133599,133597	0	3	24193,34619,51882,109357,34802,221,0	3	13500
170382	121	182	287	11	27	1	2	0	4779	913	2041	667	1932	3	8	170	42	589	0,0,0,85,14,0	10277	0	56	162210	99477	70304	133009,133748,135028,140259,135376,133493,133490	0	2	24193,34619,51882,109357,34849,235,0	4	13494
170670	96	187	231	13	20	1	1	1	4570	913	2043	656	1996	1	8	158	35	514	0,0,0,83,16,0	19460	0	41	162223	99508	70304	132868,133607,134892,140167,135295,133392,133389	0	1	24193,34619,51882,109357,34881,247,0	5	13481
170970	80	171	221	12	20	1	1	1	4310	913	2046	658	1725	0	6	131	26	480	0,0,0,80,18,0	19581	0	37	162235	99542	70304	132728,133469,134756,140072,135211,133288,133285	0	5	24193,34619,51882,109357,34908,263,0	4	13471
171215	83	146	194	12	21	1	1	1	4110	913	2049	659	2008	3	12	118	28	430	0,0,0,80,19,0	10210	0	44	162244	99582	70304	132586,133327,134617,139973,135123,133184,133181	0	3	24193,34619,51882,109357,34943,275,0	3	13462
171446	113	148	192	10	20	1	1	1	3851	914	2049	665	1761	2	6	109	29	456	0,0,0,80,18,0	10259	0	89	162270	99648	70304	132453,133196,134487,139893,135055,133099,133095	0	5	24193,34619,51882,109358,35016,288,0	2	13440
171679	144	137	174	9	22	0	2	0	3613	914	2052	664	1767	6	7	99	27	461	0,0,0,79,19,0	10134	0	83	162298	99707	70304	132324,133069,134362,139818,134991,133017,133013	0	2	24193,34619,51882,109358,35080,307,0	4	13418
171857	143	164	156	9	18	0	2	0	3428	914	2055	675	1838	3	10	102	31	461	0,0,0,75,24,0	10302	0	76	162317	99770	70304	132204,132950,134245,139743,134926,132937,132932	0	2	24193,34619,51882,109358,35125,341,0	6	13400
172036	137	202	147	6	13	0	2	0	3230	914	2059	659	1934	7	3	92	22	485	0,0,0,73,25,0	10204	0	73	162337	99835	70304	132086,132834,134131,139662,134856,132854,132848	0	7	24193,34619,51882,109358,35176,370,0	5	13387
172217	148	196	162	8	16	0	0	2	3019	914	2064	644	1992	2	4	91	24	506	0,0,0,72,27,0	19423	0	77	162358	99896	70304	131970,132718,134017,139590,134793,132777,132771	0	2	24193,34619,51882,109358,35230,395,0	3	13368
172359	164	204	165	10	12	0	1	1	2846	914	2070	638	1755	4	7	94	22	534	0,0,0,71,27,0	19385	0	88	162381	99967	70304	131869,132618,133918,139525,134738,132708,132701	0	1	24193,34619,51882,109358,35298,419,0	4	13352
172481	166	203	194	12	7	0	1	1	2694	914	2073	659	1937	6	6	92	24	559	0,0,0,69,30,0	10231	0	87	162401	100037	70304	131762,132511,133812,139453,134675,132633,132626	0	1	24193,34619,51882,109358,35347,457,0	6	13338
172621	169	221	211	14	11	1	1	1	2505	914	2077	683	1941	4	4	92	29	599	0,0,0,68,30,0	10185	0	101	162420	100121	70304	131651,132400,133702,139384,134616,132561,132554	0	4	24193,34619,51882,109358,35408,492,0	2	13321
172705	202	230	214	13	19	1	1	1	2367	914	2079	670	1830	3	4	89	26	654	0,0,0,66,33,0	10238	0	119	162457	100207	70304	131562,132312,133614,139336,134578,132512,132504	0	3	24193,34619,51882,109358,35477,543,0	4	13293
172769	212	252	224	17	24	0	1	0	2250	914	2083	654	2031	3	11	88	32	698	0,0,0,63,36,0	10294	0	118	162491	100300	70304	131476,132226,133530,139287,134540,132463,132455	0	8	24193,34619,51882,109358,35546,600,0	1	13262
172810	216	295	232	17	21	0	1	0	2153	914	2087	661	1780	5	14	95	36	746	0,0,0,59,40,0	10130	0	135	162526	100407	70304	131391,132140,133446,139247,134508,132423,132414	0	7	24193,34619,51882,109358,35612,675,0	3	13233
172905	215	288	254	18	14	0	1	0	2049	914	2088	692	1759	2	5	95	36	754	0,0,0,57,42,0	19417	0	101	162551	100491	70304	131299,132048,133355,139195,134464,132368,132358	0	2	24193,34619,51882,109358,35666,728,0	1	13212
172958	198	282	291	20	17	0	0	1	1976	914	2089	676	1867	8	3	85	26	782	0,0,0,55,44,0	19540	0	104	162576	100578	70304	131215,131964,133272,139145,134421,132317,132306	0	2	24193,34619,51882,109358,35716,789,0	0	13193
172951	207	327	302	20	19	0	0	1	1913	914	2092	693	2038	4	11	99	34	841	0,0,0,52,47,0	10324	0	152	162617	100696	70304	131147,131895,133202,139114,134398,132287,132275	0	7	24193,34619,51882,109358,35776,884,0	2	13158
172915	252	341	320	19	18	1	0	1	1868	914	2097	681	1788	7	10	107	36	915	0,0,0,51,48,0	10370	0	175	162655	100843	70304	131076,131824,133131,139090,134383,132266,132253	0	6	24193,34619,51882,109358,35861,980,0	1	13125
172877	300	350	314	21	15	1	0	1	1851	914	2102	683	2012	5	10	113	39	962	0,0,0,48,51,0	10231	0	175	162695	100985	70304	131013,131762,133068,139064,134365,132242,132229	0	10	24193,34619,51882,109358,35931,1084,0	4	13090
172812	324	388	349	19	17	1	0	1	1817	914	2104	667	1810	6	9	118	39	1059	0,0,0,45,53,0	10175	0	195	162742	101142	70304	130959,131708,133012,139052,134362,132234,132219	0	12	24193,34619,51882,109359,36012,1203,0	7	13054
172767	341	421	353	25	20	1	0	1	1795	914	2108	671	1978	17	8	121	36	1125	0,0,0,43,56,0	10332	0	194	162782	101303	70304	130894,131642,132947,139034,134353,132220,132203	0	9	24193,34619,51882,109359,36078,1336,0	7	13023
172732	321	454	377	31	31	1	0	1	1771	914	2113	651	1770	11	11	136	54	1161	0,0,0,42,57,0	19665	0	170	162823	101438	70304	130832,131579,132883,139019,134344,132207,132188	0	19	24193,34619,51882,109359,36147,1441,0	7	12983
172638	346	462	427	37	31	2	0	0	1771	914	2118	643	1823	9	13	142	65	1240	0,0,0,40,59,0	19573	0	213	162882	101602	70304	130794,131542,132843,139026,134358,132216,132197	0	11	24193,34619,51882,109359,36213,1591,0	14	12936
172527	374	491	464	31	26	2	0	0	1794	914	2123	662	2007	19	13	143	64	1324	0,0,0,38,61,0	10135	0	238	162925	101802	70304	130751,131497,132798,139019,134362,132216,132194	0	13	24193,34619,51882,109359,36293,1750,0	13	12905
172396	429	518	482	34	34	2	0	0	1809	914	2128	646	1969	14	16	166	74	1425	0,0,0,36,63,0	10267	0	270	162987	102019	70304	130720,131466,132766,139039,134391,132243,132219	0	7	24193,34619,51882,109359,36369,1947,0	17	12858
172208	479	563	519	33	34	2	0	0	1860	914	2134	671	2001	13	17	191	74	1556	0,0,0,34,65,0	10419	0	294	163069	102237	70304	130710,131454,132753,139079,134439,132290,132264	1	21	24193,34619,51882,109359,36459,2156,0	14	12796
171997	512	650	557	34	26	2	0	0	1919	914	2135	671	1980	20	16	203	71	1710	0,0,0,33,66,0	10418	0	325	163138	102502	70304	130693,131437,132732,139126,134495,132345,132316	1	19	24193,34619,51882,109359,36544,2393,0	13	12741
171789	552	724	609	41	22	1	0	0	1955	914	2139	700	1931	21	15	220	79	1870	0,0,0,30,69,0	10264	0	347	163212	102782	70304	130669,131412,132708,139174,134552,132400,132368	1	21	24193,34619,51882,109359,36627,2654,0	12	12678
171573	574	769	661	46	32	1	1	0	2024	914	2151	682	1928	17	11	228	87	1997	0,0,0,29,70,0	19596	0	339	163279	103064	70304	130661,131403,132697,139225,134614,132460,132425	1	22	24193,34619,51882,109359,36707,2914,0	13	12620
171362	600	775	736	46	45	1	1	0	2111	914	2155	661	2042	24	19	238	102	2102	0,0,0,27,72,0	19659	0	351	163353	103348	70304	130649,131391,132682,139286,134682,132527,132490	1	17	24193,34619,51882,109359,36787,3186,0	21	12557
171030	687	820	777	59	42	2	2	0	2256	914	2157	650	2008	28	28	271	122	2267	0,0,0,26,73,0	10357	0	450	163438	103723	70304	130664,131403,132692,139383,134791,132636,132595	1	19	24193,34619,51882,109359,36879,3552,0	13	12488
170737	748	890	831	62	41	2	2	1	2360	914	2158	639	1955	13	32	310	139	2437	0,0,0,25,74,0	10341	0	452	163545	104074	70304	130686,131425,132710,139482,134902,132750,132705	1	18	24193,34619,51882,109359,36976,3901,0	19	12397
170347	806	1026	850	53	55	2	2	1	2526	914	2164	643	1973	22	20	313	134	2660	0,0,0,24,75,0	10337	0	523	163664	104491	70304	130729,131466,132748,139617,135051,132901,132852	1	29	24193,34619,51882,109359,37083,4322,0	30	12298
169952	888	1103	905	64	62	2	1	1	2687	915	2166	660	1992	24	29	339	139	2886	0,0,0,22,77,0	10399	0	548	163782	104929	70304	130784,131521,132800,139755,135204,133057,133002	2	25	24193,34619,51882,109359,37181,4768,0	26	12199
169500	970	1221	1008	70	76	2	1	1	2811	915	2171	679	1946	27	28	354	143	3205	0,0,0,21,78,0	10405	0	614	163894	105441	70304	130846,131580,132854,139898,135363,133222,133161	2	20	24193,34619,51882,109359,37293,5268,0	27	12113
169093	977	1285	1119	80	72	2	1	1	3029	915	2172	668	1965	29	35	380	162	3374	0,0,0,21,78,0	19828	0	549	164011	105884	70304	130901,131634,132904,140048,135527,133390,133324	2	28	24193,34619,51882,109359,37378,5737,0	27	12015
168736	938	1392	1193	74	65	3	1	1	3248	915	2180	649	1782	26	34	404	157	3509	0,0,0,20,79,0	19872	0	537	164140	106302	70304	130950,131680,132949,140192,135683,133551,133478	2	29	24193,34619,51882,109359,37461,6189,0	32	11904
168168	1083	1428	1306	77	85	4	2	1	3495	915	2182	644	2005	29	37	431	166	3819	0,0,0,18,81,0	10387	0	746	164291	106906	70304	131048,131775,133038,140396,135906,133780,133700	2	50	24193,34619,51882,109359,37570,6822,0	27	11777
167626	1232	1457	1404	82	97	4	1	2	3738	915	2188	632	1999	52	46	468	189	4088	0,0,0,17,82,0	10531	0	750	164450	107506	70304	131142,131863,133124,140614,136143,134026,133937	2	30	24193,34619,51882,109359,37683,7463,0	37	11637
167001	1319	1644	1461	95	113	3	0	3	4000	915	2192	657	1948	45	45	522	217	4418	0,0,0,16,83,0	10554	0	842	164617	108187	70304	131262,131979,133232,140861,136406,134301,134201	3	53	24193,34619,51882,109359,37772,8213,0	33	11504
166328	1473	1737	1566	87	120	4	1	3	4315	915	2197	666	2064	48	46	553	234	4754	0,0,0,15,84,0	10687	0	907	164818	108897	70304	131400,132115,133360,141145,136711,134616,134507	3	47	24193,34619,51882,109359,37889,8996,0	42	11338
165618	1543	1915	1708	95	130	2	1	3	4616	915	2200	666	1961	54	62	606	257	5137	0,0,0,14,85,0	10629	0	952	164994	109677	70304	131551,132265,133500,141430,137016,134933,134813	3	47	24193,34619,51882,109359,37998,9829,0	42	11193
164992	1512	2109	1816	126	130	3	0	4	4936	915	2203	644	1971	47	56	665	271	5425	0,0,0,14,85,0	19775	0	884	165183	110384	70304	131688,132399,133630,141703,137308,135237,135106	3	50	24193,34619,51882,109359,38092,10620,0	58	11039
164335	1525	2226	1907	133	136	2	0	4	5358	915	2205	658	1952	53	55	714	276	5653	0,0,0,13,86,0	19934	0	933	165361	111152	70304	131822,132529,133755,141985,137610,135552,135408	4	51	24193,34619,51882,109359,38183,11460,0	55	10886
163441	1743	2282	2139	130	142	2	0	3	5742	915	2207	633	1918	62	60	760	291	6147	0,0,0,12,87,0	10898	0	1173	165548	112149	70304	132030,132735,133951,142317,137972,135932,135774	4	58	24193,34619,51882,109359,38286,12527,0	57	10736
162594	1986	2341	2288	134	141	5	1	1	6131	915	2209	653	1999	60	71	809	333	6563	0,0,0,11,88,0	10864	0	1188	165763	113136	70304	132215,132915,134122,142683,138362,136343,136168	4	46	24193,34619,51882,109359,38387,13616,0	56	10555
161652	2096	2564	2369	168	153	6	2	1	6607	915	2213	645	1976	64	53	854	336	7022	0,0,0,11,88,0	10958	0	1312	166030	114194	70304	132450,133144,134343,143114,138820,136824,136629	4	57	24193,34619,51882,109359,38503,14811,0	75	10340
160689	2242	2761	2534	188	165	8	1	3	7024	915	2216	645	1922	69	81	918	368	7531	0,0,0,10,89,0	10847	0	1354	166274	115310	70304	132681,133372,134558,143537,139271,137298,137084	5	82	24193,34619,51882,109359,38610,16046,0	60	10133
159591	2399	2994	2704	185	152	9	2	2	7573	915	2220	649	1982	73	84	988	361	8084	0,0,0,9,90,0	10965	0	1491	166532	116559	70304	132950,133634,134811,144002,139768,137823,137588	5	71	24193,34619,51882,109359,38731,17412,0	52	9910
158737	2315	3162	2920	188	161	10	3	2	8108	915	2225	638	1830	69	66	1021	367	8392	0,0,0,9,90,0	20332	0	1280	166780	117599	70304	133154,133830,135000,144403,140194,138273,138018	5	72	24193,34619,51882,109359,38813,18599,0	57	9702
157897	2218	3356	3131	188	171	11	3	1	8625	915	2230	625	1974	98	74	1062	388	8690	0,0,0,8,91,0	20417	0	1337	167011	118719	70304	133364,134033,135193,144793,140609,138718,138437	6	90	24193,34619,51882,109359,38891,19855,0	67	9503
156721	2473	3414	3304	208	190	8	3	1	9274	915	2235	601	2012	91	76	1104	417	9183	0,0,0,7,92,0	11210	0	1658	167268	120133	70304	133667,134327,135479,145290,141140,139279,138975	6	89	24193,34619,51882,109359,38988,21402,0	66	9291
155516	2828	3487	3440	208	213	13	9	1	9880	915	2236	597	1807	70	96	1180	474	9724	0,0,0,7,92,0	11086	0	1786	167562	121643	70304	133998,134649,135788,145844,141730,139905,139573	6	85	24193,34619,51882,109359,39105,23054,0	66	9049
154298	2957	3707	3600	241	226	13	9	2	10535	915	2243	624	2016	114	118	1249	497	10256	0,0,0,7,92,0	11260	0	1770	167852	123137	70304	134310,134956,136082,146378,142304,140512,140153	7	111	24193,34619,51882,109359,39213,24685,0	85	8796
153016	3082	3985	3721	240	257	12	8	4	11258	915	2248	639	2003	127	105	1335	537	10768	0,0,0,7,92,0	11448	0	1861	168152	124713	70304	134651,135294,136407,146948,142909,141158,140768	7	95	24193,34619,51882,109359,39314,26435,0	82	8551
151816	3086	4231	3928	255	278	13	10	4	11959	915	2251	640	2008	114	130	1446	586	11215	0,0,0,6,93,0	11482	0	1852	168451	126278	70304	134986,135627,136727,147502,143497,141788,141365	8	93	24193,34619,51882,109359,39402,28173,0	68	8302
150820	2979	4361	4139	272	282	15	11	6	12690	915	2256	637	2017	116	124	1553	622	11437	0,0,0,6,93,0	20728	0	1694	168721	127725	70304	135248,135884,136975,147988,144016,142349,141888	8	104	24193,34619,51882,109359,39506,29751,0	76	8067
149798	2920	4445	4342	265	274	11	12	7	13496	915	2261	642	1932	105	125	1632	624	11645	0,0,0,6,93,0	20986	0	1763	169016	129205	70304	135539,136170,137256,148511,144576,142950,142452	8	113	24193,34619,51882,109359,39568,31426,0	83	7811
148449	3226	4451	4543	267	289	10	12	7	14314	915	2263	622	1907	115	135	1695	650	12148	0,0,0,5,94,0	11952	0	2124	169335	131030	70304	135915,136541,137613,149119,145226,143654,143113	9	103	24193,34619,51882,109359,39674,33416,0	81	7529
147184	3436	4495	4747	286	301	9	10	9	15089	915	2265	615	1972	125	140	1799	685	12599	0,0,0,5,94,0	11969	0	2066	169654	132793	70304	136264,136885,137949,149717,145860,144344,143758	9	111	24193,34619,51882,109359,39753,35371,0	96	7252
145838	3567	4672	4807	304	306	11	14	11	16032	915	2269	593	1969	123	145	1896	711	12970	0,0,0,5,94,0	11997	0	2171	169964	134671	70304	136652,137267,138317,150320,146505,145045,144414	9	115	24193,34619,51882,109359,39838,37428,0	101	6976
144595	3648	4931	4852	303	299	14	13	13	16890	915	2273	631	1973	131	152	1978	746	13314	0,0,0,4,95,0	11910	0	2147	170301	136497	70304	137031,137638,138677,150954,147174,145775,145094	9	96	24193,34619,51882,109359,39915,39463,0	104	6697
143284	3737	5152	4979	321	288	15	13	12	17753	915	2277	614	1930	117	151	2066	762	13743	0,0,0,4,95,0	12094	0	2263	170611	138462	70304	137424,138025,139053,151555,147820,146482,145749	9	104	24193,34619,51882,109359,40002,41599,0	108	6436
142397	3574	5161	5175	357	300	14	10	15	18544	915	2284	592	1945	120	111	2085	739	13852	0,0,0,4,95,0	21450	0	1915	170869	140142	70304	137684,138284,139306,152038,148334,147059,146267	10	108	24193,34619,51882,109359,40053,43437,0	107	6220
141650	3295	5206	5331	372	326	18	9	17	19317	915	2290	616	1925	108	140	2136	767	13790	0,0,0,4,95,0	21333	0	1862	171139	141756	70304	137920,138520,139537,152513,148835,147626,146771	10	125	24193,34619,51882,109359,40113,45203,0	100	5991
140526	3434	5206	5446	366	362	22	8	17	20151	915	2293	581	1980	126	160	2144	769	14075	0,0,0,3,96,0	12324	0	2241	171416	143730	70304	138260,138857,139859,153056,149417,148280,147363	10	113	24193,34619,51882,109359,40175,47324,0	99	5755
139512	3691	5033	5544	363	358	25	6	19	20985	915	2295	594	1929	124	171	2196	776	14244	0,0,0,3,96,0	12228	0	2208	171670	145701	70304	138562,139152,140148,153586,149979,148916,147934	11	104	24193,34619,51882,109359,40235,49414,0	110	5539
138453	3720	5188	5534	360	356	20	8	18	21875	915	2299	600	1968	146	161	2252	765	14421	0,0,0,3,96,0	12335	0	2237	171952	147676	70304	138887,139474,140460,154136,150559,149571,148524	11	128	24193,34619,51882,109359,40290,51511,0	100	5296
137602	3733	5213	5581	381	365	18	9	17	22612	915	2300	595	1856	123	172	2313	797	14503	0,0,0,3,96,0	12388	0	2165	172219	149585	70304	139180,139764,140742,154615,151077,150165,149049	11	107	24193,34619,51882,109359,40334,53568,0	99	5069
136946	3575	5357	5483	364	367	20	8	18	23391	915	2302	616	1965	128	180	2367	809	14365	0,0,0,3,96,0	12507	0	2034	172435	151420	70304	139406,139988,140962,155029,151517,150688,149497	10	77	24193,34619,51882,109359,40375,55484,0	86	4883
136596	3310	5156	5703	375	375	18	10	18	23961	915	2309	605	1981	104	165	2383	824	14123	0,0,0,2,97,0	21758	0	1788	172660	152998	70304	139546,140127,141103,155415,151920,151173,149901	11	108	24193,34619,51882,109359,40400,57191,0	103	4690
136246	3072	5039	5698	373	370	19	10	17	24676	915	2311	604	1957	132	171	2377	789	13792	0,0,0,2,97,0	21654	0	1802	172864	154614	70304	139693,140274,141245,155767,152292,151627,150274	10	99	24193,34619,51882,109359,40429,58887,0	106	4510
135705	3226	4896	5652	347	358	18	13	17	25283	915	2316	619	1985	116	171	2413	804	13706	0,0,0,2,97,0	12458	0	1990	173075	156407	70304	139898,140476,141442,156161,152709,152131,150698	10	93	24193,34619,51882,109359,40475,60728,0	106	4334
135437	3164	4752	5528	339	364	16	14	18	25883	915	2316	596	1949	110	174	2464	774	13403	0,0,0,2,97,0	12516	0	1817	173257	158060	70304	140034,140612,141575,156491,153054,152567,151047	10	97	24193,34619,51882,109359,40510,62428,0	100	4187
135216	3047	4676	5454	338	364	15	15	20	26364	915	2322	596	1931	127	168	2446	749	13160	0,0,0,2,97,0	12539	0	1796	173413	159720	70304	140170,140745,141710,156790,153374,152974,151368	10	81	24193,34619,51882,109359,40542,64109,0	119	4052
135122	3020	4593	5302	348	357	17	15	19	26712	915	2326	573	1993	103	182	2480	757	12895	0,0,0,2,97,0	12577	0	1776	173597	161323	70304	140267,140844,141808,157102,153697,153391,151691	10	102	24193,34619,51882,109359,40575,65749,0	112	3889
134979	2933	4573	5137	346	353	15	17	20	27128	915	2330	572	1921	134	168	2447	771	12603	0,0,0,1,98,0	12511	0	1751	173774	162915	70304	140365,140941,141906,157405,154015,153799,152009	10	109	24193,34619,51882,109359,40595,67371,0	101	3739
135134	2695	4368	5147	353	348	20	18	18	27398	915	2332	571	1951	119	152	2469	788	12161	0,0,0,1,98,0	21520	0	1486	173908	164280	70304	140383,140960,141922,157611,154227,154098,152218	9	78	24193,34619,51882,109359,40619,68730,0	105	3620
135412	2498	4177	4962	350	348	20	14	21	27691	915	2338	547	1947	109	143	2432	755	11614	0,0,0,1,98,0	21743	0	1405	174037	165572	70304	140373,140949,141914,157794,154407,154372,152397	9	91	24193,34619,51882,109359,40640,70013,0	96	3515
135641	2498	3999	4764	337	357	18	11	22	27841	915	2343	561	1988	107	168	2424	759	11225	0,0,0,1,98,0	12470	0	1529	174162	166986	70304	140386,140962,141930,157984,154606,154662,152589	9	65	24193,34619,51882,109359,40653,71399,0	85	3410
135909	2528	3803	4558	331	338	23	11	25	27958	915	2347	568	1963	99	147	2404	743	10849	0,0,0,1,98,0	12401	0	1472	174293	168338	70304	140393,140971,141939,158178,154790,154945,152773	9	101	24193,34619,51882,109359,40677,72723,0	82	3303
136253	2387	3708	4432	308	312	21	13	25	28020	915	2352	553	1910	100	135	2335	694	10487	0,0,0,1,98,0	12397	0	1341	174399	169579	70304	140360,140933,141906,158323,154932,155179,152912	9	60	24193,34619,51882,109359,40691,73937,0	87	3215
136722	2294	3620	4263	288	300	19	13	20	27935	915	2357	570	1959	94	147	2296	685	10112	0,0,0,1,98,0	12396	0	1340	174497	170839	70304	140309,140882,141859,158444,155049,155393,153024	8	62	24193,34619,51882,109359,40703,75156,0	72	3133
137204	2227	3461	4171	289	297	20	12	20	27769	915	2361	591	1965	90	122	2217	667	9810	0,0,0,1,98,0	12338	0	1283	174592	172037	70304	140231,140808,141793,158550,155148,155591,153120	8	56	24193,34619,51882,109359,40712,76298,0	71	3054
137853	2071	3273	4033	276	279	19	11	19	27631	915	2366	582	1973	73	115	2145	635	9327	0,0,0,1,98,0	21651	0	1102	174675	173064	70304	140126,140706,141695,158630,155215,155751,153181	7	57	24193,34619,51882,109359,40720,77292,0	78	2987
138627	1862	3145	3836	256	275	20	7	20	27415	915	2368	582	1916	68	125	2051	613	8788	0,0,0,1,98,0	21335	0	1004	174752	174001	70304	139970,140552,141553,158676,155252,155882,153207	7	60	24193,34619,51882,109359,40730,78193,0	64	2922
139259	1827	2960	3715	253	271	23	8	19	27123	915	2373	605	1952	80	131	1974	607	8450	0,0,0,1,98,0	11952	0	1093	174819	175036	70304	139853,140436,141441,158735,155302,156022,153248	7	54	24193,34619,51882,109359,40735,79158,0	59	2871
139895	1861	2749	3592	243	260	19	9	17	26811	915	2375	612	2013	75	114	1914	553	8180	0,0,0,1,98,0	12019	0	1091	174902	176050	70304	139734,140323,141333,158796,155354,156164,153292	6	52	24193,34619,51882,109359,40753,80100,0	53	2802
140739	1764	2722	3383	245	243	20	9	17	26307	915	2382	608	1977	74	98	1857	501	7885	0,0,0,1,98,0	12097	0	973	174966	176969	70304	139569,140161,141181,158813,155361,156261,153287	6	38	24193,34619,51882,109359,40762,80948,0	58	2746
141482	1677	2650	3223	242	246	22	9	17	25879	915	2384	592	1901	67	108	1789	518	7551	0,0,0,1,98,0	12012	0	968	175031	177881	70304	139418,140011,141040,158851,155387,156370,153300	6	48	24193,34619,51882,109359,40768,81779,0	66	2693
142276	1617	2526	3109	244	228	19	7	18	25401	915	2386	615	1994	56	103	1719	505	7245	0,0,0,1,98,0	11792	0	927	175075	178773	70304	139239,139835,140873,158849,155370,156440,153274	5	43	24193,34619,51882,109359,40773,82583,0	63	2656
143212	1473	2422	3030	243	217	19	6	18	24801	915	2390	600	1958	56	82	1624	447	6963	0,0,0,1,98,0	20882	0	792	175110	179538	70304	139021,139624,140670,158826,155328,156486,153218	5	54	24193,34619,51882,109359,40778,83247,0	64	2625
144118	1308	2305	2872	230	228	18	3	20	24333	915	2396	597	1991	58	97	1558	446	6518	0,0,0,1,98,0	20835	0	750	175151	180255	70304	138830,139439,140496,158801,155284,156529,153162	5	47	24193,34619,51882,109359,40786,83905,0	59	2591
144994	1268	2144	2752	221	194	19	3	19	23819	915	2398	621	1945	61	114	1524	437	6164	0,0,0,0,99,0	11485	0	776	175205	180982	70304	138620,139236,140301,158788,155249,156578,153117	5	31	24193,34619,51882,109359,40792,84554,0	63	2546
145845	1255	2020	2648	191	156	17	9	15	23270	915	2405	624	1971	48	88	1489	425	5871	0,0,0,1,98,0	11553	0	742	175237	181696	70304	138422,139040,140116,158759,155198,156609,153054	5	43	24193,34619,51882,109359,40797,85178,0	54	2516
146728	1260	1890	2502	176	168	13	8	16	22658	915	2412	658	1941	46	74	1409	403	5614	0,0,0,0,99,0	11559	0	737	175272	182406	70304	138209,138836,139912,158733,155152,156645,152995	4	42	24193,34619,51882,109359,40799,85795,0	52	2485
147507	1231	1816	2321	158	166	9	7	15	22182	915	2419	635	1991	54	76	1334	372	5336	0,0,0,0,99,0	11574	0	688	175301	183073	70304	138010,138644,139723,158702,155105,156667,152936	4	39	24193,34619,51882,109359,40803,86362,0	46	2459
148317	1162	1819	2208	151	151	5	7	15	21570	915	2426	611	1910	46	71	1283	344	5159	0,0,0,1,98,0	11287	0	691	175338	183730	70304	137813,138451,139538,158669,155052,156691,152875	4	51	24193,34619,51882,109359,40817,86907,0	39	2428
149284	1045	1736	2137	155	135	6	8	15	20880	915	2430	621	1953	53	58	1223	315	4907	0,0,0,1,98,0	20595	0	544	175364	184253	70304	137567,138210,139303,158613,154968,156682,152777	4	33	24193,34619,51882,109359,40821,87346,0	42	2406
150178	935	1701	2033	153	138	5	7	15	20234	915	2432	616	1950	46	57	1163	317	4655	0,0,0,1,98,0	20614	0	540	175395	184767	70304	137343,137991,139091,158565,154898,156683,152692	4	38	24193,34619,51882,109359,40826,87785,0	35	2377
150981	959	1552	2006	165	141	4	6	14	19566	915	2437	609	1980	29	69	1126	328	4505	0,0,0,0,99,0	11322	0	609	175413	185363	70304	137132,137783,138890,158509,154825,156680,152608	4	23	24193,34619,51882,109359,40828,88282,0	32	2361
151838	982	1421	1911	137	138	4	7	15	18937	915	2441	615	1908	32	74	1093	327	4273	0,0,0,1,98,0	11244	0	556	175443	185895	70304	136905,137559,138672,158456,154748,156673,152520	3	23	24193,34619,51882,109359,40833,88729,0	28	2337
152688	927	1354	1793	139	144	2	7	15	18320	915	2442	619	1930	42	60	1032	313	4053	0,0,0,1,98,0	11205	0	502	175468	186379	70304	136693,137350,138469,158394,154669,156658,152429	3	32	24193,34619,51882,109359,40834,89139,0	32	2317
153486	883	1342	1692	122	130	1	7	15	17708	915	2445	644	2033	44	55	967	288	3889	0,0,0,1,98,0	11175	0	487	175497	186844	70304	136489,137151,138277,158346,154599,156652,152348	3	27	24193,34619,51882,109359,40837,89536,0	32	2290
154238	857	1324	1589	121	116	2	4	16	17116	915	2448	620	1836	32	54	919	256	3757	0,0,0,0,99,0	10947	0	500	175522	187330	70304	136287,136951,138084,158296,154530,156647,152269	3	26	24193,34619,51882,109359,40840,89948,0	31	2268
155113	744	1250	1565	111	114	4	4	15	16462	915	2449	635	1932	26	39	868	239	3553	0,0,0,0,99,0	20167	0	368	175545	187680	70304	136059,136725,137871,158217,154432,156606,152157	3	18	24193,34619,51882,109359,40843,90234,0	27	2247
155875	650	1198	1503	109	117	4	4	14	15900	915	2457	626	1925	33	47	815	222	3363	0,0,0,0,99,0	20121	0	409	175571	188064	70304	135861,136531,137685,158156,154352,156585,152067	3	28	24193,34619,51882,109359,40845,90551,0	34	2225
156628	681	1104	1451	98	100	4	4	9	15294	915	2458	620	2022	26	55	785	217	3225	0,0,0,0,99,0	10890	0	410	175585	188467	70304	135661,136332,137493,158087,154263,156554,151968	2	26	24193,34619,51882,109359,40845,90888,0	28	2213
157374	686	998	1413	89	88	7	3	9	14704	915	2460	624	2004	32	41	757	215	3069	0,0,0,0,99,0	10851	0	386	175601	188840	70304	135457,136132,137302,158013,154173,156517,151865	2	17	24193,34619,51882,109359,40848,91186,0	22	2199
158144	625	964	1334	79	92	7	2	9	14114	915	2461	625	1952	26	30	730	210	2893	0,0,0,0,99,0	10770	0	332	175617	189161	70304	135235,135912,137091,157935,154071,156471,151755	2	17	24193,34619,51882,109359,40850,91437,0	21	2185
158852	565	970	1212	72	91	5	2	7	13588	915	2467	627	2004	20	37	689	208	2709	0,0,0,0,99,0	10782	0	335	175626	189491	70304	135017,135700,136883,157855,153975,156424,151648	2	18	24193,34619,51882,109359,40852,91677,0	20	2177
159527	521	915	1145	80	99	3	2	5	13060	915	2474	597	1889	23	35	637	193	2572	0,0,0,0,99,0	10674	0	318	175638	189799	70304	134825,135512,136701,157779,153883,156380,151547	2	15	24193,34619,51882,109359,40852,91924,0	24	2165
160209	506	838	1106	81	78	2	2	5	12523	915	2481	588	1887	20	47	627	194	2419	0,0,0,0,99,0	19910	0	297	175653	190086	70304	134626,135319,136512,157708,153793,156340,151448	2	20	24193,34619,51882,109359,40855,92156,0	22	2152
160852	479	769	1049	56	75	3	2	4	12055	915	2487	582	1954	24	31	588	162	2271	0,0,0,0,99,0	19787	0	257	175671	190330	70304	134430,135127,136324,157642,153710,156301,151356	2	19	24193,34619,51882,109359,40858,92355,0	26	2136
161467	469	744	1002	60	63	4	3	3	11527	915	2489	593	1957	21	28	548	154	2191	0,0,0,0,99,0	10555	0	298	175685	190615	70304	134250,134948,136152,157566,153618,156254,151256	2	18	24193,34619,51882,109359,40859,92575,0	25	2123
