S	E	I1	I2	I3	I4	I5_h	I6_h	R_h	R	D1	D2	H	T	P1	P2	Q	QT	NQ	MUT	HOM	VAC	NI	INF	REINF	BSTR	IMM	HCI	HCE	INFV	INFH	VNI
178097	116	129	55	49	51	4	2	0	242	1	0	181	0	0	0	66	66	340	0,0,0,0,0,0	178745	0	0	406	0	0	649,649,649,649,649,649,649	0	0	0,0,0,0,0,0,0	0	0
178047	89	180	57	48	50	5	2	0	266	1	1	311	318	1	86	296	77	354	0,0,0,0,0,0	12537	0	64	471	0	0	699,699,699,699,699,699,699	0	4	65,0,0,0,0,0,0	6	0
177983	100	213	60	45	50	5	4	0	280	1	5	403	301	0	8	387	83	394	0,0,0,0,0,0	12861	0	76	549	0	0	763,763,763,763,763,763,763	0	8	143,0,0,0,0,0,0	7	0
177914	117	217	74	54	50	6	3	1	302	1	7	473	247	2	18	631	91	430	0,0,0,0,0,0	13191	0	77	627	0	0	834,834,834,834,834,834,834	0	3	221,0,0,0,0,0,0	10	0
177847	125	230	87	57	49	8	4	1	329	1	8	523	320	1	10	907	96	464	0,0,0,0,0,0	25344	0	81	708	0	0	904,904,904,904,904,904,904	0	4	302,0,0,0,0,0,0	12	0
177786	117	260	104	57	52	11	4	1	342	1	11	583	92	3	16	1006	123	482	0,0,0,0,0,0	25700	0	82	792	0	0	971,971,971,971,971,971,971	0	3	386,0,0,0,0,0,0	13	0
177725	131	253	114	57	58	13	6	1	372	1	15	593	248	0	22	1166	143	489	0,0,0,0,0,0	13794	0	84	876	0	0	1038,1038,1038,1038,1038,1038,1038	0	7	470,0,0,0,0,0,0	16	0
177643	152	259	127	59	60	13	8	1	401	1	22	628	98	0	25	1472	177	501	0,0,0,0,0,0	13998	0	100	977	0	0	1126,1126,1126,1125,1125,1125,1125	0	8	571,0,0,0,0,0,0	23	0
177558	151	268	144	75	66	14	6	1	433	3	27	634	84	0	24	1581	207	517	0,0,0,0,0,0	14477	0	101	1078	0	0	1221,1221,1221,1219,1219,1219,1219	0	9	672,0,0,0,0,0,0	22	0
177462	168	268	162	85	63	14	7	1	481	4	31	662	254	0	26	1923	246	521	0,0,0,0,0,0	14534	0	107	1183	2	0	1322,1321,1321,1318,1318,1318,1318	0	14	779,0,0,0,0,0,0	23	0
177375	169	276	181	88	65	13	5	2	529	6	37	661	307	1	24	2305	264	533	0,0,0,0,0,0	14696	0	103	1285	3	0	1419,1418,1418,1412,1412,1412,1412	0	10	882,0,0,0,0,0,0	22	0
177307	165	288	177	92	69	14	6	2	578	6	42	669	150	2	15	2396	280	531	0,0,0,0,0,0	27094	0	83	1364	8	0	1492,1490,1490,1484,1484,1484,1484	0	1	966,0,0,0,0,0,0	22	0
177258	152	281	182	92	82	17	6	2	622	6	46	684	262	2	21	2455	288	524	0,0,0,0,0,0	26969	0	79	1442	9	0	1557,1554,1554,1545,1545,1545,1545	0	5	1045,0,0,0,0,0,0	28	0
177215	135	280	190	95	84	20	6	2	660	6	53	684	134	0	34	2426	318	492	0,0,0,0,0,0	15569	0	76	1515	13	0	1622,1617,1617,1602,1602,1602,1602	1	7	1122,0,0,0,0,0,0	33	0
177151	131	310	176	95	81	21	6	1	711	6	57	697	314	0	31	2725	317	503	0,0,0,0,0,0	15448	0	97	1611	15	0	1707,1701,1701,1680,1680,1680,1680	1	9	1220,0,0,0,0,0,0	40	0
177076	143	311	193	93	88	23	5	1	745	7	61	720	262	2	27	2910	310	546	0,0,0,0,0,0	15863	0	114	1723	18	0	1812,1804,1804,1774,1774,1774,1774	1	14	1335,0,0,0,0,0,0	48	0
177020	143	306	202	93	96	23	4	2	785	7	65	689	238	1	34	3079	295	572	0,0,0,0,0,0	15978	0	100	1820	21	0	1898,1887,1887,1848,1848,1848,1848	1	16	1434,0,0,0,0,0,0	45	0
176951	174	305	211	83	102	24	4	2	812	8	70	708	237	4	39	3063	316	587	0,0,0,0,0,0	15934	0	121	1940	22	0	2008,1994,1994,1942,1942,1942,1942	1	20	1555,0,0,0,0,0,0	48	0
176880	160	339	209	74	98	24	5	2	871	8	76	696	248	2	30	3318	329	580	0,0,0,0,0,0	27884	0	106	2042	26	0	2104,2088,2088,2028,2028,2028,2028	1	10	1659,0,0,0,0,0,0	46	0
176812	161	335	236	75	89	24	5	2	918	8	81	690	254	0	28	3214	324	601	0,0,0,0,0,0	27834	0	106	2144	30	0	2203,2184,2184,2114,2114,2114,2114	1	8	1764,0,0,0,0,0,0	53	0
176741	175	332	218	89	99	22	6	2	968	9	85	681	315	1	27	2731	334	607	0,0,0,0,0,0	16211	0	116	2261	30	0	2312,2289,2289,2207,2207,2207,2207	1	17	1881,0,0,0,0,0,0	51	0
176662	178	352	221	96	113	24	6	2	994	9	89	669	233	2	30	2907	349	641	0,0,0,0,0,0	15873	0	130	2391	31	0	2430,2403,2403,2308,2308,2308,2308	1	14	2012,0,0,0,0,0,0	47	0
176598	183	359	226	97	114	25	7	1	1034	9	93	648	312	1	39	2892	349	662	0,0,0,0,0,0	15863	0	123	2514	32	0	2541,2510,2510,2398,2398,2398,2398	2	16	2135,0,0,0,0,0,0	45	0
176516	187	376	244	104	105	26	9	1	1073	9	96	670	90	0	36	2858	361	690	0,0,0,0,0,0	15669	0	143	2654	35	0	2675,2638,2638,2508,2508,2508,2508	2	15	2277,0,0,0,0,0,0	54	0
176406	215	384	254	110	96	27	11	0	1135	9	99	692	257	1	31	2769	350	747	0,0,0,0,0,0	15889	0	167	2822	35	0	2832,2791,2791,2645,2645,2645,2645	2	25	2445,0,0,0,0,0,0	53	0
176327	219	390	258	116	107	24	11	0	1181	10	103	684	233	4	39	2785	354	771	0,0,0,0,0,0	27198	0	133	2954	36	0	2958,2913,2913,2751,2751,2751,2751	2	13	2577,0,0,0,0,0,0	54	0
176250	213	423	246	110	108	28	10	0	1239	11	108	678	247	0	38	2786	366	772	0,0,0,0,0,0	27243	0	138	3091	37	0	3089,3039,3039,2859,2859,2859,2859	2	13	2714,0,0,0,0,0,0	61	0
176155	211	459	249	109	120	27	10	0	1281	12	113	692	332	1	40	2400	372	813	0,0,0,0,0,0	15495	0	163	3252	39	0	3242,3185,3185,2985,2985,2985,2985	2	21	2876,0,0,0,0,0,0	68	0
176034	241	474	269	107	134	24	10	0	1323	12	118	684	267	1	45	2728	383	876	0,0,0,0,0,0	15467	0	185	3438	39	0	3420,3358,3358,3136,3136,3136,3136	2	18	3062,0,0,0,0,0,0	65	0
175942	256	482	266	122	143	25	10	0	1368	13	119	696	265	0	42	3030	415	889	0,0,0,0,0,0	15956	0	170	3609	39	0	3584,3514,3514,3266,3266,3266,3266	2	20	3233,0,0,0,0,0,0	65	0
175806	284	519	281	144	153	28	10	0	1386	14	121	653	263	7	49	3078	472	947	0,0,0,0,0,0	15989	0	213	3824	39	0	3792,3715,3715,3441,3441,3441,3441	2	18	3448,0,0,0,0,0,0	73	0
175696	309	537	292	151	153	30	12	0	1426	14	126	658	227	3	44	3147	493	991	0,0,0,0,0,0	16148	0	196	4019	41	0	3983,3898,3898,3593,3593,3593,3593	2	21	3643,0,0,0,0,0,0	77	0
175625	305	536	296	149	160	32	15	1	1485	14	128	661	249	1	37	3109	492	1001	0,0,0,0,0,0	27716	0	158	4177	42	0	4129,4036,4036,3705,3705,3705,3705	2	11	3801,0,0,0,0,0,0	75	0
175574	270	546	316	154	160	35	13	1	1528	17	132	642	256	3	51	3056	496	998	0,0,0,0,0,0	27287	0	149	4327	42	0	4268,4166,4166,3803,3803,3803,3803	2	9	3951,0,0,0,0,0,0	89	0
175469	270	556	329	151	166	36	17	1	1594	18	139	634	222	2	57	3301	547	978	0,0,0,0,0,0	16466	0	172	4500	43	0	4437,4329,4329,3942,3942,3942,3942	2	14	4124,0,0,0,0,0,0	75	0
175356	284	581	342	144	167	42	16	0	1653	19	142	639	112	3	43	3527	522	1054	0,0,0,0,0,0	16137	0	204	4702	45	0	4632,4515,4515,4097,4097,4097,4097	2	18	4326,0,0,0,0,0,0	80	0
175237	314	607	339	140	181	39	10	2	1707	24	146	633	287	3	56	3698	530	1100	0,0,0,0,0,0	16278	0	224	4924	48	0	4844,4718,4718,4266,4266,4266,4266	2	21	4548,0,0,0,0,0,0	88	0
175128	311	632	357	145	172	38	12	2	1776	25	148	607	242	1	50	3610	519	1148	0,0,0,0,0,0	16635	0	196	5122	48	0	5032,4898,4898,4415,4415,4415,4415	2	17	4746,0,0,0,0,0,0	85	0
174990	337	625	374	173	175	36	11	3	1843	26	153	622	272	1	51	3516	522	1209	0,0,0,0,0,0	16303	0	233	5355	50	0	5257,5114,5114,4598,4598,4598,4598	2	20	4979,0,0,0,0,0,0	88	0
174899	333	667	369	180	171	38	12	3	1890	28	156	617	266	6	53	3451	519	1251	0,0,0,0,0,0	28077	0	214	5568	52	0	5458,5304,5304,4747,4747,4747,4747	2	12	5193,0,0,0,0,0,0	91	0
174802	337	679	375	191	183	35	14	3	1941	28	158	594	240	1	54	3463	527	1287	0,0,0,0,0,0	27891	0	217	5786	54	0	5667,5501,5501,4901,4901,4901,4901	2	17	5411,0,0,0,0,0,0	102	0
174692	345	714	399	171	182	42	16	3	1991	29	162	549	317	4	70	3888	559	1310	0,0,0,0,0,0	16628	0	248	6034	55	0	5907,5727,5727,5078,5078,5078,5078	2	24	5659,0,0,0,0,0,0	88	0
174555	385	695	432	192	188	44	19	3	2037	31	165	587	223	2	68	3869	590	1365	0,0,0,0,0,0	16818	0	253	6287	58	0	6149,5958,5958,5268,5268,5268,5268	3	26	5912,0,0,0,0,0,0	101	0
174403	417	719	445	190	203	45	20	3	2101	32	168	568	256	6	71	4395	630	1409	0,0,0,0,0,0	16942	0	274	6561	60	0	6414,6211,6211,5477,5477,5477,5477	3	29	6186,0,0,0,0,0,0	101	0
174285	381	778	448	194	212	44	21	4	2173	32	174	562	258	2	65	4500	640	1438	0,0,0,0,0,0	17361	0	245	6804	63	0	6653,6437,6437,5656,5656,5656,5656	3	20	6430,0,0,0,0,0,0	105	0
174123	399	812	481	190	221	47	23	4	2237	33	176	540	272	4	81	4853	712	1461	0,0,0,0,0,0	17472	0	289	7093	64	0	6933,6704,6704,5879,5879,5879,5879	3	28	6719,0,0,0,0,0,0	103	0
173964	430	812	487	220	232	46	19	4	2318	37	177	536	231	1	71	4956	754	1492	0,0,0,0,0,0	29053	0	301	7393	66	0	7224,6981,6981,6105,6105,6105,6105	3	21	7019,0,0,0,0,0,0	109	0
173878	415	825	485	219	239	49	23	4	2394	37	178	540	276	4	76	5470	811	1444	0,0,0,0,0,0	29394	0	228	7619	68	0	7442,7185,7185,6257,6257,6257,6257	3	20	7245,0,0,0,0,0,0	113	0
173731	419	870	499	219	229	51	25	5	2482	37	179	545	249	4	80	5592	831	1481	0,0,0,0,0,0	18455	0	294	7911	71	0	7724,7453,7453,6473,6473,6473,6473	3	31	7537,0,0,0,0,0,0	110	0
173576	457	877	517	235	239	51	27	5	2541	41	180	524	335	5	79	5883	852	1551	0,0,0,0,0,0	18496	0	322	8233	72	0	8035,7747,7747,6706,6706,6706,6706	4	38	7860,0,0,0,0,0,0	108	0
173462	479	860	549	249	246	49	30	5	2591	42	184	518	320	1	76	6214	877	1585	0,0,0,0,0,0	34014	0	282	8515	76	0	8308,8003,8003,6900,6900,6900,6900	4	32	8142,0,0,0,0,0,0	116	0
173351	465	893	571	255	244	57	31	5	2643	42	189	525	290	2	67	6323	894	1622	0,0,0,0,0,0	34423	0	280	8796	79	0	8581,8259,8259,7093,7093,7093,7093	4	31	8423,0,0,0,0,0,0	119	0
173225	448	907	593	256	272	65	34	5	2705	42	194	503	232	5	76	6215	928	1647	0,0,0,0,0,0	34543	0	280	9073	82	0	8850,8513,8513,7291,7291,7291,7291	4	33	8700,0,0,0,0,0,0	132	0
173105	432	900	608	264	271	73	35	6	2810	44	198	486	288	5	79	5689	925	1658	0,0,0,0,0,0	47056	0	268	9339	86	0	9110,8758,8758,7482,7482,7482,7482	4	15	8967,0,0,0,0,0,0	145	0
173039	423	842	617	257	289	74	37	6	2918	45	199	490	309	5	87	5917	932	1607	0,0,0,0,0,0	46913	0	230	9569	88	0	9330,8962,8962,7625,7625,7625,7625	4	21	9197,0,0,0,0,0,0	163	0
172968	403	840	605	265	285	72	37	6	3018	45	202	489	289	6	91	5974	908	1599	0,0,0,0,0,0	34173	0	253	9821	89	0	9573,9186,9186,7782,7782,7782,7782	4	25	9449,0,0,0,0,0,0	144	0
172855	405	876	606	293	269	70	40	6	3076	47	203	470	303	5	77	6056	950	1609	0,0,0,0,0,0	33943	0	295	10117	91	0	9856,9450,9450,7979,7979,7979,7979	4	26	9745,0,0,0,0,0,0	139	0
172756	427	862	602	291	260	68	42	6	3180	47	205	446	227	1	83	6303	966	1586	0,0,0,0,0,0	34218	0	274	10388	95	0	10116,9693,9693,8159,8159,8159,8159	4	19	10016,0,0,0,0,0,0	145	0
172694	434	847	614	286	262	77	40	7	3224	52	209	452	265	3	69	6378	975	1585	0,0,0,0,0,0	34530	0	260	10649	96	0	10367,9924,9924,8315,8315,8315,8315	4	38	10277,0,0,0,0,0,0	143	0
172611	397	879	587	274	258	79	43	8	3344	53	213	453	263	4	74	6528	963	1554	0,0,0,0,0,0	34392	0	258	10903	101	0	10612,10152,10152,8478,8478,8478,8478	4	21	10532,0,0,0,0,0,0	138	0
172645	373	820	603	292	245	77	40	9	3369	58	215	456	235	3	78	6256	961	1489	0,0,0,0,0,0	47402	0	197	11098	103	0	10794,10311,10311,8553,8553,8553,8553	4	17	10727,0,0,0,0,0,0	150	0
172632	350	777	594	303	244	78	38	12	3443	60	215	444	252	4	60	6246	935	1449	0,0,0,0,0,0	47049	0	205	11302	107	0	10986,10483,10483,8655,8655,8655,8655	4	16	10931,0,0,0,0,0,0	145	0
172593	351	793	570	295	247	82	37	11	3487	63	217	443	283	3	81	6409	946	1429	0,0,0,0,0,0	34255	0	242	11539	113	0	11211,10688,10688,8787,8787,8787,8787	4	28	11168,0,0,0,0,0,0	139	0
172547	350	793	532	293	237	83	36	12	3579	67	217	409	265	4	63	6273	899	1425	0,0,0,0,0,0	34177	0	238	11777	115	0	11434,10892,10892,8919,8919,8919,8919	4	34	11407,0,0,0,0,0,0	138	0
172573	359	740	547	278	224	85	42	12	3598	68	220	389	105	0	88	6058	896	1379	0,0,0,0,0,0	34171	0	214	11987	119	0	11631,11065,11065,9004,9004,9004,9004	4	25	11617,0,0,0,0,0,0	148	0
172560	347	753	514	270	228	82	43	13	3646	69	221	422	347	5	77	5840	856	1381	0,0,0,0,0,0	33796	0	231	12214	123	0	11843,11255,11255,9116,9116,9116,9116	4	24	11844,0,0,0,0,0,0	149	0
172549	348	768	518	243	239	83	42	15	3645	72	224	402	344	1	75	6001	828	1413	0,0,0,0,0,0	34202	0	255	12468	126	0	12083,11471,11471,9240,9240,9240,9240	4	30	12098,0,0,0,0,0,0	144	0
172564	370	735	536	245	231	79	42	15	3630	74	225	408	301	7	63	5833	785	1453	0,0,0,0,0,0	47142	0	228	12693	129	0	12292,11656,11656,9337,9337,9337,9337	4	18	12323,0,0,0,0,0,0	153	0
172587	349	740	518	263	231	80	40	13	3618	78	229	408	264	2	68	6037	799	1422	0,0,0,0,0,0	46608	0	205	12897	130	0	12485,11826,11826,9421,9421,9421,9421	4	13	12528,0,0,0,0,0,0	142	0
172541	364	745	510	263	220	79	35	14	3662	81	232	411	246	3	67	6293	790	1426	0,0,0,0,0,0	34373	0	257	13150	135	0	12726,12046,12046,9562,9562,9562,9562	4	34	12783,0,0,0,0,0,0	136	0
172525	378	726	495	250	215	77	36	15	3709	84	236	402	274	3	84	6384	786	1391	0,0,0,0,0,0	33940	0	212	13360	139	0	12923,12223,12223,9666,9666,9666,9666	4	19	12993,0,0,0,0,0,0	133	0
172507	386	721	498	230	216	76	33	15	3734	88	242	412	304	1	61	6314	760	1400	0,0,0,0,0,0	34012	0	230	13589	141	0	13141,12420,12420,9782,9782,9782,9782	4	26	13222,0,0,0,0,0,0	128	0
172532	390	722	523	219	221	74	39	13	3682	88	243	423	266	5	70	6501	762	1426	0,0,0,0,0,0	34299	0	229	13814	146	0	13349,12603,12603,9871,9871,9871,9871	4	32	13447,0,0,0,0,0,0	134	0
172502	406	726	537	208	220	77	38	12	3684	90	246	417	341	6	67	6417	756	1456	0,0,0,0,0,0	34285	0	267	14077	150	0	13598,12828,12828,10008,10008,10008,10008	4	34	13710,0,0,0,0,0,0	148	0
172540	367	727	510	224	208	75	38	14	3701	94	248	433	222	3	68	6268	758	1391	0,0,0,0,0,0	47382	0	191	14267	152	0	13773,12980,12980,10075,10075,10075,10075	4	15	13900,0,0,0,0,0,0	147	0
172612	313	709	505	235	221	71	38	12	3684	96	250	436	244	3	57	5926	709	1383	0,0,0,0,0,0	47266	0	178	14444	153	0	13935,13116,13116,10118,10118,10118,10118	3	18	14077,0,0,0,0,0,0	142	0
172650	317	706	478	219	221	74	43	10	3676	97	255	448	335	5	68	5580	709	1349	0,0,0,0,0,0	33920	0	215	14656	156	0	14132,13288,13288,10195,10195,10195,10195	3	23	14289,0,0,0,0,0,0	137	0
172654	323	690	486	224	218	77	41	9	3663	102	259	440	268	4	86	5579	735	1324	0,0,0,0,0,0	33833	0	217	14866	164	0	14327,13461,13461,10287,10287,10287,10287	3	21	14499,0,0,0,0,0,0	140	0
172670	329	685	471	229	203	82	39	9	3662	104	263	449	214	2	73	5246	741	1297	0,0,0,0,0,0	33620	0	205	15070	166	0	14517,13629,13629,10371,10371,10371,10371	3	26	14704,0,0,0,0,0,0	146	0
172674	340	661	473	232	195	78	39	6	3677	107	264	466	262	3	69	5286	736	1282	0,0,0,0,0,0	33315	0	224	15291	170	0	14722,13811,13811,10468,10468,10468,10468	4	30	14925,0,0,0,0,0,0	141	0
172690	344	697	441	225	186	81	39	7	3658	111	267	467	296	2	63	5205	709	1304	0,0,0,0,0,0	33077	0	233	15521	173	0	14936,14000,14000,10563,10563,10563,10563	4	23	15155,0,0,0,0,0,0	146	0
172759	325	671	453	236	188	77	40	7	3609	114	267	453	310	4	49	5156	691	1299	0,0,0,0,0,0	46107	0	177	15700	174	0	15096,14136,14136,10606,10606,10606,10606	3	17	15334,0,0,0,0,0,0	147	0
172819	291	692	457	225	188	85	39	7	3555	118	270	432	329	4	50	4709	671	1306	0,0,0,0,0,0	46386	0	189	15888	176	0	15270,14284,14284,10660,10660,10660,10660	4	21	15523,0,0,0,0,0,0	154	0
172821	302	673	459	217	191	80	43	9	3560	121	270	432	327	2	79	5283	693	1272	0,0,0,0,0,0	33162	0	210	16094	181	0	15459,14453,14453,10750,10750,10750,10750	3	22	15729,0,0,0,0,0,0	156	0
172846	311	675	462	210	197	74	44	9	3521	123	274	425	232	1	64	5207	701	1272	0,0,0,0,0,0	33238	0	204	16297	183	0	15645,14616,14616,10825,10825,10825,10825	3	26	15932,0,0,0,0,0,0	155	0
172864	299	678	484	211	202	74	43	5	3483	127	276	423	250	2	61	5212	711	1280	0,0,0,0,0,0	32964	0	209	16504	187	0	15836,14784,14784,10907,10907,10907,10907	3	23	16139,0,0,0,0,0,0	158	0
172908	298	637	464	214	207	73	45	8	3487	128	277	433	219	1	69	5188	686	1252	0,0,0,0,0,0	33189	0	195	16694	192	0	16007,14932,14932,10966,10966,10966,10966	3	31	16329,0,0,0,0,0,0	163	0
172921	301	646	471	196	193	76	43	8	3473	133	285	398	238	2	76	5023	679	1247	0,0,0,0,0,0	32983	0	201	16897	193	0	16198,15100,15100,11050,11050,11050,11050	3	21	16532,0,0,0,0,0,0	150	0
172995	284	625	465	206	183	76	37	9	3438	142	286	419	249	3	52	4890	657	1219	0,0,0,0,0,0	45934	0	154	17049	197	0	16333,15213,15213,11077,11077,11077,11077	3	18	16684,0,0,0,0,0,0	148	0
173074	265	583	476	206	189	69	36	8	3408	143	289	433	257	7	60	4832	661	1163	0,0,0,0,0,0	46013	0	152	17201	199	0	16469,15325,15325,11101,11101,11101,11101	3	11	16836,0,0,0,0,0,0	140	0
173091	291	565	459	200	196	70	34	7	3397	147	289	431	288	5	49	4975	648	1167	0,0,0,0,0,0	32987	0	210	17406	204	0	16657,15491,15491,11182,11182,11182,11182	3	20	17043,0,0,0,0,0,0	131	0
173127	309	568	439	202	173	69	33	7	3376	150	293	420	250	1	69	5283	658	1135	0,0,0,0,0,0	32929	0	202	17606	207	0	16839,15649,15649,11248,11248,11248,11248	3	21	17244,0,0,0,0,0,0	126	0
173159	314	597	415	188	162	61	30	8	3363	152	297	435	245	0	56	5281	650	1117	0,0,0,0,0,0	33492	0	195	17799	209	0	17017,15804,15804,11316,11316,11316,11316	3	11	17437,0,0,0,0,0,0	116	0
173247	280	565	403	191	173	61	31	8	3334	154	299	423	232	2	34	4657	611	1093	0,0,0,0,0,0	45873	0	139	17933	214	0	17135,15900,15900,11325,11325,11325,11325	3	10	17572,0,0,0,0,0,0	118	0
173335	233	571	407	197	158	58	31	10	3289	157	300	417	226	2	59	4577	597	1058	0,0,0,0,0,0	45527	0	146	18078	216	0	17261,16002,16002,11338,11338,11338,11338	3	14	17717,0,0,0,0,0,0	116	0
173422	218	544	421	184	158	57	32	9	3239	158	304	421	92	1	49	4674	604	1010	0,0,0,0,0,0	45666	0	134	18209	220	0	17376,16095,16095,11347,11347,11347,11347	3	18	17848,0,0,0,0,0,0	113	0
173513	214	514	428	180	134	60	32	10	3197	159	305	422	255	1	53	4437	582	980	0,0,0,0,0,0	45688	27	137	18345	221	0	17495,16191,16191,11355,11355,11355,11355	3	16	17984,0,0,0,0,0,0	115	24
173574	235	517	410	180	149	55	30	9	3117	161	309	411	220	2	50	4480	594	982	0,0,0,0,0,0	32437	26	180	18522	226	0	17654,16326,16326,11399,11399,11399,11399	3	25	18161,0,0,0,0,0,0	118	45
173624	270	481	403	179	157	58	25	11	3063	166	309	419	84	1	39	4291	581	992	0,0,0,0,0,0	32429	21	166	18687	228	0	17798,16449,16449,11439,11439,11439,11439	3	23	18326,0,0,0,0,0,0	107	64
173665	254	469	388	160	156	59	25	11	3080	168	311	413	306	4	54	4224	570	941	0,0,0,0,0,0	32437	32	138	18825	229	0	17921,16553,16553,11472,11472,11472,11472	3	14	18464,0,0,0,0,0,0	105	93
173751	210	505	369	168	146	57	25	10	3023	169	313	427	284	5	39	4322	531	949	0,0,0,0,0,0	32679	26	141	18965	231	0	18043,16653,16653,11484,11484,11484,11484	3	16	18604,0,0,0,0,0,0	108	118
173799	211	504	352	165	126	55	25	9	3014	172	314	436	249	2	50	3804	530	908	0,0,0,0,0,0	32074	21	155	19119	233	0	18179,16769,16769,11520,11520,11520,11520	3	23	18758,0,0,0,0,0,0	106	135
173860	219	484	336	176	132	54	26	8	2961	173	317	442	256	2	41	3729	521	906	0,0,0,0,0,0	38691	22	147	19263	237	0	18307,16876,16876,11547,11547,11547,11547	2	13	18902,0,0,0,0,0,0	112	151
173937	216	449	359	172	137	51	28	8	2897	175	317	450	328	4	42	4013	534	878	0,0,0,0,0,0	38915	147	124	19387	239	0	18423,16972,16972,11561,11561,11561,11561	2	7	19026,0,0,0,0,0,0	110	283
174000	215	454	324	161	137	53	26	9	2871	177	319	440	319	1	57	4272	522	848	0,0,0,0,0,0	26936	136	147	19530	243	0	18557,17085,17085,11589,11589,11589,11589	2	16	19169,0,0,0,0,0,0	106	401
174056	201	461	336	140	141	51	27	10	2826	177	320	475	255	0	35	4465	487	870	0,0,0,0,0,0	27229	153	139	19671	244	0	18686,17194,17194,11616,11616,11616,11616	2	19	19310,0,0,0,0,0,0	102	539
174094	211	453	314	143	144	50	27	10	2800	180	320	430	327	2	64	4464	492	850	0,0,0,0,0,0	27180	131	141	19812	246	0	18821,17311,17311,11657,11657,11657,11657	2	15	19451,0,0,0,0,0,0	102	655
174139	207	440	314	158	150	47	24	10	2753	182	322	422	236	2	46	4582	505	835	0,0,0,0,0,0	27331	135	141	19952	247	0	18953,17424,17424,11692,11692,11692,11692	2	10	19591,0,0,0,0,0,0	102	773
174178	215	437	324	144	150	45	25	9	2712	184	323	415	249	1	52	4750	510	830	0,0,0,0,0,0	27572	140	146	20096	249	0	19086,17540,17540,11731,11731,11731,11731	2	15	19735,0,0,0,0,0,0	108	893
174218	202	430	319	132	144	43	26	9	2715	184	324	438	228	0	37	4342	482	814	0,0,0,0,0,0	39505	132	124	20220	249	0	19200,17637,17637,11760,11760,11760,11760	2	8	19859,0,0,0,0,0,0	101	1014
174292	207	419	318	135	138	41	26	5	2656	184	325	433	260	1	32	4349	472	812	0,0,0,0,0,0	39098	158	124	20341	252	0	19354,17772,17772,11793,11793,11793,11793	2	7	19980,0,0,0,0,0,0	93	1153
174340	210	409	322	124	134	43	27	5	2621	184	327	435	270	0	39	4290	460	809	0,0,0,0,0,0	27236	162	124	20465	253	0	19508,17908,17908,11837,11837,11837,11837	2	11	20104,0,0,0,0,0,0	90	1294
174402	201	410	311	124	126	46	27	4	2580	185	330	457	244	1	42	4259	457	788	0,0,0,0,0,0	27438	157	116	20577	258	0	19654,18037,18037,11869,11869,11869,11869	2	9	20216,0,0,0,0,0,0	85	1422
174464	185	411	301	129	129	48	26	4	2532	186	331	480	256	1	40	4148	454	775	0,0,0,0,0,0	27062	154	120	20694	261	0	19798,18163,18163,11901,11901,11901,11901	2	13	20333,0,0,0,0,0,0	92	1554
174490	196	401	302	118	134	46	25	5	2508	188	333	469	251	0	45	3683	443	779	0,0,0,0,0,0	26863	135	136	20831	261	0	19965,18313,18313,11962,11962,11962,11962	2	14	20470,0,0,0,0,0,0	96	1666
174505	208	396	310	122	133	42	23	5	2474	190	338	460	145	0	33	3397	436	798	0,0,0,0,0,0	26517	152	135	20966	262	0	20132,18465,18465,12028,12028,12028,12028	2	22	20605,0,0,0,0,0,0	87	1787
174556	203	407	306	126	131	40	22	4	2417	192	342	471	306	2	35	3008	408	827	0,0,0,0,0,0	38303	161	138	21105	262	0	20303,18616,18616,12080,12080,12080,12080	2	12	20744,0,0,0,0,0,0	81	1920
174637	180	389	306	135	131	41	19	4	2367	195	342	490	97	1	35	2790	398	803	0,0,0,0,0,0	37732	65	91	21196	263	0	20428,18724,18724,12093,12093,12093,12093	2	7	20835,0,0,0,0,0,0	73	1973
174664	183	414	287	125	130	36	19	4	2341	198	345	500	305	1	39	2657	393	801	0,0,0,0,0,0	25873	84	145	21338	266	0	20607,18886,18886,12158,12158,12158,12158	2	17	20978,0,0,0,0,0,0	72	2038
174696	200	408	272	132	131	33	20	4	2302	201	347	491	267	1	45	2806	422	774	0,0,0,0,0,0	25798	62	132	21473	266	0	20772,19033,19033,12213,12213,12213,12213	2	16	21113,0,0,0,0,0,0	66	2088
174697	227	395	287	135	125	35	17	3	2274	204	347	517	252	6	32	3088	437	784	0,0,0,0,0,0	25688	65	151	21622	268	0	20953,19200,19200,12292,12292,12292,12292	2	13	21262,0,0,0,0,0,0	59	2145
174707	236	405	295	132	127	34	18	4	2235	204	349	483	260	4	40	3041	462	785	0,0,0,0,0,0	26238	76	150	21770	271	0	21126,19357,19357,12362,12362,12362,12362	2	15	21410,0,0,0,0,0,0	62	2206
174760	219	440	276	114	112	35	16	5	2213	206	350	485	300	3	39	2954	445	767	0,0,0,0,0,0	26124	68	116	21887	272	0	21270,19484,19484,12397,12397,12397,12397	2	9	21527,0,0,0,0,0,0	59	2258
174794	205	444	281	119	125	33	16	5	2164	207	353	515	98	0	26	2890	437	786	0,0,0,0,0,0	37819	76	123	22010	273	0	21429,19626,19626,12449,12449,12449,12449	2	13	21650,0,0,0,0,0,0	62	2320
174827	196	422	287	121	134	33	17	4	2138	209	358	516	99	1	41	2910	454	756	0,0,0,0,0,0	37658	226	109	22116	277	0	21552,19735,19735,12483,12483,12483,12483	2	7	21756,0,0,0,0,0,0	67	2519
174868	182	432	290	116	121	32	17	4	2115	211	358	486	275	0	41	3172	440	750	0,0,0,0,0,0	26400	205	116	22233	278	0	21683,19851,19851,12516,12516,12516,12516	2	12	21873,0,0,0,0,0,0	62	2688
174880	187	388	311	135	115	31	16	3	2103	214	363	477	245	1	34	3345	446	737	0,0,0,0,0,0	26105	202	126	22356	281	0	21816,19970,19970,12562,12562,12562,12562	2	15	21996,0,0,0,0,0,0	56	2859
174875	196	396	294	133	116	29	19	3	2107	214	364	492	279	4	37	3430	451	732	0,0,0,0,0,0	26555	192	134	22489	282	0	21964,20106,20106,12626,12626,12626,12626	2	18	22129,0,0,0,0,0,0	56	3018
174915	199	402	285	128	124	35	17	4	2056	216	365	517	333	4	32	3735	461	729	0,0,0,0,0,0	26689	227	120	22607	286	0	22095,20221,20221,12659,12659,12659,12659	2	16	22248,0,0,0,0,0,0	64	3195
174923	214	394	282	123	117	34	21	3	2049	216	370	526	247	2	34	3783	447	738	0,0,0,0,0,0	27058	212	133	22738	288	0	22240,20352,20352,12714,12714,12714,12714	2	16	22379,0,0,0,0,0,0	60	3365
174948	190	377	280	130	123	35	20	4	2048	217	374	506	232	1	27	3629	423	732	0,0,0,0,0,0	38572	204	101	22836	291	0	22356,20455,20455,12748,12748,12748,12748	2	6	22477,0,0,0,0,0,0	64	3534
174969	188	386	290	125	115	35	22	4	2018	218	376	495	248	3	39	3633	427	734	0,0,0,0,0,0	38650	174	118	22954	292	0	22582,20668,20668,12839,12839,12839,12839	2	4	22595,0,0,0,0,0,0	71	3677
174958	217	371	306	133	113	30	20	5	1997	218	378	486	250	1	45	4094	440	750	0,0,0,0,0,0	26955	167	154	23106	294	0	22824,20896,20896,12952,12952,12952,12952	1	9	22747,0,0,0,0,0,0	65	3814
174918	225	400	283	127	114	28	19	4	2032	218	378	487	282	0	37	4116	423	773	3,0,0,0,0,0	27364	180	121	23265	299	0	23078,21139,21139,13084,13084,13084,13084	1	8	22865,43,0,0,0,0,0	64	3963
174891	234	410	278	137	129	29	21	4	2016	218	379	515	241	0	43	3958	439	799	6,0,0,0,0,0	27161	162	132	23426	299	0	23323,21372,21372,13206,13206,13206,13206	1	9	22986,83,0,0,0,0,0	64	4098
174875	244	441	279	126	130	29	18	5	1999	219	381	513	271	2	39	3941	426	841	11,0,0,0,0,0	26962	139	127	23594	302	0	23586,21619,21619,13331,13331,13331,13331	1	6	23085,155,0,0,0,0,0	60	4210
174834	251	479	275	137	134	31	19	3	1978	222	383	511	100	0	37	3867	444	882	16,0,0,0,0,0	27083	143	140	23771	302	0	23851,21872,21872,13471,13471,13471,13471	1	14	23192,225,0,0,0,0,0	63	4324
174788	267	485	292	137	147	30	19	3	1969	223	386	508	293	2	46	3572	447	930	21,0,0,0,0,0	38714	164	139	23951	307	0	24124,22132,22132,13617,13617,13617,13617	1	10	23286,311,0,0,0,0,0	65	4439
174768	278	494	290	140	147	28	20	4	1966	223	388	492	231	2	43	3324	439	958	25,0,0,0,0,0	38369	118	138	24116	311	0	24374,22368,22368,13738,13738,13738,13738	1	13	23379,386,0,0,0,0,0	65	4533
174713	305	511	294	147	150	27	20	5	1959	224	391	511	240	2	41	3255	459	995	28,0,0,0,0,0	26384	116	184	24299	312	0	24641,22624,22624,13883,13883,13883,13883	1	9	23498,451,0,0,0,0,0	61	4616
174653	297	557	304	154	147	30	20	4	1963	225	392	500	332	1	52	3392	480	1029	31,0,0,0,0,0	26334	138	187	24487	314	0	24911,22882,22882,14033,14033,14033,14033	1	15	23611,527,0,0,0,0,0	66	4718
174582	299	569	312	153	159	35	19	4	1988	228	398	507	252	4	54	3319	508	1038	34,0,0,0,0,0	26563	126	184	24670	316	0	25176,23137,23137,14185,14185,14185,14185	1	15	23706,616,0,0,0,0,0	69	4810
174525	307	552	327	166	165	38	21	4	2008	229	404	507	86	2	47	3095	528	1048	36,0,0,0,0,0	26446	134	179	24848	318	0	25418,23369,23368,14321,14321,14321,14321	1	11	23794,707,0,0,0,0,0	76	4905
174434	308	563	343	179	179	44	22	4	2029	231	410	533	240	2	59	3033	571	1067	38,0,0,0,0,0	26272	114	208	25052	322	0	25696,23638,23636,14492,14492,14492,14492	1	11	23891,816,0,0,0,0,0	77	4988
174385	299	601	348	169	168	45	22	5	2059	235	410	542	342	1	60	3376	608	1044	40,0,0,0,0,0	38208	121	187	25236	326	0	25951,23883,23880,14631,14631,14631,14631	1	13	23990,902,0,0,0,0,0	87	5082
174399	272	600	337	167	168	47	26	5	2075	237	413	531	136	3	53	3398	616	1001	42,0,0,0,0,0	38200	276	144	25377	330	0	26129,24048,24044,14698,14698,14698,14698	1	7	24064,973,0,0,0,0,0	95	5292
174357	256	630	357	151	171	51	26	5	2087	239	416	534	258	1	54	3935	636	1006	44,0,0,0,0,0	26995	291	187	25558	338	0	26344,24252,24247,14810,14810,14810,14810	1	16	24152,1070,0,0,0,0,0	105	5513
174279	287	637	340	172	188	46	29	6	2105	240	417	519	318	0	53	4079	619	1080	46,0,0,0,0,0	27053	285	229	25785	341	0	26602,24500,24493,14960,14960,14960,14960	1	20	24265,1187,0,0,0,0,0	96	5731
174171	313	642	373	180	198	43	32	7	2124	242	421	512	245	2	58	4519	643	1138	47,0,0,0,0,0	27168	305	247	26030	343	0	26881,24769,24760,15135,15135,15135,15135	2	19	24371,1328,0,0,0,0,0	96	5955
174086	322	612	406	184	203	47	31	6	2179	245	425	519	325	2	50	4666	634	1171	48,0,0,0,0,0	27554	300	210	26236	349	0	27127,25007,24996,15285,15285,15285,15285	1	20	24465,1442,0,0,0,0,0	105	6163
174009	339	639	426	183	184	47	33	5	2209	246	426	511	240	3	65	4828	651	1200	49,0,0,0,0,0	27644	303	230	26459	357	0	27375,25247,25233,15431,15431,15431,15431	1	15	24557,1579,0,0,0,0,0	104	6368
173957	348	641	415	179	183	47	32	5	2260	250	429	527	272	2	39	4708	608	1237	50,0,0,0,0,0	39343	297	194	26650	361	0	27603,25468,25451,15555,15555,15555,15555	1	9	24640,1688,0,0,0,0,0	100	6581
173891	329	656	426	180	182	47	35	6	2310	252	432	518	283	2	49	4824	600	1255	52,0,0,0,0,0	39579	592	192	26838	369	0	27915,25774,25754,15728,15728,15728,15728	1	17	24707,1814,0,0,0,0,0	97	6936
173776	360	657	423	192	192	44	32	7	2375	254	434	525	252	2	57	4686	587	1313	54,0,0,0,0,0	27906	577	256	27086	377	0	28282,26136,26113,15954,15954,15954,15954	1	13	24794,1982,0,0,0,0,0	96	7348
173646	393	671	468	184	205	48	28	7	2398	260	438	519	318	1	57	4928	620	1377	56,0,0,0,0,0	27899	583	272	27350	389	0	28661,26509,26482,16190,16190,16190,16190	1	24	24890,2155,0,0,0,0,0	94	7859
173509	420	750	455	192	209	50	28	7	2423	260	443	522	245	3	69	4793	655	1449	58,0,0,0,0,0	27832	617	302	27646	396	0	29070,26914,26883,16449,16449,16449,16449	2	25	24989,2355,0,0,0,0,0	111	8404
173367	443	788	481	206	219	47	29	8	2450	262	446	544	228	2	65	4725	709	1504	60,0,0,0,0,0	27848	639	293	27929	407	0	29470,27311,27275,16708,16708,16708,16708	2	25	25066,2568,0,0,0,0,0	106	8975
173211	478	833	495	222	211	48	28	9	2501	263	447	557	254	2	60	4615	693	1622	63,0,0,0,0,0	27960	630	325	28246	417	0	29896,27731,27691,16985,16985,16985,16985	2	18	25148,2808,0,0,0,0,0	116	9523
173102	483	868	479	226	231	47	26	8	2561	266	449	534	256	2	61	4330	704	1656	64,0,0,0,0,0	39213	630	269	28502	430	0	30265,28098,28052,17212,17212,17212,17212	2	9	25223,2997,0,0,0,0,0	126	10085
172973	459	925	477	246	248	50	25	8	2615	267	453	517	224	2	86	4401	738	1692	66,0,0,0,0,0	39196	812	288	28780	441	0	30694,28523,28472,17476,17476,17476,17476	2	28	25318,3188,0,0,0,0,0	123	10800
172742	466	1003	522	262	257	54	25	6	2684	268	457	519	271	6	91	4566	794	1795	68,0,0,0,0,0	27480	731	377	29142	457	0	31228,29056,28999,17841,17841,17841,17841	2	27	25396,3484,0,0,0,0,0	128	11438
172538	524	997	560	270	262	60	25	6	2776	268	460	521	243	1	76	4819	834	1864	70,0,0,0,0,0	27544	769	358	29488	471	0	31788,29614,29552,18205,18205,18205,18205	2	26	25461,3777,0,0,0,0,0	119	12114
172347	549	1016	575	275	277	62	26	7	2876	271	465	522	253	4	81	4944	838	1942	72,0,0,0,0,0	27888	747	353	29834	478	0	32360,30184,30116,18569,18569,18569,18569	2	21	25527,4061,0,0,0,0,0	122	12771
172125	563	1091	594	291	295	67	27	8	2946	273	466	532	297	3	101	5066	875	2053	75,0,0,0,0,0	28207	774	408	30225	497	0	32967,30791,30715,18969,18969,18969,18969	2	24	25591,4406,0,0,0,0,0	125	13437
171834	606	1162	633	309	311	71	30	7	3035	275	473	553	339	12	87	5377	928	2194	76,0,0,0,0,0	28478	750	457	30670	511	0	33629,31451,31369,19429,19429,19429,19429	2	24	25662,4789,0,0,0,0,0	132	14088
171631	628	1182	658	337	324	73	27	8	3120	277	481	529	259	7	95	5337	953	2276	77,0,0,0,0,0	39949	792	394	31056	521	0	34228,32052,31960,19820,19820,19820,19820	2	21	25724,5121,0,0,0,0,0	151	14769
171441	615	1220	699	349	330	79	27	10	3210	280	486	520	314	3	110	5600	1020	2299	78,0,0,0,0,0	39981	883	385	31428	535	0	34873,32697,32597,20221,20221,20221,20221	2	15	25777,5449,0,0,0,0,0	147	15541
171164	644	1267	726	344	342	83	31	12	3361	282	490	504	322	5	128	6506	1095	2342	80,0,0,0,0,0	45424	886	467	31881	550	0	35560,33387,33276,20686,20686,20686,20686	2	25	25842,5849,0,0,0,0,0	154	16298
170956	699	1251	756	376	344	89	34	11	3452	284	494	494	262	6	130	7253	1197	2352	81,0,0,0,0,0	45970	908	430	32302	565	0	36224,34054,33932,21104,21104,21104,21104	2	29	25894,6227,0,0,0,0,0	173	17077
170772	696	1260	794	383	364	90	36	10	3558	287	496	476	246	5	108	7674	1233	2390	82,0,0,0,0,0	46601	810	416	32702	585	0	36857,34693,34558,21497,21497,21497,21497	2	22	25951,6587,0,0,0,0,0	174	17768
170585	677	1281	823	368	383	92	40	9	3700	290	498	486	291	8	131	7943	1302	2362	83,0,0,0,0,0	46971	844	408	33101	599	0	37500,35340,35193,21896,21896,21896,21896	2	29	25998,6951,0,0,0,0,0	165	18477
170355	668	1331	830	361	377	98	44	12	3878	291	501	477	297	6	105	8300	1259	2450	84,0,0,0,0,0	47730	832	432	33513	620	0	38145,35991,35832,22316,22316,22316,22316	2	19	26040,7336,0,0,0,0,0	177	19167
170264	637	1321	820	376	376	105	43	11	3994	296	503	474	269	8	106	8457	1271	2407	84,0,0,0,0,0	71532	886	347	33837	644	0	38710,36566,36391,22631,22631,22631,22631	2	19	26083,7636,0,0,0,0,0	191	19934
170161	609	1337	784	384	393	112	47	9	4106	298	506	464	282	5	114	8360	1286	2380	85,0,0,0,0,0	71199	706	377	34188	672	0	39364,37233,37040,23000,23000,23000,23000	2	25	26122,7970,0,0,0,0,0	206	20530
170012	607	1300	813	398	427	116	54	8	4203	299	509	448	284	7	161	8352	1379	2336	86,0,0,0,0,0	47442	646	420	34588	693	0	40059,37940,37730,23410,23410,23410,23410	2	34	26151,8353,0,0,0,0,0	221	21051
169864	617	1325	815	390	413	113	56	7	4330	304	512	442	266	8	133	8529	1388	2341	87,0,0,0,0,0	47794	626	405	34979	708	0	40759,38650,38425,23818,23818,23818,23818	2	23	26180,8724,0,0,0,0,0	222	21569
169690	635	1316	819	408	439	113	58	8	4442	305	513	446	250	10	126	8324	1387	2401	88,0,0,0,0,0	47169	617	423	35385	732	0	41448,39352,39111,24237,24237,24237,24237	2	24	26206,9121,0,0,0,0,0	222	22073
169506	660	1353	821	405	429	120	63	9	4555	307	518	425	257	6	127	8283	1378	2473	89,0,0,0,0,0	47657	597	459	35824	753	0	42169,40088,39828,24679,24679,24679,24679	2	33	26228,9555,0,0,0,0,0	227	22549
169338	660	1362	843	427	450	113	66	10	4646	311	520	425	261	2	130	7645	1357	2564	89,0,0,0,0,0	46851	620	454	36262	774	0	42878,40811,40532,25109,25109,25109,25109	3	28	26266,9973,0,0,0,0,0	219	23038
169227	623	1351	864	424	429	107	66	11	4806	316	522	428	304	5	124	7305	1324	2540	90,0,0,0,0,0	70608	643	380	36620	798	0	43543,41491,41194,25488,25488,25488,25488	2	18	26289,10323,0,0,0,0,0	230	23571
169174	594	1347	834	432	427	115	67	12	4900	320	524	419	258	6	121	7582	1320	2496	90,0,0,0,0,0	71115	845	369	36971	816	0	44178,42153,41833,25850,25850,25850,25850	2	24	26308,10670,0,0,0,0,0	225	24259
169080	593	1353	822	447	416	119	67	11	4990	324	524	429	274	1	138	7890	1317	2500	91,0,0,0,0,0	46811	883	422	37367	843	0	44855,42855,42511,26235,26235,26235,26235	2	14	26329,11063,0,0,0,0,0	232	24968
168974	615	1370	850	410	387	120	67	13	5089	325	526	429	309	6	133	8053	1298	2521	92,0,0,0,0,0	47127	824	430	37779	863	0	45570,43587,43221,26620,26620,26620,26620	2	29	26355,11464,0,0,0,0,0	231	25638
168872	630	1351	892	399	400	113	70	16	5149	327	527	441	231	5	138	8277	1314	2541	92,0,0,0,0,0	47060	914	434	38192	886	0	46300,44339,43948,27012,27012,27012,27012	2	25	26375,11874,0,0,0,0,0	238	26387
168721	691	1314	929	415	394	110	70	16	5226	332	528	425	328	11	113	8069	1240	2683	92,0,0,0,0,0	47574	928	477	38643	914	0	47067,45126,44710,27444,27444,27444,27444	2	22	26407,12313,0,0,0,0,0	249	27150
168592	713	1351	916	430	389	114	74	17	5287	334	529	441	279	6	117	8145	1214	2773	93,0,0,0,0,0	47310	897	464	39082	942	0	47822,45905,45464,27865,27865,27865,27865	2	20	26424,12758,0,0,0,0,0	242	27901
168543	668	1349	884	415	416	118	76	18	5394	336	529	443	260	6	125	7920	1222	2704	93,0,0,0,0,0	70920	886	362	39429	960	0	48491,46596,46131,28203,28203,28203,28203	2	17	26442,13099,0,0,0,0,0	253	28612
168577	598	1295	890	396	418	119	70	20	5489	341	533	437	333	7	135	8116	1224	2562	93,0,0,0,0,0	71035	1097	291	39704	976	0	49217,47345,46855,28520,28520,28520,28520	2	18	26448,13378,0,0,0,0,0	249	29497
168512	609	1318	878	401	426	123	65	21	5505	351	537	419	302	2	140	8354	1273	2547	94,0,0,0,0,0	47659	1074	425	40109	997	0	50038,48189,47672,28933,28933,28933,28933	2	21	26464,13780,0,0,0,0,0	236	30358
168480	625	1281	882	401	423	127	65	18	5548	357	539	417	334	3	111	7882	1250	2554	95,0,0,0,0,0	47629	1043	400	40493	1014	0	50829,49005,48460,29314,29314,29314,29314	2	23	26471,14167,0,0,0,0,0	237	31195
168412	652	1266	875	404	424	136	66	19	5591	360	541	386	318	6	141	7931	1266	2557	95,0,0,0,0,0	47006	1071	407	40881	1037	0	51655,49855,49284,29730,29730,29730,29730	2	23	26488,14553,0,0,0,0,0	252	32051
168395	641	1262	867	406	423	137	74	18	5620	362	541	380	232	3	127	7760	1278	2532	95,0,0,0,0,0	47134	1077	383	41251	1051	0	52470,50698,50097,30117,30117,30117,30117	2	17	26502,14920,0,0,0,0,0	252	32901
168312	635	1322	862	394	404	150	71	14	5674	367	541	377	280	8	124	7818	1252	2586	95,0,0,0,0,0	47124	1060	432	41664	1072	0	53312,51567,50938,30550,30550,30550,30550	2	18	26511,15340,0,0,0,0,0	259	33743
168399	581	1243	863	401	425	141	67	18	5698	369	541	377	243	7	117	7461	1226	2495	96,0,0,0,0,0	70662	1097	293	41940	1090	0	54030,52316,51655,30839,30839,30839,30839	2	16	26515,15624,0,0,0,0,0	267	34612
168481	501	1229	851	413	388	136	68	19	5745	371	544	365	274	8	110	7477	1200	2386	96,0,0,0,0,0	70730	1314	282	42207	1108	0	54821,53134,52445,31158,31158,31158,31158	2	12	26521,15897,0,0,0,0,0	244	35616
168494	509	1240	842	416	343	141	67	18	5757	374	545	386	301	5	136	7412	1173	2385	96,0,0,0,0,0	46421	1336	372	42567	1124	0	55682,54025,53304,31550,31550,31550,31550	2	25	26527,16265,0,0,0,0,0	247	36636
168509	527	1212	827	406	348	138	65	17	5771	378	548	389	252	5	101	7416	1120	2403	97,0,0,0,0,0	46557	1403	369	42921	1142	0	56538,54912,54160,31930,31930,31930,31930	2	21	26535,16623,0,0,0,0,0	238	37724
168477	549	1176	799	400	349	133	65	15	5851	382	550	391	252	9	118	7079	1101	2370	97,0,0,0,0,0	46491	1398	368	43273	1163	0	57379,55780,55000,32326,32326,32326,32326	2	21	26540,16990,0,0,0,0,0	236	38810
168502	543	1166	792	403	336	122	60	15	5864	392	551	391	311	5	117	6943	1077	2345	97,0,0,0,0,0	38115	1339	343	43606	1177	0	58199,56631,55821,32688,32688,32688,32688	2	21	26541,17334,0,0,0,0,0	212	39838
168549	520	1171	780	382	349	117	60	17	5853	395	553	423	296	5	109	6859	1063	2316	97,0,0,0,0,0	37935	1395	330	43922	1193	0	58997,57460,56619,33032,33032,33032,33032	2	10	26545,17658,0,0,0,0,0	201	40909
168610	504	1120	773	366	347	108	65	16	5881	398	558	421	264	7	97	6787	1032	2251	97,0,0,0,0,0	40955	1401	298	44209	1206	0	59788,58282,57411,33360,33360,33360,33360	2	15	26549,17950,0,0,0,0,0	199	41991
168709	495	1049	789	344	348	106	57	19	5864	404	562	415	305	3	104	6432	1008	2180	97,0,0,0,0,0	40240	1100	281	44478	1220	0	60547,59074,58170,33648,33648,33648,33648	2	18	26555,18221,0,0,0,0,0	205	42807
168744	509	1031	761	348	307	100	54	19	5903	407	563	415	317	5	119	6331	979	2131	98,0,0,0,0,0	37727	1119	323	44785	1237	0	61342,59898,58965,33979,33979,33979,33979	2	16	26558,18535,0,0,0,0,0	196	43641
168847	491	1013	740	359	328	94	46	17	5831	416	564	412	242	4	90	6472	957	2114	98,0,0,0,0,0	37881	1089	297	45063	1256	0	62116,60706,59738,34265,34265,34265,34265	1	18	26561,18826,0,0,0,0,0	181	44439
168979	463	987	731	368	312	92	47	18	5761	420	568	398	274	1	97	6751	917	2083	98,0,0,0,0,0	37847	1065	272	45326	1267	0	62869,61492,60490,34530,34530,34530,34530	1	12	26563,19096,0,0,0,0,0	169	45186
169073	457	986	656	363	309	92	44	18	5754	425	569	421	250	4	108	6426	891	2016	98,0,0,0,0,0	38116	1095	278	45596	1278	0	63607,62261,61227,34804,34804,34804,34804	1	4	26566,19372,0,0,0,0,0	162	45958
169160	443	962	654	354	301	91	38	18	5722	429	574	446	251	5	110	6270	917	1926	98,0,0,0,0,0	37654	1124	264	45846	1294	0	64343,63029,61965,35083,35083,35083,35083	1	18	26569,19630,0,0,0,0,0	168	46750
169312	423	896	670	339	301	79	41	17	5659	433	576	445	265	5	91	6265	899	1850	98,0,0,0,0,0	39855	1059	224	46052	1312	0	65065,63781,62686,35319,35319,35319,35319	1	13	26572,19846,0,0,0,0,0	168	47517
169425	374	892	677	306	303	77	42	16	5620	436	578	442	239	2	74	6249	861	1810	98,0,0,0,0,0	40016	874	228	46275	1318	0	65743,64490,63365,35547,35547,35547,35547	1	11	26572,20074,0,0,0,0,0	156	48113
169563	362	883	652	292	273	75	44	14	5568	438	582	453	287	4	113	5621	851	1730	98,0,0,0,0,0	30845	891	238	46495	1336	0	66439,65220,64064,35776,35776,35776,35776	1	12	26574,20303,0,0,0,0,0	154	48716
169691	361	808	647	314	277	74	41	13	5496	441	583	442	243	8	83	5762	832	1690	98,0,0,0,0,0	30336	890	230	46710	1353	0	67103,65915,64729,35981,35981,35981,35981	1	13	26577,20526,0,0,0,0,0	142	49317
169847	364	770	642	294	266	70	41	14	5412	443	583	454	267	2	81	5496	795	1652	98,0,0,0,0,0	30325	896	230	46922	1372	0	67767,66613,65395,36182,36182,36182,36182	1	13	26578,20751,0,0,0,0,0	135	49936
169961	374	745	617	269	259	66	41	11	5373	445	585	497	311	4	82	5486	746	1625	98,0,0,0,0,0	30210	946	235	47139	1390	0	68451,67329,66081,36408,36408,36408,36408	1	14	26580,20976,0,0,0,0,0	129	50590
170138	348	725	563	274	251	67	40	11	5291	448	590	482	267	5	76	5130	718	1550	98,0,0,0,0,0	24996	891	190	47320	1400	0	69100,68010,66732,36586,36586,36586,36586	1	9	26581,21164,0,0,0,0,0	121	51187
170361	305	671	539	248	249	64	41	10	5217	450	591	502	241	2	56	4956	650	1467	98,0,0,0,0,0	31463	884	145	47460	1406	0	69695,68638,67329,36715,36715,36715,36715	1	5	26581,21308,0,0,0,0,0	118	51795
170570	261	666	513	251	229	67	41	11	5092	452	593	503	277	6	83	5087	660	1368	98,0,0,0,0,0	30950	1229	150	47600	1417	0	70292,69269,67930,36853,36853,36853,36853	1	5	26583,21455,0,0,0,0,0	118	52684
170707	269	644	516	229	216	68	40	11	4994	455	597	509	278	1	65	5333	631	1351	98,0,0,0,0,0	25203	1274	189	47777	1431	0	70918,69928,68561,37030,37030,37030,37030	1	7	26584,21643,0,0,0,0,0	118	53617
170861	280	569	526	228	213	69	38	9	4898	457	598	530	304	2	59	4936	607	1316	99,0,0,0,0,0	24836	1209	170	47938	1440	0	71516,70558,69164,37182,37182,37182,37182	1	5	26584,21812,0,0,0,0,0	126	54480
171031	282	538	520	204	191	62	40	10	4808	458	602	529	246	3	68	5097	557	1280	98,0,0,0,0,0	24511	1244	154	48081	1453	0	72108,71184,69761,37326,37326,37326,37326	1	11	26587,21960,0,0,0,0,0	122	55377
171239	247	551	497	179	183	56	43	10	4676	458	607	489	282	1	57	5035	530	1226	98,0,0,0,0,0	24723	1186	141	48215	1461	0	72692,71801,70349,37453,37453,37453,37453	1	13	26588,22100,0,0,0,0,0	115	56258
171426	245	523	466	175	159	48	35	10	4583	465	611	498	271	2	46	4994	479	1172	98,0,0,0,0,0	24684	1197	134	48345	1465	0	73259,72400,70921,37577,37577,37577,37577	1	5	26588,22230,0,0,0,0,0	100	57139
171639	214	492	411	169	157	48	30	12	4493	468	613	496	259	4	40	4616	418	1103	98,0,0,0,0,0	29126	1204	101	48436	1475	0	73792,72962,71459,37679,37679,37679,37679	0	7	26590,22327,0,0,0,0,0	100	58016
171839	192	470	398	151	142	49	32	12	4376	469	616	478	327	3	33	4380	373	1061	98,0,0,0,0,0	28906	566	115	48548	1479	0	74500,73701,72174,37879,37879,37879,37879	0	1	26591,22440,0,0,0,0,0	96	58424
172082	180	429	393	149	123	46	30	13	4213	470	618	470	284	2	57	4176	365	985	98,0,0,0,0,0	23110	587	101	48640	1488	0	75222,74459,72904,38061,38061,38061,38061	0	5	26592,22537,0,0,0,0,0	91	58852
172283	167	412	371	135	122	49	30	12	4072	472	621	461	239	3	46	3973	350	936	99,0,0,0,0,0	22546	589	104	48737	1495	0	75944,75209,73632,38255,38255,38255,38255	0	6	26592,22639,0,0,0,0,0	91	59284
172519	159	373	357	137	117	50	24	14	3898	475	623	451	253	1	38	3495	327	890	99,0,0,0,0,0	22567	562	88	48819	1501	0	76661,75958,74357,38435,38435,38435,38435	0	8	26592,22726,0,0,0,0,0	86	59695
172712	155	365	348	132	101	49	19	13	3744	480	628	439	301	1	47	3365	347	822	99,0,0,0,0,0	22221	566	95	48910	1505	0	77366,76692,75070,38629,38629,38629,38629	0	4	26594,22817,0,0,0,0,0	83	60086
172927	151	331	334	139	91	47	18	14	3584	480	630	436	268	1	29	3272	318	793	99,0,0,0,0,0	22140	592	80	48982	1513	0	78073,77427,75783,38813,38813,38813,38813	0	3	26595,22893,0,0,0,0,0	78	60528
173113	136	312	336	116	90	47	17	13	3448	481	637	440	102	0	24	2823	296	758	98,0,0,0,0,0	27551	590	74	49050	1521	0	78781,78163,76500,39010,39010,39010,39010	0	2	26597,22964,0,0,0,0,0	74	60948
173281	120	292	314	93	82	46	18	13	3365	481	641	430	251	0	29	2581	265	700	98,0,0,0,0,0	27117	805	53	49099	1525	0	79194,78600,76920,39053,39053,39053,39053	0	7	26598,23014,0,0,0,0,0	74	61553
173447	119	282	301	88	83	38	17	13	3231	482	645	449	243	1	28	2531	257	671	98,0,0,0,0,0	16272	838	81	49176	1530	0	79638,79069,77371,39111,39111,39111,39111	0	4	26598,23094,0,0,0,0,0	63	62148
173619	121	265	278	93	78	30	17	13	3104	482	646	444	243	1	27	2212	239	643	98,0,0,0,0,0	15919	836	75	49245	1536	0	80067,79522,77806,39157,39157,39157,39157	0	5	26600,23166,0,0,0,0,0	53	62769
173794	110	267	243	79	77	27	19	11	2990	482	647	427	256	0	25	2044	216	606	98,0,0,0,0,0	15782	838	70	49309	1542	0	80464,79942,78211,39194,39194,39194,39194	0	1	26600,23235,0,0,0,0,0	50	63359
173927	114	243	240	78	76	24	19	10	2885	482	648	448	281	0	23	1749	203	591	98,0,0,0,0,0	15502	818	75	49380	1546	0	80879,80375,78632,39255,39255,39255,39255	0	3	26600,23308,0,0,0,0,0	47	63970
174075	112	233	226	66	72	25	18	9	2778	483	649	446	283	1	26	1685	185	567	99,0,0,0,0,0	15332	794	66	49444	1549	0	81312,80828,79072,39317,39317,39317,39317	0	0	26600,23375,0,0,0,0,0	47	64580
174231	101	218	212	60	70	22	17	7	2672	484	652	453	71	1	14	1534	161	539	99,0,0,0,0,0	26359	789	53	49493	1553	0	81709,81244,79475,39356,39356,39356,39356	0	3	26600,23425,0,0,0,0,0	43	65153
174367	95	199	211	59	59	23	17	8	2569	485	654	466	140	0	25	1362	159	504	99,0,0,0,0,0	26273	1082	60	49547	1559	0	82120,81673,79891,39401,39401,39401,39401	0	1	26600,23483,0,0,0,0,0	43	65939
174486	93	192	188	63	44	21	15	8	2491	487	658	448	249	1	28	1571	169	447	99,0,0,0,0,0	14990	1027	50	49595	1562	0	82522,82091,80300,39451,39451,39451,39451	0	4	26600,23534,0,0,0,0,0	41	66703
174599	93	179	173	57	48	21	14	7	2408	489	658	463	252	1	11	1642	154	431	99,0,0,0,0,0	15213	1060	47	49637	1567	0	82934,82518,80718,39503,39503,39503,39503	0	3	26600,23577,0,0,0,0,0	35	67495
174734	91	171	162	59	53	22	14	6	2286	489	659	502	254	0	16	1637	154	418	99,0,0,0,0,0	15229	1004	51	49685	1570	0	83340,82940,81130,39544,39544,39544,39544	0	3	26600,23627,0,0,0,0,0	39	68229
174849	76	177	156	53	53	18	12	6	2195	490	661	509	322	0	23	1737	165	380	99,0,0,0,0,0	15366	1062	46	49729	1572	0	83761,83375,81556,39602,39602,39602,39602	0	2	26601,23671,0,0,0,0,0	33	69007
174991	76	146	167	50	57	15	9	4	2077	493	661	489	247	0	12	1741	171	349	99,0,0,0,0,0	15427	1071	34	49760	1575	0	84148,83778,81949,39631,39631,39631,39631	0	1	26601,23703,0,0,0,0,0	25	69762
175141	58	133	155	44	50	15	8	5	1982	494	661	505	259	0	8	1636	141	322	99,0,0,0,0,0	20947	1055	16	49776	1575	0	84512,84156,82319,39649,39649,39649,39649	0	1	26601,23719,0,0,0,0,0	21	70544
175250	47	118	151	41	50	13	7	4	1907	495	663	537	263	0	11	1531	131	296	99,0,0,0,0,0	21082	348	26	49799	1578	0	85071,84726,82885,39780,39780,39780,39780	0	0	26601,23744,0,0,0,0,0	22	70813
175349	45	114	138	43	42	11	5	4	1830	496	669	513	292	1	15	1241	128	270	99,0,0,0,0,0	12376	342	31	49827	1581	0	85644,85314,83467,39919,39919,39919,39919	0	2	26601,23774,0,0,0,0,0	16	71047
175451	50	101	132	45	41	9	3	4	1737	498	675	527	86	0	7	1273	119	262	99,0,0,0,0,0	11954	349	30	49853	1587	0	86196,85880,84027,40045,40045,40045,40045	0	2	26601,23805,0,0,0,0,0	12	71297
175563	49	96	134	37	38	8	5	4	1636	498	678	522	312	1	14	1176	112	255	99,0,0,0,0,0	12068	339	27	49877	1590	0	86739,86436,84579,40165,40165,40165,40165	0	2	26601,23829,0,0,0,0,0	13	71539
175661	44	97	125	33	40	7	5	3	1550	498	683	528	90	1	8	875	103	248	99,0,0,0,0,0	11848	339	31	49906	1592	0	87298,87009,85146,40292,40292,40292,40292	0	0	26601,23859,0,0,0,0,0	12	71784
175772	42	85	117	35	38	7	5	3	1456	498	688	537	236	1	7	875	99	230	100,0,0,0,0,0	11549	364	22	49924	1596	0	87841,87565,85696,40403,40403,40403,40403	0	0	26601,23880,0,0,0,0,0	13	72053
175867	39	76	108	27	33	6	6	3	1390	498	693	582	255	0	9	671	91	204	100,0,0,0,0,0	20276	347	17	49940	1597	0	88381,88116,86244,40525,40525,40525,40525	0	0	26601,23896,0,0,0,0,0	14	72310
175984	29	72	100	23	28	5	6	3	1303	498	695	578	100	0	5	797	71	192	100,0,0,0,0,0	20099	299	13	49953	1597	0	88539,88287,86405,40415,40415,40415,40415	0	0	26601,23909,0,0,0,0,0	16	72515
176072	23	68	101	18	25	4	5	2	1233	498	697	559	88	0	9	826	70	174	100,0,0,0,0,0	11493	356	17	49970	1597	0	88696,88453,86565,40316,40316,40316,40316	0	1	26601,23926,0,0,0,0,0	12	72774
176145	20	74	77	19	22	4	5	2	1179	498	701	579	87	0	5	823	63	158	100,0,0,0,0,0	11535	324	21	49989	1599	0	88862,88628,86734,40224,40224,40224,40224	0	0	26601,23947,0,0,0,0,0	10	73001
176225	15	69	72	17	22	4	5	1	1110	498	708	553	86	0	3	827	59	145	100,0,0,0,0,0	11468	328	12	50001	1599	0	89011,88786,86887,40123,40123,40123,40123	0	0	26601,23959,0,0,0,0,0	8	73232
176299	15	61	77	14	19	4	6	2	1039	498	712	540	269	0	4	719	50	146	100,0,0,0,0,0	11606	313	14	50012	1602	0	89157,88940,87036,40025,40025,40025,40025	0	1	26601,23972,0,0,0,0,0	8	73458
176351	22	59	71	17	15	4	6	2	987	498	714	563	256	0	7	657	48	146	100,0,0,0,0,0	11582	338	26	50036	1604	0	89335,89125,87218,39952,39952,39952,39952	0	1	26601,23997,0,0,0,0,0	12	73685
176419	21	59	58	14	12	4	5	2	938	499	715	571	247	2	3	602	35	138	100,0,0,0,0,0	20010	349	12	50048	1605	0	89497,89295,87385,39869,39869,39869,39869	0	0	26601,24010,0,0,0,0,0	12	73924
176471	23	53	60	12	12	4	4	2	884	500	721	580	242	0	2	540	36	132	100,0,0,0,0,0	20102	163	13	50058	1608	0	89704,89508,87596,39819,39819,39819,39819	0	0	26601,24021,0,0,0,0,0	10	74039
176521	27	42	61	15	10	4	4	2	838	500	722	581	101	0	4	590	33	130	100,0,0,0,0,0	11435	145	15	50071	1610	0	89932,89743,87830,39782,39782,39782,39782	0	1	26601,24035,0,0,0,0,0	9	74133
176581	27	43	50	12	11	3	4	2	786	500	727	611	98	3	2	312	25	125	100,0,0,0,0,0	11240	176	9	50080	1610	0	90149,89965,88052,39728,39728,39728,39728	0	2	26601,24044,0,0,0,0,0	9	74258
176640	22	40	44	9	12	2	3	2	743	501	728	589	5328	4	4	373	24	108	100,0,0,0,0,0	11282	157	8	50087	1611	0	90359,90182,88268,39680,39680,39680,39680	0	0	26601,24051,0,0,0,0,0	7	74381
176682	20	42	46	10	13	3	3	1	693	501	732	619	2748	2	4	406	35	102	100,0,0,0,0,0	11215	158	15	50099	1614	0	90577,90405,88491,39633,39633,39633,39633	0	0	26601,24063,0,0,0,0,0	7	74498
176713	15	46	40	12	14	3	4	1	661	501	736	604	1440	0	2	391	36	98	100,0,0,0,0,0	11109	166	11	50110	1614	0	90794,90627,88713,39589,39589,39589,39589	0	0	26601,24074,0,0,0,0,0	8	74617
176755	20	42	44	11	13	2	4	1	613	501	740	613	778	1	6	367	39	97	100,0,0,0,0,0	19797	146	14	50124	1614	0	91009,90849,88934,39549,39549,39549,39549	0	1	26601,24088,0,0,0,0,0	7	74727
176790	16	45	37	9	12	2	3	0	586	503	743	615	655	0	3	378	31	93	100,0,0,0,0,0	20029	151	15	50138	1615	0	91254,91099,89186,39535,39535,39535,39535	0	0	26601,24103,0,0,0,0,0	3	74839
176823	18	48	32	8	15	2	3	0	548	503	746	622	2781	0	5	386	32	94	100,0,0,0,0,0	21986	165	13	50152	1615	0	91482,91332,89421,39502,39502,39502,39502	0	0	26601,24117,0,0,0,0,0	5	74955
176858	19	39	33	5	12	2	3	0	522	503	750	609	2714	0	3	418	26	87	100,0,0,0,0,0	22059	162	6	50158	1615	0	91724,91578,89669,39475,39475,39475,39475	0	1	26601,24123,0,0,0,0,0	5	75063
176887	14	40	34	5	13	2	2	0	490	504	755	616	2052	0	2	370	28	82	100,0,0,0,0,0	21818	159	8	50166	1615	0	91947,91803,89898,39442,39442,39442,39442	0	0	26601,24131,0,0,0,0,0	4	75168
176923	15	33	30	6	13	2	2	0	460	504	758	643	1538	0	4	334	28	73	100,0,0,0,0,0	21919	184	7	50173	1615	0	92185,92046,90143,39417,39417,39417,39417	0	0	26601,24138,0,0,0,0,0	4	75309
176958	12	30	33	7	11	2	2	0	427	504	760	644	973	0	2	338	24	73	100,0,0,0,0,0	22096	164	5	50178	1615	0	92417,92283,90383,39397,39397,39397,39397	0	0	26601,24143,0,0,0,0,0	4	75424
176975	10	29	25	6	12	2	2	0	412	504	769	608	1822	1	0	179	21	65	100,0,0,0,0,0	19917	172	8	50185	1616	0	92655,92525,90628,39384,39384,39384,39384	0	0	26601,24150,0,0,0,0,0	4	75539
177006	8	26	26	7	7	4	2	0	382	504	774	612	2336	0	0	159	18	62	100,0,0,0,0,0	19746	177	7	50192	1616	0	92685,92558,90660,39228,39228,39228,39228	0	0	26601,24157,0,0,0,0,0	4	75660
177032	8	24	28	6	5	4	1	1	356	504	777	625	2277	0	4	161	16	60	100,0,0,0,0,0	21810	166	5	50197	1616	0	92706,92581,90683,39071,39071,39071,39071	0	0	26601,24162,0,0,0,0,0	5	75782
177058	10	22	23	7	6	5	1	1	330	504	779	617	1753	0	2	150	18	56	100,0,0,0,0,0	21854	166	5	50201	1617	0	92723,92601,90703,38908,38908,38908,38908	0	1	26601,24167,0,0,0,0,0	6	75904
177079	9	21	23	7	6	4	1	1	308	504	783	635	1368	0	2	98	18	53	100,0,0,0,0,0	21620	174	5	50206	1617	0	92742,92623,90724,38750,38750,38750,38750	0	1	26601,24172,0,0,0,0,0	6	76016
177096	6	23	20	7	8	4	1	1	291	504	785	642	1609	0	1	60	14	55	100,0,0,0,0,0	21666	155	7	50213	1617	0	92775,92658,90759,38600,38600,38600,38600	0	1	26601,24179,0,0,0,0,0	5	76114
177113	4	24	21	4	7	3	1	0	278	504	787	643	1913	0	2	54	15	49	100,0,0,0,0,0	21849	172	4	50215	1619	0	92803,92688,90789,38446,38446,38446,38446	0	0	26601,24182,0,0,0,0,0	4	76239
177133	1	21	18	2	5	3	1	0	269	504	789	637	2185	2	1	54	10	41	100,0,0,0,0,0	19723	168	2	50217	1619	0	92828,92716,90817,38293,38293,38293,38293	0	0	26601,24184,0,0,0,0,0	4	76347
177153	2	21	19	2	4	3	1	0	247	504	790	665	1949	0	1	49	10	42	100,0,0,0,0,0	19837	95	3	50220	1619	0	92838,92728,90829,38135,38135,38135,38135	0	0	26601,24187,0,0,0,0,0	4	76409
177165	2	18	19	3	4	3	1	0	235	504	792	683	1627	1	0	68	9	41	100,0,0,0,0,0	21458	107	4	50223	1620	0	92865,92758,90859,37986,37986,37986,37986	0	0	26601,24190,0,0,0,0,0	4	76481
177179	4	17	15	2	4	2	1	0	221	504	797	703	1616	1	2	73	8	37	100,0,0,0,0,0	21624	99	4	50227	1620	0	92882,92777,90878,37829,37829,37829,37829	0	0	26601,24194,0,0,0,0,0	3	76548
177180	7	19	15	1	3	2	1	0	213	504	801	691	1795	0	0	89	6	42	100,0,0,0,0,0	21982	107	8	50235	1620	0	92901,92797,90899,37681,37681,37681,37681	0	0	26601,24202,0,0,0,0,0	3	76621
177183	8	14	16	2	2	2	1	0	207	504	807	678	1961	0	1	80	4	41	100,0,0,0,0,0	21807	112	2	50237	1620	0	92909,92806,90909,37523,37523,37523,37523	0	0	26601,24204,0,0,0,0,0	3	76696
177196	4	14	14	2	1	2	1	0	198	504	810	688	1996	0	1	76	3	35	100,0,0,0,0,0	21649	101	1	50238	1620	0	92927,92826,90931,37369,37369,37369,37369	0	0	26601,24205,0,0,0,0,0	2	76772
177202	6	13	15	2	1	2	0	1	185	504	815	670	1804	0	2	76	5	34	100,0,0,0,0,0	19841	104	6	50244	1620	0	92947,92848,90954,37224,37224,37224,37224	0	0	26601,24211,0,0,0,0,0	2	76836
177210	5	13	11	3	2	2	0	1	176	504	819	665	1750	0	1	76	6	30	100,0,0,0,0,0	19639	101	3	50247	1620	0	92895,92797,90903,37032,37032,37032,37032	0	0	26601,24214,0,0,0,0,0	2	76895
177220	4	11	13	3	2	2	0	1	163	504	823	670	1708	0	0	74	5	30	100,0,0,0,0,0	21814	94	0	50247	1620	0	92839,92742,90847,36833,36833,36833,36833	0	0	26601,24214,0,0,0,0,0	2	76960
177221	2	13	13	3	1	2	0	1	159	504	827	677	1878	0	0	48	2	32	100,0,0,0,0,0	21806	78	3	50250	1620	0	92791,92695,90801,36639,36639,36639,36639	0	0	26601,24217,0,0,0,0,0	2	77007
177221	5	14	12	2	2	2	0	1	151	504	832	700	1854	0	0	21	2	35	100,0,0,0,0,0	21652	76	6	50256	1620	0	92747,92652,90758,36449,36449,36449,36449	0	0	26601,24223,0,0,0,0,0	2	77058
177224	4	13	13	2	3	1	0	1	147	504	834	675	2069	0	2	24	4	32	100,0,0,0,0,0	21663	87	2	50258	1620	0	92700,92605,90712,36254,36254,36254,36254	0	0	26601,24225,0,0,0,0,0	2	77118
177232	2	11	13	2	2	1	0	1	139	504	839	674	1798	0	2	26	6	25	100,0,0,0,0,0	21855	96	1	50259	1620	0	92652,92558,90665,36058,36058,36058,36058	0	1	26601,24226,0,0,0,0,0	2	77175
177241	2	10	14	2	3	1	0	1	128	504	840	675	1770	0	0	23	6	26	100,0,0,0,0,0	19511	98	3	50262	1620	0	92597,92504,90611,35858,35858,35858,35858	0	1	26601,24229,0,0,0,0,0	3	77232
177244	1	12	11	1	2	1	0	0	125	504	845	651	1807	1	2	29	6	22	100,0,0,0,0,0	19563	66	1	50263	1620	0	92544,92451,90558,35667,35667,35667,35667	0	0	26601,24230,0,0,0,0,0	2	77273
177245	1	8	14	2	2	1	0	0	120	504	849	653	1860	0	0	28	7	21	100,0,0,0,0,0	21742	79	1	50264	1620	0	92492,92399,90507,35476,35476,35476,35476	0	0	26601,24231,0,0,0,0,0	2	77327
177248	1	4	12	1	4	1	0	0	116	504	855	649	1915	0	0	21	5	18	100,0,0,0,0,0	21795	80	2	50266	1620	0	92429,92338,90446,35280,35280,35280,35280	0	1	26601,24233,0,0,0,0,0	3	77379
177255	2	4	10	1	4	1	0	0	107	504	858	651	1942	0	3	27	8	14	100,0,0,0,0,0	21488	77	1	50267	1620	0	92369,92278,90386,35084,35084,35084,35084	0	0	26601,24234,0,0,0,0,0	3	77431
177260	2	5	9	0	4	1	0	0	101	504	860	616	1719	1	1	32	9	12	100,0,0,0,0,0	21653	69	1	50268	1620	0	92322,92232,90341,34892,34892,34892,34892	0	0	26601,24235,0,0,0,0,0	3	77474
177268	1	5	6	0	4	1	0	0	93	504	864	629	1779	0	0	33	8	9	100,0,0,0,0,0	21645	69	1	50269	1620	0	92264,92175,90284,34693,34693,34693,34693	0	0	26601,24236,0,0,0,0,0	2	77519
177280	0	5	5	0	2	1	0	0	84	504	865	653	1844	0	0	34	5	8	100,0,0,0,0,0	19454	88	0	50269	1620	0	92206,92118,90227,34498,34498,34498,34498	0	0	26601,24236,0,0,0,0,0	2	77577
177285	1	5	5	0	0	0	0	0	77	504	869	636	1870	1	0	33	3	8	100,0,0,0,0,0	19549	82	1	50270	1620	0	92149,92062,90171,34313,34313,34313,34313	0	0	26601,24237,0,0,0,0,0	2	77633
177290	1	2	5	1	1	0	0	0	69	504	873	641	1801	0	0	21	4	6	100,0,0,0,0,0	21561	79	1	50271	1620	0	92093,92007,90117,34124,34124,34124,34124	0	0	26601,24238,0,0,0,0,0	2	77683
177288	0	4	5	1	1	0	0	0	67	504	876	644	1799	0	0	21	5	6	100,0,0,0,0,0	21702	69	1	50272	1620	0	92036,91949,90060,33938,33938,33938,33938	0	0	26601,24239,0,0,0,0,0	2	77731
177292	0	4	4	1	0	0	0	0	60	504	881	654	1819	0	0	18	4	5	100,0,0,0,0,0	21682	79	0	50272	1620	0	91976,91890,90002,33755,33755,33755,33755	0	0	26601,24239,0,0,0,0,0	2	77780
177293	0	3	4	1	0	0	0	0	58	504	883	656	1765	0	0	15	4	4	100,0,0,0,0,0	21592	75	0	50272	1620	0	91909,91823,89936,33567,33567,33567,33567	0	0	26601,24239,0,0,0,0,0	2	77836
177292	0	3	4	1	0	0	0	0	56	504	886	638	1795	0	0	15	4	4	100,0,0,0,0,0	21731	78	1	50273	1620	0	91851,91765,89879,33381,33381,33381,33381	0	0	26601,24240,0,0,0,0,0	2	77887
177291	1	3	2	1	0	0	0	0	55	504	889	614	1861	0	0	8	0	7	100,0,0,0,0,0	19433	80	1	50274	1620	0	91794,91708,89824,33202,33202,33202,33202	0	0	26601,24241,0,0,0,0,0	2	77941
177290	1	2	2	1	0	0	0	0	53	504	893	610	1739	0	0	5	0	6	100,0,0,0,0,0	19371	88	0	50274	1620	0	91717,91632,89748,33020,33020,33020,33020	0	0	26601,24241,0,0,0,0,0	1	77993
177286	1	2	1	1	0	0	0	0	53	504	898	608	1841	0	0	10	0	5	100,0,0,0,0,0	21693	62	0	50274	1620	0	91640,91555,89672,32834,32834,32834,32834	0	0	26601,24241,0,0,0,0,0	0	78023
177286	1	2	2	1	0	0	0	0	50	504	900	627	1814	0	0	10	0	6	100,0,0,0,0,0	21873	77	1	50275	1620	0	91558,91473,89590,32646,32646,32646,32646	0	0	26601,24242,0,0,0,0,0	0	78074
177285	0	3	2	1	0	0	0	0	46	504	905	608	1824	0	0	9	0	6	100,0,0,0,0,0	21602	74	0	50275	1620	0	91483,91397,89515,32462,32462,32462,32462	0	0	26601,24242,0,0,0,0,0	0	78113
177284	0	3	1	1	0	0	0	0	46	504	907	618	1852	0	0	10	0	5	100,0,0,0,0,0	21636	86	0	50275	1620	0	91407,91321,89441,32279,32279,32279,32279	0	0	26601,24242,0,0,0,0,0	0	78157
177283	0	1	3	0	0	0	0	0	44	504	911	609	1759	0	0	12	0	4	100,0,0,0,0,0	21827	73	0	50275	1620	0	91329,91244,89363,32091,32091,32091,32091	0	0	26601,24242,0,0,0,0,0	0	78201
177283	1	1	3	0	0	0	0	0	40	504	914	594	1826	0	0	9	0	5	100,0,0,0,0,0	19538	68	1	50276	1620	0	91252,91167,89287,31910,31910,31910,31910	0	0	26601,24243,0,0,0,0,0	0	78249
177284	1	1	3	0	0	0	0	0	38	504	915	641	1803	0	0	9	0	5	100,0,0,0,0,0	19479	60	0	50276	1620	0	91172,91086,89208,31741,31741,31741,31741	0	0	26601,24243,0,0,0,0,0	0	78289
177283	1	2	2	0	0	0	0	0	36	504	918	599	1841	0	0	9	0	5	100,0,0,0,0,0	21770	67	1	50277	1620	0	91085,90999,89121,31561,31561,31561,31561	0	0	26601,24244,0,0,0,0,0	0	78326
177282	1	1	3	0	0	0	0	0	34	504	921	616	1823	0	0	9	0	5	100,0,0,0,0,0	21569	212	0	50277	1620	146	90996,90910,89033,31384,31384,31384,31384	0	0	26601,24244,0,0,0,0,0	0	78372
177281	2	2	2	0	0	0	0	0	31	504	924	612	1805	0	0	7	0	6	100,0,0,0,0,0	21693	199	2	50278	1621	286	90941,90855,88978,31277,31277,31277,31277	0	1	26601,24245,0,0,0,0,0	0	78406
177279	3	1	3	0	0	0	0	0	30	504	926	618	1796	1	0	0	0	7	100,0,0,0,0,0	21639	190	1	50279	1621	421	90888,90803,88927,31171,31171,31171,31171	0	0	26601,24246,0,0,0,0,0	0	78439
177279	2	2	2	0	0	0	0	0	29	504	928	614	1777	0	0	3	1	5	100,0,0,0,0,0	21807	163	0	50279	1621	531	90834,90748,88874,31062,31062,31062,31062	0	0	26601,24246,0,0,0,0,0	0	78473
177280	3	1	2	0	0	0	0	0	26	504	930	646	1862	0	0	3	1	5	100,0,0,0,0,0	19604	190	1	50280	1621	654	90778,90691,88819,30947,30947,30947,30947	0	0	26601,24247,0,0,0,0,0	0	78515
177275	3	1	2	0	0	0	0	0	23	504	938	634	1845	0	0	3	1	5	100,0,0,0,0,0	19581	208	0	50280	1621	785	90720,90634,88762,30852,30852,30852,30852	0	0	26601,24247,0,0,0,0,0	0	78555
177269	2	3	1	0	0	0	0	0	22	504	945	627	1774	0	0	3	0	6	100,0,0,0,0,0	21560	197	1	50281	1621	908	90662,90577,88705,30751,30751,30751,30751	0	0	26601,24248,0,0,0,0,0	0	78595
177264	1	4	0	0	0	0	0	0	22	504	951	614	1839	0	0	3	0	5	100,0,0,0,0,0	21835	253	0	50281	1621	1094	90605,90519,88649,30649,30649,30649,30649	0	0	26601,24248,0,0,0,0,0	0	78634
177263	2	5	0	0	0	0	0	0	20	504	952	619	1753	0	0	4	0	7	100,0,0,0,0,0	21578	282	2	50282	1622	1283	90554,90469,88599,30566,30566,30566,30566	0	0	26601,24250,0,0,0,0,0	0	78684
177264	1	5	0	1	0	0	0	0	17	504	954	613	1817	0	0	4	0	7	100,0,0,0,0,0	21609	274	0	50282	1622	1489	90502,90416,88548,30484,30484,30484,30484	0	0	26601,24250,0,0,0,0,0	0	78726
177264	1	3	1	1	0	0	0	0	16	504	956	610	1836	0	0	4	0	6	100,0,0,0,0,0	21638	269	0	50282	1622	1683	90458,90373,88505,30418,30418,30418,30418	0	0	26601,24250,0,0,0,0,0	0	78775
177257	1	3	1	1	0	0	0	0	17	504	962	632	1824	0	0	4	0	6	100,0,0,0,0,0	19763	239	1	50283	1622	1855	90422,90337,88471,30361,30361,30361,30361	0	0	26601,24251,0,0,0,0,0	0	78817
177256	1	2	1	1	0	0	0	0	16	504	965	649	1873	0	1	7	1	4	100,0,0,0,0,0	19521	242	0	50283	1622	2038	90379,90294,88428,30298,30298,30298,30298	0	0	26601,24251,0,0,0,0,0	0	78855
177256	1	1	2	1	0	0	0	0	13	504	968	627	1771	0	0	3	1	4	100,0,0,0,0,0	21522	276	0	50283	1622	2239	90335,90250,88385,30236,30236,30236,30236	0	0	26601,24251,0,0,0,0,0	0	78904
177253	0	2	2	1	0	0	0	0	11	504	973	627	1797	0	0	3	1	4	100,0,0,0,0,0	21559	216	1	50284	1622	2384	90289,90204,88340,30176,30176,30176,30176	0	0	26601,24252,0,0,0,0,0	0	78943
177248	1	2	2	1	0	0	0	0	11	504	977	629	1841	0	0	3	1	5	100,0,0,0,0,0	21690	233	1	50285	1622	2561	90238,90153,88290,30097,30097,30097,30097	0	0	26601,24253,0,0,0,0,0	0	78979
177246	1	2	2	1	0	0	0	0	9	504	981	593	1797	0	0	3	1	5	100,0,0,0,0,0	21761	223	0	50285	1622	2723	90190,90106,88244,30026,30026,30026,30026	0	0	26601,24253,0,0,0,0,0	0	79015
177244	0	2	1	0	0	0	0	0	11	504	984	617	1774	0	0	3	0	3	100,0,0,0,0,0	21413	234	0	50285	1622	2888	90138,90053,88193,29942,29942,29942,29942	0	0	26601,24253,0,0,0,0,0	0	79052
177240	0	2	1	0	0	0	0	0	10	504	989	599	1755	0	0	4	0	3	100,0,0,0,0,0	19560	202	0	50285	1622	3035	90092,90006,88147,29874,29874,29874,29874	0	0	26601,24253,0,0,0,0,0	0	79083
177240	0	2	1	0	0	0	0	0	8	504	991	606	1816	0	0	4	0	3	100,0,0,0,0,0	19417	223	0	50285	1622	3186	90040,89954,88096,29813,29813,29813,29813	0	0	26601,24253,0,0,0,0,0	0	79125
177240	0	2	1	0	0	0	0	0	7	504	992	608	1899	0	0	4	0	3	100,0,0,0,0,0	21766	234	0	50285	1622	3339	89982,89897,88040,29746,29746,29746,29746	0	0	26601,24253,0,0,0,0,0	0	79174
177237	0	1	1	0	0	0	0	0	8	504	995	620	1772	0	0	4	0	2	100,0,0,0,0,0	21439	345	0	50285	1622	3591	89928,89842,87986,29681,29681,29681,29681	0	0	26601,24253,0,0,0,0,0	0	79243
177232	0	0	2	0	0	0	0	0	8	504	1000	623	1797	0	0	0	0	2	100,0,0,0,0,0	21682	374	0	50285	1622	3862	89893,89807,87953,29663,29663,29663,29663	0	0	26601,24253,0,0,0,0,0	0	79301
177225	0	0	2	0	0	0	0	0	7	504	1008	651	1812	0	0	0	0	2	100,0,0,0,0,0	21872	348	0	50285	1622	4128	89873,89786,87934,29670,29670,29670,29670	0	0	26601,24253,0,0,0,0,0	0	79345
177221	0	0	2	0	0	0	0	0	7	504	1012	667	1841	0	0	0	0	2	100,0,0,0,0,0	21664	298	0	50285	1622	4366	89843,89756,87905,29659,29659,29659,29659	0	0	26601,24253,0,0,0,0,0	0	79384
177191	16	12	0	0	0	0	0	0	8	504	1015	660	1805	0	0	0	0	28	0,100,0,0,0,0	19682	331	0	50309	1626	4612	89825,89738,87888,29663,29663,29663,29663	0	0	26601,24253,28,0,0,0,0	0	79423
177158	33	22	2	0	0	0	0	0	8	504	1019	638	1794	0	0	0	0	57	0,100,0,0,0,0	19750	490	2	50331	1633	4914	89810,89725,87876,29690,29690,29690,29690	0	0	26601,24253,57,0,0,0,0	0	79528
177135	38	27	5	2	4	0	0	0	9	504	1022	644	1822	0	0	0	0	76	0,100,0,0,0,0	21502	458	0	50348	1636	5188	89812,89725,87878,29743,29743,29743,29743	0	0	26601,24253,77,0,0,0,0	0	79638
177098	43	51	11	1	4	0	0	0	10	504	1024	659	1991	1	4	5	3	107	0,100,0,0,0,0	10198	491	6	50382	1638	5486	89827,89741,87895,29795,29795,29795,29795	0	0	26601,24253,113,0,0,0,0	0	79755
177056	50	71	18	3	4	0	0	0	14	504	1026	652	1756	2	1	10	5	141	0,100,0,0,0,0	10206	519	13	50415	1645	5812	89841,89755,87910,29857,29857,29857,29857	0	0	26601,24253,153,0,0,0,0	0	79866
177001	66	86	33	3	9	0	0	0	15	504	1029	668	1981	1	1	17	9	188	0,100,0,0,0,0	9950	515	26	50462	1651	6121	89869,89783,87939,29948,29948,29948,29948	0	0	26601,24253,206,0,0,0,0	0	79985
176978	58	97	38	4	10	0	0	0	22	504	1035	668	1829	2	1	20	10	197	0,100,0,0,0,0	10148	484	18	50476	1655	6422	89858,89772,87930,29987,29987,29987,29987	0	0	26601,24253,224,0,0,0,0	2	80091
176950	50	98	48	10	15	0	0	0	30	504	1041	673	2014	3	6	34	18	203	0,100,0,0,0,0	19598	483	22	50496	1657	6731	89863,89776,87936,30037,30037,30037,30037	0	0	26601,24253,246,0,0,0,0	3	80197
176921	46	96	58	17	13	0	0	0	45	504	1046	690	1815	1	4	53	27	203	0,100,0,0,0,0	19631	377	27	50519	1661	7027	89900,89813,87975,30130,30130,30130,30130	0	2	26601,24253,273,0,0,0,0	3	80228
176884	55	104	61	20	12	0	0	0	59	504	1047	691	1793	1	5	86	33	219	0,100,0,0,0,0	10259	393	41	50555	1666	7325	89939,89852,88016,30219,30219,30219,30219	0	1	26601,24253,314,0,0,0,0	2	80268
176842	56	109	73	18	12	1	0	0	77	504	1054	681	1799	1	8	177	44	225	0,100,0,0,0,0	10218	398	38	50591	1669	7638	89978,89892,88058,30308,30308,30308,30308	0	0	26601,24253,353,0,0,0,0	1	80302
176811	43	117	85	20	12	1	0	0	92	504	1061	702	2010	1	8	207	46	232	0,100,0,0,0,0	10374	371	29	50617	1672	7918	90026,89939,88108,30405,30405,30405,30405	0	1	26601,24253,382,0,0,0,0	3	80343
176771	52	110	93	20	11	2	0	0	117	504	1066	692	1986	2	7	257	52	236	0,100,0,0,0,0	10495	386	44	50657	1676	8202	90075,89988,88158,30487,30487,30487,30487	0	2	26601,24253,426,0,0,0,0	3	80393
176729	63	107	99	19	15	2	0	0	137	504	1071	685	1795	3	4	269	51	254	0,100,0,0,0,0	10547	389	46	50695	1684	8493	90116,90028,88201,30569,30569,30569,30569	0	4	26601,24253,472,0,0,0,0	5	80429
176701	62	112	85	22	22	2	0	0	164	504	1072	704	1792	3	4	279	54	251	0,100,0,0,0,0	19682	345	32	50727	1686	8745	90153,90065,88241,30648,30648,30648,30648	0	1	26601,24253,506,0,0,0,0	6	80477
176668	54	122	92	23	22	1	0	0	181	504	1079	722	1927	1	6	319	54	260	0,100,0,0,0,0	19995	322	37	50761	1689	9007	90149,90061,88238,30704,30704,30704,30704	0	2	26601,24253,543,0,0,0,0	4	80491
176625	65	115	104	22	21	1	0	0	207	504	1082	713	1936	2	8	419	58	270	0,100,0,0,0,0	10673	313	43	50792	1701	9265	90166,90077,88256,30773,30773,30773,30773	0	2	26601,24253,585,0,0,0,0	6	80520
176582	65	117	104	26	26	1	0	0	232	504	1089	749	1801	1	6	508	57	282	0,100,0,0,0,0	10712	323	46	50832	1707	9531	90179,90090,88272,30844,30844,30844,30844	0	1	26601,24253,631,0,0,0,0	5	80543
176559	64	125	118	24	23	2	0	0	237	504	1090	736	2050	3	11	495	63	293	0,100,0,0,0,0	10680	323	43	50869	1713	9800	90187,90098,88283,30899,30899,30899,30899	0	1	26601,24253,674,0,0,0,0	6	80567
176516	68	135	112	28	20	1	1	0	267	504	1094	723	1995	1	6	557	66	299	0,100,0,0,0,0	10787	276	52	50914	1720	10036	90209,90119,88307,30975,30975,30975,30975	0	1	26601,24253,726,0,0,0,0	4	80575
176447	92	154	102	28	21	1	1	0	296	504	1100	755	1865	2	4	508	63	336	0,100,0,0,0,0	10728	335	74	50984	1724	10317	90241,90150,88341,31054,31054,31054,31054	0	3	26601,24253,799,0,0,0,0	5	80587
176413	83	169	107	25	22	1	1	0	316	504	1105	733	1833	0	7	531	60	348	0,100,0,0,0,0	20121	274	47	51029	1728	10552	90262,90171,88364,31134,31134,31134,31134	0	2	26601,24253,848,0,0,0,0	8	80591
176390	69	177	119	19	20	1	1	0	340	504	1106	756	1878	1	7	539	57	349	0,100,0,0,0,0	20201	311	44	51063	1738	10816	90259,90168,88365,31193,31193,31193,31193	0	3	26601,24253,892,0,0,0,0	9	80601
176327	87	164	134	26	24	1	1	0	360	504	1118	747	1831	3	6	573	62	375	0,100,0,0,0,0	10817	309	73	51132	1743	11080	90296,90205,88405,31306,31306,31306,31306	0	2	26601,24253,965,0,0,0,0	8	80597
176284	90	166	147	32	23	2	0	0	375	505	1122	766	1867	4	4	563	66	394	0,100,0,0,0,0	10788	310	61	51182	1754	11338	90324,90232,88436,31393,31393,31393,31393	0	4	26601,24253,1026,0,0,0,0	7	80611
176235	97	168	146	28	28	5	0	0	410	505	1124	764	2005	4	19	612	81	391	0,100,0,0,0,0	10939	321	64	51236	1764	11607	90352,90260,88467,31487,31487,31487,31487	0	2	26601,24253,1090,0,0,0,0	8	80628
176173	108	186	158	30	23	6	0	0	430	505	1127	785	1990	3	14	762	93	418	0,100,0,0,0,0	10755	274	77	51304	1773	11840	90378,90286,88497,31590,31590,31590,31590	0	4	26601,24253,1166,0,0,0,0	10	80619
176124	126	188	173	31	25	5	0	0	439	505	1130	775	1794	2	5	921	90	458	0,100,0,0,0,0	11183	301	81	51377	1781	12085	90408,90316,88530,31670,31670,31670,31670	0	0	26601,24253,1247,0,0,0,0	10	80640
176068	130	206	165	36	29	5	0	0	470	505	1132	784	2059	6	7	923	91	480	0,100,0,0,0,0	20209	289	79	51447	1790	12332	90431,90339,88557,31761,31761,31761,31761	0	5	26601,24253,1326,0,0,0,0	8	80629
176027	128	212	171	39	26	6	0	0	497	505	1135	745	2073	6	12	916	104	478	0,100,0,0,0,0	20307	297	67	51506	1798	12587	90480,90386,88610,31873,31873,31873,31873	0	5	26601,24253,1392,0,0,0,0	9	80625
175957	125	249	171	42	24	6	0	0	528	505	1139	755	1981	4	9	1114	113	504	0,100,0,0,0,0	11363	303	86	51581	1810	12839	90543,90449,88677,32010,32010,32010,32010	0	4	26601,24253,1479,0,0,0,0	11	80628
175868	144	263	179	39	34	6	1	0	561	505	1146	738	1802	4	8	1271	112	554	0,100,0,0,0,0	11566	302	111	51679	1823	13095	90635,90539,88773,32165,32165,32165,32165	0	5	26601,24253,1590,0,0,0,0	11	80621
175769	175	269	193	42	33	6	1	0	600	505	1153	731	1991	4	13	1356	124	595	0,100,0,0,0,0	11577	268	124	51790	1836	13313	90731,90634,88874,32332,32332,32332,32332	0	3	26601,24253,1712,0,0,0,0	12	80620
175669	188	308	209	37	37	6	1	0	630	505	1156	729	1876	9	13	1644	134	652	0,100,0,0,0,0	11912	282	129	51905	1851	13550	90814,90716,88962,32477,32477,32477,32477	0	9	26601,24253,1841,0,0,0,0	16	80593
175571	205	320	243	41	39	6	1	0	654	505	1161	723	1852	6	6	1712	136	719	0,100,0,0,0,0	11963	298	130	52020	1867	13793	90903,90805,89056,32636,32636,32636,32636	0	7	26601,24253,1972,0,0,0,0	15	80572
175479	207	348	267	40	39	5	1	0	689	505	1166	727	1802	4	15	1529	144	763	0,100,0,0,0,0	21021	260	121	52128	1881	14006	90976,90878,89135,32790,32790,32790,32790	0	9	26601,24253,2093,0,0,0,0	15	80541
175404	196	354	287	51	43	4	0	1	732	505	1169	731	1901	9	13	1552	144	791	0,100,0,0,0,0	21261	295	106	52221	1894	14260	91013,90914,89176,32909,32909,32909,32909	0	4	26601,24253,2199,0,0,0,0	13	80525
175272	193	401	289	54	56	3	0	1	796	505	1176	737	2075	10	25	1729	168	828	0,100,0,0,0,0	11780	278	151	52359	1909	14503	91101,91002,89268,33091,33091,33091,33091	0	4	26601,24253,2350,0,0,0,0	13	80490
175115	256	430	297	57	59	4	0	1	841	505	1181	707	1855	8	18	1810	183	920	0,100,0,0,0,0	11948	281	203	52540	1932	14745	91221,91122,89395,33302,33302,33302,33302	0	9	26601,24253,2553,0,0,0,0	11	80448
174967	288	441	332	52	65	7	1	1	902	505	1185	724	1855	9	18	1908	199	987	0,100,0,0,0,0	12136	271	185	52703	1954	14975	91334,91234,89512,33497,33497,33497,33497	0	4	26601,24253,2735,0,0,0,0	11	80410
174821	299	486	363	54	74	8	1	1	945	505	1189	736	1948	7	19	1774	208	1077	0,100,0,0,0,0	12176	265	194	52878	1974	15203	91453,91352,89637,33699,33699,33699,33699	0	13	26601,24253,2930,0,0,0,0	13	80364
174653	313	564	367	60	80	8	1	1	1002	505	1192	737	1818	7	25	1869	219	1174	0,100,0,0,0,0	12128	290	226	53080	1998	15455	91587,91486,89779,33920,33920,33920,33920	0	5	26601,24253,3156,0,0,0,0	12	80304
174521	319	595	383	74	82	8	4	1	1056	505	1198	717	1945	13	15	1724	223	1242	0,100,0,0,0,0	21233	309	196	53258	2016	15729	91708,91608,89908,34129,34129,34129,34129	0	9	26601,24253,3350,0,0,0,0	13	80248
174365	340	596	436	77	69	9	4	1	1141	505	1203	712	2031	14	23	1759	231	1300	0,100,0,0,0,0	21427	282	216	53450	2043	15973	91831,91731,90038,34366,34366,34366,34366	0	16	26601,24253,3567,0,0,0,0	20	80177
174179	343	648	463	90	66	11	5	1	1231	505	1204	708	1898	12	29	2364	260	1366	0,100,0,0,0,0	12482	297	244	53659	2079	16228	91966,91866,90180,34610,34610,34610,34610	1	9	26601,24253,3812,0,0,0,0	21	80122
173979	360	724	475	96	76	9	4	0	1308	506	1209	722	1847	12	27	2341	295	1449	0,100,0,0,0,0	12717	272	266	53900	2104	16466	92130,92030,90352,34887,34887,34887,34887	1	12	26601,24253,4077,0,0,0,0	17	80047
173710	399	799	523	102	88	7	4	0	1395	506	1213	724	2066	17	32	2570	314	1608	0,100,0,0,0,0	12691	286	325	54187	2144	16715	92330,92230,90559,35204,35204,35204,35204	1	14	26601,24253,4404,0,0,0,0	15	79962
173428	453	870	555	106	108	8	4	0	1491	506	1217	726	2017	11	31	2798	352	1752	0,100,0,0,0,0	13092	292	354	54495	2191	16973	92544,92444,90781,35549,35549,35549,35549	1	10	26601,24253,4757,0,0,0,0	21	79870
173136	489	940	612	122	111	9	4	0	1597	506	1220	746	2025	22	40	2944	380	1907	0,100,0,0,0,0	13124	306	376	54837	2227	17242	92792,92692,91038,35923,35923,35923,35923	1	13	26601,24253,5135,0,0,0,0	19	79758
172887	507	956	699	125	119	10	8	0	1700	506	1229	743	2011	7	47	3247	421	2003	0,100,0,0,0,0	22432	279	333	55136	2262	17480	92978,92877,91233,36252,36252,36252,36252	1	17	26601,24253,5468,0,0,0,0	25	79628
172673	487	983	774	139	134	9	9	0	1802	506	1230	740	2043	16	41	3573	434	2101	0,100,0,0,0,0	22723	323	315	55419	2297	17758	93154,93053,91419,36549,36549,36549,36549	1	17	26601,24253,5783,0,0,0,0	31	79523
172254	575	1084	808	147	136	11	9	1	1972	506	1243	724	1975	16	56	3998	468	2302	0,100,0,0,0,0	14397	279	492	55846	2365	17991	93475,93376,91752,37039,37039,37039,37039	1	22	26601,24253,6274,0,0,0,0	33	79378
171870	659	1198	831	152	142	12	7	3	2118	506	1248	697	2036	29	54	4484	548	2453	0,100,0,0,0,0	14655	326	500	56282	2431	18276	93782,93682,92071,37493,37493,37493,37493	1	23	26601,24253,6772,0,0,0,0	36	79224
171535	710	1263	873	156	155	15	5	2	2272	508	1252	715	2010	27	49	4543	527	2650	0,100,0,0,0,0	14866	317	471	56698	2489	18544	94077,93978,92380,37933,37933,37933,37933	1	18	26601,24253,7244,0,0,0,0	40	79068
171125	741	1364	958	158	157	15	3	3	2455	509	1258	703	2039	22	57	4852	551	2845	0,100,0,0,0,0	15228	328	511	57158	2542	18834	94421,94321,92734,38421,38421,38421,38421	2	22	26601,24253,7752,0,0,0,0	39	78925
170725	784	1436	1059	177	184	14	4	2	2591	509	1261	712	2031	20	59	5362	603	3055	0,100,0,0,0,0	15513	305	538	57640	2602	19101	94774,94673,93101,38922,38922,38922,38922	2	17	26601,24253,8291,0,0,0,0	35	78738
170335	783	1507	1160	206	201	13	4	2	2760	509	1266	710	2016	27	61	5359	628	3246	0,100,0,0,0,0	24446	316	543	58139	2649	19381	95114,95012,93455,39424,39424,39424,39424	2	32	26601,24253,8835,0,0,0,0	36	78513
169999	801	1565	1184	206	201	14	5	2	2987	510	1272	683	1993	23	66	5747	690	3286	0,100,0,0,0,0	24347	325	496	58584	2703	19649	95421,95320,93779,39882,39882,39882,39882	2	34	26601,24253,9330,0,0,0,0	33	78329
169633	840	1555	1244	225	226	14	7	2	3211	510	1279	690	1946	34	66	5570	686	3425	0,100,0,0,0,0	25876	300	535	59055	2769	19917	95732,95631,94106,40360,40360,40360,40360	2	24	26601,24253,9861,0,0,0,0	32	78095
169259	862	1611	1280	234	220	23	6	3	3455	511	1282	689	2010	29	87	5799	717	3519	0,100,0,0,0,0	25869	293	548	59548	2826	20171	96057,95955,94446,40844,40844,40844,40844	2	24	26601,24253,10410,0,0,0,0	31	77866
168911	854	1659	1349	241	248	26	6	3	3652	512	1285	670	2028	34	80	6012	776	3607	0,100,0,0,0,0	26041	316	550	60046	2883	20441	96396,96295,94804,41307,41307,41307,41307	2	23	26601,24253,10962,0,0,0,0	49	77650
168557	847	1673	1419	257	270	24	8	3	3885	512	1291	666	1965	33	95	6042	826	3672	0,100,0,0,0,0	26257	343	549	60535	2946	20737	96725,96625,95150,41791,41791,41791,41791	3	37	26601,24253,11509,0,0,0,0	51	77418
168248	840	1690	1487	268	279	27	10	3	4085	512	1297	671	2054	33	102	6679	894	3707	0,100,0,0,0,0	26545	321	548	61024	3009	21010	97048,96948,95495,42257,42257,42257,42257	3	28	26601,24253,12058,0,0,0,0	57	77180
167921	847	1726	1503	280	266	30	13	2	4345	512	1301	653	2012	28	91	7121	918	3747	0,100,0,0,0,0	26000	310	554	61505	3089	21279	97368,97270,95837,42721,42721,42721,42721	3	31	26601,24253,12612,0,0,0,0	65	76965
167565	874	1760	1516	282	278	29	13	3	4611	512	1303	646	1956	40	84	7047	918	3834	0,100,0,0,0,0	26014	282	594	62042	3155	21524	97726,97628,96216,43235,43235,43235,43235	3	35	26601,24253,13208,0,0,0,0	71	76694
167205	890	1836	1566	282	297	24	14	3	4809	513	1307	677	2068	35	99	6887	946	3963	0,100,0,0,0,0	27192	328	619	62591	3230	21810	98081,97983,96594,43730,43730,43730,43730	3	37	26601,24253,13828,0,0,0,0	66	76435
166810	938	1919	1577	295	308	25	12	4	5032	515	1311	662	1891	38	88	7140	943	4131	0,100,0,0,0,0	17315	524	686	63197	3313	22287	98500,98402,97040,44286,44286,44286,44286	3	29	26601,24253,14515,0,0,0,0	55	76181
166374	1043	1996	1607	272	310	32	15	4	5264	517	1312	675	2027	42	97	7630	965	4310	0,100,0,0,0,0	17985	477	732	63824	3421	22718	98984,98887,97552,44972,44972,44972,44972	3	22	26601,24253,15243,0,0,0,0	64	75889
165966	1075	2053	1685	304	335	31	16	4	5448	517	1312	642	1975	33	99	7741	977	4522	0,100,0,0,0,0	18065	526	718	64448	3520	23199	99464,99369,98059,45619,45619,45619,45619	4	35	26601,24253,15961,0,0,0,0	72	75638
165486	1137	2174	1679	321	355	31	17	3	5710	518	1315	637	1992	31	115	7466	1005	4709	0,100,0,0,0,0	17974	481	790	65135	3629	23640	100011,99917,98636,46361,46361,46361,46361	4	37	26601,24253,16753,0,0,0,0	79	75343
165058	1157	2186	1783	322	365	29	21	3	5986	519	1317	649	1937	45	113	7591	1037	4826	0,100,0,0,0,0	26460	501	738	65788	3720	24100	100496,100405,99150,47040,47040,47040,47040	4	34	26601,24253,17489,0,0,0,0	86	75021
164668	1161	2264	1836	336	370	29	24	3	6213	520	1322	668	1954	38	98	7051	1043	4977	0,100,0,0,0,0	26313	529	748	66433	3827	24562	100978,100888,99664,47709,47709,47709,47709	4	37	26601,24253,18231,0,0,0,0	94	74716
164143	1197	2379	1945	324	385	33	22	4	6466	522	1326	650	2040	39	131	6874	1069	5216	0,100,0,0,0,0	17294	522	877	67204	3940	25020	101578,101488,100295,48502,48502,48502,48502	4	37	26601,24253,19109,0,0,0,0	87	74397
163592	1319	2501	1989	356	393	28	25	4	6688	523	1328	643	1947	37	130	7414	1154	5457	0,100,0,0,0,0	17455	719	942	68006	4088	25667	102218,102130,100971,49331,49331,49331,49331	4	35	26601,24253,20049,0,0,0,0	81	74082
163040	1397	2610	2075	361	409	31	29	4	6933	523	1334	646	1986	46	121	8134	1206	5706	0,100,0,0,0,0	18038	709	936	68815	4218	26307	102911,102822,101697,50235,50235,50235,50235	4	34	26601,24253,20975,0,0,0,0	79	73766
162396	1434	2801	2128	381	435	38	28	3	7237	525	1340	613	2005	57	151	8527	1286	5959	0,100,0,0,0,0	18818	679	1017	69698	4358	26927	103654,103565,102474,51220,51220,51220,51220	4	53	26601,24253,21992,0,0,0,0	86	73387
161796	1497	2908	2265	413	405	40	30	3	7518	528	1343	617	2042	38	152	8567	1331	6227	0,100,0,0,0,0	18954	686	1011	70574	4500	27547	104382,104293,103237,52172,52172,52172,52172	5	38	26601,24253,22999,0,0,0,0	78	73023
161321	1510	2916	2366	425	423	42	33	3	7831	530	1346	627	2022	44	124	8788	1360	6355	0,100,0,0,0,0	27096	648	912	71370	4622	28129	105027,104940,103920,53025,53025,53025,53025	5	52	26601,24253,23909,0,0,0,0	105	72651
160847	1512	2983	2479	420	427	45	33	3	8116	531	1350	597	1959	62	137	9566	1441	6458	0,100,0,0,0,0	28003	633	961	72218	4744	28701	105685,105597,104618,53886,53886,53886,53886	5	53	26601,24253,24863,0,0,0,0	113	72223
160258	1581	3094	2507	454	433	45	35	3	8454	532	1350	595	1944	64	158	10435	1526	6623	0,100,0,0,0,0	20405	716	1062	73157	4876	29338	106446,106358,105419,54854,54854,54854,54854	5	56	26601,24253,25930,0,0,0,0	119	71815
159690	1634	3182	2610	479	470	48	30	3	8708	538	1354	567	1989	71	147	10965	1611	6842	0,100,0,0,0,0	21003	903	1114	74134	5018	30171	107252,107165,106271,55841,55841,55841,55841	5	52	26601,24253,27036,0,0,0,0	123	71405
159087	1691	3293	2696	507	487	46	33	3	9004	541	1358	593	1997	66	163	11772	1733	7020	0,100,0,0,0,0	21615	914	1135	75104	5190	31018	108116,108030,107180,56950,56950,56950,56950	6	51	26601,24253,28165,0,0,0,0	115	70979
158480	1717	3352	2845	544	476	44	36	2	9349	542	1359	575	1965	63	173	11948	1810	7204	0,100,0,0,0,0	22124	862	1108	76059	5348	31818	108958,108873,108064,58046,58046,58046,58046	6	48	26601,24253,29260,0,0,0,0	123	70541
157898	1730	3430	2900	580	509	50	34	3	9702	548	1362	593	2063	69	159	11969	1833	7400	0,100,0,0,0,0	22403	899	1142	77032	5523	32654	109811,109726,108963,59128,59128,59128,59128	6	49	26601,24253,30391,0,0,0,0	114	70121
157556	1635	3403	2988	614	525	46	28	3	10031	553	1364	571	1935	77	165	11498	1837	7402	0,100,0,0,0,0	30048	872	943	77862	5639	33471	110506,110423,109706,60015,60015,60015,60015	6	60	26601,24253,31323,0,0,0,0	123	69686
157092	1597	3450	3015	631	553	50	34	4	10395	555	1370	582	1946	48	164	11733	1926	7404	0,100,0,0,0,0	30178	961	1044	78764	5793	34231	111270,111185,110515,61007,61007,61007,61007	6	51	26601,24253,32362,0,0,0,0	115	69289
156577	1669	3494	3068	618	553	53	39	3	10743	558	1371	554	1952	66	226	12246	2013	7481	0,100,0,0,0,0	22667	1012	1159	79748	5975	35073	112078,111995,111375,62016,62016,62016,62016	6	62	26601,24253,33504,0,0,0,0	124	68865
156073	1686	3563	3080	593	541	54	44	3	11174	560	1375	588	2018	68	188	12280	2054	7507	0,100,0,0,0,0	22861	1727	1087	80695	6129	36648	112876,112794,112219,63013,63013,63013,63013	7	40	26601,24253,34583,0,0,0,0	135	68456
155731	1652	3540	3137	602	572	56	44	4	11467	563	1378	572	2017	68	172	12389	2077	7526	0,100,0,0,0,0	22790	1715	1039	81588	6280	38171	113827,113746,113227,64236,64236,64236,64236	7	58	26601,24253,35613,0,0,0,0	161	68079
155315	1641	3525	3227	593	603	55	46	6	11783	568	1384	561	1897	59	187	12304	2093	7597	0,100,0,0,0,0	22640	1649	1081	82512	6442	39617	114819,114740,114274,65495,65495,65495,65495	7	55	26601,24253,36679,0,0,0,0	146	67718
154968	1641	3486	3243	600	644	61	47	6	12089	571	1390	527	1968	75	181	12521	2097	7625	0,100,0,0,0,0	22703	1642	1063	83376	6648	41089	115731,115650,115242,66665,66665,66665,66665	7	59	26601,24253,37724,0,0,0,0	158	67344
154759	1544	3446	3242	611	646	64	45	7	12415	574	1393	508	2022	83	177	12294	2061	7537	0,100,0,0,0,0	30868	1729	945	84156	6821	42635	116546,116465,116115,67708,67708,67708,67708	7	49	26601,24253,38651,0,0,0,0	154	66980
154505	1525	3410	3243	603	627	72	49	5	12735	577	1395	510	1871	69	187	12042	2046	7483	0,99,0,0,0,0	30307	1696	983	84994	6999	44175	117455,117373,117083,68838,68838,68838,68838	7	58	26601,24253,39618,25,0,0,0	162	66573
154258	1612	3270	3257	629	622	71	44	11	12996	580	1396	496	2015	68	207	13219	2104	7401	0,99,0,0,0,0	23466	1712	1032	85860	7197	45741	118380,118300,118073,69971,69971,69971,69971	7	37	26601,24253,40629,52,0,0,0	161	66194
153986	1611	3296	3207	613	626	75	47	10	13292	583	1400	495	1932	60	189	13689	2103	7372	0,99,0,0,0,0	23838	846	1019	86728	7379	46433	119299,119219,119052,71093,71093,71093,71093	7	48	26601,24253,41614,85,0,0,0	158	65799
153832	1572	3310	3175	602	610	78	44	11	13519	589	1404	512	1997	57	213	13671	2089	7302	0,98,1,0,0,0	23836	880	978	87546	7566	47151	119951,119875,119769,71786,71786,71786,71786	7	42	26601,24253,42562,118,0,0,0	152	65433
153696	1547	3251	3192	613	587	73	47	11	13730	592	1407	493	1958	60	169	13584	2059	7251	0,98,1,0,0,0	23995	835	945	88312	7778	47837	120573,120499,120455,72444,72444,72444,72444	7	40	26601,24253,43455,171,0,0,0	159	65085
153557	1580	3240	3103	594	592	74	46	13	13939	595	1413	508	1918	47	173	13171	1997	7232	0,97,2,0,0,0	23724	842	980	89137	7969	48541	121233,121160,121180,73135,73135,73135,73135	7	47	26601,24253,44393,228,0,0,0	149	64703
153584	1482	3112	3104	604	589	73	45	13	14126	599	1415	511	1987	55	147	12874	1887	7122	0,97,2,0,0,0	31087	870	862	89829	8144	49261	121772,121699,121785,73671,73671,73671,73671	7	47	26601,24253,45183,278,0,0,0	166	64374
153601	1418	3107	3000	568	572	72	44	10	14331	605	1418	526	1948	60	169	12417	1782	6999	0,96,3,0,0,0	30967	921	886	90531	8331	50027	122310,122234,122387,74194,74194,74194,74194	7	44	26601,24253,45994,329,0,0,0	154	64059
153587	1418	3019	2997	570	566	75	42	9	14436	607	1420	505	2010	62	194	12022	1807	6880	0,96,3,0,0,0	22737	830	892	91246	8515	50710	122880,122807,123022,74761,74761,74761,74761	7	34	26601,24253,46796,399,0,0,0	156	63739
153556	1407	2998	2979	569	537	78	42	11	14533	611	1425	503	1985	68	177	12252	1791	6819	0,95,4,0,0,0	22682	737	915	91980	8701	51313	123456,123385,123664,75325,75325,75325,75325	6	40	26601,24253,47617,469,0,0,0	147	63400
153561	1445	2945	2927	557	526	72	46	12	14617	613	1425	509	1902	45	170	11919	1760	6758	0,95,4,0,0,0	22544	728	928	92722	8892	51899	124016,123947,124292,75846,75845,75845,75845	6	48	26601,24253,48427,564,0,0,0	151	63067
153636	1444	2826	2853	565	548	80	46	10	14692	618	1428	490	1916	49	174	11056	1700	6662	0,94,5,0,0,0	21968	781	852	93389	9085	52516	124491,124422,124834,76271,76271,76271,76271	6	51	26601,24253,49179,642,0,0,0	138	62763
153737	1374	2838	2762	572	546	87	40	11	14725	623	1431	486	1929	56	174	11333	1679	6540	0,93,6,0,0,0	21601	736	848	94044	9285	53097	124971,124901,125382,76688,76686,76686,76686	6	40	26601,24253,49913,729,0,0,0	144	62475
153956	1326	2688	2746	551	530	83	43	8	14753	626	1436	464	1974	49	153	10753	1616	6351	0,93,6,0,0,0	29428	712	733	94594	9471	53658	125359,125290,125836,76997,76995,76995,76995	6	31	26601,24253,50510,842,0,0,0	149	62206
154206	1251	2617	2678	507	533	81	47	9	14749	631	1437	450	1952	53	160	10462	1575	6139	0,92,7,0,0,0	28659	737	706	95132	9644	54236	125706,125636,126249,77255,77252,77252,77252	6	51	26601,24253,51099,935,0,0,0	148	61922
154273	1244	2651	2575	480	534	71	46	11	14789	635	1437	476	1967	49	157	10643	1552	6049	0,91,8,0,0,0	20806	751	844	95778	9845	54839	126147,126078,126753,77653,77649,77649,77649	6	46	26601,24253,51789,1068,0,0,0	140	61592
154404	1301	2519	2568	481	498	73	50	11	14765	635	1441	477	1910	42	159	10743	1507	5983	0,90,9,0,0,0	20931	418	809	96386	10054	55103	126588,126519,127257,78031,78025,78025,78025	6	36	26601,24253,52449,1197,0,0,0	135	61314
154568	1261	2472	2531	464	466	75	51	7	14767	638	1446	467	1995	46	146	10543	1446	5874	0,89,10,0,0,0	20717	400	752	96935	10262	55354	126885,126817,127615,78216,78210,78210,78210	6	46	26601,24253,53030,1337,0,0,0	143	61022
154740	1255	2482	2500	438	449	74	46	7	14661	645	1449	490	1992	54	140	9870	1414	5830	0,88,11,0,0,0	20478	401	779	97511	10469	55610	127195,127127,127986,78400,78391,78391,78391	6	44	26601,24253,53631,1474,0,0,0	137	60728
154997	1231	2441	2444	434	429	75	42	7	14540	654	1452	479	1997	55	146	9550	1394	5702	0,88,11,0,0,0	20043	399	729	98044	10670	55861	127473,127403,128330,78550,78539,78539,78539	6	37	26601,24253,54194,1614,0,0,0	132	60460
155222	1174	2367	2451	447	431	80	40	8	14416	657	1453	464	1972	54	138	9228	1369	5621	0,86,13,0,0,0	27768	415	714	98548	10886	56129	127729,127658,128647,78697,78684,78684,78684	6	40	26601,24253,54676,1818,0,0,0	140	60206
155554	1133	2310	2403	423	414	77	43	8	14266	658	1457	468	1929	49	135	9219	1363	5440	0,84,15,0,0,0	27890	409	640	99026	11056	56382	127961,127890,128939,78795,78780,78780,78780	6	34	26601,24253,55133,1986,0,0,0	141	59937
155764	1144	2294	2342	421	398	78	39	8	14136	662	1460	461	1918	47	129	9514	1343	5373	0,83,16,0,0,0	19917	412	738	99566	11258	56622	128261,128191,129299,78978,78961,78961,78961	6	33	26601,24253,55644,2181,0,0,0	139	59678
155980	1180	2212	2313	427	379	78	38	7	14004	664	1464	478	1963	35	131	9741	1327	5300	0,82,17,0,0,0	19708	262	717	100036	11507	56733	128505,128435,129600,79112,79092,79092,79092	5	30	26601,24253,56109,2401,0,0,0	125	59444
156184	1173	2116	2325	411	367	70	35	7	13922	669	1467	450	1915	31	117	9401	1259	5238	0,80,19,0,0,0	29067	249	647	100460	11741	56835	128688,128622,129840,79185,79162,79162,79162	5	45	26601,24253,56507,2637,0,0,0	119	59212
156442	1119	2164	2252	381	361	69	39	5	13772	670	1472	441	2012	36	118	9214	1200	5185	0,78,21,0,0,0	28841	225	671	100937	11937	56949	128869,128805,130078,79256,79228,79228,79228	5	32	26601,24253,56936,2864,0,0,0	120	58923
156756	1058	2134	2237	376	353	66	43	5	13574	670	1474	439	1886	47	108	9184	1177	5090	0,76,23,0,0,0	27719	94	640	101363	12154	57043	129038,128972,130305,79282,79250,79250,79250	5	32	26601,24253,57312,3112,0,0,0	125	58659
156997	1023	2078	2245	347	330	66	41	5	13459	675	1480	432	2034	55	102	9190	1144	4986	0,74,25,0,0,0	27456	107	633	101785	12372	57150	129197,129133,130518,79341,79306,79306,79306	5	31	26601,24253,57663,3376,0,0,0	126	58378
157216	1112	1954	2215	330	332	66	38	6	13315	678	1484	459	1989	40	93	9417	1130	4917	0,71,28,0,0,0	27992	85	687	102209	12637	57235	129356,129290,130726,79400,79359,79359,79359	5	46	26601,24253,58002,3694,0,0,0	131	58106
157470	1119	1925	2179	323	325	59	36	8	13132	682	1488	453	1979	44	105	9260	1078	4888	0,69,30,0,0,0	28910	101	668	102658	12859	57336	129520,129453,130945,79454,79408,79408,79408	5	42	26601,24253,58341,4006,0,0,0	124	57804
157702	1097	1991	2049	323	319	61	32	6	12988	687	1491	489	1960	32	109	8781	1067	4805	0,67,32,0,0,0	28679	81	678	103077	13127	57417	129678,129610,131154,79525,79472,79472,79472	5	38	26601,24253,58675,4337,0,0,0	122	57540
157969	1092	1995	1976	303	308	57	27	6	12825	694	1494	481	1948	51	94	8108	990	4768	0,64,35,0,0,0	28243	77	641	103484	13365	57494	129815,129746,131344,79554,79494,79494,79494	5	35	26601,24253,58950,4689,0,0,0	114	57278
158151	1139	1930	1978	307	310	55	25	5	12652	698	1496	490	2013	56	95	7865	944	4800	0,61,38,0,0,0	27592	71	693	103909	13637	57565	129965,129894,131539,79630,79564,79564,79564	5	31	26601,24253,59225,5097,0,0,0	110	56991
158286	1159	1956	1961	306	308	53	25	6	12483	701	1502	511	1993	37	113	7827	956	4812	0,58,41,0,0,0	27705	83	685	104336	13903	57648	130107,130035,131723,79718,79646,79646,79646	4	30	26601,24253,59481,5513,0,0,0	102	56713
158503	1166	1929	1995	292	305	48	23	6	12267	705	1507	512	1989	40	111	7826	952	4806	0,54,45,0,0,0	26680	69	685	104771	14157	57717	130231,130162,131896,79776,79698,79698,79698	5	47	26601,24253,59693,5972,0,0,0	110	56413
158641	1151	1896	2004	269	291	50	22	6	12197	709	1510	510	1947	44	73	7626	907	4776	0,51,48,0,0,0	26461	77	658	105175	14420	57794	130363,130292,132067,79873,79787,79787,79787	5	35	26601,24253,59898,6421,0,0,0	111	56147
158661	1245	1949	1974	267	293	44	24	6	12059	712	1512	503	1927	43	104	7408	893	4903	0,48,51,0,0,0	17736	90	821	105651	14767	57884	130544,130475,132292,80049,79955,79955,79955	5	45	26601,24253,60130,6990,0,0,0	101	55836
158643	1365	1949	1957	275	277	41	27	6	11978	712	1516	501	1959	39	102	7009	903	4988	0,45,54,0,0,0	17454	276	826	106130	15122	58160	130726,130656,132510,80255,80151,80151,80151	5	50	26601,24253,60343,7588,0,0,0	98	55513
158661	1415	2008	2005	272	290	41	24	7	11789	715	1519	503	1914	60	83	6723	884	5171	0,41,58,0,0,0	17121	256	846	106587	15517	58416	130924,130855,132750,80507,80392,80392,80392	5	49	26601,24253,60525,8238,0,0,0	91	55207
158582	1457	2151	2050	264	275	47	24	7	11649	716	1524	486	2048	49	103	6724	901	5367	0,38,61,0,0,0	17185	308	928	107129	15907	58724	131178,131108,133038,80847,80721,80721,80721	5	50	26601,24253,60717,8960,0,0,0	95	54837
158423	1567	2237	2106	277	253	45	22	6	11562	720	1528	486	1922	54	81	6706	878	5629	0,34,65,0,0,0	16959	267	963	107632	16372	58991	131431,131363,133324,81218,81081,81081,81081	5	43	26601,24253,60901,9728,0,0,0	82	54504
158336	1604	2292	2177	292	253	44	21	7	11467	723	1530	498	1956	63	87	6975	906	5777	0,32,67,0,0,0	25700	278	902	108147	16768	59269	131648,131577,133571,81536,81387,81387,81387	5	47	26601,24253,61052,10470,0,0,0	83	54148
158152	1579	2443	2198	292	248	43	18	7	11508	725	1533	464	1963	70	82	7029	955	5866	0,29,70,0,0,0	25900	286	953	108671	17202	59555	131882,131815,133838,81917,81755,81755,81755	5	56	26601,24253,61194,11273,0,0,0	87	53777
157794	1751	2480	2313	302	264	45	19	6	11509	726	1537	488	1965	53	100	6726	984	6190	0,26,72,0,0,0	17129	269	1143	109277	17770	59824	132191,132126,134177,82433,82258,82258,82258	5	50	26601,24253,61342,12260,23,0,0	87	53350
157387	1894	2535	2386	297	290	46	19	5	11617	729	1541	446	1953	54	115	7134	1016	6451	0,24,74,0,0,0	17313	343	1124	109862	18339	60167	132502,132436,134513,82964,82774,82774,82774	6	47	26601,24253,61496,13221,50,0,0	85	52954
156921	1971	2764	2483	287	255	43	20	7	11723	729	1543	452	1926	56	128	7651	1040	6783	0,21,77,0,0,0	17950	341	1219	110478	18972	60508	132839,132774,134869,83584,83377,83377,83377	6	45	26601,24253,61628,14303,70,0,0	85	52529
156370	2129	2939	2608	289	254	45	20	5	11812	729	1546	449	1940	59	88	7378	992	7292	0,19,78,1,0,0	17762	376	1340	111162	19650	60884	133185,133120,135231,84260,84035,84035,84035	6	68	26601,24253,61753,15491,104,0,0	87	52034
155641	2394	3113	2745	293	268	43	22	5	11945	730	1547	455	2003	82	110	7492	1011	7867	0,17,80,1,0,0	17446	327	1508	111934	20415	61211	133636,133571,135699,85099,84855,84855,84855	6	76	26601,24253,61887,16832,149,0,0	99	51524
155062	2421	3268	2919	310	284	37	19	6	12137	734	1549	451	1910	78	120	7636	1064	8194	0,15,81,2,0,0	26374	346	1354	112631	21101	61557	134002,133939,136084,85820,85555,85555,85555	7	82	26601,24253,61977,18051,204,0,0	94	51020
154397	2422	3505	3040	305	319	37	20	5	12410	735	1551	467	2063	85	97	7877	1117	8531	0,14,83,2,0,0	26333	348	1461	113380	21824	61905	134407,134345,136505,86590,86304,86304,86304	7	93	26601,24253,62070,19374,249,0,0	95	50502
153408	2735	3647	3207	292	336	37	20	5	12767	736	1556	468	1961	80	139	7914	1144	9130	0,12,84,2,0,0	18368	334	1816	114283	22745	62239	134922,134860,137027,87625,87313,87313,87313	8	92	26601,24253,62163,21020,318,0,0	102	49870
152413	3034	3752	3431	322	346	46	18	5	13084	738	1557	480	1874	95	128	8035	1234	9715	0,11,85,3,0,0	18119	366	1847	115173	23714	62605	135439,135378,137554,88657,88320,88320,88320	8	96	26601,24253,62257,22682,406,0,0	103	49263
151393	3081	4090	3639	340	327	50	19	3	13499	741	1564	481	1934	105	146	8404	1300	10246	0,10,86,3,0,0	18486	353	1853	116062	24692	62958	135937,135879,138063,89703,89338,89337,89337	9	102	26601,24253,62334,24358,500,0,0	127	48637
150176	3214	4411	3922	346	374	46	20	3	13922	743	1569	480	1905	105	130	8129	1359	10974	0,8,87,3,0,0	18187	357	2062	117100	25731	63315	136502,136442,138629,90903,90506,90505,90505	9	109	26601,24253,62409,26241,601,0,0	135	47888
148881	3456	4546	4146	364	418	42	21	3	14552	744	1573	477	2028	101	170	8410	1490	11503	0,7,87,4,0,0	18821	368	2130	118140	26839	63683	137083,137025,139213,92138,91710,91708,91708	10	115	26601,24253,62490,28173,717,0,0	124	47174
147689	3488	4790	4411	363	411	44	20	6	15203	746	1575	486	1924	137	132	8569	1498	12029	0,7,88,4,0,0	27004	332	2046	119111	27931	64015	137593,137535,139723,93288,92825,92823,92823	10	129	26601,24253,62552,30043,835,0,0	120	46446
146572	3422	5077	4575	398	411	42	22	6	15897	749	1575	519	1986	120	167	9392	1656	12291	0,6,88,4,0,0	27387	350	2061	120050	29062	64365	138071,138014,140202,94442,93942,93939,93939	11	116	26601,24253,62601,31909,976,0,0	147	45758
145164	3750	5125	4869	424	451	40	22	8	16566	749	1578	531	1983	165	179	9868	1784	12897	0,5,89,5,0,0	19702	357	2423	121157	30398	64722	138651,138593,140778,95831,95288,95284,95284	12	111	26601,24253,62649,34102,1151,0,0	138	44936
143626	4133	5203	5144	443	466	35	23	8	17333	750	1582	508	1915	134	179	10620	1907	13540	0,4,89,5,0,0	20485	317	2542	122338	31775	65039	139296,139240,141417,97350,96762,96757,96757	12	119	26601,24253,62689,36423,1329,0,0	135	44081
142130	4272	5546	5292	451	454	36	17	10	18199	755	1584	531	1990	141	195	11475	1994	14074	0,4,89,6,0,0	21169	314	2579	123470	33236	65353	139879,139826,142000,98815,98179,98173,98173	13	138	26601,24253,62731,38742,1533,0,0	128	43252
140500	4435	5899	5525	478	448	46	16	8	19047	756	1588	531	2024	144	221	12276	2122	14725	0,3,89,6,0,0	22041	308	2716	124649	34788	65661	140492,140439,142605,100359,99675,99668,99668	13	127	26601,24253,62756,41173,1778,0,0	132	42383
138917	4474	6277	5738	484	455	44	17	9	19986	756	1589	557	1911	149	184	12585	2145	15344	0,3,89,7,0,0	22582	322	2728	125866	36314	65983	141108,141054,143212,101918,101184,101174,101174	14	133	26601,24253,62787,43576,2049,0,0	143	41483
137674	4377	6452	5949	496	492	46	21	9	20881	757	1592	527	1921	139	196	12863	2186	15647	0,2,88,8,0,0	30788	300	2501	126994	37702	66283	141630,141575,143730,103347,102553,102541,102541	14	142	26601,24253,62812,45783,2315,0,0	158	40654
136404	4241	6524	6263	525	538	44	18	10	21827	758	1594	526	1997	157	184	13099	2209	15944	0,2,88,8,0,0	31152	323	2538	128087	39167	66606	142144,142091,144242,104776,103921,103907,103907	15	157	26601,24253,62835,47992,2606,0,0	163	39839
134782	4495	6503	6543	546	523	52	14	16	22914	762	1596	537	2004	182	242	13312	2335	16341	0,2,88,9,0,0	23207	326	2879	129334	40819	66932	142768,142721,144852,106451,105533,105518,105518	16	160	26601,24253,62858,50494,2945,0,0	150	38919
133230	4791	6469	6730	570	531	54	13	17	23978	763	1600	558	1978	171	235	13867	2501	16657	0,1,87,10,0,0	23780	120	2903	130612	42454	67052	143374,143329,145445,108126,107145,107125,107125	16	153	26601,24253,62878,53001,3309,0,0	175	37991
131871	4887	6579	6812	572	559	58	16	18	25004	764	1606	517	1943	176	214	14252	2591	16892	0,1,87,10,0,0	24287	132	2865	131882	44069	67184	143913,143863,145970,109718,108660,108637,108637	17	174	26601,24253,62898,55431,3702,0,0	174	37033
130431	4908	6890	6879	546	554	53	23	17	26072	764	1609	503	1989	208	225	14005	2601	17252	0,1,86,11,0,0	24383	101	2952	133123	45805	67285	144446,144393,146490,111368,110235,110207,110207	17	155	26601,24253,62908,57925,4127,0,0	156	36104
129062	4974	7042	7010	543	545	54	29	16	27095	764	1612	495	1903	181	230	13837	2706	17491	0,1,86,12,0,0	24067	123	2967	134330	47580	67408	144968,144918,146997,112996,111781,111751,111751	17	142	26601,24253,62920,60400,4574,0,0	170	35219
128093	4693	7044	7131	587	541	51	25	20	28180	765	1616	486	1971	156	211	13579	2691	17381	0,1,85,13,0,0	31438	127	2597	135372	49154	67535	145325,145277,147348,114376,113083,113046,113046	18	155	26601,24253,62936,62557,4971,0,0	175	34420
127204	4486	6928	7272	589	582	48	29	18	29208	766	1616	483	1920	168	218	13670	2647	17287	0,1,85,13,0,0	31728	121	2604	136495	50649	67656	145725,145680,147740,115785,114410,114367,114367	18	145	26601,24253,62944,64697,5393,0,0	169	33586
126226	4559	6835	7256	578	566	46	22	20	30249	771	1618	488	1918	180	272	14285	2679	17183	0,0,84,14,0,0	24065	128	2737	137669	52231	67784	146139,146098,148146,117259,115796,115747,115747	18	159	26601,24253,62955,66884,5894,0,0	147	32730
125377	4558	6690	7380	596	573	40	19	22	31095	775	1621	498	1912	181	233	14822	2727	17129	0,0,84,15,0,0	24944	79	2686	138785	53813	67863	146486,146446,148480,118685,117132,117076,117076	19	152	26601,24253,62964,69069,6331,0,0	122	31871
124552	4543	6667	7272	592	557	45	21	20	32073	779	1625	498	1945	189	244	15542	2754	16943	0,0,83,16,0,0	25434	90	2675	139865	55420	67953	146834,146793,148816,120117,118474,118409,118409	19	156	26601,24253,62979,71152,6869,0,0	125	31049
123761	4413	6727	7267	561	563	41	24	20	32960	780	1629	496	1972	181	227	15495	2697	16899	0,0,82,17,0,0	25932	78	2598	140955	56945	68031	147174,147131,149140,121497,119767,119694,119694	19	122	26601,24253,62989,73139,7437,0,0	119	30203
123175	4363	6563	7360	521	579	38	27	20	33685	783	1632	491	2031	177	245	15542	2700	16751	0,0,81,17,0,0	25271	73	2565	142003	58481	68104	147448,147403,149400,122846,121020,120939,120939	19	120	26601,24253,62992,75112,7968,0,0	128	29402
122952	4070	6435	7220	521	562	32	29	16	34492	784	1633	500	1960	165	218	15467	2628	16241	0,0,80,18,0,0	33200	81	2220	142841	59880	68185	147567,147524,149514,123942,122023,121931,121931	18	130	26601,24253,63001,76774,8482,0,0	136	28734
122886	3762	6312	7051	510	521	35	33	16	35197	785	1638	513	1922	141	217	15459	2527	15697	0,0,79,19,0,0	33068	74	2165	143647	61254	68259	147650,147607,149590,125000,122983,122878,122878	18	125	26601,24253,63006,78374,8999,0,0	137	28107
122764	3776	6039	6944	535	511	35	31	18	35664	786	1643	527	1975	152	186	15362	2468	15403	0,0,78,21,0,0	25725	69	2343	144582	62679	68328	147775,147727,149699,126170,124047,123930,123930	18	125	26601,24253,63010,80052,9609,0,0	125	27366
122705	3804	5654	6918	541	492	36	31	17	36116	787	1645	521	1925	136	243	14971	2452	15024	0,0,77,22,0,0	25085	59	2218	145384	64107	68387	147867,147815,149782,127235,125012,124882,124882	17	121	26601,24253,63017,81628,10186,0,0	130	26751
122817	3645	5406	6723	545	475	40	33	18	36608	788	1648	528	1968	152	212	14824	2282	14585	0,0,76,23,0,0	24845	53	2026	146170	65363	68440	147915,147866,149828,128210,125887,125743,125743	17	117	26601,24253,63021,83013,10768,0,0	134	26126
123179	3425	5345	6416	536	457	40	34	19	36854	789	1652	522	1963	150	234	14212	2184	14069	0,0,74,24,0,0	24734	52	1977	146935	66584	68492	147924,147870,149835,129126,126700,126538,126538	17	106	26601,24253,63023,84338,11351,0,0	133	25527
123491	3350	5222	6135	543	440	39	36	19	37023	793	1655	500	1948	138	198	13630	2157	13608	0,0,73,25,0,0	24312	38	1999	147669	67861	68530	147933,147880,149840,130077,127545,127368,127368	16	95	26601,24253,63029,85669,11955,0,0	138	24968
124177	3052	5019	5906	524	406	41	33	22	37114	794	1658	496	1933	132	163	12796	1998	12983	0,0,72,27,0,0	31090	46	1622	148277	68883	68576	147821,147772,149736,130776,128147,127952,127952	15	95	26601,24253,63030,86714,12486,0,0	149	24500
124889	2782	4786	5850	484	403	37	32	22	37006	795	1660	500	1986	121	174	12878	1906	12468	0,0,71,28,0,0	30763	59	1630	148896	69907	68635	147721,147667,149642,131472,128740,128526,128526	15	102	26601,24253,63031,87749,13025,0,0	135	23998
125466	2854	4538	5581	429	405	34	26	24	36923	801	1665	486	1938	113	194	13080	1885	11982	0,0,69,30,0,0	23255	52	1753	149509	71062	68687	147661,147609,149586,132225,129399,129166,129166	14	100	26601,24253,63033,88804,13654,0,0	121	23529
126172	2806	4282	5340	408	390	31	22	22	36799	804	1670	489	1958	115	171	12658	1752	11527	0,0,68,31,0,0	22859	32	1605	150079	72113	68719	147537,147487,149468,132904,129985,129732,129732	14	75	26601,24253,63039,89744,14255,0,0	105	23073
127093	2596	4171	5051	397	369	31	21	21	36514	806	1676	484	1906	105	164	12175	1645	10991	0,0,66,32,0,0	22605	50	1455	150573	73085	68769	147350,147302,149290,133460,130447,130173,130173	13	71	26601,24253,63040,90550,14836,0,0	88	22693
127922	2442	4106	4821	371	350	29	22	21	36175	807	1680	478	2003	114	153	12009	1544	10597	0,0,65,34,0,0	21956	37	1467	151083	74051	68806	147200,147153,149146,134038,130933,130639,130639	13	91	26601,24253,63041,91377,15415,0,0	89	22294
128899	2289	3856	4711	361	371	30	25	22	35690	808	1684	496	1960	91	153	11785	1494	10149	0,0,64,35,0,0	21767	50	1328	151543	74925	68856	146992,146946,148952,134527,131330,131014,131014	12	61	26601,24253,63042,92103,15949,0,0	82	21950
130097	2048	3622	4510	320	369	31	22	19	35211	811	1686	469	1988	103	145	11274	1384	9538	0,0,62,37,0,0	29510	42	1119	151926	75668	68898	146739,146689,148708,134908,131624,131284,131284	12	70	26601,24253,63042,92680,16459,0,0	91	21654
131329	1890	3314	4365	326	326	30	19	17	34625	814	1691	460	2013	73	124	10673	1319	8951	0,0,60,39,0,0	29089	37	1094	152277	76423	68935	146459,146410,148445,135244,131873,131508,131508	11	75	26601,24253,63044,93194,16983,0,0	76	21360
132412	1929	3115	4078	314	277	32	17	20	34042	815	1695	475	1862	72	150	10497	1236	8526	0,0,58,41,0,0	20569	31	1210	152712	77208	68966	146236,146184,148240,135661,132209,131817,131817	11	62	26601,24253,63046,93760,17576,0,0	74	21011
133552	1926	2848	3914	313	267	33	18	19	33341	816	1699	479	1996	84	114	10388	1208	8111	0,0,56,43,0,0	20308	29	1099	153095	77932	68995	145976,145926,147997,136014,132481,132063,132063	10	52	26601,24253,63049,94272,18111,0,0	83	20707
134713	1796	2794	3629	273	250	28	19	19	32706	816	1703	492	1925	74	118	9399	1093	7696	0,0,54,45,0,0	19806	16	1000	153427	78604	69011	145727,145673,147755,136306,132701,132255,132255	10	60	26601,24253,63050,94690,18637,0,0	85	20462
135863	1693	2759	3377	268	236	26	18	18	31961	817	1710	499	1990	93	96	9131	1014	7363	0,0,52,47,0,0	19393	18	994	153742	79289	69029	145443,145390,147484,136584,132909,132437,132437	9	46	26601,24253,63051,95109,19160,0,0	67	20210
137076	1636	2597	3173	264	263	23	15	19	31148	819	1713	517	2009	70	125	9036	1014	6957	0,0,50,49,0,0	19323	29	919	154027	79926	69058	145163,145108,147219,136827,133082,132581,132581	9	56	26601,24253,63052,95462,19673,0,0	57	19993
138360	1510	2464	3066	251	238	25	18	21	30255	819	1719	523	1960	75	93	8949	969	6603	0,0,49,50,0,0	27184	25	818	154264	80511	69083	144850,144793,146925,137012,133205,132673,132673	8	44	26601,24253,63052,95790,20122,0,0	55	19796
139709	1374	2317	2980	223	223	22	15	24	29315	819	1725	518	1974	52	89	8569	929	6225	0,0,48,51,0,0	27100	21	763	154503	81041	69104	144526,144464,146618,137160,133291,132726,132726	8	40	26601,24253,63052,96107,20535,0,0	61	19608
140685	1478	2269	2765	223	199	21	15	22	28522	820	1727	544	1956	56	85	7593	808	6162	0,0,46,53,0,0	18236	25	976	154818	81712	69129	144310,144246,146414,137436,133506,132916,132916	7	47	26601,24253,63052,96426,21139,0,0	65	19369
141644	1625	2145	2654	189	197	17	14	19	27687	820	1735	516	1976	56	81	6717	692	6149	0,0,44,55,0,0	17290	5	982	155145	82373	69134	144097,144030,146212,137726,133741,133123,133123	7	50	26601,24253,63052,96749,21752,0,0	55	19117
142710	1510	2233	2512	152	183	18	11	18	26837	820	1742	525	1983	61	96	5991	633	5986	0,0,42,56,0,0	16444	7	826	155418	82933	69141	143852,143785,145981,137929,133893,133244,133244	7	42	26601,24253,63052,97015,22273,0,0	64	18903
143757	1515	2230	2498	173	175	17	11	18	25787	820	1745	540	1945	63	66	4746	547	6072	0,0,41,58,0,0	15685	8	922	155712	83569	69149	143615,143547,145756,138161,134075,133395,133395	7	55	26601,24253,63052,97299,22866,0,0	63	18676
144706	1503	2213	2430	178	174	14	10	18	24932	820	1748	526	1948	58	72	4126	525	5997	0,0,38,61,0,0	14689	13	861	155965	84181	69162	143379,143311,145531,138363,134231,133524,133524	6	29	26601,24253,63053,97527,23458,0,0	56	18469
145765	1400	2180	2440	179	188	13	7	16	23984	822	1752	525	1974	56	65	3468	465	5942	0,0,36,63,0,0	22812	8	777	156214	84712	69170	143113,143044,145279,138526,134349,133611,133611	6	42	26601,24253,63053,97729,23999,0,0	52	18262
146699	1295	2137	2420	164	194	11	6	16	23225	824	1755	494	1968	56	80	2630	433	5794	0,0,34,65,0,0	22269	10	746	156423	85253	69180	142860,142788,145039,138681,134467,133699,133699	6	59	26601,24253,63053,97922,24513,0,0	45	18087
147415	1416	2125	2351	177	178	10	6	16	22472	824	1756	495	1956	52	90	1691	414	5849	0,0,32,67,0,0	12227	6	952	156715	85920	69186	142681,142609,144869,138946,134701,133901,133901	5	49	26601,24253,63053,98140,25206,0,0	40	17855
148215	1480	2066	2327	173	180	10	5	16	21693	825	1756	557	1871	60	76	1348	394	5847	0,0,30,69,0,0	11669	26	876	156989	86529	69212	142479,142408,144679,139167,134888,134058,134058	5	41	26601,24253,63053,98330,25859,0,0	42	17643
148952	1473	2132	2304	180	174	8	5	12	20919	825	1762	547	1948	55	82	1210	409	5867	0,0,29,70,0,0	11397	14	889	157259	87155	69226	142312,142240,144523,139410,135105,134242,134242	4	43	26601,24253,63053,98540,26509,0,0	41	17436
149656	1511	2132	2318	180	172	7	6	10	20167	825	1762	588	2000	34	85	1201	410	5916	0,0,28,71,0,0	11172	16	880	157526	87770	69242	142129,142051,144345,139625,135299,134403,134403	4	60	26601,24253,63054,98712,27183,0,0	46	17223
150244	1547	2147	2275	183	181	4	8	10	19556	825	1766	589	2045	62	70	1176	370	5975	0,0,26,73,0,0	11264	26	938	157799	88440	69268	141970,141891,144190,139869,135523,134594,134594	4	48	26601,24253,63054,98869,27925,0,0	42	16997
150917	1472	2143	2304	170	178	5	8	10	18945	825	1769	598	2055	64	82	1146	381	5899	0,0,24,75,0,0	20582	12	785	158041	88988	69280	141810,141731,144041,140064,135699,134738,134738	4	41	26601,24253,63054,99016,28522,0,0	44	16804
151619	1327	2168	2279	172	196	8	9	10	18360	825	1773	585	1999	65	64	1145	387	5772	0,0,23,76,0,0	20620	15	743	158260	89519	69295	141632,141553,143873,140232,135858,134860,134860	4	46	26601,24253,63054,99144,29115,0,0	55	16628
152103	1420	2092	2304	164	172	8	9	9	17863	825	1777	576	1940	58	95	1178	398	5771	0,0,22,77,0,0	11184	32	910	158526	90170	69327	141494,141413,143740,140483,136097,135067,135067	4	42	26601,24253,63054,99289,29856,0,0	53	16426
152559	1521	2055	2293	174	160	10	9	8	17352	826	1779	584	1881	54	74	1193	409	5813	0,0,20,79,0,0	11110	0	896	158804	90794	69327	141367,141290,143626,140734,136340,135276,135276	4	42	26601,24253,63054,99405,30603,0,0	45	16201
153014	1436	2096	2286	173	170	10	9	9	16935	826	1782	584	2078	46	67	1183	402	5778	0,0,18,81,0,0	11295	0	823	159011	91416	69327	141242,141166,143505,140931,136534,135437,135437	4	52	26601,24253,63054,99494,31311,0,0	54	16037
153342	1518	2119	2239	179	155	12	7	9	16556	827	1783	612	2007	64	85	1164	403	5826	0,0,17,82,0,0	11347	0	938	159291	92082	69327	141159,141080,143426,141193,136798,135667,135667	4	47	26601,24253,63054,99592,32117,0,0	58	15820
153699	1543	2124	2266	179	146	16	8	8	16145	827	1785	618	1925	52	58	1155	381	5901	0,0,15,83,0,0	11127	0	892	159587	92687	69327	141075,140993,143345,141453,137062,135895,135895	4	30	26601,24253,63054,99679,32902,0,0	67	15592
154132	1409	2169	2263	183	156	16	7	7	15789	827	1788	593	1955	47	85	1152	387	5816	0,0,14,85,0,0	20674	0	779	159793	93268	69327	140946,140862,143220,141627,137238,136037,136037	4	52	26601,24253,63054,99744,33586,0,0	77	15426
154594	1263	2191	2290	162	166	14	8	5	15433	828	1792	609	1966	41	81	1140	397	5697	0,0,13,86,0,0	20431	0	734	159989	93810	69327	140811,140731,143095,141783,137399,136160,136160	4	43	26601,24253,63054,99809,34225,0,0	73	15266
154744	1416	2118	2337	163	172	17	7	5	15140	829	1798	614	1984	54	79	1140	380	5850	0,0,12,87,0,0	11123	0	969	160249	94522	69327	140749,140670,143035,142045,137672,136399,136399	4	47	26601,24253,63054,99885,35085,0,0	72	15057
154983	1510	2043	2277	161	180	14	4	7	14937	829	1801	634	2009	56	73	1105	371	5818	0,0,11,88,0,0	11294	0	866	160455	95186	69327	140672,140590,142959,142249,137888,136582,136582	4	44	26601,24253,63054,99946,35848,0,0	62	14893
155248	1432	2126	2293	157	174	13	5	6	14659	830	1803	638	1970	49	77	1111	363	5837	0,0,11,89,0,0	11254	0	847	160701	95792	69327	140597,140514,142887,142479,138133,136788,136788	4	37	26601,24253,63054,100007,36591,0,0	56	14700
155416	1452	2143	2279	167	157	11	4	8	14474	830	1805	629	1967	53	75	1072	356	5857	0,0,10,89,0,0	11488	0	903	160947	96457	69327	140536,140452,142832,142722,138396,137013,137013	4	48	26601,24253,63054,100060,37400,0,0	50	14503
155632	1466	2123	2282	169	143	12	2	9	14269	831	1808	616	2001	60	71	1066	359	5838	0,0,9,90,0,0	11144	0	855	161190	97077	69327	140483,140396,142782,142941,138635,137213,137213	4	43	26601,24253,63054,100113,38170,0,0	49	14318
155914	1380	2094	2277	154	149	12	5	9	14112	831	1809	609	2001	42	58	1065	354	5717	0,0,9,90,0,0	20487	0	762	161390	97646	69327	140379,140294,142688,143103,138816,137357,137357	4	58	26601,24253,63054,100167,38841,0,0	47	14150
156220	1280	2025	2281	156	155	9	5	10	13963	831	1811	621	1991	62	57	1043	342	5569	0,0,8,91,0,0	20364	0	696	161566	98171	69327	140268,140183,142580,143231,138968,137469,137469	4	47	26601,24253,63054,100204,39471,0,0	52	14005
156438	1282	1986	2247	170	170	8	5	10	13783	831	1816	630	1957	57	70	1044	345	5523	0,0,7,92,0,0	10985	0	810	161778	98777	69327	140190,140104,142508,143418,139180,137642,137642	4	34	26601,24253,63054,100235,40222,0,0	45	13831
156609	1346	1871	2220	183	166	10	5	9	13676	831	1820	609	1936	59	83	1051	370	5431	0,0,7,92,0,0	11123	0	790	161975	99375	69327	140119,140034,142440,143586,139380,137801,137801	4	50	26601,24253,63054,100274,40937,0,0	50	13677
156965	1311	1851	2167	173	158	8	4	9	13448	831	1821	628	2039	48	78	1064	369	5303	0,0,6,93,0,0	11118	0	724	162156	99923	69327	140005,139922,142334,143733,139554,137931,137931	4	38	26601,24253,63054,100303,41605,0,0	47	13534
157242	1227	1864	2102	176	151	7	4	8	13307	831	1827	585	1993	53	74	1060	359	5172	0,0,6,93,0,0	11082	0	689	162342	100432	69327	139917,139832,142253,143881,139728,138063,138063	4	36	26601,24253,63054,100330,42238,0,0	45	13387
157474	1206	1837	2070	167	151	7	4	5	13164	831	1830	596	2067	58	66	1047	364	5078	0,0,5,94,0,0	11156	0	702	162522	100959	69327	139842,139756,142185,144020,139896,138193,138193	4	28	26601,24253,63054,100360,42883,0,0	32	13243
157795	1150	1786	2015	150	142	7	7	5	13023	831	1835	581	1964	33	58	1038	344	4913	0,0,5,94,0,0	20245	0	615	162654	101448	69327	139721,139635,142068,144128,140034,138287,138287	4	43	26601,24253,63054,100381,43455,0,0	31	13139
158114	1014	1717	2021	120	145	8	7	4	12927	831	1838	591	1899	43	60	1016	308	4724	0,0,5,94,0,0	20416	0	542	162808	101840	69327	139615,139529,141968,144217,140152,138364,138364	4	31	26601,24253,63054,100401,43957,0,0	40	13018
158319	993	1653	1989	137	145	11	7	5	12816	831	1840	593	1949	38	66	1010	316	4619	0,0,4,95,0,0	11119	0	640	162981	102312	69327	139548,139462,141905,144337,140305,138477,138477	3	32	26601,24253,63054,100418,44555,0,0	36	12882
158614	1028	1525	1915	142	138	12	8	4	12684	832	1844	627	2003	34	56	989	319	4449	0,0,4,95,0,0	11131	0	592	163138	102752	69327	139441,139356,141803,144436,140433,138564,138564	3	40	26601,24253,63054,100434,45092,0,0	39	12749
158989	939	1498	1854	140	127	12	9	4	12492	833	1849	630	1999	49	56	974	294	4285	0,0,3,96,0,0	11028	0	530	163255	103166	69327	139316,139232,141684,144493,140520,138608,138608	3	35	26601,24253,63054,100442,45582,0,0	43	12664
159244	905	1512	1740	148	137	11	7	5	12350	834	1853	627	2040	31	62	960	311	4149	0,0,3,96,0,0	10980	0	584	163393	103613	69327	139211,139127,141584,144590,140647,138695,138695	3	26	26601,24253,63054,100456,46122,0,0	39	12551
159528	925	1429	1703	130	129	10	6	7	12188	834	1857	647	1956	45	64	928	296	4036	0,0,3,96,0,0	11153	0	528	163506	104030	69327	139100,139016,141479,144645,140734,138739,138739	3	27	26601,24253,63054,100467,46610,0,0	26	12461
159968	796	1312	1696	135	132	9	8	4	11991	834	1861	638	1948	35	49	910	296	3792	0,0,3,96,0,0	20271	0	388	163587	104338	69327	138938,138856,141326,144648,140767,138729,138729	3	21	26601,24253,63054,100474,46968,0,0	29	12387
160408	700	1236	1625	132	117	9	9	3	11806	836	1865	635	1980	27	59	887	292	3536	0,0,3,96,0,0	20150	0	400	163694	104632	69327	138799,138718,141197,144669,140819,138738,138738	3	24	26601,24253,63054,100481,47345,0,0	21	12300
160784	721	1133	1541	116	100	9	10	2	11624	836	1870	637	2015	27	54	852	263	3367	0,0,3,96,0,0	10892	0	422	163793	104956	69327	138672,138590,141077,144685,140864,138743,138743	3	20	26601,24253,63054,100489,47720,0,0	29	12228
161179	702	1065	1471	99	92	9	10	2	11406	837	1874	648	2040	30	37	808	229	3219	0,0,2,97,0,0	10838	0	400	163883	105273	69327	138537,138456,140948,144697,140908,138744,138744	2	19	26601,24253,63054,100497,48093,0,0	29	12156
161597	676	1053	1337	90	76	8	7	5	11182	837	1878	654	1948	32	38	775	209	3038	0,0,2,97,0,0	11022	0	370	163974	105555	69327	138397,138317,140816,144699,140941,138735,138735	2	10	26601,24253,63054,100502,48439,0,0	29	12085
162042	592	1014	1256	95	93	9	5	5	10918	838	1879	634	1985	29	41	736	202	2862	0,0,2,97,0,0	10892	0	329	164051	105808	69327	138239,138158,140659,144684,140954,138707,138707	2	21	26601,24253,63054,100506,48741,0,0	29	12025
162431	558	968	1210	94	85	9	5	5	10661	838	1882	658	1889	18	40	710	205	2724	0,0,2,97,0,0	10816	0	335	164140	106059	69327	138095,138012,140519,144676,140973,138688,138688	2	12	26601,24253,63054,100508,49057,5,0	27	11952
162924	498	900	1161	87	79	9	2	8	10353	838	1887	667	1974	14	28	663	181	2555	0,0,1,97,0,0	20005	0	268	164200	106274	69327	137920,137839,140353,144634,140958,138632,138632	2	21	26601,24253,63054,100513,49295,7,0	25	11904
163351	427	850	1039	79	80	6	3	6	10171	838	1896	655	1956	22	35	611	151	2333	0,0,1,97,0,0	20104	0	239	164260	106457	69327	137774,137692,140215,144602,140951,138587,138587	2	19	26601,24253,63054,100516,49516,9,0	20	11855
163804	421	735	1020	79	79	6	5	7	9851	838	1901	645	2024	24	36	569	161	2184	0,0,1,97,0,0	10725	0	254	164314	106664	69327	137613,137533,140060,144547,140922,138521,138521	1	17	26601,24253,63054,100520,49737,17,0	20	11814
164257	397	677	916	81	73	9	7	6	9582	838	1903	646	1917	22	32	544	163	1997	0,0,1,97,0,0	10676	0	211	164366	106828	69327	137455,137377,139911,144497,140896,138461,138461	1	17	26601,24253,63054,100522,49932,21,0	21	11776
164735	331	622	834	71	59	8	5	7	9326	839	1909	663	1980	10	34	514	155	1775	0,0,1,96,1,0	10591	0	170	164404	106963	69327	137285,137208,139750,144422,140847,138374,138374	1	8	26601,24253,63054,100525,50085,25,0	19	11744
165243	315	550	793	61	62	7	5	6	8950	839	1915	627	1980	23	26	480	147	1646	0,0,1,96,1,0	10495	0	180	164443	107112	69327	137102,137025,139577,144348,140802,138288,138288	1	9	26601,24253,63054,100526,50258,32,0	18	11711
165711	324	493	717	58	48	9	5	6	8617	839	1919	643	1903	15	24	470	135	1519	0,0,1,96,1,0	10602	0	189	164494	107253	69327	136932,136853,139413,144285,140765,138213,138213	1	10	26601,24253,63054,100527,50432,38,0	19	11671
166220	272	461	647	52	45	10	4	6	8268	839	1922	643	1969	10	22	452	132	1359	0,0,1,96,2,0	19530	0	122	164526	107346	69327	136759,136679,139249,144197,140700,138112,138112	1	7	26601,24253,63054,100528,50540,41,0	18	11645
166687	205	443	589	51	41	10	3	6	7947	840	1924	641	2011	13	22	424	123	1219	0,0,1,95,3,0	19637	0	105	164555	107429	69327	136590,136509,139090,144118,140641,138019,138019	1	7	26601,24253,63054,100528,50629,56,0	17	11621
167123	199	376	535	45	38	9	4	5	7645	840	1927	668	2018	12	20	400	106	1100	0,0,1,94,3,0	10566	0	104	164579	107518	69327	136422,136342,138931,144019,140564,137910,137909	1	3	26601,24253,63054,100528,50726,65,0	19	11601
167578	175	317	498	37	36	9	4	5	7312	840	1935	679	1815	5	20	380	99	977	0,0,1,94,4,0	10469	0	95	164596	107598	69327	136246,136167,138764,143918,140484,137798,137798	1	4	26601,24253,63054,100528,50811,70,0	20	11587
168021	157	302	437	33	32	6	3	6	6969	840	1940	647	1995	5	20	347	89	881	0,0,1,94,4,0	10515	0	85	164612	107671	69327	136071,135993,138596,143823,140407,137690,137690	0	5	26601,24253,63054,100529,50882,76,0	16	11574
168462	126	288	381	33	34	4	2	7	6627	840	1942	667	1850	3	7	306	72	796	0,0,1,93,5,0	10422	0	66	164640	107714	69327	135904,135824,138435,143729,140327,137580,137580	0	2	26601,24253,63054,100529,50941,82,0	11	11555
168923	122	238	364	31	26	4	2	7	6246	840	1943	667	1918	2	14	275	61	726	0,0,0,93,5,0	10512	0	72	164655	107774	69327	135724,135645,138264,143623,140240,137463,137462	0	2	26601,24253,63054,100529,51005,89,0	10	11545
169314	121	195	326	27	20	3	1	6	5944	840	1949	673	1999	0	6	233	44	649	0,0,0,92,7,0	19586	0	53	164667	107819	69327	135571,135492,138119,143526,140160,137356,137355	0	4	26601,24253,63054,100529,51054,96,0	9	11536
169708	87	186	297	25	14	3	1	5	5625	840	1955	700	1805	6	10	207	33	580	0,0,0,91,8,0	19649	0	43	164675	107855	69327	135419,135338,137975,143424,140073,137243,137242	0	1	26601,24253,63054,100529,51091,100,0	9	11529
170080	96	172	258	19	16	3	1	4	5298	841	1958	664	1813	2	11	190	35	530	0,0,0,89,10,0	10414	0	62	164687	107911	69327	135263,135180,137824,143320,139985,137129,137128	0	0	26601,24253,63054,100529,51139,116,0	8	11519
170391	112	144	238	15	17	3	1	3	5021	841	1960	672	1974	1	9	170	37	493	0,0,0,86,12,0	10267	0	67	164702	107968	69327	135117,135034,137684,143226,139906,137028,137027	0	1	26601,24253,63054,100529,51189,133,0	8	11508
170739	93	143	201	11	16	2	1	3	4733	841	1963	656	1832	1	11	153	35	432	0,0,0,85,14,0	10389	0	36	164709	107998	69327	134963,134880,137537,143118,139812,136912,136910	0	4	26601,24253,63054,100529,51218,137,0	5	11502
171061	64	148	186	12	12	3	1	2	4447	841	1969	640	1776	1	3	133	26	400	0,0,0,83,15,0	10273	0	34	164715	108031	69327	134810,134726,137390,143011,139720,136798,136796	0	1	26601,24253,63054,100529,51247,145,0	7	11496
171383	59	130	177	11	9	4	1	2	4157	841	1972	642	1839	1	8	114	24	367	0,0,0,81,17,0	10191	0	34	164719	108063	69327	134658,134574,137242,142903,139625,136683,136681	0	1	26601,24253,63054,100529,51269,154,0	8	11494
171712	60	110	163	12	7	3	1	2	3861	841	1974	686	1760	2	5	96	18	338	0,0,0,79,20,0	19363	0	32	164727	108095	69327	134515,134428,137103,142802,139539,136575,136573	0	1	26601,24253,63054,100529,51294,167,0	6	11487
171990	65	114	133	7	1	3	2	1	3611	841	1978	696	1775	1	4	90	15	310	0,0,0,76,23,0	19357	0	42	164734	108133	69327	134382,134296,136975,142707,139458,136475,136472	0	2	26601,24253,63054,100529,51318,181,0	10	11484
172291	56	101	142	8	6	2	2	1	3313	841	1983	676	1825	3	1	75	12	305	0,0,0,73,25,0	10213	0	27	164744	108153	69327	134234,134147,136832,142603,139366,136364,136361	0	0	26601,24253,63054,100529,51336,193,0	8	11478
172558	55	87	140	10	8	2	2	1	3054	841	1988	674	1964	1	5	75	16	288	0,0,0,73,26,0	10411	0	33	164749	108184	69327	134092,134005,136695,142501,139276,136255,136252	0	1	26601,24253,63054,100529,51359,206,0	5	11474
172789	57	83	127	8	6	1	1	1	2840	842	1991	664	1818	4	1	66	10	273	0,0,0,68,31,0	10249	0	27	164758	108207	69327	133964,133877,136571,142405,139191,136154,136151	0	1	26601,24253,63054,100529,51374,221,0	3	11468
172995	52	78	110	10	6	0	1	1	2658	842	1993	667	2038	0	5	61	11	246	0,0,0,63,36,0	10236	0	19	164764	108227	69327	133838,133753,136450,142310,139102,136052,136048	0	0	26601,24253,63054,100529,51385,235,0	2	11462
173200	44	81	90	9	9	0	0	2	2471	842	1998	666	1788	2	2	53	11	222	0,0,0,59,40,0	10191	0	23	164773	108244	69327	133711,133627,136328,142212,139013,135949,135945	0	3	26601,24253,63054,100529,51394,250,0	1	11453
173415	41	78	80	8	7	0	0	2	2271	842	2002	673	1757	4	4	48	14	200	0,0,0,57,42,0	19521	0	20	164779	108259	69327	133588,133503,136209,142119,138929,135851,135847	0	0	26601,24253,63054,100529,51406,258,0	2	11448
173588	31	78	81	6	4	0	0	2	2105	842	2009	666	1829	3	0	48	10	190	0,0,0,55,44,0	19401	0	20	164783	108278	69327	133473,133389,136096,142030,138848,135759,135754	0	1	26601,24253,63054,100529,51415,271,0	2	11445
173752	42	66	82	8	4	0	0	2	1932	842	2016	673	1926	1	1	43	13	189	0,0,0,56,43,0	10126	0	25	164792	108300	69327	133352,133267,135978,141939,138765,135663,135658	0	2	26601,24253,63054,100529,51429,288,0	2	11438
173901	44	62	75	5	2	0	0	1	1798	842	2016	683	1830	2	3	39	12	176	0,0,0,51,48,0	10032	0	21	164797	108318	69327	133237,133153,135866,141847,138679,135567,135561	0	2	26601,24253,63054,100529,51437,303,0	2	11435
174026	43	64	72	3	3	0	0	1	1674	842	2018	687	1851	0	1	38	11	174	0,0,0,46,53,0	10161	0	21	164802	108341	69327	133131,133047,135763,141759,138598,135476,135470	0	0	26601,24253,63054,100529,51447,321,0	1	11432
174155	41	66	65	2	6	0	0	1	1543	842	2025	638	1744	2	1	33	10	170	0,0,0,41,58,0	10122	0	18	164807	108360	69327	133018,132934,135654,141670,138514,135384,135378	0	2	26601,24253,63054,100529,51453,338,0	1	11428
174243	43	60	76	1	4	0	0	1	1448	842	2028	652	1886	1	1	29	9	175	0,0,0,38,61,0	10180	0	20	164813	108381	69327	132913,132829,135550,141583,138432,135295,135289	0	0	26601,24253,63054,100529,51459,358,0	1	11423
174340	50	52	80	1	3	0	0	1	1348	842	2029	661	1772	2	0	28	7	179	0,0,0,36,63,0	19194	0	26	164823	108401	69327	132817,132733,135456,141505,138358,135215,135208	0	2	26601,24253,63054,100529,51467,379,0	2	11413
174416	47	61	77	2	6	0	0	1	1262	842	2032	694	1839	2	1	25	9	184	0,0,0,32,67,0	19561	0	26	164832	108423	69327	132727,132643,135368,141433,138289,135141,135133	0	0	26601,24253,63054,100529,51473,404,0	3	11405
174516	45	65	70	2	4	0	0	1	1168	842	2033	668	1783	0	2	24	7	179	0,0,0,30,69,0	10179	0	17	164837	108438	69327	132619,132534,135261,141342,138202,135048,135039	0	0	26601,24253,63054,100529,51478,419,0	2	11403
174594	42	72	59	2	4	0	0	1	1089	842	2041	673	1799	1	2	21	7	172	0,0,0,24,75,0	10200	0	20	164845	108454	69327	132517,132433,135160,141257,138121,134961,134952	0	1	26601,24253,63054,100529,51481,439,0	1	11395
174677	48	60	64	2	4	0	0	1	1002	842	2046	671	1823	0	3	24	7	171	0,0,0,24,75,0	10121	0	21	164850	108473	69327	132419,132335,135064,141173,138042,134876,134866	0	1	26601,24253,63054,100529,51489,454,0	2	11392
174741	44	69	65	1	3	0	0	1	931	842	2049	665	1846	2	1	21	6	176	0,0,0,24,75,0	10173	0	18	164855	108492	69327	132323,132238,134968,141087,137959,134790,134779	0	1	26601,24253,63054,100529,51492,474,0	2	11388
174783	51	62	74	4	1	0	0	1	876	842	2052	675	1796	0	2	21	7	185	0,0,0,23,76,0	10170	0	31	164860	108521	69327	132229,132144,134875,141005,137881,134708,134697	0	0	26601,24253,63054,100529,51498,502,0	4	11384
174830	54	64	72	5	1	0	0	0	819	842	2059	640	1800	1	2	22	7	189	0,0,0,21,78,0	19361	0	22	164868	108542	69327	132146,132061,134793,140932,137811,134635,134623	0	2	26601,24253,63054,100529,51502,527,0	3	11380
174902	35	72	71	8	2	0	0	0	754	842	2060	650	1806	2	2	24	9	179	0,0,0,20,79,0	19508	0	14	164871	108555	69327	132051,131967,134700,140856,137737,134557,134543	0	2	26601,24253,63054,100529,51504,541,0	3	11377
174929	43	71	68	7	1	0	0	0	723	842	2062	668	1840	0	2	24	8	182	0,0,0,20,80,0	9985	0	26	164875	108583	69327	131957,131872,134605,140775,137657,134475,134461	0	1	26601,24253,63054,100529,51508,568,0	2	11373
174962	59	63	70	4	2	0	0	0	677	842	2067	687	1802	0	1	26	4	194	0,0,0,20,79,0	10154	0	32	164884	108611	69327	131868,131783,134518,140698,137584,134398,134384	0	0	26601,24253,63054,100529,51517,596,0	1	11367
174973	60	67	69	5	1	0	0	0	658	842	2071	682	1793	1	1	23	4	198	0,0,0,20,79,0	10251	0	33	164889	108640	69327	131781,131696,134430,140623,137511,134323,134309	0	1	26601,24253,63054,100529,51520,626,0	1	11362
174972	65	87	66	5	3	0	0	0	633	842	2073	701	1782	3	1	20	2	224	0,0,0,18,81,0	10191	0	39	164896	108681	69327	131700,131614,134349,140553,137443,134253,134238	0	3	26601,24253,63054,100529,51527,666,0	1	11356
174991	72	82	77	5	4	0	0	0	598	842	2075	663	1803	2	3	24	7	233	0,0,0,16,83,0	10177	0	38	164903	108714	69327	131610,131525,134259,140477,137370,134179,134163	0	0	26601,24253,63054,100529,51531,702,0	0	11351
175012	64	87	83	6	7	0	0	0	568	842	2077	685	1784	2	2	25	8	239	0,0,0,16,83,0	19544	0	30	164906	108745	69327	131529,131444,134178,140407,137301,134108,134091	0	1	26601,24253,63054,100529,51535,732,0	0	11349
175019	67	98	82	7	8	0	0	0	540	842	2083	664	1984	2	5	29	11	251	0,0,0,13,86,0	19528	0	42	164910	108786	69327	131451,131366,134101,140339,137236,134042,134024	0	2	26601,24253,63054,100529,51538,774,0	0	11345
175017	82	101	88	8	9	0	0	0	513	842	2086	659	1776	2	5	34	18	270	0,0,0,12,87,0	10149	0	49	164918	108831	69327	131367,131281,134016,140266,137165,133971,133952	0	4	26601,24253,63054,100529,51543,822,0	2	11338
174991	100	119	94	7	7	0	0	0	497	842	2089	654	1966	3	5	38	18	309	0,0,0,11,88,0	10141	0	64	164933	108886	69327	131297,131211,133945,140207,137108,133914,133894	0	0	26601,24253,63054,100529,51548,887,0	2	11328
174974	101	123	96	6	11	0	0	0	498	842	2095	654	1797	1	0	38	13	324	0,0,0,9,90,0	10176	0	49	164939	108931	69327	131219,131133,133867,140141,137044,133850,133829	0	0	26601,24253,63054,100529,51549,936,0	1	11322
174948	95	148	102	7	14	0	0	0	490	842	2100	666	1745	2	5	39	16	350	0,0,0,7,92,0	10092	0	56	164948	108984	69327	131146,131061,133794,140077,136981,133788,133765	0	2	26601,24253,63054,100529,51552,995,0	2	11314
174912	111	156	110	7	18	0	0	0	486	842	2104	660	1966	0	5	44	18	384	0,0,0,6,93,0	10092	0	79	164962	109051	69327	131071,130986,133718,140019,136926,133733,133709	0	2	26601,24253,63054,100529,51555,1073,0	2	11302
174862	132	162	131	7	14	0	0	0	488	842	2108	657	1969	6	3	44	14	432	0,0,0,5,94,0	19465	0	69	164981	109112	69327	131009,130925,133656,139977,136885,133693,133668	0	4	26601,24253,63054,100529,51557,1150,0	3	11284
174834	129	160	150	7	7	0	0	0	506	842	2111	665	1878	4	5	50	11	442	0,0,0,4,95,0	19539	0	67	164990	109171	69327	130939,130855,133587,139921,136830,133640,133613	0	4	26601,24253,63054,100529,51558,1217,0	3	11276
174769	135	191	161	8	7	0	0	0	520	842	2113	679	1932	5	7	56	19	483	0,0,0,3,96,0	10195	0	91	165009	109247	69327	130873,130789,133519,139869,136780,133590,133563	0	4	26601,24253,63054,100529,51559,1310,0	7	11262
174710	140	212	165	11	10	0	0	0	538	842	2118	705	1964	1	5	60	22	516	0,0,0,2,97,0	10107	0	85	165027	109322	69327	130808,130725,133455,139821,136734,133546,133517	0	5	26601,24253,63054,100529,51560,1402,0	8	11246
174624	164	234	188	13	14	0	0	0	546	842	2121	707	1735	6	11	63	27	586	0,0,0,2,97,0	10156	0	118	165062	109411	69327	130757,130673,133402,139796,136711,133525,133494	0	6	26601,24253,63054,100529,51564,1522,0	7	11220
174535	199	245	205	13	18	1	0	0	564	842	2124	695	1878	5	6	67	33	648	0,0,0,2,97,0	10247	0	127	165091	109516	69327	130704,130620,133349,139769,136685,133502,133469	0	6	26601,24253,63054,100529,51567,1653,0	12	11194
174413	238	260	222	21	22	1	0	0	599	842	2128	675	1832	8	9	74	39	725	0,0,0,1,98,0	10079	0	153	165131	109636	69327	130660,130577,133302,139750,136669,133489,133454	0	15	26601,24253,63054,100529,51568,1812,0	10	11160
174328	241	272	259	19	16	0	0	0	637	842	2132	706	1813	6	5	84	36	771	0,0,0,1,98,0	19484	0	119	165163	109730	69327	130609,130526,133249,139724,136644,133467,133430	0	6	26601,24253,63054,100529,51570,1936,0	7	11130
174223	228	328	264	19	17	0	0	0	687	842	2138	697	1982	10	11	93	40	816	0,0,0,1,98,0	19490	0	141	165193	109846	69327	130566,130482,133204,139700,136622,133449,133409	0	7	26601,24253,63054,100529,51571,2080,0	9	11103
174079	273	337	285	27	20	0	0	0	743	842	2140	699	1754	7	10	106	47	895	0,0,0,1,98,0	10269	0	170	165224	109991	69327	130525,130443,133160,139681,136606,133436,133395	0	13	26601,24253,63054,100529,51575,2252,0	12	11078
173935	305	346	307	28	24	0	1	0	814	842	2144	698	1970	16	12	119	54	957	0,0,0,1,98,0	10197	0	185	165260	110142	69327	130483,130401,133115,139675,136603,133436,133393	0	9	26601,24253,63054,100529,51578,2436,0	8	11047
173792	303	394	342	30	24	0	2	0	870	842	2147	696	2066	9	14	139	71	1024	0,0,0,1,98,0	10331	0	181	165294	110297	69327	130442,130359,133071,139668,136599,133436,133391	0	7	26601,24253,63054,100529,51578,2621,0	7	11018
173639	310	440	357	31	20	0	2	0	956	842	2149	713	1855	7	16	153	70	1090	0,0,0,1,98,0	10363	0	198	165326	110468	69327	130402,130319,133027,139658,136593,133434,133386	0	9	26601,24253,63054,100529,51581,2819,0	6	10993
173442	378	434	405	30	22	0	1	1	1037	842	2154	686	1958	6	10	157	67	1203	0,0,0,1,98,0	10210	0	245	165370	110677	69327	130377,130294,132998,139670,136608,133455,133403	0	14	26601,24253,63054,100529,51585,3066,0	11	10956
173284	399	474	423	30	29	0	1	1	1102	842	2161	698	1765	14	10	159	67	1289	0,0,0,1,98,0	19489	0	216	165413	110859	69327	130350,130267,132968,139678,136619,133472,133416	0	14	26601,24253,63054,100529,51590,3286,0	15	10919
173076	408	540	435	32	31	0	1	1	1218	842	2162	664	1947	19	11	169	69	1378	0,0,0,1,98,0	19580	0	242	165456	111066	69327	130334,130250,132948,139694,136639,133497,133439	1	12	26601,24253,63054,100529,51591,3532,0	11	10881
172862	475	564	491	35	36	1	1	1	1274	842	2164	623	2006	12	14	187	84	1519	0,0,0,1,98,0	10375	0	292	165511	111312	69327	130312,130229,132921,139729,136679,133544,133481	1	10	26601,24253,63054,100529,51592,3828,0	10	10832
172582	563	575	561	34	41	1	0	2	1377	842	2168	642	2044	19	20	211	88	1687	0,0,0,1,98,0	10360	0	351	165574	111603	69327	130315,130231,132916,139787,136743,133615,133548	1	15	26601,24253,63054,100529,51593,4180,0	11	10780
172342	584	651	569	43	46	2	0	1	1495	842	2171	662	2013	13	22	227	94	1801	0,0,0,1,98,0	10302	0	315	165618	111884	69327	130305,130221,132903,139820,136782,133662,133590	1	15	26601,24253,63054,100529,51597,4499,0	12	10741
172028	617	779	595	39	42	2	0	1	1623	842	2178	670	1952	12	31	251	99	1975	0,0,0,1,98,0	10116	0	400	165689	112223	69327	130320,130237,132912,139897,136862,133754,133676	1	24	26601,24253,63054,100529,51604,4901,0	14	10685
171686	704	837	676	41	41	4	0	1	1734	842	2180	675	1681	23	17	256	91	2212	0,0,0,1,98,0	10390	0	431	165754	112596	69327	130337,130255,132922,139978,136948,133851,133767	1	12	26601,24253,63054,100529,51606,5335,0	18	10627
171380	704	923	730	44	51	3	0	0	1886	842	2183	663	1804	19	17	270	98	2357	0,0,0,1,98,0	19614	0	401	165818	112938	69327	130354,130273,132934,140062,137036,133949,133859	1	34	26601,24253,63054,100529,51610,5736,0	15	10578
171054	682	1004	827	53	50	3	0	0	2047	842	2184	683	1992	22	30	286	121	2498	0,0,0,0,99,0	19733	0	414	165903	113276	69327	130378,130296,132952,140159,137137,134060,133964	1	23	26601,24253,63054,100529,51612,6152,0	26	10505
170589	814	1071	905	50	45	4	0	0	2237	842	2189	657	1940	22	22	306	124	2765	0,0,0,1,98,0	10349	0	566	165987	113770	69327	130435,130355,132999,140283,137268,134206,134103	1	35	26601,24253,63054,100529,51616,6722,0	25	10435
170130	949	1076	1010	55	59	4	0	0	2426	842	2195	678	2011	33	29	337	139	3014	0,0,0,0,99,0	10320	0	585	166090	114257	69327	130496,130418,133052,140429,137425,134375,134264	2	32	26601,24253,63054,100529,51618,7309,0	31	10347
169615	1029	1224	1062	58	60	5	0	0	2653	842	2198	678	1871	38	28	370	153	3285	0,0,0,0,99,0	10595	0	641	166195	114801	69327	130573,130495,133118,140591,137595,134561,134442	2	48	26601,24253,63054,100529,51619,7954,0	31	10260
169055	1111	1376	1147	56	66	8	0	0	2886	842	2199	654	2062	49	43	417	176	3588	0,0,0,0,99,0	10572	0	701	166314	115390	69327	130669,130591,133202,140774,137788,134771,134643	2	36	26601,24253,63054,100529,51621,8655,0	39	10166
168426	1256	1470	1268	67	75	6	0	0	3133	842	2203	641	1929	35	35	464	206	3936	0,0,0,0,99,0	10519	0	793	166474	116030	69327	130789,130711,133309,141015,138037,135041,134901	3	42	26601,24253,63054,100529,51624,9447,0	42	10030
167928	1249	1571	1404	94	86	6	1	0	3355	842	2210	615	1992	40	30	486	221	4190	0,0,0,0,99,0	19870	0	676	166583	116601	69327	130875,130800,133389,141199,138232,135251,135101	3	48	26601,24253,63054,100529,51624,10120,0	44	9934
167361	1209	1731	1512	93	97	6	2	0	3682	842	2211	636	1961	49	46	518	229	4421	0,0,0,0,99,0	19707	0	746	166729	117211	69327	130985,130909,133488,141423,138466,135502,135340	3	37	26601,24253,63054,100529,51626,10868,0	49	9809
166592	1433	1845	1648	96	94	5	4	0	3969	842	2218	629	1916	45	47	567	243	4882	0,0,0,0,99,0	10622	0	985	166905	118030	69327	131145,131071,133636,141718,138774,135836,135659	3	39	26601,24253,63054,100529,51628,11857,0	43	9663
165786	1646	1918	1786	112	108	6	5	0	4315	842	2222	637	2026	52	53	618	265	5316	0,0,0,0,99,0	10630	0	1025	167088	118887	69327	131326,131254,133804,142041,139110,136197,136006	3	50	26601,24253,63054,100529,51628,12890,0	45	9506
164982	1750	2140	1865	121	106	7	5	1	4702	842	2225	622	1880	63	54	663	263	5731	0,0,0,0,99,0	10710	0	1057	167260	119785	69327	131521,131450,133983,142352,139430,136547,136341	4	54	26601,24253,63054,100529,51629,13948,0	48	9367
164123	1835	2385	2022	128	112	6	6	1	5058	842	2228	603	2062	59	72	727	298	6196	0,0,0,0,99,0	10771	0	1134	167439	120751	69327	131723,131649,134167,142690,139784,136931,136707	4	53	26601,24253,63054,100529,51630,15080,0	52	9219
163074	2071	2552	2209	138	118	5	7	1	5499	842	2230	594	1900	67	65	779	329	6771	0,0,0,0,99,0	10848	0	1313	167631	121887	69327	131958,131884,134383,143079,140194,137372,137131	4	58	26601,24253,63054,100529,51631,16392,0	57	9058
162248	2052	2678	2454	132	142	2	4	4	5956	842	2232	588	2008	57	56	831	341	7123	0,0,0,0,99,0	20193	0	1134	167821	122846	69327	132158,132083,134572,143430,140558,137767,137506	5	71	26601,24253,63054,100529,51632,17530,0	51	8885
161472	1919	2884	2595	149	153	3	4	4	6488	842	2233	567	1995	80	74	875	369	7338	0,0,0,0,99,0	20080	0	1134	168008	123811	69327	132338,132264,134739,143775,140915,138159,137875	5	61	26601,24253,63054,100529,51632,18671,0	56	8721
160380	2144	2967	2781	164	168	3	4	4	7055	842	2234	597	1865	60	88	967	408	7823	0,0,0,0,99,0	10882	0	1451	168249	125032	69327	132621,132546,135004,144222,141380,138666,138357	5	74	26601,24253,63054,100529,51633,20122,0	58	8524
159215	2503	2960	3023	182	184	2	5	5	7585	842	2240	594	2049	89	83	1022	426	8433	0,0,0,0,99,0	11023	0	1580	168488	126385	69327	132913,132839,135276,144707,141883,139214,138879	5	70	26601,24253,63054,100529,51634,21691,0	64	8319
158021	2685	3202	3136	183	198	1	3	6	8227	842	2242	609	1986	73	85	1102	455	8953	0,0,0,0,99,0	11123	0	1627	168722	127790	69327	133224,133150,135566,145190,142390,139765,139403	5	70	26601,24253,63054,100529,51634,23308,0	62	8126
156814	2756	3556	3207	198	192	0	3	7	8928	842	2243	614	1958	81	93	1174	459	9453	0,0,0,0,99,0	11230	0	1653	169001	129179	69327	133543,133469,135863,145731,142949,140370,139979	6	100	26601,24253,63054,100529,51635,24951,0	64	7891
155536	2844	3873	3343	217	211	6	4	5	9615	842	2250	616	2007	123	88	1239	460	10038	0,0,0,0,99,0	11327	0	1787	169251	130731	69327	133872,133801,136168,146252,143490,140965,140542	6	87	26601,24253,63054,100529,51635,26729,0	71	7667
154540	2788	3933	3636	220	214	7	5	6	10304	842	2251	620	1931	110	91	1332	483	10320	0,0,0,0,99,0	20849	0	1548	169495	132047	69327	134132,134064,136412,146712,143965,141491,141032	7	96	26601,24253,63054,100529,51635,28270,0	80	7449
153544	2730	4022	3903	251	241	12	7	6	10935	842	2253	620	1995	116	109	1393	529	10637	0,0,0,0,99,0	20806	0	1628	169755	133430	69327	134412,134346,136675,147190,144466,142043,141544	7	93	26601,24253,63054,100529,51635,29884,0	93	7219
152140	3031	4127	4026	277	254	13	10	4	11766	842	2256	592	1934	110	110	1489	573	11165	0,0,0,0,99,0	11581	0	2007	170055	135150	69327	134806,134738,137041,147789,145087,142724,142190	8	108	26601,24253,63054,100529,51636,31858,0	92	6972
150831	3308	4154	4190	290	275	12	10	5	12571	842	2258	587	1912	114	145	1611	607	11632	0,0,0,0,99,0	11581	0	1979	170297	136905	69327	135161,135089,137368,148321,145644,143345,142771	8	99	26601,24253,63054,100529,51636,33809,0	87	6763
149581	3323	4432	4257	292	290	13	5	10	13442	842	2259	593	1977	112	132	1702	653	11959	0,0,0,0,99,0	11644	0	1979	170575	138622	69327	135506,135435,137689,148874,146221,143989,143370	9	102	26601,24253,63054,100529,51636,35774,0	98	6520
148295	3411	4712	4350	293	305	16	7	9	14244	842	2262	590	1943	132	142	1777	707	12387	0,0,0,0,99,0	11840	0	2065	170823	140450	69327	135877,135806,138036,149417,146792,144630,143961	9	101	26601,24253,63054,100529,51636,37808,0	105	6317
146931	3537	4884	4578	327	283	15	4	13	15066	842	2266	580	2007	117	129	1862	711	12917	0,0,0,0,99,0	11964	0	2166	171099	142353	69327	136288,136221,138426,150010,147410,145320,144603	9	109	26601,24253,63054,100529,51636,39942,0	105	6088
145859	3461	4920	4854	334	304	13	6	13	15868	842	2272	580	1871	129	130	1941	735	13157	0,0,0,0,99,0	21251	0	1937	171346	144060	69327	136608,136540,138727,150522,147940,145921,145150	10	120	26601,24253,63054,100529,51636,41847,0	111	5877
144917	3205	4998	5077	335	337	15	9	13	16726	842	2272	566	1978	134	138	2006	750	13226	0,0,0,0,99,0	21434	0	1865	171539	145750	69327	136882,136815,138990,150951,148385,146440,145614	10	112	26601,24253,63054,100529,51636,43679,0	130	5714
143664	3433	5009	5145	345	332	13	8	14	17663	842	2278	553	1933	139	180	2131	792	13493	0,0,0,0,99,0	12152	0	2219	171783	147737	69327	137251,137184,139335,151500,148959,147099,146213	10	114	26601,24253,63054,100529,51637,45851,0	95	5505
142467	3779	4841	5253	376	340	14	8	16	18531	842	2279	515	1903	97	145	2199	798	13813	0,0,0,0,99,0	12289	0	2233	172013	149761	69327	137615,137544,139675,152035,149517,147742,146793	10	106	26601,24253,63054,100529,51637,48029,0	101	5315
141451	3675	5102	5237	378	341	13	8	15	19402	842	2282	549	1979	115	177	2238	789	13965	0,0,0,0,99,0	12244	0	2091	172249	151639	69327	137933,137866,139975,152540,150044,148354,147340	10	89	26601,24253,63054,100529,51637,50068,0	99	5112
140442	3605	5317	5220	372	358	14	9	13	20270	842	2284	546	1905	143	165	2287	760	14135	0,0,0,0,99,0	12407	0	2146	172495	153555	69327	138257,138197,140284,153049,150578,148972,147890	10	121	26601,24253,63054,100529,51637,52149,0	108	4904
139448	3699	5241	5441	376	358	16	10	12	21015	842	2288	574	1982	146	177	2330	785	14356	0,0,0,0,99,0	12362	0	2197	172710	155555	69327	138569,138510,140581,153524,151075,149562,148408	10	102	26601,24253,63054,100529,51637,54270,0	115	4719
138716	3500	5160	5614	387	397	16	10	12	21800	842	2292	567	2003	125	180	2366	807	14277	0,0,0,0,99,0	21612	0	1939	172919	157301	69327	138812,138753,140813,153958,151522,150098,148869	10	117	26601,24253,63054,100529,51637,56162,0	116	4541
138206	3243	5180	5676	389	381	21	10	11	22492	842	2295	573	1946	146	176	2399	841	14059	0,0,0,0,100,0	21526	0	1839	173122	158958	69327	139011,138953,141004,154342,151915,150586,149277	10	119	26601,24253,63054,100529,51637,57947,0	127	4363
137304	3426	5111	5645	382	363	22	9	14	23331	842	2297	578	1973	144	179	2479	848	14110	0,0,0,0,100,0	12555	0	2236	173330	161001	69327	139307,139249,141287,154812,152405,151178,149786	10	111	26601,24253,63054,100529,51637,60098,0	113	4186
136696	3536	4969	5539	388	354	23	9	13	24077	842	2300	604	1899	97	162	2526	851	13967	0,0,0,0,100,0	12578	0	2004	173519	162827	69327	139523,139465,141491,155203,152814,151682,150207	10	82	26601,24253,63054,100529,51637,62013,0	112	4023
136115	3437	5037	5500	387	362	19	10	14	24720	842	2303	606	1970	120	173	2521	808	13944	0,0,0,0,100,0	12587	0	2041	173687	164714	69327	139760,139701,141719,155576,153202,152174,150609	10	110	26601,24253,63054,100529,51637,63955,0	111	3882
135644	3367	5006	5547	399	371	16	12	13	25219	842	2310	608	1964	130	171	2518	821	13897	0,0,0,0,100,0	12659	0	1945	173850	166517	69327	139950,139890,141900,155938,153572,152644,150993	10	102	26601,24253,63054,100529,51637,65786,0	105	3730
135296	3268	4986	5500	393	352	18	10	13	25755	842	2313	607	1953	116	155	2532	797	13730	0,0,0,0,100,0	12560	0	1881	174005	168252	69327	140119,140062,142064,156262,153906,153077,151338	10	81	26601,24253,63054,100529,51637,67532,0	79	3594
135271	2990	4867	5444	397	362	18	11	14	26211	842	2319	610	1935	113	149	2488	799	13290	0,0,0,0,100,0	21918	0	1638	174153	169759	69327	140194,140141,142145,156522,154173,153442,151603	10	101	26601,24253,63054,100529,51637,69073,0	87	3462
135267	2799	4668	5387	400	352	20	9	15	26662	842	2325	590	1968	102	143	2457	759	12876	0,0,0,0,100,0	21677	0	1624	174295	171259	69327	140259,140208,142213,156761,154413,153785,151847	10	96	26601,24253,63054,100529,51637,70595,0	100	3334
135138	2813	4428	5300	400	362	18	8	17	27093	842	2327	603	1945	120	183	2432	755	12574	0,0,0,0,100,0	12626	0	1724	174417	172875	69327	140360,140308,142309,157003,154655,154132,152099	10	78	26601,24253,63054,100529,51637,72200,0	80	3224
135102	2845	4174	5200	358	342	23	10	14	27507	842	2329	618	2022	125	178	2427	755	12197	0,0,0,0,100,0	12572	0	1658	174541	174419	69327	140431,140379,142378,157235,154887,154464,152339	9	77	26601,24253,63054,100529,51637,73707,0	101	3118
135280	2756	4042	5070	359	356	21	12	15	27662	842	2331	615	1920	75	172	2425	780	11836	0,0,0,0,100,0	12622	0	1557	174659	175870	69327	140455,140405,142408,157424,155081,154759,152532	9	74	26601,24253,63054,100529,51637,75131,0	100	3013
135514	2614	4044	4809	379	329	17	9	16	27837	842	2336	612	1930	102	155	2356	727	11474	0,0,0,0,100,0	12499	0	1515	174755	177301	69327	140468,140423,142428,157598,155249,155030,152702	9	87	26601,24253,63054,100529,51637,76505,0	87	2937
135755	2515	3985	4691	340	321	15	10	16	27918	842	2338	591	1972	113	152	2321	700	11177	0,0,0,0,100,0	12534	0	1511	174869	178711	69327	140490,140448,142459,157771,155422,155307,152874	8	81	26601,24253,63054,100529,51637,77893,0	81	2840
136110	2390	3793	4603	311	303	14	13	15	28011	842	2341	603	1924	75	114	2261	688	10739	0,0,0,0,100,0	21771	0	1327	174957	179957	69327	140465,140422,142438,157893,155540,155521,152989	8	78	26601,24253,63054,100529,51637,79092,0	80	2763
136657	2138	3695	4387	293	305	17	13	16	28036	842	2347	599	1912	86	114	2168	627	10221	0,0,0,0,100,0	21513	0	1194	175032	181087	69327	140390,140352,142378,157984,155625,155700,153065	8	81	26601,24253,63054,100529,51637,80171,0	83	2699
137120	2111	3522	4277	280	308	18	14	17	27888	842	2349	603	2017	105	152	2155	646	9884	0,0,0,0,100,0	12259	0	1331	175103	182356	69327	140338,140302,142340,158075,155715,155888,153150	8	67	26601,24253,63054,100529,51637,81355,0	82	2637
137631	2114	3294	4076	270	281	15	16	15	27840	842	2352	615	2038	90	130	2128	633	9433	0,0,0,0,100,0	12153	0	1207	175170	183508	69327	140273,140238,142288,158153,155787,156051,153215	7	51	26601,24253,63054,100529,51637,82407,0	82	2581
138241	2053	3164	3961	242	267	16	15	16	27572	842	2357	619	1931	75	117	2091	618	9100	0,0,0,0,100,0	12238	0	1203	175230	184664	69327	140166,140132,142193,158217,155837,156204,153261	7	71	26601,24253,63054,100529,51637,83456,0	72	2530
138912	2023	3052	3739	241	248	19	15	15	27280	842	2360	638	1982	93	115	2004	591	8746	0,0,0,0,100,0	12137	0	1162	175293	185772	69327	140039,140006,142081,158262,155875,156341,153288	7	55	26601,24253,63054,100529,51637,84473,0	73	2479
139644	1924	2940	3610	238	239	17	11	19	26898	842	2364	625	1946	58	102	1905	566	8413	0,0,0,0,100,0	12122	0	1071	175354	186789	69327	139899,139866,141957,158311,155908,156469,153311	7	58	26601,24253,63054,100529,51637,85402,0	74	2427
140510	1704	2808	3489	217	246	20	8	20	26515	842	2367	606	1971	65	100	1790	522	7970	0,0,0,0,100,0	21186	0	880	175412	187619	69327	139725,139692,141801,158323,155903,156555,153293	6	54	26601,24253,63054,100529,51637,86159,0	68	2374
141391	1517	2707	3343	223	228	16	10	19	26076	842	2374	605	1946	72	101	1696	481	7563	0,0,0,0,100,0	21193	0	864	175465	188437	69327	139558,139527,141654,158325,155886,156627,153262	6	59	26601,24253,63054,100529,51637,86896,0	67	2327
142195	1531	2483	3190	214	208	17	8	16	25662	842	2380	631	1932	60	86	1620	460	7191	0,0,0,0,100,0	11786	0	941	175503	189343	69327	139390,139357,141498,158331,155881,156710,153244	6	49	26601,24253,63054,100529,51637,87697,0	68	2294
