S	E	I1	I2	I3	I4	I5_h	I6_h	R_h	R	D1	D2	H	T	P1	P2	Q	QT	NQ	MUT	HOM	VAC	NI	INF	REINF	BSTR	IMM	HCI	HCE	INFV	INFH	VNI
178077	113	133	54	42	39	8	6	0	273	1	0	203	0	0	0	69	69	326	0,0,0,0,0,0	178745	0	0	395	0	0	669,669,669,669,669,669,669	0	0	0,0,0,0,0,0,0	0	0
178035	90	191	51	38	36	9	6	0	288	1	1	352	349	2	83	104	68	353	0,0,0,0,0,0	12619	0	61	456	0	0	711,711,711,711,711,711,711	0	2	61,0,0,0,0,0,0	15	0
177974	106	202	63	47	36	9	6	0	300	1	2	437	136	0	14	286	79	390	0,0,0,0,0,0	12860	0	83	539	0	0	773,773,773,773,773,773,773	0	6	144,0,0,0,0,0,0	21	0
177909	110	226	80	43	37	9	7	0	322	1	2	492	294	0	16	433	87	425	0,0,0,0,0,0	13166	0	79	618	0	0	840,840,840,840,840,840,840	0	3	223,0,0,0,0,0,0	20	0
177835	121	227	94	49	48	9	8	0	348	1	6	541	292	3	17	563	105	451	0,0,0,0,0,0	25100	0	87	705	0	0	917,917,917,917,917,917,917	0	5	310,0,0,0,0,0,0	18	0
177778	118	251	102	52	50	11	7	0	365	2	10	602	259	1	20	717	130	461	0,0,0,0,0,0	25298	0	86	791	0	0	981,981,981,981,981,981,981	0	9	396,0,0,0,0,0,0	22	0
177718	128	257	124	54	56	12	7	0	374	2	14	619	242	0	25	990	156	482	0,0,0,0,0,0	13714	0	86	878	0	0	1050,1050,1050,1049,1049,1049,1049	0	3	483,0,0,0,0,0,0	23	0
177633	144	249	136	62	65	11	6	1	420	2	17	629	140	0	19	1105	177	496	0,0,0,0,0,0	13833	0	95	973	0	0	1139,1138,1138,1137,1137,1137,1137	0	8	578,0,0,0,0,0,0	29	0
177571	152	245	145	66	72	10	6	0	458	2	19	663	271	0	25	1256	198	498	0,0,0,0,0,0	13941	0	83	1054	2	0	1208,1207,1207,1204,1204,1204,1204	0	6	661,0,0,0,0,0,0	29	0
177510	155	262	154	69	62	12	8	0	489	2	23	699	261	1	30	1763	231	491	0,0,0,0,0,0	14289	0	87	1141	2	0	1280,1278,1278,1273,1273,1273,1273	0	9	748,0,0,0,0,0,0	25	0
177428	161	298	152	59	56	12	6	0	544	4	26	699	100	1	14	1817	215	529	0,0,0,0,0,0	14705	0	105	1245	4	0	1372,1370,1370,1362,1362,1362,1362	0	8	853,0,0,0,0,0,0	30	0
177359	155	306	171	73	59	14	5	0	567	5	32	710	105	0	9	1759	215	568	0,0,0,0,0,0	26566	0	93	1336	6	0	1456,1453,1453,1442,1442,1442,1442	0	3	946,0,0,0,0,0,0	30	0
177275	142	327	173	78	75	15	7	0	615	5	34	715	299	2	22	1647	231	586	0,0,0,0,0,0	26434	0	102	1437	7	0	1550,1546,1546,1533,1533,1533,1533	0	5	1048,0,0,0,0,0,0	33	0
177197	147	338	171	78	79	17	8	0	672	5	34	689	262	2	30	1874	239	599	0,0,0,0,0,0	14724	0	116	1552	8	0	1649,1643,1643,1625,1625,1625,1625	0	6	1164,0,0,0,0,0,0	40	0
177095	160	363	187	87	75	17	7	0	711	7	37	690	148	1	32	1943	251	645	0,0,0,0,0,0	14790	0	134	1686	9	0	1774,1767,1767,1742,1742,1742,1742	1	7	1299,0,0,0,0,0,0	41	0
176999	196	341	206	96	84	20	8	0	747	7	42	686	322	2	29	1863	254	697	0,0,0,0,0,0	14776	0	136	1820	11	0	1896,1887,1887,1855,1855,1855,1855	1	8	1435,0,0,0,0,0,0	40	0
176915	204	350	226	98	75	23	9	0	792	7	47	670	276	2	44	2016	279	706	0,0,0,0,0,0	14952	0	131	1950	13	0	2014,2002,2002,1960,1960,1960,1960	1	12	1566,0,0,0,0,0,0	45	0
176811	222	368	224	103	84	24	11	0	839	7	53	671	277	2	37	2499	305	731	0,0,0,0,0,0	15294	0	142	2091	15	0	2147,2133,2133,2082,2082,2082,2082	1	10	1709,0,0,0,0,0,0	50	0
176729	211	391	233	99	96	26	10	1	884	8	58	684	253	4	32	2855	319	747	0,0,0,0,0,0	27479	0	131	2223	15	0	2270,2252,2252,2189,2189,2189,2189	1	9	1841,0,0,0,0,0,0	56	0
176624	215	415	246	100	110	27	9	1	930	9	60	700	271	4	33	2552	330	792	0,0,0,0,0,0	27429	0	153	2376	18	0	2413,2392,2392,2315,2315,2315,2315	1	13	1997,0,0,0,0,0,0	62	0
176523	235	417	254	99	118	27	12	1	988	9	63	696	114	3	47	2666	385	777	0,0,0,0,0,0	15598	0	146	2522	18	0	2551,2526,2526,2437,2437,2437,2437	1	6	2143,0,0,0,0,0,0	58	0
176441	225	439	257	108	126	31	12	2	1026	11	68	645	270	1	34	2973	412	786	0,0,0,0,0,0	15660	0	145	2668	19	0	2684,2654,2654,2548,2548,2548,2548	1	11	2290,0,0,0,0,0,0	62	0
176324	248	453	269	115	120	33	11	3	1084	13	73	669	262	1	40	2989	413	836	0,0,0,0,0,0	15874	0	170	2837	21	0	2848,2814,2814,2692,2692,2692,2692	1	20	2460,0,0,0,0,0,0	63	0
176219	256	464	289	120	124	31	11	2	1141	13	76	666	256	2	38	3126	423	872	0,0,0,0,0,0	16003	0	164	2997	25	0	2997,2959,2959,2822,2822,2822,2822	1	14	2621,0,0,0,0,0,0	65	0
176096	270	506	298	127	137	29	12	2	1173	14	82	681	231	3	36	3374	440	939	0,0,0,0,0,0	16087	0	199	3195	27	0	3186,3141,3141,2982,2982,2982,2982	1	18	2819,0,0,0,0,0,0	71	0
175968	278	533	312	122	138	32	15	2	1250	14	82	671	278	3	45	3418	448	982	0,0,0,0,0,0	27817	0	186	3380	29	0	3363,3314,3314,3137,3137,3137,3137	2	11	3005,0,0,0,0,0,0	73	0
175874	278	543	325	125	145	32	17	2	1303	14	88	682	222	0	41	3128	445	1020	0,0,0,0,0,0	27914	0	167	3545	31	0	3520,3465,3465,3266,3266,3266,3266	2	12	3172,0,0,0,0,0,0	84	0
175744	307	557	332	140	147	33	19	2	1357	14	94	678	235	3	58	3045	470	1065	0,0,0,0,0,0	16116	0	206	3752	33	0	3717,3655,3655,3432,3432,3432,3432	2	23	3380,0,0,0,0,0,0	80	0
175578	320	622	334	145	152	35	23	2	1422	14	99	644	299	2	45	3382	479	1152	0,0,0,0,0,0	16118	0	239	3990	36	0	3948,3879,3879,3633,3633,3633,3633	2	16	3619,0,0,0,0,0,0	101	0
175423	342	635	340	163	166	35	24	2	1501	15	100	640	244	4	54	3690	521	1184	0,0,0,0,0,0	16411	0	227	4218	36	0	4163,4088,4088,3820,3820,3820,3820	2	21	3847,0,0,0,0,0,0	94	0
175263	360	675	331	170	168	39	29	2	1591	16	102	647	333	6	66	4251	559	1213	0,0,0,0,0,0	17101	0	244	4464	37	0	4399,4316,4316,4020,4020,4020,4020	2	36	4094,0,0,0,0,0,0	95	0
175109	377	698	343	186	198	40	29	2	1643	17	104	633	236	2	59	4642	570	1301	0,0,0,0,0,0	17495	0	247	4712	38	0	4641,4549,4549,4220,4220,4220,4220	2	34	4342,0,0,0,0,0,0	108	0
174973	364	718	375	197	210	40	27	4	1710	19	109	618	302	2	64	4651	589	1342	0,0,0,0,0,0	29028	0	230	4942	38	0	4864,4763,4763,4402,4402,4402,4402	2	18	4572,0,0,0,0,0,0	114	0
174848	375	722	427	205	204	43	30	5	1757	20	110	598	277	3	72	4682	627	1379	0,0,0,0,0,0	29052	0	236	5176	42	0	5085,4974,4974,4577,4577,4577,4577	3	26	4808,0,0,0,0,0,0	120	0
174729	384	733	420	207	204	41	32	6	1854	21	115	583	244	6	74	5155	655	1366	0,0,0,0,0,0	18320	0	242	5417	44	0	5317,5195,5195,4756,4756,4756,4756	3	26	5049,0,0,0,0,0,0	127	0
174606	400	741	430	220	201	50	28	7	1921	25	117	610	252	5	67	5179	647	1423	0,0,0,0,0,0	17999	0	247	5664	44	0	5551,5416,5416,4935,4935,4935,4935	3	27	5296,0,0,0,0,0,0	125	0
174454	395	768	452	216	209	55	27	7	2009	29	125	583	274	4	69	5413	689	1433	0,0,0,0,0,0	17968	0	256	5920	45	0	5803,5658,5658,5139,5139,5139,5139	3	24	5552,0,0,0,0,0,0	123	0
174319	399	783	475	216	216	60	29	6	2084	31	128	545	244	3	76	5686	728	1450	0,0,0,0,0,0	18440	0	260	6179	47	0	6051,5895,5895,5333,5333,5333,5333	3	23	5811,0,0,0,0,0,0	124	0
174139	424	807	496	213	220	61	33	6	2183	31	133	526	262	3	61	5747	745	1509	0,0,0,0,0,0	18847	0	296	6473	50	0	6340,6172,6172,5569,5569,5569,5569	3	32	6106,0,0,0,0,0,0	121	0
174018	420	836	499	222	204	64	36	6	2270	32	139	548	225	4	77	5438	759	1522	0,0,0,0,0,0	30216	0	241	6715	51	0	6578,6397,6397,5749,5749,5749,5749	3	18	6348,0,0,0,0,0,0	123	0
173883	406	868	518	242	207	61	35	5	2346	35	140	538	264	5	65	4978	785	1552	0,0,0,0,0,0	29460	0	281	6994	54	0	6845,6651,6651,5953,5953,5953,5953	3	26	6627,0,0,0,0,0,0	131	0
173740	422	882	511	242	229	63	37	6	2438	35	141	519	318	6	76	5745	793	1593	0,0,0,0,0,0	18352	0	278	7272	56	0	7111,6904,6904,6159,6159,6159,6159	3	22	6905,0,0,0,0,0,0	127	0
173621	437	874	550	240	244	61	36	8	2494	38	143	522	241	7	79	5776	806	1636	0,0,0,0,0,0	18787	0	282	7558	56	0	7382,7159,7159,6356,6356,6356,6356	4	35	7191,0,0,0,0,0,0	127	0
173453	463	894	527	258	241	61	36	6	2622	39	146	523	151	6	83	5865	846	1634	0,0,0,0,0,0	18559	0	311	7867	58	0	7680,7443,7443,6590,6590,6590,6590	4	39	7501,0,0,0,0,0,0	126	0
173308	450	935	525	268	251	61	33	7	2716	41	151	516	254	4	68	6176	847	1676	0,0,0,0,0,0	18949	0	299	8163	61	0	7970,7718,7718,6809,6809,6809,6809	4	28	7797,0,0,0,0,0,0	126	0
173145	456	974	530	265	251	61	38	7	2822	42	155	503	316	6	98	6453	882	1693	0,0,0,0,0,0	19157	0	316	8479	62	0	8279,8011,8011,7045,7045,7045,7045	4	35	8114,0,0,0,0,0,0	128	0
172997	471	950	574	275	259	58	39	5	2910	46	162	513	254	4	73	6220	874	1752	0,0,0,0,0,0	30629	0	296	8774	65	0	8570,8287,8287,7265,7265,7265,7265	4	23	8409,0,0,0,0,0,0	139	0
172892	472	936	585	265	260	64	45	6	3010	46	165	517	303	6	73	6370	894	1733	0,0,0,0,0,0	30507	0	278	9048	69	0	8836,8535,8535,7452,7452,7452,7452	4	26	8683,0,0,0,0,0,0	133	0
172726	491	955	601	269	278	63	44	6	3088	51	174	494	251	2	90	7407	927	1774	0,0,0,0,0,0	19966	0	343	9390	71	0	9174,8855,8855,7705,7705,7705,7705	4	38	9025,0,0,0,0,0,0	143	0
172549	525	1000	600	255	294	66	43	6	3177	55	176	484	324	5	80	7481	909	1874	0,0,0,0,0,0	20060	0	354	9744	73	0	9515,9179,9179,7964,7964,7964,7964	4	30	9379,0,0,0,0,0,0	143	0
172395	541	1026	638	245	293	72	41	5	3251	60	179	515	317	5	84	7487	916	1940	0,0,0,0,0,0	35322	0	343	10086	76	0	9848,9493,9493,8208,8208,8208,8208	4	31	9723,0,0,0,0,0,0	146	0
172258	532	1031	654	256	299	70	37	6	3356	63	184	513	241	2	81	7036	903	1976	0,0,0,0,0,0	35423	0	319	10405	78	0	10159,9785,9785,8433,8433,8433,8433	4	32	10042,0,0,0,0,0,0	138	0
172144	515	1026	664	289	304	70	37	6	3436	66	189	515	263	2	79	7096	921	1984	0,0,0,0,0,0	35172	0	310	10715	79	0	10460,10066,10066,8641,8641,8641,8641	4	37	10352,0,0,0,0,0,0	134	0
172070	467	1048	680	281	297	74	36	6	3525	67	195	485	287	6	74	6549	864	2019	0,0,0,0,0,0	47935	0	285	10997	84	0	10734,10319,10319,8815,8815,8815,8815	4	24	10635,0,0,0,0,0,0	138	0
171989	465	1017	664	308	317	71	35	8	3608	67	197	514	273	4	68	6944	864	2013	0,0,0,0,0,0	47918	0	298	11293	88	0	11019,10581,10581,8998,8998,8998,8998	4	40	10932,0,0,0,0,0,0	142	0
171903	477	998	664	323	297	66	39	6	3701	70	202	502	256	3	110	6951	916	1948	0,0,0,0,0,0	35074	0	317	11606	93	0	11321,10861,10861,9193,9193,9193,9193	4	25	11245,0,0,0,0,0,0	141	0
171829	490	996	664	318	298	71	42	9	3752	71	206	483	256	2	102	6784	977	1902	0,0,0,0,0,0	35055	0	319	11921	97	0	11623,11138,11138,9380,9380,9380,9380	4	27	11561,0,0,0,0,0,0	145	0
171759	478	1007	650	312	314	75	48	10	3813	71	209	493	258	0	106	7104	991	1893	0,0,0,0,0,0	35214	0	302	12220	100	0	11908,11400,11400,9558,9558,9558,9558	5	41	11861,0,0,0,0,0,0	148	0
171676	488	1009	684	305	311	80	45	13	3852	73	210	497	301	4	97	7097	1040	1882	0,0,0,0,0,0	35363	0	327	12545	104	0	12218,11686,11686,9754,9754,9754,9754	5	31	12186,0,0,0,0,0,0	156	0
171605	479	997	661	301	288	82	48	12	3985	76	212	474	259	6	99	7130	1049	1807	0,0,0,0,0,0	35066	0	286	12830	106	0	12490,11936,11936,9925,9925,9925,9925	5	35	12471,0,0,0,0,0,0	152	0
171570	458	966	673	314	315	85	43	12	4016	80	214	448	268	4	68	6947	1016	1838	0,0,0,0,0,0	47807	0	274	13100	111	0	12746,12169,12169,10070,10070,10070,10070	5	17	12741,0,0,0,0,0,0	152	0
171543	455	925	669	298	318	90	44	13	4090	82	219	446	257	7	83	6924	1005	1794	0,0,0,0,0,0	47894	0	271	13369	114	0	13003,12401,12401,10212,10212,10212,10212	4	21	13010,0,0,0,0,0,0	165	0
171519	438	924	669	292	319	100	41	11	4126	86	221	418	310	6	89	7001	1027	1756	0,0,0,0,0,0	34978	0	280	13644	120	0	13263,12635,12635,10353,10353,10353,10353	4	26	13285,0,0,0,0,0,0	164	0
171505	409	955	657	304	296	88	42	14	4165	88	223	417	270	5	84	7034	1038	1713	0,0,0,0,0,0	35053	0	275	13917	123	0	13518,12865,12865,10487,10487,10487,10487	4	27	13559,0,0,0,0,0,0	159	0
171466	413	955	665	302	274	87	39	15	4213	91	226	442	324	4	102	7352	1054	1681	0,0,0,0,0,0	35222	0	292	14209	126	0	13796,13116,13116,10643,10643,10643,10643	5	40	13851,0,0,0,0,0,0	165	0
171485	420	903	654	316	282	83	39	17	4224	95	228	445	224	3	76	7117	1009	1688	0,0,0,0,0,0	34922	0	263	14473	127	0	14042,13334,13334,10756,10756,10756,10756	5	19	14115,0,0,0,0,0,0	145	0
171507	405	866	664	304	278	84	41	16	4251	100	230	427	257	2	79	6571	963	1679	0,0,0,0,0,0	35154	0	245	14715	131	0	14268,13533,13533,10857,10857,10857,10857	5	30	14358,0,0,0,0,0,0	156	0
171511	388	864	642	295	264	81	39	16	4311	103	232	448	242	7	75	6197	920	1653	0,0,0,0,0,0	47117	0	241	14954	134	0	14491,13732,13732,10965,10965,10965,10965	5	24	14597,0,0,0,0,0,0	153	0
171551	385	817	633	298	256	82	41	15	4328	106	234	444	247	1	74	6091	910	1602	0,0,0,0,0,0	47223	0	236	15190	137	0	14709,13923,13923,11053,11053,11053,11053	4	17	14833,0,0,0,0,0,0	153	0
171554	391	799	608	285	258	86	38	11	4371	109	236	427	141	2	80	6271	894	1571	0,0,0,0,0,0	34253	0	242	15431	142	0	14935,14123,14123,11162,11162,11162,11162	4	25	15074,0,0,0,0,0,0	145	0
171598	398	797	598	278	266	86	38	11	4324	112	240	433	256	5	79	6244	905	1556	0,0,0,0,0,0	34225	0	246	15677	144	0	15161,14320,14320,11251,11251,11251,11251	4	27	15320,0,0,0,0,0,0	146	0
171656	404	778	584	277	248	91	38	14	4301	112	243	431	256	2	80	6123	894	1526	0,0,0,0,0,0	33728	0	238	15916	144	0	15381,14511,14511,11330,11330,11330,11330	4	28	15559,0,0,0,0,0,0	154	0
171661	379	814	573	279	228	85	43	14	4309	113	248	430	238	3	59	6184	880	1521	0,0,0,0,0,0	34050	0	246	16160	148	0	15612,14716,14716,11440,11440,11440,11440	4	30	15804,0,0,0,0,0,0	146	0
171716	350	819	563	264	238	81	46	16	4286	115	252	422	253	4	68	6073	876	1485	0,0,0,0,0,0	34034	0	227	16383	152	0	15816,14892,14892,11512,11512,11512,11512	4	30	16027,0,0,0,0,0,0	146	0
171761	356	787	576	256	217	83	48	17	4275	116	254	419	255	4	63	5851	839	1484	0,0,0,0,0,0	46530	0	226	16604	158	0	16020,15069,15069,11589,11589,11589,11589	4	16	16248,0,0,0,0,0,0	153	0
171839	324	744	567	264	230	83	43	18	4254	120	260	402	250	4	70	5711	837	1418	0,0,0,0,0,0	46881	0	182	16785	160	0	16187,15210,15210,11631,11631,11631,11631	4	22	16429,0,0,0,0,0,0	156	0
171883	326	746	551	247	216	81	44	18	4251	120	263	417	238	3	71	5854	805	1406	0,0,0,0,0,0	33789	0	233	17019	161	0	16404,15398,15398,11714,11714,11714,11714	4	30	16663,0,0,0,0,0,0	152	0
171912	344	742	530	235	219	82	42	18	4237	121	264	411	262	3	66	5891	794	1400	0,0,0,0,0,0	33690	0	239	17255	165	0	16619,15587,15587,11803,11803,11803,11803	4	30	16899,0,0,0,0,0,0	149	0
171938	355	742	515	228	224	81	39	19	4216	123	266	422	260	2	58	5990	794	1390	0,0,0,0,0,0	33988	0	228	17482	169	0	16828,15770,15770,11890,11890,11890,11890	4	27	17126,0,0,0,0,0,0	135	0
171979	343	762	507	235	220	79	38	19	4171	124	269	392	244	3	76	5914	814	1370	0,0,0,0,0,0	34014	0	234	17713	173	0	17041,15956,15956,11973,11973,11973,11973	4	23	17357,0,0,0,0,0,0	139	0
172028	349	744	514	240	234	76	40	16	4110	126	269	417	266	1	57	5936	781	1416	0,0,0,0,0,0	33769	0	239	17946	179	0	17253,16139,16139,12050,12050,12050,12050	4	28	17590,0,0,0,0,0,0	134	0
172081	350	709	504	250	244	69	39	17	4081	130	272	428	334	3	54	5542	745	1420	0,0,0,0,0,0	46629	0	211	18154	182	0	17443,16304,16304,12115,12115,12115,12115	4	15	17798,0,0,0,0,0,0	123	0
172168	323	694	499	249	247	65	37	16	4042	132	274	430	228	3	71	5589	723	1391	0,0,0,0,0,0	46424	0	189	18343	184	0	17612,16445,16445,12151,12151,12151,12151	4	20	17987,0,0,0,0,0,0	127	0
172186	348	674	509	249	227	61	38	18	4024	132	280	416	274	5	76	5535	737	1369	0,0,0,0,0,0	33779	0	235	18581	185	0	17835,16641,16641,12249,12249,12249,12249	4	30	18225,0,0,0,0,0,0	123	0
172221	364	679	510	230	230	60	34	16	3984	135	283	427	271	5	89	5711	765	1342	0,0,0,0,0,0	33453	0	233	18811	188	0	18044,16823,16823,12330,12330,12330,12330	4	30	18455,0,0,0,0,0,0	120	0
172266	327	719	479	222	225	65	36	16	3965	137	289	408	233	5	67	5842	765	1308	0,0,0,0,0,0	34050	0	208	19018	189	0	18235,16989,16989,12398,12398,12398,12398	4	39	18662,0,0,0,0,0,0	116	0
172318	329	714	502	207	213	72	33	17	3909	141	291	417	232	3	57	5602	750	1320	0,0,0,0,0,0	33741	0	206	19219	194	0	18417,17146,17146,12457,12457,12457,12457	4	16	18863,0,0,0,0,0,0	119	0
172377	335	700	518	195	220	69	31	18	3844	144	295	425	246	7	70	5508	739	1329	0,0,0,0,0,0	33823	0	218	19434	198	0	18615,17315,17315,12521,12521,12521,12521	4	29	19079,0,0,0,0,0,0	125	0
172427	328	691	481	188	230	68	31	16	3843	144	299	443	249	2	58	5349	734	1283	0,0,0,0,0,0	46418	0	183	19618	199	0	18783,17460,17460,12575,12575,12575,12575	4	19	19263,0,0,0,0,0,0	116	0
172473	311	695	486	190	213	69	30	15	3816	146	302	458	272	2	58	4802	740	1254	0,0,0,0,0,0	46462	0	188	19807	201	0	18955,17608,17608,12632,12632,12632,12632	4	14	19452,0,0,0,0,0,0	110	0
172534	295	692	463	200	200	61	29	15	3805	149	303	448	229	1	66	4820	748	1192	0,0,0,0,0,0	32765	0	179	19986	201	0	19114,17744,17744,12675,12675,12675,12675	4	23	19631,0,0,0,0,0,0	109	0
172605	285	647	459	214	207	62	31	12	3768	150	306	458	250	0	52	4777	738	1167	0,0,0,0,0,0	33139	0	176	20159	206	0	19268,17872,17872,12709,12709,12709,12709	4	17	19804,0,0,0,0,0,0	106	0
172701	273	626	433	196	224	60	27	13	3730	153	310	438	268	3	59	4939	735	1104	0,0,0,0,0,0	32701	0	153	20310	209	0	19401,17981,17981,12721,12721,12721,12721	4	20	19955,0,0,0,0,0,0	111	0
172823	248	597	447	199	222	62	29	12	3641	153	313	443	238	1	38	4620	677	1127	0,0,0,0,0,0	45883	0	148	20455	213	0	19526,18078,18078,12716,12716,12716,12716	3	12	20100,0,0,0,0,0,0	110	0
172915	226	579	427	212	219	56	28	11	3605	154	314	452	151	2	51	4290	635	1112	0,0,0,0,0,0	46124	0	159	20612	216	0	19662,18190,18190,12731,12731,12731,12731	3	13	20257,0,0,0,0,0,0	109	0
173021	228	501	425	215	222	55	31	11	3566	156	315	442	248	5	56	4533	642	1035	0,0,0,0,0,0	45908	0	126	20737	217	0	19769,18273,18273,12724,12724,12724,12724	3	11	20382,0,0,0,0,0,0	106	0
173130	218	500	395	193	214	56	36	10	3517	156	321	431	239	1	58	4688	651	961	0,0,0,0,0,0	45884	19	131	20867	220	0	19884,18364,18364,12721,12721,12721,12721	3	11	20512,0,0,0,0,0,0	117	17
173220	213	495	377	165	201	55	41	10	3487	158	324	438	281	4	54	4863	620	927	0,0,0,0,0,0	32901	23	140	21006	221	0	20005,18462,18462,12729,12729,12729,12729	3	19	20651,0,0,0,0,0,0	115	40
173326	223	458	366	165	188	52	42	10	3431	158	327	448	67	1	48	4775	600	894	0,0,0,0,0,0	32790	37	127	21131	223	0	20110,18543,18543,12719,12719,12719,12719	3	14	20776,0,0,0,0,0,0	113	72
173439	209	446	350	165	173	49	42	10	3372	161	330	426	76	1	42	4681	558	876	0,0,0,0,0,0	32637	24	119	21250	224	0	20211,18620,18620,12705,12705,12705,12705	3	17	20895,0,0,0,0,0,0	105	94
173527	210	463	337	162	166	51	36	12	3285	164	333	423	81	2	43	4507	559	866	0,0,0,0,0,0	32817	30	145	21393	228	0	20335,18721,18721,12715,12715,12715,12715	2	8	21038,0,0,0,0,0,0	105	122
173663	204	443	325	148	167	54	36	11	3192	165	338	396	279	4	50	4406	539	838	0,0,0,0,0,0	32846	26	111	21501	232	0	20426,18787,18787,12684,12684,12684,12684	2	16	21146,0,0,0,0,0,0	115	145
173746	204	409	347	138	154	53	35	13	3138	166	343	405	229	1	44	4101	510	830	0,0,0,0,0,0	39058	35	117	21615	235	0	20525,18866,18866,12684,12684,12684,12684	2	12	21260,0,0,0,0,0,0	111	177
173860	200	403	341	133	141	48	38	11	3057	167	347	410	263	2	44	3824	509	795	0,0,0,0,0,0	38713	138	117	21729	238	0	20629,18947,18947,12672,12672,12672,12672	2	10	21374,0,0,0,0,0,0	112	294
173942	198	401	331	118	140	52	38	10	2996	170	350	406	274	2	43	3416	499	779	0,0,0,0,0,0	26851	131	125	21849	243	0	20740,19038,19038,12678,12678,12678,12678	2	8	21495,0,0,0,0,0,0	110	400
174024	194	402	309	119	145	46	35	11	2935	171	355	434	229	2	36	3105	478	772	0,0,0,0,0,0	26235	122	116	21963	247	0	20849,19127,19127,12681,12681,12681,12681	2	20	21609,0,0,0,0,0,0	112	500
174096	182	408	303	114	135	45	34	11	2886	174	358	421	249	1	41	3009	454	767	0,0,0,0,0,0	25869	149	107	22068	250	0	20947,19207,19207,12684,12684,12684,12684	2	9	21714,0,0,0,0,0,0	99	627
174183	177	423	287	112	136	44	30	12	2808	176	358	425	241	1	41	2770	439	770	0,0,0,0,0,0	26073	136	118	22187	250	0	21057,19296,19296,12685,12685,12685,12685	2	15	21833,0,0,0,0,0,0	99	748
174264	192	391	275	111	134	43	33	9	2758	176	360	396	91	1	27	2763	392	787	0,0,0,0,0,0	25703	125	113	22301	250	0	21161,19381,19381,12687,12687,12687,12687	2	14	21947,0,0,0,0,0,0	96	856
174348	191	394	266	112	134	41	32	10	2678	179	361	406	255	5	33	2705	378	792	0,0,0,0,0,0	37487	121	110	22413	250	0	21266,19466,19466,12688,12688,12688,12688	2	12	22059,0,0,0,0,0,0	96	950
174430	183	367	277	128	120	42	31	10	2613	182	363	421	238	3	41	2643	381	767	0,0,0,0,0,0	37348	140	99	22511	251	0	21390,19572,19572,12700,12700,12700,12700	2	6	22157,0,0,0,0,0,0	100	1069
174477	189	385	275	125	114	44	24	12	2549	186	366	421	333	4	50	2650	400	756	0,0,0,0,0,0	25805	166	138	22648	253	0	21550,19713,19713,12747,12747,12747,12747	2	17	22294,0,0,0,0,0,0	90	1200
174502	210	364	267	119	110	43	26	11	2537	187	370	440	105	1	27	2717	365	774	0,0,0,0,0,0	25696	196	129	22776	254	0	21698,19846,19846,12796,12796,12796,12796	2	18	22422,0,0,0,0,0,0	92	1362
174568	206	361	267	117	106	46	24	11	2476	189	375	417	250	3	39	2667	355	772	0,0,0,0,0,0	25786	160	119	22898	254	0	21853,19981,19981,12830,12830,12830,12830	2	15	22544,0,0,0,0,0,0	87	1491
174634	209	358	272	105	98	42	24	10	2428	191	375	421	252	0	40	2604	375	733	0,0,0,0,0,0	25591	131	104	23001	255	0	21983,20094,20094,12851,12851,12851,12851	2	11	22647,0,0,0,0,0,0	85	1600
174678	200	375	257	91	100	45	23	10	2398	192	377	429	230	2	34	2478	365	726	0,0,0,0,0,0	25522	142	116	23116	257	0	22122,20217,20217,12887,12887,12887,12887	2	11	22762,0,0,0,0,0,0	93	1722
174743	181	376	261	94	99	43	21	10	2346	192	380	441	245	0	25	2395	340	735	0,0,0,0,0,0	37353	126	97	23211	259	0	22238,20317,20317,12902,12902,12902,12902	2	8	22857,0,0,0,0,0,0	87	1826
174789	177	373	266	97	98	40	21	10	2300	193	382	449	255	2	25	2209	331	741	0,0,0,0,0,0	37297	72	103	23311	263	0	22367,20431,20431,12933,12933,12933,12933	2	6	22958,0,0,0,0,0,0	80	1889
174856	178	349	280	105	108	38	20	9	2225	194	384	461	156	2	28	2243	346	732	0,0,0,0,0,0	25393	61	113	23424	264	0	22512,20558,20558,12960,12960,12960,12960	1	12	23071,0,0,0,0,0,0	79	1930
174912	175	344	273	101	100	36	21	8	2195	194	387	475	320	0	37	2445	335	715	0,0,0,0,0,0	25548	61	103	23528	265	0	22657,20687,20687,12991,12991,12991,12991	1	11	23175,0,0,0,0,0,0	78	1979
174971	188	319	270	95	102	34	21	6	2155	196	389	461	234	2	28	2530	308	721	0,0,0,0,0,0	25632	59	109	23636	267	0	22795,20808,20808,13018,13018,13018,13018	1	13	23283,0,0,0,0,0,0	73	2028
175022	191	332	267	93	101	37	20	6	2088	197	392	482	251	1	34	2596	329	712	0,0,0,0,0,0	25767	58	113	23748	268	0	22933,20930,20930,13049,13049,13049,13049	1	6	23395,0,0,0,0,0,0	66	2077
175037	187	361	248	99	97	38	19	5	2061	200	394	505	334	1	34	2591	323	726	0,0,0,0,0,0	25609	56	126	23872	271	0	23087,21069,21069,13105,13105,13105,13105	1	13	23519,0,0,0,0,0,0	69	2118
175084	160	374	245	103	101	40	17	4	2019	202	397	506	231	1	31	2620	341	699	0,0,0,0,0,0	37817	69	99	23970	273	0	23209,21177,21177,13131,13131,13131,13131	1	1	23617,0,0,0,0,0,0	75	2176
175112	158	369	236	100	116	34	14	4	2000	205	398	486	264	1	30	2557	323	704	0,0,0,0,0,0	37792	196	107	24075	277	0	23327,21282,21282,13164,13164,13164,13164	1	4	23722,0,0,0,0,0,0	73	2340
175159	158	366	237	107	122	31	14	4	1944	205	399	501	246	4	30	2610	339	696	0,0,0,0,0,0	25810	226	113	24189	277	0	23447,21385,21385,13186,13186,13186,13186	1	8	23836,0,0,0,0,0,0	59	2529
175186	171	357	250	101	126	34	11	5	1899	207	399	495	249	2	40	2678	347	703	0,0,0,0,0,0	25734	197	124	24311	279	0	23577,21500,21500,13222,13222,13222,13222	1	13	23958,0,0,0,0,0,0	59	2693
175220	167	354	241	112	116	36	10	5	1876	208	401	496	246	1	24	2912	346	690	0,0,0,0,0,0	25848	207	110	24418	282	0	23692,21601,21601,13248,13248,13248,13248	1	15	24065,0,0,0,0,0,0	51	2856
175197	180	338	248	117	106	35	9	3	1896	210	407	496	257	1	28	2940	345	688	0,0,0,0,0,0	26016	191	119	24537	283	0	23825,21725,21725,13311,13311,13311,13311	1	13	24184,0,0,0,0,0,0	54	3002
175215	190	343	257	103	103	37	9	4	1864	211	410	506	285	2	35	2694	354	688	0,0,0,0,0,0	25863	206	119	24655	285	0	23951,21837,21837,13351,13351,13351,13351	1	11	24302,0,0,0,0,0,0	53	3171
175259	175	338	247	101	102	35	9	3	1854	212	411	514	245	2	37	2805	353	654	0,0,0,0,0,0	37794	204	85	24738	287	0	24049,21922,21922,13364,13364,13364,13364	1	5	24386,0,0,0,0,0,0	53	3333
175304	163	347	235	106	94	31	10	2	1828	213	413	512	87	0	31	2901	340	646	0,0,0,0,0,0	37913	162	88	24822	292	0	24218,22079,22079,13414,13414,13414,13414	1	9	24470,0,0,0,0,0,0	47	3461
175330	167	354	244	102	92	32	9	3	1787	213	413	524	309	1	26	2879	342	658	0,0,0,0,0,0	26249	149	118	24939	294	0	24427,22275,22275,13493,13493,13493,13493	1	5	24587,0,0,0,0,0,0	45	3577
175317	201	368	233	95	88	33	9	3	1768	214	417	528	248	1	38	2980	343	684	2,0,0,0,0,0	26110	173	112	25079	296	0	24649,22485,22485,13596,13596,13596,13596	1	10	24698,30,0,0,0,0,0	50	3720
175306	223	363	234	107	90	29	10	2	1748	214	420	552	177	3	32	2990	352	704	7,0,0,0,0,0	26233	159	95	25215	298	0	24879,22704,22704,13703,13703,13703,13703	1	14	24788,78,0,0,0,0,0	48	3842
175260	244	394	249	101	84	31	12	2	1732	214	423	551	75	0	25	3027	363	752	12,0,0,0,0,0	26366	182	118	25379	302	0	25129,22942,22942,13835,13835,13835,13835	1	13	24891,140,0,0,0,0,0	52	3987
175183	271	443	271	95	91	33	11	2	1706	215	425	520	245	3	22	3118	352	863	17,0,0,0,0,0	26213	168	155	25569	307	0	25404,23207,23207,13996,13996,13996,13996	1	12	25005,218,0,0,0,0,0	56	4118
175145	282	468	273	100	101	31	13	2	1687	216	428	510	311	2	24	3083	351	917	23,0,0,0,0,0	38244	158	130	25731	313	0	25647,23438,23438,14125,14125,14125,14125	1	9	25081,306,0,0,0,0,0	52	4241
175056	291	507	278	100	115	25	13	2	1715	216	428	529	270	2	36	3400	359	970	29,0,0,0,0,0	38105	133	151	25923	315	0	25910,23692,23691,14286,14286,14286,14286	1	14	25171,409,0,0,0,0,0	55	4332
175031	274	534	296	109	118	25	13	3	1693	216	434	518	245	1	36	3201	345	1024	32,0,0,0,0,0	26583	130	157	26076	319	0	26138,23908,23908,14398,14398,14398,14398	1	8	25244,492,0,0,0,0,0	49	4431
174931	285	555	318	129	127	27	15	4	1700	216	439	527	243	1	48	3010	384	1072	36,0,0,0,0,0	26414	123	200	26276	320	0	26433,24195,24194,14579,14579,14579,14579	1	10	25352,585,0,0,0,0,0	51	4527
174835	294	582	339	144	119	31	17	4	1725	216	440	533	293	0	53	3387	430	1096	39,0,0,0,0,0	26482	136	208	26479	325	0	26709,24463,24462,14751,14751,14751,14751	1	9	25446,695,0,0,0,0,0	57	4631
174759	320	586	365	146	137	28	16	5	1724	217	443	523	280	4	45	3482	462	1136	43,0,0,0,0,0	26548	110	203	26680	327	0	26987,24730,24729,14911,14911,14911,14911	1	7	25521,822,0,0,0,0,0	66	4705
174667	331	581	390	160	157	28	15	6	1747	219	445	533	121	3	57	3638	509	1153	46,0,0,0,0,0	26659	131	213	26889	331	0	27273,25006,25004,15084,15084,15084,15084	1	6	25603,950,0,0,0,0,0	60	4804
174584	317	628	391	155	164	27	15	6	1788	220	451	541	277	4	40	3587	527	1170	48,0,0,0,0,0	38503	135	191	27077	335	0	27531,25257,25254,15241,15241,15241,15241	1	6	25682,1060,0,0,0,0,0	56	4912
174483	313	623	399	158	186	26	20	5	1859	221	453	524	241	0	37	3493	531	1194	51,0,0,0,0,0	38412	294	204	27280	339	0	27774,25490,25487,15395,15395,15395,15395	1	11	25760,1188,0,0,0,0,0	58	5132
174389	319	621	392	158	202	31	18	7	1934	222	453	543	262	1	79	4079	604	1137	54,0,0,0,0,0	26921	295	212	27489	342	0	28011,25720,25715,15544,15544,15544,15544	1	12	25829,1330,0,0,0,0,0	62	5344
174265	322	634	400	170	199	30	17	5	2023	224	457	555	250	3	54	3930	630	1142	57,0,0,0,0,0	27110	274	219	27703	350	0	28257,25960,25954,15709,15709,15709,15709	1	12	25895,1483,0,0,0,0,0	67	5540
174171	340	616	400	177	206	36	20	5	2091	224	460	546	249	3	56	4165	678	1117	59,0,0,0,0,0	27218	286	203	27897	360	0	28487,26184,26176,15853,15853,15853,15853	1	10	25961,1618,0,0,0,0,0	72	5753
174021	347	718	396	175	196	39	22	4	2137	225	466	549	252	1	55	4468	699	1194	61,0,0,0,0,0	27321	297	275	28167	366	0	28780,26471,26460,16056,16056,16056,16056	1	14	26051,1802,0,0,0,0,0	81	5966
173876	388	731	397	176	209	41	22	2	2206	228	470	544	229	3	55	4463	678	1286	63,0,0,0,0,0	27610	289	283	28438	378	0	29080,26764,26750,16262,16262,16262,16262	1	26	26126,2005,0,0,0,0,0	83	6161
173780	388	744	405	180	225	46	21	2	2248	231	476	552	313	4	57	4043	696	1313	65,0,0,0,0,0	38670	305	231	28665	382	0	29350,27028,27010,16429,16429,16429,16429	1	11	26194,2167,0,0,0,0,0	82	6382
173713	363	802	410	199	233	48	20	4	2242	231	481	562	288	4	60	4261	704	1371	66,0,0,0,0,0	39124	610	245	28902	390	0	29704,27376,27353,16625,16625,16625,16625	1	19	26255,2348,0,0,0,0,0	89	6753
173591	377	802	433	223	228	46	16	4	2309	235	482	611	218	5	67	4576	718	1407	68,0,0,0,0,0	27618	635	267	29162	399	0	30088,27756,27730,16862,16862,16862,16862	1	9	26324,2544,0,0,0,0,0	88	7126
173431	429	820	452	229	236	47	19	5	2358	235	485	579	258	1	76	4964	775	1457	70,0,0,0,0,0	27887	605	305	29457	411	0	30487,28152,28121,17124,17124,17124,17124	1	18	26371,2802,0,0,0,0,0	86	7657
173250	457	866	483	224	240	51	21	5	2426	235	488	570	304	4	67	5074	799	1543	73,0,0,0,0,0	28120	612	317	29766	420	0	30907,28570,28534,17411,17411,17411,17411	1	25	26424,3063,0,0,0,0,0	91	8187
173061	456	931	523	230	253	52	23	4	2488	236	489	558	259	1	78	4956	824	1644	73,0,0,0,0,0	28290	585	332	30091	429	0	31335,28997,28956,17706,17706,17706,17706	1	18	26507,3311,0,0,0,0,0	97	8701
172841	496	955	576	236	263	55	22	5	2564	239	494	551	267	2	91	5114	842	1761	74,0,0,0,0,0	28161	617	358	30438	443	0	31791,29451,29405,18029,18029,18029,18029	1	18	26586,3591,0,0,0,0,0	105	9237
172695	527	939	586	238	285	60	22	5	2653	242	494	556	249	6	70	4991	861	1796	75,0,0,0,0,0	39654	616	306	30741	449	0	32198,29858,29806,18295,18295,18295,18295	1	15	26633,3851,0,0,0,0,0	112	9760
172551	502	1016	587	236	278	62	27	5	2743	243	496	573	310	1	86	5197	886	1822	77,0,0,0,0,0	39791	791	323	31055	458	0	32663,30323,30263,18585,18585,18585,18585	1	15	26677,4127,0,0,0,0,0	123	10458
172298	550	1054	605	249	303	65	28	7	2843	245	499	559	271	5	81	6075	903	1951	79,0,0,0,0,0	28789	798	409	31449	475	0	33201,30860,30794,18965,18965,18965,18965	2	25	26733,4480,0,0,0,0,0	136	11155
172065	597	1097	610	267	327	67	34	6	2928	246	502	559	336	8	106	6161	977	2022	80,0,0,0,0,0	28970	748	419	31857	489	0	33818,31480,31405,19373,19373,19373,19373	2	23	26788,4845,0,0,0,0,0	148	11806
171790	621	1165	633	288	332	68	38	6	3054	247	504	560	269	3	101	6307	1021	2124	83,0,0,0,0,0	29380	789	438	32275	509	0	34449,32113,32030,19811,19811,19811,19811	2	21	26826,5242,0,0,0,0,0	151	12485
171507	666	1200	688	288	322	74	40	5	3201	247	508	542	307	3	96	6759	1051	2227	84,0,0,0,0,0	29847	786	443	32696	534	0	35085,32753,32661,20254,20254,20254,20254	2	14	26866,5645,0,0,0,0,0	166	13166
171209	721	1290	706	319	313	74	45	4	3306	249	510	530	292	6	112	6876	1092	2376	85,0,0,0,0,0	29736	822	495	33180	550	0	35780,33452,33350,20737,20737,20737,20737	2	16	26905,6103,0,0,0,0,0	165	13877
170949	738	1357	737	332	321	79	46	3	3418	253	513	540	293	7	105	6907	1105	2505	86,0,0,0,0,0	41041	812	461	33622	572	0	36418,34095,33982,21176,21176,21176,21176	2	25	26945,6524,0,0,0,0,0	188	14558
170680	724	1450	764	361	342	81	48	3	3522	255	516	517	266	0	95	7273	1162	2608	87,0,0,0,0,0	41465	899	472	34086	582	0	37139,34824,34698,21659,21659,21659,21659	2	19	26984,6956,0,0,0,0,0	189	15326
170399	734	1498	772	382	365	82	49	2	3684	258	521	521	265	10	125	7482	1200	2682	88,0,0,0,0,0	46770	983	462	34535	600	0	37842,35534,35397,22134,22134,22134,22134	2	26	27017,7384,0,0,0,0,0	181	16153
170168	700	1546	799	404	398	95	54	1	3798	259	524	508	319	8	144	7909	1304	2692	89,0,0,0,0,0	46812	865	470	34989	618	0	38520,36222,36069,22571,22571,22571,22571	2	28	27050,7821,0,0,0,0,0	188	16871
169907	731	1550	829	416	428	94	55	1	3946	263	526	483	242	3	156	7979	1416	2687	90,0,0,0,0,0	47348	906	500	35474	636	0	39249,36959,36791,23050,23050,23050,23050	2	19	27083,8284,0,0,0,0,0	199	17637
169661	731	1540	857	443	439	101	57	2	4123	266	526	472	254	6	129	8161	1433	2735	90,0,0,0,0,0	47294	879	472	35926	659	0	39924,37646,37463,23497,23497,23497,23497	2	29	27118,8720,0,0,0,0,0	190	18358
169461	746	1534	864	464	462	103	55	3	4256	270	528	479	315	9	128	8185	1467	2761	91,0,0,0,0,0	47067	826	479	36392	675	0	40632,38367,38164,23939,23939,23939,23939	2	30	27146,9170,0,0,0,0,0	192	19019
169300	696	1506	914	479	483	104	57	4	4402	273	528	477	288	5	137	8188	1499	2740	91,0,0,0,0,0	71015	921	421	36789	702	0	41269,39018,38797,24326,24326,24326,24326	2	24	27168,9566,0,0,0,0,0	200	19794
169221	650	1458	905	488	472	112	53	5	4573	280	529	440	265	7	138	8107	1486	2652	92,0,0,0,0,0	71205	643	385	37152	728	0	41932,39699,39456,24690,24690,24690,24690	2	26	27189,9926,0,0,0,0,0	202	20304
169040	705	1401	924	461	487	122	58	5	4731	283	529	465	291	7	160	8911	1506	2652	92,0,0,0,0,0	47436	642	456	37585	755	0	42693,40477,40215,25152,25152,25152,25152	2	30	27211,10359,0,0,0,0,0	202	20812
168841	725	1391	910	471	497	131	61	5	4894	289	531	474	302	2	146	8928	1503	2683	93,0,0,0,0,0	47975	611	456	38013	788	0	43398,41200,40919,25593,25593,25593,25593	3	31	27232,10795,0,0,0,0,0	237	21289
168731	702	1386	928	459	519	136	65	7	4987	292	534	457	276	6	177	9388	1567	2628	93,0,0,0,0,0	48141	633	426	38417	811	0	44098,41922,41617,25989,25989,25989,25989	3	27	27250,11198,0,0,0,0,0	264	21792
168582	722	1402	935	468	488	136	67	8	5103	301	534	445	283	4	150	9959	1567	2651	93,0,0,0,0,0	48664	649	475	38872	835	0	44824,42671,42342,26420,26420,26420,26420	3	28	27277,11643,0,0,0,0,0	254	22296
168394	756	1405	934	460	507	135	65	8	5238	308	536	447	300	4	143	9666	1518	2744	94,0,0,0,0,0	48416	643	494	39341	865	0	45545,43416,43062,26869,26869,26869,26869	3	29	27299,12115,0,0,0,0,0	257	22788
168333	694	1419	914	460	496	139	64	8	5367	314	538	429	275	6	141	9379	1494	2692	94,0,0,0,0,0	71766	644	361	39684	884	0	46187,44083,43705,27216,27216,27216,27216	3	24	27310,12462,0,0,0,0,0	268	23290
168296	637	1393	913	460	488	138	65	11	5486	318	541	410	268	4	122	9300	1431	2663	94,0,0,0,0,0	71906	863	368	40022	915	0	46778,44705,44302,27547,27547,27547,27547	3	16	27327,12809,0,0,0,0,0	263	23978
168189	633	1412	923	458	460	147	69	11	5576	323	545	386	305	1	137	9344	1416	2686	94,0,0,0,0,0	48214	897	438	40433	944	0	47445,45405,44975,27954,27954,27954,27954	3	27	27342,13228,0,0,0,0,0	246	24702
168027	690	1405	906	461	451	153	69	13	5696	328	547	375	246	4	121	9444	1365	2770	95,0,0,0,0,0	47956	913	495	40904	970	0	48205,46190,45734,28392,28392,28392,28392	3	28	27360,13700,0,0,0,0,0	255	25401
167943	697	1386	939	470	442	145	73	12	5761	330	548	383	256	7	133	8855	1384	2768	95,0,0,0,0,0	48053	882	451	41332	994	0	48932,46945,46459,28776,28776,28776,28776	3	23	27372,14131,0,0,0,0,0	252	26103
167837	703	1418	906	496	473	147	76	13	5794	334	549	381	285	6	155	8528	1427	2792	95,0,0,0,0,0	47804	914	474	41781	1020	0	49679,47719,47203,29180,29180,29180,29180	3	26	27384,14590,0,0,0,0,0	252	26831
167683	700	1464	916	492	482	147	74	13	5880	342	553	375	237	7	162	8969	1429	2846	95,0,0,0,0,0	47705	842	506	42269	1039	0	50465,48531,47987,29631,29631,29631,29631	3	29	27402,15074,0,0,0,0,0	258	27483
167692	643	1411	892	489	456	146	74	14	6021	349	559	380	260	10	121	8407	1362	2749	95,0,0,0,0,0	71718	929	335	42599	1052	0	51093,49185,48613,29923,29923,29923,29923	3	22	27410,15402,0,0,0,0,0	247	28211
167714	607	1390	864	479	456	151	77	13	6080	355	560	396	275	7	121	8375	1329	2695	96,0,0,0,0,0	71572	1072	357	42933	1077	0	51852,49975,49372,30269,30269,30269,30269	3	26	27420,15744,0,0,0,0,0	265	29075
167662	661	1350	884	450	468	150	76	15	6109	358	563	417	276	7	161	8587	1366	2673	96,0,0,0,0,0	47611	1059	458	43364	1105	0	52715,50871,50234,30703,30703,30703,30703	3	23	27430,16188,0,0,0,0,0	259	29911
167616	671	1390	891	438	450	139	77	15	6131	365	563	411	331	8	139	8909	1356	2700	96,0,0,0,0,0	47772	1096	445	43787	1129	0	53542,51731,51061,31112,31112,31112,31112	3	16	27438,16625,0,0,0,0,0	252	30780
167494	730	1388	878	430	454	139	69	19	6209	371	565	416	312	2	165	9118	1393	2695	97,0,0,0,0,0	47803	1075	469	44232	1155	0	54410,52629,51930,31579,31579,31579,31579	3	22	27443,17079,0,0,0,0,0	249	31629
167468	709	1384	890	434	438	131	67	18	6264	374	569	408	258	5	139	9133	1350	2703	97,0,0,0,0,0	48322	1060	428	44630	1185	0	55237,53489,52756,31981,31981,31981,31981	3	30	27453,17489,0,0,0,0,0	244	32455
167398	713	1398	881	423	456	133	62	18	6309	381	574	393	313	4	149	9255	1366	2700	97,0,0,0,0,0	48275	1056	458	45062	1214	0	56082,54370,53604,32416,32416,32416,32416	3	25	27459,17936,0,0,0,0,0	244	33262
167485	650	1356	884	423	444	140	59	15	6328	388	574	384	282	8	122	9134	1348	2608	97,0,0,0,0,0	72076	1117	324	45370	1231	0	56823,55146,54345,32722,32722,32722,32722	2	14	27464,18249,0,0,0,0,0	246	34123
167565	595	1317	833	433	459	135	57	15	6367	394	576	407	252	3	123	8895	1325	2504	97,0,0,0,0,0	71695	1318	314	45666	1251	0	57629,55984,55151,33055,33055,33055,33055	2	18	27466,18558,0,0,0,0,0	245	35134
167598	572	1320	844	414	461	135	61	16	6353	396	576	411	264	9	134	8536	1335	2472	98,0,0,0,0,0	48191	1362	373	46015	1278	0	58497,56887,56020,33441,33441,33441,33441	2	21	27469,18924,0,0,0,0,0	236	36156
167632	564	1324	867	405	437	132	59	17	6328	402	579	399	235	7	136	8691	1326	2462	98,0,0,0,0,0	47863	1365	387	46380	1303	0	59347,57772,56871,33818,33818,33818,33818	2	28	27478,19296,0,0,0,0,0	244	37184
167682	563	1223	898	420	437	123	64	19	6331	403	583	390	282	7	125	8811	1312	2416	98,0,0,0,0,0	47713	1361	347	46709	1321	0	60181,58640,57705,34175,34175,34175,34175	2	14	27485,19625,0,0,0,0,0	226	38220
167700	582	1194	895	427	420	121	64	17	6336	405	585	408	253	5	129	8426	1289	2414	98,0,0,0,0,0	39537	1406	383	47070	1351	0	61025,59522,58553,34558,34558,34558,34558	2	26	27487,20010,0,0,0,0,0	222	39299
167739	603	1195	865	395	416	121	65	16	6336	408	587	421	263	5	101	7789	1229	2431	98,0,0,0,0,0	39053	1317	398	47455	1364	0	61856,60392,59384,34927,34927,34927,34927	2	18	27489,20403,0,0,0,0,0	217	40290
167894	562	1155	874	396	396	123	58	19	6268	413	588	413	269	9	99	7310	1159	2405	98,0,0,0,0,0	41110	1404	295	47729	1388	0	62632,61210,60163,35209,35209,35209,35209	2	12	27492,20692,0,0,0,0,0	215	41339
168008	506	1171	839	377	393	125	55	21	6247	415	589	427	247	4	113	7288	1104	2362	98,0,0,0,0,0	41015	1114	308	48020	1411	0	63390,62005,60922,35493,35493,35493,35493	2	10	27496,20996,0,0,0,0,0	222	42137
168105	500	1158	839	368	359	124	53	19	6206	422	593	420	253	4	113	7309	1060	2341	98,0,0,0,0,0	38799	1060	333	48331	1434	0	64171,62823,61702,35792,35792,35792,35792	2	18	27497,21321,0,0,0,0,0	209	42866
168146	533	1126	811	364	351	116	52	19	6206	426	596	442	240	3	114	7448	1040	2313	98,0,0,0,0,0	38225	1094	360	48672	1454	0	64970,63656,62502,36128,36128,36128,36128	2	17	27502,21671,0,0,0,0,0	196	43628
168212	536	1143	770	365	355	118	45	18	6153	434	597	444	267	4	114	7383	1024	2308	98,0,0,0,0,0	38476	1051	364	49016	1475	0	65769,64493,63302,36451,36451,36451,36451	2	26	27504,22025,0,0,0,0,0	192	44323
168313	507	1117	776	355	344	117	45	16	6122	436	598	422	319	5	117	6774	1005	2256	98,0,0,0,0,0	38637	1110	315	49306	1500	0	66545,65306,64079,36746,36746,36746,36746	2	16	27507,22331,0,0,0,0,0	192	45083
168393	505	1105	768	334	351	116	40	14	6078	442	600	410	227	8	109	6717	979	2240	98,0,0,0,0,0	38016	1085	331	49618	1520	0	67300,66100,64836,37045,37045,37045,37045	2	23	27510,22656,0,0,0,0,0	192	45775
168487	501	1013	780	330	344	116	42	13	6074	443	603	396	313	1	109	6577	949	2177	99,0,0,0,0,0	40426	1023	263	49861	1541	0	68027,66859,65566,37317,37317,37317,37317	2	12	27512,22912,0,0,0,0,0	194	46498
168672	449	977	747	328	323	116	42	11	6032	446	603	420	292	6	106	6699	913	2069	99,0,0,0,0,0	40456	922	220	50067	1556	0	68680,67549,66221,37505,37505,37505,37505	2	9	27513,23128,0,0,0,0,0	189	47137
168796	427	980	720	318	310	107	41	11	5981	449	606	428	247	4	122	7117	938	1965	99,0,0,0,0,0	32023	878	268	50322	1570	0	69362,68267,66905,37733,37733,37733,37733	1	12	27513,23392,0,0,0,0,0	181	47716
168905	442	960	709	316	306	112	40	12	5886	451	607	412	312	5	84	7363	941	1944	99,0,0,0,0,0	31876	889	292	50600	1585	0	70085,69028,67633,37994,37994,37994,37994	1	14	27515,23680,0,0,0,0,0	179	48305
169028	446	892	699	302	300	109	38	12	5857	455	608	401	313	4	85	6846	888	1898	99,0,0,0,0,0	31991	864	255	50846	1594	0	70752,69730,68302,38211,38211,38211,38211	1	8	27515,23933,0,0,0,0,0	174	48887
169161	431	871	712	293	297	93	36	8	5777	458	609	410	264	4	96	6942	855	1878	99,0,0,0,0,0	31637	881	261	51095	1606	0	71451,70466,69005,38442,38442,38442,38442	1	5	27516,24193,0,0,0,0,0	159	49456
169338	394	881	699	286	287	93	38	9	5653	458	610	446	234	5	88	6740	821	1857	99,0,0,0,0,0	26333	890	247	51327	1622	0	72093,71147,69649,38624,38624,38624,38624	1	6	27517,24435,0,0,0,0,0	156	50016
169505	374	837	682	271	289	87	36	12	5580	462	611	433	283	4	78	6272	780	1796	99,0,0,0,0,0	32509	904	211	51527	1634	0	72719,71810,70280,38809,38809,38809,38809	1	12	27518,24643,0,0,0,0,0	140	50637
169685	349	814	651	269	256	85	35	12	5510	465	615	419	264	6	96	5931	725	1734	99,0,0,0,0,0	32000	1256	193	51714	1641	0	73351,72477,70916,38979,38979,38979,38979	1	11	27519,24834,0,0,0,0,0	141	51488
169836	332	791	660	253	256	82	33	12	5408	467	616	423	344	6	85	5850	690	1717	99,0,0,0,0,0	25635	1190	239	51943	1651	0	73994,73159,71564,39171,39171,39171,39171	1	9	27521,25070,0,0,0,0,0	131	52318
170018	330	719	647	232	245	81	33	12	5343	469	617	437	281	4	90	5537	666	1621	99,0,0,0,0,0	25246	1297	190	52118	1666	0	74612,73815,72188,39324,39324,39324,39324	1	3	27521,25255,0,0,0,0,0	122	53231
170192	324	682	617	235	241	76	32	12	5243	473	619	438	318	4	75	5093	633	1574	99,0,0,0,0,0	25249	1186	201	52307	1678	0	75230,74468,72810,39485,39485,39485,39485	1	9	27522,25449,0,0,0,0,0	122	54070
170341	320	657	556	233	233	67	33	10	5199	474	623	449	315	2	73	4917	614	1485	99,0,0,0,0,0	24547	1246	174	52476	1688	0	75821,75089,73405,39642,39642,39642,39642	0	6	27522,25624,0,0,0,0,0	115	54935
170548	311	624	532	228	219	67	36	8	5073	476	624	447	314	3	71	4843	606	1411	99,0,0,0,0,0	24756	1226	163	52624	1704	0	76374,75679,73963,39760,39760,39760,39760	0	8	27522,25784,0,0,0,0,0	109	55798
170753	263	602	516	210	205	68	32	12	4978	478	629	454	278	2	52	4765	557	1339	99,0,0,0,0,0	29055	1178	130	52745	1713	0	76939,76277,74534,39891,39891,39891,39891	0	7	27522,25913,0,0,0,0,0	110	56632
170960	213	604	473	205	212	66	30	10	4860	480	633	454	297	2	63	4454	556	1247	99,0,0,0,0,0	28734	529	123	52861	1725	0	77644,77016,75248,40088,40088,40088,40088	0	2	27524,26036,0,0,0,0,0	113	56963
171176	216	541	459	185	222	62	30	10	4728	482	635	447	267	2	63	4653	549	1166	99,0,0,0,0,0	23348	618	132	52986	1733	0	78358,77765,75971,40289,40289,40289,40289	0	3	27525,26167,0,0,0,0,0	107	57384
171343	201	499	449	189	204	62	33	10	4637	482	637	457	238	3	60	4822	530	1107	99,0,0,0,0,0	23303	609	132	53110	1741	0	79101,78540,76722,40517,40517,40517,40517	0	5	27526,26298,0,0,0,0,0	102	57796
171525	200	461	440	183	183	56	32	10	4533	484	639	460	256	4	63	4485	499	1056	99,0,0,0,0,0	23445	592	121	53220	1752	0	79808,79278,77437,40720,40720,40720,40720	0	4	27526,26417,0,0,0,0,0	100	58210
171681	194	423	425	172	179	51	33	10	4452	486	640	451	297	2	46	4422	461	1016	99,0,0,0,0,0	23008	640	120	53332	1760	0	80536,80030,78172,40945,40945,40945,40945	0	7	27526,26533,0,0,0,0,0	99	58648
171896	178	415	402	160	153	48	34	10	4321	486	643	454	245	0	55	4712	451	939	99,0,0,0,0,0	23309	603	101	53429	1765	0	81227,80752,78870,41123,41123,41123,41123	0	5	27526,26633,0,0,0,0,0	96	59066
172115	169	388	381	137	139	46	35	9	4193	487	647	436	284	0	24	4449	391	904	99,0,0,0,0,0	28728	620	84	53510	1768	0	81912,81469,79564,41305,41305,41305,41305	0	4	27527,26714,0,0,0,0,0	95	59499
172316	157	388	352	130	126	42	31	7	4057	489	651	450	242	3	33	3833	353	873	99,0,0,0,0,0	28516	812	101	53607	1774	0	82323,81909,79982,41344,41344,41344,41344	0	8	27528,26813,0,0,0,0,0	86	60068
172481	162	361	345	134	123	42	28	5	3920	493	652	447	249	1	36	3937	351	844	99,0,0,0,0,0	17836	854	125	53724	1782	0	82762,82377,80429,41412,41412,41412,41412	0	5	27528,26934,0,0,0,0,0	74	60678
172660	157	334	330	119	107	39	28	6	3817	493	656	454	250	2	40	4206	321	793	99,0,0,0,0,0	17679	826	79	53796	1789	0	83181,82822,80855,41455,41455,41455,41455	0	3	27528,27011,0,0,0,0,0	73	61248
172834	148	317	327	109	105	33	24	6	3685	497	661	446	256	3	27	4114	300	763	99,0,0,0,0,0	17983	802	78	53871	1792	0	83572,83237,81254,41496,41496,41496,41496	0	2	27528,27089,0,0,0,0,0	61	61806
173038	114	295	306	112	102	29	20	7	3558	501	664	455	263	0	25	3864	274	704	99,0,0,0,0,0	17729	815	63	53928	1798	0	83982,83671,81671,41528,41528,41528,41528	0	1	27529,27150,0,0,0,0,0	49	62392
173251	113	261	295	98	110	26	20	7	3396	502	667	483	301	4	30	3388	252	671	99,0,0,0,0,0	17390	797	66	53992	1803	0	84375,84088,82070,41549,41549,41549,41549	0	4	27530,27217,0,0,0,0,0	50	62966
173407	111	255	253	85	108	26	18	8	3300	504	671	462	243	1	36	3304	232	624	99,0,0,0,0,0	27657	798	66	54052	1810	0	84770,84503,82472,41594,41594,41594,41594	0	3	27530,27283,0,0,0,0,0	48	63519
173583	96	235	259	79	94	24	20	7	3173	504	672	468	91	1	28	3022	223	584	99,0,0,0,0,0	27721	1082	55	54101	1816	0	85167,84919,82874,41619,41619,41619,41619	0	5	27530,27335,0,0,0,0,0	46	64298
173750	83	220	233	64	92	22	19	7	3079	505	672	484	308	1	31	2703	208	525	99,0,0,0,0,0	16318	1064	48	54146	1819	0	85565,85337,83278,41645,41645,41645,41645	0	4	27530,27383,0,0,0,0,0	47	65087
173940	78	216	221	63	79	21	19	5	2922	507	675	500	238	0	24	2837	205	492	99,0,0,0,0,0	16594	1004	57	54197	1825	0	85955,85748,83672,41653,41653,41653,41653	0	1	27530,27439,0,0,0,0,0	45	65820
174103	83	200	193	52	69	21	14	6	2819	511	675	493	89	0	14	2476	176	456	99,0,0,0,0,0	16459	1048	54	54248	1829	0	86334,86145,84057,41671,41671,41671,41671	0	2	27530,27494,0,0,0,0,0	39	66591
174251	85	194	185	48	67	18	11	8	2692	511	676	503	90	0	19	1993	159	449	99,0,0,0,0,0	16096	1002	54	54298	1834	0	86716,86545,84446,41701,41701,41701,41701	0	1	27530,27546,0,0,0,0,0	33	67322
174408	80	181	192	53	58	14	9	8	2551	511	681	537	143	0	15	1615	155	432	99,0,0,0,0,0	15499	1034	50	54345	1838	0	87097,86946,84834,41734,41734,41734,41734	0	3	27530,27597,0,0,0,0,0	26	68076
174572	70	160	176	54	58	13	7	7	2434	512	683	513	302	1	17	1487	146	392	99,0,0,0,0,0	20687	1084	32	54377	1839	0	87470,87336,85213,41750,41750,41750,41750	0	2	27530,27630,0,0,0,0,0	26	68846
174750	57	154	171	41	47	15	6	5	2300	513	687	527	258	0	15	1693	141	350	99,0,0,0,0,0	20933	333	27	54403	1840	0	88014,87899,85765,41855,41855,41855,41855	0	3	27530,27657,0,0,0,0,0	20	69061
174882	54	158	155	38	49	15	5	5	2179	514	692	514	110	0	8	1540	132	342	99,0,0,0,0,0	12449	373	43	54442	1844	0	88564,88466,86324,41973,41973,41973,41973	0	3	27530,27699,0,0,0,0,0	24	69301
175014	57	148	141	36	45	14	3	6	2073	515	694	523	337	3	15	1414	125	319	99,0,0,0,0,0	12187	346	38	54476	1848	0	89116,89032,86884,42094,42094,42094,42094	0	3	27530,27737,0,0,0,0,0	23	69528
175139	63	132	136	34	47	13	3	6	1963	515	695	515	93	0	6	1318	115	313	99,0,0,0,0,0	12037	354	39	54515	1848	0	89661,89591,87436,42213,42213,42213,42213	0	2	27530,27776,0,0,0,0,0	22	69772
175263	61	132	124	35	43	14	3	5	1855	515	696	544	355	1	12	1175	111	301	99,0,0,0,0,0	12102	370	39	54548	1854	0	90194,90137,87976,42329,42329,42329,42329	0	4	27530,27815,0,0,0,0,0	18	70029
175394	64	114	114	29	39	14	2	5	1756	516	699	562	70	0	14	1129	104	272	99,0,0,0,0,0	12058	364	28	54570	1860	0	90731,90688,88522,42443,42443,42443,42443	0	2	27530,27840,0,0,0,0,0	19	70298
175521	56	109	111	25	39	12	4	5	1640	517	707	560	259	0	8	1080	97	259	100,0,0,0,0,0	20393	352	24	54592	1862	0	91264,91235,89062,42557,42557,42557,42557	0	1	27530,27863,0,0,0,0,0	21	70551
175640	46	107	102	34	36	9	4	5	1538	517	708	572	84	0	9	1012	93	245	100,0,0,0,0,0	20480	354	25	54613	1866	0	91382,91366,89185,42438,42438,42438,42438	0	2	27530,27885,0,0,0,0,0	18	70802
175738	48	102	92	34	27	11	5	3	1458	517	711	556	318	1	14	1092	85	234	100,0,0,0,0,0	11793	332	25	54634	1870	0	91543,91539,89350,42344,42344,42344,42344	0	1	27530,27909,0,0,0,0,0	18	71038
175812	47	102	95	29	29	12	4	2	1385	518	711	560	108	0	12	936	81	237	100,0,0,0,0,0	11955	331	34	54667	1871	0	91710,91714,89521,42259,42259,42259,42259	0	4	27530,27942,0,0,0,0,0	20	71261
175903	39	106	88	23	29	11	7	2	1306	518	714	576	159	0	11	956	72	231	100,0,0,0,0,0	11792	318	26	54693	1871	0	91872,91886,89686,42169,42169,42169,42169	0	1	27530,27968,0,0,0,0,0	21	71479
175974	38	95	83	24	28	12	6	2	1248	518	718	594	85	1	11	955	70	216	100,0,0,0,0,0	11871	304	21	54712	1873	0	92051,92073,89869,42094,42094,42094,42094	0	3	27530,27988,0,0,0,0,0	20	71692
176052	34	81	84	28	28	9	6	2	1183	518	721	585	86	0	7	912	70	200	100,0,0,0,0,0	11816	334	19	54731	1873	0	92224,92254,90045,42012,42012,42012,42012	0	0	27530,28007,0,0,0,0,0	17	71927
176122	33	68	82	28	28	8	5	2	1126	519	725	555	134	1	9	881	65	187	100,0,0,0,0,0	20305	325	18	54749	1873	0	92398,92435,90223,41937,41937,41937,41937	0	0	27530,28025,0,0,0,0,0	15	72143
176194	24	75	82	22	25	8	5	2	1065	519	725	540	97	0	7	810	62	179	100,0,0,0,0,0	20485	182	20	54768	1874	0	92621,92667,90452,41893,41893,41893,41893	0	2	27530,28044,0,0,0,0,0	13	72263
176266	31	75	70	16	20	6	4	3	1008	519	728	538	250	0	6	968	53	169	100,0,0,0,0,0	11779	176	24	54789	1877	0	92855,92909,90692,41851,41851,41851,41851	0	3	27530,28067,0,0,0,0,0	10	72378
176319	24	68	72	19	18	6	4	3	963	519	731	552	272	2	9	981	56	155	100,0,0,0,0,0	11813	154	13	54801	1878	0	93065,93125,90907,41805,41805,41805,41805	0	0	27530,28080,0,0,0,0,0	11	72482
176384	23	62	67	22	19	6	5	2	904	519	733	552	5168	6	3	1128	53	151	100,0,0,0,0,0	11997	181	19	54819	1879	0	93273,93342,91121,41757,41757,41757,41757	0	1	27530,28099,0,0,0,0,0	11	72610
176440	30	50	69	13	18	5	5	2	860	519	735	596	2748	2	5	1040	54	136	100,0,0,0,0,0	11700	188	20	54838	1880	0	93479,93556,91333,41706,41706,41706,41706	0	0	27530,28119,0,0,0,0,0	11	72737
176506	26	48	58	17	15	5	5	1	809	519	737	602	1425	1	4	1094	50	124	100,0,0,0,0,0	11872	183	9	54847	1880	0	93686,93770,91546,41652,41652,41652,41652	0	0	27530,28128,0,0,0,0,0	10	72863
176550	25	54	53	17	13	5	4	0	764	520	741	604	760	0	2	1031	45	126	100,0,0,0,0,0	20675	161	17	54863	1881	0	93887,93977,91753,41612,41612,41612,41612	0	0	27530,28145,0,0,0,0,0	9	72963
176596	23	41	60	16	15	5	4	0	718	521	747	618	508	1	5	995	40	124	100,0,0,0,0,0	20317	175	11	54874	1881	0	94134,94230,92007,41596,41596,41596,41596	0	1	27530,28156,0,0,0,0,0	10	73075
176634	20	44	49	19	13	4	4	0	689	521	749	596	2818	0	4	1092	41	112	100,0,0,0,0,0	22763	169	9	54883	1881	0	94375,94475,92255,41568,41568,41568,41568	0	0	27530,28165,0,0,0,0,0	10	73183
176678	20	41	45	20	13	5	3	0	648	522	751	598	2684	0	4	959	39	108	100,0,0,0,0,0	22640	172	13	54897	1881	0	94591,94696,92477,41527,41527,41527,41527	0	0	27530,28179,0,0,0,0,0	8	73301
176728	19	30	43	18	15	4	3	0	612	522	752	623	2121	0	4	728	38	94	100,0,0,0,0,0	22433	143	7	54904	1881	0	94828,94938,92720,41494,41494,41494,41494	0	1	27530,28186,0,0,0,0,0	8	73398
176769	14	34	41	13	9	4	2	0	584	523	753	632	1486	0	6	752	31	86	100,0,0,0,0,0	22532	143	8	54911	1882	0	95049,95164,92948,41459,41459,41459,41459	0	1	27530,28193,0,0,0,0,0	7	73474
176814	14	36	42	11	7	3	1	0	537	524	757	624	976	1	2	679	29	85	100,0,0,0,0,0	22240	175	9	54920	1882	0	95283,95402,93189,41430,41430,41430,41430	0	1	27530,28202,0,0,0,0,0	5	73582
176836	17	30	37	7	9	2	1	0	522	524	761	610	1922	0	2	476	26	77	100,0,0,0,0,0	20056	155	9	54927	1884	0	95522,95645,93436,41423,41423,41423,41423	0	1	27530,28209,0,0,0,0,0	4	73681
176866	20	22	35	7	7	1	1	0	495	524	768	612	2274	1	3	311	20	73	100,0,0,0,0,0	20026	155	5	54933	1884	0	95539,95665,93455,41269,41269,41269,41269	0	0	27530,28215,0,0,0,0,0	3	73786
176900	20	21	33	5	6	1	1	0	464	524	771	620	2237	1	4	333	17	70	100,0,0,0,0,0	22021	178	7	54940	1884	0	95563,95693,93482,41115,41115,41115,41115	0	0	27530,28222,0,0,0,0,0	3	73897
176935	14	24	33	4	5	1	1	0	429	524	776	636	1907	2	1	410	15	67	100,0,0,0,0,0	22054	160	4	54944	1884	0	95582,95717,93504,40956,40956,40956,40956	0	0	27530,28226,0,0,0,0,0	3	73997
176954	9	25	33	4	5	1	1	0	411	524	779	626	1394	0	0	267	13	65	100,0,0,0,0,0	22063	162	5	54949	1884	0	95600,95737,93524,40800,40800,40800,40800	0	0	27530,28231,0,0,0,0,0	3	74102
176979	8	24	30	5	6	1	1	0	384	524	784	642	1655	0	1	256	13	62	100,0,0,0,0,0	21767	162	4	54953	1884	0	95617,95756,93543,40642,40642,40642,40642	0	1	27530,28235,0,0,0,0,0	3	74207
176989	7	24	28	7	4	1	1	0	371	524	790	633	1933	0	2	257	14	58	100,0,0,0,0,0	21911	178	5	54957	1885	0	95648,95789,93577,40495,40495,40495,40495	0	1	27530,28240,0,0,0,0,0	2	74326
177010	7	23	22	6	3	2	1	0	355	524	793	647	2042	0	2	229	12	52	100,0,0,0,0,0	19785	176	4	54961	1885	0	95671,95814,93602,40341,40341,40341,40341	0	0	27530,28244,0,0,0,0,0	3	74437
177045	6	16	21	5	6	3	1	0	323	524	796	630	1930	0	2	182	9	49	100,0,0,0,0,0	19886	100	3	54964	1885	0	95692,95839,93626,40185,40185,40185,40185	0	0	27530,28247,0,0,0,0,0	5	74504
177072	5	18	14	5	4	3	1	0	301	524	799	644	1609	0	2	176	8	42	100,0,0,0,0,0	21898	91	5	54968	1886	0	95710,95859,93646,40022,40022,40022,40022	0	0	27530,28252,0,0,0,0,0	5	74570
177085	8	11	20	4	2	3	1	0	283	524	805	663	1699	2	2	170	9	40	100,0,0,0,0,0	21782	107	4	54972	1886	0	95720,95870,93657,39865,39865,39865,39865	0	0	27530,28256,0,0,0,0,0	3	74636
177105	6	14	15	5	3	3	1	0	261	524	809	679	1833	0	1	135	13	34	100,0,0,0,0,0	21615	99	3	54974	1887	0	95728,95880,93668,39703,39703,39703,39703	0	0	27530,28258,0,0,0,0,0	4	74701
177124	2	13	11	8	3	3	1	0	246	524	811	645	2073	0	2	59	13	28	100,0,0,0,0,0	21895	118	1	54974	1888	0	95730,95885,93673,39536,39536,39536,39536	0	0	27530,28259,0,0,0,0,0	4	74785
177138	2	11	11	6	3	3	0	1	233	524	814	637	1956	0	3	227	13	23	100,0,0,0,0,0	21729	92	0	54975	1888	0	95748,95904,93692,39383,39383,39383,39383	0	0	27530,28260,0,0,0,0,0	3	74840
177154	2	7	11	7	4	3	0	1	216	524	817	634	1748	0	1	231	13	21	100,0,0,0,0,0	19752	113	0	54975	1888	0	95757,95914,93704,39229,39229,39229,39229	0	0	27530,28260,0,0,0,0,0	3	74913
177166	2	5	10	4	4	3	0	1	205	524	822	630	1738	1	1	234	11	17	100,0,0,0,0,0	19752	79	2	54976	1889	0	95712,95871,93661,39042,39042,39042,39042	0	0	27530,28262,0,0,0,0,0	3	74961
177177	2	9	7	2	2	3	0	1	196	524	823	622	1810	0	1	271	9	16	100,0,0,0,0,0	21699	79	4	54980	1889	0	95662,95823,93612,38847,38847,38847,38847	0	0	27530,28266,0,0,0,0,0	4	75007
177190	0	8	5	4	2	3	0	1	182	524	827	628	1836	0	1	315	8	14	100,0,0,0,0,0	21786	89	0	54980	1889	0	95605,95768,93557,38646,38646,38646,38646	0	0	27530,28266,0,0,0,0,0	4	75067
177203	2	6	7	3	2	3	0	1	165	524	830	628	1885	0	0	303	5	18	100,0,0,0,0,0	21829	84	3	54983	1889	0	95557,95722,93510,38450,38450,38450,38450	0	0	27530,28269,0,0,0,0,0	5	75122
177220	3	5	8	2	1	3	0	1	147	524	832	645	1954	0	2	298	4	18	100,0,0,0,0,0	21999	91	2	54985	1889	0	95516,95682,93470,38258,38258,38258,38258	0	0	27530,28271,0,0,0,0,0	5	75176
177228	1	6	5	1	2	2	0	0	141	524	836	621	1834	0	2	296	5	12	100,0,0,0,0,0	22021	82	0	54985	1889	0	95464,95632,93420,38065,38065,38065,38065	0	0	27530,28271,0,0,0,0,0	4	75224
177236	1	5	3	1	1	2	0	0	132	524	841	622	1794	0	1	293	4	9	100,0,0,0,0,0	19629	88	0	54985	1889	0	95413,95581,93370,37872,37872,37872,37872	0	0	27530,28271,0,0,0,0,0	3	75277
177248	0	4	5	0	0	2	0	0	118	524	845	619	1803	0	0	126	2	9	100,0,0,0,0,0	19933	77	0	54985	1889	0	95355,95524,93313,37680,37680,37680,37680	0	0	27530,28271,0,0,0,0,0	3	75328
177256	0	3	5	0	0	2	0	0	111	524	845	611	1859	0	0	114	2	8	100,0,0,0,0,0	21751	88	0	54985	1889	0	95292,95462,93252,37482,37482,37482,37482	0	0	27530,28271,0,0,0,0,0	2	75382
177262	1	2	4	1	0	1	0	0	100	524	851	612	1778	0	0	112	3	6	100,0,0,0,0,0	21519	74	1	54986	1889	0	95238,95410,93200,37288,37288,37288,37288	0	0	27530,28272,0,0,0,0,0	1	75426
177266	1	2	4	0	0	1	0	0	93	524	855	593	1767	0	1	80	3	5	100,0,0,0,0,0	21673	77	0	54986	1889	0	95175,95346,93136,37091,37091,37091,37091	0	0	27530,28272,0,0,0,0,0	1	75473
177264	2	0	4	0	1	0	0	0	90	524	861	601	1829	0	0	18	2	5	100,0,0,0,0,0	21767	71	1	54987	1889	0	95107,95278,93070,36898,36898,36898,36898	0	0	27530,28273,0,0,0,0,0	0	75512
177266	2	1	3	0	1	0	0	0	83	524	866	598	1823	0	0	17	3	4	100,0,0,0,0,0	21699	81	1	54988	1889	0	95048,95219,93013,36709,36709,36709,36709	0	0	27530,28274,0,0,0,0,0	0	75556
177270	1	3	2	0	1	0	0	0	77	524	868	603	1832	0	0	17	3	4	100,0,0,0,0,0	19555	88	1	54989	1889	0	94987,95159,92953,36517,36517,36517,36517	0	0	27530,28275,0,0,0,0,0	0	75608
177269	0	3	2	1	1	0	0	0	70	524	876	630	1864	0	0	15	3	4	100,0,0,0,0,0	19625	91	0	54989	1889	0	94929,95101,92896,36335,36335,36335,36335	0	0	27530,28275,0,0,0,0,0	0	75668
177272	0	3	0	1	1	0	0	0	63	524	882	626	1804	0	0	7	3	2	100,0,0,0,0,0	21744	71	0	54989	1889	0	94871,95044,92840,36150,36150,36150,36150	0	0	27530,28275,0,0,0,0,0	0	75716
177278	0	2	1	1	1	0	0	0	54	524	885	635	1774	0	0	7	3	2	100,0,0,0,0,0	21498	78	0	54989	1889	0	94802,94975,92772,35959,35959,35959,35959	0	0	27530,28275,0,0,0,0,0	0	75763
177276	1	2	0	1	1	0	0	0	54	524	887	622	1775	0	0	8	2	3	100,0,0,0,0,0	21579	64	1	54990	1889	0	94739,94911,92710,35775,35775,35775,35775	0	0	27530,28276,0,0,0,0,0	0	75797
177271	1	2	0	0	0	0	0	0	52	524	896	619	1832	0	0	8	1	2	100,0,0,0,0,0	21761	86	0	54990	1889	0	94675,94848,92647,35592,35592,35592,35592	0	0	27530,28276,0,0,0,0,0	0	75843
177271	0	2	1	0	0	0	0	0	49	524	899	631	1855	0	0	6	1	2	100,0,0,0,0,0	21644	69	0	54990	1889	0	94616,94788,92589,35410,35410,35410,35410	0	0	27530,28276,0,0,0,0,0	0	75887
177276	0	1	2	0	0	0	0	0	40	524	903	629	1810	0	0	4	1	2	100,0,0,0,0,0	19395	66	0	54990	1889	0	94559,94731,92534,35230,35230,35230,35230	0	0	27530,28276,0,0,0,0,0	0	75923
177277	0	1	2	0	0	0	0	0	35	524	907	608	1768	0	0	4	1	2	100,0,0,0,0,0	19396	73	0	54990	1889	0	94486,94659,92462,35049,35049,35049,35049	0	0	27530,28276,0,0,0,0,0	0	75966
177276	0	0	3	0	0	0	0	0	33	524	910	594	1790	0	0	4	1	2	100,0,0,0,0,0	21763	75	0	54990	1889	0	94405,94577,92381,34857,34857,34857,34857	0	0	27530,28276,0,0,0,0,0	0	76001
177274	0	0	3	0	0	0	0	0	31	524	914	616	1826	0	0	4	1	2	100,0,0,0,0,0	21419	84	0	54990	1889	0	94325,94497,92302,34672,34672,34672,34672	0	0	27530,28276,0,0,0,0,0	0	76050
177271	0	1	1	0	0	0	0	0	30	524	919	591	1850	0	0	4	1	1	100,0,0,0,0,0	21501	84	1	54990	1890	0	94241,94414,92219,34488,34488,34488,34488	0	0	27530,28277,0,0,0,0,0	0	76097
177271	0	0	1	1	0	0	0	0	24	524	925	577	1831	0	0	4	1	1	100,0,0,0,0,0	21400	81	0	54990	1890	0	94166,94339,92145,34303,34303,34303,34303	0	0	27530,28277,0,0,0,0,0	0	76141
177270	0	0	1	1	0	0	0	0	23	524	927	568	1829	0	1	3	1	1	100,0,0,0,0,0	21660	87	0	54990	1890	0	94080,94253,92060,34118,34118,34118,34118	0	0	27530,28277,0,0,0,0,0	0	76192
177266	0	0	0	1	0	0	0	0	24	524	931	571	1769	0	0	3	1	0	100,0,0,0,0,0	19490	74	0	54990	1890	0	94001,94174,91982,33938,33938,33938,33938	0	0	27530,28277,0,0,0,0,0	0	76230
177266	0	0	0	1	0	0	0	0	23	524	932	563	1771	0	0	3	1	0	100,0,0,0,0,0	19553	56	0	54990	1890	0	93912,94085,91894,33763,33763,33763,33763	0	0	27530,28277,0,0,0,0,0	0	76265
177265	0	0	0	1	0	0	0	0	20	524	936	577	1865	0	0	4	1	0	100,0,0,0,0,0	21535	60	0	54990	1890	0	93820,93993,91802,33583,33583,33583,33583	0	0	27530,28277,0,0,0,0,0	0	76298
177265	0	0	0	1	0	0	0	0	16	524	940	559	1765	0	0	4	1	0	100,0,0,0,0,0	21725	181	0	54990	1890	122	93735,93908,91718,33407,33407,33407,33407	0	0	27530,28277,0,0,0,0,0	0	76329
177262	0	0	0	1	0	0	0	0	15	524	944	566	1875	0	0	4	1	0	100,0,0,0,0,0	21792	217	0	54990	1890	268	93679,93852,91663,33295,33295,33295,33295	0	0	27530,28277,0,0,0,0,0	0	76361
177261	0	0	0	1	0	0	0	0	13	524	947	575	1795	0	0	4	1	0	100,0,0,0,0,0	21481	194	0	54990	1890	399	93628,93800,91612,33189,33189,33189,33189	0	0	27530,28277,0,0,0,0,0	0	76388
177257	1	0	0	1	0	0	0	0	12	524	951	589	1776	0	0	4	2	0	100,0,0,0,0,0	21757	193	1	54990	1891	517	93576,93747,91561,33085,33085,33085,33085	0	0	27530,28278,0,0,0,0,0	0	76423
177255	1	0	0	0	0	0	0	0	11	524	955	587	1808	0	0	4	1	0	100,0,0,0,0,0	19299	203	0	54990	1891	658	93516,93687,91503,32973,32973,32973,32973	0	0	27530,28278,0,0,0,0,0	0	76461
177255	1	0	0	0	0	0	0	0	9	524	957	599	1776	0	0	4	1	0	100,0,0,0,0,0	19303	199	0	54990	1891	775	93460,93631,91448,32879,32879,32879,32879	0	0	27530,28278,0,0,0,0,0	0	76509
177254	1	0	0	0	0	0	0	0	7	524	960	613	1876	0	0	0	0	1	100,0,0,0,0,0	21555	187	0	54990	1891	893	93396,93567,91385,32767,32767,32767,32767	0	0	27530,28278,0,0,0,0,0	0	76547
177246	0	1	0	0	0	0	0	0	7	524	968	605	1788	0	0	0	0	1	100,0,0,0,0,0	21603	254	0	54990	1891	1083	93331,93501,91320,32659,32659,32659,32659	0	0	27530,28278,0,0,0,0,0	0	76587
177244	0	1	0	0	0	0	0	0	7	524	970	603	1808	0	0	0	0	1	100,0,0,0,0,0	21603	287	0	54990	1891	1292	93281,93450,91271,32582,32582,32582,32582	0	0	27530,28278,0,0,0,0,0	0	76632
177239	0	1	0	0	0	0	0	0	6	524	976	578	1815	0	0	0	0	1	100,0,0,0,0,0	21537	276	0	54990	1891	1495	93233,93402,91224,32516,32516,32516,32516	0	0	27530,28278,0,0,0,0,0	0	76670
177238	0	1	0	0	0	0	0	0	6	524	977	582	1719	0	0	0	0	1	100,0,0,0,0,0	21574	278	0	54990	1891	1689	93189,93357,91181,32450,32450,32450,32450	0	0	27530,28278,0,0,0,0,0	0	76714
177237	0	1	0	0	0	0	0	0	5	524	979	611	1845	0	0	0	0	1	100,0,0,0,0,0	19536	262	0	54990	1891	1886	93147,93315,91140,32383,32383,32383,32383	0	0	27530,28278,0,0,0,0,0	0	76752
177232	0	1	0	0	0	0	0	0	4	524	985	638	1823	0	0	0	0	1	100,0,0,0,0,0	19472	236	0	54990	1891	2076	93117,93285,91111,32337,32337,32337,32337	0	0	27530,28278,0,0,0,0,0	0	76777
177228	0	1	0	0	0	0	0	0	4	524	989	633	1801	0	0	0	0	1	100,0,0,0,0,0	21752	261	0	54990	1891	2271	93071,93238,91067,32276,32276,32276,32276	0	0	27530,28278,0,0,0,0,0	0	76808
177224	0	0	0	0	1	0	0	0	3	524	994	653	1819	0	0	0	0	1	100,0,0,0,0,0	21495	236	0	54990	1891	2438	93026,93193,91023,32216,32216,32216,32216	0	0	27530,28278,0,0,0,0,0	0	76849
177220	0	0	0	0	1	0	0	0	3	524	998	628	1715	0	0	0	0	1	100,0,0,0,0,0	21642	235	0	54990	1891	2609	92975,93142,90973,32147,32147,32147,32147	0	0	27530,28278,0,0,0,0,0	0	76886
177215	0	0	0	0	1	0	0	0	3	524	1003	605	1836	0	0	0	0	1	100,0,0,0,0,0	21670	236	0	54990	1891	2778	92925,93091,90923,32076,32076,32076,32076	0	0	27530,28278,0,0,0,0,0	0	76927
177212	0	0	0	0	0	0	0	0	4	524	1006	643	1862	0	1	2	0	0	0,0,0,0,0,0	21611	232	0	54990	1891	2941	92878,93043,90877,32005,32005,32005,32005	0	0	27530,28278,0,0,0,0,0	0	76964
177208	0	0	0	0	0	0	0	0	4	524	1010	613	1801	0	0	2	0	0	0,0,0,0,0,0	19534	236	0	54990	1891	3110	92824,92988,90824,31933,31933,31933,31933	0	0	27530,28278,0,0,0,0,0	0	77005
177206	0	0	0	0	0	0	0	0	4	524	1012	641	1784	0	0	2	0	0	0,0,0,0,0,0	19498	266	0	54990	1891	3297	92770,92934,90771,31879,31879,31879,31879	0	0	27530,28278,0,0,0,0,0	0	77052
177204	0	0	0	0	0	0	0	0	3	524	1015	633	1784	0	0	2	0	0	0,0,0,0,0,0	21642	264	0	54990	1891	3485	92718,92881,90720,31833,31833,31833,31833	0	0	27530,28278,0,0,0,0,0	0	77099
177202	0	0	0	0	0	0	0	0	3	524	1017	633	1808	0	0	2	0	0	0,0,0,0,0,0	21645	346	0	54990	1891	3748	92670,92832,90673,31780,31780,31780,31780	0	0	27530,28278,0,0,0,0,0	0	77143
177201	0	0	0	0	0	0	0	0	3	524	1018	656	1853	0	0	2	0	0	0,0,0,0,0,0	21600	371	0	54990	1891	4042	92643,92805,90647,31771,31771,31771,31771	0	0	27530,28278,0,0,0,0,0	0	77189
177200	0	0	0	0	0	0	0	0	2	524	1020	672	1874	0	0	2	0	0	0,0,0,0,0,0	21713	356	0	54990	1891	4309	92620,92782,90627,31769,31769,31769,31769	0	0	27530,28278,0,0,0,0,0	0	77241
177198	0	0	0	0	0	0	0	0	2	524	1022	667	1802	0	0	3	0	0	0,0,0,0,0,0	21585	336	0	54990	1891	4561	92595,92756,90603,31758,31758,31758,31758	0	0	27530,28278,0,0,0,0,0	0	77284
177167	15	12	0	0	0	0	0	0	2	524	1026	686	1801	0	0	3	0	27	0,100,0,0,0,0	19624	349	0	55012	1896	4823	92581,92741,90590,31771,31771,31771,31771	0	0	27530,28278,27,0,0,0,0	0	77320
177134	30	22	3	0	0	0	0	0	2	524	1031	685	1839	1	0	3	0	55	0,100,0,0,0,0	19728	459	2	55037	1899	5061	92577,92737,90587,31810,31810,31810,31810	0	0	27530,28278,55,0,0,0,0	1	77425
177094	40	41	9	1	0	0	0	0	4	524	1033	657	1828	1	1	7	2	89	0,100,0,0,0,0	21855	458	5	55074	1900	5313	92568,92728,90579,31838,31838,31838,31838	0	0	27530,28278,93,0,0,0,0	2	77512
177034	59	61	19	2	0	0	0	0	5	524	1042	697	1861	1	0	8	3	138	0,100,0,0,0,0	10105	504	11	55122	1903	5633	92571,92730,90584,31878,31878,31878,31878	0	0	27530,28278,144,0,0,0,0	1	77592
176986	75	69	27	6	2	0	0	0	8	524	1049	685	1777	2	1	10	3	176	0,100,0,0,0,0	10358	476	12	55160	1908	5916	92586,92745,90601,31956,31956,31956,31956	0	2	27530,28278,187,0,0,0,0	1	77673
176932	81	101	32	5	4	1	0	0	15	524	1051	700	1854	1	1	16	7	217	0,100,0,0,0,0	10185	471	29	55208	1913	6188	92602,92760,90618,32026,32026,32026,32026	0	0	27530,28278,240,0,0,0,0	1	77761
176889	77	109	44	11	7	1	0	0	27	524	1057	752	1805	1	4	31	12	237	0,100,0,0,0,0	10205	484	38	55244	1915	6494	92608,92765,90625,32073,32073,32073,32073	0	0	27530,28278,278,0,0,0,0	2	77831
176853	72	122	56	12	9	0	1	0	37	524	1060	744	1879	6	6	50	17	255	0,100,0,0,0,0	19684	491	33	55273	1919	6808	92619,92776,90638,32137,32137,32137,32137	0	2	27530,28278,311,0,0,0,0	1	77908
176821	62	126	60	18	16	1	1	0	53	524	1064	730	1863	1	5	272	34	250	0,100,0,0,0,0	19824	391	30	55301	1921	7098	92661,92816,90681,32226,32226,32226,32226	0	2	27530,28278,341,0,0,0,0	1	77956
176776	60	133	75	14	20	2	1	0	72	524	1069	733	1825	1	4	370	42	263	0,100,0,0,0,0	10635	393	44	55341	1925	7392	92702,92857,90724,32314,32314,32314,32314	0	2	27530,28278,385,0,0,0,0	3	77994
176742	59	132	81	12	30	2	1	0	91	524	1072	746	1840	1	10	394	53	264	0,100,0,0,0,0	10586	360	36	55373	1929	7677	92730,92884,90753,32383,32383,32383,32383	0	0	27530,28278,421,0,0,0,0	5	78027
176706	54	135	91	13	24	3	1	0	117	524	1078	715	1786	0	8	459	55	266	0,100,0,0,0,0	10642	403	36	55407	1931	7959	92758,92912,90783,32454,32454,32454,32454	0	2	27530,28278,457,0,0,0,0	4	78065
176659	61	140	92	17	26	3	1	0	140	524	1083	728	2035	3	7	495	59	281	0,100,0,0,0,0	10635	336	50	55453	1935	8213	92802,92955,90829,32542,32542,32542,32542	0	4	27530,28278,507,0,0,0,0	7	78093
176606	74	145	98	17	28	2	1	0	165	524	1086	726	1903	3	5	584	65	300	0,100,0,0,0,0	10774	391	56	55500	1944	8504	92832,92985,90862,32615,32615,32615,32615	0	3	27530,28278,563,0,0,0,0	6	78129
176570	78	138	106	23	27	2	1	0	187	524	1090	719	1801	3	5	611	66	309	0,100,0,0,0,0	20052	411	39	55537	1947	8826	92863,93017,90895,32690,32690,32690,32690	0	1	27530,28278,603,0,0,0,0	6	78162
176532	61	150	114	26	22	2	1	0	220	524	1094	756	1885	2	6	620	59	317	0,100,0,0,0,0	20052	377	43	55575	1953	9144	92886,93039,90920,32786,32786,32786,32786	0	2	27530,28278,647,0,0,0,0	4	78175
176483	69	145	123	21	21	2	1	0	254	524	1103	759	2036	2	12	686	68	314	0,100,0,0,0,0	10903	325	53	55623	1958	9411	92917,93070,90955,32892,32892,32892,32892	0	7	27530,28278,700,0,0,0,0	3	78185
176430	80	143	120	19	25	2	1	0	288	524	1114	757	1876	7	8	670	76	314	0,100,0,0,0,0	11155	304	53	55671	1964	9663	92932,93084,90972,32963,32963,32963,32963	0	3	27530,28278,754,0,0,0,0	8	78189
176382	88	141	129	26	24	1	1	0	308	524	1122	753	1867	3	10	639	89	321	0,100,0,0,0,0	10962	322	52	55723	1966	9939	92953,93105,90995,33035,33035,33035,33035	0	1	27530,28278,808,0,0,0,0	3	78203
176337	96	136	142	30	28	0	1	0	328	524	1124	753	1769	3	5	643	90	343	0,100,0,0,0,0	10774	306	59	55776	1972	10190	92976,93128,91021,33110,33110,33110,33110	0	5	27530,28278,867,0,0,0,0	3	78213
176274	118	155	136	28	24	2	1	0	355	524	1129	771	1807	3	5	642	85	379	0,100,0,0,0,0	10998	285	81	55848	1982	10426	93009,93161,91057,33196,33196,33196,33196	0	1	27530,28278,947,0,0,0,0	4	78209
176229	115	177	144	30	23	1	1	0	366	524	1136	761	2021	4	7	655	85	406	0,100,0,0,0,0	20198	284	62	55901	1991	10664	93021,93173,91073,33256,33256,33256,33256	0	3	27530,28278,1008,0,0,0,0	10	78210
176188	113	185	152	28	20	1	0	0	395	525	1139	748	1858	3	4	650	82	417	0,100,0,0,0,0	20131	329	61	55955	1998	10943	93032,93183,91087,33329,33329,33329,33329	0	3	27530,28278,1069,0,0,0,0	7	78216
176111	120	212	171	26	19	2	1	0	413	525	1146	775	1865	2	4	637	82	469	0,100,0,0,0,0	10879	330	95	56039	2009	11217	93079,93229,91137,33459,33459,33459,33459	0	3	27530,28278,1164,0,0,0,0	9	78205
176036	136	215	178	31	27	2	1	0	444	525	1151	807	2038	6	6	672	79	511	0,100,0,0,0,0	10791	292	88	56116	2021	11468	93109,93259,91171,33569,33569,33569,33569	0	6	27530,28278,1253,0,0,0,0	11	78192
175942	140	242	176	33	27	2	1	0	495	525	1163	810	1980	5	9	721	82	539	0,100,0,0,0,0	11007	293	98	56206	2031	11705	93157,93306,91222,33689,33689,33689,33689	0	9	27530,28278,1353,0,0,0,0	10	78188
175874	148	249	186	37	28	2	2	0	526	525	1169	775	1840	5	13	597	91	561	0,100,0,0,0,0	11107	312	89	56281	2047	11952	93189,93337,91258,33785,33785,33785,33785	0	3	27530,28278,1443,0,0,0,0	8	78195
175789	153	290	185	39	28	2	3	0	560	525	1172	786	1999	6	14	705	104	596	0,100,0,0,0,0	10970	322	107	56375	2060	12225	93240,93387,91312,33904,33904,33904,33904	0	5	27530,28278,1550,0,0,0,0	10	78191
175719	162	296	201	41	34	2	2	0	587	526	1176	779	1966	7	12	696	99	639	0,100,0,0,0,0	20022	314	102	56460	2077	12496	93285,93432,91362,34028,34028,34028,34028	0	4	27530,28278,1652,0,0,0,0	11	78177
175654	163	294	223	49	38	2	2	0	612	526	1183	763	1999	6	14	769	115	656	0,100,0,0,0,0	20152	273	95	56546	2086	12736	93363,93509,91446,34187,34187,34187,34187	0	2	27530,28278,1747,0,0,0,0	9	78156
175566	182	305	248	48	41	2	2	0	639	526	1187	742	2008	4	17	864	122	706	0,100,0,0,0,0	11138	324	117	56647	2104	13020	93450,93593,91538,34348,34348,34348,34348	0	5	27530,28278,1866,0,0,0,0	12	78141
175450	212	311	273	49	48	3	3	0	676	526	1195	770	1935	3	13	898	131	768	0,100,0,0,0,0	11222	284	144	56778	2118	13261	93559,93702,91653,34545,34545,34545,34545	0	6	27530,28278,2011,0,0,0,0	12	78116
175339	221	336	297	47	50	3	3	1	724	526	1199	765	2008	7	14	968	142	815	0,100,0,0,0,0	11258	274	137	56900	2134	13495	93658,93799,91757,34721,34721,34721,34721	0	6	27530,28278,2146,0,0,0,0	11	78098
175225	214	393	305	52	47	4	3	1	774	526	1202	742	1998	5	18	1136	155	863	0,100,0,0,0,0	11378	317	148	57032	2152	13761	93764,93903,91869,34899,34899,34899,34899	0	4	27530,28278,2296,0,0,0,0	11	78074
175104	239	412	326	48	55	7	3	1	821	526	1204	726	1863	10	14	1315	163	927	0,100,0,0,0,0	11706	269	168	57183	2169	13988	93879,94017,91991,35096,35096,35096,35096	0	7	27530,28278,2463,0,0,0,0	14	78046
175012	241	414	346	48	58	8	2	1	883	527	1206	721	1939	7	16	1298	165	952	0,100,0,0,0,0	20694	293	138	57308	2184	14235	93968,94104,92086,35256,35256,35256,35256	0	7	27530,28278,2603,0,0,0,0	18	78015
174925	235	450	359	48	60	7	2	0	921	527	1212	743	1983	1	22	1361	171	990	0,100,0,0,0,0	20747	264	144	57443	2195	14470	94043,94179,92168,35415,35415,35415,35415	0	6	27530,28278,2749,0,0,0,0	16	77970
174787	248	499	369	49	65	7	3	0	974	528	1217	750	2011	6	18	1369	171	1069	0,100,0,0,0,0	11620	274	190	57608	2220	14700	94146,94282,92278,35608,35608,35608,35608	0	6	27530,28278,2939,0,0,0,0	11	77928
174625	284	529	401	56	66	7	3	0	1026	528	1221	715	1994	6	22	1592	173	1173	0,100,0,0,0,0	11790	277	213	57806	2238	14940	94257,94391,92394,35815,35815,35815,35815	0	11	27530,28278,3155,0,0,0,0	19	77846
174425	318	588	415	67	70	8	3	0	1096	528	1228	723	2006	12	26	1703	185	1284	0,100,0,0,0,0	11952	295	240	58018	2270	15197	94406,94538,92550,36069,36069,36069,36069	0	6	27530,28278,3397,0,0,0,0	17	77784
174193	376	649	443	80	81	7	3	0	1152	528	1234	727	1953	8	33	1872	207	1432	0,100,0,0,0,0	12265	312	300	58281	2308	15469	94585,94716,92737,36357,36357,36357,36357	0	13	27530,28278,3695,0,0,0,0	17	77696
173996	399	686	482	78	96	4	4	0	1232	528	1241	723	2029	10	32	2089	240	1509	0,100,0,0,0,0	12144	297	259	58507	2342	15723	94746,94877,92906,36624,36624,36624,36624	0	8	27530,28278,3954,0,0,0,0	16	77627
173802	407	747	477	87	90	4	4	0	1352	529	1247	729	1851	12	35	2219	255	1561	0,100,0,0,0,0	21571	283	255	58732	2374	15964	94899,95029,93066,36880,36880,36880,36880	0	7	27530,28278,4211,0,0,0,0	22	77560
173616	399	809	492	97	100	5	4	0	1434	530	1260	718	1958	7	21	2281	279	1627	0,100,0,0,0,0	21657	270	256	58965	2400	16201	95041,95171,93217,37131,37131,37131,37131	0	6	27530,28278,4468,0,0,0,0	20	77478
173393	413	841	588	111	109	7	5	0	1487	530	1262	725	2061	13	35	2764	310	1764	0,100,0,0,0,0	13061	282	316	59242	2440	16446	95220,95351,93405,37423,37423,37423,37423	1	15	27530,28278,4784,0,0,0,0	22	77390
173125	484	871	635	121	121	7	6	0	1578	531	1267	717	2092	15	45	3347	364	1881	0,100,0,0,0,0	13431	297	352	59566	2473	16709	95426,95556,93621,37751,37751,37751,37751	1	12	27530,28278,5139,0,0,0,0	21	77280
172883	504	949	673	125	107	5	7	0	1691	531	1271	701	2027	17	45	3714	376	1994	0,100,0,0,0,0	13877	323	334	59857	2518	16991	95614,95745,93819,38065,38065,38065,38065	1	17	27530,28278,5471,0,0,0,0	21	77174
172635	522	969	762	142	117	6	6	1	1779	531	1276	722	1999	12	44	3662	407	2117	0,100,0,0,0,0	13954	292	356	60164	2568	17240	95836,95966,94052,38413,38413,38413,38413	1	16	27530,28278,5828,0,0,0,0	22	77078
172312	549	1027	826	152	149	7	6	1	1905	533	1279	710	1790	12	49	4081	442	2274	0,100,0,0,0,0	14128	274	422	60535	2622	17483	96085,96214,94312,38798,38798,38798,38798	1	23	27530,28278,6253,0,0,0,0	21	76925
172076	577	1073	817	151	141	11	7	1	2072	533	1287	686	2017	21	55	4012	453	2324	0,100,0,0,0,0	23266	306	354	60839	2673	17746	96280,96410,94519,39114,39114,39114,39114	1	24	27530,28278,6605,0,0,0,0	21	76806
171782	601	1105	881	160	154	12	8	1	2218	534	1290	711	1980	23	41	4247	481	2440	0,100,0,0,0,0	23162	325	404	61199	2721	18031	96519,96647,94768,39493,39493,39493,39493	1	15	27530,28278,7012,0,0,0,0	31	76653
171431	676	1179	924	158	183	13	8	1	2346	534	1293	690	2069	26	60	4519	543	2598	0,100,0,0,0,0	14703	299	493	61628	2787	18291	96835,96964,95099,39957,39957,39957,39957	1	23	27530,28278,7502,0,0,0,0	37	76495
171116	708	1282	933	162	194	13	10	2	2498	534	1294	694	2013	20	45	4713	540	2762	0,100,0,0,0,0	15009	312	476	62046	2846	18568	97128,97256,95407,40377,40377,40377,40377	2	21	27530,28278,7978,0,0,0,0	38	76335
170754	752	1339	989	190	221	15	9	3	2639	536	1299	688	1969	30	74	4637	577	2938	0,100,0,0,0,0	15054	292	509	62493	2912	18820	97455,97583,95749,40843,40843,40843,40843	2	29	27530,28278,8490,0,0,0,0	41	76171
170347	818	1437	1032	199	219	21	7	4	2823	537	1302	668	2074	25	79	4826	640	3093	0,100,0,0,0,0	15168	369	558	62981	2986	19139	97805,97934,96116,41345,41345,41345,41345	2	21	27530,28278,9049,0,0,0,0	40	75986
169895	893	1569	1110	215	207	26	9	4	2976	537	1305	642	1972	28	71	4770	672	3357	0,100,0,0,0,0	15289	309	618	63528	3059	19405	98204,98333,96530,41921,41921,41921,41921	2	26	27530,28278,9664,0,0,0,0	46	75758
169485	915	1633	1192	239	220	30	9	3	3171	537	1312	625	2003	27	76	4974	705	3533	0,100,0,0,0,0	24040	304	562	64020	3134	19669	98544,98674,96886,42421,42421,42421,42421	2	24	27530,28278,10225,0,0,0,0	60	75541
169100	913	1673	1272	259	262	31	12	3	3368	538	1315	646	2048	32	63	4890	724	3698	0,100,0,0,0,0	23909	306	555	64512	3203	19944	98876,99007,97235,42909,42909,42909,42909	2	30	27530,28278,10782,0,0,0,0	62	75320
168725	886	1786	1346	283	260	33	12	2	3555	541	1317	626	2009	36	117	5560	849	3757	0,100,0,0,0,0	25468	304	581	65012	3286	20200	99214,99346,97592,43400,43400,43400,43400	3	33	27530,28278,11360,0,0,0,0	74	75105
168328	930	1823	1398	291	277	30	12	2	3793	544	1318	636	1942	41	87	5968	889	3872	0,100,0,0,0,0	25873	301	613	65543	3371	20465	99573,99704,97970,43913,43913,43913,43913	3	41	27530,28278,11971,0,0,0,0	70	74867
167940	958	1891	1442	279	279	31	12	2	4043	546	1323	646	2013	36	103	6316	945	3947	0,100,0,0,0,0	26135	292	629	66082	3463	20714	99934,100065,98353,44430,44430,44430,44430	3	33	27530,28278,12599,0,0,0,0	64	74612
167522	988	1895	1533	304	297	35	13	2	4281	547	1329	648	2036	31	97	6767	985	4080	0,100,0,0,0,0	26520	322	630	66618	3560	20997	100286,100415,98723,44952,44952,44952,44952	3	22	27530,28278,13223,0,0,0,0	64	74343
167177	1007	1886	1588	316	320	39	15	2	4512	547	1337	631	2057	38	86	7025	1010	4161	0,100,0,0,0,0	27044	254	591	67133	3641	21218	100626,100755,99086,45440,45440,45440,45440	3	27	27530,28278,13815,0,0,0,0	81	74089
166851	974	1943	1647	321	326	40	12	3	4734	550	1345	595	1992	30	105	7177	1025	4238	0,100,0,0,0,0	26039	319	600	67651	3725	21497	100951,101078,99435,45894,45894,45894,45894	3	31	27530,28278,14414,0,0,0,0	86	73839
166485	958	2023	1671	320	318	41	18	2	5008	550	1352	606	1952	40	102	7633	1013	4336	0,100,0,0,0,0	26568	300	627	68195	3817	21753	101311,101440,99819,46409,46409,46409,46409	4	37	27530,28278,15042,0,0,0,0	91	73567
166120	991	1996	1731	339	342	40	18	2	5261	551	1355	598	2010	37	111	7859	1037	4420	0,100,0,0,0,0	27731	311	651	68754	3917	22021	101674,101803,100207,46916,46916,46916,46916	4	23	27530,28278,15692,0,0,0,0	88	73302
165658	1084	2040	1787	333	338	45	19	2	5529	553	1358	618	2051	39	127	8509	1102	4544	0,100,0,0,0,0	18463	513	770	69412	4033	22482	102121,102250,100682,47519,47519,47519,47519	4	37	27530,28278,16462,0,0,0,0	89	73007
165206	1166	2138	1782	342	349	48	22	3	5774	553	1363	624	1930	35	112	8360	1121	4726	0,100,0,0,0,0	19018	509	792	70087	4152	22950	102640,102770,101232,48223,48223,48223,48223	4	35	27530,28278,17246,0,0,0,0	90	72710
164811	1152	2243	1824	340	347	47	23	4	6032	556	1367	619	2006	43	110	8090	1100	4876	0,100,0,0,0,0	18444	496	743	70711	4278	23407	103125,103255,101748,48885,48885,48885,48885	4	32	27530,28278,17987,0,0,0,0	95	72420
164331	1211	2356	1875	350	338	47	21	5	6283	560	1369	612	1933	38	117	8297	1110	5088	0,100,0,0,0,0	18433	460	821	71410	4402	23821	103659,103790,102312,49613,49613,49613,49613	4	34	27530,28278,18803,0,0,0,0	96	72105
163995	1176	2375	1924	364	363	51	19	6	6539	562	1372	622	1991	33	90	7668	1045	5227	0,100,0,0,0,0	26775	540	683	71994	4505	24307	104088,104220,102771,50184,50184,50184,50184	4	33	27530,28278,19485,0,0,0,0	96	71846
163666	1161	2396	2010	396	371	49	20	7	6727	563	1380	588	2115	50	115	7951	1089	5314	0,100,0,0,0,0	26454	525	750	72628	4627	24774	104564,104696,103282,50826,50826,50826,50826	4	39	27530,28278,20229,0,0,0,0	110	71554
163145	1231	2519	2061	389	380	55	21	8	6988	564	1385	589	1906	44	129	8253	1102	5554	0,100,0,0,0,0	18438	497	914	73388	4785	25215	105154,105286,103905,51619,51619,51619,51619	4	45	27530,28278,21135,0,0,0,0	113	71214
162672	1348	2544	2120	404	402	57	24	8	7212	567	1388	575	2005	35	124	8191	1159	5740	0,100,0,0,0,0	18536	702	910	74144	4944	25851	105735,105867,104524,52367,52367,52367,52367	4	41	27530,28278,22033,0,0,0,0	119	70893
162108	1413	2642	2159	429	405	61	22	8	7536	570	1393	588	1931	72	150	8189	1236	5895	0,100,0,0,0,0	18540	652	946	74936	5101	26435	106401,106536,105224,53262,53262,53262,53262	5	34	27530,28278,22968,0,0,0,0	126	70565
161614	1447	2751	2208	441	419	55	23	8	7811	570	1399	615	1983	39	126	8484	1307	6037	0,100,0,0,0,0	18838	684	947	75715	5279	27052	107035,107169,105896,54100,54100,54100,54100	5	34	27530,28278,23915,0,0,0,0	128	70220
161038	1507	2868	2294	432	443	64	24	8	8091	572	1405	575	1956	36	132	8573	1311	6321	0,100,0,0,0,0	19078	638	1014	76582	5437	27647	107737,107872,106638,55023,55023,55023,55023	5	44	27530,28278,24929,0,0,0,0	127	69822
160646	1482	2906	2395	438	451	67	28	8	8342	572	1411	564	1999	53	151	9183	1348	6419	0,100,0,0,0,0	27429	675	885	77318	5589	28256	108325,108458,107264,55788,55788,55788,55788	5	59	27530,28278,25802,0,0,0,0	135	69472
160264	1423	2948	2456	447	478	67	29	8	8638	575	1413	571	2019	48	137	9469	1407	6441	0,100,0,0,0,0	28033	716	876	78074	5716	28900	108922,109054,107900,56563,56563,56563,56563	5	46	27530,28278,26672,0,0,0,0	149	69104
159742	1470	3117	2485	457	484	67	30	10	8889	580	1415	557	2028	56	181	9950	1506	6604	0,100,0,0,0,0	19806	674	1077	78935	5938	29498	109647,109782,108675,57499,57499,57499,57499	5	38	27530,28278,27739,0,0,0,0	128	68738
159210	1557	3148	2546	486	483	68	34	10	9205	581	1418	560	1885	51	162	10047	1542	6780	0,100,0,0,0,0	20143	894	1033	79794	6119	30306	110350,110486,109421,58393,58393,58393,58393	5	46	27530,28278,28766,0,0,0,0	150	68368
158733	1608	3179	2649	470	506	73	30	9	9480	588	1421	532	1946	53	160	10364	1621	6894	0,100,0,0,0,0	20170	865	1035	80649	6308	31099	111103,111239,110220,59350,59350,59350,59350	5	46	27530,28278,29790,0,0,0,0	141	68002
158237	1630	3248	2705	470	515	67	27	7	9827	592	1421	556	1995	80	171	10638	1662	7000	0,100,0,0,0,0	20653	870	1057	81517	6501	31915	111865,112003,111031,60306,60306,60306,60306	5	50	27530,28278,30832,0,0,0,0	138	67629
157780	1638	3292	2787	499	530	67	28	6	10098	594	1427	555	2044	57	163	11103	1747	7094	0,100,0,0,0,0	21173	885	1069	82388	6710	32725	112618,112759,111835,61264,61264,61264,61264	6	53	27530,28278,31884,0,0,0,0	129	67237
157424	1585	3284	2820	519	553	65	31	3	10436	596	1430	556	2048	67	152	10777	1757	7100	0,100,0,0,0,0	28904	880	924	83176	6852	33530	113280,113420,112542,62113,62113,62113,62113	6	50	27530,28278,32792,0,0,0,0	143	66833
157204	1510	3219	2869	518	555	77	30	3	10728	599	1434	541	1923	63	151	10282	1744	7034	0,100,0,0,0,0	28924	943	885	83905	7011	34317	113893,114034,113208,62859,62859,62859,62859	6	48	27530,28278,33663,0,0,0,0	144	66520
156828	1533	3252	2904	539	564	79	30	3	10975	600	1439	534	1914	50	173	10839	1786	7115	0,100,0,0,0,0	21361	999	1063	84771	7215	35143	114632,114776,114004,63772,63772,63772,63772	6	39	27530,28278,34713,0,0,0,0	146	66152
156395	1648	3292	2900	546	541	82	30	5	11262	602	1443	532	1931	60	199	10934	1806	7233	0,100,0,0,0,0	21158	1763	1098	85679	7416	36717	115410,115555,114836,64719,64719,64719,64719	6	60	27530,28278,35799,0,0,0,0	148	65800
156062	1629	3311	2957	555	552	75	36	5	11517	603	1444	556	1952	67	179	11508	1856	7259	0,100,0,0,0,0	21506	1748	1026	86512	7615	38274	116321,116469,115804,65912,65912,65912,65912	6	55	27530,28278,36809,0,0,0,0	142	65448
155749	1587	3340	3010	557	564	75	34	4	11774	607	1445	536	1995	58	178	11717	1878	7289	0,100,0,0,0,0	21934	1713	1025	87345	7813	39805	117232,117381,116771,67078,67078,67078,67078	7	51	27530,28278,37816,0,0,0,0	142	65106
155429	1586	3299	3015	597	588	76	33	5	12057	610	1451	528	1958	57	181	11969	1889	7305	0,100,0,0,0,0	22297	1694	1048	88180	8035	41313	118141,118291,117739,68243,68243,68243,68243	7	52	27530,28278,38841,0,0,0,0	142	64761
155306	1501	3220	3032	562	606	76	36	5	12334	614	1454	496	1972	61	182	11638	1882	7151	0,100,0,0,0,0	30367	1617	845	88881	8182	42773	118908,119060,118562,69214,69214,69214,69214	7	49	27530,28278,39674,0,0,0,0	148	64450
155185	1443	3185	3069	565	576	74	37	4	12535	618	1455	491	1936	66	173	11629	1902	7047	0,99,0,0,0,0	29862	1693	857	89616	8346	44302	119701,119854,119415,70171,70171,70171,70171	7	44	27530,28278,40518,35,0,0,0	159	64124
154941	1509	3125	3043	534	587	76	37	5	12806	625	1458	468	1950	76	199	12304	1948	6963	0,99,0,0,0,0	22522	1705	997	90450	8541	45854	120576,120731,120350,71261,71261,71261,71261	7	55	27530,28278,41490,69,0,0,0	139	63722
154869	1465	3075	3019	546	576	76	33	4	12991	630	1462	492	1914	50	181	13038	1972	6818	0,98,1,0,0,0	22947	861	862	91181	8705	46566	121391,121543,121226,72217,72217,72217,72217	7	44	27530,28278,42335,99,0,0,0	136	63391
154728	1450	3088	3007	556	571	72	35	5	13135	631	1468	509	1995	53	156	12628	1902	6877	0,98,1,0,0,0	23386	903	928	91958	8890	47316	122010,122162,121906,72872,72872,72872,72872	7	54	27530,28278,43231,140,0,0,0	135	63040
154589	1409	3103	2997	538	558	74	40	6	13327	634	1471	527	2009	65	175	12873	1887	6832	0,97,2,0,0,0	23066	910	913	92691	9093	48068	122633,122786,122587,73544,73544,73544,73544	7	54	27530,28278,44092,193,0,0,0	145	62726
154556	1427	3036	2932	513	568	74	41	6	13478	639	1476	498	1912	63	172	12675	1821	6770	0,97,2,0,0,0	23294	882	871	93410	9270	48786	123213,123368,123230,74139,74139,74139,74139	7	40	27530,28278,44895,266,0,0,0	147	62394
154626	1371	2925	2945	517	565	76	39	6	13553	644	1479	504	1996	60	146	11992	1762	6676	0,96,3,0,0,0	30474	843	804	94040	9451	49485	123703,123859,123785,74619,74619,74619,74619	7	46	27530,28278,45649,302,0,0,0	147	62097
154723	1251	2825	2940	509	521	79	35	5	13722	652	1484	512	1912	54	165	12086	1717	6443	0,96,3,0,0,0	30575	855	717	94621	9594	50185	124162,124318,124302,75054,75054,75054,75054	6	34	27530,28278,46305,355,0,0,0	140	61821
154754	1226	2801	2852	504	511	78	32	8	13838	656	1486	509	1957	47	155	11994	1675	6329	0,95,4,0,0,0	22289	868	841	95276	9786	50915	124658,124815,124862,75548,75548,75548,75548	7	45	27530,28278,47059,417,0,0,0	130	61481
154784	1246	2773	2762	505	494	78	28	9	13919	659	1489	500	1977	51	155	11777	1611	6275	0,95,4,0,0,0	22429	717	846	95926	9987	51483	125156,125313,125424,76036,76035,76035,76035	7	46	27530,28278,47814,492,0,0,0	124	61150
154812	1286	2677	2708	509	497	78	30	9	13986	660	1494	473	1975	50	139	11280	1545	6240	0,94,5,0,0,0	21867	760	831	96570	10175	52089	125609,125765,125937,76445,76444,76444,76444	6	40	27530,28278,48534,579,0,0,0	129	60842
154841	1328	2633	2641	497	511	73	30	8	14021	663	1500	475	1956	48	155	10738	1468	6245	0,94,5,0,0,0	21461	771	865	97217	10399	52699	126093,126250,126487,76901,76899,76899,76899	6	34	27530,28278,49281,672,0,0,0	125	60539
154909	1341	2515	2596	488	522	73	31	9	14095	664	1503	485	1909	40	166	10558	1472	6094	0,93,6,0,0,0	21217	746	765	97786	10602	53292	126504,126662,126955,77282,77280,77280,77280	6	39	27530,28278,49918,774,0,0,0	125	60246
155155	1214	2512	2555	461	502	78	31	10	14057	667	1504	476	1980	60	155	10564	1452	5901	0,92,7,0,0,0	29090	700	659	98282	10766	53845	126840,126998,127357,77547,77544,77544,77544	6	52	27530,28278,50477,857,0,0,0	123	59991
155441	1134	2468	2503	443	456	82	36	9	14000	668	1506	478	1952	44	134	10234	1398	5724	0,92,7,0,0,0	28600	696	650	98768	10934	54400	127154,127312,127733,77772,77767,77767,77767	6	30	27530,28278,51025,937,0,0,0	127	59746
155643	1120	2397	2492	420	429	79	37	8	13943	670	1508	519	1980	53	130	10336	1344	5630	0,91,8,0,0,0	20618	729	712	99297	11121	54970	127508,127666,128149,78053,78048,78048,78048	6	33	27530,28278,51605,1053,0,0,0	137	59479
155900	1088	2305	2440	444	451	80	40	7	13811	671	1509	491	2013	44	131	9811	1356	5492	0,90,9,0,0,0	20392	410	672	99767	11328	55233	127837,127995,128541,78297,78290,78290,78290	6	30	27530,28278,52137,1164,0,0,0	134	59240
156165	1040	2282	2384	423	447	70	44	6	13702	672	1511	488	1918	54	141	10175	1342	5348	0,89,10,0,0,0	20352	413	663	100234	11529	55490	128075,128232,128844,78391,78383,78383,78383	5	36	27530,28278,52651,1291,0,0,0	130	58999
156317	1074	2233	2298	458	412	70	42	6	13647	677	1512	487	1974	35	135	9785	1296	5291	0,88,11,0,0,0	20195	406	743	100785	11727	55743	128367,128524,129196,78575,78566,78566,78566	5	31	27530,28278,53218,1448,0,0,0	115	58714
156489	1127	2190	2227	408	412	68	42	8	13578	679	1518	468	1957	34	135	9933	1257	5217	0,86,13,0,0,0	19930	417	708	101285	11939	56010	128609,128765,129496,78721,78710,78710,78710	5	26	27530,28278,53718,1638,0,0,0	118	58431
156872	1053	2086	2229	376	409	69	40	8	13400	684	1520	455	1879	34	120	9453	1220	5042	0,85,14,0,0,0	27986	409	551	101675	12107	56270	128777,128931,129726,78728,78715,78715,78715	5	28	27530,28278,54128,1768,0,0,0	118	58239
157171	1000	2014	2188	378	387	69	36	8	13282	689	1524	477	1991	35	107	8848	1181	4891	0,83,16,0,0,0	27325	398	582	102099	12268	56537	128991,129143,129994,78809,78794,78794,78794	5	28	27530,28278,54528,1935,0,0,0	117	58029
157413	988	1983	2149	341	377	67	34	8	13167	693	1526	446	1980	38	126	8340	1174	4765	0,81,18,0,0,0	18980	237	634	102503	12501	56774	129221,129373,130277,78934,78916,78916,78916	4	23	27530,28278,54919,2143,0,0,0	104	57810
157603	1041	1913	2070	342	375	65	30	8	13070	698	1531	435	1932	33	107	8484	1124	4712	0,79,20,0,0,0	18724	87	661	102919	12752	56861	129439,129592,130547,79058,79038,79038,79038	4	30	27530,28278,55318,2375,0,0,0	102	57564
157945	1023	1909	2039	298	371	58	32	8	12830	698	1535	450	1949	43	124	8364	1089	4641	0,78,21,0,0,0	28138	108	585	103320	12939	56969	129590,129740,130753,79055,79030,79030,79030	4	32	27530,28278,55674,2586,0,0,0	103	57313
158242	935	1969	1978	299	333	60	27	8	12652	703	1540	443	1938	44	79	8129	1013	4588	0,76,23,0,0,0	27908	83	562	103689	13140	57052	129729,129881,130944,79069,79041,79041,79041	4	40	27530,28278,56005,2801,0,0,0	101	57082
158508	904	1956	1951	292	311	52	26	10	12491	705	1540	466	1930	35	93	7785	991	4501	0,73,26,0,0,0	26906	91	599	104083	13348	57143	129871,130024,131136,79097,79064,79064,79064	4	25	27530,28278,56327,3065,0,0,0	96	56832
158763	954	1835	1961	285	302	57	24	10	12304	710	1541	496	1977	39	83	7492	931	4487	0,70,29,0,0,0	26324	110	590	104455	13571	57253	130000,130153,131315,79123,79086,79086,79086	4	31	27530,28278,56620,3351,0,0,0	89	56584
159046	941	1741	1923	301	299	54	24	7	12154	712	1544	463	1916	31	98	7211	902	4381	0,68,31,0,0,0	26188	97	543	104777	13794	57350	130118,130269,131478,79131,79088,79088,79088	4	34	27530,28278,56884,3619,0,0,0	95	56391
159304	909	1739	1905	286	283	55	24	7	11974	712	1548	476	2024	34	112	7206	908	4293	0,66,33,0,0,0	27048	88	582	105148	14009	57438	130240,130390,131647,79150,79103,79103,79103	4	21	27530,28278,57142,3929,0,0,0	92	56154
159596	937	1657	1889	276	280	56	23	4	11766	713	1549	488	1957	31	79	7295	858	4260	0,63,36,0,0,0	27000	69	559	105483	14239	57507	130324,130473,131777,79138,79084,79084,79084	4	19	27530,28278,57386,4232,0,0,0	87	55930
159818	938	1642	1813	277	294	52	19	4	11616	721	1552	506	2015	36	88	7050	858	4177	0,61,38,0,0,0	26891	76	570	105821	14478	57583	130420,130566,131913,79152,79090,79090,79090	4	27	27530,28278,57614,4558,0,0,0	82	55714
160019	962	1627	1757	294	303	48	20	4	11432	722	1558	483	1980	32	112	6678	873	4138	0,58,41,0,0,0	26752	85	587	106182	14706	57668	130527,130673,132060,79175,79107,79107,79107	4	28	27530,28278,57841,4900,0,0,0	86	55490
160219	953	1642	1741	275	279	49	21	3	11278	724	1562	489	1924	31	98	6234	868	4092	0,56,43,0,0,0	26359	60	571	106523	14938	57728	130627,130774,132202,79206,79131,79131,79131	4	31	27530,28278,58039,5261,0,0,0	80	55262
160410	928	1678	1709	252	280	48	22	3	11124	724	1568	489	1956	37	88	6043	824	4093	0,52,47,0,0,0	25111	80	590	106872	15183	57808	130718,130863,132331,79248,79165,79165,79165	4	34	27530,28278,58223,5655,0,0,0	93	55031
160555	943	1690	1694	242	273	51	22	4	10977	726	1569	483	1995	45	86	5768	792	4123	0,50,49,0,0,0	24475	82	599	107192	15468	57890	130809,130955,132461,79315,79224,79224,79224	4	33	27530,28278,58408,6060,0,0,0	96	54810
160598	1035	1675	1694	227	279	47	22	4	10863	728	1574	502	1908	34	87	6152	808	4171	0,46,53,0,0,0	16210	85	703	107568	15799	57975	130946,131096,132636,79453,79354,79354,79354	4	32	27530,28278,58604,6554,0,0,0	102	54568
160655	1141	1700	1662	221	262	47	25	4	10722	729	1578	503	1955	43	92	6082	791	4267	0,43,56,0,0,0	16184	264	725	107969	16126	58239	131089,131240,132816,79593,79485,79485,79485	4	34	27530,28278,58783,7081,0,0,0	94	54301
160663	1212	1739	1701	215	229	45	27	4	10597	732	1582	494	1906	53	80	6010	754	4414	0,39,60,0,0,0	16134	291	731	108387	16445	58530	131278,131426,133039,79808,79691,79691,79691	4	38	27530,28278,58935,7646,0,0,0	98	54027
160609	1312	1814	1727	227	210	50	23	4	10449	736	1585	488	2003	36	65	5926	716	4647	0,36,63,0,0,0	16028	302	828	108834	16831	58832	131477,131623,133268,80085,79957,79957,79957	4	37	27530,28278,59094,8302,0,0,0	98	53716
160475	1422	1900	1803	234	214	48	20	5	10299	739	1587	501	1887	48	71	6365	727	4914	0,33,66,0,0,0	16120	296	859	109303	17229	59128	131705,131849,133526,80433,80295,80295,80295	4	60	27530,28278,59254,8983,0,0,0	101	53393
160370	1446	2014	1834	237	215	47	23	4	10222	740	1594	489	1940	42	75	6750	765	5051	0,30,69,0,0,0	25420	305	843	109728	17659	59433	131909,132054,133758,80769,80617,80617,80617	4	43	27530,28278,59382,9697,0,0,0	112	53104
160242	1462	2122	1877	240	212	47	23	4	10179	741	1597	512	2006	48	77	6949	788	5195	0,27,72,0,0,0	25931	256	838	110161	18071	59689	132110,132257,133986,81101,80937,80937,80937	4	36	27530,28278,59489,10417,0,0,0	107	52798
159900	1614	2238	1962	237	214	46	20	6	10163	743	1603	504	1905	42	85	6972	811	5520	0,25,74,0,0,0	17136	270	1026	110693	18601	59959	132391,132534,134291,81590,81412,81412,81412	5	44	27530,28278,59623,11302,24,0,0	95	52436
159446	1764	2370	2072	223	211	44	19	5	10242	745	1605	518	1965	50	90	6943	815	5888	0,22,76,0,0,0	16889	358	1088	111250	19159	60317	132691,132831,134604,82145,81952,81952,81952	5	42	27530,28278,59726,12276,47,0,0	93	52055
159034	1844	2489	2226	221	230	41	19	7	10280	746	1609	532	1925	56	89	6564	837	6233	0,19,78,1,0,0	17086	360	1088	111834	19690	60677	132993,133134,134926,82701,82492,82492,82492	5	43	27530,28278,59817,13258,78,0,0	84	51641
158485	1998	2680	2327	213	241	41	18	6	10376	748	1613	530	1974	49	86	6722	862	6656	0,17,80,1,0,0	16726	381	1252	112475	20335	61058	133357,133495,135304,83365,83138,83138,83138	5	49	27530,28278,59924,14384,117,0,0	87	51199
157863	2160	2846	2463	239	259	37	17	7	10484	750	1621	512	1987	64	101	6793	915	7106	0,15,82,2,0,0	16886	361	1315	113120	21037	61419	133709,133845,135670,84080,83834,83834,83834	5	62	27530,28278,60002,15567,185,0,0	90	50739
157326	2172	3009	2638	236	270	41	17	8	10652	752	1625	466	1919	56	89	6840	949	7434	0,14,82,2,0,0	25667	330	1224	113715	21693	61749	134021,134158,135999,84728,84463,84463,84463	6	76	27530,28278,60082,16655,247,0,0	86	50317
156651	2198	3255	2763	270	273	37	17	7	10894	753	1628	468	1902	71	96	6667	974	7839	0,12,84,3,0,0	25447	352	1391	114372	22441	62101	134376,134515,136369,85463,85176,85176,85176	6	78	27530,28278,60158,17912,296,0,0	97	49844
155610	2602	3269	3013	295	281	40	15	9	11227	755	1630	480	1889	76	111	6629	1037	8478	0,10,85,3,0,0	17192	370	1727	115170	23384	62471	134851,134987,136852,86426,86119,86119,86119	7	86	27530,28278,60239,19490,365,0,0	99	49284
154623	2826	3501	3107	316	310	35	14	6	11617	757	1634	479	2024	68	129	6718	1087	9022	0,9,86,3,0,0	17004	352	1709	115930	24347	62823	135283,135420,137293,87359,87030,87030,87030	7	64	27530,28278,60307,21034,454,0,0	86	48732
153534	2958	3888	3270	301	334	31	14	6	12014	758	1638	471	2028	87	145	7231	1176	9620	0,8,87,4,0,0	17092	391	1861	116801	25352	63214	135763,135898,137776,88396,88039,88039,88039	7	85	27530,28278,60382,22713,563,0,0	71	48100
152267	3264	4073	3599	294	352	34	19	7	12439	759	1639	479	2022	88	128	7614	1242	10393	0,7,87,4,0,0	17593	356	2033	117728	26471	63570	136281,136414,138297,89561,89174,89173,89173	8	99	27530,28278,60445,24560,687,0,0	84	47425
150892	3490	4426	3852	314	347	32	20	7	12966	760	1640	517	1918	98	156	8428	1358	11123	0,6,88,5,0,0	18349	362	2158	118700	27674	63932	136854,136988,138872,90832,90413,90412,90412	8	94	27530,28278,60502,26507,839,0,0	100	46739
149851	3416	4741	4098	329	369	24	17	10	13489	760	1642	512	1948	109	129	8687	1405	11589	0,5,88,5,0,0	27364	363	1905	119563	28736	64295	137300,137437,139321,91911,91457,91454,91454	9	114	27530,28278,60551,28232,972,0,0	117	46119
148616	3417	4941	4389	370	381	19	16	8	14182	762	1645	495	1868	111	141	9184	1487	12046	0,5,88,5,0,0	27390	384	2073	120472	29916	64679	137761,137898,139784,93072,92582,92579,92579	9	113	27530,28278,60590,30120,1117,0,0	122	45425
147129	3724	5046	4709	369	408	23	11	10	14902	766	1649	508	1984	130	168	9871	1640	12650	0,4,88,6,0,0	20102	383	2361	121505	31256	65062	138338,138478,140358,94457,93929,93926,93926	10	130	27530,28278,60631,32210,1342,0,0	107	44664
145511	4007	5245	4916	404	440	19	10	9	15760	768	1657	488	1967	131	172	10470	1744	13297	0,4,88,7,0,0	20529	336	2487	122590	32675	65398	138960,139097,140972,95926,95358,95354,95354	11	106	27530,28278,60670,34428,1561,0,0	108	43868
143974	4167	5559	4998	464	457	25	16	8	16649	768	1661	503	1892	136	157	10602	1826	13860	0,3,88,7,0,0	20720	339	2514	123660	34137	65737	139531,139663,141535,97380,96766,96760,96760	11	107	27530,28278,60702,36639,1821,0,0	99	43060
142375	4318	5802	5290	471	462	30	17	11	17538	770	1662	481	2020	131	208	10797	1889	14501	0,3,88,8,0,0	20724	315	2591	124773	35636	66052	140157,140286,142151,98909,98249,98241,98241	12	129	27530,28278,60728,38931,2092,0,0	105	42265
140631	4576	6033	5624	459	485	27	24	13	18440	770	1664	503	1916	120	206	10966	1955	15273	0,2,88,9,0,0	20993	334	2775	125976	37226	66386	140805,140932,142788,100553,99843,99834,99834	12	124	27530,28278,60751,41355,2398,0,0	119	41350
139240	4461	6238	5959	443	491	30	22	15	19408	772	1667	510	1950	160	174	11310	2024	15620	0,2,87,9,0,0	29371	338	2493	127043	38676	66724	141328,141455,143307,101998,101233,101222,101222	13	166	27530,28278,60774,43528,2692,0,0	127	40543
137889	4354	6473	6151	453	494	35	20	16	20421	772	1668	546	1924	143	193	11398	2096	15884	0,2,87,10,0,0	29702	350	2557	128114	40190	67074	141855,141982,143830,103465,102644,102629,102629	14	138	27530,28278,60810,45730,3003,0,0	139	39753
136223	4604	6557	6377	483	520	34	18	17	21466	775	1672	531	1933	159	222	11984	2266	16327	0,2,87,10,0,0	21887	325	2931	129346	41909	67399	142497,142622,144457,105179,104297,104278,104278	15	133	27530,28278,60835,48225,3397,0,0	137	38851
134603	4939	6542	6639	496	519	39	18	14	22482	779	1676	524	1980	160	234	12857	2424	16768	0,1,86,11,0,0	22699	114	2958	130594	43641	67513	143135,143255,145081,106919,105967,105946,105946	16	169	27530,28278,60852,50699,3851,0,0	132	37919
133027	5055	6662	6849	516	551	42	18	13	23551	782	1680	532	1984	175	191	12723	2430	17263	0,1,85,12,0,0	23085	109	2958	131854	45356	67622	143716,143832,145644,108594,107576,107550,107550	16	136	27530,28278,60867,53182,4287,0,0	132	36976
131408	5047	7009	6913	519	537	41	19	11	24777	783	1682	522	1960	153	219	13049	2475	17610	0,1,85,13,0,0	23154	135	3002	133124	47101	67757	144304,144415,146214,110269,109184,109153,109153	16	161	27530,28278,60887,55675,4752,0,0	143	36023
129885	5057	7179	7065	527	564	41	19	12	25928	785	1684	533	1862	178	210	13644	2482	17970	0,1,84,13,0,0	23606	108	3003	134426	48821	67865	144914,145023,146807,111992,110835,110799,110799	17	146	27530,28278,60902,58127,5259,0,0	149	35071
128801	4803	7130	7359	586	566	42	19	12	26951	786	1691	542	1888	170	227	14095	2572	17933	0,1,83,14,0,0	31752	117	2654	135524	50392	67982	145311,145419,147196,113421,112191,112148,112148	17	186	27530,28278,60914,60236,5762,0,0	172	34224
127641	4660	7199	7360	587	569	42	18	14	28175	788	1693	527	1998	210	240	14553	2655	17780	0,1,83,15,0,0	32098	120	2787	136651	52069	68102	145746,145850,147616,114939,113625,113577,113577	18	173	27530,28278,60921,62452,6301,0,0	184	33362
126162	4925	7122	7463	586	571	43	23	15	29348	790	1698	539	2021	197	248	14626	2738	17995	0,0,82,16,0,0	24931	128	3082	137934	53886	68230	146300,146402,148153,116685,115295,115238,115238	18	180	27530,28278,60926,64844,6963,0,0	168	32387
125084	5000	6923	7615	584	572	41	26	15	30394	793	1699	507	1947	219	252	15320	2931	17830	0,0,81,17,0,0	25198	87	2831	139032	55645	68317	146713,146812,148549,118212,116741,116676,116676	19	160	27530,28278,60933,67024,7568,0,0	180	31574
124103	4770	7081	7621	567	566	44	28	16	31452	795	1703	497	1922	201	238	15585	2943	17734	0,0,80,18,0,0	25609	78	2793	140163	57320	68395	147110,147209,148936,119706,118149,118074,118074	19	155	27530,28278,60944,69134,8191,0,0	173	30725
123254	4666	7139	7567	531	570	41	24	21	32431	798	1704	503	1903	204	219	14940	2821	17717	0,0,79,19,0,0	25288	96	2785	141278	59005	68491	147451,147546,149260,121185,119541,119453,119453	19	161	27530,28278,60951,71240,8822,0,0	164	29867
122558	4592	7000	7601	550	578	46	24	23	33265	802	1707	495	1900	198	231	15073	2832	17559	0,0,78,20,0,0	24890	83	2673	142310	60665	68574	147743,147838,149542,122574,120844,120744,120744	19	144	27530,28278,60959,73187,9490,0,0	157	29078
122088	4388	6824	7599	577	584	49	26	20	34078	802	1711	505	1907	194	222	14820	2780	17267	0,0,77,21,0,0	32825	72	2478	143245	62229	68646	147964,148052,149750,123841,122022,121908,121908	20	167	27530,28278,60959,74965,10159,0,0	178	28388
121936	4076	6580	7579	567	554	45	22	22	34847	806	1712	536	1957	171	224	14524	2738	16685	0,0,76,22,0,0	32411	84	2240	144090	63640	68730	148087,148174,149868,124941,123025,122898,122898	20	138	27530,28278,60967,76554,10753,0,0	173	27723
121535	4069	6383	7410	552	553	44	26	20	35632	807	1715	508	2002	178	251	14690	2710	16327	0,0,75,24,0,0	24904	85	2519	145052	65214	68815	148316,148404,150084,126227,124219,124078,124078	20	135	27530,28278,60974,78278,11492,0,0	161	26987
121287	4083	6174	7163	549	555	39	25	20	36328	807	1716	520	1929	152	224	14633	2638	15950	0,0,74,25,0,0	24677	50	2384	145996	66668	68865	148518,148604,150275,127444,125343,125186,125186	19	118	27530,28278,60981,79884,12210,0,0	164	26272
121279	3868	6040	7057	541	525	38	20	24	36824	812	1718	551	1962	158	254	15120	2577	15512	0,0,73,26,0,0	24947	54	2225	146877	68028	68919	148646,148732,150399,128534,126341,126166,126166	19	119	27530,28278,60982,81378,12889,0,0	136	25600
121305	3796	5867	6913	502	496	39	15	26	37250	813	1724	549	1810	139	191	14776	2435	15193	0,0,71,27,0,0	25112	46	2220	147747	69399	68965	148764,148849,150516,129626,127335,127142,127142	19	124	27530,28278,60983,82792,13643,0,0	134	24926
121578	3681	5559	6793	475	494	41	13	21	37547	815	1729	568	2044	146	206	14291	2309	14747	0,0,70,29,0,0	24695	49	2049	148484	70733	69014	148783,148864,150527,130585,128198,127984,127984	18	112	27530,28278,60985,84057,14384,0,0	121	24373
121999	3286	5451	6493	495	496	39	10	23	37907	816	1731	576	1946	142	185	13966	2194	14076	0,0,69,30,0,0	31696	51	1815	149140	71908	69065	148728,148809,150473,131390,128912,128678,128678	18	116	27530,28278,60986,85225,14986,0,0	119	23851
122653	2936	5237	6249	476	476	37	15	22	38091	816	1738	577	1989	140	179	13937	2080	13346	0,0,68,31,0,0	31501	55	1666	149735	72988	69120	148636,148725,150395,132112,129542,129283,129283	17	93	27530,28278,60986,86249,15567,0,0	123	23384
123204	2946	4870	6017	477	456	36	13	19	38147	818	1743	566	1954	118	197	13981	2025	12790	0,0,66,32,0,0	24154	56	1794	150363	74164	69176	148573,148667,150336,132888,130228,129948,129948	16	104	27530,28278,60989,87278,16273,0,0	117	22893
123939	2908	4452	5831	471	447	34	18	16	38066	819	1745	557	1954	130	196	13708	1937	12224	0,0,65,33,0,0	23754	42	1663	150978	75227	69218	148470,148568,150238,133592,130838,130534,130534	16	95	27530,28278,60994,88214,16944,0,0	119	22423
124749	2733	4296	5539	451	412	30	18	14	37937	819	1748	528	1937	125	170	13359	1858	11621	0,0,63,35,0,0	23298	47	1535	151510	76242	69265	148325,148424,150099,134206,131365,131034,131034	15	90	27530,28278,60995,89032,17606,0,0	126	22009
125648	2644	4134	5244	405	364	32	18	16	37669	820	1752	527	1986	130	178	12899	1746	11095	0,0,62,37,0,0	22884	44	1514	152023	77260	69309	148156,148254,149932,134797,131871,131513,131513	14	86	27530,28278,60999,89815,18280,0,0	108	21595
126697	2450	3955	4900	402	362	35	16	17	37334	821	1757	545	1953	109	141	12314	1616	10504	0,0,60,38,0,0	23094	41	1371	152508	78154	69350	147950,148049,149742,135304,132295,131907,131907	14	81	27530,28278,61002,90516,18885,0,0	107	21218
127735	2228	3768	4705	384	356	35	18	16	36920	822	1759	521	1929	114	147	11646	1571	9923	0,0,59,40,0,0	30190	50	1270	152897	79042	69400	147725,147826,149531,135745,132653,132237,132237	13	92	27530,28278,61003,91160,19459,0,0	108	20905
129025	2077	3469	4481	376	325	32	18	18	36342	823	1760	549	1976	85	138	11374	1456	9322	0,0,57,42,0,0	29653	45	1143	153278	79812	69445	147436,147536,149254,136115,132933,132490,132490	13	67	27530,28278,61003,91683,20023,0,0	109	20585
130229	2018	3235	4263	326	298	30	20	17	35721	823	1766	531	1897	81	128	11220	1343	8847	0,0,55,44,0,0	21536	45	1212	153697	80613	69490	147184,147290,149018,136531,133265,132791,132791	12	55	27530,28278,61005,92206,20657,0,0	97	20256
131460	1954	3030	4078	293	270	26	18	18	35008	824	1767	507	1948	91	121	10396	1275	8394	0,0,53,45,0,0	20747	36	1097	154063	81353	69526	146916,147024,148765,136863,133522,133018,133018	11	64	27530,28278,61008,92670,21235,0,0	95	19962
132791	1871	2849	3762	248	259	20	14	20	34313	828	1771	510	1929	84	109	9640	1147	7876	0,0,51,48,0,0	19979	27	1053	154403	82071	69553	146629,146736,148491,137174,133764,133225,133225	11	54	27530,28278,61009,93069,21851,0,0	76	19694
134091	1761	2785	3525	233	246	16	16	21	33449	828	1775	503	1836	71	99	8836	1050	7532	0,0,49,50,0,0	19304	23	985	154710	82755	69576	146345,146455,148226,137451,133972,133400,133400	10	46	27530,28278,61010,93443,22416,0,0	75	19460
135410	1662	2710	3285	228	220	15	16	20	32576	828	1776	540	1986	71	116	8519	981	7155	0,0,47,52,0,0	18882	26	936	155033	83373	69602	146031,146144,147926,137715,134171,133563,133563	9	48	27530,28278,61012,93798,22954,0,0	73	19200
136804	1521	2520	3159	237	209	18	10	21	31639	831	1777	549	1947	49	69	7957	901	6773	0,0,45,54,0,0	26742	21	826	155326	83914	69623	145733,145848,147648,137933,134321,133681,133681	9	48	27530,28278,61013,94100,23449,0,0	65	18972
138114	1377	2441	3040	214	195	17	7	19	30713	831	1778	517	1934	63	96	7134	824	6467	0,0,44,55,0,0	26344	24	804	155596	84456	69647	145425,145538,147353,138120,134446,133775,133775	8	58	27530,28278,61014,94377,23938,0,0	60	18750
139192	1528	2248	2907	219	200	16	6	18	29799	832	1781	524	1941	70	92	6155	723	6401	0,0,42,57,0,0	16947	28	1001	155916	85140	69675	145176,145291,147117,138404,134678,133973,133973	8	59	27530,28278,61015,94705,24558,0,0	57	18491
140357	1577	2142	2772	182	179	15	9	16	28881	832	1784	529	1952	56	98	5245	634	6242	0,0,40,59,0,0	15923	10	882	156191	85754	69685	144923,145039,146879,138628,134850,134110,134110	8	47	27530,28278,61016,94981,25116,0,0	54	18276
141511	1511	2177	2638	182	175	17	11	14	27890	833	1787	539	1993	57	74	4403	567	6144	0,0,39,60,0,0	14719	6	874	156469	86356	69691	144660,144774,146627,138844,135019,134243,134243	7	50	27530,28278,61017,95234,25700,0,0	55	18060
142556	1490	2258	2473	173	168	17	9	15	26964	834	1789	547	1887	61	70	3896	515	6073	0,0,37,61,0,0	14368	11	905	156758	86976	69702	144433,144548,146413,139079,135210,134399,134399	7	52	27530,28278,61019,95503,26288,0,0	49	17832
143475	1546	2204	2427	174	164	16	8	12	26093	834	1793	554	1945	57	57	3380	448	6091	0,0,36,63,0,0	13790	4	932	157045	87625	69706	144214,144332,146212,139320,135417,134570,134570	7	51	27530,28278,61019,95739,26936,0,0	48	17598
144511	1470	2114	2422	198	179	16	9	11	25185	834	1797	550	2078	55	73	3008	422	5986	0,0,34,65,0,0	22172	9	775	157286	88163	69715	143960,144081,145974,139478,135543,134660,134660	6	46	27530,28278,61020,95932,27471,0,0	50	17399
145517	1318	2146	2412	191	173	14	10	10	24318	835	1802	560	1992	66	93	2411	412	5852	0,0,33,66,0,0	21905	5	756	157517	88694	69720	143709,143830,145730,139647,135678,134761,134761	6	40	27530,28278,61020,96129,27996,0,0	52	17213
146347	1382	2156	2333	171	164	13	10	9	23519	835	1807	561	2050	53	80	1870	393	5836	0,0,31,68,0,0	12236	13	924	157811	89332	69733	143517,143640,145554,139894,135889,134939,134939	5	42	27530,28278,61020,96331,28681,0,0	58	16971
147252	1493	2028	2282	176	178	14	9	9	22658	835	1812	573	1899	69	82	1340	380	5800	0,0,29,69,0,0	11744	11	886	158092	89945	69744	143324,143448,145374,140127,136090,135104,135104	5	45	27530,28278,61021,96541,29311,0,0	55	16753
148131	1450	2063	2322	162	174	13	11	9	21758	835	1818	580	1908	46	81	1215	388	5807	0,0,28,71,0,0	11474	18	844	158340	90546	69762	143109,143234,145175,140326,136262,135240,135240	5	41	27530,28278,61021,96695,29965,0,0	55	16562
148925	1442	2115	2267	154	160	13	11	9	20993	835	1822	569	1972	54	63	1158	375	5787	0,0,27,72,0,0	11317	21	876	158600	91169	69783	142923,143048,144995,140546,136460,135402,135402	4	37	27530,28278,61022,96862,30639,0,0	65	16355
149595	1447	2118	2249	169	162	13	9	8	20314	838	1824	553	1956	52	65	1110	362	5805	0,0,25,73,0,0	11047	14	860	158854	91785	69797	142772,142896,144849,140765,136666,135574,135574	4	44	27530,28278,61022,97033,31288,0,0	52	16162
150337	1338	2101	2250	168	153	11	11	8	19702	839	1828	551	2037	61	59	1088	351	5681	0,0,24,75,0,0	20318	21	748	159068	92321	69818	142570,142696,144656,140917,136806,135676,135676	4	49	27530,28278,61023,97145,31894,0,0	52	15985
151027	1264	2077	2276	148	164	11	13	9	19084	840	1833	541	1967	49	60	1072	351	5602	0,0,23,76,0,0	20479	15	744	159267	92872	69833	142385,142511,144479,141072,136953,135787,135787	4	50	27530,28278,61023,97268,32479,0,0	53	15820
151570	1427	1976	2281	165	169	12	13	5	18449	841	1838	542	1950	54	85	1101	363	5680	0,0,22,77,0,0	11169	17	939	159525	93558	69850	142256,142382,144353,141315,137189,135986,135986	4	45	27530,28278,61023,97410,33235,0,0	49	15628
152163	1481	1920	2273	183	162	10	13	5	17853	842	1841	553	1955	59	83	1097	385	5657	0,0,20,79,0,0	11157	0	834	159745	94181	69850	142110,142235,144214,141509,137381,136140,136140	4	39	27530,28278,61025,97524,33924,0,0	62	15453
152655	1427	2041	2190	164	169	10	11	4	17387	843	1845	558	2009	51	71	1082	366	5646	0,0,19,80,0,0	11027	0	837	159976	94793	69850	141978,142101,144086,141697,137570,136292,136292	4	41	27530,28278,61026,97643,34607,0,0	50	15267
153152	1443	2055	2188	155	177	10	11	2	16861	843	1849	562	2024	64	80	1076	368	5671	0,0,17,82,0,0	10984	0	853	160215	95413	69850	141850,141972,143966,141893,137769,136453,136453	4	39	27530,28278,61028,97737,35328,0,0	42	15079
153584	1428	2058	2256	159	166	13	9	1	16374	846	1852	611	1976	52	78	1081	371	5718	0,0,16,83,0,0	11103	0	855	160444	96045	69850	141736,141860,143859,142102,137985,136630,136630	4	40	27530,28278,61028,97829,36056,0,0	44	14897
154088	1308	2055	2239	162	167	16	10	1	15996	847	1857	567	1976	51	79	1077	372	5585	0,0,15,84,0,0	20407	0	705	160664	96536	69850	141600,141723,143728,142254,138138,136749,136749	4	54	27530,28278,61028,97900,36662,0,0	54	14719
154638	1189	1973	2269	167	176	15	8	0	15600	850	1861	595	1903	47	67	1078	354	5443	0,0,15,84,0,0	20393	0	683	160842	97047	69850	141447,141571,143580,142384,138276,136848,136848	4	34	27530,28278,61028,97977,37243,0,0	56	14577
154955	1309	1905	2230	171	150	14	7	1	15292	850	1862	609	2046	41	95	1105	351	5435	0,0,14,85,0,0	11089	0	844	161096	97644	69850	141340,141464,143480,142597,138501,137036,137036	4	50	27530,28278,61028,98063,37971,0,0	40	14363
155269	1383	1821	2159	178	149	15	5	2	15049	851	1865	606	2040	45	55	1092	328	5382	0,0,13,86,0,0	11198	0	794	161306	98230	69850	141240,141366,143386,142779,138699,137197,137197	4	36	27530,28278,61029,98142,38653,0,0	40	14193
155647	1346	1848	2120	156	132	14	6	4	14753	852	1868	596	1935	44	78	1101	318	5304	0,0,12,87,0,0	11188	0	756	161519	98779	69850	141137,141263,143294,142952,138881,137343,137343	4	34	27530,28278,61030,98213,39311,0,0	41	14020
155979	1291	1904	2076	137	139	12	7	4	14473	853	1871	591	1938	53	58	1071	313	5253	0,0,11,88,0,0	11226	0	745	161723	99326	69850	141042,141167,143203,143118,139065,137489,137489	4	26	27530,28278,61031,98262,39976,0,0	47	13862
156265	1249	1889	2074	155	159	16	5	5	14202	854	1873	587	1955	45	73	1051	327	5220	0,0,10,89,0,0	11066	0	733	161909	99876	69850	140949,141075,143115,143277,139241,137629,137629	3	35	27530,28278,61031,98305,40634,0,0	46	13711
156717	1139	1887	2045	148	162	15	7	5	13893	854	1874	614	2030	45	64	1021	322	5081	0,0,9,90,0,0	20294	0	632	162083	100341	69850	140813,140937,142983,143387,139370,137716,137716	3	34	27530,28278,61031,98352,41194,0,0	58	13567
157097	1064	1802	2029	145	153	18	9	5	13692	854	1878	626	2014	38	65	998	306	4914	0,0,9,90,0,0	20312	0	627	162249	100803	69850	140700,140823,142874,143501,139505,137812,137812	3	37	27530,28278,61031,98383,41768,0,0	64	13429
157404	1088	1692	2073	149	148	17	10	6	13426	854	1879	622	1934	37	84	996	310	4867	0,0,8,91,0,0	10977	0	692	162422	101328	69850	140585,140712,142762,143640,139664,137932,137932	3	21	27530,28278,61031,98425,42381,0,0	59	13288
157646	1171	1658	2007	142	154	17	11	6	13195	854	1885	609	2014	43	61	974	300	4860	0,0,7,92,0,0	11067	0	718	162604	101866	69850	140498,140627,142678,143783,139835,138065,138065	3	38	27530,28278,61031,98456,43022,0,0	58	13137
157892	1201	1592	1925	151	141	16	10	6	13070	855	1887	628	1945	42	75	981	314	4722	0,0,7,92,0,0	10960	0	678	162755	102397	69850	140404,140534,142586,143901,139984,138175,138175	3	40	27530,28278,61033,98477,43642,0,0	54	13011
158136	1129	1670	1830	151	131	15	9	8	12925	855	1887	633	2027	45	64	954	287	4648	0,0,6,93,0,0	10991	0	644	162929	102875	69850	140322,140453,142508,144018,140128,138282,138282	3	25	27530,28278,61034,98504,44230,0,0	46	12874
158445	1094	1682	1795	137	130	14	9	9	12682	855	1894	629	1968	30	77	972	297	4564	0,0,6,93,0,0	11006	0	635	163058	103383	69850	140216,140345,142402,144119,140256,138369,138369	3	29	27530,28278,61035,98529,44809,0,0	48	12765
158834	1005	1596	1817	146	128	8	8	9	12440	856	1899	649	1928	45	39	922	257	4451	0,0,5,94,0,0	20227	0	516	163182	103780	69850	140093,140220,142283,144185,140346,138420,138420	3	28	27530,28278,61036,98553,45275,0,0	37	12656
159207	910	1568	1821	125	121	8	6	10	12207	856	1907	657	2006	26	54	921	253	4306	0,0,5,94,0,0	20301	0	529	163310	104183	69850	139965,140091,142161,144247,140433,138468,138468	3	30	27530,28278,61037,98575,45747,0,0	34	12551
159544	940	1451	1785	135	129	8	4	13	11967	856	1914	674	1946	35	58	887	257	4195	0,0,5,94,0,0	11055	0	567	163432	104635	69850	139830,139958,142032,144312,140529,138520,138520	3	30	27530,28278,61037,98593,46264,0,0	28	12450
159790	961	1377	1753	124	130	7	3	14	11811	856	1920	686	2064	39	58	867	249	4106	0,0,5,94,0,0	10909	0	563	163564	105067	69850	139741,139868,141945,144396,140642,138596,138596	3	25	27530,28278,61037,98609,46782,0,0	29	12348
160070	928	1354	1668	125	115	6	2	13	11684	857	1924	648	1940	39	56	863	245	3953	0,0,4,95,0,0	10933	0	512	163692	105455	69850	139631,139757,141839,144460,140733,138649,138649	2	23	27530,28278,61038,98629,47239,0,0	28	12236
160342	863	1342	1580	110	107	5	3	12	11595	857	1930	655	1955	28	44	828	245	3765	0,0,4,95,0,0	11078	0	483	163800	105833	69850	139526,139653,141735,144507,140807,138687,138687	2	13	27530,28278,61038,98637,47679,0,0	31	12155
160662	823	1288	1546	93	95	7	3	11	11429	858	1931	668	1975	27	52	805	242	3613	0,0,3,96,0,0	10923	0	451	163902	106184	69850	139408,139536,141622,144538,140864,138706,138706	2	20	27530,28278,61038,98645,48083,0,0	32	12076
161184	689	1181	1537	91	101	6	3	10	11154	858	1932	657	1982	23	40	758	220	3388	0,0,3,96,0,0	20265	0	322	163970	106445	69850	139245,139371,141467,144510,140864,138661,138661	2	15	27530,28278,61038,98653,48384,0,0	33	12019
161528	625	1119	1489	89	94	7	3	10	10989	858	1935	670	1990	26	39	722	196	3230	0,0,3,96,0,0	20101	0	372	164055	106734	69850	139119,139245,141346,144523,140902,138662,138662	2	17	27530,28278,61038,98658,48730,0,0	29	11951
161899	630	1026	1357	91	91	7	2	9	10834	859	1941	657	1932	20	42	682	187	3017	0,0,3,96,0,0	10918	0	360	164124	107027	69850	138966,139092,141199,144515,140921,138644,138644	2	12	27530,28278,61038,98664,49065,0,0	24	11892
162329	583	948	1300	91	95	9	2	6	10578	859	1946	609	1958	23	47	674	189	2839	0,0,2,96,0,0	10734	0	332	164198	107288	69850	138816,138943,141058,144501,140932,138618,138618	1	14	27530,28278,61038,98669,49370,0,0	25	11836
162777	542	928	1210	91	84	8	3	6	10287	859	1951	630	2011	17	35	652	193	2673	0,0,2,97,0,0	10743	0	313	164270	107532	69850	138665,138793,140915,144480,140938,138584,138584	1	13	27530,28278,61038,98676,49650,0,0	22	11777
163214	500	870	1141	87	87	9	3	6	10015	859	1955	642	1992	22	40	630	175	2522	0,0,2,97,0,0	10605	0	284	164330	107756	69850	138506,138635,140761,144440,140925,138535,138535	1	12	27530,28278,61039,98678,49910,0,0	21	11729
163637	449	829	1070	84	70	11	3	6	9767	859	1961	618	2007	17	35	603	170	2346	0,0,2,97,0,0	10716	0	271	164397	107962	69850	138354,138483,140615,144409,140920,138492,138492	1	13	27530,28278,61039,98680,50161,2,0	23	11675
164095	412	769	983	82	63	11	3	6	9497	859	1966	624	1993	20	30	570	149	2174	0,0,1,97,0,0	19883	0	220	164439	108146	69850	138187,138317,140459,144354,140888,138423,138423	1	13	27530,28278,61039,98683,50363,6,0	28	11638
164533	409	670	947	64	62	13	4	5	9208	860	1971	584	1826	16	27	537	136	2033	0,0,1,97,0,0	19730	0	232	164497	108326	69850	138036,138165,140315,144311,140868,138367,138367	1	15	27530,28278,61039,98685,50580,10,0	26	11589
164957	409	622	878	55	60	12	5	3	8913	860	1972	576	2030	20	31	510	129	1912	0,0,1,97,0,0	10588	0	222	164561	108494	69850	137882,138011,140167,144266,140847,138310,138310	1	9	27530,28278,61039,98687,50792,16,0	31	11538
165370	410	573	821	46	57	11	5	3	8613	860	1977	605	1960	13	27	490	131	1792	0,0,1,97,1,0	10445	0	220	164606	108676	69850	137723,137854,140015,144215,140819,138247,138247	1	12	27530,28278,61039,98690,50988,25,0	34	11502
165786	357	555	767	41	52	11	5	1	8329	860	1982	635	1965	6	25	458	120	1668	0,0,1,96,1,0	10442	0	179	164639	108828	69850	137562,137692,139861,144150,140774,138170,138170	1	8	27530,28278,61039,98690,51149,34,0	29	11472
166159	302	534	734	43	49	9	2	3	8065	861	1985	640	2052	14	29	433	112	1561	0,0,1,96,2,0	10535	0	164	164681	108955	69850	137413,137544,139719,144085,140729,138096,138096	1	6	27530,28278,61039,98691,51296,41,0	22	11437
166565	282	476	681	38	50	7	1	2	7794	862	1988	653	1932	12	18	401	98	1437	0,0,1,95,3,0	10566	0	150	164712	109081	69850	137250,137380,139564,144014,140679,138013,138013	1	6	27530,28278,61039,98692,51430,53,0	20	11413
167010	250	437	616	45	43	6	1	2	7479	862	1995	656	1752	11	20	379	90	1308	0,0,1,95,3,0	19777	0	110	164736	109173	69850	137085,137214,139407,143932,140617,137919,137919	1	7	27530,28278,61039,98692,51531,61,0	18	11394
167416	196	400	579	39	32	2	1	2	7216	862	2001	681	1995	6	21	350	78	1171	0,0,0,94,4,0	19716	0	102	164753	109263	69850	136923,137054,139251,143845,140550,137822,137822	0	2	27530,28278,61039,98692,51620,72,0	19	11380
167846	181	338	523	29	33	2	1	2	6927	862	2002	684	1946	7	13	318	70	1037	0,0,0,93,5,0	10364	0	88	164772	109337	69850	136751,136882,139087,143746,140468,137711,137711	0	2	27530,28278,61039,98692,51698,81,0	14	11366
168261	156	289	475	28	34	2	1	1	6632	862	2005	691	2001	5	14	301	64	921	0,0,0,92,6,0	10413	0	87	164791	109412	69850	136586,136719,138929,143654,140394,137608,137608	0	7	27530,28278,61039,98693,51775,91,0	8	11350
168673	153	274	407	25	31	2	1	1	6308	862	2009	675	1766	3	17	274	64	829	0,0,0,91,7,0	10327	0	83	164808	109484	69850	136423,136557,138772,143555,140314,137500,137500	0	0	27530,28278,61039,98693,51843,105,0	6	11336
169055	131	249	363	23	26	2	0	2	6022	862	2011	676	1958	9	16	252	56	738	0,0,0,89,9,0	10435	0	65	164824	109537	69850	136265,136398,138619,143454,140229,137390,137389	0	4	27530,28278,61039,98693,51899,114,0	6	11321
169448	110	206	355	26	28	2	0	2	5694	862	2013	667	1893	4	10	234	50	677	0,0,0,88,10,0	10325	0	58	164835	109590	69850	136111,136243,138471,143351,140142,137277,137277	0	5	27530,28278,61039,98693,51947,124,0	4	11311
169800	102	189	313	21	22	2	0	2	5414	862	2019	669	1978	6	10	213	41	608	0,0,0,86,12,0	19479	0	52	164851	109631	69850	135966,136099,138332,143259,140065,137177,137176	0	1	27530,28278,61039,98693,51989,136,0	2	11297
170186	100	164	282	14	20	0	0	1	5092	862	2025	680	1792	1	8	188	28	552	0,0,0,85,13,0	19617	0	57	164867	109674	69850	135816,135950,138191,143164,139985,137071,137070	0	6	27530,28278,61039,98694,52036,144,0	1	11284
170545	82	162	254	14	18	0	0	1	4779	862	2029	669	1789	2	9	172	28	502	0,0,0,82,16,0	10238	0	35	164876	109706	69850	135660,135795,138040,143053,139888,136951,136950	0	1	27530,28278,61039,98694,52061,158,0	3	11275
170849	82	146	215	15	16	0	0	1	4526	862	2034	658	1846	5	4	148	21	453	0,0,0,82,16,0	10292	0	51	164891	109745	69850	135523,135658,137909,142957,139806,136847,136845	0	2	27530,28278,61039,98694,52105,165,0	2	11264
171148	90	131	185	13	19	0	0	1	4258	862	2039	661	1962	6	8	135	24	414	0,0,0,79,18,0	10263	0	45	164895	109792	69850	135378,135514,137771,142858,139718,136738,136737	0	3	27530,28278,61039,98694,52136,183,0	2	11261
171454	76	122	168	14	16	0	0	0	3992	862	2042	682	1999	2	7	132	30	366	0,0,1,77,21,0	10285	0	33	164901	109822	69850	135234,135369,137631,142749,139622,136623,136621	0	1	27530,28278,61039,98695,52152,196,0	0	11257
171743	52	132	140	11	12	0	0	0	3745	862	2049	699	1995	2	6	119	23	324	0,0,0,76,22,0	10344	0	28	164909	109844	69850	135095,135231,137497,142648,139533,136515,136512	0	3	27530,28278,61039,98695,52172,204,0	1	11251
172030	45	113	137	11	11	0	0	0	3485	862	2052	709	1756	3	5	108	21	296	0,0,0,74,24,0	19422	0	29	164915	109870	69850	134963,135100,137370,142551,139447,136411,136408	0	2	27530,28278,61039,98695,52192,213,0	1	11248
172292	47	97	129	8	11	0	0	0	3245	862	2055	727	1865	1	1	95	16	276	0,0,0,71,27,0	19488	0	24	164921	109894	69850	134835,134971,137245,142457,139362,136309,136306	0	0	27530,28278,61039,98695,52206,226,0	2	11242
172550	51	77	129	10	6	1	1	0	3000	862	2059	725	1804	3	4	79	13	262	0,0,0,65,33,0	10270	0	24	164930	109916	69850	134696,134831,137111,142353,139268,136199,136195	0	0	27530,28278,61040,98695,52219,243,0	0	11235
172777	68	74	128	9	6	1	1	0	2759	862	2061	736	2003	3	7	75	20	267	0,0,0,61,37,0	10259	0	46	164941	109955	69850	134573,134708,136992,142261,139186,136102,136097	0	3	27530,28278,61040,98695,52243,265,0	6	11226
172954	82	79	104	11	7	0	1	0	2584	862	2062	737	1822	1	5	74	22	262	0,0,0,61,37,0	10230	0	40	164949	109991	69850	134454,134590,136878,142172,139105,136007,136003	0	2	27530,28278,61040,98695,52264,285,0	6	11220
173143	71	102	107	10	6	0	0	1	2377	862	2067	739	1816	4	4	66	19	277	0,0,0,59,39,0	10273	0	43	164955	110031	69850	134328,134464,136755,142076,139019,135908,135903	0	4	27530,28278,61040,98695,52287,306,0	4	11214
173299	78	115	101	9	8	0	0	1	2202	862	2071	744	1811	2	1	66	20	291	0,0,0,57,42,0	10268	0	48	164969	110069	69850	134217,134354,136647,141996,138947,135824,135818	0	1	27530,28278,61040,98695,52315,329,0	3	11204
173425	96	114	89	7	9	1	0	1	2063	862	2079	744	1792	1	4	61	17	299	0,0,0,53,45,0	19724	0	51	164979	110117	69850	134115,134252,136548,141926,138884,135752,135746	0	3	27530,28278,61040,98695,52339,361,0	5	11195
173545	93	121	96	9	11	1	0	1	1923	862	2084	733	1830	5	5	55	18	313	0,0,0,51,47,0	19592	0	50	164990	110156	69850	134017,134154,136452,141852,138816,135674,135668	0	5	27530,28278,61040,98695,52360,388,0	3	11184
173647	96	134	109	12	12	1	0	1	1787	862	2085	705	1820	2	4	54	19	345	0,0,0,49,49,0	10305	0	64	165002	110212	69850	133912,134049,136349,141771,138741,135590,135583	0	6	27530,28278,61040,98696,52386,427,0	2	11173
173726	112	126	123	14	13	1	0	1	1682	862	2086	694	1972	6	6	56	20	369	0,0,0,46,52,0	10022	0	62	165010	110271	69850	133817,133954,136255,141695,138671,135513,135505	0	2	27530,28278,61040,98696,52409,467,0	2	11165
173809	122	138	127	17	18	1	0	1	1562	862	2089	669	1972	4	9	68	30	393	0,0,0,44,54,0	10204	0	68	165027	110328	69850	133718,133855,136157,141624,138608,135442,135433	0	5	27530,28278,61040,98696,52433,515,0	1	11148
173880	124	157	131	16	20	1	0	1	1462	862	2092	651	1931	5	6	72	30	419	0,0,0,41,57,0	10177	0	73	165046	110387	69850	133621,133759,136062,141557,138547,135373,135364	0	6	27530,28278,61040,98696,52459,567,0	3	11131
173909	142	170	150	13	17	2	0	1	1383	862	2097	657	1915	5	5	73	30	464	0,0,0,38,61,0	10254	0	86	165065	110466	69850	133537,133675,135979,141503,138499,135319,135310	0	4	27530,28278,61040,98696,52483,637,0	3	11115
173972	139	182	165	11	14	2	1	1	1291	862	2106	659	1939	4	7	76	35	479	0,0,0,36,63,0	19532	0	69	165084	110523	69850	133450,133588,135893,141444,138447,135260,135250	0	4	27530,28278,61040,98696,52506,686,0	5	11098
173985	136	199	182	11	10	2	0	1	1240	863	2117	657	1769	4	4	76	30	510	0,0,0,34,65,0	19420	0	76	165099	110589	69850	133377,133514,135820,141390,138396,135205,135195	0	3	27530,28278,61040,98696,52531,739,0	4	11089
174007	148	195	197	14	11	2	0	1	1184	863	2124	680	1795	7	7	84	30	537	0,0,0,33,66,0	10230	0	81	165112	110664	69850	133289,133425,135734,141321,138332,135137,135125	0	1	27530,28278,61040,98696,52552,801,0	2	11079
173997	177	196	193	12	12	2	0	0	1167	863	2127	698	1825	4	5	89	30	562	0,0,0,32,67,0	10198	0	103	165137	110745	69850	133218,133355,135662,141270,138286,135087,135075	0	3	27530,28278,61040,98696,52576,877,0	4	11061
174000	176	204	215	9	15	2	0	0	1131	863	2131	666	1847	3	8	92	28	593	0,0,0,30,69,0	10232	0	90	165149	110829	69850	133142,133277,135585,141211,138232,135028,135015	0	2	27530,28278,61040,98696,52601,948,0	4	11054
173998	173	240	210	11	13	0	0	0	1106	863	2132	665	1750	2	1	90	18	629	0,0,0,29,70,0	10097	0	103	165176	110911	69850	133065,133201,135508,141161,138188,134981,134967	0	1	27530,28278,61040,98696,52622,1034,0	3	11030
173955	202	263	215	14	11	0	0	0	1089	863	2134	650	1937	6	9	87	21	684	0,0,0,27,72,0	10224	0	131	165202	111022	69850	132998,133133,135438,141128,138160,134951,134935	0	5	27530,28278,61040,98696,52651,1138,0	4	11006
173940	192	271	240	15	17	0	0	0	1071	863	2137	658	1772	3	4	80	22	713	0,0,0,26,73,0	19433	0	100	165228	111103	69850	132928,133064,135368,141088,138123,134912,134895	0	6	27530,28278,61040,98696,52676,1216,0	4	10982
173883	185	299	249	17	26	1	0	0	1081	863	2142	638	1827	4	7	79	25	752	0,0,0,24,75,0	19538	0	118	165258	111201	69850	132875,133010,135313,141057,138096,134884,134866	0	5	27530,28278,61040,98696,52692,1327,0	5	10958
173761	263	300	272	19	25	1	0	0	1094	863	2148	653	1986	8	15	90	32	848	0,0,0,22,77,0	10194	0	192	165296	111361	69850	132825,132961,135261,141042,138086,134874,134854	0	11	27530,28278,61040,98696,52724,1489,0	8	10922
173701	293	297	299	28	17	0	0	0	1097	863	2151	659	1931	6	12	98	33	901	0,0,0,21,78,0	10077	0	154	165318	111498	69850	132765,132902,135200,141008,138056,134844,134821	0	6	27530,28278,61040,98696,52744,1623,0	8	10902
173619	282	362	308	25	21	1	0	0	1111	863	2154	657	1771	9	15	113	43	956	0,0,0,19,80,0	10160	0	166	165351	111639	69850	132712,132848,135145,140986,138037,134827,134801	0	8	27530,28278,61040,98696,52771,1768,0	8	10874
173484	326	398	345	21	16	2	0	0	1135	863	2156	643	1776	6	12	123	44	1064	0,0,0,19,80,0	10226	0	215	165398	111815	69850	132676,132813,135108,140988,138045,134834,134807	0	7	27530,28278,61040,98696,52811,1951,0	13	10841
173351	357	442	369	20	28	1	0	0	1155	863	2160	673	1830	8	8	129	48	1169	0,0,0,18,81,0	10186	0	213	165442	111996	69850	132640,132776,135070,140991,138055,134845,134815	0	12	27530,28278,61040,98696,52840,2145,0	7	10806
173224	349	470	413	26	28	1	0	0	1209	863	2163	645	2048	20	11	136	52	1235	0,0,0,17,82,0	19517	0	193	165472	112167	69850	132602,132736,135029,140982,138050,134842,134810	0	21	27530,28278,61040,98696,52867,2313,0	8	10780
173082	365	496	464	28	28	3	0	0	1250	863	2167	645	1958	9	15	161	68	1316	0,0,0,16,83,0	19580	0	223	165526	112342	69850	132571,132705,134998,140992,138064,134859,134823	0	18	27530,28278,61040,98696,52898,2508,0	14	10734
172892	397	540	493	31	39	4	0	0	1319	863	2168	676	1925	27	10	161	73	1431	0,0,0,15,84,0	10168	0	259	165575	112560	69850	132543,132678,134966,141005,138082,134879,134841	1	14	27530,28278,61040,98696,52922,2743,0	19	10692
172687	443	565	504	32	47	2	1	0	1426	863	2176	699	1959	17	20	197	91	1503	0,0,0,15,84,0	10129	0	274	165625	112792	69850	132526,132660,134945,141034,138117,134917,134876	1	12	27530,28278,61040,98696,52959,2987,0	20	10655
172473	490	569	550	28	52	1	1	0	1537	863	2182	675	1989	16	22	220	96	1595	0,0,0,15,84,0	10324	0	292	165680	113036	69850	132510,132645,134926,141066,138155,134959,134915	1	15	27530,28278,61040,98696,53000,3238,0	18	10610
172262	520	607	587	33	47	0	1	1	1640	863	2185	689	2098	19	27	241	104	1691	0,0,0,14,85,0	10362	0	297	165737	113284	69850	132495,132631,134911,141102,138198,135006,134958	1	15	27530,28278,61040,98696,53037,3503,0	18	10567
171991	562	708	604	34	45	1	1	0	1749	863	2188	695	1969	18	17	255	113	1842	0,0,0,13,86,0	10394	0	370	165793	113604	69850	132491,132627,134900,141148,138251,135066,135013	1	21	27530,28278,61040,98696,53078,3831,0	19	10521
171771	565	743	630	35	54	1	1	0	1891	863	2192	707	1903	11	20	271	117	1912	0,0,0,13,86,0	19527	0	315	165849	113866	69850	132481,132616,134886,141188,138297,135118,135060	1	18	27530,28278,61040,98696,53121,4101,0	18	10474
171539	573	783	682	40	53	1	1	0	2008	863	2203	666	1963	25	19	276	118	2015	0,0,0,13,86,0	19825	0	333	165914	114138	69850	132477,132612,134878,141247,138359,135186,135123	1	28	27530,28278,61040,98696,53158,4392,0	15	10422
171206	643	841	759	48	47	1	1	0	2128	863	2209	681	2048	22	30	313	136	2204	0,0,0,13,86,0	10349	0	447	166004	114500	69850	132494,132627,134888,141328,138449,135283,135215	1	27	27530,28278,61040,98696,53203,4791,0	19	10342
170821	775	880	791	52	50	3	1	0	2296	863	2214	701	2008	26	22	333	130	2422	0,0,0,12,87,0	10326	0	499	166103	114904	69850	132535,132667,134922,141439,138566,135411,135337	1	22	27530,28278,61040,98696,53250,5241,0	17	10265
170528	796	923	871	65	54	4	2	1	2422	863	2217	677	1941	35	24	351	141	2574	0,0,0,11,88,0	10405	0	432	166188	115257	69850	132546,132679,134927,141523,138657,135512,135431	2	26	27530,28278,61040,98696,53283,5638,0	17	10195
170172	790	1098	893	61	51	2	2	0	2595	863	2219	676	1923	30	33	387	153	2744	0,0,0,10,89,0	10484	0	497	166274	115681	69850	132566,132698,134941,141627,138767,135633,135545	2	29	27530,28278,61040,98696,53319,6102,0	21	10121
169776	885	1151	926	73	61	1	2	0	2786	863	2222	670	1925	23	22	396	156	2943	0,0,0,10,89,0	10550	0	561	166368	116155	69850	132599,132729,134966,141750,138899,135779,135681	2	15	27530,28278,61040,98696,53366,6619,0	22	10040
169429	909	1193	1028	76	70	4	2	0	2944	863	2228	676	1964	25	30	407	173	3109	0,0,0,9,90,0	19858	0	509	166466	116573	69850	132636,132765,134999,141879,139031,135923,135816	2	33	27530,28278,61040,98696,53402,7094,0	24	9959
169114	865	1234	1122	82	74	4	2	0	3155	863	2231	672	1953	30	41	427	183	3200	0,0,0,8,91,0	19672	0	485	166555	116977	69850	132661,132791,135023,141982,139143,136045,135928	2	25	27530,28278,61040,98696,53434,7549,0	31	9886
168610	989	1305	1223	88	88	4	2	0	3335	863	2239	648	2043	32	38	457	201	3498	0,0,0,8,91,0	10564	0	681	166663	117558	69850	132731,132862,135084,142143,139312,136232,136105	2	34	27530,28278,61040,98696,53473,8191,0	29	9791
168072	1147	1309	1297	89	88	6	3	0	3630	863	2242	650	1959	38	39	480	202	3737	0,0,0,7,92,0	10565	0	713	166777	118162	69850	132818,132949,135158,142319,139499,136435,136298	2	36	27530,28278,61040,98696,53499,8875,0	26	9704
167567	1179	1468	1359	100	81	8	4	0	3872	863	2245	651	1933	33	41	510	203	3996	0,0,0,7,92,0	10583	0	711	166906	118751	69850	132906,133036,135240,142508,139697,136649,136501	2	33	27530,28278,61040,98696,53545,9540,0	32	9591
166970	1277	1637	1429	101	91	9	3	1	4115	863	2250	663	1999	30	42	523	219	4328	0,0,0,6,93,0	10635	0	821	167034	119451	69850	133012,133142,135336,142711,139913,136885,136724	2	37	27530,28278,61040,98696,53582,10322,0	35	9482
166295	1407	1766	1518	106	94	9	2	2	4430	863	2254	685	1961	42	33	539	206	4696	0,0,0,6,93,0	10693	0	897	167197	120197	69850	133135,133265,135449,142973,140190,137181,137007	3	41	27530,28278,61040,98696,53615,11188,0	29	9341
165709	1442	1840	1634	110	103	9	2	2	4775	863	2257	697	1944	56	35	566	199	4941	0,0,0,5,94,0	20068	0	805	167350	120868	69850	133242,133372,135550,143200,140429,137439,137251	3	55	27530,28278,61040,98696,53658,11962,0	29	9210
165165	1403	1953	1743	114	125	7	2	3	5107	863	2261	696	2039	50	59	615	235	5112	0,0,0,5,94,0	20128	0	803	167496	121541	69850	133339,133470,135638,143420,140661,137692,137488	3	48	27530,28278,61040,98696,53693,12742,0	29	9081
164419	1530	2102	1839	125	140	4	2	2	5458	863	2262	667	1992	56	51	660	256	5486	0,0,0,5,94,0	10793	0	1046	167685	122408	69850	133497,133624,135784,143723,140976,138031,137812	3	59	27530,28278,61040,98696,53727,13749,0	33	8920
163694	1758	2136	1932	130	151	5	3	2	5804	863	2268	682	1991	62	74	729	291	5824	0,0,0,4,95,0	10736	0	1056	167855	123305	69850	133670,133796,135944,144019,141285,138369,138131	4	50	27530,28278,61040,98696,53761,14767,0	45	8780
162950	1817	2307	2049	152	142	6	3	2	6180	863	2275	695	1972	64	85	811	323	6153	0,0,0,4,95,0	10994	0	1105	168045	124229	69850	133838,133963,136099,144341,141620,138734,138476	4	57	27530,28278,61040,98696,53797,15832,0	50	8617
162145	1883	2509	2109	152	154	8	2	3	6637	863	2281	682	1969	65	65	865	341	6476	0,0,0,4,95,0	11000	0	1143	168224	125209	69850	134022,134145,136270,144661,141955,139102,138823	4	67	27530,28278,61040,98696,53841,16934,0	55	8470
161229	2038	2609	2346	161	165	9	1	3	7039	864	2282	675	1901	66	74	918	360	6969	0,0,0,4,95,0	11024	0	1273	168426	126297	69850	134227,134352,136459,145032,142343,139521,139221	5	62	27530,28278,61040,98696,53877,18173,0	62	8299
160509	2046	2681	2531	185	174	9	1	2	7460	864	2284	699	1918	55	61	953	385	7242	0,0,0,3,96,0	20211	0	1141	168617	127254	69850	134388,134512,136611,145350,142676,139886,139561	5	75	27530,28278,61040,98696,53915,19263,0	75	8135
159741	1963	2852	2679	188	175	10	3	2	7982	864	2287	731	2003	78	80	998	397	7473	0,0,0,3,96,0	20266	0	1142	168779	128251	69850	134550,134674,136761,145652,142996,140235,139888	5	67	27530,28278,61040,98696,53940,20379,0	73	7998
158821	2150	2944	2808	193	189	11	3	2	8471	864	2290	691	2043	89	104	1081	435	7863	0,0,0,3,96,0	11168	0	1426	168982	129482	69850	134752,134879,136947,146040,143402,140684,140307	5	66	27530,28278,61040,98696,53975,21761,0	79	7821
157757	2422	3009	2945	208	205	12	2	3	9024	864	2295	674	1993	80	110	1181	486	8317	0,0,0,3,96,0	11369	0	1529	169214	130786	69850	135010,135137,137187,146478,143858,141182,140779	6	86	27530,28278,61040,98696,54002,23244,0	88	7622
156703	2547	3174	3071	208	219	16	3	4	9638	864	2299	667	1962	93	90	1238	498	8740	0,0,0,2,97,0	11353	0	1516	169448	132090	69850	135268,135391,137432,146922,144321,141686,141256	6	78	27530,28278,61040,98696,54027,24733,0	80	7426
155819	2603	3362	3157	216	225	16	5	4	10174	864	2301	680	1949	76	105	1319	503	9081	0,0,0,2,97,0	11379	0	1498	169655	133403	69850	135483,135603,137628,147334,144753,142164,141698	6	65	27530,28278,61040,98696,54054,26203,0	90	7252
154794	2648	3606	3297	211	224	14	5	5	10776	864	2302	681	1958	110	117	1372	522	9483	0,0,0,2,97,0	11433	0	1609	169882	134796	69850	135753,135874,137884,147790,145232,142689,142191	6	90	27530,28278,61040,98696,54078,27765,0	103	7068
153936	2663	3609	3532	206	240	14	6	5	11364	864	2307	676	1962	92	91	1414	547	9723	0,0,0,2,97,0	20588	0	1466	170092	136067	69850	135971,136090,138085,148186,145649,143152,142619	7	91	27530,28278,61040,98696,54100,29193,0	111	6885
153116	2511	3770	3699	232	233	15	5	5	11984	864	2312	635	1995	109	112	1489	558	9907	0,0,0,1,98,0	20752	0	1462	170304	137330	69850	136171,136287,138267,148581,146056,143611,143040	7	73	27530,28278,61040,98696,54119,30620,0	116	6699
152031	2726	3800	3817	239	249	15	6	5	12680	864	2314	685	1955	107	100	1549	580	10272	0,0,0,1,98,0	11721	0	1756	170531	138880	69850	136447,136563,138527,149046,146543,144156,143545	7	91	27530,28278,61040,98696,54145,32324,0	93	6511
150919	3031	3803	3950	254	271	18	5	6	13304	864	2321	660	1993	83	122	1625	628	10704	0,0,0,1,98,0	11767	0	1827	170764	140496	69850	136767,136883,138831,149511,147030,144704,144050	8	95	27530,28278,61040,98696,54167,34117,0	91	6321
149882	3071	4011	4034	271	283	20	4	8	13975	864	2323	649	1966	106	161	1710	649	11045	0,0,0,1,98,0	11782	0	1806	170978	142096	69850	137056,137173,139106,149973,147512,145247,144549	8	117	27530,28278,61040,98696,54185,35874,0	97	6139
148900	3089	4271	4130	281	273	20	5	8	14578	864	2327	632	2006	128	132	1766	663	11406	0,0,0,1,98,0	11886	0	1864	171209	143744	69850	137325,137441,139358,150435,147992,145798,145048	8	93	27530,28278,61040,98696,54198,37698,0	109	5940
147833	3153	4381	4231	307	303	18	5	8	15311	864	2332	620	1969	101	125	1822	691	11707	0,0,0,1,98,0	11969	0	1892	171420	145436	69850	137625,137743,139641,150898,148475,146348,145551	8	93	27530,28278,61040,98696,54216,39541,0	99	5767
147153	3017	4369	4430	304	316	16	5	7	15932	864	2333	636	1931	117	131	1871	710	11747	0,0,0,1,98,0	21272	0	1628	171609	146889	69850	137815,137936,139822,151284,148874,146817,145961	9	100	27530,28278,61040,98696,54230,41130,0	105	5608
146396	2889	4409	4581	315	310	14	4	6	16622	864	2336	626	1982	121	164	1959	752	11770	0,0,0,1,98,0	21189	0	1678	171813	148375	69850	138024,138147,140021,151684,149288,147298,146388	9	114	27530,28278,61040,98696,54241,42749,0	116	5436
145425	3085	4394	4674	301	305	16	3	7	17334	864	2338	621	1983	126	127	2004	724	12054	0,0,0,1,98,0	12137	0	1954	172017	150137	69850	138303,138426,140281,152113,149738,147822,146857	9	96	27530,28278,61040,98696,54257,44631,0	108	5258
144479	3244	4344	4795	310	298	16	4	8	18042	864	2342	616	1951	126	154	2093	743	12268	0,0,0,0,99,0	11977	0	1935	172211	151889	69850	138565,138687,140528,152540,150184,148344,147323	10	113	27530,28278,61040,98696,54269,46491,0	107	5094
143625	3247	4429	4782	318	310	14	4	7	18800	864	2346	588	1929	111	138	2140	747	12357	0,0,0,0,99,0	12339	0	1886	172407	153594	69850	138810,138935,140761,152953,150614,148850,147771	10	89	27530,28278,61040,98696,54280,48303,0	102	4933
142880	3208	4570	4852	311	323	14	4	9	19363	864	2348	592	1970	120	138	2176	747	12535	0,0,0,0,99,0	12151	0	1869	172579	155317	69850	139029,139150,140964,153345,151014,149335,148189	10	98	27530,28278,61040,98696,54288,50109,0	95	4790
142119	3255	4577	4881	318	334	15	5	9	20018	864	2351	611	1937	110	149	2211	753	12632	0,0,0,0,99,0	12390	0	1936	172770	157077	69850	139258,139376,141183,153748,151436,149839,148626	10	114	27530,28278,61040,98696,54298,51970,0	96	4629
141687	3058	4540	4923	320	338	17	9	8	20626	864	2356	617	1946	128	138	2164	743	12462	0,0,0,0,99,0	21521	0	1626	172935	158558	69850	139398,139519,141319,154072,151771,150252,148968	10	107	27530,28278,61040,98696,54307,53538,0	112	4479
141299	2852	4513	4962	310	348	18	10	6	21207	864	2357	595	2012	130	141	2154	743	12270	0,0,0,0,99,0	21412	0	1618	173118	160006	69850	139542,139664,141461,154397,152105,150666,149310	10	92	27530,28278,61040,98696,54309,55102,0	118	4320
140631	3020	4390	4974	324	351	15	10	6	21799	864	2362	619	1867	110	150	2177	770	12314	0,0,0,0,99,0	12262	0	1912	173275	161779	69850	139765,139886,141675,154762,152487,151133,149704	9	93	27530,28278,61040,98696,54315,56929,0	110	4193
140104	3146	4261	4947	324	354	15	7	9	22349	864	2366	613	1990	122	157	2222	741	12313	0,0,0,0,99,0	12367	0	1836	173450	163451	69850	139944,140063,141844,155113,152853,151589,150085	9	91	27530,28278,61040,98696,54323,58682,0	110	4043
139764	2966	4378	4797	304	349	15	7	11	22921	864	2370	632	1890	104	161	2231	745	12071	0,0,0,0,99,0	12335	0	1676	173583	165007	69850	140083,140201,141972,155398,153149,151970,150389	9	94	27530,28278,61040,98696,54324,60269,0	95	3930
139454	2882	4427	4756	326	325	15	6	12	23304	864	2375	648	1922	117	152	2249	738	11999	0,0,0,0,99,0	12333	0	1695	173713	166584	69850	140190,140307,142074,155682,153443,152353,150687	10	103	27530,28278,61040,98696,54328,61881,0	102	3819
139112	2884	4253	4786	331	339	15	8	9	23767	864	2378	636	1954	110	143	2226	714	11902	0,0,0,0,99,0	12382	0	1702	173838	168172	69850	140327,140441,142203,155959,153731,152729,150985	9	85	27530,28278,61040,98696,54331,63492,0	99	3710
139136	2681	4125	4743	336	339	13	6	11	24112	864	2380	653	1934	103	138	2207	704	11539	0,0,0,0,99,0	21544	0	1412	173982	169453	69850	140375,140489,142256,156187,153959,153044,151213	9	80	27530,28278,61040,98696,54337,64816,0	91	3590
139165	2454	4101	4610	338	334	15	6	10	24467	864	2382	641	1941	106	140	2195	681	11177	0,0,0,0,99,0	21587	0	1441	174105	170781	69850	140411,140528,142298,156401,154175,153347,151428	9	78	27530,28278,61040,98696,54343,66175,0	91	3486
139113	2499	3936	4585	329	310	14	7	11	24693	864	2385	643	1999	114	166	2203	705	10975	0,0,0,0,99,0	12519	0	1547	174219	172229	69850	140480,140596,142365,156621,154399,153663,151656	9	82	27530,28278,61040,98696,54344,67633,0	90	3388
139106	2567	3764	4456	327	337	11	8	10	24908	864	2388	637	1953	101	141	2198	707	10763	0,0,0,0,99,0	12374	0	1536	174319	173683	69850	140528,140646,142412,156807,154584,153943,151848	9	72	27530,28278,61040,98696,54348,69056,0	95	3304
139215	2453	3750	4295	306	317	12	8	12	25122	864	2392	621	1964	106	155	2188	686	10455	0,0,0,0,99,0	12357	0	1419	174430	175003	69850	140557,140676,142445,156979,154759,154205,152022	8	57	27530,28278,61040,98696,54352,70348,0	79	3206
139392	2382	3693	4205	300	301	12	11	13	25177	864	2396	626	1913	84	123	2163	661	10243	0,0,0,0,99,0	12333	0	1378	174524	176309	69850	140558,140678,142449,157136,154914,154451,152177	8	60	27530,28278,61040,98696,54354,71618,0	74	3124
139554	2390	3612	4080	297	268	19	13	11	25236	864	2402	607	1969	73	134	2115	621	10058	0,0,0,0,99,0	12016	0	1424	174606	177663	69850	140566,140681,142457,157275,155055,154685,152318	8	72	27530,28278,61040,98696,54354,72907,0	83	3053
139988	2205	3409	4080	282	280	14	13	12	25193	864	2406	635	1982	87	97	2013	565	9718	0,0,0,0,99,0	21474	0	1132	174694	178720	69850	140500,140615,142396,157379,155155,154868,152409	7	80	27530,28278,61040,98696,54359,73929,0	85	2971
140478	1977	3324	4002	278	275	17	10	15	25093	864	2413	658	2018	70	117	1959	551	9332	0,0,0,0,99,0	21248	0	1125	174774	179773	69850	140414,140531,142321,157463,155234,155033,152481	7	67	27530,28278,61040,98696,54360,74924,0	76	2900
140812	2050	3193	3792	277	271	20	9	17	25026	864	2415	633	1959	78	134	1896	544	9068	0,0,0,0,99,0	12042	0	1281	174848	180991	69850	140399,140515,142311,157568,155333,155225,152581	7	49	27530,28278,61040,98696,54362,76077,0	82	2838
141225	2113	2973	3669	265	282	20	8	17	24888	864	2422	636	2018	107	124	1849	538	8792	0,0,0,0,99,0	12001	0	1189	174924	182112	69850	140343,140460,142262,157660,155421,155401,152663	6	57	27530,28278,61040,98696,54364,77146,0	75	2774
141692	1981	2962	3561	254	255	23	9	13	24709	864	2423	596	1968	73	127	1858	581	8464	0,0,0,0,99,0	11962	0	1109	175007	183147	69850	140275,140390,142203,157738,155490,155555,152726	6	67	27530,28278,61040,98696,54366,78099,0	74	2705
142191	1882	3000	3404	224	243	21	8	16	24468	864	2425	613	1905	70	107	1796	562	8220	0,0,0,0,99,0	11856	0	1100	175077	184188	69850	140176,140291,142111,157799,155550,155699,152777	6	46	27530,28278,61040,98696,54368,79073,0	68	2646
142742	1810	2881	3309	232	249	19	7	15	24186	864	2432	628	1974	66	99	1752	534	7973	0,0,0,0,99,0	11851	0	1025	175135	185165	69850	140076,140187,142018,157843,155587,155820,152806	6	41	27530,28278,61040,98696,54371,79977,0	68	2594
143426	1658	2736	3236	226	246	18	9	14	23878	864	2435	644	2043	59	91	1685	503	7626	0,0,0,0,99,0	21058	0	883	175188	186001	69850	139950,140060,141903,157865,155603,155914,152806	5	40	27530,28278,61040,98696,54372,80756,0	62	2550
144147	1495	2640	3115	236	220	16	11	15	23551	864	2436	645	1961	64	107	1638	479	7254	0,0,0,0,99,0	20975	0	871	175232	186838	69850	139796,139911,141764,157877,155597,155994,152792	5	43	27530,28278,61040,98696,54372,81521,0	63	2514
144723	1555	2431	3000	237	214	16	10	16	23239	864	2441	622	1978	56	103	1584	474	6989	0,0,0,0,99,0	11681	0	959	175296	187743	69850	139690,139803,141667,157923,155633,156111,152819	5	45	27530,28278,61040,98696,54373,82364,0	66	2455
145356	1526	2240	2920	210	203	16	13	13	22942	864	2443	608	1983	63	100	1571	459	6669	0,0,0,0,99,0	11689	0	813	175347	188513	69850	139575,139681,141560,157927,155632,156181,152806	5	40	27530,28278,61040,98696,54375,83065,0	70	2411
146088	1416	2149	2805	209	182	16	13	15	22544	864	2445	613	1972	48	93	1514	457	6333	0,0,0,0,99,0	11604	0	775	175387	189258	69850	139415,139525,141414,157909,155605,156229,152766	5	35	27530,28278,61040,98696,54375,83711,0	64	2377
146923	1294	2142	2624	204	174	15	12	16	22029	864	2449	612	2015	39	84	1443	422	6043	0,0,0,0,99,0	11516	0	721	175431	189944	69850	139220,139331,141233,157879,155563,156264,152710	4	41	27530,28278,61040,98696,54376,84331,0	59	2340
147660	1253	2079	2461	199	177	15	13	15	21558	864	2452	625	1983	54	61	1351	389	5808	0,0,0,0,99,0	11446	0	787	175472	190693	69850	139061,139173,141085,157865,155538,156315,152671	4	46	27530,28278,61040,98696,54378,85005,0	59	2304
148484	1178	1950	2404	166	165	12	11	16	21040	864	2456	595	1858	34	73	1287	371	5515	0,0,0,0,99,0	20674	0	653	175506	191316	69850	138873,138990,140914,157829,155489,156338,152607	4	31	27530,28278,61040,98696,54378,85546,0	54	2272
149398	1061	1846	2314	156	157	14	9	17	20452	864	2458	627	1929	54	68	1227	338	5219	0,0,0,0,99,0	20515	0	587	175545	191869	69850	138671,138786,140727,157784,155429,156350,152530	4	31	27530,28278,61040,98696,54379,86034,0	55	2241
150065	1131	1763	2201	154	155	11	7	17	19919	864	2459	642	2029	54	77	1187	338	5084	0,0,0,0,99,0	11429	0	747	175572	192595	69850	138508,138623,140577,157758,155392,156384,152481	4	39	27530,28278,61040,98696,54382,86668,0	53	2217
150822	1162	1619	2155	140	158	10	6	16	19334	864	2460	619	1971	37	66	1160	335	4915	0,0,0,0,99,0	11227	0	624	175601	193198	69850	138340,138456,140425,157717,155338,156397,152415	4	35	27530,28278,61040,98696,54383,87181,0	50	2191
151585	1049	1606	2046	141	151	9	3	19	18805	864	2468	642	1981	37	75	1120	322	4683	0,0,0,0,99,0	11300	0	593	175627	193771	69850	138159,138276,140255,157672,155276,156401,152341	3	20	27530,28278,61040,98696,54384,87645,0	42	2169
152354	1008	1612	1891	140	143	9	3	16	18236	864	2470	626	1970	38	69	1070	307	4499	0,0,0,0,99,0	11139	0	588	175646	194348	69850	137965,138085,140076,157616,155206,156397,152258	3	30	27530,28278,61040,98696,54384,88110,0	46	2153
153079	968	1557	1854	134	137	9	1	15	17654	864	2474	632	1883	44	64	1018	294	4366	0,0,0,0,99,0	11072	0	568	175664	194903	69850	137791,137907,139912,157572,155146,156403,152185	3	31	27530,28278,61040,98696,54384,88586,0	44	2139
153871	882	1512	1787	135	124	9	3	15	17067	864	2477	621	1966	41	57	976	293	4159	0,0,0,0,99,0	20326	0	484	175690	195369	69850	137591,137708,139725,157525,155084,156401,152107	3	29	27530,28278,61040,98696,54384,88975,0	38	2117
154641	831	1389	1718	140	134	9	3	11	16524	864	2482	639	2014	31	51	939	278	3946	0,0,0,0,99,0	20294	0	459	175711	195812	69850	137394,137512,139541,157466,155011,156385,152019	3	34	27530,28278,61040,98696,54384,89333,0	39	2098
155316	874	1269	1652	133	128	8	4	9	16001	864	2488	634	2016	37	59	931	271	3797	0,0,0,0,99,0	10925	0	513	175734	196306	69850	137218,137337,139372,157410,154945,156375,151941	3	22	27530,28278,61040,98696,54384,89727,0	42	2077
