S	E	I1	I2	I3	I4	I5_h	I6_h	R_h	R	D1	D2	H	T	P1	P2	Q	QT	NQ	MUT	HOM	VAC	NI	INF	REINF	BSTR	IMM	HCI	HCE	INFV	INFH	VNI
178080	120	116	47	48	50	8	3	0	273	1	0	191	0	0	0	65	65	327	0,0,0,0,0,0	178745	0	0	392	0	0	666,666,666,666,666,666,666	0	0	0,0,0,0,0,0,0	0	0
178029	86	177	62	47	49	8	3	0	282	1	2	333	360	1	85	175	79	353	0,0,0,0,0,0	12363	0	63	455	0	0	717,717,717,717,717,717,717	0	2	63,0,0,0,0,0,0	12	0
177948	101	204	70	42	50	8	3	1	311	1	7	449	268	0	12	298	84	394	0,0,0,0,0,0	12910	0	84	540	0	0	798,798,798,798,798,798,798	0	5	148,0,0,0,0,0,0	10	0
177888	106	218	82	45	54	8	4	1	330	1	9	531	234	0	21	427	105	412	0,0,0,0,0,0	13108	0	76	616	0	0	860,860,860,860,860,860,860	0	6	224,0,0,0,0,0,0	12	0
177832	104	226	95	56	57	8	4	1	348	1	14	582	260	0	18	559	130	420	0,0,0,0,0,0	25023	0	65	682	0	0	920,920,920,920,920,920,920	0	3	290,0,0,0,0,0,0	17	0
177760	111	250	99	56	55	9	4	1	383	1	17	604	93	0	12	628	135	449	0,0,0,0,0,0	25330	0	85	768	0	0	993,993,993,993,993,993,993	0	8	376,0,0,0,0,0,0	17	0
177674	128	265	114	60	55	10	3	1	409	2	25	619	253	1	20	984	152	483	0,0,0,0,0,0	13639	0	104	873	0	0	1085,1085,1085,1085,1085,1085,1085	0	9	481,0,0,0,0,0,0	19	0
177602	138	260	129	64	62	11	4	1	443	2	30	667	100	0	18	1264	169	499	0,0,0,0,0,0	14097	0	82	955	0	0	1162,1162,1162,1161,1161,1161,1161	0	4	563,0,0,0,0,0,0	19	0
177513	159	264	139	64	68	12	6	2	485	2	32	685	260	1	21	1457	193	519	0,0,0,0,0,0	14334	0	108	1063	1	0	1256,1255,1255,1254,1254,1254,1254	0	9	672,0,0,0,0,0,0	25	0
177426	185	264	167	64	68	14	7	2	510	2	37	715	270	2	27	1708	225	544	0,0,0,0,0,0	14410	0	113	1176	1	0	1353,1352,1352,1351,1351,1351,1351	0	8	785,0,0,0,0,0,0	26	0
177357	184	276	177	69	69	14	7	2	548	2	41	702	111	1	22	1801	237	559	0,0,0,0,0,0	14672	0	94	1269	3	0	1435,1434,1434,1429,1429,1429,1429	1	7	880,0,0,0,0,0,0	31	0
177270	167	303	177	73	78	13	9	2	605	2	47	700	221	1	24	1688	252	568	0,0,0,0,0,0	26683	0	104	1373	4	0	1531,1529,1529,1523,1523,1523,1523	1	7	985,0,0,0,0,0,0	30	0
177219	146	315	176	78	74	14	10	2	660	2	50	674	293	3	22	1751	263	550	0,0,0,0,0,0	26347	0	82	1454	5	0	1600,1598,1598,1587,1587,1587,1587	1	7	1066,0,0,0,0,0,0	34	0
177148	150	332	181	78	73	16	16	2	696	2	52	675	253	1	31	1969	287	559	0,0,0,0,0,0	14688	0	107	1561	5	0	1690,1687,1687,1673,1673,1673,1673	1	2	1173,0,0,0,0,0,0	33	0
177056	175	344	183	94	67	20	17	2	730	2	56	700	81	1	36	2281	311	589	0,0,0,0,0,0	14906	0	131	1691	6	0	1806,1800,1800,1781,1781,1781,1781	1	16	1303,0,0,0,0,0,0	47	0
176977	181	353	197	93	72	22	19	2	770	2	58	710	247	0	30	2333	322	615	0,0,0,0,0,0	15374	0	124	1812	9	0	1911,1903,1903,1876,1876,1876,1876	1	12	1427,0,0,0,0,0,0	54	0
176869	210	347	213	96	80	23	20	3	815	3	67	680	275	3	28	2238	327	662	0,0,0,0,0,0	15107	0	139	1951	10	0	2047,2036,2036,2000,2000,2000,2000	1	12	1567,0,0,0,0,0,0	52	0
176778	212	361	218	87	93	25	21	3	872	3	73	666	309	1	28	2325	334	683	0,0,0,0,0,0	15178	0	130	2077	14	0	2166,2153,2153,2108,2108,2108,2108	1	15	1694,0,0,0,0,0,0	62	0
176683	214	381	240	91	97	23	21	2	913	4	77	699	103	1	31	2476	344	723	0,0,0,0,0,0	27050	0	142	2214	19	0	2292,2276,2276,2220,2220,2220,2220	1	6	1836,0,0,0,0,0,0	64	0
176626	199	391	247	96	104	27	23	2	946	5	80	702	266	3	36	2666	359	728	0,0,0,0,0,0	27339	0	117	2328	22	0	2397,2376,2376,2304,2304,2304,2304	1	6	1953,0,0,0,0,0,0	69	0
176563	195	402	239	110	100	25	24	2	994	6	86	749	106	4	44	2992	372	723	0,0,0,0,0,0	15679	0	125	2452	23	0	2506,2482,2482,2395,2395,2395,2395	1	11	2077,0,0,0,0,0,0	72	0
176453	211	407	245	119	103	30	20	2	1056	11	89	744	242	2	42	3380	402	733	0,0,0,0,0,0	16099	0	149	2600	24	0	2642,2616,2616,2521,2521,2521,2521	1	24	2225,0,0,0,0,0,0	67	0
176367	222	432	235	122	103	31	19	1	1107	15	92	728	234	1	34	3359	399	765	0,0,0,0,0,0	16302	0	155	2755	24	0	2784,2752,2752,2638,2638,2638,2638	1	16	2380,0,0,0,0,0,0	70	0
176282	227	452	254	106	111	30	21	1	1148	16	98	700	259	1	34	3359	375	826	0,0,0,0,0,0	16417	0	153	2910	24	0	2931,2893,2893,2757,2757,2757,2757	1	7	2535,0,0,0,0,0,0	71	0
176180	225	481	269	103	116	33	25	1	1194	16	103	714	160	3	37	3575	375	877	0,0,0,0,0,0	16491	0	166	3077	24	0	3090,3047,3047,2891,2891,2891,2891	1	20	2702,0,0,0,0,0,0	77	0
176094	233	474	293	111	126	29	24	2	1237	17	106	739	96	1	44	3652	391	899	0,0,0,0,0,0	28032	0	147	3223	26	0	3231,3181,3181,3005,3005,3005,3005	1	10	2849,0,0,0,0,0,0	79	0
176017	229	478	294	118	142	33	19	2	1280	22	112	711	289	1	57	3745	428	885	0,0,0,0,0,0	28171	0	149	3372	26	0	3373,3317,3317,3117,3117,3117,3117	2	14	2998,0,0,0,0,0,0	81	0
175925	233	486	303	132	140	32	18	3	1335	23	116	704	238	1	58	3804	455	889	0,0,0,0,0,0	16970	0	162	3533	29	0	3529,3466,3466,3242,3242,3242,3242	2	14	3161,0,0,0,0,0,0	76	0
175841	247	495	309	132	135	36	22	3	1382	23	121	695	248	4	49	4010	470	906	0,0,0,0,0,0	16983	0	164	3700	30	0	3687,3616,3616,3365,3365,3365,3365	2	17	3328,0,0,0,0,0,0	77	0
175712	269	508	314	125	150	40	25	3	1450	24	126	631	229	0	43	4111	477	954	0,0,0,0,0,0	17040	0	201	3901	30	0	3880,3804,3804,3530,3530,3530,3530	2	20	3529,0,0,0,0,0,0	92	0
175607	290	533	321	136	144	39	25	4	1492	25	130	606	171	3	50	3928	465	1023	0,0,0,0,0,0	16926	0	194	4096	30	0	4067,3982,3982,3678,3678,3678,3678	2	22	3724,0,0,0,0,0,0	91	0
175503	301	532	339	154	154	41	27	4	1526	28	137	616	276	3	44	3780	482	1066	0,0,0,0,0,0	16849	0	185	4284	30	0	4247,4154,4154,3823,3823,3823,3823	2	14	3912,0,0,0,0,0,0	92	0
175419	283	552	327	148	164	45	28	4	1605	29	142	613	256	1	49	3832	498	1049	0,0,0,0,0,0	28236	0	162	4446	32	0	4402,4302,4302,3944,3944,3944,3944	2	15	4075,0,0,0,0,0,0	98	0
175322	303	547	330	164	162	44	27	4	1662	33	148	622	254	3	61	4023	547	1030	0,0,0,0,0,0	28330	0	185	4630	34	0	4581,4472,4472,4084,4084,4084,4084	2	23	4260,0,0,0,0,0,0	108	0
175208	308	580	332	183	160	47	28	5	1711	34	150	600	337	5	63	3982	580	1058	0,0,0,0,0,0	17214	0	207	4836	35	0	4780,4663,4663,4243,4243,4243,4243	2	23	4466,0,0,0,0,0,0	107	0
175059	325	613	343	197	157	57	26	6	1773	37	153	587	84	2	53	4055	589	1129	0,0,0,0,0,0	17068	0	239	5077	35	0	5013,4887,4887,4435,4435,4435,4435	2	18	4707,0,0,0,0,0,0	110	0
174953	347	627	349	198	153	64	30	5	1827	38	155	602	326	1	50	3913	587	1181	0,0,0,0,0,0	16847	0	214	5290	36	0	5215,5079,5079,4592,4592,4592,4592	3	22	4920,0,0,0,0,0,0	122	0
174794	366	690	356	194	153	67	29	7	1893	39	158	581	307	2	51	4296	583	1272	0,0,0,0,0,0	16851	0	255	5546	38	0	5463,5318,5318,4797,4797,4797,4797	3	32	5176,0,0,0,0,0,0	127	0
174653	398	669	388	209	166	70	29	6	1956	41	161	590	256	1	59	4427	595	1334	0,0,0,0,0,0	17388	0	236	5782	40	0	5690,5536,5536,4982,4982,4982,4982	3	23	5412,0,0,0,0,0,0	133	0
174562	376	690	410	201	179	75	26	8	2009	44	166	528	264	6	63	4434	608	1349	0,0,0,0,0,0	28433	0	220	6001	42	0	5901,5734,5734,5135,5135,5135,5135	3	15	5632,0,0,0,0,0,0	140	0
174499	347	698	438	199	197	71	28	9	2049	44	167	529	253	2	67	4491	607	1371	0,0,0,0,0,0	28752	0	200	6201	43	0	6092,5912,5912,5264,5264,5264,5264	3	18	5832,0,0,0,0,0,0	144	0
174361	361	744	438	194	214	69	30	8	2113	45	169	524	293	3	84	4615	658	1392	0,0,0,0,0,0	17615	0	265	6471	43	0	6352,6159,6159,5465,5465,5465,5465	3	29	6102,0,0,0,0,0,0	142	0
174218	387	770	457	197	211	70	28	7	2177	49	175	491	307	5	72	4885	678	1442	0,0,0,0,0,0	17516	0	278	6748	45	0	6619,6413,6413,5671,5671,5671,5671	3	20	6379,0,0,0,0,0,0	132	0
174039	418	802	474	201	214	65	30	7	2267	50	179	511	257	1	68	5219	716	1488	0,0,0,0,0,0	17599	0	292	7038	49	0	6900,6684,6684,5902,5902,5902,5902	3	25	6670,0,0,0,0,0,0	137	0
173856	460	829	502	188	230	67	31	7	2343	52	181	530	240	3	67	5348	704	1603	0,0,0,0,0,0	18226	0	324	7362	52	0	7217,6986,6986,6152,6152,6152,6152	3	29	6994,0,0,0,0,0,0	130	0
173719	452	877	510	208	216	72	32	6	2414	53	187	522	277	2	79	5728	707	1660	0,0,0,0,0,0	18437	0	294	7653	56	0	7501,7255,7255,6365,6365,6365,6365	3	27	7285,0,0,0,0,0,0	140	0
173607	443	893	526	226	219	75	32	8	2475	53	189	503	300	4	74	5699	734	1680	0,0,0,0,0,0	29810	0	279	7931	58	0	7769,7506,7506,6556,6556,6556,6556	3	25	7563,0,0,0,0,0,0	159	0
173473	429	907	530	240	245	77	32	9	2554	55	195	503	251	3	84	5588	791	1669	0,0,0,0,0,0	29957	0	274	8204	62	0	8038,7761,7761,6759,6759,6759,6759	3	20	7837,0,0,0,0,0,0	152	0
173305	477	932	561	270	257	73	30	9	2578	59	195	496	245	4	94	5743	842	1758	0,0,0,0,0,0	18751	0	362	8566	65	0	8386,8089,8089,7018,7018,7018,7018	4	33	8199,0,0,0,0,0,0	153	0
173158	496	952	563	259	255	77	35	7	2686	62	196	492	260	5	101	6062	898	1739	0,0,0,0,0,0	18643	0	310	8875	67	0	8684,8371,8371,7240,7240,7240,7240	4	28	8509,0,0,0,0,0,0	160	0
172942	505	999	582	268	266	73	37	7	2799	64	204	505	272	3	93	6186	934	1796	0,0,0,0,0,0	34123	0	351	9227	68	0	9032,8705,8705,7523,7523,7523,7523	4	44	8861,0,0,0,0,0,0	168	0
172782	505	1036	599	267	256	71	36	7	2910	67	210	506	258	5	96	6687	962	1808	0,0,0,0,0,0	34439	0	320	9547	69	0	9346,9002,9002,7760,7760,7760,7760	4	34	9181,0,0,0,0,0,0	163	0
172671	491	1048	619	278	292	72	39	6	2948	68	214	502	249	6	67	6847	985	1854	0,0,0,0,0,0	34929	0	320	9864	72	0	9652,9288,9288,7969,7969,7969,7969	4	36	9498,0,0,0,0,0,0	159	0
172554	503	1047	636	292	294	76	39	5	3010	72	218	501	267	3	79	6560	1002	1885	0,0,0,0,0,0	47888	0	314	10178	74	0	9955,9571,9571,8180,8180,8180,8180	4	26	9812,0,0,0,0,0,0	161	0
172443	484	1028	674	314	314	74	43	5	3074	72	221	501	325	3	90	6673	1056	1875	0,0,0,0,0,0	47649	0	302	10481	74	0	10247,9844,9844,8383,8383,8383,8383	4	18	10115,0,0,0,0,0,0	162	0
172317	467	1038	686	315	325	72	40	2	3180	77	227	492	294	5	89	6947	1031	1912	0,0,0,0,0,0	34860	0	311	10793	76	0	10549,10127,10127,8597,8597,8597,8597	4	34	10427,0,0,0,0,0,0	140	0
172231	463	1005	695	326	340	75	42	3	3259	79	228	505	305	3	105	7293	1100	1846	0,0,0,0,0,0	34629	0	307	11101	76	0	10841,10396,10396,8786,8786,8786,8786	4	35	10735,0,0,0,0,0,0	135	0
172131	472	1007	692	317	331	75	45	5	3360	80	231	492	312	5	118	7555	1152	1787	0,0,0,0,0,0	35405	0	301	11399	80	0	11128,10663,10663,8979,8979,8979,8979	4	39	11033,0,0,0,0,0,0	144	0
171999	491	1019	689	300	321	81	43	7	3481	83	232	474	262	11	81	7698	1101	1843	0,0,0,0,0,0	35816	0	341	11737	85	0	11453,10968,10968,9207,9207,9207,9207	4	26	11372,0,0,0,0,0,0	142	0
171928	482	1001	703	294	300	80	46	8	3583	87	234	489	292	5	98	7557	1086	1820	0,0,0,0,0,0	35362	0	300	12033	89	0	11736,11228,11228,9384,9384,9384,9384	4	30	11668,0,0,0,0,0,0	141	0
171877	461	993	686	293	293	81	46	11	3680	89	236	480	253	1	83	7381	1062	1791	0,0,0,0,0,0	48110	0	270	12302	90	0	11991,11461,11461,9537,9537,9537,9537	4	18	11937,0,0,0,0,0,0	157	0
171861	429	942	702	290	286	73	49	11	3775	92	236	462	292	4	81	6870	1043	1728	0,0,0,0,0,0	48234	0	230	12532	92	0	12207,11656,11656,9653,9653,9653,9653	4	19	12167,0,0,0,0,0,0	157	0
171844	422	904	697	301	283	73	50	12	3828	92	240	459	128	4	79	7012	1025	1705	0,0,0,0,0,0	34644	0	259	12788	97	0	12451,11875,11875,9783,9783,9783,9783	4	24	12423,0,0,0,0,0,0	162	0
171821	422	891	669	300	283	71	50	12	3892	94	241	466	244	2	85	7143	1042	1644	0,0,0,0,0,0	35229	0	258	13045	100	0	12691,12092,12092,9914,9914,9914,9914	4	33	12680,0,0,0,0,0,0	157	0
171783	410	886	665	291	274	75	50	14	3958	96	244	446	286	6	76	6963	1002	1649	0,0,0,0,0,0	35187	0	274	13316	103	0	12948,12326,12326,10060,10060,10060,10060	5	29	12951,0,0,0,0,0,0	157	0
171773	400	849	684	278	284	80	49	13	3986	101	249	439	288	4	76	7510	1003	1621	0,0,0,0,0,0	34888	0	245	13563	103	0	13183,12537,12537,10182,10182,10182,10182	5	35	13198,0,0,0,0,0,0	155	0
171766	407	837	669	284	272	85	51	13	4008	104	250	432	306	6	68	7106	969	1636	0,0,0,0,0,0	35824	0	261	13823	106	0	13427,12755,12755,10306,10306,10306,10306	5	25	13459,0,0,0,0,0,0	151	0
171768	389	844	643	256	275	82	47	15	4068	107	252	416	295	4	66	6639	903	1633	0,0,0,0,0,0	47574	0	230	14050	109	0	13640,12945,12945,10410,10410,10410,10410	4	25	13686,0,0,0,0,0,0	165	0
171820	338	847	611	240	258	80	53	14	4123	110	252	410	244	3	85	6556	902	1525	0,0,0,0,0,0	47481	0	200	14251	110	0	13824,13103,13103,10476,10476,10476,10476	4	17	13887,0,0,0,0,0,0	158	0
171770	372	837	612	251	273	73	52	14	4127	112	253	426	254	6	83	6504	917	1553	0,0,0,0,0,0	34406	0	289	14533	117	0	14090,13347,13347,10632,10632,10632,10632	4	41	14169,0,0,0,0,0,0	152	0
171791	372	796	612	247	273	70	51	11	4152	118	253	438	305	1	76	6513	930	1491	0,0,0,0,0,0	34683	0	223	14752	121	0	14291,13523,13523,10719,10719,10719,10719	4	24	14389,0,0,0,0,0,0	150	0
171809	375	761	615	252	271	71	48	13	4154	122	255	446	266	3	66	6631	902	1491	0,0,0,0,0,0	34237	0	223	14974	122	0	14497,13705,13705,10811,10811,10811,10811	4	26	14611,0,0,0,0,0,0	148	0
171764	368	786	579	261	249	69	46	12	4225	127	260	432	245	5	63	6190	857	1501	0,0,0,0,0,0	34366	0	258	15229	126	0	14739,13926,13926,10951,10951,10951,10951	4	40	14866,0,0,0,0,0,0	142	0
171733	382	794	576	256	248	63	47	12	4243	129	263	431	254	3	54	6098	834	1532	0,0,0,0,0,0	33971	0	268	15496	127	0	14991,14154,14154,11090,11090,11090,11090	5	34	15133,0,0,0,0,0,0	139	0
171811	354	791	574	255	244	68	45	9	4198	132	265	461	295	4	67	5884	827	1504	0,0,0,0,0,0	46756	0	201	15696	128	0	15171,14306,14306,11140,11140,11140,11140	4	19	15333,0,0,0,0,0,0	144	0
171897	329	785	582	245	237	67	47	11	4148	132	266	472	223	2	68	5261	799	1493	0,0,0,0,0,0	46905	0	210	15903	132	0	15359,14464,14464,11189,11189,11189,11189	4	25	15540,0,0,0,0,0,0	142	0
171917	365	758	560	257	241	65	47	10	4122	137	267	476	272	3	68	5565	795	1498	0,0,0,0,0,0	33060	0	262	16160	137	0	15597,14674,14674,11296,11296,11296,11296	4	34	15797,0,0,0,0,0,0	140	0
171958	387	725	567	277	231	67	45	9	4072	140	268	450	230	4	73	5806	821	1478	0,0,0,0,0,0	33751	0	232	16387	143	0	15802,14853,14853,11374,11374,11374,11374	4	22	16024,0,0,0,0,0,0	138	0
171979	375	726	539	281	249	67	47	12	4060	141	270	447	286	2	70	5829	812	1472	0,0,0,0,0,0	33562	0	229	16613	147	0	16011,15037,15037,11464,11464,11464,11464	4	25	16250,0,0,0,0,0,0	139	0
171989	382	739	547	272	226	66	47	12	4051	144	271	446	273	3	80	5756	825	1454	0,0,0,0,0,0	33459	0	253	16864	151	0	16243,15242,15242,11571,11571,11571,11571	4	36	16501,0,0,0,0,0,0	136	0
172000	409	697	552	250	246	67	41	12	4045	153	274	456	230	3	65	5987	826	1436	0,0,0,0,0,0	33822	0	232	17095	154	0	16457,15432,15432,11669,11669,11669,11669	4	33	16732,0,0,0,0,0,0	128	0
172124	347	695	540	228	238	66	39	11	4026	156	276	440	322	2	73	5773	819	1334	0,0,0,0,0,0	46840	0	149	17241	157	0	16585,15533,15533,11668,11668,11668,11668	4	13	16878,0,0,0,0,0,0	118	0
172228	321	682	526	225	234	68	38	12	3977	157	278	438	248	3	66	6161	838	1256	0,0,0,0,0,0	46797	0	181	17423	157	0	16748,15667,15667,11695,11695,11695,11695	4	9	17060,0,0,0,0,0,0	130	0
172272	333	675	515	229	233	68	38	10	3930	159	284	445	241	4	65	6150	854	1237	0,0,0,0,0,0	33847	0	213	17633	162	0	16942,15836,15836,11766,11766,11766,11766	4	23	17270,0,0,0,0,0,0	117	0
172327	332	672	491	219	224	66	34	12	3918	163	288	453	317	2	59	6252	805	1233	0,0,0,0,0,0	34037	0	195	17828	164	0	17118,15986,15986,11821,11821,11821,11821	4	19	17465,0,0,0,0,0,0	110	0
172378	312	672	463	226	216	63	39	11	3909	163	294	462	244	3	63	6173	790	1201	0,0,0,0,0,0	34112	0	190	18015	167	0	17291,16135,16135,11877,11877,11877,11877	4	20	17652,0,0,0,0,0,0	115	0
172450	308	623	488	224	227	64	41	11	3849	164	297	465	257	1	54	5799	773	1202	0,0,0,0,0,0	33865	0	178	18195	169	0	17454,16272,16272,11917,11917,11917,11917	4	20	17832,0,0,0,0,0,0	123	0
172541	304	610	473	220	206	65	39	11	3808	169	300	450	342	5	68	5444	783	1134	0,0,0,0,0,0	33356	0	184	18375	173	0	17615,16406,16406,11947,11947,11947,11947	4	17	18014,0,0,0,0,0,0	118	0
172617	313	588	452	209	190	69	36	14	3782	170	306	460	235	1	56	5383	774	1083	0,0,0,0,0,0	46630	0	181	18552	179	0	17776,16541,16541,11984,11984,11984,11984	3	16	18191,0,0,0,0,0,0	118	0
172710	285	569	451	210	188	67	31	12	3737	176	310	464	318	5	48	5108	738	1063	0,0,0,0,0,0	46673	0	145	18693	184	0	17902,16643,16643,11997,11997,11997,11997	3	15	18332,0,0,0,0,0,0	114	0
172800	245	615	406	207	179	64	29	10	3699	179	313	456	228	3	46	4949	691	1054	0,0,0,0,0,0	33211	0	158	18849	187	0	18041,16757,16757,12015,12015,12015,12015	3	16	18488,0,0,0,0,0,0	110	0
172853	247	596	408	205	177	63	29	12	3662	180	314	438	263	3	53	4594	652	1073	0,0,0,0,0,0	32714	0	175	19019	193	0	18191,16885,16885,12057,12057,12057,12057	3	17	18658,0,0,0,0,0,0	110	0
172953	237	564	401	216	173	64	33	13	3595	181	316	454	274	4	49	4422	622	1066	0,0,0,0,0,0	32330	0	161	19180	193	0	18332,17000,17000,12071,12071,12071,12071	3	21	18819,0,0,0,0,0,0	106	0
173085	226	560	381	200	172	68	36	12	3502	182	322	462	296	5	65	4177	622	1021	0,0,0,0,0,0	45553	0	140	19318	196	0	18452,17092,17092,12058,12058,12058,12058	3	13	18957,0,0,0,0,0,0	113	0
173197	223	517	399	183	167	73	33	12	3434	185	323	440	270	4	41	4354	596	999	0,0,0,0,0,0	45501	0	132	19447	199	0	18562,17178,17178,12051,12051,12051,12051	3	6	19087,0,0,0,0,0,0	117	0
173328	216	487	377	181	169	72	29	10	3359	190	328	462	277	1	44	4375	564	967	0,0,0,0,0,0	45804	0	128	19576	199	0	18675,17264,17264,12036,12036,12036,12036	3	8	19216,0,0,0,0,0,0	119	0
173432	225	449	361	184	163	74	28	9	3294	194	333	485	262	6	36	4423	539	945	0,0,0,0,0,0	45543	18	125	19699	202	0	18784,17350,17350,12033,12033,12033,12033	2	9	19340,0,0,0,0,0,0	118	13
173508	221	459	369	175	163	76	30	6	3210	194	335	469	287	1	47	4126	552	941	0,0,0,0,0,0	32684	21	149	19844	206	0	18911,17455,17455,12051,12051,12051,12051	2	12	19485,0,0,0,0,0,0	113	31
173549	222	486	339	170	160	75	27	5	3177	197	339	476	255	0	49	3903	546	933	0,0,0,0,0,0	32157	38	164	20004	211	0	19054,17577,17577,12093,12093,12093,12093	2	8	19645,0,0,0,0,0,0	110	64
173622	231	448	321	176	159	77	28	6	3140	198	340	471	245	0	43	3880	531	909	0,0,0,0,0,0	31960	27	134	20136	214	0	19168,17671,17671,12106,12106,12106,12106	2	14	19777,0,0,0,0,0,0	113	87
173711	211	449	312	157	142	76	33	6	3104	199	346	467	245	2	49	3842	533	847	0,0,0,0,0,0	31858	31	118	20254	215	0	19271,17753,17753,12105,12105,12105,12105	2	17	19895,0,0,0,0,0,0	119	116
173799	184	453	317	151	156	72	26	9	3029	204	346	459	256	0	50	3845	534	825	0,0,0,0,0,0	31752	20	128	20378	219	0	19376,17836,17836,12105,12105,12105,12105	2	17	20019,0,0,0,0,0,0	116	134
173885	179	433	311	157	142	71	27	9	2980	204	348	446	253	1	43	4048	497	823	0,0,0,0,0,0	38910	30	122	20497	222	0	19478,17918,17918,12106,12106,12106,12106	2	11	20138,0,0,0,0,0,0	124	161
173986	168	423	316	149	136	63	27	8	2916	205	349	465	270	3	47	3732	503	779	0,0,0,0,0,0	38540	122	111	20605	225	0	19573,17992,17992,12097,12097,12097,12097	2	15	20246,0,0,0,0,0,0	113	272
174069	173	419	318	143	131	61	27	7	2843	206	349	455	240	1	45	3705	522	750	0,0,0,0,0,0	26634	142	127	20733	227	0	19689,18086,18086,12104,12104,12104,12104	2	21	20375,0,0,0,0,0,0	108	400
174129	199	420	304	130	121	59	26	7	2793	208	350	434	239	1	34	3623	518	741	0,0,0,0,0,0	26915	148	148	20879	229	0	19827,18204,18204,12134,12134,12134,12134	2	12	20521,0,0,0,0,0,0	100	526
174179	207	410	306	118	122	58	23	7	2755	211	350	437	250	5	37	3896	478	766	0,0,0,0,0,0	26915	123	134	21009	234	0	19947,18306,18306,12159,12159,12159,12159	2	18	20651,0,0,0,0,0,0	102	628
174245	192	406	323	107	129	58	20	6	2693	214	353	434	249	2	30	3816	460	775	0,0,0,0,0,0	26800	145	124	21131	236	0	20063,18403,18403,12175,12175,12175,12175	2	10	20773,0,0,0,0,0,0	93	751
174309	200	421	310	108	118	51	20	5	2635	215	354	459	257	3	45	3837	462	766	0,0,0,0,0,0	26976	120	140	21270	237	0	20189,18508,18508,12197,12197,12197,12197	2	20	20912,0,0,0,0,0,0	84	849
174347	200	406	318	113	110	48	17	4	2606	219	358	451	241	0	25	3788	426	786	0,0,0,0,0,0	38761	133	116	21385	239	0	20303,18606,18606,12226,12226,12226,12226	2	11	21028,0,0,0,0,0,0	88	962
174424	206	404	312	108	117	42	18	2	2532	220	361	450	97	2	31	3626	403	804	0,0,0,0,0,0	38479	147	129	21512	243	0	20454,18737,18737,12256,12256,12256,12256	2	16	21155,0,0,0,0,0,0	83	1078
174489	184	400	299	117	121	41	18	2	2489	221	365	467	94	0	37	3293	387	793	0,0,0,0,0,0	26670	132	104	21614	245	0	20591,18857,18857,12282,12282,12282,12282	2	13	21257,0,0,0,0,0,0	78	1190
174537	178	402	281	123	135	40	16	2	2442	224	366	477	323	0	40	3193	386	789	0,0,0,0,0,0	26281	147	128	21738	249	0	20743,18992,18992,12323,12323,12323,12323	2	15	21381,0,0,0,0,0,0	77	1315
174569	194	391	274	129	128	43	13	3	2408	226	368	494	243	3	55	3230	409	763	0,0,0,0,0,0	26476	162	124	21862	250	0	20891,19124,19124,12371,12371,12371,12371	2	15	21505,0,0,0,0,0,0	69	1456
174629	182	405	262	123	122	39	14	3	2368	227	372	495	271	2	37	3321	417	730	0,0,0,0,0,0	26451	154	115	21976	252	0	21036,19251,19251,12402,12402,12402,12402	2	13	21619,0,0,0,0,0,0	67	1590
174696	172	392	287	115	112	37	15	3	2315	228	374	503	144	1	33	3148	388	742	0,0,0,0,0,0	26290	152	111	22086	255	0	21168,19365,19365,12425,12425,12425,12425	2	7	21729,0,0,0,0,0,0	67	1717
174756	181	362	287	114	121	31	17	3	2267	228	379	466	241	3	30	2937	392	721	0,0,0,0,0,0	38085	158	109	22193	257	0	21303,19483,19483,12453,12453,12453,12453	2	6	21836,0,0,0,0,0,0	67	1847
174812	158	373	276	111	114	33	16	4	2236	229	384	449	266	4	26	2749	363	718	0,0,0,0,0,0	37831	62	100	22292	258	0	21433,19597,19597,12480,12480,12480,12480	2	8	21935,0,0,0,0,0,0	61	1896
174858	146	379	267	118	115	31	14	4	2197	231	386	473	317	2	39	2980	364	706	0,0,0,0,0,0	26056	64	108	22399	259	0	21565,19714,19714,12511,12511,12511,12511	1	9	22042,0,0,0,0,0,0	56	1951
174899	159	350	262	118	115	31	17	4	2170	231	390	457	245	1	38	3092	382	670	0,0,0,0,0,0	26164	56	104	22502	260	0	21700,19834,19834,12546,12546,12546,12546	1	9	22145,0,0,0,0,0,0	59	1998
174931	167	336	261	106	130	34	18	4	2137	232	390	468	253	3	37	3158	398	654	0,0,0,0,0,0	26102	65	115	22616	261	0	21848,19968,19968,12592,12592,12592,12592	1	13	22259,0,0,0,0,0,0	70	2053
175011	162	298	284	105	117	34	14	4	2090	235	392	458	242	1	40	3061	392	622	0,0,0,0,0,0	26228	56	88	22704	261	0	21970,20072,20072,12600,12600,12600,12600	1	9	22347,0,0,0,0,0,0	62	2095
175053	163	307	261	104	107	35	13	5	2068	236	394	468	253	0	37	2765	389	601	0,0,0,0,0,0	26028	68	95	22800	261	0	22098,20186,20186,12631,12631,12631,12631	1	17	22443,0,0,0,0,0,0	60	2147
175115	156	307	252	94	103	39	15	4	2029	237	395	476	78	3	29	2487	379	587	0,0,0,0,0,0	37627	69	84	22883	262	0	22214,20288,20288,12647,12647,12647,12647	1	13	22526,0,0,0,0,0,0	64	2202
175174	161	279	265	94	111	37	15	6	1969	237	398	458	242	1	25	2355	356	606	0,0,0,0,0,0	37401	185	87	22966	266	0	22306,20366,20366,12653,12653,12653,12653	1	12	22609,0,0,0,0,0,0	71	2355
175236	138	311	236	87	113	36	18	6	1926	237	402	472	252	1	35	2378	367	572	0,0,0,0,0,0	25501	202	94	23059	267	0	22409,20453,20453,12660,12660,12660,12660	1	4	22702,0,0,0,0,0,0	68	2515
175283	129	310	215	91	111	38	17	6	1903	239	404	482	249	0	35	2369	355	556	0,0,0,0,0,0	25467	186	82	23140	268	0	22501,20532,20532,12668,12668,12668,12668	1	7	22783,0,0,0,0,0,0	70	2668
175310	137	294	217	91	103	34	16	4	1892	241	407	515	315	0	32	2525	347	545	0,0,0,0,0,0	25647	204	93	23232	271	0	22608,20628,20628,12694,12694,12694,12694	1	3	22875,0,0,0,0,0,0	65	2841
175339	149	287	218	88	90	32	18	4	1870	242	409	517	242	2	30	2065	323	559	0,0,0,0,0,0	25588	200	88	23316	276	0	22703,20711,20711,12713,12713,12713,12713	1	3	22959,0,0,0,0,0,0	60	3005
175367	145	302	208	89	80	33	19	4	1843	243	413	518	298	2	22	2150	317	559	0,0,0,0,0,0	25426	183	97	23412	278	0	22811,20807,20807,12739,12739,12739,12739	1	6	23055,0,0,0,0,0,0	57	3159
175433	131	309	203	96	73	28	18	5	1792	244	414	526	263	1	24	2079	295	563	0,0,0,0,0,0	37179	198	83	23494	280	0	22908,20888,20888,12742,12742,12742,12742	1	3	23137,0,0,0,0,0,0	62	3318
175503	130	284	211	103	69	25	21	5	1731	244	420	525	260	0	26	2009	300	543	0,0,0,0,0,0	37103	151	72	23565	281	0	23062,21029,21029,12772,12772,12772,12772	1	3	23208,0,0,0,0,0,0	61	3449
175541	119	277	204	102	72	25	21	4	1712	245	424	531	251	2	29	2141	283	537	0,0,0,0,0,0	25309	164	75	23637	284	0	23228,21184,21184,12821,12821,12821,12821	1	3	23280,0,0,0,0,0,0	62	3579
175509	152	283	196	90	73	23	19	5	1719	247	430	515	240	2	35	2144	277	559	4,0,0,0,0,0	25167	155	85	23758	286	0	23440,21388,21388,12928,12928,12928,12928	1	9	23363,38,0,0,0,0,0	57	3705
175494	178	308	179	99	72	21	17	6	1690	249	433	510	256	0	25	2423	279	595	10,0,0,0,0,0	25487	194	79	23887	289	0	23657,21594,21594,13030,13030,13030,13030	1	4	23436,95,0,0,0,0,0	50	3853
175474	187	343	185	81	72	23	16	6	1673	250	436	475	249	0	23	2304	250	657	15,0,0,0,0,0	25528	178	99	24010	291	0	23871,21799,21799,13132,13132,13132,13132	1	5	23513,142,0,0,0,0,0	49	3999
175459	199	372	193	90	85	24	16	7	1612	250	439	492	265	2	32	2268	251	728	20,0,0,0,0,0	25428	160	129	24165	295	0	24103,22017,22017,13243,13243,13243,13243	1	8	23606,206,0,0,0,0,0	53	4122
175431	221	386	201	99	91	22	16	4	1583	252	440	494	265	3	28	2147	259	777	25,0,0,0,0,0	37183	165	112	24307	297	0	24330,22233,22233,13357,13357,13357,13357	1	8	23676,280,0,0,0,0,0	57	4257
175393	219	407	216	112	91	23	14	3	1572	254	442	527	240	1	33	2041	266	816	30,0,0,0,0,0	37070	127	114	24444	302	0	24544,22439,22439,13471,13471,13471,13471	1	5	23742,354,0,0,0,0,0	56	4359
175348	212	425	249	109	94	21	16	3	1570	254	445	515	268	2	39	2321	291	835	33,0,0,0,0,0	25517	148	140	24586	302	0	24760,22646,22646,13585,13585,13585,13585	1	5	23818,420,0,0,0,0,0	54	4480
175277	231	460	249	113	104	17	14	4	1570	257	450	535	255	1	31	2417	291	897	38,0,0,0,0,0	25494	130	183	24765	308	0	25012,22889,22888,13730,13730,13730,13730	1	14	23896,525,0,0,0,0,0	52	4576
175219	249	484	242	107	121	20	12	5	1573	259	455	528	318	1	39	2267	324	911	41,0,0,0,0,0	25382	137	171	24937	309	0	25274,23141,23140,13873,13873,13873,13873	1	16	23972,621,0,0,0,0,0	51	4683
175154	266	486	261	104	144	21	12	5	1573	261	459	539	252	3	46	2607	388	906	43,0,0,0,0,0	25620	124	166	25102	312	0	25526,23385,23383,14015,14015,14015,14015	1	19	24056,704,0,0,0,0,0	55	4779
175102	263	478	291	125	138	24	14	5	1583	262	461	541	225	2	34	2635	392	941	46,0,0,0,0,0	25719	128	166	25263	317	0	25761,23612,23609,14144,14144,14144,14144	1	11	24120,805,0,0,0,0,0	57	4871
175070	248	479	299	131	147	26	14	5	1602	264	461	538	247	5	45	2421	416	928	49,0,0,0,0,0	37528	111	138	25403	317	0	25978,23821,23818,14255,14255,14255,14255	1	9	24175,890,0,0,0,0,0	62	4951
175006	243	501	297	140	145	27	17	5	1638	264	463	547	261	2	50	2753	464	906	50,0,0,0,0,0	37592	287	156	25555	322	0	26168,24004,24000,14366,14366,14366,14366	1	14	24236,985,0,0,0,0,0	72	5170
174967	248	488	305	152	155	27	18	4	1651	265	466	559	309	1	49	3477	508	885	52,0,0,0,0,0	26586	302	160	25712	326	0	26369,24197,24191,14469,14469,14469,14469	1	7	24292,1088,0,0,0,0,0	66	5402
174863	267	527	310	143	153	33	19	4	1690	267	470	535	258	3	44	3624	521	931	55,0,0,0,0,0	26438	293	198	25906	330	0	26595,24417,24410,14615,14615,14615,14615	1	20	24356,1221,0,0,0,0,0	67	5623
174789	267	555	332	149	162	35	19	5	1691	271	471	551	310	1	50	3767	554	965	58,0,0,0,0,0	26756	278	191	26093	335	0	26824,24637,24629,14746,14746,14746,14746	1	10	24403,1364,0,0,0,0,0	74	5829
174655	301	594	348	141	151	37	22	4	1749	271	473	548	237	1	40	3619	544	1050	61,0,0,0,0,0	26951	281	228	26320	339	0	27081,24889,24879,14924,14924,14924,14924	1	21	24459,1536,0,0,0,0,0	80	6024
174497	361	613	356	145	170	38	21	3	1794	272	476	571	258	2	40	3906	557	1147	65,0,0,0,0,0	26946	282	264	26578	345	0	27374,25176,25165,15133,15133,15133,15133	1	18	24526,1732,0,0,0,0,0	91	6237
174410	354	634	373	165	164	37	24	3	1833	272	477	555	277	2	46	3868	578	1173	67,0,0,0,0,0	38963	274	192	26767	350	0	27594,25391,25377,15270,15270,15270,15270	1	10	24567,1885,0,0,0,0,0	95	6426
174337	345	657	368	166	168	40	25	3	1882	274	481	540	329	2	52	3817	560	1209	70,0,0,0,0,0	38600	607	204	26969	354	0	27910,25705,25686,15452,15452,15452,15452	1	14	24605,2051,0,0,0,0,0	94	6837
174194	379	699	397	165	162	39	26	3	1922	274	486	549	295	4	58	4108	584	1283	71,0,0,0,0,0	26960	613	267	27234	357	0	28297,26090,26067,15704,15704,15704,15704	1	14	24663,2261,0,0,0,0,0	96	7149
173990	425	728	410	174	184	36	27	3	2003	275	491	569	235	1	51	4284	569	1415	74,0,0,0,0,0	27361	651	299	27527	364	0	28706,26496,26471,15993,15993,15993,15993	1	15	24714,2508,0,0,0,0,0	101	7730
173826	431	798	427	188	202	34	30	1	2039	277	493	569	249	3	73	3627	595	1515	76,0,0,0,0,0	27267	628	288	27803	377	0	29095,26884,26854,16253,16253,16253,16253	1	18	24757,2751,0,0,0,0,0	101	8295
173594	452	858	446	210	213	40	31	1	2128	278	495	556	269	3	72	4068	615	1635	78,0,0,0,0,0	26894	586	339	28129	392	0	29527,27316,27282,16569,16569,16569,16569	1	25	24794,3054,0,0,0,0,0	119	8814
173347	501	927	451	217	241	46	32	2	2203	280	499	556	321	2	84	4451	658	1757	80,0,0,0,0,0	27470	622	375	28496	402	0	30000,27787,27748,16914,16914,16914,16914	1	20	24845,3378,0,0,0,0,0	123	9348
173153	526	964	484	214	239	48	31	3	2298	283	503	542	273	5	79	4454	695	1811	81,0,0,0,0,0	39081	615	331	28819	411	0	30424,28210,28167,17212,17212,17212,17212	1	15	24892,3657,0,0,0,0,0	127	9888
172951	541	1005	516	231	273	53	29	4	2351	286	506	524	249	5	71	4700	769	1879	82,0,0,0,0,0	39230	836	350	29166	419	0	30941,28727,28677,17556,17556,17556,17556	2	17	24939,3963,0,0,0,0,0	132	10622
172684	588	1054	553	266	287	54	34	4	2426	286	510	521	251	4	85	5186	837	1999	84,0,0,0,0,0	28285	774	413	29569	432	0	31470,29257,29200,17938,17938,17938,17938	2	25	24981,4334,0,0,0,0,0	131	11294
172353	656	1135	620	281	279	63	37	5	2514	289	514	506	264	6	81	5275	894	2177	86,0,0,0,0,0	28362	820	475	30026	451	0	32154,29945,29880,18430,18430,18430,18430	2	27	25008,4782,0,0,0,0,0	129	12002
172026	682	1218	654	298	297	69	36	4	2657	291	514	517	258	5	102	5807	967	2287	87,0,0,0,0,0	28496	848	454	30473	464	0	32834,30630,30558,18919,18919,18919,18919	2	23	25050,5200,0,0,0,0,0	153	12750
171706	736	1294	669	321	317	68	35	6	2784	294	516	521	261	7	108	6176	1026	2414	88,0,0,0,0,0	28753	833	491	30949	483	0	33511,31313,31231,19404,19404,19404,19404	2	36	25085,5658,0,0,0,0,0	154	13462
171342	785	1447	694	325	306	79	42	4	2906	296	520	499	315	4	100	6650	1059	2619	89,0,0,0,0,0	29172	850	554	31487	502	0	34253,32060,31967,19945,19945,19945,19945	2	30	25127,6169,0,0,0,0,0	153	14178
171036	789	1476	745	393	334	83	43	2	3020	301	524	498	255	7	84	6805	1089	2774	90,0,0,0,0,0	41220	789	502	31974	519	0	34950,32763,32659,20436,20436,20436,20436	2	25	25156,6644,0,0,0,0,0	178	14858
170651	813	1580	807	403	353	89	48	4	3170	302	526	480	325	8	107	6948	1157	2936	90,0,0,0,0,0	41133	846	559	32508	547	0	35754,33576,33460,21016,21016,21016,21016	2	36	25190,7167,0,0,0,0,0	186	15561
170249	845	1663	866	425	367	95	46	4	3351	305	530	459	319	10	142	7439	1282	3025	91,0,0,0,0,0	46420	890	583	33074	564	0	36567,34396,34269,21606,21606,21606,21606	2	33	25214,7725,0,0,0,0,0	183	16294
169926	843	1727	943	431	404	105	44	7	3473	309	534	454	318	6	129	8102	1379	3118	91,0,0,0,0,0	47320	969	572	33630	581	0	37375,35213,35071,22156,22156,22156,22156	3	26	25252,8258,0,0,0,0,0	191	17124
169539	851	1760	965	481	455	116	42	6	3683	312	536	456	304	9	153	8334	1496	3174	92,0,0,0,0,0	47198	863	586	34195	607	0	38214,36063,35906,22751,22751,22751,22751	3	30	25283,8811,0,0,0,0,0	204	17848
169197	853	1775	1023	472	487	122	44	8	3912	315	538	461	315	5	164	9182	1598	3178	92,0,0,0,0,0	47840	867	548	34715	637	0	38995,36856,36685,23296,23296,23296,23296	3	24	25312,9328,0,0,0,0,0	201	18550
168872	852	1815	1052	494	486	128	44	10	4136	317	540	456	320	5	168	10159	1651	3220	93,0,0,0,0,0	48578	896	557	35254	660	0	39783,37658,37469,23840,23840,23840,23840	3	41	25337,9860,0,0,0,0,0	215	19275
168649	789	1809	1076	528	502	133	51	9	4339	318	543	456	309	8	141	9807	1634	3254	93,0,0,0,0,0	72034	890	466	35692	690	0	40455,38348,38141,24277,24277,24277,24277	3	18	25349,10306,0,0,0,0,0	230	20020
168478	728	1770	1092	554	516	135	51	10	4547	321	544	433	301	11	146	9675	1643	3203	94,0,0,0,0,0	72150	656	442	36120	707	0	41161,39072,38844,24707,24707,24707,24707	3	21	25364,10731,0,0,0,0,0	251	20537
168178	779	1751	1106	572	518	140	51	8	4773	324	546	432	266	6	171	9532	1672	3245	94,0,0,0,0,0	48435	598	586	36683	733	0	42008,39939,39690,25273,25273,25273,25273	3	42	25381,11298,0,0,0,0,0	241	20977
167838	861	1720	1126	593	534	153	55	9	4984	327	546	415	231	8	165	10020	1746	3296	95,0,0,0,0,0	48602	687	588	37232	775	0	42889,40839,40571,25870,25870,25870,25870	3	36	25403,11862,0,0,0,0,0	264	21504
167538	913	1777	1099	574	556	152	64	9	5182	331	551	396	233	6	181	10089	1811	3324	95,0,0,0,0,0	48508	641	616	37807	816	0	43728,41704,41411,26432,26432,26432,26432	3	46	25420,12450,0,0,0,0,0	257	22000
167259	926	1774	1098	592	560	149	78	9	5415	332	554	375	238	9	153	10082	1764	3413	95,0,0,0,0,0	48855	665	595	38372	848	0	44560,42561,42242,26982,26982,26982,26982	3	27	25438,13025,0,0,0,0,0	266	22509
166993	941	1814	1087	583	563	162	85	12	5616	336	554	378	270	9	190	9781	1736	3499	96,0,0,0,0,0	48167	622	625	38970	878	0	45423,43453,43104,27541,27541,27541,27541	3	32	25454,13632,0,0,0,0,0	269	22974
166867	892	1780	1096	566	572	163	87	12	5811	344	556	362	295	11	191	9483	1752	3404	96,0,0,0,0,0	71926	628	474	39420	905	0	46143,44203,43825,27963,27963,27963,27963	3	27	25471,14086,0,0,0,0,0	289	23467
166752	810	1787	1090	570	563	166	97	11	5999	344	557	359	310	7	181	8790	1782	3301	96,0,0,0,0,0	71962	894	461	39855	932	0	46837,44932,44525,28380,28380,28380,28380	3	21	25480,14529,0,0,0,0,0	298	24188
166543	819	1819	1107	584	568	173	99	12	6117	348	557	337	246	7	175	9354	1770	3399	96,0,0,0,0,0	47934	843	590	40407	974	0	47596,45734,45295,28904,28904,28904,28904	3	40	25491,15104,0,0,0,0,0	305	24864
166321	849	1806	1109	593	568	182	98	14	6293	354	559	352	269	8	187	9887	1812	3393	96,0,0,0,0,0	48393	904	572	40951	1005	0	48465,46632,46163,29426,29426,29426,29426	3	23	25501,15662,0,0,0,0,0	314	25591
166124	859	1776	1093	601	568	186	102	13	6504	357	563	346	243	7	187	10000	1813	3372	97,0,0,0,0,0	48586	870	555	41479	1033	0	49303,47499,47000,29920,29920,29920,29920	3	33	25516,16196,0,0,0,0,0	315	26277
165939	867	1789	1095	576	566	185	96	15	6683	370	565	360	256	8	170	9885	1754	3420	97,0,0,0,0,0	48276	839	559	42006	1070	0	50120,48348,47817,30400,30400,30400,30400	3	31	25527,16738,0,0,0,0,0	304	26925
165785	863	1755	1157	592	583	183	93	15	6772	379	569	342	310	9	178	10022	1800	3426	97,0,0,0,0,0	48318	904	552	42527	1107	0	50922,49186,48620,30864,30864,30864,30864	3	28	25541,17276,0,0,0,0,0	299	27632
165756	794	1722	1174	588	586	186	94	13	6872	389	572	359	301	10	156	9676	1754	3390	97,0,0,0,0,0	72246	932	460	42965	1130	0	51646,49944,49342,31228,31228,31228,31228	3	29	25553,17719,0,0,0,0,0	297	28368
165731	707	1737	1160	556	586	187	93	16	7007	393	573	362	310	7	173	10212	1741	3285	97,0,0,0,0,0	72456	998	444	43380	1162	0	52500,50835,50198,31651,31651,31651,31651	3	21	25564,18146,0,0,0,0,0	311	29144
165600	742	1719	1160	566	562	172	93	16	7140	401	575	333	303	7	189	10935	1726	3288	97,0,0,0,0,0	49608	1011	548	43910	1182	0	53429,51801,51127,32161,32161,32161,32161	3	29	25573,18681,0,0,0,0,0	301	29917
165510	778	1648	1132	562	563	163	92	21	7296	406	575	334	340	8	155	10757	1679	3259	97,0,0,0,0,0	49576	1027	499	44380	1214	0	54333,52738,52031,32631,32631,32631,32631	3	24	25580,19170,0,0,0,0,0	283	30723
165405	838	1623	1127	577	540	160	94	17	7374	413	578	359	319	8	158	10326	1634	3325	97,0,0,0,0,0	49753	1072	558	44901	1253	0	55280,53725,52979,33133,33133,33133,33133	3	27	25585,19717,0,0,0,0,0	275	31548
165409	800	1637	1079	562	552	158	93	15	7440	419	582	353	259	8	174	9985	1619	3262	98,0,0,0,0,0	49250	1073	475	45359	1274	0	56147,54633,53845,33544,33544,33544,33544	3	20	25593,20183,0,0,0,0,0	277	32371
165350	762	1664	1074	561	539	160	89	19	7523	423	582	375	245	7	172	9565	1618	3231	98,0,0,0,0,0	48213	1075	511	45849	1295	0	57053,55577,54751,34010,34010,34010,34010	3	31	25595,20684,0,0,0,0,0	277	33173
165448	708	1615	1050	541	495	157	91	21	7608	428	584	357	253	7	138	9256	1545	3112	98,0,0,0,0,0	71928	1052	377	46207	1316	0	57830,56394,55528,34333,34333,34333,34333	3	18	25598,21052,0,0,0,0,0	276	33938
165564	637	1551	1055	512	502	151	94	21	7640	434	585	355	333	6	132	9091	1462	3040	98,0,0,0,0,0	71715	1371	367	46552	1338	0	58610,57219,56310,34646,34646,34646,34646	2	18	25601,21410,0,0,0,0,0	275	34978
165593	615	1470	1091	491	517	137	92	22	7693	439	586	343	257	7	165	8842	1467	2946	98,0,0,0,0,0	47720	1447	432	46964	1358	0	59476,58125,57177,35041,35041,35041,35041	2	21	25603,21834,0,0,0,0,0	269	36042
165628	640	1449	1077	472	485	139	87	24	7712	443	590	344	309	7	155	8451	1431	2918	98,0,0,0,0,0	47478	1474	448	47381	1392	0	60382,59076,58085,35443,35443,35443,35443	2	34	25605,22273,0,0,0,0,0	260	37124
165689	637	1428	1038	473	478	136	90	24	7715	448	590	346	216	3	141	8150	1375	2905	98,0,0,0,0,0	47636	1374	416	47783	1409	0	61248,59984,58952,35819,35819,35819,35819	2	16	25610,22682,0,0,0,0,0	249	38144
165758	640	1421	1013	470	467	134	96	21	7683	452	591	363	262	8	155	7428	1357	2884	98,0,0,0,0,0	38743	1322	414	48178	1431	0	62101,60883,59807,36189,36189,36189,36189	2	22	25612,23092,0,0,0,0,0	246	39107
165863	619	1414	989	472	452	135	94	22	7635	457	594	377	236	7	155	7739	1335	2840	98,0,0,0,0,0	38554	1397	401	48554	1457	0	62940,61770,60650,36537,36537,36537,36537	2	18	25617,23485,0,0,0,0,0	250	40141
166006	577	1360	987	467	452	123	88	28	7600	462	596	371	307	10	115	7885	1295	2759	98,0,0,0,0,0	41643	1388	346	48884	1474	0	63712,62586,61424,36831,36831,36831,36831	2	15	25621,23825,0,0,0,0,0	241	41157
166204	517	1280	961	451	437	120	87	29	7592	470	598	387	275	6	144	7875	1232	2621	99,0,0,0,0,0	41260	1115	283	49142	1500	0	64441,63358,62154,37066,37066,37066,37066	2	9	25622,24100,0,0,0,0,0	232	41961
166287	519	1293	896	447	435	119	79	32	7560	479	600	380	247	4	149	8004	1207	2581	99,0,0,0,0,0	39041	1089	406	49530	1520	0	65286,64248,63000,37416,37416,37416,37416	2	26	25624,24500,0,0,0,0,0	226	42729
166429	562	1219	912	432	417	117	82	30	7463	481	602	349	238	6	143	8201	1230	2511	99,0,0,0,0,0	39020	1114	366	49875	1542	0	66119,65126,63834,37725,37725,37725,37725	2	12	25626,24858,0,0,0,0,0	227	43483
166529	575	1193	865	435	397	117	76	28	7439	488	604	371	225	6	112	8289	1208	2450	99,0,0,0,0,0	39603	1104	365	50229	1556	0	66929,65977,64644,38038,38038,38038,38038	2	19	25629,25219,0,0,0,0,0	215	44185
166684	565	1180	847	432	376	115	77	29	7344	491	606	364	282	4	117	7958	1167	2425	99,0,0,0,0,0	39177	1064	346	50559	1574	0	67697,66791,65413,38310,38310,38310,38310	1	13	25629,25562,0,0,0,0,0	213	44859
166796	545	1172	833	408	390	121	74	27	7278	495	607	383	262	4	135	7827	1165	2378	99,0,0,0,0,0	39086	1105	350	50883	1602	0	68470,67607,66189,38604,38604,38604,38604	2	18	25629,25907,0,0,0,0,0	224	45537
167022	515	1097	804	395	379	117	73	29	7209	497	609	374	267	6	106	7371	1083	2297	99,0,0,0,0,0	41010	1129	247	51108	1626	0	69159,68338,66878,38797,38797,38797,38797	1	10	25629,26146,0,0,0,0,0	210	46304
167285	418	1100	778	372	359	116	66	32	7104	502	614	371	306	4	96	6971	1002	2207	99,0,0,0,0,0	40832	910	234	51327	1642	0	69825,69048,67546,38958,38958,38958,38958	1	15	25629,26373,0,0,0,0,0	211	46895
167475	423	1056	759	367	368	112	62	30	6970	509	615	375	226	6	117	6556	997	2150	99,0,0,0,0,0	31569	885	313	51622	1660	0	70543,69812,68266,39180,39180,39180,39180	1	13	25629,26681,0,0,0,0,0	196	47431
167652	452	973	770	364	354	111	55	31	6854	514	616	373	272	5	121	6925	997	2082	99,0,0,0,0,0	31305	885	278	51889	1673	0	71238,70551,68964,39384,39384,39384,39384	1	13	25629,26960,0,0,0,0,0	191	47985
167840	442	935	774	338	311	104	54	29	6782	519	618	378	323	7	103	6758	964	1994	99,0,0,0,0,0	31596	919	262	52140	1685	0	71893,71247,69620,39564,39564,39564,39564	1	20	25629,27219,0,0,0,0,0	176	48561
168047	418	911	760	312	302	99	57	30	6671	519	620	367	343	8	91	6475	890	1969	99,0,0,0,0,0	31359	909	259	52386	1702	0	72514,71911,70244,39725,39725,39725,39725	1	13	25629,27479,0,0,0,0,0	166	49127
168262	394	844	743	325	294	93	54	31	6561	520	625	376	289	4	92	6318	841	1906	99,0,0,0,0,0	25994	886	225	52594	1720	0	73135,72573,70868,39883,39883,39883,39883	1	8	25630,27700,0,0,0,0,0	164	49687
168508	371	794	721	303	274	89	52	24	6457	524	629	374	252	5	68	6464	802	1802	99,0,0,0,0,0	32055	911	193	52774	1734	0	73761,73239,71497,40027,40027,40027,40027	1	12	25631,27889,0,0,0,0,0	150	50299
168755	337	764	682	281	262	84	51	21	6349	528	632	409	348	6	72	6221	743	1718	99,0,0,0,0,0	32138	1229	184	52952	1741	0	74325,73842,72064,40137,40137,40137,40137	1	8	25631,28072,0,0,0,0,0	147	51162
168976	347	750	636	275	236	78	46	22	6215	531	634	425	312	4	94	6430	722	1646	99,0,0,0,0,0	25659	1164	232	53170	1756	0	74921,74483,72665,40272,40272,40272,40272	1	14	25631,28302,0,0,0,0,0	137	51968
169203	332	700	625	263	230	75	47	22	6079	533	637	418	283	3	80	6352	702	1570	99,0,0,0,0,0	25883	1233	181	53341	1767	0	75480,75078,73226,40374,40374,40374,40374	1	10	25631,28482,0,0,0,0,0	136	52812
169461	320	674	628	241	222	74	43	20	5887	536	640	404	270	9	59	6061	650	1552	99,0,0,0,0,0	25335	1255	200	53530	1780	0	76080,75724,73832,40490,40490,40490,40490	1	9	25631,28680,0,0,0,0,0	133	53693
169710	298	665	587	228	232	70	43	19	5711	541	642	419	246	9	63	5735	610	1513	99,0,0,0,0,0	25386	1194	179	53701	1789	0	76668,76353,74425,40605,40605,40605,40605	1	7	25632,28855,0,0,0,0,0	124	54526
169931	268	643	566	211	236	71	41	15	5578	543	643	404	248	0	70	5400	576	1460	99,0,0,0,0,0	25284	1213	154	53851	1796	0	77223,76944,74985,40715,40715,40715,40715	1	7	25632,29009,0,0,0,0,0	120	55366
170160	244	621	551	193	215	72	37	19	5444	545	645	385	231	2	66	5184	556	1377	99,0,0,0,0,0	29471	1260	152	53996	1805	0	77767,77523,75533,40827,40827,40827,40827	1	4	25633,29159,0,0,0,0,0	114	56255
170424	219	589	503	185	214	62	34	20	5297	549	650	413	313	7	57	4976	519	1287	99,0,0,0,0,0	29148	579	130	54123	1810	0	78482,78278,76256,41009,41009,41009,41009	1	6	25633,29290,0,0,0,0,0	119	56649
170690	221	535	472	178	211	61	34	19	5123	550	652	439	276	3	71	4500	507	1205	99,0,0,0,0,0	23522	581	139	54253	1819	0	79200,79034,76982,41194,41194,41194,41194	1	11	25633,29427,0,0,0,0,0	111	57020
170910	208	508	443	160	205	60	32	18	4995	554	653	433	225	2	65	4439	508	1108	99,0,0,0,0,0	23019	579	131	54375	1829	0	79925,79794,77716,41395,41395,41395,41395	1	7	25633,29554,0,0,0,0,0	110	57419
171145	198	492	434	147	196	58	30	14	4818	556	658	425	232	0	65	4422	508	1047	99,0,0,0,0,0	23093	598	127	54491	1840	0	80640,80543,78439,41582,41582,41582,41582	1	9	25633,29679,0,0,0,0,0	106	57817
171402	187	456	391	129	177	51	29	10	4697	558	659	413	244	2	44	3987	429	991	99,0,0,0,0,0	22886	605	106	54589	1848	0	81290,81226,79096,41729,41729,41729,41729	1	5	25633,29782,0,0,0,0,0	105	58240
171626	168	406	390	130	159	48	28	11	4555	559	666	428	240	4	45	3814	393	936	99,0,0,0,0,0	22674	584	98	54682	1853	0	81990,81957,79804,41914,41914,41914,41914	1	7	25633,29878,0,0,0,0,0	94	58638
171885	170	357	364	125	153	37	26	10	4391	560	668	433	237	1	36	3583	357	875	99,0,0,0,0,0	28202	590	93	54770	1858	0	82690,82690,80512,42089,42089,42089,42089	0	1	25633,29969,0,0,0,0,0	83	59056
172115	171	335	317	114	135	35	25	11	4255	562	671	425	99	2	31	3425	319	813	99,0,0,0,0,0	28131	790	91	54856	1864	0	83121,83153,80949,42125,42125,42125,42125	0	4	25633,30059,0,0,0,0,0	76	59592
172311	161	347	286	115	107	34	22	8	4114	566	675	451	294	1	44	3076	313	759	99,0,0,0,0,0	16887	798	105	54959	1867	0	83548,83610,81384,42171,42171,42171,42171	0	5	25633,30165,0,0,0,0,0	67	60150
172509	160	304	275	121	116	33	18	7	3957	570	676	430	239	4	31	2861	308	719	100,0,0,0,0,0	16652	766	80	55032	1874	0	83950,84038,81793,42200,42200,42200,42200	0	5	25633,30242,0,0,0,0,0	67	60717
172713	139	297	270	106	99	29	17	6	3818	573	679	450	314	2	37	2886	290	667	100,0,0,0,0,0	16435	798	66	55096	1876	0	84329,84440,82179,42222,42222,42222,42222	0	4	25633,30307,0,0,0,0,0	55	61260
172917	125	290	260	99	103	30	15	7	3644	574	682	440	230	0	26	2661	262	660	100,0,0,0,0,0	16245	816	77	55166	1883	0	84720,84854,82577,42255,42255,42255,42255	0	5	25633,30382,0,0,0,0,0	51	61819
173123	105	276	254	90	97	25	12	9	3494	575	686	466	242	0	34	2514	233	626	100,0,0,0,0,0	16222	817	55	55217	1887	0	85092,85248,82956,42276,42276,42276,42276	0	3	25633,30437,0,0,0,0,0	44	62399
173341	91	264	247	92	91	25	12	9	3310	575	689	462	288	2	21	2154	211	611	100,0,0,0,0,0	26791	805	64	55276	1892	0	85489,85668,83360,42302,42302,42302,42302	0	5	25633,30501,0,0,0,0,0	47	62967
173523	85	237	240	89	88	24	11	7	3174	576	692	468	224	0	30	2186	221	553	100,0,0,0,0,0	26621	1041	50	55325	1894	0	85861,86056,83737,42321,42321,42321,42321	0	2	25633,30552,0,0,0,0,0	43	63710
173705	81	227	231	72	74	25	9	6	3044	578	694	459	259	1	24	2520	198	521	100,0,0,0,0,0	16133	1068	59	55379	1899	0	86245,86460,84127,42346,42346,42346,42346	0	1	25633,30609,0,0,0,0,0	39	64517
173887	81	211	218	61	68	18	8	5	2913	579	697	468	91	0	13	2229	173	492	100,0,0,0,0,0	16136	1058	54	55429	1903	0	86617,86850,84504,42357,42357,42357,42357	0	2	25633,30662,0,0,0,0,0	28	65297
174063	84	177	207	56	61	15	6	5	2792	579	701	493	262	0	17	2165	158	448	100,0,0,0,0,0	15799	1051	40	55467	1905	0	86987,87237,84880,42371,42371,42371,42371	0	0	25633,30702,0,0,0,0,0	25	66050
174191	76	179	191	54	60	13	6	5	2691	579	701	496	260	1	14	2107	137	442	100,0,0,0,0,0	15795	1043	56	55519	1910	0	87377,87642,85276,42413,42413,42413,42413	0	3	25633,30759,0,0,0,0,0	22	66785
174359	76	168	185	48	53	14	6	5	2546	580	706	500	94	1	17	2033	129	421	100,0,0,0,0,0	15706	1052	43	55561	1911	0	87753,88035,85657,42433,42433,42433,42433	0	4	25633,30801,0,0,0,0,0	22	67524
174525	64	157	176	43	53	15	6	4	2416	580	707	494	141	0	11	1877	116	398	100,0,0,0,0,0	21298	1091	36	55595	1914	0	88134,88430,86043,42455,42455,42455,42455	0	2	25633,30837,0,0,0,0,0	24	68293
174675	55	156	159	48	45	16	6	4	2290	582	710	503	147	0	24	1703	124	361	100,0,0,0,0,0	21066	330	34	55629	1915	0	88675,88987,86591,42566,42566,42566,42566	0	1	25633,30871,0,0,0,0,0	20	68523
174823	56	139	146	47	45	17	6	4	2169	582	712	530	249	1	19	1903	124	332	100,0,0,0,0,0	12709	342	37	55664	1917	0	89215,89542,87138,42673,42673,42673,42673	0	0	25633,30907,0,0,0,0,0	27	68765
174935	58	134	128	42	36	17	7	3	2088	582	716	529	241	1	14	1854	110	312	100,0,0,0,0,0	12701	361	38	55699	1920	0	89764,90103,87695,42798,42798,42798,42798	0	4	25633,30945,0,0,0,0,0	24	69008
175065	53	138	120	42	36	17	6	2	1965	583	719	484	266	0	10	1469	105	307	100,0,0,0,0,0	12633	351	37	55732	1924	0	90317,90670,88255,42917,42917,42917,42917	0	2	25633,30978,0,0,0,0,0	24	69259
175193	47	134	121	39	41	15	7	2	1841	583	723	504	81	0	11	1455	101	303	100,0,0,0,0,0	12079	334	36	55767	1925	0	90849,91216,88795,43030,43030,43030,43030	0	0	25633,31014,0,0,0,0,0	26	69494
175298	40	134	120	32	36	13	7	2	1755	583	726	503	314	1	15	1421	94	288	100,0,0,0,0,0	12067	343	32	55800	1925	0	91384,91761,89336,43151,43151,43151,43151	0	1	25633,31047,0,0,0,0,0	21	69731
175414	44	107	131	26	30	11	8	2	1661	583	729	550	96	0	11	1287	84	273	100,0,0,0,0,0	20603	313	26	55825	1926	0	91937,92327,89898,43285,43285,43285,43285	0	4	25633,31072,0,0,0,0,0	21	69957
175520	50	85	132	25	31	11	8	3	1568	583	730	572	243	1	4	1399	81	261	100,0,0,0,0,0	20886	329	24	55849	1927	0	92092,92491,90056,43188,43188,43188,43188	0	1	25633,31096,0,0,0,0,0	20	70178
175622	36	82	123	19	23	10	8	2	1507	583	731	569	277	1	11	1224	71	230	100,0,0,0,0,0	12188	305	17	55866	1927	0	92234,92642,90202,43087,43087,43087,43087	0	2	25633,31113,0,0,0,0,0	20	70392
175710	37	78	108	18	24	10	8	0	1436	584	733	576	256	0	7	1165	69	214	100,0,0,0,0,0	11915	333	27	55890	1930	0	92389,92806,90360,42985,42985,42985,42985	0	0	25633,31139,0,0,0,0,0	17	70629
175802	37	79	100	18	20	10	8	0	1353	584	735	576	122	1	8	874	59	213	100,0,0,0,0,0	11892	281	26	55915	1932	0	92549,92977,90524,42892,42892,42892,42892	0	3	25633,31166,0,0,0,0,0	19	70823
175891	30	71	97	18	22	8	7	0	1278	585	739	564	112	0	6	741	55	198	100,0,0,0,0,0	11711	282	14	55929	1932	0	92706,93142,90684,42797,42797,42797,42797	0	1	25633,31180,0,0,0,0,0	15	71011
175947	33	70	85	19	19	5	6	1	1232	585	744	579	105	0	6	632	51	186	100,0,0,0,0,0	11657	319	24	55954	1932	0	92866,93309,90848,42717,42717,42717,42717	0	1	25633,31205,0,0,0,0,0	12	71229
176017	38	60	77	19	22	4	6	1	1167	585	750	577	86	0	10	636	57	169	100,0,0,0,0,0	20038	328	20	55973	1933	0	93021,93472,91007,42632,42632,42632,42632	0	1	25633,31224,0,0,0,0,0	13	71451
176097	36	54	74	16	19	5	5	1	1099	586	754	563	103	0	7	773	57	152	100,0,0,0,0,0	20107	168	17	55988	1935	0	93219,93680,91211,42579,42579,42579,42579	0	3	25633,31241,0,0,0,0,0	11	71559
176172	36	55	66	15	19	3	4	2	1032	586	756	574	108	0	3	709	43	155	100,0,0,0,0,0	11600	149	15	56003	1935	0	93419,93887,91416,42520,42520,42520,42520	0	0	25633,31256,0,0,0,0,0	9	71660
176239	28	67	60	18	15	2	4	2	962	586	763	584	93	0	6	549	37	157	100,0,0,0,0,0	11499	160	17	56018	1937	0	93625,94101,91627,42454,42454,42454,42454	0	1	25633,31272,0,0,0,0,0	7	71769
176305	21	65	71	13	14	2	6	2	896	586	765	602	5330	7	7	634	39	153	100,0,0,0,0,0	11235	158	16	56031	1940	0	93808,94291,91816,42390,42390,42390,42390	0	0	25633,31288,0,0,0,0,0	7	71882
176376	13	65	69	16	13	2	5	2	831	587	767	597	2690	3	4	740	44	139	100,0,0,0,0,0	11491	159	13	56042	1942	0	93994,94483,92007,42330,42330,42330,42330	0	0	25633,31300,0,0,0,0,0	7	71988
176422	12	58	64	16	11	2	6	1	795	587	772	604	1417	0	2	709	43	126	100,0,0,0,0,0	11609	177	14	56056	1942	0	94202,94697,92221,42288,42288,42288,42288	0	2	25633,31314,0,0,0,0,0	10	72099
176484	12	53	58	14	10	1	5	1	747	588	773	602	942	2	4	655	38	115	100,0,0,0,0,0	19891	163	10	56063	1945	0	94405,94906,92430,42239,42239,42239,42239	0	1	25633,31322,0,0,0,0,0	10	72198
176533	15	54	49	14	9	1	5	1	702	588	775	596	461	0	3	772	36	111	100,0,0,0,0,0	20052	138	16	56076	1948	0	94634,95141,92666,42214,42214,42214,42214	0	1	25633,31338,0,0,0,0,0	8	72297
176562	19	47	45	15	10	2	5	1	671	588	781	550	2814	2	4	790	35	108	100,0,0,0,0,0	22331	167	19	56096	1948	0	94883,95393,92921,42200,42200,42200,42200	0	1	25633,31358,0,0,0,0,0	7	72398
176612	16	42	45	14	9	2	4	1	629	589	783	562	2869	0	3	595	35	97	100,0,0,0,0,0	22238	153	8	56104	1948	0	95113,95626,93157,42160,42160,42160,42160	0	0	25633,31366,0,0,0,0,0	6	72511
176649	20	33	44	16	8	2	4	1	595	589	785	570	1943	0	4	658	37	90	100,0,0,0,0,0	22236	189	10	56114	1948	0	95340,95857,93391,42133,42133,42133,42133	0	0	25633,31376,0,0,0,0,0	6	72627
176675	20	39	38	13	8	2	4	1	570	589	787	605	1472	1	1	795	31	93	100,0,0,0,0,0	22293	160	12	56124	1950	0	95567,96088,93626,42116,42116,42116,42116	0	0	25633,31387,0,0,0,0,0	7	72730
176716	15	37	36	13	10	2	4	1	532	589	791	593	936	0	4	770	31	86	100,0,0,0,0,0	22193	152	6	56129	1951	0	95794,96317,93859,42090,42090,42090,42090	0	2	25633,31392,0,0,0,0,0	6	72828
176751	17	37	30	10	8	2	3	1	502	590	795	601	2088	1	4	670	28	79	100,0,0,0,0,0	20136	175	13	56141	1952	0	96030,96555,94101,42077,42077,42077,42077	0	0	25633,31405,0,0,0,0,0	5	72933
176801	16	33	29	11	10	2	3	1	452	590	798	606	2428	0	2	645	26	78	100,0,0,0,0,0	19989	135	5	56147	1952	0	96044,96574,94117,41911,41911,41911,41911	0	0	25633,31411,0,0,0,0,0	5	73021
176824	13	33	27	7	7	2	1	2	437	590	803	605	2142	0	5	636	21	69	100,0,0,0,0,0	22170	171	4	56151	1952	0	96068,96601,94144,41758,41758,41758,41758	0	0	25633,31415,0,0,0,0,0	5	73137
176845	11	37	26	7	8	2	1	2	406	590	811	611	1935	1	4	547	22	70	100,0,0,0,0,0	22314	191	7	56158	1952	0	96092,96627,94170,41603,41603,41603,41603	0	0	25633,31422,0,0,0,0,0	6	73249
176881	13	30	26	8	5	1	1	2	375	590	814	625	1394	0	1	513	20	64	100,0,0,0,0,0	22215	158	6	56164	1952	0	96117,96656,94197,41440,41440,41440,41440	0	0	25633,31428,0,0,0,0,0	2	73348
176897	10	33	29	5	4	1	1	2	356	590	818	625	1608	1	1	510	17	66	100,0,0,0,0,0	22022	160	6	56170	1952	0	96133,96673,94215,41285,41285,41285,41285	0	0	25633,31434,0,0,0,0,0	2	73458
176917	9	26	29	7	6	1	1	1	339	590	820	645	2006	0	0	411	18	61	100,0,0,0,0,0	22113	150	6	56175	1953	0	96149,96691,94233,41126,41126,41126,41126	0	0	25633,31439,0,0,0,0,0	2	73549
176940	10	23	31	4	6	1	0	1	314	591	825	640	2099	0	0	255	11	64	100,0,0,0,0,0	19881	189	7	56183	1953	0	96165,96709,94251,40967,40967,40967,40967	0	0	25633,31447,0,0,0,0,0	1	73676
176950	12	19	28	7	6	1	0	1	303	591	828	625	1879	0	3	255	12	61	100,0,0,0,0,0	19813	125	8	56191	1953	0	96180,96726,94268,40821,40821,40821,40821	0	0	25633,31455,0,0,0,0,0	1	73755
176956	11	20	27	5	4	2	0	1	296	591	833	612	1597	0	4	140	15	54	100,0,0,0,0,0	21741	95	6	56197	1953	0	96197,96745,94288,40672,40672,40672,40672	0	0	25633,31461,0,0,0,0,0	1	73813
176973	9	18	24	5	4	2	1	1	281	591	837	625	1642	0	1	135	13	50	100,0,0,0,0,0	21851	102	4	56199	1955	0	96212,96761,94304,40509,40509,40509,40509	0	0	25633,31464,0,0,0,0,0	2	73871
176992	9	16	25	3	4	1	1	1	264	591	839	637	1816	0	2	134	11	48	100,0,0,0,0,0	21758	109	5	56204	1955	0	96206,96757,94300,40337,40337,40337,40337	0	0	25633,31469,0,0,0,0,0	2	73931
177006	8	17	19	2	4	1	1	1	256	591	840	640	1964	0	1	75	10	42	100,0,0,0,0,0	21720	118	4	56208	1955	0	96205,96758,94302,40176,40176,40176,40176	0	0	25633,31473,0,0,0,0,0	2	74006
177018	3	22	16	2	4	1	0	2	245	591	842	641	1960	0	2	71	11	37	100,0,0,0,0,0	21566	125	3	56211	1955	0	96207,96762,94306,40014,40014,40014,40014	0	0	25633,31476,0,0,0,0,0	2	74094
177032	2	22	14	3	3	1	0	1	231	591	846	636	1749	0	0	66	7	38	100,0,0,0,0,0	19591	114	6	56217	1955	0	96230,96786,94332,39867,39867,39867,39867	0	0	25633,31482,0,0,0,0,0	2	74172
177040	3	20	13	5	5	1	0	1	215	591	852	635	1815	0	3	67	10	37	100,0,0,0,0,0	19671	83	5	56222	1955	0	96189,96746,94292,39687,39687,39687,39687	0	0	25633,31487,0,0,0,0,0	2	74219
177047	4	12	18	4	6	1	0	1	203	591	859	640	1923	0	2	68	10	35	100,0,0,0,0,0	21668	88	3	56225	1955	0	96132,96691,94236,39495,39495,39495,39495	0	0	25633,31490,0,0,0,0,0	1	74267
177055	5	10	18	3	3	1	0	1	197	591	862	639	1850	0	2	168	9	31	100,0,0,0,0,0	21782	85	3	56228	1955	0	96072,96632,94177,39290,39290,39290,39290	0	0	25633,31493,0,0,0,0,0	1	74316
177074	7	7	15	3	3	1	0	0	180	591	865	634	1941	0	1	200	7	29	100,0,0,0,0,0	21731	89	3	56231	1955	0	96017,96578,94123,39085,39085,39085,39085	0	0	25633,31496,0,0,0,0,0	1	74369
177086	4	12	12	1	3	1	0	0	168	591	868	622	1811	0	1	168	5	28	100,0,0,0,0,0	21745	84	2	56232	1956	0	95966,96529,94073,38893,38893,38893,38893	0	1	25633,31497,0,0,0,0,0	1	74414
177092	2	10	14	1	4	0	0	0	163	591	869	610	1901	0	1	165	5	26	100,0,0,0,0,0	21987	78	0	56232	1956	0	95923,96486,94032,38704,38704,38704,38704	0	0	25633,31497,0,0,0,0,0	1	74460
177091	2	9	11	1	4	0	0	0	160	591	877	638	1747	0	2	161	5	22	100,0,0,0,0,0	19583	60	3	56234	1957	0	95876,96439,93986,38521,38521,38521,38521	0	0	25633,31500,0,0,0,0,0	2	74497
177094	1	11	15	0	4	0	0	0	151	591	879	634	1841	1	0	248	5	26	100,0,0,0,0,0	19943	93	5	56239	1957	0	95819,96383,93930,38332,38332,38332,38332	0	0	25633,31505,0,0,0,0,0	3	74552
177095	2	11	13	0	4	0	0	0	146	591	884	630	1867	1	1	247	4	26	100,0,0,0,0,0	22037	86	5	56243	1958	0	95764,96329,93876,38149,38149,38149,38149	0	1	25633,31510,0,0,0,0,0	3	74598
177097	3	9	12	1	4	0	0	0	138	591	891	658	1865	1	1	249	6	23	100,0,0,0,0,0	21970	73	2	56245	1958	0	95704,96269,93816,37948,37948,37948,37948	0	1	25633,31512,0,0,0,0,0	2	74645
177098	5	8	10	1	4	0	0	0	132	591	897	645	1810	0	0	249	5	23	100,0,0,0,0,0	22126	81	5	56250	1958	0	95652,96217,93766,37763,37763,37763,37763	0	1	25633,31517,0,0,0,0,0	2	74691
177106	5	9	9	2	4	0	0	0	121	591	899	668	1767	0	0	159	6	23	100,0,0,0,0,0	22030	97	3	56253	1958	0	95589,96154,93704,37570,37570,37570,37570	0	1	25633,31520,0,0,0,0,0	1	74739
177111	5	7	11	2	3	1	0	0	111	591	904	663	1804	1	0	116	6	23	100,0,0,0,0,0	21788	92	1	56254	1958	0	95524,96090,93640,37372,37372,37372,37372	0	0	25633,31521,0,0,0,0,0	1	74793
177114	4	9	8	1	2	1	0	0	107	591	909	650	1880	2	1	116	7	18	100,0,0,0,0,0	19748	78	1	56255	1958	0	95462,96028,93580,37182,37182,37182,37182	0	0	25633,31522,0,0,0,0,0	2	74837
177116	4	9	8	1	0	1	0	0	104	591	912	656	1811	0	0	117	5	18	100,0,0,0,0,0	19609	86	3	56258	1958	0	95401,95968,93520,37000,37000,37000,37000	0	1	25633,31525,0,0,0,0,0	1	74884
177122	4	8	6	0	1	1	0	0	100	591	913	639	1765	1	0	117	3	17	100,0,0,0,0,0	21851	70	2	56259	1959	0	95345,95911,93464,36815,36815,36815,36815	0	0	25633,31526,0,0,0,0,0	1	74924
177121	2	7	7	1	0	1	0	0	96	591	920	634	1809	0	1	26	4	14	100,0,0,0,0,0	21785	82	0	56259	1959	0	95285,95851,93406,36633,36633,36633,36633	0	0	25633,31526,0,0,0,0,0	1	74975
177123	2	5	8	1	1	1	0	0	89	591	925	620	1842	0	0	27	4	14	100,0,0,0,0,0	21691	84	0	56259	1959	0	95219,95785,93341,36446,36446,36446,36446	0	0	25633,31526,0,0,0,0,0	1	75019
177124	2	5	5	1	2	1	0	0	87	591	928	619	1821	0	1	26	5	11	100,0,0,0,0,0	21635	73	1	56260	1959	0	95160,95724,93283,36263,36263,36263,36263	0	0	25633,31527,0,0,0,0,0	1	75053
177127	3	5	2	1	2	1	0	0	82	591	932	631	1818	0	0	23	4	10	100,0,0,0,0,0	21626	73	1	56261	1959	0	95096,95660,93220,36077,36077,36077,36077	0	0	25633,31528,0,0,0,0,0	1	75090
177126	2	5	1	1	1	1	0	0	81	591	937	639	1767	0	1	21	4	7	100,0,0,0,0,0	19584	64	0	56261	1959	0	95043,95607,93168,35899,35899,35899,35899	0	0	25633,31528,0,0,0,0,0	1	75132
177127	0	5	3	1	1	1	0	0	76	591	941	625	1834	0	0	20	3	8	100,0,0,0,0,0	19407	74	1	56262	1959	0	94975,95539,93101,35726,35726,35726,35726	0	0	25633,31529,0,0,0,0,0	1	75171
177128	0	4	3	0	2	1	0	0	72	591	945	592	1821	0	1	23	3	7	100,0,0,0,0,0	21651	74	0	56262	1959	0	94893,95457,93020,35539,35539,35539,35539	0	0	25633,31529,0,0,0,0,0	1	75214
177127	0	1	5	1	1	1	0	0	70	591	949	616	1862	0	0	20	1	8	100,0,0,0,0,0	21792	76	0	56262	1959	0	94809,95372,92936,35351,35351,35351,35351	0	0	25633,31529,0,0,0,0,0	1	75254
177128	1	2	4	1	1	1	0	0	66	591	951	625	1824	1	1	16	2	8	100,0,0,0,0,0	21859	73	2	56264	1959	0	94725,95288,92854,35168,35168,35168,35168	0	0	25633,31531,0,0,0,0,0	1	75290
177131	1	2	2	0	1	1	0	0	64	591	953	621	1716	0	0	17	2	5	100,0,0,0,0,0	21748	83	0	56264	1959	0	94645,95208,92774,34987,34987,34987,34987	0	0	25633,31531,0,0,0,0,0	1	75333
177135	0	2	2	1	0	1	0	0	57	591	957	635	1806	0	0	34	1	5	100,0,0,0,0,0	21718	74	0	56264	1959	0	94569,95132,92699,34803,34803,34803,34803	0	0	25633,31531,0,0,0,0,0	1	75371
177135	0	3	2	1	0	1	0	0	55	591	958	597	1737	0	0	34	1	6	100,0,0,0,0,0	19602	78	1	56265	1959	0	94494,95057,92624,34621,34621,34621,34621	0	0	25633,31532,0,0,0,0,0	1	75413
177133	1	4	1	1	0	1	0	0	53	591	961	583	1874	0	0	33	1	7	100,0,0,0,0,0	19529	62	2	56267	1959	0	94410,94973,92541,34453,34453,34453,34453	0	0	25633,31534,0,0,0,0,0	1	75453
177131	1	3	1	2	0	1	0	0	51	591	965	577	1819	0	0	33	1	7	100,0,0,0,0,0	21476	68	0	56267	1959	0	94324,94887,92456,34280,34280,34280,34280	0	0	25633,31534,0,0,0,0,0	1	75492
177130	2	3	2	1	0	1	0	0	47	591	969	624	1816	0	0	30	1	8	100,0,0,0,0,0	21552	197	2	56269	1959	134	94234,94795,92366,34102,34102,34102,34102	0	0	25633,31536,0,0,0,0,0	1	75520
177124	1	3	2	2	0	1	0	0	46	591	976	617	1798	0	0	30	0	9	100,0,0,0,0,0	21814	190	1	56270	1959	262	94178,94738,92311,33994,33994,33994,33994	0	0	25633,31537,0,0,0,0,0	1	75554
177125	0	3	2	2	0	0	0	0	44	591	979	579	1754	0	2	31	3	4	100,0,0,0,0,0	21709	182	0	56270	1959	377	94120,94680,92254,33885,33885,33885,33885	0	0	25633,31537,0,0,0,0,0	0	75586
177125	0	3	1	3	0	0	0	0	41	591	982	581	1794	0	0	30	2	5	100,0,0,0,0,0	21607	191	1	56271	1959	502	94055,94615,92190,33762,33762,33762,33762	0	0	25633,31538,0,0,0,0,0	0	75625
177123	0	4	1	2	0	0	0	0	38	591	987	608	1822	0	0	30	2	5	100,0,0,0,0,0	19567	195	1	56272	1959	633	93993,94553,92128,33645,33645,33645,33645	0	0	25633,31539,0,0,0,0,0	0	75656
177125	0	3	2	2	0	0	0	0	33	591	990	607	1906	0	0	5	2	5	100,0,0,0,0,0	19736	186	0	56272	1959	774	93942,94502,92079,33551,33551,33551,33551	0	0	25633,31539,0,0,0,0,0	0	75678
177127	0	1	2	1	1	0	0	0	30	591	993	580	1759	0	0	6	1	4	100,0,0,0,0,0	21778	199	0	56272	1959	903	93888,94447,92025,33454,33454,33454,33454	0	0	25633,31539,0,0,0,0,0	0	75719
177126	1	1	2	0	1	0	0	0	28	591	996	588	1810	0	1	7	1	4	100,0,0,0,0,0	21714	275	1	56273	1959	1106	93820,94378,91958,33343,33343,33343,33343	0	0	25633,31540,0,0,0,0,0	0	75763
177128	1	0	2	0	1	0	0	0	26	591	997	573	1783	0	0	9	0	4	100,0,0,0,0,0	21460	264	0	56273	1959	1304	93774,94333,91913,33276,33276,33276,33276	0	0	25633,31540,0,0,0,0,0	0	75799
177127	1	0	2	0	1	0	0	0	23	591	1001	579	1783	0	0	9	0	4	100,0,0,0,0,0	21578	316	0	56273	1959	1537	93731,94289,91872,33211,33211,33211,33211	0	0	25633,31540,0,0,0,0,0	0	75843
177127	1	0	2	0	0	0	0	0	20	591	1005	572	1808	0	0	9	0	3	100,0,0,0,0,0	21497	273	0	56273	1959	1735	93698,94256,91840,33159,33159,33159,33159	0	0	25633,31540,0,0,0,0,0	0	75883
177127	0	1	2	0	0	0	0	0	18	591	1007	577	1773	0	0	10	0	3	100,0,0,0,0,0	19235	255	0	56273	1959	1920	93654,94211,91797,33093,33093,33093,33093	0	0	25633,31540,0,0,0,0,0	0	75926
177124	0	1	1	0	0	0	0	0	18	591	1011	606	1827	0	0	4	0	2	100,0,0,0,0,0	19513	254	0	56273	1959	2129	93605,94162,91749,33031,33031,33031,33031	0	0	25633,31540,0,0,0,0,0	0	75952
177123	0	1	1	0	0	0	0	0	16	591	1014	612	1858	0	0	4	0	2	100,0,0,0,0,0	21748	281	0	56273	1959	2346	93563,94120,91708,32976,32976,32976,32976	0	0	25633,31540,0,0,0,0,0	0	75980
177118	0	1	1	0	0	0	0	0	14	591	1021	612	1760	0	0	4	0	2	100,0,0,0,0,0	21660	233	0	56273	1959	2509	93522,94078,91669,32924,32924,32924,32924	0	0	25633,31540,0,0,0,0,0	0	76009
177118	0	1	0	0	0	0	0	0	14	591	1022	622	1883	0	0	4	0	1	100,0,0,0,0,0	21913	230	0	56273	1959	2685	93467,94023,91615,32849,32849,32849,32849	0	0	25633,31540,0,0,0,0,0	0	76033
177115	0	0	0	1	0	0	0	0	13	591	1026	617	1766	0	0	4	0	1	100,0,0,0,0,0	21514	229	0	56273	1959	2855	93420,93974,91568,32785,32785,32785,32785	0	0	25633,31540,0,0,0,0,0	0	76066
177109	0	0	0	0	0	1	0	0	13	591	1032	633	1772	0	1	1	1	0	100,0,0,0,0,0	21847	227	0	56273	1959	3030	93369,93922,91518,32718,32718,32718,32718	0	0	25633,31540,0,0,0,0,0	0	76094
177105	0	0	0	0	0	1	0	0	11	591	1038	607	1877	0	0	1	1	0	100,0,0,0,0,0	19369	231	0	56273	1959	3191	93325,93877,91475,32657,32657,32657,32657	0	0	25633,31540,0,0,0,0,0	1	76129
177100	0	0	0	0	0	1	0	0	11	591	1043	625	1753	0	0	2	1	0	100,0,0,0,0,0	19545	268	0	56273	1959	3360	93273,93824,91423,32602,32602,32602,32602	0	0	25633,31540,0,0,0,0,0	1	76176
177100	0	0	0	0	0	1	0	0	11	591	1043	650	1902	0	0	2	1	0	100,0,0,0,0,0	21728	245	0	56273	1959	3538	93218,93770,91370,32540,32540,32540,32540	0	0	25633,31540,0,0,0,0,0	1	76211
177097	0	0	0	0	0	1	0	0	10	591	1047	653	1811	0	0	2	1	0	100,0,0,0,0,0	21690	360	0	56273	1959	3807	93159,93709,91312,32480,32480,32480,32480	0	0	25633,31540,0,0,0,0,0	1	76252
177095	0	0	0	0	0	1	0	0	9	591	1050	652	1766	0	0	3	1	0	100,0,0,0,0,0	21718	372	0	56273	1959	4102	93123,93672,91276,32469,32469,32469,32469	0	0	25633,31540,0,0,0,0,0	1	76289
177090	0	0	0	0	0	1	0	0	8	591	1056	678	1854	0	0	3	1	0	100,0,0,0,0,0	21495	387	0	56273	1959	4392	93104,93651,91258,32481,32481,32481,32481	0	0	25633,31540,0,0,0,0,0	1	76336
177085	0	0	0	0	0	1	0	0	7	591	1062	658	1826	0	0	4	1	0	100,0,0,0,0,0	21717	372	0	56273	1959	4681	93078,93625,91234,32485,32485,32485,32485	0	0	25633,31540,0,0,0,0,0	1	76382
177041	19	20	0	0	0	1	0	0	7	591	1067	647	1807	1	0	4	1	39	2,97,0,0,0,0	19643	321	0	56309	1962	4919	93088,93633,91245,32530,32530,32530,32530	0	0	25633,31540,39,0,0,0,0	1	76411
176993	46	27	4	0	3	1	0	0	7	591	1074	664	1864	0	0	5	2	79	1,98,0,0,0,0	19706	471	4	56346	1966	5185	93099,93644,91257,32579,32579,32579,32579	0	0	25633,31540,80,0,0,0,0	1	76502
176959	52	46	9	1	3	1	0	0	7	591	1077	654	1747	2	2	3	3	109	0,99,0,0,0,0	21582	457	5	56375	1968	5445	93098,93644,91258,32619,32619,32619,32619	0	1	25633,31540,111,0,0,0,0	2	76594
176919	56	67	15	1	5	1	0	0	10	591	1081	681	1824	3	0	10	6	139	0,99,0,0,0,0	10092	485	8	56405	1975	5753	93087,93633,91249,32661,32661,32661,32661	0	0	25633,31540,148,0,0,0,0	1	76682
176862	67	94	26	2	5	1	0	0	12	591	1086	711	1801	1	2	19	11	184	0,99,0,0,0,0	10229	490	17	56453	1979	6054	93101,93645,91263,32731,32731,32731,32731	0	0	25633,31540,200,0,0,0,0	1	76758
176808	76	113	35	8	7	1	0	0	17	591	1090	713	1855	2	1	81	14	226	0,99,0,0,0,0	10432	459	24	56499	1986	6330	93121,93664,91285,32805,32805,32805,32805	0	1	25633,31540,253,0,0,0,0	2	76834
176760	73	128	52	9	11	1	0	0	24	591	1097	679	1842	0	1	91	17	257	0,99,0,0,0,0	10243	500	43	56540	1988	6634	93133,93675,91297,32863,32863,32863,32863	0	1	25633,31540,296,0,0,0,0	2	76909
176722	62	133	73	9	16	1	0	0	38	591	1101	709	1980	1	3	95	19	275	0,99,0,0,0,0	19505	514	35	56571	1992	6956	93145,93686,91311,32929,32929,32929,32929	0	1	25633,31541,330,0,0,0,0	3	76993
176685	60	135	81	15	20	1	0	0	54	591	1104	720	1898	0	8	129	25	287	0,99,0,0,0,0	19514	386	38	56600	2001	7258	93177,93718,91345,33019,33019,33019,33019	0	2	25633,31541,368,0,0,0,0	3	77022
176638	54	143	103	16	21	1	1	0	71	591	1107	721	1810	1	9	248	39	300	0,99,0,0,0,0	10410	407	48	56642	2007	7565	93225,93764,91394,33116,33116,33116,33116	0	2	25633,31541,416,0,0,0,0	2	77064
176571	66	145	113	22	29	0	1	0	94	591	1114	702	1841	2	5	312	49	327	0,99,0,0,0,0	10463	395	62	56697	2014	7852	93280,93819,91451,33227,33227,33227,33227	0	2	25633,31541,478,0,0,0,0	2	77089
176517	86	138	115	25	28	0	1	0	127	591	1118	736	1823	0	10	338	61	332	0,99,0,0,0,0	10602	385	57	56748	2020	8145	93323,93862,91495,33318,33318,33318,33318	0	2	25633,31541,535,0,0,0,0	3	77118
176467	85	152	124	18	29	1	3	0	152	591	1124	734	1816	2	8	384	70	342	0,99,0,0,0,0	10623	340	53	56800	2022	8402	93368,93905,91542,33410,33410,33410,33410	0	1	25633,31541,589,0,0,0,0	2	77141
176426	80	154	132	24	33	1	3	0	175	591	1127	743	2050	1	14	610	81	346	0,99,0,0,0,0	10740	360	50	56845	2028	8685	93399,93935,91576,33476,33476,33476,33476	0	2	25633,31541,640,0,0,0,0	5	77160
176391	80	159	132	23	28	2	3	1	205	591	1131	733	1871	4	7	652	78	349	0,99,0,0,0,0	20145	381	49	56891	2031	8968	93438,93974,91617,33556,33556,33556,33556	0	7	25633,31541,689,0,0,0,0	3	77190
176362	72	147	148	25	28	2	3	1	228	591	1139	703	1858	3	4	634	80	345	0,99,0,0,0,0	20172	309	33	56921	2034	9226	93437,93972,91619,33616,33616,33616,33616	0	3	25633,31541,721,0,0,0,0	6	77192
176286	82	176	138	25	26	2	3	1	276	591	1140	718	1756	7	5	676	78	374	0,99,0,0,0,0	10839	341	82	56993	2045	9520	93473,94007,91656,33716,33716,33716,33716	0	4	25633,31541,804,0,0,0,0	5	77184
176222	97	190	131	23	26	2	1	2	318	592	1142	726	2026	3	7	775	78	392	0,99,0,0,0,0	10938	335	72	57056	2054	9785	93503,94035,91689,33815,33815,33815,33815	0	4	25633,31541,876,0,0,0,0	3	77202
176155	104	198	148	24	26	2	1	2	348	592	1146	772	1881	2	9	789	86	417	0,99,0,0,0,0	10979	323	72	57121	2062	10061	93527,94057,91714,33902,33902,33902,33902	0	7	25633,31541,949,0,0,0,0	3	77194
176102	97	204	154	22	27	2	1	2	388	592	1155	760	1851	5	9	786	88	419	0,99,0,0,0,0	10965	292	65	57180	2069	10298	93557,94086,91747,33990,33990,33990,33990	0	5	25633,31541,1015,0,0,0,0	3	77207
176040	101	219	163	30	29	3	1	2	405	592	1161	767	1836	4	5	961	90	456	0,99,0,0,0,0	11234	362	80	57252	2078	10599	93582,94111,91775,34069,34069,34069,34069	0	3	25633,31541,1096,0,0,0,0	4	77210
175973	107	224	168	31	31	2	2	2	445	592	1169	752	1996	2	11	1074	94	471	0,99,0,0,0,0	20615	310	69	57317	2082	10868	93624,94152,91819,34180,34180,34180,34180	0	6	25633,31542,1164,0,0,0,0	4	77202
175914	113	231	184	32	31	2	2	1	472	592	1172	706	2050	10	11	974	103	492	0,99,0,0,0,0	20550	301	79	57384	2094	11117	93662,94188,91860,34298,34298,34298,34298	0	5	25633,31542,1243,0,0,0,0	6	77208
175848	121	240	184	35	32	2	2	1	514	592	1175	735	2001	5	8	1011	103	513	0,99,0,0,0,0	11387	308	85	57459	2105	11376	93690,94217,91892,34395,34395,34395,34395	0	2	25633,31542,1329,0,0,0,0	4	77199
175776	144	236	185	36	35	2	2	1	553	592	1184	772	2024	4	13	1118	104	536	0,100,0,0,0,0	11457	309	96	57546	2114	11649	93731,94258,91939,34509,34509,34509,34509	0	1	25633,31542,1424,0,0,0,0	4	77185
175724	142	247	199	33	39	2	2	1	573	592	1192	743	1994	4	14	1267	110	554	0,100,0,0,0,0	11542	303	88	57626	2122	11901	93769,94293,91980,34621,34621,34621,34621	0	1	25633,31542,1512,0,0,0,0	3	77181
175647	142	274	208	32	38	4	2	1	609	592	1197	762	2000	3	16	1312	116	584	0,100,0,0,0,0	11677	291	100	57713	2135	12150	93819,94342,92034,34739,34739,34739,34739	0	6	25633,31542,1612,0,0,0,0	5	77171
175556	164	302	212	43	36	4	2	1	630	592	1204	763	1973	5	16	1363	135	628	0,100,0,0,0,0	11640	281	126	57825	2150	12378	93879,94400,92099,34868,34868,34868,34868	0	8	25633,31542,1738,0,0,0,0	7	77151
175471	181	306	213	46	43	3	2	1	682	593	1205	736	2006	7	8	1252	119	675	0,100,0,0,0,0	20927	303	113	57927	2161	12633	93920,94440,92143,34977,34977,34977,34977	0	7	25633,31542,1851,0,0,0,0	5	77125
175407	164	334	239	43	46	2	2	1	704	593	1211	747	2036	5	21	1404	147	683	0,100,0,0,0,0	20616	299	100	58015	2176	12882	94001,94517,92230,35134,35134,35134,35134	0	6	25633,31542,1954,0,0,0,0	6	77112
175305	175	374	267	42	40	4	1	2	726	593	1217	732	2032	11	15	1469	154	749	0,100,0,0,0,0	11701	300	141	58135	2198	13123	94093,94607,92328,35303,35303,35303,35303	0	5	25633,31542,2094,0,0,0,0	5	77103
175183	199	382	282	51	54	5	1	2	770	593	1224	729	1947	8	11	1487	161	813	0,100,0,0,0,0	11837	262	148	58266	2219	13341	94180,94693,92421,35465,35465,35465,35465	0	8	25633,31542,2246,0,0,0,0	8	77072
175060	218	399	297	58	57	5	1	2	826	593	1230	742	1809	8	18	1494	178	857	0,100,0,0,0,0	11758	269	154	58405	2236	13566	94279,94790,92525,35635,35635,35635,35635	0	9	25633,31542,2401,0,0,0,0	10	77049
174903	231	450	305	63	67	7	2	2	886	593	1237	717	1956	6	20	1540	176	949	0,100,0,0,0,0	11696	247	187	58573	2255	13768	94408,94916,92659,35841,35841,35841,35841	0	7	25633,31542,2588,0,0,0,0	12	77017
174763	260	464	339	67	69	8	1	2	941	593	1239	741	2085	14	23	1429	179	1029	0,100,0,0,0,0	11761	273	187	58735	2281	13988	94524,95029,92782,36029,36029,36029,36029	0	7	25633,31542,2775,0,0,0,0	14	76989
174651	264	470	375	73	66	8	1	2	999	593	1244	750	2041	10	21	1598	199	1058	0,100,0,0,0,0	21165	267	160	58878	2298	14209	94621,95125,92885,36204,36204,36204,36204	0	6	25633,31542,2934,0,0,0,0	14	76949
174521	276	497	407	70	74	9	1	2	1048	593	1248	723	1935	8	28	1797	224	1110	0,100,0,0,0,0	21197	273	183	59040	2321	14447	94714,95218,92985,36390,36390,36390,36390	0	5	25633,31542,3118,0,0,0,0	20	76894
174363	293	543	406	77	77	9	2	1	1130	593	1252	736	2005	10	23	1831	233	1174	0,100,0,0,0,0	12065	264	212	59214	2359	14675	94837,95339,93114,36600,36600,36600,36600	0	14	25633,31542,3329,0,0,0,0	19	76849
174176	326	610	416	78	75	9	3	0	1202	593	1258	764	1993	8	29	1943	246	1271	0,100,0,0,0,0	12274	297	242	59416	2399	14942	94965,95466,93250,36831,36831,36831,36831	1	7	25633,31542,3570,0,0,0,0	22	76788
173996	332	649	468	84	75	6	3	0	1277	593	1263	739	1945	9	25	1952	257	1360	0,100,0,0,0,0	12295	280	240	59630	2426	15180	95111,95610,93404,37073,37073,37073,37073	1	11	25633,31542,3811,0,0,0,0	18	76734
173799	370	691	507	75	83	7	5	0	1347	593	1269	755	2044	8	21	2182	256	1482	0,100,0,0,0,0	12391	276	266	59866	2457	15413	95264,95763,93565,37329,37329,37329,37329	1	9	25633,31542,4078,0,0,0,0	14	76658
173578	420	721	555	88	89	6	4	0	1417	594	1274	722	2020	18	28	2268	266	1617	0,100,0,0,0,0	12353	280	306	60140	2490	15657	95455,95952,93764,37607,37607,37607,37607	1	7	25633,31542,4382,0,0,0,0	17	76586
173389	428	740	593	95	94	6	8	0	1518	594	1281	722	1847	14	39	2386	292	1672	0,100,0,0,0,0	21579	297	260	60369	2522	15913	95601,96097,93918,37860,37860,37860,37860	1	7	25633,31542,4641,0,0,0,0	22	76492
173186	426	804	596	102	97	6	7	0	1638	595	1289	722	2028	16	32	2663	341	1697	0,100,0,0,0,0	21736	303	272	60613	2551	16176	95751,96247,94076,38138,38138,38138,38138	1	16	25633,31542,4912,0,0,0,0	30	76390
172943	471	849	655	102	104	5	6	0	1720	596	1295	696	1854	11	38	2743	390	1802	0,100,0,0,0,0	13281	288	335	60903	2597	16433	95956,96450,94291,38458,38458,38458,38458	1	16	25633,31542,5245,0,0,0,0	23	76307
172725	512	876	703	114	111	7	7	0	1793	597	1301	703	1988	17	29	2851	392	1938	0,100,0,0,0,0	13030	296	334	61196	2641	16689	96152,96647,94499,38765,38765,38765,38765	1	11	25633,31542,5580,0,0,0,0	20	76209
172466	538	941	729	134	115	6	6	0	1907	598	1306	724	1982	6	35	3162	400	2069	0,100,0,0,0,0	13348	298	360	61518	2682	16939	96371,96866,94729,39107,39107,39107,39107	1	13	25633,31542,5942,0,0,0,0	21	76100
172180	568	1030	792	140	121	5	9	0	1996	598	1307	715	1857	15	46	3210	433	2232	0,100,0,0,0,0	13676	316	414	61884	2733	17216	96620,97115,94991,39485,39485,39485,39485	1	18	25633,31542,6356,0,0,0,0	31	75958
171893	593	1088	820	152	146	7	11	0	2128	598	1310	699	1951	20	45	3246	451	2366	0,100,0,0,0,0	13805	330	411	62241	2788	17504	96874,97368,95257,39869,39869,39869,39869	1	19	25633,31542,6767,0,0,0,0	40	75828
171605	610	1138	863	146	157	9	11	1	2288	599	1319	669	2035	28	54	3186	459	2475	0,100,0,0,0,0	22539	290	396	62593	2833	17758	97118,97612,95513,40258,40258,40258,40258	1	24	25633,31542,7162,0,0,0,0	45	75688
171397	573	1165	924	162	159	12	10	1	2413	601	1329	687	1974	24	71	3533	516	2489	0,100,0,0,0,0	22501	300	350	62906	2872	18007	97316,97808,95724,40569,40569,40569,40569	1	20	25633,31542,7512,0,0,0,0	51	75562
171045	636	1250	912	168	170	12	13	1	2603	602	1334	675	2060	22	51	4189	539	2622	0,100,0,0,0,0	14316	295	480	63332	2931	18272	97607,98100,96030,40995,40995,40995,40995	2	20	25633,31542,7995,0,0,0,0	55	75394
170682	689	1296	967	189	204	10	11	1	2757	604	1336	692	1959	23	49	4574	569	2797	0,100,0,0,0,0	14831	275	503	63770	2997	18521	97914,98405,96349,41444,41444,41444,41444	2	23	25633,31542,8497,0,0,0,0	48	75228
170308	744	1398	1010	182	194	9	13	1	2944	604	1339	685	1987	32	90	4976	620	2930	0,100,0,0,0,0	15329	322	536	64243	3061	18803	98232,98722,96683,41906,41906,41906,41906	2	22	25633,31542,9032,0,0,0,0	56	75038
169930	793	1455	1092	190	211	13	11	1	3096	606	1348	674	1949	18	68	5612	673	3092	0,100,0,0,0,0	15579	287	547	64712	3145	19046	98574,99064,97043,42392,42392,42392,42392	2	22	25633,31542,9581,0,0,0,0	55	74872
169549	844	1531	1172	198	223	15	9	3	3243	606	1353	664	2043	24	83	5811	719	3273	0,100,0,0,0,0	16027	316	574	65228	3207	19327	98930,99419,97416,42883,42883,42883,42883	2	30	25633,31542,10157,0,0,0,0	55	74663
169197	889	1586	1200	205	249	14	10	3	3430	607	1356	678	1998	29	57	6029	715	3438	0,100,0,0,0,0	24740	332	558	65729	3270	19621	99270,99758,97775,43372,43372,43372,43372	2	30	25633,31542,10718,0,0,0,0	56	74436
168826	876	1660	1275	226	249	23	13	3	3623	607	1365	674	1953	35	73	6267	758	3564	0,100,0,0,0,0	25147	315	553	66216	3339	19896	99624,100112,98146,43879,43879,43879,43879	2	30	25633,31542,11272,0,0,0,0	76	74227
168450	908	1721	1328	241	246	23	16	3	3833	607	1370	676	1959	35	80	6706	811	3672	0,100,0,0,0,0	26650	346	582	66719	3419	20187	99981,100469,98523,44374,44374,44374,44374	3	30	25633,31542,11852,0,0,0,0	76	74029
168068	887	1809	1383	255	263	28	17	3	4053	608	1372	669	1939	41	86	7080	885	3757	0,100,0,0,0,0	26978	323	579	67232	3493	20466	100310,100797,98871,44868,44868,44868,44868	3	30	25633,31542,12433,0,0,0,0	72	73775
167731	856	1858	1458	273	266	32	17	3	4267	610	1375	634	2029	39	95	7014	922	3838	0,100,0,0,0,0	27145	281	578	67730	3577	20714	100635,101122,99217,45345,45345,45345,45345	3	33	25633,31542,13008,0,0,0,0	78	73528
167374	887	1859	1533	280	287	33	19	3	4481	611	1379	635	1945	27	74	6834	929	3969	0,100,0,0,0,0	27470	278	588	68236	3667	20951	100951,101438,99554,45812,45812,45812,45812	3	20	25633,31542,13596,0,0,0,0	72	73267
167007	941	1866	1579	288	295	32	16	3	4723	614	1382	638	2025	44	108	6912	958	4059	0,100,0,0,0,0	27075	277	625	68777	3754	21202	101311,101796,99936,46299,46299,46299,46299	3	37	25633,31542,14215,0,0,0,0	82	73012
166733	929	1859	1663	293	283	29	21	3	4933	614	1386	616	1953	43	80	6720	953	4124	0,100,0,0,0,0	25947	326	564	69265	3835	21490	101615,102099,100265,46729,46729,46729,46729	3	39	25633,31542,14783,0,0,0,0	80	72769
166453	876	1910	1660	298	320	31	23	3	5169	614	1389	600	1973	38	87	6687	970	4148	0,100,0,0,0,0	25554	281	574	69759	3920	21732	101946,102431,100621,47191,47191,47191,47191	3	24	25633,31542,15353,0,0,0,0	82	72526
166077	943	1913	1692	319	318	30	24	2	5422	615	1391	594	1923	32	109	6663	998	4241	0,100,0,0,0,0	26494	303	653	70334	4002	21985	102322,102808,101023,47704,47704,47704,47704	4	35	25633,31542,16005,0,0,0,0	77	72251
165700	1017	2002	1671	319	313	35	24	2	5652	617	1394	610	1920	40	124	7143	1030	4351	0,100,0,0,0,0	17370	487	710	70921	4128	22435	102713,103199,101443,48226,48226,48226,48226	4	39	25633,31542,16712,0,0,0,0	88	71989
165398	1040	2021	1683	333	315	31	24	2	5884	618	1397	602	1995	49	103	7159	1031	4416	0,100,0,0,0,0	17464	532	639	71465	4225	22918	103122,103607,101880,48780,48780,48780,48780	4	33	25633,31542,17344,0,0,0,0	79	71753
165024	1079	2073	1722	359	314	30	20	4	6100	621	1400	590	1947	23	111	7276	1037	4560	0,100,0,0,0,0	17719	497	733	72084	4341	23366	103587,104071,102376,49420,49420,49420,49420	4	29	25633,31542,18068,0,0,0,0	78	71456
164662	1138	2143	1738	362	343	32	19	4	6280	624	1401	598	2018	35	109	7385	1048	4727	0,100,0,0,0,0	17380	473	762	72741	4449	23793	104077,104561,102899,50058,50058,50058,50058	4	25	25633,31542,18822,0,0,0,0	70	71169
164302	1170	2169	1805	355	338	36	18	5	6515	627	1406	616	1999	43	124	7386	1068	4823	0,100,0,0,0,0	25974	474	715	73344	4565	24232	104517,105003,103371,50663,50663,50663,50663	4	34	25633,31542,19535,0,0,0,0	73	70864
163978	1150	2248	1787	362	365	42	21	5	6750	627	1411	608	1945	40	97	7676	1089	4886	0,100,0,0,0,0	26082	513	705	73942	4674	24690	104969,105453,103854,51267,51267,51267,51267	4	30	25633,31542,20235,0,0,0,0	83	70585
163582	1136	2357	1856	374	373	47	20	4	6954	630	1413	585	1933	31	134	7791	1116	5047	0,100,0,0,0,0	18340	539	798	74626	4792	25172	105515,105999,104432,51959,51959,51959,51959	4	42	25633,31542,21027,0,0,0,0	92	70307
163170	1212	2406	1941	373	406	52	21	3	7118	631	1413	589	1955	41	127	8014	1167	5244	0,100,0,0,0,0	18038	677	843	75340	4930	25787	106058,106541,105012,52671,52671,52671,52671	4	39	25633,31542,21872,0,0,0,0	107	69991
162746	1244	2496	1982	377	405	61	21	3	7360	634	1417	623	1993	53	143	8236	1226	5360	0,100,0,0,0,0	18466	647	840	76047	5070	26374	106655,107138,105645,53446,53446,53446,53446	4	36	25633,31542,22709,0,0,0,0	110	69700
162328	1309	2556	2029	393	390	56	20	3	7608	636	1418	590	1935	37	131	8125	1267	5486	0,100,0,0,0,0	18377	666	871	76779	5212	26978	107267,107749,106295,54229,54229,54229,54229	4	42	25633,31542,23573,0,0,0,0	110	69390
161902	1356	2608	2111	426	410	51	16	2	7797	643	1424	620	2074	52	140	8391	1298	5680	0,100,0,0,0,0	18575	709	880	77524	5353	27610	107891,108372,106957,55024,55024,55024,55024	4	31	25633,31542,24444,0,0,0,0	105	69088
161522	1349	2655	2205	434	432	53	14	2	8002	647	1431	634	2015	44	131	8415	1362	5780	0,100,0,0,0,0	26845	625	869	78273	5483	28177	108482,108962,107587,55789,55789,55789,55789	5	47	25633,31542,25313,0,0,0,0	101	68740
161223	1327	2676	2258	414	437	48	15	2	8267	647	1432	627	1949	46	126	8914	1408	5767	0,100,0,0,0,0	27470	649	804	78966	5602	28760	109038,109515,108182,56481,56481,56481,56481	5	34	25633,31542,26110,0,0,0,0	86	68433
160810	1335	2703	2332	408	460	54	15	2	8538	649	1440	614	1900	39	143	9393	1441	5866	0,100,0,0,0,0	19859	682	891	79707	5758	29384	109647,110122,108830,57257,57257,57257,57257	5	39	25633,31542,26988,0,0,0,0	90	68103
160423	1373	2728	2380	429	470	60	19	2	8767	649	1446	616	1950	60	133	9440	1454	6005	0,100,0,0,0,0	19671	908	908	80481	5897	30225	110262,110735,109486,58030,58030,58030,58030	5	41	25633,31542,27886,0,0,0,0	109	67750
159979	1419	2870	2393	441	453	59	16	2	9014	652	1448	621	2065	44	140	9835	1457	6194	0,100,0,0,0,0	19874	896	988	81310	6061	31052	111005,111477,110274,58967,58967,58967,58967	5	42	25633,31542,28862,0,0,0,0	112	67403
159521	1462	2915	2490	464	476	54	22	2	9237	653	1450	592	2071	62	129	9941	1501	6382	0,100,0,0,0,0	20134	857	1011	82163	6223	31854	111745,112217,111058,59909,59909,59909,59909	5	54	25633,31542,29862,0,0,0,0	103	67011
159097	1474	2956	2531	479	480	55	22	3	9539	657	1453	600	1958	47	151	10494	1532	6465	0,100,0,0,0,0	20593	867	956	82965	6382	32668	112452,112922,111808,60803,60803,60803,60803	5	37	25633,31542,30807,0,0,0,0	98	66639
158756	1437	2906	2624	484	513	58	23	3	9827	658	1457	596	1953	58	136	11106	1514	6531	0,100,0,0,0,0	29387	892	889	83722	6523	33492	113105,113575,112505,61636,61636,61636,61636	5	52	25633,31542,31693,0,0,0,0	117	66280
158495	1379	2961	2609	493	513	54	26	2	10095	659	1460	590	1963	51	147	11205	1532	6503	0,100,0,0,0,0	29425	966	878	84473	6653	34243	113742,114212,113190,62432,62432,62432,62432	5	45	25633,31542,32559,0,0,0,0	118	65951
158199	1377	2972	2616	492	526	55	29	2	10348	662	1468	547	1998	50	192	11532	1609	6458	0,100,0,0,0,0	21974	1001	900	85218	6815	35057	114387,114859,113883,63221,63221,63221,63221	5	44	25633,31542,33448,0,0,0,0	117	65651
157835	1438	2999	2637	500	500	63	34	2	10603	662	1473	548	2009	63	155	11290	1592	6579	0,100,0,0,0,0	21745	1705	981	86021	7001	36594	115081,115552,114626,64079,64079,64079,64079	6	40	25633,31542,34408,0,0,0,0	114	65319
157550	1443	2974	2689	497	513	69	36	1	10836	662	1476	556	2034	55	165	11237	1650	6571	0,100,0,0,0,0	21743	1640	931	86776	7186	38043	115937,116408,115534,65193,65193,65193,65193	6	48	25633,31542,35323,0,0,0,0	126	65003
157278	1457	2951	2716	511	502	69	35	2	11078	669	1478	527	1914	58	172	11462	1688	6553	0,100,0,0,0,0	21785	1710	913	87520	7359	39553	116761,117232,116411,66239,66239,66239,66239	6	46	25633,31542,36225,0,0,0,0	135	64730
157092	1397	3004	2654	499	517	70	34	2	11317	675	1485	537	1907	50	161	11707	1718	6457	0,100,0,0,0,0	22309	1712	889	88227	7544	41070	117552,118025,117258,67235,67235,67235,67235	6	52	25633,31542,37092,0,0,0,0	135	64465
156980	1346	2935	2742	519	524	71	38	2	11425	676	1488	530	1929	56	140	11739	1703	6472	0,100,0,0,0,0	29963	1758	836	88906	7709	42655	118311,118783,118072,68192,68192,68192,68192	6	38	25633,31542,37908,0,0,0,0	141	64165
156869	1277	2886	2771	501	516	68	41	3	11640	678	1496	528	1980	56	151	11674	1680	6380	0,99,0,0,0,0	30042	1670	764	89551	7860	44194	119083,119556,118898,69166,69166,69166,69166	6	39	25633,31542,38652,29,0,0,0	145	63854
156751	1300	2846	2795	498	509	57	43	4	11763	682	1498	515	2011	62	130	10864	1620	6428	0,99,0,0,0,0	22050	1698	847	90269	8025	45708	119906,120378,119779,70150,70150,70150,70150	6	34	25633,31542,39474,63,0,0,0	132	63591
156551	1343	2820	2716	480	520	62	46	5	12015	682	1506	497	1941	43	159	10933	1600	6387	0,98,1,0,0,0	21487	892	863	90970	8227	46446	120701,121174,120629,71139,71139,71139,71139	6	40	25633,31542,40307,104,0,0,0	135	63275
156436	1373	2788	2674	471	531	68	43	7	12158	689	1508	520	1952	45	193	10906	1591	6357	0,98,1,0,0,0	21173	880	851	91650	8429	47176	121256,121727,121241,71739,71739,71739,71739	6	44	25633,31542,41116,149,0,0,0	142	62957
156248	1436	2787	2688	489	504	72	43	6	12266	695	1512	513	1934	44	162	10776	1556	6463	0,97,2,0,0,0	21145	826	903	92369	8648	47842	121857,122330,121901,72410,72410,72410,72410	6	53	25633,31542,41966,214,0,0,0	144	62612
156188	1393	2839	2623	490	501	63	45	7	12383	700	1514	507	1903	61	162	10751	1543	6411	0,96,3,0,0,0	20939	809	828	93013	8862	48499	122386,122860,122489,72952,72952,72952,72952	6	30	25633,31542,42730,281,0,0,0	134	62335
156230	1293	2773	2601	491	506	64	44	8	12515	703	1518	518	1986	56	145	10311	1510	6262	0,96,3,0,0,0	28663	870	739	93593	9026	49221	122847,123318,123005,73393,73393,73393,73393	6	36	25633,31542,43404,331,0,0,0	137	62069
156291	1265	2667	2611	494	506	65	45	8	12567	706	1521	517	1930	48	144	9724	1517	6136	0,95,4,0,0,0	28336	875	754	94184	9194	49939	123308,123778,123524,73842,73842,73842,73842	6	39	25633,31542,44064,403,0,0,0	139	61778
156249	1256	2615	2596	463	503	75	42	9	12704	711	1523	529	1980	54	170	9872	1529	6021	0,94,5,0,0,0	20389	869	763	94770	9381	50649	123798,124268,124067,74350,74349,74349,74349	5	35	25633,31542,44733,482,0,0,0	138	61514
156280	1269	2582	2569	462	498	73	37	8	12724	717	1527	524	1954	48	160	10034	1567	5923	0,93,6,0,0,0	20041	733	812	95396	9576	51236	124281,124751,124611,74827,74826,74826,74826	6	46	25633,31542,45428,581,0,0,0	144	61196
156260	1234	2553	2533	467	497	76	39	8	12828	720	1531	530	1983	52	164	10071	1545	5854	0,93,6,0,0,0	19997	742	808	96023	9761	51811	124731,125198,125118,75264,75263,75263,75263	5	41	25633,31542,46114,688,0,0,0	128	60878
156262	1263	2517	2477	470	476	74	35	8	12907	724	1533	520	1990	40	146	9727	1482	5830	0,92,7,0,0,0	20127	741	787	96615	9964	52395	125164,125629,125606,75686,75684,75684,75684	5	32	25633,31542,46778,794,0,0,0	129	60594
156331	1223	2538	2428	447	474	75	35	8	12922	727	1538	521	1946	41	142	9518	1458	5762	0,91,8,0,0,0	19732	723	758	97160	10180	52980	125561,126026,126062,76055,76052,76052,76052	5	30	25633,31542,47377,927,0,0,0	128	60307
156479	1163	2474	2406	432	499	72	36	9	12908	729	1539	529	1994	48	128	9176	1413	5669	0,89,10,0,0,0	27843	752	692	97662	10371	53562	125907,126372,126467,76355,76351,76351,76351	5	40	25633,31542,47922,1056,0,0,0	138	60060
156698	1081	2396	2387	421	478	70	34	9	12891	732	1549	513	1948	44	130	8951	1366	5501	0,88,11,0,0,0	27681	702	636	98134	10537	54128	126221,126684,126839,76603,76599,76599,76599	5	34	25633,31542,48414,1177,0,0,0	149	59813
156764	1092	2350	2363	400	461	72	39	8	12912	733	1552	502	2016	40	145	9299	1370	5407	0,87,12,0,0,0	19621	750	719	98660	10736	54739	126596,127059,127266,76953,76947,76947,76947	5	36	25633,31542,48966,1326,0,0,0	133	59548
156822	1131	2300	2355	396	438	73	40	7	12889	739	1556	499	1893	48	122	9399	1283	5450	0,85,14,0,0,0	19809	408	768	99194	10973	54995	126972,127433,127697,77314,77306,77306,77306	5	30	25633,31542,49517,1525,0,0,0	136	59270
156901	1182	2223	2329	390	426	62	38	6	12889	744	1556	459	1848	37	132	9229	1217	5433	0,84,15,0,0,0	19607	412	745	99721	11194	55271	127263,127725,128044,77533,77523,77523,77523	5	34	25633,31542,50031,1731,0,0,0	134	59000
157034	1140	2215	2254	406	410	55	37	7	12882	747	1559	496	1874	46	134	9505	1215	5302	0,82,17,0,0,0	19716	445	677	100203	11393	55559	127548,128009,128382,77720,77708,77708,77708	5	25	25633,31542,50503,1921,0,0,0	120	58782
157097	1185	2225	2189	379	407	59	39	7	12850	748	1561	500	1988	32	124	9427	1205	5278	0,80,19,0,0,0	19596	404	790	100752	11638	55809	127859,128320,128749,77976,77962,77962,77962	5	35	25633,31542,51021,2170,0,0,0	123	58516
157285	1152	2179	2170	371	402	62	35	8	12765	752	1565	495	1906	36	122	9329	1168	5203	0,78,21,0,0,0	27868	268	648	101193	11848	56073	128065,128526,129009,78095,78078,78078,78078	5	31	25633,31542,51427,2390,0,0,0	127	58226
157457	1103	2136	2179	373	382	58	33	9	12693	755	1568	471	1912	49	122	9561	1176	5088	0,77,22,0,0,0	27920	277	634	101615	12063	56350	128304,128764,129296,78261,78241,78241,78241	5	39	25633,31542,51796,2638,0,0,0	126	57968
157513	1180	2081	2167	364	369	58	30	6	12645	760	1573	483	1941	46	130	9418	1183	5066	0,74,25,0,0,0	19801	245	780	102138	12323	56595	128604,129062,129647,78522,78498,78498,78498	5	34	25633,31542,52224,2972,0,0,0	115	57662
157572	1213	2132	2151	347	347	57	28	7	12550	766	1576	476	1952	49	110	9370	1163	5112	0,72,27,0,0,0	19788	101	776	102639	12602	56696	128886,129343,129981,78767,78739,78739,78739	5	36	25633,31542,52651,3307,0,0,0	105	57362
157749	1165	2128	2102	338	351	55	27	5	12475	768	1583	467	1979	47	108	8863	1102	5064	0,69,30,0,0,0	28920	114	646	103050	12841	56810	129048,129504,130194,78844,78812,78812,78812	5	30	25633,31542,52984,3606,0,0,0	104	57100
157907	1123	2201	2042	316	335	59	31	5	12371	770	1586	491	2007	41	128	8574	1099	5008	0,67,32,0,0,0	28481	90	699	103503	13097	56900	129255,129710,130451,78961,78925,78925,78925	4	37	25633,31542,53326,3952,0,0,0	95	56818
158053	1146	2106	2059	330	346	52	31	3	12255	774	1591	476	2003	41	104	8668	1091	4979	0,64,35,0,0,0	27209	101	711	103940	13373	57001	129429,129884,130674,79079,79038,79038,79038	5	56	25633,31542,53606,4368,0,0,0	102	56526
158203	1144	2047	2069	334	329	52	24	4	12165	781	1594	468	1882	43	105	8239	1062	4937	0,61,38,0,0,0	27200	108	668	104347	13642	57109	129562,130011,130854,79169,79122,79122,79122	5	27	25633,31542,53886,4747,0,0,0	100	56229
158309	1145	2041	2051	327	308	51	22	4	12106	784	1598	476	1919	39	93	8120	996	4949	0,58,41,0,0,0	26697	103	715	104779	13929	57212	129705,130154,131040,79294,79238,79238,79238	5	47	25633,31542,54147,5187,0,0,0	88	55931
158395	1221	1964	2027	314	342	52	20	4	12016	786	1605	482	1961	41	116	7699	986	4954	0,55,44,0,0,0	27721	82	733	105225	14218	57294	129869,130315,131248,79422,79361,79361,79361	5	52	25633,31542,54388,5668,0,0,0	91	55619
158491	1249	1958	2009	341	298	55	22	4	11925	788	1606	479	1969	60	110	7468	990	4942	0,52,47,0,0,0	27357	93	718	105635	14532	57387	130012,130455,131432,79540,79471,79471,79471	5	36	25633,31542,54631,6128,0,0,0	89	55355
158556	1226	1997	2003	318	288	60	22	5	11873	791	1607	478	1974	42	92	7242	964	4950	0,49,50,0,0,0	26890	85	739	106067	14842	57472	130158,130598,131617,79688,79610,79610,79610	5	43	25633,31542,54848,6634,0,0,0	83	55053
158568	1266	2046	1986	308	270	63	23	7	11805	791	1613	471	1969	58	87	7018	938	5024	0,46,53,0,0,0	26886	80	801	106519	15196	57552	130328,130765,131825,79885,79798,79798,79798	5	50	25633,31542,55065,7209,0,0,0	102	54742
158592	1310	2050	1959	305	275	61	24	5	11758	792	1615	490	1966	53	93	7008	917	5067	0,42,57,0,0,0	26699	91	788	106972	15536	57643	130491,130925,132026,80073,79974,79974,79974	5	56	25633,31542,55242,7811,0,0,0	103	54426
158515	1313	2102	1982	294	286	58	25	5	11755	794	1617	486	1898	44	86	6883	909	5151	0,39,60,0,0,0	25773	97	817	107422	15913	57740	130672,131108,132244,80300,80192,80192,80192	5	53	25633,31542,55440,8426,0,0,0	108	54134
158560	1290	2138	2010	295	298	58	21	5	11652	799	1620	493	1948	49	93	6674	894	5216	0,37,62,0,0,0	25710	81	749	107817	16272	57821	130800,131235,132408,80460,80341,80341,80341	5	48	25633,31542,55588,9007,0,0,0	98	53852
158428	1383	2222	2022	284	292	50	20	6	11616	800	1623	473	1919	63	112	6791	894	5379	0,34,65,0,0,0	17085	76	952	108338	16708	57897	131016,131449,132659,80763,80633,80633,80633	5	51	25633,31542,55772,9757,0,0,0	93	53500
158367	1505	2167	2119	302	300	48	20	6	11485	802	1625	457	1983	59	116	7008	943	5518	0,31,68,0,0,0	17064	272	920	108820	17149	58169	131190,131622,132867,81040,80895,80895,80895	5	42	25633,31542,55923,10513,0,0,0	83	53164
158145	1543	2262	2194	306	295	44	18	8	11502	803	1626	467	1996	69	106	7250	968	5694	0,29,70,0,0,0	17122	321	968	109327	17616	58490	131441,131873,133144,81455,81296,81296,81296	6	43	25633,31542,56067,11319,0,0,0	83	52816
157826	1684	2352	2230	305	293	41	18	9	11552	805	1631	471	2010	63	84	7155	967	5956	0,26,73,0,0,0	17482	278	1088	109893	18145	58768	131742,132178,133476,81970,81795,81795,81795	6	60	25633,31542,56202,12268,0,0,0	79	52435
157391	1906	2458	2243	290	296	41	18	8	11655	806	1634	453	1873	46	130	7249	994	6258	0,24,75,0,0,0	17207	301	1202	110532	18714	59069	132073,132509,133833,82549,82357,82357,82357	6	48	25633,31542,56353,13311,0,0,0	80	52003
157054	1945	2586	2292	290	284	37	17	8	11790	808	1635	474	1935	45	106	7156	983	6468	0,22,77,0,0,0	25901	291	1062	111106	19213	59360	132349,132783,134131,83063,82853,82853,82853	6	69	25633,31542,56452,14272,0,0,0	71	51596
156666	1948	2800	2400	295	272	36	13	9	11856	810	1641	478	1968	51	85	7295	969	6795	0,19,80,0,0,0	26195	257	1157	111689	19794	59617	132641,133075,134447,83623,83394,83394,83394	6	70	25633,31542,56549,15325,0,0,0	76	51191
155983	2174	2897	2600	301	271	36	14	7	12009	810	1644	494	1971	77	93	7311	980	7313	0,17,82,0,0,0	17429	286	1432	112397	20538	59903	133024,133458,134846,84367,84118,84118,84118	7	70	25633,31542,56654,16646,16,0,0	70	50702
155312	2372	3023	2733	316	273	40	15	7	12198	810	1647	488	2026	84	114	7056	1006	7766	0,14,84,0,0,0	17045	326	1426	113098	21280	60229	133412,133846,135252,85114,84845,84845,84845	7	62	25633,31542,56733,17983,32,0,0	73	50219
154521	2518	3319	2890	303	277	37	14	7	12398	811	1651	498	1969	74	121	7382	1085	8273	0,12,86,0,0,0	17313	326	1605	113892	22115	60555	133847,134281,135705,86004,85710,85710,85710	7	75	25633,31542,56831,19478,57,0,0	90	49667
153672	2724	3545	3025	310	281	33	17	7	12668	811	1653	524	1930	90	85	7659	1088	8847	0,11,87,0,0,0	17735	338	1650	114689	22997	60893	134303,134736,136173,86923,86605,86605,86605	7	79	25633,31542,56910,21032,88,0,0	86	49117
152735	2935	3722	3266	332	297	33	16	6	12936	812	1656	522	1982	86	109	7448	1137	9464	0,9,89,1,0,0	17642	350	1753	115501	23959	61243	134748,135178,136630,87893,87548,87548,87548	7	66	25633,31542,56966,22703,120,0,0	79	48534
151931	2933	3931	3491	351	316	30	18	8	13265	814	1658	495	1968	82	139	7405	1193	9877	0,8,90,1,0,0	26019	334	1645	116275	24856	61577	135154,135584,137049,88794,88419,88419,88419	8	88	25633,31542,57024,24264,154,0,0	75	47990
151028	2879	4220	3656	370	330	30	18	9	13726	815	1665	498	1959	89	120	8094	1262	10241	0,7,90,1,0,0	26360	327	1721	117126	25738	61904	135584,136011,137492,89750,89345,89345,89345	8	116	25633,31542,57081,25887,190,0,0	89	47362
149814	3202	4394	3875	363	366	32	17	7	14190	818	1668	482	1952	97	160	8445	1393	10856	0,6,91,1,0,0	18268	337	2132	118163	26847	62241	136139,136565,138054,90968,90526,90526,90526	9	107	25633,31542,57145,27903,237,0,0	100	46627
148533	3531	4518	4157	390	368	31	18	6	14704	819	1671	476	1896	119	148	8444	1466	11547	0,6,92,1,0,0	18691	358	2180	119171	28029	62599	136673,137098,138595,92218,91739,91739,91739	9	113	25633,31542,57197,29974,282,0,0	106	45885
147204	3670	4804	4406	406	389	28	16	6	15320	821	1676	497	1914	113	142	8943	1510	12209	0,5,92,2,0,0	19048	376	2237	120196	29251	62975	137254,137675,139178,93543,93025,93025,93025	10	101	25633,31542,57253,32090,339,0,0	118	45141
145891	3806	5141	4557	394	383	34	18	6	16017	822	1677	481	1959	124	180	9689	1615	12718	0,4,92,2,0,0	19568	347	2326	121221	30569	63322	137815,138229,139740,94882,94322,94321,94321	11	101	25633,31542,57300,34289,409,0,0	113	44388
144487	4013	5353	4864	404	398	34	20	7	16665	822	1679	482	2002	126	161	9906	1658	13428	0,4,93,2,0,0	20053	351	2444	122266	31980	63673	138386,138797,140313,96300,95693,95692,95692	11	122	25633,31542,57344,36598,481,0,0	122	43644
143299	3931	5517	5143	414	424	31	21	9	17449	825	1683	503	1909	145	161	10135	1713	13768	0,3,93,2,0,0	28634	343	2192	123269	33190	64016	138907,139318,140836,97566,96911,96910,96910	12	133	25633,31542,57382,38677,546,0,0	132	42923
142083	3853	5703	5362	440	487	35	25	7	18239	826	1686	466	2007	153	162	10550	1808	14097	0,3,93,2,0,0	28521	359	2346	124317	34506	64375	139415,139822,141344,98907,98198,98197,98197	12	146	25633,31542,57419,40913,617,0,0	149	42138
140513	4119	5744	5629	451	482	33	23	10	19227	827	1688	491	1948	127	226	11135	1939	14542	0,3,93,2,0,0	20924	368	2612	125511	35937	64743	140062,140461,141981,100463,99704,99703,99703	13	135	25633,31542,57460,43376,714,0,0	140	41290
138882	4490	5895	5782	462	472	33	22	11	20178	830	1689	503	1939	165	200	11044	1947	15209	0,2,94,3,0,0	21276	354	2813	126737	37543	65097	140710,141102,142620,102137,101318,101316,101316	14	133	25633,31542,57490,46027,829,0,0	140	40384
137381	4631	6066	5931	480	494	41	22	12	21162	831	1695	484	1993	165	200	11585	2099	15566	0,2,94,3,0,0	21477	333	2718	127897	39121	65430	141296,141687,143198,103721,102839,102835,102835	14	133	25633,31542,57514,48591,944,0,0	140	39533
135858	4696	6427	6158	501	499	43	24	11	21998	832	1699	465	1982	176	198	11725	2164	16184	0,2,94,3,0,0	21738	349	2852	129101	40793	65779	141910,142299,143803,105381,104432,104427,104427	15	140	25633,31542,57538,51275,1066,0,0	153	38661
134402	4803	6668	6374	528	520	45	22	12	22834	836	1702	486	1884	155	201	12148	2305	16655	0,1,94,3,0,0	22184	309	2901	130328	42490	66088	142531,142915,144409,107073,106048,106042,106042	15	124	25633,31542,57557,54018,1189,0,0	144	37790
133108	4663	6886	6581	542	526	48	25	11	23817	836	1703	485	1930	173	194	11950	2342	16929	0,1,94,3,0,0	30082	325	2680	131439	44079	66413	143033,143414,144907,108590,107491,107483,107483	16	158	25633,31542,57569,56529,1323,0,0	165	36951
131900	4549	6906	6795	556	546	55	22	14	24860	838	1705	501	1996	160	194	12165	2401	17028	0,1,94,4,0,0	30297	370	2642	132575	45613	66783	143535,143912,145399,110113,108935,108927,108927	16	180	25633,31542,57587,58992,1461,0,0	179	36090
130582	4631	6835	7049	594	561	55	24	15	25849	839	1712	483	1944	184	245	12471	2480	17269	0,1,94,4,0,0	22604	338	2855	133755	47304	67121	144110,144479,145964,111780,110523,110512,110512	17	142	25633,31542,57600,61609,1644,0,0	179	35241
129140	4895	6842	7094	572	546	61	23	16	27003	840	1714	489	1953	157	239	13229	2539	17494	0,1,93,4,0,0	23308	140	2995	134995	49074	67261	144676,145043,146517,113501,112158,112145,112145	17	144	25633,31542,57620,64344,1841,0,0	176	34328
128026	4916	6860	7128	583	549	62	18	19	28022	845	1718	487	1879	155	232	13744	2592	17524	0,1,93,5,0,0	23715	117	2791	136182	50701	67378	145151,145515,146979,115066,113633,113618,113618	17	127	25633,31542,57635,66883,2038,0,0	162	33445
127000	4743	6920	7282	609	568	62	22	17	28957	847	1719	474	1985	171	231	14137	2635	17571	0,1,93,5,0,0	24313	126	2732	137319	52316	67504	145538,145896,147349,116547,115019,115001,115001	17	135	25633,31542,57647,69388,2217,0,0	158	32582
125998	4670	6945	7348	613	589	64	22	18	29911	848	1720	463	1917	179	252	14506	2693	17558	0,0,93,6,0,0	24687	146	2743	138450	53949	67650	145962,146319,147759,118056,116435,116414,116414	18	139	25633,31542,57659,71882,2414,0,0	164	31727
125486	4362	6768	7391	636	594	56	19	21	30840	851	1722	458	1889	168	213	14600	2631	17195	0,0,92,6,0,0	32093	126	2370	139389	55395	67776	146224,146577,148013,119304,117581,117557,117557	18	151	25633,31542,57667,74004,2606,0,0	152	31030
125117	4010	6608	7406	624	583	56	17	19	31728	854	1724	461	1921	168	261	14805	2648	16656	0,0,92,6,0,0	32613	129	2288	140270	56818	67905	146432,146778,148214,120491,118661,118633,118633	18	134	25633,31542,57672,76064,2792,0,0	157	30373
124534	4086	6305	7385	573	594	52	18	19	32597	857	1726	480	1994	162	254	15378	2655	16358	0,0,92,7,0,0	25424	115	2528	141300	58335	68020	146714,147055,148490,121842,119907,119875,119875	17	138	25633,31542,57679,78292,3032,0,0	153	29599
124070	4177	6036	7230	553	567	50	18	19	33439	859	1728	489	1941	159	201	15552	2618	16013	0,0,91,7,0,0	25818	86	2428	142266	59809	68106	146956,147296,148719,123125,121082,121045,121045	17	133	25633,31542,57684,80427,3278,0,0	166	28872
123815	4009	6054	6953	523	565	50	15	20	34148	860	1734	489	1934	156	244	15516	2553	15616	0,0,91,8,0,0	25462	78	2324	143199	61214	68184	147136,147480,148894,124309,122156,122115,122115	17	131	25633,31542,57694,82435,3513,0,0	143	28161
123789	3822	5967	6772	508	525	50	16	21	34677	863	1736	482	1941	153	230	15050	2427	15233	0,0,90,8,0,0	25190	76	2190	144030	62596	68260	147259,147602,149013,125398,123127,123081,123081	17	103	25633,31542,57699,84309,3769,0,0	141	27541
123724	3707	5718	6584	549	514	44	18	22	35262	864	1740	467	1873	145	201	14522	2270	14864	0,0,89,9,0,0	24524	68	2112	144884	63864	68328	147409,147751,149158,126463,124081,124030,124030	17	121	25633,31542,57705,86075,4035,0,0	129	26906
124094	3411	5420	6523	519	518	49	20	22	35563	864	1743	458	1962	132	196	14102	2225	14235	0,0,89,10,0,0	32065	88	1802	145600	64969	68416	147407,147748,149157,127319,124816,124760,124760	17	116	25633,31542,57709,87595,4253,0,0	132	26337
124498	3082	5292	6331	475	516	49	22	20	35848	865	1748	459	1889	122	190	14175	2121	13646	0,0,88,10,0,0	32227	72	1775	146242	66113	68488	147367,147706,149117,128122,125507,125444,125444	16	117	25633,31542,57709,89053,4498,0,0	137	25838
124994	3010	4976	6076	439	521	40	17	23	36034	866	1750	462	1909	119	218	14221	2075	13004	0,0,88,11,0,0	24447	62	1766	146939	67195	68550	147347,147683,149094,128970,126231,126161,126161	16	100	25633,31542,57712,90496,4760,0,0	110	25315
125613	2973	4648	5807	435	496	33	18	23	36082	867	1751	477	1994	143	182	13998	1946	12464	0,0,87,12,0,0	24467	56	1725	147614	68253	68606	147270,147605,149015,129761,126895,126819,126819	15	97	25633,31542,57714,91892,5020,0,0	107	24795
126274	2799	4513	5531	426	449	32	21	19	36060	868	1754	492	1904	111	198	13190	1861	11910	0,0,86,12,0,0	23363	46	1608	148212	69271	68652	147170,147506,148920,130469,127482,127400,127400	15	77	25633,31542,57716,93169,5269,0,0	113	24340
126883	2707	4298	5332	396	396	34	20	24	36031	868	1757	515	1932	104	162	12545	1700	11483	0,0,85,13,0,0	23054	55	1564	148776	70283	68707	147079,147418,148832,131155,128055,127964,127964	14	84	25633,31542,57720,94380,5554,0,0	106	23906
127577	2590	4123	5074	402	400	33	20	23	35875	870	1759	520	1961	114	140	12382	1621	11021	0,0,84,14,0,0	22383	48	1496	149335	71228	68755	146966,147309,148729,131788,128573,128475,128475	14	92	25633,31542,57724,95501,5837,0,0	97	23481
128617	2368	3898	4843	367	374	31	19	22	35573	872	1762	506	1918	117	158	12098	1557	10343	0,0,84,15,0,0	30109	67	1263	149774	72060	68822	146738,147083,148510,132253,128920,128814,128814	13	81	25633,31542,57727,96439,6079,0,0	97	23129
129722	2144	3657	4607	347	357	30	21	22	35200	873	1766	491	1954	100	146	11796	1489	9674	0,0,83,16,0,0	30003	51	1149	150181	72812	68873	146498,146848,148277,132685,129236,129121,129121	13	68	25633,31542,57729,97263,6335,0,0	93	22815
130685	2058	3385	4391	358	355	31	20	23	34797	873	1770	522	1914	80	153	11397	1413	9185	0,0,82,17,0,0	21775	51	1224	150611	73613	68924	146305,146656,148090,133158,129597,129474,129474	12	65	25633,31542,57729,98151,6605,0,0	86	22482
131802	2025	3113	4145	339	340	32	20	21	34263	873	1773	516	1993	89	158	10525	1351	8663	0,0,81,18,0,0	21216	40	1114	150996	74347	68964	146068,146425,147865,133561,129889,129755,129755	11	52	25633,31542,57731,98941,6855,0,0	93	22182
132916	1892	2965	3885	347	317	35	18	22	33699	873	1777	503	1969	71	134	10275	1294	8165	0,0,79,19,0,0	20508	40	1070	151336	75084	69004	145816,146169,147622,133916,130134,129990,129990	11	54	25633,31542,57731,99656,7140,0,0	89	21921
134017	1763	2933	3650	318	273	40	19	22	33059	873	1779	503	1920	79	107	9560	1193	7803	0,0,78,20,0,0	19985	48	1066	151706	75789	69052	145569,145924,147386,134291,130401,130247,130247	11	77	25633,31542,57734,100384,7410,0,0	77	21626
135159	1717	2738	3457	306	276	36	19	23	32359	875	1781	534	1955	63	118	9264	1108	7441	0,0,77,22,0,0	19232	44	1009	152069	76438	69096	145305,145666,147135,134638,130642,130477,130477	10	48	25633,31542,57734,101053,7696,0,0	82	21355
136468	1563	2558	3333	284	278	35	17	22	31527	878	1783	511	1978	72	120	8568	1036	7032	0,0,76,23,0,0	27160	38	846	152350	77006	69134	145009,145374,146854,134883,130783,130607,130607	9	54	25633,31542,57734,101633,7910,0,0	85	21128
137793	1401	2458	3120	269	255	34	18	22	30708	882	1786	506	2026	61	96	8210	947	6608	0,0,74,24,0,0	26649	41	797	152622	77535	69175	144706,145072,146565,135112,130910,130722,130722	9	30	25633,31542,57735,102146,8139,0,0	68	20920
138981	1389	2305	2939	264	242	36	20	18	29879	882	1791	540	1955	61	100	7678	885	6310	0,0,73,26,0,0	18252	43	844	152905	78098	69218	144425,144793,146298,135350,131054,130855,130855	8	47	25633,31542,57735,102636,8427,0,0	66	20692
140216	1361	2111	2797	264	224	33	17	21	29022	885	1795	536	1990	56	102	7264	830	5977	0,0,71,28,0,0	17436	34	792	153185	78616	69252	144132,144501,146024,135568,131174,130963,130963	8	38	25633,31542,57735,103084,8724,0,0	65	20474
141516	1273	2048	2587	227	215	26	18	23	28127	886	1800	532	1950	57	108	7211	790	5604	0,0,69,30,0,0	17450	28	726	153428	79102	69280	143820,144190,145730,135734,131247,131022,131022	7	42	25633,31542,57735,103505,8981,0,0	56	20280
142732	1212	1949	2509	196	200	22	18	20	27201	886	1801	527	1924	39	77	7189	776	5330	0,0,68,31,0,0	17549	19	702	153658	79582	69299	143524,143897,145449,135901,131325,131087,131087	7	36	25633,31542,57735,103889,9254,0,0	51	20115
144032	1146	1837	2402	171	183	24	21	22	26217	886	1805	524	2035	46	82	6734	713	5071	0,0,66,33,0,0	16921	37	634	153885	79993	69336	143220,143596,145160,136026,131361,131110,131110	6	31	25633,31542,57735,104226,9508,0,0	43	19948
145348	1031	1735	2257	176	174	24	20	22	25266	887	1806	559	1964	45	66	6459	694	4723	0,0,64,35,0,0	25117	22	552	154068	80370	69358	142885,143263,144840,136104,131353,131089,131089	6	27	25633,31542,57735,104502,9747,0,0	53	19801
146522	953	1630	2102	171	171	23	16	23	24437	889	1809	514	1969	50	55	6348	618	4448	0,0,63,36,0,0	25040	23	545	154240	80747	69381	142595,142979,144570,136184,131356,131079,131079	5	32	25633,31542,57735,104774,9983,0,0	51	19677
147651	1007	1520	1999	174	155	16	18	22	23482	890	1812	504	1935	45	90	5885	569	4320	0,0,61,38,0,0	16049	24	637	154448	81181	69405	142317,142704,144306,136316,131410,131118,131118	5	32	25633,31542,57735,105079,10273,0,0	42	19513
148702	1036	1471	1898	151	161	11	16	22	22571	890	1817	526	2017	45	57	5331	519	4225	0,0,59,40,0,0	15707	5	605	154629	81606	69410	142049,142441,144050,136423,131450,131144,131144	5	31	25633,31542,57735,105351,10562,0,0	42	19375
149753	996	1468	1795	141	144	13	13	22	21690	891	1820	523	1912	31	70	4784	457	4113	0,0,57,42,0,0	15128	8	578	154833	81984	69418	141790,142186,143806,136534,131496,131175,131175	4	28	25633,31542,57735,105611,10841,0,0	44	19217
150680	984	1542	1687	123	138	13	11	22	20832	891	1823	518	1953	34	51	4391	381	4117	0,0,55,44,0,0	14375	6	626	155049	82399	69424	141561,141961,143589,136677,131574,131239,131239	4	29	25633,31542,57735,105883,11160,0,0	41	19059
151522	1047	1484	1722	114	140	15	8	22	19954	893	1825	500	1942	33	72	3653	349	4181	0,0,53,46,0,0	14000	8	653	155249	82856	69432	141354,141755,143393,136819,131659,131310,131310	4	29	25633,31542,57735,106148,11503,0,0	45	18908
152524	972	1445	1640	122	152	14	5	25	19126	894	1827	503	1973	43	55	2529	313	4037	0,0,51,48,0,0	22139	4	489	155394	83205	69436	141086,141491,143138,136874,131655,131290,131290	4	31	25633,31542,57735,106323,11790,0,0	41	18787
153412	871	1484	1597	118	135	9	6	23	18368	894	1829	530	1933	36	56	2133	291	3929	0,0,50,49,0,0	21497	8	528	155579	83551	69444	140861,141269,142924,136977,131707,131327,131327	3	32	25633,31542,57735,106534,12079,0,0	31	18638
154149	1003	1419	1558	117	126	10	6	19	17613	894	1832	564	1972	42	62	1463	270	3969	0,0,47,52,0,0	12060	10	666	155807	83994	69454	140682,141089,142752,137142,131822,131426,131426	3	31	25633,31542,57735,106755,12492,0,0	42	18465
154927	1066	1360	1581	115	127	8	5	18	16811	894	1834	585	1966	46	61	998	278	3984	0,0,45,54,0,0	11369	13	585	155996	84392	69467	140476,140884,142555,137250,131884,131472,131472	3	26	25633,31542,57735,106942,12848,0,0	45	18325
155720	992	1366	1564	120	127	8	4	16	16098	894	1837	620	1865	32	51	923	265	3916	0,0,44,55,0,0	11143	18	542	156161	84769	69485	140249,140662,142342,137346,131932,131504,131504	3	45	25633,31542,57735,107135,13165,0,0	42	18192
156406	975	1444	1470	128	121	8	3	13	15442	895	1841	580	2047	45	59	869	253	3896	0,0,41,58,0,0	11182	20	596	156345	85185	69505	140069,140482,142169,137466,132015,131570,131570	3	36	25633,31542,57735,107299,13567,0,0	42	18048
157019	1022	1430	1480	101	113	9	4	13	14814	895	1846	578	1981	38	51	853	252	3907	0,0,39,60,0,0	10948	21	604	156516	85621	69526	139903,140320,142010,137594,132104,131643,131643	3	33	25633,31542,57735,107489,13953,0,0	35	17925
157690	940	1448	1472	106	110	9	5	9	14216	895	1846	604	1944	29	44	815	249	3841	0,0,38,61,0,0	20208	14	494	156677	85957	69540	139703,140122,141815,137674,132144,131668,131668	3	24	25633,31542,57735,107640,14274,0,0	33	17792
158273	892	1416	1505	103	113	7	4	9	13681	896	1847	599	2019	34	51	813	239	3801	0,0,36,63,0,0	20178	22	507	156828	86314	69562	139530,139947,141648,137766,132207,131713,131713	3	28	25633,31542,57735,107794,14605,0,0	33	17680
158667	1004	1379	1545	126	112	5	4	9	13149	896	1850	553	1964	36	51	784	240	3935	0,0,34,65,0,0	10888	17	660	157027	86778	69579	139415,139834,141538,137933,132348,131839,131839	3	26	25633,31542,57735,107939,15086,0,0	30	17525
159131	1071	1321	1536	133	116	7	4	8	12670	896	1853	528	1978	34	45	768	252	3936	0,0,33,66,0,0	10831	0	595	157188	87214	69579	139276,139696,141403,138057,132448,131922,131922	3	37	25633,31542,57735,108087,15504,0,0	34	17396
159521	1037	1420	1532	112	111	10	3	8	12240	896	1856	545	1943	40	47	755	243	3982	0,0,31,68,0,0	10775	0	610	157372	87643	69579	139161,139582,141294,138193,132560,132019,132019	3	38	25633,31542,57735,108224,15956,0,0	37	17261
159849	1024	1484	1532	98	113	10	3	9	11866	896	1862	555	1997	30	50	746	227	4037	0,0,30,69,0,0	10804	0	606	157567	88057	69579	139061,139485,141198,138339,132690,132132,132132	3	32	25633,31542,57735,108345,16411,0,0	37	17113
160097	1068	1512	1498	107	116	9	3	8	11566	896	1866	559	1942	55	42	725	224	4089	0,0,27,72,0,0	10896	0	650	157769	88509	69579	138968,139394,141109,138497,132836,132260,132260	3	40	25633,31542,57735,108452,16925,0,0	39	16960
160408	991	1505	1548	109	116	9	4	6	11287	896	1867	577	1906	45	47	734	249	4033	0,0,25,74,0,0	20086	0	538	157927	88892	69579	138853,139279,141001,138610,132938,132344,132344	3	42	25633,31542,57735,108547,17353,0,0	44	16829
160730	923	1490	1644	109	115	8	3	6	10949	896	1873	594	1996	49	47	744	253	4039	0,0,24,75,0,0	20125	0	545	158064	89302	69579	138732,139159,140881,138711,133026,132415,132415	3	31	25633,31542,57735,108636,17783,0,0	39	16714
160963	994	1413	1640	104	114	8	4	6	10729	896	1875	594	1959	48	56	754	267	4010	0,0,22,77,0,0	10872	0	626	158224	89772	69579	138630,139059,140781,138846,133153,132522,132522	3	31	25633,31542,57735,108721,18303,0,0	41	16588
161124	1051	1376	1616	100	122	9	3	7	10565	896	1877	592	1999	45	49	766	277	4000	0,0,21,78,0,0	10922	0	615	158412	90203	69579	138567,138993,140720,138994,133297,132649,132649	3	34	25633,31542,57735,108791,18821,0,0	47	16448
161363	1068	1426	1560	101	127	11	4	6	10304	897	1879	598	2013	45	50	777	283	4014	0,0,19,80,0,0	10849	0	630	158574	90679	69579	138472,138900,140627,139128,133431,132761,132761	3	40	25633,31542,57735,108875,19349,0,0	50	16328
161496	1096	1485	1551	103	127	11	6	6	10085	897	1883	612	1985	47	61	791	305	4074	0,0,18,81,0,0	10873	0	650	158748	91158	69579	138410,138837,140566,139287,133587,132898,132898	3	27	25633,31542,57735,108956,19893,0,0	47	16198
161547	1134	1516	1588	111	132	10	6	4	9915	898	1885	602	1940	45	56	807	313	4184	0,0,17,82,0,0	10895	0	670	158944	91640	69579	138365,138792,140523,139451,133754,133045,133045	3	32	25633,31542,57735,109036,20465,0,0	43	16041
161754	984	1595	1585	110	115	9	5	5	9797	898	1889	614	1901	24	49	808	299	4104	0,0,16,83,0,0	19989	0	514	159071	92033	69579	138273,138701,140435,139533,133840,133110,133110	3	24	25633,31542,57735,109091,20907,0,0	39	15939
161890	874	1638	1605	113	116	6	5	5	9700	898	1896	599	1956	29	39	786	269	4088	0,0,15,84,0,0	20167	0	550	159223	92434	69579	138200,138629,140365,139652,133963,133212,133212	3	26	25633,31542,57735,109134,21400,0,0	29	15811
161907	991	1524	1642	125	118	5	6	6	9624	898	1900	609	1965	38	46	776	256	4155	0,0,14,85,0,0	10683	0	685	159425	92918	69579	138177,138605,140341,139834,134157,133381,133381	3	37	25633,31542,57735,109200,21994,0,0	31	15656
161958	1095	1459	1688	130	122	4	7	6	9477	899	1901	606	2036	41	59	788	272	4233	0,0,13,86,0,0	10910	0	679	159621	93406	69579	138131,138557,140294,140000,134336,133536,133536	3	24	25633,31542,57735,109264,22592,0,0	27	15499
162016	1063	1456	1690	111	125	8	8	5	9458	899	1907	603	1986	35	58	798	273	4188	0,0,12,87,0,0	10952	0	583	159794	93822	69579	138087,138513,140251,140141,134489,133667,133667	3	36	25633,31542,57735,109327,23099,0,0	28	15367
162013	1051	1519	1626	113	121	6	6	5	9474	899	1913	594	1955	39	50	783	271	4171	0,0,11,88,0,0	10920	0	636	159945	94310	69579	138061,138487,140224,140279,134640,133796,133796	3	24	25633,31542,57735,109362,23674,0,0	27	15254
162075	1058	1545	1605	106	125	6	7	5	9399	899	1916	634	1972	36	47	784	262	4190	0,0,10,89,0,0	10778	0	633	160107	94782	69579	138011,138436,140174,140415,134794,133923,133923	3	27	25633,31542,57735,109385,24261,0,0	22	15121
162212	992	1506	1608	114	111	7	5	7	9364	899	1921	638	2042	24	42	765	235	4108	0,0,9,90,0,0	20054	0	521	160229	95189	69579	137943,138371,140114,140500,134893,133996,133996	3	32	25633,31542,57735,109417,24739,0,0	28	15023
162360	896	1449	1703	125	115	7	5	6	9256	899	1925	630	2031	40	52	742	239	4061	0,0,9,90,0,0	20019	0	517	160348	95589	69579	137865,138297,140037,140587,134998,134074,134074	3	37	25633,31542,57735,109453,25208,0,0	30	14922
162377	938	1461	1660	115	119	8	6	4	9232	899	1927	645	1973	33	62	748	265	4042	0,0,8,91,0,0	10646	0	624	160502	96062	69579	137827,138259,139999,140717,135149,134197,134197	2	23	25633,31542,57735,109477,25787,0,0	27	14809
162405	996	1368	1632	110	115	8	5	5	9266	899	1937	649	1985	38	60	760	263	3971	0,0,7,92,0,0	10822	0	574	160646	96497	69579	137777,138209,139950,140837,135286,134310,134310	2	24	25633,31542,57735,109509,26320,0,0	26	14691
162409	994	1391	1570	114	118	8	5	5	9292	900	1940	690	1991	36	41	761	242	3958	0,0,7,92,0,0	10927	0	587	160811	96930	69579	137733,138165,139904,140964,135434,134432,134432	2	29	25633,31542,57735,109536,26870,0,0	22	14564
162526	962	1407	1536	102	111	9	8	5	9237	900	1943	699	1902	28	49	769	241	3894	0,0,6,93,0,0	10900	0	536	160958	97323	69579	137667,138097,139838,141062,135556,134523,134523	2	26	25633,31542,57735,109564,27363,0,0	29	14454
162543	957	1389	1520	101	124	8	8	3	9245	901	1947	655	1971	30	54	752	238	3869	0,0,6,93,0,0	10857	0	562	161109	97739	69579	137629,138060,139802,141184,135698,134640,134640	2	32	25633,31542,57735,109582,27892,0,0	33	14330
162732	850	1355	1519	111	111	5	7	4	9201	902	1949	670	2071	34	47	727	230	3728	0,0,5,94,0,0	20111	0	415	161204	98061	69579	137535,137968,139712,141227,135760,134674,134674	2	27	25633,31542,57735,109596,28283,0,0	24	14250
162944	763	1354	1514	106	109	6	5	5	9085	903	1952	675	1854	38	41	717	211	3646	0,0,5,94,0,0	20117	0	475	161310	98432	69579	137433,137865,139614,141292,135847,134727,134727	2	29	25633,31542,57735,109614,28728,0,0	22	14163
163003	821	1234	1534	99	91	7	5	4	9088	903	1957	683	2029	27	53	727	212	3579	0,0,5,94,0,0	10919	0	500	161447	98800	69579	137370,137800,139550,141388,135962,134816,134816	2	19	25633,31542,57735,109633,29193,0,0	24	14051
163151	825	1186	1441	105	98	5	6	3	9064	903	1959	667	1994	46	41	711	203	3463	0,0,5,94,0,0	10890	0	472	161571	99151	69579	137294,137725,139478,141461,136060,134881,134881	2	23	25633,31542,57735,109646,29644,0,0	27	13954
163341	798	1159	1406	104	89	8	5	3	8966	904	1963	660	1950	30	53	719	217	3352	0,0,4,95,0,0	10736	0	444	161699	99468	69579	137208,137637,139396,141529,136147,134939,134939	2	15	25633,31542,57735,109653,30065,0,0	26	13851
163543	706	1160	1366	93	89	6	3	3	8904	906	1967	649	1982	20	40	697	207	3216	0,0,3,96,0,0	10832	0	385	161801	99753	69579	137108,137537,139300,141563,136199,134964,134964	2	15	25633,31542,57735,109657,30428,0,0	21	13768
163692	703	1120	1307	87	97	7	3	3	8848	906	1973	638	1939	28	50	672	210	3114	0,0,3,96,0,0	10789	0	419	161896	100088	69579	137015,137447,139210,141613,136273,135007,135007	2	24	25633,31542,57735,109660,30836,8,0	19	13689
163943	651	1017	1281	94	103	8	2	3	8759	907	1978	640	1949	19	30	658	214	2942	0,0,2,96,0,0	20271	0	320	161962	100345	69579	136904,137337,139102,141615,136295,135000,135000	2	20	25633,31542,57735,109663,31140,10,0	17	13637
164238	553	987	1212	88	91	8	1	3	8679	907	1979	656	1991	20	40	638	192	2748	0,0,2,96,0,0	20176	0	307	162043	100580	69579	136782,137216,138985,141628,136328,135002,135002	2	21	25633,31542,57735,109666,31433,18,0	21	13572
164497	540	947	1135	80	85	11	1	4	8555	907	1984	621	2009	26	39	613	179	2620	0,0,2,96,0,0	10756	0	322	162127	100830	69579	136664,137098,138872,141637,136361,135003,135003	2	11	25633,31542,57735,109669,31748,24,0	20	13505
164793	543	840	1111	83	78	9	2	3	8389	907	1988	621	1958	18	34	591	162	2504	0,0,2,96,1,0	10637	0	307	162199	101069	69579	136548,136981,138760,141633,136379,134987,134987	2	17	25633,31542,57735,109672,32037,30,0	25	13449
165070	509	795	1036	73	74	6	2	3	8281	907	1990	648	1954	27	39	575	152	2343	0,0,2,96,1,0	10579	0	272	162262	101284	69579	136423,136858,138644,141617,136385,134964,134964	1	13	25633,31542,57735,109677,32289,42,0	21	13400
165394	461	777	957	69	74	6	2	2	8106	907	1991	655	2026	24	33	547	154	2192	0,0,1,96,1,0	10684	0	240	162320	101473	69579	136287,136723,138514,141583,136370,134919,134919	1	8	25633,31542,57735,109679,32518,49,0	22	13352
165701	431	719	919	65	74	5	2	2	7927	907	1994	666	1891	15	34	544	155	2060	0,0,1,96,2,0	10865	0	225	162377	101646	69579	136147,136584,138380,141553,136359,134879,134879	1	9	25633,31542,57735,109679,32732,57,0	17	13304
166026	385	633	896	70	73	5	2	2	7752	907	1995	666	1902	13	25	504	143	1921	0,0,1,96,2,0	19941	0	189	162405	101813	69579	136014,136451,138252,141497,136322,134813,134813	1	11	25633,31542,57735,109679,32907,70,0	12	13280
166396	337	583	853	72	69	6	1	1	7520	908	2000	650	1972	13	32	481	147	1774	0,0,1,95,3,0	19941	0	187	162453	101956	69579	135873,136310,138119,141452,136298,134757,134757	1	7	25633,31542,57735,109681,33081,79,0	12	13239
166693	323	531	782	69	55	5	2	1	7371	908	2006	639	2019	15	32	463	125	1642	0,0,0,95,3,0	10606	0	192	162494	102110	69579	135740,136178,137990,141400,136268,134698,134698	1	9	25633,31542,57735,109681,33260,87,0	15	13210
167033	290	519	692	67	45	2	4	1	7176	908	2009	619	1959	10	21	450	115	1504	0,0,0,94,4,0	10534	0	145	162538	102222	69579	135592,136029,137847,141337,136226,134625,134625	1	4	25633,31542,57735,109682,33387,107,0	12	13173
167356	238	489	646	66	32	1	3	2	6994	908	2011	633	1777	7	24	424	104	1371	0,0,0,93,5,0	10487	0	131	162577	102322	69579	135454,135894,137715,141270,136177,134551,134551	1	2	25633,31542,57735,109682,33507,124,0	15	13140
167726	213	448	590	58	32	1	5	2	6744	908	2019	642	1784	8	17	386	88	1259	0,0,0,92,6,0	10528	0	126	162605	102425	69579	135298,135740,137566,141192,136118,134463,134463	0	8	25633,31542,57735,109683,33623,134,0	15	13119
168084	213	393	566	43	32	4	4	3	6475	909	2020	632	1747	6	18	357	75	1180	0,0,0,92,7,0	10435	0	130	162637	102530	69579	135145,135589,137418,141117,136060,134378,134377	0	6	25633,31542,57735,109683,33742,147,0	14	13089
168409	206	340	518	41	32	4	3	3	6258	909	2023	630	1981	14	19	329	72	1072	0,0,0,90,8,0	19923	0	113	162668	102617	69579	135014,135459,137292,141041,136001,134294,134293	0	7	25633,31542,57735,109683,33839,163,0	20	13062
168783	187	315	466	42	31	4	3	3	5980	909	2023	618	1959	4	18	314	76	972	0,0,0,90,9,0	19663	0	92	162690	102693	69579	134863,135310,137146,140956,135933,134199,134198	0	4	25633,31542,57735,109684,33917,177,0	15	13043
169111	167	297	427	38	33	4	3	3	5728	909	2026	607	1981	9	18	290	77	892	0,0,0,89,10,0	10323	0	92	162715	102764	69579	134713,135161,137001,140874,135865,134108,134106	0	6	25633,31542,57735,109684,33991,191,0	14	13023
169434	149	282	375	34	27	3	3	4	5496	909	2030	595	1987	10	16	283	67	806	0,0,0,88,11,0	10307	0	83	162732	102834	69579	134565,135013,136858,140779,135785,134005,134003	0	2	25633,31542,57735,109685,34059,203,0	9	13010
169715	155	241	348	26	27	3	3	4	5280	909	2035	573	1911	9	18	268	64	739	0,0,0,85,13,0	10306	0	82	162751	102901	69579	134430,134879,136728,140693,135714,133912,133910	0	6	25633,31542,57735,109685,34124,220,0	12	12995
170021	152	245	304	25	22	3	3	2	5023	909	2037	579	1723	5	10	248	55	699	0,0,0,85,14,0	10223	0	90	162765	102982	69579	134287,134737,136591,140606,135642,133818,133815	0	3	25633,31542,57735,109685,34199,236,0	9	12983
170345	132	251	277	17	20	3	3	2	4749	909	2038	629	1958	4	18	238	56	647	0,0,0,84,15,0	10206	0	69	162786	103033	69579	134138,134590,136446,140512,135563,133716,133713	0	3	25633,31542,57735,109685,34253,250,0	7	12964
170631	117	232	262	26	22	2	2	3	4500	909	2040	602	1823	3	5	213	48	615	0,0,0,82,17,0	19567	0	59	162806	103079	69579	134007,134460,136320,140429,135491,133625,133622	0	1	25633,31542,57735,109685,34297,267,0	5	12948
170910	103	201	264	20	24	3	2	3	4263	909	2044	606	1891	4	11	205	46	571	0,0,0,80,19,0	19391	0	56	162816	103129	69579	133873,134328,136192,140339,135414,133528,133525	0	3	25633,31542,57735,109685,34335,287,0	6	12940
171174	83	184	255	13	23	4	2	3	4047	910	2048	629	1988	3	10	191	39	525	0,0,0,79,20,0	10296	0	46	162827	103167	69579	133735,134190,136058,140239,135326,133422,133418	0	1	25633,31542,57735,109685,34367,301,0	4	12930
171380	130	172	235	11	19	3	1	4	3827	910	2054	648	1753	1	9	173	35	536	0,0,0,76,23,0	10261	0	114	162850	103262	69579	133617,134074,135944,140169,135271,133348,133344	0	9	25633,31542,57735,109685,34439,337,0	5	12912
171554	169	163	208	7	20	2	1	3	3649	910	2060	656	1870	7	5	151	28	542	0,0,0,75,24,0	10190	0	105	162877	103341	69579	133508,133965,135836,140104,135218,133279,133275	0	3	25633,31542,57735,109685,34514,365,0	5	12891
171736	170	200	197	10	15	2	1	3	3436	910	2066	676	1762	3	11	149	34	561	0,0,0,73,26,0	10280	0	95	162906	103412	69579	133399,133857,135730,140034,135160,133206,133201	0	5	25633,31542,57735,109685,34580,395,0	4	12866
171909	162	240	208	10	14	2	0	2	3218	911	2070	693	1971	4	3	135	28	608	0,0,0,70,29,0	10290	0	103	162938	103489	69579	133283,133741,135617,139970,135107,133137,133131	0	5	25633,31542,57735,109685,34646,436,0	3	12842
172049	163	240	224	11	11	2	0	1	3062	911	2072	691	1857	6	6	118	23	628	0,0,0,67,32,0	19551	0	97	162966	103561	69579	133184,133643,135521,139910,135056,133074,133068	0	7	25633,31542,57735,109685,34698,480,0	6	12817
172191	175	233	267	16	10	3	0	1	2866	911	2073	682	1973	6	5	112	29	675	0,0,0,65,34,0	19558	0	112	162986	103657	69579	133085,133544,135424,139850,135009,133013,133006	0	8	25633,31542,57735,109685,34764,526,0	5	12802
172255	213	246	254	22	11	2	0	1	2755	911	2076	711	2084	4	5	99	33	715	0,0,0,63,36,0	10143	0	140	163019	103767	69579	133003,133461,135341,139806,134976,132968,132961	0	1	25633,31542,57735,109685,34846,583,0	6	12776
172337	229	259	253	23	14	2	0	1	2640	911	2077	708	1800	4	7	101	40	740	0,0,0,61,38,0	10203	0	119	163052	103861	69579	132917,133375,135256,139755,134934,132915,132908	0	8	25633,31542,57735,109685,34912,639,0	8	12750
172430	219	301	258	20	10	1	1	1	2516	911	2078	700	1758	6	10	102	31	779	0,0,0,59,40,0	10309	0	127	163077	103971	69579	132824,133283,135165,139700,134888,132858,132849	0	6	25633,31542,57735,109685,34978,702,0	2	12731
172488	245	307	253	21	14	1	1	1	2419	911	2085	690	1821	7	9	101	34	808	0,0,0,57,42,0	10213	0	142	163107	104090	69579	132740,133198,135080,139653,134851,132811,132801	0	6	25633,31542,57735,109685,35049,776,0	3	12710
172527	263	321	280	27	23	1	2	1	2304	911	2086	679	1769	7	10	104	38	879	0,0,0,55,44,0	10131	0	152	163144	104210	69579	132656,133113,134996,139615,134822,132772,132762	0	7	25633,31542,57735,109685,35119,859,0	5	12681
172567	249	322	334	26	25	1	2	0	2220	911	2089	666	2012	13	14	114	47	912	0,0,0,54,45,0	19328	0	133	163176	104319	69579	132577,133034,134917,139578,134794,132733,132722	0	9	25633,31542,57735,109685,35189,928,0	7	12657
172587	264	347	329	25	22	1	2	0	2163	911	2095	693	1925	11	8	121	51	939	0,0,0,52,47,0	19437	0	155	163210	104445	69579	132511,132967,134851,139551,134776,132706,132694	0	7	25633,31542,57735,109685,35271,999,0	8	12631
172587	308	325	345	31	23	1	1	1	2115	911	2098	693	1923	7	12	137	52	982	0,0,0,52,47,0	10271	0	171	163244	104590	69579	132437,132893,134776,139516,134751,132674,132661	0	8	25633,31542,57735,109685,35351,1091,0	7	12605
172571	314	375	365	35	20	2	1	1	2052	911	2099	702	1967	4	7	140	52	1060	0,0,0,49,50,0	10165	0	183	163286	104735	69579	132369,132826,134707,139494,134737,132653,132639	0	6	25633,31542,57735,109685,35422,1203,0	4	12571
172500	337	422	359	46	19	1	0	2	2047	911	2102	712	1933	12	16	149	56	1128	0,0,0,47,52,0	10259	0	213	163339	104898	69579	132321,132777,134658,139492,134744,132653,132638	0	13	25633,31542,57735,109685,35503,1336,0	2	12525
172452	357	446	378	40	30	1	1	1	2025	911	2104	692	1999	6	14	161	56	1197	0,0,0,46,53,0	10119	0	205	163381	105070	69579	132261,132716,134597,139476,134737,132641,132624	0	10	25633,31542,57735,109685,35591,1452,0	6	12490
172379	360	492	412	41	36	1	1	0	2004	911	2109	693	2015	8	16	168	59	1284	0,0,0,45,54,0	10245	0	228	163438	105249	69579	132212,132668,134547,139474,134744,132643,132624	0	10	25633,31542,57735,109685,35676,1594,0	7	12444
172310	368	512	453	33	40	0	0	1	2007	911	2111	703	1921	18	19	177	58	1348	0,0,0,42,57,0	19536	0	220	163486	105426	69579	132166,132622,134500,139475,134756,132649,132628	0	12	25633,31542,57735,109685,35744,1749,0	9	12406
172242	361	531	491	38	40	0	1	1	2018	911	2112	704	1827	17	14	192	60	1402	0,0,0,40,59,0	19398	0	215	163529	105603	69579	132120,132576,134453,139466,134756,132645,132622	0	12	25633,31542,57735,109685,35821,1890,0	9	12373
172109	415	555	518	38	39	1	1	1	2044	911	2114	689	2057	13	31	224	84	1483	0,0,0,38,61,0	10464	0	283	163589	105839	69579	132091,132546,134423,139495,134793,132680,132654	1	14	25633,31542,57735,109685,35913,2089,0	14	12325
171952	475	592	532	40	37	1	1	1	2085	911	2119	681	1914	10	15	224	82	1596	0,0,0,37,62,0	10429	0	295	163662	106067	69579	132065,132520,134394,139527,134836,132719,132691	1	12	25633,31542,57735,109685,36009,2284,0	11	12269
171811	506	630	562	43	33	1	1	1	2122	911	2125	713	1761	13	23	241	78	1698	0,0,0,35,64,0	10350	0	301	163723	106312	69579	132033,132488,134359,139553,134870,132753,132722	1	19	25633,31542,57735,109685,36093,2498,0	14	12219
171597	535	681	606	47	49	1	1	1	2189	911	2128	733	2040	21	14	241	80	1840	0,0,0,33,66,0	10459	0	341	163788	106595	69579	132022,132476,134345,139591,134918,132801,132767	1	18	25633,31542,57735,109685,36187,2749,0	17	12167
171351	583	765	656	49	42	1	2	1	2253	911	2132	733	1972	13	25	266	92	2006	0,0,0,31,68,0	10408	0	388	163864	106916	69579	132022,132476,134340,139655,134993,132877,132839	1	18	25633,31542,57735,109685,36289,3033,0	14	12101
171186	578	814	721	43	43	1	2	1	2310	911	2136	697	1833	27	17	268	90	2112	0,0,0,30,69,0	19639	0	327	163937	107173	69579	132005,132458,134320,139697,135044,132928,132886	1	21	25633,31542,57735,109685,36368,3278,0	19	12040
170978	588	840	788	47	42	1	2	1	2407	911	2141	693	2002	26	26	293	107	2201	0,0,0,29,70,0	19779	0	363	164013	107463	69579	132006,132460,134319,139757,135114,132998,132952	1	22	25633,31542,57735,109685,36448,3559,0	20	11978
170684	666	865	833	48	43	1	2	2	2544	911	2147	691	1876	25	18	307	113	2345	0,0,0,28,71,0	10354	0	442	164091	107831	69579	132017,132469,134325,139843,135213,133098,133047	1	25	25633,31542,57735,109685,36559,3890,0	21	11916
170344	788	926	822	55	48	2	2	2	2694	911	2152	677	1957	22	31	344	133	2510	0,0,0,26,73,0	10516	0	507	164214	108220	69579	132054,132505,134355,139965,135347,133235,133179	1	21	25633,31542,57735,109685,36667,4286,0	22	11820
170025	854	984	853	66	55	2	2	2	2835	911	2157	653	1971	20	21	359	133	2683	0,0,0,25,74,0	10430	0	478	164317	108602	69579	132079,132528,134374,140065,135458,133351,133289	1	24	25633,31542,57735,109685,36765,4667,0	20	11734
169640	880	1150	929	74	56	1	1	3	2940	911	2161	679	1956	27	33	367	145	2946	0,0,0,24,75,0	10554	0	567	164411	109083	69579	132120,132569,134409,140195,135602,133499,133431	2	30	25633,31542,57735,109685,36877,5124,0	20	11654
169193	980	1211	1027	84	62	1	2	3	3110	911	2162	687	1939	32	24	383	152	3215	0,0,0,22,77,0	10444	0	602	164521	109583	69579	132179,132626,134458,140341,135762,133664,133591	2	23	25633,31542,57735,109685,36972,5628,0	25	11569
168919	900	1285	1123	90	57	3	2	2	3291	911	2163	660	1949	42	34	407	155	3305	0,0,0,20,79,0	19611	0	479	164619	109971	69579	132190,132639,134466,140446,135876,133784,133702	2	30	25633,31542,57735,109685,37042,6035,0	20	11487
168554	901	1380	1225	88	61	4	1	3	3454	911	2164	676	1919	25	44	452	180	3480	0,0,0,19,80,0	19780	0	589	164743	110445	69579	132246,132696,134516,140592,136036,133949,133859	2	27	25633,31542,57735,109685,37148,6521,0	26	11387
168020	1083	1390	1338	89	66	4	1	2	3671	911	2171	647	2071	32	43	465	181	3790	0,0,0,18,81,0	10541	0	730	164885	111042	69579	132332,132781,134591,140790,136252,134173,134075	2	29	25633,31542,57735,109685,37249,7146,0	25	11264
167483	1228	1420	1389	81	73	3	4	2	3977	911	2175	647	1987	31	31	490	170	4028	0,0,0,17,82,0	10516	0	755	165040	111654	69579	132432,132879,134683,141000,136479,134409,134302	2	31	25633,31542,57735,109685,37342,7809,0	31	11140
166972	1259	1580	1444	75	86	4	3	3	4229	911	2180	648	2049	37	39	505	177	4274	0,0,0,16,83,0	10573	0	752	165204	112252	69579	132514,132961,134757,141220,136716,134653,134537	2	30	25633,31542,57735,109685,37450,8455,0	35	10999
166359	1321	1750	1514	80	86	3	3	1	4532	911	2186	630	1951	38	38	532	187	4570	0,0,0,15,84,0	10599	0	844	165389	112922	69579	132640,133086,134871,141477,136994,134940,134814	2	38	25633,31542,57735,109685,37550,9200,0	39	10843
165659	1464	1892	1592	101	98	3	3	1	4836	911	2186	658	1879	38	37	546	194	4959	0,0,0,14,85,0	10756	0	952	165567	113699	69579	132773,133216,134992,141760,137296,135256,135119	2	41	25633,31542,57735,109685,37657,10038,0	37	10707
165113	1456	1975	1789	122	98	3	3	0	5084	911	2192	679	2040	38	51	587	211	5235	0,0,0,13,86,0	19893	0	823	165736	114366	69579	132890,133330,135100,142006,137559,135532,135381	3	37	25633,31542,57735,109685,37734,10790,0	45	10574
164470	1497	2068	1885	124	123	4	1	2	5467	911	2194	665	1980	60	49	609	223	5479	0,0,0,12,87,0	20141	0	938	165908	115136	69579	133022,133460,135218,142293,137866,135853,135687	3	37	25633,31542,57735,109685,37824,11635,0	50	10430
163651	1703	2151	1999	125	129	7	1	2	5865	911	2202	667	1940	48	72	685	268	5847	0,0,0,11,88,0	10682	0	1106	166091	116069	69579	133198,133632,135380,142615,138212,136215,136037	3	64	25633,31542,57735,109685,37919,12643,0	51	10279
162845	1894	2200	2135	138	165	7	1	2	6240	911	2208	674	2004	48	64	733	288	6252	0,0,0,10,89,0	10949	0	1143	166304	117008	69579	133389,133822,135561,142972,138595,136615,136421	3	63	25633,31542,57735,109685,38010,13694,0	59	10100
162026	1971	2420	2205	135	170	5	2	2	6686	911	2213	669	1992	64	93	800	312	6596	0,0,0,10,89,0	10899	0	1158	166482	117998	69579	133573,134002,135727,143295,138942,136982,136772	4	50	25633,31542,57735,109685,38095,14764,0	59	9955
161082	2084	2712	2307	141	168	4	2	3	7117	911	2215	630	1966	65	72	858	335	7083	0,0,0,9,90,0	10993	0	1333	166728	119099	69579	133807,134227,135944,143711,139382,137447,137218	4	74	25633,31542,57735,109685,38202,15984,0	56	9750
160106	2239	2886	2503	151	182	5	0	5	7539	911	2219	663	1909	60	79	930	353	7613	0,0,0,8,91,0	10822	0	1379	166973	120245	69579	134050,134467,136169,144134,139831,137922,137673	4	48	25633,31542,57735,109685,38288,17271,0	54	9545
159277	2246	2959	2759	175	204	5	1	4	7982	911	2223	643	2017	84	80	987	393	7956	0,0,0,8,91,0	20375	0	1253	167206	121277	69579	134256,134671,136361,144527,140251,138363,138095	5	72	25633,31542,57735,109685,38368,18443,0	56	9341
158406	2227	3126	2835	189	207	5	2	3	8606	911	2229	668	1974	82	91	1075	409	8182	0,0,0,7,92,0	20339	0	1294	167446	122352	69579	134476,134890,136565,144916,140667,138803,138513	5	75	25633,31542,57735,109685,38452,19653,0	72	9143
157308	2452	3209	3048	193	197	10	2	4	9177	911	2235	648	1926	96	89	1164	441	8670	0,0,0,7,92,0	11234	0	1576	167721	123669	69579	134757,135168,136829,145413,141194,139363,139047	6	83	25633,31542,57735,109685,38545,21130,0	75	8918
156211	2732	3210	3277	212	199	11	2	4	9738	911	2239	684	1987	82	102	1256	460	9183	0,0,0,6,93,0	11238	0	1631	167998	125039	69579	135046,135453,137098,145923,141734,139939,139594	6	89	25633,31542,57735,109685,38614,22687,0	80	8687
155141	2799	3485	3345	229	222	11	3	4	10351	911	2245	675	1981	87	109	1337	502	9592	0,0,0,6,93,0	11379	0	1654	168276	126427	69579	135320,135723,137355,146423,142266,140508,140133	6	88	25633,31542,57735,109685,38687,24248,0	96	8450
154027	2857	3789	3447	239	243	10	4	5	10965	911	2249	671	2018	101	107	1393	519	10070	0,0,0,6,93,0	11462	0	1730	168547	127901	69579	135614,136015,137631,146938,142814,141097,140689	7	92	25633,31542,57735,109685,38773,25869,0	86	8221
152865	3048	4009	3620	232	238	11	3	6	11553	911	2250	635	1993	99	123	1473	543	10618	0,0,0,5,94,0	11614	0	1823	168811	129481	69579	135917,136312,137914,147459,143371,141697,141254	7	82	25633,31542,57735,109685,38838,27616,0	97	7992
151952	2882	4125	3886	234	246	13	4	6	12230	911	2257	616	1953	121	110	1520	554	10836	0,0,0,5,94,0	20714	0	1583	169073	130819	69579	136147,136542,138131,147938,143877,142241,141762	7	82	25633,31542,57735,109685,38920,29098,0	110	7769
150975	2781	4260	4099	267	260	16	3	6	12908	911	2260	628	1942	111	125	1612	609	11077	0,0,0,5,94,0	20730	0	1660	169338	132234	69579	136400,136792,138371,148435,144404,142808,142293	8	122	25633,31542,57735,109685,38990,30676,0	111	7536
149745	3061	4326	4312	270	286	20	3	4	13547	911	2261	623	1964	110	114	1692	630	11648	0,0,0,5,94,0	11862	0	2040	169636	133992	69579	136748,137137,138702,149005,145011,143471,142909	8	106	25633,31542,57735,109685,39070,32616,0	119	7288
148467	3329	4394	4387	263	304	18	2	5	14401	911	2265	622	1981	129	148	1790	638	12059	0,0,0,4,95,0	11919	0	2065	169950	135757	69579	137106,137494,139041,149620,145664,144175,143570	9	102	25633,31542,57735,109685,39137,34582,0	118	7019
147231	3410	4612	4569	297	308	14	5	5	15116	911	2268	603	1999	124	122	1863	666	12549	0,0,0,4,95,0	12048	0	2055	170252	137529	69579	137467,137847,139382,150221,146297,144866,144217	9	101	25633,31542,57735,109685,39196,36550,0	109	6773
146065	3518	4725	4705	328	321	14	6	5	15879	911	2269	611	1979	127	161	1944	710	12907	0,0,0,4,95,0	11928	0	2060	170557	139303	69579	137802,138177,139698,150784,146897,145524,144827	9	128	25633,31542,57735,109685,39266,38512,0	106	6507
144869	3540	4923	4846	323	316	24	6	5	16712	911	2271	619	1990	126	158	2031	728	13250	0,0,0,3,96,0	12264	0	2133	170834	141173	69579	138153,138519,140029,151361,147512,146200,145451	10	123	25633,31542,57735,109685,39333,40519,0	106	6276
143960	3390	5050	4959	311	308	25	9	4	17548	911	2271	620	2016	139	133	2066	731	13321	0,0,0,3,96,0	21288	0	1884	171111	142796	69579	138409,138774,140273,151866,148048,146794,145991	10	116	25633,31542,57735,109685,39390,42306,0	113	6032
143101	3233	5059	5194	329	329	25	8	5	18279	912	2272	604	1875	121	136	2126	777	13400	0,0,0,3,96,0	21448	0	1901	171370	144456	69579	138651,139010,140502,152343,148553,147363,146503	10	97	25633,31542,57735,109685,39434,44133,0	110	5807
141941	3499	5024	5203	351	327	27	6	5	19175	912	2276	601	1918	127	164	2181	781	13656	0,0,0,3,96,0	12381	0	2235	171612	146468	69579	138987,139342,140819,152862,149110,147991,147072	10	117	25633,31542,57735,109685,39488,46258,0	109	5605
140902	3642	4902	5286	364	322	26	8	6	20098	912	2278	594	1986	145	169	2238	781	13769	0,0,0,3,96,0	12416	0	2105	171841	148364	69579	139298,139655,141115,153357,149646,148595,147615	10	100	25633,31542,57735,109685,39527,48286,0	107	5403
140072	3514	5034	5420	346	342	26	8	5	20785	912	2282	582	1990	133	146	2279	790	13900	0,0,0,2,97,0	12357	0	2045	172080	150187	69579	139563,139919,141368,153825,150146,149172,148123	10	105	25633,31542,57735,109685,39582,50226,0	108	5203
139260	3438	5146	5334	341	360	20	9	5	21636	912	2285	584	1946	137	173	2347	794	13854	0,0,0,2,97,0	12395	0	2022	172313	151994	69579	139835,140193,141638,154279,150634,149732,148617	10	117	25633,31542,57735,109685,39611,52151,0	95	5007
138526	3438	5159	5414	343	371	22	9	5	22260	912	2287	592	1945	136	173	2386	816	13940	0,0,0,2,97,0	12518	0	2045	172540	153830	69579	140080,140438,141872,154711,151099,150276,149089	11	116	25633,31542,57735,109685,39642,54104,0	111	4812
138006	3332	4912	5542	347	366	21	7	9	23000	913	2291	587	1973	128	138	2409	810	13717	0,0,0,2,97,0	21810	0	1824	172733	155480	69579	140247,140606,142033,155086,151497,150750,149492	11	117	25633,31542,57735,109685,39682,55814,0	118	4638
137651	3081	4856	5564	359	370	18	9	7	23625	913	2293	593	1926	115	167	2421	808	13449	0,0,0,2,97,0	21644	0	1752	172931	157049	69579	140409,140767,142194,155431,151864,151198,149860	11	102	25633,31542,57735,109685,39713,57475,0	121	4472
137109	3156	4770	5419	373	371	17	11	8	24304	913	2295	590	2014	129	170	2416	814	13303	0,0,0,2,97,0	12435	0	1969	173110	158857	69579	140587,140949,142362,155802,152258,151680,150262	11	99	25633,31542,57735,109685,39739,59352,0	108	4309
136702	3326	4587	5282	381	369	17	10	7	24856	913	2296	595	1980	153	174	2438	817	13155	0,0,0,1,98,0	12438	0	1942	173294	160623	69579	140759,141117,142526,156164,152641,152154,150650	10	97	25633,31542,57735,109685,39773,61165,0	106	4156
136467	3160	4635	5222	369	366	18	10	8	25278	913	2300	593	1931	86	189	2524	854	12926	0,0,0,1,98,0	12632	0	1773	173457	162245	69579	140882,141241,142644,156491,152982,152578,150991	10	91	25633,31542,57735,109685,39810,62797,0	112	4018
136156	3009	4786	5022	358	357	14	9	8	25808	913	2306	588	1860	130	170	2486	799	12756	0,0,0,1,98,0	12667	0	1838	173618	163934	69579	141020,141377,142776,156809,153315,153004,151329	10	120	25633,31542,57735,109685,39824,64531,0	97	3878
135891	2975	4716	5094	363	375	13	9	10	26074	913	2313	570	1937	123	155	2470	794	12751	0,0,0,1,98,0	12606	0	1807	173784	165590	69579	141136,141493,142889,157113,153636,153415,151651	10	80	25633,31542,57735,109685,39842,66216,0	91	3743
135840	2835	4428	5254	357	359	13	10	7	26411	913	2319	568	2030	112	159	2461	782	12474	0,0,0,1,98,0	21772	0	1573	173918	167042	69579	141202,141559,142958,157355,153889,153756,151905	10	100	25633,31542,57735,109685,39862,67687,0	102	3631
135924	2695	4310	5118	364	344	17	11	8	26720	913	2322	572	1970	120	146	2420	762	12097	0,0,0,1,98,0	21785	0	1555	174048	168479	69579	141244,141604,143008,157570,154113,154070,152127	10	94	25633,31542,57735,109685,39877,69107,0	116	3516
135975	2733	4103	4994	349	320	21	9	9	26991	913	2329	567	1955	107	144	2383	733	11796	0,0,0,1,98,0	12419	0	1626	174166	169997	69579	141287,141644,143052,157776,154330,154380,152343	9	71	25633,31542,57735,109685,39892,70598,0	101	3423
136116	2650	3978	4775	331	301	22	6	12	27309	913	2333	545	1973	91	145	2360	719	11344	0,0,0,1,98,0	12341	0	1482	174281	171373	69579	141307,141662,143071,157958,154518,154655,152527	9	68	25633,31542,57735,109685,39908,71955,0	86	3329
136298	2504	3941	4593	322	311	20	8	13	27487	913	2336	562	1944	97	128	2314	678	11021	0,0,0,1,98,0	12398	0	1470	174390	172742	69579	141331,141687,143102,158127,154698,154926,152703	8	65	25633,31542,57735,109685,39924,73289,0	76	3239
136570	2447	3821	4445	292	346	18	11	11	27529	913	2343	572	1934	69	153	2266	683	10697	0,0,0,1,98,0	12435	0	1439	174494	174093	69579	141313,141670,143090,158300,154874,155192,152874	8	72	25633,31542,57735,109685,39934,74593,0	87	3153
136918	2418	3680	4403	295	337	17	13	11	27394	913	2347	563	1947	93	145	2189	677	10486	0,0,0,1,98,0	12244	0	1420	174623	175398	69579	141278,141636,143064,158467,155041,155451,153034	8	64	25633,31542,57735,109685,39940,75881,0	95	3037
137428	2215	3529	4274	286	312	17	14	11	27395	913	2352	561	2029	99	134	2094	663	9984	0,0,0,1,98,0	21506	0	1161	174705	176493	69579	141198,141555,142993,158571,155134,155634,153121	8	74	25633,31542,57735,109685,39951,76922,0	93	2964
138116	1953	3397	4133	269	305	18	13	11	27261	913	2357	560	1949	72	115	2024	620	9468	0,0,0,0,99,0	21284	0	1047	174790	177465	69579	141073,141433,142880,158634,155186,155775,153163	7	70	25633,31542,57735,109685,39957,77848,0	93	2890
138632	1982	3152	4053	259	286	15	12	11	27068	913	2363	569	1927	80	120	1970	571	9188	0,0,0,1,98,0	12095	0	1232	174874	178624	69579	140986,141348,142802,158728,155274,155955,153248	7	62	25633,31542,57735,109685,39968,78945,0	78	2814
139289	1958	2924	3878	261	274	18	9	15	26838	913	2369	562	1983	89	138	1921	569	8753	0,0,0,0,99,0	11911	0	1088	174938	179656	69579	140854,141218,142675,158780,155316,156084,153279	7	47	25633,31542,57735,109685,39975,79881,0	69	2761
139895	1899	2944	3634	236	247	14	8	15	26568	913	2373	607	1931	85	123	1902	552	8430	0,0,0,0,99,0	11867	0	1139	175000	180747	69579	140746,141116,142577,158845,155363,156227,153323	6	51	25633,31542,57735,109685,39980,80874,0	67	2708
140670	1876	2813	3461	222	227	9	6	14	26158	913	2377	574	1961	62	99	1844	528	8086	0,0,0,0,99,0	11960	0	1044	175052	181745	69579	140589,140959,142427,158870,155370,156332,153322	6	53	25633,31542,57735,109685,39995,81769,0	53	2666
141421	1757	2687	3352	211	235	10	5	14	25760	913	2381	552	2069	79	91	1772	512	7745	0,0,0,0,99,0	11920	0	935	175106	182633	69579	140431,140801,142278,158883,155368,156419,153311	6	49	25633,31542,57735,109685,39999,82589,0	49	2617
142330	1533	2596	3256	223	236	10	6	14	25245	913	2384	579	1908	65	68	1714	485	7375	0,0,0,0,99,0	21153	0	833	175157	183420	69579	140250,140616,142110,158874,155343,156481,153274	5	36	25633,31542,57735,109685,40005,83309,0	46	2568
143170	1428	2448	3125	224	229	10	6	15	24789	913	2389	585	1897	69	91	1645	463	7007	0,0,0,0,99,0	21090	0	820	175214	184191	69579	140077,140442,141947,158878,155328,156552,153247	5	48	25633,31542,57735,109685,40011,84023,0	44	2523
143986	1444	2292	2962	223	216	12	5	15	24285	913	2393	585	1993	48	101	1588	453	6701	0,0,0,0,99,0	11659	0	871	175274	185007	69579	139909,140278,141789,158891,155321,156635,153232	5	45	25633,31542,57735,109685,40017,84756,0	42	2471
144708	1442	2197	2803	205	199	12	5	15	23847	913	2400	594	1900	58	100	1533	431	6432	0,0,0,0,99,0	11732	0	874	175321	185840	69579	139763,140130,141656,158899,155315,156710,153217	5	41	25633,31542,57735,109685,40019,85498,0	34	2429
145570	1357	2119	2629	206	196	14	5	16	23318	913	2403	588	1993	32	86	1471	431	6095	0,0,0,0,99,0	11569	0	750	175350	186564	69579	139560,139931,141467,158867,155269,156742,153155	4	27	25633,31542,57735,109685,40023,86130,0	35	2408
146399	1266	2055	2498	188	192	15	7	10	22796	913	2407	586	1959	55	80	1384	414	5807	0,0,0,0,99,0	11600	0	716	175383	187254	69579	139367,139740,141287,158833,155215,156766,153093	4	31	25633,31542,57735,109685,40028,86713,0	46	2377
147208	1247	1966	2381	190	169	15	6	11	22227	913	2413	584	1962	43	84	1308	386	5588	0,0,0,0,99,0	11179	0	735	175415	187963	69579	139176,139552,141108,158802,155167,156795,153034	4	36	25633,31542,57735,109685,40033,87310,0	53	2352
148156	1163	1803	2321	182	164	15	4	12	21598	913	2415	579	1984	36	64	1228	357	5295	0,0,0,0,99,0	20651	0	615	175439	188557	69579	138946,139324,140891,158748,155088,156796,152942	4	32	25633,31542,57735,109685,40035,87815,0	45	2331
149073	1022	1786	2175	176	155	15	5	9	20999	913	2418	599	1908	39	68	1168	328	5006	0,0,0,0,99,0	20543	0	558	175474	189083	69579	138736,139116,140697,158703,155021,156801,152861	4	43	25633,31542,57735,109685,40036,88283,0	46	2299
149913	1010	1704	2083	181	142	13	5	9	20353	913	2420	603	1928	40	77	1134	313	4825	0,0,0,0,99,0	11245	0	638	175506	189693	69579	138523,138905,140496,158666,154957,156814,152789	3	23	25633,31542,57735,109685,40037,88794,0	46	2270
150755	1039	1580	1955	173	135	10	6	6	19752	913	2422	600	1978	39	72	1123	312	4586	0,0,0,0,99,0	11133	0	595	175537	190265	69579	138313,138695,140296,158619,154890,156820,152712	3	24	25633,31542,57735,109685,40038,89288,0	39	2242
151541	1005	1462	1902	169	140	12	5	7	19166	913	2424	602	2005	36	66	1085	301	4394	0,0,0,0,99,0	11215	0	564	175575	190795	69579	138114,138501,140109,158582,154834,156831,152646	3	30	25633,31542,57735,109685,40041,89748,0	38	2214
152327	906	1473	1782	162	124	11	5	6	18609	913	2428	587	1949	37	82	1051	299	4164	0,0,0,0,99,0	11169	0	505	175597	191284	69579	137912,138303,139919,158523,154758,156817,152559	3	25	25633,31542,57735,109685,40041,90139,0	39	2194
153172	840	1468	1670	148	128	5	5	6	17961	913	2430	592	1896	30	51	1002	288	3976	0,0,0,0,99,0	11029	0	503	175616	191772	69579	137694,138088,139713,158457,154667,156794,152458	3	17	25633,31542,57735,109685,40042,90528,0	34	2179
154150	756	1356	1635	132	127	5	6	5	17226	913	2435	592	1938	34	44	942	258	3759	0,0,0,0,99,0	20253	0	386	175630	192152	69579	137442,137841,139479,158373,154557,156754,152335	2	20	25633,31542,57735,109685,40045,90843,0	34	2166
155049	684	1240	1619	115	135	6	5	6	16535	913	2439	588	1901	32	64	922	255	3549	0,0,0,0,99,0	20428	0	408	175654	192537	69579	137211,137616,139265,158301,154459,156721,152225	2	32	25633,31542,57735,109685,40048,91155,0	36	2145
155827	724	1147	1502	113	124	7	5	6	15934	913	2444	617	1932	29	52	877	241	3381	0,0,0,0,99,0	11065	0	453	175673	192974	69579	137008,137413,139074,158238,154377,156699,152133	2	20	25633,31542,57735,109685,40050,91503,0	30	2127
156557	766	1043	1425	105	132	7	4	6	15338	913	2450	621	2033	30	56	865	231	3251	0,0,0,0,99,0	11092	0	447	175698	193408	69579	136805,137212,138883,158181,154296,156679,152043	2	21	25633,31542,57735,109685,40052,91874,0	38	2103
157268	747	1074	1329	102	125	6	4	5	14713	913	2460	630	1914	26	54	849	244	3143	0,0,0,0,99,0	10884	0	452	175719	193842	69579	136605,137013,138698,158127,154219,156662,151959	2	28	25633,31542,57735,109685,40053,92224,0	33	2084
158009	700	1105	1241	89	108	7	4	6	14100	913	2464	607	1798	26	37	801	215	3039	0,0,0,0,99,0	10970	0	394	175729	194227	69579	136400,136814,138509,158048,154121,156620,151851	2	12	25633,31542,57735,109685,40054,92517,0	26	2075
158750	642	1076	1210	76	108	6	5	5	13484	913	2471	596	1858	19	43	752	207	2916	0,0,0,0,99,0	10983	0	356	175739	194575	69579	136196,136612,138315,157969,154019,156574,151741	2	16	25633,31542,57735,109685,40055,92796,0	27	2067
159405	604	1036	1174	74	99	8	4	6	12951	913	2472	600	1932	23	35	707	188	2811	0,0,0,0,99,0	20082	0	342	175756	194908	69579	136015,136437,138149,157906,153938,156544,151650	2	21	25633,31542,57735,109685,40057,93066,0	37	2054
160121	562	969	1146	90	81	7	2	7	12375	913	2473	655	1976	27	30	646	172	2685	0,0,0,0,99,0	19992	0	299	175767	195203	69579	135819,136244,137966,157832,153845,156500,151545	2	14	25633,31542,57735,109685,40057,93306,0	39	2045
160740	562	906	1114	84	79	4	3	7	11860	913	2474	627	1880	25	44	637	173	2579	0,0,0,0,99,0	10716	0	346	175779	195540	69579	135638,136064,137795,157759,153756,156457,151447	2	19	25633,31542,57735,109685,40058,93556,0	33	2034
