S	E	I1	I2	I3	I4	I5_h	I6_h	R_h	R	D1	D2	H	T	P1	P2	Q	QT	NQ	MUT	HOM	VAC	NI	INF	REINF	BSTR	IMM	HCI	HCE	INFV	INFH	VNI
178181	100	110	57	38	42	9	2	0	205	2	0	196	0	0	0	54	54	304	0,0,0,0,0,0	178744	0	0	358	0	0	565,565,565,565,565,565,565	0	0	0,0,0,0,0,0,0	0	0
178130	75	162	69	30	38	10	2	0	226	2	2	302	257	1	68	131	60	326	0,0,0,0,0,0	12697	0	59	419	0	0	616,616,616,616,616,616,616	0	2	61,0,0,0,0,0,0	12	0
178065	94	178	83	33	43	12	2	0	230	2	4	402	253	0	11	260	73	372	0,0,0,0,0,0	12884	0	75	494	0	0	682,682,682,682,682,682,682	0	5	136,0,0,0,0,0,0	14	0
177991	111	180	99	43	53	11	2	0	245	2	9	468	252	1	12	344	91	408	0,0,0,0,0,0	12995	0	84	579	0	0	757,757,757,757,757,757,757	0	6	221,0,0,0,0,0,0	15	0
177925	118	198	100	52	56	11	2	0	270	2	12	518	140	1	15	402	109	428	0,0,0,0,0,0	25202	0	76	655	0	0	825,825,825,825,825,825,825	0	6	297,0,0,0,0,0,0	13	0
177856	124	218	107	55	57	10	4	0	299	2	14	574	118	2	22	523	138	437	0,0,0,0,0,0	24913	0	78	735	0	0	897,897,897,897,897,897,897	0	4	377,0,0,0,0,0,0	14	0
177783	137	227	121	60	65	9	4	0	319	2	19	624	267	0	14	924	156	467	0,0,0,0,0,0	13702	0	90	825	0	0	977,977,977,977,977,977,977	0	5	467,0,0,0,0,0,0	17	0
177708	137	265	124	51	58	7	5	0	366	2	23	668	87	2	16	1047	164	483	0,0,0,0,0,0	13931	0	94	918	1	0	1056,1056,1056,1055,1055,1055,1055	0	9	561,0,0,0,0,0,0	14	0
177632	145	266	133	61	64	8	8	1	400	2	26	703	261	2	19	1272	192	493	0,0,0,0,0,0	14175	0	91	1008	3	0	1140,1139,1139,1138,1138,1138,1138	0	6	653,0,0,0,0,0,0	15	0
177554	147	267	154	68	72	12	9	1	428	2	32	729	100	0	26	1420	237	492	0,0,0,0,0,0	14304	0	91	1100	3	0	1224,1224,1224,1222,1222,1222,1222	0	9	745,0,0,0,0,0,0	21	0
177464	160	283	156	71	79	18	11	1	467	2	34	736	253	0	27	1771	257	521	0,0,0,0,0,0	14809	0	106	1206	4	0	1321,1320,1320,1317,1317,1317,1317	0	7	852,0,0,0,0,0,0	31	0
177386	157	302	160	68	84	17	13	1	517	2	39	723	293	1	24	1685	268	533	0,0,0,0,0,0	26342	0	93	1299	4	0	1409,1407,1407,1402,1402,1402,1402	1	6	945,0,0,0,0,0,0	42	0
177323	143	301	170	74	88	20	12	1	567	3	44	734	97	0	15	1968	263	545	0,0,0,0,0,0	26668	0	81	1380	4	0	1485,1483,1483,1474,1474,1474,1474	1	5	1026,0,0,0,0,0,0	42	0
177252	140	293	178	87	101	19	12	1	612	3	48	721	244	0	27	2442	267	563	0,0,0,0,0,0	15016	0	104	1483	5	0	1578,1574,1574,1560,1560,1560,1560	1	6	1130,0,0,0,0,0,0	45	0
177141	165	325	192	75	104	20	11	2	656	3	52	730	308	0	31	2536	281	611	0,0,0,0,0,0	15428	0	145	1626	7	0	1709,1704,1704,1685,1685,1685,1685	1	8	1275,0,0,0,0,0,0	42	0
177019	197	346	200	83	103	19	10	2	708	5	54	694	276	2	27	2400	267	691	0,0,0,0,0,0	15482	0	152	1773	13	0	1848,1842,1842,1818,1818,1818,1818	1	11	1428,0,0,0,0,0,0	44	0
176927	201	364	205	93	100	21	9	0	764	6	56	691	92	1	33	2542	293	700	0,0,0,0,0,0	15392	0	125	1898	13	0	1963,1955,1955,1924,1924,1924,1924	1	11	1553,0,0,0,0,0,0	38	0
176831	209	379	218	100	107	24	9	0	799	7	63	688	272	3	34	2817	318	728	0,0,0,0,0,0	15621	0	140	2037	14	0	2093,2081,2081,2040,2040,2040,2040	1	14	1692,0,0,0,0,0,0	35	0
176748	220	409	225	94	99	27	11	0	838	7	68	707	261	1	37	2978	332	753	0,0,0,0,0,0	27487	0	137	2173	15	0	2219,2203,2203,2149,2149,2149,2149	1	16	1829,0,0,0,0,0,0	49	0
176654	208	437	235	100	107	28	9	1	880	8	79	694	270	2	23	3004	332	792	0,0,0,0,0,0	27685	0	139	2310	18	0	2355,2336,2336,2268,2268,2268,2268	1	13	1969,0,0,0,0,0,0	54	0
176551	210	459	228	103	107	30	12	2	953	8	83	697	254	3	51	2992	350	799	0,0,0,0,0,0	16118	0	141	2449	21	0	2489,2467,2467,2388,2388,2388,2388	1	20	2110,0,0,0,0,0,0	65	0
176434	233	461	253	121	100	27	12	2	1008	9	86	669	155	0	43	3180	389	818	0,0,0,0,0,0	16303	0	164	2610	24	0	2643,2618,2618,2527,2527,2527,2527	1	15	2274,0,0,0,0,0,0	68	0
176329	231	482	264	115	98	31	10	3	1083	10	90	688	301	1	38	3379	397	834	0,0,0,0,0,0	16118	0	159	2770	24	0	2798,2767,2767,2659,2659,2659,2659	1	14	2434,0,0,0,0,0,0	62	0
176221	234	501	293	124	108	28	10	4	1119	11	93	688	94	0	36	3146	402	896	0,0,0,0,0,0	16343	0	169	2937	26	0	2956,2920,2920,2793,2793,2793,2793	1	16	2603,0,0,0,0,0,0	65	0
176094	249	519	327	129	111	32	12	3	1164	11	95	635	109	3	34	3182	415	964	0,0,0,0,0,0	16012	0	187	3124	28	0	3137,3096,3096,2950,2950,2950,2950	1	18	2792,0,0,0,0,0,0	64	0
175994	253	520	336	138	118	36	14	3	1225	11	98	646	249	2	42	3065	441	974	0,0,0,0,0,0	27876	0	170	3293	29	0	3301,3253,3253,3084,3084,3084,3084	1	12	2961,0,0,0,0,0,0	67	0
175883	256	527	340	147	134	38	18	4	1288	12	99	642	262	6	35	3030	441	1019	0,0,0,0,0,0	27186	0	178	3472	29	0	3471,3417,3417,3227,3227,3227,3227	2	20	3140,0,0,0,0,0,0	72	0
175758	280	535	338	143	153	37	18	6	1361	13	104	655	222	0	55	2863	467	1037	0,0,0,0,0,0	16014	0	192	3667	30	0	3661,3601,3601,3387,3387,3387,3387	2	17	3336,0,0,0,0,0,0	73	0
175630	281	564	335	147	166	38	19	5	1436	14	111	612	97	0	45	2954	495	1055	0,0,0,0,0,0	15934	0	209	3874	32	0	3860,3792,3792,3552,3552,3552,3552	2	6	3544,0,0,0,0,0,0	79	0
175517	295	590	342	161	158	44	20	6	1485	15	113	630	269	2	54	3282	528	1082	0,0,0,0,0,0	16054	0	205	4079	34	0	4053,3978,3978,3709,3709,3709,3709	2	16	3749,0,0,0,0,0,0	80	0
175403	317	592	349	158	169	45	23	8	1551	15	116	642	268	3	53	2937	531	1122	0,0,0,0,0,0	16258	0	210	4287	36	0	4251,4167,4167,3868,3868,3868,3868	2	24	3957,0,0,0,0,0,0	92	0
175275	332	602	365	160	147	48	23	9	1652	15	118	611	262	3	60	2980	536	1141	0,0,0,0,0,0	15808	0	214	4503	36	0	4454,4362,4362,4036,4036,4036,4036	2	26	4173,0,0,0,0,0,0	98	0
175175	326	605	394	166	168	47	25	9	1697	15	119	605	164	1	37	3052	560	1171	0,0,0,0,0,0	27473	0	189	4691	37	0	4632,4533,4533,4177,4177,4177,4177	2	17	4361,0,0,0,0,0,0	113	0
175088	306	617	421	171	169	44	25	10	1756	17	122	599	239	2	54	3098	575	1178	0,0,0,0,0,0	27254	0	183	4874	37	0	4808,4699,4699,4310,4310,4310,4310	2	15	4544,0,0,0,0,0,0	103	0
174949	323	619	422	177	179	45	27	10	1853	17	125	622	265	1	56	3591	588	1204	0,0,0,0,0,0	16270	0	228	5102	37	0	5028,4911,4911,4492,4492,4492,4492	2	35	4772,0,0,0,0,0,0	104	0
174805	350	662	434	169	171	46	31	8	1923	19	128	605	319	4	58	3800	601	1262	0,0,0,0,0,0	16418	0	248	5350	37	0	5267,5140,5140,4685,4685,4685,4685	3	26	5020,0,0,0,0,0,0	113	0
174690	363	673	417	182	175	45	31	8	2013	19	130	612	265	0	42	3909	587	1299	0,0,0,0,0,0	16634	0	230	5583	37	0	5491,5353,5353,4856,4856,4856,4856	3	26	5253,0,0,0,0,0,0	118	0
174577	359	712	414	172	185	46	31	8	2087	21	134	618	282	4	67	4232	615	1304	0,0,0,0,0,0	16880	0	234	5823	37	0	5725,5574,5574,5030,5030,5030,5030	3	30	5493,0,0,0,0,0,0	126	0
174464	358	727	441	176	195	47	34	6	2137	22	139	606	296	4	67	4373	633	1345	0,0,0,0,0,0	16934	0	231	6053	39	0	5948,5785,5785,5200,5200,5200,5200	3	23	5723,0,0,0,0,0,0	125	0
174393	334	720	449	198	189	51	34	5	2204	25	144	567	249	1	55	4244	632	1343	0,0,0,0,0,0	28559	0	205	6256	41	0	6146,5970,5970,5337,5337,5337,5337	3	18	5927,0,0,0,0,0,0	130	0
174258	331	751	428	207	203	55	37	4	2297	26	149	572	274	3	78	4315	668	1344	0,0,0,0,0,0	28787	0	240	6496	42	0	6380,6193,6193,5522,5522,5522,5522	3	28	6167,0,0,0,0,0,0	137	0
174159	353	759	457	208	218	48	33	4	2324	31	152	562	314	2	77	4510	700	1376	0,0,0,0,0,0	17444	0	262	6755	45	0	6627,6425,6425,5698,5698,5698,5698	3	32	6427,0,0,0,0,0,0	120	0
173990	412	757	475	219	215	47	31	2	2408	33	157	558	265	3	58	4728	715	1441	0,0,0,0,0,0	17576	0	300	7057	45	0	6919,6703,6703,5929,5929,5929,5929	3	26	6729,0,0,0,0,0,0	120	0
173861	452	744	488	236	223	45	29	4	2466	35	163	588	145	3	67	4745	712	1505	0,0,0,0,0,0	17456	0	289	7346	46	0	7202,6970,6970,6136,6136,6136,6136	4	26	7018,0,0,0,0,0,0	106	0
173733	451	772	515	245	208	52	31	5	2531	36	167	565	251	4	71	4827	730	1544	0,0,0,0,0,0	17900	0	274	7620	47	0	7468,7222,7222,6334,6334,6334,6334	4	36	7292,0,0,0,0,0,0	117	0
173581	472	833	532	245	202	55	32	5	2578	39	172	579	326	4	74	5146	778	1593	0,0,0,0,0,0	17974	0	309	7927	50	0	7768,7506,7506,6562,6562,6562,6562	4	31	7599,0,0,0,0,0,0	129	0
173500	447	835	547	253	209	61	32	6	2641	40	175	542	260	5	55	5030	788	1596	0,0,0,0,0,0	29298	0	235	8162	50	0	7996,7718,7718,6717,6717,6717,6717	4	14	7834,0,0,0,0,0,0	126	0
173369	449	863	554	257	223	57	28	7	2717	44	178	537	250	2	72	5362	817	1614	0,0,0,0,0,0	29519	0	283	8444	52	0	8270,7977,7977,6921,6921,6921,6921	4	23	8117,0,0,0,0,0,0	138	0
173197	475	885	580	261	236	60	26	5	2790	48	183	539	242	4	84	5736	846	1677	0,0,0,0,0,0	18783	0	318	8760	54	0	8579,8272,8272,7162,7162,7162,7162	4	39	8433,0,0,0,0,0,0	134	0
173074	494	912	584	269	252	60	30	5	2831	49	186	527	265	6	61	5867	850	1751	0,0,0,0,0,0	18598	0	319	9079	55	0	8886,8558,8558,7376,7376,7376,7376	4	24	8752,0,0,0,0,0,0	123	0
172921	522	936	581	273	241	63	33	6	2931	49	190	501	242	4	79	5701	840	1809	0,0,0,0,0,0	33655	0	318	9400	57	0	9198,8854,8854,7609,7609,7609,7609	4	31	9073,0,0,0,0,0,0	127	0
172807	517	923	601	279	245	63	31	8	3031	50	191	510	254	6	87	5787	851	1808	0,0,0,0,0,0	33371	0	291	9690	58	0	9477,9116,9116,7806,7806,7806,7806	4	23	9363,0,0,0,0,0,0	133	0
172703	496	925	610	291	265	64	32	7	3107	51	195	502	270	5	75	5976	895	1788	0,0,0,0,0,0	34009	0	290	9980	59	0	9758,9377,9377,7998,7998,7998,7998	4	30	9653,0,0,0,0,0,0	134	0
172604	484	909	633	279	258	66	35	7	3220	53	198	490	312	1	81	5896	877	1787	0,0,0,0,0,0	47422	0	278	10255	62	0	10023,9625,9625,8181,8181,8181,8181	4	21	9928,0,0,0,0,0,0	142	0
172542	441	921	634	280	267	68	36	7	3295	54	201	492	266	6	83	5547	888	1759	0,0,0,0,0,0	46852	0	259	10515	62	0	10273,9855,9855,8338,8338,8338,8338	4	17	10188,0,0,0,0,0,0	149	0
172418	438	935	647	257	275	72	37	6	3397	59	205	489	253	6	91	5610	909	1752	0,0,0,0,0,0	33818	0	297	10811	63	0	10560,10124,10124,8543,8543,8543,8543	4	28	10484,0,0,0,0,0,0	142	0
172357	423	944	634	250	264	67	40	6	3492	60	209	470	330	5	89	6025	912	1710	0,0,0,0,0,0	33959	0	271	11084	65	0	10821,10363,10363,8703,8703,8703,8703	4	29	10757,0,0,0,0,0,0	140	0
172307	430	896	656	257	255	61	38	7	3562	65	212	478	265	8	85	5956	912	1681	0,0,0,0,0,0	34380	0	272	11354	67	0	11079,10599,10599,8857,8857,8857,8857	4	27	11027,0,0,0,0,0,0	135	0
172261	423	888	629	272	248	64	43	6	3631	66	215	468	334	5	75	6237	926	1641	0,0,0,0,0,0	33994	0	263	11613	71	0	11326,10825,10825,9004,9004,9004,9004	4	20	11286,0,0,0,0,0,0	138	0
172191	432	882	617	271	249	66	43	8	3698	67	222	480	234	6	68	6532	911	1649	0,0,0,0,0,0	34261	0	280	11889	75	0	11594,11071,11071,9172,9172,9172,9172	4	20	11562,0,0,0,0,0,0	136	0
172181	416	872	594	269	262	62	43	6	3750	69	222	506	260	5	65	6496	867	1651	0,0,0,0,0,0	47328	0	237	12125	77	0	11814,11269,11269,9288,9288,9288,9288	4	25	11798,0,0,0,0,0,0	145	0
172172	408	838	623	262	268	60	40	7	3768	74	226	487	249	5	84	6466	858	1641	0,0,0,0,0,0	47550	0	237	12361	80	0	12038,11470,11470,9404,9404,9404,9404	4	18	12036,0,0,0,0,0,0	144	0
172137	420	822	608	260	243	60	38	9	3846	76	227	477	242	4	96	6751	887	1564	0,0,0,0,0,0	34774	0	267	12627	82	0	12289,11698,11698,9547,9547,9547,9547	4	24	12302,0,0,0,0,0,0	135	0
172131	384	843	585	233	230	64	40	10	3917	78	231	475	261	2	74	6867	851	1528	0,0,0,0,0,0	34666	0	226	12852	83	0	12500,11886,11886,9653,9653,9653,9653	4	26	12527,0,0,0,0,0,0	128	0
172107	372	843	624	240	243	68	34	10	3890	83	232	508	300	4	59	6650	846	1578	0,0,0,0,0,0	34672	0	271	13122	86	0	12754,12116,12116,9791,9791,9791,9791	4	28	12797,0,0,0,0,0,0	137	0
172097	371	835	608	251	252	71	33	10	3897	86	235	484	322	3	72	6356	840	1581	0,0,0,0,0,0	34521	0	256	13373	92	0	12990,12328,12328,9913,9913,9913,9913	4	26	13049,0,0,0,0,0,0	138	0
172088	379	796	588	291	262	70	33	10	3905	88	236	500	236	0	85	5753	870	1549	0,0,0,0,0,0	34018	0	248	13620	94	0	13222,12535,12535,10031,10031,10031,10031	4	36	13296,0,0,0,0,0,0	135	0
172115	383	783	596	283	250	73	34	9	3892	91	237	494	320	2	73	5721	875	1527	0,0,0,0,0,0	46853	0	242	13858	100	0	13442,12729,12729,10127,10127,10127,10127	4	23	13534,0,0,0,0,0,0	145	0
172170	365	760	577	260	242	75	35	8	3924	92	238	454	248	6	73	5542	868	1446	0,0,0,0,0,0	46617	0	202	14059	102	0	13627,12888,12888,10191,10191,10191,10191	4	17	13735,0,0,0,0,0,0	152	0
172224	362	742	561	272	233	82	32	7	3892	96	243	446	340	4	70	5900	866	1418	0,0,0,0,0,0	33872	0	207	14265	105	0	13818,13053,13053,10258,10258,10258,10258	4	17	13941,0,0,0,0,0,0	139	0
172201	377	724	547	279	227	81	35	7	3926	96	246	434	229	2	76	5841	859	1411	0,0,0,0,0,0	33506	0	238	14502	109	0	14041,13253,13253,10378,10378,10378,10378	4	33	14179,0,0,0,0,0,0	136	0
172198	380	743	533	264	236	80	33	7	3925	98	249	412	244	4	59	5583	817	1452	0,0,0,0,0,0	33771	0	247	14745	115	0	14268,13457,13457,10491,10491,10491,10491	4	24	14422,0,0,0,0,0,0	134	0
172176	373	764	540	254	227	79	38	7	3933	101	254	421	263	7	73	5266	799	1476	0,0,0,0,0,0	33514	0	251	14992	119	0	14503,13669,13669,10617,10617,10617,10617	4	25	14669,0,0,0,0,0,0	141	0
172155	399	743	542	254	236	81	37	9	3932	103	255	433	232	4	64	5567	813	1479	0,0,0,0,0,0	33434	0	254	15239	128	0	14735,13878,13878,10740,10740,10740,10740	4	32	14918,0,0,0,0,0,0	139	0
172197	367	722	541	238	257	82	37	10	3931	105	259	444	264	4	62	5453	787	1457	0,0,0,0,0,0	46655	0	204	15445	129	0	14926,14044,14044,10812,10812,10812,10812	4	19	15124,0,0,0,0,0,0	154	0
172252	338	736	526	223	225	78	32	12	3954	110	260	445	245	6	69	5353	786	1372	0,0,0,0,0,0	46494	0	185	15624	136	0	15089,14183,14183,10864,10864,10864,10864	3	22	15303,0,0,0,0,0,0	144	0
172295	321	763	529	235	221	79	29	11	3888	113	262	448	282	5	62	5299	780	1397	0,0,0,0,0,0	33330	0	226	15846	141	0	15292,14360,14360,10942,10942,10942,10942	3	18	15525,0,0,0,0,0,0	133	0
172316	338	717	518	252	218	77	27	10	3893	116	264	433	262	7	61	5440	755	1392	0,0,0,0,0,0	33153	0	225	16066	146	0	15494,14538,14538,11027,11027,11027,11027	3	28	15746,0,0,0,0,0,0	127	0
172378	329	713	506	241	222	81	32	9	3852	116	267	450	298	2	65	5082	729	1395	0,0,0,0,0,0	33316	0	213	16277	149	0	15687,14702,14702,11089,11089,11089,11089	3	23	15957,0,0,0,0,0,0	124	0
172409	325	696	507	255	228	73	33	7	3829	117	267	458	261	3	77	5184	737	1380	0,0,0,0,0,0	33426	0	218	16496	151	0	15887,14877,14877,11170,11170,11170,11170	3	17	16176,0,0,0,0,0,0	132	0
172429	340	715	489	229	230	79	34	6	3807	117	271	461	236	1	80	5242	764	1352	0,0,0,0,0,0	33000	0	242	16736	154	0	16110,15074,15074,11267,11267,11267,11267	3	34	16417,0,0,0,0,0,0	132	0
172519	338	703	496	217	221	79	35	5	3740	121	272	458	246	5	51	5244	745	1344	0,0,0,0,0,0	45952	0	190	16923	158	0	16277,15214,15214,11303,11303,11303,11303	4	14	16604,0,0,0,0,0,0	134	0
172611	316	669	499	213	240	73	31	6	3691	124	273	465	156	2	58	4967	720	1321	0,0,0,0,0,0	46687	0	185	17106	162	0	16442,15350,15350,11336,11336,11336,11336	3	13	16788,0,0,0,0,0,0	138	0
172640	296	662	492	218	235	69	29	4	3698	126	277	468	304	2	75	5108	733	1268	0,0,0,0,0,0	33333	0	190	17298	164	0	16618,15504,15504,11405,11405,11405,11405	3	25	16980,0,0,0,0,0,0	132	0
172677	279	645	492	207	243	67	34	3	3692	126	281	446	250	2	70	5419	720	1247	0,0,0,0,0,0	33157	0	201	17496	167	0	16799,15661,15661,11471,11471,11471,11471	3	26	17178,0,0,0,0,0,0	125	0
172764	288	625	466	190	233	73	36	4	3655	127	285	435	250	0	71	5734	692	1219	0,0,0,0,0,0	33334	0	182	17678	168	0	16962,15798,15798,11504,11504,11504,11504	4	27	17360,0,0,0,0,0,0	136	0
172823	307	603	442	177	223	79	36	6	3635	128	287	435	340	3	62	6061	671	1196	0,0,0,0,0,0	33837	0	187	17860	173	0	17127,15938,15938,11552,11552,11552,11552	4	29	17542,0,0,0,0,0,0	145	0
172920	292	594	442	163	194	76	32	9	3604	133	287	442	262	4	65	5790	667	1126	0,0,0,0,0,0	33827	0	150	18008	175	0	17255,16042,16042,11562,11562,11562,11562	3	18	17691,0,0,0,0,0,0	138	0
172975	270	577	450	168	192	71	30	10	3576	138	289	446	98	7	48	5593	648	1110	0,0,0,0,0,0	46710	0	159	18165	178	0	17397,16162,16162,11601,11601,11601,11601	3	16	17848,0,0,0,0,0,0	148	0
173057	258	561	418	158	195	67	31	10	3558	139	294	440	260	5	58	5533	626	1062	0,0,0,0,0,0	46770	0	156	18317	182	0	17534,16275,16275,11624,11624,11624,11624	3	15	18000,0,0,0,0,0,0	140	0
173102	286	563	407	162	194	68	29	10	3489	142	294	451	111	2	61	5539	655	1054	0,0,0,0,0,0	33806	0	205	18519	187	0	17716,16432,16432,11687,11687,11687,11687	3	23	18202,0,0,0,0,0,0	132	0
173164	274	564	406	153	201	66	29	10	3436	144	299	440	242	1	35	5343	624	1069	0,0,0,0,0,0	33590	0	170	18686	190	0	17865,16559,16559,11724,11724,11724,11724	3	12	18369,0,0,0,0,0,0	124	0
173222	264	554	414	160	199	67	26	11	3381	148	300	432	255	0	56	5216	613	1071	0,0,0,0,0,0	33351	0	178	18861	193	0	18022,16691,16691,11767,11767,11767,11767	3	22	18544,0,0,0,0,0,0	126	0
173321	251	542	398	172	184	66	26	9	3325	151	301	459	261	2	46	4934	601	1038	0,0,0,0,0,0	46045	0	149	19008	195	0	18149,16794,16794,11775,11775,11775,11775	3	13	18691,0,0,0,0,0,0	114	0
173394	217	533	409	176	176	66	25	11	3282	153	304	442	237	4	45	4479	591	1011	0,0,0,0,0,0	45984	0	128	19134	198	0	18260,16885,16885,11786,11786,11786,11786	3	10	18817,0,0,0,0,0,0	121	0
173486	205	531	392	170	169	64	25	13	3231	155	305	447	261	3	57	4114	589	967	0,0,0,0,0,0	46015	0	141	19275	200	0	18382,16984,16984,11796,11796,11796,11796	3	12	18958,0,0,0,0,0,0	111	0
173577	208	515	374	173	168	61	24	12	3170	157	307	449	265	1	47	3709	568	955	0,0,0,0,0,0	45340	25	146	19420	202	0	18509,17087,17087,11808,11808,11808,11808	2	14	19103,0,0,0,0,0,0	113	23
173659	210	502	365	182	151	61	27	11	3112	159	307	458	285	4	54	3770	550	948	0,0,0,0,0,0	31728	26	144	19562	204	0	18632,17187,17187,11821,11821,11821,11821	2	12	19246,0,0,0,0,0,0	105	46
173708	220	471	363	168	154	59	21	12	3095	165	310	465	290	3	47	3738	550	906	0,0,0,0,0,0	31592	25	146	19703	210	0	18755,17292,17292,11850,11850,11850,11850	2	20	19388,0,0,0,0,0,0	102	67
173755	215	492	317	161	141	62	21	12	3093	165	312	491	257	3	45	3399	522	887	0,0,0,0,0,0	31392	30	141	19843	211	0	18879,17396,17396,11880,11880,11880,11880	2	16	19528,0,0,0,0,0,0	104	93
173826	218	454	329	173	156	56	20	13	3019	165	317	479	241	3	36	3151	521	885	0,0,0,0,0,0	31401	37	125	19966	214	0	18989,17486,17486,11891,11891,11891,11891	2	9	19652,0,0,0,0,0,0	94	125
173889	221	449	331	161	145	55	20	11	2977	167	320	442	236	1	44	3274	512	870	0,0,0,0,0,0	30990	29	132	20097	216	0	19104,17582,17582,11909,11909,11909,11909	2	15	19783,0,0,0,0,0,0	88	150
173990	199	440	323	164	137	54	21	11	2919	167	321	439	316	1	49	3141	498	840	0,0,0,0,0,0	37892	38	115	20210	218	0	19199,17655,17655,11900,11900,11900,11900	2	19	19896,0,0,0,0,0,0	93	181
174090	184	415	324	152	136	55	21	9	2868	168	324	442	247	0	42	3342	480	807	0,0,0,0,0,0	38080	137	100	20306	222	0	19288,17724,17724,11887,11887,11887,11887	2	10	19992,0,0,0,0,0,0	102	304
174142	179	435	303	139	127	59	20	9	2838	169	326	423	305	5	38	3303	467	795	0,0,0,0,0,0	26647	139	137	20442	223	0	19417,17834,17834,11917,11917,11917,11917	2	17	20129,0,0,0,0,0,0	91	426
174258	182	405	302	125	139	63	20	8	2744	171	329	435	221	2	36	3078	449	787	0,0,0,0,0,0	26273	134	113	20553	225	0	19516,17911,17911,11899,11899,11899,11899	2	12	20240,0,0,0,0,0,0	92	539
174320	194	400	307	132	137	66	19	7	2660	173	331	432	241	1	43	3051	456	799	0,0,0,0,0,0	26203	144	129	20681	227	0	19637,18012,18012,11920,11920,11920,11920	2	18	20368,0,0,0,0,0,0	98	666
174361	216	402	299	126	143	67	25	8	2593	173	333	434	286	1	38	3142	457	821	0,0,0,0,0,0	26089	132	152	20833	230	0	19785,18140,18140,11964,11964,11964,11964	2	13	20520,0,0,0,0,0,0	95	783
174432	213	414	288	119	140	62	25	9	2536	174	334	455	111	1	36	3144	441	820	0,0,0,0,0,0	26290	152	130	20963	231	0	19905,18240,18240,11980,11980,11980,11980	2	9	20650,0,0,0,0,0,0	102	911
174483	208	415	287	113	135	58	26	8	2502	175	336	462	253	3	33	3102	420	822	0,0,0,0,0,0	37881	121	130	21092	232	0	20031,18348,18348,12009,12009,12009,12009	2	11	20779,0,0,0,0,0,0	92	1018
174541	196	400	274	119	128	63	26	9	2476	176	338	456	249	0	42	3185	423	783	0,0,0,0,0,0	37993	150	99	21189	234	0	20160,18462,18462,12037,12037,12037,12037	2	11	20876,0,0,0,0,0,0	99	1152
174612	179	407	272	112	120	65	27	11	2421	177	343	466	258	2	44	3254	415	767	0,0,0,0,0,0	26408	153	108	21295	236	0	20298,18581,18581,12061,12061,12061,12061	2	19	20982,0,0,0,0,0,0	98	1277
174668	169	422	254	101	127	63	27	11	2379	180	345	462	336	2	37	3250	410	753	0,0,0,0,0,0	26382	149	124	21418	237	0	20444,18709,18709,12095,12095,12095,12095	2	13	21105,0,0,0,0,0,0	99	1402
174707	178	396	267	106	139	59	27	13	2324	180	350	463	244	1	37	3180	406	766	0,0,0,0,0,0	26226	156	128	21545	238	0	20603,18852,18852,12145,12145,12145,12145	2	10	21232,0,0,0,0,0,0	101	1530
174755	174	387	266	101	139	54	23	15	2294	185	353	473	241	4	47	3210	423	721	0,0,0,0,0,0	26388	142	111	21654	240	0	20742,18974,18974,12180,12180,12180,12180	2	14	21341,0,0,0,0,0,0	88	1643
174793	155	391	256	121	134	48	24	15	2265	186	358	453	247	1	37	3151	425	704	0,0,0,0,0,0	26304	143	107	21760	241	0	20883,19100,19100,12221,12221,12221,12221	2	10	21447,0,0,0,0,0,0	80	1763
174834	157	376	260	125	124	49	28	14	2230	186	363	456	217	1	29	2859	415	704	0,0,0,0,0,0	38146	170	112	21871	243	0	21022,19224,19224,12260,12260,12260,12260	2	9	21558,0,0,0,0,0,0	83	1909
174868	159	360	263	126	122	49	27	15	2202	189	366	459	256	0	39	2816	398	708	0,0,0,0,0,0	37762	58	109	21980	244	0	21169,19356,19356,12307,12307,12307,12307	2	7	21667,0,0,0,0,0,0	89	1961
174895	191	339	268	113	115	51	27	14	2174	192	367	447	243	1	42	2791	408	696	0,0,0,0,0,0	25917	71	110	22089	246	0	21310,19483,19483,12352,12352,12352,12352	1	13	21776,0,0,0,0,0,0	95	2019
174962	195	326	251	115	115	48	24	12	2136	195	367	445	246	1	26	2745	420	654	0,0,0,0,0,0	25945	66	95	22183	247	0	21430,19588,19588,12366,12366,12366,12366	1	6	21870,0,0,0,0,0,0	88	2068
174980	187	328	245	114	107	50	24	9	2138	195	369	436	240	2	28	2556	376	679	0,0,0,0,0,0	25703	75	105	22285	251	0	21566,19711,19711,12413,12413,12413,12413	1	7	21972,0,0,0,0,0,0	90	2136
175027	166	331	245	115	116	46	24	6	2102	196	372	428	246	2	32	2448	359	684	0,0,0,0,0,0	25510	60	111	22395	253	0	21702,19832,19832,12445,12445,12445,12445	1	9	22082,0,0,0,0,0,0	82	2182
175063	149	325	254	114	112	45	24	6	2082	197	375	432	98	1	37	2364	367	656	0,0,0,0,0,0	25541	51	91	22485	254	0	21822,19939,19939,12475,12475,12475,12475	1	8	22172,0,0,0,0,0,0	79	2226
175091	147	335	247	111	96	47	24	7	2068	197	376	431	155	0	26	2326	368	639	0,0,0,0,0,0	37165	61	95	22579	257	0	21956,20061,20061,12517,12517,12517,12517	1	11	22266,0,0,0,0,0,0	84	2278
175142	140	318	249	114	102	48	21	6	2025	201	380	443	255	2	32	2416	358	634	0,0,0,0,0,0	37482	207	84	22662	258	0	22053,20144,20144,12528,12528,12528,12528	1	3	22349,0,0,0,0,0,0	88	2440
175195	133	323	247	109	101	44	22	7	1978	202	385	465	312	0	32	2592	363	616	0,0,0,0,0,0	25549	186	93	22755	259	0	22163,20239,20239,12543,12543,12543,12543	1	15	22442,0,0,0,0,0,0	80	2591
175223	140	326	229	100	104	46	20	8	1960	203	387	474	136	0	26	2713	362	603	0,0,0,0,0,0	25722	194	100	22852	262	0	22269,20332,20332,12568,12568,12568,12568	1	8	22540,0,0,0,0,0,0	76	2753
175269	139	310	210	99	105	44	18	8	1944	206	394	454	255	1	30	2755	350	575	0,0,0,0,0,0	25941	187	77	22928	263	0	22370,20420,20420,12581,12581,12581,12581	1	8	22616,0,0,0,0,0,0	75	2904
175327	131	312	220	90	94	40	18	6	1903	207	398	475	256	2	26	2973	340	565	0,0,0,0,0,0	25630	184	82	23009	264	0	22466,20503,20503,12587,12587,12587,12587	1	9	22697,0,0,0,0,0,0	78	3059
175366	148	283	222	92	99	39	21	6	1863	208	399	461	264	0	21	3032	329	575	0,0,0,0,0,0	26132	193	91	23099	266	0	22563,20587,20587,12603,12603,12603,12603	1	12	22787,0,0,0,0,0,0	75	3217
175425	138	274	221	93	97	36	22	6	1825	208	401	504	313	0	33	3135	324	557	0,0,0,0,0,0	38052	196	73	23170	268	0	22651,20661,20661,12605,12605,12605,12605	1	6	22858,0,0,0,0,0,0	78	3373
175471	123	283	214	103	95	34	21	6	1782	208	406	505	256	3	29	2932	336	537	0,0,0,0,0,0	38334	159	81	23248	271	0	22821,20819,20819,12654,12654,12654,12654	1	9	22936,0,0,0,0,0,0	79	3492
175506	126	281	214	85	96	34	20	6	1759	210	409	514	262	1	26	2886	317	539	0,0,0,0,0,0	25973	166	90	23337	272	0	22994,20981,20981,12709,12709,12709,12709	1	13	23025,0,0,0,0,0,0	75	3627
175497	137	296	229	81	92	33	23	6	1730	210	412	513	247	3	25	2704	309	582	3,0,0,0,0,0	26022	184	87	23452	274	0	23194,21171,21171,12800,12800,12800,12800	1	8	23112,29,0,0,0,0,0	76	3777
175499	151	308	212	84	94	33	20	8	1710	213	414	547	93	0	25	2489	304	598	7,0,0,0,0,0	25947	166	78	23561	278	0	23386,21353,21353,12881,12881,12881,12881	1	9	23185,66,0,0,0,0,0	70	3909
175500	170	330	209	86	93	31	19	10	1669	213	416	539	90	0	16	2404	285	653	12,0,0,0,0,0	25924	199	87	23690	281	0	23601,21556,21556,12973,12973,12973,12973	1	3	23261,119,0,0,0,0,0	70	4068
175480	197	354	197	97	92	23	17	10	1644	214	421	523	212	1	34	2405	291	686	18,0,0,0,0,0	25648	160	114	23836	284	0	23839,21782,21782,13089,13089,13089,13089	1	10	23351,177,0,0,0,0,0	55	4195
175431	210	389	200	96	94	24	13	9	1638	219	423	534	98	0	25	2287	282	744	24,0,0,0,0,0	37411	172	101	23983	287	0	24071,22004,22004,13215,13215,13215,13215	1	9	23416,261,0,0,0,0,0	48	4336
175361	225	426	203	104	97	27	14	8	1635	220	426	535	256	4	24	2104	278	818	31,0,0,0,0,0	37694	143	129	24147	293	0	24315,22240,22240,13356,13356,13356,13356	1	6	23483,359,0,0,0,0,0	47	4450
175333	223	421	214	112	117	25	17	7	1628	220	429	535	246	0	42	2090	306	823	34,0,0,0,0,0	24907	129	135	24281	294	0	24528,22444,22444,13462,13462,13462,13462	1	13	23560,416,0,0,0,0,0	52	4550
175297	220	449	222	113	129	27	18	5	1608	223	435	527	321	1	39	2135	334	844	37,0,0,0,0,0	25398	131	145	24423	297	0	24755,22661,22661,13578,13578,13578,13578	1	10	23630,489,0,0,0,0,0	51	4651
175257	235	446	244	113	136	26	22	5	1602	224	436	545	102	1	44	2347	361	861	40,0,0,0,0,0	25382	120	159	24580	300	0	24990,22886,22886,13701,13701,13701,13701	1	7	23708,570,0,0,0,0,0	49	4747
175200	253	470	272	110	138	29	21	5	1582	226	440	531	254	0	41	2475	406	887	43,0,0,0,0,0	25669	126	176	24749	308	0	25245,23131,23130,13842,13842,13842,13842	1	6	23778,672,0,0,0,0,0	59	4850
175134	263	487	285	126	151	24	21	6	1580	226	443	544	230	2	41	2867	428	929	45,0,0,0,0,0	25772	125	173	24916	315	0	25485,23363,23362,13979,13979,13979,13979	1	14	23856,764,0,0,0,0,0	57	4943
175103	264	449	301	136	152	29	19	5	1615	229	444	545	255	5	42	2829	422	928	47,0,0,0,0,0	37968	108	136	25049	318	0	25705,23575,23573,14090,14090,14090,14090	1	10	23920,836,0,0,0,0,0	57	5022
175057	267	466	304	139	146	29	20	6	1634	230	448	548	249	2	45	2905	473	898	49,0,0,0,0,0	37624	299	158	25199	326	0	25898,23760,23757,14193,14193,14193,14193	1	11	23985,926,0,0,0,0,0	60	5258
174946	303	485	312	131	142	32	23	3	1688	231	450	540	87	1	39	3086	489	939	52,0,0,0,0,0	26205	292	200	25395	331	0	26137,23993,23989,14350,14350,14350,14350	1	14	24055,1055,0,0,0,0,0	64	5481
174888	310	506	311	131	149	34	26	4	1702	231	454	523	317	3	41	3418	504	963	54,0,0,0,0,0	26196	294	173	25569	332	0	26347,24195,24189,14467,14467,14467,14467	1	7	24109,1175,0,0,0,0,0	66	5702
174842	279	565	304	134	153	36	26	4	1713	234	456	506	243	0	36	3692	513	984	56,0,0,0,0,0	26710	298	168	25731	338	0	26548,24389,24381,14571,14571,14571,14571	1	7	24169,1282,0,0,0,0,0	71	5925
174711	319	595	338	143	157	37	27	3	1719	237	460	518	235	4	47	3486	531	1085	58,0,0,0,0,0	26664	293	244	25972	342	0	26825,24659,24649,14759,14759,14759,14759	1	20	24256,1439,0,0,0,0,0	74	6122
174604	334	607	358	139	168	40	27	3	1764	239	463	525	246	2	45	3505	522	1151	60,0,0,0,0,0	26430	274	218	26182	351	0	27062,24891,24878,14913,14913,14913,14913	1	23	24317,1594,0,0,0,0,0	79	6311
174514	315	639	369	134	167	42	28	2	1827	243	466	514	270	2	54	3336	516	1178	62,0,0,0,0,0	38652	280	196	26375	357	0	27286,25108,25094,15052,15052,15052,15052	1	10	24373,1735,0,0,0,0,0	87	6514
174409	302	645	398	155	171	47	30	2	1872	243	472	525	339	2	40	3297	510	1238	64,0,0,0,0,0	38313	605	202	26570	365	0	27611,25430,25414,15254,15254,15254,15254	1	15	24421,1885,0,0,0,0,0	108	6928
174233	353	672	384	168	181	42	30	2	1959	245	477	524	234	3	62	3396	544	1286	66,0,0,0,0,0	26536	640	264	26827	375	0	27987,25804,25785,15514,15514,15514,15514	1	20	24482,2090,0,0,0,0,0	100	7308
174084	383	703	402	183	199	42	32	2	1989	245	482	504	282	4	49	3559	574	1370	68,0,0,0,0,0	26522	586	273	27095	383	0	28369,26185,26161,15764,15764,15764,15764	1	13	24547,2297,0,0,0,0,0	95	7834
173924	422	719	411	205	221	45	35	2	2028	246	488	519	288	2	70	3576	629	1429	70,0,0,0,0,0	26787	609	280	27365	395	0	28753,26568,26541,16021,16021,16021,16021	1	14	24610,2512,0,0,0,0,0	99	8372
173770	437	784	415	203	216	49	35	2	2092	250	493	499	242	3	80	3927	652	1487	71,0,0,0,0,0	26996	595	294	27654	401	0	29144,26957,26924,16279,16279,16279,16279	1	21	24670,2746,0,0,0,0,0	112	8896
173595	460	834	425	235	210	49	38	1	2153	250	496	509	210	5	66	3978	677	1574	73,0,0,0,0,0	27271	607	318	27956	418	0	29553,27367,27328,16557,16557,16557,16557	1	18	24723,3007,0,0,0,0,0	110	9426
173433	477	842	471	239	215	50	34	1	2229	253	502	508	317	3	55	4039	682	1646	75,0,0,0,0,0	38578	608	289	28240	425	0	29947,27757,27715,16822,16822,16822,16822	1	15	24770,3248,0,0,0,0,0	122	9962
173295	457	864	510	239	227	56	37	4	2299	255	503	511	315	7	76	4539	713	1677	76,0,0,0,0,0	38957	735	272	28511	432	0	30384,28195,28146,17095,17095,17095,17095	1	16	24811,3485,0,0,0,0,0	124	10605
173071	487	956	499	251	228	55	39	3	2394	257	506	523	301	6	92	4949	736	1779	77,0,0,0,0,0	27961	842	382	28884	442	0	30917,28727,28672,17457,17457,17457,17457	2	25	24865,3811,0,0,0,0,0	130	11325
172866	521	988	527	260	240	54	39	4	2479	259	509	508	249	3	83	5014	779	1850	79,0,0,0,0,0	28123	772	354	29227	454	0	31476,29288,29225,17822,17822,17822,17822	2	23	24911,4118,0,0,0,0,0	137	12005
172583	560	1075	553	264	267	61	43	5	2566	259	510	516	256	4	82	5526	839	1984	81,0,0,0,0,0	28367	834	407	29618	472	0	32083,29898,29829,18252,18252,18252,18252	2	30	24968,4466,0,0,0,0,0	140	12738
172324	594	1125	629	294	293	68	44	5	2596	261	513	495	226	3	111	5983	951	2096	81,0,0,0,0,0	28533	761	426	30031	487	0	32721,30538,30462,18687,18687,18687,18687	2	18	25033,4825,0,0,0,0,0	155	13413
172030	662	1164	675	321	301	68	43	5	2698	263	516	469	283	4	92	6513	1026	2208	82,0,0,0,0,0	29314	731	464	30478	506	0	33381,31201,31116,19150,19150,19150,19150	2	18	25084,5235,0,0,0,0,0	154	14048
171798	646	1217	685	322	318	69	48	6	2854	264	519	464	334	5	82	6557	1034	2271	83,0,0,0,0,0	40872	768	395	30859	522	0	33980,31802,31709,19551,19551,19551,19551	2	18	25136,5575,0,0,0,0,0	157	14723
171559	636	1258	711	334	338	72	46	5	2995	268	524	468	280	2	106	6510	1072	2323	84,0,0,0,0,0	41065	880	404	31250	538	0	34615,32443,32340,19972,19972,19972,19972	2	21	25186,5928,0,0,0,0,0	174	15475
171260	676	1305	715	347	362	64	48	8	3165	271	525	487	234	3	110	7010	1123	2394	86,0,0,0,0,0	46007	872	463	31703	549	0	35334,33168,33054,20462,20462,20462,20462	2	24	25221,6356,0,0,0,0,0	163	16218
171000	657	1360	768	353	374	73	44	9	3301	278	529	445	241	4	118	6948	1182	2447	86,0,0,0,0,0	45955	915	436	32131	561	0	36010,33848,33724,20910,20910,20910,20910	2	28	25260,6756,0,0,0,0,0	154	16983
170753	678	1408	771	390	371	78	45	11	3426	283	532	465	243	9	119	7254	1237	2504	87,0,0,0,0,0	46273	921	447	32567	575	0	36709,34554,34418,21365,21365,21365,21365	2	26	25313,7151,0,0,0,0,0	160	17747
170495	695	1367	827	422	414	81	48	10	3569	284	534	467	311	4	122	7660	1270	2584	88,0,0,0,0,0	46528	838	455	33006	593	0	37388,35242,35092,21816,21816,21816,21816	2	28	25343,7573,0,0,0,0,0	176	18466
170221	701	1439	851	424	408	91	51	8	3731	286	535	460	311	5	134	7871	1341	2624	89,0,0,0,0,0	46958	821	477	33466	613	0	38074,35939,35775,22281,22281,22281,22281	2	22	25370,8022,0,0,0,0,0	186	19150
170080	660	1374	878	462	441	100	50	9	3864	290	538	402	263	7	106	7978	1364	2601	89,0,0,0,0,0	71003	884	357	33810	627	0	38656,36530,36352,22628,22628,22628,22628	2	24	25414,8332,0,0,0,0,0	194	19892
169945	608	1360	868	448	442	104	55	8	4076	291	541	408	241	6	129	7955	1365	2520	89,0,0,0,0,0	71030	644	362	34154	647	0	39316,37205,37010,23012,23012,23012,23012	2	19	25438,8668,0,0,0,0,0	211	20418
169736	637	1321	848	439	449	113	55	7	4301	294	546	401	329	7	156	8152	1386	2476	90,0,0,0,0,0	47327	645	436	34563	674	0	40031,37935,37724,23460,23460,23460,23460	2	32	25465,9069,0,0,0,0,0	216	20936
169579	675	1312	864	436	449	118	56	8	4400	297	552	428	249	9	157	8941	1481	2429	90,0,0,0,0,0	47674	658	449	34998	690	0	40766,38688,38455,23897,23897,23897,23897	2	34	25483,9497,0,0,0,0,0	224	21466
169469	646	1316	875	435	443	121	55	10	4520	302	554	439	259	11	126	8872	1487	2404	91,0,0,0,0,0	47840	649	383	35366	707	0	41446,39385,39133,24279,24279,24279,24279	2	20	25508,9851,0,0,0,0,0	221	21995
169280	670	1320	870	457	431	127	56	11	4664	304	556	421	237	7	134	8984	1472	2459	92,0,0,0,0,0	47624	636	449	35797	729	0	42153,40112,39840,24721,24721,24721,24721	2	33	25529,10277,0,0,0,0,0	225	22498
169118	693	1329	835	432	426	128	60	12	4847	309	557	399	311	3	127	8678	1414	2489	92,0,0,0,0,0	47446	594	433	36211	750	0	42836,40814,40521,25136,25136,25136,25136	2	30	25549,10688,0,0,0,0,0	220	22980
169068	643	1278	859	438	423	127	56	11	4968	316	559	404	247	8	116	8545	1358	2466	93,0,0,0,0,0	71374	638	326	36525	765	0	43442,41441,41127,25457,25457,25457,25457	2	15	25561,11002,0,0,0,0,0	230	23482
169011	589	1307	853	425	433	123	54	13	5056	322	560	424	279	8	119	8189	1338	2446	94,0,0,0,0,0	71252	895	365	36873	783	0	44059,42083,41746,25801,25801,25801,25801	2	23	25570,11353,0,0,0,0,0	249	24198
168853	625	1322	854	405	418	123	59	13	5186	325	563	421	264	7	127	8149	1339	2467	94,0,0,0,0,0	47330	928	432	37289	805	0	44745,42800,42441,26246,26246,26246,26246	2	33	25582,11772,0,0,0,0,0	246	24939
168703	662	1333	875	424	406	127	58	12	5252	328	566	432	325	1	123	8114	1349	2536	95,0,0,0,0,0	47151	905	460	37733	824	0	45498,43576,43192,26672,26672,26672,26672	3	26	25595,12217,0,0,0,0,0	235	25679
168606	678	1323	858	420	422	126	59	11	5344	332	567	435	230	7	128	7978	1333	2553	95,0,0,0,0,0	47229	906	411	38125	844	0	46205,44309,43898,27049,27049,27049,27049	3	18	25601,12620,0,0,0,0,0	224	26422
168450	688	1393	868	434	422	125	59	10	5393	335	569	446	329	2	123	7727	1368	2621	96,0,0,0,0,0	47137	927	491	38601	861	0	46983,45112,44674,27493,27493,27493,27493	2	26	25615,13094,0,0,0,0,0	236	27155
168391	681	1398	847	433	436	126	59	12	5457	336	570	440	243	8	114	7070	1328	2652	96,0,0,0,0,0	46661	914	418	39001	884	0	47683,45837,45371,27852,27852,27852,27852	2	12	25627,13502,0,0,0,0,0	223	27903
168392	640	1346	870	431	422	131	60	13	5528	340	573	438	237	3	111	7044	1280	2620	96,0,0,0,0,0	70653	877	336	39323	900	0	48313,46493,45999,28147,28147,28147,28147	2	11	25635,13828,0,0,0,0,0	224	28616
168330	600	1365	857	415	444	135	62	13	5603	344	578	430	240	2	134	7071	1294	2584	96,0,0,0,0,0	70389	1037	370	39671	924	0	49087,47291,46772,28538,28538,28538,28538	2	18	25644,14184,0,0,0,0,0	245	29440
168226	631	1347	856	427	458	131	62	12	5666	350	580	422	268	6	140	7401	1279	2633	97,0,0,0,0,0	46991	1056	447	40106	939	0	49980,48213,47667,29016,29016,29016,29016	2	33	25651,14625,0,0,0,0,0	227	30279
168170	652	1326	886	425	433	129	64	13	5716	351	581	427	258	5	131	7548	1292	2623	97,0,0,0,0,0	46208	1056	421	40506	962	0	50820,49082,48506,29434,29434,29434,29434	2	28	25661,15027,0,0,0,0,0	229	31122
168090	668	1316	862	409	437	140	62	14	5809	356	583	407	299	10	136	7494	1288	2606	97,0,0,0,0,0	47034	1059	412	40899	983	0	51664,49951,49348,29864,29864,29864,29864	2	29	25674,15420,0,0,0,0,0	238	31964
168091	677	1280	867	429	424	135	57	14	5824	362	586	401	289	6	147	7538	1298	2571	97,0,0,0,0,0	46857	1099	397	41275	1004	0	52476,50797,50160,30244,30244,30244,30244	2	23	25678,15811,0,0,0,0,0	235	32832
168068	649	1300	873	422	419	126	56	14	5863	367	589	414	256	10	127	7531	1326	2519	97,0,0,0,0,0	46831	1075	405	41652	1032	0	53280,51631,50963,30630,30630,30630,30630	2	29	25685,16201,0,0,0,0,0	211	33686
168087	577	1334	878	405	409	118	57	16	5902	371	592	417	251	11	118	7459	1289	2489	97,0,0,0,0,0	70667	1089	350	41976	1060	0	54030,52414,51714,30968,30968,30968,30968	2	17	25692,16537,0,0,0,0,0	208	34510
168145	522	1278	870	407	415	115	60	14	5950	374	596	416	332	11	97	7096	1244	2423	97,0,0,0,0,0	70567	1298	306	42263	1080	0	54819,53232,52502,31301,31301,31301,31301	2	11	25694,16834,0,0,0,0,0	208	35501
168164	548	1203	880	396	393	117	61	13	5997	377	597	417	229	7	129	7381	1230	2368	98,0,0,0,0,0	46688	1330	359	42606	1098	0	55657,54104,53342,31675,31675,31675,31675	2	23	25698,17187,0,0,0,0,0	206	36524
168199	570	1137	885	397	400	114	61	16	5986	380	601	435	284	4	128	7725	1244	2320	98,0,0,0,0,0	46683	1271	361	42943	1122	0	56498,54978,54183,32045,32045,32045,32045	2	18	25699,17539,0,0,0,0,0	206	37488
168229	575	1156	860	385	385	113	63	17	5974	384	605	464	266	4	115	7444	1229	2308	98,0,0,0,0,0	46970	1311	376	43300	1142	0	57356,55872,55043,32430,32430,32430,32430	2	24	25700,17908,0,0,0,0,0	216	38488
168258	564	1158	859	388	346	116	61	16	5987	388	605	444	241	7	120	7387	1188	2304	98,0,0,0,0,0	38583	1362	345	43626	1162	0	58180,56728,55868,32791,32791,32791,32791	2	19	25704,18246,0,0,0,0,0	225	39531
168298	563	1149	845	375	349	112	63	12	5983	389	608	450	261	5	108	7367	1157	2299	98,0,0,0,0,0	38592	1395	337	43942	1186	0	58980,57562,56669,33137,33137,33137,33137	2	21	25706,18578,0,0,0,0,0	227	40585
168409	521	1136	805	381	345	108	61	13	5964	392	611	442	258	8	99	7351	1122	2235	98,0,0,0,0,0	40910	1333	296	44228	1198	0	59744,58362,57435,33437,33437,33437,33437	2	14	25708,18870,0,0,0,0,0	231	41572
168531	486	1068	807	365	332	106	60	13	5970	395	613	442	289	6	121	7021	1097	2127	98,0,0,0,0,0	40828	1085	260	44476	1213	0	60456,59108,58147,33691,33691,33691,33691	2	12	25709,19126,0,0,0,0,0	217	42373
168599	465	1080	746	356	344	101	60	13	5963	400	619	426	285	5	103	7070	1053	2099	98,0,0,0,0,0	38131	1078	325	44785	1231	0	61234,59922,58926,34005,34005,34005,34005	2	17	25712,19444,0,0,0,0,0	201	43152
168666	477	1047	783	340	334	104	58	13	5895	405	624	423	299	8	115	7145	1052	2091	98,0,0,0,0,0	38228	1070	320	45082	1256	0	61985,60709,59679,34302,34302,34302,34302	2	30	25716,19758,0,0,0,0,0	190	43943
168790	473	1014	754	338	318	103	55	13	5852	410	626	443	248	7	94	7170	994	2061	98,0,0,0,0,0	38262	1098	284	45350	1273	0	62715,61473,60410,34564,34564,34564,34564	2	24	25720,20035,0,0,0,0,0	187	44748
168854	465	1022	724	344	330	106	52	11	5796	414	628	437	344	8	90	6774	952	2091	99,0,0,0,0,0	37939	1108	323	45655	1292	0	63489,62284,61186,34875,34875,34875,34875	2	22	25721,20351,0,0,0,0,0	186	45505
168969	450	1033	678	335	319	100	53	10	5752	415	632	423	227	4	118	6571	941	2027	99,0,0,0,0,0	37781	1088	284	45926	1308	0	64227,63058,61925,35144,35144,35144,35144	2	14	25723,20630,0,0,0,0,0	182	46237
169065	467	956	699	318	318	88	54	10	5719	418	634	419	333	2	87	6438	875	2025	99,0,0,0,0,0	40209	1092	268	46180	1327	0	64938,63804,62639,35411,35411,35411,35411	2	15	25724,20899,0,0,0,0,0	182	46982
169211	414	899	704	315	319	85	50	11	5681	421	636	430	247	2	105	5934	864	1922	99,0,0,0,0,0	39747	940	210	46382	1336	0	65609,64507,63312,35624,35624,35624,35624	2	10	25724,21107,0,0,0,0,0	167	47648
169287	397	902	663	309	307	84	49	9	5673	426	640	409	241	2	114	5769	848	1863	99,0,0,0,0,0	30880	915	276	46630	1364	0	66332,65260,64037,35890,35890,35890,35890	2	17	25726,21372,0,0,0,0,0	160	48262
169411	394	892	636	314	292	85	44	11	5592	429	646	410	255	5	102	5659	844	1813	99,0,0,0,0,0	30431	913	255	46866	1384	0	67043,66009,64752,36128,36128,36128,36128	2	15	25727,21623,0,0,0,0,0	162	48857
169555	369	864	647	297	282	89	48	10	5507	430	648	429	323	6	108	5648	827	1769	99,0,0,0,0,0	30581	897	223	47077	1397	0	67730,66729,65440,36339,36339,36339,36339	1	15	25728,21841,0,0,0,0,0	163	49462
169706	362	809	652	292	260	83	46	12	5438	435	651	448	237	1	93	5602	809	1695	99,0,0,0,0,0	30342	873	214	47276	1414	0	68391,67426,66105,36540,36540,36540,36540	1	14	25730,22051,0,0,0,0,0	157	50045
169891	349	791	648	276	247	81	43	15	5316	438	651	435	324	3	80	5394	745	1690	99,0,0,0,0,0	24897	935	227	47485	1433	0	69042,68115,66760,36725,36725,36725,36725	1	11	25731,22272,0,0,0,0,0	158	50672
170093	331	745	616	266	225	78	44	16	5237	440	655	437	252	6	86	5376	701	1604	99,0,0,0,0,0	31499	900	184	47664	1439	0	69659,68767,67378,36885,36885,36885,36885	1	11	25731,22456,0,0,0,0,0	143	51270
170295	316	718	599	250	218	73	39	17	5118	444	659	446	242	2	57	5547	656	1557	99,0,0,0,0,0	31532	1230	179	47835	1448	0	70274,69418,67997,37037,37037,37037,37037	1	6	25731,22635,0,0,0,0,0	142	52128
170440	314	708	594	242	212	76	40	16	4996	447	661	429	246	3	74	5251	665	1521	99,0,0,0,0,0	25089	1194	206	48029	1461	0	70911,70089,68639,37224,37224,37224,37224	1	8	25731,22839,0,0,0,0,0	133	52969
170607	292	672	571	229	198	74	40	16	4934	448	665	433	267	2	79	5414	630	1446	99,0,0,0,0,0	24837	1207	170	48184	1476	0	71501,70713,69234,37370,37370,37370,37370	1	8	25731,23005,0,0,0,0,0	140	53860
170742	296	657	529	215	193	65	37	17	4877	451	667	420	319	3	56	5382	587	1405	99,0,0,0,0,0	25100	1231	185	48360	1485	0	72117,71358,69853,37542,37542,37542,37542	1	11	25732,23184,0,0,0,0,0	129	54740
170888	301	629	514	212	170	61	38	17	4794	452	670	413	283	5	54	5551	561	1364	99,0,0,0,0,0	24936	1226	187	48533	1499	0	72727,72002,70469,37714,37714,37714,37714	1	8	25733,23364,0,0,0,0,0	122	55626
171062	263	620	489	200	162	63	35	15	4706	456	675	437	238	2	47	5369	542	1290	99,0,0,0,0,0	25109	1232	137	48664	1505	0	73303,72609,71050,37852,37852,37852,37852	1	12	25733,23498,0,0,0,0,0	110	56535
171245	222	584	495	201	178	56	37	13	4581	457	677	450	82	1	58	5066	527	1246	99,0,0,0,0,0	28988	1258	131	48790	1512	0	73866,73203,71620,37995,37995,37995,37995	1	5	25733,23629,0,0,0,0,0	113	57467
171443	224	521	502	194	172	58	38	10	4445	460	679	442	232	5	59	4965	500	1209	99,0,0,0,0,0	28952	581	134	48921	1517	0	74580,73950,72340,38200,38200,38200,38200	1	6	25733,23763,0,0,0,0,0	115	57849
171586	232	507	475	193	173	53	34	8	4340	464	681	443	267	0	67	5307	519	1148	99,0,0,0,0,0	23765	592	154	49062	1531	0	75303,74704,73071,38428,38428,38428,38428	1	5	25733,23915,0,0,0,0,0	111	58267
171775	223	472	457	185	158	49	27	8	4237	470	685	476	329	1	52	4860	473	1098	99,0,0,0,0,0	24064	581	111	49171	1535	0	75993,75424,73768,38618,38618,38618,38618	1	8	25733,24027,0,0,0,0,0	95	58682
171939	205	475	429	152	154	43	29	8	4154	471	687	477	246	1	47	4881	433	1054	99,0,0,0,0,0	23521	601	133	49294	1545	0	76718,76179,74501,38838,38838,38838,38838	0	3	25733,24157,0,0,0,0,0	82	59108
172087	192	438	425	153	148	45	26	9	4063	473	687	462	309	1	47	4599	406	1021	99,0,0,0,0,0	23385	621	110	49394	1555	0	77445,76933,75237,39064,39064,39064,39064	0	5	25733,24263,0,0,0,0,0	86	59561
172283	181	398	399	148	137	44	25	10	3959	473	689	466	259	1	54	3982	388	944	99,0,0,0,0,0	23049	611	94	49484	1561	0	78167,77687,75969,39276,39276,39276,39276	0	6	25733,24357,0,0,0,0,0	80	59991
172481	149	390	386	138	130	42	25	10	3828	475	692	465	254	2	34	3758	356	904	99,0,0,0,0,0	28140	575	93	49575	1563	0	78885,78435,76696,39485,39485,39485,39485	0	2	25733,24450,0,0,0,0,0	79	60407
172663	127	365	369	133	119	42	22	12	3721	476	697	472	218	3	30	3369	336	841	99,0,0,0,0,0	28124	818	76	49647	1567	0	79295,78872,77113,39529,39529,39529,39529	0	5	25733,24525,0,0,0,0,0	74	60999
172860	113	322	338	139	104	40	16	11	3621	481	701	476	251	1	39	3180	320	752	99,0,0,0,0,0	16921	829	65	49710	1570	0	79716,79320,77541,39563,39563,39563,39563	0	3	25733,24589,0,0,0,0,0	68	61588
173037	112	294	296	145	104	39	18	10	3504	481	706	496	297	3	35	3096	307	701	99,0,0,0,0,0	16700	766	80	49788	1572	0	80152,79781,77983,39610,39610,39610,39610	0	6	25733,24668,0,0,0,0,0	64	62153
173196	118	276	283	131	90	39	15	9	3395	484	710	504	257	1	31	2753	280	672	99,0,0,0,0,0	16678	814	85	49867	1578	0	80588,80241,78425,39664,39664,39664,39664	0	4	25733,24752,0,0,0,0,0	56	62735
173358	112	267	279	107	81	40	15	11	3279	484	713	495	226	1	38	2244	256	645	99,0,0,0,0,0	16364	782	78	49936	1588	0	81017,80691,78861,39723,39723,39723,39723	0	1	25733,24829,0,0,0,0,0	61	63318
173524	119	252	254	98	75	32	14	12	3166	485	715	499	266	0	30	2043	238	606	99,0,0,0,0,0	15698	819	71	50001	1595	0	81429,81125,79281,39775,39775,39775,39775	0	7	25733,24900,0,0,0,0,0	53	63913
173706	113	254	246	95	72	31	12	13	3000	486	718	491	276	1	16	1948	227	596	99,0,0,0,0,0	26497	801	67	50061	1602	0	81829,81544,79686,39815,39815,39815,39815	0	5	25733,24964,0,0,0,0,0	49	64487
173872	101	250	233	88	69	29	12	12	2874	486	720	485	248	1	29	1861	224	558	99,0,0,0,0,0	26411	1021	62	50121	1604	0	82254,81989,80117,39862,39862,39862,39862	0	2	25733,25026,0,0,0,0,0	53	65223
174004	103	220	233	78	65	29	10	10	2780	488	726	491	242	2	21	1912	209	529	99,0,0,0,0,0	15509	1048	57	50175	1607	0	82669,82422,80538,39911,39911,39911,39911	0	3	25733,25083,0,0,0,0,0	47	65985
174141	97	225	219	65	64	31	10	10	2666	488	730	493	308	1	19	1922	195	516	99,0,0,0,0,0	15371	1035	69	50237	1614	0	83073,82844,80948,39959,39959,39959,39959	0	3	25733,25149,0,0,0,0,0	49	66734
174279	84	210	201	64	70	24	9	7	2578	488	732	527	321	3	22	2049	185	477	100,0,0,0,0,0	15864	1038	46	50281	1616	0	83470,83258,81351,39997,39997,39997,39997	0	2	25733,25195,0,0,0,0,0	42	67513
174409	77	216	179	58	67	23	11	5	2479	488	734	510	238	1	26	1883	189	442	100,0,0,0,0,0	15649	1064	59	50336	1620	0	83868,83674,81756,40038,40038,40038,40038	0	3	25733,25252,0,0,0,0,0	37	68304
174520	76	214	165	61	68	23	9	5	2377	490	738	510	308	2	19	1640	192	424	100,0,0,0,0,0	15672	1034	56	50389	1624	0	84291,84111,82185,40108,40108,40108,40108	0	2	25733,25307,0,0,0,0,0	37	69054
174647	73	190	171	62	60	22	10	5	2275	490	741	498	86	0	8	1515	174	414	100,0,0,0,0,0	20821	1030	45	50429	1629	0	84678,84514,82578,40151,40151,40151,40151	0	2	25733,25350,0,0,0,0,0	36	69834
174773	72	169	160	60	54	20	9	6	2185	491	747	483	98	0	13	1392	155	389	100,0,0,0,0,0	20814	334	45	50473	1631	0	85226,85075,83133,40278,40278,40278,40278	0	2	25733,25395,0,0,0,0,0	33	70074
174891	65	173	146	53	51	19	10	6	2092	492	748	505	257	1	15	1427	144	373	100,0,0,0,0,0	12206	347	48	50516	1636	0	85769,85634,83684,40399,40399,40399,40399	0	5	25733,25440,0,0,0,0,0	35	70327
175000	66	150	143	55	48	16	10	5	2010	492	751	504	249	1	19	1736	138	350	100,0,0,0,0,0	12414	361	44	50557	1639	0	86324,86203,84247,40526,40526,40526,40526	0	3	25733,25483,0,0,0,0,0	31	70588
175109	66	153	135	46	43	11	9	6	1923	492	753	498	264	2	13	1630	110	353	100,0,0,0,0,0	12751	320	48	50604	1640	0	86893,86786,84823,40659,40659,40659,40659	0	3	25733,25531,0,0,0,0,0	26	70806
175214	66	150	126	41	37	9	6	5	1842	495	755	508	141	1	12	1566	97	338	100,0,0,0,0,0	12297	333	38	50639	1643	0	87464,87368,85400,40792,40792,40792,40792	0	2	25733,25568,0,0,0,0,0	19	71038
175331	59	142	130	45	35	8	7	6	1730	495	758	540	93	1	8	1315	91	335	100,0,0,0,0,0	12258	381	39	50677	1644	0	88024,87943,85968,40916,40916,40916,40916	0	0	25733,25607,0,0,0,0,0	19	71294
175451	57	138	137	36	36	8	7	5	1613	496	762	559	86	1	9	1154	84	335	100,0,0,0,0,0	20621	339	37	50713	1645	0	88608,88539,86558,41055,41055,41055,41055	0	1	25733,25644,0,0,0,0,0	17	71540
175548	46	140	135	34	32	6	6	5	1531	497	766	551	254	1	15	1092	83	316	100,0,0,0,0,0	20385	328	29	50742	1646	0	88769,88710,86723,40969,40969,40969,40969	0	0	25733,25674,0,0,0,0,0	12	71769
175613	56	114	144	35	31	6	5	4	1469	498	771	558	266	1	9	1056	79	312	100,0,0,0,0,0	11933	301	36	50776	1648	0	88952,88902,86909,40895,40895,40895,40895	0	0	25733,25710,0,0,0,0,0	13	71974
175693	59	115	126	36	30	6	5	4	1401	498	773	555	97	0	10	1131	83	294	100,0,0,0,0,0	11991	327	37	50809	1652	0	89130,89091,87090,40811,40811,40811,40811	0	2	25733,25747,0,0,0,0,0	13	72221
175770	51	120	113	34	29	4	5	3	1340	498	779	550	85	0	10	1200	80	276	100,0,0,0,0,0	12034	327	26	50833	1655	0	89289,89260,87253,40718,40718,40718,40718	0	2	25733,25773,0,0,0,0,0	11	72458
175860	48	106	104	28	36	5	5	3	1270	498	783	553	95	0	9	1130	76	256	100,0,0,0,0,0	12147	325	21	50852	1657	0	89453,89434,87422,40625,40625,40625,40625	0	1	25733,25794,0,0,0,0,0	10	72694
175934	46	114	99	19	34	5	5	3	1202	498	787	551	290	0	14	920	76	246	100,0,0,0,0,0	11918	309	33	50883	1659	0	89637,89629,87609,40552,40552,40552,40552	0	0	25733,25827,0,0,0,0,0	12	72908
175996	44	115	96	20	28	5	4	3	1146	499	790	548	336	0	7	947	68	244	100,0,0,0,0,0	20193	356	25	50905	1662	0	89797,89797,87773,40471,40471,40471,40471	0	1	25733,25851,0,0,0,0,0	12	73159
176054	41	109	95	23	25	4	4	3	1095	500	793	571	86	0	5	941	59	242	100,0,0,0,0,0	20273	152	25	50926	1666	0	90027,90035,88009,40436,40436,40436,40436	0	1	25733,25872,0,0,0,0,0	11	73267
176119	41	102	93	24	20	3	4	1	1043	500	796	569	85	0	10	879	60	227	100,0,0,0,0,0	11809	143	25	50950	1667	0	90241,90257,88228,40389,40389,40389,40389	0	0	25733,25897,0,0,0,0,0	10	73367
176172	41	84	97	20	22	3	3	1	1002	501	800	597	247	0	9	831	51	219	100,0,0,0,0,0	11709	155	23	50972	1669	0	90457,90479,88448,40339,40339,40339,40339	0	2	25733,25921,0,0,0,0,0	8	73464
176233	39	75	84	22	25	3	3	1	957	501	803	582	5361	6	15	857	56	195	100,0,0,0,0,0	11754	170	19	50990	1670	0	90675,90705,88672,40291,40291,40291,40291	0	0	25733,25939,0,0,0,0,0	9	73590
176281	42	68	81	21	27	2	2	1	913	502	806	589	2658	2	8	904	65	178	100,0,0,0,0,0	11890	169	22	51012	1670	0	90896,90932,88897,40242,40242,40242,40242	0	0	25733,25961,0,0,0,0,0	5	73716
176335	35	76	73	21	23	2	1	2	865	502	811	586	1411	1	5	761	58	173	100,0,0,0,0,0	11644	171	23	51033	1672	0	91114,91157,89120,40197,40197,40197,40197	0	2	25733,25983,0,0,0,0,0	5	73823
176382	37	71	71	22	19	3	1	2	822	502	814	607	940	1	6	565	50	174	100,0,0,0,0,0	20091	177	19	51052	1672	0	91340,91388,89351,40163,40163,40163,40163	0	0	25733,26002,0,0,0,0,0	6	73930
176424	39	68	62	21	26	3	1	1	782	502	817	589	661	1	9	512	57	163	100,0,0,0,0,0	19920	162	22	51072	1674	0	91573,91626,89590,40140,40140,40140,40140	0	1	25733,26023,0,0,0,0,0	8	74028
176469	35	63	63	20	27	3	1	1	740	502	822	575	2823	1	8	524	58	154	100,0,0,0,0,0	22081	194	16	51088	1674	0	91803,91860,89826,40111,40111,40111,40111	0	0	25733,26039,0,0,0,0,0	4	74167
176522	30	56	58	18	24	3	1	1	705	502	826	572	2769	2	5	543	54	136	100,0,0,0,0,0	22090	157	9	51096	1675	0	92021,92085,90051,40071,40071,40071,40071	0	0	25733,26047,0,0,0,0,0	4	74281
176569	17	59	52	17	21	4	2	1	676	502	826	596	2041	0	5	568	47	125	100,0,0,0,0,0	22038	187	8	51103	1676	0	92256,92324,90292,40034,40034,40034,40034	0	1	25733,26055,0,0,0,0,0	4	74412
176614	17	50	54	18	16	4	3	1	637	502	830	633	1429	1	6	551	40	122	100,0,0,0,0,0	21979	200	9	51112	1676	0	92503,92575,90545,40007,40007,40007,40007	0	0	25733,26064,0,0,0,0,0	6	74548
176649	14	42	51	18	15	4	3	1	615	502	832	632	1020	0	7	540	44	103	100,0,0,0,0,0	21961	196	6	51118	1676	0	92724,92801,90774,39978,39978,39978,39978	0	0	25733,26070,0,0,0,0,0	7	74679
176682	15	43	43	12	13	5	2	1	591	503	836	658	1855	0	4	524	41	92	100,0,0,0,0,0	20055	163	12	51130	1676	0	92962,93043,91017,39951,39951,39951,39951	0	1	25733,26082,0,0,0,0,0	6	74794
176714	15	35	47	14	13	5	2	1	557	503	840	640	2333	0	3	461	42	89	100,0,0,0,0,0	20166	170	10	51139	1677	0	92987,93072,91044,39796,39796,39796,39796	0	0	25733,26092,0,0,0,0,0	6	74920
176747	10	33	45	13	12	5	2	0	535	503	841	642	2193	0	4	479	35	85	100,0,0,0,0,0	22229	179	8	51147	1677	0	93025,93115,91085,39642,39642,39642,39642	0	0	25733,26100,0,0,0,0,0	7	75044
176773	11	26	43	13	15	5	2	0	509	503	846	626	1768	0	2	451	33	82	100,0,0,0,0,0	22040	160	11	51158	1677	0	93058,93151,91120,39489,39489,39489,39489	0	0	25733,26111,0,0,0,0,0	7	75150
176809	13	27	38	10	12	3	3	0	475	503	853	623	1530	0	4	426	30	76	100,0,0,0,0,0	21735	175	10	51168	1677	0	93081,93179,91146,39327,39327,39327,39327	0	0	25733,26121,0,0,0,0,0	5	75269
176832	13	26	38	8	10	2	4	0	454	503	856	623	1594	0	5	405	30	71	100,0,0,0,0,0	22023	187	11	51178	1678	0	93110,93213,91178,39174,39174,39174,39174	0	0	25733,26131,0,0,0,0,0	5	75407
176869	8	22	40	8	8	2	4	0	422	503	860	656	1954	0	2	380	30	62	100,0,0,0,0,0	22048	189	1	51179	1678	0	93144,93250,91214,39022,39022,39022,39022	0	0	25733,26132,0,0,0,0,0	6	75543
176894	7	20	37	5	8	2	4	0	402	503	864	648	2174	0	1	367	28	55	100,0,0,0,0,0	19642	173	4	51182	1679	0	93170,93278,91242,38867,38867,38867,38867	0	0	25733,26136,0,0,0,0,0	6	75664
176919	5	23	28	5	8	2	3	0	380	504	869	629	1896	0	2	356	28	46	100,0,0,0,0,0	20018	116	3	51185	1679	0	93196,93306,91270,38718,38718,38718,38718	0	1	25733,26139,0,0,0,0,0	5	75734
176940	4	21	25	5	6	2	2	1	360	504	876	638	1660	0	1	268	22	43	100,0,0,0,0,0	21875	106	2	51187	1679	0	93206,93319,91282,38556,38556,38556,38556	0	0	25733,26141,0,0,0,0,0	4	75816
176971	7	17	23	4	7	1	2	1	330	504	879	613	1542	0	4	265	23	38	100,0,0,0,0,0	21825	101	5	51192	1679	0	93223,93338,91301,38389,38389,38389,38389	0	0	25733,26146,0,0,0,0,0	3	75878
176982	9	21	18	5	5	1	2	0	318	504	881	606	1863	1	1	260	20	41	100,0,0,0,0,0	21965	111	8	51200	1679	0	93247,93364,91326,38234,38234,38234,38234	0	0	25733,26154,0,0,0,0,0	3	75947
176993	8	16	19	4	8	1	2	0	308	504	883	619	1956	0	0	247	18	40	100,0,0,0,0,0	21711	106	4	51202	1681	0	93270,93388,91352,38078,38078,38078,38078	0	0	25733,26157,0,0,0,0,0	3	76021
177013	5	17	17	3	8	0	2	0	290	504	887	601	1984	0	2	247	17	35	100,0,0,0,0,0	21775	126	3	51206	1681	0	93288,93408,91371,37920,37920,37920,37920	0	0	25733,26161,0,0,0,0,0	2	76090
177032	4	18	11	3	6	1	2	0	275	504	890	626	1779	0	2	90	12	33	100,0,0,0,0,0	19810	104	4	51208	1683	0	93317,93438,91402,37770,37770,37770,37770	0	0	25733,26164,0,0,0,0,0	2	76167
177048	2	18	13	2	7	1	2	0	256	504	893	590	1711	0	1	84	12	33	100,0,0,0,0,0	19524	100	3	51211	1683	0	93268,93391,91355,37578,37578,37578,37578	0	0	25733,26167,0,0,0,0,0	3	76219
177059	3	13	14	2	6	2	2	0	244	504	897	583	1717	0	1	215	8	34	100,0,0,0,0,0	21706	86	4	51215	1683	0	93219,93343,91306,37383,37383,37383,37383	0	0	25733,26171,0,0,0,0,0	3	76281
177073	4	12	13	2	5	2	2	0	229	504	900	573	1834	0	4	227	12	28	100,0,0,0,0,0	21748	93	3	51217	1684	0	93159,93285,91248,37182,37182,37182,37182	0	0	25733,26174,0,0,0,0,0	4	76341
177089	6	13	8	2	3	2	0	0	215	506	902	576	1959	0	0	264	12	22	100,0,0,0,0,0	21841	80	5	51222	1684	0	93112,93240,91202,36983,36983,36983,36983	0	1	25733,26179,0,0,0,0,0	2	76392
177104	6	10	12	0	3	2	0	0	198	506	905	553	1793	0	0	258	10	23	100,0,0,0,0,0	21688	89	3	51225	1684	0	93066,93196,91157,36783,36783,36783,36783	0	0	25733,26182,0,0,0,0,0	2	76443
177112	5	10	14	0	0	2	0	0	186	506	911	559	1721	0	0	223	8	23	100,0,0,0,0,0	21809	75	1	51226	1684	0	93015,93146,91107,36591,36591,36591,36591	0	0	25733,26183,0,0,0,0,0	2	76491
177118	5	11	13	1	0	2	0	0	176	506	914	589	1787	1	0	216	8	24	100,0,0,0,0,0	19580	87	3	51229	1684	0	92969,93100,91062,36406,36406,36406,36406	0	0	25733,26186,0,0,0,0,0	3	76545
177124	7	11	12	2	0	2	0	0	163	506	919	618	1806	1	0	215	7	27	100,0,0,0,0,0	19596	72	4	51233	1684	0	92914,93046,91009,36223,36223,36223,36223	0	0	25733,26190,0,0,0,0,0	3	76591
177133	6	14	8	1	1	2	0	0	154	506	921	586	1878	0	1	215	7	25	100,0,0,0,0,0	21806	77	3	51236	1684	0	92870,93003,90966,36034,36034,36034,36034	0	0	25733,26193,0,0,0,0,0	3	76644
177151	4	9	13	1	1	1	0	0	136	506	924	595	1794	0	1	213	7	22	100,0,0,0,0,0	21944	79	0	51236	1684	0	92813,92948,90910,35832,35832,35832,35832	0	0	25733,26193,0,0,0,0,0	2	76693
177158	3	10	13	0	2	2	0	0	125	506	927	600	1817	0	0	70	8	22	100,0,0,0,0,0	21609	78	2	51238	1684	0	92762,92898,90860,35639,35639,35639,35639	0	0	25733,26195,0,0,0,0,0	1	76748
177167	4	7	10	1	2	2	0	0	116	506	931	605	1860	0	0	66	6	20	100,0,0,0,0,0	21644	72	2	51240	1684	0	92712,92849,90812,35446,35446,35446,35446	0	0	25733,26197,0,0,0,0,0	2	76792
177175	6	4	9	2	2	3	0	0	103	506	936	611	1776	0	0	5	4	22	100,0,0,0,0,0	21513	73	3	51243	1684	0	92661,92799,90763,35258,35258,35258,35258	0	0	25733,26200,0,0,0,0,0	2	76842
177176	5	6	6	3	1	3	0	0	98	506	942	611	1836	1	2	12	4	20	100,0,0,0,0,0	19518	78	2	51245	1684	0	92608,92747,90711,35070,35070,35070,35070	0	1	25733,26202,0,0,0,0,0	3	76885
177180	4	8	5	2	0	3	0	0	93	506	945	615	1839	0	0	14	4	18	100,0,0,0,0,0	19464	75	2	51246	1685	0	92555,92695,90659,34888,34888,34888,34888	0	0	25733,26204,0,0,0,0,0	3	76922
177181	3	9	6	1	1	3	0	0	83	506	953	631	1799	0	0	16	4	19	100,0,0,0,0,0	21618	89	2	51248	1685	0	92506,92646,90611,34708,34708,34708,34708	0	1	25733,26206,0,0,0,0,0	3	76978
177180	2	7	7	2	2	3	0	0	75	506	962	618	1988	1	1	17	5	18	100,0,0,0,0,0	21694	60	1	51249	1685	0	92445,92584,90550,34522,34522,34522,34522	0	0	25733,26207,0,0,0,0,0	3	77013
177183	2	4	9	2	3	2	0	0	71	506	964	617	1809	0	2	25	7	15	100,0,0,0,0,0	21740	69	1	51250	1685	0	92388,92528,90495,34337,34337,34337,34337	0	0	25733,26208,0,0,0,0,0	2	77057
177180	4	3	8	3	4	2	0	0	64	506	972	601	1808	0	2	29	8	16	100,0,0,0,0,0	21578	81	3	51253	1685	0	92337,92477,90445,34154,34154,34154,34154	0	0	25733,26211,0,0,0,0,0	2	77104
177183	4	3	6	3	3	2	0	0	63	506	973	588	1847	0	1	28	6	15	100,0,0,0,0,0	21523	92	1	51254	1685	0	92284,92424,90393,33971,33971,33971,33971	0	0	25733,26212,0,0,0,0,0	2	77160
177182	4	5	5	3	2	2	0	0	58	506	979	583	1758	0	1	27	7	14	100,0,0,0,0,0	19483	72	2	51256	1685	0	92230,92370,90340,33793,33793,33793,33793	0	1	25733,26214,0,0,0,0,0	2	77196
177185	4	5	4	4	1	2	0	0	52	506	983	598	1813	0	0	28	5	15	100,0,0,0,0,0	19599	80	2	51258	1685	0	92154,92294,90265,33615,33615,33615,33615	0	0	25733,26216,0,0,0,0,0	2	77245
177183	2	8	4	5	0	1	0	0	49	506	988	585	1818	1	0	29	4	16	100,0,0,0,0,0	21603	63	2	51260	1685	0	92084,92224,90195,33431,33431,33431,33431	0	0	25733,26218,0,0,0,0,0	1	77283
177187	1	8	6	3	0	1	0	0	45	506	989	559	1818	0	0	26	4	15	100,0,0,0,0,0	21638	86	1	51261	1685	0	91997,92137,90109,33241,33241,33241,33241	0	0	25733,26219,0,0,0,0,0	1	77336
177186	3	6	4	2	1	1	0	0	45	506	992	607	1812	0	0	27	2	15	100,0,0,0,0,0	21236	79	2	51263	1685	0	91917,92058,90030,33056,33056,33056,33056	0	1	25733,26221,0,0,0,0,0	1	77391
177184	2	5	4	2	3	1	0	0	42	506	997	590	1793	1	0	27	2	15	100,0,0,0,0,0	21645	68	0	51263	1685	0	91841,91981,89954,32870,32870,32870,32870	0	0	25733,26221,0,0,0,0,0	1	77434
177186	0	6	6	1	3	0	0	0	40	506	998	594	1812	0	2	32	6	10	100,0,0,0,0,0	21825	72	1	51264	1685	0	91765,91905,89880,32689,32689,32689,32689	0	0	25733,26222,0,0,0,0,0	0	77477
177182	1	4	6	2	1	0	0	0	38	506	1006	607	1771	0	0	20	4	10	100,0,0,0,0,0	19755	73	1	51265	1685	0	91686,91826,89801,32508,32508,32508,32508	0	0	25733,26223,0,0,0,0,0	0	77525
177178	1	5	3	2	1	0	0	0	38	506	1012	617	1843	0	1	20	4	8	100,0,0,0,0,0	19407	54	1	51266	1685	0	91608,91747,89724,32345,32345,32345,32345	0	0	25733,26224,0,0,0,0,0	0	77554
177178	0	6	2	2	1	0	0	0	36	506	1015	605	1834	0	0	16	4	7	100,0,0,0,0,0	21483	68	0	51266	1685	0	91521,91660,89637,32165,32165,32165,32165	0	0	25733,26224,0,0,0,0,0	0	77596
177176	1	3	4	1	1	0	0	0	36	506	1018	606	1806	0	1	15	3	7	100,0,0,0,0,0	21628	193	1	51267	1685	122	91441,91579,89557,31993,31993,31993,31993	0	0	25733,26225,0,0,0,0,0	0	77631
177171	1	3	5	1	1	0	0	0	36	506	1022	595	1804	0	0	16	3	8	100,0,0,0,0,0	21590	224	1	51268	1685	273	91385,91523,89503,31879,31879,31879,31879	0	0	25733,26226,0,0,0,0,0	0	77674
177171	0	4	3	0	1	0	0	0	36	506	1025	585	1789	0	0	17	2	6	100,0,0,0,0,0	21724	207	0	51268	1685	410	91330,91468,89449,31773,31773,31773,31773	0	0	25733,26226,0,0,0,0,0	0	77711
177167	1	3	4	0	1	0	0	0	34	506	1030	591	1843	0	0	17	2	7	100,0,0,0,0,0	21691	200	1	51269	1685	544	91274,91412,89394,31663,31663,31663,31663	0	0	25733,26227,0,0,0,0,0	0	77748
177166	1	3	1	0	1	0	0	0	34	506	1034	571	1789	0	0	17	1	5	100,0,0,0,0,0	19577	185	0	51269	1685	674	91224,91362,89345,31561,31561,31561,31561	0	0	25733,26227,0,0,0,0,0	0	77781
177163	0	4	0	0	0	0	0	0	35	506	1038	602	1768	0	0	17	0	4	100,0,0,0,0,0	19529	183	0	51269	1685	796	91165,91304,89287,31462,31462,31462,31462	0	0	25733,26227,0,0,0,0,0	0	77821
177164	0	3	1	0	0	0	0	0	33	506	1039	600	1824	0	0	7	0	4	100,0,0,0,0,0	21517	168	0	51269	1685	900	91103,91241,89226,31348,31348,31348,31348	0	0	25733,26227,0,0,0,0,0	0	77858
177164	0	0	2	0	2	0	0	0	32	506	1040	614	1807	0	0	7	0	4	100,0,0,0,0,0	21516	257	0	51269	1685	1085	91035,91173,89159,31231,31231,31231,31231	0	0	25733,26227,0,0,0,0,0	0	77906
177162	0	0	1	0	1	0	0	0	32	506	1044	602	1775	0	2	4	1	1	100,0,0,0,0,0	21769	266	0	51269	1685	1294	90990,91128,89114,31154,31154,31154,31154	0	0	25733,26227,0,0,0,0,0	0	77941
177161	0	0	1	0	1	0	0	0	30	506	1047	593	1838	0	0	5	1	1	100,0,0,0,0,0	21626	280	0	51269	1685	1498	90944,91082,89069,31085,31085,31085,31085	0	0	25733,26227,0,0,0,0,0	0	77988
177154	0	0	1	0	1	0	0	0	28	506	1056	592	1797	0	0	2	1	1	100,0,0,0,0,0	21672	288	0	51269	1685	1703	90904,91041,89030,31019,31019,31019,31019	0	0	25733,26227,0,0,0,0,0	0	78034
177153	0	0	0	0	1	0	0	0	27	506	1059	609	1780	0	0	2	1	0	100,0,0,0,0,0	19253	250	0	51269	1685	1893	90860,90997,88987,30955,30955,30955,30955	0	0	25733,26227,0,0,0,0,0	0	78068
177153	0	0	0	0	0	0	0	0	25	506	1062	601	1868	0	0	2	0	0	0,0,0,0,0,0	19586	262	0	51269	1685	2092	90818,90955,88946,30906,30906,30906,30906	0	0	25733,26227,0,0,0,0,0	0	78097
177151	0	0	0	0	0	0	0	0	24	506	1065	604	1781	0	0	2	0	0	0,0,0,0,0,0	21638	271	0	51269	1685	2301	90778,90915,88908,30855,30855,30855,30855	0	0	25733,26227,0,0,0,0,0	0	78135
177150	0	0	0	0	0	0	0	0	21	506	1069	612	1847	0	0	2	0	0	0,0,0,0,0,0	21659	233	0	51269	1685	2462	90735,90872,88866,30802,30802,30802,30802	0	0	25733,26227,0,0,0,0,0	0	78176
177145	0	0	0	0	0	0	0	0	19	506	1076	574	1827	0	0	2	0	0	0,0,0,0,0,0	21720	249	0	51269	1685	2644	90682,90818,88814,30728,30728,30728,30728	0	0	25733,26227,0,0,0,0,0	0	78221
177144	0	0	0	0	0	0	0	0	18	506	1078	579	1766	0	0	2	0	0	0,0,0,0,0,0	21767	254	0	51269	1685	2814	90637,90773,88770,30663,30663,30663,30663	0	0	25733,26227,0,0,0,0,0	0	78276
177142	0	0	0	0	0	0	0	0	16	506	1082	578	1810	0	0	2	0	0	0,0,0,0,0,0	21523	208	0	51269	1685	2968	90590,90726,88724,30589,30589,30589,30589	0	0	25733,26227,0,0,0,0,0	0	78313
177141	0	0	0	0	0	0	0	0	14	506	1085	566	1801	0	0	0	0	0	0,0,0,0,0,0	19705	229	0	51269	1685	3127	90534,90670,88669,30511,30511,30511,30511	0	0	25733,26227,0,0,0,0,0	0	78348
177141	0	0	0	0	0	0	0	0	12	506	1087	576	1830	0	0	0	0	0	0,0,0,0,0,0	19371	235	0	51269	1685	3287	90483,90619,88619,30455,30455,30455,30455	0	0	25733,26227,0,0,0,0,0	0	78394
177138	0	0	0	0	0	0	0	0	12	506	1090	602	1816	0	0	0	0	0	0,0,0,0,0,0	21663	258	0	51269	1685	3456	90425,90561,88563,30388,30388,30388,30388	0	0	25733,26227,0,0,0,0,0	0	78444
177135	0	0	0	0	0	0	0	0	12	506	1093	577	1782	0	0	0	0	0	0,0,0,0,0,0	21618	342	0	51269	1685	3716	90378,90513,88516,30335,30335,30335,30335	0	0	25733,26227,0,0,0,0,0	0	78497
177134	0	0	0	0	0	0	0	0	11	506	1095	580	1760	0	0	0	0	0	0,0,0,0,0,0	21523	318	0	51269	1685	3946	90351,90485,88490,30319,30319,30319,30319	0	0	25733,26227,0,0,0,0,0	0	78557
177134	0	0	0	0	0	0	0	0	9	506	1097	592	1811	0	0	0	0	0	0,0,0,0,0,0	21585	390	0	51269	1685	4242	90319,90453,88459,30295,30295,30295,30295	0	0	25733,26227,0,0,0,0,0	0	78617
177128	0	0	0	0	0	0	0	0	9	506	1103	631	1815	0	0	0	0	0	0,0,0,0,0,0	21517	326	0	51269	1685	4505	90301,90434,88442,30306,30306,30306,30306	0	0	25733,26227,0,0,0,0,0	0	78661
177087	20	12	0	0	0	0	0	0	9	506	1112	642	1835	0	0	0	0	32	0,100,0,0,0,0	19394	330	0	51298	1688	4754	90301,90435,88444,30334,30334,30334,30334	0	0	25733,26227,32,0,0,0,0	0	78697
177050	38	23	3	0	0	0	0	0	8	506	1118	657	1863	0	0	0	0	64	0,100,0,0,0,0	19497	459	2	51327	1691	5005	90295,90428,88439,30367,30367,30367,30367	0	0	25733,26227,64,0,0,0,0	0	78802
177007	46	44	6	1	1	0	0	0	10	506	1125	654	1740	2	0	0	0	98	0,100,0,0,0,0	21595	474	3	51358	1696	5294	90297,90429,88442,30406,30406,30406,30406	0	0	25733,26227,100,0,0,0,0	0	78909
176961	48	69	18	1	4	0	0	0	11	506	1128	637	1743	0	0	3	2	138	0,100,0,0,0,0	10184	497	7	51396	1701	5605	90310,90443,88457,30472,30472,30472,30472	0	0	25733,26227,143,0,0,0,0	0	79005
176917	57	83	27	6	8	0	0	0	14	506	1128	657	1851	1	3	11	5	176	0,100,0,0,0,0	10134	459	25	51442	1701	5886	90333,90465,88481,30546,30546,30546,30546	0	2	25733,26227,189,0,0,0,0	0	79082
176859	64	104	37	7	10	1	0	0	20	506	1138	676	2013	3	4	54	11	212	0,100,0,0,0,0	10206	507	21	51483	1709	6200	90349,90482,88500,30615,30615,30615,30615	0	1	25733,26227,238,0,0,0,0	0	79175
176825	60	111	52	10	10	1	0	0	29	506	1142	665	1859	3	4	70	14	230	0,100,0,0,0,0	10170	497	32	51509	1715	6485	90354,90487,88506,30676,30676,30676,30676	0	3	25733,26227,270,0,0,0,0	3	79287
176791	44	128	57	12	12	1	0	0	49	506	1146	696	1960	2	5	168	21	233	0,100,0,0,0,0	19791	463	31	51538	1717	6751	90358,90490,88511,30726,30726,30726,30726	0	3	25733,26227,301,0,0,0,0	1	79385
176763	38	126	66	21	13	1	0	0	63	506	1149	701	1845	4	6	182	29	236	0,100,0,0,0,0	19551	392	26	51562	1720	7050	90382,90514,88536,30786,30786,30786,30786	0	1	25733,26227,328,0,0,0,0	3	79425
176709	52	118	81	23	16	3	0	0	82	506	1156	696	1946	1	10	235	46	247	0,100,0,0,0,0	10361	389	49	51606	1725	7346	90432,90564,88588,30889,30889,30889,30889	0	2	25733,26227,377,0,0,0,0	4	79475
176663	66	111	93	21	23	3	0	0	99	506	1161	723	2012	2	5	288	49	268	0,100,0,0,0,0	10550	394	45	51650	1727	7649	90476,90607,88634,30985,30985,30985,30985	0	4	25733,26227,423,0,0,0,0	6	79507
176621	68	117	98	20	23	4	0	0	125	506	1164	678	2009	3	11	318	60	270	0,100,0,0,0,0	10380	376	45	51691	1731	7926	90516,90648,88675,31075,31075,31075,31075	0	1	25733,26227,468,0,0,0,0	8	79554
176580	69	128	110	19	19	4	0	0	145	506	1166	696	1931	3	7	346	64	285	0,100,0,0,0,0	10541	367	45	51728	1739	8205	90550,90681,88711,31145,31145,31145,31145	0	2	25733,26227,513,0,0,0,0	10	79588
176553	69	130	110	12	15	5	0	0	177	506	1169	691	1864	3	2	352	49	292	0,100,0,0,0,0	10644	368	37	51762	1743	8490	90591,90722,88755,31220,31220,31220,31220	0	4	25733,26227,551,0,0,0,0	8	79619
176514	61	141	114	14	16	6	0	0	201	506	1173	724	1723	3	4	325	53	299	0,100,0,0,0,0	19709	363	40	51797	1749	8761	90625,90755,88791,31297,31297,31297,31297	0	1	25733,26227,592,0,0,0,0	9	79653
176486	54	138	125	12	20	6	0	0	221	506	1178	748	1980	5	7	369	60	295	0,100,0,0,0,0	19796	321	39	51833	1752	9025	90635,90764,88803,31368,31368,31368,31368	0	3	25733,26227,631,0,0,0,0	14	79667
176430	58	165	113	15	22	7	0	0	249	506	1181	746	2082	4	9	553	81	299	0,100,0,0,0,0	10907	318	68	51891	1762	9303	90664,90793,88835,31455,31455,31455,31455	0	5	25733,26227,699,0,0,0,0	14	79665
176367	79	154	128	17	24	6	0	0	277	506	1188	775	1735	1	4	564	80	328	0,100,0,0,0,0	10787	320	65	51951	1768	9569	90699,90828,88873,31550,31550,31550,31550	0	5	25733,26227,765,0,0,0,0	14	79673
176325	94	149	134	19	23	6	0	0	294	506	1196	760	2057	3	12	545	81	344	0,100,0,0,0,0	10595	324	48	51994	1773	9846	90721,90850,88897,31623,31623,31623,31623	0	1	25733,26227,812,0,0,0,0	15	79687
176267	104	167	130	21	22	4	0	0	325	506	1200	771	1963	5	10	555	86	362	0,100,0,0,0,0	10798	322	68	52049	1786	10103	90752,90880,88930,31713,31713,31713,31713	0	4	25733,26227,880,0,0,0,0	14	79703
176225	100	168	147	21	23	3	0	0	350	506	1203	764	1781	5	8	549	88	374	0,100,0,0,0,0	10704	300	56	52100	1791	10342	90766,90894,88947,31773,31773,31773,31773	0	2	25733,26227,936,0,0,0,0	17	79718
176190	89	170	164	24	28	3	0	0	364	506	1208	717	1865	2	12	558	99	379	0,100,0,0,0,0	19949	271	49	52144	1798	10563	90778,90906,88962,31834,31834,31834,31834	0	3	25733,26227,987,0,0,0,0	13	79730
176146	93	182	166	28	29	1	0	0	383	506	1212	730	1978	4	9	599	102	397	0,100,0,0,0,0	20213	354	69	52206	1805	10861	90795,90922,88982,31912,31912,31912,31912	0	4	25733,26227,1054,0,0,0,0	9	79730
176075	112	194	158	30	33	1	0	0	423	506	1214	750	1852	2	7	707	98	430	0,100,0,0,0,0	10828	300	91	52288	1814	11108	90853,90979,89042,32051,32051,32051,32051	0	1	25733,26227,1145,0,0,0,0	5	79739
176034	120	202	160	27	34	2	0	0	445	506	1216	772	1976	4	8	686	95	450	0,100,0,0,0,0	10819	292	72	52350	1824	11352	90871,90996,89064,32129,32129,32129,32129	0	4	25733,26227,1216,0,0,0,0	7	79747
175972	123	222	169	30	33	2	0	0	469	506	1220	754	1866	2	6	511	85	494	0,100,0,0,0,0	10947	285	91	52432	1833	11601	90911,91036,89108,32227,32227,32227,32227	0	4	25733,26227,1307,0,0,0,0	8	79737
175900	130	236	178	35	34	1	0	0	502	506	1224	791	1876	6	13	544	92	522	0,100,0,0,0,0	10654	295	87	52516	1836	11850	90960,91084,89159,32337,32337,32337,32337	0	4	25733,26227,1394,0,0,0,0	8	79732
175829	138	240	189	36	40	2	0	0	537	506	1229	780	1819	4	9	701	102	543	0,100,0,0,0,0	10793	306	96	52603	1846	12098	90995,91118,89197,32438,32438,32438,32438	0	4	25733,26227,1491,0,0,0,0	9	79719
175758	154	243	197	37	39	3	0	0	577	506	1232	793	1804	6	11	682	101	572	0,100,0,0,0,0	20132	294	89	52686	1853	12355	91032,91154,89238,32545,32545,32545,32545	0	6	25733,26227,1581,0,0,0,0	8	79704
175686	148	273	199	33	39	3	2	0	620	506	1237	771	2058	3	18	715	116	581	0,100,0,0,0,0	20140	285	96	52773	1864	12599	91111,91231,89322,32704,32704,32704,32704	0	4	25733,26227,1679,0,0,0,0	7	79682
175598	159	294	210	44	39	4	3	0	647	506	1242	759	2027	4	21	973	141	612	0,100,0,0,0,0	11025	320	119	52882	1876	12872	91199,91318,89415,32857,32857,32857,32857	0	1	25733,26227,1799,0,0,0,0	7	79666
175498	182	315	225	40	42	5	3	0	686	506	1244	760	1865	3	11	1185	141	671	0,100,0,0,0,0	11443	303	126	52993	1892	13131	91298,91416,89518,33032,33032,33032,33032	0	1	25733,26227,1926,0,0,0,0	10	79656
175401	194	337	243	43	44	3	3	0	722	506	1250	758	2002	8	14	1301	144	723	0,100,0,0,0,0	11495	275	129	53110	1906	13364	91392,91508,89617,33202,33202,33202,33202	0	7	25733,26227,2057,0,0,0,0	13	79638
175287	203	400	234	39	40	2	4	0	776	506	1255	774	1969	4	12	1479	147	775	0,100,0,0,0,0	11675	293	158	53253	1922	13608	91505,91619,89736,33376,33376,33376,33376	0	7	25733,26227,2216,0,0,0,0	10	79620
175150	236	426	259	51	53	3	4	0	796	506	1262	780	1911	4	10	1546	145	887	0,100,0,0,0,0	11668	269	181	53414	1944	13836	91644,91756,89882,33595,33595,33595,33595	0	8	25733,26227,2398,0,0,0,0	11	79580
175025	255	453	293	59	57	2	5	0	825	506	1266	780	1912	7	20	1531	157	967	0,100,0,0,0,0	21166	250	170	53568	1962	14047	91754,91864,89998,33779,33779,33779,33779	0	9	25733,26227,2568,0,0,0,0	14	79533
174906	256	485	322	72	67	2	5	0	852	506	1273	775	2081	9	22	1545	177	1032	0,100,0,0,0,0	20806	276	171	53726	1975	14293	91829,91937,90078,33941,33941,33941,33941	0	11	25733,26227,2739,0,0,0,0	18	79464
174726	292	533	338	72	64	3	7	0	930	506	1275	785	2004	9	35	1698	201	1108	0,100,0,0,0,0	11895	265	223	53924	2003	14530	91972,92078,90226,34178,34178,34178,34178	0	10	25733,26227,2963,0,0,0,0	22	79405
174519	338	606	353	81	67	5	8	0	983	506	1280	777	1792	18	26	2270	244	1214	0,100,0,0,0,0	12401	272	257	54153	2033	14770	92127,92234,90388,34435,34435,34435,34435	0	16	25733,26227,3222,0,0,0,0	22	79327
174345	379	599	402	89	80	5	7	0	1046	507	1287	751	1862	11	17	2420	257	1304	0,100,0,0,0,0	12799	271	226	54361	2052	15008	92272,92378,90540,34670,34670,34670,34670	0	5	25733,26227,3449,0,0,0,0	19	79268
174151	395	657	451	91	87	5	7	0	1104	507	1291	763	2046	10	30	2280	269	1424	0,100,0,0,0,0	12848	270	261	54600	2075	15243	92433,92536,90707,34926,34926,34926,34926	1	13	25733,26227,3711,0,0,0,0	24	79190
173905	425	719	512	83	87	7	7	0	1199	507	1295	790	1937	12	31	2233	278	1562	0,100,0,0,0,0	12633	298	300	54869	2109	15506	92608,92712,90890,35218,35218,35218,35218	1	8	25733,26227,4011,0,0,0,0	20	79093
173744	411	751	553	96	85	11	7	0	1285	507	1296	780	2066	17	26	2343	288	1626	0,100,0,0,0,0	21690	285	237	55084	2135	15751	92752,92855,91042,35462,35462,35462,35462	1	12	25733,26227,4251,0,0,0,0	29	79017
173559	427	765	566	105	101	7	7	0	1402	507	1300	805	1977	14	32	2498	302	1676	0,100,0,0,0,0	21777	270	255	55319	2159	15982	92898,93000,91196,35723,35723,35723,35723	1	12	25733,26227,4510,0,0,0,0	29	78932
173295	476	819	619	112	106	10	8	1	1487	508	1305	773	1997	13	31	3204	335	1815	0,100,0,0,0,0	13250	248	350	55628	2201	16196	93101,93204,91408,36046,36046,36046,36046	1	14	25733,26227,4859,0,0,0,0	28	78836
172975	521	917	640	129	113	8	7	2	1619	509	1306	753	2024	17	51	3525	373	1962	0,100,0,0,0,0	13645	320	386	55963	2255	16482	93326,93430,91642,36395,36395,36395,36395	1	17	25733,26227,5246,0,0,0,0	27	78728
172641	582	1028	674	118	117	8	8	2	1749	509	1310	758	2029	19	44	3708	397	2138	0,100,0,0,0,0	13884	300	420	56338	2302	16742	93611,93713,91935,36814,36814,36814,36814	1	17	25733,26227,5666,0,0,0,0	29	78622
172342	607	1101	746	132	116	8	7	2	1863	510	1312	731	1976	15	35	3423	394	2323	0,100,0,0,0,0	13815	309	403	56693	2350	17019	93865,93967,92199,37191,37191,37191,37191	1	13	25733,26227,6067,0,0,0,0	22	78509
171997	661	1183	796	130	132	8	5	1	2006	512	1315	727	2004	16	45	3346	415	2500	0,100,0,0,0,0	13680	306	450	57085	2410	17283	94156,94257,92501,37624,37624,37624,37624	1	18	25733,26227,6518,0,0,0,0	20	78387
171708	663	1236	865	146	144	8	3	1	2140	514	1318	712	2008	27	42	3472	427	2638	0,100,0,0,0,0	22709	294	405	57435	2468	17542	94389,94492,92748,38006,38006,38006,38006	1	23	25733,26227,6926,0,0,0,0	21	78227
171405	659	1305	914	163	160	7	4	1	2290	515	1323	721	1971	17	44	3785	474	2738	0,100,0,0,0,0	22955	304	416	57820	2505	17807	94658,94761,93029,38421,38421,38421,38421	1	17	25733,26227,7346,0,0,0,0	25	78064
170972	728	1395	997	175	185	9	7	0	2432	516	1330	686	2065	27	53	4124	522	2974	0,100,0,0,0,0	14408	318	553	58313	2570	18082	95024,95128,93408,38941,38941,38941,38941	2	23	25733,26227,7902,0,0,0,0	25	77901
170520	846	1486	1028	178	202	12	8	0	2615	517	1334	709	2064	26	74	4748	601	3159	0,100,0,0,0,0	14745	309	592	58832	2647	18352	95402,95506,93802,39471,39471,39471,39471	2	24	25733,26227,8494,0,0,0,0	35	77713
170073	924	1554	1120	199	213	11	7	1	2786	518	1340	698	1975	26	71	4708	646	3382	0,100,0,0,0,0	15170	357	598	59354	2724	18666	95773,95879,94190,40006,40006,40006,40006	2	24	25733,26227,9086,0,0,0,0	39	77519
169606	955	1713	1158	219	232	11	9	1	2979	519	1344	704	1986	30	59	5037	699	3598	0,100,0,0,0,0	15467	330	631	59907	2804	18961	96188,96294,94622,40588,40588,40588,40588	2	33	25733,26227,9716,0,0,0,0	52	77315
169061	985	1842	1271	231	237	16	10	1	3225	519	1348	664	2010	30	76	5422	779	3813	0,100,0,0,0,0	15430	296	706	60532	2888	19224	96661,96768,95112,41242,41242,41242,41242	2	30	25733,26227,10421,0,0,0,0	48	77073
168618	982	1869	1395	242	271	19	11	1	3469	519	1350	701	1875	34	69	5918	829	3960	0,100,0,0,0,0	24766	304	622	61087	2958	19489	97042,97150,95511,41790,41790,41790,41790	2	25	25733,26227,11042,0,0,0,0	61	76843
168190	1004	1923	1451	268	296	22	12	1	3702	520	1357	660	2025	41	98	6500	933	4043	0,100,0,0,0,0	25378	347	635	61645	3037	19792	97431,97539,95920,42345,42345,42345,42345	2	26	25733,26227,11674,0,0,0,0	55	76605
167714	1022	1999	1568	268	297	19	18	1	3956	520	1364	649	2011	33	104	6992	1001	4190	0,100,0,0,0,0	26937	333	681	62253	3113	20081	97865,97973,96374,42956,42956,42956,42956	3	42	25733,26227,12355,0,0,0,0	60	76344
167270	1014	2069	1650	281	312	24	19	1	4219	520	1367	645	1959	49	96	7185	1078	4291	0,100,0,0,0,0	26897	294	669	62853	3185	20317	98284,98393,96814,43542,43542,43542,43542	3	34	25733,26227,13023,0,0,0,0	81	76097
166785	1023	2153	1746	307	316	26	21	2	4473	522	1372	681	2033	33	101	7549	1139	4453	0,100,0,0,0,0	27462	280	725	63512	3259	20552	98704,98813,97256,44135,44135,44135,44135	3	40	25733,26227,13748,0,0,0,0	72	75764
166369	1009	2226	1821	313	319	26	23	1	4739	523	1377	667	2069	43	102	7749	1170	4567	0,100,0,0,0,0	27754	331	688	64126	3337	20849	99095,99203,97671,44688,44688,44688,44688	3	30	25733,26227,14435,0,0,0,0	73	75445
165923	1038	2201	1906	331	314	26	23	2	5076	524	1382	685	2040	31	112	8021	1158	4681	0,100,0,0,0,0	27865	305	720	64739	3448	21121	99513,99621,98116,45279,45279,45279,45279	4	37	25733,26227,15157,0,0,0,0	70	75161
165532	1072	2160	1967	345	327	27	22	3	5379	525	1387	657	2008	41	102	7898	1156	4764	0,100,0,0,0,0	26903	306	698	65358	3530	21393	99938,100048,98570,45851,45851,45851,45851	4	30	25733,26227,15855,0,0,0,0	85	74882
165090	1114	2165	1957	354	356	30	25	2	5730	527	1396	696	1880	37	106	8557	1177	4824	0,100,0,0,0,0	27114	290	702	65970	3623	21645	100342,100453,98999,46433,46433,46433,46433	4	31	25733,26227,16552,0,0,0,0	83	74562
164686	1113	2236	1997	346	365	34	21	1	6019	532	1396	675	1970	42	115	8656	1181	4931	0,100,0,0,0,0	28533	324	744	66629	3715	21922	100761,100872,99446,47008,47008,47008,47008	4	42	25733,26227,17292,0,0,0,0	85	74228
164155	1206	2329	2042	360	377	36	19	3	6287	533	1399	669	1946	47	114	8735	1182	5187	0,100,0,0,0,0	19276	496	872	67381	3839	22373	101306,101416,100021,47711,47711,47711,47711	4	29	25733,26227,18162,0,0,0,0	79	73917
163650	1233	2468	2019	394	367	39	19	4	6613	534	1406	642	1903	32	108	8757	1171	5368	0,100,0,0,0,0	19331	475	844	68107	3962	22805	101858,101967,100604,48464,48464,48464,48464	4	32	25733,26227,19003,0,0,0,0	72	73595
163173	1326	2543	2049	414	384	38	19	6	6853	534	1407	624	1964	28	136	8818	1239	5534	0,100,0,0,0,0	18799	508	881	68883	4074	23269	102434,102543,101215,49218,49218,49218,49218	4	25	25733,26227,19885,0,0,0,0	76	73244
162700	1333	2623	2083	443	398	41	23	7	7149	534	1412	638	2011	48	129	8978	1240	5704	0,100,0,0,0,0	18992	520	881	69640	4201	23739	103018,103125,101832,49981,49981,49981,49981	4	46	25733,26227,20758,0,0,0,0	78	72922
162267	1311	2657	2102	446	416	45	28	2	7519	536	1417	619	1919	33	119	8782	1263	5742	0,100,0,0,0,0	27734	446	816	70346	4319	24136	103549,103657,102397,50701,50701,50701,50701	4	44	25733,26227,21568,0,0,0,0	95	72596
161818	1310	2703	2197	457	456	45	32	2	7769	536	1421	631	2022	42	147	8511	1328	5872	0,100,0,0,0,0	27210	534	867	71114	4422	24602	104101,104210,102982,51427,51427,51427,51427	5	47	25733,26227,22426,0,0,0,0	104	72234
161326	1407	2708	2304	466	449	53	28	1	8036	543	1425	621	1980	48	160	9193	1410	6005	0,100,0,0,0,0	19240	511	967	71955	4553	25051	104738,104848,103659,52248,52248,52248,52248	5	41	25733,26227,23387,0,0,0,0	105	71860
160764	1501	2827	2357	447	460	52	35	2	8328	545	1428	597	1921	60	162	9104	1447	6232	0,100,0,0,0,0	19705	671	1026	72841	4700	25645	105407,105516,104367,53111,53111,53111,53111	5	47	25733,26227,24409,0,0,0,0	105	71461
160259	1600	2947	2401	427	467	47	39	1	8579	548	1431	594	2012	50	135	9428	1514	6414	0,100,0,0,0,0	19695	685	1034	73726	4853	26270	106109,106217,105113,54017,54017,54017,54017	5	60	25733,26227,25433,0,0,0,0	112	71049
159766	1623	3013	2463	437	505	46	36	1	8869	551	1436	588	2027	62	137	9326	1540	6583	0,100,0,0,0,0	19723	672	992	74583	4992	26873	106787,106896,105834,54900,54900,54900,54900	5	54	25733,26227,26424,0,0,0,0	118	70658
159208	1587	3190	2544	482	510	54	38	2	9138	553	1440	540	1989	56	167	9375	1615	6790	0,100,0,0,0,0	19911	656	1055	75461	5179	27464	107507,107615,106597,55835,55835,55835,55835	5	45	25733,26227,27475,0,0,0,0	124	70270
158779	1568	3200	2683	491	486	59	36	3	9440	557	1444	536	1974	59	150	9851	1651	6872	0,100,0,0,0,0	28024	688	963	76288	5320	28090	108127,108235,107261,56659,56659,56659,56659	6	50	25733,26227,28427,0,0,0,0	130	69832
158336	1543	3171	2791	501	481	62	42	2	9814	558	1445	506	1959	67	139	10357	1670	6921	0,100,0,0,0,0	28732	684	968	77115	5471	28700	108774,108881,107952,57508,57508,57508,57508	6	46	25733,26227,29387,0,0,0,0	139	69417
157790	1664	3204	2824	501	521	56	43	3	10130	562	1448	515	2026	58	176	10819	1771	7042	0,100,0,0,0,0	21342	672	1146	78106	5635	29320	109559,109666,108784,58475,58475,58475,58475	6	56	25733,26227,30525,0,0,0,0	130	68967
157214	1678	3390	2832	516	514	60	40	4	10480	567	1451	530	1921	47	187	11477	1848	7182	0,100,0,0,0,0	21461	862	1146	79087	5808	30115	110338,110446,109610,59451,59451,59451,59451	6	53	25733,26227,31660,0,0,0,0	129	68526
156753	1701	3440	2922	531	556	57	39	5	10714	571	1457	541	2073	71	171	11830	1874	7372	0,100,0,0,0,0	22266	873	1102	80022	5980	30918	111123,111231,110447,60437,60437,60437,60437	6	60	25733,26227,32752,0,0,0,0	122	68086
156327	1672	3487	2953	559	538	61	36	3	11074	577	1459	531	1916	76	182	12111	1907	7399	0,100,0,0,0,0	22418	872	1071	80923	6153	31720	111876,111982,111251,61377,61377,61377,61377	6	41	25733,26227,33808,0,0,0,0	128	67654
155948	1646	3468	3058	594	554	65	35	4	11333	580	1461	544	1990	62	164	11984	1912	7508	0,100,0,0,0,0	22828	888	1046	81810	6321	32529	112613,112721,112042,62297,62297,62297,62297	6	42	25733,26227,34845,0,0,0,0	125	67232
155675	1627	3432	3084	597	577	68	35	3	11599	584	1465	555	1964	51	169	11969	1918	7502	0,100,0,0,0,0	29807	879	1022	82678	6483	33343	113308,113417,112795,63148,63148,63148,63148	6	56	25733,26227,35850,0,0,0,0	134	66793
155357	1643	3419	3086	596	568	69	33	4	11917	586	1468	537	2020	77	191	12204	1905	7509	0,100,0,0,0,0	30422	1040	1003	83503	6671	34192	114000,114109,113541,64013,64013,64013,64013	6	55	25733,26227,36847,0,0,0,0	143	66422
155005	1680	3364	3152	619	582	74	33	3	12172	590	1472	544	1993	63	187	13011	1986	7518	0,100,0,0,0,0	23447	1047	1076	84414	6844	35031	114776,114886,114375,64949,64949,64949,64949	7	59	25733,26227,37909,0,0,0,0	130	66055
154654	1734	3350	3117	637	598	71	35	3	12478	593	1476	543	1900	64	196	13543	2030	7512	0,100,0,0,0,0	23853	1680	1104	85336	7035	36524	115539,115650,115199,65853,65853,65853,65853	7	71	25733,26227,39007,0,0,0,0	144	65679
154322	1730	3383	3122	648	587	73	39	3	12766	595	1478	549	1934	75	212	13924	2087	7495	0,100,0,0,0,0	24038	1750	1064	86203	7237	38080	116432,116546,116153,67004,67004,67004,67004	7	46	25733,26227,40047,0,0,0,0	149	65316
154022	1710	3401	3100	631	612	80	38	3	13070	599	1480	581	2023	55	175	13648	2054	7518	0,100,0,0,0,0	24472	1681	1084	87096	7434	39606	117350,117466,117133,68171,68171,68171,68171	7	64	25733,26227,41106,0,0,0,0	153	64921
153803	1649	3472	3067	614	645	78	39	4	13288	602	1485	556	1976	61	205	13331	2076	7488	0,100,0,0,0,0	24159	1657	1028	87944	7621	41100	118218,118333,118062,69256,69256,69256,69256	7	42	25733,26227,42115,0,0,0,0	154	64533
153716	1565	3400	3025	602	667	80	40	3	13556	604	1488	521	1940	73	188	13043	2027	7352	0,100,0,0,0,0	31274	1711	918	88701	7787	42632	119010,119126,118915,70229,70229,70229,70229	7	38	25733,26227,43011,0,0,0,0	160	64202
153770	1510	3178	3145	607	634	90	37	6	13670	608	1491	511	1904	60	203	12767	2011	7190	0,99,0,0,0,0	31094	1648	822	89387	7961	44144	119758,119875,119731,71116,71116,71116,71116	7	64	25733,26227,43816,30,0,0,0	163	63876
153672	1452	3152	3097	617	642	89	41	4	13879	609	1492	492	2024	71	201	13011	2006	7084	0,99,0,0,0,0	23326	1763	913	90159	8144	45745	120595,120713,120631,72111,72111,72111,72111	7	37	25733,26227,44707,66,0,0,0	169	63547
153584	1471	3105	3081	580	614	95	38	4	14065	615	1494	505	1960	70	196	13094	2000	6984	0,98,1,0,0,0	23490	902	936	90944	8331	46484	121454,121576,121557,73132,73132,73132,73132	7	44	25733,26227,45613,101,0,0,0	170	63186
153558	1465	3149	2985	595	584	94	38	6	14155	618	1499	471	1994	62	174	12575	1948	6962	0,98,1,0,0,0	23370	890	930	91699	8537	47213	122051,122173,122223,73722,73722,73722,73722	7	58	25733,26227,46503,139,0,0,0	163	62855
153596	1467	3047	2977	574	578	96	42	6	14241	620	1502	479	1989	53	164	12262	1910	6871	0,97,2,0,0,0	23237	942	859	92410	8718	47989	122616,122739,122856,74268,74268,74268,74268	7	37	25733,26227,47303,202,0,0,0	169	62551
153593	1416	2988	3007	560	546	96	35	5	14367	628	1505	473	1898	61	159	11509	1792	6856	0,96,3,0,0,0	22113	869	874	93147	8885	48702	123203,123328,123509,74861,74861,74861,74861	7	29	25733,26227,48120,272,0,0,0	155	62215
153647	1382	2882	2974	545	540	101	34	6	14497	630	1508	504	1943	34	152	10814	1719	6739	0,96,3,0,0,0	29248	890	801	93797	9047	49443	123716,123841,124083,75356,75356,75356,75356	7	41	25733,26227,48849,331,0,0,0	150	61914
153746	1300	2853	2893	530	516	108	39	9	14613	630	1509	473	1950	38	173	10870	1663	6576	0,96,3,0,0,0	29370	901	780	94417	9213	50182	124203,124330,124634,75819,75819,75819,75819	6	48	25733,26227,49556,384,0,0,0	174	61625
153785	1359	2790	2833	498	512	101	37	8	14679	634	1510	446	1960	46	184	10938	1626	6504	0,95,4,0,0,0	21221	846	894	95112	9416	50888	124752,124877,125247,76342,76342,76342,76342	6	40	25733,26227,50333,470,0,0,0	159	61320
153885	1385	2662	2832	496	498	101	37	9	14692	637	1512	453	1914	56	165	10723	1566	6445	0,94,5,0,0,0	21124	726	821	95740	9614	51469	125241,125366,125802,76793,76792,76792,76792	6	37	25733,26227,51040,566,0,0,0	159	61041
154011	1342	2691	2744	497	471	100	35	8	14692	641	1514	453	2009	40	157	10633	1542	6338	0,94,5,0,0,0	20685	797	814	96361	9810	52103	125691,125816,126318,77170,77169,77169,77169	6	38	25733,26227,51742,644,0,0,0	153	60772
154223	1260	2652	2765	469	476	102	32	6	14596	648	1517	440	1977	47	146	10549	1494	6262	0,93,6,0,0,0	21094	761	752	96951	9980	52715	126112,126237,126804,77502,77501,77501,77501	6	42	25733,26227,52384,728,0,0,0	147	60487
154397	1293	2595	2652	502	467	98	34	4	14536	649	1519	466	1989	53	144	10162	1432	6209	0,92,7,0,0,0	20509	754	840	97581	10194	53290	126564,126689,127324,77883,77880,77880,77880	6	46	25733,26227,53075,851,0,0,0	142	60191
154688	1252	2471	2588	490	453	101	38	4	14488	652	1521	488	1918	41	156	9600	1434	5959	0,91,8,0,0,0	28409	708	677	98075	10381	53858	126904,127027,127728,78129,78125,78125,78125	6	33	25733,26227,53596,980,0,0,0	150	59945
154956	1152	2444	2544	455	445	103	38	4	14426	658	1521	486	1931	55	147	9674	1392	5789	0,90,9,0,0,0	28183	767	648	98546	10560	54448	127224,127344,128106,78355,78351,78351,78351	6	47	25733,26227,54093,1102,0,0,0	154	59706
155066	1143	2442	2500	434	443	96	34	3	14396	664	1525	494	1965	41	143	9936	1379	5713	0,89,10,0,0,0	20153	769	790	99129	10771	55053	127647,127767,128591,78719,78714,78714,78714	6	34	25733,26227,54711,1255,0,0,0	154	59436
155246	1173	2391	2451	419	439	85	31	3	14311	669	1528	479	1962	41	137	9351	1316	5673	0,87,12,0,0,0	19752	409	741	99676	10972	55300	128022,128141,129028,79018,79012,79012,79012	5	32	25733,26227,55249,1440,0,0,0	135	59173
155458	1179	2279	2444	396	441	79	26	2	14233	676	1533	477	1984	42	138	9214	1308	5536	0,86,13,0,0,0	19361	407	695	100176	11171	55555	128275,128392,129339,79150,79142,79142,79142	5	30	25733,26227,55736,1618,0,0,0	118	58917
155657	1146	2270	2374	400	422	79	22	2	14155	681	1538	519	1992	36	115	9089	1226	5487	0,84,15,0,0,0	19330	432	714	100685	11379	55820	128544,128659,129667,79311,79302,79302,79302	5	31	25733,26227,56218,1837,0,0,0	108	58670
155863	1186	2217	2293	401	418	66	24	1	14055	682	1540	495	1917	42	138	9037	1196	5409	0,82,17,0,0,0	19259	416	744	101206	11605	56087	128816,128929,130000,79472,79460,79460,79460	5	41	25733,26227,56718,2058,0,0,0	106	58408
156130	1131	2194	2240	370	401	59	26	1	13965	687	1542	495	1955	36	102	8411	1124	5297	0,80,19,0,0,0	27526	425	638	101650	11801	56362	129029,129143,130273,79565,79552,79552,79552	5	31	25733,26227,57125,2266,0,0,0	96	58182
156355	1068	2201	2221	380	384	51	27	2	13821	689	1547	498	1925	27	110	8303	1059	5273	0,78,21,0,0,0	26621	388	663	102102	12017	56601	129260,129376,130561,79698,79681,79681,79681	5	46	25733,26227,57536,2499,0,0,0	98	57922
156506	1133	2168	2219	366	382	59	28	3	13645	689	1548	476	1957	47	136	8197	1045	5310	0,76,23,0,0,0	18527	440	781	102629	12277	56896	129550,129665,130908,79898,79878,79878,79878	5	41	25733,26227,57979,2815,0,0,0	99	57659
156679	1179	2107	2247	366	368	48	28	1	13481	693	1549	451	1981	48	126	7998	1060	5283	0,73,26,0,0,0	18557	242	729	103097	12544	56986	129811,129928,131222,80079,80056,80056,80056	5	29	25733,26227,58339,3156,0,0,0	91	57403
156896	1161	2085	2165	370	374	50	29	1	13369	695	1551	459	2002	45	119	8248	1079	5155	0,70,29,0,0,0	28146	126	684	103544	12788	57095	129990,130103,131453,80148,80122,80122,80122	5	29	25733,26227,58680,3478,0,0,0	88	57122
157152	1145	2070	2122	348	377	49	26	3	13205	698	1551	466	1952	41	125	8518	1111	5026	0,67,32,0,0,0	28031	93	666	103989	13012	57188	130159,130272,131675,80201,80169,80169,80169	5	38	25733,26227,58998,3807,0,0,0	84	56826
157395	1138	2026	2126	325	353	52	24	4	13045	701	1557	453	1817	46	101	8754	1086	4958	0,65,34,0,0,0	27207	99	648	104407	13249	57287	130316,130432,131886,80242,80207,80207,80207	5	41	25733,26227,59298,4134,0,0,0	88	56566
157596	1107	2009	2089	319	347	45	22	4	12945	704	1559	480	1992	47	100	8210	1044	4894	0,63,36,0,0,0	26805	92	669	104832	13496	57379	130484,130600,132104,80318,80277,80277,80277	5	41	25733,26227,59587,4500,0,0,0	91	56303
157738	1111	1981	2043	298	337	43	22	5	12904	704	1560	494	2024	40	102	8280	1032	4803	0,60,39,0,0,0	26869	87	675	105254	13756	57466	130649,130764,132316,80416,80369,80369,80369	5	31	25733,26227,59865,4891,0,0,0	90	56032
157888	1155	1982	2030	276	300	44	26	4	12773	705	1563	498	1958	30	104	8168	1004	4809	0,57,42,0,0,0	27933	100	710	105685	14044	57566	130798,130911,132505,80521,80465,80465,80465	5	36	25733,26227,60110,5347,0,0,0	87	55728
158016	1186	1961	2016	257	308	38	20	6	12663	710	1565	520	1953	46	89	8427	982	4804	0,54,45,0,0,0	27978	74	717	106139	14312	57640	130963,131078,132716,80647,80583,80583,80583	5	39	25733,26227,60351,5809,0,0,0	80	55433
158192	1202	1918	2029	267	307	35	21	6	12490	710	1569	499	1914	46	92	8198	949	4830	0,51,48,0,0,0	28020	81	718	106564	14611	57721	131099,131216,132895,80736,80663,80663,80663	5	39	25733,26227,60581,6280,0,0,0	73	55153
158267	1197	1947	2020	284	295	37	19	6	12389	712	1573	500	1882	55	94	7764	929	4870	0,48,51,0,0,0	27724	67	723	106969	14936	57788	131239,131356,133074,80856,80776,80776,80776	5	50	25733,26227,60786,6781,0,0,0	68	54877
158352	1260	1994	1981	291	264	40	18	6	12250	714	1576	496	1940	42	109	7130	931	4917	0,44,55,0,0,0	27455	83	809	107447	15271	57871	131401,131516,133278,81011,80920,80920,80920	5	45	25733,26227,60983,7383,0,0,0	80	54563
158504	1271	1965	2026	268	261	40	18	6	12091	717	1579	463	1918	37	81	6700	880	4969	0,41,58,0,0,0	25553	93	730	107855	15596	57964	131510,131625,133428,81106,81005,81005,81005	5	42	25733,26227,61149,7932,0,0,0	83	54271
158597	1228	1977	2073	280	278	38	17	4	11952	720	1582	465	2019	56	81	6586	849	5042	0,39,60,0,0,0	25359	87	747	108259	15943	58051	131634,131749,133588,81246,81133,81133,81133	5	43	25733,26227,61316,8503,0,0,0	85	53998
158547	1349	2042	2029	276	266	39	16	3	11870	724	1585	473	1969	54	117	6608	870	5147	0,36,63,0,0,0	16669	85	917	108782	16343	58136	131836,131951,133825,81500,81374,81374,81374	5	52	25733,26227,61501,9217,0,0,0	74	53655
158475	1453	2042	2078	286	259	43	15	3	11779	726	1587	477	1888	60	104	6516	878	5298	0,33,66,0,0,0	16770	270	873	109248	16753	58406	131999,132115,134020,81748,81608,81608,81608	5	34	25733,26227,61643,9923,0,0,0	79	53323
158293	1527	2185	2090	257	236	39	16	3	11783	729	1588	512	1927	46	93	6489	840	5510	0,30,69,0,0,0	16778	256	965	109765	17207	58662	132249,132362,134297,82130,81977,81977,81977	5	50	25733,26227,61777,10742,0,0,0	78	52975
158054	1677	2222	2184	230	247	37	15	3	11755	731	1591	500	1978	46	92	6293	856	5756	0,27,72,0,0,0	16543	262	1025	110320	17682	58924	132509,132622,134588,82559,82391,82391,82391	5	44	25733,26227,61915,11616,0,0,0	81	52578
157825	1769	2343	2236	239	260	35	13	4	11695	732	1595	529	2013	63	87	6313	838	6057	0,24,75,0,0,0	16327	247	1063	110865	18210	59171	132771,132888,134882,83019,82835,82835,82835	5	60	25733,26227,62036,12549,0,0,0	76	52200
157617	1739	2527	2326	246	249	32	14	5	11659	732	1600	541	2020	56	84	6416	850	6283	0,22,77,0,0,0	24928	259	1031	111377	18737	59430	132989,133107,135126,83446,83243,83243,83243	6	68	25733,26227,62143,13463,0,0,0	79	51838
157338	1731	2669	2397	256	237	33	12	5	11728	734	1606	526	1956	60	94	6258	849	6486	0,20,79,0,0,0	25179	249	1061	111917	19265	59679	133239,133357,135399,83923,83702,83702,83702	6	65	25733,26227,62262,14397,0,0,0	81	51457
156896	1911	2724	2577	258	250	31	11	4	11740	736	1608	523	1860	63	99	6441	907	6855	0,18,81,0,0,0	16611	300	1253	112543	19918	59979	133564,133681,135747,84529,84287,84287,84287	6	66	25733,26227,62387,15523,17,0,0	74	51040
156225	2263	2745	2645	255	276	29	10	2	11946	738	1612	489	1876	70	117	6400	944	7279	0,16,82,0,0,0	16629	335	1416	113240	20663	60314	133946,134064,136144,85279,85018,85018,85018	6	57	25733,26227,62507,16807,33,0,0	73	50554
155634	2410	2938	2715	284	272	29	9	2	12097	740	1616	514	2015	72	105	6792	992	7665	0,15,84,0,0,0	16694	351	1376	113913	21397	60665	134312,134431,136527,86012,85729,85729,85729	7	69	25733,26227,62604,18063,62,0,0	75	50096
154774	2530	3259	2808	306	294	32	10	1	12371	742	1619	494	2007	81	116	6962	1073	8166	0,13,85,1,0,0	17107	348	1542	114711	22184	61013	134768,134886,136991,86907,86604,86604,86604	7	93	25733,26227,62699,19481,116,0,0	73	49518
153894	2715	3548	2990	305	304	31	9	1	12584	744	1621	516	1948	79	122	6909	1148	8754	0,12,86,1,0,0	17058	333	1634	115538	23031	61346	135231,135350,137465,87839,87513,87513,87513	7	73	25733,26227,62788,21006,161,0,0	67	48947
153132	2794	3690	3134	325	303	27	12	1	12958	745	1625	551	1921	82	113	7252	1171	9114	0,10,87,1,0,0	25771	324	1568	116305	23866	61670	135634,135754,137883,88687,88335,88335,88335	8	78	25733,26227,62874,22456,215,0,0	76	48399
152317	2751	3945	3334	333	336	28	12	2	13314	745	1629	534	1979	103	111	7819	1241	9498	0,9,87,2,0,0	26539	347	1627	117091	24719	62017	136042,136164,138299,89597,89216,89216,89216	8	89	25733,26227,62941,23965,263,0,0	93	47835
151256	2975	4123	3607	338	352	29	13	2	13673	747	1631	528	1957	101	148	8200	1339	10098	0,8,88,2,0,0	18264	364	1932	117964	25786	62381	136542,136663,138805,90703,90288,90288,90288	9	93	25733,26227,63027,25747,316,0,0	95	47219
150091	3302	4242	3775	354	335	31	13	2	14220	749	1632	519	2022	102	137	8795	1381	10671	0,7,89,2,0,0	18654	350	2022	118925	26863	62731	137078,137202,139342,91891,91444,91444,91444	9	92	25733,26227,63090,27637,381,0,0	84	46537
148943	3517	4524	3971	359	315	32	18	2	14682	749	1634	492	1908	80	160	9056	1409	11327	0,6,90,2,0,0	19096	347	2130	119905	28021	63078	137586,137712,139854,93094,92607,92606,92606	9	102	25733,26227,63147,29620,456,0,0	109	45798
147695	3637	4883	4146	388	342	29	23	2	15215	749	1637	490	1966	136	148	9278	1429	12019	0,6,90,3,0,0	19601	370	2220	120895	29267	63448	138098,138222,140363,94328,93803,93802,93802	10	124	25733,26227,63197,31696,544,0,0	110	45058
146312	3778	5212	4443	430	364	25	19	5	15769	751	1638	502	1944	123	150	9817	1577	12694	0,5,90,3,0,0	19643	360	2355	121961	30567	63808	138676,138799,140933,95691,95123,95121,95121	11	118	25733,26227,63254,33862,662,0,0	106	44291
145076	3779	5402	4749	439	440	27	20	7	16414	752	1641	500	1974	140	152	10226	1707	13149	0,4,91,3,0,0	28480	360	2223	122936	31831	64168	139162,139281,141416,96934,96321,96320,96320	11	147	25733,26227,63308,35920,760,0,0	119	43567
143793	3767	5509	5177	449	460	31	21	7	17137	752	1643	508	1992	140	173	10436	1808	13606	0,4,91,4,0,0	28869	389	2289	123938	33130	64557	139660,139782,141911,98216,97558,97556,97556	12	136	25733,26227,63347,38036,880,0,0	126	42823
142345	4064	5529	5406	459	473	38	17	8	18004	758	1645	529	1967	154	214	11050	1956	14030	0,3,91,4,0,0	21129	384	2526	125007	34603	64941	140226,140351,142463,99669,98960,98957,98957	13	118	25733,26227,63381,40382,1019,0,0	129	42038
140868	4252	5716	5569	479	454	43	19	5	18934	759	1648	544	1970	146	187	11454	2051	14481	0,3,92,4,0,0	21275	352	2547	126130	36042	65293	140826,140947,143048,101157,100396,100393,100393	13	127	25733,26227,63414,42734,1163,0,0	136	41214
139261	4380	5993	5756	468	509	45	19	7	19900	759	1649	566	1946	133	175	11861	2112	15058	0,2,92,5,0,0	21826	341	2704	127330	37566	65634	141458,141573,143667,102737,101924,101919,101919	14	141	25733,26227,63444,45207,1352,0,0	149	40319
137781	4501	6212	5960	473	503	44	17	7	20835	761	1652	523	1950	170	221	12007	2137	15573	0,2,92,5,0,0	21879	342	2727	128476	39166	65976	142016,142126,144206,104302,103427,103421,103421	14	163	25733,26227,63466,47735,1512,0,0	152	39454
136223	4635	6389	6187	527	519	40	23	8	21780	762	1653	539	1879	177	191	12405	2202	16118	0,2,92,5,0,0	22270	316	2812	129656	40817	66292	142604,142711,144774,105930,104992,104984,104984	15	159	25733,26227,63485,50323,1693,0,0	150	38577
134966	4537	6510	6477	534	502	38	25	8	22729	764	1656	539	1916	165	197	12432	2291	16332	0,1,92,5,0,0	30543	335	2571	130757	42303	66627	143096,143201,145254,107394,106389,106379,106379	16	154	25733,26227,63501,52676,1891,0,0	150	37748
133846	4318	6589	6669	561	510	37	18	12	23760	767	1659	513	1995	171	203	13038	2367	16335	0,1,91,6,0,0	30908	358	2517	131807	43782	66985	143544,143647,145688,108794,107721,107708,107708	16	153	25733,26227,63521,54952,2088,0,0	137	36956
132416	4521	6618	6802	568	544	37	16	13	24778	770	1663	517	2016	177	234	13340	2477	16629	0,1,91,6,0,0	23684	332	2889	133076	45415	67317	144134,144234,146258,110487,109338,109323,109323	17	139	25733,26227,63537,57570,2312,0,0	131	36013
131131	4707	6509	6913	550	571	39	18	13	25859	771	1665	520	1973	190	235	13992	2587	16720	0,1,91,7,0,0	24155	107	2784	134236	47055	67424	144635,144728,146740,112043,110818,110800,110800	17	163	25733,26227,63551,60022,2590,0,0	127	35126
129915	4712	6581	6997	579	552	42	18	14	26893	772	1671	504	1905	162	233	13952	2645	16836	0,1,91,7,0,0	24170	139	2792	135405	48698	67563	145082,145169,147165,113556,112249,112227,112227	18	169	25733,26227,63557,62529,2831,0,0	132	34224
128763	4700	6764	6937	570	561	47	25	13	27919	773	1674	499	1897	166	252	13887	2644	16960	0,1,90,8,0,0	24266	131	2765	136569	50325	67694	145534,145619,147607,115070,113678,113653,113653	18	148	25733,26227,63574,64965,3116,0,0	139	33364
127677	4672	6869	7015	573	545	41	29	15	28856	775	1679	513	1915	197	245	14244	2733	17011	0,0,90,8,0,0	24180	130	2766	137713	51961	67824	145962,146049,148016,116589,115109,115082,115082	18	143	25733,26227,63578,67340,3463,0,0	148	32497
126985	4458	6745	7060	558	564	43	30	18	29828	776	1681	513	1953	170	213	14769	2782	16676	0,0,89,9,0,0	32336	115	2442	138696	53433	67939	146274,146359,148323,117893,116318,116286,116286	18	131	25733,26227,63586,69463,3730,0,0	157	31763
126522	4083	6600	7173	571	564	47	29	16	30678	779	1684	514	1955	152	200	14802	2680	16387	0,0,89,9,0,0	32565	115	2280	139583	54842	68054	146504,146584,148546,119056,117387,117350,117350	18	149	25733,26227,63593,71418,4003,0,0	161	31096
125805	4080	6483	7139	586	588	44	23	19	31509	783	1687	509	1992	158	232	15124	2663	16280	0,0,88,10,0,0	25252	130	2555	140607	56393	68184	146812,146890,148839,120427,118660,118618,118618	18	134	25733,26227,63602,73564,4352,0,0	157	30327
125299	4163	6115	7176	583	583	45	23	20	32262	785	1692	498	1938	149	213	14938	2554	16134	0,0,88,11,0,0	25040	102	2448	141572	57891	68286	147068,147147,149086,121698,119831,119783,119783	18	123	25733,26227,63609,75594,4709,0,0	136	29608
124894	4053	6058	6908	567	569	46	27	19	33122	786	1697	483	1889	132	239	14948	2510	15718	0,0,87,12,0,0	24916	86	2363	142491	59344	68372	147310,147386,149325,122914,120946,120891,120891	18	121	25733,26227,63615,77535,5054,0,0	154	28927
124671	3858	6027	6777	556	532	47	26	20	33747	786	1699	493	1948	136	217	14272	2401	15422	0,0,86,12,0,0	24349	73	2227	143377	60705	68445	147473,147550,149485,124052,121974,121913,121913	17	108	25733,26227,63623,79400,5361,0,0	130	28252
124508	3843	5772	6638	500	520	44	25	20	34387	788	1701	485	2002	164	243	14218	2343	14999	0,0,86,13,0,0	24242	72	2237	144277	62055	68517	147622,147699,149630,125161,122978,122909,122909	17	111	25733,26227,63627,81207,5716,0,0	142	27575
124887	3488	5521	6513	495	496	45	28	22	34760	788	1703	478	1956	147	192	13931	2219	14367	0,0,85,14,0,0	31777	75	1756	144925	63180	68592	147586,147666,149599,125964,123670,123592,123592	16	122	25733,26227,63629,82581,6047,0,0	144	27065
125183	3119	5371	6345	472	481	44	30	21	35186	790	1704	489	1937	138	190	13414	2133	13729	0,0,84,14,0,0	31123	79	1811	145591	64349	68671	147563,147643,149581,126793,124390,124304,124304	16	99	25733,26227,63635,84046,6348,0,0	140	26538
125444	3127	5073	6111	505	468	47	26	21	35419	794	1711	514	1932	138	193	13193	2083	13274	0,0,84,15,0,0	23421	80	1911	146299	65566	68751	147566,147648,149586,127690,125177,125082,125082	15	109	25733,26227,63636,85519,6719,0,0	128	25987
125834	3106	4750	5897	483	442	52	22	22	35629	798	1711	516	1974	120	193	13142	2013	12739	0,0,83,16,0,0	23314	53	1786	146975	66703	68804	147511,147599,149535,128510,125888,125784,125784	15	88	25733,26227,63640,86876,7097,0,0	122	25463
126307	3000	4624	5642	446	407	51	25	21	35709	800	1714	487	1916	118	174	13069	1881	12314	0,0,82,17,0,0	23102	48	1728	147614	67804	68852	147443,147530,149469,129275,126542,126427,126427	15	110	25733,26227,63642,88189,7447,0,0	126	24956
126854	2896	4434	5471	393	397	47	27	20	35690	801	1716	482	1958	117	186	13207	1855	11810	0,0,81,18,0,0	23258	53	1689	148196	68919	68905	147362,147448,149392,130021,127178,127054,127054	14	82	25733,26227,63645,89419,7841,0,0	124	24514
127560	2714	4353	5263	386	362	42	27	19	35501	802	1717	509	1935	123	165	13201	1777	11370	0,0,80,19,0,0	23252	56	1545	148694	69972	68961	147226,147309,149261,130657,127704,127568,127568	13	78	25733,26227,63647,90510,8214,0,0	121	24148
128512	2417	4250	4991	400	333	43	20	23	35233	805	1719	489	2017	114	142	12435	1646	10808	0,0,79,20,0,0	30838	56	1330	149161	70849	69017	147042,147126,149089,131180,128117,127969,127969	13	91	25733,26227,63650,91484,8505,0,0	115	23772
129383	2308	4000	4772	386	333	39	18	23	34953	806	1725	512	1941	98	123	12207	1510	10346	0,0,78,21,0,0	30338	69	1377	149620	71774	69086	146851,146934,148906,131709,128539,128378,128378	13	71	25733,26227,63652,92426,8879,0,0	103	23398
130184	2332	3702	4611	359	336	37	18	22	34610	808	1727	509	1922	115	164	11411	1441	9954	0,0,76,22,0,0	21716	44	1381	150082	72700	69130	146686,146771,148752,132256,128983,128810,128810	12	80	25733,26227,63653,93325,9287,0,0	103	23039
131174	2244	3453	4427	330	321	32	18	20	34185	809	1733	521	1941	76	147	11545	1442	9383	0,0,75,23,0,0	21362	51	1234	150500	73524	69181	146489,146576,148567,132718,129343,129156,129156	12	64	25733,26227,63654,94149,9628,0,0	107	22726
132210	2091	3374	4231	309	303	24	18	17	33623	811	1735	567	1882	75	135	11002	1349	9001	0,0,74,25,0,0	21570	42	1201	150921	74314	69223	146279,146364,148369,133155,129673,129472,129472	11	48	25733,26227,63655,94884,10028,0,0	86	22400
133133	2027	3247	3956	285	289	20	18	17	33203	812	1739	537	1970	79	122	10056	1225	8617	0,0,72,27,0,0	20518	41	1178	151350	75071	69264	146086,146171,148183,133586,130011,129794,129794	10	70	25733,26227,63655,95628,10411,0,0	78	22068
134171	1978	3082	3758	269	278	15	14	20	32605	814	1742	524	2003	77	107	9415	1101	8293	0,0,71,28,0,0	19834	54	1110	151729	75806	69318	145865,145949,147974,133976,130305,130073,130073	10	56	25733,26227,63655,96299,10792,0,0	79	21773
135450	1732	2895	3624	265	301	13	10	20	31872	816	1748	526	1951	73	111	8395	1038	7802	0,0,69,29,0,0	27007	43	891	152032	76403	69361	145565,145650,147689,134233,130465,130215,130215	10	61	25733,26227,63656,96815,11107,0,0	67	21530
136680	1550	2760	3523	257	280	13	13	20	31081	816	1753	548	1992	66	121	8157	1031	7365	0,0,68,31,0,0	26693	44	904	152327	77016	69405	145274,145362,147416,134509,130651,130383,130383	9	57	25733,26227,63656,97322,11454,0,0	65	21315
137800	1555	2601	3326	248	267	10	9	23	30334	816	1757	553	1962	80	117	8235	957	7059	0,0,66,33,0,0	18395	43	979	152635	77695	69448	145036,145123,147191,134808,130862,130577,130577	9	51	25733,26227,63657,97843,11855,0,0	63	21082
138947	1514	2375	3205	239	242	11	11	22	29603	818	1759	561	1926	71	109	8341	978	6619	0,0,64,35,0,0	18448	25	872	152927	78280	69473	144749,144837,146920,135036,131005,130704,130704	8	51	25733,26227,63657,98288,12229,0,0	45	20846
140110	1436	2350	3043	210	219	15	16	21	28745	819	1762	557	1953	69	76	8665	934	6355	0,0,62,37,0,0	18722	26	874	153200	78886	69499	144478,144567,146660,135273,131156,130838,130838	8	54	25733,26227,63657,98715,12628,0,0	50	20634
141363	1407	2219	2778	213	225	15	16	20	27905	819	1766	562	1941	50	86	8246	853	6020	0,0,61,38,0,0	18709	30	811	153497	79406	69529	144204,144292,146406,135491,131292,130954,130954	7	47	25733,26227,63658,99122,12983,0,0	49	20409
142521	1384	2089	2634	216	211	15	14	22	27052	821	1767	553	1982	51	79	7530	796	5767	0,0,59,40,0,0	17909	23	788	153745	79950	69552	143929,144018,146145,135679,131400,131046,131046	7	35	25733,26227,63658,99496,13346,0,0	45	20215
143802	1239	1978	2550	198	184	15	15	22	26151	821	1771	529	2026	59	75	7349	743	5436	0,0,58,41,0,0	25872	29	639	153949	80392	69581	143616,143707,145851,135798,131443,131069,131069	7	48	25733,26227,63658,99813,13642,0,0	46	20051
144972	1106	1886	2438	190	185	14	11	24	25327	821	1772	537	1910	50	76	7052	744	5086	0,0,56,43,0,0	26089	30	637	154145	80837	69611	143338,143425,145585,135920,131495,131103,131103	6	22	25733,26227,63658,100106,13958,0,0	52	19900
145969	1194	1812	2257	174	160	17	11	22	24532	822	1776	523	2036	53	72	6541	650	4975	0,0,54,45,0,0	16818	20	755	154393	81348	69631	143090,143174,145346,136106,131614,131205,131205	6	43	25733,26227,63658,100426,14342,0,0	57	19704
147007	1236	1740	2142	164	155	16	9	18	23657	822	1780	515	1961	42	57	5896	578	4884	0,0,52,47,0,0	16277	8	732	154636	81841	69639	142834,142917,145103,136278,131725,131296,131296	6	35	25733,26227,63658,100718,14749,0,0	48	19513
148017	1244	1745	2057	143	130	20	9	16	22757	823	1785	542	1948	36	66	4997	490	4858	0,0,49,50,0,0	15314	8	743	154875	82345	69647	142598,142678,144878,136447,131836,131385,131385	5	32	25733,26227,63658,100965,15191,0,0	46	19333
148821	1300	1791	1958	140	120	21	10	14	21960	823	1788	534	1982	48	56	4041	420	4920	0,0,48,51,0,0	14699	6	777	155116	82890	69653	142403,142485,144695,136647,131979,131510,131510	5	51	25733,26227,63658,101263,15637,0,0	57	19148
149649	1298	1817	1940	145	111	18	8	15	21130	824	1791	534	1849	45	47	3008	368	4969	0,0,45,54,0,0	13517	14	747	155362	83397	69667	142216,142300,144522,136839,132120,131631,131631	5	35	25733,26227,63658,101519,16096,0,0	54	18955
150535	1220	1819	1957	148	121	18	10	13	20290	824	1791	524	1915	46	54	2454	350	4943	0,0,44,55,0,0	21567	6	666	155559	83874	69673	141988,142076,144309,136990,132221,131712,131712	5	35	25733,26227,63658,101753,16499,0,0	54	18806
151399	1146	1815	1937	148	121	20	10	13	19516	824	1797	550	1985	45	61	2003	327	4870	0,0,42,57,0,0	21270	11	674	155781	84327	69684	141791,141879,144126,137151,132332,131803,131803	4	37	25733,26227,63658,101951,16940,0,0	58	18645
152067	1215	1775	1948	147	118	17	8	10	18812	828	1801	538	1987	51	60	1597	316	4912	0,0,39,60,0,0	11963	6	757	156024	84849	69690	141632,141719,143981,137336,132483,131931,131931	4	44	25733,26227,63658,102149,17464,0,0	46	18453
152756	1248	1725	1971	143	135	18	6	8	18101	830	1805	579	1950	40	53	1040	315	4931	0,0,36,63,0,0	11481	16	736	156253	85362	69706	141452,141542,143810,137518,132627,132053,132053	4	39	25733,26227,63658,102337,17978,0,0	45	18273
153333	1251	1740	1924	136	145	19	5	9	17548	830	1806	625	2005	42	66	902	303	4917	0,0,35,64,0,0	11037	18	747	156478	85887	69724	141299,141387,143668,137712,132790,132193,132193	4	37	25733,26227,63658,102546,18480,0,0	48	18096
153849	1293	1781	1908	153	140	18	6	8	16948	830	1812	591	2008	51	63	880	314	4985	0,0,33,66,0,0	10993	25	786	156721	86433	69749	141157,141245,143533,137932,132977,132359,132359	4	42	25733,26227,63658,102753,19024,0,0	49	17901
154409	1343	1831	1923	153	125	13	8	6	16292	830	1813	601	2027	52	72	893	317	5079	0,0,32,67,0,0	10924	20	805	156968	86997	69769	141017,141105,143404,138142,133154,132515,132515	4	49	25733,26227,63658,102927,19614,0,0	35	17702
155075	1214	1866	1902	139	149	13	9	7	15728	830	1814	600	1958	58	65	890	308	4984	0,0,31,68,0,0	20513	23	627	157143	87453	69792	140835,140925,143231,138269,133252,132589,132589	4	39	25733,26227,63658,103059,20092,0,0	54	17572
155592	1116	1877	1955	140	154	12	6	8	15237	830	1819	592	1941	57	72	918	322	4938	0,0,29,70,0,0	20335	25	689	157342	87946	69817	140693,140782,143097,138430,133390,132705,132705	4	47	25733,26227,63658,103206,20591,0,0	48	17419
155908	1253	1810	2013	145	144	8	5	9	14800	830	1821	591	1961	58	59	937	317	5061	0,0,27,72,0,0	10933	19	829	157593	88529	69836	140599,140688,143003,138664,133608,132901,132901	4	37	25733,26227,63658,103372,21215,0,0	45	17227
156230	1339	1738	2024	144	136	6	3	9	14461	830	1826	588	1982	62	76	965	319	5071	0,0,25,74,0,0	10969	0	775	157830	89072	69836	140512,140603,142922,138882,133814,133083,133083	4	36	25733,26227,63658,103496,21843,0,0	44	17035
156539	1351	1838	2009	144	136	7	3	8	14050	830	1831	578	2019	48	67	980	358	5130	0,0,24,75,0,0	10999	0	822	158086	89642	69836	140420,140511,142837,139108,134029,133272,133272	4	43	25733,26227,63658,103640,22485,0,0	48	16827
156825	1351	1880	2008	125	133	7	2	8	13742	830	1835	561	1973	53	63	996	337	5169	0,0,23,76,0,0	10930	0	772	158311	90192	69836	140335,140427,142754,139316,134229,133449,133449	3	32	25733,26227,63658,103763,23109,0,0	43	16651
157021	1359	1907	2006	126	141	9	2	7	13499	830	1839	558	1973	43	66	1014	340	5210	0,0,21,78,0,0	11015	0	814	158544	90780	69836	140253,140342,142674,139539,134448,133644,133644	4	41	25733,26227,63658,103876,23779,0,0	42	16455
157401	1287	1876	2044	147	146	11	2	5	13156	831	1840	556	1906	32	58	1004	328	5185	0,0,20,79,0,0	20388	0	685	158741	91273	69836	140125,140213,142553,139685,134593,133760,133760	4	42	25733,26227,63658,103974,24338,0,0	42	16288
157772	1140	1941	2002	147	139	13	2	5	12907	831	1847	571	1872	52	67	992	315	5069	0,0,19,80,0,0	20405	0	649	158913	91753	69836	140015,140105,142453,139816,134721,133859,133859	4	33	25733,26227,63658,104054,24879,0,0	38	16154
157923	1214	1878	2066	146	144	13	5	5	12672	831	1849	563	1988	53	83	1013	340	5126	0,0,17,82,0,0	11197	0	795	159117	92345	69836	139943,140033,142383,140019,134924,134039,134039	4	39	25733,26227,63658,104130,25560,0,0	50	15986
158035	1341	1766	2109	144	132	12	7	5	12513	831	1851	596	2030	41	70	1016	345	5166	0,0,16,83,0,0	11110	0	828	159360	92933	69836	139909,140001,142352,140265,135176,134263,134263	4	39	25733,26227,63658,104222,26275,0,0	44	15809
158223	1361	1819	2079	138	148	16	11	5	12260	831	1855	592	1963	55	67	998	341	5231	0,0,15,84,0,0	11158	0	781	159580	93498	69836	139852,139941,142298,140472,135391,134450,134450	4	41	25733,26227,63658,104293,26958,0,0	59	15639
158315	1362	1912	1980	133	145	14	12	3	12177	831	1862	617	1987	53	76	1029	347	5211	0,0,14,85,0,0	10998	0	806	159783	94104	69836	139803,139892,142249,140668,135598,134630,134630	4	49	25733,26227,63658,104358,27664,0,0	67	15474
158424	1302	1965	2034	130	143	14	12	5	12021	831	1865	624	1968	58	66	1018	337	5263	0,0,12,87,0,0	10959	0	751	159982	94660	69836	139743,139835,142191,140862,135805,134810,134810	4	39	25733,26227,63658,104402,28350,0,0	66	15317
158667	1189	1957	2064	136	149	14	10	5	11854	833	1868	637	1938	49	56	1002	352	5167	0,0,12,87,0,0	20242	0	652	160167	95133	69836	139661,139751,142114,141006,135960,134934,134934	4	30	25733,26227,63658,104443,28934,0,0	69	15162
158850	1140	1837	2087	143	158	16	8	6	11795	833	1873	614	1831	39	52	982	334	5055	0,0,11,88,0,0	20341	0	658	160331	95629	69836	139585,139674,142043,141141,136107,135052,135052	4	36	25733,26227,63658,104480,29531,0,0	71	15029
158920	1229	1829	2046	120	170	15	9	7	11692	833	1876	620	1978	45	75	993	334	5084	0,0,10,89,0,0	11152	0	805	160540	96229	69836	139535,139627,141994,141341,136329,135241,135241	3	36	25733,26227,63658,104531,30257,0,0	60	14867
159006	1268	1804	2008	135	157	15	9	5	11627	833	1879	595	2021	52	82	1025	347	5049	0,0,9,90,0,0	11120	0	748	160753	96769	69836	139487,139581,141949,141529,136535,135418,135418	3	23	25733,26227,63658,104577,30935,0,0	59	14696
159055	1224	1839	1996	159	131	16	8	6	11597	834	1881	614	1967	45	61	1029	340	5033	0,0,8,91,0,0	11230	0	729	160956	97303	69836	139452,139545,141915,141709,136734,135587,135587	3	34	25733,26227,63658,104604,31611,0,0	56	14537
159158	1219	1813	1990	144	136	15	7	7	11537	835	1885	610	1951	46	81	1015	332	4992	0,0,7,92,0,0	11069	0	716	161136	97845	69836	139400,139495,141866,141862,136913,135732,135732	3	24	25733,26227,63658,104630,32272,0,0	56	14389
159245	1203	1778	1985	150	144	13	7	8	11489	836	1888	619	1989	45	48	983	310	4970	0,0,7,92,0,0	11085	0	696	161315	98366	69836	139359,139454,141826,142015,137089,135876,135876	3	35	25733,26227,63658,104658,32920,0,0	63	14252
159383	1128	1762	1947	155	157	12	6	6	11458	837	1895	617	1961	37	68	992	309	4858	0,0,6,93,0,0	20342	0	643	161479	98851	69836	139293,139390,141764,142154,137250,136003,136003	3	52	25733,26227,63658,104685,33523,0,0	61	14116
159576	1065	1698	1913	160	152	13	5	5	11423	837	1899	632	2017	52	62	950	308	4698	0,0,6,93,0,0	20353	0	558	161620	99272	69836	139205,139301,141684,142245,137368,136087,136087	3	37	25733,26227,63658,104703,34047,0,0	62	13999
159651	1087	1682	1853	141	156	12	6	5	11413	837	1903	642	2023	49	82	971	334	4603	0,0,5,94,0,0	10958	0	676	161791	99779	69836	139143,139240,141624,142378,137529,136214,136214	3	40	25733,26227,63658,104729,34668,0,0	63	13858
159729	1110	1603	1813	140	152	10	7	7	11423	838	1914	675	1964	44	58	987	326	4509	0,0,5,94,0,0	11166	0	650	161966	100260	69836	139108,139206,141592,142534,137709,136363,136363	3	41	25733,26227,63658,104739,35284,0,0	49	13720
159917	1062	1594	1786	142	147	8	6	7	11321	838	1918	654	1901	36	53	983	306	4439	0,0,4,95,0,0	11085	0	595	162106	100717	69836	139026,139126,141514,142626,137831,136449,136449	3	28	25733,26227,63658,104753,35842,0,0	55	13616
160081	1024	1579	1740	149	135	10	7	6	11252	839	1924	645	1970	36	61	965	312	4332	0,0,3,96,0,0	10998	0	589	162241	101180	69836	138953,139055,141445,142729,137964,136546,136546	3	50	25733,26227,63658,104764,36411,0,0	57	13506
160235	984	1547	1714	135	143	12	8	5	11194	839	1930	639	1920	49	58	928	295	4248	0,0,3,96,0,0	11086	0	573	162367	101629	69836	138873,138975,141368,142816,138078,136626,136626	3	21	25733,26227,63658,104770,36957,0,0	52	13403
160528	897	1461	1693	127	125	12	7	7	11118	839	1932	679	2086	54	52	916	283	4039	0,0,3,96,0,0	20174	0	465	162486	101980	69836	138771,138872,141270,142885,138172,136683,136683	3	28	25733,26227,63658,104777,37403,0,0	53	13308
160818	796	1394	1681	121	126	13	9	5	11009	839	1935	655	1868	40	57	904	284	3856	0,0,2,97,0,0	20582	0	459	162595	102337	69836	138661,138761,141167,142926,138240,136713,136713	3	33	25733,26227,63658,104780,37839,0,0	57	13218
161046	826	1305	1648	120	118	16	11	6	10873	839	1938	657	1921	36	69	906	285	3759	0,0,2,97,0,0	10908	0	525	162722	102736	69836	138561,138659,141069,143000,138342,136777,136777	3	34	25733,26227,63658,104783,38337,0,0	61	13109
161317	803	1256	1542	115	125	16	9	9	10769	839	1946	644	2007	28	56	882	287	3579	0,0,2,97,0,0	11038	0	451	162828	103084	69836	138456,138554,140967,143047,138417,136816,136816	3	20	25733,26227,63658,104788,38765,0,0	53	13026
161636	746	1265	1465	119	119	13	9	9	10575	840	1950	635	2009	36	52	857	272	3464	0,0,1,98,0,0	11059	0	444	162937	103421	69836	138346,138443,140863,143087,138486,136846,136846	3	17	25733,26227,63658,104790,39184,0,0	56	12945
161947	714	1166	1442	119	113	12	8	10	10421	840	1954	618	1963	38	52	816	268	3306	0,0,1,98,0,0	10968	0	402	163043	103721	69836	138217,138317,140742,143108,138535,136858,136858	3	23	25733,26227,63658,104791,39569,0,0	46	12859
162295	673	1089	1402	128	104	10	6	10	10230	841	1958	646	1918	29	36	776	244	3168	0,0,1,98,0,0	10929	0	380	163135	104015	69836	138078,138179,140608,143111,138567,136849,136849	2	19	25733,26227,63658,104796,39930,3,0	42	12783
162716	577	1021	1337	108	89	7	5	10	10074	841	1961	650	1968	22	42	750	218	2926	0,0,1,98,0,0	19983	0	292	163209	104242	69836	137928,138027,140465,143097,138578,136822,136822	2	10	25733,26227,63658,104796,40207,11,0	35	12718
163095	529	953	1280	82	106	7	7	7	9874	841	1965	642	1943	16	35	713	202	2762	0,0,0,98,0,0	20134	0	303	163289	104475	69836	137795,137895,140339,143091,138598,136803,136803	2	15	25733,26227,63658,104796,40504,17,0	31	12649
163406	541	884	1223	72	99	10	6	7	9688	841	1969	638	1930	21	29	657	187	2648	0,0,0,98,0,0	10818	0	317	163366	104728	69836	137674,137778,140225,143080,138616,136785,136785	2	11	25733,26227,63658,104797,40808,27,0	31	12591
163777	510	801	1148	62	90	8	4	8	9521	842	1975	652	2000	16	30	629	168	2455	0,0,0,98,1,0	10733	0	277	163413	104967	69836	137528,137631,140088,143043,138606,136739,136739	1	11	25733,26227,63658,104797,41071,35,0	30	12548
164144	488	751	1059	66	78	7	3	8	9321	842	1979	683	1995	21	41	592	159	2293	0,0,0,97,1,0	10698	0	260	163467	105178	69836	137385,137489,139952,143005,138594,136691,136691	1	17	25733,26227,63658,104798,41305,48,0	25	12505
164543	458	716	981	66	71	5	3	7	9073	842	1981	659	2028	23	21	545	146	2154	0,0,0,96,2,0	10903	0	253	163514	105393	69836	137240,137345,139814,142963,138575,136638,136638	1	11	25733,26227,63658,104798,41536,67,0	26	12465
164900	428	678	921	64	61	5	4	6	8853	842	1984	664	1903	13	29	507	140	2021	0,0,0,96,3,0	10442	0	228	163571	105572	69836	137093,137200,139674,142924,138558,136588,136588	1	7	25733,26227,63658,104799,41747,79,0	25	12418
165314	357	642	833	61	65	4	5	6	8629	842	1988	631	1874	17	26	475	130	1837	0,0,0,95,3,0	19991	0	170	163608	105711	69836	136938,137044,139527,142858,138515,136511,136511	1	7	25733,26227,63658,104799,41902,91,0	22	12385
165737	299	580	808	67	56	2	5	6	8351	842	1993	609	1922	16	28	449	119	1698	0,0,0,95,4,0	19836	0	164	163648	105839	69836	136782,136888,139379,142791,138469,136433,136433	1	7	25733,26227,63658,104799,42045,104,0	22	12346
166160	304	494	757	47	55	2	5	6	8077	842	1997	610	1998	7	25	426	111	1553	0,0,0,94,4,0	10570	0	171	163676	105984	69836	136616,136724,139221,142708,138410,136339,136339	1	5	25733,26227,63658,104799,42189,117,0	18	12322
166588	292	440	693	43	53	3	3	7	7782	843	1999	612	1883	10	19	387	95	1432	0,0,0,94,5,0	10358	0	154	163707	106107	69836	136462,136570,139072,142632,138356,136252,136252	1	11	25733,26227,63658,104799,42328,129,0	10	12302
167030	244	420	640	32	52	2	3	6	7472	843	2002	609	1933	10	19	360	94	1299	0,0,0,92,6,0	10420	0	127	163744	106202	69836	136297,136406,138917,142548,138295,136157,136156	0	7	25733,26227,63658,104799,42437,145,0	9	12271
167474	221	388	558	35	42	2	2	6	7171	843	2004	640	2043	11	18	344	89	1159	0,0,0,91,7,0	10362	0	117	163771	106299	69836	136126,136235,138752,142458,138225,136055,136054	0	6	25733,26227,63658,104799,42537,162,0	7	12251
167854	195	356	534	33	38	2	0	6	6876	844	2008	621	1833	6	11	318	78	1080	0,0,0,91,8,0	10375	0	108	163793	106391	69836	135967,136077,138598,142369,138155,135956,135955	0	6	25733,26227,63658,104800,42630,171,0	6	12233
168258	171	335	464	33	25	2	0	5	6598	844	2011	626	1794	7	17	291	65	965	0,0,0,90,8,0	19783	0	96	163813	106471	69836	135818,135928,138457,142282,138087,135858,135858	0	3	25733,26227,63658,104800,42714,181,0	5	12217
168648	151	294	439	27	29	3	0	5	6293	844	2013	622	1789	7	10	272	63	880	0,0,0,90,9,0	19655	0	86	163831	106543	69836	135669,135779,138315,142195,138016,135760,135759	0	4	25733,26227,63658,104800,42782,195,0	4	12203
168976	150	262	396	24	28	3	0	5	6041	844	2017	614	1770	5	9	245	59	804	0,0,0,88,10,0	10303	0	91	163851	106616	69836	135524,135635,138175,142103,137941,135661,135660	0	3	25733,26227,63658,104800,42854,209,0	4	12189
169336	137	242	331	24	26	1	0	3	5780	844	2022	608	1904	8	9	220	48	713	0,0,0,86,12,0	10334	0	75	163871	106677	69836	135371,135481,138029,142011,137865,135559,135558	0	2	25733,26227,63658,104800,42918,224,0	3	12175
169716	132	215	295	26	22	1	0	2	5464	844	2029	610	2007	1	16	203	43	648	0,0,0,85,14,0	10279	0	68	163892	106728	69836	135215,135325,137880,141916,137787,135455,135453	0	5	25733,26227,63658,104800,42970,241,0	3	12158
170088	108	200	284	24	21	1	0	2	5140	844	2034	628	1955	4	10	182	41	597	0,0,0,84,15,0	10362	0	51	163897	106776	69836	135049,135159,137721,141804,137691,135334,135332	0	3	25733,26227,63658,104800,43011,251,0	3	12153
170488	93	190	253	21	18	0	0	2	4797	844	2040	640	1810	4	6	166	33	542	0,0,0,83,16,0	10166	0	49	163913	106815	69836	134887,134997,137563,141700,137603,135220,135217	0	0	25733,26227,63658,104800,43050,264,0	3	12140
170782	77	172	246	22	16	0	0	2	4541	844	2044	603	1763	5	7	150	30	503	0,0,0,82,17,0	19299	0	45	163930	106847	69836	134758,134868,137441,141612,137528,135124,135120	0	4	25733,26227,63658,104800,43087,275,0	4	12128
171098	75	151	220	17	19	1	0	2	4271	844	2048	603	1791	2	3	134	29	454	0,0,0,81,18,0	19423	0	42	163942	106882	69836	134620,134729,137306,141517,137446,135020,135016	0	2	25733,26227,63658,104800,43117,289,0	5	12117
171388	75	128	191	13	19	1	0	2	4031	844	2054	614	1819	2	10	129	31	396	0,0,0,79,20,0	10146	0	35	163948	106912	69836	134472,134581,137164,141409,137350,134905,134901	0	2	25733,26227,63658,104800,43146,295,0	7	12114
171629	81	107	171	12	14	1	0	2	3827	844	2058	613	1972	5	5	108	24	362	0,0,0,78,21,0	10293	0	40	163956	106949	69836	134341,134450,137038,141313,137265,134803,134798	0	1	25733,26227,63658,104800,43175,306,0	5	12108
171924	67	97	161	14	12	1	0	2	3563	844	2061	612	1810	2	9	106	29	323	0,0,0,77,22,0	9991	0	31	163960	106979	69836	134198,134307,136901,141208,137170,134690,134685	0	3	25733,26227,63658,104800,43194,316,0	5	12105
172187	65	97	149	14	12	1	0	1	3311	844	2065	634	1970	5	6	100	26	312	0,0,0,72,27,0	10128	0	37	163965	107015	69836	134067,134176,136775,141105,137078,134581,134576	0	0	25733,26227,63658,104800,43213,335,0	5	12100
172423	68	89	137	12	7	2	0	0	3098	844	2066	661	1836	3	6	98	29	286	0,0,0,70,29,0	10034	0	31	163968	107045	69836	133929,134039,136643,141003,136986,134473,134467	0	1	25733,26227,63658,104800,43226,350,0	3	12097
172674	55	90	121	6	4	1	0	0	2884	844	2067	688	1822	2	2	85	19	258	0,0,0,68,31,0	19482	0	15	163972	107062	69836	133803,133913,136522,140904,136897,134369,134362	0	2	25733,26227,63658,104800,43235,361,0	4	12093
172893	46	87	115	7	5	1	1	0	2675	844	2072	685	1804	4	1	73	16	246	0,0,0,64,35,0	19443	0	21	163979	107081	69836	133684,133793,136407,140812,136813,134271,134264	0	2	25733,26227,63658,104800,43245,377,0	5	12088
173100	52	76	108	4	6	1	1	0	2479	844	2075	659	1793	3	2	69	14	234	0,0,0,58,41,0	10186	0	30	163990	107105	69836	133557,133666,136282,140716,136725,134170,134162	0	3	25733,26227,63658,104800,43259,398,0	7	12078
173278	53	68	100	3	4	1	1	0	2319	844	2075	693	1807	4	4	64	14	216	0,0,0,52,47,0	10111	0	26	163997	107128	69836	133437,133545,136164,140623,136640,134072,134064	0	0	25733,26227,63658,104800,43271,416,0	9	12071
173460	45	71	96	4	5	1	1	0	2142	844	2077	701	1819	1	0	60	15	208	0,0,0,48,51,0	10112	0	20	164001	107151	69836	133312,133421,136042,140527,136550,133972,133963	0	1	25733,26227,63658,104800,43279,433,0	9	12067
173622	36	72	77	5	6	1	1	0	2001	844	2081	718	1760	2	2	53	14	184	0,0,0,41,58,0	10280	0	19	164004	107169	69836	133194,133304,135927,140431,136461,133872,133862	0	1	25733,26227,63658,104800,43285,448,0	8	12065
173773	40	67	78	3	7	1	1	0	1849	844	2083	679	1818	1	4	54	17	180	0,0,0,41,58,0	10205	0	22	164007	107193	69836	133078,133187,135813,140338,136373,133775,133765	0	1	25733,26227,63658,104800,43296,464,0	7	12063
173910	40	62	79	2	7	1	1	0	1709	844	2091	690	1808	2	2	42	16	176	0,0,0,38,61,0	19454	0	18	164011	107212	69836	132973,133082,135710,140253,136294,133686,133676	0	3	25733,26227,63658,104800,43300,482,0	4	12059
174065	38	58	78	3	6	0	0	1	1557	844	2096	662	1805	2	2	39	19	164	0,0,0,32,67,0	19406	0	14	164016	107228	69836	132863,132972,135602,140165,136212,133595,133583	0	0	25733,26227,63658,104800,43303,500,0	3	12055
174190	32	58	74	3	5	0	0	1	1441	844	2098	649	1765	2	0	34	14	158	0,0,0,30,69,0	10086	0	11	164018	107242	69836	132751,132860,135491,140068,136119,133495,133483	0	0	25733,26227,63658,104800,43306,513,0	2	12053
174311	28	61	72	4	2	0	0	1	1322	844	2101	654	1860	0	1	33	10	157	0,0,0,30,69,0	10206	0	16	164023	107258	69836	132642,132750,135384,139977,136034,133402,133389	0	0	25733,26227,63658,104800,43310,530,0	3	12049
174446	32	56	71	2	2	0	0	1	1188	844	2104	674	1760	2	1	31	6	157	0,0,0,25,74,0	10138	0	17	164028	107277	69836	132530,132638,135273,139885,135947,133307,133293	0	1	25733,26227,63658,104800,43311,551,0	4	12046
174523	42	47	76	2	1	0	0	1	1101	844	2109	715	1762	1	1	26	4	164	0,0,0,22,77,0	10257	0	22	164032	107301	69836	132429,132537,135173,139799,135864,133219,133205	0	3	25733,26227,63658,104800,43314,576,0	2	12043
174605	33	58	67	3	1	0	1	1	1018	844	2115	686	1885	1	0	22	3	160	0,0,0,20,79,0	10100	0	16	164034	107319	69836	132324,132432,135070,139708,135777,133127,133111	0	0	25733,26227,63658,104800,43319,590,0	3	12041
174688	34	50	67	2	2	0	1	1	937	844	2120	704	1765	1	2	23	4	152	0,0,0,21,78,0	19540	0	19	164039	107336	69836	132232,132339,134981,139629,135701,133046,133029	0	0	25733,26227,63658,104800,43323,608,0	3	12037
174764	37	50	52	2	3	0	1	1	871	844	2121	720	1781	2	0	21	5	140	0,0,0,16,83,0	19495	0	19	164046	107352	69836	132141,132247,134890,139551,135625,132965,132948	0	1	25733,26227,63658,104800,43324,630,0	4	12032
174824	34	51	55	3	4	0	1	1	805	844	2124	731	1814	1	0	17	7	141	0,0,0,14,85,0	10300	0	15	164053	107362	69836	132044,132151,134795,139463,135540,132876,132858	0	1	25733,26227,63658,104800,43326,645,0	3	12026
174886	36	49	58	4	7	0	0	2	732	844	2128	734	1740	3	2	18	7	147	0,0,0,14,85,0	10321	0	17	164055	107383	69836	131946,132053,134698,139378,135458,132790,132772	0	2	25733,26227,63658,104800,43330,664,0	3	12024
174926	34	54	47	3	6	0	0	2	697	844	2133	740	1881	2	4	19	9	135	0,0,0,15,84,0	10119	0	16	164058	107398	69836	131858,131965,134610,139294,135376,132706,132687	0	1	25733,26227,63658,104800,43334,678,0	4	12021
174956	43	45	55	3	7	0	0	2	654	844	2137	727	1964	2	3	22	11	142	0,0,0,15,84,0	10277	0	19	164063	107422	69836	131766,131873,134519,139214,135298,132626,132606	0	1	25733,26227,63658,104800,43336,704,0	4	12017
174980	48	45	58	4	5	0	0	1	619	844	2142	688	1763	0	0	23	11	149	0,0,0,16,83,0	10140	0	19	164068	107441	69836	131676,131783,134429,139133,135218,132545,132524	0	1	25733,26227,63658,104800,43340,723,0	6	12013
175016	37	57	54	4	5	0	0	1	585	844	2143	677	1768	3	1	24	12	145	0,0,0,15,84,0	19416	0	9	164071	107453	69836	131591,131697,134345,139053,135140,132466,132444	0	0	25733,26227,63658,104800,43341,737,0	2	12010
175047	30	59	62	5	6	0	0	0	543	844	2150	697	1782	1	1	27	13	149	0,0,0,12,87,0	19445	0	14	164072	107471	69836	131510,131617,134265,138975,135064,132389,132366	0	0	25733,26227,63658,104800,43342,755,0	2	12009
175046	35	62	61	4	4	0	0	0	535	844	2155	698	1792	2	2	27	11	155	0,0,0,15,84,0	10094	0	23	164075	107493	69836	131424,131531,134179,138895,134986,132310,132286	0	1	25733,26227,63658,104800,43349,773,0	1	12006
175049	51	47	67	3	3	0	0	0	523	844	2159	664	1830	1	2	29	12	159	0,0,0,15,84,0	10215	0	28	164083	107516	69836	131344,131451,134100,138822,134914,132237,132213	0	0	25733,26227,63658,104800,43352,801,0	1	12001
175056	51	49	80	2	1	0	0	0	501	844	2162	679	1846	0	0	27	8	175	0,0,0,13,86,0	10149	0	23	164085	107542	69836	131259,131366,134015,138743,134837,132159,132134	0	2	25733,26227,63658,104800,43352,829,0	2	12000
175072	45	68	72	2	2	0	0	0	474	844	2167	697	1720	1	0	25	7	182	0,0,0,11,88,0	10075	0	26	164094	107563	69836	131174,131281,133930,138668,134763,132085,132059	0	1	25733,26227,63658,104800,43355,856,0	1	11993
175073	52	75	65	2	2	0	0	0	464	844	2169	679	1815	2	1	23	7	189	0,0,0,12,87,0	10213	0	28	164104	107589	69836	131091,131197,133847,138597,134693,132015,131988	0	3	25733,26227,63658,104800,43360,887,0	1	11984
175089	49	66	71	3	1	0	0	0	450	844	2173	679	1743	3	0	21	2	188	0,0,0,12,87,0	19664	0	17	164107	107604	69836	131013,131119,133769,138523,134620,131941,131913	0	0	25733,26227,63658,104800,43363,902,0	0	11982
175104	34	55	82	3	3	0	0	0	444	844	2177	703	1838	2	2	19	6	171	0,0,0,11,88,0	19635	0	15	164108	107618	69836	130933,131040,133689,138446,134545,131865,131836	0	3	25733,26227,63658,104800,43364,916,0	0	11981
175114	35	60	74	2	3	0	0	0	432	844	2182	689	1835	3	3	21	10	164	0,0,0,11,88,0	10127	0	21	164117	107633	69836	130851,130957,133607,138370,134469,131789,131759	0	2	25733,26227,63658,104800,43366,938,0	0	11974
175130	38	49	74	2	2	0	0	0	423	844	2184	696	1854	5	1	22	8	157	0,0,0,7,92,0	10026	0	18	164124	107648	69836	130766,130872,133523,138295,134395,131715,131684	0	0	25733,26227,63658,104800,43366,960,0	0	11970
175153	39	57	65	3	4	0	0	0	397	844	2184	708	1807	0	2	27	13	155	0,0,0,6,93,0	10187	0	18	164127	107671	69836	130677,130784,133435,138216,134317,131639,131605	0	0	25733,26227,63658,104800,43367,985,0	0	11968
175152	40	58	61	2	6	0	0	0	396	844	2187	739	1770	1	0	25	10	157	0,0,0,5,94,0	10160	0	19	164136	107686	69836	130594,130700,133351,138142,134244,131566,131531	0	1	25733,26227,63658,104800,43367,1009,0	1	11959
175149	41	52	59	1	9	0	0	0	398	844	2193	718	1834	1	3	26	11	151	0,0,0,3,96,0	10077	0	15	164140	107700	69836	130512,130619,133269,138066,134167,131490,131455	0	0	25733,26227,63658,104800,43367,1027,0	1	11957
175166	35	53	63	0	9	0	0	0	379	844	2197	729	1790	3	5	31	14	146	0,0,0,3,96,0	19438	0	14	164143	107714	69836	130433,130540,133192,137992,134094,131418,131381	0	0	25733,26227,63658,104800,43367,1044,0	2	11955
175173	38	42	68	0	10	0	0	0	368	844	2203	727	1851	1	2	33	14	144	0,0,0,1,98,0	19759	0	10	164147	107730	69836	130358,130465,133116,137920,134023,131348,131309	0	1	25733,26227,63658,104800,43367,1064,0	2	11952
175175	38	45	64	1	10	0	0	0	360	844	2209	697	1934	0	3	35	16	142	0,0,0,1,98,0	10048	0	16	164153	107746	69836	130274,130381,133033,137842,133945,131271,131230	0	0	25733,26227,63658,104800,43367,1086,0	0	11947
175167	43	53	50	2	9	0	0	0	366	844	2212	682	1935	1	3	38	14	143	0,0,0,2,97,0	10059	0	22	164158	107770	69836	130194,130302,132953,137770,133873,131200,131158	0	1	25733,26227,63658,104800,43369,1113,0	0	11945
175175	47	46	57	3	8	0	0	0	349	844	2217	685	1789	3	1	34	11	150	0,0,0,1,98,0	10139	0	18	164163	107786	69836	130112,130219,132870,137697,133801,131128,131085	0	1	25733,26227,63658,104800,43369,1134,0	1	11942
175175	39	54	66	4	5	0	0	0	340	844	2219	691	1733	1	1	33	12	156	0,0,0,1,98,0	10147	0	19	164171	107803	69836	130030,130138,132789,137627,133731,131059,131015	0	2	25733,26227,63658,104800,43369,1159,0	2	11936
175163	47	58	64	3	3	0	0	0	343	844	2221	705	1787	2	0	31	7	168	0,0,0,1,98,0	10108	0	27	164178	107828	69836	129949,130057,132707,137559,133663,130992,130947	0	1	25733,26227,63658,104800,43369,1191,0	2	11930
175150	46	63	67	2	2	0	0	0	347	844	2225	719	1861	3	1	29	7	173	0,0,0,1,98,0	19352	0	23	164182	107851	69836	129875,129983,132634,137497,133601,130931,130885	0	3	25733,26227,63658,104800,43369,1218,0	9	11926
175149	44	65	71	2	1	0	0	0	341	844	2229	695	1851	4	1	29	6	177	0,0,0,1,98,0	19382	0	23	164185	107874	69836	129803,129911,132561,137431,133535,130867,130819	0	3	25733,26227,63658,104800,43369,1244,0	10	11924
175135	50	68	68	2	4	0	0	0	344	844	2231	680	1827	4	1	28	7	185	0,0,0,1,98,0	10178	0	31	164199	107895	69836	129726,129834,132485,137366,133471,130803,130754	0	3	25733,26227,63658,104800,43369,1279,0	12	11913
175117	62	71	62	2	4	0	0	0	350	844	2234	670	1811	2	3	29	11	190	0,0,0,0,99,0	10169	0	36	164208	107926	69836	129650,129758,132408,137304,133410,130744,130693	0	3	25733,26227,63658,104800,43369,1318,0	12	11905
175102	60	78	59	5	3	0	0	0	357	844	2238	665	1754	6	5	34	16	189	0,0,0,0,99,0	10011	0	32	164213	107955	69836	129571,129678,132329,137240,133345,130681,130629	0	2	25733,26227,63658,104800,43369,1352,0	10	11900
175090	61	76	69	7	3	0	0	0	354	844	2242	687	1819	5	2	35	18	198	0,0,0,0,99,0	10100	0	27	164223	107979	69836	129491,129599,132250,137178,133284,130620,130567	0	6	25733,26227,63658,104800,43369,1386,0	10	11892
175071	60	85	76	5	3	0	0	0	353	844	2249	670	1801	3	3	40	20	209	0,0,0,0,99,0	10125	0	34	164232	108005	69836	129413,129520,132171,137113,133220,130558,130503	0	5	25733,26227,63658,104800,43369,1421,0	7	11883
175065	55	77	83	6	3	0	0	0	359	844	2254	672	1737	3	0	40	20	204	0,0,0,0,99,0	19571	0	22	164233	108030	69836	129339,129446,132097,137049,133157,130496,130440	0	2	25733,26227,63658,104800,43369,1447,0	4	11882
175058	45	84	81	10	4	0	0	0	362	844	2258	652	1865	4	3	45	21	203	0,0,0,0,99,0	19524	0	28	164239	108053	69836	129265,129373,132023,136989,133096,130438,130379	0	0	25733,26227,63658,104800,43369,1476,0	3	11876
175057	44	86	73	7	5	0	0	0	367	844	2263	632	1723	4	6	51	24	191	0,0,0,0,99,0	10139	0	27	164244	108077	69836	129181,129288,131939,136920,133027,130371,130310	0	0	25733,26227,63658,104800,43369,1504,0	1	11871
175031	57	83	75	5	7	0	0	0	377	844	2267	668	1799	0	2	52	20	207	0,0,0,0,99,0	10154	0	36	164254	108108	69836	129106,129213,131863,136863,132971,130316,130255	0	1	25733,26227,63658,104800,43369,1545,0	0	11861
175014	65	80	84	3	8	0	0	0	378	844	2270	675	1819	1	1	50	18	222	0,0,0,1,98,0	10123	0	35	164259	108143	69836	129028,129134,131785,136802,132911,130258,130195	0	0	25733,26227,63658,104800,43371,1583,0	0	11856
174990	66	79	96	1	9	0	0	0	387	844	2274	670	1829	0	2	49	17	234	0,0,0,0,99,0	10010	0	32	164265	108174	69836	128949,129057,131707,136743,132852,130201,130136	0	1	25733,26227,63658,104800,43371,1620,0	3	11851
174972	66	91	94	3	9	0	0	0	389	844	2278	657	1766	1	2	42	14	249	0,0,0,0,99,0	10115	0	38	164270	108210	69836	128870,128978,131628,136681,132791,130141,130075	0	1	25733,26227,63658,104800,43371,1661,0	1	11846
174955	70	88	102	3	4	0	1	0	397	844	2282	672	1754	3	2	37	10	258	0,0,0,1,98,0	19528	0	32	164274	108245	69836	128798,128905,131555,136625,132736,130088,130021	0	2	25733,26227,63658,104800,43372,1699,0	1	11843
174944	63	91	102	3	5	0	1	0	408	844	2285	655	1778	1	0	35	11	254	0,0,0,1,98,0	19470	0	31	164287	108264	69836	128728,128836,131485,136574,132685,130038,129970	0	0	25733,26227,63658,104800,43372,1731,0	2	11833
174914	71	97	103	4	5	0	1	0	418	844	2289	637	1799	3	2	34	10	271	0,0,0,1,98,0	9856	0	48	164289	108315	69836	128648,128756,131404,136514,132626,129981,129911	0	2	25733,26227,63658,104800,43372,1784,0	2	11831
174879	89	96	101	2	3	0	1	0	436	844	2295	614	1806	3	3	37	11	281	0,0,0,1,98,0	10213	0	51	164301	108357	69836	128573,128681,131329,136467,132580,129937,129865	0	1	25733,26227,63658,104800,43373,1837,0	1	11820
174838	110	109	102	1	4	0	1	0	439	844	2298	609	1902	2	2	37	12	315	0,0,0,1,98,0	10179	0	63	164313	108416	69836	128504,128611,131258,136425,132539,129898,129824	0	3	25733,26227,63658,104800,43374,1907,0	3	11810
174784	131	125	109	3	5	0	1	0	444	844	2300	613	1802	1	3	32	16	358	0,0,0,0,99,0	9967	0	78	164326	108483	69836	128436,128543,131189,136382,132496,129858,129782	0	3	25733,26227,63658,104800,43374,1987,0	8	11799
174737	119	162	119	7	6	0	0	1	447	844	2304	628	1796	1	3	32	14	399	0,0,0,0,99,0	10222	0	64	164340	108539	69836	128363,128471,131117,136333,132450,129813,129736	0	3	25733,26227,63658,104800,43374,2056,0	6	11787
174674	123	164	141	4	9	0	0	1	474	844	2312	622	1803	4	4	36	11	430	0,0,0,0,99,0	19445	0	74	164360	108597	69836	128305,128413,131057,136309,132427,129792,129713	0	5	25733,26227,63658,104800,43375,2133,0	0	11767
174628	133	189	140	5	6	0	0	1	485	844	2315	664	1923	2	4	38	11	462	0,0,0,0,99,0	19312	0	77	164376	108663	69836	128247,128354,130997,136275,132393,129761,129680	0	5	25733,26227,63658,104800,43375,2215,0	0	11754
174554	152	192	156	7	6	0	0	1	512	844	2322	658	1820	6	2	39	9	504	0,0,0,0,99,0	9927	0	93	164387	108748	69836	128182,128289,130931,136235,132355,129726,129643	0	6	25733,26227,63658,104800,43375,2311,0	1	11746
174466	169	214	193	9	7	0	0	1	518	844	2325	634	1775	4	7	48	19	573	0,0,0,0,99,0	10139	0	113	164417	108835	69836	128130,128237,130879,136216,132338,129711,129627	0	8	25733,26227,63658,104800,43375,2427,0	5	11719
174382	179	223	207	11	8	0	0	1	560	844	2331	634	1827	8	4	55	22	606	0,0,0,0,99,0	10106	0	100	164438	108920	69836	128069,128177,130816,136189,132312,129688,129602	0	10	25733,26227,63658,104800,43375,2531,0	8	11702
174260	213	260	206	15	18	0	0	1	594	844	2335	625	1775	3	6	65	28	684	0,0,0,0,99,0	10039	0	147	164461	109056	69836	128022,128131,130768,136172,132298,129678,129589	0	9	25733,26227,63658,104800,43376,2688,0	5	11680
174130	257	282	232	16	18	0	0	1	626	844	2340	599	1787	2	17	80	40	765	0,0,0,0,99,0	10146	0	156	164487	109193	69836	127981,128090,130725,136164,132293,129676,129585	0	8	25733,26227,63658,104800,43376,2851,0	5	11656
174013	263	315	248	15	13	0	0	1	684	844	2350	609	1900	10	4	81	30	824	0,0,0,0,99,0	19506	0	147	164520	109309	69836	127946,128055,130687,136161,132293,129680,129587	0	7	25733,26227,63658,104800,43377,2998,0	6	11627
173892	264	335	280	17	21	0	0	0	740	844	2353	626	1784	7	7	91	37	880	0,0,0,0,99,0	19368	0	154	164550	109441	69836	127908,128018,130648,136163,132298,129688,129592	0	9	25733,26227,63658,104800,43377,3160,0	10	11604
173723	314	364	317	15	20	0	0	0	793	844	2356	619	2005	9	10	100	34	996	0,0,0,0,99,0	10104	0	203	164581	109620	69836	127871,127982,130608,136170,132309,129704,129605	0	11	25733,26227,63658,104800,43377,3369,0	8	11581
173542	386	384	316	18	23	0	1	0	872	844	2360	616	1816	14	5	102	38	1090	0,0,0,0,99,0	10193	0	224	164627	109803	69836	127849,127959,130582,136193,132336,129736,129634	0	9	25733,26227,63658,104800,43377,3598,0	7	11544
173350	415	446	367	22	19	1	1	0	919	844	2362	603	1973	14	14	120	47	1224	0,0,0,0,99,0	10032	0	242	164675	110005	69836	127828,127940,130559,136223,132370,129775,129670	0	7	25733,26227,63658,104800,43377,3848,0	9	11504
173124	434	539	398	23	19	1	2	0	998	844	2364	612	1957	6	9	133	49	1367	0,0,0,0,99,0	10133	0	268	164730	110226	69836	127817,127930,130544,136264,132416,129827,129718	0	13	25733,26227,63658,104800,43377,4124,0	17	11455
172873	493	573	465	28	26	1	2	0	1072	844	2369	629	1905	8	18	144	59	1529	0,0,0,0,100,0	10209	0	293	164775	110482	69836	127809,127923,130531,136309,132466,129883,129771	0	16	25733,26227,63658,104800,43377,4424,0	16	11419
172619	505	656	495	27	25	2	2	0	1200	844	2371	620	1823	17	16	158	61	1651	0,0,0,0,100,0	19574	0	296	164835	110725	69836	127807,127921,130526,136364,132525,129949,129833	1	15	25733,26227,63658,104800,43377,4727,0	20	11361
172377	510	719	548	35	26	3	2	0	1304	844	2378	645	1949	12	11	169	69	1774	0,0,0,0,100,0	19272	0	299	164886	110979	69836	127806,127918,130519,136418,132583,130015,129894	1	13	25733,26227,63658,104800,43377,5031,0	19	11314
172006	602	800	614	46	32	3	2	0	1415	844	2382	637	1826	17	18	170	77	2022	0,0,0,0,100,0	10328	0	431	164962	111344	69836	127843,127957,130550,136522,132695,130135,130010	1	17	25733,26227,63658,104800,43377,5471,0	17	11248
171595	736	839	690	50	28	1	3	0	1571	844	2389	625	1851	14	18	194	81	2266	0,0,0,0,100,0	10157	0	480	165045	111747	69836	127891,128004,130588,136641,132824,130273,130144	1	22	25733,26227,63658,104800,43377,5956,0	15	11175
171178	804	923	776	48	44	0	1	2	1730	844	2396	591	1831	21	19	216	85	2511	0,0,0,0,100,0	10306	0	492	165132	112161	69836	127942,128055,130630,136775,132964,130423,130288	1	22	25733,26227,63658,104800,43377,6454,0	15	11099
170693	876	1062	852	53	51	0	1	1	1913	844	2400	578	1910	24	29	253	104	2791	0,0,0,0,100,0	10208	0	564	165230	112638	69836	128015,128129,130694,136938,133137,130607,130467	1	25	25733,26227,63658,104800,43377,7023,0	12	11017
170146	990	1192	929	71	53	0	1	0	2115	844	2405	587	1886	19	25	284	117	3119	0,0,0,0,100,0	10301	0	647	165331	113188	69836	128109,128225,130777,137115,133325,130808,130662	1	32	25733,26227,63658,104800,43377,7665,0	12	10936
169717	978	1300	1054	75	54	2	1	0	2314	844	2407	600	1987	29	25	303	124	3340	0,0,0,0,100,0	19476	0	543	165427	113645	69836	128172,128288,130833,137261,133480,130975,130821	2	30	25733,26227,63658,104800,43377,8213,0	13	10852
169190	1009	1343	1226	85	67	3	1	0	2563	844	2415	612	1924	35	31	338	144	3590	0,0,0,0,100,0	19428	0	635	165543	114172	69836	128265,128382,130917,137458,133687,131195,131034	2	39	25733,26227,63658,104800,43377,8851,0	20	10750
168505	1198	1458	1296	92	78	3	2	0	2851	844	2419	665	1937	40	41	380	175	3952	0,0,0,0,100,0	10383	0	803	165681	114845	69836	128399,128515,131036,137711,133953,131476,131307	2	29	25733,26227,63658,104800,43377,9654,0	17	10631
167785	1405	1562	1375	99	80	3	2	0	3167	844	2424	672	1936	39	37	422	194	4332	0,0,0,0,100,0	10527	0	899	165838	115593	69836	128565,128678,131188,137984,134241,131785,131603	2	52	25733,26227,63658,104800,43377,10554,0	26	10500
167030	1529	1737	1529	106	79	3	0	2	3456	844	2431	671	1949	39	53	475	202	4781	0,0,0,0,100,0	10568	0	935	165997	116374	69836	128737,128852,131345,138292,134561,132126,131932	3	47	25733,26227,63658,104800,43377,11485,0	30	10368
166112	1665	2024	1647	115	111	3	0	2	3790	844	2433	674	2012	57	48	519	238	5327	0,0,0,0,100,0	10660	0	1101	166160	117320	69836	128950,129067,131540,138642,134932,132519,132313	3	59	25733,26227,63658,104800,43377,12588,0	32	10228
165125	1918	2231	1797	119	119	3	1	2	4153	844	2434	659	1992	44	63	599	260	5928	0,0,0,0,100,0	10576	0	1216	166388	118317	69836	129196,129311,131766,139061,135372,132985,132765	3	55	25733,26227,63658,104800,43377,13804,0	40	10032
164276	1916	2412	2014	118	130	4	2	2	4592	844	2436	685	1953	57	64	664	281	6315	0,0,0,0,100,0	19822	0	1062	166575	119207	69836	129400,129517,131953,139416,135743,133380,133146	4	56	25733,26227,63658,104800,43377,14873,0	50	9875
163415	1849	2676	2231	124	130	3	2	2	5027	844	2443	623	1998	67	63	724	323	6692	0,0,0,0,100,0	20017	0	1112	166783	120122	69836	129625,129740,132161,139802,136147,133807,133558	4	71	25733,26227,63658,104800,43377,15985,0	61	9690
162151	2214	2812	2470	135	145	4	1	3	5523	844	2444	651	1924	74	65	801	351	7430	0,0,0,0,100,0	10847	0	1547	167024	121438	69836	129960,130075,132471,140313,136685,134377,134110	4	59	25733,26227,63658,104800,43377,17522,0	65	9485
160799	2672	2877	2698	161	159	4	1	2	6084	844	2445	664	2017	78	71	887	375	8197	0,0,0,0,100,0	11003	0	1651	167284	122843	69836	130340,130451,132826,140870,137271,134999,134713	5	80	25733,26227,63658,104800,43377,19173,0	67	9262
159492	2804	3266	2831	173	169	7	0	3	6709	844	2448	647	1908	81	84	973	403	8847	0,0,0,0,100,0	11022	0	1661	167559	124244	69836	130717,130826,133177,141447,137875,135641,135332	5	61	25733,26227,63658,104800,43377,20836,0	73	9040
158089	2925	3638	3037	187	182	6	1	3	7382	844	2452	611	1997	93	89	1056	435	9541	0,0,0,0,100,0	11085	0	1755	167835	125739	69836	131109,131215,133543,142029,138487,136293,135963	6	94	25733,26227,63658,104800,43377,22591,0	73	8799
156481	3161	4084	3282	208	207	9	2	2	8012	844	2454	673	1990	103	102	1164	482	10471	0,0,0,0,100,0	11067	0	2035	168150	127470	69836	131572,131674,133976,142710,139199,137054,136698	6	91	25733,26227,63658,104800,43377,24621,0	79	8531
155117	3189	4328	3570	248	237	9	4	2	8742	844	2456	685	1977	103	106	1264	522	11063	0,0,0,0,100,0	20584	0	1813	168434	129019	69836	131975,132076,134355,143321,139840,137738,137353	7	100	25733,26227,63658,104800,43377,26434,0	90	8288
153745	3163	4537	3956	278	267	8	9	2	9474	844	2463	672	1954	109	127	1369	577	11641	0,0,0,0,100,0	20874	0	1905	168729	130643	69836	132385,132483,134741,143940,140489,138437,138018	7	125	25733,26227,63658,104800,43377,28338,0	105	8040
151992	3491	4619	4361	303	296	5	10	3	10358	844	2464	647	1956	116	154	1503	635	12450	0,0,0,0,100,0	11684	0	2279	169086	132588	69836	132924,133021,135247,144711,141293,139299,138846	8	121	25733,26227,63658,104800,43377,30619,0	112	7746
150015	3933	4854	4640	310	296	5	10	3	11370	844	2466	669	1945	113	161	1643	684	13364	0,0,0,0,100,0	11800	0	2528	169466	134756	69836	133506,133602,135790,145561,142185,140252,139764	9	123	25733,26227,63658,104800,43377,33132,0	112	7426
148217	4105	5152	4827	329	330	8	10	6	12448	844	2470	641	1985	149	138	1744	712	14049	0,0,0,0,100,0	11842	0	2414	169778	136875	69836	134048,134141,136298,146313,142978,141107,140581	9	117	25733,26227,63658,104800,43377,35523,0	112	7160
146300	4221	5601	5122	370	337	13	10	8	13446	844	2474	639	2017	138	157	1890	772	14902	0,0,0,0,100,0	11965	0	2627	170131	139169	69836	134627,134721,136844,147151,143855,142054,141485	10	135	25733,26227,63658,104800,43377,38134,0	115	6866
144412	4416	5859	5395	382	344	14	9	9	14583	844	2479	640	1875	144	175	2052	826	15593	0,0,0,0,100,0	12190	0	2638	170486	141463	69836	135212,135306,137395,147974,144722,142991,142377	10	132	25733,26227,63658,104800,43377,40733,0	127	6568
142825	4319	5970	5701	402	373	16	8	11	15793	844	2484	654	1969	152	158	2175	844	15945	0,0,0,0,100,0	21387	0	2366	170790	143551	69836	135706,135798,137860,148677,145455,143797,143134	11	144	25733,26227,63658,104800,43377,43073,0	129	6308
141247	4149	6181	6059	409	397	16	9	11	16940	844	2484	655	1970	161	167	2308	862	16358	0,0,0,0,100,0	21474	0	2469	171096	145739	69836	136204,136295,138330,149394,146208,144627,143908	11	129	25733,26227,63658,104800,43377,45513,0	130	6046
139385	4471	6309	6259	406	421	17	12	11	18123	844	2488	651	1940	168	179	2426	888	17007	0,0,0,0,100,0	12585	0	2897	171431	148334	69836	136797,136885,138888,150217,147071,145583,144801	12	141	25733,26227,63658,104800,43377,48357,0	117	5757
