S	E	I1	I2	I3	I4	I5_h	I6_h	R_h	R	D1	D2	H	T	P1	P2	Q	QT	NQ	MUT	HOM	VAC	NI	INF	REINF	BSTR	IMM	HCI	HCE	INFV	INFH	VNI
178100	105	130	43	41	45	4	4	0	274	0	0	218	0	0	0	56	56	316	0,0,0,0,0,0	178746	0	0	372	0	0	646,646,646,646,646,646,646	0	0	0,0,0,0,0,0,0	0	0
178052	74	186	51	36	45	5	3	1	292	0	1	343	300	1	70	158	61	339	0,0,0,0,0,0	12556	0	60	432	0	0	694,694,694,694,694,694,694	0	5	60,0,0,0,0,0,0	9	0
178001	93	187	58	44	44	5	3	1	307	0	3	425	354	0	9	433	65	369	0,0,0,0,0,0	12879	0	68	501	0	0	746,746,746,746,746,746,746	0	4	129,0,0,0,0,0,0	9	0
177925	96	225	59	45	45	7	4	1	331	0	8	516	233	0	17	509	77	404	0,0,0,0,0,0	13142	0	81	583	0	0	824,824,824,824,824,824,824	0	3	211,0,0,0,0,0,0	9	0
177850	111	230	73	58	46	8	5	1	349	0	15	547	91	0	10	688	84	447	0,0,0,0,0,0	25035	0	84	669	0	0	900,900,900,900,900,900,900	0	6	297,0,0,0,0,0,0	14	0
177777	120	244	91	56	54	8	6	1	370	0	19	582	277	0	25	814	124	455	0,0,0,0,0,0	25285	0	87	756	0	0	976,976,976,976,976,976,976	0	4	384,0,0,0,0,0,0	14	0
177701	136	256	107	58	56	7	6	1	399	0	19	592	217	0	14	1028	131	495	0,0,0,0,0,0	13746	0	94	851	0	0	1058,1058,1058,1058,1058,1058,1058	0	3	479,0,0,0,0,0,0	15	0
177626	145	259	134	66	62	8	6	1	416	0	23	635	294	3	19	1195	158	522	0,0,0,0,0,0	13844	0	91	943	1	0	1143,1142,1142,1140,1140,1140,1140	0	4	572,0,0,0,0,0,0	14	0
177557	158	253	152	73	62	9	8	1	446	0	27	664	238	1	22	1405	185	530	0,0,0,0,0,0	14181	0	96	1039	1	0	1221,1220,1220,1217,1217,1217,1217	0	11	668,0,0,0,0,0,0	19	0
177482	160	265	168	72	65	9	10	1	483	0	31	699	243	0	22	1606	195	554	0,0,0,0,0,0	14251	0	95	1134	1	0	1304,1303,1303,1298,1298,1298,1298	0	7	763,0,0,0,0,0,0	20	0
177400	182	282	168	76	66	13	9	2	514	0	34	676	266	2	30	1883	241	555	0,0,0,0,0,0	14714	0	112	1245	2	0	1402,1400,1400,1391,1391,1391,1391	0	11	875,0,0,0,0,0,0	23	0
177329	170	307	175	76	61	12	8	4	563	0	41	690	80	0	23	1776	261	548	0,0,0,0,0,0	26678	0	94	1335	6	0	1485,1482,1482,1470,1470,1470,1470	0	13	969,0,0,0,0,0,0	23	0
177256	159	325	190	78	71	16	7	4	594	1	45	694	225	1	15	1800	268	578	0,0,0,0,0,0	26565	0	95	1428	8	0	1572,1568,1568,1552,1552,1552,1552	0	3	1064,0,0,0,0,0,0	24	0
177185	164	310	220	86	76	16	7	4	627	1	50	688	99	1	24	1877	281	598	0,0,0,0,0,0	15043	0	97	1526	9	0	1662,1656,1656,1636,1636,1636,1636	1	10	1163,0,0,0,0,0,0	33	0
177074	182	323	212	93	78	15	7	5	697	1	59	681	78	0	23	2079	296	614	0,0,0,0,0,0	14984	0	127	1653	9	0	1786,1780,1780,1756,1756,1756,1756	1	11	1290,0,0,0,0,0,0	33	0
176986	177	332	216	98	85	19	8	3	758	1	63	696	238	0	31	2111	302	633	0,0,0,0,0,0	15047	0	117	1768	11	0	1895,1886,1886,1856,1856,1856,1856	1	10	1407,0,0,0,0,0,0	32	0
176913	165	361	221	103	76	19	9	3	807	1	68	710	84	0	29	2178	314	640	0,0,0,0,0,0	15079	0	111	1879	12	0	1999,1988,1988,1947,1947,1947,1947	1	11	1519,0,0,0,0,0,0	37	0
176828	161	377	231	104	77	20	10	3	857	1	77	704	91	0	28	2087	307	673	0,0,0,0,0,0	15154	0	120	2000	12	0	2113,2099,2099,2050,2050,2050,2050	1	23	1640,0,0,0,0,0,0	40	0
176761	163	364	247	112	88	20	15	3	888	1	84	698	162	0	30	2109	320	689	0,0,0,0,0,0	26605	0	107	2108	12	0	2213,2196,2196,2136,2136,2136,2136	1	10	1748,0,0,0,0,0,0	48	0
176695	164	358	269	100	93	19	17	5	936	2	88	669	257	1	33	2151	336	684	0,0,0,0,0,0	26823	0	109	2216	16	0	2307,2287,2287,2218,2218,2218,2218	1	7	1860,0,0,0,0,0,0	52	0
176581	194	387	258	104	91	18	18	4	994	2	95	651	101	3	28	2261	313	757	0,0,0,0,0,0	15257	0	168	2383	18	0	2460,2437,2437,2355,2355,2355,2355	1	15	2029,0,0,0,0,0,0	61	0
176439	238	410	261	110	93	15	17	5	1052	3	103	638	142	3	26	2391	332	812	0,0,0,0,0,0	15037	0	184	2566	19	0	2633,2607,2607,2514,2514,2514,2514	1	19	2212,0,0,0,0,0,0	60	0
176343	246	454	264	106	103	16	18	4	1083	3	106	646	322	5	38	2392	354	853	0,0,0,0,0,0	15385	0	168	2733	20	0	2785,2754,2754,2644,2644,2644,2644	1	18	2379,0,0,0,0,0,0	59	0
176225	267	483	261	118	115	18	19	4	1121	3	112	636	258	3	40	2491	387	894	0,0,0,0,0,0	15384	0	178	2908	23	0	2954,2918,2918,2790,2790,2790,2790	2	15	2557,0,0,0,0,0,0	60	0
176130	279	512	277	119	130	21	18	4	1139	4	113	643	260	0	35	2662	402	954	0,0,0,0,0,0	15645	0	176	3084	24	0	3111,3069,3069,2921,2921,2921,2921	2	15	2734,0,0,0,0,0,0	61	0
176042	257	517	302	137	129	25	14	6	1193	7	117	670	314	1	38	2549	402	979	0,0,0,0,0,0	27115	0	147	3231	24	0	3253,3206,3206,3038,3038,3038,3038	2	13	2881,0,0,0,0,0,0	56	0
175943	262	546	310	143	128	27	13	6	1241	10	117	631	257	3	41	2647	407	1022	0,0,0,0,0,0	27313	0	188	3416	27	0	3429,3374,3374,3177,3177,3177,3177	2	14	3068,0,0,0,0,0,0	67	0
175808	285	546	341	158	131	26	15	6	1298	11	121	646	235	1	52	3024	455	1047	0,0,0,0,0,0	15739	0	201	3616	29	0	3622,3561,3561,3344,3344,3344,3344	2	22	3269,0,0,0,0,0,0	67	0
175706	301	528	372	162	137	24	16	6	1360	12	122	666	252	3	55	2966	459	1081	0,0,0,0,0,0	16063	0	187	3802	31	0	3791,3723,3723,3482,3482,3482,3482	2	23	3456,0,0,0,0,0,0	66	0
175564	303	596	355	169	137	22	20	5	1437	13	125	663	235	1	54	3121	480	1122	0,0,0,0,0,0	15960	0	213	4015	32	0	3999,3924,3924,3659,3659,3659,3659	2	15	3669,0,0,0,0,0,0	76	0
175393	343	639	375	159	150	26	22	7	1491	13	128	681	181	3	54	3261	526	1188	0,0,0,0,0,0	16166	0	253	4267	34	0	4244,4162,4162,3869,3869,3869,3869	2	29	3921,0,0,0,0,0,0	71	0
175270	362	627	398	163	169	31	22	7	1551	15	131	654	92	1	53	3661	551	1221	0,0,0,0,0,0	16376	0	222	4487	36	0	4453,4362,4362,4037,4037,4037,4037	2	29	4141,0,0,0,0,0,0	77	0
175156	352	659	407	172	177	30	20	6	1615	17	135	648	242	1	50	3748	565	1252	0,0,0,0,0,0	27923	0	210	4694	39	0	4654,4554,4554,4196,4196,4196,4196	3	15	4349,0,0,0,0,0,0	76	0
175044	361	645	417	186	186	30	21	6	1695	18	137	659	262	3	56	3704	565	1281	0,0,0,0,0,0	28389	0	208	4902	40	0	4850,4741,4741,4353,4353,4353,4353	3	23	4557,0,0,0,0,0,0	81	0
174930	368	659	417	198	183	30	27	5	1774	18	137	655	267	6	64	4267	619	1263	0,0,0,0,0,0	17208	0	220	5120	43	0	5057,4939,4939,4516,4516,4516,4516	3	24	4776,0,0,0,0,0,0	75	0
174775	399	676	414	191	179	33	26	5	1887	21	140	661	108	0	49	4428	621	1297	0,0,0,0,0,0	17190	0	230	5349	46	0	5280,5155,5155,4706,4706,4706,4706	3	25	5005,0,0,0,0,0,0	78	0
174634	400	720	413	204	173	33	27	4	1975	21	142	635	248	3	59	4288	631	1339	0,0,0,0,0,0	17511	0	240	5588	48	0	5510,5376,5376,4894,4894,4894,4894	3	18	5244,0,0,0,0,0,0	88	0
174491	382	776	420	213	181	39	26	3	2045	22	148	606	298	1	71	4447	648	1389	0,0,0,0,0,0	17386	0	259	5850	49	0	5765,5619,5619,5094,5094,5094,5094	3	20	5506,0,0,0,0,0,0	91	0
174345	388	795	457	223	187	49	25	3	2100	24	150	616	263	3	63	4645	667	1457	0,0,0,0,0,0	17145	0	268	6118	49	0	6021,5864,5864,5298,5298,5298,5298	3	32	5774,0,0,0,0,0,0	100	0
174204	418	813	474	222	196	50	26	4	2160	26	153	589	262	4	52	4438	656	1543	0,0,0,0,0,0	29041	0	278	6398	49	0	6292,6121,6121,5507,5507,5507,5507	3	22	6054,0,0,0,0,0,0	112	0
174103	407	814	495	221	213	54	32	3	2221	27	156	551	290	1	68	4389	683	1553	0,0,0,0,0,0	28731	0	240	6639	49	0	6524,6339,6339,5676,5676,5676,5676	3	15	6295,0,0,0,0,0,0	107	0
173941	419	840	525	214	225	52	31	6	2307	28	158	541	332	7	88	5122	756	1550	0,0,0,0,0,0	18029	0	293	6930	52	0	6805,6608,6608,5899,5899,5899,5899	3	26	6586,0,0,0,0,0,0	124	0
173745	463	868	518	218	243	59	29	7	2402	31	163	527	259	4	82	5483	802	1596	0,0,0,0,0,0	18104	0	328	7256	56	0	7121,6911,6911,6155,6155,6155,6155	3	26	6912,0,0,0,0,0,0	120	0
173594	490	878	529	216	247	62	31	6	2497	31	165	525	237	1	80	5597	813	1640	0,0,0,0,0,0	18498	0	287	7542	57	0	7394,7172,7172,6370,6370,6370,6370	3	28	7198,0,0,0,0,0,0	126	0
173403	520	910	566	215	247	60	34	6	2585	32	168	529	318	4	83	5699	819	1733	0,0,0,0,0,0	18237	0	342	7886	58	0	7729,7491,7491,6634,6634,6634,6634	4	34	7542,0,0,0,0,0,0	123	0
173250	523	918	599	219	268	63	34	6	2661	34	171	534	231	6	87	5929	855	1769	0,0,0,0,0,0	18479	0	306	8192	58	0	8026,7773,7773,6861,6861,6861,6861	4	34	7848,0,0,0,0,0,0	131	0
173067	508	967	583	243	283	59	38	6	2781	35	176	545	252	3	71	5888	869	1812	0,0,0,0,0,0	30021	0	315	8508	59	0	8336,8070,8070,7109,7109,7109,7109	4	18	8164,0,0,0,0,0,0	138	0
172897	507	966	617	260	277	70	41	6	2889	37	179	544	238	5	85	5926	903	1835	0,0,0,0,0,0	29983	0	317	8827	63	0	8649,8367,8367,7351,7351,7351,7351	4	20	8484,0,0,0,0,0,0	141	0
172657	565	1016	620	279	271	70	41	6	2999	39	183	528	265	2	95	6047	920	1942	0,0,0,0,0,0	19260	0	400	9228	66	0	9043,8745,8745,7668,7668,7668,7668	4	35	8885,0,0,0,0,0,0	145	0
172481	588	1054	632	292	280	71	43	6	3071	42	186	516	249	7	91	6305	972	1988	0,0,0,0,0,0	18800	0	364	9587	71	0	9392,9075,9075,7930,7930,7930,7930	4	35	9245,0,0,0,0,0,0	147	0
172318	572	1086	639	314	291	69	42	7	3173	45	190	506	268	4	99	6185	1006	2007	0,0,0,0,0,0	34323	0	351	9940	72	0	9736,9400,9400,8185,8185,8185,8185	4	31	9599,0,0,0,0,0,0	152	0
172135	590	1106	670	323	286	77	42	11	3269	46	191	511	292	9	75	6416	1019	2075	0,0,0,0,0,0	34229	0	368	10305	76	0	10090,9736,9736,8453,8453,8453,8453	4	34	9965,0,0,0,0,0,0	142	0
172005	555	1139	683	333	319	84	41	12	3329	47	199	512	272	4	98	6727	1058	2096	0,0,0,0,0,0	34592	0	336	10643	78	0	10418,10043,10043,8684,8684,8684,8684	4	27	10303,0,0,0,0,0,0	164	0
171888	512	1163	700	349	326	85	46	11	3419	48	199	522	326	3	98	6621	1073	2108	0,0,0,0,0,0	47583	0	327	10971	79	0	10733,10336,10336,8900,8900,8900,8900	4	23	10631,0,0,0,0,0,0	165	0
171818	506	1095	750	350	337	84	44	13	3498	50	201	519	267	7	98	6910	1083	2083	0,0,0,0,0,0	47837	0	295	11266	80	0	11015,10596,10596,9077,9077,9077,9077	4	22	10926,0,0,0,0,0,0	179	0
171678	514	1108	775	324	329	86	49	14	3612	52	205	477	311	3	121	7636	1112	2073	0,0,0,0,0,0	35399	0	361	11627	82	0	11364,10922,10922,9322,9322,9322,9322	4	26	11287,0,0,0,0,0,0	162	0
171526	504	1100	785	330	347	83	53	15	3740	55	208	455	280	1	110	7826	1117	2085	0,0,0,0,0,0	35654	0	347	11972	86	0	11697,11236,11236,9563,9563,9563,9563	4	37	11633,0,0,0,0,0,0	162	0
171395	534	1091	783	327	357	86	55	11	3838	57	212	456	299	6	109	8017	1167	2066	0,0,0,0,0,0	36107	0	367	12336	89	0	12048,11563,11563,9804,9804,9804,9804	4	28	11997,0,0,0,0,0,0	172	0
171316	529	1077	790	334	347	93	59	12	3912	61	216	430	104	5	100	8083	1181	2048	0,0,0,0,0,0	35994	0	317	12651	93	0	12351,11842,11842,9995,9995,9995,9995	5	39	12313,0,0,0,0,0,0	184	0
171121	580	1088	797	324	332	96	59	13	4056	63	217	401	284	8	102	8341	1204	2072	0,0,0,0,0,0	35943	0	403	13050	101	0	12737,12208,12208,10285,10285,10285,10285	5	37	12713,0,0,0,0,0,0	192	0
171064	516	1078	776	358	347	93	58	12	4160	66	218	401	295	3	97	7758	1186	2040	0,0,0,0,0,0	48493	0	294	13338	108	0	13011,12459,12459,10450,10450,10450,10450	5	29	13002,0,0,0,0,0,0	203	0
171025	483	1069	751	347	360	90	55	13	4260	70	223	399	298	7	95	7954	1214	1941	0,0,0,0,0,0	48373	0	290	13632	108	0	13293,12714,12714,10611,10611,10611,10611	5	24	13296,0,0,0,0,0,0	204	0
170960	478	1077	735	329	340	89	58	15	4370	70	225	404	254	4	101	8138	1210	1896	0,0,0,0,0,0	35724	0	309	13941	111	0	13587,12984,12984,10790,10790,10790,10790	5	39	13605,0,0,0,0,0,0	190	0
170924	462	1038	749	323	340	93	60	15	4440	73	229	399	251	2	82	8064	1199	1866	0,0,0,0,0,0	36101	0	291	14228	118	0	13859,13230,13230,10942,10942,10942,10942	5	41	13892,0,0,0,0,0,0	198	0
170926	457	995	738	326	335	96	62	14	4490	77	230	379	249	1	90	8396	1176	1833	0,0,0,0,0,0	36179	0	281	14509	119	0	14122,13464,13464,11073,11073,11073,11073	5	31	14173,0,0,0,0,0,0	191	0
170939	450	989	724	306	330	93	59	13	4528	80	235	390	251	9	101	7921	1120	1831	0,0,0,0,0,0	35989	0	291	14802	120	0	14398,13710,13710,11204,11204,11204,11204	5	29	14466,0,0,0,0,0,0	186	0
170917	462	960	720	297	320	92	68	12	4580	81	237	392	314	5	85	7828	1112	1807	0,0,0,0,0,0	35949	0	289	15091	122	0	14670,13955,13955,11350,11350,11350,11350	5	34	14756,0,0,0,0,0,0	187	0
170987	448	917	741	273	302	93	64	11	4584	88	238	412	330	4	83	7472	1032	1806	0,0,0,0,0,0	48025	0	253	15344	124	0	14902,14155,14155,11431,11431,11431,11431	5	17	15009,0,0,0,0,0,0	184	0
171046	418	870	723	273	309	93	63	13	4608	91	239	397	250	6	68	7485	1014	1735	0,0,0,0,0,0	48179	0	215	15558	129	0	15098,14323,14323,11499,11499,11499,11499	5	21	15223,0,0,0,0,0,0	196	0
171041	426	882	681	296	303	99	64	14	4606	94	240	390	277	3	90	7120	1040	1711	0,0,0,0,0,0	35405	0	297	15852	134	0	15373,14569,14569,11637,11637,11637,11637	5	35	15517,0,0,0,0,0,0	188	0
171085	441	848	666	294	279	102	63	9	4617	97	245	371	303	6	78	6771	989	1704	0,0,0,0,0,0	34933	0	256	16109	136	0	15612,14777,14777,11732,11732,11732,11732	5	28	15774,0,0,0,0,0,0	185	0
171192	395	846	645	299	262	97	55	11	4594	103	247	383	257	4	85	6740	945	1654	0,0,0,0,0,0	34660	0	213	16320	139	0	15801,14935,14935,11772,11772,11772,11772	5	26	15985,0,0,0,0,0,0	177	0
171223	395	837	614	291	254	96	53	13	4619	104	247	381	246	5	64	6345	901	1639	0,0,0,0,0,0	34669	0	265	16582	142	0	16042,15147,15147,11875,11875,11875,11875	5	40	16247,0,0,0,0,0,0	172	0
171258	381	835	593	297	244	103	51	14	4613	106	251	388	299	5	71	6439	885	1619	0,0,0,0,0,0	34264	0	248	16822	150	0	16266,15342,15342,11966,11966,11966,11966	5	25	16487,0,0,0,0,0,0	169	0
171357	347	839	563	258	239	109	54	12	4607	110	251	395	272	1	68	6056	865	1544	0,0,0,0,0,0	46884	0	200	17023	152	0	16445,15492,15492,12004,12004,12004,12004	4	14	16688,0,0,0,0,0,0	163	0
171422	335	785	544	259	247	108	49	14	4618	113	252	391	238	4	69	5845	845	1482	0,0,0,0,0,0	47084	0	206	17228	155	0	16632,15651,15651,12063,12063,12063,12063	4	18	16893,0,0,0,0,0,0	176	0
171472	359	756	537	256	245	104	45	10	4584	121	257	372	260	2	83	5866	849	1453	0,0,0,0,0,0	34043	0	243	17470	156	0	16856,15846,15846,12148,12148,12148,12148	4	28	17135,0,0,0,0,0,0	162	0
171586	362	731	504	251	225	99	43	12	4549	126	258	398	264	3	75	5568	819	1396	0,0,0,0,0,0	33750	0	206	17669	163	0	17031,15990,15990,12174,12174,12174,12174	4	25	17334,0,0,0,0,0,0	149	0
171669	327	736	534	256	213	98	38	13	4472	131	259	407	338	5	68	5641	826	1376	0,0,0,0,0,0	33435	0	205	17873	165	0	17214,16144,16144,12221,12221,12221,12221	4	25	17538,0,0,0,0,0,0	148	0
171695	329	737	515	261	202	100	37	13	4462	133	262	414	287	4	75	5563	819	1362	0,0,0,0,0,0	33509	0	223	18091	171	0	17416,16321,16321,12304,12304,12304,12304	4	28	17757,0,0,0,0,0,0	154	0
171819	328	733	501	244	202	99	39	12	4370	135	264	389	236	3	55	5638	788	1358	0,0,0,0,0,0	33629	0	201	18290	178	0	17593,16465,16465,12326,12326,12326,12326	4	30	17958,0,0,0,0,0,0	150	0
171928	310	712	483	240	202	93	35	13	4326	138	266	405	227	3	56	5123	729	1346	0,0,0,0,0,0	46417	0	185	18473	181	0	17756,16599,16599,12350,12350,12350,12350	4	14	18141,0,0,0,0,0,0	142	0
172005	297	693	501	237	192	87	38	13	4276	140	267	397	270	2	45	4772	713	1332	0,0,0,0,0,0	45927	0	201	18674	184	0	17937,16752,16752,12399,12399,12399,12399	4	18	18342,0,0,0,0,0,0	146	0
172068	308	696	509	238	197	81	31	15	4190	144	269	416	245	0	56	4898	692	1368	0,0,0,0,0,0	32819	0	233	18900	191	0	18143,16929,16929,12465,12465,12465,12465	4	21	18568,0,0,0,0,0,0	135	0
172151	306	687	517	225	192	74	25	17	4130	149	273	424	277	5	76	4853	696	1330	0,0,0,0,0,0	33191	0	202	19099	194	0	18321,17078,17078,12507,12507,12507,12507	4	22	18768,0,0,0,0,0,0	117	0
172196	320	690	499	217	202	70	25	13	4086	152	276	438	90	1	56	5007	675	1348	0,0,0,0,0,0	33017	0	230	19323	201	0	18528,17257,17257,12582,12582,12582,12582	4	22	18994,0,0,0,0,0,0	105	0
172267	328	676	488	209	210	68	24	12	4033	153	278	413	243	2	72	5065	685	1318	0,0,0,0,0,0	33018	0	196	19519	203	0	18704,17407,17407,12629,12629,12629,12629	3	22	19190,0,0,0,0,0,0	112	0
172361	288	706	479	204	211	66	24	11	3960	155	281	443	316	3	62	5010	690	1288	0,0,0,0,0,0	33220	0	184	19702	206	0	18866,17541,17541,12657,12657,12657,12657	3	19	19373,0,0,0,0,0,0	105	0
172444	277	699	466	211	215	59	24	9	3898	157	287	443	247	8	48	4804	671	1280	0,0,0,0,0,0	45811	0	195	19893	210	0	19040,17687,17687,12698,12698,12698,12698	3	18	19564,0,0,0,0,0,0	105	0
172494	289	663	455	224	206	57	24	8	3879	157	290	448	230	3	53	4897	661	1257	0,0,0,0,0,0	46001	0	189	20082	211	0	19212,17835,17835,12753,12753,12753,12753	3	18	19753,0,0,0,0,0,0	101	0
172559	301	644	434	227	211	59	24	7	3829	159	292	442	273	4	63	5425	699	1201	0,0,0,0,0,0	33605	0	191	20272	213	0	19382,17979,17979,12799,12799,12799,12799	3	9	19943,0,0,0,0,0,0	96	0
172633	290	633	440	229	191	58	27	6	3784	161	294	440	336	5	64	5471	715	1153	0,0,0,0,0,0	33489	0	185	20455	215	0	19542,18114,18114,12834,12834,12834,12834	3	19	20126,0,0,0,0,0,0	97	0
172699	299	633	453	215	191	51	29	5	3708	162	301	448	267	4	54	5414	701	1170	0,0,0,0,0,0	33613	0	206	20656	220	0	19728,18272,18272,12887,12887,12887,12887	3	17	20327,0,0,0,0,0,0	93	0
172757	309	584	434	209	189	45	29	5	3718	164	303	463	253	1	54	4948	679	1120	0,0,0,0,0,0	46143	0	160	20814	223	0	19868,18390,18390,12921,12921,12921,12921	3	9	20485,0,0,0,0,0,0	82	0
172872	257	591	427	193	193	43	29	4	3663	167	307	428	219	3	38	4672	654	1079	0,0,0,0,0,0	46177	0	128	20938	228	0	19976,18474,18474,12910,12910,12910,12910	3	13	20611,0,0,0,0,0,0	79	0
172991	215	571	398	186	200	39	28	4	3638	169	307	452	253	2	53	4646	633	1004	0,0,0,0,0,0	45892	0	117	21051	232	0	20070,18544,18544,12890,12890,12890,12890	3	8	20725,0,0,0,0,0,0	90	0
173123	188	549	393	177	205	47	28	3	3554	171	308	442	247	2	46	4377	612	975	0,0,0,0,0,0	46128	23	128	21177	234	0	20175,18624,18624,12871,12871,12871,12871	3	18	20851,0,0,0,0,0,0	82	20
173212	209	530	391	176	172	53	34	3	3484	171	311	440	300	0	56	4349	602	963	0,0,0,0,0,0	32476	29	162	21338	236	0	20317,18740,18740,12889,12889,12889,12889	2	15	21012,0,0,0,0,0,0	93	42
173323	203	499	390	164	167	54	35	2	3423	172	314	448	247	0	61	4310	597	915	0,0,0,0,0,0	32575	29	128	21463	239	0	20423,18822,18822,12878,12878,12878,12878	2	15	21138,0,0,0,0,0,0	98	68
173453	208	476	394	156	152	57	34	3	3322	174	317	450	260	2	30	3946	557	920	0,0,0,0,0,0	32336	38	132	21593	241	0	20533,18906,18906,12860,12860,12860,12860	2	16	21268,0,0,0,0,0,0	102	100
173590	200	438	387	160	146	56	28	5	3239	178	319	436	104	1	51	3863	541	874	0,0,0,0,0,0	31998	42	119	21709	245	0	20628,18976,18976,12830,12830,12830,12830	2	9	21384,0,0,0,0,0,0	94	137
173686	200	420	352	150	160	57	28	7	3188	178	320	426	239	2	32	3756	503	864	0,0,0,0,0,0	31740	31	127	21831	250	0	20731,19056,19056,12825,12825,12825,12825	2	12	21506,0,0,0,0,0,0	96	161
173787	205	404	333	150	151	57	28	10	3116	180	325	425	279	3	44	3679	498	830	0,0,0,0,0,0	38472	22	126	21956	251	0	20839,19142,19142,12821,12821,12821,12821	2	10	21631,0,0,0,0,0,0	91	178
173889	200	394	321	142	128	63	27	10	3060	181	331	419	257	3	42	3924	489	786	0,0,0,0,0,0	38735	139	108	22062	253	0	20939,19220,19220,12812,12812,12812,12812	2	8	21737,0,0,0,0,0,0	98	301
173969	197	381	311	135	123	61	30	10	3014	183	332	419	233	2	47	4170	488	750	0,0,0,0,0,0	27171	111	114	22174	256	0	21041,19303,19303,12813,12813,12813,12813	2	16	21849,0,0,0,0,0,0	102	394
174073	176	402	303	123	112	57	29	9	2943	186	333	439	268	4	39	4159	470	732	0,0,0,0,0,0	27388	131	111	22284	258	0	21139,19380,19380,12800,12800,12800,12800	2	11	21959,0,0,0,0,0,0	108	504
174168	166	412	290	111	117	56	25	10	2868	189	334	448	238	3	31	4233	429	748	0,0,0,0,0,0	27232	131	112	22396	260	0	21244,19463,19463,12795,12795,12795,12795	2	11	22072,0,0,0,0,0,0	104	615
174245	163	400	278	125	127	55	24	9	2792	192	336	452	229	2	34	4225	412	760	0,0,0,0,0,0	27137	114	122	22516	264	0	21360,19560,19560,12805,12805,12805,12805	2	16	22192,0,0,0,0,0,0	99	712
174342	169	389	268	127	135	55	25	8	2695	194	339	466	248	2	42	3871	407	761	0,0,0,0,0,0	27166	115	121	22636	265	0	21470,19648,19648,12801,12801,12801,12801	2	21	22312,0,0,0,0,0,0	94	809
174415	178	379	272	126	133	51	21	8	2624	198	341	458	310	2	35	3775	410	750	0,0,0,0,0,0	38685	123	125	22758	268	0	21582,19740,19740,12812,12812,12812,12812	2	10	22435,0,0,0,0,0,0	93	912
174500	180	372	264	127	128	48	20	10	2554	202	341	458	243	1	37	3761	395	744	0,0,0,0,0,0	38876	152	114	22869	271	0	21721,19859,19859,12829,12829,12829,12829	2	16	22546,0,0,0,0,0,0	90	1043
174568	185	360	260	124	123	45	19	10	2506	203	343	453	268	0	42	3626	391	725	0,0,0,0,0,0	26899	143	105	22973	272	0	21842,19963,19963,12845,12845,12845,12845	2	7	22650,0,0,0,0,0,0	87	1166
174601	184	364	261	106	123	46	22	9	2483	203	344	486	250	4	30	3098	374	732	0,0,0,0,0,0	26584	131	120	23093	272	0	21984,20090,20090,12887,12887,12887,12887	2	15	22770,0,0,0,0,0,0	87	1269
174658	185	365	255	102	126	46	23	8	2425	203	350	473	238	1	44	2923	384	718	0,0,0,0,0,0	26474	173	107	23200	272	0	22118,20207,20207,12915,12915,12915,12915	2	11	22877,0,0,0,0,0,0	96	1411
174710	190	358	250	106	127	39	25	7	2379	203	352	483	261	1	36	2929	373	722	0,0,0,0,0,0	25900	166	108	23306	275	0	22243,20316,20316,12940,12940,12940,12940	2	12	22983,0,0,0,0,0,0	88	1553
174786	181	354	258	98	127	45	25	9	2305	204	354	486	263	0	25	2687	378	710	0,0,0,0,0,0	25845	169	96	23404	276	0	22360,20415,20415,12949,12949,12949,12949	2	9	23081,0,0,0,0,0,0	96	1685
174867	152	362	261	101	117	44	25	8	2245	206	358	501	273	3	39	2615	386	676	0,0,0,0,0,0	37553	158	83	23487	277	0	22468,20506,20506,12952,12952,12952,12952	2	7	23164,0,0,0,0,0,0	97	1817
174921	148	364	260	106	120	40	23	7	2188	208	361	492	235	2	28	2385	389	672	0,0,0,0,0,0	37618	62	112	23598	279	0	22612,20634,20634,12986,12986,12986,12986	2	12	23275,0,0,0,0,0,0	104	1863
174955	166	349	281	101	115	46	24	7	2128	209	365	508	261	0	32	2235	384	698	0,0,0,0,0,0	25515	65	130	23727	280	0	22769,20774,20774,13035,13035,13035,13035	2	13	23404,0,0,0,0,0,0	91	1909
174997	174	356	267	104	112	46	24	3	2084	210	369	500	323	1	28	2172	371	712	0,0,0,0,0,0	25244	62	105	23831	283	0	22897,20888,20888,13065,13065,13065,13065	2	14	23509,0,0,0,0,0,0	95	1955
175042	170	361	248	119	99	44	25	3	2052	212	371	486	260	1	33	2302	371	695	0,0,0,0,0,0	25620	67	108	23937	285	0	23041,21016,21016,13101,13101,13101,13101	2	15	23615,0,0,0,0,0,0	87	2010
175082	157	366	246	114	100	41	24	3	2026	215	372	476	235	0	27	2246	350	698	0,0,0,0,0,0	25287	80	103	24038	287	0	23177,21137,21137,13135,13135,13135,13135	2	11	23716,0,0,0,0,0,0	84	2077
175124	162	349	249	118	107	39	20	3	1983	219	373	463	256	2	39	2340	358	686	0,0,0,0,0,0	25442	53	108	24142	292	0	23313,21259,21259,13170,13170,13170,13170	2	16	23820,0,0,0,0,0,0	85	2118
175165	171	330	254	107	125	35	22	3	1938	220	376	476	243	0	30	2205	346	698	0,0,0,0,0,0	37156	62	106	24247	293	0	23453,21384,21384,13207,13207,13207,13207	1	8	23925,0,0,0,0,0,0	77	2173
175217	165	325	246	100	123	34	20	2	1912	223	379	474	93	2	35	2089	365	648	0,0,0,0,0,0	37438	223	89	24335	294	0	23550,21467,21467,13217,13217,13217,13217	1	6	24013,0,0,0,0,0,0	78	2358
175248	157	317	253	99	123	34	21	2	1888	223	381	497	268	3	41	2196	367	637	0,0,0,0,0,0	25345	219	104	24438	296	0	23660,21564,21564,13243,13243,13243,13243	1	14	24116,0,0,0,0,0,0	79	2539
175256	152	322	244	97	115	34	20	2	1892	227	385	483	272	0	39	2222	378	606	0,0,0,0,0,0	25372	183	105	24540	299	0	23776,21668,21668,13281,13281,13281,13281	1	12	24218,0,0,0,0,0,0	74	2695
175275	156	335	235	91	110	32	19	2	1873	229	389	465	250	1	26	2267	361	617	0,0,0,0,0,0	25368	220	111	24649	301	0	23902,21782,21782,13321,13321,13321,13321	1	9	24327,0,0,0,0,0,0	73	2870
175290	161	347	222	80	106	31	19	2	1867	230	391	481	257	1	31	2239	345	621	0,0,0,0,0,0	25389	213	106	24754	302	0	24028,21896,21896,13361,13361,13361,13361	1	13	24432,0,0,0,0,0,0	74	3043
175300	175	330	221	87	111	31	16	3	1844	232	396	479	95	1	33	2389	350	621	0,0,0,0,0,0	25446	196	110	24861	306	0	24147,22004,22004,13402,13402,13402,13402	1	15	24539,0,0,0,0,0,0	65	3204
175355	144	327	216	85	104	28	17	2	1834	234	400	526	89	2	27	2255	323	598	0,0,0,0,0,0	37376	204	66	24928	306	0	24226,22070,22070,13401,13401,13401,13401	1	5	24606,0,0,0,0,0,0	68	3378
175387	148	311	209	95	104	24	15	2	1813	236	402	528	278	0	20	2295	301	605	0,0,0,0,0,0	37537	184	84	25006	312	0	24401,22235,22235,13459,13459,13459,13459	1	15	24684,0,0,0,0,0,0	64	3510
175389	159	321	203	97	105	19	14	3	1794	237	405	518	241	1	37	2413	324	594	0,0,0,0,0,0	25574	181	109	25114	313	0	24597,22420,22420,13541,13541,13541,13541	1	11	24792,0,0,0,0,0,0	54	3650
175406	175	334	199	96	97	20	17	2	1755	238	407	507	342	2	31	2352	326	612	2,0,0,0,0,0	25492	169	100	25235	319	0	24797,22607,22607,13617,13617,13617,13617	1	9	24887,27,0,0,0,0,0	51	3778
175374	202	330	209	110	109	23	19	3	1720	238	409	504	224	0	27	2374	314	688	8,0,0,0,0,0	25465	161	103	25379	321	0	25029,22828,22828,13735,13735,13735,13735	1	10	24977,82,0,0,0,0,0	51	3905
175345	200	378	227	113	110	20	17	3	1680	241	412	488	253	1	40	2470	330	735	13,0,0,0,0,0	25413	165	118	25535	324	0	25267,23054,23054,13854,13854,13854,13854	1	16	25072,144,0,0,0,0,0	50	4036
175286	227	426	241	113	98	20	16	3	1658	242	416	510	252	1	38	2441	343	798	18,0,0,0,0,0	25222	165	147	25717	326	0	25530,23305,23305,14000,14000,14000,14000	1	4	25191,209,0,0,0,0,0	46	4159
175176	270	471	263	112	110	20	17	2	1644	243	418	528	82	1	21	2510	359	904	22,0,0,0,0,0	37932	185	177	25933	329	0	25832,23598,23598,14193,14193,14193,14193	1	9	25317,301,0,0,0,0,0	49	4302
175109	285	486	255	132	125	22	18	2	1650	244	418	522	240	4	39	2512	381	942	27,0,0,0,0,0	37524	108	141	26102	332	0	26082,23838,23838,14335,14335,14335,14335	1	9	25400,387,0,0,0,0,0	60	4374
175023	273	529	263	134	135	23	20	2	1678	244	422	523	274	2	45	2493	424	953	30,0,0,0,0,0	25725	113	171	26268	337	0	26331,24080,24080,14485,14485,14485,14485	1	7	25495,459,0,0,0,0,0	55	4463
174949	257	553	294	143	134	26	20	2	1696	245	427	542	220	1	44	2592	449	978	32,0,0,0,0,0	25659	103	179	26444	340	0	26577,24318,24317,14629,14629,14629,14629	1	11	25598,535,0,0,0,0,0	67	4535
174855	274	544	331	138	156	25	16	2	1727	250	428	550	272	2	54	2792	475	1009	36,0,0,0,0,0	26021	132	193	26631	346	0	26844,24577,24577,14794,14794,14794,14794	1	11	25680,642,0,0,0,0,0	66	4640
174791	280	571	330	136	153	31	14	2	1756	251	431	547	288	1	52	2879	500	1015	40,0,0,0,0,0	26076	119	185	26811	352	0	27103,24825,24825,14939,14939,14939,14939	1	11	25762,743,0,0,0,0,0	71	4727
174664	298	611	344	140	163	31	20	2	1787	251	435	548	274	4	36	3113	513	1094	44,0,0,0,0,0	26241	149	236	27046	354	0	27416,25129,25129,15145,15145,15145,15145	1	7	25857,884,0,0,0,0,0	68	4841
174597	289	608	370	138	168	34	20	3	1828	252	439	560	86	1	38	3105	524	1103	45,0,0,0,0,0	37761	129	175	27214	361	0	27672,25378,25376,15292,15292,15292,15292	1	8	25932,982,0,0,0,0,0	75	4943
174546	275	589	380	149	171	37	20	3	1883	254	439	522	255	5	44	2948	495	1126	48,0,0,0,0,0	37892	301	168	27379	365	0	27859,25557,25554,15394,15394,15394,15394	1	10	26005,1076,0,0,0,0,0	78	5171
174436	292	649	374	152	174	39	21	2	1907	257	443	539	249	1	61	3203	554	1147	50,0,0,0,0,0	26039	273	237	27610	372	0	28118,25808,25803,15562,15562,15562,15562	1	23	26110,1206,0,0,0,0,0	77	5374
174334	310	656	368	166	176	43	22	2	1968	257	444	556	232	2	49	3522	558	1183	53,0,0,0,0,0	26369	318	226	27824	384	0	28351,26034,26028,15712,15712,15712,15712	1	19	26181,1357,0,0,0,0,0	85	5587
174253	325	674	385	180	173	41	25	2	1984	258	446	551	256	3	70	3563	594	1209	55,0,0,0,0,0	26770	274	222	28042	391	0	28606,26280,26271,15863,15863,15863,15863	1	14	26251,1508,0,0,0,0,0	90	5777
174109	371	715	381	192	174	40	22	3	2028	261	450	557	246	5	51	3782	607	1288	57,0,0,0,0,0	26694	279	265	28301	398	0	28900,26568,26556,16063,16063,16063,16063	1	16	26343,1679,0,0,0,0,0	99	5965
173992	394	747	409	198	189	40	27	3	2034	262	451	555	243	2	52	3758	607	1397	60,0,0,0,0,0	26938	273	261	28559	402	0	29190,26851,26836,16249,16249,16249,16249	1	13	26431,1853,0,0,0,0,0	96	6167
173854	399	761	443	210	191	40	27	3	2100	263	455	543	328	2	56	3672	600	1471	62,0,0,0,0,0	38503	292	252	28805	410	0	29475,27129,27112,16443,16443,16443,16443	1	19	26492,2043,0,0,0,0,0	108	6372
173724	411	788	425	225	211	44	24	3	2166	267	458	528	304	2	60	3747	624	1504	64,0,0,0,0,0	38792	609	254	29057	414	0	29855,27503,27484,16682,16682,16682,16682	1	12	26558,2231,0,0,0,0,0	113	6765
173569	426	843	417	233	210	47	23	4	2248	268	458	524	237	2	72	4183	651	1548	65,0,0,0,0,0	26973	603	303	29351	426	0	30262,27905,27883,16948,16948,16948,16948	1	22	26641,2448,0,0,0,0,0	106	7131
173382	464	862	447	257	213	47	20	6	2316	269	463	533	302	6	85	4723	701	1609	69,0,0,0,0,0	27352	591	332	29674	437	0	30695,28333,28307,17241,17241,17241,17241	1	19	26700,2722,0,0,0,0,0	106	7649
173196	487	908	460	266	226	54	19	6	2387	272	465	516	269	2	81	5374	775	1645	70,0,0,0,0,0	27766	562	334	29996	451	0	31117,28754,28723,17532,17532,17532,17532	2	26	26769,2986,0,0,0,0,0	115	8124
173016	495	959	496	279	225	54	20	5	2457	272	468	527	267	4	76	5284	772	1756	72,0,0,0,0,0	28423	648	342	30325	466	0	31546,29182,29145,17823,17823,17823,17823	2	23	26829,3265,0,0,0,0,0	113	8695
172788	526	998	535	278	226	58	20	6	2563	273	475	514	287	1	79	5948	791	1850	74,0,0,0,0,0	28403	616	368	30676	483	0	32005,29641,29598,18152,18152,18152,18152	2	18	26880,3576,0,0,0,0,0	120	9224
172607	546	1000	564	292	229	59	18	7	2671	276	477	488	263	3	78	6231	817	1891	76,0,0,0,0,0	40812	622	332	31000	495	0	32443,30079,30029,18447,18447,18447,18447	2	14	26936,3852,0,0,0,0,0	120	9763
172446	534	1018	567	306	246	66	24	6	2775	276	482	489	265	5	69	6365	859	1902	77,0,0,0,0,0	40438	809	326	31309	512	0	32916,30553,30496,18752,18752,18752,18752	2	14	26990,4119,0,0,0,0,0	124	10470
172214	584	1077	594	306	267	62	24	5	2848	279	486	465	257	4	100	6625	917	1997	79,0,0,0,0,0	29709	795	414	31710	526	0	33463,31101,31037,19127,19127,19127,19127	2	23	27039,4483,0,0,0,0,0	140	11167
171959	608	1187	616	314	287	65	20	7	2910	284	489	467	260	7	100	6626	974	2123	81,0,0,0,0,0	29785	837	444	32135	547	0	34094,31733,31660,19556,19556,19556,19556	2	29	27096,4867,0,0,0,0,0	134	11887
171659	669	1209	646	326	325	74	20	8	3034	286	490	467	304	3	104	6944	1022	2247	82,0,0,0,0,0	29832	845	466	32588	563	0	34738,32378,32297,20012,20012,20012,20012	2	30	27149,5280,0,0,0,0,0	143	12590
171373	708	1312	679	334	351	75	22	8	3104	286	494	471	318	4	124	6981	1136	2345	84,0,0,0,0,0	30049	826	487	33059	583	0	35425,33067,32977,20485,20485,20485,20485	2	36	27193,5722,0,0,0,0,0	150	13284
171009	754	1388	739	365	372	74	24	9	3229	286	497	466	300	6	117	7180	1211	2505	85,0,0,0,0,0	30016	826	529	33560	613	0	36129,33775,33677,21007,21007,21007,21007	2	34	27252,6188,0,0,0,0,0	157	13972
170745	746	1425	780	358	401	78	29	8	3385	288	503	475	287	5	103	6949	1227	2590	85,0,0,0,0,0	41260	811	461	34002	636	0	36787,34439,34329,21456,21456,21456,21456	2	26	27296,6602,0,0,0,0,0	167	14655
170494	721	1484	823	382	406	88	30	7	3513	289	509	452	302	5	118	7259	1275	2659	87,0,0,0,0,0	41335	881	465	34446	660	0	37478,35140,35016,21915,21915,21915,21915	2	25	27330,7033,0,0,0,0,0	169	15389
170162	779	1530	853	405	415	96	36	6	3663	291	510	464	304	3	135	6786	1347	2767	88,0,0,0,0,0	45906	889	552	34981	680	0	38251,35923,35785,22453,22453,22453,22453	3	28	27370,7547,0,0,0,0,0	177	16119
169888	799	1553	915	428	423	103	37	8	3787	292	513	433	333	2	160	7432	1450	2808	89,0,0,0,0,0	46333	857	514	35470	706	0	38985,36665,36512,22942,22942,22942,22942	3	37	27398,8029,0,0,0,0,0	188	16820
169628	794	1537	936	447	453	106	45	9	3986	292	513	420	298	8	126	8051	1519	2799	90,0,0,0,0,0	46850	932	490	35938	732	0	39707,37396,37228,23415,23415,23415,23415	3	33	27432,8481,0,0,0,0,0	191	17595
169387	765	1599	948	449	466	108	51	7	4158	294	514	425	237	4	161	8547	1585	2801	90,0,0,0,0,0	47162	930	487	36406	754	0	40413,38115,37931,23875,23875,23875,23875	3	28	27461,8937,0,0,0,0,0	204	18366
169094	786	1633	953	448	492	113	51	8	4357	295	516	412	247	4	145	8733	1612	2864	91,0,0,0,0,0	47282	872	547	36938	773	0	41188,38903,38701,24395,24395,24395,24395	3	38	27488,9457,0,0,0,0,0	210	19066
168948	760	1550	973	471	494	119	54	8	4552	299	518	422	335	10	130	9032	1590	2831	92,0,0,0,0,0	71787	889	413	37336	795	0	41826,39554,39333,24773,24773,24773,24773	3	21	27503,9854,0,0,0,0,0	222	19804
168815	690	1565	976	466	484	128	52	8	4737	304	521	450	246	4	172	9243	1621	2740	92,0,0,0,0,0	71604	622	406	37726	815	0	42500,40242,40003,25168,25168,25168,25168	3	29	27526,10234,0,0,0,0,0	236	20264
168597	709	1542	1009	474	493	133	51	8	4900	307	523	418	258	6	153	9687	1628	2783	93,0,0,0,0,0	48413	611	501	38209	837	0	43270,41025,40767,25648,25648,25648,25648	3	31	27545,10713,0,0,0,0,0	247	20755
168427	755	1491	1009	491	495	135	54	9	5046	310	524	390	297	8	155	10338	1653	2777	93,0,0,0,0,0	48489	645	494	38675	867	0	44003,41780,41498,26097,26097,26097,26097	3	36	27570,11176,0,0,0,0,0	246	21252
168252	748	1480	1012	493	507	137	52	9	5215	315	526	398	317	7	144	10345	1641	2788	94,0,0,0,0,0	49105	620	473	39124	893	0	44748,42547,42242,26549,26549,26549,26549	3	28	27588,11627,0,0,0,0,0	237	21743
168035	750	1499	1028	485	534	144	59	7	5361	317	527	396	266	6	157	10167	1654	2845	94,0,0,0,0,0	48749	678	499	39605	912	0	45513,43332,43006,27032,27032,27032,27032	3	33	27603,12108,0,0,0,0,0	249	22271
167857	793	1534	992	477	512	141	59	12	5521	321	527	370	319	12	177	9454	1639	2869	95,0,0,0,0,0	48769	627	521	40106	932	0	46267,44106,43755,27490,27490,27490,27490	3	32	27615,12614,0,0,0,0,0	242	22740
167750	760	1528	996	463	505	141	57	13	5678	327	528	414	289	5	109	9397	1573	2877	95,0,0,0,0,0	71579	627	434	40533	944	0	46974,44838,44461,27892,27892,27892,27892	3	18	27624,13038,0,0,0,0,0	239	23218
167701	723	1484	1003	446	497	140	59	14	5816	329	534	399	311	8	162	9080	1548	2804	96,0,0,0,0,0	71983	873	389	40906	963	0	47594,45488,45085,28242,28242,28242,28242	3	13	27633,13414,0,0,0,0,0	242	23928
167573	717	1508	1015	469	474	139	59	15	5909	332	536	409	283	5	140	9118	1513	2868	96,0,0,0,0,0	48352	911	496	41387	982	0	48297,46224,45792,28679,28679,28679,28679	3	25	27640,13904,0,0,0,0,0	234	24653
167438	719	1531	992	465	493	142	62	14	6016	334	540	424	276	6	152	9503	1537	2867	96,0,0,0,0,0	48514	926	500	41863	1007	0	49067,47020,46559,29109,29109,29109,29109	3	31	27649,14384,0,0,0,0,0	264	25376
167364	717	1526	950	459	502	139	62	16	6131	336	544	434	273	3	168	9059	1541	2814	97,0,0,0,0,0	48069	884	462	42298	1035	0	49784,47766,47274,29485,29485,29485,29485	3	25	27655,14831,0,0,0,0,0	249	26090
167263	692	1522	911	478	516	144	69	15	6252	337	547	428	267	9	146	8748	1479	2853	97,0,0,0,0,0	47845	914	458	42734	1058	0	50550,48561,48039,29895,29895,29895,29895	3	27	27660,15275,0,0,0,0,0	259	26812
167134	691	1583	940	471	504	142	67	13	6310	342	549	432	347	9	155	8847	1504	2894	97,0,0,0,0,0	47979	818	528	43239	1083	0	51345,49386,48832,30340,30340,30340,30340	3	21	27672,15787,0,0,0,0,0	262	27417
167109	670	1546	949	475	498	139	62	13	6383	349	553	439	318	3	128	8840	1507	2832	97,0,0,0,0,0	71338	846	403	43615	1112	0	52014,50086,49500,30671,30671,30671,30671	2	20	27680,16175,0,0,0,0,0	265	28073
167170	632	1494	915	478	473	143	59	13	6458	355	556	432	298	2	136	8973	1431	2763	97,0,0,0,0,0	71316	1096	345	43941	1136	0	52771,50875,50256,30999,30999,30999,30999	2	11	27685,16512,0,0,0,0,0	262	28935
167157	628	1443	926	480	477	147	54	15	6502	361	556	425	326	8	157	8835	1406	2749	98,0,0,0,0,0	47879	1082	411	44336	1154	0	53605,51742,51089,31399,31399,31399,31399	2	19	27689,16913,0,0,0,0,0	250	29794
167161	640	1370	936	482	451	157	56	13	6552	368	560	405	296	3	169	9449	1461	2631	97,0,0,0,0,0	48227	1112	416	44724	1184	0	54448,52620,51932,31793,31793,31793,31793	2	13	27702,17308,0,0,0,0,0	253	30691
167193	641	1328	930	491	448	156	61	11	6553	372	562	415	285	5	152	9760	1458	2597	97,0,0,0,0,0	48525	1016	404	45114	1201	0	55265,53475,52750,32169,32169,32169,32169	2	13	27709,17702,0,0,0,0,0	267	31514
167207	651	1305	927	467	463	154	70	13	6554	372	563	399	236	4	144	9222	1455	2582	97,0,0,0,0,0	48731	1074	403	45495	1224	0	56074,54320,53559,32543,32543,32543,32543	2	27	27716,18094,0,0,0,0,0	275	32342
167181	676	1295	916	484	453	157	71	16	6559	374	564	404	273	10	139	9038	1410	2642	98,0,0,0,0,0	48200	1059	444	45915	1253	0	56878,55162,54366,32937,32937,32937,32937	2	19	27718,18533,0,0,0,0,0	270	33097
167274	607	1263	904	457	437	151	73	16	6618	379	567	402	302	4	127	9143	1310	2582	98,0,0,0,0,0	71937	1034	303	46204	1269	0	57579,55896,55066,33217,33217,33217,33217	2	16	27719,18831,0,0,0,0,0	273	33879
167415	563	1213	902	419	416	150	65	18	6628	389	568	400	310	12	129	8629	1247	2481	98,0,0,0,0,0	71454	1416	307	46492	1289	0	58350,56704,55837,33511,33511,33511,33511	2	14	27722,19127,0,0,0,0,0	264	34941
167464	550	1245	869	398	423	146	66	18	6603	394	570	394	281	1	140	8352	1250	2447	98,0,0,0,0,0	47878	1396	393	46864	1311	0	59212,57606,56701,33892,33892,33892,33892	2	18	27725,19514,0,0,0,0,0	249	36013
167486	578	1231	863	403	401	135	62	19	6599	399	570	387	311	5	138	8087	1239	2434	98,0,0,0,0,0	47334	1340	388	47233	1332	0	60068,58500,57560,34280,34280,34280,34280	2	30	27727,19895,0,0,0,0,0	235	37020
167509	590	1194	868	408	376	131	61	15	6616	403	575	389	231	4	119	8244	1191	2437	99,0,0,0,0,0	47340	1371	374	47578	1362	0	60902,59369,58396,34653,34653,34653,34653	2	28	27729,20263,0,0,0,0,0	227	38038
167559	583	1176	869	388	370	118	59	17	6623	408	576	373	257	5	121	7900	1137	2426	99,0,0,0,0,0	39302	1467	374	47928	1386	0	61735,60241,59231,35013,35013,35013,35013	2	20	27731,20629,0,0,0,0,0	216	39112
167610	569	1158	865	368	383	113	64	18	6610	408	580	381	236	3	114	7201	1105	2415	99,0,0,0,0,0	38619	1351	347	48253	1412	0	62524,61067,60024,35353,35353,35353,35353	2	18	27733,20971,0,0,0,0,0	216	40124
167708	541	1135	817	396	378	116	59	16	6584	414	582	399	318	6	115	6874	1086	2356	99,0,0,0,0,0	40760	1346	309	48544	1432	0	63282,61861,60784,35654,35654,35654,35654	2	7	27737,21272,0,0,0,0,0	209	41148
167878	503	1116	805	366	367	110	60	17	6519	419	586	411	231	8	105	6878	1068	2259	99,0,0,0,0,0	40504	1137	267	48792	1453	0	64000,62619,61503,35894,35894,35894,35894	1	11	27738,21533,0,0,0,0,0	194	41965
167926	501	1145	781	350	343	111	61	15	6504	422	587	439	260	0	128	7049	1052	2240	99,0,0,0,0,0	38154	1106	370	49138	1478	0	64818,63474,62322,36235,36235,36235,36235	1	21	27738,21898,0,0,0,0,0	211	42766
168024	508	1119	770	361	353	113	66	15	6403	425	589	426	267	5	124	7632	1067	2223	99,0,0,0,0,0	38478	1106	339	49453	1503	0	65595,64290,63101,36535,36535,36535,36535	1	13	27739,22231,0,0,0,0,0	212	43523
168129	507	1134	772	339	339	107	71	11	6319	428	590	417	241	9	128	8054	1079	2190	99,0,0,0,0,0	39165	1090	344	49781	1520	0	66378,65111,63883,36833,36833,36833,36833	2	24	27740,22569,0,0,0,0,0	212	44251
168198	527	1115	755	335	337	102	67	14	6268	434	594	413	238	3	95	7934	1010	2228	99,0,0,0,0,0	39025	1101	339	50100	1542	0	67203,65974,64711,37165,37165,37165,37165	2	14	27742,22903,0,0,0,0,0	209	45004
168301	525	1080	776	343	331	99	63	15	6179	439	595	418	277	5	104	7399	991	2226	99,0,0,0,0,0	38882	1055	317	50389	1570	0	67948,66757,65457,37444,37444,37444,37444	2	22	27745,23208,0,0,0,0,0	200	45691
168459	484	1034	728	349	338	102	58	17	6137	442	598	430	297	7	103	7481	977	2116	99,0,0,0,0,0	41074	1082	264	50642	1583	0	68653,67500,66164,37680,37680,37680,37680	2	15	27746,23469,0,0,0,0,0	194	46448
168617	462	997	733	342	330	99	61	17	6041	445	602	437	316	5	95	7239	937	2087	99,0,0,0,0,0	40924	919	269	50895	1602	0	69351,68238,66864,37905,37905,37905,37905	1	15	27746,23733,0,0,0,0,0	190	47054
168783	457	990	724	318	328	93	55	17	5927	449	605	441	313	6	111	7412	927	2038	99,0,0,0,0,0	32128	914	296	51177	1618	0	70082,69012,67598,38143,38143,38143,38143	1	23	27748,24023,0,0,0,0,0	184	47655
168896	430	1000	691	308	331	95	55	18	5862	452	608	419	252	1	112	7235	935	1975	99,0,0,0,0,0	31966	947	275	51431	1640	0	70791,69760,68312,38388,38388,38388,38388	1	11	27748,24294,0,0,0,0,0	171	48301
169038	433	980	668	289	318	98	53	19	5785	453	612	423	302	6	98	6909	880	1959	99,0,0,0,0,0	32192	937	276	51694	1657	0	71474,70482,68998,38609,38609,38609,38609	1	12	27749,24570,0,0,0,0,0	166	48908
169157	436	906	667	277	317	89	47	19	5758	460	613	415	299	3	81	6245	803	1936	99,0,0,0,0,0	31482	914	255	51933	1673	0	72157,71201,69686,38837,38837,38837,38837	1	17	27750,24821,0,0,0,0,0	161	49493
169273	409	911	666	241	313	79	44	16	5715	463	616	424	256	3	101	5636	765	1898	99,0,0,0,0,0	25783	877	254	52162	1699	0	72769,71849,70302,39036,39036,39036,39036	1	8	27751,25066,0,0,0,0,0	146	50053
169421	401	826	694	242	300	71	42	12	5651	467	619	423	277	4	81	5276	733	1843	99,0,0,0,0,0	31266	903	226	52376	1712	0	73405,72521,70942,39232,39232,39232,39232	1	12	27752,25288,0,0,0,0,0	136	50609
169642	363	790	693	238	293	70	43	11	5511	468	624	422	304	1	81	5598	712	1778	99,0,0,0,0,0	31518	1218	193	52561	1721	0	74023,73179,71565,39381,39381,39381,39381	1	5	27752,25480,0,0,0,0,0	136	51479
169841	313	802	635	242	266	62	45	10	5433	471	626	434	259	4	95	5582	685	1680	99,0,0,0,0,0	25396	1230	214	52767	1729	0	74656,73853,72203,39544,39544,39544,39544	1	8	27753,25691,0,0,0,0,0	125	52320
169974	307	754	656	250	249	64	40	9	5335	478	630	433	260	3	94	5720	684	1636	99,0,0,0,0,0	25272	1276	216	52973	1740	0	75321,74552,72873,39747,39747,39747,39747	1	13	27753,25903,0,0,0,0,0	127	53222
170139	324	724	625	235	231	65	40	11	5241	479	632	432	301	4	77	5580	670	1574	99,0,0,0,0,0	25379	1235	205	53164	1756	0	75939,75205,73495,39912,39912,39912,39912	1	12	27753,26109,0,0,0,0,0	121	54119
170361	288	686	586	240	233	62	36	11	5128	481	634	432	284	1	68	5661	636	1495	99,0,0,0,0,0	25148	1266	151	53303	1768	0	76504,75807,74065,40021,40021,40021,40021	1	6	27754,26256,0,0,0,0,0	122	55020
170549	268	655	560	231	209	63	39	9	5045	483	635	457	284	1	77	5582	611	1414	99,0,0,0,0,0	25266	1261	151	53446	1777	0	77055,76392,74622,40151,40151,40151,40151	1	4	27755,26403,0,0,0,0,0	118	55911
170737	256	606	546	216	193	66	38	8	4956	484	640	437	302	3	39	5372	567	1354	99,0,0,0,0,0	29384	1236	139	53582	1780	0	77588,76960,75162,40275,40275,40275,40275	1	5	27755,26541,0,0,0,0,0	114	56788
170942	221	580	519	217	181	60	37	11	4852	484	642	445	232	3	60	5230	539	1276	99,0,0,0,0,0	29466	601	128	53703	1788	0	78329,77734,75912,40497,40497,40497,40497	1	1	27755,26666,0,0,0,0,0	110	57215
171151	209	536	514	197	174	58	32	12	4732	488	643	465	318	0	64	5169	525	1195	99,0,0,0,0,0	23764	619	135	53831	1796	0	79054,78493,76646,40705,40705,40705,40705	1	9	27757,26798,0,0,0,0,0	101	57636
171350	223	492	492	181	173	61	31	11	4595	490	647	450	271	3	66	4730	507	1146	99,0,0,0,0,0	23676	615	134	53952	1809	0	79777,79250,77377,40910,40910,40910,40910	1	11	27757,26930,0,0,0,0,0	102	58050
171536	211	460	477	158	162	56	30	9	4508	491	648	440	261	2	47	4592	480	1074	99,0,0,0,0,0	23193	625	125	54073	1814	0	80514,80018,78122,41128,41128,41128,41128	1	9	27757,27054,0,0,0,0,0	97	58492
171741	192	450	445	159	147	57	29	8	4375	492	651	450	248	2	33	4277	443	1036	99,0,0,0,0,0	23123	604	111	54180	1819	0	81260,80796,78876,41343,41343,41343,41343	0	5	27757,27162,0,0,0,0,0	97	58889
171905	203	423	423	145	134	53	27	9	4278	493	653	435	291	2	46	3774	404	1004	99,0,0,0,0,0	22847	603	122	54299	1823	0	81986,81551,79611,41570,41570,41570,41570	0	9	27757,27283,0,0,0,0,0	92	59301
172118	183	395	404	142	130	47	27	11	4143	493	653	452	264	1	32	3458	366	962	99,0,0,0,0,0	28046	576	88	54382	1829	0	82675,82268,80307,41752,41752,41752,41752	0	3	27757,27369,0,0,0,0,0	82	59696
172324	150	374	383	127	122	43	23	14	4037	494	655	451	244	0	31	3220	331	891	99,0,0,0,0,0	27630	783	81	54460	1832	0	83103,82726,80743,41800,41800,41800,41800	0	5	27757,27448,0,0,0,0,0	77	60251
172511	145	371	332	120	117	35	20	13	3929	497	656	466	253	1	33	2982	293	847	99,0,0,0,0,0	16645	748	102	54556	1839	0	83548,83199,81195,41855,41855,41855,41855	0	3	27759,27548,0,0,0,0,0	64	60783
172680	147	353	309	115	111	33	19	12	3809	499	659	439	282	3	34	2981	282	805	99,0,0,0,0,0	16723	800	91	54643	1844	0	83976,83653,81631,41912,41912,41912,41912	0	2	27759,27638,0,0,0,0,0	60	61331
172883	138	334	298	119	102	27	17	11	3651	501	665	451	224	1	36	2986	279	756	99,0,0,0,0,0	16621	800	75	54714	1848	0	84387,84089,82049,41949,41949,41949,41949	0	2	27759,27710,0,0,0,0,0	51	61903
173079	136	317	291	99	105	28	18	11	3495	501	666	475	311	1	27	2955	265	729	99,0,0,0,0,0	16470	830	81	54790	1855	0	84785,84512,82455,41976,41976,41976,41976	0	5	27759,27790,0,0,0,0,0	45	62441
173226	147	304	275	83	99	30	17	13	3383	502	667	443	290	2	27	2789	246	709	99,0,0,0,0,0	16738	796	99	54885	1860	0	85196,84944,82872,42041,42041,42041,42041	0	3	27759,27889,0,0,0,0,0	49	62993
173387	127	270	282	77	83	27	16	11	3293	503	670	484	96	1	26	2506	231	651	99,0,0,0,0,0	26951	838	52	54933	1866	0	85581,85348,83264,42081,42081,42081,42081	0	1	27759,27942,0,0,0,0,0	47	63583
173551	110	273	257	77	74	25	17	11	3176	503	672	472	297	0	18	2525	219	614	99,0,0,0,0,0	26715	1010	69	54997	1872	0	85981,85768,83669,42119,42119,42119,42119	0	3	27760,28010,0,0,0,0,0	47	64280
173730	110	265	243	70	68	24	15	9	3035	505	672	475	308	1	20	2446	199	596	99,0,0,0,0,0	16243	1146	71	55064	1876	0	86381,86188,84074,42142,42142,42142,42142	0	4	27760,28079,0,0,0,0,0	45	65088
173899	102	255	239	57	67	22	13	8	2902	507	675	487	304	0	21	2366	183	572	99,0,0,0,0,0	16016	1089	64	55122	1882	0	86775,86603,84475,42166,42166,42166,42166	0	3	27761,28142,0,0,0,0,0	41	65866
174045	102	248	235	46	71	20	10	9	2773	509	678	526	263	2	26	2422	173	559	99,0,0,0,0,0	16234	1032	63	55183	1884	0	87183,87029,84889,42209,42209,42209,42209	0	0	27761,28204,0,0,0,0,0	36	66609
174194	89	242	227	47	67	20	9	10	2653	509	679	546	237	0	13	2168	156	545	99,0,0,0,0,0	16144	1066	57	55238	1887	0	87564,87427,85276,42237,42237,42237,42237	0	1	27761,28262,0,0,0,0,0	32	67391
174317	83	219	231	46	59	21	9	8	2561	509	683	527	243	0	22	2068	148	520	99,0,0,0,0,0	15897	1056	48	55280	1893	0	87942,87821,85661,42278,42278,42278,42278	0	3	27761,28308,0,0,0,0,0	33	68164
174456	76	206	230	54	54	18	8	8	2442	510	684	513	259	1	14	1761	146	500	99,0,0,0,0,0	20970	1064	51	55326	1898	0	88328,88223,86054,42326,42326,42326,42326	0	2	27761,28357,0,0,0,0,0	30	68939
174596	61	205	215	47	55	16	9	8	2338	510	686	518	153	0	13	1354	139	469	99,0,0,0,0,0	21044	335	45	55366	1903	0	88861,88773,86595,42435,42435,42435,42435	0	2	27761,28401,0,0,0,0,0	29	69170
174706	75	179	202	49	57	15	9	9	2247	510	688	540	248	0	21	1381	149	437	99,0,0,0,0,0	12044	352	55	55417	1907	0	89440,89368,87183,42581,42581,42581,42581	0	0	27761,28455,0,0,0,0,0	28	69404
174859	73	159	191	46	49	13	9	8	2137	510	692	549	299	0	16	1470	141	399	99,0,0,0,0,0	12126	362	32	55448	1908	0	90004,89946,87753,42694,42694,42694,42694	0	2	27761,28487,0,0,0,0,0	27	69652
174982	72	149	177	39	64	11	8	7	2030	511	696	547	270	0	13	1366	137	383	99,0,0,0,0,0	12245	334	42	55489	1909	0	90556,90512,88312,42814,42814,42814,42814	0	1	27761,28529,0,0,0,0,0	26	69873
175111	66	148	155	36	52	9	7	5	1946	511	700	558	227	0	18	1391	120	353	99,0,0,0,0,0	12209	372	40	55529	1909	0	91128,91100,88893,42945,42945,42945,42945	0	2	27761,28569,0,0,0,0,0	19	70130
175202	72	155	147	28	46	8	8	5	1858	511	706	555	121	0	13	1175	117	347	99,0,0,0,0,0	12364	358	53	55575	1916	0	91703,91689,89477,43099,43099,43099,43099	0	2	27761,28621,0,0,0,0,0	18	70361
175318	70	132	146	29	40	8	7	5	1770	511	710	531	82	0	8	1125	95	337	99,0,0,0,0,0	20827	376	33	55606	1919	0	92265,92265,90048,43240,43240,43240,43240	0	0	27761,28655,0,0,0,0,0	19	70628
175425	58	120	146	27	42	9	6	5	1683	512	713	549	239	0	7	1078	87	321	99,0,0,0,0,0	20228	323	26	55630	1921	0	92430,92443,90217,43145,43145,43145,43145	0	1	27761,28679,0,0,0,0,0	19	70840
175507	53	118	129	28	33	10	3	4	1631	514	716	543	249	1	20	1088	91	283	99,0,0,0,0,0	11796	330	30	55656	1925	0	92597,92621,90388,43060,43060,43060,43060	0	0	27761,28707,0,0,0,0,0	17	71068
175621	43	107	129	33	29	9	3	3	1533	515	721	532	124	0	11	1241	96	257	99,0,0,0,0,0	11966	316	21	55675	1927	0	92754,92791,90550,42953,42953,42953,42953	0	2	27761,28727,0,0,0,0,0	18	71292
175720	37	107	127	30	27	8	3	2	1447	515	723	532	285	0	7	1358	94	245	99,0,0,0,0,0	12163	340	30	55702	1930	0	92915,92962,90713,42855,42855,42855,42855	0	2	27761,28755,0,0,0,0,0	17	71523
175793	37	109	121	27	27	9	2	2	1377	516	726	533	155	0	9	1154	87	245	99,0,0,0,0,0	12257	318	32	55732	1932	0	93080,93136,90883,42773,42773,42773,42773	0	3	27761,28786,0,0,0,0,0	17	71741
175891	38	101	122	25	31	7	1	3	1284	516	727	538	89	0	6	1095	78	247	99,0,0,0,0,0	11783	318	28	55758	1935	0	93241,93307,91048,42681,42681,42681,42681	0	0	27761,28814,0,0,0,0,0	14	71950
175977	41	99	113	15	32	4	2	3	1212	516	732	549	90	0	13	904	74	232	100,0,0,0,0,0	20254	303	28	55784	1937	0	93405,93481,91215,42597,42597,42597,42597	0	3	27761,28841,0,0,0,0,0	12	72146
176052	36	97	105	18	29	3	2	2	1152	516	734	557	73	0	5	1160	63	227	100,0,0,0,0,0	20560	161	21	55805	1937	0	93607,93690,91422,42538,42538,42538,42538	0	1	27761,28862,0,0,0,0,0	11	72249
176124	36	88	97	23	30	3	3	2	1088	516	736	570	235	1	9	1138	69	211	100,0,0,0,0,0	12041	163	27	55830	1939	0	93811,93901,91630,42474,42474,42474,42474	0	2	27761,28889,0,0,0,0,0	9	72351
176200	38	85	84	19	27	1	3	2	1028	516	743	564	235	0	13	1196	67	190	100,0,0,0,0,0	11959	147	25	55853	1942	0	94012,94113,91837,42416,42416,42416,42416	0	2	27761,28913,0,0,0,0,0	11	72446
176267	29	85	73	21	22	2	3	1	979	516	748	566	5190	6	7	1429	58	177	100,0,0,0,0,0	12315	168	15	55868	1942	0	94220,94330,92051,42364,42364,42364,42364	0	1	27761,28928,0,0,0,0,0	10	72554
176329	28	76	75	21	15	2	3	1	931	516	749	594	2741	2	9	1561	52	168	100,0,0,0,0,0	12489	183	18	55885	1943	0	94416,94534,92255,42313,42313,42313,42313	0	1	27761,28946,0,0,0,0,0	10	72675
176367	34	78	63	24	18	2	2	2	889	516	751	578	1421	2	3	1327	48	173	100,0,0,0,0,0	12413	153	29	55912	1946	0	94626,94751,92470,42274,42274,42274,42274	0	3	27761,28975,0,0,0,0,0	9	72765
176428	35	71	64	27	14	3	2	2	830	516	754	568	801	1	5	1259	55	161	100,0,0,0,0,0	20424	190	14	55925	1947	0	94834,94965,92683,42229,42229,42229,42229	0	1	27761,28989,0,0,0,0,0	6	72892
176472	35	72	59	21	11	3	2	2	793	516	760	566	609	2	5	1281	47	156	100,0,0,0,0,0	20617	168	19	55944	1947	0	95055,95191,92911,42202,42202,42202,42202	0	3	27761,29008,0,0,0,0,0	6	72997
176514	29	73	63	17	13	2	2	2	751	516	764	587	2782	2	4	1510	47	152	100,0,0,0,0,0	23144	161	19	55962	1948	0	95310,95453,93175,42196,42196,42196,42196	0	1	27761,29026,0,0,0,0,0	5	73095
176552	29	59	63	17	13	2	2	2	725	516	766	568	2653	4	4	1115	42	143	100,0,0,0,0,0	22981	154	10	55972	1948	0	95545,95694,93418,42172,42172,42172,42172	0	1	27761,29036,0,0,0,0,0	6	73192
176604	19	62	60	17	7	2	2	1	685	516	771	573	2039	1	5	1150	40	129	100,0,0,0,0,0	22584	170	9	55981	1948	0	95767,95921,93647,42135,42135,42135,42135	0	1	27761,29045,0,0,0,0,0	6	73298
176654	20	58	49	17	9	2	1	1	642	517	776	583	1395	1	2	1184	40	116	100,0,0,0,0,0	22544	161	13	55994	1948	0	96005,96165,93892,42103,42103,42103,42103	0	1	27761,29058,0,0,0,0,0	4	73398
176686	22	47	49	17	11	2	1	1	611	517	782	609	966	1	3	930	38	111	100,0,0,0,0,0	22584	180	13	56007	1949	0	96240,96406,94135,42085,42085,42085,42085	0	1	27761,29072,0,0,0,0,0	3	73504
176727	23	42	44	15	9	2	1	1	577	517	788	631	1943	0	7	630	41	95	100,0,0,0,0,0	19959	169	9	56016	1949	0	96484,96654,94385,42066,42066,42066,42066	0	0	27761,29081,0,0,0,0,0	3	73606
176770	20	38	48	10	10	2	2	0	537	517	792	639	2352	0	2	669	33	97	100,0,0,0,0,0	20299	184	9	56025	1949	0	96507,96681,94410,41906,41906,41906,41906	0	0	27761,29090,0,0,0,0,0	3	73728
176797	15	31	47	12	13	2	1	0	514	518	796	644	2187	1	1	676	31	90	100,0,0,0,0,0	22165	173	6	56031	1949	0	96523,96700,94429,41749,41749,41749,41749	0	0	27761,29096,0,0,0,0,0	4	73848
176824	15	29	44	9	14	2	1	0	492	518	798	651	1918	0	3	640	30	84	100,0,0,0,0,0	22212	175	9	56040	1949	0	96543,96723,94451,41589,41589,41589,41589	0	0	27761,29105,0,0,0,0,0	4	73968
176856	15	26	40	10	12	2	1	0	467	518	799	660	1391	0	9	604	36	70	100,0,0,0,0,0	22363	167	6	56047	1949	0	96556,96738,94466,41425,41425,41425,41425	0	0	27761,29112,0,0,0,0,0	5	74073
176892	16	24	30	9	10	3	1	0	443	518	800	646	1677	0	1	625	29	64	100,0,0,0,0,0	22219	178	5	56051	1950	0	96575,96762,94488,41261,41261,41261,41261	0	0	27761,29117,0,0,0,0,0	4	74201
176922	12	25	26	8	11	2	1	0	417	518	804	655	1997	0	1	602	28	57	100,0,0,0,0,0	22299	190	2	56053	1950	0	96593,96783,94509,41107,41107,41107,41107	0	0	27761,29119,0,0,0,0,0	4	74315
176953	8	20	25	10	8	2	1	0	393	518	808	638	2190	0	3	520	25	49	100,0,0,0,0,0	20125	171	3	56056	1950	0	96622,96815,94540,40955,40955,40955,40955	0	0	27761,29122,0,0,0,0,0	3	74425
176977	4	22	18	5	6	2	0	1	379	518	814	625	1929	0	2	519	18	39	100,0,0,0,0,0	19926	96	0	56056	1950	0	96636,96832,94557,40803,40803,40803,40803	0	0	27761,29122,0,0,0,0,0	2	74492
176986	4	17	22	4	7	2	0	1	362	518	823	616	1609	0	0	472	16	40	100,0,0,0,0,0	21948	119	4	56059	1951	0	96655,96852,94579,40651,40651,40651,40651	0	0	27761,29125,0,0,0,0,0	3	74564
177004	3	17	21	2	6	1	0	1	344	518	829	593	1616	0	1	394	10	40	100,0,0,0,0,0	21945	102	2	56061	1951	0	96668,96867,94593,40488,40488,40488,40488	0	0	27761,29127,0,0,0,0,0	1	74630
177019	3	14	22	5	5	1	0	1	326	518	832	593	1824	0	2	361	12	38	100,0,0,0,0,0	22210	115	3	56064	1951	0	96682,96882,94609,40331,40331,40331,40331	0	1	27761,29130,0,0,0,0,0	1	74700
177049	3	12	16	5	4	1	0	1	303	518	834	617	1875	1	1	339	9	32	100,0,0,0,0,0	21815	101	2	56065	1952	0	96692,96895,94622,40160,40160,40160,40160	0	1	27761,29132,0,0,0,0,0	1	74765
177070	2	10	16	4	5	1	0	1	282	518	837	624	1994	0	2	155	10	28	100,0,0,0,0,0	22178	94	1	56066	1952	0	96699,96903,94631,40002,40002,40002,40002	0	0	27761,29133,0,0,0,0,0	1	74816
177095	4	6	16	4	4	1	0	1	258	518	839	600	1860	0	2	94	10	25	100,0,0,0,0,0	19758	86	4	56068	1954	0	96702,96909,94637,39840,39840,39840,39840	0	0	27761,29136,0,0,0,0,0	1	74873
177109	4	9	14	3	2	1	0	1	242	518	843	622	1775	0	1	74	9	24	100,0,0,0,0,0	19652	96	4	56071	1955	0	96653,96861,94589,39647,39647,39647,39647	0	0	27761,29139,0,0,0,0,0	1	74933
177134	3	9	11	2	3	0	0	1	221	518	844	637	1728	1	0	41	8	20	100,0,0,0,0,0	21761	89	0	56071	1955	0	96597,96806,94533,39443,39443,39443,39443	0	0	27761,29139,0,0,0,0,0	0	74989
177143	4	7	11	1	3	0	0	1	212	518	846	631	1803	0	0	28	7	19	100,0,0,0,0,0	21497	105	3	56074	1955	0	96537,96748,94475,39240,39240,39240,39240	0	0	27761,29142,0,0,0,0,0	0	75053
177158	3	5	14	0	1	0	0	1	195	518	851	632	1884	0	0	26	5	18	100,0,0,0,0,0	21435	110	1	56074	1956	0	96484,96697,94423,39043,39043,39043,39043	0	0	27761,29142,0,0,0,0,0	0	75120
177174	2	4	10	0	1	0	0	1	183	518	853	649	1799	0	0	29	3	14	100,0,0,0,0,0	21334	98	0	56074	1956	0	96432,96646,94373,38841,38841,38841,38841	0	0	27761,29142,0,0,0,0,0	0	75175
177185	2	3	6	0	0	0	0	1	175	518	856	642	1803	0	0	26	1	10	100,0,0,0,0,0	21631	74	0	56074	1956	0	96369,96584,94311,38642,38642,38642,38642	0	0	27761,29142,0,0,0,0,0	0	75220
177197	2	4	5	0	0	0	0	1	162	518	857	610	1762	0	0	21	1	10	100,0,0,0,0,0	19352	89	1	56075	1956	0	96320,96536,94263,38452,38452,38452,38452	0	0	27761,29143,0,0,0,0,0	0	75273
177197	2	1	6	0	0	0	0	1	159	518	862	635	1875	0	0	16	0	9	100,0,0,0,0,0	19606	77	0	56075	1956	0	96268,96483,94212,38268,38268,38268,38268	0	0	27761,29143,0,0,0,0,0	0	75322
177209	1	1	6	0	1	0	0	1	147	518	862	622	1878	0	0	6	0	9	100,0,0,0,0,0	21804	77	0	56075	1956	0	96204,96421,94150,38069,38069,38069,38069	0	0	27761,29143,0,0,0,0,0	0	75365
177218	0	2	5	0	1	0	0	1	137	518	864	606	1731	0	1	10	1	7	100,0,0,0,0,0	21747	84	1	56076	1956	0	96142,96359,94089,37867,37867,37867,37867	0	0	27761,29144,0,0,0,0,0	0	75409
177226	0	1	4	0	0	0	0	1	127	518	869	611	1752	0	0	8	0	5	100,0,0,0,0,0	21665	85	0	56076	1956	0	96086,96304,94035,37676,37676,37676,37676	0	0	27761,29144,0,0,0,0,0	0	75453
177229	0	0	4	0	0	0	0	1	119	518	875	586	1747	0	0	8	0	4	100,0,0,0,0,0	21792	80	0	56076	1956	0	96024,96242,93973,37475,37475,37475,37475	0	0	27761,29144,0,0,0,0,0	0	75506
177231	0	1	4	0	0	0	0	1	113	518	878	589	1838	0	0	5	0	5	100,0,0,0,0,0	21600	75	1	56077	1956	0	95964,96182,93915,37286,37286,37286,37286	0	0	27761,29145,0,0,0,0,0	0	75545
177236	0	1	3	0	0	0	0	1	105	518	882	581	1786	0	0	5	0	4	100,0,0,0,0,0	19786	93	0	56077	1956	0	95907,96125,93859,37099,37099,37099,37099	0	0	27761,29145,0,0,0,0,0	0	75597
177237	0	2	3	0	0	0	0	0	98	518	888	583	1853	0	0	5	0	5	100,0,0,0,0,0	19500	85	1	56078	1956	0	95856,96074,93809,36922,36922,36922,36922	0	1	27761,29146,0,0,0,0,0	0	75649
177240	0	1	4	0	0	0	0	0	88	518	895	581	1697	0	0	5	0	5	100,0,0,0,0,0	21544	68	0	56078	1956	0	95797,96016,93752,36732,36732,36732,36732	0	0	27761,29146,0,0,0,0,0	0	75691
177253	1	1	3	1	0	0	0	0	73	518	896	555	1788	0	0	5	0	6	100,0,0,0,0,0	21642	88	2	56079	1957	0	95735,95954,93691,36537,36537,36537,36537	0	0	27761,29148,0,0,0,0,0	0	75738
177250	1	1	3	0	0	0	0	0	72	518	901	577	1897	0	0	5	0	5	100,0,0,0,0,0	21583	74	0	56079	1957	0	95672,95891,93629,36353,36353,36353,36353	0	0	27761,29148,0,0,0,0,0	0	75781
177254	0	2	2	0	0	0	0	0	66	518	904	589	1775	0	0	5	0	4	100,0,0,0,0,0	21370	88	0	56079	1957	0	95617,95836,93575,36164,36164,36164,36164	0	0	27761,29148,0,0,0,0,0	0	75828
177257	0	2	1	0	0	0	0	0	62	518	906	591	1824	0	0	0	0	3	100,0,0,0,0,0	21504	63	1	56080	1957	0	95556,95775,93516,35985,35985,35985,35985	0	0	27761,29149,0,0,0,0,0	0	75858
177262	0	2	1	0	0	0	0	0	55	518	908	573	1725	0	0	0	0	3	100,0,0,0,0,0	19417	73	0	56080	1957	0	95498,95716,93458,35805,35805,35805,35805	0	0	27761,29149,0,0,0,0,0	0	75896
177259	0	2	0	0	0	0	0	0	54	518	913	597	1796	0	0	0	0	2	100,0,0,0,0,0	19606	73	0	56080	1957	0	95422,95640,93383,35623,35623,35623,35623	0	0	27761,29149,0,0,0,0,0	0	75936
177252	1	1	0	1	0	0	0	0	53	518	920	582	1831	0	0	0	0	3	100,0,0,0,0,0	21616	88	1	56081	1957	0	95345,95562,93307,35442,35442,35442,35442	0	0	27761,29150,0,0,0,0,0	0	75984
177253	2	1	0	1	0	0	0	0	50	518	921	578	1809	1	1	3	2	2	100,0,0,0,0,0	21589	78	1	56082	1957	0	95262,95479,93224,35252,35252,35252,35252	0	1	27761,29151,0,0,0,0,0	0	76021
177250	1	1	0	1	0	0	0	0	48	518	927	591	1798	1	0	3	1	2	100,0,0,0,0,0	21861	72	0	56082	1957	0	95182,95400,93146,35068,35068,35068,35068	0	0	27761,29151,0,0,0,0,0	0	76062
177248	0	1	1	1	0	0	0	0	45	518	932	553	1847	0	0	5	2	1	100,0,0,0,0,0	21508	69	0	56082	1957	0	95099,95316,93063,34879,34879,34879,34879	0	0	27761,29151,0,0,0,0,0	0	76102
177247	0	1	1	1	0	0	0	0	45	518	933	549	1755	0	0	5	2	1	100,0,0,0,0,0	21501	74	0	56082	1957	0	95009,95225,92974,34693,34693,34693,34693	0	0	27761,29151,0,0,0,0,0	0	76138
177244	0	0	2	0	0	0	0	0	43	518	939	545	1832	0	1	8	2	0	100,0,0,0,0,0	19340	65	0	56082	1957	0	94926,95141,92891,34509,34509,34509,34509	0	0	27761,29151,0,0,0,0,0	0	76173
177243	0	1	2	0	0	0	0	0	40	518	942	526	1809	0	0	8	2	1	100,0,0,0,0,0	19387	74	1	56082	1958	0	94842,95057,92808,34337,34337,34337,34337	0	0	27761,29152,0,0,0,0,0	0	76211
177245	0	0	3	0	0	0	0	0	34	518	946	562	1722	0	0	8	2	1	100,0,0,0,0,0	21569	76	0	56082	1958	0	94757,94972,92724,34157,34157,34157,34157	0	0	27761,29152,0,0,0,0,0	0	76256
177246	0	0	2	0	0	0	0	0	31	518	949	586	1861	0	0	9	2	0	100,0,0,0,0,0	21600	196	0	56082	1958	135	94669,94884,92637,33978,33978,33978,33978	0	0	27761,29152,0,0,0,0,0	0	76291
177245	0	0	1	0	0	0	0	0	29	518	953	583	1798	0	0	9	1	0	100,0,0,0,0,0	21676	201	0	56082	1958	273	94620,94834,92588,33875,33875,33875,33875	0	0	27761,29152,0,0,0,0,0	0	76318
177244	0	0	1	0	0	0	0	0	25	518	958	580	1804	0	0	9	1	0	100,0,0,0,0,0	21518	208	0	56082	1958	412	94562,94776,92532,33765,33765,33765,33765	0	0	27761,29152,0,0,0,0,0	0	76360
177239	0	0	1	0	0	0	0	0	25	518	963	578	1841	0	0	5	1	0	100,0,0,0,0,0	21795	194	0	56082	1958	549	94503,94717,92474,33659,33659,33659,33659	0	0	27761,29152,0,0,0,0,0	0	76389
177241	0	0	0	0	0	0	0	0	22	518	965	587	1738	0	0	5	0	0	0,0,0,0,0,0	19513	209	0	56082	1958	687	94449,94662,92421,33559,33559,33559,33559	0	0	27761,29152,0,0,0,0,0	0	76429
177239	0	0	0	0	0	0	0	0	21	518	968	577	1814	0	0	3	0	0	0,0,0,0,0,0	19429	205	0	56082	1958	807	94392,94606,92365,33460,33460,33460,33460	0	0	27761,29152,0,0,0,0,0	0	76473
177240	0	0	0	0	0	0	0	0	17	518	971	581	1899	0	0	3	0	0	0,0,0,0,0,0	21588	181	0	56082	1958	933	94327,94541,92301,33344,33344,33344,33344	0	0	27761,29152,0,0,0,0,0	0	76508
177241	0	0	0	0	0	0	0	0	15	518	972	603	1812	0	0	0	0	0	0,0,0,0,0,0	21432	269	0	56082	1958	1140	94262,94476,92237,33234,33234,33234,33234	0	0	27761,29152,0,0,0,0,0	0	76550
177239	0	0	0	0	0	0	0	0	12	518	977	602	1780	0	0	0	0	0	0,0,0,0,0,0	21641	273	0	56082	1958	1323	94212,94425,92189,33161,33161,33161,33161	0	0	27761,29152,0,0,0,0,0	0	76602
177239	0	0	0	0	0	0	0	0	8	518	981	613	1748	0	0	0	0	0	0,0,0,0,0,0	21559	245	0	56082	1958	1500	94163,94376,92141,33080,33080,33080,33080	0	0	27761,29152,0,0,0,0,0	0	76637
177236	0	0	0	0	0	0	0	0	7	518	985	608	1798	0	0	0	0	0	0,0,0,0,0,0	21550	289	0	56082	1958	1711	94112,94324,92090,33005,33005,33005,33005	0	0	27761,29152,0,0,0,0,0	0	76677
177236	0	0	0	0	0	0	0	0	6	518	986	616	1834	0	0	0	0	0	0,0,0,0,0,0	19543	317	0	56082	1958	1952	94077,94289,92056,32953,32953,32953,32953	0	0	27761,29152,0,0,0,0,0	0	76718
177232	0	0	0	0	0	0	0	0	6	518	990	621	1895	0	0	0	0	0	0,0,0,0,0,0	19516	247	0	56082	1958	2155	94053,94265,92034,32930,32930,32930,32930	0	0	27761,29152,0,0,0,0,0	0	76739
177230	0	0	0	0	0	0	0	0	6	518	992	645	1744	0	0	0	0	0	0,0,0,0,0,0	21554	270	0	56082	1958	2347	94005,94216,91987,32867,32867,32867,32867	0	0	27761,29152,0,0,0,0,0	0	76783
177226	0	0	0	0	0	0	0	0	5	518	997	621	1771	0	0	0	0	0	0,0,0,0,0,0	21548	246	0	56082	1958	2534	93957,94167,91940,32800,32800,32800,32800	0	0	27761,29152,0,0,0,0,0	0	76823
177220	0	0	0	0	0	0	0	0	5	518	1003	601	1793	0	0	0	0	0	0,0,0,0,0,0	21412	212	0	56082	1958	2688	93914,94124,91898,32739,32739,32739,32739	0	0	27761,29152,0,0,0,0,0	0	76849
177218	0	0	0	0	0	0	0	0	5	518	1005	604	1702	0	0	0	0	0	0,0,0,0,0,0	21498	216	0	56082	1958	2826	93854,94064,91840,32656,32656,32656,32656	0	0	27761,29152,0,0,0,0,0	0	76892
177212	0	0	0	0	0	0	0	0	5	518	1011	583	1911	0	0	0	0	0	0,0,0,0,0,0	21580	243	0	56082	1958	3004	93793,94003,91780,32570,32570,32570,32570	0	0	27761,29152,0,0,0,0,0	0	76926
177210	0	0	0	0	0	0	0	0	5	518	1013	636	1824	0	0	0	0	0	0,0,0,0,0,0	19424	214	0	56082	1958	3162	93745,93954,91732,32506,32506,32506,32506	0	0	27761,29152,0,0,0,0,0	0	76957
177209	0	0	0	0	0	0	0	0	5	518	1014	620	1784	0	0	0	0	0	0,0,0,0,0,0	19636	256	0	56082	1958	3335	93684,93892,91672,32440,32440,32440,32440	0	0	27761,29152,0,0,0,0,0	0	76999
177203	0	0	0	0	0	0	0	0	5	518	1020	607	1825	0	0	0	0	0	0,0,0,0,0,0	21721	212	0	56082	1958	3461	93638,93845,91627,32388,32388,32388,32388	0	0	27761,29152,0,0,0,0,0	0	77046
177200	0	0	0	0	0	0	0	0	5	518	1023	615	1770	0	0	0	0	0	0,0,0,0,0,0	21578	335	0	56082	1958	3712	93573,93780,91564,32307,32307,32307,32307	0	0	27761,29152,0,0,0,0,0	0	77095
177199	0	0	0	0	0	0	0	0	5	518	1024	646	1830	0	0	0	0	0	0,0,0,0,0,0	21625	384	0	56082	1958	4009	93537,93742,91528,32287,32287,32287,32287	0	0	27761,29152,0,0,0,0,0	0	77147
177197	0	0	0	0	0	0	0	0	3	518	1028	622	1803	0	0	0	0	0	0,0,0,0,0,0	21771	358	0	56082	1958	4284	93512,93718,91505,32289,32289,32289,32289	0	0	27761,29152,0,0,0,0,0	0	77188
177194	0	0	0	0	0	0	0	0	3	518	1031	649	1813	0	0	0	0	0	0,0,0,0,0,0	21404	339	0	56082	1958	4542	93488,93693,91482,32289,32289,32289,32289	0	0	27761,29152,0,0,0,0,0	0	77235
177170	9	13	0	0	0	0	0	0	3	518	1033	648	1771	0	0	0	0	22	0,100,0,0,0,0	19508	358	0	56102	1960	4823	93468,93673,91464,32294,32294,32294,32294	0	0	27761,29152,22,0,0,0,0	0	77266
177134	28	27	1	0	0	0	0	0	3	518	1035	661	1832	0	0	0	0	56	0,100,0,0,0,0	19639	440	2	56134	1962	5095	93474,93678,91471,32353,32353,32353,32353	0	0	27761,29152,56,0,0,0,0	0	77350
177100	43	37	6	1	1	0	0	0	3	518	1037	648	1870	0	0	0	0	88	0,100,0,0,0,0	21503	460	5	56164	1964	5358	93480,93683,91477,32391,32391,32391,32391	0	0	27761,29152,88,0,0,0,0	0	77451
177060	51	59	11	3	0	0	0	0	3	518	1041	653	1802	0	0	0	0	124	0,100,0,0,0,0	10134	529	11	56196	1970	5674	93473,93675,91472,32423,32423,32423,32423	0	0	27761,29152,126,0,0,0,0	0	77559
177013	57	78	23	4	2	0	0	0	6	518	1045	639	1762	1	1	3	1	163	0,100,0,0,0,0	10199	488	16	56235	1974	5962	93488,93691,91489,32498,32498,32498,32498	0	0	27761,29152,169,0,0,0,0	1	77653
176948	69	100	32	8	3	0	0	0	13	518	1055	641	1805	2	1	6	3	209	0,100,0,0,0,0	10013	479	25	56283	1981	6243	93498,93700,91501,32563,32563,32563,32563	0	1	27761,29152,224,0,0,0,0	1	77731
176918	60	114	38	12	4	0	0	0	23	518	1059	654	1962	3	3	51	8	220	0,100,0,0,0,0	10134	443	28	56308	1984	6518	93497,93698,91501,32600,32600,32600,32600	0	3	27761,29152,252,0,0,0,0	2	77804
176887	56	117	50	13	7	0	0	0	35	518	1063	663	1825	3	0	64	13	230	0,100,0,0,0,0	19568	487	28	56334	1986	6807	93493,93694,91499,32637,32637,32637,32637	0	5	27761,29152,280,0,0,0,0	2	77890
176851	61	106	74	13	10	0	0	0	45	518	1068	679	2065	3	4	78	21	243	0,100,0,0,0,0	19422	376	32	56363	1989	7085	93528,93728,91535,32718,32718,32718,32718	0	0	27761,29152,312,0,0,0,0	2	77929
176821	56	103	75	13	19	0	0	0	69	518	1072	652	1919	4	4	164	30	236	0,100,0,0,0,0	10380	384	27	56390	1989	7373	93550,93750,91559,32776,32776,32776,32776	0	1	27761,29152,339,0,0,0,0	2	77968
176786	57	109	76	15	20	0	0	0	90	518	1075	685	1865	1	9	218	44	233	0,100,0,0,0,0	10409	372	38	56424	1994	7658	93586,93785,91595,32850,32850,32850,32850	0	1	27761,29152,378,0,0,0,0	2	78000
176739	70	108	80	23	21	0	0	0	107	518	1080	686	1887	1	7	248	55	247	0,100,0,0,0,0	10438	384	47	56468	1997	7939	93636,93834,91647,32942,32942,32942,32942	0	1	27761,29152,425,0,0,0,0	1	78038
176706	63	116	88	24	24	0	0	0	120	518	1087	715	1855	1	7	366	60	255	0,100,0,0,0,0	10389	368	33	56497	2002	8215	93660,93858,91674,33010,33010,33010,33010	0	1	27761,29152,459,0,0,0,0	1	78076
176670	61	126	96	20	21	2	1	0	140	518	1091	730	2028	1	10	478	62	265	0,100,0,0,0,0	10679	392	39	56532	2007	8498	93685,93882,91700,33079,33079,33079,33079	0	1	27761,29152,499,0,0,0,0	2	78117
176621	65	126	105	19	20	2	1	0	169	518	1100	715	1847	3	4	542	60	278	0,100,0,0,0,0	20102	374	43	56572	2010	8780	93720,93916,91737,33161,33161,33161,33161	0	5	27761,29152,541,0,0,0,0	6	78136
176588	64	132	112	20	17	2	1	0	191	518	1101	718	1781	1	4	711	53	295	0,100,0,0,0,0	20053	356	45	56611	2016	9074	93727,93923,91746,33234,33234,33234,33234	0	4	27761,29152,586,0,0,0,0	7	78149
176543	68	144	114	22	14	1	1	0	219	518	1102	734	1797	2	2	669	46	318	0,100,0,0,0,0	10914	335	57	56662	2022	9351	93752,93947,91774,33321,33321,33321,33321	0	2	27761,29152,643,0,0,0,0	6	78156
176501	78	138	122	23	19	1	1	0	241	518	1104	723	1843	3	6	691	47	335	0,100,0,0,0,0	10835	343	51	56703	2032	9637	93761,93954,91784,33384,33384,33384,33384	0	0	27761,29152,694,0,0,0,0	7	78163
176435	89	158	118	23	15	1	1	0	284	518	1104	731	1834	4	9	749	42	363	0,100,0,0,0,0	10918	312	73	56769	2039	9888	93794,93987,91820,33484,33484,33484,33484	0	4	27761,29152,767,0,0,0,0	5	78170
176396	89	164	133	24	11	1	1	0	298	518	1111	726	1995	4	10	844	52	371	0,100,0,0,0,0	11040	310	49	56815	2043	10146	93810,94003,91838,33548,33548,33548,33548	0	3	27761,29152,817,0,0,0,0	5	78189
176349	90	173	142	30	13	1	1	0	315	518	1114	729	1962	2	11	853	63	387	0,100,0,0,0,0	11092	353	66	56875	2049	10444	93836,94028,91868,33620,33620,33620,33620	0	4	27761,29152,883,0,0,0,0	4	78204
176303	87	188	136	32	12	2	1	0	348	518	1119	729	1974	2	6	846	68	390	0,100,0,0,0,0	20254	316	56	56924	2057	10703	93852,94044,91886,33697,33697,33697,33697	0	4	27761,29152,939,0,0,0,0	5	78216
176251	86	196	138	31	19	2	1	0	379	518	1125	732	1812	3	7	754	67	406	0,100,0,0,0,0	20134	311	62	56978	2065	10962	93873,94064,91910,33800,33800,33800,33800	0	3	27761,29152,1001,0,0,0,0	7	78223
176187	109	184	164	30	31	2	1	0	392	518	1128	756	1902	2	13	824	80	441	0,100,0,0,0,0	11015	338	82	57050	2077	11236	93907,94097,91947,33907,33907,33907,33907	0	3	27761,29152,1085,0,0,0,0	10	78244
176130	117	202	155	34	31	2	1	0	423	518	1133	718	1992	4	11	730	87	455	0,100,0,0,0,0	11213	309	79	57120	2087	11499	93937,94125,91980,34010,34010,34010,34010	0	8	27761,29152,1164,0,0,0,0	12	78240
176066	127	217	177	30	28	2	1	0	446	518	1134	734	1924	3	13	857	94	488	0,100,0,0,0,0	11016	333	85	57198	2096	11774	93972,94159,92019,34112,34112,34112,34112	0	3	27761,29152,1251,0,0,0,0	9	78246
175997	130	235	182	29	35	2	1	0	477	518	1140	742	1877	7	12	938	108	506	0,100,0,0,0,0	11066	323	84	57271	2107	12045	94004,94191,92054,34223,34223,34223,34223	0	3	27761,29152,1335,0,0,0,0	9	78255
175903	143	249	207	32	39	2	1	0	506	518	1146	712	1982	4	8	930	115	558	0,100,0,0,0,0	11305	300	108	57367	2119	12297	94060,94246,92114,34349,34349,34349,34349	0	3	27761,29152,1443,0,0,0,0	9	78250
175854	133	263	212	32	34	3	1	0	542	518	1154	726	1994	6	14	976	124	554	0,100,0,0,0,0	20178	304	72	57430	2128	12554	94092,94277,92150,34441,34441,34441,34441	0	4	27761,29152,1515,0,0,0,0	8	78257
175785	139	264	224	42	32	2	1	0	580	518	1159	754	2022	5	13	926	124	580	0,100,0,0,0,0	20241	301	87	57506	2140	12816	94163,94347,92225,34579,34579,34579,34579	0	4	27761,29152,1601,0,0,0,0	7	78261
175718	142	286	225	47	34	2	1	0	610	518	1163	750	2027	2	11	976	126	611	0,100,0,0,0,0	11317	290	99	57599	2147	13067	94248,94430,92315,34732,34732,34732,34732	0	7	27761,29152,1701,0,0,0,0	11	78247
175602	169	320	239	43	42	3	1	0	641	518	1168	747	1916	9	17	1015	143	674	0,100,0,0,0,0	11296	287	139	57718	2167	13300	94348,94528,92419,34906,34906,34906,34906	0	4	27761,29152,1839,0,0,0,0	12	78234
175496	182	366	231	48	41	2	0	0	691	519	1170	749	2006	5	10	1154	132	738	0,100,0,0,0,0	11382	250	138	57844	2180	13502	94447,94625,92524,35071,35071,35071,35071	0	6	27761,29152,1978,0,0,0,0	10	78206
175396	206	362	264	47	52	2	0	0	724	519	1174	734	2013	5	18	1090	137	796	0,100,0,0,0,0	11308	285	137	57968	2194	13747	94535,94711,92617,35219,35219,35219,35219	0	3	27761,29152,2116,0,0,0,0	11	78175
175310	216	358	298	46	49	3	0	0	772	519	1175	749	1970	5	23	1172	157	813	0,100,0,0,0,0	11426	257	126	58076	2212	13964	94612,94786,92700,35366,35366,35366,35366	0	5	27761,29152,2241,0,0,0,0	11	78155
175224	207	383	302	58	51	4	0	0	821	519	1177	758	2024	5	16	1219	157	848	0,100,0,0,0,0	20691	252	128	58190	2226	14175	94692,94864,92786,35509,35509,35509,35509	0	5	27761,29152,2368,0,0,0,0	9	78131
175122	211	388	325	63	53	4	0	0	877	519	1184	740	1954	11	18	1250	169	875	0,100,0,0,0,0	20589	243	139	58317	2239	14388	94755,94927,92854,35655,35655,35655,35655	0	10	27761,29152,2508,0,0,0,0	12	78088
175001	232	410	332	67	57	4	0	0	937	519	1187	745	2020	4	13	1565	170	932	0,100,0,0,0,0	11842	257	157	58454	2260	14597	94835,95006,92940,35814,35814,35814,35814	0	8	27761,29152,2666,0,0,0,0	10	78080
174886	236	446	331	72	60	2	0	0	1000	519	1194	742	1974	8	23	1670	185	962	0,100,0,0,0,0	11859	257	157	58592	2280	14819	94904,95075,93015,35962,35962,35962,35962	0	10	27761,29152,2824,0,0,0,0	7	78036
174772	239	471	359	77	70	2	0	0	1038	519	1199	713	1985	6	16	1692	193	1025	0,100,0,0,0,0	11964	267	182	58747	2307	15047	94994,95164,93113,36125,36125,36125,36125	0	5	27761,29152,3004,0,0,0,0	7	77999
174633	254	514	367	88	68	2	0	0	1095	519	1206	750	1911	9	23	1891	196	1097	0,100,0,0,0,0	12118	293	190	58911	2334	15301	95093,95262,93218,36306,36306,36306,36306	0	12	27761,29152,3194,0,0,0,0	6	77961
174459	282	559	381	89	74	3	0	0	1170	519	1210	733	1863	3	23	1962	209	1179	0,100,0,0,0,0	12232	288	227	59116	2356	15551	95242,95408,93373,36553,36553,36553,36553	0	7	27761,29152,3421,0,0,0,0	8	77905
174323	311	551	422	83	89	3	2	0	1225	519	1218	696	1815	13	26	2014	207	1254	0,100,0,0,0,0	21456	291	198	59299	2373	15802	95350,95515,93489,36757,36757,36757,36757	0	8	27761,29152,3621,0,0,0,0	8	77832
174201	323	576	431	79	98	5	3	0	1288	519	1223	704	2056	8	33	2149	241	1274	0,100,0,0,0,0	21565	285	193	59473	2392	16044	95448,95613,93594,36962,36962,36962,36962	0	6	27761,29152,3813,0,0,0,0	9	77777
174031	317	641	456	86	99	2	4	0	1365	519	1226	703	1837	11	24	2143	233	1372	0,100,0,0,0,0	12399	289	235	59680	2421	16287	95577,95741,93730,37194,37194,37194,37194	0	10	27761,29152,4048,0,0,0,0	17	77717
173833	340	712	479	99	90	4	6	0	1434	519	1230	700	2025	13	36	2542	263	1467	0,100,0,0,0,0	12717	292	275	59918	2462	16536	95726,95889,93887,37455,37455,37455,37455	1	16	27761,29152,4323,0,0,0,0	18	77640
173610	393	758	529	111	96	5	7	0	1480	520	1237	685	1917	14	24	2468	282	1617	0,100,0,0,0,0	12553	301	308	60198	2492	16784	95914,96076,94084,37745,37745,37745,37745	1	7	27761,29152,4633,0,0,0,0	21	77566
173367	437	808	548	107	103	4	7	0	1601	520	1244	646	1867	10	43	2760	328	1686	0,100,0,0,0,0	12838	296	307	60457	2540	17042	96085,96246,94262,38037,38037,38037,38037	1	9	27761,29152,4937,0,0,0,0	22	77482
173155	482	823	595	117	111	8	7	1	1680	520	1247	678	2064	18	30	3089	319	1824	0,100,0,0,0,0	13356	303	324	60747	2574	17310	96270,96431,94458,38338,38338,38338,38338	1	6	27761,29152,5258,0,0,0,0	24	77374
172959	475	860	650	127	114	8	5	1	1776	521	1250	676	1978	14	51	3263	354	1885	0,100,0,0,0,0	22477	298	290	60999	2612	17575	96442,96603,94639,38620,38620,38620,38620	1	14	27761,29152,5548,0,0,0,0	35	77284
172792	447	916	651	135	118	7	5	1	1903	521	1250	689	1995	13	46	3339	376	1903	0,100,0,0,0,0	22467	293	261	61228	2648	17828	96587,96749,94795,38879,38879,38879,38879	1	14	27761,29152,5813,0,0,0,0	31	77196
172569	476	942	699	145	143	8	8	1	1980	521	1254	688	2027	16	39	3810	393	2028	0,100,0,0,0,0	14051	311	340	61526	2691	18100	96796,96957,95015,39189,39189,39189,39189	1	12	27761,29152,6152,0,0,0,0	29	77099
172299	529	999	725	140	159	9	10	1	2097	522	1256	688	2033	12	54	3921	426	2145	0,100,0,0,0,0	14213	285	391	61865	2745	18345	97022,97184,95254,39547,39547,39547,39547	1	10	27761,29152,6545,0,0,0,0	32	76958
172050	571	1030	777	153	166	10	10	0	2200	522	1257	715	1936	10	53	4056	445	2272	0,100,0,0,0,0	14366	324	382	62187	2809	18631	97235,97398,95482,39877,39877,39877,39877	1	16	27761,29152,6928,0,0,0,0	33	76826
171733	593	1135	826	150	162	11	11	1	2340	522	1262	737	1995	13	58	4008	462	2426	0,100,0,0,0,0	14508	308	436	62566	2868	18902	97510,97674,95770,40284,40284,40284,40284	1	19	27761,29152,7362,0,0,0,0	32	76697
171428	661	1156	896	160	161	11	8	2	2475	525	1263	720	2025	18	62	4266	484	2569	0,100,0,0,0,0	14535	326	447	62950	2934	19189	97767,97932,96042,40674,40674,40674,40674	1	18	27761,29152,7809,0,0,0,0	33	76540
171170	647	1233	947	163	166	13	9	2	2606	525	1265	724	2025	22	45	4245	522	2656	0,100,0,0,0,0	23515	356	404	63317	2973	19486	98009,98176,96299,41044,41044,41044,41044	1	22	27761,29152,8213,0,0,0,0	37	76395
170899	634	1266	1015	173	168	14	12	1	2768	526	1270	744	1961	23	50	4053	534	2748	0,100,0,0,0,0	23301	301	415	63688	3021	19754	98252,98419,96556,41430,41430,41430,41430	1	17	27761,29152,8631,0,0,0,0	48	76210
170609	668	1282	1103	175	190	16	12	1	2885	527	1278	714	1975	26	56	4490	580	2866	0,100,0,0,0,0	24631	338	461	64098	3073	20056	98515,98682,96834,41824,41824,41824,41824	2	26	27761,29152,9089,0,0,0,0	48	76014
170338	671	1301	1162	179	189	15	14	0	3068	528	1281	712	2008	32	77	4541	632	2899	0,100,0,0,0,0	24742	310	425	64469	3130	20330	98765,98932,97098,42205,42205,42205,42205	2	18	27761,29152,9513,0,0,0,0	53	75862
170078	650	1394	1148	186	198	16	15	0	3247	530	1284	686	1996	20	66	4820	654	2953	0,100,0,0,0,0	25164	313	446	64872	3176	20609	99025,99191,97375,42597,42597,42597,42597	2	21	27761,29152,9961,0,0,0,0	57	75666
169783	669	1476	1146	199	199	18	16	0	3423	530	1287	681	2020	39	65	5358	681	3042	0,100,0,0,0,0	25524	291	488	65307	3234	20856	99294,99460,97662,43017,43017,43017,43017	2	22	27761,29152,10450,0,0,0,0	67	75445
169479	743	1445	1199	211	217	19	13	0	3595	533	1292	666	2002	27	72	5512	703	3144	0,100,0,0,0,0	25755	304	489	65743	3289	21116	99574,99741,97959,43428,43428,43428,43428	2	26	27761,29152,10936,0,0,0,0	65	75251
169242	742	1414	1226	216	251	20	12	1	3787	534	1301	662	2029	25	68	5633	702	3179	0,100,0,0,0,0	24486	271	436	66114	3358	21351	99816,99982,98218,43783,43783,43783,43783	2	23	27761,29152,11372,0,0,0,0	61	75073
169020	712	1440	1248	211	258	22	13	3	3983	534	1302	662	1934	17	87	5927	717	3187	0,100,0,0,0,0	24999	309	437	66493	3420	21613	100037,100203,98458,44114,44114,44114,44114	2	18	27761,29152,11808,0,0,0,0	63	74894
168707	770	1460	1248	238	262	21	14	3	4177	534	1312	680	1883	24	92	5871	725	3288	0,100,0,0,0,0	26352	320	533	66941	3508	21881	100331,100499,98774,44539,44539,44539,44539	2	37	27761,29152,12334,0,0,0,0	74	74692
168416	812	1455	1322	259	271	21	13	3	4322	535	1317	649	2026	30	86	6146	738	3415	0,100,0,0,0,0	16293	496	537	67398	3590	22330	100640,100807,99104,44961,44961,44961,44961	3	27	27761,29152,12869,0,0,0,0	64	74512
168093	854	1546	1334	259	258	22	12	2	4506	539	1321	677	1984	29	104	6203	793	3492	0,100,0,0,0,0	16409	545	583	67894	3681	22823	101024,101193,99513,45513,45513,45513,45513	3	26	27761,29152,13450,0,0,0,0	58	74295
167806	842	1639	1345	258	271	24	15	2	4682	539	1323	673	2075	36	79	6625	814	3580	0,100,0,0,0,0	16810	493	551	68364	3764	23269	101406,101575,99917,46052,46052,46052,46052	3	15	27761,29152,13996,0,0,0,0	73	74107
167470	884	1708	1395	276	275	28	16	2	4827	540	1325	642	1905	35	97	6359	840	3742	0,100,0,0,0,0	17003	484	629	68896	3865	23700	101832,102000,100370,46636,46636,46636,46636	3	26	27761,29152,14627,0,0,0,0	74	73889
167169	903	1737	1440	283	284	30	19	2	5012	540	1327	643	1905	33	75	5922	849	3847	0,100,0,0,0,0	25315	498	574	69399	3941	24150	102214,102380,100774,47164,47164,47164,47164	3	40	27761,29152,15200,0,0,0,0	79	73666
166909	855	1847	1486	275	278	26	16	3	5175	543	1333	643	1990	30	93	6171	874	3909	0,100,0,0,0,0	25114	519	565	69882	4029	24610	102588,102756,101175,47688,47688,47688,47688	3	25	27761,29152,15764,0,0,0,0	86	73449
166466	923	1942	1515	268	277	29	16	3	5423	545	1339	626	1992	24	86	6445	852	4118	0,100,0,0,0,0	16507	520	728	70501	4142	25052	103099,103268,101712,48368,48368,48368,48368	3	23	27761,29152,16490,0,0,0,0	79	73217
166119	1026	1918	1600	271	283	31	18	3	5588	547	1342	624	1995	39	95	6599	870	4277	0,100,0,0,0,0	17003	694	691	71093	4247	25670	103551,103721,102193,48969,48969,48969,48969	3	32	27761,29152,17180,0,0,0,0	76	72966
165723	1040	2023	1684	293	302	35	20	3	5730	548	1345	613	1984	28	94	6640	907	4490	0,100,0,0,0,0	16859	663	734	71722	4358	26268	104087,104257,102758,49700,49700,49700,49700	3	35	27761,29152,17916,0,0,0,0	72	72691
165316	1111	2122	1721	305	306	36	20	4	5902	548	1355	610	1951	42	113	7011	968	4653	0,100,0,0,0,0	16980	682	763	72370	4478	26893	104645,104814,103346,50435,50435,50435,50435	3	37	27761,29152,18673,0,0,0,0	74	72438
164866	1171	2247	1765	317	309	33	21	4	6108	548	1357	592	1969	45	109	7184	1002	4861	0,100,0,0,0,0	17138	659	826	73072	4604	27499	105239,105409,103973,51231,51231,51231,51231	3	27	27761,29152,19496,0,0,0,0	74	72132
164531	1210	2243	1850	323	358	32	21	3	6263	551	1361	569	1927	35	106	6810	1038	4999	0,100,0,0,0,0	25789	657	731	73691	4716	28097	105740,105909,104505,51909,51909,51909,51909	3	31	27761,29152,20223,0,0,0,0	79	71838
164258	1145	2300	1939	322	370	31	19	3	6444	553	1362	602	1944	39	112	7422	1081	5045	0,100,0,0,0,0	25942	678	692	74300	4803	28713	106233,106402,105033,52561,52561,52561,52561	3	35	27761,29152,20912,0,0,0,0	78	71526
163778	1193	2414	1967	338	373	35	22	3	6706	554	1363	594	1995	35	123	7894	1135	5207	0,100,0,0,0,0	17966	697	847	75030	4928	29327	106857,107028,105689,53364,53364,53364,53364	4	35	27761,29152,21756,0,0,0,0	81	71249
163311	1288	2453	2055	342	371	38	26	3	6936	555	1368	614	2011	51	113	8427	1178	5395	0,100,0,0,0,0	18319	906	866	75763	5065	30163	107466,107638,106333,54169,54169,54169,54169	4	38	27761,29152,22618,0,0,0,0	85	70924
162874	1315	2536	2134	367	378	41	34	3	7141	555	1368	621	1967	36	121	9315	1232	5573	0,100,0,0,0,0	19400	882	879	76497	5218	30980	108138,108311,107044,55057,55057,55057,55057	4	35	27761,29152,23492,0,0,0,0	96	70595
162374	1385	2633	2133	401	394	39	33	2	7421	559	1372	621	1990	50	135	9295	1272	5746	0,100,0,0,0,0	19840	918	932	77282	5373	31830	108821,108994,107764,55972,55972,55972,55972	4	53	27761,29152,24419,0,0,0,0	104	70230
161866	1449	2724	2178	397	415	39	35	4	7699	560	1380	606	1878	38	143	9896	1330	5907	0,100,0,0,0,0	19924	903	938	78094	5509	32666	109558,109731,108539,56939,56939,56939,56939	4	39	27761,29152,25353,0,0,0,0	109	69852
161505	1395	2740	2314	418	426	44	35	3	7916	563	1387	577	1921	53	139	10046	1370	6002	0,100,0,0,0,0	28476	885	811	78777	5642	33486	110176,110348,109193,57752,57752,57752,57752	4	51	27761,29152,26156,0,0,0,0	115	69537
161203	1286	2811	2383	437	445	51	31	4	8139	567	1389	543	1989	39	140	10060	1405	6039	0,100,0,0,0,0	28621	996	814	79478	5759	34317	110774,110945,109834,58528,58528,58528,58528	5	38	27761,29152,26971,0,0,0,0	128	69235
160721	1376	2807	2489	447	448	44	28	5	8418	573	1390	563	1970	58	163	10411	1456	6183	0,100,0,0,0,0	20538	980	958	80283	5925	35088	111487,111656,110584,59453,59453,59453,59453	5	54	27761,29152,27922,0,0,0,0	116	68914
160290	1436	2874	2512	453	457	42	28	4	8682	576	1392	575	1947	57	154	10107	1531	6271	0,100,0,0,0,0	20277	1695	970	81083	6098	36573	112186,112356,111329,60325,60325,60325,60325	5	53	27761,29152,28882,0,0,0,0	121	68616
159899	1414	2968	2559	438	470	41	27	5	8949	579	1397	548	1921	70	160	10410	1566	6351	0,100,0,0,0,0	20756	1728	941	81867	6261	38112	113075,113246,112264,61513,61513,61513,61513	5	52	27761,29152,29814,0,0,0,0	117	68312
159524	1393	3005	2556	462	467	44	28	6	9279	581	1401	511	2015	57	156	10393	1573	6382	0,100,0,0,0,0	20692	1693	912	82613	6432	39625	113949,114123,113187,62664,62664,62664,62664	5	44	27761,29152,30718,0,0,0,0	114	68045
159093	1399	3080	2519	461	487	48	28	5	9639	584	1403	523	1957	67	155	9847	1577	6445	0,100,0,0,0,0	20655	1676	955	83390	6616	41116	114824,114999,114105,63837,63837,63837,63837	6	50	27761,29152,31660,0,0,0,0	107	67723
158802	1377	3005	2644	479	488	50	30	5	9871	587	1408	518	2008	63	159	9704	1631	6442	0,100,0,0,0,0	27979	1703	881	84124	6772	42642	115666,115839,114993,64921,64921,64921,64921	6	39	27761,29152,32532,0,0,0,0	112	67419
158514	1352	3012	2700	483	482	55	28	5	10113	591	1411	542	1878	63	146	10003	1631	6481	0,99,0,0,0,0	28310	1681	856	84847	6939	44176	116496,116670,115873,65994,65994,65994,65994	6	48	27761,29152,33379,25,0,0,0	112	67105
158185	1408	2999	2734	496	470	50	29	5	10363	594	1413	578	1931	42	159	10015	1637	6549	0,99,0,0,0,0	20342	1653	957	85643	7133	45661	117396,117572,116827,67136,67136,67136,67136	6	51	27761,29152,34322,57,0,0,0	112	66755
157906	1425	2984	2790	514	492	53	30	5	10533	598	1416	560	1966	50	142	10542	1635	6653	0,98,1,0,0,0	20811	838	905	86406	7306	46343	118239,118417,117723,68191,68191,68191,68191	6	54	27761,29152,35210,85,0,0,0	113	66402
157621	1414	3070	2774	515	488	57	33	3	10749	604	1418	564	1986	44	176	10520	1644	6707	0,98,1,0,0,0	20946	866	935	87171	7506	47062	118884,119062,118419,68921,68921,68921,68921	6	49	27761,29152,36109,125,0,0,0	116	66037
157304	1483	3073	2804	512	486	65	34	3	10957	606	1419	577	1925	56	165	10827	1661	6796	0,97,2,0,0,0	21249	870	984	87978	7720	47798	119558,119737,119148,69692,69692,69692,69692	6	43	27761,29152,37053,181,0,0,0	131	65642
157044	1517	2991	2883	507	525	65	31	5	11144	609	1425	566	1969	84	169	11008	1664	6855	0,97,2,0,0,0	21285	917	943	88728	7944	48557	120189,120369,119834,70402,70402,70402,70402	7	54	27761,29152,37940,244,0,0,0	137	65278
156882	1427	3009	2822	510	530	64	33	6	11427	609	1427	578	1939	61	167	11249	1698	6697	0,96,3,0,0,0	29729	865	823	89386	8115	49278	120776,120956,120472,71045,71045,71045,71045	6	42	27761,29152,38712,288,0,0,0	128	64992
156838	1390	2918	2809	519	527	61	32	6	11601	614	1431	563	1999	65	153	11345	1702	6554	0,96,3,0,0,0	29713	896	802	90033	8278	50013	121304,121483,121058,71590,71590,71590,71590	6	40	27761,29152,39454,346,0,0,0	133	64680
156644	1427	2865	2797	541	521	54	37	6	11802	618	1434	541	2021	45	170	11471	1742	6500	0,95,4,0,0,0	21929	868	919	90743	8496	50723	121897,122078,121706,72249,72249,72249,72249	6	30	27761,29152,40261,440,0,0,0	114	64349
156546	1428	2748	2800	533	516	65	38	5	12009	620	1438	539	1934	54	142	11199	1698	6430	0,94,5,0,0,0	21781	726	839	91392	8688	51299	122436,122617,122300,72811,72811,72811,72811	6	50	27761,29152,40996,524,0,0,0	116	64048
156448	1430	2751	2734	494	512	73	40	6	12191	624	1443	556	2040	60	172	11470	1706	6328	0,94,5,0,0,0	21408	709	884	92080	8886	51867	122965,123147,122887,73349,73348,73348,73348	6	47	27761,29152,41776,606,0,0,0	127	63727
156357	1359	2766	2675	506	507	77	39	8	12373	629	1450	549	1962	64	146	11575	1692	6237	0,93,6,0,0,0	22106	726	831	92711	9090	52454	123428,123608,123403,73819,73817,73817,73817	6	36	27761,29152,42495,692,0,0,0	148	63433
156297	1333	2726	2641	499	496	82	41	8	12537	633	1453	546	1936	51	170	11420	1641	6177	0,92,7,0,0,0	21550	725	827	93357	9278	53022	123910,124092,123941,74295,74293,74293,74293	6	33	27761,29152,43203,793,0,0,0	143	63134
156341	1270	2651	2587	506	483	82	41	9	12685	637	1454	520	1995	45	135	10760	1536	6084	0,92,7,0,0,0	29574	734	729	93931	9436	53606	124309,124490,124393,74678,74676,74676,74676	6	40	27761,29152,43821,884,0,0,0	142	62826
156453	1200	2535	2586	462	477	84	38	9	12805	642	1455	503	1939	43	152	10670	1529	5853	0,91,8,0,0,0	29342	726	670	94430	9611	54182	124675,124858,124813,75023,75019,75019,75019	6	39	27761,29152,44375,978,0,0,0	158	62573
156386	1220	2571	2572	461	463	85	39	9	12838	644	1458	514	1981	61	153	10571	1519	5892	0,90,9,0,0,0	21338	753	857	95056	9845	54781	125150,125331,125344,75493,75489,75489,75489	6	31	27761,29152,45059,1126,0,0,0	160	62269
156401	1250	2553	2536	452	450	81	36	8	12868	650	1461	501	2052	50	152	10495	1526	5832	0,89,10,0,0,0	20853	286	825	95676	10052	55047	125597,125778,125850,75915,75909,75909,75909	6	53	27761,29152,45715,1275,0,0,0	152	61932
156357	1319	2574	2482	439	443	82	34	9	12889	654	1464	502	1877	44	137	10401	1497	5876	0,88,11,0,0,0	20435	261	865	96316	10281	55308	125974,126155,126283,76255,76248,76248,76248	6	45	27761,29152,46376,1458,0,0,0	147	61567
156421	1307	2537	2490	420	432	77	34	8	12891	657	1472	487	1976	43	129	10317	1446	5851	0,87,12,0,0,0	20638	265	749	96846	10501	55573	126276,126455,126639,76483,76475,76475,76475	6	47	27761,29152,46939,1624,0,0,0	142	61259
156454	1270	2525	2503	438	413	76	28	9	12889	665	1476	489	1917	47	131	10204	1402	5851	0,85,14,0,0,0	20660	255	817	97442	10727	55828	126615,126794,127036,76759,76748,76748,76748	6	30	27761,29152,47540,1827,0,0,0	129	60919
156545	1231	2458	2474	426	424	72	31	9	12929	666	1481	485	1956	46	137	9450	1361	5755	0,83,16,0,0,0	28417	274	702	97958	10917	56102	126891,127066,127362,76961,76948,76948,76948	6	35	27761,29152,48027,2026,0,0,0	126	60613
156644	1187	2395	2478	420	415	77	31	10	12938	668	1483	474	2020	64	107	9411	1348	5655	0,82,17,0,0,0	27798	239	710	98457	11137	56341	127170,127346,127696,77183,77168,77168,77168	5	41	27761,29152,48506,2243,0,0,0	130	60299
156671	1202	2368	2374	416	389	70	33	10	13057	671	1485	476	1898	41	146	9639	1342	5510	0,80,19,0,0,0	20221	252	764	98992	11368	56593	127481,127658,128060,77449,77432,77432,77432	5	39	27761,29152,49001,2494,0,0,0	128	59983
156688	1223	2310	2367	400	391	74	31	10	13087	675	1490	470	1931	47	130	9723	1305	5491	0,78,21,0,0,0	20037	125	789	99525	11627	56718	127783,127961,128413,77725,77704,77704,77704	5	40	27761,29152,49494,2773,0,0,0	122	59673
156833	1231	2268	2356	386	392	71	31	11	12991	680	1496	468	1918	42	137	9324	1254	5481	0,76,23,0,0,0	29166	104	734	100034	11858	56822	128015,128194,128699,77873,77848,77848,77848	5	34	27761,29152,49939,3047,0,0,0	117	59363
156944	1198	2281	2342	382	383	65	27	11	12929	687	1497	474	1938	44	118	8720	1215	5463	0,74,25,0,0,0	28617	120	731	100534	12094	56942	128234,128412,128971,78022,77993,77993,77993	5	45	27761,29152,50348,3351,0,0,0	111	59052
157079	1189	2226	2332	364	389	68	22	11	12875	691	1500	483	2036	53	119	8469	1191	5399	0,71,28,0,0,0	27207	79	686	100996	12323	57021	128442,128619,129225,78151,78116,78116,78116	5	36	27761,29152,50700,3663,0,0,0	112	58797
157281	1152	2196	2287	350	388	65	24	9	12795	693	1506	485	1888	53	114	8626	1148	5314	0,69,30,0,0,0	27461	104	675	101452	12550	57125	128592,128769,129429,78219,78180,78180,78180	5	34	27761,29152,51058,3972,0,0,0	111	58496
157443	1097	2199	2212	339	377	63	29	9	12775	694	1509	500	1964	37	107	8613	1147	5169	0,67,32,0,0,0	27261	101	676	101894	12789	57226	128772,128949,129658,78321,78277,78277,78277	5	33	27761,29152,51402,4293,0,0,0	114	58229
157581	1118	2183	2184	311	363	65	28	9	12696	695	1513	499	1851	41	124	8466	1114	5138	0,65,34,0,0,0	28251	98	720	102364	13051	57324	128944,129120,129880,78435,78386,78386,78386	5	40	27761,29152,51718,4691,0,0,0	112	57906
157685	1177	2136	2164	309	372	61	31	9	12589	697	1516	500	2041	35	114	8125	1094	5156	0,62,37,0,0,0	28139	64	765	102848	13336	57388	129123,129296,130109,78582,78526,78526,78526	5	48	27761,29152,52051,5107,0,0,0	118	57574
157737	1227	2087	2132	295	369	51	32	7	12594	698	1517	500	1995	54	121	7986	1099	5094	0,59,40,0,0,0	28026	91	747	103302	13636	57479	129299,129474,130330,78725,78663,78663,78663	5	33	27761,29152,52351,5540,0,0,0	118	57301
157774	1282	2110	2085	306	364	48	26	7	12517	704	1523	502	1956	53	101	7754	1084	5137	0,56,43,0,0,0	27740	74	783	103790	13935	57553	129476,129652,130553,78899,78829,78829,78829	5	45	27761,29152,52617,6041,0,0,0	112	56976
157811	1303	2111	2063	304	357	53	26	7	12482	705	1524	470	1895	42	88	7564	1036	5181	0,53,46,0,0,0	27464	77	756	104268	14223	57630	129650,129825,130768,79079,79002,79002,79002	5	36	27761,29152,52876,6533,0,0,0	101	56638
157937	1252	2124	2074	297	357	56	29	6	12382	706	1526	481	1831	53	92	7438	1019	5170	0,50,49,0,0,0	26039	68	706	104678	14524	57698	129767,129941,130927,79192,79105,79105,79105	5	46	27761,29152,53084,7012,0,0,0	102	56354
157980	1228	2129	2102	284	339	54	29	5	12363	707	1526	501	1950	41	113	7358	991	5174	0,48,51,0,0,0	25947	86	736	105137	14813	57784	129925,130098,131126,79366,79270,79270,79270	5	51	27761,29152,53302,7523,0,0,0	105	56057
157938	1340	2117	2107	296	330	55	30	6	12289	710	1528	495	1940	46	118	6868	979	5296	0,45,54,0,0,0	17608	86	883	105639	15198	57870	130107,130281,131352,79608,79501,79501,79501	5	38	27761,29152,53521,8177,0,0,0	100	55706
157853	1435	2128	2141	296	331	45	23	7	12243	716	1528	492	1976	50	103	6711	946	5453	0,42,57,0,0,0	16951	276	893	106172	15561	58146	130319,130493,131601,79902,79782,79782,79782	5	33	27761,29152,53743,8836,0,0,0	85	55349
157771	1510	2231	2149	288	298	41	26	6	12177	719	1530	488	1930	52	88	6859	926	5617	0,39,60,0,0,0	17061	296	938	106712	15963	58442	130575,130748,131896,80261,80128,80128,80128	5	41	27761,29152,53957,9550,0,0,0	72	55002
157542	1623	2316	2201	293	284	40	23	8	12160	723	1533	504	1847	47	89	6950	910	5870	0,35,64,0,0,0	17151	284	1023	107277	16423	58726	130861,131034,132217,80702,80556,80556,80556	5	52	27761,29152,54153,10369,0,0,0	85	54628
157267	1736	2445	2294	280	272	37	22	6	12126	726	1535	507	2086	60	94	6863	907	6179	0,32,67,0,0,0	17216	298	1071	107876	16897	59024	131160,131331,132548,81195,81035,81035,81035	5	55	27761,29152,54346,11223,0,0,0	80	54216
157110	1749	2503	2348	287	289	37	19	9	12128	728	1539	494	1978	61	90	6601	906	6326	0,29,70,0,0,0	25506	290	991	108400	17369	59314	131404,131574,132828,81603,81428,81428,81428	5	55	27761,29152,54481,12078,0,0,0	87	53846
156888	1724	2623	2404	306	305	33	16	6	12165	733	1543	501	1918	58	107	6723	948	6463	0,27,72,0,0,0	25750	275	1041	108955	17863	59589	131658,131829,133117,82056,81865,81865,81865	6	63	27761,29152,54627,12963,0,0,0	81	53443
156440	1899	2675	2572	294	299	37	17	5	12228	734	1546	481	1902	54	98	7003	961	6832	0,24,75,0,0,0	17154	275	1219	109621	18440	59864	132004,132174,133489,82684,82474,82474,82474	6	47	27761,29152,54772,14036,15,0,0	72	52980
155957	2071	2828	2645	287	295	39	18	6	12317	734	1549	504	1916	58	115	7022	1005	7178	0,22,77,0,0,0	17035	345	1302	110312	19080	60209	132339,132508,133854,83303,83074,83074,83074	6	60	27761,29152,54924,15170,37,0,0	77	52500
155303	2251	3017	2715	289	290	38	17	8	12527	737	1554	498	1989	73	101	7305	1053	7564	0,19,79,0,0,0	17296	310	1412	111006	19828	60519	132714,132883,134254,84030,83783,83783,83783	6	69	27761,29152,55062,16435,60,0,0	75	52002
154550	2552	3201	2834	296	296	37	16	8	12661	738	1557	508	1998	60	113	7303	1097	8135	0,17,81,1,0,0	17260	359	1565	111805	20628	60878	133144,133313,134708,84841,84573,84573,84573	7	81	27761,29152,55191,17846,96,0,0	77	51454
153790	2709	3397	3010	293	336	33	16	6	12855	741	1560	503	1963	90	103	7111	1115	8679	0,15,82,1,0,0	17235	361	1572	112657	21384	61239	133628,133795,135212,85731,85441,85441,85441	7	81	27761,29152,55323,19257,142,0,0	74	50890
153088	2662	3689	3186	293	348	32	17	7	13120	742	1562	508	1922	100	119	6958	1152	9075	0,14,83,1,0,0	25632	355	1514	113443	22144	61594	134008,134176,135616,86538,86225,86225,86225	7	94	27761,29152,55426,20639,189,0,0	86	50307
152350	2692	3824	3460	326	338	34	17	8	13388	743	1566	485	1999	100	134	7187	1225	9466	0,12,85,1,0,0	25907	329	1609	114267	22942	61923	134417,134584,136046,87393,87053,87053,87053	8	101	27761,29152,55514,22122,229,0,0	98	49713
151260	2957	4037	3608	346	352	29	17	9	13815	745	1571	509	1946	94	144	7850	1343	10003	0,11,86,2,0,0	18042	315	1946	115226	23946	62238	134936,135107,136578,88485,88118,88118,88118	8	88	27761,29152,55613,23908,290,0,0	97	49027
150075	3296	4202	3794	372	358	30	19	8	14271	747	1574	526	1958	94	120	7707	1378	10693	0,10,87,2,0,0	18002	366	2073	116277	24986	62604	135499,135667,137155,89666,89268,89268,89268	9	83	27761,29152,55701,25810,366,0,0	91	48277
148989	3423	4456	4058	384	372	27	16	10	14687	748	1576	534	1982	104	168	8012	1453	11283	0,9,87,2,0,0	17990	351	2044	117275	26040	62955	136033,136205,137701,90829,90396,90396,90396	9	86	27761,29152,55789,27688,434,0,0	88	47569
147673	3569	4805	4248	412	392	21	16	10	15269	750	1581	530	1910	122	150	9075	1509	11954	0,8,88,2,0,0	18849	349	2247	118360	27218	63304	136632,136803,138308,92136,91669,91668,91668	9	98	27761,29152,55869,29777,506,0,0	82	46789
146178	3903	5095	4514	412	436	22	17	7	15821	753	1588	513	1943	113	152	9298	1625	12774	0,7,89,3,0,0	19802	348	2445	119569	28468	63652	137283,137453,138962,93574,93066,93065,93065	10	116	27761,29152,55963,32021,604,0,0	83	45923
144820	4010	5316	4795	446	459	25	16	5	16509	756	1589	547	1970	122	161	9817	1683	13384	0,6,89,3,0,0	28070	359	2313	120622	29742	64011	137852,138021,139536,94904,94358,94357,94357	11	153	27761,29152,56015,34169,703,0,0	116	45147
143628	3939	5530	5071	494	476	28	15	7	17208	758	1592	535	1931	116	196	10361	1845	13708	0,5,90,3,0,0	28696	371	2249	121655	30970	64382	138386,138557,140072,96198,95607,95605,95605	11	119	27761,29152,56063,36259,798,0,0	132	44394
142086	4112	5771	5310	482	495	28	13	11	18085	759	1594	548	1934	154	217	11510	2044	14167	0,5,90,3,0,0	21138	354	2590	122876	32355	64736	139054,139216,140739,97764,97126,97124,97124	12	135	27761,29152,56138,38622,943,0,0	123	43492
140605	4312	5985	5529	481	497	29	11	13	18926	759	1599	540	1990	139	214	12111	2156	14688	0,4,90,4,0,0	21860	295	2653	124106	33795	65031	139698,139858,141382,99309,98621,98618,98618	13	131	27761,29152,56196,41064,1081,0,0	120	42605
139181	4387	6148	5840	508	530	35	10	15	19731	761	1600	543	2042	157	200	12389	2210	15248	0,4,91,4,0,0	22503	295	2662	125272	35302	65326	140292,140449,141974,100848,100103,100098,100098	13	140	27761,29152,56241,43508,1234,0,0	128	41751
137673	4531	6269	6166	534	537	33	10	15	20609	764	1605	537	1931	152	206	13389	2341	15739	0,3,91,4,0,0	23287	356	2734	126474	36849	65682	140889,141048,142566,102417,101613,101607,101607	14	151	27761,29152,56280,46008,1409,0,0	127	40875
136030	4767	6415	6385	547	556	34	13	14	21612	764	1609	532	1943	151	221	13984	2450	16267	0,3,91,5,0,0	23781	303	2915	127759	38498	65985	141553,141710,143219,104142,103278,103271,103271	15	169	27761,29152,56326,48669,1605,0,0	144	39927
134715	4609	6553	6592	549	553	36	14	12	22736	765	1612	551	1879	167	223	13559	2471	16435	0,3,91,5,0,0	31953	347	2556	128841	39982	66332	142070,142223,143735,105597,104672,104664,104664	16	156	27761,29152,56360,51000,1780,0,0	155	39110
133522	4406	6730	6758	542	553	35	18	13	23790	765	1614	519	1976	175	215	13871	2514	16528	0,3,91,5,0,0	31816	321	2587	129985	41447	66653	142588,142741,144251,107088,106094,106084,106084	16	147	27761,29152,56393,53362,1953,0,0	154	38262
131981	4680	6692	6892	555	547	36	19	13	24950	767	1614	534	1950	198	229	14378	2578	16843	0,2,91,6,0,0	24254	352	2930	131246	43139	67005	143206,143353,144857,108793,107731,107718,107718	17	151	27761,29152,56431,56027,2164,0,0	147	37334
130697	4807	6583	7030	595	570	47	19	11	26004	767	1616	519	1968	167	224	14810	2677	16974	0,2,90,6,0,0	24908	146	2783	132440	44745	67151	143760,143906,145396,110401,109264,109247,109247	17	142	27761,29152,56461,58489,2411,0,0	142	36473
129432	4778	6772	6980	634	542	47	22	12	27139	769	1619	506	1909	158	238	14892	2658	17117	0,2,90,6,0,0	25123	130	2861	133631	46435	67281	144243,144388,145864,111992,110772,110753,110753	18	158	27761,29152,56474,61081,2634,0,0	150	35572
128203	4828	6834	7028	608	556	50	25	11	28208	770	1625	504	1918	179	254	14953	2674	17255	0,1,90,7,0,0	24895	124	2818	134774	48131	67405	144709,144849,146318,113526,112226,112205,112205	18	146	27761,29152,56492,63582,2883,0,0	168	34722
127161	4806	6810	7114	626	577	50	23	11	29170	772	1626	504	2010	200	245	14574	2629	17377	0,1,90,7,0,0	24683	115	2749	135932	49745	67520	145158,145296,146763,115063,113673,113648,113648	18	150	27761,29152,56510,66047,3129,0,0	174	33872
126420	4538	6848	7181	628	553	49	26	7	30093	776	1627	484	1858	179	211	14314	2607	17216	0,1,90,8,0,0	32478	119	2504	137009	51192	67639	145497,145634,147100,116403,114922,114891,114891	18	160	27761,29152,56521,68269,3369,0,0	167	33063
125800	4296	6834	7142	642	563	49	24	11	30979	777	1629	499	1896	191	231	14107	2617	16933	0,1,90,8,0,0	31914	144	2466	138034	52653	67783	145769,145907,147368,117706,116131,116096,116096	19	156	27761,29152,56532,70405,3641,0,0	173	32267
125093	4255	6645	7335	602	565	43	21	10	31764	779	1634	473	1951	185	246	15057	2730	16736	0,1,89,9,0,0	25188	128	2553	139053	54206	67911	146088,146228,147684,119079,117408,117369,117369	19	124	27761,29152,56545,72599,3950,0,0	153	31490
124413	4301	6472	7239	583	536	45	18	12	32709	781	1637	474	1949	162	229	15154	2702	16492	0,1,89,9,0,0	25392	90	2558	140084	55749	68001	146403,146547,147998,120433,118666,118622,118622	19	125	27761,29152,56555,74776,4266,0,0	141	30720
124015	4201	6258	7180	606	556	42	18	12	33434	785	1639	445	1983	174	220	15443	2625	16236	0,0,88,10,0,0	25354	86	2407	141071	57197	68087	146625,146773,148219,121697,119824,119774,119774	19	127	27761,29152,56563,76823,4577,0,0	130	29956
123628	4137	6173	6977	612	583	43	22	11	34131	785	1644	456	1859	152	229	15035	2586	15961	0,0,87,11,0,0	25268	95	2411	142035	58666	68182	146838,146982,148424,122936,120961,120905,120905	18	128	27761,29152,56579,78812,4932,0,0	131	29216
123366	4031	6042	6856	569	592	35	26	12	34783	786	1648	476	1969	131	250	14966	2486	15665	0,0,87,12,0,0	24890	101	2305	142915	60108	68283	147005,147147,148578,124110,122026,121964,121964	18	120	27761,29152,56586,80707,5286,0,0	126	28557
123427	3699	5922	6815	545	581	43	24	11	35243	788	1648	485	1940	133	207	14702	2400	15229	0,0,86,12,0,0	32594	83	2045	143745	61338	68366	147082,147226,148662,125122,122925,122856,122856	17	116	27761,29152,56589,82421,5567,0,0	139	27907
123614	3426	5724	6614	533	548	47	24	11	35767	790	1648	483	1944	148	206	14853	2266	14650	0,0,86,12,0,0	32473	76	1965	144472	62587	68442	147120,147261,148705,126055,123751,123674,123674	17	124	27761,29152,56597,83999,5887,0,0	135	27339
123726	3348	5494	6417	498	508	49	27	13	36226	790	1650	506	1986	136	197	14218	2164	14177	0,0,85,13,0,0	24589	88	2026	145218	63874	68530	147179,147319,148764,127015,124604,124519,124519	17	107	27761,29152,56604,85571,6254,0,0	131	26777
124103	3311	5215	6223	491	515	52	24	16	36353	791	1652	524	1903	141	184	14080	2099	13732	0,0,84,14,0,0	24061	57	1928	145956	65079	68587	147173,147311,148754,127916,125391,125297,125297	16	85	27761,29152,56606,87080,6600,0,0	130	26199
124551	3241	4994	6018	486	477	47	22	16	36445	794	1655	519	1943	125	207	13116	2001	13284	0,0,83,15,0,0	23531	48	1869	146631	66283	68635	147130,147262,148709,128763,126120,126017,126017	15	106	27761,29152,56608,88474,6999,0,0	125	25676
125098	3090	4808	5759	462	433	52	21	19	36552	794	1658	510	1899	104	200	12882	1938	12687	0,0,82,16,0,0	23347	43	1715	147314	67332	68678	147093,147222,148670,129559,126805,126692,126692	15	86	27761,29152,56611,89792,7346,0,0	126	25141
125681	2912	4720	5526	450	374	53	17	20	36534	797	1662	531	1927	113	178	11965	1789	12263	0,0,81,17,0,0	22466	55	1699	147952	68410	68733	147011,147139,148589,130333,127466,127341,127341	14	82	27761,29152,56614,91048,7736,0,0	130	24655
126343	2743	4483	5312	417	391	51	22	19	36501	797	1667	529	1983	110	153	11930	1698	11721	0,0,80,19,0,0	29925	54	1548	148527	69397	68787	146908,147035,148480,131012,128033,127898,127898	14	101	27761,29152,56618,92150,8128,0,0	134	24208
127283	2556	4175	5161	414	371	40	20	19	36240	798	1669	533	1983	117	166	11499	1670	11067	0,0,79,20,0,0	29608	53	1405	149041	70298	68840	146734,146864,148314,131583,128488,128340,128340	13	96	27761,29152,56622,93158,8459,0,0	132	23807
128208	2432	3908	4968	386	367	42	16	19	35927	800	1673	511	1961	115	173	11200	1590	10529	0,0,78,21,0,0	21438	31	1373	149567	71156	68871	146561,146692,148154,132140,128931,128771,128771	13	71	27761,29152,56625,94094,8848,0,0	115	23400
129206	2313	3666	4696	371	371	42	15	20	35569	800	1677	496	1931	91	169	11048	1573	9901	0,0,76,22,0,0	21225	40	1296	150043	71989	68911	146359,146487,147960,132637,129321,129148,129148	13	82	27761,29152,56626,94948,9220,0,0	110	23027
130272	2131	3510	4476	343	357	36	15	20	35103	802	1681	500	1931	108	158	11321	1503	9365	0,0,75,24,0,0	21148	47	1251	150532	72759	68958	146167,146292,147776,133125,129703,129516,129516	12	85	27761,29152,56628,95741,9614,0,0	104	22667
131470	1962	3335	4256	325	332	36	13	18	34516	802	1681	519	1889	85	128	11121	1415	8844	0,0,73,26,0,0	21414	44	1122	150911	73510	69002	145915,146038,147532,133508,129982,129779,129779	12	51	27761,29152,56629,96441,9974,0,0	98	22373
132571	1926	3103	4004	305	330	39	14	17	33950	803	1684	537	1924	76	132	10765	1322	8399	0,0,72,27,0,0	20958	65	1120	151305	74240	69067	145694,145817,147321,133894,130270,130054,130054	11	49	27761,29152,56629,97103,10341,0,0	97	22067
133818	1804	2843	3800	282	299	39	11	19	33339	804	1688	513	1979	81	116	9917	1204	7874	0,0,70,29,0,0	28570	46	956	151634	74873	69113	145402,145528,147045,134193,130464,130234,130234	10	66	27761,29152,56629,97651,10696,0,0	101	21797
135182	1566	2770	3513	283	272	35	8	16	32603	807	1691	529	1943	72	104	9778	1083	7364	0,0,69,30,0,0	28159	42	868	151922	75460	69155	145088,145216,146747,134443,130609,130364,130364	10	47	27761,29152,56629,98167,11011,0,0	76	21573
136392	1511	2585	3365	272	261	29	7	14	31808	809	1693	523	1993	70	106	9340	1038	6992	0,0,67,32,0,0	19711	53	931	152250	76070	69208	144818,144948,146489,134726,130797,130537,130537	9	53	27761,29152,56629,98701,11357,0,0	75	21326
137578	1525	2394	3174	257	223	25	4	15	31043	810	1698	530	1972	71	117	9275	976	6626	0,0,65,33,0,0	19241	33	897	152547	76675	69241	144551,144680,146231,134986,130969,130691,130691	9	55	27761,29152,56629,99176,11721,0,0	78	21100
138801	1459	2265	2963	237	222	24	4	16	30243	810	1702	542	1870	57	83	8841	899	6275	0,0,63,36,0,0	19248	26	838	152812	77252	69267	144260,144390,145953,135205,131101,130806,130806	8	41	27761,29152,56632,99591,12095,0,0	74	20889
139932	1400	2216	2763	222	224	20	6	14	29431	812	1706	566	1949	52	93	8379	846	6005	0,0,62,37,0,0	18541	27	839	153099	77807	69294	143993,144126,145699,135436,131245,130936,130936	8	39	27761,29152,56632,100004,12469,0,0	67	20661
141189	1398	2070	2663	214	197	20	8	14	28452	812	1709	550	2018	52	100	7610	815	5755	0,0,60,39,0,0	18286	29	780	153361	78328	69323	143687,143819,145403,135623,131350,131022,131022	7	38	27761,29152,56632,100364,12841,0,0	70	20446
142441	1255	2026	2530	182	185	26	8	14	27554	812	1713	539	2045	57	67	7056	743	5469	0,0,58,41,0,0	25764	27	704	153600	78793	69350	143386,143520,145113,135770,131422,131075,131075	7	40	27761,29152,56632,100704,13163,0,0	67	20249
143636	1156	2000	2402	176	167	24	9	12	26634	813	1717	550	1932	56	87	6869	724	5210	0,0,56,43,0,0	25474	22	662	153808	79254	69372	143103,143240,144847,135917,131496,131129,131129	6	37	27761,29152,56632,100996,13497,0,0	70	20083
144655	1272	1849	2346	177	164	24	10	11	25707	813	1718	543	1791	48	70	5911	642	5200	0,0,54,45,0,0	16806	33	810	154053	79823	69405	142851,142986,144602,136119,131629,131245,131245	6	37	27761,29152,56634,101312,13939,0,0	75	19882
145727	1310	1779	2270	161	156	24	10	9	24764	813	1723	546	1952	50	63	5188	572	5138	0,0,52,47,0,0	15829	7	753	154298	80338	69412	142592,142728,144356,136296,131737,131334,131334	6	33	27761,29152,56635,101601,14357,0,0	66	19691
146783	1253	1847	2140	135	162	20	10	10	23845	814	1727	544	1949	41	60	4446	505	5062	0,0,49,49,0,0	14943	8	721	154525	80841	69420	142331,142467,144101,136455,131838,131413,131413	6	45	27761,29152,56635,101838,14797,0,0	65	19523
147781	1259	1857	2042	135	170	20	11	10	22914	814	1733	557	1987	49	70	3835	452	5042	0,0,46,53,0,0	14207	10	759	154762	81367	69430	142072,142209,143853,136631,131954,131508,131508	5	39	27761,29152,56635,102066,15301,0,0	62	19338
148693	1327	1815	2018	157	163	18	11	10	21985	815	1734	574	2013	40	65	3156	422	5087	0,0,44,54,0,0	13609	4	793	155024	81903	69434	141855,141993,143649,136832,132098,131631,131631	5	49	27761,29152,56636,102343,15777,0,0	66	19133
149725	1222	1788	1991	170	168	18	7	12	21093	816	1736	534	1932	46	61	2615	387	4977	0,0,42,56,0,0	22060	3	623	155222	82333	69437	141616,141753,143424,136953,132164,131676,131676	5	33	27761,29152,56636,102536,16169,0,0	60	18983
150615	1107	1804	1966	161	167	17	6	10	20337	816	1740	524	1897	48	69	2015	361	4867	0,0,40,58,0,0	21288	11	620	155431	82750	69448	141399,141537,143219,137080,132240,131733,131733	4	31	27761,29152,56636,102718,16576,0,0	49	18822
151361	1214	1776	1955	159	167	13	6	11	19524	816	1744	542	1897	43	72	1486	346	4944	0,0,38,61,0,0	11842	18	808	155694	83301	69466	141229,141363,143056,137296,132410,131882,131882	4	45	27761,29152,56636,102937,17132,0,0	45	18625
152013	1312	1728	1981	148	162	12	4	11	18811	817	1747	555	2052	59	77	1161	331	5016	0,0,36,63,0,0	11241	15	792	155932	83857	69481	141086,141217,142917,137505,132580,132031,132031	4	43	27761,29152,56636,103148,17683,0,0	46	18449
152683	1337	1775	1958	147	146	10	4	10	18111	817	1748	549	1980	56	69	1006	329	5048	0,0,34,65,0,0	11216	24	779	156179	84399	69505	140914,141046,142752,137702,132745,132170,132170	4	40	27761,29152,56641,103355,18226,0,0	44	18259
153162	1392	1874	1918	143	127	10	5	9	17534	819	1753	573	1933	49	51	991	314	5155	0,0,32,67,0,0	11022	16	845	156453	84976	69521	140798,140933,142640,137949,132962,132366,132366	4	44	27761,29152,56642,103528,18865,0,0	36	18050
153712	1375	1946	1874	143	138	11	6	9	16956	819	1757	571	1956	57	54	965	310	5183	0,0,29,69,0,0	10922	15	800	156710	85522	69536	140667,140802,142517,138165,133147,132529,132529	4	46	27761,29152,56644,103671,19493,0,0	43	17856
154328	1264	1963	1944	141	142	9	4	10	16363	819	1759	562	1906	50	56	978	322	5145	0,0,28,71,0,0	20464	16	679	156915	86000	69552	140492,140630,142350,138326,133281,132640,132640	4	44	27761,29152,56645,103817,20004,0,0	36	17681
154981	1189	1935	1975	139	155	13	6	11	15759	820	1763	577	1978	39	69	984	343	5069	0,0,27,72,0,0	20252	17	678	157141	86456	69569	140332,140474,142204,138487,133414,132749,132749	4	43	27761,29152,56645,103933,20528,0,0	40	17501
155359	1297	1902	2029	137	160	12	5	10	15248	820	1767	575	2020	58	70	979	344	5198	0,0,25,74,0,0	11006	25	858	157422	87037	69594	140229,140372,142103,138741,133650,132962,132962	4	34	27761,29152,56647,104068,21221,0,0	49	17278
155709	1388	1870	1998	146	164	13	6	9	14852	820	1771	555	2004	42	70	991	356	5229	0,0,23,76,0,0	11054	0	817	157662	87617	69594	140125,140268,142002,138978,133868,133156,133156	4	35	27761,29152,56647,104195,21874,0,0	47	17087
156075	1375	1904	2048	142	143	13	6	9	14434	821	1776	566	1916	59	67	981	350	5281	0,0,22,77,0,0	11044	0	817	157915	88185	69594	140037,140182,141917,139206,134086,133349,133349	4	46	27761,29152,56647,104314,22538,0,0	53	16892
156403	1380	1957	2021	154	124	13	6	9	14077	821	1781	568	1995	46	66	987	338	5317	0,0,20,79,0,0	11050	0	827	158157	88772	69594	139950,140097,141836,139429,134302,133538,133538	4	43	27761,29152,56647,104432,23202,0,0	42	16703
156684	1377	2028	1961	137	140	13	6	7	13789	821	1783	570	1944	59	65	981	334	5328	0,0,19,80,0,0	11078	0	817	158404	89344	69594	139873,140022,141761,139648,134515,133726,133726	4	34	27761,29152,56647,104535,23880,0,0	46	16512
157061	1274	1984	2044	152	151	12	6	7	13449	822	1784	596	1985	43	61	974	346	5277	0,0,18,81,0,0	20325	0	685	158598	89841	69594	139756,139907,141650,139798,134663,133846,133846	4	40	27761,29152,56647,104607,24467,0,0	43	16358
157396	1208	1956	2072	156	161	10	8	7	13163	822	1787	608	2060	54	75	995	339	5232	0,0,17,82,0,0	20387	0	697	158793	90346	69594	139643,139794,141541,139959,134824,133978,133978	4	45	27761,29152,56647,104679,25073,0,0	50	16193
157561	1268	1926	2120	154	140	10	9	8	12936	822	1792	610	1988	50	74	1019	342	5285	0,0,16,83,0,0	11100	0	819	159040	90923	69594	139582,139737,141485,140187,135055,134183,134183	4	41	27761,29152,56647,104763,25775,0,0	46	15992
157640	1389	1851	2125	163	139	10	7	8	12796	824	1794	602	1996	60	67	1020	325	5359	0,0,15,84,0,0	11069	0	840	159278	91530	69594	139533,139690,141436,140424,135299,134401,134401	4	45	27761,29152,56647,104860,26492,0,0	55	15802
157733	1448	1861	2154	155	154	7	7	8	12597	824	1798	600	1942	53	68	1025	338	5448	0,0,14,85,0,0	11027	0	885	159515	92184	69594	139483,139642,141387,140663,135548,134623,134623	4	48	27761,29152,56647,104931,27270,0,0	58	15608
157814	1444	2002	2018	167	151	6	5	9	12502	826	1802	608	1954	49	62	1030	332	5461	0,0,12,87,0,0	10904	0	845	159771	92774	69594	139446,139608,141351,140912,135805,134851,134851	4	42	27761,29152,56647,105001,28016,0,0	44	15403
157875	1425	2026	2051	172	137	5	8	9	12408	826	1804	601	2005	49	81	1026	341	5483	0,0,12,87,0,0	11182	0	812	159981	93380	69594	139403,139564,141306,141124,136031,135050,135050	4	48	27761,29152,56648,105067,28723,0,0	52	15241
158104	1334	1976	2112	165	156	6	7	10	12241	826	1809	594	1948	54	56	1022	345	5411	0,0,11,88,0,0	20405	0	712	160179	93899	69594	139315,139476,141219,141292,136210,135198,135198	4	37	27761,29152,56648,105106,29368,0,0	61	15078
158308	1230	2013	2110	164	154	6	9	10	12103	826	1813	626	1952	54	56	1010	320	5366	0,0,10,89,0,0	20333	0	719	160375	94426	69594	139237,139402,141148,141459,136395,135348,135348	4	37	27761,29152,56648,105153,30018,0,0	62	14925
158340	1317	1927	2130	151	147	4	10	10	12068	826	1816	630	1989	51	87	1025	329	5357	0,0,9,90,0,0	11177	0	842	160578	95069	69594	139211,139375,141124,141681,136637,135558,135558	4	43	27761,29152,56648,105206,30779,0,0	56	14772
158476	1354	1888	2134	152	150	4	9	9	11923	828	1819	628	2010	42	76	1031	341	5350	0,0,8,91,0,0	11099	0	784	160767	95669	69594	139145,139307,141060,141859,136839,135724,135724	4	29	27761,29152,56648,105249,31495,0,0	51	14623
158587	1243	1943	2123	161	146	8	8	9	11868	828	1822	622	2077	48	76	1024	349	5283	0,0,8,91,0,0	11079	0	715	160947	96205	69594	139080,139243,140996,142020,137022,135874,135874	3	31	27761,29152,56648,105286,32150,0,0	58	14476
158606	1241	1962	2053	156	135	10	7	8	11914	828	1826	622	1980	51	69	1021	322	5242	0,0,8,91,0,0	11165	0	762	161155	96762	69594	139062,139224,140977,142216,137240,136061,136061	3	30	27761,29152,56648,105323,32845,0,0	53	14319
158714	1230	1885	2071	154	147	9	8	9	11863	828	1828	642	1873	44	84	1036	322	5182	0,0,7,92,0,0	11205	0	733	161346	97308	69594	139008,139170,140927,142378,137425,136212,136212	3	31	27761,29152,56648,105356,33512,0,0	46	14172
158996	1139	1800	2065	161	170	12	6	8	11729	829	1831	624	1993	45	68	1021	333	5020	0,0,6,93,0,0	20459	0	621	161509	97769	69594	138910,139075,140831,142499,137570,136320,136320	3	30	27761,29152,56648,105380,34091,0,0	60	14042
159153	1059	1768	2041	142	159	11	5	8	11737	830	1833	626	1953	48	84	1032	339	4846	0,0,6,93,0,0	20397	0	613	161655	98244	69594	138836,139000,140759,142618,137709,136428,136428	3	31	27761,29152,56648,105399,34668,0,0	61	13922
159313	1107	1688	1968	134	149	10	4	7	11700	831	1835	590	2019	44	65	1010	328	4732	0,0,5,94,0,0	11114	0	694	161833	98763	69594	138759,138921,140684,142756,137879,136557,136557	3	42	27761,29152,56648,105425,35324,0,0	53	13776
159504	1126	1612	1884	133	148	8	4	6	11646	833	1842	612	2061	33	57	1012	297	4618	0,0,5,94,0,0	10966	0	646	162001	99242	69594	138692,138854,140621,142886,138038,136678,136678	3	33	27761,29152,56648,105439,35935,0,0	43	13641
159603	1091	1567	1873	132	150	8	3	6	11629	835	1849	629	1913	36	61	1001	286	4538	0,0,4,95,0,0	11002	0	642	162163	99726	69594	138641,138801,140572,143017,138197,136801,136801	3	32	27761,29152,56648,105464,36526,0,0	39	13518
159766	1042	1558	1836	137	125	10	4	5	11577	835	1851	602	1966	44	53	952	271	4441	0,0,4,95,0,0	11065	0	589	162313	100170	69594	138566,138727,140498,143117,138327,136894,136894	3	30	27761,29152,56648,105484,37073,0,0	46	13394
159967	978	1546	1757	139	131	12	6	3	11517	835	1855	625	2053	43	55	933	268	4301	0,0,4,95,0,0	11049	0	560	162445	100600	69594	138482,138642,140418,143209,138448,136978,136978	3	31	27761,29152,56648,105497,37592,0,0	46	13295
160249	889	1498	1698	135	145	8	6	3	11420	835	1860	605	1989	33	60	926	272	4107	0,0,4,95,0,0	20173	0	480	162572	100954	69594	138376,138535,140314,143274,138542,137033,137033	3	29	27761,29152,56648,105513,38036,0,0	47	13188
160531	801	1419	1690	123	138	7	5	3	11330	836	1863	635	1915	31	68	919	271	3912	0,0,3,96,0,0	20206	0	458	162676	101310	69594	138262,138419,140203,143320,138615,137070,137070	3	24	27761,29152,56648,105524,38458,0,0	41	13102
160771	809	1319	1628	128	140	6	5	3	11232	836	1869	628	1990	41	61	888	249	3786	0,0,3,96,0,0	11057	0	511	162805	101693	69594	138147,138304,140089,143385,138709,137127,137127	3	32	27761,29152,56648,105529,38942,0,0	42	12997
161117	810	1213	1598	126	131	9	4	2	11026	836	1874	641	1961	24	69	884	282	3609	0,0,3,96,0,0	10873	0	448	162913	102037	69594	138027,138187,139975,143430,138782,137158,137158	3	29	27761,29152,56648,105537,39363,0,0	38	12909
161447	753	1172	1505	110	118	11	3	3	10906	836	1882	630	1927	40	60	845	261	3411	0,0,3,96,0,0	10801	0	422	163020	102354	69594	137903,138063,139853,143462,138845,137181,137181	3	23	27761,29152,56648,105544,39760,0,0	38	12826
161784	711	1142	1406	100	118	11	4	3	10743	836	1888	618	2011	32	47	814	253	3239	0,0,2,97,0,0	10887	0	402	163121	102659	69594	137772,137933,139728,143484,138894,137192,137192	3	31	27761,29152,56648,105551,40146,0,0	33	12740
162146	694	1100	1342	92	112	10	3	3	10515	838	1891	620	1906	30	52	809	246	3107	0,0,2,97,0,0	10996	0	388	163207	102967	69594	137638,137800,139599,143500,138942,137199,137199	2	26	27761,29152,56648,105555,40523,3,0	43	12668
162583	594	1053	1283	93	96	10	3	3	10292	838	1898	649	1963	29	31	768	223	2909	0,0,2,97,0,0	20062	0	293	163277	103198	69594	137490,137652,139458,143483,138952,137168,137168	2	11	27761,29152,56648,105559,40801,6,0	43	12615
162920	532	996	1217	88	90	9	2	3	10149	838	1902	671	1998	36	38	750	206	2728	0,0,2,97,0,0	20074	0	303	163347	103438	69594	137362,137525,139339,143476,138971,137152,137152	2	29	27761,29152,56648,105562,41089,12,0	43	12558
163262	549	897	1170	72	83	10	4	2	9951	838	1908	652	2005	37	39	734	203	2582	0,0,2,97,0,0	10973	0	329	163421	103704	69594	137238,137401,139222,143466,138990,137135,137135	2	16	27761,29152,56648,105567,41393,20,0	49	12503
163663	551	781	1125	73	81	8	5	2	9709	838	1910	668	2050	25	41	714	214	2410	0,0,2,96,0,0	10704	0	282	163478	103934	69594	137089,137252,139077,143437,138986,137093,137093	2	14	27761,29152,56648,105571,41655,25,0	43	12459
164081	489	775	1002	77	83	8	5	1	9474	838	1913	680	1981	19	37	668	202	2237	0,0,1,96,1,0	10894	0	253	163540	104129	69594	136934,137099,138929,143405,138979,137048,137048	2	10	27761,29152,56648,105575,41892,32,0	41	12406
164432	427	763	924	70	64	6	5	0	9300	838	1917	676	1899	22	24	631	165	2094	0,0,2,96,1,0	10799	0	239	163591	104320	69594	136799,136963,138800,143371,138966,137003,137003	2	19	27761,29152,56648,105578,42111,38,0	31	12367
164852	387	708	877	68	69	7	4	1	9010	838	1925	666	1934	23	30	571	148	1972	0,0,1,96,1,0	10661	0	213	163635	104497	69594	136636,136800,138641,143319,138939,136939,136939	2	10	27761,29152,56648,105580,42307,44,0	30	12328
165262	331	619	823	65	72	6	4	1	8796	838	1929	676	2011	13	37	537	164	1756	0,0,1,95,2,0	19802	0	143	163671	104616	69594	136481,136647,138494,143249,138889,136857,136857	1	5	27761,29152,56648,105581,42441,59,0	28	12297
165739	272	556	780	58	68	6	3	2	8491	838	1933	679	2066	24	25	504	149	1594	0,0,1,95,2,0	20006	0	146	163702	104734	69594	136308,136475,138331,143170,138833,136767,136767	1	6	27761,29152,56648,105583,42577,65,0	24	12268
166161	255	492	721	48	54	3	2	2	8231	838	1939	694	1820	10	25	487	127	1448	0,0,1,94,3,0	10830	0	145	163741	104843	69594	136148,136314,138179,143096,138781,136682,136682	1	4	27761,29152,56648,105585,42705,73,0	18	12238
166592	242	418	666	44	56	5	1	3	7937	839	1943	668	1789	6	19	459	108	1324	0,0,1,94,3,0	10609	0	142	163782	104948	69594	135991,136159,138030,143022,138730,136597,136597	1	6	27761,29152,56648,105586,42835,83,0	16	12207
167003	224	389	596	38	40	3	1	4	7659	839	1950	659	1848	13	23	425	91	1200	0,0,1,93,4,0	10458	0	119	163808	105045	69594	135833,136002,137878,142940,138668,136505,136505	1	5	27761,29152,56648,105586,42942,94,0	13	12184
167446	225	359	532	32	34	2	2	4	7313	839	1958	619	1945	7	13	382	78	1108	0,0,1,93,5,0	10476	0	123	163830	105154	69594	135659,135828,137711,142859,138608,136413,136413	1	9	27761,29152,56648,105587,43057,105,0	14	12165
167890	202	311	485	34	38	2	2	3	6981	839	1959	597	1853	4	13	334	70	1004	0,0,1,92,6,0	10451	0	90	163849	105230	69594	135486,135655,137545,142762,138530,136304,136303	0	3	27761,29152,56648,105587,43139,114,0	10	12148
168302	174	289	433	32	32	3	3	3	6672	839	1964	619	1838	7	12	296	61	905	0,0,0,91,7,0	19562	0	76	163868	105292	69594	135319,135489,137384,142670,138456,136201,136200	0	3	27761,29152,56648,105587,43203,129,0	13	12130
168690	150	264	391	25	28	5	3	2	6382	839	1967	626	1856	11	14	278	53	813	0,0,0,90,9,0	19643	0	74	163883	105354	69594	135163,135334,137237,142581,138383,136101,136100	0	8	27761,29152,56648,105587,43260,143,0	17	12116
169113	146	240	352	23	26	5	4	2	6022	839	1974	626	1806	6	14	257	58	738	0,0,0,88,11,0	10296	0	88	163906	105425	69594	134995,135166,137074,142488,138307,135996,135995	0	5	27761,29152,56648,105587,43327,162,0	15	12094
169478	138	212	326	19	24	5	3	2	5721	840	1978	622	1967	4	9	220	51	676	0,0,0,86,12,0	10311	0	61	163915	105482	69594	134832,135003,136915,142386,138220,135884,135883	0	2	27761,29152,56648,105587,43371,179,0	15	12085
169848	128	194	292	16	24	2	2	2	5416	840	1982	655	1790	7	9	198	42	616	0,0,0,85,14,0	10279	0	59	163935	105529	69594	134678,134848,136767,142291,138141,135779,135778	0	4	27761,29152,56648,105587,43422,192,0	12	12072
170183	112	184	255	18	25	1	2	2	5139	840	1985	655	1815	6	14	182	49	548	0,0,0,83,16,0	10336	0	47	163952	105564	69594	134526,134696,136619,142192,138056,135670,135669	0	3	27761,29152,56648,105587,43459,205,0	11	12058
170521	100	172	220	19	21	0	1	3	4862	840	1987	675	1930	10	8	172	47	486	0,0,0,81,18,0	10279	0	51	163966	105607	69594	134371,134540,136467,142093,137971,135562,135561	0	4	27761,29152,56648,105587,43502,216,0	9	12046
170801	91	157	205	19	23	0	1	3	4616	840	1990	685	1897	1	8	158	47	449	0,0,0,80,19,0	19212	0	46	163975	105650	69594	134232,134401,136330,142002,137893,135464,135463	0	4	27761,29152,56648,105587,43537,231,0	7	12038
171118	79	140	201	18	18	0	1	2	4335	840	1994	682	1871	3	6	142	37	420	0,0,0,78,21,0	19506	0	30	163984	105677	69594	134090,134260,136193,141903,137806,135358,135356	0	3	27761,29152,56648,105587,43558,246,0	4	12029
171380	71	126	194	12	23	2	0	1	4098	841	1998	678	1842	7	6	130	37	391	0,0,0,76,23,0	10310	0	44	163994	105717	69594	133952,134123,136059,141805,137720,135254,135251	0	4	27761,29152,56648,105587,43592,261,0	6	12022
171638	80	116	169	12	16	2	0	1	3865	841	2006	689	1839	3	10	132	36	359	0,0,0,74,25,0	10284	0	34	163999	105752	69594	133817,133988,135926,141707,137634,135149,135147	0	3	27761,29152,56648,105587,43615,277,0	7	12018
171902	85	105	155	16	16	2	0	1	3614	841	2009	673	1756	5	3	124	33	346	0,0,0,71,28,0	10379	0	45	164012	105793	69594	133685,133857,135799,141617,137554,135051,135048	0	4	27761,29152,56648,105587,43646,297,0	5	12009
172155	78	111	138	12	13	2	0	1	3385	841	2010	670	1761	4	5	111	34	320	0,0,0,71,28,0	10294	0	26	164017	105821	69594	133548,133721,135665,141515,137462,134942,134939	0	1	27761,29152,56648,105587,43663,311,0	5	12004
172369	70	119	125	9	9	1	0	1	3189	841	2013	667	1824	5	3	107	24	309	0,0,0,66,33,0	10311	0	40	164032	105853	69594	133421,133594,135543,141427,137384,134849,134845	0	4	27761,29152,56648,105587,43685,334,0	3	11991
172595	72	113	124	9	5	0	0	1	2970	841	2016	636	1855	3	2	97	20	303	0,0,0,63,36,0	19496	0	37	164040	105886	69594	133295,133467,135421,141335,137302,134751,134747	0	1	27761,29152,56648,105587,43707,350,0	1	11983
172798	65	117	122	8	5	0	0	1	2772	841	2017	654	1872	4	2	82	20	297	0,0,0,60,39,0	19509	0	35	164045	105918	69594	133168,133340,135295,141243,137219,134655,134649	0	1	27761,29152,56648,105587,43724,368,0	1	11979
172984	62	107	122	10	4	0	0	1	2594	841	2021	664	1731	1	2	77	23	282	0,0,0,58,41,0	10297	0	38	164054	105949	69594	133043,133214,135172,141151,137136,134559,134553	0	0	27761,29152,56648,105587,43739,390,0	1	11971
173171	71	95	118	7	1	0	0	1	2415	841	2026	666	1791	5	0	65	14	278	0,0,0,55,44,0	10220	0	29	164061	105979	69594	132922,133094,135053,141061,137055,134464,134458	0	1	27761,29152,56648,105587,43754,411,0	2	11966
173349	56	100	107	4	3	0	0	1	2253	841	2032	677	1776	1	0	60	11	259	0,0,0,53,46,0	10128	0	21	164065	106001	69594	132804,132976,134940,140962,136964,134362,134355	0	1	27761,29152,56648,105587,43762,427,0	2	11962
173507	49	97	98	5	5	0	0	1	2110	841	2033	675	1834	1	1	54	8	246	0,0,0,48,51,0	10060	0	21	164070	106023	69594	132689,132860,134828,140869,136878,134265,134258	0	0	27761,29152,56648,105587,43773,443,0	1	11958
173666	54	84	106	6	5	0	0	1	1948	841	2035	664	1829	1	2	40	9	246	0,0,0,47,52,0	10138	0	28	164076	106049	69594	132570,132741,134710,140777,136792,134170,134162	0	2	27761,29152,56648,105587,43781,465,0	1	11952
173814	51	83	105	5	5	0	0	0	1804	841	2038	672	1958	0	2	36	11	238	0,0,0,43,56,0	19134	0	23	164083	106071	69594	132463,132634,134606,140690,136711,134079,134070	0	0	27761,29152,56648,105587,43789,486,0	0	11945
173939	48	82	110	5	4	0	0	0	1674	841	2043	682	1812	2	5	32	11	238	0,0,0,40,59,0	19478	0	24	164089	106098	69594	132360,132531,134504,140606,136634,133994,133984	0	0	27761,29152,56648,105587,43795,510,0	0	11939
174055	51	77	107	4	5	0	0	0	1562	841	2044	720	1780	0	0	27	11	233	0,0,0,37,62,0	10297	0	26	164091	106127	69594	132248,132419,134394,140514,136548,133899,133889	0	0	27761,29152,56648,105587,43805,529,0	0	11937
174168	42	80	97	3	5	0	0	0	1463	841	2047	739	1889	0	2	25	9	218	0,0,0,37,62,0	10128	0	21	164096	106144	69594	132140,132312,134288,140424,136463,133808,133797	0	1	27761,29152,56648,105587,43814,541,0	0	11933
174262	45	68	97	2	7	0	0	0	1374	841	2050	757	1811	1	2	24	9	210	0,0,0,31,68,0	10194	0	23	164103	106166	69594	132037,132209,134186,140337,136380,133719,133708	0	1	27761,29152,56648,105587,43816,567,0	0	11926
174369	38	67	90	4	5	0	0	0	1278	841	2054	761	1774	0	2	24	9	195	0,0,0,29,70,0	10203	0	15	164110	106177	69594	131932,132104,134082,140250,136297,133630,133617	0	2	27761,29152,56648,105587,43821,580,0	3	11921
174460	37	71	81	4	5	0	0	0	1187	841	2060	756	1850	3	2	24	7	191	0,0,0,24,75,0	10214	0	26	164120	106198	69594	131828,132000,133980,140165,136218,133544,133531	0	2	27761,29152,56648,105587,43824,607,0	2	11912
174523	47	56	86	6	3	0	0	0	1119	841	2065	749	1845	1	3	27	8	190	0,0,0,22,77,0	19748	0	21	164125	106216	69594	131740,131911,133892,140085,136140,133463,133449	0	1	27761,29152,56648,105587,43828,625,0	3	11909
174603	44	50	75	7	4	0	0	0	1055	841	2067	721	2028	1	1	25	6	174	0,0,0,20,79,0	19513	0	13	164129	106233	69594	131646,131816,133799,140005,136063,133382,133367	0	0	27761,29152,56648,105587,43829,645,0	2	11905
174682	40	54	77	5	8	0	0	0	971	841	2068	739	1807	0	3	27	8	176	0,0,0,20,79,0	10238	0	19	164135	106252	69594	131544,131714,133699,139920,135981,133296,133280	0	0	27761,29152,56648,105587,43831,668,0	2	11899
174753	44	51	76	4	9	0	0	0	899	841	2069	706	1775	2	1	27	7	177	0,0,0,18,81,0	10227	0	16	164140	106271	69594	131447,131618,133603,139836,135900,133211,133194	0	0	27761,29152,56648,105587,43833,689,0	0	11894
174818	42	52	68	5	4	0	0	0	841	841	2075	721	1759	2	6	28	10	161	0,0,0,16,83,0	10156	0	18	164145	106286	69594	131353,131523,133510,139750,135816,133126,133107	0	1	27761,29152,56648,105587,43836,705,0	0	11891
174889	36	58	61	5	5	0	0	0	774	841	2077	720	1832	0	3	33	10	155	0,0,0,15,84,0	10173	0	18	164146	106306	69594	131253,131424,133411,139664,135733,133039,133019	0	0	27761,29152,56648,105587,43840,722,0	0	11890
174936	44	61	54	2	4	0	0	0	725	841	2079	724	1831	0	3	32	9	156	0,0,0,13,86,0	10222	0	19	164150	106327	69594	131158,131328,133316,139580,135652,132955,132934	0	0	27761,29152,56648,105587,43843,744,0	0	11888
174964	37	63	65	2	2	0	0	0	688	841	2084	695	1871	1	1	31	6	163	0,0,0,13,86,0	19644	0	20	164156	106343	69594	131079,131250,133238,139506,135579,132880,132859	0	0	27761,29152,56648,105587,43844,764,0	0	11886
174997	33	68	56	7	1	0	0	0	652	841	2091	678	1800	0	2	32	4	161	0,0,0,13,86,0	19375	0	16	164159	106360	69594	130996,131166,133155,139430,135504,132804,132782	0	0	27761,29152,56648,105587,43846,782,0	1	11884
175035	38	64	64	9	2	0	0	0	597	841	2096	675	1967	0	2	31	6	171	0,0,0,11,88,0	10157	0	24	164166	106380	69594	130903,131073,133063,139350,135426,132725,132701	0	1	27761,29152,56648,105587,43846,809,0	0	11877
175061	36	55	66	7	3	0	0	0	577	841	2100	704	1814	0	2	29	6	161	0,0,0,7,92,0	10043	0	13	164170	106393	69594	130815,130984,132975,139269,135346,132644,132619	0	0	27761,29152,56648,105587,43846,826,0	0	11874
175074	33	63	70	5	1	0	0	0	557	841	2102	685	1785	0	1	29	3	169	0,0,0,5,94,0	10031	0	18	164177	106415	69594	130731,130901,132891,139191,135269,132567,132541	0	0	27761,29152,56648,105587,43846,855,0	0	11868
175097	46	61	63	5	2	0	0	0	525	841	2106	684	1932	0	1	26	3	174	0,0,0,3,96,0	10116	0	26	164186	106440	69594	130646,130817,132808,139117,135197,132493,132467	0	0	27761,29152,56648,105587,43846,889,0	0	11860
175102	54	60	66	7	2	0	0	0	501	841	2113	676	1780	0	1	25	2	187	0,0,0,2,97,0	10103	0	21	164195	106462	69594	130559,130730,132721,139044,135126,132421,132394	0	0	27761,29152,56648,105587,43846,919,0	0	11851
175120	42	68	59	5	3	0	0	0	494	841	2114	703	1876	2	2	20	3	174	0,0,0,1,98,0	19546	0	14	164201	106473	69594	130479,130650,132641,138971,135054,132348,132320	0	1	27761,29152,56648,105587,43846,936,0	1	11845
175142	42	60	68	4	2	1	0	0	467	841	2119	713	1794	0	1	18	2	175	0,0,0,1,98,0	19422	0	18	164205	106491	69594	130398,130570,132561,138898,134982,132277,132246	0	1	27761,29152,56648,105587,43846,958,0	1	11841
175143	40	64	65	5	1	1	0	0	460	841	2126	729	1849	1	2	17	3	173	0,0,0,0,99,0	10184	0	24	164210	106512	69594	130312,130484,132476,138824,134908,132203,132171	0	1	27761,29152,56648,105587,43846,984,0	2	11838
175150	45	63	67	6	0	1	0	0	442	841	2131	712	1892	1	5	22	6	176	0,0,0,0,99,0	10135	0	23	164215	106536	69594	130229,130401,132392,138751,134836,132131,132098	0	0	27761,29152,56648,105587,43846,1013,0	4	11835
175163	39	67	68	5	0	1	0	0	425	841	2137	710	1745	1	3	23	10	170	0,0,0,0,99,0	9965	0	16	164221	106549	69594	130143,130315,132306,138677,134763,132058,132024	0	0	27761,29152,56648,105587,43846,1031,0	7	11829
175157	49	58	70	7	4	1	0	0	420	841	2139	711	1884	1	2	23	12	177	0,0,0,0,99,0	10056	0	25	164224	106577	69594	130061,130232,132224,138601,134689,131984,131949	0	0	27761,29152,56648,105587,43846,1062,0	7	11826
175163	48	59	71	5	3	1	0	0	411	841	2144	705	2001	3	3	24	12	175	0,0,0,0,100,0	10262	0	17	164232	106590	69594	129975,130147,132138,138528,134616,131911,131876	0	2	27761,29152,56648,105587,43846,1083,0	8	11818
175162	39	61	70	7	2	1	0	0	416	841	2147	719	1967	4	2	27	9	171	0,0,0,0,100,0	19607	0	19	164238	106606	69594	129899,130071,132062,138459,134547,131843,131806	0	1	27761,29152,56648,105587,43846,1105,0	10	11814
175156	43	64	69	5	4	1	0	0	412	841	2151	714	1750	3	3	29	10	176	0,0,0,0,100,0	19671	0	24	164242	106630	69594	129825,129997,131988,138392,134480,131777,131739	0	1	27761,29152,56648,105587,43846,1133,0	8	11812
175152	47	58	77	1	3	1	0	0	410	841	2156	697	1770	0	1	32	10	177	0,0,0,0,100,0	10184	0	19	164244	106655	69594	129739,129910,131901,138315,134403,131702,131662	0	4	27761,29152,56648,105587,43846,1160,0	6	11810
175157	37	61	71	3	2	1	0	0	413	841	2160	682	1851	3	1	32	11	164	0,0,0,0,100,0	10164	0	16	164249	106667	69594	129656,129828,131819,138241,134330,131629,131589	0	0	27761,29152,56648,105587,43846,1176,0	5	11807
175169	32	57	72	5	3	0	0	0	406	841	2161	673	1805	0	2	35	15	154	0,0,0,0,100,0	10114	0	14	164253	106681	69594	129572,129743,131735,138164,134253,131554,131511	0	0	27761,29152,56648,105587,43846,1194,0	2	11804
175170	40	52	64	7	2	0	0	0	406	841	2164	675	1832	1	3	36	14	151	0,0,0,0,100,0	10249	0	22	164257	106702	69594	129488,129659,131651,138092,134181,131482,131439	0	1	27761,29152,56648,105587,43846,1219,0	2	11802
175184	34	52	63	7	3	0	0	0	389	841	2173	653	1787	1	2	34	12	147	0,0,0,0,100,0	10131	0	13	164261	106714	69594	129402,129574,131565,138016,134106,131409,131363	0	3	27761,29152,56648,105587,43846,1235,0	2	11801
175177	38	49	64	5	4	0	0	0	391	841	2177	684	1779	1	3	34	12	148	0,0,0,0,100,0	19333	0	20	164267	106733	69594	129327,129499,131490,137952,134042,131346,131299	0	1	27761,29152,56648,105587,43846,1260,0	3	11796
175184	35	51	56	5	4	0	0	0	392	841	2178	676	1773	1	0	30	8	143	0,0,0,0,100,0	19302	0	13	164271	106745	69594	129249,129421,131413,137881,133972,131276,131228	0	0	27761,29152,56648,105587,43846,1276,0	3	11793
175185	33	50	55	2	2	0	1	0	393	841	2184	686	2051	1	5	32	8	135	0,0,0,0,100,0	10155	0	15	164276	106760	69594	129165,129338,131330,137809,133900,131205,131156	0	2	27761,29152,56648,105587,43846,1296,0	3	11790
175186	33	44	60	4	1	1	1	0	386	841	2189	670	2010	1	2	31	9	135	0,0,0,0,100,0	10092	0	18	164281	106776	69594	129084,129256,131247,137740,133831,131138,131087	0	2	27761,29152,56648,105587,43846,1317,0	3	11787
175192	32	41	56	8	1	1	1	0	381	841	2192	666	1764	2	2	28	11	129	0,0,0,0,100,0	10038	0	16	164286	106790	69594	128999,129171,131163,137669,133759,131067,131015	0	1	27761,29152,56648,105587,43846,1336,0	3	11782
175194	44	49	45	6	0	2	1	0	371	841	2193	668	1917	2	4	33	12	135	0,0,0,0,100,0	10145	0	26	164293	106815	69594	128918,129089,131081,137602,133693,131003,130949	0	1	27761,29152,56648,105587,43846,1368,0	5	11775
175194	40	56	45	5	0	2	1	0	363	841	2199	684	1788	0	1	32	12	137	0,0,0,0,100,0	10098	0	11	164298	106828	69594	128835,129006,130998,137532,133622,130934,130878	0	1	27761,29152,56648,105587,43846,1386,0	6	11770
175188	46	58	41	7	1	2	1	0	357	841	2204	668	1805	3	0	30	10	146	0,0,0,0,100,0	19284	0	21	164308	106847	69594	128763,128935,130926,137474,133565,130878,130821	0	1	27761,29152,56648,105587,43846,1415,0	6	11763
175192	42	60	36	6	4	1	0	1	353	841	2210	646	1821	3	3	32	12	137	0,0,0,0,100,0	19515	0	13	164310	106862	69594	128688,128859,130851,137409,133500,130815,130756	0	1	27761,29152,56648,105587,43846,1432,0	8	11761
175193	30	66	50	6	4	1	0	1	342	841	2212	672	1792	0	3	34	16	141	0,0,0,0,100,0	10180	0	16	164314	106878	69594	128603,128774,130766,137338,133429,130745,130685	0	4	27761,29152,56648,105587,43846,1452,0	6	11758
175194	37	55	55	12	5	1	0	1	331	841	2214	655	1812	2	1	31	16	149	0,0,0,0,100,0	10197	0	19	164319	106896	69594	128518,128689,130681,137274,133366,130683,130621	0	2	27761,29152,56648,105587,43846,1475,0	5	11753
175188	41	51	67	8	4	1	0	1	326	841	2218	664	1863	2	5	36	19	153	0,0,0,0,100,0	10216	0	23	164321	106920	69594	128434,128605,130596,137211,133303,130621,130558	0	4	27761,29152,56648,105587,43846,1500,0	3	11751
175179	56	49	66	5	4	0	0	1	322	841	2223	655	1842	3	1	35	13	167	0,0,0,0,100,0	10181	0	22	164327	106946	69594	128351,128522,130513,137147,133241,130560,130495	0	1	27761,29152,56648,105587,43846,1532,0	3	11746
175167	56	60	55	6	2	0	0	1	332	841	2226	628	1777	4	2	37	14	165	0,0,0,0,100,0	9979	0	23	164332	106971	69594	128268,128439,130430,137084,133177,130498,130432	0	1	27761,29152,56648,105587,43846,1561,0	2	11742
175156	48	71	64	5	2	0	0	0	330	841	2229	609	1828	3	3	40	19	171	0,0,0,0,100,0	19376	0	28	164339	106995	69594	128193,128364,130355,137028,133121,130444,130376	0	1	27761,29152,56648,105587,43846,1591,0	2	11735
175151	41	76	72	2	0	0	0	0	329	841	2234	631	1746	0	0	36	16	175	0,0,0,0,100,0	19221	0	17	164343	107015	69594	128117,128288,130278,136968,133061,130385,130316	0	1	27761,29152,56648,105587,43846,1615,0	1	11731
175146	38	72	79	5	2	0	0	0	326	841	2237	644	1798	2	0	33	14	182	0,0,0,0,100,0	10216	0	22	164347	107036	69594	128031,128202,130193,136901,132995,130321,130250	0	2	27761,29152,56648,105587,43846,1640,0	2	11727
175139	39	67	80	6	4	0	0	0	331	841	2239	651	1853	1	1	33	11	185	0,0,0,0,100,0	10098	0	22	164350	107059	69594	127949,128121,130111,136838,132931,130259,130187	0	1	27761,29152,56648,105587,43846,1666,0	1	11726
175145	39	54	86	3	4	0	0	0	334	841	2240	656	1780	2	2	29	7	179	0,0,0,0,100,0	10091	0	20	164351	107080	69594	127864,128035,130025,136772,132866,130195,130122	0	1	27761,29152,56648,105587,43846,1688,0	1	11725
175134	43	59	78	3	5	0	0	0	340	841	2243	661	1788	3	3	24	7	181	0,0,0,0,100,0	9982	0	26	164354	107107	69594	127781,127952,129943,136712,132806,130136,130061	0	2	27761,29152,56648,105587,43846,1717,0	0	11722
175127	47	66	67	2	5	1	0	0	345	841	2245	640	1759	2	2	27	11	177	0,0,0,0,100,0	10285	0	26	164358	107132	69594	127699,127870,129861,136648,132742,130075,129998	0	3	27761,29152,56648,105587,43846,1746,0	0	11718
175118	38	76	69	2	2	1	0	0	349	841	2250	637	1794	1	0	23	10	178	0,0,0,0,100,0	19280	0	22	164362	107154	69594	127625,127796,129787,136596,132690,130024,129947	0	2	27761,29152,56648,105587,43846,1772,0	1	11714
175115	41	61	81	3	4	0	0	0	347	841	2253	648	1874	3	0	21	9	181	0,0,0,0,100,0	19400	0	17	164366	107172	69594	127549,127719,129710,136537,132631,129967,129888	0	1	27761,29152,56648,105587,43846,1794,0	0	11710
175089	49	66	82	3	4	0	0	0	358	841	2254	657	1817	1	1	24	12	192	0,0,0,0,100,0	10156	0	35	164377	107202	69594	127471,127641,129631,136482,132576,129913,129833	0	2	27761,29152,56648,105587,43846,1834,0	0	11700
175072	62	64	72	7	5	0	0	0	363	841	2260	678	1758	2	2	25	11	199	0,0,0,0,100,0	10068	0	31	164384	107229	69594	127392,127562,129552,136425,132520,129858,129777	0	1	27761,29152,56648,105587,43846,1866,0	0	11693
175072	61	58	72	6	3	0	0	0	369	841	2264	668	1805	1	6	32	13	187	0,0,0,0,100,0	10103	0	17	164389	107247	69594	127310,127480,129470,136365,132459,129798,129716	0	0	27761,29152,56648,105587,43846,1889,0	0	11689
175073	43	69	72	4	3	0	0	0	374	841	2267	667	1785	1	2	35	9	182	0,0,0,0,100,0	10137	0	14	164393	107263	69594	127225,127395,129385,136301,132396,129736,129652	0	0	27761,29152,56648,105587,43846,1909,0	0	11685
175075	40	71	73	4	3	0	0	0	371	841	2268	663	1773	1	2	34	5	186	0,0,0,0,100,0	10084	0	22	164398	107287	69594	127141,127312,129300,136241,132336,129678,129592	0	3	27761,29152,56648,105587,43846,1938,0	0	11682
175068	43	73	69	3	4	0	0	0	371	841	2274	659	1948	2	1	28	6	186	0,0,0,0,100,0	19472	0	26	164405	107307	69594	127069,127240,129229,136189,132283,129627,129539	0	2	27761,29152,56648,105587,43846,1965,0	0	11676
175076	36	67	73	2	3	0	0	0	373	841	2275	646	1828	0	0	23	5	176	0,0,0,0,100,0	19453	0	10	164410	107319	69594	126992,127163,129152,136131,132225,129571,129482	0	0	27761,29152,56648,105587,43846,1982,0	0	11672
175057	45	71	70	3	5	0	0	0	379	841	2275	626	1947	0	1	21	6	188	0,0,0,0,100,0	10068	0	34	164418	107349	69594	126913,127084,129072,136077,132171,129519,129428	0	1	27761,29152,56648,105587,43846,2020,0	1	11665
175039	57	56	75	6	7	0	0	0	385	841	2280	608	1801	2	6	27	11	190	0,0,0,0,100,0	10077	0	32	164427	107373	69594	126835,127006,128995,136025,132119,129468,129376	0	1	27761,29152,56648,105587,43846,2053,0	2	11658
175039	38	75	67	7	5	0	0	0	391	841	2283	635	1726	1	2	31	10	182	0,0,0,0,100,0	10031	0	17	164431	107388	69594	126754,126925,128914,135962,132055,129406,129312	0	2	27761,29152,56648,105587,43846,2072,0	2	11655
175027	40	75	67	6	3	0	0	0	401	841	2286	623	1939	2	3	33	8	183	0,0,0,0,100,0	10025	0	29	164435	107418	69594	126674,126845,128834,135901,131995,129348,129252	0	0	27761,29152,56648,105587,43846,2106,0	2	11651
175014	56	66	67	3	6	0	0	0	403	841	2290	638	1983	5	4	33	9	189	0,0,0,0,100,0	10190	0	24	164441	107446	69594	126595,126766,128755,135844,131939,129294,129196	0	1	27761,29152,56648,105587,43846,2140,0	5	11645
175001	56	66	71	3	5	0	0	0	409	841	2294	636	1921	4	5	36	16	185	0,0,0,0,100,0	19239	0	22	164445	107470	69594	126523,126694,128683,135790,131885,129241,129143	0	1	27761,29152,56648,105587,43846,2168,0	3	11642
174994	53	70	71	7	7	0	0	0	407	841	2296	666	1819	1	0	36	15	193	0,0,0,0,100,0	19504	0	26	164453	107493	69594	126453,126623,128613,135740,131835,129193,129093	0	2	27761,29152,56648,105587,43846,2199,0	3	11636
174993	51	66	81	5	4	0	0	0	404	841	2301	649	1802	1	4	39	12	195	0,0,0,0,100,0	10129	0	21	164457	107518	69594	126367,126538,128527,135680,131774,129135,129032	0	0	27761,29152,56648,105587,43846,2228,0	3	11632
174984	47	77	71	6	4	0	0	0	410	841	2306	664	1793	3	3	40	11	194	0,0,0,0,100,0	10035	0	29	164467	107540	69594	126286,126458,128447,135626,131721,129084,128979	0	2	27761,29152,56648,105587,43846,2260,0	6	11623
174979	43	84	73	5	3	0	0	0	406	841	2312	660	1802	2	2	43	11	197	0,0,0,0,100,0	10003	0	25	164477	107560	69594	126208,126380,128369,135573,131667,129032,128925	0	0	27761,29152,56648,105587,43846,2290,0	2	11615
174967	51	82	79	6	5	0	0	0	399	841	2316	641	1739	2	3	42	15	208	0,0,0,0,100,0	10252	0	38	164483	107594	69594	126128,126299,128288,135521,131615,128982,128873	0	2	27761,29152,56648,105587,43846,2330,0	2	11610
174958	69	66	84	7	9	1	0	0	391	841	2320	657	1832	0	3	39	18	218	0,0,0,0,100,0	10148	0	31	164496	107619	69594	126050,126222,128212,135468,131562,128931,128820	0	1	27761,29152,56648,105587,43846,2368,0	1	11598
174961	60	72	80	9	6	1	0	0	394	841	2322	634	1747	0	3	39	12	216	0,0,0,0,100,0	19268	0	26	164499	107647	69594	125975,126147,128137,135410,131504,128876,128763	0	0	27761,29152,56648,105587,43846,2399,0	3	11595
174948	57	83	74	4	5	0	0	0	404	841	2330	618	1781	0	7	42	13	210	0,0,0,0,100,0	19251	0	30	164506	107674	69594	125902,126075,128065,135364,131459,128833,128718	0	0	27761,29152,56648,105587,43846,2433,0	3	11590
174921	66	85	77	7	7	0	0	0	405	841	2337	600	1811	3	3	40	11	231	0,0,0,0,100,0	10153	0	35	164512	107710	69594	125826,125999,127988,135311,131407,128782,128666	0	4	27761,29152,56648,105587,43846,2475,0	3	11586
174889	71	84	91	8	5	0	0	0	414	841	2343	592	1775	2	4	40	14	245	0,0,0,0,100,0	10028	0	38	164520	107745	69594	125751,125923,127911,135261,131357,128734,128616	0	1	27761,29152,56648,105587,43846,2518,0	2	11578
174875	79	94	94	6	5	0	0	0	407	841	2345	597	1884	1	2	43	15	263	0,0,0,0,100,0	10018	0	41	164529	107787	69594	125675,125848,127836,135212,131308,128688,128568	0	6	27761,29152,56648,105587,43846,2569,0	5	11571
174851	86	101	92	6	8	0	0	0	409	841	2352	595	1825	5	2	41	16	277	0,0,0,0,100,0	10127	0	53	164544	107827	69594	125601,125773,127761,135166,131263,128644,128522	0	3	27761,29152,56648,105587,43846,2623,0	8	11557
174828	93	104	104	9	5	0	0	0	407	841	2355	582	1765	2	2	44	17	298	0,0,0,0,100,0	10001	0	46	164555	107869	69594	125525,125698,127685,135121,131218,128602,128477	0	2	27761,29152,56648,105587,43846,2676,0	3	11546
174797	88	117	108	11	3	0	0	0	421	841	2360	611	1742	5	1	42	15	312	0,0,0,0,100,0	19400	0	41	164565	107906	69594	125458,125630,127617,135080,131178,128563,128437	0	4	27761,29152,56648,105587,43846,2723,0	3	11537
174773	96	128	100	13	3	0	0	0	430	841	2362	627	1936	3	1	44	16	324	0,0,0,0,100,0	19427	0	49	164579	107947	69594	125392,125565,127551,135042,131140,128528,128400	0	1	27761,29152,56648,105587,43846,2778,0	1	11526
174729	99	133	112	13	8	0	0	0	444	841	2367	625	1953	1	4	44	20	345	0,0,0,0,100,0	10022	0	60	164593	107998	69594	125320,125492,127478,134999,131098,128488,128358	0	3	27761,29152,56648,105587,43846,2843,0	2	11513
174672	110	134	117	9	12	0	0	0	477	841	2374	647	1798	5	5	46	17	365	0,0,0,0,100,0	10132	0	66	164603	108057	69594	125255,125426,127412,134960,131060,128452,128321	0	2	27761,29152,56648,105587,43846,2912,0	3	11504
174627	116	158	113	10	8	0	0	0	497	841	2376	666	1977	1	4	45	17	388	0,0,0,0,100,0	10055	0	69	164613	108123	69594	125186,125357,127342,134919,131020,128414,128282	0	2	27761,29152,56648,105587,43846,2988,0	2	11496
174571	127	173	129	11	11	0	0	0	506	841	2377	648	1790	3	5	47	21	430	0,0,0,0,100,0	10207	0	80	164630	108196	69594	125121,125293,127277,134888,130992,128388,128253	0	1	27761,29152,56648,105587,43846,3078,0	4	11482
174506	133	187	143	13	14	0	0	0	525	841	2384	655	1745	3	6	51	22	468	0,0,0,0,100,0	10125	0	80	164644	108267	69594	125059,125231,127214,134857,130961,128360,128224	0	7	27761,29152,56648,105587,43846,3163,0	10	11468
174467	124	197	151	15	7	0	0	0	554	841	2390	652	1960	4	9	57	23	471	0,0,0,0,100,0	19415	0	58	164657	108318	69594	124996,125169,127151,134823,130928,128329,128190	0	2	27761,29152,56648,105587,43846,3227,0	9	11456
174405	124	202	185	12	4	0	1	0	578	841	2394	640	1994	5	5	62	24	504	0,0,0,0,100,0	19420	0	89	164673	108396	69594	124943,125115,127097,134798,130904,128309,128168	0	1	27761,29152,56648,105587,43846,3319,0	11	11444
174312	176	191	211	12	6	0	1	0	599	841	2397	649	1723	4	5	68	24	573	0,0,0,0,100,0	10158	0	115	164685	108506	69594	124883,125054,127035,134774,130882,128289,128146	0	6	27761,29152,56648,105587,43846,3440,0	15	11434
174212	200	219	217	14	6	0	1	0	634	841	2402	647	1853	9	6	71	29	628	0,0,0,0,100,0	10224	0	116	164705	108613	69594	124833,125004,126984,134759,130869,128280,128135	0	4	27761,29152,56648,105587,43846,3565,0	12	11418
174135	226	212	233	18	4	1	1	0	669	841	2406	632	1723	4	5	78	31	664	0,0,0,0,100,0	10104	0	118	164733	108705	69594	124783,124953,126931,134749,130861,128275,128128	0	3	27761,29152,56648,105587,43846,3683,0	15	11393
174038	212	281	232	15	7	1	0	1	710	841	2408	655	1972	4	4	78	30	718	0,0,0,0,100,0	10203	0	135	164762	108812	69594	124732,124904,126880,134742,130855,128272,128122	0	10	27761,29152,56648,105587,43846,3818,0	13	11373
173921	229	330	235	10	11	1	0	1	756	841	2411	654	1919	2	7	80	32	784	0,0,0,0,100,0	10212	0	162	164791	108951	69594	124690,124861,126835,134743,130859,128281,128127	0	9	27761,29152,56648,105587,43846,3986,0	12	11349
173804	258	334	274	12	20	0	0	1	789	841	2413	662	1816	5	4	79	33	865	0,0,0,0,100,0	19450	0	151	164813	109090	69594	124650,124820,126793,134748,130866,128291,128135	0	7	27761,29152,56648,105587,43846,4145,0	9	11329
173697	245	363	308	16	27	0	0	1	828	841	2420	643	1824	12	14	91	40	919	0,0,0,0,100,0	19464	0	150	164849	109211	69594	124615,124785,126757,134760,130879,128309,128150	0	8	27761,29152,56648,105587,43846,4300,0	8	11299
173512	312	403	316	22	24	0	0	1	892	841	2423	681	1903	8	12	104	41	1036	0,0,0,0,100,0	10208	0	230	164892	109403	69594	124593,124763,126732,134788,130911,128346,128183	0	16	27761,29152,56648,105587,43846,4533,0	15	11260
