S	E	I1	I2	I3	I4	I5_h	I6_h	R_h	R	D1	D2	H	T	P1	P2	Q	QT	NQ	MUT	HOM	VAC	NI	INF	REINF	BSTR	IMM	HCI	HCE	INFV	INFH	VNI
178119	109	126	42	48	45	7	4	0	245	1	0	213	0	0	0	57	57	324	0,0,0,0,0,0	178745	0	0	381	0	0	627,627,627,627,627,627,627	0	0	0,0,0,0,0,0,0	0	0
178066	96	177	44	44	39	10	4	0	265	1	0	330	267	1	70	95	56	358	0,0,0,0,0,0	12695	0	63	444	0	0	680,680,680,680,680,680,680	0	3	63,0,0,0,0,0,0	11	0
178003	102	196	49	45	39	9	4	0	296	1	2	425	262	0	15	184	68	376	0,0,0,0,0,0	12644	0	71	515	0	0	744,744,744,744,744,744,744	0	10	134,0,0,0,0,0,0	12	0
177942	103	213	58	44	52	9	4	0	314	1	6	438	260	1	10	252	79	404	0,0,0,0,0,0	12818	0	67	581	1	0	805,805,805,805,805,805,805	0	7	201,0,0,0,0,0,0	16	0
177882	106	231	76	44	51	10	5	1	330	1	9	540	267	0	11	447	86	437	0,0,0,0,0,0	25108	0	79	660	1	0	868,868,868,868,868,868,868	0	7	280,0,0,0,0,0,0	14	0
177811	111	231	95	49	59	11	5	1	353	1	19	610	244	3	25	537	119	442	0,0,0,0,0,0	25287	0	79	740	1	0	943,943,943,943,943,943,943	0	8	360,0,0,0,0,0,0	18	0
177722	120	276	109	53	49	11	6	0	375	1	24	614	148	1	19	667	159	465	0,0,0,0,0,0	13293	0	106	846	1	0	1036,1036,1036,1036,1036,1036,1036	0	9	466,0,0,0,0,0,0	16	0
177657	133	280	116	58	48	15	7	0	403	1	28	632	90	1	13	802	168	489	0,0,0,0,0,0	13416	0	87	932	2	0	1107,1107,1107,1105,1105,1105,1105	0	7	553,0,0,0,0,0,0	20	0
177571	132	269	136	68	63	15	9	0	450	1	32	651	276	4	21	968	192	500	0,0,0,0,0,0	13635	0	93	1025	2	0	1197,1196,1196,1194,1194,1194,1194	0	6	646,0,0,0,0,0,0	26	0
177492	144	274	148	79	72	16	9	0	476	1	35	691	100	0	26	1165	225	517	0,0,0,0,0,0	13957	0	103	1128	2	0	1288,1287,1287,1283,1283,1283,1283	0	9	749,0,0,0,0,0,0	28	0
177386	165	284	163	85	71	18	11	0	522	1	40	674	279	2	32	1305	236	561	0,0,0,0,0,0	14071	0	123	1249	5	0	1402,1400,1400,1395,1395,1395,1395	0	6	873,0,0,0,0,0,0	29	0
177308	160	304	178	94	68	17	14	0	557	1	45	675	338	0	27	1491	272	563	0,0,0,0,0,0	26268	0	108	1358	5	0	1500,1497,1497,1486,1486,1486,1486	1	10	982,0,0,0,0,0,0	36	0
177222	170	323	180	94	71	19	15	0	602	1	49	680	90	1	23	1595	288	584	0,0,0,0,0,0	26310	0	108	1464	8	0	1599,1595,1595,1580,1580,1580,1580	1	10	1090,0,0,0,0,0,0	42	0
177137	168	340	191	93	79	23	14	0	647	2	52	702	250	0	26	1671	315	593	0,0,0,0,0,0	14546	0	112	1574	11	0	1703,1698,1698,1677,1677,1677,1677	1	9	1202,0,0,0,0,0,0	49	0
177078	157	347	203	88	83	22	15	2	691	3	57	707	251	5	24	1902	311	604	0,0,0,0,0,0	14842	0	92	1667	11	0	1782,1775,1775,1750,1750,1750,1750	1	14	1295,0,0,0,0,0,0	50	0
176994	154	359	199	88	90	22	13	3	759	4	61	697	251	1	37	2165	307	618	0,0,0,0,0,0	15026	0	116	1781	13	0	1887,1878,1878,1847,1847,1847,1847	1	15	1411,0,0,0,0,0,0	56	0
176882	191	350	219	94	94	21	14	4	807	4	66	680	313	1	27	2150	308	675	0,0,0,0,0,0	15077	0	140	1920	15	0	2023,2012,2012,1973,1973,1973,1973	1	8	1552,0,0,0,0,0,0	54	0
176803	207	344	224	99	116	16	13	5	846	5	68	677	90	1	21	2237	316	703	0,0,0,0,0,0	15086	0	132	2050	18	0	2135,2121,2121,2072,2072,2072,2072	1	15	1685,0,0,0,0,0,0	45	0
176734	204	350	217	99	113	20	17	5	910	5	72	708	243	0	36	2277	322	698	0,0,0,0,0,0	26578	0	106	2155	20	0	2233,2216,2216,2158,2158,2158,2158	1	6	1792,0,0,0,0,0,0	49	0
176670	176	392	221	105	118	21	16	5	939	6	77	668	338	3	46	2524	355	694	0,0,0,0,0,0	27185	0	121	2276	21	0	2338,2318,2318,2247,2247,2247,2247	1	10	1913,0,0,0,0,0,0	63	0
176574	180	427	231	99	118	21	16	5	986	6	83	665	241	1	40	2551	365	727	0,0,0,0,0,0	15727	0	144	2420	21	0	2478,2454,2454,2369,2369,2369,2369	1	15	2057,0,0,0,0,0,0	65	0
176488	191	448	253	108	106	23	15	5	1017	7	85	710	247	2	30	2606	359	785	0,0,0,0,0,0	15477	0	146	2566	21	0	2611,2583,2583,2482,2482,2482,2482	1	14	2203,0,0,0,0,0,0	63	0
176394	209	432	286	111	122	24	16	5	1054	7	86	731	320	2	31	2959	362	838	0,0,0,0,0,0	15803	0	154	2717	24	0	2752,2720,2720,2603,2603,2603,2603	1	23	2355,0,0,0,0,0,0	66	0
176266	241	443	293	112	127	27	17	2	1122	7	89	684	233	1	49	2977	361	899	0,0,0,0,0,0	16072	0	192	2909	25	0	2933,2895,2895,2760,2760,2760,2760	2	23	2548,0,0,0,0,0,0	71	0
176150	272	439	315	114	122	31	18	1	1183	7	94	665	253	1	32	3115	376	935	0,0,0,0,0,0	15917	0	173	3082	26	0	3096,3054,3054,2902,2902,2902,2902	2	20	2721,0,0,0,0,0,0	73	0
176043	259	481	315	120	122	31	15	1	1256	9	94	665	321	0	42	3108	400	943	0,0,0,0,0,0	27684	0	165	3246	27	0	3249,3202,3202,3034,3034,3034,3034	2	12	2886,0,0,0,0,0,0	73	0
175944	265	500	307	130	121	30	15	0	1326	10	98	665	103	1	37	3274	400	968	0,0,0,0,0,0	27814	0	170	3417	31	0	3414,3360,3360,3168,3168,3168,3168	2	12	3059,0,0,0,0,0,0	76	0
175793	276	542	317	132	143	31	15	1	1383	11	102	667	239	5	48	3581	433	1023	0,0,0,0,0,0	16049	0	222	3640	32	0	3628,3568,3568,3354,3354,3354,3354	2	12	3282,0,0,0,0,0,0	71	0
175662	305	563	326	147	145	35	15	2	1428	13	105	678	265	2	64	3545	465	1071	0,0,0,0,0,0	16493	0	219	3857	34	0	3834,3766,3766,3525,3525,3525,3525	2	22	3499,0,0,0,0,0,0	79	0
175510	331	604	323	150	162	35	13	2	1493	16	107	682	275	2	44	3421	501	1117	0,0,0,0,0,0	16564	0	228	4086	35	0	4054,3979,3979,3714,3714,3714,3714	2	21	3728,0,0,0,0,0,0	76	0
175389	356	590	341	152	164	41	12	2	1568	17	114	630	251	0	47	3389	480	1176	0,0,0,0,0,0	16245	0	203	4291	35	0	4253,4171,4171,3877,3877,3877,3877	2	21	3933,0,0,0,0,0,0	78	0
175272	349	628	349	155	165	44	12	2	1635	18	117	618	273	5	66	3307	529	1173	0,0,0,0,0,0	16470	0	222	4513	36	0	4464,4373,4373,4045,4045,4045,4045	2	35	4155,0,0,0,0,0,0	86	0
175172	358	644	371	154	169	44	14	2	1679	19	120	616	312	4	48	3451	547	1207	0,0,0,0,0,0	27850	0	208	4721	38	0	4658,4557,4557,4196,4196,4196,4196	3	25	4363,0,0,0,0,0,0	89	0
175071	341	653	384	161	180	49	15	2	1748	20	122	617	313	1	46	3452	538	1245	0,0,0,0,0,0	28113	0	191	4911	40	0	4841,4732,4732,4339,4339,4339,4339	3	20	4553,0,0,0,0,0,0	94	0
174928	354	688	397	163	183	50	16	2	1820	21	124	601	244	1	62	3608	565	1286	0,0,0,0,0,0	16853	0	245	5156	41	0	5079,4960,4960,4532,4532,4532,4532	3	25	4799,0,0,0,0,0,0	103	0
174790	374	707	420	167	192	51	19	2	1877	21	126	615	247	0	61	4061	605	1325	0,0,0,0,0,0	16784	0	246	5402	42	0	5310,5181,5181,4717,4717,4717,4717	3	23	5045,0,0,0,0,0,0	95	0
174643	398	718	446	185	191	53	21	3	1937	21	130	625	301	3	60	4263	622	1390	0,0,0,0,0,0	17042	0	262	5666	42	0	5563,5423,5423,4920,4920,4920,4920	3	22	5309,0,0,0,0,0,0	107	0
174503	408	735	460	201	189	56	21	4	2013	22	134	641	291	4	70	4391	654	1416	0,0,0,0,0,0	17209	0	248	5913	43	0	5801,5651,5651,5111,5111,5111,5111	3	26	5556,0,0,0,0,0,0	114	0
174347	401	783	476	207	185	57	25	3	2100	26	136	613	276	3	55	4482	663	1471	0,0,0,0,0,0	17392	0	267	6180	45	0	6062,5900,5900,5320,5320,5320,5320	3	26	5824,0,0,0,0,0,0	124	0
174220	397	813	487	202	195	59	25	4	2176	29	139	617	310	3	60	4618	663	1515	0,0,0,0,0,0	29048	0	256	6437	46	0	6307,6133,6133,5509,5509,5509,5509	3	19	6081,0,0,0,0,0,0	125	0
174091	412	821	519	210	195	63	24	5	2235	29	142	607	256	4	57	4938	672	1572	0,0,0,0,0,0	29284	0	260	6700	47	0	6559,6372,6372,5702,5702,5702,5702	3	21	6344,0,0,0,0,0,0	133	0
173896	443	864	530	218	209	60	26	6	2319	29	146	583	249	3	64	5373	699	1651	0,0,0,0,0,0	18544	0	330	7031	47	0	6881,6681,6681,5963,5963,5963,5963	3	28	6675,0,0,0,0,0,0	116	0
173704	465	905	540	227	215	59	26	6	2419	30	150	553	221	2	78	5766	751	1686	0,0,0,0,0,0	18755	0	314	7344	50	0	7184,6972,6972,6210,6210,6210,6210	3	31	6989,0,0,0,0,0,0	118	0
173534	457	912	596	248	235	63	28	6	2484	32	151	558	235	3	79	5787	810	1729	0,0,0,0,0,0	18668	0	302	7646	51	0	7476,7251,7251,6443,6443,6443,6443	3	37	7291,0,0,0,0,0,0	118	0
173355	496	910	627	269	239	64	27	6	2564	34	155	516	271	5	76	5761	833	1799	0,0,0,0,0,0	18616	0	344	7991	51	0	7812,7571,7571,6702,6702,6702,6702	4	33	7636,0,0,0,0,0,0	127	0
173178	517	960	609	275	251	65	28	5	2667	34	157	514	310	3	78	5960	871	1834	0,0,0,0,0,0	18464	0	328	8321	54	0	8133,7877,7877,6952,6952,6952,6952	4	37	7967,0,0,0,0,0,0	129	0
173038	491	959	642	281	257	72	32	6	2772	34	162	513	271	6	74	5991	863	1871	0,0,0,0,0,0	30246	0	294	8612	57	0	8420,8148,8148,7166,7166,7166,7166	4	23	8258,0,0,0,0,0,0	140	0
172920	478	971	656	282	263	70	38	8	2859	35	166	511	256	0	100	6055	891	1867	0,0,0,0,0,0	30261	0	286	8898	61	0	8698,8409,8409,7366,7366,7366,7366	4	18	8545,0,0,0,0,0,0	159	0
172723	514	1028	676	279	269	78	42	7	2927	36	167	511	269	4	100	6455	961	1925	0,0,0,0,0,0	19203	0	381	9281	61	0	9069,8762,8762,7651,7651,7651,7651	4	39	8928,0,0,0,0,0,0	151	0
172532	534	1037	678	307	266	75	42	8	3061	37	169	511	249	9	88	6404	981	1958	0,0,0,0,0,0	19481	0	363	9646	62	0	9423,9098,9098,7923,7923,7923,7923	4	30	9294,0,0,0,0,0,0	160	0
172336	566	1041	675	300	272	79	45	8	3216	38	170	514	307	3	74	6210	954	2024	0,0,0,0,0,0	34245	0	357	10000	67	0	9765,9424,9424,8193,8193,8193,8193	4	26	9648,0,0,0,0,0,0	160	0
172164	562	1086	667	301	275	77	52	6	3348	38	170	507	323	7	102	6186	1004	2016	0,0,0,0,0,0	34387	0	356	10358	70	0	10111,9752,9752,8452,8452,8452,8452	4	39	10006,0,0,0,0,0,0	156	0
172031	574	1065	698	303	287	73	55	4	3444	40	172	499	320	5	87	6419	1006	2049	0,0,0,0,0,0	34362	0	325	10681	73	0	10422,10044,10044,8675,8675,8675,8675	5	27	10329,0,0,0,0,0,0	150	0
171949	552	1060	700	304	291	80	55	8	3531	40	176	503	254	4	96	6377	1037	2005	0,0,0,0,0,0	46991	0	301	10983	75	0	10713,10312,10312,8862,8862,8862,8862	4	17	10631,0,0,0,0,0,0	163	0
171850	511	1047	712	306	296	90	49	12	3652	44	177	495	315	5	101	6454	1044	1967	0,0,0,0,0,0	47520	0	300	11282	77	0	10999,10578,10578,9055,9055,9055,9055	4	32	10931,0,0,0,0,0,0	187	0
171715	496	1069	722	308	313	85	47	13	3749	48	181	500	241	4	93	6560	1070	1970	0,0,0,0,0,0	34806	0	341	11622	79	0	11330,10888,10888,9288,9288,9288,9288	5	23	11272,0,0,0,0,0,0	173	0
171617	507	1030	733	331	308	84	50	13	3842	49	182	475	298	0	96	6795	1074	1969	0,0,0,0,0,0	34689	0	307	11927	83	0	11620,11157,11157,9481,9481,9481,9481	5	36	11578,0,0,0,0,0,0	161	0
171507	529	1024	713	342	312	81	51	14	3941	50	182	461	255	3	99	7016	1098	1954	0,0,0,0,0,0	34816	0	329	12257	88	0	11935,11451,11451,9694,9694,9694,9694	5	34	11908,0,0,0,0,0,0	165	0
171410	537	1032	702	338	305	81	50	15	4035	58	183	429	291	7	98	7017	1083	1962	0,0,0,0,0,0	35449	0	338	12596	91	0	12259,11750,11750,9904,9904,9904,9904	5	32	12247,0,0,0,0,0,0	166	0
171343	494	1037	704	323	302	81	47	15	4150	63	187	417	291	6	94	7430	1073	1915	0,0,0,0,0,0	35080	0	288	12881	95	0	12533,12002,12002,10074,10074,10074,10074	5	40	12532,0,0,0,0,0,0	163	0
171302	469	1026	691	330	291	87	52	12	4233	64	189	413	249	10	84	7639	1062	1884	0,0,0,0,0,0	47890	0	279	13158	100	0	12797,12242,12242,10226,10226,10226,10226	5	27	12810,0,0,0,0,0,0	171	0
171340	450	943	732	315	290	84	51	13	4271	67	190	418	247	3	90	7500	1086	1779	0,0,0,0,0,0	48379	0	236	13395	101	0	13017,12434,12434,10318,10318,10318,10318	5	19	13047,0,0,0,0,0,0	174	0
171327	432	974	710	320	283	81	57	13	4289	68	192	414	302	2	93	7810	1085	1772	0,0,0,0,0,0	35632	0	285	13679	103	0	13283,12674,12674,10457,10457,10457,10457	5	34	13331,0,0,0,0,0,0	162	0
171307	465	941	704	311	298	86	51	14	4299	76	194	413	301	6	89	7647	1062	1794	0,0,0,0,0,0	35742	0	309	13987	106	0	13572,12934,12934,10611,10611,10611,10611	5	37	13640,0,0,0,0,0,0	160	0
171263	450	983	699	297	283	85	49	11	4345	81	200	433	311	1	78	7117	1035	1811	0,0,0,0,0,0	34907	0	305	14285	113	0	13857,13192,13192,10774,10774,10774,10774	5	44	13938,0,0,0,0,0,0	157	0
171234	441	977	693	308	278	88	45	10	4383	86	203	456	345	3	84	7060	994	1836	0,0,0,0,0,0	34573	0	307	14589	116	0	14144,13451,13451,10931,10931,10931,10931	5	30	14242,0,0,0,0,0,0	157	0
171208	457	935	682	310	274	85	39	13	4449	89	205	451	256	3	78	6864	935	1847	0,0,0,0,0,0	34738	0	292	14880	119	0	14418,13699,13699,11080,11080,11080,11080	5	38	14533,0,0,0,0,0,0	149	0
171214	441	881	688	313	268	91	50	13	4492	89	206	464	300	4	87	6629	908	1824	0,0,0,0,0,0	47719	0	255	15136	121	0	14657,13912,13912,11196,11196,11196,11196	5	24	14789,0,0,0,0,0,0	170	0
171218	421	886	662	306	281	91	48	11	4520	93	209	445	318	9	99	6589	941	1754	0,0,0,0,0,0	47512	0	256	15390	125	0	14896,14125,14125,11313,11313,11313,11313	4	14	15043,0,0,0,0,0,0	176	0
171189	437	912	624	285	293	96	47	11	4546	95	211	433	292	2	105	6859	985	1709	0,0,0,0,0,0	34698	0	297	15685	128	0	15173,14375,14375,11463,11463,11463,11463	5	32	15339,0,0,0,0,0,0	177	0
171235	437	844	614	278	274	98	50	12	4593	96	215	408	266	4	88	6984	951	1644	0,0,0,0,0,0	34980	0	228	15909	132	0	15379,14554,14554,11540,11540,11540,11540	5	27	15563,0,0,0,0,0,0	177	0
171248	443	874	594	272	263	99	46	12	4576	101	218	417	265	1	74	7169	934	1657	0,0,0,0,0,0	34637	0	295	16201	137	0	15652,14796,14796,11669,11669,11669,11669	5	34	15855,0,0,0,0,0,0	169	0
171269	437	888	592	285	269	99	45	13	4525	103	221	421	260	5	72	7053	949	1666	0,0,0,0,0,0	35025	0	289	16487	141	0	15918,15031,15031,11789,11789,11789,11789	4	37	16141,0,0,0,0,0,0	175	0
171315	406	906	589	277	270	102	47	13	4494	104	223	456	284	5	90	7106	942	1655	0,0,0,0,0,0	34735	0	252	16737	144	0	16148,15231,15231,11878,11878,11878,11878	4	26	16391,0,0,0,0,0,0	170	0
171354	387	921	601	246	243	98	48	14	4504	106	224	464	251	2	72	7154	915	1629	0,0,0,0,0,0	47593	0	238	16975	146	0	16367,15423,15423,11967,11967,11967,11967	4	21	16630,0,0,0,0,0,0	179	0
171455	374	847	613	253	247	100	51	11	4461	107	227	449	251	7	56	6876	841	1644	0,0,0,0,0,0	47674	0	223	17199	147	0	16571,15593,15593,12016,12016,12016,12016	4	26	16854,0,0,0,0,0,0	182	0
171528	356	836	598	265	239	99	48	13	4421	112	231	440	267	3	79	6630	832	1609	0,0,0,0,0,0	34659	0	240	17435	153	0	16786,15777,15777,12084,12084,12084,12084	4	27	17090,0,0,0,0,0,0	174	0
171575	372	787	584	277	243	101	44	13	4393	121	236	434	251	4	77	6429	850	1558	0,0,0,0,0,0	34304	0	234	17668	159	0	17001,15964,15964,12164,12164,12164,12164	4	31	17323,0,0,0,0,0,0	170	0
171632	367	786	544	283	258	110	38	15	4350	124	239	440	267	5	81	6446	846	1540	0,0,0,0,0,0	34705	0	247	17915	162	0	17228,16160,16160,12246,12246,12246,12246	4	35	17570,0,0,0,0,0,0	178	0
171733	349	755	533	270	260	107	38	15	4316	129	241	430	268	1	85	5887	828	1484	0,0,0,0,0,0	34395	0	224	18137	164	0	17428,16328,16328,12292,12292,12292,12292	4	30	17792,0,0,0,0,0,0	179	0
171764	359	753	499	264	256	101	40	13	4325	131	241	444	290	6	81	6091	839	1433	0,0,0,0,0,0	34232	0	235	18369	169	0	17640,16513,16513,12378,12378,12378,12378	4	17	18024,0,0,0,0,0,0	170	0
171805	346	733	509	246	249	99	46	12	4323	135	243	428	285	1	73	5631	829	1399	0,0,0,0,0,0	46794	0	215	18582	173	0	17835,16683,16683,12452,12452,12452,12452	4	14	18238,0,0,0,0,0,0	167	0
171893	334	703	517	243	231	98	41	13	4284	140	249	432	325	2	67	5552	807	1360	0,0,0,0,0,0	46511	0	178	18756	178	0	17994,16815,16815,12484,12484,12484,12484	4	21	18412,0,0,0,0,0,0	176	0
171974	313	725	518	238	212	94	41	14	4225	141	251	424	260	3	63	5525	776	1365	0,0,0,0,0,0	33776	0	228	18980	182	0	18195,16986,16986,12539,12539,12539,12539	4	21	18636,0,0,0,0,0,0	162	0
172010	325	709	529	209	209	92	36	11	4217	148	251	427	269	2	66	5529	744	1365	0,0,0,0,0,0	33283	0	226	19204	186	0	18397,17162,17162,12616,12616,12616,12616	4	21	18861,0,0,0,0,0,0	149	0
172078	339	675	536	198	205	92	36	13	4170	149	255	425	252	6	70	5845	766	1315	0,0,0,0,0,0	33698	0	202	19404	189	0	18579,17317,17317,12668,12668,12668,12668	4	21	19061,0,0,0,0,0,0	148	0
172152	351	683	516	210	197	89	36	13	4087	151	261	426	262	4	62	6126	741	1341	0,0,0,0,0,0	33760	0	228	19630	192	0	18788,17494,17494,12729,12729,12729,12729	4	21	19287,0,0,0,0,0,0	150	0
172251	333	697	506	203	187	93	36	14	4012	152	262	421	208	2	56	6132	717	1338	0,0,0,0,0,0	34463	0	197	19825	196	0	18961,17638,17638,12761,12761,12761,12761	4	17	19483,0,0,0,0,0,0	147	0
172338	323	636	496	220	189	89	36	14	3987	153	265	413	335	2	50	6158	671	1318	0,0,0,0,0,0	46822	0	173	19999	197	0	19116,17767,17767,12790,12790,12790,12790	4	14	19657,0,0,0,0,0,0	157	0
172443	290	662	482	200	182	87	37	13	3930	154	266	412	251	4	55	5714	641	1299	0,0,0,0,0,0	46639	0	184	20182	199	0	19278,17899,17899,12814,12814,12814,12814	3	17	19840,0,0,0,0,0,0	156	0
172517	279	669	482	193	158	82	40	12	3891	155	268	431	293	2	67	5703	634	1269	0,0,0,0,0,0	33484	0	201	20381	203	0	19456,18050,18050,12859,12859,12859,12859	4	26	20039,0,0,0,0,0,0	159	0
172578	280	651	488	181	171	83	40	12	3834	158	270	417	356	2	54	5711	635	1259	0,0,0,0,0,0	33666	0	194	20573	207	0	19627,18195,18195,12907,12907,12907,12907	3	18	20231,0,0,0,0,0,0	146	0
172628	296	617	491	189	176	80	36	10	3791	161	271	426	258	2	51	5513	611	1274	0,0,0,0,0,0	33474	0	185	20757	208	0	19791,18337,18337,12957,12957,12957,12957	3	22	20415,0,0,0,0,0,0	143	0
172694	283	624	481	191	176	75	37	10	3740	162	273	448	313	5	56	5470	628	1239	0,0,0,0,0,0	46584	0	182	20934	213	0	19948,18469,18469,12995,12995,12995,12995	3	16	20593,0,0,0,0,0,0	149	0
172791	250	623	448	185	194	73	35	12	3694	165	276	449	92	1	55	5352	637	1171	0,0,0,0,0,0	46498	0	153	21085	216	0	20081,18576,18576,13005,13005,13005,13005	3	15	20744,0,0,0,0,0,0	143	0
172878	248	584	455	184	186	70	32	12	3652	167	278	445	254	3	50	5088	608	1151	0,0,0,0,0,0	46150	0	155	21239	218	0	20215,18687,18687,13023,13023,13023,13023	3	14	20898,0,0,0,0,0,0	145	0
172955	252	561	438	172	195	66	28	11	3617	172	279	463	87	1	46	4905	601	1111	0,0,0,0,0,0	46210	18	169	21403	223	0	20360,18808,18808,13050,13050,13050,13050	3	12	21062,0,0,0,0,0,0	136	17
173055	267	539	435	175	191	70	25	11	3515	178	285	448	291	1	62	4541	623	1079	0,0,0,0,0,0	32810	29	159	21559	226	0	20498,18919,18919,13061,13061,13061,13061	3	17	21218,0,0,0,0,0,0	134	45
173127	253	523	422	167	187	69	26	9	3497	179	287	464	266	2	53	4748	621	1026	0,0,0,0,0,0	32647	28	140	21698	227	0	20617,19017,19017,13076,13076,13076,13076	3	13	21357,0,0,0,0,0,0	119	69
173188	234	530	404	156	181	69	26	10	3476	181	291	452	86	1	59	4839	608	992	0,0,0,0,0,0	32738	26	146	21840	233	0	20743,19122,19122,13099,13099,13099,13099	3	25	21500,0,0,0,0,0,0	123	93
173285	224	508	413	170	186	64	28	8	3384	183	293	466	242	3	50	4808	599	994	0,0,0,0,0,0	33438	25	146	21983	238	0	20865,19220,19220,13103,13103,13103,13103	3	16	21643,0,0,0,0,0,0	121	114
173378	232	478	400	174	167	63	30	7	3337	183	297	478	342	3	50	4522	594	950	0,0,0,0,0,0	32955	29	140	22120	241	0	20985,19317,19317,13108,13108,13108,13108	3	18	21780,0,0,0,0,0,0	110	143
173478	228	481	386	151	148	73	30	5	3283	184	299	481	239	0	37	4405	553	944	0,0,0,0,0,0	39289	26	136	22252	245	0	21098,19407,19407,13108,13108,13108,13108	3	11	21912,0,0,0,0,0,0	123	167
173595	224	466	371	159	158	65	31	4	3184	186	303	468	239	0	52	4417	568	906	0,0,0,0,0,0	39167	147	128	22375	251	0	21211,19495,19495,13098,13098,13098,13098	2	14	22035,0,0,0,0,0,0	127	295
173691	215	456	344	159	155	68	25	5	3134	191	303	480	304	2	43	4317	548	874	0,0,0,0,0,0	27450	124	130	22502	254	0	21327,19588,19588,13098,13098,13098,13098	2	9	22162,0,0,0,0,0,0	114	401
173748	236	444	347	149	144	70	29	6	3069	192	312	440	254	3	45	4113	542	877	0,0,0,0,0,0	27030	132	163	22661	258	0	21476,19716,19716,13134,13134,13134,13134	2	21	22321,0,0,0,0,0,0	115	506
173842	215	458	335	152	147	70	31	6	2982	194	314	445	235	3	40	4032	554	854	0,0,0,0,0,0	27154	143	122	22783	260	0	21588,19806,19806,13133,13133,13133,13133	2	7	22444,0,0,0,0,0,0	111	625
173906	213	448	333	129	154	68	27	5	2948	198	317	432	300	2	41	3701	513	859	0,0,0,0,0,0	27096	156	141	22921	263	0	21715,19912,19912,13154,13154,13154,13154	2	15	22582,0,0,0,0,0,0	110	760
173984	200	428	320	138	145	61	27	5	2919	201	318	455	311	4	39	3681	483	836	0,0,0,0,0,0	26757	164	111	23029	267	0	21815,19994,19994,13156,13156,13156,13156	2	19	22690,0,0,0,0,0,0	98	907
174052	181	431	304	129	148	61	30	4	2883	202	321	467	243	2	36	3265	473	811	0,0,0,0,0,0	38434	150	114	23140	270	0	21920,20081,20081,13165,13165,13165,13165	2	17	22801,0,0,0,0,0,0	109	1031
174143	170	424	308	128	149	54	29	4	2810	204	323	476	254	4	30	3344	453	809	0,0,0,0,0,0	38316	178	114	23255	271	0	22066,20205,20205,13184,13184,13184,13184	2	8	22916,0,0,0,0,0,0	99	1174
174196	181	406	298	119	154	54	28	5	2772	206	327	477	251	3	60	3472	476	764	0,0,0,0,0,0	26573	158	134	23385	275	0	22219,20340,20340,13223,13223,13223,13223	2	19	23046,0,0,0,0,0,0	93	1306
174247	201	376	304	117	141	51	25	6	2739	208	331	456	261	3	45	3534	493	722	0,0,0,0,0,0	26782	158	124	23508	278	0	22365,20468,20468,13259,13259,13259,13259	2	13	23169,0,0,0,0,0,0	96	1436
174321	190	399	287	111	130	49	22	8	2684	209	336	442	250	1	40	3451	461	727	0,0,0,0,0,0	26613	156	112	23620	280	0	22506,20590,20590,13281,13281,13281,13281	2	13	23282,0,0,0,0,0,0	86	1555
174388	177	388	292	116	130	47	21	11	2624	210	342	441	250	2	34	3334	449	722	0,0,0,0,0,0	26654	157	107	23726	283	0	22649,20715,20715,13307,13307,13307,13307	2	13	23388,0,0,0,0,0,0	74	1675
174457	176	380	282	107	129	41	19	8	2590	213	344	489	249	3	36	3219	425	709	0,0,0,0,0,0	26271	136	107	23835	284	0	22795,20844,20844,13335,13335,13335,13335	2	18	23497,0,0,0,0,0,0	74	1777
174525	168	353	281	125	113	38	19	8	2557	214	345	475	318	1	31	3199	397	700	0,0,0,0,0,0	38039	161	98	23929	289	0	22919,20952,20952,13352,13352,13352,13352	2	8	23591,0,0,0,0,0,0	71	1910
174608	156	362	274	113	109	39	20	7	2497	214	347	481	241	2	36	3055	406	667	0,0,0,0,0,0	37921	53	98	24025	291	0	23051,21065,21065,13366,13366,13366,13366	2	5	23687,0,0,0,0,0,0	79	1953
174679	162	357	259	108	110	40	20	5	2444	214	348	470	243	2	32	2930	398	658	0,0,0,0,0,0	26200	70	112	24137	291	0	23194,21190,21190,13389,13389,13389,13389	2	15	23799,0,0,0,0,0,0	71	2006
174759	150	356	252	107	111	43	16	6	2378	217	351	452	230	0	39	3027	378	657	0,0,0,0,0,0	25930	56	101	24236	293	0	23322,21300,21300,13400,13400,13400,13400	2	12	23898,0,0,0,0,0,0	75	2048
174833	138	365	251	99	110	41	19	6	2313	218	353	441	298	3	38	3058	379	644	0,0,0,0,0,0	25817	67	98	24334	294	0	23446,21407,21407,13413,13413,13413,13413	2	9	23996,0,0,0,0,0,0	77	2104
174913	140	338	261	103	110	37	17	5	2243	221	358	479	318	2	35	2876	351	655	0,0,0,0,0,0	25971	55	97	24429	296	0	23571,21513,21513,13421,13421,13421,13421	2	14	24093,0,0,0,0,0,0	66	2147
174961	157	338	250	101	112	28	19	4	2191	222	363	467	110	0	32	3152	365	640	0,0,0,0,0,0	25960	62	103	24534	297	0	23698,21624,21624,13448,13448,13448,13448	2	19	24198,0,0,0,0,0,0	56	2193
175025	165	306	248	106	120	27	18	4	2140	223	364	472	237	1	25	3273	352	638	0,0,0,0,0,0	38056	58	93	24625	300	0	23822,21733,21733,13466,13466,13466,13466	2	10	24289,0,0,0,0,0,0	61	2234
175107	140	296	256	93	111	26	18	3	2104	224	368	516	338	0	39	3236	367	573	0,0,0,0,0,0	37935	204	71	24694	302	0	23897,21793,21793,13449,13449,13449,13449	2	4	24358,0,0,0,0,0,0	62	2402
175169	132	286	248	97	98	24	16	4	2074	227	371	507	86	0	36	3295	362	539	0,0,0,0,0,0	26422	201	88	24782	303	0	23999,21879,21879,13454,13454,13454,13454	2	8	24446,0,0,0,0,0,0	52	2566
175226	143	260	231	92	101	26	13	4	2045	230	375	507	240	2	25	3265	355	511	0,0,0,0,0,0	26330	195	86	24868	303	0	24093,21959,21959,13457,13457,13457,13457	1	8	24532,0,0,0,0,0,0	53	2725
175313	134	270	212	80	102	29	12	4	1982	231	377	505	95	1	25	3184	346	493	0,0,0,0,0,0	26334	227	76	24943	304	0	24179,22029,22029,13442,13442,13442,13442	1	9	24607,0,0,0,0,0,0	51	2900
175400	118	286	198	79	83	29	10	4	1929	233	377	490	206	1	23	3258	329	474	0,0,0,0,0,0	26314	194	67	25009	305	0	24248,22082,22082,13418,13418,13418,13418	1	14	24673,0,0,0,0,0,0	56	3057
175461	126	278	181	72	94	26	8	4	1880	236	380	473	96	0	15	2928	290	495	0,0,0,0,0,0	25969	219	93	25102	305	0	24353,22171,22171,13425,13425,13425,13425	1	8	24766,0,0,0,0,0,0	51	3236
175517	114	257	199	67	96	28	10	4	1833	236	385	505	313	0	26	2848	274	497	0,0,0,0,0,0	37715	196	69	25169	307	0	24429,22235,22235,13420,13420,13420,13420	1	5	24833,0,0,0,0,0,0	49	3388
175572	109	257	189	68	91	23	10	4	1795	237	391	517	267	0	27	2543	267	480	0,0,0,0,0,0	37665	174	74	25242	309	0	24600,22394,22394,13465,13465,13465,13465	1	7	24906,0,0,0,0,0,0	48	3536
175631	106	249	175	72	85	21	10	4	1765	237	391	508	83	0	32	2006	249	469	0,0,0,0,0,0	25848	192	65	25305	311	0	24743,22526,22526,13493,13493,13493,13493	1	6	24969,0,0,0,0,0,0	41	3691
175634	123	281	161	66	80	18	12	3	1735	237	396	541	250	2	20	2144	243	498	5,0,0,0,0,0	25096	168	69	25411	313	0	24933,22705,22705,13571,13571,13571,13571	1	4	25036,39,0,0,0,0,0	42	3813
175629	152	273	169	68	88	18	11	3	1695	240	400	566	97	0	19	2201	238	541	12,0,0,0,0,0	25392	165	72	25524	318	0	25138,22901,22901,13663,13663,13663,13663	1	10	25095,95,0,0,0,0,0	36	3934
175623	162	313	157	76	84	20	13	3	1652	240	403	568	250	0	24	2126	233	592	17,0,0,0,0,0	25247	166	89	25645	320	0	25350,23103,23103,13756,13756,13756,13756	1	6	25164,148,0,0,0,0,0	43	4070
175601	183	325	169	78	105	24	14	2	1600	240	405	527	299	2	29	2074	239	659	24,0,0,0,0,0	25086	158	99	25773	324	0	25581,23324,23324,13867,13867,13867,13867	1	6	25219,223,0,0,0,0,0	41	4190
175544	202	365	170	87	102	22	14	2	1591	240	407	544	262	0	33	1982	263	699	31,0,0,0,0,0	36973	191	107	25923	331	0	25821,23555,23555,14001,14001,14001,14001	1	5	25282,313,0,0,0,0,0	43	4343
175519	212	394	174	91	99	27	11	5	1565	240	409	521	242	2	32	2084	290	718	38,0,0,0,0,0	37241	105	115	26065	335	0	26052,23776,23776,14117,14117,14117,14117	1	2	25334,406,0,0,0,0,0	42	4426
175491	211	413	193	98	108	28	11	5	1534	241	413	555	267	1	41	2368	328	734	41,0,0,0,0,0	25558	127	138	26201	338	0	26279,23993,23993,14226,14226,14226,14226	1	16	25392,485,0,0,0,0,0	42	4528
175406	228	457	214	94	112	29	14	5	1528	241	418	548	236	2	41	2379	344	804	45,0,0,0,0,0	25664	141	181	26379	343	0	26529,24236,24235,14378,14378,14378,14378	1	15	25479,578,0,0,0,0,0	46	4628
175334	250	477	234	99	119	29	13	5	1522	243	421	532	223	0	35	2758	373	848	50,0,0,0,0,0	25686	125	183	26559	347	0	26782,24480,24479,14525,14525,14525,14525	1	12	25531,708,0,0,0,0,0	50	4719
175267	257	506	251	115	114	30	13	5	1521	243	424	549	303	2	37	2757	387	899	53,0,0,0,0,0	25808	150	169	26725	351	0	27024,24715,24714,14665,14665,14665,14665	1	13	25584,824,0,0,0,0,0	53	4836
175207	268	519	268	144	115	29	13	6	1507	244	426	547	255	3	37	2800	427	929	56,0,0,0,0,0	26067	125	185	26907	354	0	27269,24950,24948,14803,14803,14803,14803	1	16	25641,951,0,0,0,0,0	54	4922
175122	272	517	276	165	137	28	14	5	1534	245	431	524	152	0	40	2871	470	939	59,0,0,0,0,0	37811	133	173	27078	356	0	27531,25206,25203,14962,14962,14962,14962	1	7	25682,1083,0,0,0,0,0	53	5024
175043	274	540	282	164	147	30	16	4	1569	245	432	512	294	1	57	3059	518	935	61,0,0,0,0,0	37883	279	169	27246	362	0	27728,25396,25392,15081,15081,15081,15081	1	7	25725,1211,0,0,0,0,0	55	5229
174941	280	563	283	168	155	37	18	3	1617	245	436	535	222	2	47	3698	538	966	64,0,0,0,0,0	26438	306	194	27435	369	0	27956,25619,25614,15228,15228,15228,15228	1	18	25779,1351,0,0,0,0,0	61	5439
174831	305	601	307	167	155	42	20	3	1627	247	441	555	269	3	53	3848	577	1020	66,0,0,0,0,0	26658	301	224	27653	376	0	28208,25863,25856,15390,15390,15390,15390	1	12	25836,1516,0,0,0,0,0	69	5653
174687	334	631	326	186	148	43	21	3	1675	248	444	546	325	2	44	4075	599	1090	67,0,0,0,0,0	27103	307	234	27881	384	0	28472,26123,26115,15575,15575,15575,15575	1	6	25904,1682,0,0,0,0,0	73	5878
174606	326	635	352	170	186	42	21	3	1707	248	450	549	269	2	49	4243	614	1118	68,0,0,0,0,0	27180	297	204	28076	394	0	28708,26352,26341,15715,15715,15715,15715	1	8	25951,1838,0,0,0,0,0	83	6088
174469	333	697	363	179	192	45	23	4	1736	250	455	569	254	4	67	4517	662	1170	70,0,0,0,0,0	27280	286	248	28317	402	0	28981,26619,26606,15901,15901,15901,15901	1	17	26007,2031,0,0,0,0,0	85	6285
174367	322	698	399	208	191	45	25	4	1779	251	457	574	235	5	53	4245	678	1210	71,0,0,0,0,0	39287	304	224	28533	411	0	29225,26859,26843,16058,16058,16058,16058	1	9	26052,2205,0,0,0,0,0	96	6495
174254	340	700	418	182	210	47	29	4	1849	253	460	568	227	3	41	4377	641	1285	72,0,0,0,0,0	39011	601	237	28764	419	0	29567,27201,27179,16272,16272,16272,16272	1	16	26105,2390,0,0,0,0,0	101	6814
174097	388	715	455	187	214	54	29	5	1884	254	464	563	259	1	85	4433	723	1319	75,0,0,0,0,0	27507	614	279	29030	434	0	29947,27583,27556,16525,16525,16525,16525	1	19	26141,2630,0,0,0,0,0	112	7296
173923	410	760	432	216	221	53	31	6	1975	254	465	561	273	7	68	4812	739	1384	77,0,0,0,0,0	27889	634	287	29307	446	0	30334,27968,27937,16788,16788,16788,16788	1	17	26188,2867,0,0,0,0,0	121	7870
173758	426	806	455	214	220	57	29	7	2051	256	467	534	328	4	68	4819	754	1453	78,0,0,0,0,0	28268	603	284	29579	459	0	30728,28363,28327,17055,17055,17055,17055	1	14	26234,3102,0,0,0,0,0	124	8396
173572	446	852	474	222	229	60	27	8	2127	260	469	524	297	7	62	4798	737	1573	80,0,0,0,0,0	28199	636	313	29880	472	0	31136,28773,28731,17336,17336,17336,17336	1	11	26265,3380,0,0,0,0,0	124	8964
173331	495	904	500	220	255	60	27	9	2210	264	471	516	308	4	72	4879	744	1717	82,0,0,0,0,0	27931	616	386	30253	486	0	31619,29256,29209,17684,17684,17684,17684	1	27	26307,3721,0,0,0,0,0	129	9503
173146	523	952	516	227	260	54	37	9	2281	265	476	497	313	5	75	4755	783	1786	84,0,0,0,0,0	39437	591	339	30574	506	0	32044,29685,29630,17979,17979,17979,17979	1	20	26341,4022,0,0,0,0,0	132	10025
172991	508	937	558	258	260	58	38	10	2382	268	478	507	237	4	79	4979	804	1813	84,0,0,0,0,0	39501	815	300	30860	522	0	32471,30114,30052,18254,18254,18254,18254	1	17	26376,4287,0,0,0,0,0	140	10740
172764	522	1014	553	257	265	62	43	10	2507	269	480	507	104	1	89	5525	877	1839	85,0,0,0,0,0	28391	763	369	31213	539	0	33025,30672,30603,18627,18627,18627,18627	2	26	26414,4614,0,0,0,0,0	154	11407
172476	573	1088	578	274	271	64	43	11	2615	271	482	506	337	4	95	5686	908	1983	86,0,0,0,0,0	28509	782	432	31625	561	0	33664,31318,31240,19077,19077,19077,19077	1	20	26448,5010,0,0,0,0,0	151	12082
172173	642	1135	602	294	280	65	45	13	2740	272	485	509	260	5	94	6221	972	2091	87,0,0,0,0,0	28866	813	449	32059	578	0	34307,31966,31880,19537,19537,19537,19537	2	17	26469,5438,0,0,0,0,0	157	12785
171872	663	1239	632	310	275	68	44	12	2866	277	488	491	250	5	95	6440	976	2255	89,0,0,0,0,0	29554	767	465	32500	603	0	34968,32635,32538,20002,20002,20002,20002	2	31	26495,5873,0,0,0,0,0	170	13431
171568	701	1298	672	333	306	76	44	13	2965	280	490	468	335	5	114	6558	1066	2364	90,0,0,0,0,0	29381	775	495	32978	622	0	35647,33322,33213,20482,20482,20482,20482	2	30	26526,6334,0,0,0,0,0	175	14089
171249	732	1349	716	346	325	80	44	11	3116	284	494	454	246	6	95	6585	1107	2485	90,0,0,0,0,0	41039	758	485	33447	639	0	36326,34009,33890,20969,20969,20969,20969	2	27	26560,6783,0,0,0,0,0	186	14735
171018	698	1402	754	366	335	88	43	13	3247	285	497	468	245	6	86	6829	1113	2573	91,0,0,0,0,0	40783	862	416	33848	655	0	36976,34668,34535,21394,21394,21394,21394	2	24	26584,7171,0,0,0,0,0	186	15467
170698	686	1515	791	384	373	91	41	14	3362	289	502	468	237	7	129	7265	1226	2655	92,0,0,0,0,0	46278	858	524	34354	679	0	37721,35423,35276,21908,21908,21908,21908	2	44	26617,7665,0,0,0,0,0	186	16176
170368	704	1550	828	400	404	103	43	12	3539	292	503	467	302	9	140	7335	1297	2735	92,0,0,0,0,0	46393	905	514	34852	698	0	38454,36165,36006,22423,22423,22423,22423	3	39	26647,8145,0,0,0,0,0	193	16931
170087	698	1580	875	415	428	100	49	13	3706	292	503	453	279	5	135	7570	1408	2737	93,0,0,0,0,0	46588	879	486	35314	725	0	39165,36889,36715,22903,22903,22903,22903	3	29	26667,8607,0,0,0,0,0	209	17664
169805	681	1607	918	439	462	109	52	11	3861	294	507	449	287	2	130	7516	1456	2812	93,0,0,0,0,0	46629	867	494	35781	755	0	39868,37606,37417,23379,23379,23379,23379	3	26	26688,9076,0,0,0,0,0	224	18378
169488	757	1576	1008	439	466	116	65	10	4012	299	510	414	317	8	162	7724	1537	2890	94,0,0,0,0,0	46490	894	559	36323	775	0	40637,38389,38182,23907,23907,23907,23907	3	40	26707,9612,0,0,0,0,0	218	19107
169284	778	1494	1003	454	450	119	68	11	4269	303	513	397	295	8	124	7969	1521	2845	94,0,0,0,0,0	70738	879	416	36725	791	0	41263,39030,38805,24309,24309,24309,24309	3	27	26726,10006,0,0,0,0,0	238	19810
169174	689	1421	991	476	453	117	75	12	4517	304	517	399	269	6	116	8066	1493	2729	94,0,0,0,0,0	70880	612	337	37045	810	0	41886,39671,39429,24666,24666,24666,24666	3	19	26741,10324,0,0,0,0,0	235	20304
168960	718	1402	1013	468	472	114	72	14	4687	308	518	423	241	7	165	7955	1521	2738	94,0,0,0,0,0	47158	653	494	37516	835	0	42636,40442,40178,25139,25139,25139,25139	3	30	26755,10799,0,0,0,0,0	239	20814
168776	726	1431	997	483	445	112	67	15	4858	315	521	440	278	9	151	8323	1520	2741	95,0,0,0,0,0	46930	684	474	37968	860	0	43385,41212,40926,25597,25597,25597,25597	3	29	26768,11257,0,0,0,0,0	242	21357
168589	748	1450	967	437	450	112	63	12	5070	323	525	417	260	9	143	8978	1488	2739	95,0,0,0,0,0	47350	620	466	38403	892	0	44114,41964,41656,26046,26046,26046,26046	3	23	26785,11704,0,0,0,0,0	230	21860
168422	752	1463	925	477	466	122	65	14	5186	326	528	428	264	5	139	9125	1496	2774	95,0,0,0,0,0	48021	639	472	38848	919	0	44834,42709,42375,26483,26483,26483,26483	3	24	26803,12155,0,0,0,0,0	240	22377
168231	750	1473	950	454	491	129	65	14	5324	333	532	427	302	3	140	9147	1485	2827	95,0,0,0,0,0	47997	678	477	39306	939	0	45571,43471,43114,26940,26940,26940,26940	3	28	26812,12620,0,0,0,0,0	243	22904
168103	762	1440	941	454	476	133	60	12	5491	340	534	424	279	8	134	9217	1446	2820	96,0,0,0,0,0	71953	652	433	39714	967	0	46252,44179,43795,27341,27341,27341,27341	3	23	26821,13041,0,0,0,0,0	252	23423
168101	674	1426	912	469	485	140	64	12	5584	343	536	418	245	7	148	9252	1437	2733	96,0,0,0,0,0	71965	927	349	40045	987	0	46811,44776,44364,27655,27655,27655,27655	3	21	26827,13380,0,0,0,0,0	262	24189
167964	674	1507	855	486	477	147	66	12	5670	347	541	423	313	4	152	9060	1423	2789	96,0,0,0,0,0	47990	847	501	40530	1009	0	47583,45582,45138,28104,28104,28104,28104	3	26	26840,13872,0,0,0,0,0	257	24856
167843	695	1476	882	486	470	151	67	13	5766	351	546	410	228	7	145	8990	1414	2813	97,0,0,0,0,0	47748	877	455	40965	1033	0	48342,46369,45896,28519,28519,28519,28519	3	24	26846,14321,0,0,0,0,0	269	25549
167693	736	1486	885	478	440	147	68	12	5896	357	548	380	260	3	146	8950	1404	2836	97,0,0,0,0,0	47750	859	506	41451	1056	0	49117,47173,46671,28960,28960,28960,28960	3	26	26857,14812,0,0,0,0,0	268	26225
167558	772	1508	861	478	430	143	67	13	6005	360	551	383	254	7	144	8749	1391	2868	97,0,0,0,0,0	47967	937	490	41913	1091	0	49887,47973,47440,29390,29390,29390,29390	3	27	26865,15286,0,0,0,0,0	258	26944
167421	773	1516	872	497	428	151	66	11	6091	368	552	403	249	8	128	8743	1375	2928	97,0,0,0,0,0	47846	894	483	42370	1119	0	50656,48773,48211,29820,29820,29820,29820	3	23	26872,15755,0,0,0,0,0	249	27644
167420	709	1435	912	507	437	143	68	12	6178	371	554	375	272	8	131	8105	1315	2896	97,0,0,0,0,0	71060	889	355	42706	1140	0	51299,49448,48854,30123,30123,30123,30123	3	17	26874,16101,0,0,0,0,0	254	28358
167423	632	1397	925	525	432	144	75	11	6252	371	559	383	284	6	150	7740	1340	2790	97,0,0,0,0,0	71362	1049	342	43024	1166	0	52076,50254,49631,30486,30486,30486,30486	2	16	26881,16428,0,0,0,0,0	268	29199
167316	636	1422	942	499	438	143	79	9	6323	377	562	360	326	11	171	8491	1377	2782	97,0,0,0,0,0	47438	1026	484	43483	1193	0	52945,51156,50500,30945,30945,30945,30945	2	25	26885,16900,0,0,0,0,0	261	29998
167346	671	1348	969	502	437	140	81	10	6296	381	565	363	227	6	154	8902	1413	2735	97,0,0,0,0,0	47469	1086	438	43894	1221	0	53762,52017,51319,31318,31318,31318,31318	2	29	26896,17325,0,0,0,0,0	256	30872
167365	647	1363	936	469	425	148	78	16	6347	386	566	373	247	7	137	8795	1348	2718	98,0,0,0,0,0	47665	1092	406	44278	1246	0	54556,52848,52113,31681,31681,31681,31681	2	22	26903,17721,0,0,0,0,0	249	31706
167360	612	1436	891	468	397	152	75	16	6375	391	573	362	247	4	130	8784	1299	2732	98,0,0,0,0,0	47867	1108	416	44671	1270	0	55363,53691,52921,32065,32065,32065,32065	2	19	26906,18132,0,0,0,0,0	248	32550
167290	633	1420	926	456	389	142	73	14	6428	399	576	369	229	5	133	8794	1267	2772	98,0,0,0,0,0	47781	1073	433	45081	1294	0	56190,54552,53751,32487,32487,32487,32487	2	32	26912,18554,0,0,0,0,0	240	33347
167357	608	1332	943	436	425	137	71	15	6442	404	576	364	255	7	118	8541	1242	2710	98,0,0,0,0,0	71815	1100	331	45400	1310	0	56919,55317,54481,32796,32796,32796,32796	2	14	26915,18879,0,0,0,0,0	243	34161
167418	580	1270	910	456	428	138	63	15	6474	413	581	368	231	2	127	8291	1226	2619	98,0,0,0,0,0	71186	1344	337	45711	1337	0	57722,56158,55286,33138,33138,33138,33138	2	18	26919,19204,0,0,0,0,0	231	35225
167437	580	1267	878	466	408	141	67	13	6491	416	582	361	265	4	147	8363	1241	2566	98,0,0,0,0,0	47494	1376	393	46094	1350	0	58558,57032,56124,33518,33518,33518,33518	2	24	26920,19593,0,0,0,0,0	234	36247
167461	605	1258	872	455	394	123	61	16	6498	420	583	374	248	7	133	8335	1212	2556	98,0,0,0,0,0	47473	1342	401	46467	1378	0	59443,57956,57011,33915,33915,33915,33915	2	25	26923,19984,0,0,0,0,0	218	37263
167493	586	1263	845	455	406	119	58	20	6495	421	585	405	332	4	107	7948	1201	2531	98,0,0,0,0,0	47426	1339	360	46809	1397	0	60269,58818,57840,34281,34281,34281,34281	2	13	26926,20334,0,0,0,0,0	210	38282
167534	616	1240	856	455	392	112	55	22	6448	426	590	394	253	7	129	7153	1181	2545	98,0,0,0,0,0	38526	1369	420	47202	1425	0	61146,59737,58719,34674,34674,34674,34674	2	15	26929,20745,0,0,0,0,0	191	39304
167580	625	1243	851	452	379	109	55	19	6410	430	593	430	246	9	135	7075	1160	2554	99,0,0,0,0,0	38455	1328	395	47573	1450	0	61986,60615,59560,35043,35043,35043,35043	2	22	26932,21129,0,0,0,0,0	185	40257
167704	559	1201	863	420	392	105	51	21	6397	434	599	438	303	9	97	6884	1084	2507	99,0,0,0,0,0	40801	1362	281	47833	1472	0	62711,61380,60289,35320,35320,35320,35320	2	17	26934,21406,0,0,0,0,0	189	41246
167833	502	1145	873	386	380	117	47	21	6404	437	601	440	267	2	103	6864	1051	2399	99,0,0,0,0,0	40570	1129	281	48098	1490	0	63443,62148,61022,35585,35585,35585,35585	2	14	26934,21684,0,0,0,0,0	177	42060
167922	507	1109	855	392	373	113	46	21	6365	439	604	421	311	5	142	7036	1063	2332	99,0,0,0,0,0	38286	1074	343	48415	1517	0	64231,62978,61813,35898,35898,35898,35898	2	18	26935,22021,0,0,0,0,0	190	42830
168013	508	1065	840	404	363	117	45	20	6322	442	607	434	319	5	140	7254	1087	2255	99,0,0,0,0,0	38195	1080	341	48730	1545	0	65014,63802,62600,36203,36203,36203,36203	2	18	26935,22360,0,0,0,0,0	179	43595
168121	504	1058	816	374	370	115	47	20	6268	443	610	445	327	9	133	7523	1080	2204	99,0,0,0,0,0	38438	1072	320	49034	1562	0	65769,64596,63355,36483,36483,36483,36483	2	16	26936,22676,0,0,0,0,0	183	44326
168239	521	1010	806	365	378	113	46	17	6191	446	614	427	288	4	112	7418	1043	2196	99,0,0,0,0,0	38581	1080	314	49318	1592	0	66516,65381,64103,36755,36755,36755,36755	2	26	26936,22980,0,0,0,0,0	193	45053
168350	504	1011	799	342	348	107	47	16	6156	449	617	431	244	5	108	7117	977	2181	99,0,0,0,0,0	38578	1076	309	49592	1628	0	67252,66157,64842,37025,37025,37025,37025	2	18	26938,23274,0,0,0,0,0	184	45771
168509	455	1000	780	310	328	105	45	16	6125	451	622	443	242	4	92	7325	944	2079	99,0,0,0,0,0	40764	1126	246	49823	1644	0	67942,66883,65533,37251,37251,37251,37251	2	9	26939,23517,0,0,0,0,0	177	46557
168695	405	954	782	314	327	98	42	15	6036	456	622	420	244	1	77	6966	932	1990	99,0,0,0,0,0	40791	910	228	50039	1656	0	68632,67614,66226,37456,37456,37456,37456	2	12	26941,23741,0,0,0,0,0	166	47177
168883	375	912	776	307	321	92	40	15	5940	460	625	427	286	8	86	6609	873	1950	99,0,0,0,0,0	31194	917	246	50270	1671	0	69289,68312,66886,37643,37643,37643,37643	2	14	26943,23982,0,0,0,0,0	164	47813
169021	391	887	748	298	311	88	36	15	5861	464	626	429	252	6	95	6343	854	1905	99,0,0,0,0,0	31033	881	267	50525	1685	0	69982,69042,67582,37862,37862,37862,37862	1	10	26944,24242,0,0,0,0,0	158	48398
169157	388	861	728	304	297	88	37	13	5779	465	629	427	305	7	84	5946	812	1891	99,0,0,0,0,0	30877	884	258	50769	1700	0	70652,69750,68255,38079,38079,38079,38079	1	11	26946,24496,0,0,0,0,0	151	48974
169254	375	856	666	297	286	80	32	13	5786	469	632	449	228	5	101	5966	771	1821	99,0,0,0,0,0	30670	895	248	51003	1715	0	71343,70474,68951,38325,38325,38325,38325	1	11	26947,24737,0,0,0,0,0	144	49567
169371	379	859	656	288	280	73	33	14	5686	470	637	446	308	3	84	5591	779	1789	99,0,0,0,0,0	25530	953	273	51270	1722	0	72026,71194,69636,38557,38557,38557,38557	1	13	26949,25007,0,0,0,0,0	141	50210
169556	362	823	633	265	271	70	39	11	5607	470	639	447	250	6	76	5169	723	1740	99,0,0,0,0,0	31316	893	212	51472	1732	0	72666,71870,70279,38738,38738,38738,38738	1	15	26951,25215,0,0,0,0,0	138	50790
169756	330	764	616	245	270	70	33	9	5539	473	641	472	283	3	69	5188	670	1658	99,0,0,0,0,0	31117	1222	186	51644	1747	0	73268,72509,70885,38886,38886,38886,38886	1	3	26953,25397,0,0,0,0,0	129	51642
169926	329	746	583	245	246	70	31	11	5436	477	646	438	309	7	87	5227	652	1598	99,0,0,0,0,0	25132	1252	219	51852	1759	0	73893,73172,71515,39059,39059,39059,39059	1	12	26955,25609,0,0,0,0,0	117	52473
170108	341	702	572	240	231	70	31	9	5315	479	648	463	238	4	83	5410	627	1560	99,0,0,0,0,0	25062	1191	202	52038	1777	0	74505,73822,72132,39208,39208,39208,39208	1	13	26956,25810,0,0,0,0,0	114	53263
170305	299	695	546	247	220	68	33	8	5194	481	650	454	306	1	66	5636	624	1484	99,0,0,0,0,0	25035	1238	175	52202	1788	0	75093,74445,72725,39351,39351,39351,39351	1	7	26959,25981,0,0,0,0,0	116	54153
170472	267	702	537	221	212	65	32	10	5091	482	655	461	254	4	66	5335	603	1433	99,0,0,0,0,0	25059	1224	180	52371	1799	0	75698,75085,73336,39513,39513,39513,39513	1	11	26959,26159,0,0,0,0,0	113	54993
170642	240	656	532	220	220	60	31	11	4992	486	656	447	323	3	62	5195	572	1387	99,0,0,0,0,0	25150	1237	157	52516	1811	0	76285,75705,73930,39668,39668,39668,39668	1	13	26959,26310,0,0,0,0,0	105	55871
170825	215	595	512	198	199	67	30	9	4952	487	657	442	215	2	56	4830	533	1283	99,0,0,0,0,0	28895	1238	135	52642	1820	0	76834,76288,74486,39805,39805,39805,39805	1	2	26960,26444,0,0,0,0,0	110	56758
171027	196	539	488	187	200	63	30	8	4858	490	660	422	237	2	62	4316	522	1181	99,0,0,0,0,0	28518	626	109	52742	1829	0	77537,77021,75196,39995,39995,39995,39995	1	3	26962,26549,0,0,0,0,0	99	57192
171221	203	484	472	184	173	59	31	8	4760	490	661	426	219	2	58	4121	501	1105	99,0,0,0,0,0	22739	592	122	52855	1838	0	78240,77757,75908,40198,40198,40198,40198	0	4	26964,26665,0,0,0,0,0	96	57603
171418	180	473	463	169	167	58	30	8	4625	492	663	423	256	0	38	3957	468	1072	99,0,0,0,0,0	22578	611	127	52976	1844	0	78933,78482,76609,40389,40389,40389,40389	0	5	26964,26792,0,0,0,0,0	95	58018
171608	182	444	427	156	160	58	29	8	4516	494	664	433	242	5	50	3647	454	1002	99,0,0,0,0,0	22666	548	119	53087	1852	0	79643,79223,77327,40588,40588,40588,40588	0	7	26964,26908,0,0,0,0,0	94	58411
171864	154	419	398	140	150	57	26	8	4368	495	667	448	234	2	43	3710	413	931	99,0,0,0,0,0	22233	574	84	53170	1855	0	80326,79940,78018,40748,40748,40748,40748	0	3	26964,26994,0,0,0,0,0	88	58809
172090	140	396	370	129	128	61	24	9	4235	496	668	447	316	2	45	3242	368	880	99,0,0,0,0,0	22159	580	94	53256	1863	0	81007,80653,78708,40924,40924,40924,40924	0	7	26964,27086,0,0,0,0,0	87	59210
172297	129	349	366	114	118	57	23	7	4119	497	670	457	246	1	32	3229	332	824	99,0,0,0,0,0	27305	599	65	53319	1865	0	81686,81360,79396,41111,41111,41111,41111	0	2	26964,27151,0,0,0,0,0	88	59638
172497	132	351	328	105	106	50	20	9	3976	499	673	502	344	2	32	3152	325	767	99,0,0,0,0,0	27593	798	94	53408	1870	0	82132,81836,79850,41169,41169,41169,41169	0	4	26965,27241,0,0,0,0,0	79	60193
172679	128	323	322	97	103	45	16	7	3848	503	675	485	248	3	28	3015	296	738	99,0,0,0,0,0	16757	813	87	53494	1874	0	82558,82287,80282,41216,41216,41216,41216	0	8	26966,27329,0,0,0,0,0	70	60779
172889	122	305	305	88	94	43	14	7	3699	503	677	488	266	2	30	3082	278	693	99,0,0,0,0,0	16652	866	89	53577	1880	0	82979,82736,80709,41247,41247,41247,41247	0	7	26966,27415,0,0,0,0,0	61	61411
173106	129	281	298	78	82	36	14	7	3529	505	681	479	241	2	31	3042	247	671	99,0,0,0,0,0	16733	807	83	53652	1888	0	83373,83157,81110,41267,41267,41267,41267	0	2	26966,27495,0,0,0,0,0	57	61974
173273	120	267	268	83	82	34	14	8	3409	505	683	481	248	1	25	2859	225	643	99,0,0,0,0,0	16636	864	66	53713	1893	0	83767,83572,81511,41306,41306,41306,41306	0	3	26966,27560,0,0,0,0,0	57	62576
173462	115	272	235	74	82	30	14	7	3263	505	687	462	304	2	33	2756	224	598	99,0,0,0,0,0	16462	750	75	53786	1895	0	84153,83981,81904,41337,41337,41337,41337	0	5	26966,27634,0,0,0,0,0	54	63100
173645	105	251	236	67	77	27	13	8	3118	507	692	449	242	0	19	2616	198	578	99,0,0,0,0,0	27124	793	54	53838	1899	0	84563,84412,82320,41381,41381,41381,41381	0	0	26966,27687,0,0,0,0,0	53	63640
173843	97	233	231	64	75	25	11	8	2958	507	694	501	304	3	24	2209	180	556	99,0,0,0,0,0	26594	1033	55	53889	1903	0	84957,84826,82718,41394,41394,41394,41394	0	7	26966,27741,0,0,0,0,0	47	64381
174007	87	247	206	58	61	22	8	8	2837	510	695	521	257	1	17	2142	157	532	99,0,0,0,0,0	16065	1036	59	53943	1908	0	85363,85253,83130,41425,41425,41425,41425	0	6	26966,27800,0,0,0,0,0	39	65108
174166	83	224	215	58	66	20	9	7	2688	510	700	547	244	0	12	2058	143	532	99,0,0,0,0,0	15853	1035	51	53992	1912	0	85770,85680,83543,41457,41457,41457,41457	0	2	26967,27850,0,0,0,0,0	33	65862
174327	76	201	209	62	61	16	9	7	2564	510	704	545	252	0	22	2101	145	489	99,0,0,0,0,0	15793	1088	43	54030	1918	0	86144,86072,83923,41477,41477,41477,41477	0	0	26967,27892,0,0,0,0,0	30	66678
174465	73	193	186	67	59	14	9	6	2455	512	707	552	247	2	15	2085	139	462	99,0,0,0,0,0	15776	1035	53	54080	1921	0	86542,86487,84328,41518,41518,41518,41518	0	5	26967,27944,0,0,0,0,0	26	67406
174590	76	162	179	67	59	13	9	6	2362	512	711	549	95	0	17	2029	132	433	99,0,0,0,0,0	15914	1046	44	54122	1923	0	86935,86896,84727,41557,41557,41557,41557	0	3	26967,27988,0,0,0,0,0	22	68160
174737	76	171	164	60	52	12	8	6	2234	513	713	569	216	0	22	2023	133	410	99,0,0,0,0,0	21226	1082	45	54161	1929	0	87304,87281,85101,41582,41582,41582,41582	0	2	26967,28032,0,0,0,0,0	21	68929
174860	66	169	171	44	44	12	7	6	2138	513	716	564	99	2	17	2141	131	382	99,0,0,0,0,0	21386	355	39	54197	1932	0	87839,87830,85645,41706,41706,41706,41706	0	2	26967,28070,0,0,0,0,0	20	69170
174986	63	148	165	36	43	12	3	6	2048	516	720	568	107	1	13	1853	113	357	99,0,0,0,0,0	13054	387	38	54232	1935	0	88374,88380,86189,41827,41827,41827,41827	0	2	26967,28107,0,0,0,0,0	16	69454
175114	54	136	150	36	45	12	3	4	1952	516	724	554	83	0	9	1834	105	331	99,0,0,0,0,0	12756	352	31	54261	1937	0	88890,88910,86714,41932,41932,41932,41932	0	1	26967,28137,0,0,0,0,0	16	69713
175215	57	136	130	35	43	11	2	4	1869	517	727	595	142	0	11	1622	103	311	99,0,0,0,0,0	12582	337	39	54299	1938	0	89471,89504,87303,42079,42079,42079,42079	0	2	26967,28176,0,0,0,0,0	14	69946
175337	51	130	118	36	34	9	2	4	1775	517	733	553	103	0	6	1775	94	286	99,0,0,0,0,0	12623	335	28	54326	1939	0	90000,90048,87841,42195,42195,42195,42195	0	1	26967,28204,0,0,0,0,0	12	70189
175436	50	129	118	36	30	9	2	4	1678	517	737	528	98	0	4	1650	83	291	99,0,0,0,0,0	12567	319	36	54360	1941	0	90555,90615,88403,42329,42329,42329,42329	0	0	26967,28240,0,0,0,0,0	11	70396
175547	45	121	112	33	32	7	2	4	1587	517	739	515	134	0	9	1452	72	280	99,0,0,0,0,0	20706	364	32	54389	1944	0	91112,91186,88969,42465,42465,42465,42465	0	1	26967,28271,0,0,0,0,0	10	70650
175626	38	115	105	31	31	5	2	4	1525	518	746	505	307	1	8	1284	64	263	99,0,0,0,0,0	20603	305	26	54415	1945	0	91286,91370,89148,42393,42393,42393,42393	0	0	26967,28298,0,0,0,0,0	8	70853
175688	33	116	91	28	33	4	2	3	1479	518	751	511	134	0	9	1204	64	243	99,0,0,0,0,0	11958	318	33	54446	1947	0	91472,91563,89337,42322,42322,42322,42322	0	2	26968,28329,0,0,0,0,0	7	71064
175793	39	103	83	25	36	4	2	2	1386	519	754	545	267	1	8	1071	59	233	99,0,0,0,0,0	11958	295	24	54467	1950	0	91637,91738,89505,42224,42224,42224,42224	0	1	26968,28352,0,0,0,0,0	6	71278
175865	35	100	82	23	36	4	2	2	1321	519	757	580	146	0	10	1039	63	219	99,0,0,0,0,0	11979	377	26	54493	1950	0	91792,91902,89663,42130,42130,42130,42130	0	2	26968,28378,0,0,0,0,0	6	71542
175960	36	96	82	23	35	2	2	2	1229	519	760	598	114	0	9	1024	61	215	99,0,0,0,0,0	11937	349	29	54516	1956	0	91944,92064,89819,42032,42032,42032,42032	0	0	26968,28403,0,0,0,0,0	5	71777
176033	43	78	87	19	38	2	2	2	1159	519	764	585	328	1	14	908	65	204	99,0,0,0,0,0	12002	338	26	54541	1959	0	92093,92222,89972,41940,41940,41940,41940	0	0	26968,28430,0,0,0,0,0	4	72014
176115	40	78	89	15	34	2	2	0	1084	519	768	604	79	0	6	900	62	198	99,0,0,0,0,0	20421	302	20	54560	1960	0	92260,92397,90142,41859,41859,41859,41859	0	2	26968,28450,0,0,0,0,0	4	72213
176185	28	77	82	17	29	2	1	0	1036	520	769	601	79	0	7	788	57	179	99,0,0,0,0,0	20185	162	12	54572	1960	0	92457,92601,90345,41803,41803,41803,41803	0	1	26968,28462,0,0,0,0,0	3	72330
176280	17	77	88	17	22	1	2	0	950	520	772	600	148	0	7	904	59	165	99,0,0,0,0,0	11694	157	12	54583	1961	0	92659,92812,90551,41731,41731,41731,41731	0	0	26968,28474,0,0,0,0,0	2	72441
176349	17	65	79	21	24	0	2	0	896	520	773	626	229	0	3	954	50	158	99,0,0,0,0,0	11838	166	12	54594	1962	0	92872,93031,90770,41674,41674,41674,41674	0	1	26968,28486,0,0,0,0,0	2	72549
176389	18	60	71	22	22	0	2	0	866	520	776	603	5255	6	4	915	47	148	99,0,0,0,0,0	11704	180	13	54606	1964	0	93094,93259,90998,41639,41639,41639,41639	0	1	26968,28500,0,0,0,0,0	2	72663
176449	24	48	71	20	21	0	2	0	813	520	778	598	2649	0	4	841	48	138	100,0,0,0,0,0	11880	156	20	54623	1967	0	93316,93488,91226,41602,41602,41602,41602	0	2	26968,28520,0,0,0,0,0	2	72765
176491	29	45	65	17	19	0	2	0	776	520	782	598	1555	1	5	877	51	126	100,0,0,0,0,0	11557	155	21	54642	1969	0	93517,93696,91433,41555,41555,41555,41555	0	0	26968,28541,0,0,0,0,0	2	72868
176549	20	49	59	16	17	0	2	0	728	520	786	635	756	0	4	828	46	117	100,0,0,0,0,0	20409	140	4	54646	1969	0	93701,93883,91622,41500,41500,41500,41500	0	0	26968,28545,0,0,0,0,0	2	72964
176591	17	46	55	12	15	0	4	0	694	520	792	588	459	0	2	844	39	110	100,0,0,0,0,0	20393	156	7	54652	1970	0	93930,94119,91859,41479,41479,41479,41479	0	1	26968,28551,0,0,0,0,0	2	73080
176649	14	38	52	16	13	0	5	0	644	520	795	578	2879	0	4	762	32	106	100,0,0,0,0,0	22194	169	7	54659	1970	0	94150,94343,92085,41440,41440,41440,41440	0	0	26968,28558,0,0,0,0,0	4	73188
176683	13	43	50	13	12	2	4	0	604	521	801	549	2860	0	7	836	33	104	100,0,0,0,0,0	22273	177	14	54672	1971	0	94379,94576,92321,41409,41409,41409,41409	0	1	26968,28571,0,0,0,0,0	4	73298
176728	17	34	50	10	10	2	4	0	568	521	802	541	2270	3	3	990	29	98	100,0,0,0,0,0	22583	178	10	54681	1972	0	94625,94826,92572,41382,41382,41382,41382	0	0	26968,28581,0,0,0,0,0	6	73411
176754	22	29	49	8	8	2	4	0	543	521	806	581	1328	0	3	763	32	90	100,0,0,0,0,0	22176	188	11	54692	1972	0	94847,95052,92802,41361,41361,41361,41361	0	0	26968,28592,0,0,0,0,0	6	73528
176783	19	29	41	8	4	2	4	0	521	521	814	588	1060	0	1	758	30	77	100,0,0,0,0,0	22367	155	6	54698	1972	0	95078,95287,93040,41338,41338,41338,41338	0	0	26968,28598,0,0,0,0,0	6	73641
176817	14	27	35	8	6	2	4	0	495	521	817	590	1889	1	0	701	27	69	100,0,0,0,0,0	20302	169	4	54702	1972	0	95306,95518,93276,41320,41320,41320,41320	0	0	26968,28602,0,0,0,0,0	7	73760
176834	12	27	32	11	6	2	2	1	475	522	822	609	2346	0	1	654	21	71	100,0,0,0,0,0	20168	183	9	54711	1972	0	95336,95550,93308,41178,41178,41178,41178	0	1	26968,28611,0,0,0,0,0	5	73881
176872	11	25	25	9	6	3	2	1	443	523	826	602	2202	0	1	504	17	64	100,0,0,0,0,0	22203	166	5	54715	1973	0	95369,95586,93343,41021,41021,41021,41021	0	0	26968,28616,0,0,0,0,0	4	73987
176900	8	24	21	7	5	3	2	0	423	523	830	615	1781	1	3	453	17	53	100,0,0,0,0,0	21912	171	4	54719	1973	0	95393,95614,93369,40857,40857,40857,40857	0	0	26968,28620,0,0,0,0,0	5	74092
176927	6	22	19	10	5	3	2	0	395	523	834	594	1344	0	2	415	20	47	100,0,0,0,0,0	22100	169	4	54723	1973	0	95413,95635,93391,40699,40699,40699,40699	0	1	26968,28624,0,0,0,0,0	5	74190
176953	4	17	19	6	5	3	2	0	378	523	836	626	1648	2	2	399	16	40	100,0,0,0,0,0	21821	177	1	54724	1973	0	95434,95660,93414,40537,40537,40537,40537	0	0	26968,28625,0,0,0,0,0	5	74306
176977	5	17	21	7	5	3	2	0	347	523	839	615	1954	0	2	98	19	41	100,0,0,0,0,0	22149	166	6	54730	1973	0	95448,95675,93430,40379,40379,40379,40379	0	1	26968,28631,0,0,0,0,0	6	74409
177001	3	16	23	7	4	3	2	0	323	523	841	637	2134	0	1	89	20	38	100,0,0,0,0,0	19638	172	4	54734	1973	0	95478,95707,93462,40231,40231,40231,40231	0	0	26968,28635,0,0,0,0,0	5	74524
177026	3	13	20	5	4	3	2	0	305	523	842	636	1935	1	2	86	19	31	100,0,0,0,0,0	19558	96	1	54735	1973	0	95490,95720,93476,40073,40073,40073,40073	0	0	26968,28636,0,0,0,0,0	5	74579
177043	6	11	17	5	3	2	2	0	288	523	846	662	1627	0	0	87	19	27	100,0,0,0,0,0	21596	122	5	54739	1974	0	95497,95730,93486,39914,39914,39914,39914	0	0	26968,28641,0,0,0,0,0	4	74653
177065	7	10	17	5	3	2	1	0	263	524	849	683	1588	0	2	92	19	26	100,0,0,0,0,0	21706	110	3	54742	1974	0	95496,95730,93486,39740,39740,39740,39740	0	0	26968,28644,0,0,0,0,0	4	74720
177075	3	7	17	7	4	2	2	0	252	524	853	686	1787	0	1	80	17	25	100,0,0,0,0,0	21652	97	1	54743	1974	0	95519,95755,93512,39592,39592,39592,39592	0	0	26968,28645,0,0,0,0,0	5	74783
177091	4	7	12	6	4	1	1	1	238	524	857	641	1967	0	2	78	14	21	100,0,0,0,0,0	21804	95	3	54746	1974	0	95538,95776,93533,39440,39440,39440,39440	0	0	26968,28648,0,0,0,0,0	3	74843
177098	5	9	14	5	3	1	0	2	221	524	864	660	1918	0	2	81	14	23	100,0,0,0,0,0	21797	104	5	54750	1975	0	95555,95793,93552,39290,39290,39290,39290	0	0	26968,28652,0,0,0,0,0	3	74909
177111	4	13	9	2	3	0	2	2	208	524	868	630	1987	0	1	59	13	20	100,0,0,0,0,0	19681	114	4	54753	1976	0	95563,95802,93562,39135,39135,39135,39135	0	0	26968,28656,0,0,0,0,0	2	74981
177118	3	11	12	2	1	0	2	1	202	524	870	644	1760	0	2	61	12	19	100,0,0,0,0,0	19449	71	2	54755	1976	0	95512,95752,93513,38944,38944,38944,38944	0	0	26968,28658,0,0,0,0,0	4	75026
177138	5	9	15	2	1	0	2	1	175	524	874	660	1682	0	0	49	12	22	100,0,0,0,0,0	21650	78	4	54758	1977	0	95461,95703,93463,38745,38745,38745,38745	0	0	26968,28662,0,0,0,0,0	4	75064
177150	5	9	11	3	1	0	2	1	163	524	877	668	1867	0	0	47	10	21	100,0,0,0,0,0	21601	88	3	54761	1977	0	95407,95651,93410,38546,38546,38546,38546	0	0	26968,28665,0,0,0,0,0	4	75118
177159	6	7	9	3	1	0	2	0	155	524	880	642	1871	2	0	42	6	22	100,0,0,0,0,0	21615	89	3	54763	1978	0	95354,95598,93358,38351,38351,38351,38351	0	1	26968,28667,0,0,0,0,0	3	75168
177165	4	6	9	2	3	0	2	0	147	524	884	641	1887	0	0	45	7	19	100,0,0,0,0,0	21707	86	1	54764	1978	0	95297,95542,93302,38153,38153,38153,38153	0	0	26968,28668,0,0,0,0,0	3	75221
177170	5	7	10	2	3	0	2	0	137	524	886	612	1789	0	0	39	7	22	100,0,0,0,0,0	21603	88	3	54766	1979	0	95243,95489,93250,37956,37956,37956,37956	0	0	26968,28671,0,0,0,0,0	3	75281
177176	4	9	10	1	3	0	2	0	129	524	888	617	1748	0	1	38	8	21	100,0,0,0,0,0	19435	100	2	54768	1979	0	95188,95434,93195,37763,37763,37763,37763	0	0	26968,28673,0,0,0,0,0	2	75340
177173	1	9	11	1	2	0	2	0	127	524	896	619	1760	0	0	36	5	21	100,0,0,0,0,0	19596	73	1	54769	1979	0	95130,95376,93138,37575,37575,37575,37575	0	0	26968,28674,0,0,0,0,0	2	75383
177179	1	5	11	2	2	0	2	0	121	524	899	648	1798	0	0	24	4	19	100,0,0,0,0,0	21547	80	0	54769	1979	0	95066,95312,93075,37379,37379,37379,37379	0	0	26968,28674,0,0,0,0,0	2	75434
177187	0	5	9	2	2	0	1	1	114	524	901	620	1869	0	2	24	5	14	100,0,0,0,0,0	21544	73	1	54770	1979	0	95008,95254,93018,37182,37182,37182,37182	0	0	26968,28675,0,0,0,0,0	1	75484
177190	2	7	7	2	2	0	1	1	105	524	905	646	1847	0	0	43	4	17	100,0,0,0,0,0	21814	100	4	54774	1979	0	94953,95199,92964,36993,36993,36993,36993	0	1	26968,28679,0,0,0,0,0	1	75552
177191	5	4	6	2	1	0	1	1	100	524	911	635	1806	1	0	41	3	16	100,0,0,0,0,0	21509	71	3	54776	1980	0	94899,95146,92912,36807,36807,36807,36807	0	1	26968,28682,0,0,0,0,0	1	75593
177195	5	5	6	1	2	0	1	1	89	524	917	625	1759	0	0	44	5	15	100,0,0,0,0,0	21798	67	2	54778	1980	0	94844,95091,92858,36612,36612,36612,36612	0	0	26968,28684,0,0,0,0,0	1	75633
177205	4	7	4	1	3	0	1	1	77	524	919	632	1836	1	1	43	5	15	100,0,0,0,0,0	19686	75	2	54780	1980	0	94793,95041,92808,36423,36423,36423,36423	0	0	26968,28686,0,0,0,0,0	1	75680
177206	3	6	5	1	2	0	1	1	72	524	925	621	1870	0	1	42	5	13	100,0,0,0,0,0	19695	80	0	54780	1980	0	94739,94988,92755,36244,36244,36244,36244	0	0	26968,28686,0,0,0,0,0	1	75731
177208	1	8	5	1	1	0	0	2	66	524	930	621	1835	0	0	43	4	12	100,0,0,0,0,0	21620	79	2	54782	1980	0	94680,94928,92697,36062,36062,36062,36062	0	0	26968,28688,0,0,0,0,0	0	75775
177212	1	7	4	0	1	0	0	2	61	524	934	596	1803	0	0	41	2	11	100,0,0,0,0,0	21542	66	0	54782	1980	0	94617,94865,92635,35874,35874,35874,35874	0	0	26968,28688,0,0,0,0,0	0	75814
177212	0	8	4	1	1	0	0	2	54	524	940	584	1752	0	0	42	2	12	100,0,0,0,0,0	21743	82	2	54784	1980	0	94564,94811,92584,35699,35699,35699,35699	0	0	26968,28690,0,0,0,0,0	0	75855
177213	0	5	4	1	3	0	0	2	52	524	942	579	1776	0	1	44	3	10	100,0,0,0,0,0	21630	65	0	54784	1980	0	94503,94750,92523,35516,35516,35516,35516	0	0	26968,28690,0,0,0,0,0	0	75896
177213	0	3	4	2	2	0	0	1	52	524	945	600	1881	0	1	15	3	8	100,0,0,0,0,0	21580	76	0	54784	1980	0	94436,94682,92458,35330,35330,35330,35330	0	0	26968,28690,0,0,0,0,0	0	75935
177210	0	4	4	2	2	0	0	1	50	524	949	578	1811	0	0	15	3	9	100,0,0,0,0,0	19458	62	1	54785	1980	0	94380,94626,92403,35154,35154,35154,35154	0	0	26968,28691,0,0,0,0,0	0	75970
177212	1	2	3	4	2	0	0	0	47	524	951	600	1805	0	0	16	2	10	100,0,0,0,0,0	19374	95	2	54787	1980	0	94302,94548,92326,34972,34972,34972,34972	0	0	26968,28693,0,0,0,0,0	0	76027
177212	1	1	4	4	2	0	0	0	44	524	954	583	1769	0	2	22	5	7	100,0,0,0,0,0	21645	76	0	54787	1980	0	94226,94472,92251,34792,34792,34792,34792	0	0	26968,28693,0,0,0,0,0	0	76073
177213	1	1	3	3	2	0	0	0	42	524	957	572	1753	0	0	21	4	6	100,0,0,0,0,0	21593	67	0	54787	1980	0	94141,94388,92168,34603,34603,34603,34603	0	0	26968,28693,0,0,0,0,0	0	76115
177214	2	1	1	2	1	0	1	0	41	524	959	564	1840	0	0	13	4	4	100,0,0,0,0,0	21606	83	1	54788	1980	0	94057,94303,92084,34415,34415,34415,34415	0	0	26968,28694,0,0,0,0,0	0	76166
177211	2	1	0	1	1	0	1	0	40	524	965	532	1821	0	0	14	4	2	100,0,0,0,0,0	21442	72	0	54788	1980	0	93972,94219,92000,34229,34229,34229,34229	0	0	26968,28694,0,0,0,0,0	1	76210
177210	2	2	0	0	1	0	1	0	36	524	970	577	1844	0	0	14	3	3	100,0,0,0,0,0	21578	76	1	54789	1980	0	93890,94136,91918,34044,34044,34044,34044	0	0	26968,28695,0,0,0,0,0	1	76254
177209	0	4	0	0	1	0	1	0	34	524	973	551	1811	0	0	14	3	3	100,0,0,0,0,0	19654	68	0	54789	1980	0	93811,94057,91840,33865,33865,33865,33865	0	0	26968,28695,0,0,0,0,0	1	76288
177209	2	3	1	0	0	0	1	0	33	524	973	550	1695	0	0	13	2	5	100,0,0,0,0,0	19504	75	2	54791	1980	0	93730,93975,91759,33692,33692,33692,33692	0	0	26968,28697,0,0,0,0,0	1	76330
177204	2	2	1	1	1	0	1	0	31	524	979	529	1839	0	0	11	2	6	100,0,0,0,0,0	21508	61	1	54792	1980	0	93642,93888,91673,33520,33520,33520,33520	0	0	26968,28698,0,0,0,0,0	1	76363
177206	1	2	2	1	1	0	1	0	28	524	980	542	1757	0	1	12	3	5	100,0,0,0,0,0	21460	206	0	54792	1980	147	93553,93798,91584,33341,33341,33341,33341	0	0	26968,28698,0,0,0,0,0	1	76396
177204	1	3	2	1	1	0	1	0	24	524	985	574	1857	0	0	12	3	6	100,0,0,0,0,0	21508	217	1	54793	1980	299	93502,93748,91535,33241,33241,33241,33241	0	0	26968,28699,0,0,0,0,0	1	76430
177199	1	4	2	0	1	0	1	0	24	524	990	562	1804	0	0	3	1	8	100,0,0,0,0,0	21541	210	1	54794	1980	433	93453,93698,91486,33142,33142,33142,33142	0	0	26968,28700,0,0,0,0,0	1	76482
177200	1	4	2	0	0	1	1	0	20	524	993	580	1809	0	0	4	1	8	100,0,0,0,0,0	21348	179	0	54794	1980	548	93401,93646,91436,33035,33035,33035,33035	0	0	26968,28700,0,0,0,0,0	1	76515
177197	0	5	3	0	0	1	1	0	19	524	996	584	1756	0	0	1	1	9	100,0,0,0,0,0	19582	206	1	54795	1980	694	93344,93589,91380,32924,32924,32924,32924	0	0	26968,28701,0,0,0,0,0	2	76550
177192	1	5	2	0	0	1	0	1	20	524	1000	580	1757	0	0	1	1	8	100,0,0,0,0,0	19441	204	1	54796	1980	827	93292,93536,91329,32835,32835,32835,32835	0	0	26968,28702,0,0,0,0,0	1	76594
177191	1	4	3	0	0	1	0	1	19	524	1002	591	1825	0	0	1	1	8	100,0,0,0,0,0	21580	225	0	54796	1980	963	93232,93476,91270,32733,32733,32733,32733	0	0	26968,28702,0,0,0,0,0	1	76644
177188	3	4	3	1	0	1	0	1	16	524	1005	616	1913	0	0	1	1	11	100,0,0,0,0,0	21797	266	3	54799	1980	1167	93168,93413,91207,32626,32626,32626,32626	0	2	26968,28705,0,0,0,0,0	1	76679
177184	5	0	6	0	1	1	0	0	16	524	1009	650	1826	1	0	1	1	12	100,0,0,0,0,0	21512	260	2	54801	1980	1364	93131,93375,91171,32559,32559,32559,32559	0	0	26968,28707,0,0,0,0,0	1	76710
177180	4	2	5	0	0	1	0	0	16	524	1014	644	1786	1	0	4	2	10	100,0,0,0,0,0	21727	253	1	54802	1980	1555	93091,93335,91132,32492,32492,32492,32492	0	1	26968,28708,0,0,0,0,0	1	76744
177175	5	3	6	0	0	1	0	0	15	524	1017	637	1793	0	0	8	3	12	100,0,0,0,0,0	21515	254	3	54805	1980	1756	93044,93288,91086,32421,32421,32421,32421	0	0	26968,28711,0,0,0,0,0	1	76773
177173	4	4	6	0	0	1	0	0	15	524	1019	635	1757	0	0	8	3	12	100,0,0,0,0,0	19577	274	0	54805	1980	1953	93004,93247,91046,32359,32359,32359,32359	0	0	26968,28711,0,0,0,0,0	1	76814
177170	1	6	4	0	0	1	0	0	17	524	1023	606	1856	0	0	8	2	10	100,0,0,0,0,0	19746	258	0	54805	1980	2139	92969,93212,91013,32311,32311,32311,32311	0	0	26968,28711,0,0,0,0,0	1	76856
177161	3	5	5	0	0	1	0	0	17	524	1030	581	1876	1	0	9	4	10	100,0,0,0,0,0	21571	256	3	54808	1980	2342	92931,93173,90976,32258,32258,32258,32258	0	0	26968,28714,0,0,0,0,0	1	76885
177159	5	4	5	0	0	1	0	0	16	524	1032	601	1855	0	0	10	4	11	100,0,0,0,0,0	21697	209	2	54810	1980	2506	92881,93124,90927,32196,32196,32196,32196	0	0	26968,28716,0,0,0,0,0	1	76907
177156	3	5	4	2	0	1	0	0	15	524	1036	609	1793	0	0	10	4	11	100,0,0,0,0,0	21563	227	1	54811	1980	2667	92826,93069,90873,32124,32124,32124,32124	0	0	26968,28717,0,0,0,0,0	1	76935
177155	2	5	3	3	0	1	0	0	16	524	1037	625	1704	0	2	14	7	7	100,0,0,0,0,0	21894	225	1	54812	1980	2832	92769,93011,90817,32042,32042,32042,32042	0	1	26968,28718,0,0,0,0,0	1	76967
177153	1	6	2	2	0	1	0	0	17	524	1040	623	1809	1	0	17	6	6	100,0,0,0,0,0	21566	203	0	54812	1980	2978	92716,92958,90765,31974,31974,31974,31974	0	0	26968,28718,0,0,0,0,0	1	76999
177150	1	5	3	2	0	0	0	0	16	524	1045	615	1790	0	0	17	6	5	100,0,0,0,0,0	19519	238	0	54812	1980	3150	92659,92901,90709,31893,31893,31893,31893	0	0	26968,28718,0,0,0,0,0	0	77042
177150	1	4	4	2	1	0	0	0	12	524	1048	604	1848	0	1	17	7	5	100,0,0,0,0,0	19541	271	1	54813	1980	3346	92618,92859,90669,31842,31842,31842,31842	0	0	26968,28719,0,0,0,0,0	0	77085
177148	1	4	3	2	1	0	0	0	12	524	1051	641	1844	0	0	16	6	5	100,0,0,0,0,0	21608	257	0	54813	1980	3522	92569,92810,90621,31793,31793,31793,31793	0	0	26968,28719,0,0,0,0,0	0	77129
177142	0	4	4	2	1	0	0	0	12	524	1057	634	1736	0	0	16	6	5	100,0,0,0,0,0	21646	359	0	54813	1980	3797	92510,92750,90563,31734,31734,31734,31734	0	0	26968,28719,0,0,0,0,0	0	77178
177139	0	2	3	2	3	0	0	0	12	524	1061	652	1898	0	0	17	5	5	100,0,0,0,0,0	21434	353	0	54813	1980	4060	92483,92723,90537,31727,31727,31727,31727	0	0	26968,28719,0,0,0,0,0	0	77221
177135	1	2	2	2	2	0	0	0	14	524	1064	690	1801	0	2	20	5	4	100,0,0,0,0,0	21727	374	1	54814	1980	4340	92454,92693,90509,31720,31720,31720,31720	0	0	26968,28720,0,0,0,0,0	0	77270
177129	2	2	2	2	2	0	0	0	14	524	1069	669	1799	0	0	20	6	4	100,0,0,0,0,0	21663	365	1	54815	1980	4627	92428,92667,90485,31716,31716,31716,31716	0	0	26968,28721,0,0,0,0,0	0	77310
177105	15	10	2	1	3	0	0	0	15	524	1071	668	1871	0	0	21	5	26	29,70,0,0,0,0	19436	370	0	54835	1982	4919	92422,92660,90480,31744,31744,31744,31744	0	0	26968,28721,22,0,0,0,0	0	77328
177066	33	24	2	0	2	1	0	0	16	524	1078	658	1777	3	0	14	4	58	11,88,0,0,0,0	19515	440	3	54865	1985	5178	92429,92667,90489,31802,31802,31802,31802	0	0	26968,28721,55,0,0,0,0	0	77421
177031	38	42	6	1	3	1	0	0	15	524	1085	660	1814	0	0	19	7	84	8,91,0,0,0,0	21760	496	3	54894	1986	5446	92428,92665,90488,31840,31840,31840,31840	0	0	26968,28722,84,0,0,0,0	1	77534
176986	44	63	15	3	3	1	0	0	17	524	1090	678	1802	0	0	19	7	122	4,95,0,0,0,0	10326	488	12	54932	1988	5748	92433,92670,90494,31890,31890,31890,31890	0	1	26968,28722,124,0,0,0,0	1	77610
176928	55	91	28	5	4	1	0	0	17	524	1093	662	1841	3	2	14	9	175	3,96,0,0,0,0	10216	503	20	54984	1994	6059	92452,92689,90516,31965,31965,31965,31965	0	0	26968,28723,181,0,0,0,0	2	77702
176883	61	111	36	5	5	1	0	0	25	524	1095	667	1866	0	4	27	16	203	3,96,0,0,0,0	10103	469	24	55026	1998	6346	92478,92716,90544,32039,32039,32039,32039	0	0	26968,28724,226,0,0,0,0	2	77797
176856	59	114	47	10	5	1	0	0	33	524	1097	691	1842	1	3	33	20	216	3,96,0,0,0,0	10289	483	27	55052	2000	6631	92476,92713,90543,32083,32083,32083,32083	0	1	26968,28725,253,0,0,0,0	2	77887
176809	57	123	54	12	10	1	0	0	50	524	1106	692	1828	3	2	38	23	234	3,96,0,0,0,0	19571	457	36	55088	2002	6898	92483,92719,90551,32136,32136,32136,32136	0	2	26968,28726,290,0,0,0,0	2	77978
176760	56	132	64	15	13	2	0	0	71	524	1109	719	1848	0	4	50	25	257	3,96,0,0,0,0	19567	356	47	55131	2006	7165	92517,92753,90587,32213,32213,32213,32213	0	2	26968,28727,336,0,0,0,0	1	78006
176716	65	133	72	19	12	3	0	0	88	524	1114	692	2006	3	9	148	29	275	2,97,0,0,0,0	10204	394	45	55171	2012	7454	92557,92791,90628,32289,32289,32289,32289	0	6	26968,28727,382,0,0,0,0	3	78041
176669	69	136	73	17	14	4	1	0	120	524	1119	736	1880	2	5	293	33	281	2,97,0,0,0,0	10515	378	45	55211	2017	7734	92589,92823,90661,32369,32369,32369,32369	0	0	26968,28727,427,0,0,0,0	4	78085
176614	71	139	79	19	24	4	1	0	142	524	1129	728	1893	2	3	312	32	305	2,97,0,0,0,0	10574	361	50	55258	2020	8011	92634,92868,90709,32454,32454,32454,32454	0	1	26968,28728,476,0,0,0,0	5	78117
176580	75	134	74	17	35	4	1	0	169	524	1133	688	2010	1	16	403	52	288	2,97,0,0,0,0	10400	370	39	55291	2026	8280	92661,92894,90738,32517,32517,32517,32517	0	2	26968,28729,514,0,0,0,0	5	78158
176547	77	123	94	19	33	4	1	0	182	524	1142	690	2045	4	17	493	67	284	2,97,0,0,0,0	10583	371	37	55325	2029	8549	92693,92925,90771,32580,32580,32580,32580	0	0	26968,28731,549,0,0,0,0	5	78197
176512	64	127	107	22	33	3	1	0	204	524	1149	717	1900	4	8	714	72	285	2,97,0,0,0,0	20098	343	36	55360	2030	8804	92727,92959,90807,32650,32650,32650,32650	0	3	26968,28731,585,0,0,0,0	5	78227
176473	62	133	108	22	35	2	3	0	232	524	1152	718	1718	2	8	774	71	294	2,97,0,0,0,0	20399	329	42	55398	2035	9082	92739,92971,90822,32717,32717,32717,32717	0	3	26968,28731,628,0,0,0,0	4	78244
176430	68	134	114	21	35	3	3	0	256	524	1158	713	2052	3	13	914	82	296	2,97,0,0,0,0	10991	322	47	55440	2040	9353	92756,92987,90840,32798,32798,32798,32798	0	2	26968,28732,674,0,0,0,0	7	78255
176384	70	143	114	18	43	2	3	0	283	524	1162	728	1862	3	5	983	79	314	2,97,0,0,0,0	11122	311	51	55484	2047	9616	92765,92996,90851,32866,32866,32866,32866	0	2	26968,28732,724,0,0,0,0	8	78262
176348	80	155	117	18	36	1	2	0	298	525	1166	713	1942	2	11	1038	83	326	1,98,0,0,0,0	11206	308	62	55537	2056	9884	92778,93009,90869,32932,32932,32932,32932	0	5	26968,28734,784,0,0,0,0	6	78262
176290	103	153	125	20	34	1	3	0	318	525	1174	717	1957	4	10	1044	82	357	1,98,0,0,0,0	11168	281	69	55600	2063	10113	92804,93036,90898,33010,33010,33010,33010	0	1	26968,28735,853,0,0,0,0	6	78262
176239	106	169	132	26	26	0	3	0	344	525	1176	725	1801	2	9	1102	85	377	2,97,0,0,0,0	11393	320	64	55660	2067	10385	92818,93049,90914,33070,33070,33070,33070	0	3	26968,28737,914,0,0,0,0	6	78262
176190	112	178	132	26	28	0	3	0	372	525	1180	720	1834	2	7	1114	83	396	1,98,0,0,0,0	20577	328	64	55716	2075	10664	92848,93078,90946,33155,33155,33155,33155	0	2	26968,28738,977,0,0,0,0	6	78264
176143	112	194	144	30	23	1	4	0	386	525	1184	722	1783	4	9	1039	86	422	1,98,0,0,0,0	20489	334	66	55773	2084	10947	92873,93103,90975,33260,33260,33260,33260	0	6	26968,28738,1043,0,0,0,0	6	78263
176078	119	216	152	36	22	0	4	0	405	525	1189	721	1797	3	5	834	86	463	1,98,0,0,0,0	11214	320	82	55846	2093	11216	92911,93140,91016,33375,33375,33375,33375	0	2	26968,28740,1121,0,0,0,0	6	78270
175993	130	245	166	30	28	1	3	0	433	526	1191	728	2040	3	6	782	79	524	1,98,0,0,0,0	10936	310	104	55936	2107	11492	92962,93190,91069,33496,33496,33496,33496	0	3	26968,28742,1223,0,0,0,0	7	78264
175921	144	248	191	31	33	1	2	0	451	527	1197	732	1958	3	12	723	94	556	1,98,0,0,0,0	10919	317	92	56018	2119	11762	93006,93233,91117,33619,33619,33619,33619	0	2	26968,28742,1316,0,0,0,0	10	78251
175830	159	279	201	35	37	1	2	0	473	527	1202	710	1968	2	13	660	97	617	1,98,0,0,0,0	10935	282	112	56117	2133	11997	93065,93291,91180,33755,33755,33755,33755	0	5	26968,28743,1427,0,0,0,0	9	78239
175738	170	316	207	36	38	3	3	0	501	527	1207	700	1731	6	10	712	99	674	1,98,0,0,0,0	10786	296	121	56223	2148	12246	93115,93339,91234,33873,33873,33873,33873	0	6	26968,28743,1548,0,0,0,0	7	78225
175664	168	324	228	42	45	3	2	0	533	528	1209	756	2022	2	13	591	107	705	0,99,0,0,0,0	20243	289	106	56314	2164	12489	93145,93368,91268,33982,33982,33982,33982	0	4	26968,28743,1654,0,0,0,0	11	78200
175565	186	323	243	45	45	4	0	0	590	530	1215	696	2086	6	17	617	121	725	0,99,0,0,0,0	20282	302	115	56418	2178	12748	93223,93444,91350,34136,34136,34136,34136	0	6	26968,28743,1772,0,0,0,0	11	78175
175466	194	358	265	45	50	3	0	0	614	530	1221	673	2026	5	15	881	137	778	0,99,0,0,0,0	11004	295	137	56540	2194	12996	93332,93551,91465,34322,34322,34322,34322	0	3	26968,28743,1910,0,0,0,0	8	78151
175333	210	385	273	53	57	3	0	0	679	530	1223	697	1858	8	14	993	141	840	0,99,0,0,0,0	11075	280	162	56672	2224	13223	93427,93644,91566,34509,34509,34509,34509	0	10	26968,28743,2072,0,0,0,0	7	78128
175198	233	416	306	54	53	2	1	0	726	530	1227	707	1977	10	21	1184	156	909	0,99,0,0,0,0	11216	298	174	56818	2252	13475	93544,93758,91689,34693,34693,34693,34693	0	8	26968,28743,2244,0,0,0,0	6	78106
175051	256	458	317	49	59	3	1	0	792	530	1230	698	1821	10	16	1404	162	981	0,99,0,0,0,0	11400	273	186	56974	2284	13706	93670,93883,91821,34902,34902,34902,34902	0	9	26968,28744,2430,0,0,0,0	8	78066
174897	283	487	362	50	62	3	1	0	838	530	1233	721	2003	9	20	1686	179	1069	0,99,0,0,0,0	11740	271	196	57148	2309	13928	93804,94015,91961,35119,35119,35119,35119	0	10	26968,28744,2629,0,0,0,0	13	78025
174789	276	523	373	59	60	4	1	0	894	530	1237	702	1916	9	19	1745	188	1108	0,99,0,0,0,0	21399	288	159	57286	2331	14172	93906,94115,92069,35291,35291,35291,35291	0	12	26968,28744,2788,0,0,0,0	16	77981
174656	271	560	406	58	61	4	1	0	959	530	1240	731	2029	9	15	1868	193	1168	0,99,0,0,0,0	21185	277	176	57445	2349	14408	94009,94218,92178,35483,35483,35483,35483	0	0	26968,28744,2964,0,0,0,0	12	77945
174473	304	606	418	72	66	4	2	0	1024	530	1247	733	1936	10	20	2037	217	1255	0,99,0,0,0,0	12207	284	234	57654	2377	14647	94144,94352,92320,35721,35721,35721,35721	0	7	26968,28745,3199,0,0,0,0	16	77884
174279	327	642	455	92	73	3	2	0	1094	530	1249	743	2006	13	30	2373	248	1346	0,99,0,0,0,0	12673	290	248	57878	2403	14899	94303,94509,92485,35972,35972,35972,35972	0	9	26968,28746,3447,0,0,0,0	17	77830
174044	370	682	498	99	90	4	3	0	1168	530	1258	718	1959	7	27	2331	263	1483	0,99,0,0,0,0	12856	274	287	58130	2439	15137	94486,94693,92676,36262,36262,36262,36262	0	9	26968,28747,3734,0,0,0,0	19	77763
173818	418	713	527	103	103	4	3	0	1261	531	1265	703	1959	17	29	2636	274	1597	0,99,0,0,0,0	12789	294	291	58385	2477	15386	94667,94873,92865,36548,36548,36548,36548	1	19	26968,28747,4027,0,0,0,0	16	77688
173594	438	766	579	101	108	3	7	0	1350	531	1269	706	2077	13	36	2793	313	1689	0,99,0,0,0,0	13126	310	299	58655	2511	15659	94861,95066,93068,36844,36844,36844,36844	1	16	26968,28749,4328,0,0,0,0	17	77615
173397	433	815	614	92	121	6	7	0	1455	531	1275	718	1998	15	34	2878	337	1751	0,99,0,0,0,0	21948	279	270	58897	2540	15899	95029,95233,93245,37120,37120,37120,37120	1	13	26968,28750,4597,0,0,0,0	23	77543
173176	443	873	647	91	112	9	8	0	1576	532	1279	732	2054	20	41	2880	348	1835	0,99,0,0,0,0	22084	288	302	59162	2577	16149	95193,95396,93417,37401,37401,37401,37401	1	17	26968,28750,4896,0,0,0,0	29	77441
172877	499	913	688	110	135	9	7	0	1690	533	1285	702	1993	14	32	3411	373	1988	0,99,0,0,0,0	13612	280	379	59484	2634	16394	95425,95628,93659,37755,37755,37755,37755	1	14	26968,28750,5271,0,0,0,0	30	77347
172552	581	960	726	138	131	9	6	1	1822	533	1287	702	1993	24	36	3457	374	2177	0,99,0,0,0,0	13663	285	405	59840	2686	16641	95666,95868,93909,38130,38130,38130,38130	1	13	26968,28750,5679,0,0,0,0	31	77229
172264	627	1033	766	133	144	8	6	1	1939	533	1292	692	2007	18	51	3875	433	2284	0,99,0,0,0,0	13848	297	403	60214	2717	16899	95922,96123,94175,38502,38502,38502,38502	1	19	26968,28750,6083,0,0,0,0	26	77105
171934	632	1176	782	156	147	4	5	2	2078	534	1296	703	2001	23	56	4079	493	2409	0,99,0,0,0,0	14287	299	442	60606	2769	17156	96203,96404,94469,38914,38914,38914,38914	1	9	26968,28750,6526,0,0,0,0	19	76979
171579	667	1273	832	165	160	7	4	3	2221	534	1301	696	1845	20	47	4445	523	2585	0,99,0,0,0,0	14709	305	465	61019	2825	17423	96500,96700,94779,39353,39353,39353,39353	1	24	26968,28751,6992,0,0,0,0	23	76831
171293	674	1301	906	169	172	10	5	2	2374	535	1305	685	2023	12	54	4381	541	2696	0,99,0,0,0,0	23640	294	402	61381	2866	17680	96730,96930,95020,39730,39730,39730,39730	1	21	26968,28751,7395,0,0,0,0	26	76667
171030	661	1324	972	183	180	10	7	2	2532	535	1310	689	2031	27	64	4476	560	2777	0,99,0,0,0,0	23585	316	402	61733	2919	17946	96964,97164,95267,40094,40094,40094,40094	2	26	26968,28753,7794,0,0,0,0	37	76537
170630	701	1386	1041	202	195	14	7	3	2718	535	1314	709	2059	28	61	5319	633	2913	0,99,0,0,0,0	15653	312	531	62194	2991	18214	97291,97491,95608,40582,40582,40582,40582	2	20	26968,28754,8323,0,0,0,0	35	76360
170205	779	1459	1067	218	194	16	6	3	2947	537	1315	713	1995	27	75	5801	669	3070	0,99,0,0,0,0	15986	306	570	62708	3049	18480	97662,97862,95993,41100,41100,41100,41100	2	25	26968,28755,8893,0,0,0,0	45	76173
169820	829	1570	1124	225	189	19	5	3	3106	538	1318	702	2015	28	65	5874	701	3260	0,99,0,0,0,0	16428	307	582	63207	3133	18747	98021,98221,96371,41596,41596,41596,41596	2	23	26968,28756,9471,0,0,0,0	36	75993
169417	869	1643	1224	230	196	20	8	2	3276	538	1323	682	2033	36	78	6329	754	3436	0,99,0,0,0,0	16293	322	590	63728	3206	19025	98395,98597,96765,42109,42109,42109,42109	2	18	26968,28756,10063,0,0,0,0	41	75807
168936	926	1750	1318	235	212	19	10	2	3472	539	1327	647	2071	25	80	6957	817	3653	0,99,0,0,0,0	17215	297	660	64311	3283	19269	98810,99012,97197,42695,42695,42695,42695	2	24	26968,28758,10715,0,0,0,0	52	75569
168550	916	1834	1389	249	254	20	14	2	3648	539	1331	649	1967	26	72	6706	812	3864	0,99,0,0,0,0	25626	368	598	64829	3366	19590	99148,99350,97555,43191,43191,43191,43191	2	31	26968,28758,11311,0,0,0,0	62	75332
168113	971	1863	1474	267	266	22	14	3	3877	540	1336	694	1949	23	75	6486	793	4084	0,99,0,0,0,0	25322	319	654	65403	3450	19869	99554,99758,97982,43790,43790,43790,43790	2	21	26968,28758,11961,0,0,0,0	59	75049
167694	1021	1898	1583	277	261	25	15	3	4081	542	1346	689	2051	27	101	6879	858	4222	0,99,0,0,0,0	26815	314	643	65967	3530	20144	99934,100139,98384,44337,44337,44337,44337	3	31	26968,28758,12603,0,0,0,0	68	74777
167312	971	2002	1617	301	293	25	15	3	4312	546	1349	684	2029	28	80	7307	906	4318	0,99,0,0,0,0	27178	339	619	66521	3604	20440	100299,100502,98770,44854,44854,44854,44854	3	33	26968,28758,13228,0,0,0,0	76	74518
166944	981	2043	1615	312	325	24	15	2	4582	549	1354	687	2035	32	123	7512	972	4343	0,99,0,0,0,0	27595	288	623	67067	3682	20683	100653,100857,99147,45375,45375,45375,45375	3	36	26968,28758,13846,0,0,0,0	72	74239
166591	968	2057	1664	339	330	27	17	1	4843	550	1359	685	1965	46	106	7946	1000	4402	0,99,0,0,0,0	27820	265	630	67607	3774	20915	100996,101201,99515,45867,45867,45867,45867	3	44	26968,28759,14470,0,0,0,0	84	73969
166235	992	2040	1743	332	344	30	22	1	5095	551	1361	658	1949	34	121	7949	1061	4442	0,99,0,0,0,0	27981	314	639	68147	3877	21191	101351,101554,99894,46362,46362,46362,46362	3	31	26968,28759,15105,0,0,0,0	79	73713
165921	1001	2009	1779	346	359	35	18	1	5361	555	1361	652	2040	53	121	8513	1100	4447	0,99,0,0,0,0	27215	331	617	68687	3958	21478	101691,101894,100260,46845,46845,46845,46845	3	38	26968,28759,15721,0,0,0,0	96	73441
165666	938	2013	1789	352	362	34	18	2	5651	556	1365	659	2043	34	108	8188	1114	4392	0,99,0,0,0,0	27107	307	570	69168	4048	21739	102014,102219,100610,47283,47283,47283,47283	4	27	26968,28760,16286,0,0,0,0	90	73229
165350	954	2011	1816	370	349	35	18	2	5914	558	1369	632	2025	38	122	8414	1126	4427	0,99,0,0,0,0	27976	328	645	69706	4158	22031	102353,102558,100978,47755,47755,47755,47755	4	47	26968,28760,16921,0,0,0,0	86	72954
164923	1010	2091	1853	366	352	42	21	2	6156	559	1371	623	1987	42	104	8967	1119	4616	0,99,0,0,0,0	19040	487	754	70360	4261	22477	102805,103010,101458,48352,48352,48352,48352	4	35	26968,28760,17669,0,0,0,0	87	72651
164554	1111	2103	1811	357	356	40	21	2	6452	562	1377	601	1975	56	110	8992	1103	4696	0,99,0,0,0,0	19132	523	739	70990	4373	22956	103282,103488,101967,48986,48986,48986,48986	4	42	26968,28760,18403,0,0,0,0	92	72373
164122	1203	2145	1911	354	354	44	23	4	6641	563	1382	594	1992	38	119	8887	1163	4871	0,99,0,0,0,0	19295	499	796	71663	4498	23414	103799,104006,102516,49685,49685,49685,49685	4	39	26968,28760,19189,0,0,0,0	91	72075
163770	1217	2233	1910	365	376	41	23	4	6856	565	1386	588	1964	43	120	8633	1156	5009	0,99,0,0,0,0	19139	488	764	72328	4599	23855	104300,104508,103051,50341,50341,50341,50341	4	35	26968,28760,19945,0,0,0,0	99	71771
163510	1172	2305	1933	378	383	42	27	4	7038	566	1388	593	1914	50	113	7908	1165	5075	0,99,0,0,0,0	26939	529	687	72900	4721	24322	104727,104937,103514,50902,50902,50902,50902	5	46	26968,28760,20627,0,0,0,0	110	71521
163236	1130	2374	1987	368	419	45	29	4	7195	568	1391	608	1999	53	123	8028	1230	5122	0,99,0,0,0,0	26869	526	731	73528	4829	24776	105186,105396,104011,51502,51502,51502,51502	5	35	26968,28760,21351,0,0,0,0	109	71223
162752	1200	2495	2037	375	407	50	30	3	7434	570	1393	581	1998	49	137	7855	1259	5335	0,100,0,0,0,0	18515	519	910	74316	4954	25218	105787,105996,104647,52279,52279,52279,52279	5	42	26968,28760,22255,0,0,0,0	123	70887
162297	1275	2573	2090	391	407	53	29	3	7660	572	1396	577	1906	48	137	8074	1303	5515	0,100,0,0,0,0	18085	671	888	75072	5092	25825	106379,106589,105276,53028,53028,53028,53028	5	27	26968,28760,23137,0,0,0,0	126	70575
161862	1301	2622	2223	394	435	50	30	3	7855	572	1399	578	1962	35	130	8280	1330	5725	0,100,0,0,0,0	18411	706	888	75837	5216	26470	106999,107209,105933,53834,53834,53834,53834	5	44	26968,28760,24014,0,0,0,0	120	70232
161433	1374	2739	2250	398	396	54	29	3	8089	576	1405	560	1976	45	123	8098	1342	5898	0,100,0,0,0,0	18644	703	934	76632	5362	27104	107649,107860,106627,54661,54661,54661,54661	5	43	26968,28760,24943,0,0,0,0	111	69890
160923	1428	2846	2268	377	405	57	32	5	8421	578	1406	579	2000	51	137	8290	1373	6040	0,100,0,0,0,0	18338	712	946	77433	5512	27741	108315,108526,107330,55531,55531,55531,55531	5	47	26968,28760,25887,0,0,0,0	124	69541
160559	1393	2839	2414	400	411	56	36	4	8644	582	1408	566	2000	68	119	8045	1352	6197	0,100,0,0,0,0	26583	690	857	78175	5638	28361	108906,109118,107963,56301,56301,56301,56301	5	69	26968,28760,26751,0,0,0,0	139	69172
160191	1331	2910	2443	413	434	57	33	4	8929	587	1414	577	1963	63	128	8113	1403	6218	0,100,0,0,0,0	26726	642	868	78909	5780	28940	109510,109723,108609,57064,57064,57064,57064	6	53	26968,28760,27616,0,0,0,0	143	68853
159738	1409	2938	2520	415	457	58	34	4	9162	591	1420	582	2014	73	138	8775	1491	6340	0,100,0,0,0,0	18742	634	989	79761	5925	29519	110179,110391,109320,57898,57898,57898,57898	6	27	26968,28760,28595,0,0,0,0	132	68459
159324	1456	2964	2516	441	477	56	35	5	9453	595	1424	587	1879	42	137	9220	1516	6429	0,100,0,0,0,0	19368	892	941	80534	6103	30345	110782,110994,109969,58681,58681,58681,58681	6	40	26968,28760,29537,0,0,0,0	126	68082
158869	1501	3059	2526	458	478	55	36	4	9735	597	1428	591	2022	56	180	9482	1539	6574	0,100,0,0,0,0	19591	825	1015	81392	6271	31110	111516,111731,110749,59632,59632,59632,59632	6	52	26968,28760,30546,0,0,0,0	122	67666
158437	1544	3089	2579	452	517	50	34	4	10011	600	1429	574	1974	57	155	10047	1586	6679	0,100,0,0,0,0	20339	918	1005	82208	6463	31967	112219,112435,111501,60520,60520,60520,60520	6	46	26968,28760,31538,0,0,0,0	117	67303
158062	1546	3118	2665	472	527	49	33	3	10239	603	1429	617	1949	47	149	10387	1664	6746	0,100,0,0,0,0	20543	864	988	83040	6627	32774	112944,113159,112275,61440,61440,61440,61440	6	39	26968,28760,32521,0,0,0,0	98	66900
157858	1484	3081	2704	509	523	49	36	3	10459	604	1436	588	1953	54	135	10527	1674	6712	0,100,0,0,0,0	28785	830	851	83754	6769	33547	113547,113761,112928,62189,62189,62189,62189	6	49	26968,28760,33362,0,0,0,0	107	66535
157627	1434	3083	2742	518	505	53	37	3	10695	609	1440	585	2007	56	157	10440	1670	6702	0,100,0,0,0,0	28909	996	896	84508	6918	34346	114172,114387,113605,62944,62944,62944,62944	6	25	26968,28760,34249,0,0,0,0	105	66226
157279	1435	3089	2852	521	518	53	31	4	10900	617	1447	566	1982	45	184	11018	1726	6773	0,100,0,0,0,0	21186	1006	978	85311	7098	35147	114852,115067,114335,63792,63792,63792,63792	6	41	26968,28760,35208,0,0,0,0	109	65914
157046	1414	3173	2809	531	507	57	33	4	11100	621	1451	578	1945	59	155	11363	1737	6787	0,100,0,0,0,0	21432	1699	956	86087	7284	36665	115503,115719,115042,64561,64561,64561,64561	6	41	26968,28760,36143,0,0,0,0	111	65610
156753	1410	3167	2832	542	532	60	31	5	11338	623	1453	599	1990	50	182	12008	1794	6780	0,100,0,0,0,0	22172	1660	955	86858	7473	38150	116361,116575,115951,65676,65676,65676,65676	6	42	26968,28760,37079,0,0,0,0	121	65282
156502	1435	3084	2895	527	530	67	33	6	11581	625	1461	603	1995	47	189	12246	1826	6745	0,100,0,0,0,0	22455	1679	942	87616	7662	39667	117193,117407,116838,66727,66727,66727,66727	6	43	26968,28760,38000,0,0,0,0	126	64973
156306	1444	3141	2819	539	509	71	31	4	11788	628	1466	583	2017	60	167	12396	1764	6790	0,100,0,0,0,0	22485	1711	953	88396	7843	41201	118042,118257,117746,67797,67797,67797,67797	6	56	26968,28760,38931,0,0,0,0	142	64641
156204	1376	3001	2873	540	497	78	30	6	12040	630	1471	576	1990	55	130	11806	1722	6673	0,100,0,0,0,0	30487	1750	795	89046	7995	42775	118791,119006,118549,68747,68747,68747,68747	6	39	26968,28760,39713,0,0,0,0	145	64362
156039	1354	2967	2869	535	500	85	31	5	12253	633	1475	578	2000	63	145	11653	1756	6585	0,99,0,0,0,0	29990	1691	835	89725	8182	44293	119600,119814,119411,69772,69772,69772,69772	6	43	26968,28760,40530,27,0,0,0	150	64072
155887	1431	2843	2836	505	531	80	32	5	12479	637	1480	563	1972	53	175	11844	1743	6515	0,99,0,0,0,0	22211	1708	872	90470	8350	45868	120439,120655,120308,70798,70798,70798,70798	6	46	26968,28760,41390,59,0,0,0	153	63736
155839	1408	2787	2841	497	526	79	38	7	12604	637	1483	570	1937	50	161	12142	1735	6441	0,98,1,0,0,0	22196	860	812	91142	8523	46593	121197,121414,121127,71711,71711,71711,71711	6	39	26968,28760,42181,92,0,0,0	151	63416
155675	1399	2830	2806	498	530	83	35	9	12752	641	1488	549	1920	57	161	12141	1737	6444	0,98,1,0,0,0	22823	863	898	91859	8737	47327	121781,121997,121768,72352,72352,72352,72352	6	42	26968,28760,43042,135,0,0,0	147	63076
155550	1430	2804	2788	488	533	84	40	8	12886	644	1491	549	1973	61	149	11885	1692	6475	0,97,2,0,0,0	22375	916	880	92564	8952	48087	122377,122595,122423,72986,72986,72986,72986	6	34	26968,28760,43868,204,0,0,0	157	62776
155498	1417	2789	2721	485	532	86	38	9	13029	649	1493	529	1980	57	169	11565	1646	6422	0,96,3,0,0,0	22213	922	843	93246	9143	48859	122942,123160,123048,73578,73578,73578,73578	6	38	26968,28760,44655,273,0,0,0	163	62453
155668	1282	2747	2719	474	515	89	39	10	13054	653	1496	520	1907	41	168	10938	1606	6259	0,96,3,0,0,0	29383	899	708	93787	9314	49617	123396,123610,123563,73999,73999,73999,73999	6	26	26968,28760,45314,304,0,0,0	163	62194
155767	1195	2649	2756	479	511	89	37	10	13097	656	1500	536	1880	46	138	10758	1551	6165	0,95,4,0,0,0	29208	855	692	94312	9488	50321	123835,124049,124058,74435,74435,74435,74435	5	35	26968,28760,45922,365,0,0,0	164	61944
155818	1241	2573	2703	457	500	78	39	11	13163	658	1505	536	2000	46	156	10462	1527	6064	0,95,4,0,0,0	20974	837	804	94931	9683	51011	124320,124537,124608,74912,74912,74912,74912	5	36	26968,28760,46629,444,0,0,0	160	61639
155877	1255	2539	2608	455	478	77	37	12	13240	662	1506	532	1998	48	155	10633	1503	5946	0,94,5,0,0,0	21007	711	786	95543	9865	51577	124793,125012,125141,75368,75368,75368,75368	5	34	26968,28760,47309,527,0,0,0	149	61343
155983	1228	2531	2574	457	484	74	38	13	13193	665	1506	548	1933	40	137	10360	1468	5918	0,93,6,0,0,0	20924	751	762	96103	10074	52187	125178,125398,125590,75715,75714,75714,75714	5	42	26968,28760,47969,614,0,0,0	150	61041
156125	1213	2541	2551	460	443	69	42	13	13108	669	1512	512	1940	34	150	9969	1465	5854	0,93,6,0,0,0	20660	775	760	96668	10278	52794	125580,125797,126053,76065,76063,76063,76063	5	29	26968,28760,48617,699,0,0,0	141	60764
156148	1244	2527	2513	454	422	68	43	14	13124	675	1514	510	1919	42	149	9968	1428	5843	0,92,7,0,0,0	20322	753	819	97260	10509	53410	126008,126225,126542,76484,76481,76481,76481	5	41	26968,28760,49290,817,0,0,0	142	60452
156318	1177	2470	2514	452	406	71	42	14	13086	681	1515	495	2007	50	127	9719	1366	5766	0,91,8,0,0,0	28316	727	703	97782	10697	53996	126389,126606,126985,76816,76812,76812,76812	5	50	26968,28760,49873,920,0,0,0	147	60194
156501	1146	2379	2481	442	407	70	45	11	13060	684	1520	497	1982	59	109	9338	1307	5663	0,90,9,0,0,0	27986	738	691	98292	10881	54577	126736,126955,127394,77106,77102,77102,77102	5	47	26968,28760,50435,1032,0,0,0	153	59937
156622	1147	2297	2393	436	433	66	46	11	13086	686	1523	506	2025	48	146	9609	1290	5528	0,89,10,0,0,0	19844	770	699	98786	11091	55187	127074,127292,127786,77401,77396,77396,77396	5	41	26968,28760,50991,1151,0,0,0	137	59688
156810	1119	2327	2325	416	422	64	47	11	12990	690	1525	477	1910	49	146	9145	1302	5418	0,88,11,0,0,0	19543	406	699	99283	11295	55433	127420,127639,128191,77699,77691,77691,77691	5	36	26968,28760,51533,1285,0,0,0	129	59443
156853	1187	2319	2321	400	414	58	46	10	12911	695	1532	486	2016	47	118	9329	1295	5450	0,87,12,0,0,0	19454	403	809	99851	11540	55690	127732,127948,128560,77953,77944,77944,77944	5	47	26968,28760,52128,1467,0,0,0	118	59138
156971	1187	2263	2297	411	419	59	42	10	12852	699	1536	492	1923	42	131	9059	1273	5405	0,86,13,0,0,0	19404	384	714	100364	11744	55922	128009,128229,128895,78144,78132,78132,78132	5	31	26968,28760,52646,1640,0,0,0	121	58895
157109	1207	2219	2316	385	394	58	42	6	12769	703	1538	498	1975	45	127	9169	1258	5363	0,84,15,0,0,0	19453	383	717	100883	11948	56153	128263,128486,129206,78322,78308,78308,78308	5	24	26968,28760,53150,1841,0,0,0	116	58603
157359	1128	2134	2327	379	395	55	38	5	12673	710	1543	483	1975	37	94	9226	1228	5228	0,82,17,0,0,0	27661	391	597	101287	12144	56393	128437,128659,129434,78383,78367,78367,78367	5	17	26968,28760,53554,2012,0,0,0	109	58389
157575	1082	2091	2292	356	371	61	39	6	12617	711	1545	494	1905	29	116	8726	1159	5133	0,81,18,0,0,0	27434	295	621	101707	12348	56658	128656,128877,129706,78509,78490,78490,78490	5	33	26968,28760,53945,2224,0,0,0	117	58132
157619	1102	2075	2221	356	358	58	36	4	12649	715	1553	494	2006	43	112	8894	1091	5115	0,78,21,0,0,0	19445	253	703	102204	12557	56911	128948,129169,130044,78743,78722,78722,78722	5	23	26968,28760,54374,2474,0,0,0	112	57833
157781	1141	2011	2199	348	362	56	38	5	12534	717	1554	507	1834	34	104	9020	1033	5122	0,76,23,0,0,0	19373	112	682	102672	12775	57023	129201,129421,130346,78908,78886,78886,78886	5	39	26968,28760,54790,2726,0,0,0	114	57542
157965	1095	2019	2173	348	326	55	39	3	12447	719	1557	505	1995	37	111	8717	1024	5031	0,74,25,0,0,0	28590	107	635	103109	12978	57130	129393,129613,130588,79003,78976,78976,78976	4	30	26968,28760,55155,2984,0,0,0	107	57262
158089	1108	2043	2100	332	302	52	36	3	12397	724	1560	516	1961	45	123	8621	1013	4960	0,72,27,0,0,0	28476	93	687	103543	13234	57223	129577,129795,130820,79110,79079,79079,79079	4	43	26968,28760,55510,3293,0,0,0	107	56986
158345	1064	2043	2027	303	288	52	32	4	12298	729	1561	497	1901	43	89	8462	954	4855	0,70,29,0,0,0	27316	127	599	103920	13461	57350	129715,129934,131008,79122,79087,79087,79087	4	21	26968,28760,55812,3569,0,0,0	106	56754
158535	1027	2036	2010	294	299	53	27	5	12162	734	1564	501	2030	49	90	8537	945	4801	0,67,32,0,0,0	27221	107	645	104353	13679	57457	129898,130117,131239,79216,79177,79177,79177	4	35	26968,28760,56113,3892,0,0,0	101	56487
158765	1013	1960	1990	298	306	56	26	5	12024	735	1568	503	2060	28	77	8123	921	4728	0,65,34,0,0,0	27353	90	597	104714	13924	57547	130030,130250,131419,79258,79214,79214,79214	4	31	26968,28760,56393,4198,0,0,0	105	56256
158963	1067	1866	1988	295	297	50	27	7	11882	735	1569	524	1914	36	129	7553	896	4694	0,62,37,0,0,0	27718	89	671	105115	14198	57636	130164,130383,131602,79304,79255,79255,79255	4	35	26968,28760,56676,4572,0,0,0	100	56006
159119	1074	1838	1951	307	312	45	25	7	11760	737	1571	516	1991	34	105	7635	900	4652	0,59,40,0,0,0	27563	91	643	105505	14455	57727	130282,130501,131761,79371,79315,79315,79315	4	37	26968,28760,56918,4957,0,0,0	100	55754
159291	1088	1861	1887	296	301	53	25	6	11623	742	1573	516	1933	40	108	7168	883	4628	0,57,42,0,0,0	27628	76	660	105881	14745	57803	130389,130605,131910,79432,79368,79368,79368	4	37	26968,28760,57161,5362,0,0,0	96	55487
159382	1134	1813	1937	290	297	57	21	5	11480	752	1578	525	1921	43	113	7023	861	4688	0,53,46,0,0,0	26951	70	703	106275	15058	57873	130501,130716,132061,79534,79462,79462,79462	4	29	26968,28760,57361,5851,0,0,0	95	55201
159390	1169	1856	1903	299	277	54	21	5	11438	752	1582	511	1955	39	115	6640	872	4707	0,50,49,0,0,0	26597	73	724	106708	15354	57946	130670,130883,132265,79695,79615,79615,79615	4	41	26968,28760,57561,6361,0,0,0	101	54926
159469	1158	1910	1884	268	275	50	24	4	11368	752	1584	493	1970	47	75	6724	840	4729	0,46,53,0,0,0	25635	72	700	107090	15682	58018	130786,130998,132419,79798,79709,79709,79709	4	45	26968,28760,57761,6853,0,0,0	97	54667
159548	1140	1907	1901	264	296	50	22	5	11271	754	1588	507	1908	43	85	6321	825	4755	0,44,55,0,0,0	25312	72	703	107507	15974	58090	130904,131115,132574,79928,79829,79829,79829	4	38	26968,28760,57955,7346,0,0,0	95	54365
159526	1225	1940	1893	269	301	50	21	6	11166	759	1590	496	1935	45	105	6424	847	4852	0,40,59,0,0,0	16580	82	784	107944	16327	58172	131045,131254,132749,80113,80005,80005,80005	4	38	26968,28760,58103,7967,0,0,0	88	54051
159396	1359	1932	1974	262	303	49	20	7	11090	761	1593	471	1934	47	113	6601	864	5035	0,37,62,0,0,0	16685	276	892	108426	16743	58448	131218,131428,132953,80388,80267,80267,80267	4	42	26968,28760,58278,8661,0,0,0	91	53709
159293	1430	2018	1977	245	292	56	19	8	11047	764	1597	474	1918	47	102	6911	887	5150	0,34,65,0,0,0	16863	270	859	108899	17134	58718	131431,131637,133194,80716,80582,80582,80582	5	48	26968,28760,58417,9371,0,0,0	89	53374
159102	1497	2157	2010	236	259	53	16	9	11043	765	1599	493	1953	58	100	6654	874	5354	0,31,68,0,0,0	16869	263	930	109380	17591	58981	131657,131864,133448,81088,80942,80942,80942	5	53	26968,28760,58559,10150,0,0,0	88	53039
158855	1599	2231	2097	233	242	51	16	7	11048	767	1600	480	1930	56	71	6579	846	5623	0,28,71,0,0,0	16517	289	974	109903	18049	59270	131917,132121,133737,81512,81355,81355,81355	5	53	26968,28760,58693,10982,0,0,0	85	52683
158638	1621	2312	2164	240	228	49	14	7	11101	770	1602	506	1975	41	82	6507	819	5809	0,25,74,0,0,0	25437	267	944	110405	18497	59537	132140,132346,133987,81915,81743,81743,81743	5	59	26968,28760,58805,11807,0,0,0	90	52315
158348	1683	2398	2209	244	234	43	17	8	11186	770	1606	500	1909	58	75	6433	786	6042	0,23,76,0,0,0	24979	313	996	110920	18987	59850	132392,132595,134262,82368,82181,82181,82181	5	49	26968,28760,58907,12699,0,0,0	88	51954
157988	1843	2514	2318	242	226	37	19	9	11168	771	1611	527	1985	55	81	5935	782	6417	0,21,78,0,0,0	16329	259	1149	111482	19603	60109	132672,132875,134569,82907,82703,82703,82703	5	49	26968,28760,59008,13729,23,0,0	84	51550
157384	2053	2659	2426	246	257	36	19	9	11270	771	1616	545	2012	68	89	5977	806	6890	0,18,80,0,0,0	15977	323	1290	112133	20275	60432	133027,133229,134940,83574,83352,83352,83352	6	66	26968,28760,59123,14895,52,0,0	96	51096
156817	2137	2864	2531	251	257	43	19	6	11427	773	1621	521	1933	63	110	6076	855	7247	0,16,82,0,0,0	16199	361	1276	112758	20952	60793	133389,133594,135320,84257,84018,84018,84018	6	60	26968,28760,59233,16053,77,0,0	94	50663
156116	2270	3092	2672	264	267	43	16	7	11600	776	1623	529	1866	61	121	6134	933	7691	0,14,84,1,0,0	16337	358	1427	113481	21684	61151	133811,134016,135756,85071,84811,84811,84811	6	74	26968,28760,59328,17362,116,0,0	108	50170
155302	2498	3253	2922	282	258	42	18	6	11764	778	1623	522	1971	84	99	6050	945	8328	0,12,85,1,0,0	16547	350	1578	114245	22530	61501	134237,134444,136194,85958,85676,85676,85676	7	77	26968,28760,59419,18824,160,0,0	97	49622
154590	2564	3402	3098	293	277	38	16	8	12054	780	1626	526	1943	79	104	6400	1002	8686	0,11,86,2,0,0	24948	382	1445	114958	23294	61883	134640,134846,136609,86765,86461,86461,86461	7	80	26968,28760,59489,20161,218,0,0	95	49123
153900	2500	3633	3229	304	299	33	19	7	12411	780	1631	525	2016	87	111	6610	1071	8946	0,10,87,2,0,0	25416	324	1478	115671	24071	62207	135004,135211,136987,87557,87227,87227,87227	7	97	26968,28760,59567,21520,260,0,0	95	48613
152705	2837	3823	3390	306	327	32	15	9	12888	783	1631	526	1984	92	120	7282	1170	9560	0,8,88,2,0,0	17494	335	1926	116574	25111	62542	135514,135718,137502,88630,88276,88276,88276	8	82	26968,28760,59638,23309,324,0,0	91	47963
151703	3123	3894	3648	321	341	35	14	7	13245	784	1631	538	1974	87	147	7879	1304	10072	0,8,89,2,0,0	17547	320	1853	117436	26118	62862	135982,136185,137979,89651,89267,89267,89267	8	99	26968,28760,59706,25031,390,0,0	96	47356
150672	3131	4202	3856	358	344	36	14	9	13705	786	1633	524	1965	88	131	8436	1364	10577	0,7,89,3,0,0	18328	324	1888	118348	27113	63186	136465,136666,138470,90700,90283,90283,90283	9	84	26968,28760,59775,26770,472,0,0	91	46721
149394	3359	4524	3999	383	359	35	15	7	14246	788	1637	503	1909	111	175	9401	1496	11178	0,6,89,3,0,0	19024	374	2148	119345	28274	63560	137013,137211,139018,91933,91481,91481,91481	9	108	26968,28760,59836,28750,566,0,0	100	46018
148036	3654	4757	4235	412	373	32	16	7	14789	789	1646	519	1991	123	170	9881	1651	11828	0,6,90,3,0,0	19748	357	2289	120402	29521	63917	137607,137806,139614,93292,92799,92798,92798	10	132	26968,28760,59897,30863,669,0,0	99	45264
146859	3689	4952	4466	431	407	35	17	8	15442	790	1650	520	1938	112	155	10293	1774	12223	0,5,90,4,0,0	28557	324	2112	121346	30703	64241	138092,138287,140098,94505,93969,93967,93967	11	127	26968,28760,59941,32820,778,0,0	108	44571
145685	3585	5198	4690	446	409	30	19	8	16235	790	1651	523	1910	124	149	10229	1787	12590	0,4,90,4,0,0	28552	358	2097	122284	31878	64599	138589,138787,140593,95713,95136,95134,95134	11	113	26968,28760,59973,34764,894,0,0	114	43893
144229	3856	5333	5000	448	430	28	20	9	16945	792	1656	546	2008	133	194	10816	1899	13216	0,4,91,4,0,0	20731	353	2505	123380	33302	64952	139192,139390,141196,97180,96555,96552,96552	12	133	26968,28760,60022,37083,1028,0,0	118	43110
142784	4168	5456	5228	470	448	29	20	7	17682	794	1660	566	1994	143	195	11463	2010	13809	0,3,91,4,0,0	21404	326	2537	124527	34704	65278	139784,139979,141785,98644,97970,97966,97966	12	127	26968,28760,60074,39393,1188,0,0	119	42273
141282	4236	5760	5353	489	441	31	23	9	18662	796	1664	541	1982	168	190	11411	2054	14279	0,3,91,5,0,0	21432	335	2541	125614	36177	65613	140341,140530,142331,100110,99386,99380,99380	13	125	26968,28760,60110,41705,1367,0,0	123	41445
139718	4313	6167	5487	513	457	33	26	10	19560	796	1666	542	1806	133	191	11840	2161	14835	0,3,91,5,0,0	21875	321	2654	126763	37702	65934	140931,141115,142911,101650,100873,100866,100866	13	129	26968,28760,60136,44153,1537,0,0	131	40588
138232	4533	6213	5817	566	455	34	26	11	20391	797	1671	512	1934	140	191	11942	2176	15468	0,2,91,6,0,0	21957	355	2754	127956	39275	66289	141531,141714,143497,103249,102408,102400,102400	14	148	26968,28760,60167,46650,1746,0,0	147	39724
136987	4441	6263	6053	578	493	34	24	15	21385	800	1673	516	1999	151	193	11720	2135	15751	0,2,91,6,0,0	30251	341	2440	129020	40672	66630	142034,142216,143998,104663,103762,103752,103752	15	160	26968,28760,60191,48838,1963,0,0	140	38918
135882	4174	6389	6226	555	537	41	23	16	22422	804	1677	484	1981	151	235	11943	2242	15703	0,2,90,6,0,0	30104	347	2413	130037	42083	66977	142501,142680,144457,106042,105075,105062,105062	15	142	26968,28760,60215,51020,2150,0,0	156	38165
134348	4456	6433	6400	581	537	42	26	16	23424	806	1677	488	1973	164	252	11905	2330	16145	0,1,90,7,0,0	22418	346	2848	131231	43760	67323	143079,143259,145021,107689,106656,106640,106640	16	145	26968,28760,60233,53582,2404,0,0	156	37288
132984	4703	6355	6564	564	574	46	27	18	24421	808	1682	477	1924	167	244	12445	2439	16394	0,1,90,7,0,0	22282	123	2781	132440	45351	67446	143634,143813,145568,109296,108189,108171,108171	16	146	26968,28760,60247,56076,2663,0,0	150	36392
131632	4728	6529	6721	552	573	44	24	16	25432	811	1684	488	1915	170	281	13392	2609	16562	0,1,90,8,0,0	23263	140	2820	133588	47037	67586	144137,144310,146058,110863,109681,109659,109659	16	130	26968,28760,60260,58569,2948,0,0	153	35541
130474	4669	6691	6738	552	578	48	21	19	26457	813	1686	499	1890	164	237	13229	2577	16720	0,1,89,8,0,0	23431	127	2709	134794	48551	67713	144631,144801,146539,112387,111128,111102,111102	17	141	26968,28760,60277,60907,3258,0,0	151	34642
129336	4667	6719	6911	543	556	47	19	20	27425	814	1689	477	1982	149	237	13809	2585	16877	0,1,89,9,0,0	23562	110	2739	135891	50210	67823	145075,145246,146968,113882,112540,112511,112511	17	147	26968,28760,60287,63313,3550,0,0	149	33822
128621	4462	6618	6944	567	570	45	21	20	28372	814	1692	477	1918	153	211	13965	2520	16707	0,1,89,9,0,0	31900	111	2428	136908	51638	67934	145397,145571,147291,115180,113749,113715,113715	17	146	26968,28760,60291,65394,3849,0,0	137	33047
128022	4169	6571	6972	587	563	47	24	19	29261	815	1696	482	1939	158	222	14203	2528	16405	0,1,88,10,0,0	31675	123	2374	137875	53062	68057	145676,145850,147570,116430,114909,114870,114870	17	147	26968,28760,60304,67433,4133,0,0	159	32323
127073	4266	6569	6934	579	568	48	27	20	30147	816	1699	476	1866	189	251	14784	2580	16411	0,0,88,10,0,0	24702	128	2730	138945	54739	68185	146066,146237,147950,117922,116311,116264,116264	18	181	26968,28760,60312,69747,4490,0,0	150	31516
126329	4452	6345	6932	578	535	55	28	20	30952	818	1702	482	1926	170	233	14940	2587	16338	0,0,87,11,0,0	25091	83	2635	139997	56345	68268	146412,146585,148288,119349,117641,117587,117587	18	131	26968,28760,60327,71927,4887,0,0	160	30729
125641	4269	6392	6955	583	526	55	31	18	31751	820	1705	489	1858	152	209	15163	2582	16229	0,0,86,12,0,0	25582	70	2453	140938	57876	68338	146703,146877,148567,120643,118841,118782,118782	18	124	26968,28760,60330,73928,5288,0,0	153	30039
125090	4217	6350	6977	540	530	53	28	16	32409	824	1712	470	1958	182	219	15120	2518	16177	0,0,86,13,0,0	25276	88	2533	141891	59479	68426	146962,147132,148815,121969,120065,120000,120000	18	154	26968,28760,60338,76001,5695,0,0	155	29315
124673	4151	6176	6940	493	502	58	22	17	33168	830	1716	457	2019	181	219	14968	2467	15875	0,0,85,13,0,0	24953	95	2371	142797	60962	68521	147177,147348,149017,123182,121181,121108,121108	18	136	26968,28760,60345,77907,6104,0,0	142	28631
124562	3862	6011	6865	515	480	55	28	16	33803	830	1719	460	1883	137	213	15040	2439	15377	0,0,84,14,0,0	32830	84	2082	143623	62228	68605	147311,147478,149141,124226,122127,122045,122045	18	121	26968,28760,60349,79581,6459,0,0	141	28003
124686	3452	5894	6679	521	469	49	25	16	34401	833	1721	460	1955	169	180	14914	2364	14725	0,0,84,15,0,0	32746	87	1899	144353	63409	68692	147338,147506,149171,125134,122930,122840,122840	17	105	26968,28760,60352,81064,6824,0,0	142	27417
124741	3419	5675	6561	493	471	41	21	18	34743	835	1728	439	1945	157	207	14218	2281	14400	0,0,83,16,0,0	24837	83	2136	145153	64757	68775	147415,147584,149242,126164,123854,123753,123753	17	111	26968,28760,60356,82686,7265,0,0	131	26809
124821	3468	5335	6394	494	486	39	21	18	35103	837	1730	456	1900	116	195	13865	2215	14022	0,0,82,17,0,0	24023	49	2043	145909	66059	68824	147488,147654,149311,127165,124754,124640,124640	16	101	26968,28760,60359,84240,7711,0,0	119	26219
125106	3337	5094	6244	481	492	37	23	18	35341	839	1734	493	1954	127	213	13760	2142	13566	0,0,81,18,0,0	23925	49	1886	146643	67224	68873	147519,147683,149334,128065,125545,125423,125423	16	82	26968,28760,60360,85621,8162,0,0	114	25677
125527	3195	4971	5982	484	484	40	24	19	35444	840	1736	512	1870	116	195	13586	2076	13104	0,0,80,19,0,0	23718	62	1852	147365	68367	68935	147495,147659,149310,128924,126295,126161,126161	15	79	26968,28760,60365,86952,8605,0,0	107	25121
125921	3192	4739	5799	437	457	40	25	18	35533	841	1744	517	1956	107	198	13242	1948	12741	0,0,79,20,0,0	23467	54	1798	148031	69520	68989	147461,147623,149274,129751,127016,126869,126869	15	89	26968,28760,60365,88261,9034,0,0	118	24598
126811	2789	4576	5585	420	424	39	23	19	35468	846	1746	499	1995	112	158	13295	1841	12015	0,0,78,21,0,0	31023	57	1423	148507	70479	69046	147289,147452,149113,130321,127474,127315,127315	14	82	26968,28760,60366,89261,9394,0,0	116	24237
127633	2543	4389	5391	397	419	41	23	17	35297	847	1749	500	1908	95	164	12778	1783	11420	0,0,77,22,0,0	31112	61	1498	149070	71425	69107	147164,147326,148997,130960,128003,127830,127830	14	110	26968,28760,60369,90301,9788,0,0	130	23796
128270	2628	4082	5143	393	426	32	18	18	35132	851	1753	519	1901	106	181	11981	1689	11033	0,0,76,23,0,0	22782	49	1595	149633	72470	69156	147064,147222,148900,131658,128597,128410,128410	13	96	26968,28760,60370,91388,10237,0,0	105	23365
129031	2532	3779	4959	391	382	33	16	21	34996	851	1755	511	1893	112	150	11657	1565	10527	0,0,75,24,0,0	21867	35	1354	150114	73347	69191	146937,147094,148778,132201,129046,128845,128845	13	87	26968,28760,60371,92249,10647,0,0	95	22995
129899	2398	3695	4704	372	360	29	16	21	34640	853	1759	532	1980	118	172	11760	1523	10051	0,0,73,26,0,0	21587	44	1374	150589	74256	69235	146771,146928,148623,132722,129469,129251,129251	12	79	26968,28760,60372,93106,11099,0,0	96	22628
130846	2244	3608	4378	357	365	22	17	16	34279	853	1761	525	1996	87	153	11864	1491	9500	0,0,72,27,0,0	21784	52	1243	151031	75068	69287	146551,146706,148409,133188,129837,129603,129603	12	60	26968,28760,60372,93866,11533,0,0	92	22264
131858	2112	3416	4233	326	340	23	15	16	33791	854	1762	509	1886	86	126	11404	1382	9083	0,0,70,29,0,0	21843	37	1191	151445	75851	69324	146333,146489,148204,133613,130164,129913,129913	11	58	26968,28760,60373,94566,11953,0,0	85	21929
133028	1909	3268	4016	304	330	18	13	16	33225	855	1764	522	1951	88	116	11000	1299	8559	0,0,69,30,0,0	29275	46	1047	151812	76535	69370	146080,146235,147964,133967,130425,130156,130156	11	64	26968,28760,60375,95184,12326,0,0	74	21639
134101	1772	3080	3733	290	331	18	9	19	32772	856	1765	544	1943	73	132	10313	1230	8003	0,0,67,32,0,0	29010	42	1032	152154	77232	69412	145814,145971,147709,134308,130676,130389,130389	10	60	26968,28760,60376,95785,12708,0,0	65	21365
135206	1778	2866	3546	268	283	19	12	18	32126	856	1768	568	1957	81	133	9997	1187	7585	0,0,65,34,0,0	20671	42	1061	152486	77964	69454	145566,145720,147468,134649,130929,130622,130622	10	56	26968,28760,60377,96355,13158,0,0	62	21107
136373	1724	2676	3388	244	277	21	10	17	31387	858	1771	532	1999	62	97	9932	1130	7210	0,0,64,35,0,0	20283	24	955	152798	78612	69478	145296,145452,147210,134935,131129,130802,130802	9	52	26968,28760,60378,96861,13550,0,0	67	20863
137579	1599	2549	3284	230	275	16	10	18	30555	859	1772	567	1966	78	111	9556	1085	6878	0,0,63,36,0,0	19836	29	880	153101	79195	69507	145036,145195,146970,135183,131294,130946,130946	9	67	26968,28760,60379,97318,13916,0,0	61	20629
138676	1545	2448	3098	231	241	12	15	17	29828	859	1776	552	1949	64	105	9281	1047	6543	0,0,61,38,0,0	19600	37	925	153392	79837	69544	144782,144944,146726,135454,131484,131117,131117	9	46	26968,28760,60380,97760,14344,0,0	68	20408
139890	1454	2384	2900	230	218	11	11	20	28988	860	1780	543	1960	70	93	9081	967	6241	0,0,59,40,0,0	19442	30	837	153646	80425	69574	144495,144656,146453,135668,131619,131230,131230	8	37	26968,28760,60380,98151,14744,0,0	60	20218
141089	1335	2223	2808	212	210	14	10	18	28181	860	1786	552	1988	62	76	8761	877	5935	0,0,58,41,0,0	27506	17	766	153885	80958	69591	144220,144385,146197,135855,131731,131321,131321	7	34	26968,28760,60380,98520,15103,0,0	57	20025
142329	1273	2098	2690	196	182	12	8	20	27289	860	1789	574	1993	55	86	8261	798	5661	0,0,55,44,0,0	26828	22	740	154121	81465	69613	143932,144096,145928,136030,131825,131395,131395	7	40	26968,28760,60380,98821,15497,0,0	52	19845
143349	1338	2071	2445	177	180	14	5	18	26493	861	1795	564	1932	52	95	7222	700	5530	0,0,54,45,0,0	17870	32	861	154406	82050	69645	143693,143853,145701,136262,131990,131538,131538	7	43	26968,28760,60381,99216,15926,0,0	53	19618
144397	1358	1979	2344	177	182	14	8	16	25612	861	1798	560	1949	44	66	6562	606	5456	0,0,51,48,0,0	17019	10	783	154663	82583	69655	143454,143614,145473,136464,132124,131651,131651	6	43	26968,28760,60381,99508,16380,0,0	57	19424
145483	1340	1966	2249	175	183	14	6	16	24652	861	1801	585	1904	43	83	5593	536	5397	0,0,49,50,0,0	16297	11	812	154933	83131	69666	143219,143380,145250,136664,132262,131766,131766	6	47	26968,28760,60382,99802,16854,0,0	56	19217
146427	1384	1891	2184	178	168	15	9	13	23814	861	1802	550	2043	55	75	4533	461	5368	0,0,47,52,0,0	15385	4	801	155179	83688	69670	142996,143162,145035,136865,132409,131890,131890	6	36	26968,28760,60382,100066,17345,0,0	61	19037
147315	1383	1917	2105	177	173	16	8	12	22970	862	1808	558	1997	75	68	3888	431	5348	0,0,45,54,0,0	14359	8	810	155424	84257	69678	142782,142949,144829,137066,132557,132015,132015	6	58	26968,28760,60382,100348,17827,0,0	62	18845
148218	1303	1957	2076	168	156	12	7	10	22164	864	1811	556	1974	39	75	3118	418	5261	0,0,43,56,0,0	22494	10	732	155651	84768	69688	142545,142715,144608,137238,132678,132114,132114	6	46	26968,28760,60382,100598,18280,0,0	64	18664
149113	1201	1920	2090	175	147	13	7	10	21394	864	1812	587	1923	47	59	2382	367	5186	0,0,41,58,0,0	21670	5	671	155879	85217	69693	142326,142498,144401,137391,132787,132198,132198	5	45	26968,28760,60382,100789,18728,0,0	64	18484
149918	1277	1854	2090	163	152	17	6	10	20581	864	1814	554	1868	55	70	1603	348	5211	0,0,39,60,0,0	12134	4	812	156152	85759	69697	142143,142315,144228,137606,132962,132348,132348	5	34	26968,28760,60382,101029,19259,0,0	54	18281
150684	1342	1832	2054	162	150	12	6	10	19816	864	1814	560	2023	53	84	1224	342	5216	0,0,37,62,0,0	11451	16	796	156403	86309	69713	141957,142133,144055,137798,133115,132477,132477	4	36	26968,28760,60383,101241,19795,0,0	50	18083
151495	1269	1855	2010	155	135	11	5	9	19116	866	1820	573	1966	49	64	1087	341	5099	0,0,35,64,0,0	11201	13	683	156609	86790	69726	141747,141923,143855,137959,133239,132577,132577	4	40	26968,28760,60383,101416,20281,0,0	52	17923
152155	1300	1856	2021	146	132	11	5	7	18421	867	1825	559	1983	58	64	1050	328	5143	0,0,34,65,0,0	11074	10	806	156852	87356	69736	141591,141766,143704,138159,133410,132721,132721	4	39	26968,28760,60383,101625,20835,0,0	57	17746
152735	1331	1841	2065	153	132	11	3	7	17772	868	1828	566	1959	35	69	1068	341	5195	0,0,32,67,0,0	11062	20	772	157104	87881	69756	141468,141642,143590,138376,133599,132885,132885	4	42	26968,28760,60383,101794,21418,0,0	56	17562
153428	1214	1867	1981	138	157	8	3	7	17242	868	1833	574	1971	53	69	1033	302	5066	0,0,30,69,0,0	20158	14	655	157301	88346	69770	141294,141469,143426,138511,133710,132971,132971	4	34	26968,28760,60383,101931,21912,0,0	52	17402
154090	1152	1884	1970	141	151	6	3	6	16639	869	1835	587	1946	58	61	1006	295	5012	0,0,29,70,0,0	20447	15	695	157518	88826	69785	141128,141304,143268,138677,133849,133084,133084	4	41	26968,28760,60383,102083,22431,0,0	54	17222
154585	1214	1847	1979	138	157	4	4	6	16105	870	1837	589	1965	45	70	1005	310	5033	0,0,27,72,0,0	11019	24	782	157755	89373	69809	140986,141164,143127,138871,134028,133236,133236	4	38	26968,28760,60383,102226,23041,0,0	48	17034
155043	1327	1754	1988	140	145	5	4	5	15623	871	1841	559	1980	51	75	986	323	5040	0,0,25,74,0,0	11007	0	789	158025	89896	69809	140888,141067,143035,139097,134237,133419,133419	3	41	26968,28760,60384,102373,23646,0,0	39	16831
155493	1313	1799	1956	133	146	7	3	3	15175	871	1847	578	1959	46	60	995	328	5029	0,0,23,76,0,0	11039	0	755	158247	90433	69809	140763,140942,142911,139279,134407,133563,133563	3	34	26968,28760,60384,102482,24261,0,0	38	16657
155814	1275	1876	1972	147	145	9	4	3	14781	871	1849	591	2000	52	57	995	322	5106	0,0,22,77,0,0	11045	0	789	158481	90994	69809	140672,140851,142823,139496,134619,133748,133748	3	44	26968,28760,60384,102619,24895,0,0	40	16481
156122	1329	1892	1955	161	157	8	5	1	14392	871	1853	606	1907	51	55	976	332	5175	0,0,20,79,0,0	11080	0	812	158740	91552	69809	140586,140768,142744,139720,134834,133936,133936	3	42	26968,28760,60384,102738,25551,0,0	36	16280
156462	1256	1936	1988	147	165	11	6	0	14047	871	1857	593	1921	48	74	999	358	5151	0,0,19,80,0,0	20351	0	710	158943	92064	69809	140487,140671,142649,139885,134994,134070,134070	4	44	26968,28760,60384,102821,26156,0,0	50	16117
156796	1169	1927	2037	144	175	9	8	0	13750	871	1860	572	2014	39	70	998	379	5090	0,0,18,81,0,0	20010	0	681	159152	92541	69809	140389,140572,142555,140051,135158,134208,134208	4	37	26968,28760,60384,102896,26747,0,0	48	15948
157016	1245	1879	2040	133	178	10	8	0	13505	871	1861	581	1952	49	78	1004	368	5125	0,0,16,83,0,0	11170	0	834	159398	93133	69809	140319,140501,142485,140276,135385,134407,134407	4	42	26968,28760,60384,102975,27476,0,0	52	15752
157245	1288	1822	2088	149	169	10	8	1	13229	872	1865	590	1991	46	68	1005	345	5189	0,0,15,84,0,0	11000	0	779	159625	93686	69809	140253,140437,142422,140486,135598,134592,134592	4	42	26968,28760,60384,103065,28132,0,0	47	15571
157427	1301	1862	2109	157	167	12	8	1	12963	873	1866	606	1998	49	73	1008	355	5261	0,0,14,85,0,0	10913	0	800	159847	94266	69809	140189,140373,142359,140689,135810,134773,134773	4	41	26968,28760,60385,103146,28826,0,0	56	15397
157552	1380	1871	2064	155	153	11	7	3	12809	873	1868	641	1965	68	83	1023	347	5294	0,0,13,86,0,0	10981	0	825	160072	94875	69809	140144,140329,142313,140912,136044,134978,134978	4	49	26968,28760,60385,103212,29563,0,0	54	15215
157726	1364	1957	1999	157	150	10	6	5	12628	873	1871	640	1978	43	60	1010	364	5279	0,0,12,87,0,0	11118	0	800	160303	95450	69809	140079,140263,142249,141125,136270,135171,135171	4	43	26968,28760,60385,103287,30267,0,0	51	15031
158012	1262	1916	2048	145	164	7	6	5	12435	873	1873	637	1942	64	66	1005	341	5207	0,0,12,87,0,0	20184	0	666	160468	95955	69809	139981,140166,142152,141259,136418,135287,135287	4	37	26968,28760,60385,103337,30847,0,0	57	14903
158252	1192	1859	2120	130	174	4	4	7	12252	873	1879	646	1998	45	68	1031	360	5123	0,0,11,88,0,0	20432	0	679	160623	96481	69809	139876,140062,142050,141402,136574,135411,135411	4	35	26968,28760,60385,103374,31460,0,0	54	14773
158367	1237	1892	2075	129	175	5	4	6	12097	874	1885	631	2062	51	66	1058	357	5160	0,0,10,89,0,0	11076	0	798	160823	97086	69809	139825,140015,142002,141593,136784,135587,135587	4	36	26968,28760,60385,103432,32177,0,0	45	14617
158420	1376	1758	2128	141	145	4	2	6	12001	875	1890	605	1942	42	77	1059	344	5210	0,0,9,90,0,0	11035	0	804	161040	97679	69809	139780,139971,141957,141798,137008,135781,135781	4	44	26968,28760,60385,103478,32904,0,0	49	14434
158531	1326	1813	2028	145	133	3	1	7	11991	876	1892	597	1932	58	69	1049	322	5127	0,0,9,90,0,0	11279	0	730	161235	98219	69809	139715,139911,141896,141975,137206,135945,135945	4	31	26968,28760,60385,103514,33568,0,0	49	14275
158690	1208	1912	1989	131	126	5	1	6	11907	876	1895	594	1991	52	62	1040	330	5042	0,0,8,91,0,0	11102	0	703	161412	98745	69809	139636,139833,141822,142131,137380,136086,136086	4	41	26968,28760,60385,103547,34214,0,0	46	14133
158801	1187	1885	2000	124	126	8	1	6	11833	876	1899	540	1948	47	50	1016	322	5009	0,0,7,92,0,0	11156	0	687	161598	99249	69809	139574,139771,141762,142272,137548,136220,136220	3	30	26968,28760,60385,103587,34841,0,0	54	13981
159024	1158	1737	2047	140	131	7	3	5	11717	876	1901	591	1997	46	53	990	308	4915	0,0,7,92,0,0	20362	0	624	161741	99735	69809	139484,139678,141676,142388,137688,136324,136324	3	40	26968,28760,60385,103616,35408,0,0	51	13860
159288	1057	1680	2007	147	130	5	3	5	11645	876	1903	629	1932	44	62	963	302	4727	0,0,6,93,0,0	20238	0	574	161893	100160	69809	139395,139588,141592,142487,137811,136410,136410	3	44	26968,28760,60385,103641,35933,0,0	52	13737
159447	1072	1649	1913	144	108	6	3	4	11615	877	1908	640	1939	46	68	953	282	4613	0,0,6,93,0,0	11097	0	666	162060	100662	69809	139320,139512,141517,142626,137975,136539,136539	3	28	26968,28760,60385,103669,36543,0,0	34	13600
159659	1123	1518	1921	140	111	6	4	4	11473	877	1910	643	1979	41	61	954	273	4550	0,0,5,94,0,0	11069	0	633	162217	101140	69809	139243,139436,141444,142746,138121,136648,136648	3	40	26968,28760,60385,103685,37135,0,0	40	13480
159881	1042	1540	1860	140	111	7	5	4	11366	877	1913	675	1987	35	66	946	287	4418	0,0,5,94,0,0	11080	0	586	162367	101578	69809	139159,139352,141364,142847,138247,136739,136739	3	23	26968,28760,60385,103698,37680,0,0	35	13365
160066	1009	1562	1788	131	108	2	4	5	11277	877	1917	687	2060	39	55	927	270	4334	0,0,5,94,0,0	11032	0	603	162522	102028	69809	139067,139260,141278,142956,138384,136840,136840	3	31	26968,28760,60385,103718,38247,0,0	35	13229
160264	998	1511	1742	122	112	2	2	6	11191	877	1919	679	2011	39	57	899	267	4222	0,0,4,95,0,0	11068	0	573	162652	102473	69809	138983,139175,141194,143056,138514,136931,136931	3	34	26968,28760,60385,103730,38779,0,0	28	13128
160605	866	1468	1724	126	124	1	4	6	11025	877	1920	668	1985	35	43	868	265	4048	0,0,3,96,0,0	20440	0	466	162757	102836	69809	138868,139062,141087,143090,138573,136953,136953	3	24	26968,28760,60385,103737,39210,0,0	30	13044
160917	793	1406	1629	139	118	2	4	4	10931	877	1926	687	2023	41	50	847	259	3832	0,0,3,96,0,0	20236	0	458	162868	103186	69809	138750,138944,140975,143134,138643,136986,136986	3	33	26968,28760,60385,103746,39640,0,0	29	12954
161208	827	1275	1618	119	114	5	5	4	10763	877	1931	675	1915	35	65	867	272	3691	0,0,3,96,0,0	10939	0	484	162980	103564	69809	138635,138829,140866,143179,138720,137023,137023	3	25	26968,28760,60385,103753,40096,0,0	30	12864
161519	822	1183	1589	115	110	3	6	3	10587	877	1932	668	2082	41	60	856	258	3570	0,0,3,96,0,0	10968	0	461	163090	103918	69809	138508,138701,140745,143224,138794,137058,137058	3	21	26968,28760,60385,103758,40532,0,0	34	12768
161806	775	1188	1488	100	107	3	6	3	10456	877	1937	689	1905	19	51	840	256	3411	0,0,2,97,0,0	11012	0	422	163190	104240	69809	138399,138593,140641,143253,138850,137077,137077	2	20	26968,28760,60385,103763,40915,0,0	35	12684
162106	706	1144	1403	116	100	3	7	1	10344	877	1939	648	2032	29	46	798	233	3246	0,0,2,97,0,0	10770	0	389	163284	104537	69809	138279,138472,140525,143277,138901,137092,137092	2	17	26968,28760,60385,103771,41282,0,0	36	12608
162409	668	1097	1348	112	108	3	5	3	10175	877	1941	664	2014	27	43	762	226	3115	0,0,2,97,0,0	10860	0	374	163377	104831	69809	138163,138358,140419,143296,138946,137102,137102	2	18	26968,28760,60385,103777,41639,8,0	32	12539
162771	604	999	1290	102	100	2	6	4	10045	877	1946	639	1929	26	52	732	219	2884	0,0,1,97,0,0	19991	0	281	163447	105048	69809	138024,138219,140288,143282,138954,137076,137076	2	15	26968,28760,60385,103780,41898,10,0	28	12479
163145	539	932	1222	92	93	5	6	4	9881	878	1949	641	2073	27	40	692	200	2689	0,0,1,97,0,0	20105	0	301	163520	105282	69809	137889,138083,140158,143274,138973,137058,137058	2	14	26968,28760,60385,103786,42173,16,0	27	12420
163524	507	851	1138	75	88	6	4	6	9717	878	1952	642	1950	20	41	670	194	2475	0,0,1,97,0,0	10776	0	284	163585	105502	69809	137743,137938,140019,143241,138967,137016,137016	2	17	26968,28760,60385,103787,42437,19,0	26	12367
163947	452	776	1102	67	82	8	4	5	9467	878	1958	636	1909	14	29	649	169	2322	0,0,1,97,1,0	10757	0	239	163644	105691	69809	137591,137787,139875,143202,138952,136964,136964	1	14	26968,28760,60385,103793,42658,27,0	31	12319
164376	442	711	990	65	61	5	4	5	9246	878	1963	631	2017	28	36	619	145	2133	0,0,1,97,1,0	10730	0	246	163693	105890	69809	137430,137627,139721,143159,138932,136907,136907	1	11	26968,28760,60385,103794,42884,33,0	27	12277
164780	429	703	897	68	58	4	3	6	8953	878	1967	663	1924	16	29	584	152	2010	0,0,1,97,1,0	10780	0	249	163742	106094	69809	137281,137480,139580,143112,138912,136850,136850	1	15	26968,28760,60385,103794,43117,38,0	25	12237
165220	365	676	820	63	62	5	4	6	8672	878	1975	660	1975	14	22	538	144	1851	0,0,1,97,1,0	10625	0	181	163789	106232	69809	137121,137320,139429,143046,138870,136772,136772	1	9	26968,28760,60385,103794,43284,45,0	22	12201
165651	273	640	791	51	55	3	5	4	8417	878	1978	665	2020	13	16	498	127	1691	0,0,1,96,2,0	19970	0	146	163818	106352	69809	136960,137158,139274,142976,138820,136689,136689	1	4	26968,28760,60385,103794,43414,52,0	21	12175
166088	258	542	736	49	43	3	6	3	8158	878	1982	629	1844	11	19	466	108	1529	0,0,0,96,2,0	19830	0	142	163846	106470	69809	136801,137001,139123,142902,138767,136603,136603	1	5	26968,28760,60385,103794,43542,60,0	22	12152
166499	247	458	674	58	46	2	5	4	7890	878	1985	690	1970	11	25	436	105	1385	0,0,0,96,3,0	10462	0	141	163887	106572	69809	136639,136840,138966,142826,138711,136516,136515	1	7	26968,28760,60385,103794,43668,65,0	19	12119
166928	210	417	615	57	44	1	4	5	7598	878	1989	673	1856	9	25	394	97	1251	0,0,0,95,4,0	10585	0	115	163909	106670	69809	136470,136672,138804,142738,138643,136416,136416	1	10	26968,28760,60385,103794,43772,77,0	11	12102
167346	194	347	566	55	43	1	6	5	7312	878	1993	686	1975	8	17	355	83	1129	0,0,0,95,4,0	10640	0	100	163934	106748	69809	136306,136509,138649,142644,138567,136309,136309	1	2	26968,28760,60385,103795,43863,83,0	13	12082
167775	188	314	514	45	32	0	5	5	6993	879	1996	670	1975	2	23	332	77	1021	0,0,0,94,5,0	10403	0	101	163957	106833	69809	136140,136344,138489,142555,138497,136209,136208	0	4	26968,28760,60385,103795,43958,91,0	11	12064
168186	174	292	464	46	29	0	4	6	6664	880	2001	633	1876	10	8	296	65	944	0,0,0,93,5,0	10464	0	93	163981	106907	69809	135973,136177,138330,142466,138427,136108,136108	0	3	26968,28760,60385,103795,44041,102,0	6	12041
168575	158	268	393	30	28	2	4	6	6396	880	2006	649	1782	4	14	270	58	825	0,0,0,93,6,0	19734	0	79	164000	106970	69809	135824,136026,138188,142377,138356,136010,136009	0	2	26968,28760,60385,103795,44107,112,0	6	12027
168987	130	237	356	31	28	2	3	6	6072	880	2014	680	1808	4	13	239	53	734	0,0,0,90,8,0	19521	0	60	164022	107013	69809	135667,135870,138036,142285,138282,135907,135906	0	5	26968,28760,60385,103795,44154,128,0	8	12008
169389	104	230	324	24	29	2	2	6	5741	880	2015	699	1931	4	15	223	56	659	0,0,0,89,10,0	10425	0	62	164036	107067	69809	135503,135706,137878,142179,138191,135790,135789	0	3	26968,28760,60385,103795,44205,140,0	6	11996
169727	115	194	285	22	26	3	2	6	5466	880	2020	711	1861	5	7	214	42	605	0,0,0,88,11,0	10265	0	64	164045	107127	69809	135357,135560,137738,142079,138107,135681,135680	0	4	26968,28760,60385,103795,44261,151,0	5	11988
170107	87	176	255	23	27	3	1	7	5157	880	2023	687	2014	1	12	205	40	532	0,0,0,86,12,0	10450	0	37	164048	107165	69809	135191,135395,137578,141966,138008,135558,135556	0	1	26968,28760,60385,103795,44289,159,0	6	11985
170423	86	162	235	21	17	4	1	5	4888	880	2024	673	1959	2	11	182	36	490	0,0,0,84,15,0	10292	0	53	164063	107205	69809	135044,135248,137436,141867,137923,135452,135450	0	4	26968,28760,60385,103795,44325,175,0	4	11973
170768	89	134	206	24	14	5	1	5	4593	880	2027	684	1848	6	9	156	35	438	0,0,0,81,17,0	10281	0	40	164072	107241	69809	134892,135094,137287,141760,137831,135337,135335	0	1	26968,28760,60385,103795,44354,188,0	7	11966
171100	82	122	182	27	12	5	2	4	4300	880	2030	679	1836	5	6	144	36	396	0,0,0,79,20,0	19686	0	48	164082	107283	69809	134748,134951,137148,141664,137750,135233,135231	0	3	26968,28760,60385,103795,44390,200,0	8	11957
171379	70	116	161	21	9	5	1	4	4065	881	2034	680	1692	3	9	128	36	347	0,0,0,75,24,0	19567	0	30	164089	107308	69809	134614,134818,137017,141570,137665,135131,135129	0	1	26968,28760,60385,103795,44408,213,0	7	11951
171659	56	116	158	15	7	6	2	2	3807	881	2037	669	1990	5	6	128	30	330	0,0,0,73,26,0	10418	0	32	164098	107336	69809	134469,134672,136875,141471,137575,135023,135021	0	3	26968,28760,60385,103795,44427,230,0	8	11942
171922	58	124	143	7	8	4	2	1	3555	881	2041	678	1868	1	5	121	29	317	0,0,0,68,31,0	10309	0	42	164109	107371	69809	134331,134535,136741,141376,137492,134922,134919	0	0	26968,28760,60385,103795,44447,252,0	8	11935
172177	67	100	152	6	7	1	1	2	3304	881	2048	689	1831	0	1	107	23	311	0,0,0,66,33,0	10191	0	38	164116	107407	69809	134196,134401,136611,141276,137404,134815,134812	0	1	26968,28760,60385,103795,44474,267,0	3	11929
172431	71	89	152	6	5	1	2	2	3056	881	2050	679	1775	0	5	94	22	304	0,0,0,64,35,0	10221	0	37	164121	107445	69809	134059,134263,136478,141171,137312,134705,134702	0	2	26968,28760,60385,103795,44493,287,0	2	11925
172650	64	92	138	5	6	1	2	1	2849	881	2057	667	1796	0	3	85	18	290	0,0,0,61,38,0	10139	0	27	164125	107470	69809	133927,134133,136350,141071,137221,134599,134596	0	1	26968,28760,60385,103795,44506,301,0	3	11922
172841	62	102	125	8	9	0	2	1	2651	881	2064	667	1794	4	3	71	16	292	0,0,0,56,43,0	19409	0	37	164137	107506	69809	133821,134027,136247,140986,137146,134511,134506	0	2	26968,28760,60385,103795,44525,328,0	2	11917
173043	68	101	114	9	9	0	1	2	2448	881	2070	662	1880	2	4	65	19	283	0,0,0,52,47,0	19377	0	33	164145	107536	69809	133699,133906,136129,140898,137066,134418,134413	0	3	26968,28760,60385,103795,44536,351,0	4	11910
173184	70	93	121	9	6	0	1	2	2307	881	2072	683	1883	3	2	58	17	283	0,0,0,51,48,0	10198	0	30	164154	107564	69809	133585,133792,136017,140806,136982,134323,134318	0	1	26968,28760,60385,103795,44551,370,0	3	11902
173362	65	95	112	7	6	0	0	2	2142	882	2073	665	1795	3	1	54	16	269	0,0,0,48,51,0	10262	0	31	164159	107592	69809	133465,133672,135901,140709,136893,134223,134217	0	1	26968,28760,60385,103795,44562,392,0	4	11898
173527	58	99	105	9	8	0	0	2	1979	882	2077	667	1748	4	1	46	18	261	0,0,0,48,51,0	10209	0	27	164166	107618	69809	133350,133558,135788,140617,136808,134127,134121	0	0	26968,28760,60385,103795,44575,412,0	4	11893
173691	58	94	104	10	7	0	0	2	1818	882	2080	699	1882	2	5	48	18	255	0,0,0,48,51,0	10188	0	27	164175	107642	69809	133234,133443,135675,140525,136723,134032,134024	0	0	26968,28760,60385,103795,44591,428,0	2	11884
173810	55	90	94	11	4	0	0	2	1712	882	2086	680	1804	1	3	46	15	239	0,0,0,45,54,0	10123	0	27	164182	107666	69809	133125,133334,135568,140436,136640,133940,133932	0	2	26968,28760,60385,103795,44599,447,0	2	11878
173932	44	77	107	13	6	0	0	2	1591	882	2092	678	1894	2	3	45	18	229	0,0,0,42,57,0	19611	0	15	164188	107681	69809	133025,133234,135470,140354,136563,133855,133846	0	0	26968,28760,60385,103795,44604,463,0	5	11874
174049	43	71	107	9	4	0	0	2	1484	882	2095	660	1821	0	4	43	18	216	0,0,0,38,61,0	19387	0	22	164195	107700	69809	132924,133132,135370,140271,136484,133769,133760	0	3	26968,28760,60385,103795,44611,481,0	4	11868
174157	49	68	103	6	5	0	0	1	1378	882	2097	680	1976	6	1	39	13	218	0,0,0,35,64,0	10149	0	29	164207	107722	69809	132817,133025,135265,140188,136406,133684,133673	0	1	26968,28760,60385,103795,44618,507,0	8	11859
174234	50	69	97	6	3	0	0	1	1303	882	2101	698	1805	2	3	39	11	214	0,0,0,31,68,0	10269	0	26	164213	107747	69809	132719,132928,135168,140104,136325,133599,133587	0	0	26968,28760,60385,103795,44624,532,0	10	11853
174326	52	73	84	8	2	0	0	1	1212	882	2106	699	1731	3	3	37	13	206	0,0,0,26,73,0	10021	0	26	164219	107774	69809	132619,132827,135069,140019,136245,133513,133501	0	1	26968,28760,60385,103795,44628,560,0	9	11848
174408	42	80	78	6	1	0	0	1	1138	882	2110	702	1865	1	0	37	10	197	0,0,0,25,74,0	10141	0	23	164221	107796	69809	132513,132722,134965,139928,136158,133420,133408	0	1	26968,28760,60385,103795,44632,580,0	7	11847
174477	56	78	78	7	3	1	0	1	1052	882	2111	679	1831	1	2	36	10	213	0,0,0,21,78,0	10177	0	35	164230	107829	69809	132418,132627,134872,139846,136079,133337,133323	0	2	26968,28760,60385,103795,44639,614,0	7	11841
174547	62	69	83	3	5	1	0	1	976	882	2117	715	1979	1	4	40	14	209	0,0,0,19,80,0	19399	0	22	164234	107851	69809	132329,132538,134783,139767,136003,133257,133242	0	1	26968,28760,60385,103795,44643,636,0	5	11837
174590	51	85	77	3	5	1	0	1	931	882	2120	722	1795	2	1	35	12	210	0,0,0,17,82,0	19654	0	24	164238	107877	69809	132245,132454,134700,139692,135931,133181,133166	0	2	26968,28760,60385,103795,44645,663,0	5	11834
174632	59	87	77	5	4	2	0	1	870	882	2127	734	1791	4	2	33	11	223	0,0,0,15,84,0	10034	0	30	164247	107906	69809	132153,132362,134609,139615,135858,133104,133088	0	2	26968,28760,60385,103795,44650,696,0	8	11826
174669	58	80	87	5	4	2	0	1	823	882	2135	720	1957	1	5	38	18	218	0,0,0,14,85,0	10199	0	28	164254	107932	69809	132066,132275,134523,139534,135779,133023,133007	0	2	26968,28760,60385,103795,44653,726,0	8	11821
174712	48	81	94	6	4	2	0	1	776	882	2140	726	1828	2	1	35	15	220	0,0,0,11,88,0	10154	0	25	164260	107954	69809	131977,132185,134434,139453,135701,132943,132925	0	2	26968,28760,60385,103795,44653,754,0	9	11815
174745	40	90	87	4	4	2	0	1	743	882	2148	711	1763	4	2	36	15	212	0,0,0,10,89,0	10083	0	24	164266	107974	69809	131886,132094,134344,139370,135620,132860,132841	0	0	26968,28760,60385,103795,44655,778,0	9	11810
174772	47	82	84	3	5	2	0	0	715	882	2154	700	1805	3	1	35	16	207	0,0,0,9,90,0	10192	0	29	164277	107995	69809	131800,132008,134259,139295,135549,132786,132766	0	1	26968,28760,60385,103795,44656,809,0	8	11804
174805	50	66	103	2	7	1	0	0	673	882	2157	701	1977	0	4	37	18	211	0,0,0,8,91,0	19401	0	22	164282	108020	69809	131721,131929,134180,139223,135478,132714,132693	0	0	26968,28760,60385,103795,44659,836,0	6	11802
174857	38	61	96	2	7	0	0	0	641	882	2162	685	1808	1	2	36	17	187	0,0,0,6,93,0	19565	0	10	164286	108030	69809	131634,131841,134094,139145,135402,132636,132614	0	0	26968,28760,60385,103795,44660,849,0	5	11799
174904	26	62	90	3	4	0	0	0	607	882	2168	687	1829	3	3	36	14	171	0,0,0,6,93,0	10181	0	10	164291	108039	69809	131540,131747,134001,139058,135317,132550,132526	0	1	26968,28760,60385,103795,44660,863,0	5	11795
174929	32	51	85	2	5	0	0	0	588	882	2172	681	1752	1	3	35	11	164	0,0,0,5,94,0	10079	0	21	164300	108057	69809	131453,131661,133915,138982,135243,132474,132449	0	0	26968,28760,60385,103795,44661,889,0	6	11789
174954	39	44	71	5	9	0	0	0	564	882	2178	647	1846	2	1	32	8	160	0,0,0,4,95,0	10068	0	17	164302	108078	69809	131364,131571,133827,138904,135165,132396,132370	0	0	26968,28760,60385,103795,44662,911,0	4	11787
174970	38	47	60	6	12	0	0	0	547	882	2184	650	1965	1	4	36	13	150	0,0,0,3,96,0	10031	0	15	164304	108097	69809	131276,131483,133739,138820,135083,132314,132287	0	1	26968,28760,60385,103795,44662,932,0	3	11785
174998	31	51	49	4	9	0	0	0	536	882	2186	672	1983	1	5	35	12	132	0,0,0,3,96,0	10307	0	9	164307	108105	69809	131183,131391,133647,138736,135000,132230,132201	0	1	26968,28760,60385,103795,44662,943,0	2	11782
175010	30	51	49	3	7	0	0	0	526	882	2188	708	1788	1	4	39	11	129	0,0,0,3,96,0	19595	0	15	164312	108120	69809	131105,131312,133569,138662,134927,132157,132127	0	2	26968,28760,60385,103795,44662,963,0	5	11778
175017	36	48	51	3	8	0	0	0	510	882	2191	694	1800	2	3	40	12	134	0,0,0,3,96,0	19411	0	18	164319	108135	69809	131029,131236,133494,138592,134858,132088,132058	0	2	26968,28760,60385,103795,44662,985,0	9	11774
175031	40	50	43	4	11	0	0	0	492	882	2193	689	1810	3	1	40	11	137	0,0,0,2,97,0	10198	0	15	164328	108151	69809	130941,131148,133406,138518,134784,132014,131982	0	0	26968,28760,60385,103795,44662,1010,0	5	11765
175038	34	53	47	6	8	0	0	0	481	882	2197	705	1895	2	3	42	12	136	0,0,0,1,98,0	10228	0	13	164335	108161	69809	130856,131064,133322,138442,134709,131939,131906	0	0	26968,28760,60385,103795,44662,1027,0	4	11760
175055	28	56	46	8	7	0	0	0	458	882	2206	693	1773	2	2	44	11	134	0,0,0,0,99,0	10170	0	16	164338	108174	69809	130772,130979,133238,138364,134633,131863,131828	0	0	26968,28760,60385,103795,44662,1043,0	3	11759
175056	33	49	52	7	9	0	0	0	447	882	2211	705	1877	0	3	43	12	138	0,0,0,0,100,0	10101	0	20	164342	108196	69809	130689,130896,133155,138285,134555,131785,131750	0	0	26968,28760,60385,103795,44662,1069,0	3	11756
175067	32	43	58	5	4	0	0	0	442	882	2213	688	1796	1	4	40	9	133	0,0,0,0,100,0	10245	0	15	164348	108209	69809	130604,130811,133071,138208,134478,131709,131672	0	2	26968,28760,60385,103795,44662,1088,0	3	11750
175081	26	48	60	3	4	0	0	0	423	882	2219	688	1804	2	2	42	9	132	0,0,0,0,100,0	19408	0	11	164351	108222	69809	130525,130732,132992,138139,134409,131641,131603	0	1	26968,28760,60385,103795,44662,1104,0	2	11747
175081	29	48	52	7	4	0	0	0	418	882	2225	639	1778	0	1	37	10	130	0,0,0,0,100,0	19419	0	16	164355	108238	69809	130450,130658,132918,138070,134340,131573,131534	0	2	26968,28760,60385,103795,44662,1124,0	2	11744
175076	33	47	47	6	4	0	0	0	422	882	2229	650	1733	2	4	34	10	127	0,0,0,0,100,0	10160	0	19	164357	108259	69809	130365,130572,132832,137990,134260,131494,131453	0	1	26968,28760,60385,103795,44662,1147,0	1	11742
175095	33	45	54	4	4	0	0	0	398	882	2231	680	1886	1	3	35	12	128	0,0,0,0,100,0	10046	0	13	164364	108269	69809	130279,130487,132747,137916,134186,131421,131378	0	3	26968,28760,60385,103795,44662,1164,0	1	11736
175089	36	47	53	1	5	0	0	0	397	882	2236	675	1816	3	2	35	8	134	0,0,0,0,100,0	10049	0	16	164372	108285	69809	130201,130408,132668,137846,134116,131352,131308	0	0	26968,28760,60385,103795,44662,1188,0	1	11729
175097	32	47	53	1	5	0	0	0	388	882	2241	689	1846	1	2	37	10	128	0,0,0,0,100,0	10179	0	13	164374	108299	69809	130115,130322,132582,137769,134040,131277,131232	0	2	26968,28760,60385,103795,44662,1204,0	0	11728
175088	33	54	49	1	3	0	0	0	391	882	2245	682	1768	4	2	35	9	131	0,0,0,0,100,0	10059	0	17	164381	108315	69809	130034,130242,132502,137697,133968,131206,131160	0	1	26968,28760,60385,103795,44662,1227,0	1	11722
175098	29	57	47	2	3	0	0	0	378	882	2250	672	1720	0	1	37	12	126	0,0,0,0,100,0	19355	0	14	164384	108329	69809	129956,130163,132424,137627,133898,131137,131090	0	0	26968,28760,60385,103795,44662,1244,0	1	11719
175097	35	54	47	2	4	0	0	0	371	882	2254	679	1828	2	0	32	9	133	0,0,0,0,100,0	19360	0	18	164389	108348	69809	129879,130087,132347,137562,133833,131074,131025	0	1	26968,28760,60385,103795,44662,1268,0	1	11714
175099	38	47	56	5	4	0	0	0	357	882	2258	676	1817	0	1	29	10	140	0,0,0,0,100,0	10046	0	16	164397	108361	69809	129796,130003,132264,137487,133758,131000,130950	0	1	26968,28760,60385,103795,44662,1289,0	1	11708
175101	31	47	56	3	4	0	0	0	356	882	2266	666	1821	1	2	28	10	131	0,0,0,0,100,0	10001	0	11	164398	108373	69809	129711,129919,132179,137416,133687,130930,130878	0	1	26968,28760,60385,103795,44662,1302,0	0	11707
175097	29	47	56	3	5	0	0	0	353	882	2274	667	1948	1	2	28	12	128	0,0,0,0,100,0	10201	0	14	164406	108383	69809	129632,129839,132099,137348,133619,130863,130810	0	0	26968,28760,60385,103795,44662,1320,0	1	11701
175103	31	43	59	4	6	0	0	0	344	882	2274	689	1785	1	0	24	10	133	0,0,0,0,100,0	10157	0	13	164411	108399	69809	129547,129754,132014,137276,133547,130793,130738	0	0	26968,28760,60385,103795,44662,1341,0	1	11697
175101	35	48	46	4	6	0	0	0	349	882	2275	670	1766	1	4	25	12	127	0,0,0,0,100,0	10267	0	16	164412	108417	69809	129461,129669,131929,137203,133474,130721,130665	0	0	26968,28760,60385,103795,44662,1360,0	1	11696
175096	37	42	56	5	5	0	0	0	342	882	2281	675	1919	0	2	25	12	133	0,0,0,0,100,0	19564	0	15	164419	108429	69809	129386,129594,131854,137143,133414,130662,130605	0	1	26968,28760,60385,103795,44662,1379,0	2	11691
175091	38	47	47	2	5	0	0	0	346	882	2288	654	1826	3	4	25	9	130	0,0,0,0,100,0	19421	0	15	164422	108449	69809	129313,129520,131780,137082,133353,130602,130544	0	1	26968,28760,60385,103795,44662,1402,0	5	11688
175088	46	47	53	2	3	0	0	0	332	882	2293	660	1780	1	1	24	10	141	0,0,0,0,100,0	10067	0	21	164428	108470	69809	129230,129437,131697,137012,133283,130534,130474	0	0	26968,28760,60385,103795,44662,1429,0	5	11683
175088	38	60	48	2	2	0	0	0	325	882	2301	652	1824	2	2	25	9	141	0,0,0,0,100,0	9979	0	14	164433	108486	69809	129149,129356,131616,136946,133217,130470,130409	0	0	26968,28760,60385,103795,44662,1450,0	4	11680
175072	36	62	54	4	3	0	0	0	322	882	2311	639	1812	1	2	27	11	148	0,0,0,0,100,0	10130	0	18	164435	108510	69809	129069,129276,131536,136880,133152,130406,130343	0	0	26968,28760,60385,103795,44662,1475,0	4	11678
175074	32	66	50	2	5	0	0	0	321	882	2314	644	1761	0	4	27	12	143	0,0,0,0,100,0	10074	0	19	164437	108527	69809	128985,129192,131452,136811,133082,130338,130274	0	2	26968,28760,60385,103795,44662,1494,0	4	11677
175069	39	60	57	0	4	0	0	0	318	882	2317	629	1836	2	2	26	12	148	0,0,0,0,100,0	10217	0	25	164444	108548	69809	128904,129110,131371,136748,133019,130276,130211	0	2	26968,28760,60385,103795,44662,1522,0	4	11671
175067	39	53	62	2	2	0	0	0	319	882	2320	624	1721	1	0	27	9	149	0,0,0,0,100,0	19359	0	12	164451	108560	69809	128829,129035,131296,136689,132959,130218,130151	0	1	26968,28760,60385,103795,44662,1541,0	3	11665
175059	41	57	57	3	3	0	0	0	317	882	2327	617	1865	1	1	27	10	151	0,0,0,0,100,0	19206	0	23	164455	108583	69809	128756,128962,131223,136633,132903,130164,130095	0	1	26968,28760,60385,103795,44662,1568,0	3	11661
175043	40	70	58	2	2	0	0	0	318	882	2331	625	1875	3	1	26	7	165	0,0,0,0,100,0	9992	0	25	164459	108608	69809	128673,128879,131140,136565,132836,130098,130029	0	1	26968,28760,60385,103795,44662,1597,0	3	11657
175031	42	64	58	6	3	0	0	0	324	882	2336	636	1965	4	2	29	8	165	0,0,0,0,100,0	10031	0	23	164466	108628	69809	128593,128798,131060,136504,132776,130038,129968	0	2	26968,28760,60385,103795,44662,1624,0	5	11651
175032	42	59	56	10	3	0	0	0	321	882	2341	609	1803	2	4	31	12	158	0,0,0,0,100,0	10242	0	16	164473	108640	69809	128508,128714,130976,136442,132714,129978,129906	0	0	26968,28760,60385,103795,44662,1643,0	3	11644
175020	39	65	67	8	3	0	0	0	314	882	2348	588	1759	0	3	35	16	166	0,0,0,0,100,0	10157	0	25	164480	108661	69809	128429,128634,130896,136381,132653,129918,129845	0	0	26968,28760,60385,103795,44662,1671,0	1	11637
175004	46	65	63	5	3	1	0	0	324	882	2353	588	1769	3	2	34	12	171	0,0,0,0,100,0	10023	0	25	164486	108684	69809	128350,128555,130817,136319,132591,129858,129784	0	1	26968,28760,60385,103795,44662,1700,0	2	11632
174997	53	55	68	6	4	1	0	0	322	882	2358	627	1834	1	1	35	15	172	0,0,0,0,100,0	19276	0	23	164491	108704	69809	128277,128482,130745,136264,132535,129804,129728	0	2	26968,28760,60385,103795,44662,1725,0	4	11627
174991	48	63	66	4	6	0	0	0	326	882	2360	618	1754	0	2	33	12	175	0,0,0,0,100,0	19294	0	26	164497	108729	69809	128205,128410,130672,136210,132482,129751,129675	0	2	26968,28760,60385,103795,44662,1756,0	3	11623
174987	45	59	66	5	6	0	0	0	331	882	2365	590	1814	1	4	34	9	172	0,0,0,0,100,0	10041	0	15	164501	108746	69809	128123,128329,130591,136145,132417,129688,129610	0	0	26968,28760,60385,103795,44662,1777,0	3	11622
174976	40	69	66	4	7	0	0	0	332	882	2370	594	1839	1	3	37	12	174	0,0,0,0,100,0	9962	0	19	164507	108767	69809	128043,128248,130510,136085,132357,129629,129550	0	1	26968,28760,60385,103795,44662,1804,0	3	11617
174962	52	64	75	3	7	0	0	0	329	882	2372	611	1830	2	4	38	14	187	0,0,0,0,100,0	10118	0	29	164511	108799	69809	127963,128168,130430,136028,132301,129575,129494	0	3	26968,28760,60385,103795,44662,1840,0	1	11614
174967	44	70	79	3	3	0	0	0	325	882	2373	586	1806	3	3	40	11	188	0,0,0,0,100,0	10117	0	19	164519	108814	69809	127878,128083,130344,135967,132240,129516,129433	0	1	26968,28760,60385,103795,44662,1863,0	1	11607
174941	47	77	78	4	5	0	0	0	338	882	2374	589	1772	2	0	41	11	200	0,0,0,0,100,0	10095	0	27	164524	108847	69809	127800,128005,130266,135908,132183,129459,129375	0	3	26968,28760,60385,103795,44662,1901,0	1	11602
174926	60	68	75	2	4	0	0	0	350	882	2379	613	1942	2	2	38	10	199	0,0,0,0,100,0	19328	0	24	164531	108870	69809	127729,127934,130194,135859,132134,129411,129326	0	2	26968,28760,60385,103795,44662,1931,0	1	11595
174915	50	73	80	3	4	0	1	0	355	882	2383	616	1833	2	2	36	11	200	0,0,0,0,100,0	19417	0	21	164535	108894	69809	127657,127862,130122,135806,132081,129360,129274	0	1	26968,28760,60385,103795,44662,1959,0	0	11591
174903	49	81	76	2	4	0	1	0	362	882	2386	623	1677	1	2	37	10	203	0,0,0,0,100,0	10123	0	29	164542	108920	69809	127574,127779,130039,135747,132022,129303,129215	0	1	26968,28760,60385,103795,44662,1992,0	1	11585
174879	54	73	82	3	3	0	1	0	374	882	2395	616	1900	2	1	33	10	206	0,0,0,0,100,0	9981	0	27	164550	108944	69809	127500,127704,129965,135691,131967,129249,129160	0	1	26968,28760,60385,103795,44662,2024,0	1	11579
174870	46	85	84	5	3	0	1	0	370	882	2400	614	1771	1	0	32	9	215	0,0,0,0,100,0	10110	0	30	164558	108968	69809	127423,127627,129888,135638,131913,129197,129107	0	2	26968,28760,60385,103795,44662,2056,0	1	11572
174852	53	81	94	2	2	0	1	0	377	882	2402	624	1894	2	2	32	7	226	0,0,0,0,100,0	9972	0	32	164565	109000	69809	127346,127551,129811,135583,131858,129144,129052	0	2	26968,28760,60385,103795,44662,2095,0	2	11568
174844	56	72	95	3	1	1	0	1	386	882	2405	624	1859	4	1	29	7	221	0,0,0,0,100,0	10140	0	26	164571	109023	69809	127265,127470,129730,135522,131798,129085,128991	0	1	26968,28760,60385,103795,44662,2124,0	0	11563
174845	46	84	77	5	2	1	0	1	395	882	2408	611	1680	2	0	27	8	207	0,0,0,0,100,0	19234	0	23	164581	109040	69809	127193,127398,129658,135475,131751,129040,128944	0	1	26968,28760,60385,103795,44662,2151,0	1	11556
174839	48	78	84	5	3	1	0	1	397	882	2408	613	1760	1	3	25	10	209	0,0,0,0,100,0	19297	0	29	164591	109064	69809	127123,127328,129588,135428,131703,128994,128897	0	3	26968,28760,60385,103795,44662,2185,0	2	11547
174811	63	75	84	4	3	0	0	1	411	882	2412	593	1754	2	3	28	9	220	0,0,0,0,100,0	10135	0	31	164603	109096	69809	127047,127252,129512,135379,131654,128946,128848	0	3	26968,28760,60385,103795,44662,2229,0	2	11536
174797	64	72	86	6	6	0	0	1	413	882	2419	584	1817	3	2	28	12	222	0,0,0,0,100,0	9924	0	26	164609	109122	69809	126967,127173,129433,135322,131597,128891,128792	0	2	26968,28760,60385,103795,44662,2261,0	3	11530
174780	63	86	74	6	6	0	0	1	427	882	2421	592	2108	0	4	31	13	222	0,0,0,0,100,0	10322	0	32	164616	109155	69809	126890,127096,129355,135270,131545,128841,128740	0	2	26968,28760,60385,103795,44662,2300,0	2	11524
174765	66	98	71	4	4	0	0	1	434	882	2421	599	1745	4	1	28	10	233	0,0,0,0,100,0	10032	0	31	164628	109182	69809	126814,127020,129279,135218,131494,128791,128688	0	1	26968,28760,60385,103795,44662,2339,0	3	11514
174748	59	91	84	3	4	0	0	1	446	882	2428	661	1765	4	3	31	14	227	0,0,0,0,100,0	10092	0	25	164638	109201	69809	126737,126942,129201,135163,131439,128737,128633	0	2	26968,28760,60385,103795,44662,2368,0	3	11505
174742	50	92	93	5	7	0	0	0	445	882	2430	658	1783	2	3	36	20	227	0,0,0,0,100,0	19568	0	26	164644	109225	69809	126664,126870,129128,135113,131389,128689,128584	0	2	26968,28760,60385,103795,44662,2398,0	6	11499
174735	52	90	85	4	6	1	0	0	459	882	2432	681	1830	4	1	35	16	222	0,0,0,0,100,0	19337	0	28	164648	109252	69809	126592,126798,129055,135058,131335,128637,128530	0	1	26968,28760,60385,103795,44662,2429,0	3	11495
174710	55	89	81	3	7	1	0	0	481	882	2437	672	2066	2	5	41	15	221	0,0,0,0,100,0	10123	0	32	164650	109285	69809	126512,126718,128975,134999,131277,128580,128472	0	3	26968,28760,60385,103795,44662,2463,0	4	11493
174700	60	88	92	3	7	1	0	0	470	882	2443	677	1768	3	1	43	13	238	0,0,0,0,100,0	10161	0	35	164655	109317	69809	126432,126639,128895,134942,131221,128525,128415	0	1	26968,28760,60385,103795,44662,2500,0	2	11490
174682	66	78	91	2	8	0	0	0	486	882	2451	671	1767	1	4	44	16	229	0,0,0,0,100,0	10036	0	30	164666	109340	69809	126358,126564,128820,134892,131171,128477,128366	0	2	26968,28760,60385,103795,44662,2534,0	1	11481
174690	57	84	89	2	7	0	0	0	479	882	2456	655	1958	2	5	45	14	225	0,0,0,0,100,0	10246	0	24	164675	109359	69809	126274,126481,128737,134836,131115,128424,128310	0	1	26968,28760,60385,103795,44662,2562,0	2	11474
174676	51	93	90	3	6	0	0	0	485	882	2460	661	1831	0	2	45	16	227	0,0,0,0,100,0	10216	0	30	164682	109387	69809	126195,126402,128658,134780,131059,128370,128254	0	3	26968,28760,60385,103795,44662,2597,0	3	11467
174684	48	88	98	3	8	0	0	0	474	882	2461	675	1808	2	1	38	13	232	0,0,0,0,100,0	19304	0	22	164684	109413	69809	126118,126324,128580,134724,131003,128316,128198	0	0	26968,28760,60385,103795,44662,2625,0	3	11465
174660	62	77	94	5	9	0	0	0	492	882	2465	656	1732	1	2	39	13	234	0,0,0,0,100,0	19174	0	35	164692	109448	69809	126049,126256,128510,134678,130958,128273,128153	0	1	26968,28760,60385,103795,44662,2668,0	3	11457
174646	70	79	99	7	8	0	0	0	483	882	2472	627	1769	2	6	42	20	243	0,0,0,0,100,0	10044	0	37	164697	109482	69809	125970,126177,128432,134619,130901,128217,128096	0	1	26968,28760,60385,103795,44662,2707,0	3	11452
174649	58	95	91	5	5	0	0	0	487	882	2474	617	1850	0	0	39	12	242	0,0,0,0,100,0	10178	0	31	164704	109509	69809	125887,126094,128349,134563,130845,128164,128040	0	0	26968,28760,60385,103795,44662,2739,0	1	11446
174641	52	93	98	4	5	0	1	0	491	882	2479	612	1943	3	2	37	8	245	0,0,0,0,100,0	10045	0	29	164712	109536	69809	125810,126017,128271,134511,130793,128113,127988	0	1	26968,28760,60385,103795,44662,2774,0	0	11439
174638	62	98	96	3	5	0	1	0	480	882	2481	610	1920	0	4	36	11	254	0,0,0,0,100,0	10099	0	36	164719	109571	69809	125730,125937,128191,134458,130740,128063,127935	0	1	26968,28760,60385,103795,44662,2816,0	3	11433
174621	65	102	92	5	4	0	1	0	490	882	2484	614	1757	0	3	35	10	259	0,0,0,0,100,0	9991	0	37	164726	109608	69809	125652,125859,128113,134403,130686,128011,127882	0	0	26968,28760,60385,103795,44662,2857,0	2	11427
174609	65	92	101	5	5	0	1	0	498	882	2488	642	1806	1	1	31	7	262	0,0,0,0,100,0	19423	0	28	164732	109636	69809	125581,125789,128042,134357,130640,127967,127836	0	0	26968,28760,60385,103795,44662,2891,0	2	11422
174594	65	94	95	7	4	1	1	0	511	882	2492	654	1788	2	2	27	9	258	0,0,0,0,100,0	19435	0	30	164738	109667	69809	125509,125717,127970,134312,130595,127924,127791	0	1	26968,28760,60385,103795,44662,2928,0	2	11416
174588	72	80	103	7	5	1	0	1	512	882	2495	650	1776	0	0	24	8	260	0,0,0,0,100,0	10027	0	35	164744	109701	69809	125429,125636,127889,134257,130540,127871,127736	0	2	26968,28760,60385,103795,44662,2968,0	2	11410
174578	64	85	98	11	4	1	0	0	522	882	2501	635	1742	0	6	29	11	252	0,0,0,0,100,0	10032	0	25	164750	109725	69809	125350,125556,127809,134206,130489,127822,127685	0	0	26968,28760,60385,103795,44662,2998,0	5	11405
174568	71	83	101	5	3	1	0	0	525	882	2507	645	1844	2	3	28	6	258	0,0,0,0,100,0	10139	0	34	164756	109758	69809	125273,125479,127732,134153,130437,127773,127633	0	2	26968,28760,60385,103795,44662,3037,0	5	11400
174552	81	76	101	2	5	0	0	0	534	882	2513	637	1742	2	3	25	7	258	0,0,0,0,100,0	10060	0	37	164763	109792	69809	125195,125401,127653,134104,130387,127725,127584	0	1	26968,28760,60385,103795,44662,3077,0	5	11394
174532	81	101	89	4	6	0	0	0	535	882	2516	638	1804	3	4	29	10	271	0,0,0,0,100,0	10038	0	45	164771	109840	69809	125120,125326,127577,134055,130339,127679,127536	0	3	26968,28760,60385,103795,44662,3133,0	7	11388
174517	90	107	92	5	5	1	0	0	528	882	2519	650	1975	3	5	32	13	287	0,0,0,0,100,0	19312	0	41	164777	109882	69809	125051,125257,127507,134008,130293,127636,127490	0	3	26968,28760,60385,103795,44662,3179,0	7	11384
174507	71	117	110	4	6	1	0	0	524	882	2524	652	1752	3	1	35	14	295	0,0,0,0,100,0	19291	0	31	164781	109914	69809	124981,125187,127437,133962,130247,127592,127444	0	3	26968,28760,60385,103795,44662,3215,0	7	11380
174497	69	124	115	7	7	0	0	0	519	882	2526	652	1919	3	5	39	14	308	0,0,0,0,100,0	10072	0	44	164788	109954	69809	124901,125107,127357,133911,130196,127544,127393	0	3	26968,28760,60385,103795,44662,3262,0	6	11374
