S	E	I1	I2	I3	I4	I5_h	I6_h	R_h	R	D1	D2	H	T	P1	P2	Q	QT	NQ	MUT	HOM	VAC	NI	INF	REINF	BSTR	IMM	HCI	HCE	INFV	INFH	VNI
178100	116	110	60	54	46	7	2	0	249	2	0	214	0	0	0	60	60	335	0,0,0,0,0,0	178744	0	0	395	0	0	646,646,646,646,646,646,646	0	0	0,0,0,0,0,0,0	0	0
178036	108	173	55	44	37	7	2	0	277	2	5	329	329	1	79	117	63	363	0,0,0,0,0,0	12403	0	76	472	0	0	710,710,710,710,710,710,710	0	6	77,0,0,0,0,0,0	12	0
177986	104	198	66	44	39	7	3	0	288	2	9	402	298	1	8	338	64	397	0,0,0,0,0,0	12902	0	64	536	0	0	761,761,761,761,761,761,761	0	6	141,0,0,0,0,0,0	12	0
177914	117	223	77	45	40	9	3	0	302	2	14	487	139	2	14	438	82	432	0,0,0,0,0,0	13044	0	86	622	0	0	836,836,836,836,836,836,836	0	6	227,0,0,0,0,0,0	12	0
177865	123	217	98	48	46	9	3	0	316	2	19	554	260	1	14	547	98	446	0,0,0,0,0,0	25166	0	62	685	0	0	888,888,888,888,888,888,888	0	4	290,0,0,0,0,0,0	14	0
177824	114	228	107	52	51	12	3	0	331	2	22	602	279	1	14	644	117	450	0,0,0,0,0,0	25066	0	60	746	0	0	933,933,933,933,933,933,933	0	3	351,0,0,0,0,0,0	17	0
177755	115	239	122	62	54	12	3	0	356	2	26	623	274	0	19	919	142	465	0,0,0,0,0,0	13734	0	83	830	0	0	1007,1007,1007,1007,1007,1007,1007	0	5	435,0,0,0,0,0,0	18	0
177670	139	241	127	69	56	14	3	0	396	2	29	668	87	1	31	1032	184	465	0,0,0,0,0,0	13733	0	97	927	0	0	1094,1094,1094,1094,1094,1094,1094	0	6	532,0,0,0,0,0,0	19	0
177601	141	246	141	76	68	16	5	0	419	2	31	662	248	2	22	1141	221	472	0,0,0,0,0,0	14043	0	94	1020	1	0	1172,1171,1171,1169,1169,1169,1169	0	8	626,0,0,0,0,0,0	22	0
177528	147	263	145	80	73	15	8	0	453	2	32	693	259	1	26	1386	250	481	0,0,0,0,0,0	14171	0	97	1117	1	0	1256,1254,1254,1251,1251,1251,1251	0	5	723,0,0,0,0,0,0	23	0
177471	140	270	164	70	71	17	9	1	495	3	35	727	270	0	25	1911	257	484	0,0,0,0,0,0	14574	0	82	1200	1	0	1327,1325,1325,1319,1319,1319,1319	0	12	806,0,0,0,0,0,0	27	0
177390	139	289	171	73	67	18	9	2	545	3	40	716	91	1	25	1880	274	492	0,0,0,0,0,0	26729	0	98	1298	3	0	1415,1413,1413,1405,1405,1405,1405	0	6	906,0,0,0,0,0,0	35	0
177319	140	304	175	84	65	19	7	2	581	5	45	724	236	0	19	2087	280	514	0,0,0,0,0,0	26706	0	92	1390	4	0	1502,1498,1498,1486,1486,1486,1486	0	3	999,0,0,0,0,0,0	36	0
177255	143	308	186	81	76	21	7	2	612	6	49	703	273	0	27	2186	295	527	0,0,0,0,0,0	15139	0	95	1484	5	0	1583,1579,1579,1563,1563,1563,1563	0	7	1094,0,0,0,0,0,0	40	0
177180	148	306	183	89	70	21	8	2	677	6	56	693	108	0	21	2227	297	528	0,0,0,0,0,0	15065	0	96	1580	5	0	1676,1670,1670,1649,1649,1649,1649	1	13	1190,0,0,0,0,0,0	36	0
177093	151	326	191	85	72	20	7	3	730	7	61	716	310	1	22	2091	295	557	0,0,0,0,0,0	15127	0	111	1690	7	0	1782,1775,1775,1749,1749,1749,1749	1	6	1301,0,0,0,0,0,0	36	0
177024	158	335	196	81	76	20	7	3	773	7	66	718	266	1	18	2241	277	596	0,0,0,0,0,0	14946	0	110	1798	9	0	1878,1868,1868,1835,1835,1835,1835	1	8	1410,0,0,0,0,0,0	37	0
176921	182	340	200	93	84	21	7	3	815	7	73	663	320	2	32	2444	301	626	0,0,0,0,0,0	15284	0	137	1936	10	0	2005,1993,1993,1953,1953,1953,1953	1	10	1548,0,0,0,0,0,0	40	0
176863	172	349	203	95	91	22	7	3	856	7	78	673	254	0	22	2416	299	640	0,0,0,0,0,0	26942	0	105	2037	14	0	2096,2081,2081,2030,2030,2030,2030	1	10	1653,0,0,0,0,0,0	43	0
176786	171	372	201	93	92	24	9	3	908	7	80	667	246	0	26	2329	311	651	0,0,0,0,0,0	27375	0	119	2154	17	0	2209,2190,2190,2126,2126,2126,2126	1	9	1772,0,0,0,0,0,0	48	0
176683	198	374	215	97	101	23	9	3	951	7	85	642	235	1	33	2044	310	707	0,0,0,0,0,0	15414	0	140	2294	17	0	2343,2322,2322,2248,2248,2248,2248	1	12	1912,0,0,0,0,0,0	48	0
176586	220	401	221	102	100	22	10	3	987	8	86	666	239	2	35	2046	324	752	0,0,0,0,0,0	15019	0	157	2449	19	0	2484,2459,2459,2370,2370,2370,2370	1	16	2068,0,0,0,0,0,0	47	0
176476	238	429	235	114	100	25	12	3	1012	10	92	674	242	0	40	2066	346	807	0,0,0,0,0,0	15070	0	171	2617	22	0	2645,2615,2615,2510,2510,2510,2510	1	14	2238,0,0,0,0,0,0	53	0
176396	217	469	226	124	99	27	13	2	1068	10	95	705	261	3	50	2477	389	786	0,0,0,0,0,0	15325	0	137	2753	23	0	2770,2736,2736,2616,2616,2616,2616	1	16	2374,0,0,0,0,0,0	53	0
176290	214	480	258	128	115	25	13	3	1106	11	103	682	255	1	33	2668	399	834	0,0,0,0,0,0	15477	0	156	2908	24	0	2923,2885,2885,2749,2749,2749,2749	1	15	2529,0,0,0,0,0,0	55	0
176205	218	482	282	134	108	21	14	3	1160	12	107	662	241	2	39	2666	376	883	0,0,0,0,0,0	27213	0	147	3054	26	0	3060,3017,3017,2863,2863,2863,2863	1	11	2676,0,0,0,0,0,0	55	0
176097	258	469	282	146	118	21	18	3	1212	12	110	655	264	3	30	2773	384	928	0,0,0,0,0,0	27618	0	176	3227	32	0	3227,3178,3178,3003,3003,3003,3003	1	12	2852,0,0,0,0,0,0	64	0
176017	277	459	283	144	123	22	19	2	1277	12	111	672	310	1	50	3028	387	940	0,0,0,0,0,0	15858	0	162	3390	32	0	3378,3322,3322,3123,3123,3123,3123	1	21	3015,0,0,0,0,0,0	70	0
175904	272	521	301	144	131	24	20	2	1299	12	116	647	296	2	60	3412	451	962	0,0,0,0,0,0	16021	0	192	3581	34	0	3560,3497,3497,3272,3272,3272,3272	2	14	3207,0,0,0,0,0,0	73	0
175791	270	533	322	164	138	26	20	3	1339	12	128	612	225	2	37	3578	469	1004	0,0,0,0,0,0	16519	0	166	3747	37	0	3729,3661,3661,3415,3415,3415,3415	2	20	3373,0,0,0,0,0,0	67	0
175692	267	544	332	158	146	24	23	3	1415	12	130	614	95	1	40	3585	472	1022	0,0,0,0,0,0	16510	0	173	3918	39	0	3888,3813,3813,3546,3546,3546,3546	2	23	3544,0,0,0,0,0,0	59	0
175591	270	564	329	162	146	26	24	4	1482	13	135	638	229	4	42	3523	463	1058	0,0,0,0,0,0	16464	0	181	4098	40	0	4065,3982,3982,3686,3686,3686,3686	2	17	3725,0,0,0,0,0,0	65	0
175509	275	576	345	154	140	31	26	3	1535	16	136	611	315	3	43	3377	473	1074	0,0,0,0,0,0	27976	0	174	4272	41	0	4229,4138,4138,3811,3811,3811,3811	2	13	3899,0,0,0,0,0,0	75	0
175410	267	568	356	153	152	26	26	2	1625	20	141	623	249	2	48	3331	469	1079	0,0,0,0,0,0	27877	0	169	4440	43	0	4392,4294,4294,3944,3944,3944,3944	2	10	4067,0,0,0,0,0,0	69	0
175293	289	598	347	155	149	31	31	2	1689	21	141	609	309	0	53	3803	479	1121	0,0,0,0,0,0	17089	0	212	4653	44	0	4594,4488,4488,4105,4105,4105,4105	2	19	4280,0,0,0,0,0,0	70	0
175154	336	590	350	168	158	30	35	2	1756	22	145	591	275	5	52	4127	477	1190	0,0,0,0,0,0	16706	0	234	4888	45	0	4818,4702,4702,4287,4287,4287,4287	2	18	4515,0,0,0,0,0,0	84	0
175048	354	619	352	161	163	35	34	2	1804	25	149	588	173	1	55	4193	491	1227	0,0,0,0,0,0	16977	0	212	5097	49	0	5021,4895,4895,4444,4444,4444,4444	2	21	4726,0,0,0,0,0,0	86	0
174944	367	629	382	174	150	37	33	3	1847	29	151	584	283	2	60	4225	532	1240	0,0,0,0,0,0	17154	0	221	5318	50	0	5232,5095,5095,4604,4604,4604,4604	2	24	4948,0,0,0,0,0,0	83	0
174817	355	695	390	178	159	49	33	3	1879	31	157	562	306	0	59	4059	569	1290	0,0,0,0,0,0	17044	0	241	5560	52	0	5470,5322,5322,4788,4788,4788,4788	2	29	5191,0,0,0,0,0,0	99	0
174700	350	711	402	180	184	51	32	4	1940	31	161	542	257	2	63	4316	584	1326	0,0,0,0,0,0	28419	0	219	5778	54	0	5679,5521,5521,4953,4953,4953,4953	2	13	5409,0,0,0,0,0,0	116	0
174576	361	701	406	197	188	53	33	5	2031	32	163	533	297	4	68	4583	615	1324	0,0,0,0,0,0	28875	0	228	6003	57	0	5898,5730,5730,5126,5126,5126,5126	2	13	5634,0,0,0,0,0,0	117	0
174473	368	715	423	207	185	54	32	6	2083	34	166	559	281	3	58	4800	634	1350	0,0,0,0,0,0	17779	0	243	6243	60	0	6129,5948,5948,5295,5295,5295,5295	2	25	5874,0,0,0,0,0,0	109	0
174308	398	757	439	211	196	56	32	6	2136	37	170	573	238	2	54	4773	635	1454	0,0,0,0,0,0	17599	0	289	6528	64	0	6404,6211,6211,5516,5516,5516,5516	3	32	6160,0,0,0,0,0,0	111	0
174163	438	759	453	235	208	53	28	6	2190	41	172	566	227	5	61	4575	655	1519	0,0,0,0,0,0	17662	0	291	6816	67	0	6679,6473,6473,5729,5729,5729,5729	3	22	6448,0,0,0,0,0,0	109	0
174025	424	824	462	216	207	52	29	7	2281	44	175	560	257	0	63	4693	662	1552	0,0,0,0,0,0	17548	0	260	7078	67	0	6934,6716,6716,5927,5927,5927,5927	3	31	6710,0,0,0,0,0,0	104	0
173854	447	850	483	211	217	56	28	4	2369	49	178	565	243	8	68	4821	658	1634	0,0,0,0,0,0	17698	0	311	7390	67	0	7237,7004,7004,6165,6165,6165,6165	3	37	7022,0,0,0,0,0,0	111	0
173710	452	877	492	216	226	55	32	3	2452	50	181	552	282	3	70	4903	666	1684	0,0,0,0,0,0	29285	0	289	7678	68	0	7516,7269,7269,6378,6378,6378,6378	3	28	7310,0,0,0,0,0,0	108	0
173567	439	898	500	235	258	56	30	5	2518	53	187	540	315	4	79	4727	716	1700	0,0,0,0,0,0	29243	0	285	7964	69	0	7797,7535,7535,6591,6591,6591,6591	3	26	7596,0,0,0,0,0,0	119	0
173415	441	914	521	239	266	62	33	5	2605	53	192	544	310	5	95	4992	756	1720	0,0,0,0,0,0	17995	0	298	8261	72	0	8089,7813,7813,6814,6814,6814,6814	3	32	7894,0,0,0,0,0,0	121	0
173237	438	982	531	247	258	69	37	6	2690	54	197	509	268	3	96	5064	802	1760	0,0,0,0,0,0	17894	0	336	8597	75	0	8416,8123,8123,7067,7067,7067,7067	4	45	8230,0,0,0,0,0,0	117	0
173073	444	975	551	268	282	68	34	7	2789	55	200	490	299	5	87	5124	824	1798	0,0,0,0,0,0	33144	0	313	8912	76	0	8722,8414,8414,7302,7302,7302,7302	4	32	8545,0,0,0,0,0,0	128	0
172915	453	997	587	266	294	70	36	9	2860	57	202	489	241	3	85	5293	892	1811	0,0,0,0,0,0	33223	0	319	9235	79	0	9035,8711,8711,7538,7538,7538,7538	4	35	8868,0,0,0,0,0,0	133	0
172759	472	965	609	288	307	76	39	10	2958	59	204	483	265	3	92	5625	940	1816	0,0,0,0,0,0	33767	0	320	9552	82	0	9343,9003,9003,7770,7770,7770,7770	4	34	9186,0,0,0,0,0,0	137	0
172644	478	942	634	278	306	86	40	8	3057	64	209	508	248	5	83	5786	943	1821	0,0,0,0,0,0	46885	0	289	9838	85	0	9621,9263,9263,7968,7968,7968,7968	4	25	9472,0,0,0,0,0,0	146	0
172572	480	936	633	266	300	90	39	7	3146	67	210	481	254	4	100	5855	987	1757	0,0,0,0,0,0	46769	0	270	10105	90	0	9876,9498,9498,8132,8132,8132,8132	4	27	9739,0,0,0,0,0,0	160	0
172452	460	960	630	268	303	86	42	6	3259	70	210	488	309	6	76	5839	986	1763	0,0,0,0,0,0	34297	0	300	10402	95	0	10161,9766,9766,8335,8335,8335,8335	5	40	10037,0,0,0,0,0,0	155	0
172341	468	957	630	275	298	86	44	5	3353	73	216	449	301	4	97	6014	1003	1755	0,0,0,0,0,0	33949	0	295	10697	97	0	10447,10033,10033,8532,8532,8532,8532	5	35	10332,0,0,0,0,0,0	168	0
172263	480	941	648	271	287	87	44	7	3420	77	221	446	264	6	88	6336	1016	1742	0,0,0,0,0,0	33690	0	278	10975	100	0	10717,10282,10282,8706,8706,8706,8706	5	35	10611,0,0,0,0,0,0	165	0
172221	469	944	635	265	277	86	43	7	3496	81	222	467	295	6	75	6418	987	1732	0,0,0,0,0,0	34392	0	268	11245	102	0	10972,10515,10515,8855,8855,8855,8855	5	33	10881,0,0,0,0,0,0	163	0
172172	453	930	650	273	282	88	43	7	3541	83	224	469	275	2	80	6376	1006	1713	0,0,0,0,0,0	33810	0	272	11518	103	0	11232,10752,10752,9009,9009,9009,9009	5	27	11154,0,0,0,0,0,0	163	0
172132	425	915	633	264	299	84	42	9	3632	85	226	475	262	3	62	6311	967	1695	0,0,0,0,0,0	47195	0	249	11765	106	0	11467,10966,10966,9147,9147,9147,9147	5	21	11401,0,0,0,0,0,0	173	0
172126	396	905	626	249	307	82	38	10	3689	90	228	490	269	3	87	5939	964	1639	0,0,0,0,0,0	47109	0	240	12004	109	0	11691,11167,11167,9263,9263,9263,9263	5	23	11640,0,0,0,0,0,0	163	0
172076	406	884	594	251	298	82	47	8	3778	90	232	468	271	3	84	6016	948	1614	0,0,0,0,0,0	34132	0	274	12277	110	0	11952,11405,11405,9418,9418,9418,9418	5	36	11913,0,0,0,0,0,0	169	0
172054	402	865	613	254	285	88	46	10	3803	94	232	459	258	6	85	6118	953	1600	0,0,0,0,0,0	34013	0	254	12527	114	0	12184,11615,11615,9543,9543,9543,9543	5	35	12163,0,0,0,0,0,0	176	0
172017	411	863	602	266	276	86	45	12	3837	99	232	468	254	5	91	6033	960	1589	0,0,0,0,0,0	33813	0	273	12798	119	0	12439,11846,11846,9688,9688,9688,9688	5	29	12434,0,0,0,0,0,0	170	0
172013	405	866	586	265	261	85	42	14	3876	101	232	441	255	4	94	6185	973	1537	0,0,0,0,0,0	34248	0	255	13051	122	0	12675,12057,12057,9808,9808,9808,9808	5	28	12687,0,0,0,0,0,0	169	0
171970	413	839	596	268	254	77	43	13	3933	105	235	449	318	0	72	6267	951	1539	0,0,0,0,0,0	33944	0	263	13311	128	0	12922,12282,12282,9951,9951,9951,9951	5	23	12947,0,0,0,0,0,0	160	0
171991	389	830	573	260	265	77	42	12	3958	110	239	467	301	2	70	5860	897	1539	0,0,0,0,0,0	46892	0	226	13535	131	0	13131,12467,12467,10045,10045,10045,10045	5	27	13171,0,0,0,0,0,0	160	0
172012	356	795	580	275	270	77	38	12	3971	115	245	441	333	5	83	6233	885	1506	0,0,0,0,0,0	47028	0	210	13743	134	0	13328,12640,12640,10132,10132,10132,10132	4	19	13379,0,0,0,0,0,0	156	0
172063	350	802	571	278	264	74	39	9	3932	117	247	437	235	2	70	6534	867	1511	0,0,0,0,0,0	34474	0	242	13984	138	0	13551,12834,12834,10217,10217,10217,10217	4	20	13620,0,0,0,0,0,0	141	0
172039	354	816	581	247	265	76	46	8	3949	117	248	446	263	0	68	6681	855	1530	0,0,0,0,0,0	34598	0	272	14249	145	0	13798,13056,13056,10350,10350,10350,10350	4	24	13885,0,0,0,0,0,0	138	0
172043	373	806	572	254	267	75	45	9	3931	118	253	425	271	6	87	6545	868	1524	0,0,0,0,0,0	34357	0	256	14502	148	0	14037,13269,13269,10466,10466,10466,10466	4	35	14138,0,0,0,0,0,0	140	0
172023	375	822	580	257	254	74	43	8	3932	121	257	413	277	1	77	6588	873	1532	0,0,0,0,0,0	34441	0	256	14757	149	0	14279,13487,13487,10595,10595,10595,10595	4	25	14393,0,0,0,0,0,0	141	0
171986	397	826	585	242	239	69	44	8	3969	123	258	423	270	4	73	6680	858	1544	0,0,0,0,0,0	34612	0	272	15029	151	0	14534,13719,13719,10738,10738,10738,10738	4	23	14665,0,0,0,0,0,0	131	0
172005	410	768	583	260	231	67	46	8	3980	125	263	421	246	7	65	6416	825	1540	0,0,0,0,0,0	47425	0	231	15255	157	0	14745,13905,13905,10833,10833,10833,10833	4	12	14891,0,0,0,0,0,0	130	0
172057	379	767	569	246	222	62	43	10	3997	128	266	420	255	2	72	6524	797	1491	0,0,0,0,0,0	47511	0	196	15450	159	0	14925,14060,14060,10895,10895,10895,10895	4	11	15086,0,0,0,0,0,0	130	0
172046	380	803	536	226	229	59	44	10	4014	131	268	448	233	3	78	6590	811	1466	0,0,0,0,0,0	34463	0	260	15708	163	0	15167,14277,14277,11018,11018,11018,11018	4	29	15345,0,0,0,0,0,0	118	0
172052	367	800	533	234	252	58	38	13	3992	135	272	436	246	4	68	6343	846	1436	0,0,0,0,0,0	34711	0	236	15943	167	0	15385,14471,14471,11121,11121,11121,11121	4	20	15580,0,0,0,0,0,0	114	0
172087	359	775	530	223	252	63	40	13	3993	136	275	442	251	2	50	5790	806	1436	0,0,0,0,0,0	34216	0	214	16158	168	0	15584,14645,14645,11199,11199,11199,11199	4	17	15795,0,0,0,0,0,0	112	0
172131	331	766	540	228	255	67	44	12	3958	136	278	438	281	4	69	5707	806	1425	0,0,0,0,0,0	33684	0	219	16372	173	0	15781,14816,14816,11273,11273,11273,11273	3	15	16009,0,0,0,0,0,0	120	0
172186	327	750	516	234	258	63	39	12	3940	141	280	474	237	1	71	5876	792	1395	0,0,0,0,0,0	33894	0	227	16596	177	0	15986,14993,14993,11345,11345,11345,11345	3	21	16233,0,0,0,0,0,0	117	0
172227	329	737	529	219	254	63	39	11	3914	142	282	433	272	6	64	5647	742	1428	0,0,0,0,0,0	46567	0	233	16827	180	0	16199,15178,15178,11428,11428,11428,11428	3	19	16464,0,0,0,0,0,0	116	0
172284	332	709	530	208	240	67	36	11	3899	145	285	457	288	7	57	5629	705	1417	0,0,0,0,0,0	46554	0	195	17021	182	0	16377,15331,15331,11485,11485,11485,11485	3	18	16658,0,0,0,0,0,0	110	0
172356	333	661	534	207	231	65	35	11	3873	148	292	431	299	3	66	5668	722	1344	0,0,0,0,0,0	33741	0	196	17215	184	0	16555,15482,15482,11535,11535,11535,11535	3	20	16853,0,0,0,0,0,0	112	0
172424	319	661	496	209	227	69	38	9	3850	150	294	426	255	2	69	5484	732	1287	0,0,0,0,0,0	33724	0	201	17411	190	0	16730,15630,15630,11583,11583,11583,11583	3	20	17050,0,0,0,0,0,0	115	0
172480	314	653	482	207	209	64	36	11	3843	152	295	445	234	2	62	5652	720	1245	0,0,0,0,0,0	33640	0	197	17601	197	0	16902,15777,15777,11636,11636,11636,11636	3	19	17240,0,0,0,0,0,0	119	0
172560	292	640	495	194	211	64	36	8	3793	156	297	458	265	0	49	5347	668	1264	0,0,0,0,0,0	33506	0	171	17768	201	0	17051,15901,15901,11666,11666,11666,11666	3	18	17407,0,0,0,0,0,0	112	0
172620	275	662	480	189	204	60	35	8	3754	159	300	464	271	3	66	5492	667	1238	0,0,0,0,0,0	33567	0	199	17969	201	0	17234,16058,16058,11722,11722,11722,11722	3	19	17608,0,0,0,0,0,0	118	0
172718	268	630	480	197	192	65	33	8	3693	162	300	448	219	3	57	5663	660	1205	0,0,0,0,0,0	46621	0	170	18137	204	0	17381,16179,16179,11742,11742,11742,11742	3	13	17776,0,0,0,0,0,0	121	0
172806	266	596	474	197	186	56	33	10	3654	164	304	453	252	3	50	5488	638	1170	0,0,0,0,0,0	46409	0	163	18300	204	0	17529,16300,16300,11768,11768,11768,11768	3	11	17939,0,0,0,0,0,0	111	0
172820	279	599	474	188	172	60	34	10	3639	166	305	460	261	4	59	5306	628	1178	0,0,0,0,0,0	33439	0	197	18491	210	0	17704,16455,16455,11843,11843,11843,11843	3	25	18131,0,0,0,0,0,0	108	0
172872	277	582	442	195	167	57	32	9	3636	170	307	452	258	5	62	5381	619	1133	0,0,0,0,0,0	33366	0	174	18663	213	0	17856,16585,16585,11886,11886,11886,11886	3	12	18303,0,0,0,0,0,0	105	0
172921	278	571	434	201	172	58	32	6	3590	172	311	462	253	1	63	5385	621	1125	0,0,0,0,0,0	33489	0	168	18827	219	0	18004,16711,16711,11929,11929,11929,11929	3	10	18467,0,0,0,0,0,0	109	0
173003	271	564	437	182	178	63	30	4	3520	177	317	455	86	2	43	5071	623	1102	0,0,0,0,0,0	46505	0	163	18988	222	0	18149,16831,16831,11955,11955,11955,11955	2	17	18628,0,0,0,0,0,0	108	0
173099	251	529	428	182	173	62	28	5	3488	179	322	441	249	3	57	5223	586	1067	0,0,0,0,0,0	46593	0	133	19120	223	0	18266,16925,16925,11958,11958,11958,11958	2	9	18760,0,0,0,0,0,0	110	0
173171	241	518	414	185	182	56	29	3	3441	181	325	457	286	3	51	4969	580	1045	0,0,0,0,0,0	46286	0	155	19274	224	0	18404,17040,17040,11986,11986,11986,11986	2	11	18914,0,0,0,0,0,0	115	0
173280	217	518	409	185	171	62	33	3	3359	182	327	452	238	4	49	4783	578	1017	0,0,0,0,0,0	46081	36	131	19405	226	0	18517,17129,17129,11983,11983,11983,11983	2	14	19045,0,0,0,0,0,0	115	32
173331	236	512	386	180	168	62	34	3	3321	186	327	438	285	3	60	4691	597	981	0,0,0,0,0,0	33175	31	181	19586	226	0	18679,17267,17267,12031,12031,12031,12031	2	22	19226,0,0,0,0,0,0	116	59
173410	233	539	381	164	171	65	33	3	3225	190	332	444	313	2	50	4775	583	1003	0,0,0,0,0,0	32487	33	169	19751	230	0	18826,17389,17389,12057,12057,12057,12057	2	19	19393,0,0,0,0,0,0	122	89
173471	240	533	380	162	158	69	34	4	3168	192	335	450	256	4	44	4773	584	992	0,0,0,0,0,0	32757	27	158	19908	233	0	18965,17506,17506,12088,12088,12088,12088	2	23	19550,0,0,0,0,0,0	125	112
173551	246	497	375	173	154	67	34	5	3111	196	337	458	250	1	46	4659	556	990	0,0,0,0,0,0	33266	18	147	20056	233	0	19095,17613,17613,12106,12106,12106,12106	2	19	19698,0,0,0,0,0,0	122	128
173600	238	474	388	166	153	66	30	5	3086	201	339	455	242	3	51	4188	541	974	0,0,0,0,0,0	32648	28	144	20198	235	0	19220,17720,17720,12137,12137,12137,12137	2	14	19840,0,0,0,0,0,0	116	149
173695	213	476	367	165	151	62	29	4	3041	203	340	419	158	0	49	4037	539	924	0,0,0,0,0,0	39003	29	124	20320	237	0	19324,17802,17802,12134,12134,12134,12134	2	11	19962,0,0,0,0,0,0	103	176
173777	206	464	344	163	147	56	27	5	3008	207	342	418	337	2	31	3730	511	896	0,0,0,0,0,0	38617	129	138	20455	240	0	19454,17910,17910,12151,12151,12151,12151	2	21	20097,0,0,0,0,0,0	101	282
173827	219	452	322	156	151	57	22	6	2980	210	344	417	236	4	62	3789	504	875	0,0,0,0,0,0	26844	153	143	20598	242	0	19591,18027,18027,12187,12187,12187,12187	2	23	20240,0,0,0,0,0,0	94	412
173891	236	426	328	154	144	55	24	6	2924	210	348	416	242	2	43	3977	495	872	0,0,0,0,0,0	27073	125	141	20739	243	0	19725,18140,18140,12212,12212,12212,12212	2	14	20381,0,0,0,0,0,0	90	517
173968	226	435	300	149	139	55	26	6	2878	212	352	440	268	2	33	3810	460	870	0,0,0,0,0,0	27242	130	132	20870	246	0	19849,18243,18243,12227,12227,12227,12227	2	7	20513,0,0,0,0,0,0	95	631
174008	217	451	304	143	136	57	25	6	2831	214	354	434	271	2	52	3819	473	860	0,0,0,0,0,0	27137	136	133	21000	249	0	19970,18346,18346,12258,12258,12258,12258	2	14	20643,0,0,0,0,0,0	93	748
174083	212	460	297	145	156	50	24	8	2740	215	356	433	328	2	43	3744	471	873	0,0,0,0,0,0	26840	140	142	21142	250	0	20102,18456,18456,12278,12278,12278,12278	2	10	20785,0,0,0,0,0,0	91	869
174167	209	435	279	152	134	51	23	7	2714	217	358	432	277	5	34	3788	451	832	0,0,0,0,0,0	38873	156	114	21255	253	0	20208,18543,18543,12281,12281,12281,12281	2	6	20898,0,0,0,0,0,0	85	1010
174216	210	434	285	153	131	51	20	8	2654	221	363	445	276	3	36	4070	446	838	0,0,0,0,0,0	39439	152	131	21386	255	0	20366,18682,18682,12328,12328,12328,12328	2	8	21029,0,0,0,0,0,0	87	1142
174278	211	401	310	151	137	48	23	8	2591	221	367	434	254	4	49	4140	453	828	0,0,0,0,0,0	27342	144	131	21516	256	0	20529,18826,18826,12369,12369,12369,12369	2	18	21159,0,0,0,0,0,0	89	1266
174330	220	410	309	139	149	41	24	8	2521	222	373	430	254	2	44	4389	490	802	0,0,0,0,0,0	27457	134	145	21660	257	0	20695,18972,18972,12415,12415,12415,12415	2	20	21303,0,0,0,0,0,0	79	1383
174423	194	393	307	134	140	41	25	7	2482	224	376	446	266	2	48	4491	488	746	0,0,0,0,0,0	27676	170	97	21756	258	0	20815,19073,19073,12419,12419,12419,12419	2	11	21399,0,0,0,0,0,0	79	1528
174448	186	403	306	132	139	42	26	7	2454	225	378	442	325	2	43	4354	480	754	0,0,0,0,0,0	27602	147	131	21887	260	0	20975,19217,19217,12477,12477,12477,12477	2	8	21530,0,0,0,0,0,0	87	1653
174491	196	389	294	130	144	42	26	9	2419	225	381	462	246	2	37	4426	469	752	0,0,0,0,0,0	27659	167	127	22014	260	0	21131,19356,19356,12523,12523,12523,12523	2	15	21657,0,0,0,0,0,0	83	1794
174511	188	396	276	144	137	39	28	8	2411	226	382	445	312	2	27	4261	450	758	0,0,0,0,0,0	39036	161	114	22128	260	0	21283,19494,19494,12579,12579,12579,12579	2	4	21771,0,0,0,0,0,0	82	1928
174563	167	412	279	133	122	40	29	8	2383	228	382	442	261	0	34	4040	431	751	0,0,0,0,0,0	38860	59	110	22232	266	0	21420,19616,19616,12611,12611,12611,12611	1	6	21875,0,0,0,0,0,0	86	1979
174601	175	407	278	135	128	45	31	5	2324	229	388	477	240	0	35	3811	425	774	0,0,0,0,0,0	27176	77	130	22361	268	0	21582,19761,19761,12662,12662,12662,12662	1	9	22004,0,0,0,0,0,0	86	2039
174616	203	397	259	129	132	48	32	6	2302	230	392	482	240	0	49	3695	465	735	0,0,0,0,0,0	26931	59	132	22490	271	0	21741,19904,19904,12721,12721,12721,12721	1	16	22133,0,0,0,0,0,0	88	2089
174681	205	386	255	124	137	50	32	4	2248	230	394	470	248	0	46	3501	471	718	0,0,0,0,0,0	26694	70	117	22605	273	0	21893,20038,20038,12753,12753,12753,12753	1	7	22248,0,0,0,0,0,0	85	2148
174752	212	353	248	124	135	50	31	4	2210	232	395	461	248	2	30	3470	438	715	0,0,0,0,0,0	26381	61	109	22714	274	0	22030,20157,20157,12775,12775,12775,12775	1	11	22357,0,0,0,0,0,0	88	2195
174793	200	350	244	129	143	50	30	5	2170	233	399	485	235	1	47	3267	449	697	0,0,0,0,0,0	26294	62	104	22817	275	0	22171,20284,20284,12813,12813,12813,12813	1	16	22460,0,0,0,0,0,0	85	2242
174850	189	336	247	128	129	50	27	5	2147	235	403	495	277	1	44	2888	443	663	0,0,0,0,0,0	38307	57	92	22909	276	0	22299,20396,20396,12837,12837,12837,12837	1	4	22552,0,0,0,0,0,0	89	2289
174908	178	340	251	110	123	47	21	7	2117	239	405	495	107	1	34	2744	417	653	0,0,0,0,0,0	37685	207	82	22992	276	0	22397,20481,20481,12846,12846,12846,12846	1	5	22635,0,0,0,0,0,0	83	2467
174967	161	368	243	106	109	48	17	8	2069	242	408	475	260	3	28	2572	403	649	0,0,0,0,0,0	25669	200	105	23095	278	0	22517,20584,20584,12863,12863,12863,12863	1	13	22739,0,0,0,0,0,0	82	2629
175006	146	362	244	122	119	45	15	10	2020	243	414	460	231	2	26	2720	409	644	0,0,0,0,0,0	25729	192	108	23201	281	0	22637,20689,20689,12889,12889,12889,12889	1	11	22846,0,0,0,0,0,0	76	2788
175050	144	344	247	121	130	41	11	10	1987	245	416	458	247	0	45	2711	442	596	0,0,0,0,0,0	25450	188	96	23294	284	0	22744,20783,20783,12907,12907,12907,12907	1	10	22939,0,0,0,0,0,0	75	2944
175105	138	332	253	112	116	39	12	10	1965	246	418	458	210	0	34	3101	431	571	0,0,0,0,0,0	25912	174	92	23385	286	0	22844,20867,20867,12917,12917,12917,12917	1	10	23030,0,0,0,0,0,0	70	3086
175111	156	331	242	107	119	40	13	10	1951	246	420	484	256	3	27	2896	405	603	0,0,0,0,0,0	26278	190	118	23501	288	0	22970,20982,20982,12964,12964,12964,12964	1	13	23146,0,0,0,0,0,0	70	3237
175158	155	305	251	99	112	37	16	10	1934	246	423	490	233	0	24	2928	373	602	0,0,0,0,0,0	37968	205	86	23585	290	0	23066,21064,21064,12975,12975,12975,12975	1	8	23230,0,0,0,0,0,0	69	3403
175209	142	297	236	101	117	38	17	8	1907	246	428	507	223	0	29	2858	360	588	0,0,0,0,0,0	38048	195	79	23663	291	0	23235,21221,21221,13024,13024,13024,13024	1	10	23308,0,0,0,0,0,0	70	3557
175225	144	305	233	97	96	39	15	8	1905	249	430	514	88	2	30	3071	337	592	0,0,0,0,0,0	26404	170	97	23760	291	0	23424,21400,21400,13097,13097,13097,13097	1	6	23405,0,0,0,0,0,0	66	3703
175208	174	308	224	96	83	40	16	6	1907	249	435	490	96	0	30	3084	324	617	4,0,0,0,0,0	26297	189	91	23891	295	0	23637,21602,21602,13197,13197,13197,13197	1	10	23494,43,0,0,0,0,0	68	3858
175222	187	333	215	93	75	40	16	6	1873	250	436	503	265	1	39	3098	318	641	8,0,0,0,0,0	26097	169	98	24018	297	0	23845,21796,21796,13280,13280,13280,13280	1	7	23584,81,0,0,0,0,0	75	3992
175186	203	393	196	91	77	38	13	7	1850	251	441	513	274	3	23	3110	314	697	14,0,0,0,0,0	25937	185	123	24181	300	0	24091,22031,22031,13408,13408,13408,13408	1	4	23681,150,0,0,0,0,0	72	4146
175138	228	420	217	88	88	36	11	7	1816	253	444	527	279	0	28	2956	320	768	20,0,0,0,0,0	25993	129	137	24349	304	0	24345,22273,22273,13545,13545,13545,13545	1	13	23772,229,0,0,0,0,0	66	4243
175097	247	421	238	100	99	36	12	5	1789	253	449	538	238	5	18	2794	299	854	26,0,0,0,0,0	38098	158	118	24507	306	0	24602,22519,22519,13680,13680,13680,13680	1	10	23841,319,0,0,0,0,0	66	4363
175044	244	467	231	104	98	35	13	2	1797	253	458	508	223	4	38	2431	334	858	32,0,0,0,0,0	37792	122	120	24667	310	0	24858,22765,22765,13820,13820,13820,13820	1	8	23901,422,0,0,0,0,0	65	4458
175048	229	481	258	110	110	39	15	3	1741	253	459	536	230	3	41	2546	360	882	36,0,0,0,0,0	25428	125	143	24805	315	0	25076,22970,22970,13911,13911,13911,13911	1	14	23960,502,0,0,0,0,0	60	4555
174980	255	499	277	117	121	39	15	3	1725	254	461	534	276	1	44	2719	386	937	40,0,0,0,0,0	25681	132	185	24987	318	0	25341,23224,23223,14058,14058,14058,14058	1	14	24041,605,0,0,0,0,0	69	4660
174917	279	527	289	123	131	39	15	3	1705	255	463	560	314	0	44	2596	387	1016	44,0,0,0,0,0	25794	126	198	25182	322	0	25619,23490,23489,14213,14213,14213,14213	1	16	24119,724,0,0,0,0,0	69	4759
174837	297	539	309	126	151	40	18	2	1706	255	466	565	276	3	54	2664	426	1054	48,0,0,0,0,0	25835	124	204	25382	327	0	25903,23765,23763,14381,14381,14381,14381	1	9	24195,851,0,0,0,0,0	69	4850
174769	301	571	316	121	167	47	17	1	1710	258	468	543	235	1	49	2887	478	1062	51,0,0,0,0,0	25984	117	193	25572	332	0	26162,24015,24012,14529,14529,14529,14529	1	11	24267,974,0,0,0,0,0	74	4930
174710	300	566	312	148	167	48	18	2	1745	259	471	544	221	2	55	2875	500	1059	53,0,0,0,0,0	37695	136	173	25743	335	0	26411,24255,24251,14669,14669,14669,14669	1	10	24332,1082,0,0,0,0,0	85	5026
174661	306	556	316	162	168	52	21	1	1771	260	472	513	253	2	58	3196	532	1049	55,0,0,0,0,0	38163	326	176	25920	338	0	26623,24456,24452,14783,14783,14783,14783	1	14	24394,1198,0,0,0,0,0	98	5272
174556	337	579	336	162	165	54	22	1	1799	262	473	523	295	3	59	3583	555	1100	58,0,0,0,0,0	26659	307	227	26145	341	0	26883,24707,24702,14947,14947,14947,14947	1	16	24473,1346,0,0,0,0,0	94	5494
174453	336	595	352	168	171	53	19	2	1855	264	478	537	251	1	57	3854	587	1107	58,0,0,0,0,0	26862	332	201	26343	345	0	27122,24939,24932,15098,15098,15098,15098	1	10	24553,1467,0,0,0,0,0	96	5739
174346	361	619	356	170	174	55	21	3	1893	264	484	511	312	4	53	3991	595	1161	61,0,0,0,0,0	26992	290	222	26560	351	0	27378,25188,25180,15263,15263,15263,15263	1	14	24608,1633,0,0,0,0,0	95	5952
174251	373	657	368	179	179	56	19	3	1908	265	488	531	245	3	50	3954	623	1208	63,0,0,0,0,0	27370	266	242	26796	358	0	27644,25446,25435,15427,15427,15427,15427	1	19	24672,1809,0,0,0,0,0	103	6152
174145	379	691	378	191	171	57	20	3	1951	268	492	541	267	3	66	4207	647	1240	65,0,0,0,0,0	27156	280	242	27023	374	0	27897,25694,25680,15591,15591,15591,15591	1	23	24735,1985,0,0,0,0,0	96	6351
174039	366	702	382	203	192	51	19	4	2027	268	493	549	109	5	37	4178	639	1276	66,0,0,0,0,0	38924	288	224	27245	377	0	28145,25938,25920,15753,15753,15753,15753	1	13	24793,2152,0,0,0,0,0	97	6546
173910	362	733	413	209	194	55	22	5	2079	269	495	530	258	4	73	4034	674	1314	68,0,0,0,0,0	38983	596	242	27479	385	0	28511,26301,26280,15985,15985,15985,15985	1	13	24860,2326,0,0,0,0,0	97	6934
173752	387	785	405	214	195	60	27	5	2146	271	499	504	329	3	66	4495	688	1385	69,0,0,0,0,0	27499	583	289	27766	389	0	28917,26704,26678,16252,16252,16252,16252	1	15	24922,2553,0,0,0,0,0	100	7321
173569	421	801	438	234	204	63	27	5	2207	274	503	524	282	5	66	4741	737	1451	71,0,0,0,0,0	27768	604	298	28055	398	0	29330,27117,27087,16533,16533,16533,16533	1	20	24985,2785,0,0,0,0,0	111	7851
173376	445	858	457	229	186	66	30	4	2310	274	511	535	254	3	82	5172	769	1502	73,0,0,0,0,0	28228	593	324	28368	411	0	29754,27541,27505,16826,16826,16826,16826	1	18	25039,3053,0,0,0,0,0	114	8389
173197	478	926	459	239	229	65	30	6	2328	275	514	514	330	2	60	5238	771	1655	75,0,0,0,0,0	28258	583	340	28697	425	0	30176,27964,27921,17114,17114,17114,17114	2	36	25100,3333,0,0,0,0,0	122	8887
172951	505	1019	495	255	219	64	31	7	2408	276	516	496	258	1	72	5496	804	1784	76,0,0,0,0,0	28498	597	391	29082	434	0	30662,28448,28399,17466,17466,17466,17466	2	25	25166,3658,0,0,0,0,0	121	9408
172796	511	1024	516	277	246	63	35	5	2477	277	519	506	262	5	60	5419	781	1891	77,0,0,0,0,0	39877	616	313	29381	449	0	31066,28854,28798,17734,17734,17734,17734	2	13	25206,3928,0,0,0,0,0	124	9963
172645	499	1057	553	282	251	68	34	5	2548	282	522	509	284	6	88	5839	834	1910	79,0,0,0,0,0	40370	784	319	29685	466	0	31537,29327,29263,18033,18033,18033,18033	2	15	25242,4210,0,0,0,0,0	120	10670
172365	560	1123	574	297	266	70	38	4	2641	282	526	488	253	4	99	6021	904	2024	81,0,0,0,0,0	28903	777	435	30105	484	0	32120,29911,29840,18446,18446,18446,18446	2	25	25288,4601,0,0,0,0,0	151	11343
172105	611	1180	600	313	269	73	36	5	2738	286	530	481	274	6	101	6364	971	2111	82,0,0,0,0,0	29195	804	433	30529	496	0	32763,30558,30477,18881,18881,18881,18881	2	21	25337,4985,0,0,0,0,0	147	12053
171799	661	1238	643	319	307	75	35	7	2841	289	532	466	297	3	89	6429	1008	2270	84,0,0,0,0,0	29611	774	464	30976	516	0	33426,31223,31135,19350,19350,19350,19350	2	20	25385,5402,0,0,0,0,0	158	12725
171520	703	1321	685	328	333	76	36	6	2913	292	533	470	232	6	96	6556	1072	2410	85,0,0,0,0,0	29820	732	484	31439	539	0	34093,31895,31796,19811,19811,19811,19811	2	30	25424,5845,0,0,0,0,0	156	13356
171146	792	1358	738	361	342	78	39	4	3060	292	536	476	238	11	125	6820	1129	2579	86,0,0,0,0,0	29655	807	551	31973	559	0	34815,32623,32514,20346,20346,20346,20346	2	26	25472,6347,0,0,0,0,0	160	14030
170875	786	1421	755	389	353	79	43	4	3210	294	537	475	257	6	106	6533	1159	2667	87,0,0,0,0,0	40782	773	477	32440	575	0	35495,33309,33187,20810,20810,20810,20810	2	17	25514,6784,0,0,0,0,0	165	14690
170633	728	1518	799	410	347	77	42	4	3348	300	540	480	246	9	117	6770	1200	2721	88,0,0,0,0,0	41300	867	447	32862	602	0	36176,33997,33863,21256,21256,21256,21256	2	24	25552,7189,0,0,0,0,0	173	15447
170281	792	1544	867	435	362	83	40	5	3490	305	542	462	295	5	129	7095	1264	2859	88,0,0,0,0,0	46135	871	567	33407	628	0	36961,34790,34643,21809,21809,21809,21809	2	33	25590,7714,0,0,0,0,0	167	16169
169961	837	1571	912	449	377	84	48	6	3649	307	545	455	212	6	147	7487	1363	2915	89,0,0,0,0,0	46360	869	538	33925	651	0	37733,35572,35410,22336,22336,22336,22336	2	33	25621,8221,0,0,0,0,0	167	16915
169680	810	1642	929	452	406	94	49	7	3821	310	546	465	240	6	125	7885	1392	2990	90,0,0,0,0,0	46693	881	503	34408	674	0	38452,36302,36126,22820,22820,22820,22820	2	36	25642,8700,0,0,0,0,0	179	17647
169423	819	1641	958	470	415	119	48	8	3984	312	549	466	307	5	144	8040	1459	3011	91,0,0,0,0,0	46801	868	513	34907	694	0	39163,37028,36833,23295,23295,23295,23295	2	33	25661,9197,0,0,0,0,0	194	18374
169110	836	1653	980	489	459	130	51	7	4165	315	551	429	285	6	149	8012	1525	3073	92,0,0,0,0,0	47089	911	546	35432	718	0	39928,37805,37594,23820,23820,23820,23820	2	22	25686,9716,0,0,0,0,0	224	19127
168922	789	1640	1004	489	453	141	50	9	4377	320	552	444	225	5	152	8355	1591	2975	92,0,0,0,0,0	71261	889	427	35841	736	0	40568,38459,38230,24222,24222,24222,24222	3	19	25708,10115,0,0,0,0,0	233	19863
168745	715	1618	1008	498	475	139	47	10	4608	326	557	442	328	8	130	8503	1578	2922	93,0,0,0,0,0	71531	606	423	36250	751	0	41289,39195,38949,24662,24662,24662,24662	3	23	25726,10517,0,0,0,0,0	249	20357
168560	696	1631	1007	471	501	150	43	9	4786	334	558	420	273	7	161	9045	1637	2862	93,0,0,0,0,0	47734	661	475	36708	771	0	42036,39962,39694,25118,25118,25118,25118	3	28	25747,10969,0,0,0,0,0	246	20911
168312	718	1617	958	483	537	153	48	8	5015	336	561	417	272	7	174	9203	1639	2875	93,0,0,0,0,0	48046	673	506	37198	793	0	42830,40775,40486,25628,25628,25628,25628	3	35	25772,11450,0,0,0,0,0	246	21450
168158	752	1557	976	498	545	165	50	7	5138	339	561	434	298	8	195	10004	1738	2805	94,0,0,0,0,0	48230	608	488	37667	815	0	43564,41534,41219,26066,26066,26066,26066	3	40	25785,11925,0,0,0,0,0	265	21919
167957	768	1550	980	468	542	172	51	7	5348	342	561	445	332	11	140	10172	1696	2835	94,0,0,0,0,0	48981	646	504	38146	843	0	44310,42302,41963,26531,26531,26531,26531	3	34	25801,12408,0,0,0,0,0	276	22422
167822	755	1571	987	468	526	168	54	7	5481	343	564	428	228	6	152	9671	1659	2870	95,0,0,0,0,0	48992	629	475	38603	862	0	45051,43068,42703,26964,26964,26964,26964	3	25	25821,12853,0,0,0,0,0	282	22906
167737	708	1503	990	464	527	177	59	8	5662	345	566	415	238	3	136	9757	1651	2777	95,0,0,0,0,0	71939	641	389	38972	886	0	45700,43739,43350,27326,27326,27326,27326	3	23	25828,13230,0,0,0,0,0	295	23401
167713	657	1444	970	484	527	168	62	11	5793	348	569	418	311	7	150	10117	1611	2701	96,0,0,0,0,0	72338	859	374	39336	898	0	46313,44385,43968,27656,27656,27656,27656	3	21	25838,13593,0,0,0,0,0	282	24122
167592	653	1428	1013	488	514	177	65	11	5883	351	571	397	321	9	169	10343	1636	2702	96,0,0,0,0,0	48898	894	458	39784	912	0	47036,45140,44694,28084,28084,28084,28084	3	26	25848,14041,0,0,0,0,0	289	24828
167467	692	1424	1009	467	502	176	62	12	6002	358	575	377	268	9	156	10160	1622	2710	96,0,0,0,0,0	49171	866	492	40254	935	0	47811,45944,45468,28513,28513,28513,28513	3	31	25862,14514,0,0,0,0,0	287	25526
167337	752	1446	980	466	487	183	63	13	6080	363	576	370	268	4	146	9963	1587	2790	96,0,0,0,0,0	49106	870	502	40737	958	0	48583,46744,46237,28939,28939,28939,28939	3	27	25871,15006,0,0,0,0,0	273	26195
167229	739	1483	956	453	496	183	64	13	6185	367	578	363	309	6	166	9791	1569	2805	97,0,0,0,0,0	48767	903	484	41197	984	0	49337,47528,46990,29352,29352,29352,29352	3	29	25876,15482,0,0,0,0,0	282	26909
167115	754	1490	929	453	492	183	65	14	6299	372	580	372	317	8	153	9816	1552	2814	97,0,0,0,0,0	48933	863	480	41648	1015	0	50078,48302,47732,29761,29761,29761,29761	3	20	25885,15949,0,0,0,0,0	279	27591
167136	692	1472	945	421	490	180	68	17	6369	375	581	357	287	4	113	8800	1449	2819	97,0,0,0,0,0	71953	906	375	42005	1036	0	50732,48988,48384,30057,30057,30057,30057	3	14	25889,16313,0,0,0,0,0	286	28327
167163	642	1449	954	434	482	175	72	15	6393	379	588	337	258	4	130	8644	1417	2791	97,0,0,0,0,0	71115	1057	365	42360	1051	0	51515,49805,49166,30409,30409,30409,30409	3	20	25895,16674,0,0,0,0,0	280	29195
167146	671	1396	977	430	475	169	71	15	6424	383	589	347	225	2	163	8727	1425	2764	97,0,0,0,0,0	47459	1037	442	42779	1077	0	52352,50678,50003,30811,30811,30811,30811	3	21	25901,17102,0,0,0,0,0	267	30021
167061	677	1393	924	430	476	163	72	14	6558	389	589	344	324	9	140	8347	1392	2743	98,0,0,0,0,0	47605	1075	436	43192	1103	0	53190,51548,50842,31242,31242,31242,31242	3	34	25904,17534,0,0,0,0,0	263	30857
167064	634	1396	940	436	445	156	70	16	6603	395	591	333	256	6	138	8428	1373	2704	98,0,0,0,0,0	47329	1082	415	43587	1124	0	53994,52388,51647,31618,31618,31618,31618	2	22	25908,17939,0,0,0,0,0	262	31703
167002	634	1382	931	462	470	147	63	16	6642	404	593	340	252	6	130	7966	1328	2761	98,0,0,0,0,0	47321	1053	451	44022	1140	0	54830,53259,52484,32044,32044,32044,32044	2	18	25912,18382,0,0,0,0,0	240	32531
166998	654	1366	907	442	451	144	70	18	6693	408	595	367	256	3	152	8312	1325	2709	98,0,0,0,0,0	47489	1066	421	44421	1164	0	55639,54105,53294,32429,32429,32429,32429	2	25	25916,18795,0,0,0,0,0	238	33345
167066	593	1337	912	447	439	141	73	14	6717	411	596	399	254	8	124	7924	1321	2621	98,0,0,0,0,0	71189	1093	339	44747	1183	0	56381,54881,54035,32744,32744,32744,32744	2	20	25918,19127,0,0,0,0,0	251	34162
167165	554	1321	909	430	412	135	62	17	6724	420	597	388	333	6	102	7670	1264	2559	98,0,0,0,0,0	70995	1375	329	45059	1203	0	57186,55722,54840,33068,33068,33068,33068	2	23	25919,19454,0,0,0,0,0	247	35233
167218	541	1294	899	434	416	135	65	17	6705	423	599	372	267	4	122	7945	1239	2545	99,0,0,0,0,0	46870	1419	380	45419	1225	0	58011,56587,55668,33428,33428,33428,33428	2	16	25921,19826,0,0,0,0,0	234	36314
167225	576	1290	872	404	407	129	61	18	6734	427	603	387	312	5	142	8033	1235	2504	99,0,0,0,0,0	47075	1376	410	45816	1240	0	58886,57498,56543,33825,33825,33825,33825	2	24	25922,20235,0,0,0,0,0	231	37354
167304	604	1211	881	427	424	126	65	19	6654	427	604	406	235	7	135	8305	1253	2485	98,0,0,0,0,0	47022	1401	366	46161	1264	0	59717,58368,57375,34171,34171,34171,34171	2	16	25926,20590,0,0,0,0,0	238	38368
167361	611	1182	886	411	440	123	63	19	6612	433	605	432	258	6	121	8231	1234	2482	99,0,0,0,0,0	39128	1383	379	46524	1282	0	60551,59240,58210,34534,34534,34534,34534	2	15	25928,20962,0,0,0,0,0	236	39410
167467	564	1196	835	419	422	111	60	20	6605	441	606	419	265	3	137	7830	1208	2399	99,0,0,0,0,0	39070	1390	338	46846	1301	0	61357,60085,59017,34855,34855,34855,34855	2	16	25929,21297,0,0,0,0,0	215	40443
167611	517	1161	814	408	422	107	59	24	6574	443	606	430	317	5	123	7661	1136	2352	99,0,0,0,0,0	40937	1370	300	47123	1325	0	62103,60870,59765,35130,35130,35130,35130	2	14	25933,21585,0,0,0,0,0	218	41464
167741	487	1126	815	402	400	101	61	20	6536	447	610	429	317	7	110	7261	1083	2309	99,0,0,0,0,0	41323	1106	302	47405	1348	0	62858,61663,60520,35403,35403,35403,35403	2	13	25936,21879,0,0,0,0,0	198	42269
167821	478	1131	779	380	377	99	64	20	6537	447	613	443	277	5	126	7228	1040	2268	99,0,0,0,0,0	38473	1113	334	47721	1366	0	63683,62527,61346,35728,35728,35728,35728	2	17	25938,22203,0,0,0,0,0	199	43056
167922	496	1057	783	366	392	96	61	19	6489	450	615	430	344	5	127	6951	1035	2216	99,0,0,0,0,0	38341	1092	339	48037	1389	0	64482,63366,62147,36033,36033,36033,36033	2	18	25939,22535,0,0,0,0,0	192	43855
168059	487	1043	782	347	379	92	60	19	6406	456	616	435	283	1	121	6767	1019	2171	99,0,0,0,0,0	38045	1137	313	48331	1409	0	65223,64149,62890,36294,36294,36294,36294	2	16	25941,22843,0,0,0,0,0	179	44622
168167	484	1062	736	348	375	82	58	17	6336	461	620	461	272	12	106	6521	989	2156	99,0,0,0,0,0	38009	1091	320	48630	1430	0	66001,64966,63670,36587,36587,36587,36587	2	16	25943,23156,0,0,0,0,0	162	45360
168285	463	1059	746	327	377	82	57	15	6248	465	622	459	267	1	100	6668	974	2137	99,0,0,0,0,0	38007	1072	312	48930	1442	0	66756,65761,64426,36865,36865,36865,36865	2	15	25943,23464,0,0,0,0,0	155	46079
168428	460	997	738	320	357	79	53	13	6206	471	624	470	239	3	104	6415	935	2069	99,0,0,0,0,0	40531	1066	256	49176	1453	0	67470,66512,65143,37113,37113,37113,37113	1	8	25944,23716,0,0,0,0,0	149	46817
168615	412	932	764	299	348	77	53	14	6133	472	627	476	272	6	86	6265	905	1980	99,0,0,0,0,0	40187	880	208	49379	1462	0	68128,67206,65802,37297,37297,37297,37297	1	9	25945,23923,0,0,0,0,0	153	47414
168773	391	939	720	293	319	74	50	15	6067	475	630	457	243	5	95	6295	862	1924	99,0,0,0,0,0	31015	902	274	49632	1483	0	68833,67952,66510,37521,37521,37521,37521	1	14	25945,24188,0,0,0,0,0	138	47982
168912	406	912	693	280	316	71	47	15	5982	479	633	491	251	7	86	6099	828	1897	99,0,0,0,0,0	30897	900	273	49888	1502	0	69536,68695,67217,37746,37746,37746,37746	1	14	25946,24460,0,0,0,0,0	136	48555
169103	391	887	676	297	289	67	47	14	5856	483	636	488	280	3	105	6239	825	1829	99,0,0,0,0,0	31130	934	245	50120	1515	0	70194,69395,67879,37933,37933,37933,37933	1	10	25947,24701,0,0,0,0,0	126	49171
169257	384	826	692	287	276	71	42	14	5769	487	641	479	242	2	76	6102	801	1777	99,0,0,0,0,0	30931	913	224	50330	1529	0	70846,70082,68534,38130,38130,38130,38130	1	7	25947,24920,0,0,0,0,0	125	49797
169450	370	780	674	289	256	74	40	14	5666	489	644	474	293	6	86	5765	767	1716	99,0,0,0,0,0	25783	911	224	50537	1547	0	71474,70751,69165,38298,38298,38298,38298	1	10	25948,25136,0,0,0,0,0	130	50414
169649	329	750	652	264	252	76	40	15	5582	491	646	458	297	3	76	5654	729	1634	99,0,0,0,0,0	31804	903	174	50702	1557	0	72081,71393,69776,38447,38447,38447,38447	1	8	25949,25309,0,0,0,0,0	133	51037
169868	299	725	633	239	237	76	41	13	5472	493	650	442	311	7	67	5305	693	1557	99,0,0,0,0,0	31503	1216	177	50868	1568	0	72681,72030,70379,38578,38578,38578,38578	1	10	25950,25483,0,0,0,0,0	135	51905
170065	302	694	612	224	223	77	41	10	5349	495	654	435	246	4	60	4994	633	1540	99,0,0,0,0,0	24787	1233	204	51057	1584	0	73280,72669,70983,38720,38720,38720,38720	1	11	25950,25688,0,0,0,0,0	127	52779
170287	299	641	597	217	237	76	36	10	5191	498	657	418	229	3	83	5026	644	1459	99,0,0,0,0,0	24676	1207	182	51226	1599	0	73864,73291,71571,38844,38844,38844,38844	1	12	25950,25868,0,0,0,0,0	132	53641
170471	293	648	552	203	216	78	38	9	5081	498	659	433	255	6	59	4875	583	1445	99,0,0,0,0,0	24429	1199	190	51401	1615	0	74471,73936,72183,38998,38998,38998,38998	1	11	25950,26054,0,0,0,0,0	130	54481
170692	281	624	534	195	199	79	36	11	4932	501	662	438	242	1	64	4907	562	1386	99,0,0,0,0,0	24888	1222	158	51548	1627	0	75052,74554,72769,39121,39121,39121,39121	1	14	25950,26212,0,0,0,0,0	134	55343
170925	245	591	492	190	203	77	35	9	4812	504	663	451	313	2	66	4478	533	1300	99,0,0,0,0,0	24596	1200	133	51672	1637	0	75605,75144,73329,39225,39225,39225,39225	1	6	25952,26341,0,0,0,0,0	136	56214
171130	229	543	484	184	194	66	34	9	4703	506	664	454	331	2	53	4129	492	1242	99,0,0,0,0,0	28521	1155	122	51790	1642	0	76154,75725,73884,39348,39348,39348,39348	1	8	25952,26462,0,0,0,0,0	124	57018
171315	227	508	459	181	179	57	30	9	4605	510	666	467	310	1	63	4436	467	1174	99,0,0,0,0,0	28641	597	136	51913	1656	0	76894,76496,74631,39569,39569,39569,39569	1	6	25953,26594,0,0,0,0,0	120	57426
171536	192	490	412	170	190	54	25	12	4483	515	667	483	310	3	45	4442	444	1089	99,0,0,0,0,0	23424	600	102	52011	1662	0	77614,77247,75359,39759,39759,39759,39759	1	6	25953,26695,0,0,0,0,0	103	57825
171685	185	477	377	152	170	54	23	12	4426	517	668	469	277	2	69	4404	429	1009	99,0,0,0,0,0	23086	529	129	52132	1671	0	78344,78005,76097,39984,39984,39984,39984	1	7	25953,26822,0,0,0,0,0	95	58213
171885	171	454	373	140	156	51	19	13	4293	520	671	475	216	1	52	4047	423	941	99,0,0,0,0,0	22988	557	111	52237	1678	0	79041,78734,76804,40185,40185,40185,40185	1	6	25954,26932,0,0,0,0,0	91	58583
172071	176	408	367	136	150	50	17	11	4164	523	673	476	252	1	38	4163	390	914	99,0,0,0,0,0	22873	573	117	52349	1683	0	79765,79488,77536,40396,40396,40396,40396	1	6	25954,27049,0,0,0,0,0	84	58984
172297	159	405	327	131	145	44	16	11	4013	524	674	483	315	3	37	3852	357	870	99,0,0,0,0,0	22564	625	102	52448	1687	0	80467,80223,78247,40582,40582,40582,40582	1	3	25954,27149,0,0,0,0,0	76	59422
172497	143	376	323	118	129	39	16	11	3894	524	676	491	246	1	37	3546	319	825	99,0,0,0,0,0	27993	613	87	52532	1690	0	81132,80917,78920,40762,40762,40762,40762	0	3	25954,27234,0,0,0,0,0	70	59841
172724	115	351	308	106	133	36	16	9	3745	524	679	483	288	0	31	3301	285	780	99,0,0,0,0,0	27581	782	66	52594	1696	0	81555,81368,79349,40784,40784,40784,40784	0	3	25954,27302,0,0,0,0,0	65	60411
172901	115	329	315	103	131	32	15	9	3592	524	680	474	242	1	47	3057	289	751	99,0,0,0,0,0	16815	749	97	52683	1705	0	81986,81828,79788,40838,40838,40838,40838	0	5	25955,27396,0,0,0,0,0	57	60937
173065	131	291	319	100	105	33	19	8	3467	525	683	499	248	1	36	3049	288	710	99,0,0,0,0,0	16491	806	83	52759	1712	0	82402,82270,80212,40880,40880,40880,40880	0	3	25955,27478,0,0,0,0,0	52	61505
173249	133	270	296	92	83	35	15	10	3354	526	683	508	90	0	21	2978	258	666	99,0,0,0,0,0	16928	786	74	52830	1717	0	82805,82695,80622,40920,40920,40920,40920	0	3	25955,27551,0,0,0,0,0	54	62073
173372	138	258	282	87	82	30	14	8	3265	526	684	483	145	2	28	2855	250	641	99,0,0,0,0,0	16640	855	86	52909	1724	0	83220,83128,81044,40994,40994,40994,40994	0	2	25956,27635,0,0,0,0,0	50	62689
173557	126	259	276	81	71	26	13	7	3119	527	684	499	224	2	25	2864	237	615	99,0,0,0,0,0	16500	828	68	52973	1728	0	83620,83553,81452,41031,41031,41031,41031	0	7	25956,27702,0,0,0,0,0	42	63266
173730	102	254	262	75	68	22	13	6	2997	529	688	468	264	1	18	2724	221	575	99,0,0,0,0,0	26980	830	53	53023	1731	0	84011,83962,81849,41071,41071,41071,41071	0	2	25956,27754,0,0,0,0,0	38	63869
173869	94	243	244	75	63	22	13	6	2897	530	690	493	258	2	16	2805	211	543	99,0,0,0,0,0	27345	1104	61	53084	1732	0	84412,84378,82254,41110,41110,41110,41110	0	1	25956,27816,0,0,0,0,0	35	64658
174021	110	221	242	61	65	22	13	5	2760	531	695	479	284	0	28	2770	223	511	99,0,0,0,0,0	16278	1051	71	53151	1736	0	84793,84778,82641,41144,41144,41144,41144	0	6	25956,27885,0,0,0,0,0	35	65392
174174	117	214	221	55	64	19	11	6	2638	531	696	495	235	0	19	2764	201	500	99,0,0,0,0,0	16572	1070	64	53208	1743	0	85182,85186,83037,41176,41176,41176,41176	0	3	25956,27947,0,0,0,0,0	39	66165
174321	96	216	213	47	62	18	11	6	2528	531	697	492	98	1	17	2810	185	478	99,0,0,0,0,0	16342	1057	50	53255	1746	0	85581,85602,83442,41216,41216,41216,41216	0	1	25956,27996,0,0,0,0,0	34	66928
174454	82	218	211	47	53	16	9	7	2419	532	698	511	143	0	14	2571	170	466	99,0,0,0,0,0	16498	1025	48	53300	1750	0	85998,86035,83865,41265,41265,41265,41265	0	1	25956,28044,0,0,0,0,0	30	67673
174573	76	208	203	41	50	16	7	8	2328	534	702	533	157	0	10	2101	149	452	100,0,0,0,0,0	16123	1072	52	53351	1751	0	86401,86452,84274,41313,41313,41313,41313	0	2	25956,28096,0,0,0,0,0	25	68457
174690	69	186	203	43	53	17	7	8	2228	534	708	537	103	0	10	2019	142	436	100,0,0,0,0,0	21203	1099	39	53387	1754	0	86803,86865,84680,41363,41363,41363,41363	0	1	25956,28135,0,0,0,0,0	26	69226
174834	70	170	187	44	52	15	7	8	2116	534	709	524	250	0	20	2018	132	413	100,0,0,0,0,0	21392	338	44	53428	1757	0	87367,87444,85251,41483,41483,41483,41483	0	3	25956,28178,0,0,0,0,0	25	69459
174933	81	164	183	44	47	14	7	8	2018	534	713	507	248	0	20	1700	136	404	100,0,0,0,0,0	12802	358	60	53482	1763	0	87931,88022,85823,41623,41623,41623,41623	0	5	25956,28235,0,0,0,0,0	25	69706
175046	83	147	177	40	40	13	7	7	1937	534	715	510	107	0	11	1501	116	391	100,0,0,0,0,0	12284	342	41	53522	1764	0	88485,88588,86384,41745,41745,41745,41745	0	1	25956,28275,0,0,0,0,0	22	69939
175163	72	150	165	37	43	14	4	7	1834	536	721	510	206	1	9	1501	105	380	100,0,0,0,0,0	12210	309	44	53565	1765	0	89036,89154,86942,41867,41867,41867,41867	0	5	25956,28319,0,0,0,0,0	18	70154
175288	70	137	155	36	42	12	3	7	1736	537	723	502	92	0	11	1460	93	362	100,0,0,0,0,0	12357	367	42	53606	1767	0	89585,89717,87498,41986,41986,41986,41986	0	1	25956,28361,0,0,0,0,0	16	70425
175369	61	137	150	35	37	10	5	5	1675	537	725	511	307	3	9	1392	80	355	100,0,0,0,0,0	12032	360	35	53640	1769	0	90148,90290,88068,42126,42126,42126,42126	0	0	25956,28396,0,0,0,0,0	13	70682
175466	57	133	140	31	35	10	5	4	1600	537	728	521	264	0	10	1250	78	333	100,0,0,0,0,0	20758	351	30	53666	1773	0	90678,90830,88605,42253,42253,42253,42253	0	0	25956,28424,0,0,0,0,0	14	70922
175544	53	144	121	26	36	8	4	4	1535	538	733	518	223	0	8	1005	75	317	100,0,0,0,0,0	20504	283	38	53702	1775	0	90845,91008,88777,42176,42176,42176,42176	0	1	25956,28462,0,0,0,0,0	12	71098
175627	54	132	128	28	39	8	3	3	1450	539	735	530	83	0	7	1012	75	317	100,0,0,0,0,0	11796	331	38	53740	1776	0	91015,91189,88951,42096,42096,42096,42096	0	4	25956,28500,0,0,0,0,0	10	71320
175707	62	120	124	26	28	6	3	2	1389	539	740	556	252	0	8	831	65	304	100,0,0,0,0,0	11708	297	37	53775	1778	0	91169,91352,89107,41993,41993,41993,41993	0	0	25956,28536,0,0,0,0,0	8	71525
175763	54	116	125	30	33	6	3	2	1327	539	748	537	84	0	7	765	66	301	100,0,0,0,0,0	11689	320	35	53807	1781	0	91317,91509,89259,41911,41911,41911,41911	0	3	25956,28570,0,0,0,0,0	11	71732
175828	55	117	117	29	35	6	3	0	1266	539	751	517	224	1	7	727	66	296	100,0,0,0,0,0	11454	303	32	53836	1784	0	91494,91694,89439,41833,41833,41833,41833	0	1	25956,28600,0,0,0,0,0	12	71946
175887	52	120	115	27	26	5	2	1	1219	539	753	518	250	0	12	705	61	286	100,0,0,0,0,0	11467	327	34	53865	1789	0	91672,91880,89621,41761,41761,41761,41761	0	1	25956,28632,0,0,0,0,0	10	72168
175966	48	104	109	21	29	6	0	1	1168	541	753	508	85	0	4	564	56	261	100,0,0,0,0,0	20107	297	20	53885	1790	0	91834,92050,89787,41680,41680,41680,41680	0	1	25956,28653,0,0,0,0,0	6	72360
176022	40	101	104	22	26	7	0	1	1121	541	761	528	87	1	7	558	52	248	100,0,0,0,0,0	19702	184	19	53903	1791	0	92029,92253,89987,41625,41625,41625,41625	0	0	25956,28672,0,0,0,0,0	6	72483
176075	45	94	98	20	26	5	1	1	1078	541	762	536	159	1	11	524	61	228	100,0,0,0,0,0	11443	172	25	53927	1792	0	92229,92460,90192,41571,41571,41571,41571	0	0	25956,28696,0,0,0,0,0	5	72598
176141	41	93	92	21	27	5	1	1	1018	541	765	534	136	0	9	590	64	216	100,0,0,0,0,0	11428	187	23	53949	1793	0	92429,92667,90398,41512,41512,41512,41512	0	1	25956,28718,0,0,0,0,0	6	72712
176201	40	91	104	20	24	5	1	1	951	541	767	544	5106	4	3	634	58	227	100,0,0,0,0,0	11566	180	29	53973	1798	0	92635,92880,90608,41459,41459,41459,41459	0	0	25956,28745,0,0,0,0,0	6	72833
176248	33	89	93	19	26	5	1	1	919	541	771	565	2698	2	10	653	67	199	100,0,0,0,0,0	11487	169	21	53992	1801	0	92862,93112,90840,41423,41423,41423,41423	0	0	25956,28767,0,0,0,0,0	8	72932
176304	34	76	88	18	30	5	1	0	876	541	773	578	1455	1	8	669	66	186	100,0,0,0,0,0	11550	176	21	54009	1805	0	93075,93332,91059,41381,41381,41381,41381	0	2	25956,28787,0,0,0,0,0	7	73059
176365	31	70	77	20	20	5	1	0	841	541	775	594	864	3	2	715	54	170	100,0,0,0,0,0	20216	166	15	54023	1806	0	93282,93546,91272,41332,41332,41332,41332	0	3	25956,28802,0,0,0,0,0	5	73177
176418	25	68	63	17	21	5	1	0	810	541	777	599	484	1	3	698	50	150	100,0,0,0,0,0	20243	165	13	54035	1807	0	93537,93806,91533,41318,41318,41318,41318	0	0	25956,28815,0,0,0,0,0	5	73292
176462	23	64	66	16	17	5	1	0	770	541	781	575	2740	0	6	728	48	144	100,0,0,0,0,0	22206	171	16	54049	1809	0	93764,94038,91768,41293,41293,41293,41293	0	1	25956,28831,0,0,0,0,0	6	73392
176510	23	61	58	16	12	4	1	0	736	541	784	583	2766	1	4	733	36	139	100,0,0,0,0,0	22128	160	12	54060	1810	0	94002,94279,92012,41262,41262,41262,41262	0	0	25956,28843,0,0,0,0,0	5	73506
176546	19	56	53	18	14	4	1	0	706	541	788	562	2109	0	4	745	37	128	100,0,0,0,0,0	21959	170	10	54067	1813	0	94237,94518,92254,41240,41240,41240,41240	0	0	25956,28852,0,0,0,0,0	5	73612
176586	22	52	52	12	20	3	0	0	661	542	796	601	1411	0	4	671	42	119	100,0,0,0,0,0	22123	171	16	54079	1817	0	94459,94748,92484,41210,41210,41210,41210	0	1	25956,28868,0,0,0,0,0	3	73726
176620	20	43	51	14	14	2	0	0	638	542	802	618	1176	0	10	505	42	102	100,0,0,0,0,0	22082	165	9	54087	1818	0	94704,94997,92736,41192,41192,41192,41192	0	1	25956,28877,0,0,0,0,0	2	73838
176655	20	36	55	12	13	2	0	0	608	542	803	613	1892	2	1	618	39	99	100,0,0,0,0,0	20129	149	12	54097	1820	0	94948,95245,92988,41183,41183,41183,41183	0	0	25956,28889,0,0,0,0,0	2	73942
176696	17	41	53	11	11	2	0	0	566	542	807	617	2250	0	1	568	35	100	100,0,0,0,0,0	20207	160	10	54106	1821	0	94970,95271,93012,41023,41023,41023,41023	0	0	25956,28898,0,0,0,0,0	2	74044
176732	12	36	52	9	10	2	0	0	540	542	811	621	2242	0	3	419	34	87	100,0,0,0,0,0	22063	179	2	54108	1821	0	94989,95292,93032,40861,40861,40861,40861	0	0	25956,28900,0,0,0,0,0	2	74161
176765	11	23	43	13	9	3	0	0	524	542	813	623	1899	1	4	414	28	74	100,0,0,0,0,0	22121	153	3	54111	1821	0	95004,95310,93050,40695,40695,40695,40695	0	0	25956,28903,0,0,0,0,0	2	74261
176785	15	17	42	11	8	4	0	0	502	542	820	607	1384	1	4	385	25	72	100,0,0,0,0,0	21980	163	10	54120	1822	0	95019,95329,93067,40537,40537,40537,40537	0	1	25956,28913,0,0,0,0,0	3	74360
176816	11	24	36	11	9	3	0	0	473	542	821	639	1776	0	5	412	28	66	100,0,0,0,0,0	21915	169	9	54129	1822	0	95053,95366,93103,40382,40382,40382,40382	0	1	25956,28922,0,0,0,0,0	3	74469
176858	11	13	45	8	6	4	0	0	435	542	824	656	1927	0	2	402	22	65	100,0,0,0,0,0	22094	189	4	54133	1822	0	95076,95392,93128,40218,40218,40218,40218	0	1	25956,28926,0,0,0,0,0	3	74592
176878	11	16	34	7	5	3	0	0	419	542	831	663	2117	2	2	348	22	54	100,0,0,0,0,0	19904	161	7	54140	1822	0	95099,95419,93155,40072,40072,40072,40072	0	1	25956,28933,0,0,0,0,0	3	74684
176909	8	19	29	3	5	3	0	0	395	542	833	679	1902	1	0	407	18	49	100,0,0,0,0,0	20014	104	5	54144	1823	0	95096,95419,93153,39904,39904,39904,39904	0	1	25956,28938,0,0,0,0,0	4	74741
176934	5	17	25	3	6	3	0	0	373	542	838	654	1654	0	2	273	19	40	100,0,0,0,0,0	22157	104	1	54146	1823	0	95110,95436,93170,39744,39744,39744,39744	0	0	25956,28940,0,0,0,0,0	3	74800
176954	7	13	27	4	5	3	0	0	348	542	843	667	1663	0	3	276	22	37	100,0,0,0,0,0	21913	116	5	54149	1825	0	95109,95436,93170,39573,39573,39573,39573	0	0	25956,28944,0,0,0,0,0	3	74868
176973	5	11	25	6	4	1	0	0	334	542	845	650	1763	0	1	290	18	34	100,0,0,0,0,0	22065	124	2	54151	1825	0	95113,95441,93177,39412,39412,39412,39412	0	0	25956,28946,0,0,0,0,0	1	74946
177000	3	10	23	6	2	1	0	0	310	542	849	663	1923	0	1	256	15	30	100,0,0,0,0,0	21795	113	2	54152	1826	0	95118,95448,93183,39242,39242,39242,39242	0	0	25956,28947,0,0,0,0,0	1	75016
177018	5	9	19	4	2	1	0	0	294	542	852	652	1923	1	1	180	11	29	100,0,0,0,0,0	21834	111	3	54155	1826	0	95133,95465,93201,39083,39083,39083,39083	0	0	25956,28950,0,0,0,0,0	1	75091
177031	4	11	17	2	2	1	0	0	282	542	854	655	1784	0	1	148	8	29	100,0,0,0,0,0	19583	115	3	54158	1826	0	95131,95463,93200,38923,38923,38923,38923	0	0	25956,28953,0,0,0,0,0	1	75170
177044	4	13	11	2	2	1	0	0	273	542	854	659	1726	0	0	73	5	28	100,0,0,0,0,0	19771	87	3	54161	1826	0	95081,95415,93152,38732,38732,38732,38732	0	0	25956,28956,0,0,0,0,0	1	75212
177064	5	11	8	5	2	1	0	0	250	542	858	663	1724	0	1	72	7	25	100,0,0,0,0,0	21832	103	4	54165	1826	0	95029,95365,93101,38534,38534,38534,38534	0	0	25956,28960,0,0,0,0,0	1	75281
177076	4	12	8	2	3	1	0	0	236	542	862	673	1812	0	0	32	7	23	100,0,0,0,0,0	21625	98	4	54169	1826	0	94982,95319,93055,38342,38342,38342,38342	0	0	25956,28964,0,0,0,0,0	1	75346
177095	3	8	9	2	3	1	0	0	218	542	865	630	1894	0	0	28	6	20	100,0,0,0,0,0	21871	91	1	54170	1826	0	94937,95276,93012,38148,38148,38148,38148	0	0	25956,28965,0,0,0,0,0	1	75401
177100	2	8	8	1	3	1	0	0	212	542	869	642	1911	0	0	20	3	20	100,0,0,0,0,0	21790	85	1	54171	1826	0	94882,95221,92958,37955,37955,37955,37955	0	0	25956,28966,0,0,0,0,0	1	75448
177108	0	7	9	1	3	1	0	0	201	542	874	606	1770	0	0	14	3	18	100,0,0,0,0,0	21610	79	0	54171	1826	0	94837,95177,92914,37761,37761,37761,37761	0	0	25956,28966,0,0,0,0,0	1	75497
177118	0	5	6	1	3	1	0	0	190	542	880	567	1745	0	2	19	3	13	100,0,0,0,0,0	19397	86	0	54171	1826	0	94794,95135,92872,37572,37572,37572,37572	0	0	25956,28966,0,0,0,0,0	1	75549
177130	0	4	5	2	3	0	0	0	177	542	883	563	1774	0	1	20	4	10	100,0,0,0,0,0	19584	78	0	54171	1826	0	94733,95075,92812,37378,37378,37378,37378	0	0	25956,28966,0,0,0,0,0	0	75590
177139	1	3	5	1	2	0	0	0	162	542	891	555	1809	0	0	19	2	10	100,0,0,0,0,0	21433	81	1	54172	1826	0	94680,95024,92761,37191,37191,37191,37191	0	0	25956,28967,0,0,0,0,0	0	75633
177153	1	1	6	2	1	1	0	0	145	542	894	529	1846	0	1	16	3	9	100,0,0,0,0,0	21642	70	0	54172	1826	0	94623,94968,92705,36991,36991,36991,36991	0	0	25956,28967,0,0,0,0,0	0	75673
177167	0	3	5	2	1	1	0	0	126	542	899	573	1845	0	0	17	4	8	100,0,0,0,0,0	21795	85	1	54173	1826	0	94563,94910,92647,36796,36796,36796,36796	0	0	25956,28968,0,0,0,0,0	1	75723
177173	0	1	4	2	1	1	0	0	117	542	905	567	1755	0	0	14	4	5	100,0,0,0,0,0	21566	77	0	54173	1826	0	94504,94851,92589,36599,36599,36599,36599	0	0	25956,28968,0,0,0,0,0	1	75778
177176	1	1	3	1	1	1	0	0	112	542	908	580	1764	0	0	14	4	4	100,0,0,0,0,0	21845	83	1	54174	1826	0	94443,94791,92529,36403,36403,36403,36403	0	0	25956,28969,0,0,0,0,0	1	75823
177187	1	1	2	1	1	1	0	0	99	542	911	554	1812	0	0	14	4	3	100,0,0,0,0,0	19355	69	0	54174	1826	0	94382,94731,92470,36209,36209,36209,36209	0	0	25956,28969,0,0,0,0,0	1	75862
177197	2	1	0	1	1	1	0	0	88	542	913	558	1854	0	0	14	3	3	100,0,0,0,0,0	19446	80	1	54175	1826	0	94318,94666,92406,36019,36019,36019,36019	0	1	25956,28970,0,0,0,0,0	1	75910
177206	2	1	0	0	0	1	0	0	76	542	918	580	1835	0	0	13	2	2	100,0,0,0,0,0	21593	68	0	54175	1826	0	94257,94606,92346,35832,35832,35832,35832	0	0	25956,28970,0,0,0,0,0	1	75951
177206	1	1	0	0	1	1	0	0	71	542	923	597	1725	1	0	6	1	3	100,0,0,0,0,0	21474	69	0	54175	1826	0	94186,94535,92276,35640,35640,35640,35640	0	0	25956,28970,0,0,0,0,0	1	75985
177213	0	2	0	0	1	1	0	0	62	542	925	606	1789	0	0	6	2	2	100,0,0,0,0,0	21549	70	0	54175	1826	0	94121,94469,92212,35453,35453,35453,35453	0	0	25956,28970,0,0,0,0,0	1	76030
177212	0	2	0	0	1	1	0	0	57	542	931	613	1832	0	1	7	3	1	100,0,0,0,0,0	21604	76	0	54175	1826	0	94063,94412,92156,35271,35271,35271,35271	0	0	25956,28970,0,0,0,0,0	1	76072
177212	0	3	0	0	1	1	0	0	49	542	938	596	1801	1	0	2	2	3	100,0,0,0,0,0	21670	94	1	54176	1826	0	94007,94354,92100,35089,35089,35089,35089	0	1	25956,28971,0,0,0,0,0	1	76123
177216	0	3	0	1	1	1	0	0	41	542	941	551	1805	0	0	6	4	2	100,0,0,0,0,0	19419	80	1	54177	1826	0	93940,94287,92034,34908,34908,34908,34908	0	0	25956,28972,0,0,0,0,0	1	76168
177218	0	4	0	1	1	1	0	0	35	542	944	567	1796	0	0	6	5	2	100,0,0,0,0,0	19525	81	1	54178	1826	0	93860,94207,91956,34727,34727,34727,34727	0	0	25956,28973,0,0,0,0,0	1	76215
177216	0	0	3	1	1	1	0	0	36	542	946	576	1745	0	0	6	4	2	100,0,0,0,0,0	21529	83	0	54178	1826	0	93776,94123,91873,34541,34541,34541,34541	0	0	25956,28973,0,0,0,0,0	1	76267
177215	0	0	1	1	1	1	0	0	36	542	949	565	1827	0	0	7	3	1	100,0,0,0,0,0	21567	70	0	54178	1826	0	93692,94037,91789,34355,34355,34355,34355	0	0	25956,28973,0,0,0,0,0	1	76308
177217	0	0	1	0	0	1	0	0	35	542	950	563	1828	0	0	7	1	1	100,0,0,0,0,0	21386	71	0	54178	1826	0	93615,93960,91713,34174,34174,34174,34174	0	0	25956,28973,0,0,0,0,0	1	76350
177217	0	0	1	0	0	1	0	0	31	542	954	590	1794	0	0	7	1	1	100,0,0,0,0,0	21530	81	0	54178	1826	0	93534,93879,91632,33988,33988,33988,33988	0	0	25956,28973,0,0,0,0,0	1	76398
177216	0	0	1	0	0	1	0	0	28	542	958	574	1837	0	0	7	1	1	100,0,0,0,0,0	21679	81	0	54178	1826	0	93458,93803,91557,33804,33804,33804,33804	0	0	25956,28973,0,0,0,0,0	1	76442
177212	0	0	1	0	0	1	0	0	27	542	963	566	1750	0	0	5	1	1	100,0,0,0,0,0	19502	77	0	54178	1826	0	93386,93730,91486,33629,33629,33629,33629	0	0	25956,28973,0,0,0,0,0	1	76487
177210	0	0	1	0	0	1	0	0	24	542	968	575	1799	0	0	4	1	1	100,0,0,0,0,0	19324	49	0	54178	1826	0	93301,93645,91402,33460,33460,33460,33460	0	0	25956,28973,0,0,0,0,0	1	76515
177207	0	0	1	0	0	1	0	0	23	542	972	555	1795	0	0	4	1	1	100,0,0,0,0,0	21628	75	0	54178	1826	0	93224,93567,91325,33288,33288,33288,33288	0	0	25956,28973,0,0,0,0,0	1	76558
177208	0	0	1	0	0	0	0	0	20	542	975	612	1753	0	0	0	0	1	100,0,0,0,0,0	21502	212	0	54178	1826	147	93139,93482,91240,33112,33112,33112,33112	0	0	25956,28973,0,0,0,0,0	0	76595
177202	0	0	1	0	0	0	0	0	20	542	981	628	1870	0	0	0	0	1	100,0,0,0,0,0	21442	178	0	54178	1826	281	93092,93435,91195,33021,33021,33021,33021	0	0	25956,28973,0,0,0,0,0	0	76612
177201	0	0	0	0	0	0	0	0	21	542	982	612	1835	0	0	0	0	0	0,0,0,0,0,0	21562	206	0	54178	1826	434	93037,93379,91141,32911,32911,32911,32911	0	0	25956,28973,0,0,0,0,0	0	76640
177200	0	0	0	0	0	0	0	0	19	542	985	583	1756	0	0	0	0	0	0,0,0,0,0,0	21696	209	0	54178	1826	571	92984,93326,91089,32810,32810,32810,32810	0	0	25956,28973,0,0,0,0,0	0	76683
177198	0	0	0	0	0	0	0	0	18	542	988	571	1806	0	0	0	0	0	0,0,0,0,0,0	19597	191	0	54178	1826	709	92931,93272,91036,32707,32707,32707,32707	0	0	25956,28973,0,0,0,0,0	0	76710
177193	0	0	0	0	0	0	0	0	15	542	996	571	1783	0	0	0	0	0	0,0,0,0,0,0	19598	192	0	54178	1826	843	92871,93212,90978,32613,32613,32613,32613	0	0	25956,28973,0,0,0,0,0	0	76744
177193	0	0	0	0	0	0	0	0	13	542	998	580	1780	0	0	0	0	0	0,0,0,0,0,0	21423	206	0	54178	1826	976	92815,93155,90922,32516,32516,32516,32516	0	0	25956,28973,0,0,0,0,0	0	76790
177193	0	0	0	0	0	0	0	0	10	542	1001	580	1842	0	0	0	0	0	0,0,0,0,0,0	21514	271	0	54178	1826	1169	92749,93089,90857,32410,32410,32410,32410	0	0	25956,28973,0,0,0,0,0	0	76836
177191	0	0	0	0	0	0	0	0	9	542	1004	587	1752	0	0	0	0	0	0,0,0,0,0,0	21789	267	0	54178	1826	1360	92693,93033,90803,32329,32329,32329,32329	0	0	25956,28973,0,0,0,0,0	0	76878
177187	0	0	0	0	0	0	0	0	8	542	1009	547	1826	0	0	0	0	0	0,0,0,0,0,0	21551	297	0	54178	1826	1574	92649,92989,90760,32258,32258,32258,32258	0	0	25956,28973,0,0,0,0,0	0	76924
177189	0	0	0	0	0	0	0	0	6	542	1009	541	1762	0	0	0	0	0	0,0,0,0,0,0	21567	284	0	54178	1826	1794	92606,92946,90718,32191,32191,32191,32191	0	0	25956,28973,0,0,0,0,0	0	76962
177189	0	0	0	0	0	0	0	0	6	542	1009	550	1806	0	0	0	0	0	0,0,0,0,0,0	19287	279	0	54178	1826	1997	92564,92903,90677,32135,32135,32135,32135	0	0	25956,28973,0,0,0,0,0	0	77007
177189	0	0	0	0	0	0	0	0	5	542	1010	572	1822	0	0	0	0	0	0,0,0,0,0,0	19430	293	0	54178	1826	2215	92522,92861,90636,32082,32082,32082,32082	0	0	25956,28973,0,0,0,0,0	0	77046
177187	0	0	0	0	0	0	0	0	4	542	1013	576	1789	0	0	0	0	0	0,0,0,0,0,0	21567	277	0	54178	1826	2432	92487,92825,90602,32041,32041,32041,32041	0	0	25956,28973,0,0,0,0,0	0	77077
177186	0	0	0	0	0	0	0	0	3	542	1015	619	1814	0	0	0	0	0	0,0,0,0,0,0	21684	218	0	54178	1826	2585	92443,92781,90559,31988,31988,31988,31988	0	0	25956,28973,0,0,0,0,0	0	77108
177182	0	0	0	0	0	0	0	0	2	542	1020	610	1820	0	0	0	0	0	0,0,0,0,0,0	21373	218	0	54178	1826	2745	92390,92728,90507,31909,31909,31909,31909	0	0	25956,28973,0,0,0,0,0	0	77150
177180	0	0	0	0	0	0	0	0	2	542	1022	600	1742	0	0	0	0	0	0,0,0,0,0,0	21499	252	0	54178	1826	2933	92336,92673,90453,31828,31828,31828,31828	0	0	25956,28973,0,0,0,0,0	0	77180
177177	0	0	0	0	0	0	0	0	2	542	1025	623	1820	0	0	0	0	0	0,0,0,0,0,0	21589	192	0	54178	1826	3069	92292,92628,90411,31766,31766,31766,31766	0	0	25956,28973,0,0,0,0,0	0	77212
177172	0	0	0	0	0	0	0	0	2	542	1030	601	1797	0	0	0	0	0	0,0,0,0,0,0	19524	267	0	54178	1826	3263	92243,92579,90363,31691,31691,31691,31691	0	0	25956,28973,0,0,0,0,0	0	77248
177169	0	0	0	0	0	0	0	0	2	542	1033	588	1852	0	0	0	0	0	0,0,0,0,0,0	19455	262	0	54178	1826	3439	92204,92538,90324,31652,31652,31652,31652	0	0	25956,28973,0,0,0,0,0	0	77295
177163	0	0	0	0	0	0	0	0	1	542	1040	595	1790	0	0	0	0	0	0,0,0,0,0,0	21729	245	0	54178	1826	3595	92155,92489,90277,31598,31598,31598,31598	0	0	25956,28973,0,0,0,0,0	0	77349
177160	0	0	0	0	0	0	0	0	1	542	1043	608	1794	0	0	0	0	0	0,0,0,0,0,0	21738	391	0	54178	1826	3899	92093,92426,90216,31529,31529,31529,31529	0	0	25956,28973,0,0,0,0,0	0	77394
177156	0	0	0	0	0	0	0	0	1	542	1047	616	1825	0	0	0	0	0	0,0,0,0,0,0	21664	348	0	54178	1826	4169	92075,92407,90198,31540,31540,31540,31540	0	0	25956,28973,0,0,0,0,0	0	77429
177153	0	0	0	0	0	0	0	0	1	542	1050	586	1813	0	0	0	0	0	0,0,0,0,0,0	21565	344	0	54178	1826	4435	92046,92377,90170,31528,31528,31528,31528	0	0	25956,28973,0,0,0,0,0	0	77471
177151	0	0	0	0	0	0	0	0	0	542	1053	589	1804	0	0	0	0	0	0,0,0,0,0,0	21498	355	0	54178	1826	4705	92016,92346,90142,31514,31514,31514,31514	0	0	25956,28973,0,0,0,0,0	0	77514
177115	19	15	0	0	0	0	0	0	0	542	1055	613	1832	0	0	0	0	34	0,100,0,0,0,0	19434	336	0	54209	1829	4952	92016,92346,90143,31542,31542,31542,31542	0	0	25956,28973,34,0,0,0,0	0	77558
177074	38	31	4	1	0	0	0	0	0	542	1056	641	1814	0	0	0	0	74	0,100,0,0,0,0	19472	439	2	54246	1832	5210	92010,92340,90138,31575,31575,31575,31575	0	0	25956,28973,74,0,0,0,0	0	77656
177039	40	50	9	2	1	0	0	0	0	542	1063	632	1839	0	0	0	0	102	0,100,0,0,0,0	21772	482	3	54273	1833	5500	92012,92341,90141,31620,31620,31620,31620	0	0	25956,28973,102,0,0,0,0	0	77749
176994	50	77	13	2	1	0	0	0	3	542	1064	663	1775	3	1	1	1	142	0,100,0,0,0,0	10090	484	12	54315	1835	5799	92025,92354,90156,31681,31681,31681,31681	0	0	25956,28973,146,0,0,0,0	1	77847
176936	64	97	27	4	0	0	0	0	7	542	1069	679	1789	1	2	14	7	185	0,100,0,0,0,0	10237	486	20	54361	1842	6093	92036,92364,90168,31753,31753,31753,31753	0	1	25956,28973,199,0,0,0,0	2	77923
176881	77	104	44	7	4	0	0	0	14	542	1073	677	1875	0	1	19	10	226	0,100,0,0,0,0	10104	504	24	54410	1845	6401	92048,92374,90181,31818,31818,31818,31818	0	1	25956,28973,251,0,0,0,0	2	78007
176838	67	122	53	10	9	0	0	0	26	542	1079	687	1854	3	4	55	13	248	0,100,0,0,0,0	10082	497	36	54441	1851	6713	92059,92385,90193,31878,31878,31878,31878	0	3	25956,28973,288,0,0,0,0	2	78096
176819	53	130	58	13	10	0	0	0	41	542	1080	684	1895	2	6	71	22	242	0,100,0,0,0,0	19564	464	22	54462	1852	6998	92067,92392,90202,31936,31936,31936,31936	0	1	25956,28973,310,0,0,0,0	1	78193
176782	49	127	69	19	18	0	1	0	55	542	1084	697	1882	1	5	137	29	254	0,100,0,0,0,0	19345	381	34	54494	1854	7270	92099,92424,90236,32017,32017,32017,32017	0	2	25956,28973,344,0,0,0,0	1	78239
176739	57	109	88	23	24	0	1	0	74	542	1089	682	2002	5	11	280	45	257	0,100,0,0,0,0	10407	391	39	54531	1856	7578	92135,92459,90273,32095,32095,32095,32095	0	3	25956,28973,383,0,0,0,0	1	78277
176707	53	110	84	31	22	0	1	0	105	542	1091	678	1834	1	8	376	56	245	0,100,0,0,0,0	10518	371	32	54562	1857	7853	92173,92497,90313,32178,32178,32178,32178	0	0	25956,28973,415,0,0,0,0	1	78321
176665	63	107	94	26	14	1	1	0	139	542	1094	697	1922	2	5	391	50	256	0,100,0,0,0,0	10555	342	44	54602	1861	8112	92207,92531,90349,32256,32256,32256,32256	0	2	25956,28973,459,0,0,0,0	1	78354
176637	60	108	93	28	14	1	1	0	158	542	1104	716	1874	1	4	400	48	257	0,100,0,0,0,0	10652	344	29	54627	1865	8360	92233,92556,90377,32314,32314,32314,32314	0	0	25956,28973,488,0,0,0,0	3	78405
176592	63	114	103	26	16	2	0	0	178	543	1109	730	1858	2	9	475	59	265	0,100,0,0,0,0	10591	384	46	54668	1870	8655	92261,92585,90407,32370,32370,32370,32370	0	1	25956,28973,534,0,0,0,0	2	78442
176563	60	110	101	31	12	3	0	0	213	543	1110	725	1843	3	5	487	59	258	0,100,0,0,0,0	19900	377	37	54700	1875	8956	92300,92622,90448,32451,32451,32451,32451	0	3	25956,28973,570,0,0,0,0	2	78478
176532	55	123	104	28	10	3	1	0	229	543	1118	720	1902	3	5	543	62	262	0,100,0,0,0,0	20110	307	35	54733	1877	9217	92320,92643,90471,32540,32540,32540,32540	0	2	25956,28973,605,0,0,0,0	3	78477
176477	79	126	111	26	12	3	1	0	247	543	1121	737	1850	2	5	626	63	295	0,100,0,0,0,0	10809	334	62	54789	1883	9510	92339,92660,90491,32621,32621,32621,32621	0	3	25956,28973,666,0,0,0,0	5	78467
176428	81	135	117	24	10	3	1	0	274	543	1130	759	1783	4	5	624	56	315	0,100,0,0,0,0	10779	317	50	54835	1888	9771	92362,92682,90517,32711,32711,32711,32711	0	5	25956,28973,717,0,0,0,0	5	78481
176389	85	145	113	28	13	3	1	0	289	543	1137	748	1823	3	8	630	67	321	0,100,0,0,0,0	10831	328	57	54883	1897	10050	92382,92701,90539,32778,32778,32778,32778	0	3	25956,28973,773,0,0,0,0	7	78493
176346	84	156	118	31	16	3	1	0	306	543	1142	775	2008	1	7	576	66	343	0,100,0,0,0,0	11035	332	53	54931	1903	10328	92403,92723,90564,32857,32857,32857,32857	0	0	25956,28973,827,0,0,0,0	7	78503
176289	96	147	137	30	23	3	1	0	330	543	1147	755	2014	2	10	771	78	359	0,100,0,0,0,0	11129	314	62	54984	1913	10596	92436,92755,90598,32949,32949,32949,32949	0	4	25956,28973,889,0,0,0,0	12	78511
176256	89	150	131	32	22	2	1	0	367	543	1153	780	1937	3	9	959	79	348	0,100,0,0,0,0	20338	333	39	55020	1916	10871	92450,92768,90614,33020,33020,33020,33020	0	1	25956,28973,928,0,0,0,0	8	78521
176218	81	161	138	39	18	2	1	0	387	543	1158	779	1804	2	9	1047	81	359	0,100,0,0,0,0	20589	321	55	55069	1922	11143	92472,92789,90639,33123,33123,33123,33123	0	1	25956,28973,982,0,0,0,0	9	78527
176162	93	171	143	34	20	1	1	0	418	543	1160	774	1922	2	12	1077	77	386	0,100,0,0,0,0	11301	316	69	55132	1929	11412	92494,92810,90663,33226,33226,33226,33226	0	2	25956,28973,1052,0,0,0,0	9	78522
176108	106	192	131	34	15	1	0	0	448	544	1167	778	1901	2	11	1101	76	403	0,100,0,0,0,0	11418	327	71	55194	1938	11688	92519,92833,90692,33325,33325,33325,33325	0	4	25956,28973,1122,0,0,0,0	7	78521
176066	105	202	136	34	18	2	1	0	468	544	1170	762	2081	2	9	1060	73	425	0,100,0,0,0,0	11287	332	64	55250	1946	11971	92542,92856,90719,33421,33421,33421,33421	0	4	25956,28973,1186,0,0,0,0	4	78529
176008	113	207	154	39	20	4	1	0	484	544	1172	769	1846	4	11	1185	84	454	0,100,0,0,0,0	11444	319	79	55320	1955	12244	92573,92886,90753,33521,33521,33521,33521	0	1	25956,28973,1265,0,0,0,0	6	78525
175952	122	227	154	44	22	5	1	0	497	544	1178	720	1987	2	9	1202	90	485	0,100,0,0,0,0	11527	300	87	55397	1965	12496	92610,92922,90794,33628,33628,33628,33628	0	1	25956,28973,1352,0,0,0,0	8	78520
175909	113	233	172	45	28	4	1	0	513	544	1184	718	1971	7	11	1120	89	507	0,100,0,0,0,0	20447	317	74	55464	1972	12764	92638,92949,90827,33715,33715,33715,33715	0	6	25956,28973,1425,0,0,0,0	7	78517
175846	123	240	180	38	31	4	1	0	548	544	1191	698	1992	2	15	973	112	505	0,100,0,0,0,0	20540	295	83	55537	1984	13020	92704,93013,90896,33857,33857,33857,33857	0	9	25956,28973,1510,0,0,0,0	6	78503
175770	126	263	203	35	31	4	1	0	574	544	1195	688	1817	3	7	1032	111	552	0,100,0,0,0,0	11403	309	103	55635	1991	13288	92781,93088,90978,34003,34003,34003,34003	0	0	25956,28973,1615,0,0,0,0	7	78495
175690	146	273	208	37	34	4	0	0	611	545	1198	702	1825	3	8	1010	101	601	0,100,0,0,0,0	11321	275	114	55733	2007	13511	92863,93169,91066,34156,34156,34156,34156	0	4	25956,28973,1728,0,0,0,0	5	78489
175586	170	302	233	34	38	7	1	0	629	545	1201	732	1850	7	14	1009	108	677	0,100,0,0,0,0	11351	290	141	55855	2026	13758	92953,93258,91161,34314,34314,34314,34314	0	7	25956,28973,1869,0,0,0,0	6	78468
175489	184	309	241	40	45	7	1	0	677	545	1208	714	2063	8	14	1060	117	710	0,100,0,0,0,0	11249	283	121	55960	2042	14004	93034,93336,91247,34470,34470,34470,34470	0	6	25956,28973,1990,0,0,0,0	10	78448
175394	184	325	279	46	42	7	1	0	709	545	1214	700	1984	5	20	1160	135	749	0,100,0,0,0,0	11268	260	126	56078	2050	14217	93127,93429,91346,34628,34628,34628,34628	0	5	25956,28973,2116,0,0,0,0	13	78436
175295	195	350	283	51	51	8	1	0	751	545	1216	716	1755	10	13	1122	145	794	0,100,0,0,0,0	20475	300	140	56202	2068	14461	93210,93510,91434,34779,34779,34779,34779	0	13	25956,28973,2257,0,0,0,0	13	78398
175228	186	368	262	61	57	7	1	0	811	545	1220	699	1905	11	25	1248	166	776	0,100,0,0,0,0	20550	263	112	56302	2080	14677	93265,93564,91495,34914,34914,34914,34914	0	7	25956,28973,2368,0,0,0,0	16	78373
175118	185	420	271	56	52	6	1	0	864	545	1228	689	1987	9	15	1453	172	819	0,100,0,0,0,0	11589	267	149	56432	2099	14904	93336,93634,91570,35059,35059,35059,35059	0	11	25956,28973,2514,0,0,0,0	19	78344
174980	209	472	298	60	50	7	1	0	890	545	1234	735	2009	11	14	1499	179	918	0,100,0,0,0,0	11662	282	191	56597	2127	15150	93440,93737,91681,35241,35241,35241,35241	0	10	25956,28973,2707,0,0,0,0	22	78299
174838	233	498	331	63	50	8	1	1	934	545	1244	739	1958	11	17	1290	188	996	0,100,0,0,0,0	11694	267	185	56755	2154	15366	93542,93838,91789,35433,35433,35433,35433	0	7	25956,28973,2892,0,0,0,0	24	78265
174689	265	525	345	74	53	7	2	1	991	545	1249	752	1944	7	16	1496	190	1081	0,100,0,0,0,0	11657	274	197	56930	2181	15608	93647,93942,91900,35619,35619,35619,35619	0	10	25956,28973,3094,0,0,0,0	15	78206
174512	317	527	400	80	56	7	2	1	1044	545	1255	744	1992	17	22	1614	198	1191	0,100,0,0,0,0	11794	267	227	57132	2208	15843	93786,94079,92045,35843,35843,35843,35843	1	9	25956,28973,3322,0,0,0,0	18	78147
174390	304	572	410	76	54	7	3	1	1122	545	1262	747	1867	8	24	1685	221	1205	0,100,0,0,0,0	21026	301	182	57302	2222	16105	93885,94178,92151,36022,36022,36022,36022	1	4	25956,28973,3506,0,0,0,0	16	78086
174236	310	589	457	81	61	8	4	1	1183	546	1270	719	2065	11	20	1769	235	1275	0,100,0,0,0,0	21239	266	214	57493	2246	16340	94004,94295,92276,36256,36256,36256,36256	1	13	25956,28973,3719,0,0,0,0	23	78020
174029	343	656	473	79	72	8	4	1	1262	546	1273	726	1858	16	24	1877	260	1375	0,100,0,0,0,0	11939	268	266	57727	2283	16570	94147,94437,92426,36521,36521,36521,36521	1	15	25956,28973,3988,0,0,0,0	25	77937
173824	386	697	504	80	80	11	4	1	1332	547	1280	708	1762	14	28	1945	265	1497	0,100,0,0,0,0	12199	302	281	57970	2322	16819	94296,94585,92583,36780,36780,36780,36780	1	16	25956,28973,4270,0,0,0,0	27	77869
173576	437	771	542	86	86	10	4	1	1400	548	1285	684	2030	12	40	2119	306	1630	0,100,0,0,0,0	12343	319	317	58254	2356	17103	94493,94782,92788,37096,37096,37096,37096	1	10	25956,28973,4585,0,0,0,0	30	77783
173328	478	827	586	99	102	12	4	0	1473	548	1289	678	2037	13	22	2267	324	1784	0,100,0,0,0,0	12561	314	328	58543	2395	17384	94701,94989,93005,37427,37427,37427,37427	1	11	25956,28973,4911,0,0,0,0	32	77695
173079	492	931	623	115	96	12	4	0	1550	548	1296	684	2008	14	34	2587	356	1917	0,100,0,0,0,0	12658	274	343	58841	2440	17632	94908,95197,93223,37759,37759,37759,37759	1	17	25956,28973,5252,0,0,0,0	28	77593
172862	496	949	700	118	119	12	5	0	1638	548	1299	697	1984	23	31	2574	366	2033	0,100,0,0,0,0	21917	300	312	59127	2468	17894	95087,95375,93411,38057,38057,38057,38057	1	17	25956,28973,5565,0,0,0,0	34	77470
172628	492	1019	720	126	117	12	4	0	1776	549	1303	726	2030	12	36	2850	391	2099	0,100,0,0,0,0	22217	322	328	59408	2516	18173	95270,95558,93605,38374,38374,38374,38374	1	16	25956,28973,5890,0,0,0,0	39	77357
172323	510	1073	766	152	139	14	4	0	1908	549	1308	721	2022	17	43	3413	424	2234	0,100,0,0,0,0	13570	305	400	59761	2567	18433	95523,95811,93868,38764,38764,38764,38764	1	15	25956,28973,6293,0,0,0,0	37	77240
171960	600	1129	818	168	144	13	3	0	2051	550	1310	686	1998	23	64	3607	463	2412	0,100,0,0,0,0	13761	344	471	60182	2621	18724	95815,96103,94173,39200,39200,39200,39200	1	16	25956,28973,6768,0,0,0,0	35	77084
171567	662	1238	869	171	142	10	3	0	2223	550	1311	713	1991	16	57	4206	544	2551	0,100,0,0,0,0	14190	303	503	60623	2684	18984	96131,96419,94500,39674,39674,39674,39674	1	14	25956,28973,7269,0,0,0,0	35	76915
171217	685	1309	939	185	152	13	2	0	2381	551	1312	700	1935	21	56	4450	568	2717	0,100,0,0,0,0	14689	321	482	61036	2756	19262	96426,96714,94809,40109,40109,40109,40109	2	27	25956,28973,7753,0,0,0,0	34	76776
170822	726	1403	996	196	168	12	4	0	2549	551	1319	688	2102	29	65	4739	606	2899	0,100,0,0,0,0	14741	332	533	61496	2830	19537	96771,97059,95168,40604,40604,40604,40604	2	18	25956,28973,8282,0,0,0,0	36	76628
170519	729	1442	1119	189	165	12	7	0	2688	551	1325	658	1935	21	55	4840	631	3032	0,100,0,0,0,0	23946	304	469	61910	2886	19803	97048,97336,95460,41025,41025,41025,41025	2	29	25956,28973,8750,0,0,0,0	36	76437
170202	725	1495	1150	208	166	11	8	0	2901	551	1329	658	2115	30	55	4930	648	3115	0,100,0,0,0,0	24076	330	469	62321	2944	20088	97328,97616,95755,41448,41448,41448,41448	2	24	25956,28973,9217,0,0,0,0	42	76265
169835	758	1577	1210	212	182	10	9	0	3070	552	1331	636	1938	33	63	5379	666	3292	0,100,0,0,0,0	25386	340	545	62806	3006	20387	97657,97946,96101,41936,41936,41936,41936	2	30	25956,28973,9760,0,0,0,0	46	76032
169461	826	1542	1307	241	204	12	13	1	3253	552	1334	654	1962	27	70	5641	720	3425	0,100,0,0,0,0	25905	290	550	63281	3084	20630	97989,98277,96450,42427,42427,42427,42427	2	20	25956,28973,10306,0,0,0,0	44	75820
169110	837	1568	1365	244	224	12	11	3	3479	555	1338	629	1984	31	85	5755	775	3486	0,100,0,0,0,0	25844	319	521	63746	3148	20905	98304,98592,96781,42882,42882,42882,42882	2	35	25956,28973,10834,0,0,0,0	44	75627
168727	863	1656	1404	237	226	18	10	3	3704	556	1342	625	1990	32	89	6464	843	3571	0,100,0,0,0,0	26457	312	584	64257	3224	21183	98639,98927,97135,43381,43381,43381,43381	3	31	25956,28973,11419,0,0,0,0	44	75370
168412	860	1669	1406	239	240	17	12	3	3984	556	1348	628	2015	29	69	6631	830	3613	0,100,0,0,0,0	26994	291	515	64709	3293	21438	98945,99234,97460,43819,43819,43819,43819	3	23	25956,28973,11936,0,0,0,0	44	75158
168149	803	1737	1434	264	251	20	12	3	4167	556	1350	631	2008	35	77	6514	837	3684	0,100,0,0,0,0	25563	279	506	65154	3359	21678	99229,99516,97764,44220,44220,44220,44220	3	39	25956,28973,12441,0,0,0,0	52	74949
167823	832	1727	1501	273	247	21	11	4	4398	557	1352	633	1922	33	88	6748	870	3742	0,100,0,0,0,0	25628	311	558	65645	3428	21953	99545,99831,98100,44673,44673,44673,44673	3	35	25956,28973,12997,0,0,0,0	54	74702
167504	880	1776	1508	277	263	24	11	5	4585	557	1356	619	1996	40	99	6864	924	3815	0,100,0,0,0,0	26485	331	572	66134	3517	22237	99865,100151,98444,45123,45123,45123,45123	3	31	25956,28973,13572,0,0,0,0	58	74483
167102	963	1787	1547	281	283	29	12	5	4820	558	1359	599	1854	22	92	7731	944	3958	0,100,0,0,0,0	17966	512	672	66724	3603	22684	100275,100558,98876,45681,45681,45681,45681	3	29	25956,28973,14242,0,0,0,0	68	74236
166757	1001	1852	1555	284	310	34	12	5	5016	559	1361	616	1963	42	104	7582	976	4072	0,100,0,0,0,0	18242	498	657	67287	3701	23129	100713,100997,99342,46278,46278,46278,46278	3	25	25956,28973,14891,0,0,0,0	66	73997
166366	1035	1887	1632	301	305	39	8	6	5238	563	1366	617	2035	41	97	7793	977	4230	0,100,0,0,0,0	17926	525	678	67881	3790	23612	101168,101453,99822,46901,46901,46901,46901	3	37	25956,28973,15565,0,0,0,0	73	73740
165933	1044	2043	1623	307	290	43	11	6	5513	563	1370	611	1949	44	107	7986	987	4374	0,100,0,0,0,0	18287	501	716	68501	3891	24066	101664,101949,100344,47576,47576,47576,47576	4	27	25956,28973,16279,0,0,0,0	81	73494
165594	1062	2064	1667	326	296	45	14	4	5738	563	1373	626	1955	42	88	7302	974	4500	0,100,0,0,0,0	26234	537	660	69081	3976	24553	102112,102396,100817,48175,48175,48175,48175	4	23	25956,28973,16934,0,0,0,0	92	73234
165283	1084	2085	1725	349	312	48	12	2	5901	566	1379	652	1968	34	93	7256	1015	4600	0,100,0,0,0,0	26009	558	657	69673	4049	25037	102560,102845,101296,48775,48775,48775,48775	4	32	25956,28973,17595,0,0,0,0	105	72980
164847	1119	2203	1777	343	316	52	13	2	6126	566	1382	629	2037	35	111	7493	1011	4812	0,100,0,0,0,0	17636	498	802	70347	4181	25480	103087,103371,101855,49487,49487,49487,49487	4	31	25956,28973,18395,0,0,0,0	98	72674
164369	1180	2354	1808	353	321	48	17	2	6341	568	1385	638	2022	44	148	8192	1104	4977	0,100,0,0,0,0	18221	659	843	71075	4302	26091	103651,103936,102451,50221,50221,50221,50221	4	41	25956,28973,19236,0,0,0,0	97	72345
163900	1231	2356	1935	370	360	55	16	3	6563	570	1387	646	1957	38	114	8459	1154	5169	0,100,0,0,0,0	19021	663	847	71805	4423	26683	104268,104553,103100,51032,51032,51032,51032	4	32	25956,28973,20079,0,0,0,0	105	72046
163470	1266	2470	1980	376	375	55	19	3	6773	570	1389	631	1967	32	133	8285	1200	5341	0,100,0,0,0,0	18983	709	848	72526	4553	27319	104868,105152,103735,51810,51810,51810,51810	4	25	25956,28973,20921,0,0,0,0	104	71751
162930	1347	2589	2027	381	402	52	17	4	7035	571	1391	635	1889	40	133	8893	1247	5568	0,100,0,0,0,0	19001	741	935	73325	4694	27991	105532,105815,104432,52701,52701,52701,52701	4	46	25956,28973,21853,0,0,0,0	108	71382
162561	1307	2639	2088	422	399	54	19	3	7290	571	1393	620	2004	41	127	9130	1296	5632	0,100,0,0,0,0	27970	690	790	74000	4810	28628	106097,106380,105032,53458,53458,53458,53458	4	38	25956,28973,22637,0,0,0,0	114	71071
162148	1274	2735	2174	422	400	55	21	2	7545	572	1398	610	2038	58	127	9440	1334	5747	0,100,0,0,0,0	28208	644	845	74740	4921	29213	106704,106987,105675,54252,54252,54252,54252	5	55	25956,28973,23480,0,0,0,0	113	70726
161655	1319	2793	2254	432	440	55	22	2	7798	573	1403	591	1935	49	143	10020	1425	5890	0,100,0,0,0,0	20170	691	938	75550	5058	29830	107361,107645,106371,55096,55096,55096,55096	5	44	25956,28973,24415,0,0,0,0	117	70374
161194	1389	2788	2355	466	454	53	20	3	8038	576	1410	587	1954	58	152	10326	1487	6038	0,100,0,0,0,0	20438	869	925	76326	5215	30634	108030,108314,107079,55929,55929,55929,55929	5	43	25956,28973,25335,0,0,0,0	109	70077
160713	1395	2913	2386	460	450	55	21	3	8363	576	1411	548	1986	55	132	10981	1519	6161	0,100,0,0,0,0	21088	887	953	77152	5346	31459	108753,109036,107841,56868,56868,56868,56868	5	35	25956,28973,26280,0,0,0,0	110	69684
160260	1412	2938	2481	471	477	59	25	3	8623	578	1419	556	1922	53	152	10893	1562	6301	0,100,0,0,0,0	21299	910	959	77966	5498	32305	109479,109759,108608,57804,57804,57804,57804	5	38	25956,28973,27227,0,0,0,0	107	69302
159834	1493	2924	2529	481	499	59	26	5	8898	579	1419	539	2100	55	151	10795	1595	6416	0,100,0,0,0,0	21388	874	977	78791	5655	33122	110229,110510,109404,58745,58745,58745,58745	5	40	25956,28973,28194,0,0,0,0	110	68951
159492	1483	2954	2570	487	510	59	24	5	9158	582	1422	578	1967	54	171	10843	1648	6439	0,100,0,0,0,0	29180	939	878	79530	5808	33976	110863,111145,110083,59575,59575,59575,59575	5	50	25956,28973,29071,0,0,0,0	115	68581
159180	1433	2978	2631	516	504	64	27	4	9401	583	1425	549	1968	50	126	10589	1630	6523	0,100,0,0,0,0	28966	949	912	80295	5961	34753	111535,111816,110803,60427,60427,60427,60427	5	55	25956,28973,29970,0,0,0,0	118	68245
158753	1459	3019	2642	519	509	60	24	4	9739	589	1429	541	1942	52	185	10754	1661	6571	0,100,0,0,0,0	21253	972	959	81096	6122	35548	112240,112521,111551,61310,61310,61310,61310	6	49	25956,28973,30918,0,0,0,0	114	67927
158327	1488	3127	2600	523	505	67	27	6	10054	591	1431	531	1967	38	161	10364	1597	6740	0,100,0,0,0,0	21007	1683	1041	81968	6301	37055	112981,113261,112343,62227,62227,62227,62227	6	45	25956,28973,31952,0,0,0,0	124	67560
157934	1515	3118	2713	507	503	67	31	6	10327	591	1434	518	1989	71	187	10895	1624	6830	0,100,0,0,0,0	20944	1786	986	82793	6471	38662	113908,114186,113317,63415,63415,63415,63415	6	48	25956,28973,32927,0,0,0,0	138	67267
157493	1554	3186	2737	499	524	65	30	8	10620	594	1436	520	1953	60	154	10908	1667	6928	0,100,0,0,0,0	21171	1753	1058	83672	6658	40237	114879,115158,114341,64682,64682,64682,64682	6	56	25956,28973,33975,0,0,0,0	138	66917
157132	1581	3227	2789	526	524	68	33	8	10820	597	1441	536	1934	52	177	10754	1721	7027	0,100,0,0,0,0	20953	1709	1043	84526	6857	41766	115813,116095,115332,65891,65891,65891,65891	6	41	25956,28973,35002,0,0,0,0	136	66570
156933	1540	3156	2819	537	539	71	34	6	11066	600	1445	544	1920	57	157	10546	1717	6979	0,100,0,0,0,0	28808	1690	870	85254	7003	43284	116618,116901,116190,66909,66909,66909,66909	6	53	25956,28973,35861,0,0,0,0	144	66256
156798	1454	3139	2842	519	525	73	34	7	11299	604	1452	532	1997	62	149	10333	1699	6887	0,99,0,0,0,0	28968	1653	815	85957	7152	44786	117409,117695,117037,67895,67895,67895,67895	6	37	25956,28973,36655,29,0,0,0	165	65938
156466	1510	3157	2841	555	524	78	33	6	11513	608	1455	524	2002	72	182	10359	1773	6925	0,99,0,0,0,0	20741	1663	1019	86799	7355	46293	118311,118596,117995,69022,69022,69022,69022	6	52	25956,28973,37655,55,0,0,0	153	65572
156139	1549	3177	2826	533	525	81	29	6	11807	616	1458	531	1988	54	169	10424	1747	6973	0,99,0,0,0,0	20889	856	978	87618	7539	47021	119223,119509,118960,70138,70138,70138,70138	6	46	25956,28973,38606,83,0,0,0	145	65226
155906	1569	3179	2826	527	524	82	30	6	12018	618	1461	548	1962	54	184	10605	1744	6993	0,98,1,0,0,0	20734	856	948	88410	7722	47734	119881,120167,119674,70859,70859,70859,70859	6	39	25956,28973,39512,122,0,0,0	147	64869
155615	1508	3279	2842	521	536	84	28	5	12239	624	1465	526	1927	59	178	11031	1776	7022	0,98,1,0,0,0	21041	878	981	89235	7905	48451	120556,120839,120401,71605,71605,71605,71605	6	49	25956,28973,40444,173,0,0,0	153	64508
155376	1518	3259	2919	534	527	82	30	7	12400	627	1467	523	1928	58	182	11255	1817	7052	0,97,2,0,0,0	21700	914	977	90024	8128	49212	121191,121475,121096,72314,72314,72314,72314	6	36	25956,28973,41358,242,0,0,0	156	64135
155310	1495	3140	2954	526	542	73	30	9	12569	629	1469	516	1899	57	167	11008	1793	6967	0,96,3,0,0,0	29553	906	883	90740	8297	49953	121772,122058,121739,72937,72937,72937,72937	6	37	25956,28973,42182,288,0,0,0	149	63793
155214	1408	3097	2926	546	525	76	31	9	12813	631	1470	511	1999	55	172	11298	1792	6817	0,96,3,0,0,0	29443	917	846	91405	8484	50699	122306,122590,122327,73516,73516,73516,73516	6	45	25956,28973,42951,348,0,0,0	146	63487
155088	1390	3040	2989	537	519	71	35	8	12964	633	1472	508	1905	57	178	12139	1824	6757	0,96,3,0,0,0	22229	876	919	92134	8679	51424	122905,123187,122985,74150,74150,74150,74150	6	43	25956,28973,43793,408,0,0,0	139	63153
154977	1370	2991	2936	536	538	71	34	10	13173	635	1475	509	2000	50	169	12516	1828	6648	0,95,4,0,0,0	22468	741	896	92828	8889	52013	123471,123755,123610,74743,74743,74743,74743	6	40	25956,28973,44609,476,0,0,0	150	62840
154919	1376	2902	2888	518	520	69	36	11	13391	636	1480	514	1947	54	171	12554	1748	6561	0,94,5,0,0,0	22849	783	891	93494	9117	52656	123968,124249,124166,75231,75230,75230,75230	6	37	25956,28973,45395,550,0,0,0	144	62515
154861	1386	2875	2852	518	504	65	38	11	13515	639	1482	515	1980	71	169	12256	1713	6525	0,94,5,0,0,0	22706	719	876	94169	9323	53217	124474,124754,124731,75744,75742,75742,75742	6	40	25956,28973,46148,650,0,0,0	136	62178
154890	1412	2728	2830	504	509	67	36	11	13634	641	1484	518	1913	56	147	11998	1663	6423	0,93,6,0,0,0	22438	748	814	94790	9521	53820	124922,125202,125239,76147,76145,76145,76145	6	40	25956,28973,46839,745,0,0,0	145	61887
155066	1286	2656	2736	506	504	65	35	11	13747	646	1488	528	1898	59	161	11409	1603	6185	0,93,6,0,0,0	29875	787	660	95295	9679	54444	125282,125562,125659,76449,76447,76447,76447	6	38	25956,28973,47407,819,0,0,0	139	61634
155258	1209	2583	2669	490	479	68	34	11	13803	652	1490	513	2062	45	146	11231	1568	5964	0,92,7,0,0,0	29956	783	690	95827	9841	55073	125661,125939,126100,76757,76753,76753,76753	6	42	25956,28973,47989,909,0,0,0	127	61360
155302	1190	2528	2647	472	476	66	37	11	13872	652	1493	499	1946	48	165	10812	1544	5872	0,91,8,0,0,0	21602	747	770	96380	10061	55663	126089,126363,126582,77162,77157,77157,77157	6	35	25956,28973,48614,1027,0,0,0	138	61096
155341	1186	2501	2561	469	465	68	33	10	13957	658	1497	541	1935	40	147	10663	1477	5806	0,90,9,0,0,0	21140	406	751	96944	10253	55932	126491,126763,127040,77531,77526,77526,77526	6	25	25956,28973,49212,1154,0,0,0	129	60797
155491	1161	2462	2515	460	462	69	34	9	13921	662	1500	538	1916	43	130	10098	1396	5767	0,89,10,0,0,0	20656	418	739	97473	10467	56203	126790,127063,127400,77736,77729,77729,77729	5	35	25956,28973,49768,1316,0,0,0	134	60542
155640	1154	2382	2465	462	433	74	33	8	13928	664	1503	510	1987	48	158	9626	1353	5650	0,88,11,0,0,0	20156	447	722	97982	10685	56493	127063,127336,127733,77903,77893,77893,77893	5	38	25956,28973,50332,1452,0,0,0	133	60302
155709	1161	2421	2392	428	437	76	34	6	13908	668	1506	508	2025	38	171	9429	1367	5582	0,87,12,0,0,0	19755	416	800	98545	10926	56726	127390,127661,128119,78155,78144,78144,78144	5	37	25956,28973,50932,1626,0,0,0	125	60036
155878	1185	2278	2424	434	419	83	33	6	13827	672	1507	528	1962	39	121	9223	1292	5564	0,85,14,0,0,0	27744	410	710	99050	11133	56992	127641,127912,128428,78313,78301,78301,78301	5	24	25956,28973,51443,1803,0,0,0	126	59747
156083	1158	2224	2391	416	411	78	30	5	13763	675	1512	525	1941	49	119	9111	1250	5458	0,84,15,0,0,0	27529	409	669	99519	11337	57243	127878,128150,128723,78456,78442,78442,78442	5	25	25956,28973,51911,1980,0,0,0	124	59479
156324	1121	2210	2298	400	390	79	27	4	13698	682	1513	504	1915	39	138	9426	1225	5300	0,82,17,0,0,0	19678	422	689	99994	11558	57523	128121,128394,129025,78593,78576,78576,78576	5	29	25956,28973,52383,2177,0,0,0	114	59225
156478	1130	2229	2225	374	375	80	26	5	13626	683	1515	477	1936	32	122	9169	1164	5275	0,80,19,0,0,0	19730	163	731	100491	11793	57628	128405,128681,129364,78788,78769,78769,78769	4	31	25956,28973,52847,2415,0,0,0	123	58973
156732	1114	2195	2161	364	376	79	27	5	13488	686	1519	483	2049	41	133	9295	1142	5174	0,78,21,0,0,0	28667	111	660	100916	12031	57739	128587,128862,129602,78845,78822,78822,78822	4	33	25956,28973,53231,2676,0,0,0	118	58704
157002	1096	2093	2180	373	358	76	26	6	13323	689	1524	478	1903	32	110	8968	1118	5084	0,76,23,0,0,0	28506	94	640	101352	12241	57833	128773,129046,129844,78887,78862,78862,78862	4	33	25956,28973,53616,2907,0,0,0	120	58445
157278	1054	2054	2139	369	353	78	24	6	13171	693	1527	518	1936	39	120	8770	1121	4950	0,74,25,0,0,0	27317	95	620	101772	12444	57928	128917,129191,130042,78904,78873,78873,78873	4	45	25956,28973,53951,3170,0,0,0	127	58165
157487	1062	1998	2149	355	333	74	25	7	13035	693	1528	483	1998	41	98	8971	1093	4903	0,72,27,0,0,0	27790	102	649	102202	12667	58030	129087,129362,130261,78978,78942,78942,78942	4	39	25956,28973,54300,3451,0,0,0	125	57901
157808	981	1921	2082	350	327	66	22	9	12955	695	1530	480	1969	49	91	8574	1034	4715	0,70,29,0,0,0	27165	83	521	102532	12863	58113	129185,129460,130409,78951,78910,78910,78910	4	24	25956,28973,54547,3712,0,0,0	115	57692
158066	966	1885	2061	339	318	66	24	9	12780	698	1534	516	2014	40	120	8237	1013	4646	0,68,31,0,0,0	28149	92	625	102915	13107	58205	129318,129591,130593,78978,78932,78932,78932	4	30	25956,28973,54844,4018,0,0,0	116	57443
158279	991	1815	2015	344	321	64	23	8	12649	701	1536	494	1959	45	109	8304	985	4588	0,65,34,0,0,0	28018	81	627	103324	13331	58286	129442,129715,130765,79012,78960,78960,78960	4	34	25956,28973,55135,4342,0,0,0	112	57166
158464	1017	1794	1962	311	296	59	23	8	12569	703	1540	461	2012	41	97	7948	936	4526	0,63,36,0,0,0	28193	85	627	103708	13581	58371	129549,129825,130919,79057,78998,78998,78998	4	42	25956,28973,55404,4686,0,0,0	91	56893
158578	1062	1802	1876	299	302	58	23	8	12491	704	1543	447	1870	42	115	7945	935	4487	0,61,38,0,0,0	27903	74	661	104133	13821	58445	129689,129966,131103,79151,79086,79086,79086	4	38	25956,28973,55677,5063,0,0,0	93	56599
158851	1060	1779	1848	283	281	59	26	8	12302	704	1545	429	1994	38	108	7705	915	4421	0,58,41,0,0,0	27588	68	594	104512	14040	58513	129782,130058,131242,79154,79081,79081,79081	4	26	25956,28973,55884,5444,0,0,0	100	56330
159075	1029	1795	1842	269	275	58	25	8	12116	706	1548	448	1939	29	70	7493	877	4416	0,55,44,0,0,0	26418	78	616	104888	14287	58591	129886,130163,131390,79195,79113,79113,79113	4	25	25956,28973,56094,5837,0,0,0	99	56079
159251	1044	1797	1833	256	282	54	24	7	11940	708	1550	455	2055	37	81	7300	839	4451	0,52,47,0,0,0	26117	72	636	105281	14533	58663	130014,130291,131559,79272,79182,79182,79182	4	35	25956,28973,56309,6248,0,0,0	107	55820
159338	1058	1812	1861	255	260	52	23	6	11820	709	1552	482	1996	37	90	6934	800	4521	0,49,50,0,0,0	17377	80	684	105700	14803	58743	130165,130442,131748,79393,79294,79294,79294	4	35	25956,28973,56514,6719,0,0,0	84	55550
159397	1142	1820	1880	245	250	55	24	4	11661	710	1558	478	1881	30	87	6930	766	4650	0,46,53,0,0,0	17074	293	745	106133	15119	59036	130326,130603,131950,79553,79446,79446,79446	4	35	25956,28973,56724,7247,0,0,0	94	55265
159331	1273	1870	1894	250	262	47	20	3	11522	715	1559	515	1850	35	98	6802	766	4850	0,43,56,0,0,0	17061	280	862	106607	15511	59316	130540,130815,132200,79855,79739,79739,79739	4	45	25956,28973,56942,7879,0,0,0	92	54935
159279	1360	1878	1933	238	270	50	17	2	11436	719	1564	524	1917	38	113	6505	789	4957	0,40,59,0,0,0	16814	257	808	107071	15861	59573	130768,131041,132460,80143,80016,80016,80016	4	38	25956,28973,57139,8478,0,0,0	85	54651
159171	1416	2015	1929	246	270	46	18	2	11348	721	1564	499	2010	53	93	6344	799	5141	0,37,62,0,0,0	16628	306	894	107567	16266	59879	131023,131294,132749,80483,80346,80346,80346	4	49	25956,28973,57336,9167,0,0,0	89	54336
159144	1364	2120	2014	241	269	46	17	1	11240	724	1566	474	2046	54	90	5858	816	5255	0,35,64,0,0,0	24828	309	811	107989	16661	60188	131221,131493,132981,80756,80607,80607,80607	4	39	25956,28973,57483,9827,0,0,0	90	54071
159083	1375	2163	2121	231	262	47	22	2	11142	724	1574	483	1880	52	80	5931	830	5391	0,32,67,0,0,0	25067	286	845	108448	17053	60474	131412,131685,133206,81080,80917,80917,80917	4	61	25956,28973,57634,10509,0,0,0	90	53741
158760	1593	2241	2131	232	267	45	20	2	11150	726	1579	472	1938	40	93	6148	856	5673	0,29,69,0,0,0	16356	292	1042	109007	17562	60766	131686,131960,133510,81554,81376,81376,81376	5	60	25956,28973,57791,11380,25,0,0	90	53354
158334	1774	2353	2178	252	284	47	15	3	11195	731	1580	457	1923	67	95	6259	875	6028	0,26,72,0,0,0	16603	297	1141	109625	18110	61063	132004,132277,133849,82097,81905,81905,81905	5	57	25956,28973,57931,12367,46,0,0	96	52937
157870	1891	2578	2192	242	276	42	16	3	11321	733	1582	488	1889	79	103	6359	915	6322	0,23,75,0,0,0	16460	358	1162	110239	18682	61421	132324,132595,134191,82680,82473,82473,82473	5	53	25956,28973,58071,13374,70,0,0	84	52493
157455	1919	2719	2345	244	276	44	18	4	11404	734	1584	481	1982	55	98	6586	946	6619	0,21,76,1,0,0	16676	334	1111	110814	19245	61755	132638,132909,134527,83239,83016,83016,83016	5	50	25956,28973,58193,14341,110,0,0	85	52092
156841	2106	2880	2471	258	275	46	18	5	11524	735	1587	475	1975	71	108	6761	969	7085	0,19,78,1,0,0	16572	370	1346	111476	19963	62125	133023,133292,134931,83961,83721,83721,83721	6	68	25956,28973,58316,15530,159,0,0	94	51631
156332	2184	2978	2679	283	290	45	15	7	11605	737	1591	509	1951	68	90	6939	1014	7460	0,17,80,2,0,0	25521	312	1261	112141	20585	62437	133367,133635,135293,84621,84362,84362,84362	6	65	25956,28973,58421,16643,211,0,0	106	51145
155876	2136	3192	2826	268	298	47	20	7	11742	738	1596	492	1927	69	96	7122	1036	7751	0,15,81,2,0,0	25809	330	1279	112785	21231	62767	133678,133947,135626,85272,84990,84990,84990	6	69	25956,28973,58519,17780,250,0,0	102	50677
154997	2349	3401	2957	282	292	50	19	8	12050	740	1601	484	1906	90	122	7456	1045	8305	0,14,82,2,0,0	17346	325	1620	113559	22084	63092	134121,134389,136081,86174,85872,85872,85872	7	79	25956,28973,58634,19204,324,0,0	106	50134
154110	2716	3424	3124	296	319	47	20	7	12340	740	1603	469	1978	64	114	7322	1111	8835	0,12,83,3,0,0	17462	367	1706	114433	22925	63459	134600,134868,136572,87117,86789,86789,86789	7	60	25956,28973,58728,20719,418,0,0	106	49534
153140	2906	3688	3277	321	335	50	20	8	12655	740	1606	484	1887	84	117	7409	1150	9447	0,11,84,3,0,0	17482	339	1818	115306	23881	63798	135079,135349,137065,88109,87754,87754,87754	7	86	25956,28973,58818,22357,500,0,0	105	48930
152134	2996	4006	3465	332	352	45	23	7	13034	741	1611	498	1908	87	150	7372	1196	10023	0,10,85,4,0,0	17541	321	1840	116150	24887	64119	135558,135825,137556,89117,88734,88734,88734	8	101	25956,28973,58898,24011,598,0,0	113	48359
151026	3131	4278	3655	348	358	41	26	7	13521	742	1613	492	1974	89	133	8174	1229	10608	0,9,86,4,0,0	17984	383	1935	117086	25894	64502	136064,136328,138070,90211,89798,89797,89797	8	79	25956,28973,58969,25758,704,0,0	121	47695
149958	3179	4380	4056	344	395	38	25	7	14001	746	1617	476	1918	111	123	8000	1264	11153	0,8,86,4,0,0	26750	362	1879	117951	26921	64864	136523,136788,138535,91267,90823,90821,90821	9	133	25956,28973,59047,27436,826,0,0	113	47078
148877	3159	4632	4233	366	404	37	25	9	14636	747	1621	507	1995	120	177	8677	1405	11451	0,7,87,5,0,0	26801	399	1939	118817	28007	65263	136973,137236,138988,92355,91877,91874,91874	9	100	25956,28973,59118,29167,959,0,0	132	46431
147453	3469	4813	4427	397	404	35	25	8	15343	749	1623	492	1928	124	164	8981	1507	12063	0,6,87,5,0,0	19212	337	2319	119912	29242	65600	137601,137863,139616,93745,93230,93227,93227	10	120	25956,28973,59174,31250,1130,0,0	136	45644
146002	3830	4967	4664	403	412	36	23	9	16020	752	1628	503	1978	140	156	9187	1588	12747	0,5,87,6,0,0	19310	342	2421	121025	30558	65942	138195,138454,140209,95161,94604,94600,94600	11	120	25956,28973,59235,33406,1322,0,0	141	44820
144579	3947	5197	4899	383	440	32	22	7	16856	754	1630	500	1923	124	187	10162	1727	13193	0,5,87,6,0,0	20062	305	2367	122124	31854	66247	138779,139032,140791,96564,95966,95960,95960	11	112	25956,28973,59289,35514,1533,0,0	138	44030
143139	4089	5584	5043	423	435	40	22	7	17569	757	1638	491	1986	148	185	10663	1824	13812	0,4,88,7,0,0	20569	335	2534	123251	33274	66582	139372,139619,141376,98019,97376,97368,97368	12	145	25956,28973,59345,37772,1743,0,0	141	43220
141562	4360	5730	5274	475	460	41	24	7	18415	757	1641	476	1874	134	176	11010	1909	14455	0,4,88,7,0,0	20994	351	2632	124444	34735	66933	139997,140243,141995,99568,98878,98869,98869	12	138	25956,28973,59399,40088,1992,0,0	148	42359
140288	4274	5892	5536	482	486	38	20	9	19317	758	1646	490	1993	173	177	11219	1932	14796	0,3,88,8,0,0	29276	332	2342	125470	36074	67265	140481,140728,142474,100896,100156,100145,100145	13	138	25956,28973,59434,42149,2224,0,0	152	41582
139083	4076	6094	5850	510	514	38	20	10	20143	759	1649	484	1914	143	183	10976	2038	15064	0,3,87,8,0,0	29206	291	2405	126510	37458	67556	140979,141224,142968,102268,101475,101460,101460	14	143	25956,28973,59454,44272,2481,0,0	157	40824
137481	4429	6191	6048	515	531	40	22	11	21062	761	1655	468	1915	144	227	12141	2259	15517	0,3,87,9,0,0	22162	331	2878	127736	39125	67887	141607,141847,143588,103927,103074,103057,103057	15	169	25956,28973,59491,46779,2797,0,0	143	39914
135872	4780	6250	6190	525	540	39	25	10	22094	761	1660	475	1932	170	221	12300	2343	16006	0,2,87,9,0,0	22357	106	2871	128971	40774	67993	142216,142452,144183,105578,104665,104644,104644	15	122	25956,28973,59530,49251,3145,0,0	139	38998
134372	4811	6554	6317	519	562	42	31	12	23102	762	1662	480	1979	172	206	12520	2409	16427	0,2,86,10,0,0	22238	114	2838	130255	42344	68107	142807,143045,144761,107181,106202,106179,106179	16	171	25956,28973,59556,51660,3526,0,0	140	38046
132792	4849	6887	6469	553	564	46	32	12	24110	767	1665	459	1943	161	229	13254	2530	16870	0,2,86,11,0,0	23126	117	2951	131496	44077	68224	143389,143626,145327,108848,107804,107776,107776	16	147	25956,28973,59585,54169,3910,0,0	157	37118
131329	4931	7086	6625	548	561	45	30	12	25136	772	1671	458	1941	183	243	13257	2589	17237	0,2,86,11,0,0	23239	119	2964	132781	45776	68343	143952,144182,145876,110532,109415,109382,109382	17	145	25956,28973,59605,56661,4340,0,0	149	36163
130206	4684	7146	6948	575	555	44	29	13	26094	775	1677	468	1940	156	241	13611	2662	17319	0,1,85,12,0,0	31140	111	2671	133921	47322	68454	144390,144618,146301,111988,110794,110756,110756	17	157	25956,28973,59621,58887,4739,0,0	154	35289
129161	4493	7104	7186	585	575	48	28	17	27094	775	1680	446	1972	190	202	14031	2685	17334	0,1,84,13,0,0	31901	124	2617	135042	48836	68578	144822,145048,146719,113442,112169,112126,112126	18	182	25956,28973,59643,61053,5151,0,0	155	34445
127765	4791	6955	7319	600	561	38	30	16	28211	778	1682	469	1889	160	241	15048	2796	17498	0,1,84,14,0,0	24782	134	3028	136267	50658	68712	145356,145578,147237,115110,113763,113711,113711	18	159	25956,28973,59661,63483,5680,0,0	127	33535
126647	4940	6783	7490	625	561	34	29	15	29157	780	1685	478	1981	197	237	15655	2828	17634	0,1,83,14,0,0	25600	82	2858	137423	52374	68794	145768,145987,147637,116641,115209,115151,115151	18	139	25956,28973,59675,65774,6184,0,0	133	32640
125812	4747	6918	7337	617	564	38	25	18	30199	781	1690	481	1907	164	255	15263	2758	17488	0,1,83,15,0,0	25509	85	2715	138520	54005	68879	146123,146337,147977,118063,116542,116476,116476	18	125	25956,28973,59687,67904,6693,0,0	117	31821
124937	4663	6985	7245	598	557	38	26	18	31202	784	1693	479	1953	196	232	15375	2686	17426	0,1,82,16,0,0	25483	74	2735	139613	55655	68953	146471,146686,148317,119505,117893,117819,117819	18	132	25956,28973,59700,70034,7221,0,0	115	30984
124196	4596	6893	7383	608	549	38	25	19	31957	787	1695	464	1927	151	244	15792	2714	17378	0,1,81,17,0,0	25792	84	2677	140696	57269	69037	146795,147011,148635,120912,119208,119124,119124	18	144	25956,28973,59712,72068,7795,0,0	111	30158
123781	4235	6805	7366	616	568	48	23	19	32801	788	1696	459	1896	158	213	15353	2675	16986	0,0,80,18,0,0	33419	72	2340	141634	58687	69109	146995,147207,148836,122089,120295,120201,120201	18	144	25956,28973,59721,73817,8319,0,0	111	29420
123507	3841	6664	7362	608	590	51	22	20	33592	792	1697	466	1934	150	221	15175	2658	16480	0,0,79,19,0,0	32991	90	2223	142496	60058	69199	147162,147376,148998,123204,121321,121215,121215	18	140	25956,28973,59727,75475,8822,0,0	126	28768
122976	3994	6267	7318	570	588	55	20	19	34447	793	1699	471	1899	168	256	15129	2631	16181	0,0,78,20,0,0	25881	83	2556	143511	61609	69282	147425,147637,149251,124518,122545,122427,122427	18	140	25956,28973,59741,77323,9453,0,0	131	27986
122706	4079	5989	7142	566	558	56	26	19	35108	795	1702	456	1933	162	257	14724	2569	15847	0,0,77,21,0,0	24718	39	2388	144462	63066	69321	147610,147816,149421,125747,123677,123546,123546	18	132	25956,28973,59750,79040,10053,0,0	125	27246
122716	3834	5820	7015	542	549	50	25	20	35673	797	1705	456	1948	158	229	14586	2476	15359	0,0,76,22,0,0	25006	55	2125	145269	64403	69376	147707,147912,149516,126784,124614,124470,124470	18	120	25956,28973,59758,80544,10621,0,0	134	26626
122838	3624	5719	6713	501	528	51	23	22	36220	798	1709	468	1901	145	227	14363	2373	14786	0,0,75,23,0,0	24596	43	2070	146073	65683	69419	147783,147982,149587,127769,125504,125345,125345	17	111	25956,28973,59767,81957,11214,0,0	132	26018
122900	3611	5485	6490	489	539	51	22	22	36625	800	1712	442	1918	158	213	14504	2325	14362	0,0,74,24,0,0	24407	55	2119	146832	67059	69474	147828,148024,149626,128764,126401,126227,126227	17	114	25956,28973,59771,83377,11841,0,0	139	25420
123395	3361	5213	6327	457	526	51	24	19	36856	801	1716	452	1862	142	200	14143	2196	13763	0,0,73,25,0,0	31821	53	1792	147515	68185	69527	147782,147976,149585,129568,127102,126911,126911	16	117	25956,28973,59775,84581,12382,0,0	129	24894
123964	2974	5050	6265	434	505	48	25	17	36946	801	1717	481	2009	129	195	13836	2119	13182	0,0,72,26,0,0	31773	45	1677	148124	69263	69572	147702,147896,149510,130303,127742,127532,127532	16	104	25956,28973,59779,85687,12896,0,0	143	24419
124497	2982	4719	5965	436	481	42	22	20	37061	804	1717	500	1965	150	195	13443	2023	12624	0,0,71,28,0,0	23797	57	1781	148801	70382	69629	147642,147831,149454,131095,128437,128207,128207	15	93	25956,28973,59785,86827,13471,0,0	132	23906
125034	2985	4430	5738	429	462	39	28	17	37062	804	1718	500	2033	130	199	13383	1953	12158	0,0,69,29,0,0	23516	55	1706	149431	71469	69684	147587,147771,149395,131838,129087,128839,128839	15	90	25956,28973,59787,87827,14113,0,0	120	23423
125836	2833	4320	5470	419	431	35	24	19	36833	805	1721	504	1906	122	175	12940	1855	11677	0,0,68,31,0,0	23472	47	1638	150030	72517	69731	147454,147641,149267,132532,129680,129411,129411	14	68	25956,28973,59794,88835,14674,0,0	118	22972
126623	2680	4254	5172	405	418	32	23	18	36588	807	1726	532	1882	105	164	12725	1768	11216	0,0,67,32,0,0	22898	39	1530	150599	73488	69770	147316,147505,149129,133163,130222,129931,129931	14	78	25956,28973,59798,89738,15239,0,0	89	22531
127424	2594	4141	4937	372	374	35	26	18	36286	807	1732	547	1951	98	139	11765	1637	10842	0,0,65,33,0,0	22509	57	1532	151166	74464	69827	147170,147361,148992,133784,130756,130441,130441	13	71	25956,28973,59803,90578,15856,0,0	88	22074
128427	2366	3933	4757	350	355	42	26	21	35927	807	1735	535	1928	80	132	11106	1505	10324	0,0,64,35,0,0	29515	34	1256	151614	75282	69861	146954,147152,148787,134254,131134,130797,130797	13	79	25956,28973,59804,91283,16366,0,0	106	21721
129401	2224	3704	4578	350	337	41	25	18	35519	809	1740	518	1941	95	146	10738	1416	9843	0,0,62,36,0,0	29422	30	1272	152047	76136	69891	146750,146951,148588,134719,131511,131152,131152	12	94	25956,28973,59806,91952,16916,0,0	118	21384
130439	2229	3394	4344	323	339	39	28	19	35037	812	1743	496	1986	95	132	10364	1333	9363	0,0,61,37,0,0	20748	36	1246	152498	76940	69927	146550,146756,148405,135182,131886,131503,131503	12	83	25956,28973,59808,92608,17460,0,0	119	21042
131589	2101	3288	4127	301	328	35	25	19	34370	816	1747	518	2041	97	156	9786	1274	8931	0,0,59,39,0,0	20010	20	1167	152885	77736	69947	146304,146513,148170,135583,132201,131792,131792	11	61	25956,28973,59811,93174,18021,0,0	109	20738
132780	1981	3154	3926	275	287	31	24	19	33693	818	1758	530	1938	78	132	9749	1242	8436	0,0,58,41,0,0	20082	23	1107	153291	78446	69970	146050,146261,147930,135956,132494,132058,132058	11	62	25956,28973,59812,93711,18528,0,0	109	20420
133863	1917	3020	3717	283	273	26	22	22	33020	820	1763	531	1902	81	127	9458	1197	8061	0,0,56,43,0,0	19507	21	1117	153679	79181	69991	145830,146045,147724,136329,132793,132330,132330	10	61	25956,28973,59812,94227,19077,0,0	107	20116
135005	1813	2867	3604	267	263	27	23	19	32271	821	1766	489	2006	79	108	8893	1129	7735	0,0,54,44,0,0	19223	27	1026	154024	79867	70018	145577,145794,147485,136644,133039,132546,132546	10	63	25956,28973,59812,94677,19607,0,0	104	19849
136247	1652	2728	3475	267	247	23	20	18	31475	824	1770	493	1916	66	101	8623	1091	7321	0,0,53,46,0,0	27302	21	881	154328	80451	70039	145274,145492,147193,136883,133209,132688,132688	9	62	25956,28973,59815,95043,20083,0,0	94	19606
137584	1500	2570	3345	247	222	23	22	19	30613	824	1777	502	2045	78	93	8389	980	6949	0,0,51,48,0,0	26837	19	832	154605	81017	70058	144957,145177,146897,137090,133346,132795,132795	9	48	25956,28973,59815,95378,20557,0,0	92	19374
138519	1568	2474	3098	231	243	19	19	20	29950	825	1780	533	1832	61	100	7509	882	6770	0,0,49,50,0,0	17946	18	1047	154937	81737	70076	144745,144963,146691,137423,133616,133037,133037	8	49	25956,28973,59815,95816,21123,0,0	82	19115
139461	1717	2343	2921	219	238	17	19	19	29180	826	1786	549	1976	78	90	6514	739	6735	0,0,47,52,0,0	17243	3	1054	155289	82448	70079	144513,144732,146465,137739,133877,133269,133269	8	62	25956,28973,59815,96195,21749,0,0	80	18823
140569	1724	2349	2801	198	216	16	15	19	28222	828	1789	564	1977	61	98	5806	659	6660	0,0,45,54,0,0	16482	8	989	155622	83111	70087	144263,144487,146227,138018,134090,133454,133454	8	57	25956,28973,59816,96532,22356,0,0	77	18567
141621	1628	2409	2663	202	193	14	15	20	27361	828	1792	568	1975	75	90	5238	584	6540	0,0,43,56,0,0	15731	4	926	155921	83746	70091	144019,144244,145992,138264,134285,133618,133618	8	63	25956,28973,59818,96821,22941,0,0	74	18335
142529	1626	2386	2671	198	197	13	11	19	26468	831	1797	564	1999	69	89	4161	517	6585	0,0,41,58,0,0	14928	8	970	156208	84433	70099	143806,144033,145790,138521,134497,133800,133800	7	61	25956,28973,59821,97122,23559,0,0	79	18121
143499	1602	2347	2621	198	182	12	11	15	25629	831	1799	570	1978	69	80	3384	493	6480	0,0,39,60,0,0	23019	9	890	156481	85055	70108	143588,143820,145586,138751,134682,133954,133954	7	47	25956,28973,59823,97374,24154,0,0	70	17902
144542	1459	2313	2553	199	172	11	14	14	24836	831	1802	560	1993	68	69	2702	455	6266	0,0,36,62,0,0	22217	6	773	156746	85566	70114	143341,143574,145356,138917,134803,134045,134045	7	49	25956,28973,59823,97570,24706,0,0	60	17681
145381	1462	2297	2514	186	180	12	11	17	24044	831	1811	554	1918	56	92	1908	432	6230	0,0,34,65,0,0	12574	8	938	157034	86217	70122	143145,143383,145168,139164,135018,134227,134227	6	43	25956,28973,59823,97806,25364,0,0	59	17459
146194	1570	2165	2535	190	189	10	9	17	23222	832	1813	594	1997	71	83	1467	412	6256	0,0,32,66,0,0	11799	19	939	157316	86878	70141	142964,143203,144997,139420,135241,134419,134419	6	48	25956,28973,59824,98031,26036,0,0	58	17248
146976	1592	2165	2479	171	172	11	7	18	22503	834	1818	566	1943	47	92	1337	414	6183	0,0,30,68,0,0	11411	23	909	157600	87511	70164	142780,143018,144825,139667,135454,134601,134601	5	42	25956,28973,59825,98226,26713,0,0	51	17038
147723	1562	2266	2408	188	171	12	6	17	21735	834	1824	571	2015	52	82	1292	405	6208	0,0,29,70,0,0	11469	23	937	157887	88164	70187	142618,142857,144673,139913,135671,134788,134788	5	37	25956,28973,59826,98414,27413,0,0	54	16823
148332	1623	2254	2423	179	177	10	3	19	21065	835	1826	574	1990	44	72	1256	388	6281	0,0,27,72,0,0	11214	18	988	158175	88869	70205	142486,142726,144550,140206,135945,135028,135028	5	52	25956,28973,59826,98601,28174,0,0	54	16613
149199	1442	2228	2470	187	165	7	4	17	20363	835	1829	554	1934	41	67	1200	349	6154	0,0,26,73,0,0	20625	18	706	158393	89364	70223	142278,142519,144350,140358,136068,135119,135119	4	43	25956,28973,59826,98736,28723,0,0	48	16447
149876	1298	2231	2496	179	173	9	2	17	19798	836	1831	577	1964	61	70	1152	335	6053	0,0,24,74,0,0	20695	23	792	158627	89929	70246	142112,142357,144197,140555,136248,135266,135266	4	58	25956,28973,59827,98881,29338,0,0	52	16260
150360	1450	2107	2470	166	185	10	3	13	19312	836	1834	572	2036	55	96	1151	361	6030	0,0,23,76,0,0	11157	22	928	158907	90582	70268	141987,142231,144075,140817,136495,135483,135483	4	49	25956,28973,59827,99033,30085,0,0	56	16038
150849	1573	1997	2448	180	183	11	4	12	18817	836	1836	553	1966	75	74	1148	360	6036	0,0,21,78,0,0	11312	0	926	159188	91236	70268	141880,142124,143974,141068,136740,135693,135693	4	41	25956,28973,59828,99167,30847,0,0	57	15832
151367	1525	2102	2385	184	190	17	4	10	18290	836	1836	596	1969	58	98	1187	395	6012	0,0,20,79,0,0	11283	0	909	159447	91888	70268	141737,141983,143838,141296,136960,135879,135879	4	41	25956,28973,59829,99283,31586,0,0	50	15627
151861	1524	2161	2297	168	193	18	5	10	17830	836	1843	583	1936	69	84	1169	399	5967	0,0,19,80,0,0	11192	0	895	159710	92527	70268	141607,141855,143717,141529,137191,136074,136074	4	46	25956,28973,59829,99414,32317,0,0	59	15427
152369	1523	2168	2296	153	191	16	7	7	17335	836	1845	564	1947	49	85	1188	407	5947	0,0,18,81,0,0	11284	0	867	159949	93162	70268	141476,141722,143589,141732,137396,136241,136241	4	36	25956,28973,59830,99536,33022,0,0	52	15240
153015	1338	2154	2301	143	185	19	10	5	16891	836	1849	560	2011	53	75	1163	400	5750	0,0,17,82,0,0	20620	0	679	160130	93666	70268	141300,141546,143422,141864,137523,136332,136332	4	45	25956,28973,59831,99599,33597,0,0	64	15104
153583	1208	2160	2241	155	188	16	9	5	16491	837	1853	570	2023	41	66	1150	398	5579	0,0,16,83,0,0	20171	0	706	160326	94176	70268	141142,141388,143270,142003,137664,136436,136436	4	47	25956,28973,59832,99665,34207,0,0	52	14951
153895	1323	2029	2250	176	163	17	10	5	16187	838	1853	585	1982	56	82	1157	364	5604	0,0,14,85,0,0	11152	0	897	160568	94834	70268	141053,141301,143188,142221,137891,136627,136627	4	38	25956,28973,59832,99737,34995,0,0	58	14756
154258	1421	1922	2251	172	162	13	10	6	15839	838	1854	610	1922	62	63	1159	344	5607	0,0,13,86,0,0	11207	0	815	160804	95418	70268	140962,141210,143100,142422,138101,136803,136803	4	25	25956,28973,59833,99804,35712,0,0	57	14572
154626	1332	1967	2190	171	181	11	12	5	15553	838	1860	575	1947	45	83	1175	359	5505	0,0,12,87,0,0	11365	0	773	161008	95993	70268	140868,141116,143009,142593,138281,136949,136949	4	26	25956,28973,59833,99877,36378,0,0	59	14410
154940	1313	2029	2161	180	158	7	11	4	15238	840	1865	594	1989	44	86	1137	360	5499	0,0,11,88,0,0	11267	0	832	161257	96578	70268	140792,141045,142943,142809,138509,137139,137139	4	44	25956,28973,59833,99949,37103,0,0	59	14217
155267	1380	1955	2190	182	147	7	10	6	14895	841	1866	590	1918	48	74	1130	349	5522	0,0,11,88,0,0	11338	0	836	161490	97185	70268	140699,140947,142854,143018,138735,137325,137325	3	45	25956,28973,59833,100024,37824,0,0	55	14048
155672	1258	1931	2226	162	150	6	11	5	14616	841	1868	615	2018	50	65	1087	320	5424	0,0,10,89,0,0	20409	0	688	161653	97714	70268	140570,140820,142734,143147,138879,137431,137431	4	48	25956,28973,59833,100071,38435,0,0	56	13921
156081	1126	1908	2150	153	145	6	11	5	14446	841	1874	620	1930	52	79	1083	318	5181	0,0,10,89,0,0	20541	0	627	161824	98178	70268	140448,140700,142619,143258,139006,137520,137520	3	37	25956,28973,59833,100114,38992,0,0	52	13790
156381	1191	1815	2152	153	156	6	8	8	14156	843	1877	661	1972	60	73	1070	325	5156	0,0,9,90,0,0	11086	0	766	162037	98734	70268	140357,140608,142533,143436,139203,137676,137676	4	50	25956,28973,59833,100158,39685,0,0	50	13618
156688	1237	1738	2106	158	179	3	8	9	13896	843	1881	635	2018	56	62	1058	317	5112	0,0,8,91,0,0	11279	0	736	162225	99287	70268	140253,140506,142435,143595,139383,137815,137815	3	38	25956,28973,59833,100202,40342,0,0	44	13471
156934	1232	1738	2025	159	159	8	9	4	13747	844	1887	648	2021	47	92	1093	352	4978	0,0,8,91,0,0	11164	0	729	162410	99835	70268	140168,140420,142355,143749,139564,137957,137957	3	38	25956,28973,59834,100251,40992,0,0	43	13327
157256	1202	1721	1995	159	138	9	7	5	13515	845	1894	642	1938	41	62	1077	335	4896	0,0,7,92,0,0	11244	0	661	162592	100323	70268	140056,140309,142248,143881,139720,138072,138072	3	29	25956,28973,59834,100274,41615,0,0	40	13173
157483	1143	1780	1971	158	136	9	8	5	13312	845	1896	658	1929	52	68	1080	321	4884	0,0,7,92,0,0	11156	0	715	162773	100859	70268	139960,140214,142159,144014,139880,138193,138193	3	39	25956,28973,59834,100307,42258,0,0	42	13018
157866	1056	1688	1935	142	147	9	7	5	13143	846	1902	625	1950	49	55	1055	312	4672	0,0,6,93,0,0	20286	0	548	162920	101262	70268	139833,140089,142041,144097,139990,138262,138262	4	48	25956,28973,59834,100335,42759,0,0	48	12894
158238	934	1604	1931	143	161	8	7	6	12964	846	1904	628	1969	63	62	1025	305	4483	0,0,6,93,0,0	20328	0	528	163028	101690	70268	139699,139955,141916,144167,140081,138315,138315	3	35	25956,28973,59834,100363,43230,0,0	58	12800
158562	970	1513	1881	136	150	6	6	5	12763	847	1907	633	1993	57	79	1044	313	4349	0,0,6,93,0,0	11103	0	634	163192	102166	70268	139586,139842,141808,144274,140214,138406,138406	3	30	25956,28973,59834,100378,43819,0,0	57	12674
158896	967	1468	1816	120	137	6	8	3	12564	847	1914	632	2038	48	76	1057	323	4199	0,0,5,94,0,0	11135	0	556	163324	102593	70268	139460,139716,141689,144348,140311,138465,138465	3	27	25956,28973,59834,100399,44324,0,0	45	12557
159261	898	1409	1731	128	131	7	7	4	12401	847	1922	626	1958	26	42	1017	309	4002	0,0,5,94,0,0	11117	0	489	163427	102982	70268	139330,139586,141564,144400,140390,138505,138505	3	26	25956,28973,59834,100417,44773,0,0	41	12475
159604	845	1409	1654	125	130	7	5	4	12189	848	1926	646	1918	31	57	986	273	3902	0,0,4,95,0,0	11055	0	516	163548	103380	70268	139208,139463,141447,144457,140477,138551,138551	3	28	25956,28973,59834,100430,45250,0,0	42	12377
160001	809	1331	1567	122	116	9	6	4	12003	848	1930	635	2020	33	65	956	267	3693	0,0,4,95,0,0	11045	0	456	163655	103736	70268	139075,139331,141320,144486,140536,138569,138569	3	15	25956,28973,59834,100440,45681,0,0	40	12298
160459	734	1278	1520	108	106	11	6	5	11738	848	1933	634	2011	36	41	871	234	3529	0,0,4,95,0,0	20226	0	402	163742	104054	70268	138914,139171,141168,144491,140570,138561,138561	2	20	25956,28973,59834,100449,46046,0,0	38	12225
160931	655	1177	1436	100	114	10	5	5	11528	848	1937	659	1954	33	45	840	206	3291	0,0,3,96,0,0	20138	0	355	163832	104323	70268	138759,139017,141018,144491,140597,138546,138546	2	20	25956,28973,59834,100456,46380,0,0	45	12155
161260	677	1078	1412	97	98	10	5	5	11313	848	1943	650	2009	27	51	812	213	3164	0,0,3,96,0,0	11003	0	434	163930	104663	70268	138634,138892,140897,144510,140645,138555,138555	2	21	25956,28973,59834,100464,46788,0,0	47	12075
161674	670	1017	1323	85	85	8	3	4	11076	850	1951	637	1989	26	46	794	204	2987	0,0,2,97,0,0	10876	0	371	164017	104949	70268	138489,138748,140758,144510,140674,138545,138545	2	16	25956,28973,59834,100466,47126,0,0	40	12007
162082	621	993	1228	75	84	7	2	4	10847	850	1953	654	1921	26	39	760	179	2831	0,0,2,97,0,0	10847	0	360	164119	105210	70268	138349,138610,140626,144524,140714,138546,138546	2	17	25956,28973,59834,100469,47469,0,0	35	11924
162524	556	983	1167	80	82	7	2	3	10533	850	1959	657	2052	28	42	702	177	2700	0,0,2,97,0,0	10836	0	308	164180	105459	70268	138192,138455,140476,144495,140710,138506,138506	2	16	25956,28973,59834,100473,47748,0,0	32	11874
162958	518	959	1120	82	79	5	2	3	10204	851	1965	659	2005	22	33	656	167	2598	0,0,1,97,0,0	10746	0	326	164270	105703	70268	138037,138301,140327,144482,140727,138482,138482	2	14	25956,28973,59834,100478,48049,5,0	25	11803
163436	463	854	1106	79	74	5	2	3	9904	852	1968	689	1988	19	32	637	155	2428	0,0,1,98,0,0	20091	0	245	164336	105885	70268	137884,138150,140183,144442,140714,138430,138430	1	7	25956,28973,59834,100484,48271,5,0	24	11744
163899	417	781	1081	70	72	7	1	3	9589	853	1973	679	1945	19	38	597	153	2276	0,0,1,97,0,0	19843	0	245	164388	106080	70268	137725,137991,140030,144396,140691,138370,138370	1	13	25956,28973,59834,100485,48498,7,0	29	11696
164346	403	666	1002	70	59	4	0	4	9360	853	1979	703	1915	12	27	550	127	2077	0,0,1,97,0,0	10720	0	220	164437	106255	70268	137555,137823,139867,144342,140661,138304,138304	1	12	25956,28973,59834,100485,48703,10,0	23	11653
164784	368	621	923	60	60	1	1	4	9084	853	1987	673	2028	16	25	525	120	1914	0,0,1,97,0,0	10568	0	203	164472	106429	70268	137385,137652,139702,144278,140619,138227,138227	1	8	25956,28973,59834,100489,48884,17,0	19	11619
165233	312	564	829	55	57	3	1	4	8844	853	1991	656	1922	16	31	505	112	1709	0,0,1,97,1,0	10684	0	155	164510	106548	70268	137218,137485,139543,144200,140563,138136,138136	1	7	25956,28973,59834,100489,49020,22,0	20	11587
165703	281	509	760	47	58	3	1	4	8532	853	1995	643	1897	13	23	471	110	1549	0,0,1,97,1,0	10491	0	165	164546	106677	70268	137048,137316,139379,144125,140509,138046,138046	1	13	25956,28973,59834,100490,49163,27,0	21	11555
166161	275	472	678	47	57	2	1	3	8196	853	2001	658	1942	8	31	446	119	1413	0,0,1,96,2,0	10650	0	145	164570	106801	70268	136864,137133,139202,144038,140444,137946,137946	1	10	25956,28973,59834,100492,49291,35,0	14	11536
166620	234	443	611	41	51	4	2	2	7877	853	2008	634	2003	16	19	411	98	1288	0,0,1,96,2,0	19871	0	110	164591	106894	70268	136699,136970,139045,143948,140376,137846,137846	1	7	25956,28973,59834,100492,49390,41,0	16	11521
167086	190	414	545	35	57	4	3	1	7547	853	2011	634	1791	12	18	386	96	1152	0,0,1,95,2,0	19796	0	102	164614	106979	70268	136538,136810,138892,143859,140307,137744,137744	1	5	25956,28973,59834,100493,49484,47,0	13	11504
167519	190	353	526	32	45	4	5	0	7204	853	2015	634	2024	14	26	367	101	1054	0,0,1,95,3,0	10453	0	108	164637	107067	70268	136371,136642,138733,143768,140236,137640,137640	1	8	25956,28973,59834,100496,49583,51,0	15	11489
167911	185	288	506	27	41	2	5	0	6911	853	2017	650	1802	5	12	351	82	972	0,0,1,94,4,0	10402	0	89	164665	107135	70268	136215,136486,138585,143679,140165,137541,137541	0	5	25956,28973,59834,100496,49664,62,0	15	11464
168370	161	277	448	29	28	2	5	0	6550	854	2022	652	1962	7	15	314	65	885	0,0,1,94,4,0	10360	0	85	164689	107198	70268	136034,136305,138413,143582,140089,137432,137432	0	6	25956,28973,59834,100497,49739,67,0	14	11444
168769	133	254	409	32	21	2	5	0	6243	854	2024	662	1799	4	11	295	65	791	0,0,1,92,5,0	10338	0	74	164700	107263	70268	135861,136131,138245,143479,140005,137319,137319	0	2	25956,28973,59834,100498,49802,76,0	12	11434
169135	129	233	378	21	19	2	4	0	5943	856	2026	652	1941	10	8	270	56	730	0,0,1,91,6,0	10394	0	77	164716	107330	70268	135710,135980,138101,143382,139925,137213,137213	0	7	25956,28973,59834,100498,49868,87,0	9	11423
169482	107	208	336	20	11	2	4	0	5688	856	2032	651	1764	6	7	232	45	643	0,0,1,91,7,0	19667	0	48	164726	107370	70268	135561,135832,137958,143287,139844,137107,137107	0	2	25956,28973,59834,100499,49912,90,0	9	11414
169871	91	202	299	14	17	3	3	1	5351	856	2038	643	1800	2	3	205	39	590	0,0,1,88,9,0	19614	0	52	164743	107412	70268	135406,135677,137808,143193,139764,137003,137002	0	1	25956,28973,59834,100499,49951,107,0	8	11400
170255	93	169	284	13	21	2	4	1	5008	856	2040	678	2005	5	12	171	40	546	0,0,1,87,11,0	10366	0	53	164755	107456	70268	135246,135519,137653,143088,139674,136888,136888	0	5	25956,28973,59834,100499,49994,118,0	8	11389
170567	94	156	253	14	14	1	3	2	4743	856	2043	633	1948	2	7	157	36	499	0,0,1,85,12,0	10245	0	57	164770	107502	70268	135099,135372,137511,142993,139592,136786,136785	0	0	25956,28973,59834,100499,50040,130,0	7	11375
170845	88	155	206	11	15	0	1	4	4521	856	2044	588	1916	2	4	137	25	451	0,0,2,84,13,0	10159	0	47	164783	107540	70268	134954,135227,137371,142897,139509,136683,136682	0	1	25956,28973,59834,100502,50075,140,0	3	11362
171132	75	141	190	11	13	1	1	3	4277	856	2046	651	1907	2	7	113	21	411	0,0,1,82,15,0	10191	0	42	164795	107571	70268	134813,135087,137235,142800,139423,136578,136577	0	2	25956,28973,59834,100503,50108,148,0	3	11353
171451	67	129	174	9	11	0	1	3	3997	856	2048	654	1818	1	5	101	22	369	0,0,2,80,17,0	10289	0	36	164802	107603	70268	134664,134939,137092,142693,139328,136462,136461	0	1	25956,28973,59834,100503,50135,159,0	3	11346
171733	64	105	168	9	8	0	1	3	3748	856	2051	663	1824	2	4	90	18	337	0,0,1,78,19,0	19517	0	28	164814	107625	70268	134528,134804,136963,142599,139246,136361,136359	0	1	25956,28973,59834,100503,50159,168,0	2	11335
171999	63	88	153	7	14	0	0	2	3510	856	2054	691	1779	3	3	78	11	314	0,0,1,75,23,0	19641	0	30	164820	107654	70268	134396,134673,136837,142506,139163,136261,136259	0	2	25956,28973,59834,100503,50179,182,0	0	11330
172257	50	91	133	7	9	0	1	1	3282	856	2059	697	1867	0	5	76	14	277	0,0,2,73,24,0	10192	0	27	164827	107675	70268	134259,134537,136705,142402,139069,136150,136148	0	0	25956,28973,59834,100504,50196,190,0	0	11324
172443	73	90	115	7	7	0	1	1	3090	856	2063	716	1826	1	3	63	14	279	0,0,2,70,26,0	10294	0	51	164844	107713	70268	134143,134421,136592,142322,138998,136066,136063	0	2	25956,28973,59834,100504,50227,212,0	2	11312
172616	99	88	102	7	9	0	1	1	2899	856	2068	691	1775	3	0	60	12	294	0,0,1,68,29,0	10115	0	55	164857	107760	70268	134026,134305,136478,142242,138928,135982,135979	0	4	25956,28973,59834,100505,50269,229,0	2	11300
172840	96	99	95	8	7	0	1	1	2672	856	2071	717	1791	1	4	54	12	294	0,0,1,65,33,0	10364	0	39	164865	107794	70268	133894,134172,136348,142146,138843,135882,135878	0	1	25956,28973,59834,100505,50289,250,0	3	11293
173016	86	132	89	6	7	0	1	1	2479	856	2073	727	1856	5	4	50	10	311	0,0,1,61,36,0	10045	0	53	164878	107839	70268	133774,134051,136232,142062,138767,135793,135789	0	3	25956,28973,59834,100506,50319,277,0	2	11281
173192	86	125	108	7	5	0	2	1	2290	856	2074	703	1924	2	2	49	14	319	0,0,1,60,38,0	19351	0	39	164884	107878	70268	133662,133940,136123,141981,138694,135707,135704	0	0	25956,28973,59834,100506,50343,296,0	2	11275
173348	72	130	127	10	6	0	2	1	2113	856	2081	672	1870	5	3	47	16	331	0,0,1,60,38,0	19686	0	41	164894	107911	70268	133558,133836,136022,141906,138626,135628,135624	0	3	25956,28973,59834,100506,50368,314,0	3	11267
173466	93	130	125	10	7	0	2	0	1973	856	2084	679	1744	1	3	48	20	347	0,0,1,57,41,0	10164	0	62	164909	107960	70268	133452,133732,135918,141829,138555,135548,135543	0	3	25956,28973,59834,100506,50400,344,0	3	11255
173587	105	124	124	12	7	0	2	0	1841	856	2088	688	1830	3	2	46	18	356	0,0,0,55,44,0	10052	0	59	164921	108012	70268	133343,133621,135809,141754,138487,135470,135464	0	7	25956,28973,59834,100506,50427,378,0	3	11248
173709	92	126	129	12	8	0	2	0	1722	856	2090	695	1916	2	6	47	21	348	0,0,0,51,47,0	10157	0	47	164933	108050	70268	133238,133515,135705,141671,138410,135384,135378	0	2	25956,28973,59834,100506,50444,407,0	8	11237
173780	116	137	140	7	7	1	1	1	1604	856	2096	713	2030	4	6	46	19	390	0,0,0,49,50,0	10267	0	79	164950	108118	70268	133147,133424,135616,141606,138352,135319,135312	0	7	25956,28973,59834,100507,50472,460,0	7	11225
173828	119	145	154	9	8	1	0	2	1521	856	2103	674	1918	3	3	49	21	415	0,0,0,47,52,0	10172	0	66	164961	108177	70268	133054,133333,135525,141531,138282,135243,135236	0	4	25956,28973,59834,100507,50500,499,0	6	11215
173882	123	177	145	8	8	1	0	2	1437	856	2107	677	1780	7	5	54	24	438	0,0,0,44,54,0	19260	0	77	164978	108247	70268	132975,133254,135447,141475,138233,135186,135178	0	9	25956,28973,59834,100507,50530,553,0	8	11200
173931	146	173	160	9	10	1	0	1	1351	856	2108	650	1766	8	3	59	26	473	0,0,0,39,59,0	19369	0	85	164988	108328	70268	132891,133169,135363,141417,138180,135128,135120	0	4	25956,28973,59834,100507,50551,617,0	9	11190
173961	160	202	154	12	6	1	0	1	1280	856	2113	665	1951	10	8	65	29	506	0,0,0,36,63,0	10118	0	95	165007	108413	70268	132803,133081,135275,141356,138125,135069,135059	0	8	25956,28973,59834,100507,50580,688,0	8	11174
173961	174	205	188	17	7	1	0	1	1218	856	2118	658	2000	7	4	74	33	559	0,0,0,34,64,0	10137	0	106	165033	108500	70268	132724,133003,135196,141310,138084,135023,135012	0	7	25956,28973,59834,100508,50610,767,0	9	11151
173959	179	234	194	13	11	2	0	1	1175	856	2122	673	1990	12	7	81	27	606	0,0,0,29,69,0	10016	0	110	165050	108597	70268	132645,132925,135119,141259,138039,134975,134963	0	6	25956,28973,59834,100508,50626,863,0	9	11135
173939	190	266	206	17	13	2	0	1	1127	856	2129	659	1793	8	4	85	32	662	0,0,0,26,73,0	10216	0	123	165069	108707	70268	132572,132851,135046,141214,138000,134931,134918	0	9	25956,28973,59834,100508,50648,968,0	12	11120
173907	208	272	235	21	9	1	0	1	1103	856	2133	659	1918	9	12	99	39	707	0,0,0,25,74,0	10209	0	128	165091	108815	70268	132503,132782,134976,141171,137961,134888,134875	0	8	25956,28973,59834,100508,50675,1068,0	8	11104
173889	200	277	268	19	15	1	0	1	1084	856	2136	707	1962	9	7	106	43	737	0,0,0,23,75,0	19539	0	109	165117	108901	70268	132441,132720,134913,141128,137923,134848,134833	0	7	25956,28973,59834,100508,50700,1154,0	10	11085
173854	206	268	287	25	23	1	0	1	1084	856	2141	705	1778	11	10	114	48	762	0,0,0,23,76,0	19409	0	127	165147	109001	70268	132380,132658,134851,141100,137898,134821,134805	0	7	25956,28973,59834,100508,50726,1254,0	13	11060
173792	217	282	288	23	22	1	0	1	1119	856	2145	688	1995	10	17	128	57	776	0,0,0,23,76,0	10169	0	134	165181	109103	70268	132316,132595,134789,141062,137867,134787,134771	0	7	25956,28973,59834,100508,50755,1358,0	10	11030
173716	238	300	307	20	20	1	1	1	1136	856	2150	695	1790	6	9	134	59	828	0,0,0,21,77,0	10219	0	153	165215	109226	70268	132260,132538,134731,141033,137843,134762,134745	0	8	25956,28973,59834,100508,50783,1484,0	10	11001
173650	264	310	315	11	19	1	1	0	1167	856	2152	704	1919	11	4	131	47	874	0,0,0,20,79,0	10192	0	148	165247	109351	70268	132200,132478,134670,141008,137822,134741,134721	0	8	25956,28973,59834,100508,50805,1618,0	14	10975
173579	266	356	338	11	22	1	1	0	1160	856	2156	726	1945	8	10	137	51	944	0,0,0,19,80,0	10217	0	161	165288	109476	70268	132146,132423,134614,140989,137807,134726,134704	0	6	25956,28973,59834,100508,50829,1754,0	14	10941
173482	282	384	336	19	21	1	1	0	1206	856	2158	709	1896	5	9	141	47	997	0,0,0,19,80,0	10353	0	178	165319	109626	70268	132093,132370,134560,140965,137787,134706,134682	0	9	25956,28973,59834,100508,50854,1907,0	13	10913
173393	288	397	373	23	28	1	0	0	1226	857	2160	711	2041	18	10	140	50	1060	0,0,0,18,81,0	19453	0	166	165355	109762	70268	132044,132320,134508,140950,137775,134695,134669	0	10	25956,28973,59834,100508,50875,2052,0	19	10880
173306	275	406	396	23	39	1	0	0	1280	857	2163	716	1924	7	8	154	58	1082	0,0,0,16,83,0	19523	0	166	165385	109901	70268	131994,132271,134457,140931,137761,134683,134654	0	6	25956,28973,59834,100508,50892,2202,0	18	10853
173163	333	418	410	31	37	1	0	0	1327	857	2169	714	1922	8	22	166	68	1162	0,0,0,16,83,0	10332	0	222	165435	110082	70268	131957,132232,134415,140934,137770,134693,134662	0	7	25956,28973,59834,100508,50924,2395,0	19	10810
173033	356	453	410	27	26	0	0	0	1414	857	2170	715	1956	8	14	168	58	1214	0,0,0,15,84,0	10423	0	205	165478	110251	70268	131912,132185,134368,140924,137764,134690,134656	0	8	25956,28973,59834,100508,50945,2583,0	13	10773
172902	361	469	442	26	29	1	0	0	1485	857	2174	716	1979	11	11	168	56	1272	0,0,0,14,85,0	10389	0	208	165507	110438	70268	131872,132145,134328,140911,137755,134683,134647	0	11	25956,28973,59834,100508,50964,2777,0	10	10747
172752	389	506	440	25	29	1	0	0	1566	857	2181	712	2072	11	13	165	55	1335	0,0,0,13,86,0	10263	0	241	165557	110634	70268	131840,132114,134294,140921,137769,134703,134661	0	12	25956,28973,59834,100508,50993,2994,0	10	10708
172567	446	487	488	24	30	1	0	0	1659	857	2187	664	1885	14	17	174	64	1412	0,0,0,11,88,0	10442	0	257	165611	110843	70268	131812,132085,134262,140939,137792,134730,134685	0	13	25956,28973,59834,100508,51014,3233,0	12	10663
172458	426	534	512	25	29	1	0	0	1713	857	2191	663	1916	15	12	192	71	1456	0,0,0,11,88,0	19468	0	219	165652	111023	70268	131775,132047,134222,140939,137796,134739,134689	0	13	25956,28973,59834,100508,51037,3428,0	11	10629
172307	387	626	540	33	31	1	0	0	1768	857	2196	679	1910	11	9	196	77	1541	0,0,0,10,89,0	19634	0	256	165697	111240	70268	131753,132025,134197,140957,137818,134766,134711	1	15	25956,28973,59834,100508,51053,3669,0	12	10594
172105	445	645	567	40	34	0	0	0	1851	857	2202	673	2028	18	17	211	82	1649	0,0,0,9,90,0	10250	0	298	165757	111485	70268	131733,132006,134173,140988,137854,134808,134748	1	15	25956,28973,59834,100508,51073,3950,0	6	10546
171897	522	618	640	49	41	0	0	0	1916	857	2206	665	1965	13	22	235	99	1771	0,0,0,8,91,0	10173	0	321	165819	111752	70268	131711,131984,134147,141022,137894,134855,134790	1	11	25956,28973,59834,100508,51087,4261,0	10	10495
171704	532	658	674	49	40	0	1	0	2021	857	2210	696	1982	17	18	246	102	1852	0,0,0,7,92,0	10401	0	301	165886	111994	70268	131691,131964,134124,141059,137935,134902,134832	1	17	25956,28973,59834,100508,51103,4548,0	5	10436
171476	548	735	682	40	42	0	1	0	2147	857	2218	664	1930	16	20	254	100	1948	0,0,0,7,92,0	10259	0	324	165931	112280	70268	131678,131950,134107,141088,137969,134943,134868	1	16	25956,28973,59834,100508,51122,4857,0	11	10401
171229	597	762	706	47	48	0	1	0	2276	857	2223	664	1907	13	22	263	107	2054	0,0,0,7,92,0	10392	0	371	166001	112585	70268	131665,131937,134090,141141,138029,135011,134929	1	18	25956,28973,59834,100508,51145,5205,0	7	10338
171085	601	722	757	50	51	1	1	0	2397	857	2224	707	1853	16	16	262	92	2091	0,0,0,7,92,0	19812	0	291	166054	112830	70268	131631,131902,134053,141169,138059,135051,134960	1	20	25956,28973,59834,100508,51159,5485,0	12	10290
170942	534	782	763	50	54	2	1	0	2532	857	2229	672	1807	19	29	283	109	2077	0,0,0,6,93,0	19592	0	275	166113	113055	70268	131610,131880,134030,141201,138095,135095,134996	1	15	25956,28973,59834,100508,51167,5757,0	9	10239
170699	572	821	769	49	57	5	2	0	2683	857	2232	688	2023	17	23	292	116	2159	0,0,0,5,94,0	10337	0	386	166182	113383	70268	131603,131871,134018,141267,138165,135174,135068	1	16	25956,28973,59834,100508,51177,6140,0	18	10181
170505	606	820	801	55	56	5	2	0	2802	857	2237	689	1942	13	29	305	126	2219	0,0,0,5,94,0	10455	0	343	166244	113673	70268	131589,131857,134001,141315,138219,135238,135122	1	17	25956,28973,59834,100508,51192,6472,0	24	10129
170283	624	849	848	55	59	5	2	0	2923	857	2241	679	1975	17	16	311	118	2324	0,0,0,5,94,0	10529	0	385	166308	114001	70268	131579,131846,133986,141370,138279,135308,135184	1	13	25956,28973,59834,100508,51211,6840,0	20	10077
170084	638	884	849	54	53	7	2	0	3074	857	2244	669	1937	26	26	317	120	2367	0,0,0,4,95,0	10391	0	356	166364	114305	70268	131565,131831,133967,141420,138333,135373,135241	1	13	25956,28973,59834,100508,51222,7186,0	25	10028
169858	685	854	922	61	59	8	3	0	3192	857	2247	670	1912	17	25	330	126	2466	0,0,0,4,95,0	10350	0	419	166447	114651	70268	131563,131828,133959,141491,138408,135462,135319	1	16	25956,28973,59834,100508,51236,7599,0	22	9954
169712	667	889	953	63	56	6	2	1	3291	857	2249	686	1980	22	26	343	131	2505	0,0,0,4,95,0	19928	0	338	166508	114936	70268	131542,131806,133934,141542,138462,135528,135373	1	18	25956,28973,59834,100508,51250,7927,0	31	9900
169527	589	967	987	56	51	5	2	2	3451	857	2252	677	1943	20	20	340	128	2529	0,0,0,4,95,0	19822	0	354	166572	115233	70268	131533,131798,133924,141604,138529,135605,135441	1	24	25956,28973,59834,100508,51260,8276,0	27	9848
169333	600	966	997	55	57	6	2	1	3618	857	2254	690	1911	13	27	348	134	2549	0,0,0,4,95,0	10612	0	371	166625	115558	70268	131526,131790,133912,141647,138577,135665,135491	1	15	25956,28973,59834,100508,51272,8633,0	24	9807
169105	642	952	1002	66	62	6	3	1	3787	857	2263	678	1961	25	29	357	128	2605	0,0,0,3,96,0	10378	0	418	166692	115917	70268	131523,131787,133907,141714,138650,135752,135566	1	13	25956,28973,59834,100508,51280,9046,0	30	9754
168934	638	939	1021	67	62	4	3	1	3952	857	2268	657	1981	15	26	363	131	2603	0,0,0,3,96,0	10453	0	369	166758	116224	70268	131509,131772,133889,141778,138719,135832,135635	1	18	25956,28973,59834,100508,51287,9410,0	27	9696
168786	628	925	1022	63	77	3	2	2	4109	857	2272	658	1950	19	40	380	146	2574	0,0,0,3,96,0	10497	0	357	166814	116536	70268	131482,131743,133861,141825,138771,135898,135688	1	16	25956,28973,59834,100508,51296,9766,0	17	9644
168679	588	928	1031	62	80	3	2	2	4235	857	2279	633	1929	17	31	393	147	2547	0,0,0,2,97,0	10362	0	349	166869	116839	70268	131459,131718,133835,141857,138807,135950,135725	1	11	25956,28973,59834,100508,51301,10114,0	16	9599
168607	543	895	1030	65	73	4	3	2	4381	857	2286	639	1927	31	29	403	136	2477	0,0,0,2,97,0	19793	0	307	166924	117094	70268	131431,131689,133807,141889,138843,135999,135760	1	16	25956,28973,59834,100508,51305,10417,0	20	9560
168555	518	845	1062	65	65	2	5	1	4481	857	2290	626	2043	17	37	423	146	2416	0,0,0,2,97,0	19861	0	303	166977	117349	70268	131395,131653,133770,141919,138877,136047,135792	1	22	25956,28973,59834,100508,51310,10716,0	27	9513
168527	531	827	1002	53	71	1	3	2	4577	857	2295	642	1941	19	34	428	144	2344	0,0,0,1,98,0	10514	0	321	167042	117615	70268	131345,131605,133722,141952,138911,136098,135825	1	11	25956,28973,59834,100508,51312,11040,0	22	9462
168499	531	790	957	41	67	0	3	3	4699	857	2299	645	1928	23	29	432	133	2256	0,0,0,1,98,0	10504	0	301	167094	117868	70268	131297,131559,133674,141971,138932,136135,135845	1	16	25956,28973,59834,100508,51317,11337,0	24	9419
168541	502	764	902	54	73	0	1	4	4747	857	2301	637	1959	18	22	437	131	2165	0,0,0,1,98,0	10425	0	255	167135	118087	70268	131231,131492,133607,141979,138940,136160,135852	1	12	25956,28973,59834,100508,51320,11592,0	22	9384
168577	421	746	894	57	68	1	1	4	4817	857	2303	608	1911	10	32	437	140	2048	0,0,0,1,98,0	10629	0	223	167168	118285	70268	131161,131421,133537,141968,138930,136165,135841	1	9	25956,28973,59834,100508,51323,11817,0	21	9359
168597	419	725	875	64	59	1	1	5	4837	857	2306	654	1857	22	27	424	119	2025	0,0,0,1,98,0	10410	0	272	167205	118523	70268	131095,131356,133472,141972,138934,136188,135845	1	9	25956,28973,59834,100508,51326,12083,0	23	9328
168678	401	662	838	57	66	1	1	5	4869	857	2311	653	1758	16	28	429	125	1901	0,0,0,1,98,0	19970	0	215	167239	118706	70268	131021,131283,133399,141967,138927,136198,135837	1	21	25956,28973,59834,100508,51328,12295,0	28	9297
168757	345	620	823	39	66	1	2	5	4912	857	2319	653	1988	13	28	416	125	1771	0,0,0,1,98,0	19764	0	199	167271	118879	70268	130954,131218,133335,141960,138919,136205,135827	1	13	25956,28973,59834,100508,51332,12492,0	20	9271
168870	339	570	810	39	51	2	2	5	4878	857	2323	648	2055	20	26	406	118	1695	0,0,0,1,98,0	10551	0	202	167297	119059	70268	130866,131130,133250,141934,138893,136196,135799	1	9	25956,28973,59834,100508,51333,12694,0	24	9245
168986	347	515	750	45	45	1	2	3	4869	857	2326	666	2002	16	17	397	113	1592	0,0,0,1,98,0	10419	0	194	167331	119224	70268	130775,131039,133161,141913,138872,136192,135776	1	8	25956,28973,59834,100508,51334,12890,0	24	9217
169096	317	476	702	43	36	1	2	2	4886	857	2328	646	1929	8	16	368	103	1474	0,0,0,1,98,0	10537	0	161	167355	119364	70268	130689,130952,133075,141880,138837,136173,135740	1	2	25956,28973,59834,100508,51335,13048,0	14	9200
169224	302	499	642	38	36	1	2	1	4810	857	2334	621	1925	12	17	338	96	1424	0,0,0,1,98,0	10597	0	190	167389	119524	70268	130599,130862,132984,141866,138821,136174,135721	1	7	25956,28973,59834,100508,51337,13238,0	10	9175
169317	313	460	613	42	32	2	2	0	4773	857	2335	639	1763	8	11	313	84	1380	0,0,0,1,98,0	10347	0	183	167421	119678	70268	130515,130780,132903,141850,138804,136172,135702	1	9	25956,28973,59834,100508,51337,13421,0	10	9145
169461	282	438	603	44	34	5	2	0	4680	857	2340	623	1784	10	11	294	86	1322	0,0,0,0,99,0	19571	0	139	167445	119802	70268	130423,130687,132813,141820,138772,136156,135668	0	11	25956,28973,59834,100508,51337,13565,0	12	9123
169628	251	400	566	40	36	6	0	2	4620	857	2340	656	1785	12	17	275	81	1218	0,0,0,1,98,0	19593	0	124	167461	119918	70268	130323,130587,132715,141780,138730,136130,135623	0	10	25956,28973,59834,100508,51340,13692,0	12	9113
169771	255	401	521	39	35	4	1	2	4519	857	2341	649	2019	8	21	270	88	1168	0,0,0,0,99,0	10314	0	169	167489	120061	70268	130229,130495,132625,141743,138692,136108,135582	0	8	25956,28973,59834,100508,51341,13859,0	11	9093
169950	251	373	493	44	33	6	1	2	4390	857	2346	643	1874	11	13	258	72	1129	0,0,0,0,99,0	10294	0	130	167509	120178	70268	130119,130384,132516,141698,138644,136077,135532	0	4	25956,28973,59834,100508,51341,13994,0	12	9074
170097	228	382	453	38	34	6	1	2	4292	857	2356	628	1927	5	16	246	80	1062	0,0,0,0,99,0	10288	0	136	167541	120286	70268	130021,130286,132422,141666,138610,136059,135495	0	4	25956,28973,59834,100508,51342,14130,0	11	9044
170228	238	350	433	35	25	6	1	2	4209	857	2362	620	1808	6	11	224	71	1017	0,0,0,0,99,0	10188	0	131	167559	120405	70268	129921,130186,132323,141625,138568,136033,135452	0	6	25956,28973,59834,100508,51342,14265,0	10	9026
170378	232	324	444	24	26	5	1	2	4090	857	2363	613	1754	6	7	209	58	998	0,0,0,0,99,0	10235	0	123	167583	120508	70268	129815,130080,132219,141582,138524,136003,135405	0	2	25956,28973,59834,100508,51343,14390,0	7	9006
170536	215	330	412	18	27	4	1	2	3976	857	2368	603	1982	4	11	194	58	949	0,0,0,0,99,0	19674	0	114	167599	120610	70268	129714,129979,132122,141539,138479,135973,135356	0	3	25956,28973,59834,100508,51344,14504,0	7	8992
170691	180	320	366	21	24	1	1	2	3912	857	2371	632	1840	9	8	176	45	868	0,0,0,0,99,0	19557	0	85	167612	120687	70268	129618,129883,132029,141492,138431,135937,135305	0	9	25956,28973,59834,100508,51344,14592,0	3	8982
170864	178	295	379	28	21	1	0	3	3747	857	2373	656	1748	4	8	173	46	856	0,0,0,0,99,0	10192	0	110	167625	120789	70268	129508,129774,131922,141434,138371,135892,135242	0	3	25956,28973,59834,100508,51344,14702,0	3	8971
171049	192	253	360	24	19	1	0	3	3611	857	2377	615	1967	3	14	169	42	807	0,0,0,0,99,0	10275	0	99	167642	120873	70268	129395,129661,131811,141383,138317,135853,135185	0	5	25956,28973,59834,100508,51344,14800,0	6	8958
171218	169	261	342	22	18	0	0	3	3476	857	2380	595	2003	9	8	153	33	779	0,0,0,0,99,0	10164	0	83	167652	120956	70268	129286,129553,131705,141324,138256,135805,135121	0	3	25956,28973,59834,100508,51344,14891,0	3	8949
171366	161	252	331	18	18	0	0	3	3356	857	2384	604	1950	5	9	140	33	747	0,0,0,0,99,0	10278	0	97	167667	121043	70268	129183,129451,131605,141270,138199,135764,135063	0	3	25956,28973,59834,100508,51344,14988,0	2	8938
171491	147	249	309	16	19	1	0	2	3270	857	2385	611	1782	6	5	134	34	707	0,0,0,0,99,0	10190	0	78	167682	121109	70268	129080,129349,131506,141210,138136,135714,134999	0	2	25956,28973,59834,100508,51344,15068,0	2	8925
171639	138	228	312	21	16	1	0	2	3145	857	2387	612	2061	2	11	131	39	677	0,0,0,0,99,0	19448	0	81	167690	121189	70268	128981,129250,131410,141159,138083,135672,134943	0	10	25956,28973,59834,100508,51344,15154,0	2	8918
171793	135	220	274	18	15	1	1	2	3040	857	2390	655	1740	3	10	127	37	627	0,0,0,0,99,0	19300	0	64	167694	121252	70268	128877,129146,131308,141098,138020,135622,134878	0	1	25956,28973,59834,100508,51344,15221,0	1	8915
171948	118	208	256	15	21	1	1	2	2928	857	2391	613	1779	5	10	125	40	580	0,0,0,0,100,0	10217	0	61	167708	121304	70268	128768,129039,131201,141035,137955,135568,134811	0	4	25956,28973,59834,100508,51344,15286,0	3	8904
172103	103	193	243	15	18	1	0	3	2817	857	2393	626	1939	4	7	122	41	532	0,0,0,0,100,0	10066	0	54	167721	121349	70268	128654,128925,131089,140971,137888,135512,134742	0	3	25956,28973,59834,100508,51344,15342,0	4	8894
172218	120	175	230	24	19	1	1	2	2703	857	2396	603	1772	6	5	118	36	534	0,0,0,0,100,0	10108	0	83	167733	121423	70268	128556,128827,130993,140919,137835,135470,134687	0	3	25956,28973,59834,100508,51344,15427,0	6	8882
172361	111	152	219	25	16	1	0	3	2598	857	2403	604	1911	3	9	118	34	490	0,0,0,0,100,0	10189	0	46	167741	121467	70268	128453,128723,130892,140855,137766,135413,134617	0	0	25956,28973,59834,100508,51344,15479,0	5	8877
172468	82	168	203	20	13	1	0	2	2526	857	2406	620	1923	3	7	107	31	456	0,0,0,0,100,0	10102	0	51	167749	121513	70268	128348,128619,130790,140796,137704,135361,134553	0	4	25956,28973,59834,100508,51344,15533,0	4	8870
172586	87	169	196	14	9	1	0	2	2411	857	2414	619	1786	2	1	99	26	450	0,0,0,0,100,0	19445	0	61	167758	121566	70268	128256,128527,130700,140744,137648,135316,134496	0	2	25956,28973,59834,100508,51344,15594,0	2	8862
172728	79	141	194	12	17	1	0	2	2296	857	2419	617	1813	4	3	88	18	426	0,0,0,0,100,0	19389	0	38	167769	121597	70268	128160,128430,130606,140687,137590,135267,134435	0	0	25956,28973,59834,100508,51344,15636,0	1	8853
172868	78	144	184	10	16	1	0	1	2164	857	2423	633	1785	4	8	91	20	413	0,0,0,0,100,0	10112	0	50	167778	121644	70268	128050,128322,130500,140623,137524,135211,134367	0	4	25956,28973,59834,100508,51344,15692,0	0	8845
172975	84	129	176	12	13	2	0	1	2068	857	2429	614	1929	1	8	84	24	392	0,0,0,0,100,0	10195	0	45	167785	121688	70268	127947,128219,130399,140560,137457,135155,134300	0	2	25956,28973,59834,100508,51344,15742,0	1	8840
173090	90	119	167	6	8	2	0	1	1972	857	2434	640	1821	4	2	70	17	375	0,0,0,0,100,0	10283	0	42	167789	121731	70268	127844,128115,130298,140494,137390,135096,134231	0	0	25956,28973,59834,100508,51344,15788,0	2	8836
173196	92	118	153	7	12	2	0	1	1873	857	2435	608	1924	0	4	72	21	363	0,0,0,0,100,0	10167	0	43	167798	121772	70268	127742,128012,130197,140435,137328,135043,134168	0	1	25956,28973,59834,100508,51344,15837,0	2	8829
173300	97	119	142	9	10	2	0	1	1772	857	2437	624	1771	2	5	67	20	359	0,0,0,0,100,0	10022	0	46	167806	121814	70268	127636,127908,130095,140370,137260,134984,134100	0	0	25956,28973,59834,100508,51344,15883,0	2	8822
173404	78	127	130	11	7	2	0	1	1687	857	2442	660	1800	1	3	63	17	338	0,0,0,0,100,0	19416	0	34	167811	121849	70268	127539,127811,129999,140312,137199,134932,134038	0	1	25956,28973,59834,100508,51344,15921,0	2	8817
173474	68	111	143	12	8	2	0	1	1623	857	2447	618	1798	1	2	55	16	328	0,0,0,0,100,0	19577	0	33	167817	121884	70268	127454,127725,129914,140260,137145,134884,133983	0	0	25956,28973,59834,100508,51344,15960,0	2	8812
173551	67	112	129	9	9	2	0	1	1558	857	2451	635	1804	0	7	52	16	312	0,0,0,0,100,0	10171	0	35	167825	121917	70268	127358,127630,129820,140196,137080,134826,133917	0	3	25956,28973,59834,100508,51344,15999,0	3	8806
173609	69	112	114	9	8	1	0	1	1508	857	2458	636	1780	1	5	54	15	298	0,0,0,0,100,0	10103	0	42	167836	121951	70268	127268,127540,129732,140140,137023,134775,133860	0	2	25956,28973,59834,100508,51344,16042,0	2	8796
173704	58	105	130	10	8	0	0	0	1415	857	2459	651	1760	2	3	55	15	296	0,0,0,0,100,0	10073	0	28	167842	121979	70268	127171,127443,129635,140078,136959,134717,133795	0	1	25956,28973,59834,100508,51344,16076,0	1	8791
173791	52	92	125	12	11	0	0	0	1343	857	2463	672	1814	0	1	50	14	278	0,0,0,0,100,0	10128	0	24	167850	122000	70268	127074,127346,129540,140015,136896,134660,133729	0	0	25956,28973,59834,100508,51344,16105,0	0	8783
173854	56	85	122	12	17	0	0	0	1277	857	2466	676	2009	5	6	47	16	276	0,0,0,0,100,0	10135	0	33	167857	122034	70268	126980,127252,129447,139957,136836,134605,133668	0	2	25956,28973,59834,100508,51344,16145,0	0	8778
173918	60	88	103	7	11	0	0	0	1235	857	2467	687	1775	2	6	55	17	252	0,0,0,0,100,0	19451	0	28	167864	122062	70268	126893,127165,129362,139903,136780,134556,133612	0	2	25956,28973,59834,100508,51344,16177,0	0	8771
173997	49	95	98	7	5	0	0	0	1169	857	2469	702	1795	2	3	55	16	238	0,0,0,0,100,0	19266	0	20	167868	122081	70268	126804,127078,129275,139847,136723,134503,133553	0	0	25956,28973,59834,100508,51344,16200,0	1	8768
174036	59	101	88	6	4	0	0	0	1122	857	2473	705	1780	0	3	55	15	243	0,0,0,0,100,0	10159	0	40	167876	122122	70268	126711,126985,129182,139790,136666,134452,133496	0	1	25956,28973,59834,100508,51344,16248,0	0	8760
174101	59	86	90	8	5	0	0	0	1062	857	2478	690	1808	0	2	53	10	238	0,0,0,0,100,0	10126	0	25	167884	122142	70268	126614,126888,129087,139730,136603,134395,133433	0	1	25956,28973,59834,100508,51344,16276,0	2	8752
174142	49	96	94	6	3	0	0	0	1015	857	2484	690	1856	2	1	48	11	237	0,0,0,0,100,0	10162	0	31	167890	122170	70268	126523,126798,128997,139671,136545,134341,133374	0	0	25956,28973,59834,100508,51344,16308,0	0	8747
174200	54	95	73	8	5	0	0	0	966	857	2488	673	1766	2	4	45	12	223	0,0,0,0,100,0	10256	0	26	167898	122191	70268	126432,126708,128907,139612,136487,134287,133314	0	1	25956,28973,59834,100508,51344,16337,0	2	8740
174236	50	88	86	9	6	0	0	0	924	857	2490	692	1968	2	5	43	16	223	0,0,0,0,100,0	10030	0	25	167905	122212	70268	126344,126619,128819,139553,136426,134230,133253	0	2	25956,28973,59834,100508,51344,16365,0	3	8734
174293	47	83	91	4	7	0	0	0	871	857	2493	680	1800	1	4	44	12	220	0,0,0,0,100,0	19369	0	23	167910	122234	70268	126260,126535,128736,139498,136370,134179,133196	0	0	25956,28973,59834,100508,51344,16392,0	6	8730
174331	56	80	97	3	4	0	0	0	822	857	2496	669	1757	7	0	43	9	231	0,0,0,0,100,0	19442	0	32	167922	122260	70268	126182,126456,128658,139451,136322,134136,133148	0	5	25956,28973,59834,100508,51344,16430,0	8	8718
174364	54	73	95	6	4	0	0	0	794	857	2499	663	1836	0	2	43	13	219	0,0,0,0,100,0	10234	0	22	167929	122279	70268	126093,126367,128570,139392,136263,134080,133088	0	0	25956,28973,59834,100508,51344,16455,0	8	8711
