S	E	I1	I2	I3	I4	I5_h	I6_h	R_h	R	D1	D2	H	T	P1	P2	Q	QT	NQ	MUT	HOM	VAC	NI	INF	REINF	BSTR	IMM	HCI	HCE	INFV	INFH	VNI
178111	117	110	55	33	35	9	6	0	267	3	0	204	0	0	0	65	65	300	0,0,0,0,0,0	178743	0	0	365	0	0	635,635,635,635,635,635,635	0	0	0,0,0,0,0,0,0	0	0
178055	97	171	58	34	26	10	5	0	286	4	0	322	315	0	81	211	71	330	0,0,0,0,0,0	12316	0	64	429	0	0	691,691,691,691,691,691,691	0	7	64,0,0,0,0,0,0	14	0
177986	106	185	80	36	32	9	5	0	300	4	3	400	244	1	6	260	70	383	0,0,0,0,0,0	12893	0	79	508	0	0	760,760,760,760,760,760,760	0	7	143,0,0,0,0,0,0	13	0
177925	109	213	87	38	33	9	4	1	316	4	7	455	261	0	17	322	85	408	0,0,0,0,0,0	12855	0	76	584	0	0	822,822,822,822,822,822,822	0	6	219,0,0,0,0,0,0	17	0
177861	118	223	85	42	42	9	4	1	348	4	9	522	75	0	9	368	80	443	0,0,0,0,0,0	24837	0	76	660	0	0	888,888,888,888,888,888,888	0	9	295,0,0,0,0,0,0	18	0
177795	112	239	97	56	48	8	5	1	367	4	14	564	109	0	19	439	106	459	0,0,0,0,0,0	24852	0	72	732	0	0	955,955,955,955,955,955,955	0	4	367,0,0,0,0,0,0	19	0
177717	124	232	124	61	55	10	6	1	394	4	18	599	248	1	19	523	128	484	0,0,0,0,0,0	13328	0	89	821	0	0	1036,1036,1036,1036,1036,1036,1036	0	6	456,0,0,0,0,0,0	19	0
177648	133	245	126	59	54	11	7	1	436	4	22	629	99	0	23	639	155	480	0,0,0,0,0,0	13256	0	85	906	0	0	1112,1112,1112,1110,1110,1110,1110	0	10	541,0,0,0,0,0,0	22	0
177557	138	266	119	66	58	11	6	2	492	4	27	659	273	0	20	810	168	496	0,0,0,0,0,0	13562	0	101	1007	0	0	1209,1208,1208,1206,1206,1206,1206	0	8	642,0,0,0,0,0,0	23	0
177478	150	267	127	69	66	12	9	1	528	4	35	629	81	1	25	1008	193	507	0,0,0,0,0,0	13743	0	98	1104	1	0	1296,1295,1295,1292,1292,1292,1292	0	6	740,0,0,0,0,0,0	28	0
177404	153	293	138	62	68	12	11	2	560	5	38	649	90	0	31	1191	210	527	0,0,0,0,0,0	13809	0	99	1204	1	0	1382,1380,1380,1374,1374,1374,1374	1	9	840,0,0,0,0,0,0	27	0
177347	149	287	154	76	77	14	12	3	582	5	40	658	256	1	21	1145	231	538	0,0,0,0,0,0	25773	0	89	1291	3	0	1453,1451,1451,1441,1441,1441,1441	1	7	929,0,0,0,0,0,0	36	0
177284	134	300	192	69	70	15	13	3	614	5	47	644	224	0	35	1275	283	510	0,0,0,0,0,0	26020	0	89	1380	4	0	1533,1529,1529,1516,1516,1516,1516	1	7	1019,0,0,0,0,0,0	39	0
177203	139	313	205	73	65	18	14	2	662	5	47	640	277	2	22	1706	291	536	0,0,0,0,0,0	14491	0	105	1487	4	0	1628,1623,1623,1607,1607,1607,1607	1	17	1126,0,0,0,0,0,0	37	0
177127	170	302	194	76	78	17	15	1	712	5	49	659	342	2	22	1776	293	559	0,0,0,0,0,0	14485	0	109	1595	5	0	1722,1716,1716,1695,1695,1695,1695	1	10	1235,0,0,0,0,0,0	38	0
177059	172	292	206	86	85	18	16	1	752	5	54	654	250	0	29	1898	299	576	0,0,0,0,0,0	14708	0	102	1694	8	0	1810,1802,1802,1776,1776,1776,1776	1	11	1337,0,0,0,0,0,0	43	0
176983	169	296	220	84	85	21	18	2	803	5	60	674	252	0	32	2148	301	592	0,0,0,0,0,0	14926	0	114	1808	8	0	1919,1909,1909,1872,1872,1872,1872	1	8	1451,0,0,0,0,0,0	45	0
176924	161	331	215	78	92	23	17	3	833	6	63	711	233	1	26	2267	307	610	0,0,0,0,0,0	15173	0	117	1925	9	0	2022,2008,2008,1957,1957,1957,1957	1	21	1569,0,0,0,0,0,0	52	0
176850	173	325	235	78	98	24	16	3	869	8	67	708	311	0	31	2329	327	622	0,0,0,0,0,0	27024	0	117	2041	11	0	2131,2114,2114,2051,2051,2051,2051	1	7	1687,0,0,0,0,0,0	48	0
176780	177	333	231	87	110	21	17	3	909	9	69	701	152	2	29	2486	346	630	0,0,0,0,0,0	27019	0	113	2153	12	0	2234,2213,2213,2140,2140,2140,2140	1	11	1800,0,0,0,0,0,0	51	0
176715	172	341	256	81	100	25	15	4	953	11	73	697	254	4	44	2726	372	618	0,0,0,0,0,0	15769	0	113	2266	15	0	2336,2312,2312,2226,2226,2226,2226	1	15	1915,0,0,0,0,0,0	50	0
176631	185	352	250	79	93	28	16	3	1017	13	79	692	260	1	31	2912	346	657	0,0,0,0,0,0	15762	0	138	2402	17	0	2466,2437,2437,2335,2335,2335,2335	1	11	2052,0,0,0,0,0,0	54	0
176548	201	380	236	88	94	24	17	2	1060	14	82	673	270	2	35	2696	335	705	0,0,0,0,0,0	15690	0	144	2545	18	0	2595,2562,2562,2445,2445,2445,2445	1	18	2196,0,0,0,0,0,0	59	0
176472	212	381	259	84	93	24	17	2	1102	15	85	687	220	2	24	2839	336	734	0,0,0,0,0,0	15593	0	132	2677	19	0	2722,2684,2684,2548,2548,2548,2548	1	15	2329,0,0,0,0,0,0	62	0
176362	214	427	268	92	112	24	16	3	1126	17	85	737	268	4	25	2836	357	796	0,0,0,0,0,0	15764	0	164	2842	19	0	2873,2831,2831,2682,2682,2682,2682	2	20	2494,0,0,0,0,0,0	61	0
176276	213	441	270	96	123	23	13	3	1180	20	88	718	255	2	36	2673	353	826	0,0,0,0,0,0	27270	0	141	2984	19	0	3008,2962,2962,2796,2796,2796,2796	2	11	2636,0,0,0,0,0,0	68	0
176194	202	470	259	104	130	22	11	3	1240	22	89	727	260	5	49	2664	374	824	0,0,0,0,0,0	27269	0	147	3132	19	0	3144,3092,3092,2907,2907,2907,2907	2	11	2784,0,0,0,0,0,0	68	0
176092	223	473	273	114	133	21	12	2	1287	23	93	741	262	0	37	2807	367	882	0,0,0,0,0,0	15883	0	161	3294	19	0	3297,3241,3241,3038,3038,3038,3038	2	19	2946,0,0,0,0,0,0	59	0
175988	243	502	289	113	131	16	13	2	1329	23	97	699	258	4	48	2563	381	926	0,0,0,0,0,0	15819	0	190	3482	21	0	3473,3409,3409,3181,3181,3181,3181	2	28	3134,0,0,0,0,0,0	60	0
175883	258	524	300	123	130	21	13	1	1366	23	104	708	327	6	49	2608	384	985	0,0,0,0,0,0	15419	0	183	3666	21	0	3648,3577,3577,3323,3323,3323,3323	2	12	3318,0,0,0,0,0,0	63	0
175784	261	527	317	143	147	21	14	0	1399	24	109	705	107	4	51	2771	420	1010	0,0,0,0,0,0	15513	0	180	3847	22	0	3822,3743,3743,3463,3463,3463,3463	2	16	3499,0,0,0,0,0,0	61	0
175702	260	558	333	150	140	21	13	0	1433	26	110	674	261	2	40	2891	428	1047	0,0,0,0,0,0	15640	0	187	4033	23	0	3992,3905,3905,3592,3592,3592,3592	2	19	3685,0,0,0,0,0,0	60	0
175612	251	554	360	153	150	20	19	0	1486	27	114	684	243	1	43	2854	424	1083	0,0,0,0,0,0	27279	0	173	4206	24	0	4155,4061,4061,3721,3721,3721,3721	2	13	3858,0,0,0,0,0,0	68	0
175489	277	566	337	174	167	26	19	1	1542	27	121	680	321	3	49	3099	449	1117	0,0,0,0,0,0	27488	0	208	4415	25	0	4359,4256,4256,3887,3887,3887,3887	2	17	4067,0,0,0,0,0,0	79	0
175371	297	584	349	182	166	34	16	2	1594	30	121	690	268	3	72	3708	525	1103	0,0,0,0,0,0	16383	0	207	4622	26	0	4554,4443,4443,4046,4046,4046,4046	2	22	4274,0,0,0,0,0,0	85	0
175264	320	585	362	165	185	34	17	1	1656	31	126	652	279	3	54	3885	529	1139	0,0,0,0,0,0	16608	0	212	4837	29	0	4758,4637,4637,4202,4202,4202,4202	2	22	4490,0,0,0,0,0,0	88	0
175129	353	588	363	166	178	41	19	3	1747	31	128	668	338	3	61	4042	532	1176	0,0,0,0,0,0	17013	0	223	5062	29	0	4974,4845,4845,4380,4380,4380,4380	2	18	4715,0,0,0,0,0,0	95	0
175008	361	634	378	167	165	45	20	3	1801	33	131	651	249	5	56	4432	553	1217	0,0,0,0,0,0	17044	0	219	5279	32	0	5182,5043,5043,4545,4545,4545,4545	2	23	4933,0,0,0,0,0,0	111	0
174873	375	684	377	173	179	45	23	2	1850	34	131	639	251	2	66	4524	570	1286	0,0,0,0,0,0	17279	0	245	5523	34	0	5414,5265,5265,4731,4731,4731,4731	2	23	5177,0,0,0,0,0,0	117	0
174788	356	689	396	173	172	52	23	3	1925	35	134	609	242	3	45	4218	569	1292	0,0,0,0,0,0	28717	0	188	5712	35	0	5596,5437,5437,4865,4865,4865,4865	2	13	5366,0,0,0,0,0,0	120	0
174679	326	732	422	179	170	53	22	3	1987	36	137	616	298	0	63	4165	579	1325	0,0,0,0,0,0	28556	0	219	5931	36	0	5806,5637,5637,5027,5027,5027,5027	2	20	5585,0,0,0,0,0,0	133	0
174516	339	766	456	193	170	52	24	3	2050	38	139	603	251	4	65	4527	635	1365	0,0,0,0,0,0	17771	0	272	6202	38	0	6071,5890,5890,5241,5241,5241,5241	3	37	5856,0,0,0,0,0,0	129	0
174371	371	796	443	203	187	50	28	3	2115	38	141	557	251	1	64	5006	669	1409	0,0,0,0,0,0	17552	0	277	6479	40	0	6336,6143,6143,5448,5448,5448,5448	3	37	6133,0,0,0,0,0,0	133	0
174187	413	821	448	213	207	55	29	3	2188	39	143	560	312	3	76	5021	699	1487	0,0,0,0,0,0	17885	0	298	6776	43	0	6624,6420,6420,5685,5685,5685,5685	3	35	6430,0,0,0,0,0,0	135	0
174048	423	834	492	223	221	54	30	3	2231	41	146	558	253	3	64	5024	717	1560	0,0,0,0,0,0	17918	0	275	7051	43	0	6890,6673,6673,5890,5890,5890,5890	3	30	6705,0,0,0,0,0,0	138	0
173904	427	855	506	221	225	58	30	2	2322	45	151	567	241	3	76	5198	722	1600	0,0,0,0,0,0	17899	0	275	7325	45	0	7157,6927,6927,6097,6097,6097,6097	3	27	6979,0,0,0,0,0,0	131	0
173810	426	859	532	211	237	57	29	2	2379	49	155	585	243	2	71	5129	736	1615	0,0,0,0,0,0	29373	0	253	7578	47	0	7404,7158,7158,6268,6268,6268,6268	3	19	7233,0,0,0,0,0,0	131	0
173693	431	850	538	231	238	65	30	2	2459	50	159	584	302	6	74	5305	754	1629	0,0,0,0,0,0	29619	0	267	7845	49	0	7664,7402,7402,6457,6457,6457,6457	4	22	7500,0,0,0,0,0,0	139	0
173569	432	863	574	245	240	69	27	3	2507	56	161	580	274	10	73	5623	795	1655	0,0,0,0,0,0	18487	0	296	8141	50	0	7950,7671,7671,6664,6664,6664,6664	4	33	7796,0,0,0,0,0,0	142	0
173432	461	864	561	259	242	68	28	3	2605	58	165	554	314	9	89	5872	825	1658	0,0,0,0,0,0	18321	0	291	8429	54	0	8229,7935,7935,6871,6871,6871,6871	4	36	8084,0,0,0,0,0,0	142	0
173282	466	904	547	262	243	69	31	3	2709	60	170	514	325	6	77	5916	839	1683	0,0,0,0,0,0	34190	0	301	8731	55	0	8524,8214,8214,7094,7094,7094,7094	4	48	8386,0,0,0,0,0,0	141	0
173147	460	910	564	279	239	71	31	3	2809	60	173	521	236	1	72	6072	852	1702	0,0,0,0,0,0	34191	0	278	9007	57	0	8793,8469,8469,7296,7296,7296,7296	4	23	8662,0,0,0,0,0,0	142	0
173049	439	925	557	276	258	73	31	3	2901	60	174	561	257	1	78	5986	838	1721	0,0,0,0,0,0	34047	0	289	9296	57	0	9071,8727,8727,7484,7484,7484,7484	4	36	8951,0,0,0,0,0,0	148	0
172961	459	904	565	290	284	78	32	3	2931	63	176	527	264	4	78	5881	890	1722	0,0,0,0,0,0	46954	0	292	9588	60	0	9352,8988,8988,7670,7670,7670,7670	4	28	9244,0,0,0,0,0,0	166	0
172877	447	882	572	292	280	81	32	2	3034	68	179	520	248	4	84	5702	894	1692	0,0,0,0,0,0	47273	0	266	9852	63	0	9606,9224,9224,7839,7839,7839,7839	4	20	9508,0,0,0,0,0,0	162	0
172743	453	879	566	302	282	80	35	2	3150	70	184	490	273	10	98	6491	914	1683	0,0,0,0,0,0	34557	0	276	10128	67	0	9877,9480,9480,8042,8042,8042,8042	4	31	9785,0,0,0,0,0,0	154	0
172641	441	904	539	295	279	77	37	1	3273	71	188	484	310	5	96	6786	967	1605	0,0,0,0,0,0	34554	0	279	10405	71	0	10144,9729,9729,8225,8225,8225,8225	4	32	10062,0,0,0,0,0,0	153	0
172556	436	907	552	279	286	72	39	2	3357	71	189	481	324	2	81	7179	955	1616	0,0,0,0,0,0	34987	0	282	10685	75	0	10412,9978,9978,8401,8401,8401,8401	4	24	10342,0,0,0,0,0,0	141	0
172449	435	870	579	279	291	73	44	2	3459	73	192	493	248	6	76	7561	962	1609	0,0,0,0,0,0	35430	0	276	10961	77	0	10679,10228,10228,8588,8588,8588,8588	5	35	10618,0,0,0,0,0,0	144	0
172348	440	881	611	269	291	78	39	7	3511	76	195	513	257	9	93	7399	1003	1606	0,0,0,0,0,0	35603	0	291	11250	82	0	10958,10487,10487,8777,8777,8777,8777	5	32	10907,0,0,0,0,0,0	145	0
172302	415	926	590	275	274	82	42	7	3555	78	200	503	259	3	69	7357	988	1616	0,0,0,0,0,0	48149	0	261	11509	84	0	11207,10715,10715,8925,8925,8925,8925	5	24	11167,0,0,0,0,0,0	156	0
172301	413	869	593	294	247	79	44	7	3618	80	201	486	235	3	71	7284	944	1595	0,0,0,0,0,0	48230	0	224	11733	84	0	11417,10902,10902,9031,9031,9031,9031	5	14	11391,0,0,0,0,0,0	161	0
172264	389	839	623	285	270	77	40	11	3663	83	202	484	270	1	88	7038	957	1566	0,0,0,0,0,0	35174	0	244	11974	87	0	11645,11110,11110,9163,9163,9163,9163	4	22	11632,0,0,0,0,0,0	145	0
172201	401	846	612	278	250	69	41	12	3746	85	205	468	264	3	78	7122	938	1559	0,0,0,0,0,0	35018	0	271	12244	89	0	11902,11345,11345,9321,9321,9321,9321	4	31	11902,0,0,0,0,0,0	132	0
172149	411	833	612	268	229	64	43	13	3833	86	205	466	89	2	72	6588	907	1553	0,0,0,0,0,0	34910	0	278	12520	92	0	12162,11583,11583,9476,9476,9476,9476	4	25	12178,0,0,0,0,0,0	134	0
172121	408	812	601	273	232	67	41	14	3881	87	209	453	318	6	62	6286	880	1554	0,0,0,0,0,0	34333	0	256	12773	99	0	12403,11802,11802,9610,9610,9610,9610	4	28	12432,0,0,0,0,0,0	128	0
172125	390	804	605	255	249	71	38	13	3896	88	212	450	254	5	69	6060	833	1579	0,0,0,0,0,0	34231	0	238	13012	101	0	12628,12002,12002,9720,9720,9720,9720	4	20	12671,0,0,0,0,0,0	132	0
172133	385	811	556	245	253	71	38	13	3937	91	213	463	243	3	57	5655	802	1557	0,0,0,0,0,0	46535	0	224	13234	105	0	12836,12186,12186,9819,9819,9819,9819	4	16	12894,0,0,0,0,0,0	140	0
172133	359	828	543	235	236	70	36	12	3987	92	215	470	270	6	86	5632	799	1508	0,0,0,0,0,0	47087	0	222	13457	109	0	13045,12373,12373,9922,9922,9922,9922	4	21	13117,0,0,0,0,0,0	137	0
172142	355	799	563	246	245	70	32	11	3972	93	218	452	254	1	66	5938	802	1508	0,0,0,0,0,0	33556	0	246	13700	112	0	13274,12577,12577,10031,10031,10031,10031	4	26	13362,0,0,0,0,0,0	129	0
172145	366	796	545	233	241	69	32	9	3996	95	219	425	278	2	76	5912	778	1504	0,0,0,0,0,0	33995	0	254	13954	113	0	13509,12786,12786,10145,10145,10145,10145	3	22	13616,0,0,0,0,0,0	115	0
172141	370	799	542	234	237	67	32	10	3997	97	220	443	264	2	76	6143	798	1483	0,0,0,0,0,0	34039	0	265	14214	119	0	13751,13002,13002,10266,10266,10266,10266	4	31	13876,0,0,0,0,0,0	122	0
172130	384	808	526	245	257	65	33	11	3966	97	224	463	245	7	64	6094	823	1495	0,0,0,0,0,0	33836	0	265	14471	127	0	13994,13220,13220,10391,10391,10391,10391	4	28	14133,0,0,0,0,0,0	124	0
172136	402	774	514	256	259	65	37	9	3971	98	225	474	268	3	84	6258	840	1467	0,0,0,0,0,0	34547	0	247	14712	133	0	14218,13419,13419,10498,10498,10498,10498	4	18	14374,0,0,0,0,0,0	133	0
172182	375	781	536	254	241	64	35	10	3939	101	228	458	243	2	68	6132	819	1467	0,0,0,0,0,0	46996	0	211	14921	136	0	14412,13587,13587,10570,10570,10570,10570	4	14	14583,0,0,0,0,0,0	136	0
172266	351	730	550	256	233	60	34	11	3919	103	233	479	324	2	53	6217	785	1429	0,0,0,0,0,0	46775	0	180	15101	137	0	14578,13726,13726,10610,10610,10610,10610	3	11	14763,0,0,0,0,0,0	127	0
172268	349	732	534	236	216	63	35	11	3960	106	236	455	317	3	66	5853	764	1401	0,0,0,0,0,0	33916	0	237	15334	142	0	14797,13922,13922,10715,10715,10715,10715	3	22	14997,0,0,0,0,0,0	118	0
172324	357	722	530	229	216	57	35	11	3919	108	238	464	240	3	63	5986	772	1374	0,0,0,0,0,0	33971	0	223	15555	146	0	14999,14095,14095,10784,10784,10784,10784	3	23	15220,0,0,0,0,0,0	123	0
172381	326	718	540	230	209	57	31	13	3891	109	241	481	285	3	77	5895	767	1344	0,0,0,0,0,0	34296	0	203	15756	149	0	15183,14254,14254,10845,10845,10845,10845	3	19	15421,0,0,0,0,0,0	111	0
172402	346	718	543	219	203	65	32	14	3851	110	243	454	305	3	61	5675	763	1363	0,0,0,0,0,0	34082	0	243	15996	153	0	15405,14450,14450,10942,10942,10942,10942	3	26	15661,0,0,0,0,0,0	119	0
172431	365	708	528	208	192	66	29	15	3846	112	246	461	244	5	60	5874	726	1370	0,0,0,0,0,0	33856	0	226	16222	156	0	15615,14633,14633,11029,11029,11029,11029	3	36	15887,0,0,0,0,0,0	122	0
172460	330	695	524	203	195	60	28	14	3876	114	247	474	268	4	54	5601	702	1333	0,0,0,0,0,0	46504	0	180	16399	161	0	15777,14774,14774,11092,11092,11092,11092	3	13	16064,0,0,0,0,0,0	116	0
172528	302	679	511	203	194	62	31	13	3858	117	248	482	249	1	52	5605	686	1296	0,0,0,0,0,0	46778	0	179	16575	164	0	15935,14908,14908,11134,11134,11134,11134	3	10	16240,0,0,0,0,0,0	113	0
172557	327	680	492	190	192	64	29	11	3832	121	251	458	293	5	63	5222	713	1261	0,0,0,0,0,0	33562	0	225	16800	167	0	16143,15090,15090,11220,11220,11220,11220	3	22	16465,0,0,0,0,0,0	120	0
172603	347	655	468	187	192	68	31	11	3809	121	254	466	330	2	68	5221	697	1251	0,0,0,0,0,0	33211	0	198	16998	168	0	16323,15245,15245,11282,11282,11282,11282	3	26	16663,0,0,0,0,0,0	115	0
172653	314	660	461	186	186	62	32	9	3804	124	255	472	257	3	64	5500	710	1191	0,0,0,0,0,0	33456	0	173	17170	170	0	16478,15378,15378,11329,11329,11329,11329	3	15	16835,0,0,0,0,0,0	117	0
172707	314	653	437	202	177	60	31	11	3770	126	258	455	249	1	53	5183	680	1194	0,0,0,0,0,0	33167	0	200	17369	172	0	16660,15535,15535,11389,11389,11389,11389	3	22	17034,0,0,0,0,0,0	108	0
172792	296	617	452	198	197	53	31	10	3711	127	262	474	252	2	48	4922	635	1209	0,0,0,0,0,0	33392	0	175	17542	175	0	16816,15665,15665,11420,11420,11420,11420	3	13	17207,0,0,0,0,0,0	96	0
172865	268	592	459	204	205	52	28	9	3671	129	264	477	249	1	63	4811	643	1165	0,0,0,0,0,0	45949	0	159	17699	180	0	16956,15782,15782,11449,11449,11449,11449	3	11	17365,0,0,0,0,0,0	92	0
172961	261	586	440	202	200	49	33	7	3610	132	265	446	307	1	53	4806	627	1144	0,0,0,0,0,0	45945	0	167	17864	183	0	17102,15901,15901,11470,11470,11470,11470	3	12	17530,0,0,0,0,0,0	85	0
173014	270	599	433	201	172	56	35	7	3556	135	268	460	266	2	61	4844	630	1136	0,0,0,0,0,0	33103	0	195	18057	186	0	17278,16053,16053,11526,11526,11526,11526	3	17	17723,0,0,0,0,0,0	95	0
173092	269	584	449	205	161	52	34	6	3487	137	270	436	269	4	42	4540	581	1173	0,0,0,0,0,0	32923	0	174	18232	187	0	17432,16181,16181,11558,11558,11558,11558	3	18	17898,0,0,0,0,0,0	95	0
173199	250	592	421	186	169	50	35	5	3426	139	274	439	168	3	56	4465	558	1145	0,0,0,0,0,0	32623	0	166	18396	190	0	17577,16298,16298,11571,11571,11571,11571	3	20	18062,0,0,0,0,0,0	92	0
173284	246	567	400	205	157	52	37	5	3375	142	276	440	259	0	49	4346	556	1108	0,0,0,0,0,0	45618	0	153	18549	190	0	17711,16409,16409,11590,11590,11590,11590	3	17	18215,0,0,0,0,0,0	96	0
173374	225	534	423	199	166	50	35	5	3311	145	279	446	232	4	53	3956	536	1096	0,0,0,0,0,0	45356	0	145	18691	194	0	17837,16511,16511,11602,11602,11602,11602	2	14	18358,0,0,0,0,0,0	98	0
173472	213	507	429	190	151	43	35	5	3272	146	283	419	264	4	48	3828	522	1046	0,0,0,0,0,0	45198	0	133	18823	195	0	17954,16605,16605,11606,11606,11606,11606	2	9	18490,0,0,0,0,0,0	98	0
173560	212	498	418	184	153	41	33	7	3207	148	285	401	315	4	58	3974	552	987	0,0,0,0,0,0	44848	32	148	18970	198	0	18084,16711,16711,11621,11621,11621,11621	2	13	18637,0,0,0,0,0,0	103	29
173599	226	463	405	167	159	43	35	8	3204	151	286	420	254	6	47	4029	530	968	0,0,0,0,0,0	31949	26	150	19119	200	0	18217,16825,16825,11661,11661,11661,11661	2	16	18787,0,0,0,0,0,0	97	52
173653	234	457	391	163	153	47	36	9	3164	151	288	428	258	4	53	3929	531	950	0,0,0,0,0,0	32092	24	156	19271	204	0	18350,16937,16937,11692,11692,11692,11692	2	14	18939,0,0,0,0,0,0	99	75
173734	232	462	374	158	154	49	34	10	3094	154	291	426	267	2	48	3741	555	908	0,0,0,0,0,0	31800	24	152	19419	209	0	18481,17045,17045,11710,11710,11710,11710	2	16	19087,0,0,0,0,0,0	103	95
173854	230	459	365	149	144	50	28	10	3004	160	293	435	245	1	44	3498	547	878	0,0,0,0,0,0	31774	26	127	19545	210	0	18588,17127,17127,11697,11697,11697,11697	2	11	19213,0,0,0,0,0,0	97	121
173935	217	466	329	154	158	49	23	11	2945	165	294	443	299	3	44	3626	541	855	0,0,0,0,0,0	31537	35	133	19676	212	0	18700,17218,17218,11704,11704,11704,11704	2	10	19344,0,0,0,0,0,0	92	150
174022	188	456	333	155	168	50	23	10	2878	167	296	432	270	4	32	3586	526	847	0,0,0,0,0,0	38441	25	116	19792	214	0	18800,17297,17297,11704,11704,11704,11704	2	13	19460,0,0,0,0,0,0	93	170
174098	185	434	313	153	149	52	23	11	2859	172	297	422	319	1	41	3485	490	819	0,0,0,0,0,0	38630	128	124	19915	215	0	18917,17394,17394,11718,11718,11718,11718	2	11	19583,0,0,0,0,0,0	84	279
174122	216	420	310	140	141	52	23	10	2837	172	303	412	295	2	40	3279	462	840	0,0,0,0,0,0	26457	121	151	20065	218	0	19063,17522,17522,11771,11771,11771,11771	2	12	19733,0,0,0,0,0,0	90	379
174182	217	415	301	137	143	49	19	11	2790	174	308	414	261	2	43	3022	463	818	0,0,0,0,0,0	26496	139	136	20199	220	0	19190,17629,17629,11795,11795,11795,11795	2	10	19867,0,0,0,0,0,0	80	499
174241	241	397	288	139	128	47	19	11	2750	175	310	421	304	5	46	3001	450	809	0,0,0,0,0,0	26075	127	140	20335	224	0	19316,17736,17736,11820,11820,11820,11820	2	15	20003,0,0,0,0,0,0	79	613
174314	218	420	283	139	112	43	21	10	2699	175	312	435	243	1	33	2980	424	812	0,0,0,0,0,0	25937	133	117	20450	226	0	19425,17826,17826,11829,11829,11829,11829	2	11	20118,0,0,0,0,0,0	76	732
174366	203	450	278	132	115	42	23	9	2638	176	314	436	224	3	40	2793	392	851	0,0,0,0,0,0	25812	146	138	20589	226	0	19557,17939,17939,11861,11861,11861,11861	2	17	20257,0,0,0,0,0,0	73	858
174400	189	452	282	132	117	47	24	8	2600	177	318	430	256	6	39	2707	396	847	0,0,0,0,0,0	37661	129	120	20706	229	0	19669,18035,18035,11891,11891,11891,11891	2	11	20374,0,0,0,0,0,0	83	973
174459	174	455	296	133	115	52	20	8	2532	180	322	456	270	1	39	2859	407	838	0,0,0,0,0,0	37808	143	117	20826	229	0	19816,18164,18164,11928,11928,11928,11928	2	8	20494,0,0,0,0,0,0	81	1101
174514	176	448	301	119	125	56	24	8	2469	181	325	441	240	1	40	3086	425	824	0,0,0,0,0,0	26447	135	135	20960	230	0	19973,18302,18302,11969,11969,11969,11969	2	12	20629,0,0,0,0,0,0	80	1214
174590	187	431	294	117	122	58	25	8	2402	181	331	435	223	0	42	3156	419	815	0,0,0,0,0,0	26072	162	126	21085	231	0	20128,18436,18436,11999,11999,11999,11999	2	10	20754,0,0,0,0,0,0	83	1350
174622	184	407	290	124	130	50	25	8	2388	181	337	410	289	1	42	3228	419	791	0,0,0,0,0,0	26224	154	123	21206	234	0	20281,18573,18573,12049,12049,12049,12049	2	6	20875,0,0,0,0,0,0	81	1482
174649	183	407	281	122	125	46	28	9	2376	182	338	468	250	0	42	3271	424	768	0,0,0,0,0,0	26306	164	129	21335	238	0	20438,18715,18715,12104,12104,12104,12104	2	11	21004,0,0,0,0,0,0	79	1615
174677	183	398	275	133	124	48	33	9	2341	182	343	459	246	1	35	3348	431	763	0,0,0,0,0,0	26393	147	124	21455	242	0	20592,18853,18853,12157,12157,12157,12157	1	16	21124,0,0,0,0,0,0	83	1744
174731	164	387	262	126	125	51	31	9	2329	186	345	485	271	2	46	3116	429	717	0,0,0,0,0,0	38221	165	96	21548	245	0	20714,18961,18961,12182,12182,12182,12182	1	7	21218,0,0,0,0,0,0	90	1890
174775	164	387	261	113	112	52	32	8	2306	190	346	480	104	4	27	3051	403	718	0,0,0,0,0,0	38054	69	108	21656	246	0	20854,19085,19085,12220,12220,12220,12220	1	4	21326,0,0,0,0,0,0	93	1947
174826	174	364	266	109	110	50	31	8	2269	192	347	490	276	2	42	3222	413	691	0,0,0,0,0,0	26191	64	103	21759	246	0	20982,19197,19197,12247,12247,12247,12247	1	10	21429,0,0,0,0,0,0	92	1994
174880	173	384	239	104	108	48	31	9	2224	193	353	476	236	2	30	3100	388	699	0,0,0,0,0,0	26539	68	123	21881	248	0	21139,19336,19336,12287,12287,12287,12287	1	11	21551,0,0,0,0,0,0	93	2050
174943	180	361	245	121	102	46	30	6	2164	194	354	460	94	4	17	2758	377	708	0,0,0,0,0,0	26135	69	98	21978	249	0	21268,19449,19449,12308,12308,12308,12308	1	5	21648,0,0,0,0,0,0	92	2109
174952	175	377	256	120	100	50	30	6	2123	197	360	463	273	3	30	2593	369	739	0,0,0,0,0,0	25828	68	125	22100	252	0	21429,19597,19597,12372,12372,12372,12372	1	18	21770,0,0,0,0,0,0	91	2163
174982	173	371	249	130	106	45	30	5	2096	199	360	473	272	1	35	2782	378	726	0,0,0,0,0,0	25691	62	122	22218	256	0	21579,19732,19732,12421,12421,12421,12421	1	12	21888,0,0,0,0,0,0	86	2211
175023	184	345	266	123	103	44	30	5	2060	201	362	463	235	2	36	2751	393	702	0,0,0,0,0,0	37914	68	106	22324	258	0	21725,19863,19863,12463,12463,12463,12463	1	6	21994,0,0,0,0,0,0	87	2271
175071	154	366	260	119	99	40	29	4	2036	204	364	454	249	0	34	2772	386	681	0,0,0,0,0,0	37642	196	93	22417	258	0	21834,19959,19959,12482,12482,12482,12482	1	7	22087,0,0,0,0,0,0	80	2430
175104	162	366	256	104	101	42	29	4	2006	206	366	471	241	1	33	2883	399	661	0,0,0,0,0,0	25825	191	105	22521	259	0	21949,20059,20059,12510,12510,12510,12510	1	10	22191,0,0,0,0,0,0	82	2583
175130	168	369	247	100	95	45	30	3	1984	206	369	470	252	0	22	3146	369	685	0,0,0,0,0,0	26064	188	110	22628	262	0	22067,20165,20165,12542,12542,12542,12542	1	8	22298,0,0,0,0,0,0	81	2731
175155	167	362	253	105	97	45	30	2	1949	208	373	469	231	1	28	3318	371	688	0,0,0,0,0,0	25928	202	104	22731	264	0	22187,20271,20271,12576,12576,12576,12576	1	6	22402,0,0,0,0,0,0	84	2900
175186	179	338	268	114	91	43	29	3	1910	210	375	464	250	1	31	3156	364	698	0,0,0,0,0,0	26370	181	113	22844	265	0	22314,20383,20383,12610,12610,12610,12610	1	10	22515,0,0,0,0,0,0	75	3044
175212	156	356	254	104	97	40	27	6	1906	210	378	472	237	4	30	3304	361	673	0,0,0,0,0,0	26345	179	102	22944	267	0	22425,20482,20482,12640,12640,12640,12640	1	13	22615,0,0,0,0,0,0	77	3184
175266	150	331	250	104	91	35	28	6	1893	211	381	480	227	0	36	3320	353	636	0,0,0,0,0,0	38182	196	79	23023	267	0	22519,20562,20562,12648,12648,12648,12648	1	7	22694,0,0,0,0,0,0	74	3348
175315	136	331	222	107	93	30	28	4	1886	212	382	480	227	0	30	3322	334	613	0,0,0,0,0,0	37971	196	83	23101	272	0	22680,20712,20712,12693,12693,12693,12693	1	6	22772,0,0,0,0,0,0	73	3512
175351	155	321	237	105	80	24	28	1	1845	215	384	481	230	0	22	2945	286	664	0,0,0,0,0,0	26340	172	110	23206	278	0	22863,20881,20881,12754,12754,12754,12754	1	19	22877,0,0,0,0,0,0	67	3646
175339	176	327	232	101	85	24	28	2	1830	217	385	477	240	2	29	2800	282	691	2,0,0,0,0,0	26290	183	108	23337	282	0	23074,21081,21081,12850,12850,12850,12850	1	12	22981,27,0,0,0,0,0	64	3788
175338	201	332	244	102	92	21	29	2	1779	218	388	473	238	2	36	2944	294	727	6,0,0,0,0,0	26215	162	101	23472	286	0	23295,21289,21289,12947,12947,12947,12947	1	13	23076,68,0,0,0,0,0	65	3915
175311	218	364	236	112	95	21	28	3	1747	220	391	490	156	0	44	3011	310	764	11,0,0,0,0,0	26096	155	103	23617	289	0	23518,21501,21501,13058,13058,13058,13058	1	13	23167,124,0,0,0,0,0	70	4030
175269	244	412	254	109	99	23	23	3	1692	226	392	512	110	2	33	2944	326	838	16,0,0,0,0,0	26455	145	144	23794	295	0	23775,21746,21746,13194,13194,13194,13194	1	16	23279,190,0,0,0,0,0	67	4137
175225	253	426	250	112	107	26	22	3	1699	227	396	496	257	1	20	2618	299	897	21,0,0,0,0,0	37791	183	106	23940	296	0	24013,21974,21974,13321,13321,13321,13321	1	7	23352,263,0,0,0,0,0	69	4267
175161	257	459	245	119	117	28	19	4	1709	229	399	483	243	3	34	2607	310	934	26,0,0,0,0,0	37605	112	120	24101	299	0	24268,22219,22219,13465,13465,13465,13465	1	2	23422,355,0,0,0,0,0	68	4358
175129	257	475	257	122	127	29	17	4	1696	231	402	494	300	2	51	2638	341	943	29,0,0,0,0,0	25586	136	157	24256	301	0	24497,22437,22437,13581,13581,13581,13581	1	19	23510,424,0,0,0,0,0	73	4458
175051	255	508	268	128	130	28	18	4	1719	231	406	495	331	0	50	3015	386	949	32,0,0,0,0,0	25826	108	171	24426	302	0	24753,22684,22684,13732,13732,13732,13732	1	14	23610,494,0,0,0,0,0	65	4541
174978	264	514	280	131	128	23	14	5	1763	234	412	505	229	1	41	3246	398	956	36,0,0,0,0,0	26065	131	175	24602	304	0	25011,22933,22933,13882,13882,13882,13882	1	14	23704,578,0,0,0,0,0	63	4635
174890	286	557	294	126	132	23	17	6	1762	236	417	513	311	2	45	3424	408	1027	40,0,0,0,0,0	26492	130	220	24816	311	0	25304,23217,23215,14059,14059,14059,14059	1	20	23803,696,0,0,0,0,0	52	4737
174792	309	578	307	127	155	27	18	5	1772	236	420	529	242	1	46	3408	443	1078	43,0,0,0,0,0	26535	119	211	25026	315	0	25583,23486,23485,14231,14231,14231,14231	1	14	23899,812,0,0,0,0,0	66	4819
174727	306	590	329	127	152	30	19	4	1801	236	425	531	291	1	60	3165	487	1066	45,0,0,0,0,0	38177	133	183	25208	316	0	25847,23741,23739,14382,14382,14382,14382	1	13	23981,913,0,0,0,0,0	75	4909
174662	283	601	338	162	158	30	18	5	1822	238	429	541	247	1	34	3526	483	1107	47,0,0,0,0,0	38530	284	176	25383	318	0	26058,23943,23940,14503,14503,14503,14503	1	8	24051,1020,0,0,0,0,0	76	5135
174547	312	619	356	182	145	32	20	3	1860	238	432	516	244	2	54	3988	510	1156	50,0,0,0,0,0	26713	284	233	25609	326	0	26321,24199,24194,14676,14676,14676,14676	1	19	24134,1168,0,0,0,0,0	80	5348
174420	323	649	381	193	138	38	20	4	1904	239	437	517	261	5	67	4094	569	1173	54,0,0,0,0,0	26945	301	242	25850	329	0	26594,24463,24457,14857,14857,14857,14857	1	16	24218,1327,0,0,0,0,0	78	5568
174288	368	659	379	217	151	39	22	4	1940	240	439	522	267	5	49	4313	602	1233	56,0,0,0,0,0	27080	287	254	26097	336	0	26875,24736,24728,15046,15046,15046,15046	2	18	24294,1503,0,0,0,0,0	82	5775
174157	389	693	395	232	154	42	22	4	1973	242	443	528	289	4	61	4567	637	1290	59,0,0,0,0,0	27427	274	258	26346	346	0	27161,25016,25005,15238,15238,15238,15238	2	22	24369,1684,0,0,0,0,0	89	5981
174027	389	757	406	241	164	44	24	5	1998	243	448	536	254	1	70	4314	682	1343	60,0,0,0,0,0	27470	292	268	26606	355	0	27449,25296,25283,15431,15431,15431,15431	2	17	24456,1862,0,0,0,0,0	91	6188
173919	393	794	431	243	162	48	23	4	2036	245	448	532	277	1	59	4310	670	1424	62,0,0,0,0,0	39077	300	252	26854	360	0	27726,25566,25549,15608,15608,15608,15608	2	16	24528,2042,0,0,0,0,0	94	6402
173790	419	793	445	262	164	60	22	6	2085	245	455	522	255	2	50	4360	696	1469	64,0,0,0,0,0	39259	610	257	27108	365	0	28104,25938,25918,15848,15848,15848,15848	2	20	24593,2234,0,0,0,0,0	106	6833
173597	436	846	464	274	179	63	26	6	2147	246	462	521	243	2	79	4861	751	1537	66,0,0,0,0,0	27546	610	325	27423	377	0	28534,26364,26341,16146,16146,16146,16146	2	21	24671,2481,0,0,0,0,0	99	7140
173368	483	905	506	286	186	67	26	5	2202	248	464	523	262	3	79	4859	786	1673	68,0,0,0,0,0	28183	602	364	27778	388	0	28994,26820,26794,16476,16476,16476,16476	2	24	24763,2752,0,0,0,0,0	106	7665
173135	536	945	538	278	206	66	33	5	2288	249	467	502	253	2	72	5126	819	1783	70,0,0,0,0,0	28100	600	355	28130	396	0	29459,27279,27251,16809,16809,16809,16809	2	21	24837,3034,0,0,0,0,0	104	8193
172891	570	1013	560	266	246	69	29	6	2373	254	469	478	247	7	86	5245	871	1882	71,0,0,0,0,0	28107	619	382	28510	400	0	29941,27759,27726,17159,17159,17159,17159	2	19	24917,3336,0,0,0,0,0	121	8745
172640	589	1091	586	279	262	74	27	8	2459	256	475	475	253	6	87	5487	913	1995	74,0,0,0,0,0	28409	646	396	28893	414	0	30425,28243,28203,17514,17514,17514,17514	2	26	24980,3669,0,0,0,0,0	123	9303
172451	573	1138	621	273	289	83	28	6	2548	258	478	495	221	3	74	5460	926	2079	75,0,0,0,0,0	40016	583	343	29231	422	0	30874,28692,28646,17821,17821,17821,17821	2	18	25049,3942,0,0,0,0,0	128	9818
172222	571	1172	641	287	322	86	28	8	2669	261	479	489	261	2	85	5582	950	2157	76,0,0,0,0,0	40115	807	377	29603	429	0	31433,29251,29199,18200,18200,18200,18200	2	12	25101,4266,0,0,0,0,0	145	10534
171915	621	1234	659	301	334	93	28	7	2802	268	484	498	223	2	104	5953	1002	2268	78,0,0,0,0,0	28629	801	459	30051	442	0	32010,29830,29770,18626,18626,18626,18626	2	20	25168,4657,0,0,0,0,0	139	11235
171579	669	1286	718	345	315	98	33	7	2942	269	485	500	334	10	121	6219	1055	2409	80,0,0,0,0,0	29024	796	481	30519	462	0	32693,30518,30450,19123,19123,19123,19123	2	27	25224,5086,0,0,0,0,0	167	11909
171267	728	1330	733	366	341	101	33	8	3079	272	488	484	332	2	115	6674	1130	2502	82,0,0,0,0,0	29290	772	497	31000	481	0	33384,31208,31132,19608,19608,19608,19608	2	29	25278,5526,0,0,0,0,0	174	12570
170860	790	1459	757	398	369	101	36	8	3205	273	490	472	257	5	118	6778	1177	2733	84,0,0,0,0,0	30004	768	603	31583	506	0	34173,32002,31916,20195,20195,20195,20195	2	31	25327,6077,0,0,0,0,0	179	13204
170431	875	1559	801	413	392	101	38	8	3361	274	493	460	264	5	123	6950	1226	2953	85,0,0,0,0,0	29842	825	633	32195	531	0	34996,32830,32732,20810,20810,20810,20810	2	40	25379,6656,0,0,0,0,0	193	13917
170136	875	1610	840	433	388	113	41	9	3530	276	495	468	316	3	119	7112	1255	3045	86,0,0,0,0,0	41169	731	509	32685	551	0	35690,33528,33420,21298,21298,21298,21298	2	18	25419,7126,0,0,0,0,0	201	14540
169797	866	1630	921	446	442	121	43	10	3694	278	498	445	327	6	135	7124	1334	3135	87,0,0,0,0,0	41663	902	527	33198	571	0	36461,34306,34186,21837,21837,21837,21837	2	13	25470,7605,0,0,0,0,0	226	15310
169434	921	1693	928	451	478	120	47	10	3884	281	499	441	264	6	162	7593	1437	3201	88,0,0,0,0,0	46463	888	604	33777	598	0	37287,35139,35006,22418,22418,22418,22418	2	29	25513,8162,0,0,0,0,0	220	16038
169097	941	1785	953	481	459	119	54	8	4065	282	502	440	308	3	152	8163	1507	3285	88,0,0,0,0,0	47118	874	593	34351	621	0	38083,35945,35795,22969,22969,22969,22969	3	28	25555,8710,0,0,0,0,0	219	16747
168706	949	1845	999	487	499	123	58	8	4280	286	506	420	258	5	170	8744	1626	3334	89,0,0,0,0,0	47195	874	603	34933	645	0	38903,36777,36611,23561,23561,23561,23561	3	26	25604,9261,0,0,0,0,0	221	17463
168327	941	1929	1035	506	522	119	70	10	4493	286	508	432	284	11	150	8997	1659	3463	90,0,0,0,0,0	47720	891	632	35544	668	0	39732,37618,37436,24153,24153,24153,24153	3	40	25650,9845,0,0,0,0,0	227	18195
167944	961	1944	1093	536	532	124	69	13	4725	294	511	427	310	2	170	9614	1698	3561	90,0,0,0,0,0	47911	864	640	36161	693	0	40588,38487,38288,24762,24762,24762,24762	3	44	25692,10441,0,0,0,0,0	227	18884
167691	947	1903	1138	565	563	126	68	15	4920	299	511	431	309	8	156	9276	1736	3574	91,0,0,0,0,0	71820	907	561	36696	723	0	41327,39241,39020,25251,25251,25251,25251	3	31	25723,10968,0,0,0,0,0	250	19613
167557	849	1858	1161	583	565	137	67	15	5135	305	514	397	330	4	157	9343	1734	3486	91,0,0,0,0,0	72155	589	442	37111	753	0	42037,39969,39727,25663,25663,25663,25663	3	24	25748,11380,0,0,0,0,0	250	20054
167262	846	1880	1211	588	563	139	72	15	5346	306	518	394	263	6	190	9946	1825	3474	92,0,0,0,0,0	48355	690	595	37673	789	0	42884,40833,40570,26224,26224,26224,26224	3	37	25777,11942,0,0,0,0,0	248	20593
166979	901	1879	1161	572	591	145	80	19	5591	308	520	386	259	7	190	10548	1878	3451	92,0,0,0,0,0	48857	654	603	38255	814	0	43735,41705,41418,26783,26783,26783,26783	3	34	25807,12515,0,0,0,0,0	263	21091
166733	927	1845	1209	600	576	144	82	19	5776	309	526	387	255	7	191	10914	1923	3460	93,0,0,0,0,0	49251	642	593	38823	843	0	44573,42570,42255,27321,27321,27321,27321	3	31	25837,13075,0,0,0,0,0	273	21581
166476	968	1841	1206	623	584	150	84	17	5955	314	528	388	262	12	178	10828	1924	3532	93,0,0,0,0,0	49212	602	630	39421	878	0	45452,43476,43131,27883,27883,27883,27883	3	36	25860,13677,0,0,0,0,0	267	22051
166245	920	1925	1167	629	590	160	87	17	6158	316	532	382	214	10	181	11289	1928	3550	94,0,0,0,0,0	49604	684	592	39987	905	0	46277,44325,43954,28408,28408,28408,28408	3	27	25872,14248,0,0,0,0,0	279	22578
166084	910	1893	1148	663	585	177	87	16	6327	322	534	376	240	10	169	10997	1865	3598	94,0,0,0,0,0	73419	649	554	40518	935	0	47084,45159,44757,28891,28891,28891,28891	3	28	25891,14782,0,0,0,0,0	297	23074
166045	871	1781	1177	645	612	178	86	16	6468	332	535	379	286	15	163	10854	1858	3492	94,0,0,0,0,0	72990	865	464	40953	966	0	47744,45857,45421,29255,29255,29255,29255	3	22	25908,15222,0,0,0,0,0	299	23766
165949	824	1826	1179	615	625	173	91	15	6578	334	537	353	255	10	224	10738	1941	3392	95,0,0,0,0,0	49300	906	546	41478	993	0	48494,46651,46178,29720,29720,29720,29720	3	40	25923,15752,0,0,0,0,0	306	24472
165757	847	1790	1184	614	605	172	90	17	6792	339	539	338	247	6	189	11051	1939	3363	95,0,0,0,0,0	49469	941	590	42046	1016	0	49357,47541,47037,30228,30228,30228,30228	3	32	25944,16316,0,0,0,0,0	310	25202
165576	894	1748	1177	614	608	171	97	19	6959	341	542	337	312	9	186	11473	1921	3388	95,0,0,0,0,0	49869	858	587	42595	1055	0	50195,48409,47872,30718,30718,30718,30718	3	28	25953,16884,0,0,0,0,0	301	25867
165394	919	1768	1208	596	586	184	95	20	7083	348	545	327	236	2	168	11075	1908	3448	96,0,0,0,0,0	49829	898	598	43155	1094	0	51031,49277,48707,31210,31210,31210,31210	3	40	25963,17461,0,0,0,0,0	312	26559
165238	944	1725	1223	590	576	189	95	17	7245	358	546	326	248	10	177	10503	1857	3485	96,0,0,0,0,0	49356	881	556	43692	1114	0	51884,50158,49557,31696,31696,31696,31696	3	27	25973,18004,0,0,0,0,0	307	27245
165262	846	1717	1229	589	542	190	99	15	7343	365	549	310	296	10	176	10429	1824	3388	97,0,0,0,0,0	72501	942	441	44109	1141	0	52582,50892,50251,32020,32020,32020,32020	3	23	25981,18434,0,0,0,0,0	328	27990
165333	752	1687	1192	593	558	184	97	12	7412	375	551	311	231	5	156	10250	1771	3292	97,0,0,0,0,0	72805	1061	429	44518	1164	0	53395,51743,51062,32374,32374,32374,32374	3	20	25990,18851,0,0,0,0,0	323	28813
165261	783	1651	1181	590	541	196	95	17	7492	383	556	311	279	10	180	10119	1735	3302	97,0,0,0,0,0	49115	1095	526	45013	1198	0	54306,52693,51973,32851,32851,32851,32851	3	27	25992,19369,0,0,0,0,0	308	29671
165177	794	1675	1133	551	523	193	94	19	7642	388	557	313	261	9	181	10183	1686	3277	97,0,0,0,0,0	48797	1064	540	45527	1226	0	55237,53663,52905,33341,33341,33341,33341	3	21	25995,19898,0,0,0,0,0	319	30499
165147	788	1683	1086	528	547	186	96	22	7714	391	558	336	326	8	152	10235	1674	3240	98,0,0,0,0,0	48738	1119	507	46010	1254	0	56101,54566,53767,33771,33771,33771,33771	3	29	25997,20400,0,0,0,0,0	311	31354
165085	794	1687	1080	537	570	170	95	21	7749	399	559	341	254	7	182	9810	1641	3292	98,0,0,0,0,0	48875	1062	542	46517	1291	0	57002,55509,54670,34237,34237,34237,34237	3	20	26002,20922,0,0,0,0,0	312	32155
165026	799	1691	1087	504	554	167	95	21	7837	405	560	356	286	11	183	9341	1607	3290	98,0,0,0,0,0	48274	1095	524	47012	1320	0	57915,56459,55582,34697,34697,34697,34697	3	19	26008,21430,0,0,0,0,0	294	32992
165183	692	1667	1088	504	535	162	96	21	7829	409	560	349	316	2	138	9150	1547	3197	98,0,0,0,0,0	71907	1084	379	47370	1344	0	58671,57261,56337,34981,34981,34981,34981	3	15	26014,21801,0,0,0,0,0	291	33803
165311	619	1597	1077	518	527	169	92	20	7839	415	562	364	256	10	146	9145	1524	3075	98,0,0,0,0,0	71866	1382	377	47724	1370	0	59500,58133,57165,35310,35310,35310,35310	2	10	26016,22173,0,0,0,0,0	299	34854
165346	665	1575	1048	497	499	171	91	21	7850	419	564	378	305	5	188	9501	1545	3001	98,0,0,0,0,0	48436	1332	478	48183	1391	0	60431,59108,58097,35741,35741,35741,35741	2	23	26016,22646,0,0,0,0,0	295	35838
165328	700	1467	1063	504	478	168	85	23	7937	427	566	346	238	6	149	9156	1438	3027	99,0,0,0,0,0	48458	1378	462	48608	1431	0	61324,60042,58994,36170,36170,36170,36170	2	20	26017,23097,0,0,0,0,0	282	36879
165395	718	1418	1034	501	490	167	85	23	7915	433	567	349	330	9	179	9451	1458	2955	99,0,0,0,0,0	48395	1390	444	49026	1459	0	62222,60985,59893,36563,36563,36563,36563	2	21	26018,23534,0,0,0,0,0	274	37889
165483	673	1474	996	489	475	153	87	23	7881	438	574	359	235	5	157	9163	1397	2950	99,0,0,0,0,0	40229	1289	455	49452	1491	0	63105,61916,60776,36935,36935,36935,36935	2	22	26019,23981,0,0,0,0,0	267	38808
165507	663	1456	1011	470	459	155	82	22	7901	443	577	352	332	9	149	9490	1351	2945	99,0,0,0,0,0	40057	1419	454	49886	1513	0	64007,62862,61680,37349,37349,37349,37349	2	14	26019,24427,0,0,0,0,0	267	39873
165661	636	1392	1012	466	462	153	81	20	7836	447	580	345	232	6	125	9553	1303	2899	99,0,0,0,0,0	42538	1440	386	50252	1535	0	64825,63726,62498,37662,37662,37662,37662	2	17	26020,24811,0,0,0,0,0	267	40936
165887	594	1339	992	428	465	154	73	20	7757	456	581	364	330	9	136	9226	1236	2809	99,0,0,0,0,0	42652	1153	334	50571	1551	0	65577,64524,63248,37899,37899,37899,37899	2	17	26021,25144,0,0,0,0,0	253	41761
165996	581	1321	962	443	459	154	71	24	7693	458	584	358	299	5	150	8642	1239	2752	99,0,0,0,0,0	39654	1072	389	50934	1582	0	66398,65390,64070,38220,38220,38220,38220	2	17	26021,25525,0,0,0,0,0	248	42529
166082	586	1281	977	406	453	152	69	23	7670	462	585	345	320	7	166	8593	1269	2655	99,0,0,0,0,0	39449	1075	390	51288	1618	0	67217,66254,64892,38548,38548,38548,38548	2	13	26021,25908,0,0,0,0,0	238	43245
166149	611	1289	956	394	443	150	63	22	7618	466	585	358	258	2	124	8466	1231	2675	99,0,0,0,0,0	39481	1068	428	51697	1640	0	68064,67144,65741,38906,38906,38906,38906	2	20	26022,26331,0,0,0,0,0	233	43911
166310	620	1255	924	394	421	139	62	22	7542	470	587	350	268	3	115	7805	1160	2655	99,0,0,0,0,0	39107	1072	366	52041	1663	0	68811,67938,66488,39162,39162,39162,39162	2	25	26022,26693,0,0,0,0,0	221	44583
166494	584	1210	944	382	415	136	63	17	7436	476	589	362	281	7	126	7332	1133	2601	99,0,0,0,0,0	38504	1085	333	52355	1683	0	69596,68769,67273,39426,39426,39426,39426	2	18	26022,27024,0,0,0,0,0	213	45255
166685	513	1192	890	382	406	128	63	20	7398	479	590	376	314	6	111	7129	1075	2499	99,0,0,0,0,0	40774	1108	272	52612	1698	0	70328,69542,68006,39661,39661,39661,39661	2	12	26022,27289,0,0,0,0,0	218	45991
166860	471	1157	881	367	397	125	63	20	7328	485	592	383	313	7	120	6960	1062	2399	99,0,0,0,0,0	41081	901	294	52891	1714	0	71056,70313,68736,39895,39895,39895,39895	2	17	26023,27577,0,0,0,0,0	208	46577
167048	498	1100	866	360	377	121	61	20	7212	487	596	399	333	6	130	6594	1036	2347	99,0,0,0,0,0	31498	896	321	53187	1741	0	71783,71088,69466,40123,40123,40123,40123	2	22	26024,27893,0,0,0,0,0	212	47123
167220	511	1065	849	343	360	109	61	19	7117	492	600	376	276	4	106	7060	998	2300	99,0,0,0,0,0	31142	939	320	53490	1760	0	72499,71851,70186,40351,40351,40351,40351	2	21	26024,28208,0,0,0,0,0	204	47727
167370	493	1068	847	302	342	101	52	19	7048	501	603	374	261	8	117	7092	970	2235	99,0,0,0,0,0	31357	902	307	53780	1778	0	73169,72561,70857,40563,40563,40563,40563	2	19	26024,28509,0,0,0,0,0	186	48270
167531	496	1048	824	306	325	102	48	20	6935	508	603	373	233	9	91	7000	904	2245	99,0,0,0,0,0	31706	955	307	54073	1792	0	73855,73288,71546,40779,40779,40779,40779	2	17	26024,28812,0,0,0,0,0	176	48846
167629	477	1048	800	306	319	98	47	20	6885	510	607	398	293	7	92	6657	844	2251	99,0,0,0,0,0	26142	869	307	54365	1809	0	74543,74013,72236,41021,41021,41021,41021	2	12	26025,29113,0,0,0,0,0	171	49361
167813	440	990	801	314	307	96	45	19	6794	513	614	399	316	5	98	6626	853	2140	99,0,0,0,0,0	32412	887	257	54600	1832	0	75214,74726,72910,41217,41217,41217,41217	1	9	26025,29362,0,0,0,0,0	166	49910
168082	407	926	772	306	294	94	42	18	6669	518	618	415	259	4	87	6442	810	2031	99,0,0,0,0,0	32497	1216	217	54801	1848	0	75811,75368,73511,41337,41337,41337,41337	1	12	26025,29574,0,0,0,0,0	162	50751
168309	400	881	757	297	285	89	41	15	6531	522	619	438	283	2	96	6603	794	1956	99,0,0,0,0,0	26176	1240	232	55019	1864	0	76432,76035,74138,41482,41482,41482,41482	1	13	26025,29807,0,0,0,0,0	149	51590
168542	392	830	774	267	271	89	43	13	6382	524	619	437	317	5	109	6546	804	1862	100,0,0,0,0,0	26196	1219	231	55237	1879	0	77068,76712,74777,41630,41630,41630,41630	1	7	26025,30035,0,0,0,0,0	152	52439
168732	361	810	709	243	274	82	42	13	6333	526	621	436	233	1	79	6406	761	1760	100,0,0,0,0,0	26145	1245	206	55424	1898	0	77665,77347,75379,41780,41780,41780,41780	1	14	26025,30235,0,0,0,0,0	148	53291
168969	352	779	690	239	259	72	43	14	6178	529	622	434	295	2	72	6336	720	1714	100,0,0,0,0,0	25860	1220	218	55637	1907	0	78285,78010,76004,41920,41920,41920,41920	1	7	26025,30452,0,0,0,0,0	134	54114
169191	340	736	675	241	244	64	45	14	6042	529	625	430	262	7	73	5515	674	1671	100,0,0,0,0,0	25770	1261	200	55829	1915	0	78869,78632,76591,42045,42045,42045,42045	1	9	26025,30651,0,0,0,0,0	127	54943
169417	307	704	630	244	230	54	46	15	5944	529	626	436	287	7	68	5235	631	1584	100,0,0,0,0,0	29503	1220	165	55986	1923	0	79414,79213,77142,42159,42159,42159,42159	1	3	26025,30812,0,0,0,0,0	121	55780
169696	266	690	603	224	209	51	44	16	5787	532	628	446	254	2	70	5310	602	1485	100,0,0,0,0,0	29376	586	149	56128	1931	0	80133,79975,77869,42340,42340,42340,42340	1	3	26025,30958,0,0,0,0,0	111	56156
169952	239	669	569	191	195	56	42	14	5654	535	630	441	251	4	65	5225	563	1398	100,0,0,0,0,0	23785	556	155	56276	1939	0	80836,80717,78580,42520,42520,42520,42520	1	10	26025,31111,0,0,0,0,0	103	56515
170157	234	627	537	185	205	51	40	11	5525	538	636	414	273	4	70	5438	565	1314	100,0,0,0,0,0	24008	589	167	56432	1950	0	81571,81489,79324,42732,42732,42732,42732	1	14	26025,31274,0,0,0,0,0	100	56897
170433	223	578	492	193	192	51	35	10	5358	543	638	438	255	1	66	5163	558	1206	100,0,0,0,0,0	23801	627	124	56548	1958	0	82271,82226,80032,42906,42906,42906,42906	1	8	26025,31397,0,0,0,0,0	104	57297
170678	220	529	497	180	174	49	33	12	5188	546	640	447	254	2	47	4750	519	1163	100,0,0,0,0,0	23614	589	135	56679	1966	0	82942,82935,80711,43071,43071,43071,43071	1	6	26025,31534,0,0,0,0,0	95	57670
170920	212	492	479	168	156	44	34	12	5034	547	648	471	302	4	61	4371	485	1100	100,0,0,0,0,0	23106	592	116	56792	1970	0	83651,83677,81427,43249,43249,43249,43249	1	7	26025,31649,0,0,0,0,0	96	58052
171186	182	448	442	166	155	43	34	12	4880	547	651	473	306	1	49	4309	439	1031	100,0,0,0,0,0	28423	584	94	56879	1977	0	84336,84394,82120,43413,43413,43413,43413	1	7	26025,31739,0,0,0,0,0	92	58435
171461	151	420	420	150	150	39	30	15	4707	551	652	488	246	0	45	4016	419	941	100,0,0,0,0,0	28204	792	89	56963	1982	0	84757,84850,82548,43424,43424,43424,43424	0	5	26025,31826,0,0,0,0,0	80	58963
171682	156	377	405	141	149	37	31	9	4552	553	654	481	211	1	49	3882	398	898	100,0,0,0,0,0	17643	800	102	57060	1990	0	85179,85302,82975,43450,43450,43450,43450	0	6	26025,31928,0,0,0,0,0	77	59513
171899	158	355	377	130	124	38	26	9	4417	558	655	497	246	1	41	3572	370	838	100,0,0,0,0,0	17572	803	105	57157	1998	0	85579,85731,83382,43472,43472,43472,43472	0	5	26025,32033,0,0,0,0,0	71	60059
172147	160	323	365	123	117	38	27	9	4221	559	657	482	266	0	32	3641	340	813	100,0,0,0,0,0	17372	779	91	57248	2002	0	85970,86150,83779,43483,43483,43483,43483	0	4	26025,32127,0,0,0,0,0	73	60610
172348	162	320	358	98	102	36	23	10	4065	561	663	501	221	1	34	2927	315	784	100,0,0,0,0,0	16958	825	99	57336	2013	0	86349,86555,84166,43510,43510,43510,43510	0	5	26025,32223,0,0,0,0,0	68	61177
172576	159	290	346	85	95	32	20	11	3905	562	665	519	236	1	22	2680	274	753	100,0,0,0,0,0	16241	812	70	57403	2017	0	86716,86946,84539,43518,43518,43518,43518	0	2	26025,32290,0,0,0,0,0	61	61733
172813	139	261	314	78	88	30	20	11	3764	562	666	500	244	2	21	2549	242	688	100,0,0,0,0,0	27151	815	54	57451	2023	0	87086,87340,84916,43524,43524,43524,43524	0	0	26025,32341,0,0,0,0,0	62	62285
173049	106	260	287	78	79	27	16	13	3597	564	670	511	249	0	23	2299	224	629	100,0,0,0,0,0	27000	1031	51	57497	2028	0	87442,87719,85277,43506,43506,43506,43506	0	2	26025,32391,0,0,0,0,0	55	63010
173244	99	253	269	76	73	26	13	13	3438	567	675	494	277	2	20	2220	208	601	100,0,0,0,0,0	16074	1145	69	57561	2033	0	87820,88119,85660,43521,43521,43521,43521	0	2	26025,32457,0,0,0,0,0	49	63829
173460	97	236	267	71	60	23	12	13	3263	567	677	492	95	0	25	2117	194	572	100,0,0,0,0,0	15963	1027	62	57619	2037	0	88205,88526,86050,43522,43522,43522,43522	0	4	26025,32519,0,0,0,0,0	45	64518
173638	90	223	239	61	58	21	10	12	3145	568	681	508	87	1	27	1969	178	524	100,0,0,0,0,0	15726	1107	46	57658	2044	0	88569,88910,86421,43537,43537,43537,43537	0	4	26025,32562,0,0,0,0,0	38	65272
173815	76	203	214	66	64	19	8	11	3017	569	684	514	253	0	16	1907	160	490	100,0,0,0,0,0	15669	1104	43	57698	2047	0	88954,89314,86814,43564,43564,43564,43564	0	0	26025,32604,0,0,0,0,0	31	66024
173989	72	191	196	69	55	16	10	11	2881	569	687	507	310	1	20	1509	149	460	100,0,0,0,0,0	15536	1082	47	57744	2048	0	89305,89683,87171,43571,43571,43571,43571	0	2	26025,32651,0,0,0,0,0	30	66769
174152	73	179	186	66	52	16	10	10	2744	569	689	518	230	2	18	1565	149	433	100,0,0,0,0,0	20715	1050	51	57794	2049	0	89678,90073,87549,43596,43596,43596,43596	0	1	26025,32702,0,0,0,0,0	30	67501
174341	69	162	173	67	54	13	9	11	2586	570	691	525	251	0	9	1647	137	410	100,0,0,0,0,0	21019	323	41	57831	2053	0	90206,90619,88084,43687,43687,43687,43687	0	2	26025,32742,0,0,0,0,0	24	67723
174512	69	172	149	47	45	14	7	10	2456	571	694	513	87	2	16	1581	126	377	100,0,0,0,0,0	12344	360	48	57877	2055	0	90773,91205,88660,43807,43807,43807,43807	0	2	26025,32788,0,0,0,0,0	22	67963
174657	72	159	134	45	39	13	6	10	2341	571	699	531	130	1	10	1630	122	346	100,0,0,0,0,0	12196	360	37	57910	2060	0	91279,91726,89174,43897,43897,43897,43897	0	2	26025,32825,0,0,0,0,0	19	68201
174801	67	130	140	50	37	11	6	9	2223	571	701	538	237	0	18	1581	120	321	100,0,0,0,0,0	12542	366	33	57939	2064	0	91821,92283,89723,44007,44007,44007,44007	0	2	26025,32856,0,0,0,0,0	19	68460
174924	64	129	127	44	36	10	5	7	2125	572	703	546	250	0	15	1487	109	306	100,0,0,0,0,0	12406	339	38	57977	2065	0	92354,92828,90264,44124,44124,44124,44124	0	2	26025,32895,0,0,0,0,0	17	68683
175060	61	121	125	41	33	7	5	4	2013	572	704	554	95	1	9	1397	93	300	100,0,0,0,0,0	12084	363	32	58007	2067	0	92881,93369,90799,44239,44239,44239,44239	0	2	26025,32927,0,0,0,0,0	15	68931
175182	48	128	111	43	30	7	5	4	1905	572	711	544	92	0	15	1349	91	281	100,0,0,0,0,0	20682	343	25	58030	2069	0	93403,93903,91329,44355,44355,44355,44355	0	1	26025,32950,0,0,0,0,0	16	69156
175301	48	132	105	37	23	7	5	4	1800	572	712	543	128	0	9	1336	82	275	100,0,0,0,0,0	20612	329	35	58066	2069	0	93557,94069,91486,44254,44254,44254,44254	0	0	26025,32986,0,0,0,0,0	16	69377
175420	45	109	109	41	33	7	4	4	1684	574	716	552	260	1	9	1180	79	269	100,0,0,0,0,0	12096	318	25	58090	2070	0	93703,94228,91636,44142,44142,44142,44142	0	1	26025,33011,0,0,0,0,0	14	69586
175521	40	119	104	37	34	7	4	3	1582	575	720	586	112	0	19	957	87	258	100,0,0,0,0,0	11946	321	34	58123	2071	0	93862,94397,91798,44045,44045,44045,44045	0	2	26025,33044,0,0,0,0,0	14	69797
175615	34	105	108	29	35	6	4	2	1511	575	722	591	131	0	11	932	82	239	100,0,0,0,0,0	11958	356	25	58144	2075	0	94031,94576,91971,43961,43961,43961,43961	0	0	26025,33068,0,0,0,0,0	12	70029
175702	35	83	106	29	36	6	4	2	1441	575	727	613	251	0	9	931	80	219	100,0,0,0,0,0	11770	301	23	58166	2076	0	94177,94729,92121,43867,43867,43867,43867	0	0	26025,33091,0,0,0,0,0	14	70223
175792	35	81	111	20	32	7	4	2	1359	575	728	612	92	0	7	1283	79	211	100,0,0,0,0,0	12248	322	26	58188	2080	0	94335,94896,92283,43777,43777,43777,43777	0	1	26025,33117,0,0,0,0,0	14	70442
175883	34	76	101	19	26	7	3	3	1286	576	732	569	87	0	10	1161	68	198	100,0,0,0,0,0	20526	345	17	58204	2081	0	94476,95045,92428,43678,43678,43678,43678	0	0	26025,33133,0,0,0,0,0	13	70682
175989	35	76	94	16	22	7	5	3	1188	576	735	597	90	0	3	1120	63	192	100,0,0,0,0,0	20432	181	24	58228	2081	0	94675,95253,92631,43613,43613,43613,43613	0	1	26025,33157,0,0,0,0,0	13	70795
176060	41	70	85	17	20	6	5	1	1129	576	736	587	292	0	8	1249	63	181	100,0,0,0,0,0	12123	171	28	58254	2083	0	94879,95463,92840,43561,43561,43561,43561	0	0	26025,33185,0,0,0,0,0	12	70905
176114	41	63	85	14	17	5	4	1	1086	577	739	592	80	0	9	1324	59	170	100,0,0,0,0,0	12067	157	21	58275	2083	0	95083,95672,93048,43509,43509,43509,43509	0	1	26025,33206,0,0,0,0,0	11	71008
176173	35	73	74	13	13	5	3	1	1038	577	741	573	5206	2	3	1390	48	168	100,0,0,0,0,0	12243	178	22	58296	2084	0	95293,95889,93263,43457,43457,43457,43457	0	1	26025,33227,0,0,0,0,0	11	71116
176222	37	75	68	11	15	6	3	1	984	577	747	574	2620	2	0	1282	45	170	100,0,0,0,0,0	12195	164	24	58320	2085	0	95496,96096,93471,43413,43413,43413,43413	0	2	26025,33252,0,0,0,0,0	10	71218
176291	32	72	69	11	16	6	3	1	916	577	752	573	1435	1	5	1179	40	169	100,0,0,0,0,0	11950	201	15	58334	2086	0	95693,96299,93673,43359,43359,43359,43359	0	2	26025,33267,0,0,0,0,0	10	71354
176353	28	62	66	16	11	5	3	1	869	577	755	610	718	1	6	1174	39	152	100,0,0,0,0,0	20433	176	8	58342	2086	0	95896,96508,93883,43316,43316,43316,43316	0	1	26025,33275,0,0,0,0,0	9	71463
176401	26	67	56	16	12	6	3	1	820	577	761	590	442	0	2	744	40	146	100,0,0,0,0,0	20689	174	18	58359	2087	0	96126,96741,94118,43295,43295,43295,43295	0	0	26025,33293,0,0,0,0,0	9	71576
176466	21	61	58	18	12	4	2	2	759	577	766	613	3049	3	5	729	38	138	100,0,0,0,0,0	22282	155	12	58371	2087	0	96382,97003,94382,43276,43276,43276,43276	0	0	26025,33305,0,0,0,0,0	8	71679
176523	20	53	64	18	13	3	1	2	706	577	766	631	2840	2	6	780	44	128	100,0,0,0,0,0	22392	185	14	58382	2090	0	96586,97212,94593,43236,43236,43236,43236	0	1	26025,33319,0,0,0,0,0	6	71790
176562	15	59	59	14	15	3	1	2	667	577	772	602	2040	0	5	693	51	115	100,0,0,0,0,0	22449	166	10	58391	2092	0	96820,97448,94835,43221,43221,43221,43221	0	0	26025,33330,0,0,0,0,0	6	71906
176611	20	44	60	14	15	3	0	2	625	578	774	650	1358	1	3	659	46	110	100,0,0,0,0,0	22191	160	13	58403	2093	0	97049,97680,95071,43205,43205,43205,43205	0	3	26025,33343,0,0,0,0,0	5	71997
176646	25	35	62	14	12	4	0	2	589	578	779	638	1002	0	7	575	47	105	100,0,0,0,0,0	22153	161	15	58418	2093	0	97292,97928,95322,43197,43197,43197,43197	0	0	26025,33358,0,0,0,0,0	6	72096
176684	19	37	52	13	10	3	0	1	567	578	782	644	1937	1	2	596	42	92	100,0,0,0,0,0	20148	175	7	58423	2095	0	97513,98150,95549,43174,43174,43174,43174	0	0	26025,33365,0,0,0,0,0	7	72218
176710	15	39	45	13	10	3	0	1	545	578	787	665	2275	1	3	624	43	82	100,0,0,0,0,0	20064	161	8	58430	2096	0	97535,98175,95574,43023,43023,43023,43023	0	0	26025,33373,0,0,0,0,0	6	72311
176743	13	39	48	11	11	3	0	1	510	578	789	671	2172	4	0	586	36	89	100,0,0,0,0,0	22343	150	12	58442	2096	0	97558,98201,95599,42868,42868,42868,42868	0	2	26025,33385,0,0,0,0,0	8	72390
176764	13	39	46	13	12	3	0	1	481	578	796	666	1754	0	5	457	38	88	100,0,0,0,0,0	22228	139	13	58454	2097	0	97587,98234,95630,42719,42719,42719,42719	0	0	26025,33398,0,0,0,0,0	6	72476
176790	12	35	41	11	14	4	0	0	462	578	799	657	1538	0	3	459	31	86	100,0,0,0,0,0	22065	167	8	58461	2098	0	97618,98266,95663,42565,42565,42565,42565	0	0	26025,33406,0,0,0,0,0	5	72582
176816	15	31	38	10	14	4	0	0	438	578	802	641	1643	1	2	486	31	81	100,0,0,0,0,0	22060	175	8	58468	2099	0	97629,98281,95677,42408,42408,42408,42408	0	0	26025,33413,0,0,0,0,0	6	72689
176845	15	22	37	8	14	3	0	0	420	578	804	637	2087	1	7	413	27	72	100,0,0,0,0,0	22172	201	8	58475	2100	0	97651,98306,95702,42251,42251,42251,42251	0	0	26025,33421,0,0,0,0,0	4	72811
176873	11	20	33	9	12	3	0	0	397	578	810	680	2202	0	2	348	23	65	100,0,0,0,0,0	20204	189	4	58479	2100	0	97670,98328,95724,42100,42100,42100,42100	0	0	26025,33425,0,0,0,0,0	4	72929
176897	6	21	25	6	11	2	1	0	385	578	814	665	1937	0	3	528	19	53	100,0,0,0,0,0	20107	95	3	58481	2101	0	97678,98338,95734,41943,41943,41943,41943	0	0	26025,33427,0,0,0,0,0	3	72978
176918	9	18	27	6	9	2	1	0	359	578	819	638	1681	0	3	413	20	52	100,0,0,0,0,0	22125	115	7	58487	2102	0	97682,98345,95740,41780,41780,41780,41780	0	0	26025,33434,0,0,0,0,0	4	73043
176942	11	19	28	6	5	3	1	0	329	578	824	626	1648	0	1	398	21	52	100,0,0,0,0,0	21890	96	6	58492	2103	0	97685,98349,95745,41613,41613,41613,41613	0	0	26025,33440,0,0,0,0,0	4	73087
176955	12	14	26	4	9	3	1	0	318	578	826	600	1804	0	1	389	20	49	100,0,0,0,0,0	22146	121	4	58496	2103	0	97700,98365,95762,41463,41463,41463,41463	0	0	26025,33444,0,0,0,0,0	5	73159
176981	11	13	24	7	7	2	1	0	293	578	829	615	2016	0	1	388	18	47	100,0,0,0,0,0	22050	101	2	58498	2103	0	97699,98366,95764,41296,41296,41296,41296	0	0	26025,33446,0,0,0,0,0	3	73231
176998	6	15	20	6	5	2	2	0	280	578	834	596	1873	0	5	374	17	39	100,0,0,0,0,0	22131	117	2	58500	2103	0	97714,98381,95780,41137,41137,41137,41137	0	0	26025,33448,0,0,0,0,0	3	73300
177005	4	13	17	6	2	3	2	0	275	578	841	629	1934	0	2	293	14	33	100,0,0,0,0,0	20078	112	4	58504	2103	0	97738,98406,95807,40996,40996,40996,40996	0	0	26025,33452,0,0,0,0,0	4	73366
177022	6	11	12	5	3	3	2	0	260	578	844	594	1677	0	0	457	13	29	100,0,0,0,0,0	19781	98	4	58508	2103	0	97688,98358,95758,40807,40807,40807,40807	0	0	26025,33456,0,0,0,0,0	5	73421
177044	6	13	10	5	1	4	2	0	236	578	847	617	1786	0	1	449	14	27	100,0,0,0,0,0	22072	79	4	58511	2104	0	97635,98307,95706,40609,40609,40609,40609	0	0	26025,33460,0,0,0,0,0	5	73466
177056	5	18	5	2	1	4	2	0	226	578	849	645	1877	0	1	264	12	25	100,0,0,0,0,0	22134	72	4	58514	2105	0	97571,98244,95644,40406,40406,40406,40406	0	0	26025,33464,0,0,0,0,0	6	73508
177061	8	14	6	3	1	3	2	0	213	578	857	611	1906	0	1	235	11	26	100,0,0,0,0,0	21880	69	4	58516	2107	0	97525,98198,95599,40220,40220,40220,40220	0	0	26025,33466,0,0,0,0,0	5	73548
177070	5	14	5	5	2	3	2	0	196	578	866	607	1824	0	1	225	12	24	100,0,0,0,0,0	21787	88	1	58517	2107	0	97476,98150,95551,40029,40029,40029,40029	0	0	26025,33467,0,0,0,0,0	5	73596
177082	3	15	6	6	2	2	2	0	182	578	868	598	1839	0	2	228	15	21	100,0,0,0,0,0	21850	86	2	58518	2108	0	97433,98108,95509,39837,39837,39837,39837	0	0	26025,33469,0,0,0,0,0	4	73645
177090	2	13	7	4	2	2	2	0	175	578	871	629	1741	0	0	223	12	20	100,0,0,0,0,0	19800	94	0	58518	2108	0	97383,98058,95460,39650,39650,39650,39650	0	0	26025,33469,0,0,0,0,0	4	73699
177102	3	9	10	4	2	2	2	0	162	578	872	617	1854	0	1	227	12	20	100,0,0,0,0,0	19795	88	3	58520	2109	0	97332,98008,95410,39464,39464,39464,39464	0	0	26025,33472,0,0,0,0,0	4	73751
177110	4	6	10	5	2	2	2	0	149	578	878	604	1800	0	0	195	7	24	100,0,0,0,0,0	21838	67	2	58522	2110	0	97270,97948,95350,39269,39269,39269,39269	0	0	26025,33475,0,0,0,0,0	5	73797
177115	5	5	8	4	2	2	2	0	144	578	881	609	1937	0	0	33	6	22	100,0,0,0,0,0	21779	79	2	58523	2111	0	97210,97888,95292,39078,39078,39078,39078	0	0	26025,33477,0,0,0,0,0	4	73841
177122	3	10	8	2	1	2	2	0	136	578	882	571	1765	0	0	33	3	25	100,0,0,0,0,0	21681	73	3	58526	2111	0	97149,97827,95231,38881,38881,38881,38881	0	0	26025,33480,0,0,0,0,0	4	73879
177131	2	8	9	2	2	1	2	0	125	578	886	551	1898	0	2	32	4	22	100,0,0,0,0,0	21653	78	0	58526	2111	0	97083,97761,95166,38684,38684,38684,38684	0	0	26025,33480,0,0,0,0,0	4	73917
177136	3	6	6	2	3	1	2	0	117	578	892	609	1949	0	3	101	8	15	100,0,0,0,0,0	21519	67	1	58527	2111	0	97020,97698,95104,38487,38487,38487,38487	0	0	26025,33481,0,0,0,0,0	4	73949
177138	2	4	5	2	4	1	2	0	114	578	896	597	2011	0	1	196	8	12	100,0,0,0,0,0	19543	83	1	58528	2111	0	96967,97645,95052,38301,38301,38301,38301	0	0	26025,33482,0,0,0,0,0	4	73995
177149	0	6	3	1	1	0	0	0	110	580	896	597	1861	0	0	194	4	7	100,0,0,0,0,0	19730	81	1	58528	2112	0	96904,97582,94991,38117,38117,38117,38117	0	0	26025,33483,0,0,0,0,0	0	74038
177157	0	4	2	2	2	0	0	0	98	580	901	602	1874	0	1	187	2	8	100,0,0,0,0,0	21781	64	0	58528	2112	0	96835,97512,94922,37925,37925,37925,37925	0	0	26025,33483,0,0,0,0,0	0	74075
177161	0	4	1	2	2	0	0	0	92	580	904	605	1787	0	1	188	4	5	100,0,0,0,0,0	21789	57	0	58528	2112	0	96763,97441,94852,37733,37733,37733,37733	0	0	26025,33483,0,0,0,0,0	0	74102
177165	0	5	1	1	2	1	0	0	85	580	906	580	1718	0	1	185	6	4	100,0,0,0,0,0	21692	68	1	58529	2112	0	96698,97375,94787,37545,37545,37545,37545	0	0	26025,33484,0,0,0,0,0	0	74140
177168	1	3	1	0	2	1	0	0	78	580	912	597	1811	0	0	185	4	4	100,0,0,0,0,0	21762	71	1	58530	2112	0	96637,97314,94728,37365,37365,37365,37365	0	0	26025,33485,0,0,0,0,0	1	74176
177169	2	2	1	1	2	1	0	0	71	580	917	604	1792	0	0	183	5	4	100,0,0,0,0,0	21795	65	2	58532	2112	0	96580,97256,94672,37185,37185,37185,37185	0	0	26025,33487,0,0,0,0,0	1	74215
177168	1	2	1	0	2	1	0	0	68	580	923	601	1934	0	1	184	4	3	100,0,0,0,0,0	19601	77	0	58532	2112	0	96526,97202,94619,37011,37011,37011,37011	0	0	26025,33487,0,0,0,0,0	1	74260
177168	0	2	2	0	1	1	0	0	64	580	928	591	1772	0	0	180	3	3	100,0,0,0,0,0	19748	80	0	58532	2112	0	96443,97119,94537,36831,36831,36831,36831	0	0	26025,33487,0,0,0,0,0	1	74303
177172	0	1	1	0	2	1	0	0	58	580	931	597	1801	0	0	10	3	2	100,0,0,0,0,0	21631	73	0	58532	2112	0	96361,97035,94455,36642,36642,36642,36642	0	0	26025,33487,0,0,0,0,0	1	74340
177175	0	1	1	0	2	1	0	0	53	580	933	580	1778	0	0	9	3	2	100,0,0,0,0,0	21460	79	0	58532	2112	0	96264,96939,94360,36452,36452,36452,36452	0	0	26025,33487,0,0,0,0,0	1	74375
177176	0	1	0	0	1	1	0	0	51	580	936	595	1708	0	0	9	2	1	100,0,0,0,0,0	21603	81	0	58532	2112	0	96185,96859,94281,36268,36268,36268,36268	0	0	26025,33487,0,0,0,0,0	1	74425
177172	0	0	0	1	1	1	0	0	48	580	943	591	1856	0	1	7	2	1	100,0,0,0,0,0	21595	78	0	58532	2112	0	96104,96778,94201,36085,36085,36085,36085	0	0	26025,33487,0,0,0,0,0	1	74461
177176	0	0	0	1	1	1	0	0	42	580	945	609	1886	0	0	3	1	2	100,0,0,0,0,0	21561	84	0	58532	2112	0	96021,96694,94119,35899,35899,35899,35899	0	0	26025,33487,0,0,0,0,0	1	74500
177172	0	0	0	0	0	1	0	0	41	580	952	589	1849	0	0	5	0	1	100,0,0,0,0,0	19414	73	0	58532	2112	0	95944,96617,94043,35722,35722,35722,35722	0	0	26025,33487,0,0,0,0,0	1	74527
177166	0	0	0	0	0	0	0	0	42	580	958	574	1761	0	0	5	0	0	0,0,0,0,0,0	19563	65	0	58532	2112	0	95866,96538,93965,35559,35559,35559,35559	0	0	26025,33487,0,0,0,0,0	0	74550
177163	0	0	0	0	0	0	0	0	40	580	963	589	1774	0	0	5	0	0	0,0,0,0,0,0	21680	50	0	58532	2112	0	95776,96448,93876,35380,35380,35380,35380	0	0	26025,33487,0,0,0,0,0	0	74571
177163	0	0	0	0	0	0	0	0	37	580	966	580	1768	0	0	1	0	0	0,0,0,0,0,0	21545	177	0	58532	2112	129	95682,96353,93782,35201,35201,35201,35201	0	0	26025,33487,0,0,0,0,0	0	74598
177165	0	0	0	0	0	0	0	0	34	580	967	583	1832	0	0	1	0	0	0,0,0,0,0,0	21548	204	0	58532	2112	269	95621,96291,93721,35082,35082,35082,35082	0	0	26025,33487,0,0,0,0,0	0	74625
177162	0	0	0	0	0	0	0	0	31	580	973	599	1880	0	0	1	0	0	0,0,0,0,0,0	21602	194	0	58532	2112	403	95566,96236,93668,34980,34980,34980,34980	0	0	26025,33487,0,0,0,0,0	0	74660
177158	0	0	0	0	0	0	0	0	30	580	978	572	1800	0	0	1	0	0	0,0,0,0,0,0	21578	206	0	58532	2112	542	95507,96176,93610,34872,34872,34872,34872	0	0	26025,33487,0,0,0,0,0	0	74694
177157	0	0	0	0	0	0	0	0	26	580	983	589	1782	0	0	1	0	0	0,0,0,0,0,0	19628	205	0	58532	2112	682	95452,96120,93555,34772,34772,34772,34772	0	0	26025,33487,0,0,0,0,0	0	74730
177156	0	0	0	0	0	0	0	0	25	580	985	566	1789	0	0	0	0	0	0,0,0,0,0,0	19420	199	0	58532	2112	801	95394,96063,93499,34678,34678,34678,34678	0	0	26025,33487,0,0,0,0,0	0	74775
177155	0	0	0	0	0	0	0	0	24	580	987	583	1754	0	0	0	0	0	0,0,0,0,0,0	21503	197	0	58532	2112	926	95323,95991,93428,34557,34557,34557,34557	0	0	26025,33487,0,0,0,0,0	0	74815
177159	0	0	0	0	0	0	0	0	20	580	987	576	1886	0	0	0	0	0	0,0,0,0,0,0	21464	296	0	58532	2112	1147	95255,95923,93362,34449,34449,34449,34449	0	0	26025,33487,0,0,0,0,0	0	74850
177158	0	0	0	0	0	0	0	0	18	580	990	584	1800	0	0	0	0	0	0,0,0,0,0,0	21640	286	0	58532	2112	1363	95208,95875,93315,34385,34385,34385,34385	0	0	26025,33487,0,0,0,0,0	0	74883
177161	0	0	0	0	0	0	0	0	13	580	992	586	1811	0	0	0	0	0	0,0,0,0,0,0	21816	285	0	58532	2112	1565	95165,95831,93273,34324,34324,34324,34324	0	0	26025,33487,0,0,0,0,0	0	74926
177158	0	0	0	0	0	0	0	0	12	580	996	578	1772	0	0	0	0	0	0,0,0,0,0,0	21437	250	0	58532	2112	1760	95115,95782,93225,34255,34255,34255,34255	0	0	26025,33487,0,0,0,0,0	0	74950
177158	0	0	0	0	0	0	0	0	9	580	999	584	1769	0	0	0	0	0	0,0,0,0,0,0	19376	254	0	58532	2112	1950	95070,95735,93180,34183,34183,34183,34183	0	0	26025,33487,0,0,0,0,0	0	74982
177155	0	0	0	0	0	0	0	0	8	580	1003	587	1792	0	0	0	0	0	0,0,0,0,0,0	19583	236	0	58532	2112	2126	95030,95695,93142,34132,34132,34132,34132	0	0	26025,33487,0,0,0,0,0	0	75014
177153	0	0	0	0	0	0	0	0	6	580	1007	574	1821	0	0	0	0	0	0,0,0,0,0,0	21321	273	0	58532	2112	2326	94982,95646,93094,34064,34064,34064,34064	0	0	26025,33487,0,0,0,0,0	0	75050
177152	0	0	0	0	0	0	0	0	5	580	1009	586	1811	0	0	0	0	0	0,0,0,0,0,0	21634	224	0	58532	2112	2493	94931,95595,93044,34007,34007,34007,34007	0	0	26025,33487,0,0,0,0,0	0	75083
177149	0	0	0	0	0	0	0	0	5	580	1012	598	1836	0	0	0	0	0	0,0,0,0,0,0	21559	248	0	58532	2112	2680	94872,95535,92986,33926,33926,33926,33926	0	0	26025,33487,0,0,0,0,0	0	75115
177146	0	0	0	0	0	0	0	0	5	580	1015	577	1755	0	0	0	0	0	0,0,0,0,0,0	21588	238	0	58532	2112	2852	94824,95487,92939,33864,33864,33864,33864	0	0	26025,33487,0,0,0,0,0	0	75150
177142	0	0	0	0	0	0	0	0	4	580	1020	579	1778	0	0	0	0	0	0,0,0,0,0,0	21469	237	0	58532	2112	3006	94765,95426,92881,33786,33786,33786,33786	0	0	26025,33487,0,0,0,0,0	0	75189
177141	0	0	0	0	0	0	0	0	3	580	1022	598	1820	0	0	0	0	0	0,0,0,0,0,0	19639	238	0	58532	2112	3161	94708,95369,92825,33705,33705,33705,33705	0	0	26025,33487,0,0,0,0,0	0	75228
177138	0	0	0	0	0	0	0	0	2	580	1026	630	1841	0	0	0	0	0	0,0,0,0,0,0	19564	260	0	58532	2112	3333	94655,95315,92773,33647,33647,33647,33647	0	0	26025,33487,0,0,0,0,0	0	75270
177137	0	0	0	0	0	0	0	0	2	580	1027	644	1811	0	0	0	0	0	0,0,0,0,0,0	21770	264	0	58532	2112	3512	94602,95261,92721,33589,33589,33589,33589	0	0	26025,33487,0,0,0,0,0	0	75308
177135	0	0	0	0	0	0	0	0	2	580	1029	647	1825	0	0	0	0	0	0,0,0,0,0,0	21712	377	0	58532	2112	3786	94547,95205,92667,33531,33531,33531,33531	0	0	26025,33487,0,0,0,0,0	0	75354
177131	0	0	0	0	0	0	0	0	2	580	1033	668	1791	0	0	0	0	0	0,0,0,0,0,0	21609	363	0	58532	2112	4064	94517,95174,92638,33518,33518,33518,33518	0	0	26025,33487,0,0,0,0,0	0	75393
177129	0	0	0	0	0	0	0	0	1	580	1036	670	1832	0	0	0	0	0	0,0,0,0,0,0	21564	340	0	58532	2112	4320	94491,95147,92613,33515,33515,33515,33515	0	0	26025,33487,0,0,0,0,0	0	75428
177124	0	0	0	0	0	0	0	0	1	580	1041	660	1805	0	0	0	0	0	0,0,0,0,0,0	21642	338	0	58532	2112	4586	94464,95119,92587,33508,33508,33508,33508	0	0	26025,33487,0,0,0,0,0	0	75462
177082	19	19	0	0	0	0	0	0	0	580	1046	662	1852	1	0	0	0	38	0,100,0,0,0,0	19628	359	0	58568	2114	4853	94459,95113,92584,33540,33540,33540,33540	0	0	26025,33487,38,0,0,0,0	0	75485
177047	38	30	1	0	2	0	0	0	0	580	1048	642	1852	0	0	1	1	70	0,100,0,0,0,0	19613	469	1	58596	2119	5117	94456,95109,92583,33588,33588,33588,33588	0	0	26025,33487,71,0,0,0,0	0	75574
177007	48	47	7	1	4	0	0	0	0	580	1052	651	1961	0	2	3	3	104	0,100,0,0,0,0	21512	480	9	58628	2123	5388	94446,95096,92573,33622,33622,33622,33622	0	0	26025,33487,107,0,0,0,0	0	75659
176964	59	61	15	3	3	0	0	0	3	580	1058	652	1810	1	3	9	4	137	0,100,0,0,0,0	10161	484	16	58657	2131	5670	94441,95090,92569,33661,33661,33661,33661	0	0	26025,33487,144,0,0,0,0	1	75742
176914	64	84	26	4	5	0	0	0	8	580	1061	653	1836	0	1	13	4	179	0,100,0,0,0,0	10251	523	17	58691	2144	5998	94439,95088,92569,33715,33715,33715,33715	0	1	26025,33487,191,0,0,0,0	1	75819
176871	54	114	32	4	8	0	0	0	20	580	1063	655	1855	2	2	43	4	208	0,100,0,0,0,0	10026	501	12	58726	2150	6297	94449,95096,92580,33784,33784,33784,33784	0	0	26025,33487,232,0,0,0,0	0	75885
176844	51	108	44	5	14	0	0	0	36	580	1064	677	1833	1	6	58	9	213	0,100,0,0,0,0	10116	443	26	58750	2152	6574	94443,95090,92575,33825,33825,33825,33825	0	1	26025,33487,258,0,0,0,0	0	75944
176813	48	108	53	12	18	0	0	0	46	580	1068	682	1870	2	6	72	16	223	0,100,0,0,0,0	19445	455	29	58776	2156	6836	94445,95091,92579,33870,33870,33870,33870	0	1	26025,33487,288,0,0,0,0	0	76024
176783	43	109	67	14	19	0	0	0	58	580	1073	668	1978	2	6	211	24	228	0,100,0,0,0,0	19521	401	27	58800	2159	7151	94467,95112,92602,33933,33933,33933,33933	0	1	26025,33487,315,0,0,0,0	1	76056
176739	57	96	83	18	15	0	0	0	82	580	1076	688	2019	2	7	342	26	243	0,100,0,0,0,0	10372	405	42	58834	2167	7450	94508,95152,92645,34024,34024,34024,34024	0	2	26025,33487,357,0,0,0,0	0	76104
176700	68	91	97	20	11	1	0	0	99	580	1079	708	1815	1	5	539	33	255	0,100,0,0,0,0	10625	357	41	58871	2172	7715	94532,95176,92671,34095,34095,34095,34095	0	0	26025,33487,399,0,0,0,0	0	76128
176663	64	97	99	28	13	2	0	0	117	580	1083	701	1868	1	7	564	37	266	0,100,0,0,0,0	10810	369	38	58905	2176	7993	94553,95196,92694,34153,34153,34153,34153	0	0	26025,33487,437,0,0,0,0	1	76172
176619	60	108	97	27	13	2	0	0	152	580	1088	691	1996	1	11	583	44	263	0,100,0,0,0,0	10804	383	44	58942	2183	8279	94582,95223,92725,34219,34219,34219,34219	0	0	26025,33487,481,0,0,0,0	2	76211
176578	69	115	102	21	17	2	0	0	168	580	1094	738	1779	3	1	582	42	284	0,100,0,0,0,0	10646	353	47	58986	2186	8549	94600,95240,92745,34288,34288,34288,34288	0	2	26025,33487,528,0,0,0,0	3	76230
176540	60	126	101	26	16	3	0	0	196	580	1098	744	1959	2	6	608	52	280	0,100,0,0,0,0	20197	352	39	59021	2190	8821	94615,95255,92762,34342,34342,34342,34342	0	2	26025,33487,567,0,0,0,0	3	76259
176490	61	142	100	24	20	3	0	0	222	580	1104	716	1901	0	8	709	54	296	0,100,0,0,0,0	20338	339	53	59064	2200	9102	94631,95270,92780,34427,34427,34427,34427	0	4	26025,33487,620,0,0,0,0	5	76269
176435	77	156	101	19	23	4	1	0	244	580	1106	730	1830	3	9	841	60	321	0,100,0,0,0,0	11056	310	65	59119	2210	9368	94664,95301,92815,34518,34518,34518,34518	0	1	26025,33487,685,0,0,0,0	3	76276
176382	89	159	114	17	21	4	1	0	271	580	1108	739	1893	1	10	804	69	336	0,100,0,0,0,0	11108	345	62	59174	2218	9663	94685,95321,92838,34593,34593,34593,34593	0	0	26025,33487,748,0,0,0,0	5	76287
176336	87	174	121	17	21	4	1	0	296	580	1109	748	2015	1	5	1003	63	362	0,100,0,0,0,0	11160	310	62	59231	2223	9923	94712,95347,92868,34671,34671,34671,34671	0	0	26025,33487,810,0,0,0,0	6	76300
176286	87	169	147	22	24	5	1	0	314	580	1111	759	1772	1	5	743	68	387	0,100,0,0,0,0	11282	313	64	59285	2233	10180	94731,95366,92890,34740,34740,34740,34740	0	2	26025,33487,874,0,0,0,0	6	76317
176227	103	166	154	18	26	5	1	0	349	580	1117	769	1971	0	11	798	67	406	0,100,0,0,0,0	10931	294	69	59345	2242	10431	94754,95387,92915,34823,34823,34823,34823	0	3	26025,33487,943,0,0,0,0	8	76315
176178	109	171	153	20	29	5	1	0	380	580	1120	806	1971	5	4	776	61	427	0,100,0,0,0,0	20214	292	63	59400	2250	10669	94777,95409,92941,34896,34896,34896,34896	0	1	26025,33487,1006,0,0,0,0	8	76322
176123	120	177	150	20	28	4	1	0	415	580	1128	786	1849	1	7	953	70	430	0,100,0,0,0,0	20438	310	67	59455	2262	10927	94792,95423,92959,34983,34983,34983,34983	0	2	26025,33487,1073,0,0,0,0	8	76331
176085	117	191	150	24	31	5	0	0	428	581	1134	775	1852	2	9	1015	76	442	0,100,0,0,0,0	11180	338	63	59507	2273	11214	94808,95439,92980,35070,35070,35070,35070	0	4	26025,33487,1136,0,0,0,0	7	76345
176011	119	210	155	29	35	3	0	0	464	581	1139	784	1944	3	11	1029	80	471	0,100,0,0,0,0	11359	289	87	59583	2284	11456	94847,95477,93023,35192,35192,35192,35192	0	4	26025,33487,1223,0,0,0,0	7	76337
175943	123	226	169	32	40	3	0	0	484	581	1145	793	1869	5	11	1016	86	507	0,100,0,0,0,0	11325	295	90	59668	2291	11705	94881,95509,93060,35290,35290,35290,35290	0	5	26025,33487,1314,0,0,0,0	7	76330
175866	132	245	190	29	37	3	1	0	512	581	1150	809	1985	3	21	1015	96	541	0,100,0,0,0,0	11389	311	98	59754	2303	11958	94925,95551,93107,35402,35402,35402,35402	0	2	26025,33487,1412,0,0,0,0	9	76330
175781	144	243	212	41	42	2	1	0	544	581	1155	827	2069	6	9	782	99	586	0,100,0,0,0,0	11373	288	100	59837	2322	12207	94956,95582,93142,35508,35508,35508,35508	0	8	26025,33487,1513,0,0,0,0	10	76314
175723	152	252	226	37	42	2	2	0	572	581	1157	806	1836	8	10	868	112	601	0,100,0,0,0,0	20415	287	92	59916	2335	12446	94997,95621,93187,35617,35617,35617,35617	0	6	26025,33487,1604,0,0,0,0	10	76314
175659	146	281	223	42	41	2	2	0	604	581	1165	810	1786	4	11	925	130	607	0,100,0,0,0,0	20432	291	90	59991	2351	12703	95057,95679,93253,35751,35751,35751,35751	0	9	26025,33487,1693,0,0,0,0	6	76298
175579	171	297	221	48	35	3	3	0	640	581	1168	820	2031	9	11	1032	129	649	0,100,0,0,0,0	11524	296	120	60094	2368	12954	95145,95763,93346,35911,35911,35911,35911	0	2	26025,33487,1813,0,0,0,0	5	76289
175488	186	326	240	45	36	2	3	0	663	581	1176	782	2088	6	8	1054	124	714	0,100,0,0,0,0	11640	293	128	60210	2381	13200	95239,95854,93446,36081,36081,36081,36081	0	2	26025,33487,1942,0,0,0,0	6	76280
175376	199	338	263	49	41	2	5	0	711	581	1181	744	1851	4	11	1073	126	771	0,100,0,0,0,0	11397	297	134	60323	2403	13460	95331,95945,93544,36252,36252,36252,36252	0	3	26025,33487,2076,0,0,0,0	9	76266
175270	203	378	265	54	41	2	5	0	762	582	1184	752	1948	7	25	1120	139	809	0,100,0,0,0,0	11359	293	139	60442	2424	13703	95429,96039,93646,36432,36432,36432,36432	0	5	26025,33487,2213,0,0,0,0	11	76252
175137	208	418	277	57	48	3	5	0	820	582	1191	745	1792	0	14	1143	144	872	0,100,0,0,0,0	11205	251	161	60584	2443	13913	95531,96138,93753,36624,36624,36624,36624	0	7	26025,33487,2374,0,0,0,0	15	76227
175047	213	418	304	55	46	3	5	0	873	583	1199	721	2049	5	18	1083	139	905	0,100,0,0,0,0	20577	282	127	60694	2462	14156	95605,96209,93833,36774,36774,36774,36774	0	7	26025,33487,2503,0,0,0,0	14	76194
174928	214	433	335	53	45	3	3	1	946	584	1201	736	1970	7	17	1279	143	943	0,100,0,0,0,0	20609	287	151	60830	2482	14408	95685,96288,93918,36944,36944,36944,36944	0	7	26025,33487,2659,0,0,0,0	17	76157
174802	241	451	371	57	53	3	2	1	976	585	1204	731	1871	9	24	1607	162	1016	0,100,0,0,0,0	11864	267	182	60985	2509	14641	95795,96397,94035,37135,37135,37135,37135	0	9	26025,33487,2841,0,0,0,0	16	76121
174647	257	503	372	61	53	3	2	1	1053	585	1209	769	1991	13	20	1798	171	1080	0,100,0,0,0,0	11869	288	201	61164	2531	14896	95914,96512,94158,37347,37347,37347,37347	0	8	26025,33487,3042,0,0,0,0	15	76069
174490	270	549	375	65	57	4	0	1	1134	587	1214	743	1803	3	21	1824	193	1127	0,100,0,0,0,0	12091	308	208	61339	2564	15163	96026,96624,94277,37548,37548,37548,37548	0	5	26025,33487,3248,0,0,0,0	15	76022
174337	316	563	402	77	62	5	1	0	1180	587	1216	765	1899	8	22	1727	194	1232	0,100,0,0,0,0	12107	310	228	61534	2599	15434	96164,96760,94423,37772,37772,37772,37772	0	10	26025,33487,3478,0,0,0,0	14	75975
174143	356	605	440	78	72	3	1	0	1239	587	1222	762	1840	13	30	1998	213	1342	0,100,0,0,0,0	12109	265	250	61749	2636	15676	96330,96924,94596,38033,38033,38033,38033	0	10	26025,33487,3728,0,0,0,0	14	75923
174008	346	649	457	73	79	4	1	0	1313	588	1228	739	2059	12	25	2267	231	1378	0,100,0,0,0,0	21626	290	207	61933	2659	15927	96434,97027,94708,38226,38226,38226,38226	0	11	26025,33487,3935,0,0,0,0	13	75859
173859	314	707	486	74	96	5	2	0	1385	588	1230	726	2020	16	30	2360	255	1429	0,100,0,0,0,0	21690	287	220	62121	2692	16174	96547,97139,94828,38450,38450,38450,38450	1	11	26025,33487,4155,0,0,0,0	13	75795
173627	380	729	505	89	91	4	3	0	1494	588	1236	721	2029	18	33	2788	287	1514	0,100,0,0,0,0	12887	284	303	62378	2739	16423	96709,97300,94998,38728,38728,38728,38728	1	12	26025,33487,4458,0,0,0,0	17	75708
173412	446	747	569	85	94	7	2	0	1554	589	1241	722	2055	20	29	2906	306	1644	0,100,0,0,0,0	13154	305	303	62644	2778	16691	96885,97476,95184,39012,39012,39012,39012	1	12	26025,33487,4763,0,0,0,0	21	75625
173130	477	869	581	98	101	11	2	0	1642	589	1246	712	1955	14	40	2872	332	1807	0,100,0,0,0,0	13031	289	368	62957	2834	16937	97111,97701,95419,39361,39361,39361,39361	1	14	26025,33487,5129,0,0,0,0	25	75528
172871	520	931	640	106	109	12	3	0	1714	589	1251	705	2030	9	38	3040	364	1957	0,100,0,0,0,0	13265	285	350	63256	2888	17189	97324,97912,95641,39682,39682,39682,39682	1	15	26025,33487,5482,0,0,0,0	27	75436
172581	547	1012	688	120	122	14	5	0	1813	589	1255	736	1913	19	31	2982	374	2134	0,100,0,0,0,0	13328	291	381	63581	2947	17452	97540,98128,95867,40034,40034,40034,40034	1	12	26025,33487,5864,0,0,0,0	26	75307
172319	561	1062	746	126	135	15	8	0	1925	589	1260	728	2059	19	41	3184	398	2255	0,100,0,0,0,0	22199	299	374	63904	2999	17724	97761,98348,96099,40383,40383,40383,40383	1	27	26025,33487,6235,0,0,0,0	30	75176
172100	563	1107	784	137	145	16	9	0	2031	590	1264	691	2059	22	56	3618	431	2330	0,100,0,0,0,0	22767	325	342	64193	3056	18009	97962,98549,96313,40702,40702,40702,40702	1	14	26025,33487,6580,0,0,0,0	33	75072
171814	583	1135	855	164	154	15	11	0	2158	590	1267	705	1977	25	51	4045	492	2425	0,100,0,0,0,0	14453	317	411	64552	3112	18281	98217,98804,96580,41085,41085,41085,41085	1	18	26025,33487,6992,0,0,0,0	37	74943
171468	633	1165	930	180	164	17	11	1	2319	590	1268	690	2022	20	54	4446	560	2540	0,100,0,0,0,0	14641	333	458	64947	3179	18579	98498,99084,96874,41514,41514,41514,41514	1	18	26025,33487,7452,0,0,0,0	45	74793
171112	689	1217	1006	174	154	15	14	2	2497	590	1276	661	1977	28	61	4546	604	2665	0,100,0,0,0,0	14689	336	475	65372	3232	18865	98805,99391,97194,41963,41963,41963,41963	1	15	26025,33487,7927,0,0,0,0	47	74643
170827	691	1303	1022	197	163	18	15	1	2639	590	1280	644	2050	22	46	4984	621	2788	0,100,0,0,0,0	15166	286	458	65759	3305	19117	99084,99670,97489,42368,42368,42368,42368	1	17	26025,33487,8383,0,0,0,0	48	74503
170428	753	1401	1073	199	190	18	14	0	2796	592	1282	656	1932	19	60	5246	625	3023	0,100,0,0,0,0	15268	310	551	66227	3389	19382	99404,99990,97824,42844,42844,42844,42844	2	24	26025,33487,8930,0,0,0,0	53	74324
170085	780	1429	1128	197	204	19	16	1	3008	592	1287	648	2060	28	75	5412	644	3129	0,100,0,0,0,0	24261	310	481	66644	3456	19664	99676,100261,98110,43265,43265,43265,43265	2	22	26025,33487,9411,0,0,0,0	58	74127
169748	753	1526	1166	207	215	18	15	1	3209	593	1295	661	1982	22	69	5655	650	3250	0,100,0,0,0,0	24551	336	499	67064	3538	19958	99963,100548,98413,43702,43702,43702,43702	2	21	26025,33487,9909,0,0,0,0	63	73952
169383	766	1599	1197	220	222	20	12	1	3428	596	1302	635	1979	35	67	6092	667	3369	0,100,0,0,0,0	26298	291	527	67531	3601	20214	100284,100870,98751,44185,44185,44185,44185	2	34	26025,33487,10437,0,0,0,0	63	73730
169070	807	1622	1267	244	230	21	12	1	3570	597	1305	646	2008	27	76	6111	715	3488	0,100,0,0,0,0	26481	278	542	67990	3688	20459	100573,101160,99062,44611,44611,44611,44611	2	37	26025,33487,10978,0,0,0,0	64	73500
168758	811	1625	1324	268	258	18	12	2	3760	598	1312	635	2055	38	82	6277	725	3591	0,100,0,0,0,0	26610	302	531	68452	3759	20734	100871,101458,99379,45031,45031,45031,45031	2	32	26025,33487,11506,0,0,0,0	68	73286
168435	828	1650	1356	269	256	21	11	3	4001	599	1317	615	1951	34	93	6490	774	3617	0,100,0,0,0,0	26528	295	542	68919	3838	20989	101173,101759,99700,45472,45472,45472,45472	3	29	26025,33487,12048,0,0,0,0	62	73054
168134	832	1683	1399	267	250	19	9	3	4228	601	1321	635	1968	22	86	6899	803	3656	0,100,0,0,0,0	26588	301	551	69411	3898	21254	101483,102068,100031,45904,45904,45904,45904	3	34	26025,33487,12595,0,0,0,0	60	72815
167822	841	1698	1441	281	270	20	11	4	4430	601	1327	645	2001	31	63	6900	800	3762	0,100,0,0,0,0	25845	287	550	69907	3957	21494	101808,102394,100378,46357,46357,46357,46357	3	21	26025,33487,13145,0,0,0,0	60	72585
167553	856	1731	1425	277	291	21	14	4	4641	601	1332	660	1904	42	82	6850	828	3787	0,100,0,0,0,0	25753	301	537	70372	4035	21756	102098,102682,100690,46762,46762,46762,46762	3	25	26025,33487,13677,0,0,0,0	59	72357
167287	807	1794	1444	287	307	18	17	4	4843	601	1337	661	2017	29	100	6742	867	3807	0,100,0,0,0,0	26932	303	540	70842	4109	22011	102397,102981,101013,47179,47179,47179,47179	3	25	26025,33487,14216,0,0,0,0	57	72130
166915	888	1833	1492	293	304	21	17	4	5037	602	1340	627	2010	33	114	7132	917	3931	0,100,0,0,0,0	17347	491	647	71386	4218	22454	102759,103345,101400,47677,47677,47677,47677	3	24	26025,33487,14866,0,0,0,0	63	71886
166559	973	1846	1545	283	296	24	22	3	5246	606	1343	644	1997	35	100	7113	908	4081	0,100,0,0,0,0	17503	558	670	71949	4329	22965	103185,103770,101853,48266,48266,48266,48266	3	32	26025,33487,15529,0,0,0,0	59	71625
166217	970	1957	1580	283	302	25	20	5	5432	609	1346	629	1973	28	92	7391	923	4214	0,100,0,0,0,0	17694	494	658	72505	4434	23409	103626,104211,102322,48880,48880,48880,48880	3	35	26025,33487,16180,0,0,0,0	69	71372
165867	1032	2000	1609	303	321	26	18	6	5603	611	1350	612	1947	35	104	7205	901	4408	0,100,0,0,0,0	17458	517	706	73105	4545	23872	104071,104656,102798,49475,49475,49475,49475	4	30	26025,33487,16880,0,0,0,0	77	71117
165606	1018	2030	1654	305	339	29	19	6	5778	611	1351	614	1907	34	96	7162	920	4474	0,100,0,0,0,0	26023	508	631	73647	4638	24342	104462,105048,103220,50016,50016,50016,50016	4	33	26025,33487,17507,0,0,0,0	80	70836
165289	982	2080	1725	329	354	33	20	6	5962	613	1353	607	1999	31	98	6948	940	4583	0,100,0,0,0,0	25797	520	656	74193	4757	24794	104880,105467,103670,50592,50592,50592,50592	4	24	26025,33487,18165,0,0,0,0	67	70603
164912	1014	2157	1725	325	371	35	18	4	6211	617	1357	634	2054	37	121	7005	984	4661	0,100,0,0,0,0	17554	504	750	74831	4871	25241	105346,105933,104168,51226,51226,51226,51226	4	32	26025,33487,18913,0,0,0,0	70	70298
164540	1053	2163	1811	340	368	38	18	3	6433	619	1360	632	2023	49	120	7296	1030	4761	0,100,0,0,0,0	17199	707	711	75443	4976	25885	105819,106405,104670,51849,51849,51849,51849	4	41	26025,33487,19621,0,0,0,0	80	70037
164154	1122	2207	1816	355	374	41	21	3	6671	621	1361	638	2032	47	119	7643	1080	4856	0,100,0,0,0,0	17803	693	775	76097	5102	26504	106372,106957,105256,52590,52590,52590,52590	4	33	26025,33487,20394,0,0,0,0	82	69764
163797	1147	2285	1882	328	372	41	21	2	6883	625	1363	630	1873	47	135	7882	1129	4947	0,100,0,0,0,0	18317	667	750	76709	5242	27110	106891,107474,105808,53281,53281,53281,53281	4	51	26025,33487,21132,0,0,0,0	91	69499
163402	1196	2332	1947	356	345	37	20	2	7118	626	1365	637	2005	38	123	7515	1134	5099	0,100,0,0,0,0	18015	674	788	77359	5388	27714	107439,108022,106389,54014,54014,54014,54014	4	41	26025,33487,21911,0,0,0,0	94	69215
163124	1198	2286	2006	341	357	34	24	2	7377	628	1369	641	1983	59	80	7215	1067	5179	0,100,0,0,0,0	25994	695	687	77962	5481	28344	107919,108501,106902,54650,54650,54650,54650	4	45	26025,33487,22600,0,0,0,0	86	68930
162835	1173	2307	2027	353	369	33	26	3	7616	629	1375	612	2040	40	94	7046	1088	5200	0,100,0,0,0,0	25963	711	707	78562	5598	28981	108419,109003,107437,55309,55309,55309,55309	5	40	26025,33487,23306,0,0,0,0	94	68664
162475	1188	2369	2100	377	355	41	21	4	7801	634	1381	601	1941	47	133	7320	1145	5306	0,100,0,0,0,0	17403	674	790	79237	5716	29587	108981,109565,108033,56034,56034,56034,56034	5	33	26025,33487,24088,0,0,0,0	90	68367
162165	1194	2435	2148	385	353	43	21	4	7976	637	1385	596	1984	51	140	7860	1172	5407	0,100,0,0,0,0	17881	840	806	79918	5851	30370	109532,110114,108626,56723,56723,56723,56723	5	41	26025,33487,24898,0,0,0,0	91	68057
161755	1261	2475	2221	404	357	45	20	4	8175	640	1389	587	1935	53	121	8253	1238	5545	0,100,0,0,0,0	18545	891	884	80638	6019	31195	110187,110770,109322,57563,57563,57563,57563	5	40	26025,33487,25778,0,0,0,0	95	67751
161410	1242	2583	2232	410	370	52	20	6	8384	640	1397	588	1968	45	127	8478	1275	5634	0,100,0,0,0,0	18538	916	834	81317	6180	32047	110820,111404,109997,58369,58369,58369,58369	5	35	26025,33487,26601,0,0,0,0	96	67463
161069	1283	2624	2295	424	369	58	19	3	8557	644	1401	600	1978	54	114	8654	1293	5779	0,100,0,0,0,0	18834	903	877	82040	6341	32874	111459,112041,110678,59199,59199,59199,59199	5	36	26025,33487,27467,0,0,0,0	101	67114
160773	1257	2629	2285	442	387	62	24	2	8836	646	1403	584	2009	52	109	8605	1297	5789	0,100,0,0,0,0	27418	882	801	82726	6461	33696	112062,112643,111320,59966,59966,59966,59966	5	54	26025,33487,28259,0,0,0,0	117	66777
160528	1240	2636	2292	449	403	66	26	2	9046	649	1409	559	1990	50	129	8895	1339	5773	0,100,0,0,0,0	27481	994	773	83374	6590	34506	112643,113226,111944,60704,60704,60704,60704	5	44	26025,33487,29023,0,0,0,0	119	66520
160171	1300	2675	2372	431	405	64	29	1	9236	651	1411	537	2016	39	153	9849	1406	5870	0,100,0,0,0,0	19728	961	921	84135	6755	35301	113306,113890,112651,61543,61543,61543,61543	5	45	26025,33487,29932,0,0,0,0	118	66200
159858	1316	2720	2365	447	425	66	28	2	9448	656	1415	522	1937	50	139	10669	1461	5906	0,100,0,0,0,0	20633	1769	871	84846	6917	36869	113934,114517,113323,62318,62318,62318,62318	5	50	26025,33487,30794,0,0,0,0	123	65944
159504	1329	2839	2374	426	445	67	28	3	9655	658	1418	514	1877	51	141	10735	1490	6018	0,100,0,0,0,0	20818	1731	922	85595	7095	38413	114790,115374,114225,63452,63452,63452,63452	5	42	26025,33487,31701,0,0,0,0	121	65650
159196	1364	2840	2397	446	460	62	23	5	9873	662	1418	548	2015	62	155	10747	1518	6074	0,100,0,0,0,0	20894	1720	890	86313	7275	39959	115622,116206,115105,64542,64542,64542,64542	5	48	26025,33487,32577,0,0,0,0	125	65367
158877	1389	2888	2444	476	434	60	24	3	10063	664	1424	546	1928	63	141	10509	1520	6195	0,100,0,0,0,0	20718	1730	917	87080	7430	41496	116480,117064,116012,65655,65655,65655,65655	6	55	26025,33487,33482,0,0,0,0	123	65047
158716	1363	2849	2494	465	451	59	25	4	10229	665	1426	554	2026	51	127	10205	1500	6206	0,100,0,0,0,0	28466	1736	812	87731	7592	43033	117254,117835,116836,66646,66646,66646,66646	5	39	26025,33487,34279,0,0,0,0	118	64814
158600	1269	2834	2524	473	456	50	25	4	10415	669	1427	516	2009	72	132	10276	1513	6118	0,99,0,0,0,0	28510	1691	741	88348	7740	44569	118015,118595,117646,67605,67605,67605,67605	6	41	26025,33487,35005,22,0,0,0	112	64550
158393	1285	2819	2510	492	465	51	24	3	10598	673	1433	509	1964	66	147	10361	1576	6070	0,99,0,0,0,0	21029	1681	823	89017	7926	46084	118844,119422,118525,68648,68648,68648,68648	6	38	26025,33487,35803,53,0,0,0	94	64304
158203	1337	2763	2551	498	456	50	24	4	10747	675	1438	530	1925	47	151	10796	1609	6070	0,98,1,0,0,0	21134	848	827	89705	8113	46779	119661,120238,119395,69650,69650,69650,69650	6	32	26025,33487,36612,100,0,0,0	97	64016
157993	1366	2754	2630	479	465	51	25	4	10861	678	1440	511	1997	48	174	10579	1599	6171	0,98,1,0,0,0	20778	861	862	90415	8299	47475	120272,120848,120058,70312,70312,70312,70312	6	41	26025,33487,37449,142,0,0,0	102	63707
157808	1371	2748	2638	495	442	50	27	2	11040	680	1445	498	1940	40	154	10244	1575	6196	0,97,2,0,0,0	20735	818	850	91113	8482	48127	120867,121442,120704,70950,70950,70950,70950	6	41	26025,33487,38257,195,0,0,0	102	63401
157624	1361	2766	2638	488	443	50	28	2	11214	683	1449	504	1947	63	150	10819	1552	6222	0,96,3,0,0,0	21087	856	842	91801	8667	48813	121433,122007,121321,71559,71559,71559,71559	6	40	26025,33487,39038,269,0,0,0	100	63095
157574	1255	2793	2550	480	464	49	37	3	11406	684	1451	523	1964	61	138	10699	1520	6108	0,96,3,0,0,0	29067	874	755	92395	8830	49548	121915,122486,121853,72062,72062,72062,72062	6	42	26025,33487,39721,323,0,0,0	94	62788
157530	1212	2718	2576	491	463	57	33	4	11518	690	1454	525	1951	63	139	10725	1517	6033	0,95,4,0,0,0	29171	877	750	92971	9011	50267	122404,122975,122396,72588,72588,72588,72588	6	42	26025,33487,40405,377,0,0,0	109	62512
157455	1293	2643	2567	510	436	55	37	4	11598	693	1455	508	1964	51	160	11104	1566	5975	0,94,5,0,0,0	21175	841	857	93622	9222	50943	122952,123522,122998,73152,73151,73151,73151	6	43	26025,33487,41155,460,0,0,0	121	62222
157356	1314	2640	2463	507	461	58	40	6	11746	696	1459	510	1948	42	138	11137	1549	5934	0,94,5,0,0,0	21587	734	846	94269	9432	51507	123467,124032,123566,73688,73687,73687,73687	6	39	26025,33487,41894,549,0,0,0	121	61915
157288	1287	2623	2509	483	444	62	33	6	11844	705	1462	500	1933	57	149	10889	1502	5939	0,93,6,0,0,0	21235	747	808	94891	9624	52091	123934,124498,124085,74154,74153,74153,74153	6	36	26025,33487,42593,641,0,0,0	125	61618
157268	1250	2622	2509	482	450	59	30	5	11895	709	1467	491	1989	39	135	10417	1488	5914	0,92,7,0,0,0	21129	763	803	95496	9826	52709	124403,124968,124613,74595,74593,74593,74593	6	43	26025,33487,43277,747,0,0,0	128	61347
157159	1274	2606	2519	492	478	58	30	6	11942	712	1470	485	1949	50	153	10333	1528	5929	0,91,8,0,0,0	20742	769	824	96100	10050	53327	124887,125449,125146,75103,75101,75101,75101	5	38	26025,33487,43958,858,0,0,0	133	61064
157185	1212	2553	2492	483	490	56	30	4	12052	714	1475	487	1999	39	153	9820	1517	5799	0,90,9,0,0,0	28340	785	721	96630	10243	53947	125270,125830,125580,75496,75493,75493,75493	5	42	26025,33487,44524,991,0,0,0	127	60760
157295	1134	2474	2414	471	459	64	29	6	12205	718	1477	484	2003	57	124	9486	1438	5607	0,89,10,0,0,0	28404	739	656	97110	10427	54504	125634,126194,125999,75829,75824,75824,75824	5	34	26025,33487,45029,1130,0,0,0	121	60525
157305	1149	2407	2448	459	450	69	37	6	12217	719	1480	465	1947	56	135	9687	1453	5566	0,88,11,0,0,0	20108	748	757	97648	10653	55098	126023,126579,126440,76209,76202,76202,76202	5	37	26025,33487,45630,1263,0,0,0	129	60262
157328	1206	2345	2416	456	431	69	38	6	12246	721	1484	467	1983	42	151	9393	1430	5531	0,87,12,0,0,0	19796	304	789	98197	10897	55356	126425,126982,126898,76595,76588,76588,76588	5	46	26025,33487,46232,1429,0,0,0	135	59964
157357	1192	2357	2373	439	410	61	39	4	12298	727	1489	469	1837	57	130	9322	1377	5494	0,86,13,0,0,0	19417	244	780	98757	11119	55600	126745,127304,127272,76861,76852,76852,76852	5	36	26025,33487,46829,1590,0,0,0	130	59637
157440	1180	2373	2314	423	395	62	39	4	12293	730	1493	493	1962	57	139	9315	1349	5437	0,85,14,0,0,0	19571	260	738	99252	11365	55860	127028,127589,127613,77058,77047,77047,77047	5	41	26025,33487,47362,1771,0,0,0	127	59380
157413	1229	2350	2284	393	420	65	37	5	12319	736	1495	471	1947	44	121	9397	1329	5449	0,83,16,0,0,0	19640	257	782	99787	11617	56117	127348,127909,127983,77337,77325,77325,77325	5	38	26025,33487,47911,1984,0,0,0	124	59092
157530	1191	2304	2290	384	413	62	35	5	12294	740	1498	487	1956	39	98	9117	1296	5383	0,81,18,0,0,0	27601	258	673	100239	11843	56375	127584,128145,128275,77504,77490,77490,77490	5	43	26025,33487,48357,2194,0,0,0	130	58821
157679	1151	2223	2267	385	400	62	39	5	12290	742	1503	506	1991	60	156	8730	1292	5235	0,80,19,0,0,0	27227	284	654	100685	12053	56659	127837,128396,128578,77684,77667,77667,77667	5	44	26025,33487,48772,2413,0,0,0	133	58547
157668	1156	2224	2264	392	408	59	42	5	12280	744	1504	512	1984	40	122	9501	1331	5214	0,78,21,0,0,0	19685	246	781	101183	12338	56905	128130,128689,128920,77958,77938,77938,77938	5	42	26025,33487,49239,2701,0,0,0	142	58246
157700	1223	2191	2227	374	382	61	42	6	12289	746	1505	510	1902	50	126	8982	1267	5233	0,75,24,0,0,0	19407	115	755	101666	12616	57020	128381,128940,129222,78193,78169,78169,78169	5	32	26025,33487,49663,3016,0,0,0	140	57936
157777	1204	2161	2260	338	373	57	44	6	12272	747	1507	491	1988	47	108	8675	1220	5217	0,73,26,0,0,0	28436	85	699	102134	12853	57105	128594,129153,129483,78345,78317,78317,78317	5	42	26025,33487,50060,3310,0,0,0	140	57655
157932	1156	2111	2220	369	357	53	42	6	12239	752	1509	495	1893	44	112	8699	1183	5125	0,71,28,0,0,0	28242	108	665	102578	13075	57213	128759,129317,129695,78446,78413,78413,78413	5	30	26025,33487,50409,3607,0,0,0	129	57363
158059	1131	2089	2197	363	354	52	40	5	12188	757	1511	497	1979	45	103	8812	1157	5069	0,68,31,0,0,0	27410	94	675	103000	13334	57307	128931,129489,129911,78556,78517,78517,78517	5	35	26025,33487,50733,3940,0,0,0	131	57110
158135	1109	2066	2194	355	340	51	33	6	12182	762	1513	501	1964	42	108	8200	1101	5047	0,66,33,0,0,0	26970	102	678	103431	13585	57409	129108,129669,130136,78690,78645,78645,78645	5	43	26025,33487,51058,4276,0,0,0	117	56828
158332	1108	2014	2107	342	323	54	34	9	12143	763	1517	465	1939	45	114	8259	1042	4940	0,64,35,0,0,0	26958	100	635	103827	13828	57509	129240,129799,130316,78747,78698,78698,78698	5	20	26025,33487,51324,4627,0,0,0	127	56562
158360	1160	1953	2095	347	308	50	36	8	12139	768	1522	484	1942	43	118	8085	1038	4911	0,61,38,0,0,0	27883	91	716	104263	14113	57600	129423,129980,130541,78909,78853,78853,78853	5	43	26025,33487,51611,5039,0,0,0	114	56273
158404	1187	1982	2036	321	320	50	37	9	12107	770	1523	480	1951	46	111	8349	1043	4890	0,57,42,0,0,0	27823	88	717	104680	14420	57688	129583,130141,130745,79040,78978,78978,78978	5	60	26025,33487,51885,5471,0,0,0	131	56006
158496	1183	1972	2027	302	311	48	37	9	12063	773	1525	486	2035	52	110	7957	1004	4876	0,55,44,0,0,0	28066	89	706	105095	14716	57777	129727,130285,130933,79144,79077,79077,79077	5	40	26025,33487,52126,5916,0,0,0	125	55742
158563	1187	2051	1979	295	287	45	31	11	11993	779	1525	498	1973	51	93	7991	957	4918	0,51,48,0,0,0	27712	72	745	105545	15018	57849	129899,130455,131147,79306,79229,79229,79229	5	48	26025,33487,52350,6425,0,0,0	116	55457
158554	1305	2003	2007	293	276	43	30	10	11914	782	1529	482	1900	35	106	7790	970	4987	0,49,50,0,0,0	27654	67	798	106035	15331	57916	130074,130630,131364,79498,79412,79412,79412	5	36	26025,33487,52593,6968,0,0,0	125	55122
158651	1289	2009	2053	307	277	38	29	11	11769	782	1531	467	1868	58	79	7595	951	5051	0,46,53,0,0,0	26269	70	738	106480	15630	57986	130204,130760,131536,79631,79535,79535,79535	5	51	26025,33487,52805,7483,0,0,0	113	54808
158732	1236	2106	2013	301	266	39	29	13	11694	784	1533	502	1962	49	84	7197	927	5063	0,43,56,0,0,0	26026	74	743	106908	15950	58060	130329,130883,131700,79772,79665,79665,79665	5	50	26025,33487,52978,8042,0,0,0	112	54512
158590	1396	2075	2047	299	265	37	25	12	11677	789	1534	532	1993	68	105	7266	907	5237	0,39,60,0,0,0	17142	78	930	107446	16349	58138	130548,131104,131959,80081,79963,79963,79963	5	57	26025,33487,53189,8750,0,0,0	98	54138
158494	1503	2064	2082	295	273	34	28	13	11632	791	1537	508	2003	46	99	7133	917	5362	0,37,62,0,0,0	17387	297	876	107929	16745	58435	130733,131289,132180,80345,80216,80216,80216	5	42	26025,33487,53370,9428,0,0,0	89	53801
158377	1512	2188	2079	300	248	37	26	10	11633	794	1542	530	2017	54	98	7059	909	5481	0,33,66,0,0,0	17289	312	888	108423	17146	58747	130967,131517,132445,80713,80570,80570,80570	6	60	26025,33487,53515,10159,0,0,0	82	53448
158131	1613	2339	2078	309	253	29	23	11	11617	797	1546	517	1831	49	100	6867	928	5716	0,30,69,0,0,0	17212	237	1022	108981	17620	58984	131272,131818,132777,81190,81034,81034,81034	6	50	26025,33487,53661,11030,0,0,0	77	53087
157781	1792	2460	2124	290	264	29	24	11	11625	797	1549	513	2000	63	103	6510	927	6056	0,27,72,0,0,0	16973	273	1169	109585	18188	59257	131587,132130,133122,81720,81549,81549,81549	6	53	26025,33487,53825,12022,0,0,0	74	52684
157517	1793	2548	2254	295	292	30	24	8	11635	801	1549	524	1992	74	94	6352	958	6278	0,25,74,0,0,0	25348	271	1035	110135	18684	59528	131851,132393,133416,82181,81994,81994,81994	6	80	26025,33487,53959,12915,0,0,0	68	52301
157212	1743	2723	2376	290	301	34	24	6	11680	804	1553	517	1961	64	101	6206	977	6514	0,23,76,0,0,0	24707	291	1059	110673	19211	59819	132117,132655,133708,82676,82472,82472,82472	6	66	26025,33487,54063,13862,0,0,0	81	51927
156584	2031	2752	2570	283	289	36	21	6	11810	807	1557	529	1982	63	120	6692	1006	6976	0,20,79,0,0,0	16669	298	1349	111383	19881	60117	132498,133030,134107,83391,83168,83168,83168	7	71	26025,33487,54193,15081,20,0,0	76	51431
156034	2240	2822	2715	304	301	39	20	8	11895	808	1560	505	1943	75	110	6697	1024	7417	0,18,81,0,0,0	16936	340	1334	112072	20560	60457	132850,133378,134483,84057,83815,83815,83815	7	66	26025,33487,54307,16298,45,0,0	76	50936
155443	2320	3136	2774	299	297	44	20	10	12031	809	1563	508	1888	72	132	7041	1091	7799	0,16,82,0,0,0	16886	347	1435	112797	21293	60804	133218,133747,134877,84797,84530,84530,84530	7	90	26025,33487,54435,17589,66,0,0	82	50439
154644	2493	3326	2939	303	309	48	20	9	12280	810	1565	487	1995	82	100	7019	1107	8331	0,14,84,1,0,0	17206	355	1551	113578	22086	61159	133657,134178,135331,85635,85346,85346,85346	8	72	26025,33487,54528,19026,97,0,0	101	49896
153781	2673	3485	3108	335	316	50	17	8	12591	815	1567	491	1868	80	118	6900	1110	8874	0,12,85,1,0,0	16892	349	1611	114353	22956	61508	134096,134615,135784,86528,86216,86216,86216	8	82	26025,33487,54621,20504,156,0,0	99	49372
153102	2639	3731	3257	364	325	44	15	9	12874	818	1568	507	1930	77	113	7048	1127	9248	0,11,86,1,0,0	25691	339	1516	115096	23760	61847	134445,134963,136152,87329,86987,86987,86987	8	84	26025,33487,54693,21908,212,0,0	111	48827
152266	2665	3963	3394	328	341	39	18	9	13334	821	1568	499	2064	101	147	7367	1199	9549	0,10,87,2,0,0	25873	342	1641	115870	24633	62189	134861,135378,136585,88220,87851,87851,87851	9	82	26025,33487,54774,23409,254,0,0	111	48284
151170	2941	4068	3574	344	360	41	20	8	13829	822	1569	495	1946	111	151	7911	1315	10033	0,9,88,2,0,0	18014	333	1936	116774	25681	62522	135361,135874,137095,89303,88903,88903,88903	9	81	26025,33487,54847,25207,311,0,0	107	47655
149958	3321	4167	3836	381	367	37	17	9	14256	824	1573	486	1965	113	141	8694	1473	10653	0,8,88,2,0,0	18424	398	2064	117754	26786	62920	135917,136428,137663,90511,90079,90079,90079	9	86	26025,33487,54944,27084,403,0,0	109	46959
148796	3389	4439	4120	417	378	43	15	9	14736	826	1578	463	1836	99	161	9348	1615	11186	0,7,89,3,0,0	19574	363	2065	118720	27900	63283	136453,136964,138210,91711,91243,91243,91243	10	101	26025,33487,55023,28980,490,0,0	106	46276
147472	3561	4800	4292	411	349	45	12	10	15386	829	1579	457	2003	94	160	9765	1685	11785	0,6,89,3,0,0	19723	355	2235	119771	29100	63638	137033,137539,138795,93006,92500,92500,92500	10	103	26025,33487,55081,31063,581,0,0	105	45516
146060	3809	5067	4511	428	362	45	11	9	16034	830	1580	473	1931	92	166	10287	1744	12489	0,5,90,3,0,0	20067	366	2396	120855	30422	64004	137633,138131,139395,94395,93846,93845,93845	10	104	26025,33487,55154,33272,679,0,0	108	44754
144910	3801	5187	4861	438	397	49	13	8	16668	831	1583	477	1933	126	146	10142	1782	12964	0,5,90,3,0,0	28590	355	2181	121850	31617	64359	138135,138628,139905,95647,95053,95052,95052	11	116	26025,33487,55211,35291,778,0,0	123	44031
143705	3798	5327	5132	441	432	50	14	8	17422	833	1584	507	1974	124	169	10609	1873	13321	0,4,90,4,0,0	28731	359	2234	122827	32887	64718	138652,139138,140424,96917,96279,96276,96276	11	129	26025,33487,55256,37348,898,0,0	142	43319
142189	4098	5535	5320	460	410	44	16	7	18246	833	1588	502	1959	149	228	11298	2039	13844	0,4,91,4,0,0	21278	355	2584	123938	34377	65073	139255,139731,141030,98432,97747,97744,97744	12	149	26025,33487,55302,39733,1038,0,0	155	42492
140725	4272	5644	5535	512	465	41	19	6	19102	833	1592	523	2019	146	187	12236	2200	14288	0,3,91,4,0,0	21942	307	2555	125107	35775	65380	139869,140339,141640,99948,99213,99209,99209	13	136	26025,33487,55340,42092,1186,0,0	153	41652
139267	4290	5927	5750	533	505	43	18	8	19973	835	1597	501	1949	136	203	12441	2250	14816	0,3,91,5,0,0	22954	308	2601	126209	37290	65688	140442,140905,142206,101451,100661,100655,100655	13	135	26025,33487,55380,44476,1349,0,0	159	40866
137883	4465	6056	5945	519	518	45	16	7	20852	838	1602	514	1880	139	233	12534	2288	15276	0,3,91,5,0,0	22984	337	2690	127347	38863	66025	141006,141458,142764,103008,102151,102144,102144	14	138	26025,33487,55414,46926,1551,0,0	153	40030
136384	4648	6240	6161	543	545	47	15	10	21707	841	1605	506	1960	162	228	12344	2363	15836	0,2,91,5,0,0	22594	335	2784	128522	40492	66360	141613,142063,143361,104626,103704,103695,103695	15	155	26025,33487,55450,49447,1756,0,0	151	39174
135167	4517	6436	6266	548	550	45	19	10	22738	842	1608	526	1940	175	201	12693	2414	15967	0,2,91,6,0,0	30894	315	2501	129626	41915	66675	142110,142552,143854,106047,105061,105051,105051	15	141	26025,33487,55486,51718,1934,0,0	144	38350
133969	4253	6620	6498	584	557	46	21	7	23734	844	1613	510	1933	147	215	12655	2468	16111	0,2,91,6,0,0	30833	344	2538	130681	43419	67019	142592,143030,144330,107500,106447,106433,106433	16	145	26025,33487,55512,54019,2120,0,0	143	37563
132571	4494	6533	6612	621	574	48	23	6	24802	846	1616	515	1952	174	252	13135	2528	16377	0,2,90,6,0,0	23068	346	2842	131867	45096	67365	143175,143604,144903,109157,108030,108014,108014	16	166	26025,33487,55535,56551,2373,0,0	151	36682
131251	4720	6470	6757	579	565	46	23	11	25857	846	1621	510	1969	171	267	14158	2614	16546	0,1,90,7,0,0	23710	147	2839	133088	46735	67512	143712,144133,145427,110795,109588,109569,109569	17	145	26025,33487,55549,59102,2632,0,0	151	35750
129982	4772	6487	6881	557	541	46	26	11	26975	846	1622	529	1964	179	249	14371	2591	16719	0,1,90,7,0,0	24284	112	2783	134203	48424	67624	144185,144604,145893,112329,111044,111022,111022	17	162	26025,33487,55567,61560,2917,0,0	151	34901
128848	4734	6684	6866	558	550	47	23	14	27950	847	1625	495	1908	163	221	14015	2564	16898	0,1,90,8,0,0	24336	121	2753	135370	50027	67745	144646,145062,146348,113847,112480,112454,112454	18	163	26025,33487,55591,63948,3210,0,0	146	34016
127749	4670	6722	7056	564	535	50	25	13	28885	849	1628	487	1932	173	235	13788	2553	17069	0,1,89,8,0,0	24335	120	2742	136522	51643	67865	145106,145518,146795,115372,113920,113890,113890	18	145	26025,33487,55610,66336,3515,0,0	153	33169
127027	4427	6740	7087	521	525	47	19	14	29851	854	1634	510	1944	195	220	13986	2586	16780	0,1,89,9,0,0	31865	126	2439	137514	53104	67991	145398,145808,147080,116648,115105,115072,115072	18	164	26025,33487,55623,68432,3796,0,0	161	32406
126486	4099	6631	7222	517	526	44	20	15	30689	856	1641	510	1950	186	179	14305	2554	16505	0,1,88,9,0,0	32104	127	2338	138460	54516	68118	145649,146057,147320,117868,116230,116193,116193	19	144	26025,33487,55636,70446,4071,0,0	148	31675
125778	4170	6509	7166	541	585	45	21	14	31417	857	1643	517	1926	171	226	14127	2633	16404	0,1,88,10,0,0	24156	102	2657	139542	56107	68220	146009,146417,147672,119293,117556,117513,117513	19	153	26025,33487,55648,72682,4422,0,0	148	30897
125359	4239	6217	7014	568	613	43	23	15	32151	857	1647	523	1949	184	241	13969	2563	16154	0,1,87,11,0,0	23958	80	2434	140504	57599	68300	146225,146632,147877,120542,118701,118652,118652	19	132	26025,33487,55656,74698,4794,0,0	151	30160
124836	4104	6184	6894	564	600	35	24	17	32979	858	1651	518	1943	160	259	14166	2555	15850	0,0,87,12,0,0	24066	101	2448	141509	59060	68401	146500,146904,148145,121819,119880,119825,119825	18	137	26025,33487,55667,76717,5140,0,0	131	29408
124414	4051	6117	6804	552	566	39	24	20	33645	859	1655	501	1986	177	241	13594	2500	15653	0,0,86,12,0,0	24224	95	2373	142484	60473	68496	146748,147149,148384,123050,121013,120951,120951	19	137	26025,33487,55677,78672,5490,0,0	139	28676
124275	3972	5974	6653	549	554	40	25	19	34162	861	1662	510	1890	151	219	13791	2495	15272	0,0,85,13,0,0	23720	85	2273	143379	61872	68581	146897,147292,148525,124201,122055,121986,121986	18	117	26025,33487,55685,80480,5886,0,0	126	27997
124402	3699	5773	6548	557	536	44	22	22	34614	865	1664	516	1916	143	201	13417	2367	14812	0,0,84,14,0,0	31243	76	1989	144154	63105	68657	146946,147341,148574,125168,122913,122836,122836	18	131	26025,33487,55691,82068,6239,0,0	133	27404
124625	3362	5636	6400	525	528	41	23	21	35052	867	1666	517	2002	151	184	13301	2222	14293	0,0,84,15,0,0	31196	77	1896	144872	64302	68734	146970,147362,148600,126061,123701,123614,123614	18	123	26025,33487,55693,83589,6565,0,0	145	26835
124786	3321	5284	6277	504	474	40	22	19	35482	867	1670	521	1898	144	217	13060	2146	13776	0,0,83,15,0,0	23285	97	1968	145606	65552	68831	147006,147398,148637,127006,124538,124444,124444	17	101	26025,33487,55700,85091,6942,0,0	139	26265
125148	3251	5073	6046	483	451	37	22	18	35676	868	1673	547	2012	126	204	13096	2116	13247	0,0,82,16,0,0	23303	52	1870	146304	66736	68883	147014,147409,148643,127896,125315,125211,125211	17	95	26025,33487,55707,86479,7358,0,0	129	25745
125534	3071	4893	5904	478	421	37	22	17	35826	869	1674	541	1959	125	178	13349	2016	12810	0,0,81,17,0,0	23494	50	1798	146948	67896	68933	146973,147372,148600,128715,126026,125912,125912	16	97	26025,33487,55711,87834,7726,0,0	127	25257
125988	2963	4670	5668	466	418	33	22	20	35951	871	1676	541	1911	138	172	13510	1933	12307	0,0,80,18,0,0	23496	57	1683	147560	68974	68990	146933,147332,148561,129470,126678,126552,126552	15	102	26025,33487,55720,89062,8106,0,0	106	24788
126574	2869	4461	5507	444	415	34	20	19	35850	872	1681	544	1968	132	196	13308	1915	11835	0,0,79,19,0,0	23249	48	1655	148174	70025	69038	146868,147267,148497,130212,127319,127180,127180	15	90	26025,33487,55722,90245,8516,0,0	111	24317
127454	2668	4198	5338	420	428	33	21	19	35610	872	1685	511	1948	127	163	13536	1905	11201	0,0,78,20,0,0	31564	57	1417	148700	70926	69095	146697,147094,148334,130799,127790,127639,127639	14	78	26025,33487,55725,91246,8869,0,0	125	23907
128299	2413	4083	5034	404	412	33	18	20	35466	874	1690	543	1941	93	157	13074	1848	10549	0,0,77,21,0,0	31273	46	1356	149145	71851	69141	146540,146942,148181,131327,128226,128059,128059	13	76	26025,33487,55727,92183,9216,0,0	111	23580
129164	2379	3845	4810	374	367	34	19	17	35168	875	1694	500	1958	97	169	12542	1684	10144	0,0,76,22,0,0	22938	63	1411	149661	72753	69204	146382,146791,148029,131900,128692,128510,128510	13	73	26025,33487,55728,93128,9616,0,0	121	23187
130056	2368	3622	4528	356	343	33	24	14	34827	877	1698	505	1994	90	135	12201	1551	9723	0,0,75,24,0,0	22337	47	1360	150130	73657	69251	146221,146631,147870,132432,129117,128922,128922	12	68	26025,33487,55730,94007,10038,0,0	104	22825
131061	2176	3481	4351	345	329	34	26	14	34352	877	1700	517	1971	89	149	11913	1449	9293	0,0,73,25,0,0	22101	34	1180	150533	74439	69285	146023,146432,147678,132866,129450,129242,129242	12	65	26025,33487,55732,94743,10417,0,0	114	22526
132164	2003	3385	4066	319	326	28	24	14	33838	879	1700	527	1874	89	144	11022	1341	8810	0,0,72,27,0,0	21536	39	1148	150954	75174	69324	145797,146211,147464,133281,129768,129542,129542	11	66	26025,33487,55734,95441,10809,0,0	104	22192
133166	1989	3127	3940	316	311	29	20	15	33251	880	1702	518	1944	86	137	10377	1265	8467	0,0,70,29,0,0	20621	34	1180	151345	75971	69358	145577,145996,147254,133701,130094,129851,129851	11	77	26025,33487,55735,96134,11236,0,0	103	21883
134334	1828	2900	3752	305	292	25	20	15	32688	881	1706	530	1904	70	115	9644	1160	7962	0,0,68,31,0,0	28248	47	964	151657	76625	69405	145312,145734,147002,133984,130282,130024,130024	10	64	26025,33487,55739,96676,11600,0,0	92	21643
135545	1640	2848	3516	295	258	21	14	20	31996	884	1709	550	1973	73	138	9367	1100	7492	0,0,67,32,0,0	27737	42	931	151970	77252	69447	145048,145469,146751,134273,130482,130206,130206	10	52	26025,33487,55741,97199,11962,0,0	81	21400
136670	1694	2683	3322	273	243	21	10	24	31208	885	1713	563	1997	77	116	8314	1013	7233	0,0,65,34,0,0	19133	40	1060	152313	77974	69487	144800,145224,146514,134618,130731,130437,130437	9	41	26025,33487,55742,97785,12384,0,0	70	21141
137816	1664	2501	3188	253	236	16	10	23	30437	887	1715	557	1955	67	110	8080	982	6886	0,0,63,36,0,0	18028	28	930	152616	78611	69515	144542,144969,146265,134909,130937,130624,130624	9	48	26025,33487,55745,98281,12766,0,0	64	20900
138959	1582	2468	2995	247	243	18	9	21	29597	887	1720	540	1958	46	95	7964	950	6612	0,0,61,37,0,0	18106	24	917	152904	79247	69539	144299,144731,146035,135179,131121,130791,130791	8	33	26025,33487,55748,98737,13172,0,0	60	20676
140158	1527	2346	2881	208	216	17	7	17	28758	889	1722	544	1887	58	90	7687	860	6342	0,0,60,39,0,0	18032	31	848	153173	79829	69570	144013,144453,145763,135408,131270,130920,130920	7	49	26025,33487,55750,99142,13569,0,0	49	20467
141331	1465	2288	2757	213	192	21	6	15	27841	891	1726	531	1985	46	91	7394	811	6131	0,0,58,41,0,0	17453	19	833	153446	80394	69589	143741,144185,145502,135627,131405,131036,131036	7	33	26025,33487,55750,99529,13971,0,0	45	20260
142506	1376	2184	2644	208	200	23	9	12	26959	892	1733	534	1935	51	63	7117	762	5882	0,0,57,42,0,0	25782	30	759	153709	80890	69619	143464,143909,145239,135819,131518,131131,131131	7	45	26025,33487,55751,99872,14348,0,0	55	20057
143646	1278	2112	2508	194	198	28	9	11	26131	893	1738	553	2000	48	83	7025	728	5599	0,0,55,44,0,0	25524	29	732	153930	81406	69648	143176,143626,144965,135986,131615,131208,131208	6	35	26025,33487,55751,100176,14727,0,0	63	19878
144592	1362	2054	2421	185	181	28	6	12	25273	893	1739	528	1940	57	105	6258	651	5586	0,0,53,46,0,0	16905	30	892	154225	82012	69678	142952,143406,144753,136240,131804,131377,131377	6	49	26025,33487,55754,100538,15193,0,0	69	19647
145572	1431	1951	2363	183	175	23	5	11	24392	894	1746	498	1932	48	74	5577	589	5542	0,0,51,47,0,0	15982	4	845	154534	82551	69682	142734,143193,144547,136493,131994,131545,131545	6	41	26025,33487,55755,100903,15630,0,0	59	19414
146526	1345	2015	2306	191	152	22	5	9	23532	895	1748	540	1939	47	68	4738	529	5507	0,0,49,50,0,0	15329	6	755	154788	83056	69688	142508,142972,144334,136675,132120,131649,131649	6	39	26025,33487,55759,101174,16067,0,0	57	19220
147406	1335	1993	2248	181	165	19	3	8	22738	896	1754	512	1955	39	84	4188	488	5456	0,0,47,52,0,0	14656	10	808	155050	83610	69698	142300,142768,144139,136883,132276,131785,131785	5	41	26025,33487,55764,101435,16566,0,0	47	19016
148176	1392	1976	2219	163	145	17	5	7	21996	896	1754	536	1946	58	78	3417	430	5487	0,0,45,54,0,0	14029	6	852	155334	84180	69704	142122,142594,143972,137124,132463,131952,131952	5	51	26025,33487,55766,101711,17091,0,0	48	18798
149046	1322	1982	2124	169	141	17	6	7	21278	896	1758	562	1970	50	65	2789	412	5349	0,0,43,56,0,0	22426	9	703	155570	84656	69713	141922,142394,143782,137293,132584,132050,132050	5	44	26025,33487,55768,101944,17535,0,0	41	18613
149954	1254	1939	2116	171	132	18	5	5	20496	897	1759	534	1998	37	57	2332	377	5258	0,0,41,58,0,0	21710	11	695	155811	85115	69724	141704,142179,143576,137460,132704,132146,132146	5	37	26025,33487,55769,102169,17973,0,0	47	18422
150713	1281	1922	2112	165	149	17	6	4	19718	897	1762	522	1976	50	74	1673	346	5306	0,0,39,60,0,0	12144	1	803	156055	85676	69725	141513,141990,143391,137658,132860,132280,132280	5	36	26025,33487,55772,102389,18506,0,0	37	18234
151380	1323	1907	2078	137	145	15	8	5	19088	897	1763	519	1918	44	69	1202	329	5284	0,0,37,62,0,0	11426	14	802	156317	86223	69739	141359,141841,143248,137875,133039,132436,132436	4	29	26025,33487,55774,102598,19064,0,0	29	18030
152017	1307	1910	2077	124	145	17	8	6	18470	898	1767	525	1987	44	65	1072	309	5279	0,0,35,64,0,0	11281	20	774	156576	86743	69759	141217,141702,143112,138092,133221,132597,132597	4	35	26025,33487,55775,102789,19607,0,0	30	17836
152612	1274	1909	2131	123	150	17	7	7	17848	899	1769	555	2061	40	65	1023	315	5296	0,0,33,65,0,0	11195	22	770	156830	87264	69781	141087,141571,142988,138310,133409,132761,132761	3	34	26025,33487,55776,102976,20154,0,0	44	17646
153122	1318	1966	2041	158	150	17	7	8	17289	899	1771	570	1993	40	57	987	297	5360	0,0,31,67,0,0	11165	17	850	157087	87860	69798	140957,141442,142863,138548,133618,132947,132947	3	38	26025,33487,55777,103177,20765,0,0	41	17445
153705	1294	1930	2042	156	153	16	6	8	16762	900	1774	577	2056	53	56	955	286	5311	0,0,29,70,0,0	20447	22	730	157303	88376	69820	140815,141302,142727,138725,133769,133076,133076	3	40	26025,33487,55778,103297,21348,0,0	41	17270
154250	1195	1939	2049	140	154	13	5	8	16314	901	1778	545	1906	46	65	943	299	5196	0,0,27,71,0,0	20273	26	696	157510	88867	69846	140669,141157,142589,138888,133913,133194,133194	3	45	26025,33487,55778,103413,21901,0,0	43	17095
154598	1264	1945	2057	163	150	10	4	9	15864	902	1780	564	1966	45	77	940	309	5284	0,0,26,73,0,0	10888	27	852	157779	89457	69873	140578,141066,142504,139144,134151,133409,133409	3	44	26025,33487,55778,103577,22553,0,0	42	16882
154976	1374	1829	2078	158	158	15	4	8	15459	902	1785	556	1986	57	72	946	317	5299	0,0,24,74,0,0	11157	0	807	158014	90033	69873	140475,140963,142405,139370,134364,133596,133596	3	35	26025,33487,55779,103725,23171,0,0	47	16703
155398	1360	1899	2079	139	159	16	4	8	14996	902	1786	580	2023	53	83	978	337	5319	0,0,23,75,0,0	11015	0	802	158268	90585	69873	140375,140863,142315,139586,134568,133772,133772	3	42	26025,33487,55779,103863,23809,0,0	54	16513
155839	1314	1911	2079	128	161	17	3	9	14592	902	1791	583	1951	51	72	987	351	5262	0,0,21,77,0,0	11111	0	744	158497	91105	69873	140260,140746,142206,139774,134747,133923,133923	3	35	26025,33487,55779,103956,24442,0,0	47	16338
156174	1315	1920	2077	127	167	14	3	8	14245	903	1793	578	1976	50	58	983	343	5280	0,0,20,79,0,0	10954	0	776	158722	91658	69873	140165,140652,142111,139975,134946,134094,134094	3	36	26025,33487,55781,104060,25077,0,0	46	16165
156587	1247	1876	2098	148	152	14	2	8	13911	904	1799	562	1874	46	71	1000	335	5202	0,0,19,79,0,0	20375	0	692	158916	92162	69873	140037,140526,141987,140129,135095,134215,134215	3	41	26025,33487,55781,104159,25642,0,0	55	16007
156893	1198	1830	2093	159	135	15	2	8	13707	905	1801	561	1996	54	57	988	315	5117	0,0,18,81,0,0	20382	0	684	159118	92647	69873	139929,140417,141882,140288,135256,134349,134349	4	44	26025,33487,55783,104243,26213,0,0	56	15842
157043	1252	1815	2052	162	143	10	4	6	13552	905	1802	584	1952	44	70	1012	326	5112	0,0,17,82,0,0	11030	0	807	159359	93217	69873	139872,140365,141829,140496,135466,134534,134534	4	48	26025,33487,55784,104325,26904,0,0	46	15650
157271	1310	1824	2002	148	147	14	5	4	13311	905	1805	555	1953	51	73	1018	324	5126	0,0,15,83,0,0	11148	0	790	159589	93786	69873	139814,140308,141774,140720,135695,134732,134732	4	37	26025,33487,55784,104401,27598,0,0	57	15480
157503	1308	1861	1991	138	136	16	7	4	13068	905	1809	580	1980	35	87	1050	322	5135	0,0,15,84,0,0	11080	0	773	159841	94314	69873	139746,140240,141706,140939,135921,134927,134927	4	42	26025,33487,55784,104490,28258,0,0	53	15276
157636	1346	1897	1999	134	117	19	6	4	12870	906	1812	577	1946	55	71	1030	315	5203	0,0,14,85,0,0	11155	0	822	160041	94941	69873	139666,140161,141625,141149,136141,135118,135118	4	41	26025,33487,55787,104564,28980,0,0	55	15115
157764	1379	1901	2050	141	117	20	6	4	12644	906	1814	595	2026	62	55	1010	317	5297	0,0,13,86,0,0	11170	0	798	160243	95547	69873	139617,140110,141574,141355,136360,135307,135307	4	40	26025,33487,55789,104618,29697,0,0	62	14967
157957	1271	1944	2039	139	128	18	6	4	12513	907	1820	627	1955	58	49	986	316	5229	0,0,12,87,0,0	20352	0	709	160415	96088	69873	139547,140042,141507,141512,136532,135446,135446	4	39	26025,33487,55789,104674,30326,0,0	67	14838
158231	1153	1935	2090	143	144	17	3	5	12296	908	1821	629	1985	45	64	977	321	5164	0,0,11,88,0,0	20413	0	657	160591	96572	69873	139446,139941,141409,141655,136687,135568,135568	4	33	26025,33487,55790,104719,30919,0,0	58	14697
158339	1170	1887	2080	138	136	16	4	5	12241	908	1822	650	2003	44	53	975	300	5131	0,0,10,89,0,0	11038	0	758	160786	97138	69873	139386,139885,141353,141842,136893,135743,135743	4	47	26025,33487,55790,104774,31602,0,0	55	14543
158485	1250	1811	2061	124	134	16	7	5	12120	908	1825	640	1972	51	74	964	303	5100	0,0,9,90,0,0	11169	0	766	160991	97706	69873	139321,139819,141287,142030,137102,135917,135917	4	35	26025,33487,55790,104821,32306,0,0	53	14372
158556	1250	1797	2043	147	143	14	7	3	12050	908	1828	658	1958	51	60	970	304	5097	0,0,8,91,0,0	11150	0	749	161195	98255	69873	139265,139766,141231,142217,137309,136093,136093	4	32	26025,33487,55792,104862,32993,0,0	59	14208
158645	1285	1772	2043	133	140	15	10	2	11960	908	1833	653	1980	45	67	961	295	5103	0,0,8,91,0,0	11244	0	756	161387	98826	69873	139207,139712,141175,142407,137517,136270,136270	4	47	26025,33487,55792,104896,33695,0,0	53	14058
158766	1289	1820	2012	130	131	17	11	2	11822	908	1838	636	1986	44	73	968	303	5107	0,0,7,92,0,0	11053	0	766	161586	99396	69873	139153,139661,141121,142578,137716,136432,136432	3	35	26025,33487,55792,104932,34402,0,0	53	13907
158957	1149	1775	1997	128	143	14	8	3	11817	910	1845	595	2020	51	50	935	286	4928	0,0,7,92,0,0	20458	0	586	161716	99857	69873	139062,139571,141031,142680,137839,136523,136523	3	44	26025,33487,55792,104959,34940,0,0	55	13799
159185	1011	1781	1946	135	145	13	9	3	11758	910	1850	584	1972	48	56	925	299	4741	0,0,6,93,0,0	20402	0	582	161857	100304	69873	138969,139482,140941,142795,137976,136625,136625	3	35	26025,33487,55793,104980,35478,0,0	57	13688
159298	1016	1710	1955	123	145	11	9	5	11712	910	1852	604	2005	46	70	924	312	4657	0,0,6,93,0,0	10896	0	660	162018	100805	69873	138893,139404,140866,142927,138130,136747,136747	3	35	26025,33487,55793,105005,36088,0,0	52	13560
159477	1043	1591	1925	137	153	14	8	4	11626	911	1857	613	1860	35	60	936	331	4540	0,0,5,94,0,0	11048	0	618	162154	101292	69873	138821,139334,140800,143033,138267,136846,136846	3	35	26025,33487,55794,105019,36676,0,0	52	13456
159598	1075	1532	1883	133	150	10	6	6	11579	911	1863	609	1923	46	61	930	315	4474	0,0,4,95,0,0	11014	0	646	162320	101779	69873	138760,139273,140743,143168,138430,136974,136974	3	34	26025,33487,55795,105041,37280,0,0	49	13326
159811	1044	1525	1752	122	134	10	4	6	11560	912	1866	626	1966	32	67	944	318	4273	0,0,4,95,0,0	11016	0	545	162444	102203	69873	138675,139187,140659,143242,138532,137040,137040	3	30	26025,33487,55795,105055,37792,0,0	52	13232
160029	966	1544	1704	138	127	13	6	7	11430	913	1869	637	1986	45	54	911	300	4198	0,0,4,95,0,0	10964	0	538	162564	102627	69873	138583,139097,140571,143317,138635,137106,137106	3	24	26025,33487,55795,105070,38289,0,0	50	13141
160322	871	1473	1712	130	125	9	4	7	11307	914	1872	666	1962	37	50	893	293	4031	0,0,3,96,0,0	20192	0	473	162670	102999	69873	138474,138990,140468,143366,138711,137145,137145	3	30	26025,33487,55795,105077,38736,0,0	53	13052
160625	789	1370	1694	136	128	12	3	6	11190	914	1879	692	2007	25	63	886	300	3832	0,0,3,96,0,0	20365	0	458	162779	103352	69873	138348,138865,140346,143410,138784,137179,137179	3	20	26025,33487,55795,105086,39167,0,0	54	12960
160859	853	1294	1649	114	130	14	2	5	11030	915	1881	661	1993	35	53	847	279	3777	0,0,3,96,0,0	10926	0	542	162908	103769	69873	138251,138767,140249,143486,138886,137244,137244	3	32	26025,33487,55795,105091,39667,0,0	47	12859
161150	858	1224	1535	114	123	13	3	5	10919	915	1887	649	1991	25	65	848	282	3588	0,0,3,96,0,0	10870	0	474	163000	104153	69873	138140,138656,140143,143520,138950,137270,137270	3	16	26025,33487,55795,105098,40110,0,0	44	12788
161440	761	1215	1490	102	116	12	3	5	10799	915	1888	626	2004	25	50	818	265	3434	0,0,2,97,0,0	10961	0	419	163100	104472	69873	138029,138546,140035,143549,139007,137291,137291	2	20	26025,33487,55795,105104,40497,0,0	40	12711
161761	730	1207	1364	106	104	10	4	4	10649	915	1892	643	1966	41	42	778	227	3298	0,0,2,97,0,0	10712	0	430	163205	104801	69873	137903,138422,139916,143581,139069,137313,137313	2	20	26025,33487,55796,105108,40903,0,0	39	12625
162073	672	1134	1322	96	107	10	5	3	10513	915	1896	621	1956	25	46	761	231	3115	0,0,2,97,0,0	11014	0	376	163283	105107	69873	137771,138290,139786,143585,139101,137308,137308	2	29	26025,33487,55796,105112,41253,7,0	37	12562
162491	575	1097	1300	82	96	8	4	2	10275	916	1900	617	1900	20	37	735	196	2966	0,0,2,97,0,0	20189	0	313	163358	105349	69873	137625,138143,139649,143572,139117,137283,137283	2	19	26025,33487,55796,105118,41546,10,0	35	12496
162889	524	997	1259	74	103	7	4	3	10063	916	1907	625	1946	18	36	696	179	2789	0,0,1,97,0,0	19973	0	301	163432	105582	69873	137491,138009,139520,143557,139129,137257,137257	2	21	26025,33487,55796,105121,41833,13,0	38	12441
163333	507	888	1211	86	101	6	6	2	9783	916	1907	655	1962	35	39	667	174	2631	0,0,1,97,0,0	10708	0	300	163502	105820	69873	137340,137862,139380,143528,139130,137214,137214	2	11	26025,33487,55796,105122,42115,23,0	26	12392
163695	512	807	1151	82	97	7	5	3	9558	916	1913	634	2027	22	44	657	181	2480	0,0,1,97,1,0	10763	0	297	163590	106038	69873	137204,137728,139249,143529,139154,137203,137203	2	17	26025,33487,55798,105122,42395,31,0	31	12320
164098	491	734	1072	78	81	7	6	3	9345	916	1915	647	2036	23	36	616	176	2293	0,0,1,97,1,0	10700	0	254	163657	106230	69873	137054,137579,139105,143499,139148,137162,137162	2	18	26025,33487,55799,105123,42634,35,0	27	12262
164524	420	705	1002	72	71	5	7	3	9102	916	1919	652	1838	15	30	590	170	2112	0,0,1,96,1,0	10601	0	217	163695	106414	69873	136896,137421,138952,143442,139115,137093,137093	1	10	26025,33487,55801,105126,42831,46,0	23	12230
164949	381	707	870	69	59	4	5	2	8859	918	1923	654	1940	23	28	552	155	1940	0,0,0,96,2,0	10566	0	224	163750	106590	69873	136742,137265,138802,143390,139088,137029,137029	1	12	26025,33487,55801,105126,43035,57,0	20	12186
165354	337	620	820	67	57	3	5	2	8635	919	1927	704	1928	15	26	521	146	1763	0,0,0,96,2,0	20043	0	157	163789	106713	69873	136579,137105,138645,143328,139046,136955,136955	1	10	26025,33487,55801,105126,43177,67,0	19	12151
165804	270	531	792	55	68	2	3	3	8370	919	1929	699	2056	12	15	482	124	1597	0,0,0,95,3,0	19956	0	140	163823	106828	69873	136422,136951,138496,143248,138990,136864,136864	1	7	26025,33487,55801,105126,43304,81,0	15	12122
166225	252	494	709	42	75	2	3	3	8091	919	1931	673	2049	11	32	454	130	1447	0,0,0,94,4,0	10571	0	165	163867	106952	69873	136265,136795,138345,143175,138940,136780,136780	1	8	26025,33487,55801,105128,43448,92,0	15	12084
166602	254	434	647	39	64	3	2	3	7845	920	1933	695	1938	10	31	434	129	1314	0,0,0,94,4,0	10513	0	144	163895	107077	69873	136115,136647,138202,143105,138888,136699,136698	1	5	26025,33487,55801,105129,43580,105,0	13	12061
167000	237	408	560	33	60	3	2	3	7585	920	1935	692	1938	11	18	408	109	1194	0,0,0,93,5,0	10637	0	123	163929	107173	69873	135965,136498,138059,143028,138830,136611,136610	1	3	26025,33487,55801,105129,43686,123,0	16	12035
167435	201	357	533	37	51	2	2	3	7266	920	1939	689	2039	9	22	378	98	1085	0,0,0,92,6,0	10577	0	99	163948	107255	69873	135799,136334,137899,142931,138753,136503,136502	1	3	26025,33487,55801,105129,43768,133,0	11	12020
167840	176	318	481	42	43	2	2	2	6975	920	1945	697	2024	8	15	334	81	983	0,0,0,92,7,0	10357	0	100	163977	107329	69873	135635,136171,137742,142842,138683,136403,136402	0	2	26025,33487,55801,105129,43861,141,0	9	11995
168237	163	285	449	34	35	1	2	2	6670	920	1948	662	1887	6	19	312	64	905	0,0,0,91,8,0	19554	0	86	164004	107393	69873	135483,136019,137597,142753,138612,136302,136301	0	8	26025,33487,55801,105129,43930,153,0	8	11973
168695	127	280	386	24	32	1	1	3	6323	920	1954	661	1962	5	10	276	55	796	0,0,0,90,9,0	19756	0	64	164019	107445	69873	135316,135852,137434,142651,138529,136190,136188	0	2	26025,33487,55801,105129,43988,160,0	4	11959
169089	116	241	347	27	23	1	2	3	6019	920	1958	706	1829	6	9	245	43	714	0,0,0,89,10,0	10378	0	67	164033	107499	69873	135154,135693,137281,142549,138443,136076,136074	0	5	26025,33487,55801,105129,44038,174,0	5	11947
169441	119	195	327	28	26	2	2	3	5723	920	1960	708	1908	3	15	223	53	646	0,0,0,87,12,0	10296	0	63	164050	107552	69873	135000,135541,137134,142453,138361,135971,135969	0	6	26025,33487,55801,105129,44088,192,0	5	11933
169807	110	179	282	21	24	2	2	3	5431	920	1965	690	2084	8	10	208	51	569	0,0,0,85,14,0	10370	0	59	164065	107600	69873	134849,135391,136987,142356,138280,135865,135863	0	4	26025,33487,55801,105129,44134,205,0	3	11922
170171	101	163	269	18	25	2	2	3	5103	920	1969	689	1819	4	11	196	55	525	0,0,0,83,16,0	10386	0	50	164081	107645	69873	134687,135231,136832,142258,138196,135758,135755	0	3	26025,33487,55801,105129,44173,222,0	4	11908
170522	92	151	241	13	21	0	2	2	4806	920	1976	659	1874	3	5	171	42	478	0,0,0,81,18,0	10203	0	47	164094	107680	69873	134530,135075,136680,142156,138109,135647,135644	0	2	26025,33487,55801,105130,44210,228,0	3	11900
170861	73	157	209	11	10	0	1	1	4515	921	1987	664	1790	2	3	156	26	435	0,0,0,78,20,0	19562	0	38	164101	107718	69873	134385,134931,136540,142054,138021,135536,135533	0	4	26025,33487,55801,105130,44238,245,0	3	11895
171173	61	149	178	10	5	0	1	1	4256	921	1991	653	1775	3	4	133	19	385	0,0,0,78,21,0	19426	0	35	164110	107745	69873	134242,134790,136404,141956,137934,135431,135427	0	1	26025,33487,55801,105130,44263,253,0	3	11886
171462	67	117	165	13	10	0	0	1	3995	922	1994	644	1875	1	3	116	20	352	0,0,0,77,22,0	10276	0	35	164117	107779	69873	134100,134649,136266,141853,137842,135320,135316	0	1	26025,33487,55801,105130,44290,266,0	3	11881
171719	58	109	161	10	13	0	0	1	3756	922	1997	629	1985	3	6	98	21	330	0,0,0,75,24,0	10104	0	34	164123	107811	69873	133965,134514,136135,141751,137751,135212,135207	0	3	26025,33487,55801,105130,44315,277,0	1	11876
171982	53	105	139	9	13	0	0	1	3524	922	1998	648	1804	3	2	87	17	302	0,0,0,70,29,0	10156	0	28	164131	107836	69873	133825,134377,136000,141652,137663,135107,135102	0	1	26025,33487,55801,105130,44329,296,0	1	11870
172216	56	90	141	10	9	0	0	1	3299	922	2002	655	1913	2	8	87	18	288	0,0,0,68,31,0	10220	0	35	164140	107862	69873	133694,134246,135871,141557,137579,135007,135001	0	0	26025,33487,55801,105130,44348,310,0	1	11864
172460	54	89	129	7	4	0	0	1	3074	922	2006	632	1760	4	5	72	15	268	0,0,0,68,31,0	10057	0	25	164151	107879	69873	133564,134116,135745,141458,137490,134903,134897	0	0	26025,33487,55801,105130,44366,320,0	2	11855
172688	50	80	125	7	7	0	0	1	2855	922	2011	660	1890	0	3	65	17	252	0,0,0,65,33,0	19577	0	27	164156	107905	69873	133437,133990,135622,141366,137408,134805,134799	0	3	26025,33487,55801,105130,44381,335,0	2	11851
172899	57	73	119	9	7	0	0	0	2644	922	2016	689	1930	2	4	56	15	250	0,0,0,64,35,0	19280	0	34	164163	107936	69873	133321,133874,135510,141278,137330,134712,134706	0	2	26025,33487,55801,105130,44403,350,0	5	11846
173095	65	78	107	7	6	1	0	0	2447	922	2018	697	1980	1	4	53	12	252	0,0,0,61,38,0	10110	0	38	164171	107972	69873	133197,133750,135389,141182,137243,134612,134605	0	1	26025,33487,55801,105130,44422,370,0	8	11839
173281	68	86	86	8	4	1	0	0	2269	922	2021	703	1848	2	3	53	10	243	0,0,0,56,43,0	10369	0	29	164179	107999	69873	133076,133629,135270,141091,137159,134516,134508	0	3	26025,33487,55801,105130,44437,389,0	8	11834
173447	62	88	85	9	2	0	0	0	2109	922	2022	707	1768	5	2	48	8	238	0,0,0,53,46,0	10231	0	28	164185	108025	69873	132959,133513,135156,140996,137072,134417,134409	0	2	26025,33487,55801,105130,44447,411,0	6	11829
173611	55	91	78	9	3	0	0	0	1949	922	2028	690	1755	6	1	49	10	226	0,0,0,48,51,0	10160	0	23	164191	108045	69873	132838,133393,135037,140903,136988,134321,134312	0	1	26025,33487,55801,105130,44454,429,0	5	11824
173749	52	85	85	6	9	0	0	0	1804	922	2034	678	1729	2	2	46	12	225	0,0,0,47,52,0	10096	0	28	164206	108064	69873	132726,133282,134928,140815,136907,134230,134221	0	0	26025,33487,55801,105130,44468,449,0	5	11812
173882	50	83	88	5	7	0	0	0	1671	922	2038	674	2032	1	3	47	15	218	0,0,0,44,55,0	19642	0	20	164213	108082	69873	132621,133177,134825,140731,136829,134144,134134	0	1	26025,33487,55801,105130,44475,467,0	7	11806
174016	46	81	87	7	8	0	0	0	1537	922	2042	680	1898	3	4	44	19	210	0,0,0,43,56,0	19434	0	23	164218	108104	69873	132521,133078,134727,140647,136750,134056,134046	0	2	26025,33487,55801,105130,44487,482,0	6	11803
174137	50	60	92	7	9	0	0	0	1424	922	2045	696	1827	2	1	40	17	201	0,0,0,42,57,0	10207	0	22	164225	108122	69873	132414,132973,134622,140556,136663,133963,133951	0	0	26025,33487,55801,105130,44495,499,0	5	11797
174232	42	67	86	9	7	0	0	0	1331	922	2050	715	1738	1	5	44	17	194	0,0,0,43,56,0	10104	0	22	164232	108143	69873	132311,132869,134520,140470,136582,133875,133863	0	2	26025,33487,55801,105130,44504,518,0	5	11791
174337	35	69	80	9	6	0	0	0	1232	922	2056	671	1754	1	3	42	16	183	0,0,0,40,59,0	10096	0	18	164236	108160	69873	132204,132763,134415,140381,136497,133784,133771	0	1	26025,33487,55801,105130,44509,534,0	4	11788
174423	31	70	75	6	5	0	0	0	1150	922	2064	663	1806	1	3	42	14	173	0,0,0,34,65,0	10165	0	17	164240	108177	69873	132103,132662,134315,140294,136414,133696,133682	0	0	26025,33487,55801,105130,44513,551,0	3	11784
174497	31	69	71	4	2	0	0	0	1080	922	2070	673	1875	2	2	40	9	168	0,0,0,30,69,0	10203	0	16	164246	108194	69873	132001,132561,134215,140208,136332,133609,133594	0	1	26025,33487,55801,105130,44516,571,0	2	11778
174577	31	58	73	7	4	0	0	0	999	922	2075	687	1810	0	0	36	7	166	0,0,0,28,71,0	19526	0	16	164248	108213	69873	131903,132463,134119,140125,136253,133526,133510	0	0	26025,33487,55801,105130,44521,587,0	4	11776
174621	32	58	63	6	5	0	0	0	960	922	2079	689	1831	2	4	36	8	156	0,0,0,25,74,0	19521	0	18	164250	108231	69873	131818,132378,134033,140045,136175,133445,133428	0	0	26025,33487,55801,105130,44526,601,0	2	11774
174689	39	46	72	6	6	1	0	0	879	922	2086	682	1753	1	5	40	13	157	0,0,0,24,75,0	10182	0	21	164254	108253	69873	131715,132275,133932,139957,136091,133357,133339	0	1	26025,33487,55801,105130,44530,623,0	2	11770
174761	45	48	61	8	8	1	0	0	804	922	2088	659	1779	1	5	39	18	153	0,0,0,22,77,0	10177	0	23	164259	108275	69873	131618,132178,133837,139872,136009,133269,133251	0	1	26025,33487,55801,105130,44531,649,0	3	11767
174829	35	53	60	5	9	0	0	0	740	922	2093	697	1859	0	1	38	15	147	0,0,0,20,79,0	10064	0	14	164263	108287	69873	131521,132082,133741,139787,135928,133184,133165	0	1	26025,33487,55801,105130,44535,661,0	2	11765
174860	37	64	52	4	7	0	0	0	702	922	2098	732	1879	2	2	38	11	153	0,0,0,22,77,0	10063	0	24	164271	108307	69873	131432,131992,133652,139710,135853,133106,133087	0	2	26025,33487,55801,105130,44539,682,0	3	11759
174908	42	49	55	2	5	0	0	0	659	922	2104	739	1832	1	1	34	8	145	0,0,0,19,80,0	10192	0	14	164272	108323	69873	131335,131897,133556,139621,135767,133017,132997	0	1	26025,33487,55801,105130,44541,696,0	2	11758
174948	33	59	55	3	5	0	0	0	615	922	2106	701	1751	1	0	30	7	148	0,0,0,19,80,0	19740	0	18	164279	108339	69873	131253,131814,133475,139549,135696,132945,132923	0	3	26025,33487,55801,105130,44546,714,0	2	11752
174985	38	56	55	5	5	0	0	0	573	922	2107	703	1810	5	2	28	8	151	0,0,0,20,79,0	19540	0	21	164286	108356	69873	131171,131732,133393,139476,135624,132871,132848	0	3	26025,33487,55801,105130,44551,732,0	1	11747
175015	42	51	63	4	2	0	0	0	538	922	2109	722	1790	1	3	33	14	148	0,0,0,18,81,0	10193	0	18	164292	108373	69873	131078,131640,133301,139395,135545,132790,132766	0	1	26025,33487,55801,105130,44554,752,0	2	11742
175034	43	53	64	4	4	0	0	0	509	922	2113	718	1850	4	1	35	13	155	0,0,0,17,82,0	10115	0	20	164299	108393	69873	130992,131553,133215,139319,135470,132713,132690	0	1	26025,33487,55801,105130,44556,776,0	1	11735
175057	45	59	60	3	4	0	0	0	477	922	2119	733	1837	3	2	38	13	158	0,0,0,17,82,0	10191	0	19	164302	108417	69873	130903,131464,133127,139240,135393,132635,132610	0	1	26025,33487,55801,105130,44559,798,0	0	11732
175058	46	58	66	3	2	0	0	0	468	922	2123	719	1805	0	0	34	11	164	0,0,0,15,84,0	10090	0	23	164303	108442	69873	130820,131381,133044,139161,135315,132556,132531	0	2	26025,33487,55801,105130,44559,823,0	0	11731
175081	41	55	67	5	1	0	0	0	449	922	2125	736	1836	1	1	30	8	161	0,0,0,17,82,0	10298	0	14	164305	108458	69873	130730,131290,132953,139078,135233,132474,132447	0	1	26025,33487,55801,105130,44563,837,0	0	11729
175076	46	66	57	6	1	0	0	0	438	922	2134	717	1898	1	3	29	11	165	0,0,0,14,85,0	19550	0	24	164310	108483	69873	130655,131215,132878,139010,135166,132409,132380	0	1	26025,33487,55801,105130,44564,866,0	0	11724
175089	49	50	71	5	2	0	0	0	424	922	2134	739	1861	1	2	29	12	165	0,0,0,11,88,0	19453	0	19	164314	108502	69873	130577,131136,132800,138940,135097,132338,132309	0	2	26025,33487,55801,105130,44565,887,0	1	11720
175104	41	59	67	3	2	0	0	0	409	922	2139	695	1765	3	1	29	11	161	0,0,0,12,87,0	10160	0	14	164317	108516	69873	130488,131048,132711,138859,135017,132258,132228	0	0	26025,33487,55801,105130,44567,901,0	1	11717
175112	31	66	61	2	3	0	0	0	407	922	2142	709	1976	2	2	32	10	153	0,0,0,9,90,0	10294	0	18	164322	108533	69873	130405,130965,132628,138784,134943,132184,132153	0	1	26025,33487,55801,105130,44567,923,0	0	11713
175110	37	67	61	3	2	0	0	0	398	922	2146	707	1784	1	2	31	10	160	0,0,0,10,90,0	10204	0	27	164329	108556	69873	130323,130884,132547,138714,134874,132116,132083	0	2	26025,33487,55801,105130,44571,948,0	1	11706
175104	49	47	68	6	4	0	0	0	394	922	2152	685	1761	1	1	29	8	166	0,0,0,9,90,0	10176	0	23	164338	108574	69873	130246,130807,132470,138646,134806,132048,132015	0	0	26025,33487,55801,105130,44572,974,0	1	11702
175092	48	55	66	5	4	0	0	0	394	922	2160	728	1806	0	4	28	8	170	0,0,0,7,92,0	10056	0	24	164342	108597	69873	130165,130726,132389,138569,134731,131974,131940	0	0	26025,33487,55801,105130,44572,1001,0	2	11698
175088	42	72	60	5	3	0	0	0	385	922	2169	700	1839	1	1	25	5	177	0,0,0,8,91,0	19353	0	25	164351	108617	69873	130094,130654,132317,138504,134667,131909,131874	0	2	26025,33487,55801,105130,44573,1027,0	2	11690
175083	41	71	62	2	2	0	0	0	390	922	2173	692	2063	2	4	26	7	171	0,0,0,7,92,0	19520	0	16	164355	108633	69873	130019,130579,132242,138435,134598,131842,131806	0	3	26025,33487,55801,105130,44573,1047,0	2	11686
175074	45	67	69	4	5	0	0	0	384	922	2176	729	1807	3	0	25	7	183	0,0,0,7,92,0	10240	0	31	164362	108662	69873	129935,130495,132158,138364,134528,131773,131735	0	1	26025,33487,55801,105130,44576,1079,0	1	11679
175079	48	71	67	4	6	0	0	0	368	922	2181	725	1904	1	1	25	11	185	0,0,0,7,92,0	10208	0	22	164367	108684	69873	129852,130412,132075,138291,134455,131701,131662	0	2	26025,33487,55801,105130,44577,1105,0	1	11674
175074	41	73	69	4	3	0	0	0	375	922	2185	726	1834	2	1	25	10	180	0,0,0,8,91,0	10102	0	21	164374	108702	69873	129772,130332,131995,138224,134389,131635,131595	0	0	26025,33487,55801,105130,44580,1126,0	0	11669
175063	45	58	81	5	4	0	0	0	375	922	2193	704	1800	0	2	28	11	182	0,0,0,9,90,0	10172	0	18	164380	108720	69873	129692,130252,131915,138156,134321,131568,131527	0	0	26025,33487,55801,105130,44583,1147,0	0	11664
175062	42	54	76	5	5	0	0	0	382	922	2198	717	1935	1	4	29	10	172	0,0,0,7,92,0	10016	0	15	164388	108731	69873	129608,130168,131831,138084,134250,131497,131455	0	1	26025,33487,55801,105130,44585,1164,0	1	11656
175074	29	63	66	5	4	0	0	0	378	922	2205	701	1783	1	0	24	5	162	0,0,0,5,94,0	19543	0	13	164392	108742	69873	129531,130091,131754,138014,134180,131428,131385	0	0	26025,33487,55801,105130,44585,1179,0	0	11652
175072	33	54	64	7	8	0	0	0	379	922	2207	684	1813	2	1	24	6	160	0,0,0,7,92,0	19379	0	16	164397	108759	69873	129456,130016,131679,137948,134114,131363,131318	0	1	26025,33487,55801,105130,44587,1199,0	0	11647
175069	38	52	69	7	6	0	0	0	372	922	2211	672	2017	3	7	29	11	161	0,0,0,6,93,0	10232	0	16	164403	108777	69873	129371,129931,131594,137875,134040,131290,131245	0	2	26025,33487,55801,105130,44587,1223,0	0	11642
175072	38	56	58	8	5	0	0	0	374	922	2213	666	1837	1	3	33	11	154	0,0,0,4,95,0	10209	0	17	164407	108796	69873	129288,129848,131511,137803,133969,131220,131173	0	0	26025,33487,55801,105130,44587,1246,0	1	11640
175070	39	49	64	7	5	1	0	0	371	922	2218	666	1823	0	4	32	14	151	0,0,0,4,95,0	10132	0	18	164412	108815	69873	129209,129769,131432,137737,133903,131156,131107	0	1	26025,33487,55801,105130,44588,1268,0	1	11635
175071	41	50	62	6	6	1	0	0	364	922	2223	658	1785	0	1	31	11	155	0,0,0,4,95,0	10003	0	18	164414	108838	69873	129125,129684,131347,137664,133831,131085,131035	0	0	26025,33487,55801,105130,44589,1292,0	1	11633
175069	43	50	63	7	8	1	0	0	358	922	2225	657	1779	1	3	31	12	160	0,0,0,4,95,0	10074	0	21	164416	108860	69873	129041,129601,131263,137592,133759,131014,130963	0	2	26025,33487,55801,105130,44589,1315,0	1	11632
175062	34	61	67	6	6	1	0	0	360	922	2227	652	1848	0	5	35	12	163	0,0,0,4,96,0	19520	0	18	164420	108880	69873	128967,129528,131190,137526,133694,130950,130897	0	1	26025,33487,55801,105130,44589,1338,0	1	11628
175060	37	58	73	8	8	1	0	0	350	922	2229	666	1840	2	1	32	10	175	0,0,0,3,96,0	19418	0	20	164425	108902	69873	128895,129455,131118,137467,133634,130891,130837	0	2	26025,33487,55801,105130,44589,1365,0	1	11625
175048	44	61	67	5	8	0	0	0	359	922	2232	676	1725	3	3	34	8	177	0,0,0,2,97,0	10080	0	25	164430	108927	69873	128811,129372,131033,137398,133567,130825,130769	0	4	26025,33487,55801,105130,44589,1395,0	0	11620
175051	44	63	61	5	6	0	0	0	359	922	2235	641	1790	2	2	38	10	169	0,0,0,1,98,0	10100	0	15	164432	108945	69873	128727,129287,130949,137328,133497,130756,130700	0	0	26025,33487,55801,105130,44589,1415,0	0	11618
175051	42	61	66	6	5	0	0	0	355	922	2238	662	1837	3	3	41	11	169	0,0,0,0,99,0	10048	0	20	164438	108960	69873	128646,129206,130868,137264,133432,130693,130635	0	2	26025,33487,55801,105130,44589,1436,0	0	11613
175043	41	58	66	8	4	0	0	0	363	922	2241	657	1883	2	2	38	14	163	0,0,0,0,99,0	10096	0	19	164445	108976	69873	128565,129125,130786,137202,133370,130631,130573	0	2	26025,33487,55801,105130,44589,1458,0	0	11606
175035	45	56	66	11	3	0	0	0	362	922	2246	639	1795	0	1	37	13	168	0,0,0,1,98,0	10082	0	24	164447	109003	69873	128483,129042,130703,137135,133303,130566,130506	0	0	26025,33487,55801,105130,44590,1485,0	0	11605
175030	46	56	63	10	4	0	0	0	367	922	2248	654	1774	3	3	35	13	166	0,0,0,1,98,0	19353	0	21	164454	109022	69873	128407,128967,130628,137077,133246,130510,130449	0	1	26025,33487,55801,105130,44590,1511,0	0	11599
175021	44	62	70	7	4	0	0	0	367	922	2249	640	1800	0	3	39	17	170	0,0,0,1,98,0	19444	0	26	164459	109046	69873	128334,128895,130555,137020,133188,130454,130391	0	1	26025,33487,55801,105130,44590,1540,0	2	11594
175002	51	61	70	9	2	0	0	0	372	922	2257	629	1787	3	2	35	14	179	0,0,0,1,98,0	10152	0	26	164468	109066	69873	128253,128813,130472,136961,133130,130397,130333	0	2	26025,33487,55801,105130,44590,1569,0	1	11587
174993	54	66	64	6	0	0	0	0	380	922	2261	600	1868	1	1	32	12	178	0,0,0,1,98,0	10159	0	20	164475	109087	69873	128173,128734,130393,136900,133070,130338,130273	0	0	26025,33487,55801,105130,44591,1596,0	1	11581
174994	46	71	72	4	2	0	0	0	372	922	2263	621	1811	0	0	31	7	188	0,0,0,1,98,0	10033	0	20	164475	109115	69873	128092,128653,130312,136836,133006,130275,130209	0	0	26025,33487,55801,105130,44591,1623,0	0	11581
174980	49	80	66	6	2	0	0	0	377	922	2264	627	1786	1	1	23	8	195	0,0,0,1,98,0	10089	0	33	164481	109145	69873	128014,128574,130232,136779,132949,130220,130151	0	2	26025,33487,55801,105130,44591,1659,0	0	11577
174973	58	68	76	4	3	0	0	0	375	922	2267	611	1830	0	1	23	7	202	0,0,0,1,98,0	10037	0	24	164483	109173	69873	127931,128491,130150,136716,132885,130158,130089	0	0	26025,33487,55801,105130,44591,1689,0	1	11575
174969	50	78	76	2	6	1	0	0	371	922	2271	602	1750	3	3	23	8	205	0,0,0,1,98,0	19404	0	20	164490	109190	69873	127857,128417,130076,136659,132829,130103,130032	0	1	26025,33487,55801,105130,44591,1713,0	0	11570
174956	63	73	86	1	3	1	0	0	366	922	2275	636	1821	0	4	27	10	217	0,0,0,0,99,0	19225	0	35	164497	109224	69873	127784,128345,130004,136609,132779,130055,129983	0	3	26025,33487,55801,105130,44591,1754,0	1	11563
174941	64	77	85	2	3	1	0	0	369	922	2282	608	1813	2	0	24	7	225	0,0,0,1,98,0	10111	0	28	164503	109250	69873	127703,128264,129922,136549,132718,129996,129922	0	2	26025,33487,55801,105130,44592,1785,0	1	11557
174926	57	85	90	3	4	1	0	0	374	922	2284	633	1937	0	1	22	7	233	0,0,0,1,98,0	10064	0	28	164507	109282	69873	127625,128185,129843,136491,132661,129940,129865	0	1	26025,33487,55801,105130,44593,1820,0	2	11555
174902	74	82	93	4	3	1	0	0	379	922	2286	621	1991	3	2	21	7	250	0,0,0,0,99,0	10124	0	39	164518	109316	69873	127552,128113,129770,136439,132609,129890,129814	0	5	26025,33487,55801,105130,44593,1865,0	2	11547
174891	71	87	97	5	2	1	0	0	379	922	2291	637	1767	1	3	24	8	255	0,0,0,0,99,0	10171	0	27	164523	109345	69873	127469,128030,129688,136382,132552,129835,129756	0	1	26025,33487,55801,105130,44593,1899,0	2	11542
174859	81	94	103	2	1	1	0	0	390	922	2293	647	1788	2	2	25	6	276	0,0,0,1,98,0	10001	0	43	164533	109388	69873	127397,127958,129614,136335,132505,129790,129710	0	1	26025,33487,55801,105130,44594,1951,0	3	11535
174844	76	95	104	5	2	0	0	0	404	922	2294	641	1841	3	2	28	8	274	0,0,0,1,98,0	19591	0	30	164539	109417	69873	127324,127886,129541,136281,132453,129738,129657	0	3	26025,33487,55801,105130,44594,1986,0	5	11531
174828	63	98	99	5	4	0	0	0	428	922	2299	612	1783	3	2	31	11	258	0,0,0,1,98,0	19594	0	26	164546	109441	69873	127256,127817,129473,136230,132402,129689,129607	0	3	26025,33487,55801,105130,44594,2017,0	4	11524
174810	67	96	102	4	7	0	0	0	437	922	2301	595	1921	3	2	34	12	264	0,0,0,0,99,0	9996	0	37	164552	109475	69873	127174,127736,129391,136171,132344,129632,129549	0	1	26025,33487,55801,105130,44594,2057,0	2	11518
174782	79	100	100	3	8	0	0	0	451	922	2301	634	2003	2	6	36	15	275	0,0,0,1,98,0	10076	0	41	164558	109518	69873	127098,127659,129314,136120,132293,129583,129498	0	0	26025,33487,55801,105130,44595,2105,0	2	11512
174765	80	90	116	4	6	0	0	0	457	922	2306	627	1715	3	6	38	19	277	0,0,0,0,99,0	10055	0	37	164561	109555	69873	127021,127582,129237,136066,132240,129532,129445	0	1	26025,33487,55801,105130,44595,2145,0	4	11509
174743	73	113	111	4	4	0	0	0	468	922	2308	636	1817	0	1	36	14	291	0,0,0,0,99,0	10056	0	42	164566	109597	69873	126948,127509,129163,136016,132190,129484,129396	0	5	26025,33487,55801,105130,44595,2192,0	5	11505
174712	79	115	111	6	5	0	0	0	483	922	2313	621	1914	5	1	34	9	307	0,0,0,0,99,0	10079	0	41	164572	109642	69873	126874,127436,129090,135962,132137,129433,129343	0	1	26025,33487,55801,105130,44595,2243,0	4	11500
174695	75	114	116	5	7	0	0	0	495	922	2317	629	1998	7	3	38	14	303	0,0,0,0,99,0	19500	0	39	164581	109678	69873	126805,127367,129020,135915,132091,129388,129297	0	1	26025,33487,55801,105130,44595,2287,0	4	11493
174686	58	121	124	4	6	0	0	0	502	922	2323	618	1811	3	2	40	16	297	0,0,0,0,99,0	19376	0	31	164589	109704	69873	126734,127296,128949,135866,132041,129341,129248	0	3	26025,33487,55801,105130,44595,2321,0	3	11486
174678	56	116	121	5	8	0	0	0	515	922	2325	622	1741	2	3	43	18	288	0,0,0,0,99,0	10092	0	35	164600	109738	69873	126655,127216,128869,135812,131988,129290,129194	0	3	26025,33487,55801,105130,44595,2366,0	4	11476
174667	64	100	117	5	10	0	0	0	531	922	2330	630	1974	5	4	45	13	283	0,0,0,0,99,0	10125	0	35	164610	109768	69873	126577,127139,128792,135758,131935,129239,129141	0	1	26025,33487,55801,105130,44595,2406,0	2	11467
174655	63	88	116	6	12	0	0	0	547	922	2337	630	1971	0	8	54	20	265	0,0,0,0,99,0	10048	0	36	164617	109800	69873	126499,127059,128713,135704,131880,129187,129087	0	0	26025,33487,55801,105130,44595,2444,0	1	11462
174638	65	105	95	7	10	0	0	0	561	922	2343	603	1807	2	6	55	17	265	0,0,0,0,99,0	10165	0	37	164623	109836	69873	126422,126982,128635,135650,131828,129136,129035	0	1	26025,33487,55801,105130,44595,2486,0	1	11456
174619	74	100	94	7	10	0	0	0	576	922	2344	600	1795	3	2	50	17	268	0,0,0,0,100,0	9760	0	38	164631	109873	69873	126343,126903,128556,135595,131773,129083,128980	0	1	26025,33487,55801,105130,44595,2531,0	0	11448
174614	73	104	88	8	9	0	1	0	582	922	2345	616	1770	1	1	48	17	266	0,0,0,0,100,0	19235	0	34	164641	109905	69873	126269,126829,128483,135546,131724,129037,128931	0	1	26025,33487,55801,105130,44595,2573,0	0	11439
174624	57	103	89	9	11	0	1	0	582	922	2348	617	1830	1	5	51	17	253	0,0,0,0,100,0	19356	0	24	164647	109925	69873	126195,126755,128409,135492,131670,128985,128876	0	2	26025,33487,55801,105130,44595,2599,0	2	11435
174628	47	97	110	10	10	0	1	0	572	922	2349	644	1911	3	7	58	20	255	0,0,0,0,100,0	9941	0	28	164653	109951	69873	126111,126671,128325,135432,131611,128928,128817	0	5	26025,33487,55801,105130,44595,2630,0	1	11430
174607	64	91	118	5	6	0	1	0	580	922	2352	646	1821	1	4	59	18	267	0,0,0,0,100,0	10020	0	48	164660	109993	69873	126035,126595,128249,135378,131557,128876,128764	0	1	26025,33487,55801,105130,44595,2679,0	2	11424
174598	80	86	110	2	5	0	1	0	587	922	2355	654	1820	4	2	55	15	269	0,0,0,0,100,0	10272	0	45	164664	110040	69873	125956,126516,128169,135326,131506,128828,128713	0	1	26025,33487,55801,105130,44595,2729,0	3	11421
174581	84	90	106	3	2	0	1	0	600	922	2357	658	1823	3	1	56	15	271	0,0,0,0,100,0	10043	0	38	164675	110071	69873	125880,126439,128092,135276,131457,128781,128664	0	0	26025,33487,55801,105130,44595,2771,0	3	11410
174583	67	104	106	5	3	0	1	0	598	922	2357	668	1825	2	0	53	13	273	0,0,0,0,100,0	10113	0	33	164680	110103	69873	125796,126356,128008,135217,131398,128724,128605	0	1	26025,33487,55801,105130,44595,2808,0	4	11405
174582	64	109	94	4	3	0	1	0	605	922	2362	660	1947	1	3	48	14	261	0,0,0,0,100,0	19556	0	33	164686	110133	69873	125722,126283,127935,135168,131349,128678,128556	0	0	26025,33487,55801,105130,44595,2844,0	3	11401
174583	57	108	109	3	4	0	1	1	596	922	2362	672	1814	1	2	42	12	270	0,0,0,0,100,0	19469	0	27	164691	110160	69873	125648,126209,127861,135116,131296,128627,128503	0	2	26025,33487,55801,105130,44595,2876,0	1	11396
174567	63	103	104	6	5	0	1	1	606	922	2368	671	1928	4	6	46	12	270	0,0,0,0,100,0	10221	0	41	164704	110194	69873	125570,126130,127783,135065,131246,128580,128453	0	2	26025,33487,55801,105130,44595,2923,0	2	11385
174562	72	96	108	4	4	0	1	1	606	922	2370	697	1977	1	3	45	14	271	0,0,0,0,100,0	10057	0	40	164713	110232	69873	125491,126051,127704,135013,131194,128531,128401	0	2	26025,33487,55801,105130,44595,2970,0	1	11377
174555	73	88	120	4	5	0	1	1	602	922	2375	667	1832	0	0	37	8	283	0,0,0,0,100,0	10030	0	32	164721	110261	69873	125412,125972,127625,134961,131141,128481,128349	0	2	26025,33487,55801,105130,44595,3007,0	3	11369
174538	66	107	104	7	8	0	1	0	615	922	2378	656	1861	3	5	34	10	283	0,0,0,0,100,0	10028	0	43	164732	110302	69873	125339,125898,127552,134912,131093,128436,128302	0	1	26025,33487,55801,105130,44595,3058,0	1	11360
174519	72	116	114	12	9	0	0	1	600	922	2381	659	1767	3	5	37	14	309	0,0,0,0,100,0	10090	0	50	164740	110350	69873	125262,125820,127475,134861,131044,128389,128252	0	2	26025,33487,55801,105130,44595,3114,0	2	11352
174505	72	105	124	11	4	0	0	1	617	922	2385	618	1860	0	6	43	15	301	0,0,0,0,100,0	19387	0	35	164743	110388	69873	125189,125749,127403,134815,130998,128345,128206	0	2	26025,33487,55801,105130,44595,3155,0	1	11349
174498	70	106	125	8	5	0	0	1	622	922	2389	652	1746	4	3	43	12	302	0,0,0,0,100,0	19245	0	37	164750	110423	69873	125119,125678,127332,134767,130950,128299,128158	0	3	26025,33487,55801,105130,44595,3197,0	1	11343
174480	81	113	113	10	6	0	0	1	628	922	2392	658	1955	3	2	48	14	309	0,0,0,0,100,0	10098	0	48	164761	110467	69873	125042,125601,127254,134721,130905,128257,128114	0	1	26025,33487,55801,105130,44595,3252,0	0	11332
174462	83	110	123	11	4	0	0	1	630	922	2400	654	1776	0	8	55	19	312	0,0,0,0,100,0	10177	0	43	164769	110508	69873	124966,125524,127177,134675,130858,128213,128068	0	0	26025,33487,55801,105130,44595,3301,0	0	11324
174456	66	120	121	12	2	0	0	1	641	922	2405	653	1814	1	1	51	14	307	0,0,0,0,100,0	10075	0	35	164777	110538	69873	124888,125447,127099,134623,130806,128164,128016	0	1	26025,33487,55801,105130,44595,3339,0	1	11316
174435	70	120	127	13	3	0	0	1	645	922	2410	649	1841	2	2	47	13	320	0,0,0,0,100,0	10172	0	45	164786	110580	69873	124815,125374,127026,134574,130758,128118,127968	0	2	26025,33487,55801,105130,44595,3389,0	1	11309
174421	84	111	126	14	8	1	0	1	644	922	2414	665	1764	1	4	46	16	328	0,0,0,0,100,0	10164	0	49	164796	110622	69873	124738,125297,126949,134525,130709,128072,127919	0	0	26025,33487,55801,105130,44595,3441,0	0	11301
174398	102	118	127	9	8	1	0	1	644	922	2416	672	1805	3	7	49	15	350	0,0,0,0,100,0	19430	0	63	164813	110673	69873	124675,125234,126886,134493,130677,128044,127887	0	6	26025,33487,55801,105130,44595,3509,0	2	11286
174378	94	125	120	8	11	1	1	1	666	922	2419	685	1798	1	2	48	14	346	0,0,0,0,100,0	19394	0	41	164824	110708	69873	124607,125165,126818,134451,130636,128005,127846	0	2	26025,33487,55801,105130,44595,3555,0	1	11277
174363	85	135	131	8	10	1	1	1	669	922	2420	698	1965	2	5	49	15	356	0,0,0,0,100,0	10146	0	50	164830	110757	69873	124529,125087,126738,134398,130582,127955,127794	0	2	26025,33487,55801,105130,44595,3610,0	3	11272
