S	E	I1	I2	I3	I4	I5_h	I6_h	R_h	R	D1	D2	H	T	P1	P2	Q	QT	NQ	MUT	HOM	VAC	NI	INF	REINF	BSTR	IMM	HCI	HCE	INFV	INFH	VNI
178135	119	112	37	46	50	3	5	0	237	2	0	199	0	0	0	66	66	306	0,0,0,0,0,0	178744	0	0	372	0	0	611,611,611,611,611,611,611	0	0	0,0,0,0,0,0,0	0	0
178084	85	181	35	45	47	4	5	0	256	2	2	328	315	0	86	146	76	326	0,0,0,0,0,0	12525	0	60	432	0	0	662,662,662,662,662,662,662	0	5	60,0,0,0,0,0,0	8	0
178022	99	202	47	51	45	4	5	0	266	2	3	420	255	0	12	390	84	369	0,0,0,0,0,0	12850	0	80	512	0	0	725,725,725,725,725,725,725	0	4	140,0,0,0,0,0,0	10	0
177974	96	213	64	48	46	6	5	0	286	2	6	462	263	1	12	496	85	393	0,0,0,0,0,0	12987	0	62	574	0	0	774,774,774,774,774,774,774	0	7	202,0,0,0,0,0,0	11	0
177921	101	220	75	43	48	5	5	0	319	3	6	523	99	0	18	594	100	397	0,0,0,0,0,0	25236	0	65	639	0	0	829,829,829,829,829,829,829	0	7	267,0,0,0,0,0,0	9	0
177856	116	205	97	59	53	7	5	0	332	4	12	553	101	1	16	742	117	425	0,0,0,0,0,0	25300	0	77	716	0	0	897,897,897,897,897,897,897	0	4	344,0,0,0,0,0,0	11	0
177775	123	223	116	52	56	8	6	0	365	4	18	607	91	0	21	952	145	439	0,0,0,0,0,0	13507	0	86	803	0	0	983,983,983,982,982,982,982	0	9	431,0,0,0,0,0,0	16	0
177707	134	241	108	60	63	10	6	0	391	4	22	641	263	0	18	1224	170	452	0,0,0,0,0,0	13895	0	87	890	1	0	1057,1056,1056,1054,1054,1054,1054	0	5	519,0,0,0,0,0,0	17	0
177639	136	235	124	67	83	13	5	0	414	5	25	669	255	1	20	1561	202	461	0,0,0,0,0,0	14395	0	83	972	2	0	1129,1128,1128,1125,1125,1125,1125	0	7	602,0,0,0,0,0,0	21	0
177567	134	268	138	63	81	16	7	0	441	5	26	705	258	0	27	1798	238	469	0,0,0,0,0,0	14480	0	98	1070	2	0	1211,1209,1209,1204,1204,1204,1204	0	10	700,0,0,0,0,0,0	22	0
177483	136	286	140	66	79	15	8	0	494	5	34	699	146	1	20	1933	242	488	0,0,0,0,0,0	14801	0	90	1162	3	0	1301,1299,1299,1293,1293,1293,1293	0	10	792,0,0,0,0,0,0	24	0
177409	135	298	143	67	85	15	9	1	535	5	44	715	234	0	23	1828	247	505	0,0,0,0,0,0	26779	0	90	1252	3	0	1387,1385,1385,1378,1378,1378,1378	1	7	882,0,0,0,0,0,0	27	0
177337	152	289	161	62	98	17	7	3	562	5	53	696	311	2	21	1868	256	530	0,0,0,0,0,0	26558	0	103	1354	5	0	1479,1475,1475,1463,1463,1463,1463	1	7	985,0,0,0,0,0,0	27	0
177265	150	312	166	70	95	15	9	3	600	5	56	685	305	1	31	2052	277	540	0,0,0,0,0,0	14881	0	103	1459	5	0	1576,1571,1571,1551,1551,1551,1551	1	6	1090,0,0,0,0,0,0	27	0
177187	156	305	183	76	97	16	11	3	644	5	63	692	242	1	27	2137	305	539	0,0,0,0,0,0	14993	0	101	1558	7	0	1672,1665,1665,1639,1639,1639,1639	1	5	1191,0,0,0,0,0,0	27	0
177127	162	311	184	79	94	19	11	1	685	6	67	717	156	0	22	2262	301	559	0,0,0,0,0,0	15198	0	101	1659	9	0	1763,1753,1753,1719,1719,1719,1719	1	11	1292,0,0,0,0,0,0	32	0
177049	167	329	192	80	94	20	11	1	726	6	71	709	275	2	25	2287	291	602	0,0,0,0,0,0	15286	0	112	1769	11	0	1864,1853,1853,1813,1813,1813,1813	1	8	1403,0,0,0,0,0,0	35	0
176959	177	348	191	87	87	21	11	1	783	6	75	731	105	2	18	2066	293	629	0,0,0,0,0,0	15326	0	125	1892	13	0	1981,1967,1967,1918,1918,1918,1918	1	11	1527,0,0,0,0,0,0	35	0
176920	157	347	207	83	94	26	12	2	814	7	77	718	244	2	18	2012	280	646	0,0,0,0,0,0	26754	0	86	1978	13	0	2061,2043,2043,1979,1979,1979,1979	1	11	1613,0,0,0,0,0,0	38	0
176873	136	348	225	88	92	25	12	1	855	8	83	712	291	0	35	2141	314	612	0,0,0,0,0,0	26689	0	96	2074	14	0	2145,2124,2124,2049,2049,2049,2049	1	6	1710,0,0,0,0,0,0	42	0
176813	160	329	237	99	99	27	14	1	872	8	87	703	255	1	27	2045	316	649	0,0,0,0,0,0	15157	0	121	2194	15	0	2246,2222,2222,2134,2134,2134,2134	1	13	1831,0,0,0,0,0,0	48	0
176729	182	336	241	88	105	27	12	3	921	9	93	714	242	2	29	2126	325	666	0,0,0,0,0,0	15102	0	123	2315	17	0	2362,2334,2334,2236,2236,2236,2236	1	14	1953,0,0,0,0,0,0	45	0
176647	190	350	235	93	112	29	13	2	968	9	98	733	239	1	27	2379	323	699	0,0,0,0,0,0	15232	0	132	2446	18	0	2484,2453,2453,2340,2340,2340,2340	1	11	2085,0,0,0,0,0,0	51	0
176595	174	377	243	95	118	27	14	2	990	9	102	722	226	5	41	2370	332	716	0,0,0,0,0,0	15360	0	123	2567	20	0	2595,2558,2558,2426,2426,2426,2426	1	12	2207,0,0,0,0,0,0	56	0
176472	213	402	258	96	114	28	18	2	1026	10	107	714	266	1	34	2268	349	780	0,0,0,0,0,0	15353	0	177	2744	21	0	2764,2723,2723,2576,2576,2576,2576	1	16	2384,0,0,0,0,0,0	59	0
176406	211	404	258	93	121	31	15	2	1077	12	116	706	252	4	38	2287	366	767	0,0,0,0,0,0	26713	0	115	2859	22	0	2878,2832,2832,2668,2668,2668,2668	1	5	2500,0,0,0,0,0,0	63	0
176333	186	407	272	97	130	33	17	2	1135	13	121	692	308	2	37	2236	371	771	0,0,0,0,0,0	26740	0	122	2980	24	0	2994,2943,2943,2765,2765,2765,2765	1	16	2622,0,0,0,0,0,0	62	0
176238	213	419	268	98	136	32	18	3	1181	13	127	694	292	3	32	2667	395	789	0,0,0,0,0,0	15503	0	169	3149	24	0	3156,3100,3100,2897,2897,2897,2897	1	19	2791,0,0,0,0,0,0	68	0
176156	225	421	274	111	134	31	19	3	1228	13	131	704	256	3	39	2723	414	801	0,0,0,0,0,0	15643	0	152	3301	24	0	3302,3239,3239,3013,3013,3013,3013	2	17	2943,0,0,0,0,0,0	61	0
176062	241	437	285	115	132	30	18	4	1269	16	137	678	251	1	43	3045	435	823	0,0,0,0,0,0	15911	0	150	3452	25	0	3448,3380,3380,3136,3136,3136,3136	2	15	3094,0,0,0,0,0,0	60	0
175942	238	503	286	118	127	27	17	5	1326	17	140	666	359	2	45	3597	465	851	0,0,0,0,0,0	16373	0	185	3637	26	0	3626,3552,3552,3286,3286,3286,3286	2	12	3279,0,0,0,0,0,0	63	0
175844	233	526	291	120	130	31	13	5	1386	23	144	675	104	0	44	3681	468	876	0,0,0,0,0,0	16470	0	182	3818	27	0	3797,3716,3716,3424,3424,3424,3424	2	20	3460,0,0,0,0,0,0	61	0
175754	248	526	322	126	131	33	15	4	1418	23	146	685	244	1	41	3704	466	935	0,0,0,0,0,0	28241	0	172	3992	28	0	3961,3872,3872,3553,3553,3553,3553	2	12	3634,0,0,0,0,0,0	67	0
175677	231	538	332	132	135	33	13	5	1477	25	148	676	227	2	39	3567	452	962	0,0,0,0,0,0	27965	0	159	4151	29	0	4110,4013,4013,3668,3668,3668,3668	2	17	3793,0,0,0,0,0,0	74	0
175543	269	547	335	136	146	34	11	5	1542	27	151	679	247	4	47	3884	460	1018	0,0,0,0,0,0	16986	0	207	4358	30	0	4314,4211,4211,3838,3838,3838,3838	2	20	4000,0,0,0,0,0,0	77	0
175433	276	561	342	149	150	33	13	2	1605	27	155	653	310	2	53	4000	483	1041	0,0,0,0,0,0	17017	0	188	4550	30	0	4500,4388,4388,3988,3988,3988,3988	2	14	4192,0,0,0,0,0,0	79	0
175333	295	583	326	159	166	34	15	3	1646	27	159	615	327	1	44	4042	481	1097	0,0,0,0,0,0	17046	0	217	4766	31	0	4705,4583,4583,4142,4142,4142,4142	2	21	4408,0,0,0,0,0,0	73	0
175206	322	601	335	164	170	40	16	1	1700	27	164	606	235	3	61	4230	503	1145	0,0,0,0,0,0	16993	0	218	4984	32	0	4920,4788,4788,4314,4314,4314,4314	2	20	4626,0,0,0,0,0,0	81	0
175061	321	665	351	157	179	45	17	1	1755	29	165	586	247	2	62	4294	527	1208	0,0,0,0,0,0	17376	0	240	5224	33	0	5152,5011,5011,4504,4504,4504,4504	2	18	4866,0,0,0,0,0,0	89	0
174957	325	652	370	178	184	43	18	2	1817	30	170	602	257	3	62	3969	569	1201	0,0,0,0,0,0	28418	0	205	5428	34	0	5352,5201,5201,4658,4658,4658,4658	2	23	5070,0,0,0,0,0,0	87	0
174867	312	664	379	182	181	42	23	2	1891	30	173	607	272	6	48	3811	566	1217	0,0,0,0,0,0	28662	0	194	5622	35	0	5539,5378,5378,4797,4797,4797,4797	2	11	5264,0,0,0,0,0,0	93	0
174721	330	715	404	171	172	42	23	1	1959	31	177	622	322	7	69	4206	581	1276	0,0,0,0,0,0	17325	0	257	5880	36	0	5785,5613,5613,4996,4996,4996,4996	2	24	5522,0,0,0,0,0,0	88	0
174588	358	710	410	172	198	43	26	1	2027	31	182	584	299	2	59	4781	600	1317	0,0,0,0,0,0	17152	0	237	6121	36	0	6021,5839,5839,5181,5181,5181,5181	2	13	5763,0,0,0,0,0,0	84	0
174436	374	741	433	178	187	45	29	1	2099	33	190	536	254	1	62	4796	640	1347	0,0,0,0,0,0	17611	0	262	6383	36	0	6280,6086,6086,5387,5387,5387,5387	3	23	6025,0,0,0,0,0,0	88	0
174310	361	779	458	174	187	49	29	1	2170	35	193	550	216	2	57	5151	660	1377	0,0,0,0,0,0	17888	0	258	6640	40	0	6530,6323,6323,5577,5577,5577,5577	3	31	6282,0,0,0,0,0,0	93	0
174151	391	793	458	196	194	47	29	1	2254	37	195	546	257	2	62	4934	673	1435	0,0,0,0,0,0	18043	0	283	6923	41	0	6806,6586,6586,5795,5795,5795,5795	3	27	6565,0,0,0,0,0,0	99	0
174044	397	810	463	215	203	50	25	1	2298	41	199	530	321	6	72	5024	725	1438	0,0,0,0,0,0	29197	0	261	7182	43	0	7056,6821,6821,5975,5975,5975,5975	3	21	6825,0,0,0,0,0,0	96	0
173988	379	807	475	222	230	49	27	1	2322	43	203	544	268	2	67	4904	715	1474	0,0,0,0,0,0	29198	0	220	7402	45	0	7268,7017,7017,6111,6111,6111,6111	3	10	7046,0,0,0,0,0,0	106	0
173815	385	836	491	221	228	53	28	1	2440	44	204	528	308	3	85	5217	765	1477	0,0,0,0,0,0	18174	0	286	7688	48	0	7547,7285,7285,6337,6337,6337,6337	3	21	7332,0,0,0,0,0,0	107	0
173697	400	806	524	222	262	58	30	1	2490	47	209	539	263	2	73	5358	807	1495	0,0,0,0,0,0	18182	0	263	7951	52	0	7802,7525,7525,6524,6524,6524,6524	3	27	7595,0,0,0,0,0,0	112	0
173586	408	803	534	233	250	56	33	3	2577	47	216	502	257	4	63	5536	804	1513	0,0,0,0,0,0	33408	0	256	8206	56	0	8052,7761,7761,6706,6706,6706,6706	4	35	7850,0,0,0,0,0,0	112	0
173487	427	797	517	252	237	60	37	3	2663	47	219	493	266	1	83	5758	827	1500	0,0,0,0,0,0	33336	0	246	8447	62	0	8285,7979,7979,6872,6872,6872,6872	4	23	8091,0,0,0,0,0,0	123	0
173384	414	814	509	253	258	59	39	3	2743	48	222	473	256	4	72	5656	881	1465	0,0,0,0,0,0	33771	0	267	8713	64	0	8542,8220,8220,7052,7052,7052,7052	3	25	8358,0,0,0,0,0,0	122	0
173282	407	857	512	246	253	59	40	5	2812	49	224	475	250	2	72	5477	891	1483	0,0,0,0,0,0	47022	0	264	8973	69	0	8794,8455,8455,7230,7230,7230,7230	3	25	8618,0,0,0,0,0,0	132	0
173201	419	826	533	251	277	63	39	6	2852	51	228	469	222	0	51	5855	893	1515	0,0,0,0,0,0	46763	0	251	9226	69	0	9038,8682,8682,7393,7393,7393,7393	3	18	8871,0,0,0,0,0,0	144	0
173103	424	818	576	229	267	73	39	8	2922	53	234	436	329	3	82	6094	899	1527	0,0,0,0,0,0	33784	0	274	9499	71	0	9303,8930,8930,7575,7575,7575,7575	4	34	9144,0,0,0,0,0,0	126	0
173002	422	857	547	232	258	69	37	6	3021	57	238	450	315	4	74	6405	910	1512	0,0,0,0,0,0	34185	0	273	9770	74	0	9565,9174,9174,7755,7755,7755,7755	4	27	9415,0,0,0,0,0,0	129	0
172929	417	850	564	247	252	67	40	7	3076	59	238	430	273	5	64	6582	914	1523	0,0,0,0,0,0	34323	0	253	10019	79	0	9802,9394,9394,7910,7910,7910,7910	4	28	9666,0,0,0,0,0,0	135	0
172891	407	837	574	243	233	75	42	6	3133	63	242	446	80	2	65	6270	886	1525	0,0,0,0,0,0	34485	0	244	10260	82	0	10033,9603,9603,8044,8044,8044,8044	4	20	9907,0,0,0,0,0,0	124	0
172812	423	828	572	238	229	79	43	6	3204	65	247	475	252	6	75	6282	851	1561	0,0,0,0,0,0	34049	0	271	10529	86	0	10293,9845,9845,8214,8214,8214,8214	4	35	10176,0,0,0,0,0,0	144	0
172795	406	835	573	236	229	76	41	6	3235	66	248	473	296	7	63	6066	824	1572	0,0,0,0,0,0	46869	0	225	10755	86	0	10507,10037,10037,8329,8329,8329,8329	4	21	10402,0,0,0,0,0,0	149	0
172776	384	807	565	250	241	78	39	6	3282	69	249	453	314	3	72	5675	846	1518	0,0,0,0,0,0	47377	0	217	10970	90	0	10708,10219,10219,8440,8440,8440,8440	4	17	10617,0,0,0,0,0,0	155	0
172724	382	820	579	226	241	72	39	8	3334	72	249	446	289	3	88	5937	864	1495	0,0,0,0,0,0	33677	0	258	11229	91	0	10953,10443,10443,8587,8587,8587,8587	4	40	10876,0,0,0,0,0,0	147	0
172696	370	830	579	239	229	79	38	9	3350	76	251	461	245	6	76	5622	866	1498	0,0,0,0,0,0	33669	0	238	11469	92	0	11179,10647,10647,8713,8713,8713,8713	4	38	11116,0,0,0,0,0,0	145	0
172570	419	849	580	227	220	81	38	7	3419	79	257	449	238	7	60	5705	844	1570	0,0,0,0,0,0	33528	0	316	11786	95	0	11486,10935,10935,8929,8929,8929,8929	4	28	11433,0,0,0,0,0,0	155	0
172563	425	810	578	237	243	86	38	7	3415	83	261	467	256	2	78	5520	870	1547	0,0,0,0,0,0	33561	0	251	12035	97	0	11720,11145,11145,9049,9049,9049,9049	4	23	11682,0,0,0,0,0,0	149	0
172505	408	852	566	251	237	86	39	7	3448	85	262	471	240	3	72	5319	880	1559	0,0,0,0,0,0	33426	0	282	12312	102	0	11983,11386,11386,9208,9208,9208,9208	4	27	11960,0,0,0,0,0,0	166	0
172466	388	862	570	249	240	85	40	8	3488	88	262	455	235	4	71	5002	875	1559	0,0,0,0,0,0	46158	0	236	12551	103	0	12209,11591,11591,9339,9339,9339,9339	4	19	12199,0,0,0,0,0,0	170	0
172441	390	865	581	240	253	86	38	11	3486	90	265	428	265	2	57	5106	858	1595	0,0,0,0,0,0	46152	0	254	12804	104	0	12449,11808,11808,9471,9471,9471,9471	4	25	12452,0,0,0,0,0,0	170	0
172422	369	868	576	222	256	83	38	10	3541	94	267	447	247	9	92	5905	871	1541	0,0,0,0,0,0	33593	0	247	13051	108	0	12682,12018,12018,9596,9596,9596,9596	4	27	12699,0,0,0,0,0,0	149	0
172355	368	867	571	245	250	80	38	12	3595	96	269	430	262	1	70	5895	863	1556	0,0,0,0,0,0	33783	0	275	13327	108	0	12942,12258,12258,9757,9757,9757,9757	4	26	12975,0,0,0,0,0,0	151	0
172280	414	840	572	234	264	80	34	13	3645	100	270	453	259	6	84	5812	876	1562	0,0,0,0,0,0	33874	0	279	13608	110	0	13209,12504,12504,9926,9926,9926,9926	4	35	13256,0,0,0,0,0,0	152	0
172257	399	844	542	233	271	81	34	12	3699	103	271	444	247	2	77	5956	867	1537	0,0,0,0,0,0	33892	0	242	13848	113	0	13434,12707,12707,10048,10048,10048,10048	4	31	13496,0,0,0,0,0,0	144	0
172217	389	870	549	218	261	82	34	14	3736	104	272	446	282	3	76	6075	869	1534	0,0,0,0,0,0	33851	0	261	14109	113	0	13680,12931,12931,10189,10189,10189,10189	4	30	13757,0,0,0,0,0,0	144	0
172231	363	840	566	243	262	83	36	9	3732	105	276	446	253	3	69	6191	874	1519	0,0,0,0,0,0	47023	0	222	14331	114	0	13889,13116,13116,10285,10285,10285,10285	4	19	13979,0,0,0,0,0,0	161	0
172258	349	771	585	241	258	86	38	7	3766	108	279	452	265	3	70	6028	834	1494	0,0,0,0,0,0	47027	0	200	14525	120	0	14070,13274,13274,10360,10360,10360,10360	4	17	14173,0,0,0,0,0,0	161	0
172245	357	758	577	244	243	81	37	9	3807	108	280	477	243	4	104	6484	877	1420	0,0,0,0,0,0	34360	0	254	14776	123	0	14305,13485,13485,10481,10481,10481,10481	4	25	14425,0,0,0,0,0,0	154	0
172273	384	716	570	253	238	82	35	8	3789	112	286	478	252	5	73	6537	883	1395	0,0,0,0,0,0	34400	0	228	15007	125	0	14520,13674,13674,10572,10572,10572,10572	4	22	14656,0,0,0,0,0,0	149	0
172317	365	725	546	252	235	82	33	9	3779	115	288	469	253	2	53	5988	861	1377	0,0,0,0,0,0	34320	0	216	15223	127	0	14719,13847,13847,10647,10647,10647,10647	4	20	14872,0,0,0,0,0,0	142	0
172314	376	759	524	251	222	81	36	9	3769	117	288	454	248	1	81	5720	869	1380	0,0,0,0,0,0	33874	0	249	15472	130	0	14950,14053,14053,10761,10761,10761,10761	4	28	15122,0,0,0,0,0,0	145	0
172351	344	757	538	247	220	75	34	8	3762	121	289	447	283	3	83	5672	864	1351	0,0,0,0,0,0	33380	0	203	15674	134	0	15135,14214,14214,10831,10831,10831,10831	4	23	15324,0,0,0,0,0,0	149	0
172356	328	767	513	235	204	76	36	7	3809	123	292	457	274	1	53	5521	823	1336	0,0,0,0,0,0	46684	0	208	15883	136	0	15330,14388,14388,10923,10923,10923,10923	4	22	15533,0,0,0,0,0,0	128	0
172414	311	734	504	231	220	77	37	7	3793	123	295	459	254	3	65	5269	802	1312	0,0,0,0,0,0	46565	0	185	16066	140	0	15498,14531,14531,10976,10976,10976,10976	4	14	15716,0,0,0,0,0,0	143	0
172455	300	737	524	217	232	74	37	8	3739	126	297	456	292	5	66	5218	794	1327	0,0,0,0,0,0	33319	0	218	16284	143	0	15698,14705,14705,11052,11052,11052,11052	4	32	15934,0,0,0,0,0,0	126	0
172488	308	692	529	205	239	76	40	8	3737	127	297	461	281	8	71	5262	806	1283	0,0,0,0,0,0	33228	0	187	16470	147	0	15867,14851,14851,11114,11114,11114,11114	4	18	16124,0,0,0,0,0,0	131	0
172533	308	693	504	215	213	76	37	7	3727	133	300	465	261	2	77	5353	812	1234	0,0,0,0,0,0	33245	0	208	16677	149	0	16056,15015,15015,11183,11183,11183,11183	4	26	16331,0,0,0,0,0,0	133	0
172570	314	654	521	220	211	82	36	9	3689	135	305	443	228	2	58	4844	773	1265	0,0,0,0,0,0	33246	0	192	16867	153	0	16233,15169,15169,11248,11248,11248,11248	4	23	16521,0,0,0,0,0,0	130	0
172586	321	610	538	214	218	73	36	10	3698	137	305	461	284	2	65	4805	753	1257	0,0,0,0,0,0	32833	0	196	17062	156	0	16410,15325,15325,11324,11324,11324,11324	4	19	16716,0,0,0,0,0,0	127	0
172657	294	595	529	194	206	69	37	7	3714	139	305	465	89	4	47	4764	731	1193	0,0,0,0,0,0	46101	0	156	17216	159	0	16547,15439,15439,11353,11353,11353,11353	3	10	16870,0,0,0,0,0,0	129	0
172692	283	599	532	177	183	73	37	8	3714	141	307	444	255	4	43	4524	685	1199	0,0,0,0,0,0	45964	0	191	17402	165	0	16717,15587,15587,11416,11416,11416,11416	3	26	17056,0,0,0,0,0,0	138	0
172727	296	613	493	165	180	70	38	7	3703	144	310	458	252	3	51	4295	651	1204	0,0,0,0,0,0	32415	0	203	17603	168	0	16902,15748,15748,11486,11486,11486,11486	3	16	17258,0,0,0,0,0,0	131	0
172770	281	637	461	165	165	72	43	6	3684	146	316	457	243	1	52	4300	604	1220	0,0,0,0,0,0	32165	0	196	17798	169	0	17080,15901,15901,11548,11548,11548,11548	3	15	17453,0,0,0,0,0,0	147	0
172818	253	661	466	156	165	69	45	6	3644	146	317	456	346	3	58	4146	598	1217	0,0,0,0,0,0	31946	0	191	17988	171	0	17250,16048,16048,11604,11604,11604,11604	3	23	17643,0,0,0,0,0,0	147	0
172882	263	623	467	173	162	66	45	7	3589	148	321	444	316	3	52	3841	578	1221	0,0,0,0,0,0	45291	0	171	18160	172	0	17407,16181,16181,11645,11645,11645,11645	3	16	17815,0,0,0,0,0,0	143	0
172947	271	581	437	175	169	66	47	7	3571	150	325	454	246	3	59	3998	580	1166	0,0,0,0,0,0	45407	0	153	18313	173	0	17544,16296,16296,11675,11675,11675,11675	3	21	17968,0,0,0,0,0,0	144	0
173035	262	552	434	175	171	65	44	9	3518	151	330	440	219	3	54	3636	567	1136	0,0,0,0,0,0	44993	0	158	18467	179	0	17682,16410,16410,11696,11696,11696,11696	3	18	18122,0,0,0,0,0,0	140	0
173115	252	550	424	182	173	62	46	9	3450	152	331	431	258	4	45	3513	556	1133	0,0,0,0,0,0	44990	35	160	18624	182	0	17821,16525,16525,11720,11720,11720,11720	3	12	18279,0,0,0,0,0,0	147	32
173157	248	561	403	183	185	63	45	7	3407	154	333	456	263	5	61	3918	575	1113	0,0,0,0,0,0	31632	31	170	18791	186	0	17971,16654,16654,11768,11768,11768,11768	3	27	18446,0,0,0,0,0,0	131	61
173232	247	555	384	173	178	61	41	9	3374	157	335	461	255	3	44	4130	569	1070	0,0,0,0,0,0	32168	24	162	18951	188	0	18111,16770,16770,11793,11793,11793,11793	3	17	18606,0,0,0,0,0,0	126	84
173310	251	553	363	185	162	61	34	10	3316	164	337	479	240	1	53	4559	571	1038	0,0,0,0,0,0	32298	15	175	19122	192	0	18263,16897,16897,11824,11824,11824,11824	3	21	18777,0,0,0,0,0,0	120	98
173368	254	551	363	184	165	63	33	11	3249	166	339	482	239	1	47	4530	585	1028	0,0,0,0,0,0	32381	23	169	19288	196	0	18412,17023,17023,11862,11862,11862,11862	3	19	18943,0,0,0,0,0,0	127	118
173436	245	566	363	179	156	57	33	11	3192	168	340	470	288	4	49	4511	582	1017	0,0,0,0,0,0	32596	29	171	19452	204	0	18556,17144,17144,11893,11893,11893,11893	3	10	19108,0,0,0,0,0,0	113	144
173514	232	532	366	179	165	57	34	7	3149	171	340	486	225	2	30	4341	567	998	0,0,0,0,0,0	39400	31	136	19586	207	0	18672,17238,17238,11906,11906,11906,11906	3	8	19242,0,0,0,0,0,0	118	170
173588	218	519	371	178	157	59	34	5	3102	172	343	491	243	3	67	4013	597	939	0,0,0,0,0,0	38901	125	139	19722	210	0	18805,17350,17350,11929,11929,11929,11929	2	12	19378,0,0,0,0,0,0	131	281
173642	233	492	383	189	163	55	35	6	3030	172	346	498	242	1	61	4089	611	939	0,0,0,0,0,0	27041	124	177	19894	216	0	18970,17492,17492,11977,11977,11977,11977	2	22	19551,0,0,0,0,0,0	122	388
173718	258	463	382	189	170	48	34	5	2956	175	348	501	255	1	62	4296	594	950	0,0,0,0,0,0	27453	159	174	20067	218	0	19128,17626,17626,12010,12010,12010,12010	3	29	19724,0,0,0,0,0,0	118	518
173740	246	482	363	176	169	49	32	7	2953	178	351	487	234	3	51	4017	607	910	0,0,0,0,0,0	27288	136	152	20218	220	0	19270,17750,17750,12062,12062,12062,12062	2	19	19875,0,0,0,0,0,0	120	636
173788	231	492	361	163	168	55	34	5	2916	181	352	469	240	1	46	3786	596	908	0,0,0,0,0,0	26976	130	154	20370	222	0	19413,17872,17872,12101,12101,12101,12101	2	21	20027,0,0,0,0,0,0	124	748
173839	234	480	351	158	170	54	36	5	2880	183	356	474	272	0	46	3364	567	916	0,0,0,0,0,0	26763	134	150	20516	226	0	19552,17992,17992,12137,12137,12137,12137	2	20	20174,0,0,0,0,0,0	131	861
173907	214	462	343	162	171	55	36	4	2845	187	360	478	239	1	47	3032	550	893	0,0,0,0,0,0	37983	138	123	20638	227	0	19670,18090,18090,12154,12154,12154,12154	2	14	20296,0,0,0,0,0,0	126	980
173976	220	453	327	163	161	54	39	4	2799	189	361	455	108	3	45	2908	551	866	0,0,0,0,0,0	38200	171	134	20771	229	0	19826,18226,18226,12191,12191,12191,12191	2	15	20429,0,0,0,0,0,0	130	1123
174030	230	445	311	160	162	46	35	6	2765	193	363	448	151	3	43	3151	529	860	0,0,0,0,0,0	25972	160	139	20908	231	0	19986,18366,18366,12234,12234,12234,12234	2	16	20566,0,0,0,0,0,0	113	1262
174044	234	452	306	159	155	48	37	6	2743	196	366	425	101	1	41	3541	548	843	0,0,0,0,0,0	26477	159	154	21061	232	0	20172,18536,18536,12310,12310,12310,12310	2	23	20719,0,0,0,0,0,0	102	1401
174089	220	449	283	162	155	47	37	4	2735	198	367	450	249	2	50	3675	537	816	0,0,0,0,0,0	26555	145	133	21192	235	0	20330,18676,18676,12358,12358,12358,12358	2	27	20850,0,0,0,0,0,0	105	1521
174139	214	474	271	135	151	50	35	3	2704	201	369	433	247	2	51	3565	518	812	0,0,0,0,0,0	26828	157	140	21332	236	0	20496,18823,18823,12407,12407,12407,12407	2	13	20990,0,0,0,0,0,0	101	1656
174194	228	451	269	133	149	48	35	3	2662	203	371	451	253	5	38	3624	486	827	0,0,0,0,0,0	26593	156	135	21467	237	0	20655,18963,18963,12449,12449,12449,12449	3	21	21125,0,0,0,0,0,0	102	1782
174246	211	458	281	130	151	49	32	4	2602	206	376	426	275	2	43	3826	492	820	0,0,0,0,0,0	38674	163	131	21596	240	0	20815,19104,19104,12495,12495,12495,12495	2	8	21254,0,0,0,0,0,0	105	1923
174275	198	455	291	124	162	45	32	6	2572	206	380	404	279	1	38	3868	480	827	0,0,0,0,0,0	38551	66	123	21714	245	0	20973,19247,19247,12550,12550,12550,12550	2	10	21372,0,0,0,0,0,0	101	1975
174304	211	452	285	141	148	47	29	7	2533	208	381	441	235	3	42	4040	487	826	0,0,0,0,0,0	26541	60	148	21863	245	0	21155,19412,19412,12615,12615,12615,12615	2	20	21521,0,0,0,0,0,0	98	2021
174368	199	441	299	139	147	44	28	5	2483	210	383	432	244	3	49	4016	494	803	0,0,0,0,0,0	26972	62	116	21978	246	0	21303,19541,19541,12646,12646,12646,12646	2	16	21636,0,0,0,0,0,0	94	2067
174391	196	442	287	132	136	43	30	7	2484	210	388	440	279	0	43	4467	506	760	0,0,0,0,0,0	27186	61	126	22103	248	0	21462,19685,19685,12702,12702,12702,12702	2	14	21762,0,0,0,0,0,0	88	2121
174442	189	447	276	117	139	36	30	6	2460	212	392	447	237	0	37	3987	461	773	0,0,0,0,0,0	27111	72	126	22226	251	0	21620,19825,19825,12745,12745,12745,12745	2	17	21885,0,0,0,0,0,0	83	2175
174443	186	447	286	126	125	34	28	8	2456	213	394	488	250	5	30	3702	437	795	0,0,0,0,0,0	27019	63	144	22369	252	0	21793,19984,19984,12819,12819,12819,12819	2	15	22028,0,0,0,0,0,0	81	2227
174488	191	427	298	121	129	34	27	10	2408	214	399	497	221	0	32	3529	451	776	0,0,0,0,0,0	38669	50	127	22497	253	0	21960,20133,20133,12870,12870,12870,12870	2	14	22156,0,0,0,0,0,0	81	2267
174539	201	391	292	123	136	36	27	9	2375	215	402	478	268	3	33	3401	444	762	0,0,0,0,0,0	38296	222	112	22606	256	0	22084,20241,20241,12896,12896,12896,12896	2	15	22265,0,0,0,0,0,0	82	2447
174612	191	389	274	128	132	34	25	10	2332	215	404	477	105	1	40	3069	424	749	0,0,0,0,0,0	26438	212	104	22709	258	0	22196,20336,20336,12902,12902,12902,12902	2	11	22368,0,0,0,0,0,0	83	2618
174682	165	390	263	136	125	38	21	13	2287	217	409	455	250	2	39	3030	431	707	0,0,0,0,0,0	26016	199	101	22807	261	0	22304,20426,20426,12908,12908,12908,12908	2	12	22466,0,0,0,0,0,0	74	2771
174717	161	398	271	126	123	35	18	14	2249	220	414	461	322	1	44	3111	428	704	0,0,0,0,0,0	26173	200	123	22930	261	0	22436,20542,20542,12943,12943,12943,12943	2	19	22589,0,0,0,0,0,0	72	2924
174759	168	382	255	121	120	36	18	12	2239	221	415	480	322	0	33	2934	403	697	0,0,0,0,0,0	26266	184	109	23036	264	0	22554,20645,20645,12968,12968,12968,12968	2	13	22696,0,0,0,0,0,0	72	3072
174777	178	374	260	118	120	41	13	13	2211	225	416	456	244	3	40	2737	392	712	0,0,0,0,0,0	25868	200	128	23163	265	0	22693,20770,20770,13015,13015,13015,13015	2	9	22823,0,0,0,0,0,0	63	3233
174813	173	359	268	122	119	38	14	12	2185	226	417	476	82	1	32	2767	385	708	0,0,0,0,0,0	37827	190	109	23271	267	0	22809,20872,20872,13043,13043,13043,13043	2	8	22931,0,0,0,0,0,0	62	3391
174861	162	363	272	118	95	38	13	11	2168	227	418	497	162	2	34	2728	375	686	0,0,0,0,0,0	37818	167	96	23365	269	0	22994,21043,21043,13100,13100,13100,13100	2	12	23025,0,0,0,0,0,0	67	3532
174897	159	361	280	113	98	34	10	10	2131	230	423	504	263	0	33	2887	366	689	0,0,0,0,0,0	25937	165	108	23472	271	0	23187,21222,21222,13165,13165,13165,13165	2	10	23132,0,0,0,0,0,0	62	3651
174902	179	370	276	122	107	34	12	10	2076	231	427	510	270	2	18	2862	348	752	2,0,0,0,0,0	25950	173	122	23619	274	0	23420,21441,21441,13267,13267,13267,13267	2	10	23252,27,0,0,0,0,0	61	3793
174891	208	398	271	124	100	31	14	9	2038	231	431	530	275	2	33	2989	348	798	6,0,0,0,0,0	25749	179	131	23785	278	0	23670,21676,21676,13384,13384,13384,13384	2	14	23370,76,0,0,0,0,0	61	3929
174886	236	408	280	123	102	30	14	10	1994	231	432	548	261	2	37	3096	354	839	10,0,0,0,0,0	26118	183	128	23944	281	0	23907,21898,21898,13492,13492,13492,13492	2	6	23483,122,0,0,0,0,0	61	4088
174855	245	443	280	122	102	29	14	10	1981	232	433	538	291	3	35	3150	350	885	14,0,0,0,0,0	26522	183	140	24112	288	0	24158,22137,22137,13620,13620,13620,13620	2	14	23591,184,0,0,0,0,0	63	4233
174806	257	465	296	122	111	28	12	10	1968	234	437	543	242	1	26	3040	344	947	20,0,0,0,0,0	38003	182	125	24277	292	0	24413,22381,22381,13760,13760,13760,13760	1	4	23675,268,0,0,0,0,0	66	4374
174763	268	494	282	129	122	30	14	8	1962	234	440	565	232	1	35	3216	374	965	25,0,0,0,0,0	38258	128	133	24444	296	0	24669,22626,22626,13896,13896,13896,13896	1	7	23753,360,0,0,0,0,0	61	4477
174716	283	517	290	136	115	32	16	7	1956	234	444	563	256	3	42	2982	378	1011	29,0,0,0,0,0	26658	127	177	24617	300	0	24918,22864,22864,14029,14029,14029,14029	1	12	23857,433,0,0,0,0,0	61	4576
174688	279	548	292	133	130	35	17	5	1939	234	446	541	316	2	45	3227	397	1037	31,0,0,0,0,0	26062	137	174	24792	303	0	25174,23107,23106,14154,14154,14154,14154	1	12	23955,511,0,0,0,0,0	67	4682
174625	285	570	311	148	144	36	15	8	1918	236	450	536	333	1	51	3362	434	1075	34,0,0,0,0,0	26547	134	198	24989	305	0	25449,23370,23369,14308,14308,14308,14308	1	10	24061,603,0,0,0,0,0	63	4780
174568	304	570	317	145	157	33	14	8	1941	237	452	535	254	2	60	3432	464	1076	37,0,0,0,0,0	26617	136	185	25174	308	0	25722,23632,23631,14458,14458,14458,14458	1	15	24160,691,0,0,0,0,0	72	4884
174502	300	584	347	161	153	32	13	8	1954	239	453	552	267	5	54	3583	482	1108	39,0,0,0,0,0	26389	127	201	25372	311	0	25997,23896,23894,14615,14615,14615,14615	1	18	24253,796,0,0,0,0,0	65	4973
174457	313	584	357	164	163	32	12	9	1960	239	456	554	264	5	59	3509	525	1100	42,0,0,0,0,0	38475	115	189	25560	313	0	26266,24155,24152,14759,14759,14759,14759	1	11	24331,907,0,0,0,0,0	66	5054
174393	288	599	373	174	165	29	13	9	2005	240	458	512	277	3	42	3986	524	1117	44,0,0,0,0,0	38784	306	189	25747	316	0	26493,24371,24367,14888,14888,14888,14888	1	7	24424,1002,0,0,0,0,0	70	5291
174306	296	651	368	181	166	36	18	8	2018	240	458	531	226	5	45	3978	530	1186	45,0,0,0,0,0	26974	272	225	25968	321	0	26744,24613,24607,15039,15039,15039,15039	1	14	24528,1120,0,0,0,0,0	62	5489
174183	341	656	382	199	174	38	21	7	2046	240	459	529	265	2	59	3972	556	1255	48,0,0,0,0,0	27081	288	251	26217	324	0	27028,24885,24879,15224,15224,15224,15224	1	12	24624,1276,0,0,0,0,0	79	5695
174072	366	683	388	207	166	38	20	7	2094	242	463	531	252	2	61	4383	590	1278	51,0,0,0,0,0	27433	264	245	26459	330	0	27306,25154,25146,15401,15401,15401,15401	1	17	24704,1443,0,0,0,0,0	71	5888
173954	390	732	392	209	180	40	23	7	2111	242	466	514	238	4	58	4574	637	1329	53,0,0,0,0,0	27725	290	267	26724	333	0	27610,25448,25438,15596,15596,15596,15596	1	13	24798,1615,0,0,0,0,0	73	6109
173830	395	746	437	206	202	46	26	5	2140	245	468	519	252	2	59	4720	650	1408	55,0,0,0,0,0	27733	261	266	26984	339	0	27902,25731,25719,15787,15787,15787,15787	1	13	24887,1789,0,0,0,0,0	80	6296
173741	378	769	444	212	234	50	32	5	2165	246	470	509	325	1	57	4610	682	1437	58,0,0,0,0,0	39502	285	233	27214	342	0	28149,25971,25956,15940,15940,15940,15940	1	17	24946,1962,0,0,0,0,0	91	6505
173626	411	776	468	225	234	54	28	6	2198	249	471	532	274	4	77	4828	735	1461	60,0,0,0,0,0	39556	606	276	27481	354	0	28544,26358,26340,16181,16181,16181,16181	1	13	25019,2161,0,0,0,0,0	100	6907
173504	433	774	474	228	228	58	33	5	2287	249	473	489	319	4	71	5063	716	1512	63,0,0,0,0,0	27957	598	268	27747	358	0	28914,26721,26700,16413,16413,16413,16413	1	24	25085,2364,0,0,0,0,0	103	7352
173337	471	809	482	244	219	61	33	5	2359	251	475	496	233	0	84	4476	731	1588	64,0,0,0,0,0	27917	610	322	28062	365	0	29334,27140,27113,16694,16694,16694,16694	1	19	25173,2594,0,0,0,0,0	104	7879
173171	491	836	499	245	234	62	34	5	2440	252	477	479	247	5	69	4756	744	1657	66,0,0,0,0,0	27579	652	305	28357	377	0	29733,27538,27506,16963,16963,16963,16963	1	16	25238,2833,0,0,0,0,0	108	8462
172986	484	904	525	247	231	64	35	5	2528	257	480	495	263	4	83	5033	778	1712	69,0,0,0,0,0	28002	592	317	28664	389	0	30148,27951,27915,17248,17248,17248,17248	2	24	25303,3083,0,0,0,0,0	116	8992
172836	511	930	537	274	233	64	37	5	2579	259	481	478	331	4	75	5197	805	1781	70,0,0,0,0,0	28254	633	331	28984	401	0	30556,28357,28314,17515,17515,17515,17515	2	25	25369,3344,0,0,0,0,0	117	9545
172683	502	971	544	275	266	65	38	2	2651	262	487	470	242	1	71	4954	819	1842	72,0,0,0,0,0	39560	620	313	29293	410	0	30971,28768,28720,17786,17786,17786,17786	2	23	25422,3606,0,0,0,0,0	129	10080
172540	498	992	574	290	262	70	36	6	2725	265	488	481	244	2	102	4817	861	1861	74,0,0,0,0,0	39438	793	308	29597	420	0	31439,29237,29181,18075,18075,18075,18075	2	17	25478,3863,0,0,0,0,0	124	10775
172340	539	1010	586	304	286	75	34	6	2807	266	493	458	336	1	90	4904	919	1915	74,0,0,0,0,0	27725	766	364	29952	431	0	31980,29776,29714,18431,18431,18431,18431	2	14	25562,4139,0,0,0,0,0	136	11442
172148	569	1063	580	300	282	78	32	7	2923	269	495	443	263	4	99	4931	927	1977	76,0,0,0,0,0	27927	757	357	30296	445	0	32543,30337,30269,18791,18791,18791,18791	2	19	25630,4425,0,0,0,0,0	126	12093
171937	564	1129	594	312	297	87	33	8	3015	271	499	442	328	7	92	4939	929	2087	78,0,0,0,0,0	27886	814	387	30668	461	0	33151,30945,30870,19187,19187,19187,19187	2	20	25681,4759,0,0,0,0,0	127	12795
171729	584	1184	604	326	309	79	40	10	3108	271	502	433	224	2	97	5282	965	2161	79,0,0,0,0,0	27930	840	402	31057	478	0	33760,31556,31471,19579,19579,19579,19579	2	21	25742,5099,0,0,0,0,0	127	13525
171543	586	1246	639	332	299	82	40	9	3191	274	505	439	258	1	101	5634	982	2242	81,0,0,0,0,0	28653	755	409	31458	491	0	34381,32182,32084,19971,19971,19971,19971	2	23	25790,5461,0,0,0,0,0	137	14183
171316	608	1235	687	330	327	84	39	11	3324	276	509	423	243	3	87	5388	976	2334	81,0,0,0,0,0	39959	819	402	31849	504	0	34996,32801,32694,20382,20382,20382,20382	2	15	25852,5798,0,0,0,0,0	148	14896
171086	610	1312	709	339	325	85	37	11	3439	282	511	401	319	7	131	5508	1046	2371	82,0,0,0,0,0	39881	898	423	32258	519	0	35662,33473,33355,20812,20812,20812,20812	2	19	25899,6170,0,0,0,0,0	171	15663
170863	626	1287	754	370	361	85	39	9	3553	284	515	417	256	5	114	5961	1098	2424	84,0,0,0,0,0	44952	900	426	32667	536	0	36310,34125,33996,21229,21229,21229,21229	2	28	25944,6543,0,0,0,0,0	168	16421
170641	622	1354	735	394	349	90	43	7	3704	288	519	427	278	4	125	6896	1180	2407	85,0,0,0,0,0	45702	863	432	33083	556	0	36960,34781,34639,21648,21648,21648,21648	2	31	25987,6931,0,0,0,0,0	168	17136
170442	644	1333	783	397	387	100	43	4	3802	290	521	407	268	4	134	7434	1292	2395	85,0,0,0,0,0	46391	865	423	33492	571	0	37620,35448,35293,22062,22062,22062,22062	2	20	26032,7306,0,0,0,0,0	174	17857
170207	695	1297	795	417	418	103	45	5	3947	293	524	416	270	6	126	7890	1314	2456	86,0,0,0,0,0	46599	920	454	33936	585	0	38325,36162,35992,22515,22515,22515,22515	2	25	26067,7725,0,0,0,0,0	184	18614
170069	647	1357	797	431	389	108	47	4	4075	296	526	425	251	7	136	8192	1370	2406	87,0,0,0,0,0	47017	915	390	34309	604	0	38926,36770,36586,22871,22871,22871,22871	2	22	26103,8076,0,0,0,0,0	194	19411
169971	620	1336	843	422	385	110	51	3	4177	301	527	415	337	5	101	8359	1341	2426	87,0,0,0,0,0	71123	889	364	34661	621	0	39521,37373,37173,23205,23205,23205,23205	2	21	26136,8405,0,0,0,0,0	198	20163
169853	600	1319	853	422	383	111	52	4	4316	302	531	432	242	5	119	8182	1326	2414	88,0,0,0,0,0	71035	642	374	35014	645	0	40188,38050,37834,23584,23584,23584,23584	2	20	26168,8741,0,0,0,0,0	214	20684
169681	604	1319	838	423	395	114	56	4	4474	305	533	427	257	4	118	8530	1335	2414	88,0,0,0,0,0	47207	643	411	35400	673	0	40874,38751,38519,24000,24000,24000,24000	2	37	26202,9111,0,0,0,0,0	214	21219
169566	627	1273	835	424	421	120	59	6	4572	306	537	416	297	5	148	8876	1389	2370	89,0,0,0,0,0	47429	647	394	35782	687	0	41542,39436,39184,24380,24380,24380,24380	2	24	26219,9485,0,0,0,0,0	226	21735
169453	635	1237	840	415	429	119	61	7	4702	310	538	409	251	10	131	8534	1371	2365	90,0,0,0,0,0	47566	628	397	36161	710	0	42202,40112,39840,24754,24754,24754,24754	2	17	26238,9863,0,0,0,0,0	213	22250
169347	613	1250	828	430	433	121	62	12	4794	313	543	435	243	5	142	8590	1389	2348	91,0,0,0,0,0	47484	609	382	36522	732	0	42878,40806,40513,25130,25130,25130,25130	2	17	26259,10218,0,0,0,0,0	219	22764
169209	646	1263	809	431	429	125	71	13	4884	316	550	398	306	4	124	8442	1405	2369	91,0,0,0,0,0	47383	650	438	36929	764	0	43585,41533,41219,25545,25545,25545,25545	2	24	26285,10619,0,0,0,0,0	222	23267
169205	599	1244	824	419	430	122	70	11	4950	320	552	406	293	10	126	7929	1375	2333	91,0,0,0,0,0	71505	638	317	37232	779	0	44187,42149,41814,25837,25837,25837,25837	2	16	26302,10918,0,0,0,0,0	230	23797
169150	554	1235	797	395	436	118	67	13	5101	327	553	416	255	6	125	7595	1360	2242	92,0,0,0,0,0	70723	908	333	37549	798	0	44777,42760,42406,26162,26162,26162,26162	2	13	26320,11230,0,0,0,0,0	233	24543
169108	541	1203	809	413	411	117	64	17	5176	331	556	412	275	8	130	7997	1361	2197	93,0,0,0,0,0	46722	916	350	37883	814	0	45406,43411,43034,26487,26487,26487,26487	2	11	26343,11552,0,0,0,0,0	222	25300
169018	568	1155	783	419	435	116	70	19	5272	332	559	410	327	4	102	7994	1321	2225	93,0,0,0,0,0	47218	916	395	38256	838	0	46096,44121,43722,26851,26851,26851,26851	2	19	26354,11930,0,0,0,0,0	215	26028
169003	575	1176	757	402	413	125	69	20	5305	339	562	428	253	3	140	7653	1281	2236	93,0,0,0,0,0	46745	870	353	38588	861	0	46758,44804,44380,27165,27165,27165,27165	2	19	26369,12261,0,0,0,0,0	235	26738
168912	617	1164	774	378	412	133	66	18	5364	343	565	418	263	3	137	7739	1262	2282	94,0,0,0,0,0	46894	893	408	38980	877	0	47454,45524,45075,27531,27531,27531,27531	2	21	26384,12652,0,0,0,0,0	239	27462
168870	615	1191	752	388	400	138	68	18	5388	351	567	415	277	7	119	7724	1215	2337	94,0,0,0,0,0	46911	853	387	39350	896	0	48146,46238,45762,27872,27872,27872,27872	2	22	26399,13022,0,0,0,0,0	253	28162
168872	587	1161	736	411	400	142	65	17	5432	355	568	412	262	3	122	7681	1202	2300	94,0,0,0,0,0	70879	912	318	39647	919	0	48760,46877,46376,28155,28155,28155,28155	2	20	26413,13318,0,0,0,0,0	265	28898
168885	560	1159	717	391	384	143	72	17	5490	358	570	402	272	8	121	7269	1191	2235	95,0,0,0,0,0	70637	1038	302	39929	942	0	49499,47639,47113,28488,28488,28488,28488	2	22	26422,13609,0,0,0,0,0	270	29738
168845	604	1163	680	393	366	147	71	17	5525	362	573	408	337	6	119	7269	1153	2271	95,0,0,0,0,0	46654	1082	407	40314	965	0	50319,48484,47930,28891,28891,28891,28891	2	22	26429,13999,0,0,0,0,0	262	30606
168758	652	1207	683	382	376	135	67	18	5526	366	576	390	321	8	139	7487	1175	2327	95,0,0,0,0,0	46838	1085	425	40720	989	0	51149,49343,48761,29320,29320,29320,29320	2	32	26442,14412,0,0,0,0,0	256	31480
168704	647	1220	716	386	397	134	62	18	5514	371	577	412	269	5	117	7229	1178	2384	96,0,0,0,0,0	46734	1068	401	41081	1030	0	51945,50168,49558,29717,29717,29717,29717	2	29	26448,14802,0,0,0,0,0	239	32331
168643	605	1279	732	406	354	123	65	19	5568	373	579	399	263	8	130	7302	1190	2374	96,0,0,0,0,0	46874	1066	377	41437	1052	0	52763,51009,50375,30124,30124,30124,30124	2	25	26456,15164,0,0,0,0,0	220	33160
168636	582	1273	764	421	360	124	60	20	5543	382	581	411	250	8	93	7424	1179	2405	96,0,0,0,0,0	46854	1069	378	41790	1078	0	53525,51802,51138,30480,30480,30480,30480	2	19	26463,15530,0,0,0,0,0	217	33975
168701	546	1236	787	398	360	118	58	20	5554	384	584	417	279	7	106	7393	1123	2380	97,0,0,0,0,0	70804	1134	311	42089	1093	0	54274,52579,51885,30798,30798,30798,30798	2	14	26470,15835,0,0,0,0,0	228	34863
168701	530	1209	783	382	371	117	54	24	5600	387	588	440	261	6	105	7038	1075	2371	97,0,0,0,0,0	70690	1414	318	42388	1115	0	55078,53411,52691,31165,31165,31165,31165	2	17	26473,16146,0,0,0,0,0	227	35982
168739	537	1191	797	391	373	112	57	23	5545	388	593	409	337	3	119	7376	1116	2342	97,0,0,0,0,0	46378	1400	374	42748	1132	0	55946,54314,53559,31551,31551,31551,31551	2	13	26478,16511,0,0,0,0,0	230	37075
168748	536	1165	800	368	376	109	54	23	5579	393	595	425	271	6	133	7326	1080	2328	97,0,0,0,0,0	46849	1365	346	43074	1153	0	56774,55173,54388,31921,31921,31921,31921	2	26	26481,16848,0,0,0,0,0	217	38117
168728	516	1216	791	364	371	110	51	21	5580	398	600	429	273	5	107	7372	1076	2343	97,0,0,0,0,0	46906	1347	377	43437	1171	0	57630,56060,55246,32323,32323,32323,32323	2	19	26485,17222,0,0,0,0,0	212	39126
168668	548	1212	767	359	372	107	49	18	5643	400	603	435	237	4	125	7308	1078	2336	97,0,0,0,0,0	38517	1394	382	43801	1194	0	58492,56951,56110,32748,32748,32748,32748	2	21	26494,17594,0,0,0,0,0	197	40183
168649	586	1184	777	360	387	107	44	17	5621	406	608	426	238	7	115	7104	1054	2391	98,0,0,0,0,0	38550	1296	389	44176	1211	0	59370,57862,56989,33158,33158,33158,33158	2	21	26497,17978,0,0,0,0,0	188	41157
168740	559	1076	806	369	371	106	45	17	5637	411	609	432	348	4	101	6685	1025	2307	98,0,0,0,0,0	40683	1352	274	44436	1229	0	60145,58669,57765,33464,33464,33464,33464	2	16	26498,18248,0,0,0,0,0	191	42188
168843	492	1073	805	371	348	105	49	16	5620	412	612	429	317	8	109	6318	1012	2231	98,0,0,0,0,0	40307	1066	255	44673	1249	0	60903,59456,58522,33745,33745,33745,33745	2	10	26500,18498,0,0,0,0,0	199	42988
168908	486	1102	745	366	355	95	47	15	5598	416	613	447	301	4	114	6599	1015	2181	98,0,0,0,0,0	37690	1083	335	44991	1267	0	61725,60311,59344,34076,34076,34076,34076	2	18	26504,18824,0,0,0,0,0	184	43781
168966	504	1063	735	362	360	91	51	14	5567	420	613	460	255	2	115	6821	1022	2144	98,0,0,0,0,0	38109	1090	321	45300	1280	0	62515,61134,60134,34395,34395,34395,34395	2	20	26507,19138,0,0,0,0,0	170	44555
169037	515	1036	717	355	329	88	54	14	5565	422	614	466	319	6	109	6832	977	2117	98,0,0,0,0,0	38106	1060	312	45592	1302	0	63274,61926,60893,34692,34692,34692,34692	2	26	26510,19445,0,0,0,0,0	173	45285
169123	481	1032	731	334	340	80	58	12	5516	424	615	465	222	4	98	6707	927	2129	98,0,0,0,0,0	38120	1141	308	45879	1324	0	64044,62731,61664,34986,34986,34986,34986	2	18	26511,19751,0,0,0,0,0	171	46078
169167	462	1028	743	304	333	85	56	13	5508	429	618	461	310	10	98	6704	898	2113	98,0,0,0,0,0	38089	1087	300	46168	1337	0	64801,63520,62423,35293,35293,35293,35293	2	11	26515,20043,0,0,0,0,0	169	46847
169265	442	955	746	302	336	85	55	14	5494	432	620	448	277	5	104	6468	868	2053	98,0,0,0,0,0	40128	1071	254	46404	1355	0	65530,64279,63152,35558,35558,35558,35558	2	11	26519,20285,0,0,0,0,0	177	47624
169381	378	943	723	295	321	80	53	13	5497	436	626	429	271	1	94	6306	845	1948	98,0,0,0,0,0	40072	880	225	46616	1368	0	66220,65000,63844,35790,35790,35790,35790	1	11	26520,20503,0,0,0,0,0	170	48230
169483	398	898	697	303	305	86	51	12	5441	440	632	424	251	7	85	6068	820	1918	99,0,0,0,0,0	30715	892	274	46867	1391	0	66944,65760,64572,36049,36049,36049,36049	1	15	26520,20772,0,0,0,0,0	162	48843
169583	406	866	651	295	288	79	51	13	5437	443	634	433	249	4	105	6077	790	1846	99,0,0,0,0,0	30428	876	258	47113	1404	0	67641,66489,65272,36295,36295,36295,36295	1	11	26521,21027,0,0,0,0,0	157	49461
169679	407	868	663	289	270	72	48	15	5348	446	641	416	254	4	79	5917	744	1873	99,0,0,0,0,0	30869	882	273	47372	1418	0	68330,67213,65964,36538,36538,36538,36538	1	16	26522,21296,0,0,0,0,0	146	50067
169772	400	857	663	279	260	71	47	15	5293	447	642	434	261	6	86	5821	755	1822	99,0,0,0,0,0	30241	863	256	47620	1428	0	69051,67964,66686,36792,36792,36792,36792	1	12	26522,21550,0,0,0,0,0	146	50651
169911	382	835	658	257	260	74	48	17	5210	450	644	417	252	8	90	5745	735	1779	99,0,0,0,0,0	25483	896	229	47839	1439	0	69712,68657,67348,36995,36995,36995,36995	1	10	26523,21774,0,0,0,0,0	140	51278
170017	356	848	622	249	238	70	48	16	5184	452	646	426	242	5	78	5586	706	1725	99,0,0,0,0,0	31608	912	210	48035	1454	0	70375,69349,68014,37217,37217,37217,37217	1	7	26525,21981,0,0,0,0,0	138	51930
170165	336	822	597	242	223	65	46	17	5129	455	649	429	293	5	61	5491	652	1679	99,0,0,0,0,0	31418	1211	198	48227	1463	0	70999,70006,68642,37394,37394,37394,37394	1	6	26526,22180,0,0,0,0,0	127	52780
170288	320	770	604	251	223	55	44	15	5068	457	651	423	308	4	75	5322	637	1630	99,0,0,0,0,0	24774	1179	207	48424	1474	0	71643,70683,69291,37591,37591,37591,37591	1	7	26527,22382,0,0,0,0,0	115	53611
170432	327	748	605	229	205	53	39	13	4981	463	651	443	229	2	83	5363	621	1585	99,0,0,0,0,0	25083	1273	215	48630	1485	0	72297,71372,69950,37781,37781,37781,37781	1	8	26527,22596,0,0,0,0,0	107	54553
170549	323	714	591	220	210	51	39	13	4916	465	655	450	255	2	83	5302	611	1537	99,0,0,0,0,0	24625	1268	197	48807	1505	0	72916,72022,70573,37968,37968,37968,37968	1	6	26528,22787,0,0,0,0,0	102	55461
170698	309	674	591	205	200	53	35	13	4840	471	657	436	310	2	64	5236	578	1489	99,0,0,0,0,0	24710	1204	181	48977	1518	0	73505,72643,71167,38126,38126,38126,38126	1	6	26529,22966,0,0,0,0,0	100	56319
170882	277	644	572	218	189	52	34	11	4730	472	665	413	297	4	63	4846	566	1420	99,0,0,0,0,0	24737	1213	148	49120	1523	0	74092,73262,71759,38273,38273,38273,38273	1	8	26529,23113,0,0,0,0,0	104	57200
171065	232	607	571	195	195	46	33	6	4653	475	668	422	221	4	53	4952	533	1346	99,0,0,0,0,0	29049	1260	135	49250	1528	0	74685,73886,72358,38424,38424,38424,38424	0	5	26529,23247,0,0,0,0,0	98	58111
171256	216	572	549	174	186	42	32	5	4567	478	669	428	249	3	57	4139	491	1280	99,0,0,0,0,0	28628	565	130	49372	1537	0	75430,74663,73111,38642,38642,38642,38642	0	3	26529,23376,0,0,0,0,0	92	58512
171448	213	534	512	169	192	42	30	5	4447	480	674	454	261	1	57	4223	465	1227	99,0,0,0,0,0	23017	593	146	49506	1550	0	76168,75435,73857,38855,38855,38855,38855	0	4	26529,23520,0,0,0,0,0	88	58919
171601	205	483	482	166	196	43	27	7	4375	483	678	441	238	1	59	3904	459	1143	99,0,0,0,0,0	22434	610	128	49625	1559	0	76927,76224,74625,39096,39096,39096,39096	0	3	26529,23646,0,0,0,0,0	87	59337
171761	218	454	415	168	189	42	29	7	4298	484	681	460	243	2	58	3880	442	1073	99,0,0,0,0,0	22544	590	144	49759	1570	0	77676,77004,75382,39335,39335,39335,39335	0	8	26529,23786,0,0,0,0,0	84	59744
171904	233	450	396	150	179	44	26	6	4187	486	685	489	267	0	56	3482	423	1055	99,0,0,0,0,0	22359	570	150	49902	1578	0	78438,77798,76153,39582,39582,39582,39582	0	2	26529,23936,0,0,0,0,0	87	60140
172090	216	430	392	148	171	36	25	7	4055	488	688	485	273	1	44	3358	398	1020	99,0,0,0,0,0	22158	590	103	49999	1584	0	79126,78517,76850,39773,39773,39773,39773	0	4	26529,24036,0,0,0,0,0	76	60549
172265	181	415	368	141	152	31	26	9	3978	488	692	483	233	3	48	3402	384	930	99,0,0,0,0,0	27591	572	94	50086	1591	0	79847,79266,77578,39982,39982,39982,39982	0	1	26529,24129,0,0,0,0,0	71	60956
172428	164	407	333	121	134	29	24	7	3914	491	694	481	251	2	39	3151	350	862	99,0,0,0,0,0	27530	835	93	50173	1597	0	80274,79718,78011,40035,40035,40035,40035	0	7	26529,24217,0,0,0,0,0	67	61574
172610	153	380	308	130	123	28	23	5	3796	493	697	499	285	2	34	3248	340	805	99,0,0,0,0,0	17052	810	83	50250	1603	0	80702,80172,78446,40076,40076,40076,40076	0	4	26529,24299,0,0,0,0,0	64	62168
172773	158	343	304	120	113	26	20	6	3688	495	700	489	298	1	22	3326	309	775	99,0,0,0,0,0	17035	824	96	50342	1608	0	81137,80634,78889,40137,40137,40137,40137	0	8	26529,24395,0,0,0,0,0	63	62767
172956	138	330	292	107	98	29	17	7	3572	497	703	449	251	0	28	2951	266	745	99,0,0,0,0,0	16599	818	78	50415	1615	0	81537,81059,79296,40174,40174,40174,40174	0	3	26529,24475,0,0,0,0,0	52	63345
173118	135	317	285	97	93	26	17	7	3448	497	706	468	238	1	27	2940	249	721	99,0,0,0,0,0	16649	809	87	50491	1626	0	81966,81511,79733,40233,40233,40233,40233	0	3	26529,24559,0,0,0,0,0	55	63930
173293	140	296	266	90	84	25	14	8	3320	500	710	489	94	1	30	2869	233	682	100,0,0,0,0,0	16659	798	85	50570	1632	0	82381,81952,80155,40281,40281,40281,40281	0	7	26529,24642,0,0,0,0,0	49	64480
173461	122	273	260	85	88	24	13	8	3200	500	712	481	263	0	29	2881	219	646	100,0,0,0,0,0	27244	836	62	50629	1635	0	82776,82368,80556,40315,40315,40315,40315	0	1	26529,24704,0,0,0,0,0	48	65091
173625	114	251	258	75	77	23	12	9	3087	500	715	502	253	1	23	2529	211	599	100,0,0,0,0,0	27073	1093	58	50679	1644	0	83190,82802,80975,40348,40348,40348,40348	0	3	26529,24757,0,0,0,0,0	44	65911
173813	102	258	240	65	66	22	13	9	2941	500	717	502	256	0	20	2278	190	576	100,0,0,0,0,0	16291	1044	63	50738	1650	0	83591,83224,81381,40365,40365,40365,40365	0	5	26529,24819,0,0,0,0,0	42	66651
173973	104	253	228	62	58	20	13	8	2805	500	722	526	250	1	17	2270	176	562	100,0,0,0,0,0	15805	1025	67	50801	1654	0	84010,83663,81805,40397,40397,40397,40397	0	3	26529,24886,0,0,0,0,0	42	67417
174120	105	228	224	68	61	21	12	8	2674	501	724	512	103	0	13	2066	150	569	100,0,0,0,0,0	16014	1080	64	50862	1658	0	84419,84092,82220,40436,40436,40436,40436	0	5	26529,24950,0,0,0,0,0	38	68199
174275	97	210	220	63	56	20	11	9	2555	501	729	516	291	2	22	1859	137	540	100,0,0,0,0,0	15654	1066	53	50914	1659	0	84807,84499,82613,40460,40460,40460,40460	0	1	26529,25003,0,0,0,0,0	39	68987
174448	90	207	209	57	48	17	14	9	2415	501	731	510	95	0	15	1755	133	509	100,0,0,0,0,0	15312	1072	54	50964	1663	0	85198,84910,83010,40476,40476,40476,40476	0	3	26529,25057,0,0,0,0,0	32	69763
174559	81	204	207	55	42	16	13	7	2329	502	731	520	97	0	20	1505	131	487	100,0,0,0,0,0	20856	1072	53	51015	1666	0	85618,85346,83435,40533,40533,40533,40533	0	2	26529,25109,0,0,0,0,0	36	70550
174687	80	191	185	50	44	16	12	3	2241	504	733	543	93	0	16	1442	122	456	100,0,0,0,0,0	21036	360	48	51061	1668	0	86197,85939,84021,40671,40671,40671,40671	0	1	26529,25156,0,0,0,0,0	33	70821
174792	82	169	182	62	39	16	11	2	2149	505	737	548	267	1	20	1327	128	433	100,0,0,0,0,0	12333	333	48	51106	1672	0	86734,86491,84567,40791,40791,40791,40791	0	2	26529,25202,0,0,0,0,0	33	71055
174871	79	178	164	55	31	16	9	3	2086	508	746	547	292	1	19	1524	122	410	100,0,0,0,0,0	12265	331	56	51154	1680	0	87325,87096,85166,40942,40942,40942,40942	0	2	26529,25252,0,0,0,0,0	29	71283
174967	85	168	159	53	38	12	7	4	1993	509	751	534	92	1	11	1627	115	407	100,0,0,0,0,0	12346	325	53	51205	1683	0	87909,87696,85758,41091,41091,41091,41091	0	1	26529,25305,0,0,0,0,0	29	71524
175066	69	165	152	49	45	11	7	4	1914	509	755	558	140	1	17	1609	118	380	100,0,0,0,0,0	12296	340	38	51241	1685	0	88471,88270,86328,41223,41223,41223,41223	0	2	26529,25343,0,0,0,0,0	27	71763
175162	60	162	155	50	46	11	7	3	1823	509	758	548	283	1	15	1612	112	379	100,0,0,0,0,0	12524	322	44	51284	1686	0	89041,88853,86906,41361,41361,41361,41361	0	3	26529,25387,0,0,0,0,0	26	71983
175252	63	142	159	35	46	14	6	2	1757	510	760	549	203	1	12	1759	109	356	100,0,0,0,0,0	20918	334	40	51323	1688	0	89624,89448,87497,41513,41513,41513,41513	0	1	26529,25428,0,0,0,0,0	24	72223
175343	62	125	146	43	43	13	4	2	1692	512	761	573	116	0	14	1791	106	330	100,0,0,0,0,0	21227	337	30	51350	1691	0	89795,89629,87670,41423,41423,41423,41423	0	0	26529,25456,0,0,0,0,0	22	72465
175429	62	119	125	39	42	11	4	2	1636	513	764	574	319	0	18	1805	101	301	100,0,0,0,0,0	12517	331	37	51385	1693	0	89964,89809,87843,41336,41336,41336,41336	0	2	26529,25492,0,0,0,0,0	17	72697
175525	52	125	122	41	37	12	4	2	1548	513	765	596	73	0	17	1614	101	292	100,0,0,0,0,0	12585	323	39	51424	1694	0	90133,89990,88016,41244,41244,41244,41244	0	3	26529,25531,0,0,0,0,0	20	72924
175617	51	122	109	37	28	12	4	2	1483	513	768	562	314	1	13	1618	94	269	100,0,0,0,0,0	12564	330	27	51451	1694	0	90300,90168,88186,41149,41149,41149,41149	0	2	26529,25558,0,0,0,0,0	22	73159
175704	59	105	114	37	38	14	4	2	1387	513	769	584	88	0	7	1462	102	269	100,0,0,0,0,0	12321	345	40	51490	1696	0	90468,90347,88358,41056,41056,41056,41056	0	2	26529,25599,0,0,0,0,0	22	73398
175786	54	98	100	34	39	15	4	2	1327	513	774	601	274	1	11	1201	96	248	100,0,0,0,0,0	12354	323	28	51513	1701	0	90617,90506,88511,40961,40961,40961,40961	0	2	26529,25624,0,0,0,0,0	22	73623
175868	49	93	90	29	36	12	4	0	1274	513	778	599	250	1	7	1352	87	226	100,0,0,0,0,0	20758	314	27	51539	1702	0	90779,90677,88676,40869,40869,40869,40869	0	2	26529,25651,0,0,0,0,0	20	73835
175937	49	91	90	28	24	13	4	0	1216	513	781	615	293	1	10	1278	82	217	100,0,0,0,0,0	20620	177	25	51562	1704	0	91011,90918,88913,40824,40824,40824,40824	0	1	26529,25674,0,0,0,0,0	19	73949
176007	49	90	82	24	24	11	3	0	1159	514	783	620	109	0	9	1014	78	205	100,0,0,0,0,0	12116	166	29	51589	1706	0	91235,91150,89141,40774,40774,40774,40774	0	2	26529,25702,0,0,0,0,0	15	74068
176068	48	97	82	19	20	11	4	0	1095	514	788	592	160	1	10	1056	74	207	100,0,0,0,0,0	11831	175	30	51617	1708	0	91464,91387,89375,40726,40726,40726,40726	0	2	26529,25732,0,0,0,0,0	16	74181
176146	48	95	81	19	19	11	3	0	1017	515	792	568	5264	2	4	1017	65	211	100,0,0,0,0,0	11991	167	24	51641	1708	0	91683,91616,89600,40674,40674,40674,40674	0	1	26529,25756,0,0,0,0,0	15	74295
176195	47	87	83	23	20	10	3	0	968	515	795	553	2574	9	3	963	65	208	100,0,0,0,0,0	11681	188	25	51665	1709	0	91908,91849,89831,40635,40635,40635,40635	0	3	26529,25781,0,0,0,0,0	13	74425
176267	36	85	76	22	17	9	2	0	918	516	798	567	1471	1	7	937	69	178	100,0,0,0,0,0	11800	170	9	51674	1709	0	92105,92053,90033,40573,40573,40573,40573	0	0	26529,25790,0,0,0,0,0	13	74537
176321	32	82	73	19	12	7	3	0	879	516	802	592	760	0	3	787	55	173	100,0,0,0,0,0	20486	200	17	51690	1710	0	92324,92279,90257,40528,40528,40528,40528	0	1	26529,25807,0,0,0,0,0	10	74671
176360	31	76	77	13	11	8	2	0	843	517	808	566	524	1	1	715	43	175	100,0,0,0,0,0	20366	177	19	51707	1712	0	92583,92543,90523,40513,40513,40513,40513	0	1	26529,25825,0,0,0,0,0	10	74791
176400	25	77	71	15	11	6	2	0	807	517	815	554	2803	2	7	528	39	168	100,0,0,0,0,0	22244	170	15	51721	1713	0	92812,92778,90760,40490,40490,40490,40490	0	2	26529,25840,0,0,0,0,0	10	74907
176461	25	68	74	14	12	7	3	0	750	517	815	580	2652	2	5	518	36	167	100,0,0,0,0,0	22014	172	18	51739	1713	0	93044,93017,90998,40446,40446,40446,40446	0	0	26529,25858,0,0,0,0,0	11	75025
176514	26	53	60	21	12	7	2	0	715	518	818	542	2080	1	9	498	38	143	100,0,0,0,0,0	22119	176	11	51749	1714	0	93279,93257,91240,40416,40416,40416,40416	0	1	26529,25869,0,0,0,0,0	12	75142
176559	24	49	52	17	14	8	2	0	683	518	820	567	1447	1	7	378	44	122	100,0,0,0,0,0	21970	170	10	51759	1714	0	93526,93510,91494,40388,40388,40388,40388	0	0	26529,25879,0,0,0,0,0	12	75258
176598	17	42	55	14	14	8	3	0	651	518	826	573	1085	0	6	455	45	108	100,0,0,0,0,0	21831	145	4	51763	1714	0	93760,93748,91735,40364,40364,40364,40364	0	1	26529,25883,0,0,0,0,0	12	75362
176647	14	40	43	10	13	7	3	0	621	518	830	591	2010	1	2	424	39	91	100,0,0,0,0,0	19845	169	6	51768	1715	0	94009,94000,91990,40337,40337,40337,40337	0	2	26529,25889,0,0,0,0,0	10	75470
176684	12	35	41	8	14	8	3	0	589	518	834	609	2298	1	2	530	38	83	100,0,0,0,0,0	20182	169	5	51772	1716	0	94043,94038,92026,40181,40181,40181,40181	0	1	26529,25894,0,0,0,0,0	10	75586
176712	14	27	36	7	12	10	2	1	569	518	838	590	2279	3	3	502	36	72	100,0,0,0,0,0	22137	161	8	51778	1718	0	94067,94066,92053,40023,40023,40023,40023	0	1	26529,25902,0,0,0,0,0	10	75701
176744	11	27	35	5	11	8	2	0	545	518	840	634	1791	1	2	536	37	62	100,0,0,0,0,0	22107	165	6	51783	1719	0	94084,94087,92072,39856,39856,39856,39856	0	1	26529,25908,0,0,0,0,0	11	75798
176772	9	27	30	6	10	7	2	0	521	518	844	655	1377	0	1	580	34	57	100,0,0,0,0,0	22007	180	7	51789	1720	0	94108,94114,92098,39694,39694,39694,39694	0	1	26529,25914,0,0,0,0,0	10	75914
176814	10	22	27	6	10	5	2	0	485	518	847	638	1697	1	3	566	31	51	100,0,0,0,0,0	22007	157	3	51792	1720	0	94125,94135,92117,39523,39523,39523,39523	0	0	26529,25917,0,0,0,0,0	8	76006
176845	9	25	23	5	7	5	2	0	456	518	851	638	1939	0	4	525	30	46	100,0,0,0,0,0	22250	172	3	51795	1720	0	94133,94146,92127,39357,39357,39357,39357	0	0	26529,25920,0,0,0,0,0	7	76123
176876	6	23	21	4	6	3	2	0	433	518	854	633	2004	1	1	503	22	43	100,0,0,0,0,0	19958	189	0	51795	1720	0	94149,94166,92145,39190,39190,39190,39190	0	0	26529,25920,0,0,0,0,0	6	76253
176902	3	19	18	5	6	3	2	0	410	518	860	625	1953	0	1	362	20	36	100,0,0,0,0,0	20028	106	2	51797	1720	0	94168,94187,92166,39031,39031,39031,39031	0	0	26529,25922,0,0,0,0,0	5	76327
176921	3	17	20	5	3	4	2	0	390	518	863	634	1638	0	0	346	16	38	100,0,0,0,0,0	21994	107	4	51801	1720	0	94185,94208,92186,38874,38874,38874,38874	0	0	26529,25926,0,0,0,0,0	5	76399
176946	4	10	19	5	3	3	1	0	368	519	868	635	1667	0	2	194	17	28	100,0,0,0,0,0	21895	123	1	51802	1720	0	94190,94215,92193,38703,38703,38703,38703	0	0	26529,25927,0,0,0,0,0	4	76482
176972	5	8	18	5	1	3	1	0	346	519	868	648	1786	1	1	165	13	28	100,0,0,0,0,0	21820	118	2	51804	1720	0	94203,94230,92209,38538,38538,38538,38538	0	1	26529,25929,0,0,0,0,0	4	76555
176994	7	8	18	2	0	3	2	0	322	519	871	634	1903	0	0	125	10	30	100,0,0,0,0,0	21960	104	4	51808	1720	0	94213,94242,92220,38373,38373,38373,38373	0	0	26529,25933,0,0,0,0,0	4	76622
177015	8	7	15	2	0	3	2	0	300	519	875	637	1959	0	0	70	7	30	100,0,0,0,0,0	21693	105	2	51810	1720	0	94226,94257,92235,38212,38212,38212,38212	0	0	26529,25935,0,0,0,0,0	5	76685
177033	4	10	10	3	1	3	2	0	280	519	881	641	1764	0	0	67	6	27	100,0,0,0,0,0	19678	111	3	51813	1720	0	94240,94273,92252,38054,38054,38054,38054	0	1	26529,25938,0,0,0,0,0	5	76760
177050	5	6	15	2	2	3	2	0	253	519	889	615	1725	1	1	61	4	31	100,0,0,0,0,0	19433	83	4	51817	1720	0	94199,94234,92212,37864,37864,37864,37864	0	0	26529,25942,0,0,0,0,0	5	76813
177065	3	8	15	2	1	3	2	0	232	519	896	621	1731	0	1	31	4	30	100,0,0,0,0,0	21719	101	1	51818	1720	0	94153,94190,92167,37669,37669,37669,37669	0	0	26529,25943,0,0,0,0,0	5	76876
177078	3	7	11	3	2	1	1	1	222	519	898	611	1847	0	0	24	2	26	100,0,0,0,0,0	21694	89	2	51820	1720	0	94107,94145,92122,37471,37471,37471,37471	0	0	26529,25945,0,0,0,0,0	2	76936
177100	3	10	9	2	1	1	1	1	200	519	899	636	1849	0	1	18	2	25	100,0,0,0,0,0	21680	91	3	51823	1720	0	94056,94095,92072,37270,37270,37270,37270	0	0	26529,25948,0,0,0,0,0	2	76997
177106	4	10	8	2	2	0	1	1	191	519	902	645	1911	0	1	17	1	26	100,0,0,0,0,0	21590	95	3	51826	1720	0	94010,94052,92028,37076,37076,37076,37076	0	1	26529,25951,0,0,0,0,0	1	77058
177126	3	8	8	2	3	0	1	1	170	519	905	662	1738	1	1	17	2	23	100,0,0,0,0,0	21865	111	1	51827	1720	0	93956,93998,91974,36877,36877,36877,36877	0	0	26529,25952,0,0,0,0,0	1	77128
177127	4	10	6	2	2	0	1	1	164	519	910	653	1792	0	1	44	4	21	100,0,0,0,0,0	19345	68	3	51829	1721	0	93917,93959,91937,36691,36691,36691,36691	0	0	26529,25954,0,0,0,0,0	1	77167
177131	2	10	6	1	2	0	1	1	156	519	917	626	1790	0	2	73	5	17	100,0,0,0,0,0	19721	74	1	51830	1721	0	93865,93908,91887,36503,36503,36503,36503	0	0	26529,25955,0,0,0,0,0	1	77214
177133	4	8	8	1	2	0	1	1	146	519	923	615	1872	0	1	73	5	19	100,0,0,0,0,0	21753	57	4	51833	1722	0	93814,93858,91837,36314,36314,36314,36314	0	0	26529,25959,0,0,0,0,0	1	77248
177138	5	5	7	2	2	0	0	2	137	519	929	613	1829	0	0	73	5	16	100,0,0,0,0,0	21715	85	2	51835	1722	0	93759,93804,91783,36118,36118,36118,36118	0	0	26529,25961,0,0,0,0,0	0	77300
177146	3	7	6	1	1	1	0	2	127	519	933	619	1951	0	1	72	5	14	100,0,0,0,0,0	21696	80	1	51836	1722	0	93707,93752,91732,35925,35925,35925,35925	0	0	26529,25962,0,0,0,0,0	0	77353
177153	1	7	4	2	2	1	0	2	118	519	937	606	1806	0	0	161	4	13	100,0,0,0,0,0	21637	82	0	51836	1722	0	93651,93697,91677,35728,35728,35728,35728	0	0	26529,25962,0,0,0,0,0	1	77408
177154	1	5	6	3	1	1	0	2	112	519	942	612	1835	0	0	161	3	14	100,0,0,0,0,0	21573	79	1	51837	1722	0	93596,93643,91623,35535,35535,35535,35535	0	0	26529,25963,0,0,0,0,0	1	77454
177160	0	5	5	4	1	1	0	2	104	519	945	622	1818	0	1	164	4	12	100,0,0,0,0,0	19752	63	1	51838	1722	0	93531,93579,91560,35336,35336,35336,35336	0	0	26529,25964,0,0,0,0,0	1	77496
177161	2	3	7	4	1	1	0	2	98	519	948	618	1835	0	2	162	7	11	100,0,0,0,0,0	19741	66	3	51840	1723	0	93472,93521,91503,35151,35151,35151,35151	0	0	26529,25967,0,0,0,0,0	1	77532
177160	3	3	5	4	1	1	0	1	97	519	952	640	1821	0	0	135	7	10	100,0,0,0,0,0	21781	76	1	51841	1723	0	93408,93456,91439,34961,34961,34961,34961	0	0	26529,25968,0,0,0,0,0	1	77575
177165	2	3	5	4	1	1	0	1	89	519	956	646	1785	0	0	105	7	9	100,0,0,0,0,0	21847	90	0	51841	1723	0	93341,93389,91374,34771,34771,34771,34771	0	0	26529,25968,0,0,0,0,0	1	77627
177173	1	3	6	2	0	1	0	1	81	519	959	619	1856	0	0	102	4	9	100,0,0,0,0,0	21761	78	0	51841	1723	0	93282,93331,91317,34587,34587,34587,34587	0	0	26529,25968,0,0,0,0,0	1	77669
177177	0	5	4	0	0	1	0	1	77	519	962	635	1787	0	0	101	2	8	100,0,0,0,0,0	21680	87	1	51842	1723	0	93215,93263,91250,34398,34398,34398,34398	0	1	26529,25969,0,0,0,0,0	1	77718
177176	0	3	3	0	0	1	0	1	76	519	967	628	1789	0	0	101	2	5	100,0,0,0,0,0	21735	80	0	51842	1723	0	93155,93204,91192,34215,34215,34215,34215	0	0	26529,25969,0,0,0,0,0	1	77763
177177	1	4	4	0	0	1	0	1	69	519	970	634	1834	0	0	11	1	9	100,0,0,0,0,0	19578	60	3	51844	1724	0	93099,93147,91136,34033,34033,34033,34033	0	1	26529,25972,0,0,0,0,0	1	77805
177176	2	2	6	0	0	1	0	1	64	519	975	602	1823	0	0	11	1	10	100,0,0,0,0,0	19573	75	1	51845	1724	0	93018,93067,91057,33845,33845,33845,33845	0	0	26529,25973,0,0,0,0,0	1	77850
177169	2	3	4	0	0	1	0	1	62	519	985	621	1804	1	0	11	1	9	100,0,0,0,0,0	21716	71	1	51846	1724	0	92942,92992,90982,33662,33662,33662,33662	0	0	26529,25974,0,0,0,0,0	1	77884
177171	2	4	2	0	0	1	0	1	61	519	985	605	1761	1	0	8	1	8	100,0,0,0,0,0	21651	76	1	51847	1724	0	92867,92916,90907,33476,33476,33476,33476	0	1	26529,25975,0,0,0,0,0	1	77927
177176	1	3	4	0	0	1	0	1	53	519	988	621	1830	0	0	6	1	8	100,0,0,0,0,0	21480	63	0	51847	1724	0	92786,92835,90827,33290,33290,33290,33290	0	0	26529,25975,0,0,0,0,0	1	77964
177178	1	2	3	0	1	1	0	1	51	519	989	615	1852	0	0	6	1	7	100,0,0,0,0,0	21733	63	0	51847	1724	0	92704,92752,90745,33101,33101,33101,33101	0	0	26529,25975,0,0,0,0,0	1	78003
177181	2	2	2	0	1	1	0	1	45	519	992	586	1801	1	1	8	2	6	100,0,0,0,0,0	21600	77	1	51848	1724	0	92622,92670,90664,32915,32915,32915,32915	0	0	26529,25976,0,0,0,0,0	1	78052
177178	1	2	3	0	1	1	0	1	42	519	998	587	1766	0	0	7	3	5	100,0,0,0,0,0	19451	87	0	51848	1724	0	92543,92591,90586,32732,32732,32732,32732	0	0	26529,25976,0,0,0,0,0	1	78106
177176	1	1	5	0	1	1	0	0	40	519	1002	590	1843	0	0	7	3	6	100,0,0,0,0,0	19488	59	1	51849	1724	0	92458,92505,90501,32555,32555,32555,32555	0	0	26529,25977,0,0,0,0,0	1	78135
177174	0	2	4	0	1	1	0	0	38	519	1007	587	1841	0	0	7	3	5	100,0,0,0,0,0	21703	63	0	51849	1724	0	92372,92419,90416,32380,32380,32380,32380	0	0	26529,25977,0,0,0,0,0	1	78171
177173	1	2	4	0	1	1	0	0	35	519	1010	606	1800	0	0	8	3	6	100,0,0,0,0,0	21587	185	1	51850	1724	134	92283,92329,90327,32200,32200,32200,32200	0	0	26529,25978,0,0,0,0,0	1	78203
177175	1	1	5	0	0	0	0	0	32	519	1013	604	1847	0	0	8	2	5	100,0,0,0,0,0	21647	212	0	51850	1724	281	92225,92271,90270,32087,32087,32087,32087	0	0	26529,25978,0,0,0,0,0	0	78238
177177	1	0	3	0	0	0	0	0	31	519	1015	609	1812	0	0	8	1	3	100,0,0,0,0,0	21645	209	0	51850	1724	422	92172,92219,90219,31986,31986,31986,31986	0	0	26529,25978,0,0,0,0,0	0	78278
177179	1	0	3	0	0	0	0	0	27	519	1017	602	1766	0	0	8	1	3	100,0,0,0,0,0	21599	194	0	51850	1724	556	92128,92175,90176,31889,31889,31889,31889	0	0	26529,25978,0,0,0,0,0	0	78310
177182	0	1	3	0	0	0	0	0	22	519	1019	629	1764	0	0	6	1	3	100,0,0,0,0,0	19535	173	0	51850	1724	663	92071,92119,90120,31782,31782,31782,31782	0	0	26529,25978,0,0,0,0,0	0	78344
177179	0	1	2	0	0	0	0	0	21	519	1024	624	1854	0	0	6	1	2	100,0,0,0,0,0	19495	202	0	51850	1724	781	92004,92051,90053,31664,31664,31664,31664	0	0	26529,25978,0,0,0,0,0	0	78395
177174	0	1	2	0	0	0	0	0	18	519	1032	622	1786	0	0	5	1	2	100,0,0,0,0,0	21398	193	0	51850	1724	904	91937,91984,89987,31555,31555,31555,31555	0	0	26529,25978,0,0,0,0,0	0	78438
177171	0	0	3	0	0	0	0	0	16	519	1037	590	1818	0	0	3	1	2	100,0,0,0,0,0	21803	296	0	51850	1724	1113	91870,91917,89921,31441,31441,31441,31441	0	0	26529,25978,0,0,0,0,0	0	78489
177170	0	0	2	0	0	0	0	0	17	519	1038	586	1805	0	0	3	0	2	100,0,0,0,0,0	21604	299	0	51850	1724	1349	91828,91874,89880,31375,31375,31375,31375	0	0	26529,25978,0,0,0,0,0	0	78521
177170	1	0	2	0	0	0	0	0	13	519	1041	578	1782	0	0	4	0	3	100,0,0,0,0,0	21542	278	1	51851	1724	1551	91794,91840,89847,31324,31324,31324,31324	0	0	26529,25979,0,0,0,0,0	0	78562
177165	1	0	1	0	0	0	0	0	13	519	1047	588	1807	0	0	5	0	2	100,0,0,0,0,0	21673	280	0	51851	1724	1766	91752,91799,89807,31264,31264,31264,31264	0	0	26529,25979,0,0,0,0,0	0	78599
177160	0	1	1	0	0	0	0	0	11	519	1054	599	1898	0	0	5	0	2	100,0,0,0,0,0	19512	283	0	51851	1724	1991	91709,91755,89764,31203,31203,31203,31203	0	0	26529,25979,0,0,0,0,0	0	78633
177154	0	1	1	0	0	0	0	0	11	519	1060	611	1800	0	0	5	0	2	100,0,0,0,0,0	19664	293	0	51851	1724	2219	91672,91718,89729,31160,31160,31160,31160	0	0	26529,25979,0,0,0,0,0	0	78671
177151	0	0	1	0	1	0	0	0	11	519	1063	586	1771	0	0	5	0	2	100,0,0,0,0,0	21678	259	0	51851	1724	2414	91637,91683,89695,31121,31121,31121,31121	0	0	26529,25979,0,0,0,0,0	0	78710
177146	0	0	1	0	0	0	0	0	12	519	1068	581	1782	0	0	0	0	1	100,0,0,0,0,0	21594	220	0	51851	1724	2569	91598,91644,89657,31067,31067,31067,31067	0	0	26529,25979,0,0,0,0,0	0	78742
177143	0	0	0	0	0	0	0	0	13	519	1071	610	1794	0	0	0	0	0	0,0,0,0,0,0	21561	245	0	51851	1724	2758	91538,91584,89599,30985,30985,30985,30985	0	0	26529,25979,0,0,0,0,0	0	78773
177144	0	0	0	0	0	0	0	0	12	519	1071	624	1910	0	0	0	0	0	0,0,0,0,0,0	21886	213	0	51851	1724	2918	91491,91536,89552,30922,30922,30922,30922	0	0	26529,25979,0,0,0,0,0	0	78807
177143	0	0	0	0	0	0	0	0	12	519	1072	645	1792	0	0	0	0	0	0,0,0,0,0,0	21282	244	0	51851	1724	3093	91434,91478,89497,30841,30841,30841,30841	0	0	26529,25979,0,0,0,0,0	0	78845
177138	0	0	0	0	0	0	0	0	12	519	1077	629	1831	0	0	0	0	0	0,0,0,0,0,0	19425	249	0	51851	1724	3270	91379,91423,89443,30766,30766,30766,30766	0	0	26529,25979,0,0,0,0,0	0	78889
177133	0	0	0	0	0	0	0	0	12	519	1082	632	1762	0	0	0	0	0	0,0,0,0,0,0	19444	266	0	51851	1724	3436	91333,91376,89397,30717,30717,30717,30717	0	0	26529,25979,0,0,0,0,0	0	78947
177132	0	0	0	0	0	0	0	0	11	519	1084	637	1793	0	0	0	0	0	0,0,0,0,0,0	21593	244	0	51851	1724	3602	91280,91323,89345,30662,30662,30662,30662	0	0	26529,25979,0,0,0,0,0	0	78997
177131	0	0	0	0	0	0	0	0	9	519	1087	659	1891	0	0	0	0	0	0,0,0,0,0,0	21649	352	0	51851	1724	3878	91220,91263,89287,30594,30594,30594,30594	0	0	26529,25979,0,0,0,0,0	0	79045
177129	0	0	0	0	0	0	0	0	9	519	1089	656	1828	0	0	0	0	0	0,0,0,0,0,0	21665	317	0	51851	1724	4132	91190,91232,89257,30587,30587,30587,30587	0	0	26529,25979,0,0,0,0,0	0	79080
177128	0	0	0	0	0	0	0	0	7	519	1092	671	1872	0	0	0	0	0	0,0,0,0,0,0	21745	359	0	51851	1724	4394	91154,91196,89223,30568,30568,30568,30568	0	0	26529,25979,0,0,0,0,0	0	79132
177127	0	0	0	0	0	0	0	0	5	519	1095	680	1762	0	0	0	0	0	0,0,0,0,0,0	21652	368	0	51851	1724	4682	91126,91168,89196,30555,30555,30555,30555	0	0	26529,25979,0,0,0,0,0	0	79179
177097	12	14	0	0	0	0	0	0	5	519	1099	656	1791	0	0	0	0	26	0,100,0,0,0,0	19528	347	0	51872	1729	4944	91130,91171,89201,30593,30593,30593,30593	0	0	26529,25979,26,0,0,0,0	1	79217
177050	30	32	2	1	0	0	0	0	5	519	1107	678	1840	1	1	1	1	64	0,100,0,0,0,0	19374	452	3	51905	1735	5189	91136,91178,89209,30647,30647,30647,30647	0	0	26529,25979,65,0,0,0,0	2	79334
177010	44	44	8	2	0	0	0	0	6	519	1113	661	1808	2	1	3	3	95	0,100,0,0,0,0	21607	491	9	51932	1743	5484	91129,91171,89204,30684,30684,30684,30684	0	1	26529,25979,100,0,0,0,0	2	79427
176974	45	69	15	2	0	0	0	0	7	519	1115	690	1830	1	1	10	6	125	0,100,0,0,0,0	10020	459	9	51962	1747	5762	91127,91169,89203,30728,30728,30728,30728	0	1	26529,25979,134,0,0,0,0	3	79516
176913	62	98	19	4	1	0	0	0	11	519	1119	707	1832	2	0	16	6	178	0,100,0,0,0,0	10185	489	18	52014	1752	6046	91142,91183,89219,30795,30795,30795,30795	0	2	26529,25979,191,0,0,0,0	1	79616
176866	65	112	37	7	2	0	0	0	15	519	1123	685	1766	0	0	18	8	215	0,100,0,0,0,0	10241	502	23	52048	1761	6341	91152,91193,89231,30860,30860,30860,30860	0	1	26529,25979,234,0,0,0,0	0	79714
176840	47	124	54	11	2	0	0	0	26	519	1123	680	2007	0	4	24	12	226	0,100,0,0,0,0	10216	516	26	52069	1766	6638	91150,91191,89230,30904,30904,30904,30904	0	2	26529,25979,260,0,0,0,0	0	79832
176819	27	124	71	11	9	0	0	0	39	519	1127	704	1856	2	3	28	12	230	0,100,0,0,0,0	19652	455	18	52084	1769	6911	91145,91186,89227,30948,30948,30948,30948	0	0	26529,25979,278,0,0,0,0	0	79929
176773	43	117	82	12	11	0	0	0	59	519	1130	747	1980	1	5	42	17	248	0,100,0,0,0,0	19431	404	43	52125	1771	7225	91191,91232,89275,31033,31033,31033,31033	0	3	26529,25979,321,0,0,0,0	0	79960
176726	57	112	84	17	16	0	0	0	79	519	1136	772	1867	2	8	87	22	264	0,100,0,0,0,0	10163	380	47	52165	1778	7524	91239,91279,89324,31133,31133,31133,31133	0	2	26529,25979,368,0,0,0,0	0	79992
176686	56	123	76	16	18	0	1	0	112	519	1139	755	1903	4	5	133	29	261	0,100,0,0,0,0	10573	384	41	52204	1780	7805	91280,91319,89367,31220,31220,31220,31220	0	1	26529,25979,409,0,0,0,0	0	80039
176655	59	114	87	19	21	0	0	0	127	520	1144	736	1953	3	12	335	45	255	0,100,0,0,0,0	10557	372	32	52233	1783	8091	91312,91351,89401,31290,31290,31290,31290	0	0	26529,25979,441,0,0,0,0	0	80071
176606	71	113	92	23	17	0	0	0	155	520	1149	722	1858	1	4	514	51	265	0,100,0,0,0,0	10727	352	50	52275	1791	8349	91356,91393,89446,31383,31383,31383,31383	0	2	26529,25979,491,0,0,0,0	0	80109
176567	69	130	92	21	23	0	0	0	173	520	1151	745	2106	2	11	535	61	274	0,100,0,0,0,0	10670	339	49	52320	1795	8598	91397,91435,89490,31453,31453,31453,31453	0	1	26529,25979,540,0,0,0,0	1	80152
176531	73	128	99	26	20	0	0	0	196	520	1153	747	1863	0	6	680	60	286	0,100,0,0,0,0	20122	337	43	52362	1796	8842	91422,91459,89516,31513,31513,31513,31513	0	2	26529,25979,583,0,0,0,0	1	80182
176489	71	133	101	27	27	0	0	0	219	520	1159	738	1982	0	10	731	67	292	0,100,0,0,0,0	20180	354	44	52403	1799	9145	91432,91468,89528,31580,31580,31580,31580	0	2	26529,25979,627,0,0,0,0	3	80194
176435	78	146	102	27	25	0	0	0	247	520	1166	731	1987	1	8	846	70	308	0,100,0,0,0,0	11111	323	60	52456	1806	9420	91468,91504,89566,31686,31686,31686,31686	0	3	26529,25979,687,0,0,0,0	3	80205
176384	94	150	107	27	23	0	1	0	263	520	1177	720	1973	2	7	869	75	327	0,100,0,0,0,0	11146	315	61	52513	1811	9699	91501,91537,89602,31779,31779,31779,31779	0	0	26529,25979,749,0,0,0,0	3	80208
176319	99	163	125	28	22	0	1	0	285	520	1184	735	1907	5	4	887	80	358	0,100,0,0,0,0	11156	301	64	52567	1821	9950	91528,91564,89632,31871,31871,31871,31871	0	1	26529,25979,813,0,0,0,0	4	80217
176260	97	172	136	30	31	0	1	0	313	520	1186	726	1897	1	4	880	76	391	0,100,0,0,0,0	11144	320	69	52631	1827	10223	91547,91582,89652,31944,31944,31944,31944	0	4	26529,25979,883,0,0,0,0	4	80214
176185	126	182	147	26	25	1	1	0	346	520	1187	730	1818	3	12	796	77	431	0,100,0,0,0,0	11276	325	92	52711	1839	10501	91601,91636,89710,32058,32058,32058,32058	0	4	26529,25979,974,0,0,0,0	7	80215
176136	122	195	154	27	34	1	1	0	363	520	1193	731	1819	4	7	658	81	453	0,100,0,0,0,0	20166	282	64	52769	1846	10741	91636,91670,89747,32157,32157,32157,32157	0	3	26529,25979,1039,0,0,0,0	8	80215
176077	110	223	159	24	33	1	1	0	398	520	1200	791	1996	3	13	693	82	469	0,100,0,0,0,0	20231	315	72	52837	1850	11012	91661,91694,89775,32250,32250,32250,32250	0	4	26529,25979,1111,0,0,0,0	8	80210
176006	128	222	184	28	33	1	1	0	417	520	1206	762	1851	4	11	739	87	510	0,100,0,0,0,0	11136	302	91	52921	1857	11260	91709,91741,89826,32374,32374,32374,32374	0	6	26529,25979,1202,0,0,0,0	7	80208
175908	144	256	182	31	35	2	1	0	454	520	1213	763	1983	5	13	809	107	544	0,100,0,0,0,0	11196	294	106	53021	1868	11509	91761,91793,89882,32504,32504,32504,32504	0	2	26529,25979,1312,0,0,0,0	7	80195
175849	148	272	205	38	32	3	1	0	463	520	1215	791	1991	5	12	829	116	583	0,100,0,0,0,0	10996	303	91	53098	1882	11761	91789,91820,89913,32597,32597,32597,32597	0	4	26529,25979,1403,0,0,0,0	5	80195
175749	174	288	219	42	33	4	2	0	491	521	1223	756	2013	4	13	977	137	625	0,100,0,0,0,0	11310	272	120	53203	1898	11988	91854,91884,89983,32741,32741,32741,32741	0	4	26529,25979,1524,0,0,0,0	9	80182
175644	182	331	217	36	37	5	2	0	540	521	1231	766	1832	6	8	981	129	681	0,100,0,0,0,0	11300	318	124	53321	1906	12253	91919,91949,90051,32872,32872,32872,32872	0	8	26529,25979,1650,0,0,0,0	12	80174
175557	187	347	232	39	39	4	3	0	582	521	1235	751	2043	7	18	959	137	714	0,100,0,0,0,0	20430	297	113	53422	1918	12504	91969,91998,90106,33005,33005,33005,33005	0	9	26529,25979,1762,0,0,0,0	16	80145
175456	197	356	256	43	45	4	3	0	628	521	1237	734	1979	4	9	1020	141	763	0,100,0,0,0,0	20341	283	135	53542	1933	12743	92060,92087,90201,33177,33177,33177,33177	0	8	26529,25979,1896,0,0,0,0	18	80106
175316	230	384	274	54	48	5	5	0	666	521	1243	737	2030	7	21	1077	167	833	0,100,0,0,0,0	11153	297	173	53699	1949	12993	92187,92211,90332,33383,33383,33383,33383	0	6	26529,25979,2069,0,0,0,0	13	80081
175168	239	433	302	56	54	4	5	0	720	521	1244	721	1918	10	15	1213	190	903	0,100,0,0,0,0	11605	287	181	53860	1970	13231	92311,92334,90462,33590,33590,33590,33590	0	8	26529,25979,2249,0,0,0,0	18	80053
175012	268	460	324	65	57	4	4	0	782	522	1248	707	1887	11	21	1190	201	981	0,100,0,0,0,0	11498	269	185	54021	1994	13453	92450,92471,90606,33808,33808,33808,33808	0	4	26529,25979,2433,0,0,0,0	13	80026
174839	294	501	342	73	60	7	7	0	846	522	1255	720	1799	6	13	1199	208	1076	0,100,0,0,0,0	11446	286	209	54212	2014	13699	92599,92618,90761,34042,34042,34042,34042	0	7	26529,25979,2644,0,0,0,0	16	79974
174644	337	539	385	66	66	8	7	0	911	522	1261	700	2056	10	30	1273	234	1174	0,100,0,0,0,0	11440	253	236	54421	2041	13916	92780,92796,90948,34309,34309,34309,34309	0	4	26529,25979,2878,0,0,0,0	28	79926
174500	340	572	415	71	71	8	5	0	974	524	1266	685	1761	9	20	1424	241	1241	0,100,0,0,0,0	20873	296	188	54595	2058	14160	92902,92915,91076,34514,34514,34514,34514	0	9	26529,25979,3069,0,0,0,0	24	79876
174360	316	605	472	74	70	10	4	1	1039	524	1271	684	1998	7	22	1487	237	1314	0,100,0,0,0,0	20871	279	201	54773	2082	14398	93010,93023,91192,34722,34722,34722,34722	0	12	26529,25979,3271,0,0,0,0	25	79815
174121	356	676	500	73	73	9	6	0	1135	524	1273	703	2078	13	31	1693	243	1450	0,100,0,0,0,0	11680	259	298	55045	2109	14619	93205,93217,91393,35019,35019,35019,35019	0	14	26529,25979,3570,0,0,0,0	24	79742
173887	431	723	525	81	79	9	6	0	1203	525	1277	708	1804	9	24	2007	270	1584	0,100,0,0,0,0	12267	312	304	55318	2141	14894	93399,93412,91595,35306,35306,35306,35306	0	8	26529,25979,3872,0,0,0,0	24	79679
173628	471	772	561	102	85	8	5	0	1305	526	1283	675	2076	13	35	2276	290	1714	0,100,0,0,0,0	12533	271	309	55599	2173	15122	93601,93612,91804,35625,35625,35625,35625	1	12	26529,25979,4183,0,0,0,0	27	79589
173383	463	840	634	103	85	7	3	0	1408	528	1292	696	1908	9	39	2331	302	1833	0,100,0,0,0,0	12591	291	302	55871	2211	15366	93783,93794,91994,35920,35920,35920,35920	1	7	26529,25979,4490,0,0,0,0	25	79504
173121	516	871	669	128	94	5	2	0	1515	529	1296	673	1969	14	29	2505	337	1948	0,100,0,0,0,0	12761	279	341	56174	2252	15607	94004,94014,92225,36248,36248,36248,36248	1	5	26529,25979,4833,0,0,0,0	18	79419
172925	509	916	697	120	104	6	4	0	1631	529	1305	694	1988	8	34	2633	334	2022	0,100,0,0,0,0	21761	277	278	56430	2276	15848	94172,94182,92402,36528,36528,36528,36528	1	17	26529,25979,5113,0,0,0,0	18	79320
172685	495	960	743	120	109	7	5	0	1783	529	1310	692	1917	14	44	2905	361	2078	0,100,0,0,0,0	21968	288	321	56716	2314	16084	94359,94369,92598,36840,36840,36840,36840	1	10	26529,25979,5436,0,0,0,0	28	79226
172322	591	1025	801	128	118	10	6	0	1901	529	1315	681	2063	18	49	3106	414	2265	0,100,0,0,0,0	13692	277	460	57121	2370	16333	94654,94663,92903,37270,37270,37270,37270	1	13	26529,25979,5895,0,0,0,0	29	79085
171992	637	1103	807	145	129	11	6	0	2067	529	1320	683	1996	17	53	3611	459	2379	0,100,0,0,0,0	13669	306	426	57509	2412	16605	94913,94923,93173,37669,37669,37669,37669	1	20	26529,25979,6322,0,0,0,0	37	78936
171681	632	1200	863	160	156	11	6	0	2184	529	1324	701	1962	27	49	4180	478	2550	0,100,0,0,0,0	14440	303	445	57911	2459	16872	95196,95205,93469,38078,38078,38078,38078	1	33	26529,25979,6768,0,0,0,0	39	78801
171329	677	1255	936	176	170	10	5	1	2328	530	1329	722	1968	20	60	4507	554	2675	0,100,0,0,0,0	14904	305	467	58336	2505	17143	95501,95512,93787,38524,38524,38524,38524	1	31	26529,25979,7239,0,0,0,0	35	78653
170930	742	1348	996	182	187	14	4	1	2477	531	1334	704	1946	24	62	4737	587	2886	0,100,0,0,0,0	15157	325	547	58809	2582	17420	95834,95845,94136,39013,39013,39013,39013	1	20	26529,25979,7789,0,0,0,0	36	78477
170581	752	1431	1023	209	191	18	5	1	2665	531	1339	690	2026	27	68	4999	650	2979	0,100,0,0,0,0	24150	299	496	59238	2649	17683	96129,96140,94446,39464,39464,39464,39464	2	27	26529,25979,8283,0,0,0,0	43	78298
170241	756	1490	1114	229	197	22	5	1	2816	531	1344	680	1998	26	53	5553	694	3119	0,100,0,0,0,0	24279	313	496	59685	2702	17957	96430,96441,94763,39914,39914,39914,39914	2	18	26529,25979,8781,0,0,0,0	44	78105
169806	812	1562	1199	243	210	19	5	1	3008	531	1350	688	1977	35	75	6067	762	3288	0,100,0,0,0,0	16223	283	587	60215	2767	18204	96807,96818,95156,40456,40456,40456,40456	2	28	26529,25979,9370,0,0,0,0	43	77895
169334	868	1627	1308	243	220	20	6	1	3231	532	1356	671	2023	32	83	6641	806	3486	0,100,0,0,0,0	17040	347	619	60771	2835	18509	97192,97205,95558,41009,41009,41009,41009	2	24	26529,25979,9993,0,0,0,0	42	77673
168850	921	1754	1410	231	234	22	3	2	3421	534	1364	671	1976	41	76	6517	828	3747	0,100,0,0,0,0	17208	328	679	61379	2910	18810	97617,97630,96002,41620,41620,41620,41620	2	34	26529,25979,10671,0,0,0,0	40	77389
168291	1034	1874	1427	254	250	23	5	2	3685	534	1367	662	1954	38	78	6863	859	4008	0,100,0,0,0,0	17139	300	755	62013	3034	19081	98081,98094,96488,42286,42286,42286,42286	3	34	26529,25979,11428,0,0,0,0	50	77122
167726	1131	1995	1475	278	256	27	3	2	3949	536	1368	668	2011	38	85	6655	879	4286	0,100,0,0,0,0	17271	348	790	62695	3144	19377	98586,98600,97015,42976,42976,42976,42976	3	31	26529,25979,12210,0,0,0,0	45	76861
167336	1110	2021	1571	274	284	31	6	2	4201	536	1374	669	2066	40	93	6778	937	4360	0,100,0,0,0,0	25732	341	612	63231	3222	19673	98953,98968,97404,43517,43517,43517,43517	3	37	26529,25979,12821,0,0,0,0	52	76612
166902	1068	2106	1665	308	298	28	10	1	4444	537	1379	670	2025	47	81	7232	974	4509	0,100,0,0,0,0	26087	307	673	63825	3304	19951	99348,99364,97823,44096,44096,44096,44096	3	38	26529,25979,13492,0,0,0,0	44	76302
166410	1082	2216	1712	307	312	32	12	1	4743	538	1381	659	1985	34	108	7572	1059	4614	0,100,0,0,0,0	27490	342	751	64490	3394	20239	99801,99817,98300,44737,44737,44737,44737	3	21	26529,25979,14244,0,0,0,0	52	75993
166011	1064	2278	1788	305	332	34	11	1	4997	541	1384	680	2017	33	115	7689	1089	4723	0,100,0,0,0,0	27678	293	692	65102	3479	20493	100204,100221,98730,45309,45309,45309,45309	3	36	26529,25979,14937,0,0,0,0	60	75676
165549	1091	2294	1876	333	353	34	15	1	5272	542	1386	674	1963	45	106	7756	1089	4907	0,100,0,0,0,0	27483	320	760	65761	3583	20766	100625,100644,99178,45912,45912,45912,45912	4	41	26529,25979,15692,0,0,0,0	61	75337
165103	1154	2315	1921	336	363	35	19	1	5563	543	1393	648	1994	49	120	7708	1117	5026	0,100,0,0,0,0	28041	302	777	66424	3703	21029	101061,101080,99644,46525,46525,46525,46525	4	43	26529,25979,16468,0,0,0,0	63	74996
164621	1158	2398	1962	356	361	39	18	2	5888	544	1399	640	1985	30	140	8037	1184	5108	0,100,0,0,0,0	27649	312	770	67094	3810	21301	101512,101530,100119,47153,47153,47153,47153	4	33	26529,25979,17233,0,0,0,0	70	74665
164229	1153	2415	1987	357	371	36	23	1	6225	544	1405	656	1969	50	94	8241	1203	5139	0,100,0,0,0,0	27196	320	730	67722	3915	21581	101924,101942,100562,47708,47708,47708,47708	4	36	26529,25979,17957,0,0,0,0	82	74365
163849	1140	2429	2061	365	394	46	17	3	6482	548	1412	632	2007	38	111	8485	1220	5232	0,100,0,0,0,0	27188	308	752	68376	4018	21852	102329,102346,100998,48275,48275,48275,48275	4	42	26529,25979,18702,0,0,0,0	85	74015
163430	1151	2503	2108	364	382	49	18	3	6772	549	1417	632	1949	54	142	8632	1232	5343	0,100,0,0,0,0	28282	300	786	69050	4134	22105	102768,102786,101470,48869,48869,48869,48869	4	42	26529,25979,19490,0,0,0,0	88	73680
162933	1277	2502	2190	371	396	56	18	4	7031	551	1417	622	2021	35	122	8443	1253	5557	0,100,0,0,0,0	19115	528	889	69806	4270	22587	103280,103298,102015,49535,49535,49535,49535	4	25	26529,25979,20380,0,0,0,0	94	73335
162440	1390	2566	2200	409	414	56	20	3	7278	551	1419	635	1948	41	142	8399	1296	5759	0,100,0,0,0,0	18985	528	927	70589	4421	23067	103876,103896,102650,50325,50325,50325,50325	4	43	26529,25979,21301,0,0,0,0	102	72978
162005	1376	2646	2253	429	436	57	26	4	7540	551	1423	661	1958	58	135	8316	1322	5901	0,100,0,0,0,0	18794	499	848	71322	4543	23507	104435,104454,103243,51070,51070,51070,51070	4	33	26529,25979,22145,0,0,0,0	103	72641
161534	1378	2754	2291	433	463	53	29	4	7832	552	1423	695	1992	57	142	8515	1359	6042	0,100,0,0,0,0	18833	524	914	72115	4671	23984	105025,105044,103870,51836,51836,51836,51836	5	43	26529,25979,23059,0,0,0,0	108	72281
161147	1400	2722	2383	469	483	53	32	4	8073	553	1427	658	1965	27	137	8519	1393	6149	0,100,0,0,0,0	27159	485	866	72882	4776	24432	105592,105608,104474,52570,52570,52570,52570	5	42	26529,25979,23919,0,0,0,0	114	71903
160731	1413	2746	2451	468	500	49	33	3	8363	557	1432	664	2012	48	142	8494	1384	6276	0,100,0,0,0,0	26886	512	880	73635	4911	24887	106139,106157,105061,53302,53302,53302,53302	5	39	26529,25979,24790,0,0,0,0	123	71522
160262	1484	2810	2441	464	482	57	37	3	8714	558	1434	633	2018	57	200	9019	1485	6290	0,100,0,0,0,0	19469	514	975	74470	5060	25348	106745,106765,105709,54094,54094,54094,54094	5	59	26529,25979,25760,0,0,0,0	130	71115
159751	1550	2922	2480	494	474	55	42	3	8977	560	1438	679	2005	52	156	9504	1556	6461	0,100,0,0,0,0	19813	669	1024	75344	5214	25949	107387,107408,106395,54919,54919,54919,54919	5	62	26529,25979,26778,0,0,0,0	134	70721
159303	1524	3056	2487	515	486	64	44	4	9258	561	1444	634	1935	43	156	9776	1590	6586	0,100,0,0,0,0	20037	691	986	76176	5378	26571	108053,108074,107106,55762,55762,55762,55762	5	40	26529,25979,27752,0,0,0,0	145	70360
158850	1513	3128	2574	533	486	70	41	4	9536	566	1445	612	1965	61	169	9897	1600	6745	0,100,0,0,0,0	19872	658	1007	77045	5522	27163	108748,108769,107845,56638,56638,56638,56638	5	51	26529,25979,28752,0,0,0,0	148	69972
158406	1562	3109	2686	527	528	73	37	5	9794	571	1448	597	2013	69	158	9983	1638	6884	0,100,0,0,0,0	20172	689	1038	77921	5687	27797	109437,109457,108582,57503,57503,57503,57503	6	43	26529,25979,29778,0,0,0,0	147	69572
158007	1549	3112	2752	499	533	68	40	5	10157	572	1452	583	1936	69	155	9926	1654	6899	0,100,0,0,0,0	28426	675	965	78749	5828	28402	110103,110123,109292,58341,58341,58341,58341	6	58	26529,25979,30731,0,0,0,0	151	69206
157719	1491	3165	2745	484	544	73	43	4	10448	576	1454	587	1965	69	167	10670	1706	6839	0,100,0,0,0,0	29104	717	912	79525	5970	29048	110703,110722,109941,59082,59082,59082,59082	6	54	26529,25979,31635,0,0,0,0	166	68846
157261	1566	3196	2780	494	541	66	42	4	10759	580	1457	573	1964	57	181	11202	1793	6892	0,100,0,0,0,0	21134	689	1042	80411	6135	29669	111408,111430,110693,59980,59980,59980,59980	6	48	26529,25979,32672,0,0,0,0	162	68428
156864	1650	3175	2813	501	541	71	36	4	11046	587	1458	559	1942	56	175	11608	1785	7002	0,100,0,0,0,0	21681	902	1038	81277	6314	30490	112105,112127,111442,60821,60821,60821,60821	6	44	26529,25979,33700,0,0,0,0	155	68057
156495	1623	3273	2861	508	539	68	30	4	11291	594	1460	569	2021	49	157	11891	1786	7116	0,100,0,0,0,0	21960	861	1060	82168	6488	31291	112859,112881,112251,61742,61742,61742,61742	6	46	26529,25979,34753,0,0,0,0	149	67655
156075	1611	3360	2908	526	544	72	34	5	11549	597	1465	557	1932	49	186	11671	1796	7259	0,100,0,0,0,0	22568	903	1080	83097	6652	32118	113622,113644,113067,62683,62683,62683,62683	6	49	26529,25979,35829,0,0,0,0	145	67219
155733	1626	3434	2915	549	547	72	32	4	11762	601	1471	555	1936	66	166	11691	1801	7374	0,100,0,0,0,0	22148	898	1083	84013	6827	32937	114371,114395,113874,63598,63598,63598,63598	7	52	26529,25979,36891,0,0,0,0	140	66780
155480	1607	3318	3039	578	569	79	29	5	11959	606	1477	560	1998	71	154	11719	1824	7395	0,100,0,0,0,0	29997	906	976	84825	6992	33776	115022,115048,114582,64408,64408,64408,64408	7	52	26529,25979,37857,0,0,0,0	136	66358
155339	1516	3271	3058	569	580	78	30	6	12213	608	1478	557	1979	70	193	12009	1889	7213	0,100,0,0,0,0	30099	940	889	85570	7141	34529	115627,115656,115245,65142,65142,65142,65142	7	49	26529,25979,38738,0,0,0,0	141	66016
155025	1478	3367	3030	578	592	76	30	5	12471	613	1481	554	1975	67	205	12915	1961	7190	0,100,0,0,0,0	23138	985	1060	86420	7355	35336	116333,116361,116010,65990,65990,65990,65990	6	37	26529,25979,39775,0,0,0,0	133	65669
154782	1533	3282	3094	582	606	73	27	5	12658	618	1486	560	1972	51	177	12493	1973	7224	0,100,0,0,0,0	22876	1746	1017	87273	7529	36890	117042,117071,116779,66809,66809,66809,66809	6	32	26529,25979,40791,0,0,0,0	132	65334
154548	1589	3200	3069	587	614	77	32	4	12919	619	1488	538	1909	52	197	12595	1988	7180	0,100,0,0,0,0	22727	1803	1013	88084	7736	38478	117921,117952,117718,67931,67931,67931,67931	6	49	26529,25979,41780,0,0,0,0	133	64997
154398	1530	3201	3008	575	603	83	35	5	13194	623	1491	533	1979	51	186	12454	1951	7084	0,100,0,0,0,0	22682	1761	952	88850	7926	40050	118744,118775,118602,68987,68987,68987,68987	6	51	26529,25979,42705,0,0,0,0	145	64642
154278	1452	3138	3032	580	613	83	34	4	13406	630	1496	518	2011	54	187	12285	1951	6981	0,100,0,0,0,0	22737	1674	902	89575	8108	41556	119544,119575,119462,69984,69984,69984,69984	6	35	26529,25979,43588,0,0,0,0	148	64332
154336	1397	3054	2991	585	599	79	37	4	13527	633	1504	524	1946	63	173	11831	1905	6837	0,100,0,0,0,0	30471	1719	818	90229	8274	43107	120245,120277,120228,70832,70832,70832,70832	6	54	26529,25979,44382,0,0,0,0	168	64031
154323	1353	2970	2949	582	596	77	47	3	13699	636	1511	536	1965	50	163	11297	1841	6733	0,99,0,0,0,0	30024	1612	824	90896	8456	44567	120987,121020,121029,71726,71726,71726,71726	6	41	26529,25979,45176,23,0,0,0	165	63724
154256	1358	2951	2912	541	583	87	53	2	13847	640	1516	536	1873	61	187	12010	1845	6640	0,99,0,0,0,0	22029	1732	894	91640	8632	46139	121757,121788,121861,72658,72658,72658,72658	6	44	26529,25979,46044,50,0,0,0	174	63360
154253	1413	2847	2844	527	581	97	49	3	13964	646	1522	514	1947	50	191	12408	1826	6532	0,98,1,0,0,0	22621	867	826	92293	8842	46822	122484,122517,122653,73535,73535,73535,73535	6	38	26529,25979,46837,93,0,0,0	180	63051
154293	1374	2885	2790	517	537	98	49	4	14023	648	1528	508	1995	63	189	11904	1756	6494	0,98,1,0,0,0	22356	885	823	92948	9048	47551	123005,123040,123240,74044,74044,74044,74044	6	46	26529,25979,47619,144,0,0,0	185	62743
154342	1338	2911	2744	501	519	98	47	4	14057	654	1531	484	1972	55	146	11831	1704	6454	0,97,2,0,0,0	22349	872	812	93613	9227	48262	123537,123571,123836,74558,74558,74558,74558	6	43	26529,25979,48386,192,0,0,0	176	62464
154366	1302	2851	2738	501	508	107	48	3	14130	658	1534	460	1976	59	142	11543	1656	6399	0,96,3,0,0,0	21869	881	792	94233	9433	48987	124034,124067,124392,75060,75060,75060,75060	6	46	26529,25979,49116,257,0,0,0	179	62178
154521	1213	2788	2719	465	501	97	46	4	14193	663	1536	452	1937	51	157	11447	1592	6237	0,96,3,0,0,0	29544	906	703	94784	9594	49728	124462,124496,124881,75465,75465,75465,75465	6	33	26529,25979,49755,300,0,0,0	180	61903
154687	1162	2643	2672	468	516	102	44	3	14243	668	1538	464	1953	43	146	11246	1548	6059	0,96,3,0,0,0	29700	830	700	95321	9764	50416	124895,124930,125376,75872,75872,75872,75872	6	34	26529,25979,50408,332,0,0,0	180	61636
154828	1170	2598	2630	462	493	100	40	5	14208	672	1540	480	1970	51	169	11075	1482	6011	0,95,4,0,0,0	21567	919	791	95920	9959	51180	125357,125394,125905,76290,76290,76290,76290	6	42	26529,25979,51098,402,0,0,0	166	61356
154980	1189	2501	2597	458	482	97	37	5	14179	680	1541	494	1988	43	160	11047	1478	5883	0,94,5,0,0,0	21150	730	776	96517	10141	51737	125841,125878,126453,76724,76723,76723,76723	6	44	26529,25979,51769,478,0,0,0	160	61069
155222	1149	2413	2598	461	480	96	37	5	14055	686	1544	495	1940	49	159	11170	1492	5742	0,94,5,0,0,0	21062	741	718	97039	10340	52310	126198,126231,126875,76987,76987,76987,76987	6	19	26529,25979,52380,563,0,0,0	142	60813
155357	1191	2367	2495	444	477	98	38	5	14039	689	1546	512	1953	45	142	10858	1441	5669	0,93,6,0,0,0	21617	733	772	97613	10545	52888	126607,126639,127346,77329,77328,77328,77328	6	36	26529,25979,53026,654,0,0,0	143	60535
155544	1184	2363	2396	415	479	94	38	7	13989	689	1548	517	1959	33	137	10369	1336	5633	0,92,7,0,0,0	20970	701	744	98171	10735	53430	126988,127022,127791,77639,77637,77637,77637	6	38	26529,25979,53655,743,0,0,0	159	60252
155877	1117	2292	2331	415	459	89	35	9	13878	694	1550	504	1917	43	151	9586	1292	5446	0,91,8,0,0,0	28510	783	610	98634	10887	54054	127285,127319,128149,77830,77827,77827,77827	5	39	26529,25979,54153,840,0,0,0	154	60011
156256	1050	2219	2283	417	437	83	38	7	13707	697	1552	502	1965	51	115	9812	1272	5255	0,91,8,0,0,0	28031	766	584	99076	11031	54666	127586,127620,128515,78018,78014,78014,78014	5	35	26529,25979,54635,919,0,0,0	135	59802
156477	1028	2220	2252	402	416	80	33	7	13574	702	1555	518	2029	49	143	10006	1295	5136	0,90,9,0,0,0	20192	720	699	99567	11240	55237	127923,127954,128909,78285,78281,78281,78281	5	29	26529,25979,55175,1049,0,0,0	130	59541
156746	1062	2085	2227	417	407	74	36	7	13424	704	1557	513	2048	37	124	9392	1252	5056	0,88,11,0,0,0	20001	447	617	100024	11408	55519	128235,128265,129278,78499,78494,78494,78494	5	27	26529,25979,55643,1171,0,0,0	121	59330
156987	1086	2038	2180	392	392	73	31	7	13290	709	1561	502	1926	34	145	9473	1256	4936	0,87,12,0,0,0	19865	405	660	100508	11588	55760	128469,128497,129569,78600,78592,78592,78592	5	38	26529,25979,56147,1302,0,0,0	120	59077
157297	1060	1966	2138	390	370	73	27	8	13141	714	1562	532	1942	29	126	9681	1212	4812	0,86,13,0,0,0	19901	358	593	100928	11763	56005	128664,128692,129821,78656,78648,78648,78648	5	19	26529,25979,56572,1448,0,0,0	119	58843
157569	1052	1986	2039	360	361	84	29	4	12981	716	1565	507	1942	25	113	9026	1120	4791	0,84,15,0,0,0	19801	247	632	101363	11965	56252	128869,128899,130085,78736,78726,78726,78726	4	26	26529,25979,57013,1624,0,0,0	126	58584
157903	974	1995	1994	329	325	82	26	5	12822	721	1570	503	1952	40	110	8450	1037	4688	0,83,16,0,0,0	27510	262	557	101744	12144	56514	129041,129074,130314,78767,78754,78754,78754	4	27	26529,25979,57399,1771,0,0,0	127	58378
158158	898	1992	2003	305	314	78	24	8	12672	723	1571	507	2052	45	110	8697	1013	4601	0,81,18,0,0,0	27458	243	571	102149	12313	56757	129241,129271,130562,78857,78841,78841,78841	4	31	26529,25979,57781,1937,0,0,0	125	58133
158419	964	1874	1993	296	320	77	21	11	12472	726	1573	496	1935	33	103	9084	1014	4531	0,80,19,0,0,0	19108	275	609	102569	12505	57032	129458,129490,130830,78963,78944,78944,78944	4	24	26529,25979,58159,2148,0,0,0	115	57884
158600	997	1846	1947	283	306	68	21	10	12362	728	1578	504	1982	26	105	8678	941	4527	0,78,21,0,0,0	19287	108	633	102989	12724	57140	129676,129709,131099,79102,79080,79080,79080	4	23	26529,25979,58552,2371,0,0,0	108	57624
158838	986	1837	1873	299	288	62	23	8	12224	728	1580	512	2028	31	86	8158	911	4457	0,76,23,0,0,0	28378	95	576	103368	12926	57235	129831,129864,131304,79135,79110,79110,79110	4	37	26529,25979,58882,2603,0,0,0	95	57389
159083	956	1831	1840	303	293	57	21	7	12040	731	1584	511	1973	43	89	7911	860	4441	0,73,26,0,0,0	27714	115	576	103750	13124	57350	129963,129997,131484,79150,79123,79123,79123	4	35	26529,25979,59188,2854,0,0,0	86	57137
159386	916	1714	1857	316	300	59	18	6	11852	734	1588	529	1963	43	98	7656	854	4326	0,72,27,0,0,0	26331	119	511	104091	13299	57469	130070,130106,131639,79120,79088,79088,79088	4	30	26529,25979,59470,3066,0,0,0	87	56942
159699	864	1666	1831	310	302	50	18	7	11672	735	1592	501	1891	35	100	7234	853	4188	0,70,29,0,0,0	26486	98	503	104403	13500	57567	130154,130192,131771,79085,79049,79049,79049	4	29	26529,25979,59723,3294,0,0,0	86	56745
159984	806	1653	1745	318	299	52	17	6	11534	736	1596	482	1904	39	103	7049	862	4028	0,68,31,0,0,0	25961	81	485	104713	13678	57648	130247,130284,131905,79060,79020,79020,79020	4	30	26529,25979,59941,3542,0,0,0	84	56563
160183	855	1579	1686	313	288	53	17	9	11427	738	1598	473	1990	45	123	6790	860	3931	0,65,34,0,0,0	26907	97	576	105045	13924	57745	130340,130378,132041,79066,79020,79020,79020	4	30	26529,25979,60184,3851,0,0,0	81	56351
160352	925	1575	1593	291	287	50	15	8	11309	740	1601	505	1962	34	102	6331	854	3882	0,62,37,0,0,0	26744	99	581	105409	14145	57844	130464,130503,132206,79110,79059,79059,79059	4	28	26529,25979,60427,4178,0,0,0	83	56121
160554	967	1532	1607	291	264	50	17	5	11115	740	1604	516	1936	30	87	6093	839	3889	0,59,40,0,0,0	26157	72	565	105752	14371	57916	130566,130604,132346,79136,79079,79079,79079	4	29	26529,25979,60622,4535,0,0,0	75	55901
160806	909	1579	1591	266	246	51	19	4	10924	741	1610	504	2035	37	79	5848	802	3859	0,55,44,0,0,0	26004	72	516	106050	14594	57988	130637,130679,132458,79117,79054,79054,79054	4	26	26529,25979,60793,4868,0,0,0	79	55707
160939	909	1582	1624	258	246	50	21	4	10752	745	1616	494	1946	30	68	5895	777	3913	0,52,47,0,0,0	25833	77	593	106404	14838	58065	130755,130798,132613,79185,79115,79115,79115	4	42	26529,25979,60989,5260,0,0,0	80	55477
161137	939	1518	1614	248	239	47	20	4	10616	746	1618	500	1968	41	89	6067	786	3839	0,49,50,0,0,0	24633	83	543	106715	15073	58148	130820,130863,132712,79201,79123,79123,79123	4	24	26529,25979,61114,5664,0,0,0	89	55260
161315	933	1553	1563	241	211	46	20	4	10491	749	1620	485	1941	32	64	5820	740	3827	0,45,54,0,0,0	24661	70	569	107034	15324	58218	130911,130954,132840,79237,79152,79152,79152	4	35	26529,25979,61270,6065,0,0,0	81	55059
161375	998	1577	1546	231	212	49	20	5	10359	751	1623	497	1944	37	88	5916	748	3885	0,42,57,0,0,0	16265	78	655	107379	15636	58296	131010,131054,132974,79340,79245,79245,79245	4	38	26529,25979,61415,6562,0,0,0	74	54820
161410	1044	1607	1554	226	206	46	18	6	10251	752	1626	485	2012	38	76	6073	720	3981	0,38,61,0,0,0	16236	302	653	107747	15921	58598	131134,131178,133128,79485,79381,79381,79381	4	29	26529,25979,61562,7053,0,0,0	77	54571
161364	1126	1679	1559	211	189	42	18	8	10171	752	1627	501	1855	32	65	5937	670	4154	0,35,64,0,0,0	16107	273	722	108143	16254	58871	131321,131365,133344,79735,79623,79623,79623	4	31	26529,25979,61687,7638,0,0,0	79	54298
161301	1270	1701	1635	205	190	41	18	7	9996	752	1630	490	1925	33	69	5877	652	4408	0,33,66,0,0,0	15932	267	792	108584	16606	59138	131519,131562,133569,80022,79899,79899,79899	4	37	26529,25979,61829,8273,0,0,0	79	53983
161180	1322	1809	1694	197	198	35	18	6	9903	754	1630	500	1841	32	60	5721	650	4623	0,30,69,0,0,0	15784	245	804	109023	16975	59383	131718,131761,133794,80325,80192,80192,80192	4	33	26529,25979,61957,8936,0,0,0	71	53682
161098	1309	1925	1756	196	193	35	19	6	9816	755	1638	478	1933	45	74	5448	637	4796	0,27,72,0,0,0	24317	253	764	109427	17338	59636	131885,131930,133991,80599,80455,80455,80455	4	38	26529,25979,62062,9585,0,0,0	73	53404
161015	1299	1989	1838	207	198	34	16	8	9746	757	1639	482	1996	51	66	5372	635	4946	0,25,74,0,0,0	24608	257	794	109834	17732	59893	132058,132102,134189,80889,80731,80731,80731	4	47	26529,25979,62169,10263,0,0,0	80	53113
160635	1478	2077	1914	212	230	33	17	9	9742	757	1642	455	1964	45	81	5480	687	5274	0,22,76,0,0,0	15949	278	1008	110388	18213	60171	132344,132388,134492,81388,81216,81216,81216	4	43	26529,25979,62279,11156,21,0,0	78	52729
160233	1682	2138	1983	235	226	34	15	10	9788	759	1643	489	2009	62	100	5890	722	5591	0,20,78,0,0,0	15561	366	1025	110911	18743	60537	132604,132651,134770,81871,81685,81685,81685	5	63	26529,25979,62370,12090,39,0,0	77	52354
159846	1718	2284	2074	242	219	29	18	10	9899	759	1648	485	1966	55	92	6050	767	5817	0,18,80,0,0,0	16077	342	1034	111422	19286	60879	132870,132913,135048,82375,82175,82175,82175	5	61	26529,25979,62466,13015,62,0,0	83	51985
159274	1913	2449	2225	233	222	32	20	8	9959	760	1651	485	1982	74	104	5834	816	6278	0,16,82,1,0,0	15843	376	1238	112044	19932	61255	133188,133232,135381,83012,82795,82795,82795	5	83	26529,25979,62575,14118,104,0,0	80	51533
158618	2148	2632	2330	241	235	29	19	10	10065	763	1656	491	1948	73	84	6203	865	6769	0,14,83,1,0,0	16172	326	1319	112715	20617	61581	133563,133604,135769,83720,83485,83485,83485	6	73	26529,25979,62678,15313,146,0,0	86	51071
158079	2133	2818	2513	255	229	25	17	9	10245	763	1660	505	1964	72	88	6026	883	7107	0,13,84,2,0,0	24647	348	1183	113302	21244	61929	133853,133894,136072,84322,84068,84068,84068	6	59	26529,25979,62748,16389,200,0,0	85	50646
157432	2139	3034	2642	268	255	25	14	9	10502	766	1660	498	2067	88	94	6469	957	7420	0,12,85,2,0,0	24926	332	1296	113939	21910	62261	134177,134220,136408,84994,84722,84722,84722	6	87	26529,25979,62830,17548,249,0,0	85	50182
156494	2422	3212	2754	292	273	22	12	8	10826	768	1663	486	1935	101	123	7083	1092	7895	0,10,86,3,0,0	16957	333	1600	114710	22748	62594	134609,134652,136845,85879,85586,85586,85586	7	64	26529,25979,62904,19007,308,0,0	76	49642
155559	2668	3321	2963	292	279	22	12	9	11188	769	1664	476	1904	77	104	7257	1129	8428	0,9,87,3,0,0	17335	363	1607	115445	23628	62957	135013,135053,137253,86757,86440,86440,86440	7	79	26529,25979,62968,20463,387,0,0	70	49101
154568	2813	3634	3134	306	297	23	11	9	11512	770	1669	478	1902	88	113	7285	1211	9007	0,8,87,3,0,0	17077	341	1742	116267	24559	63298	135455,135495,137703,87742,87397,87396,87396	8	91	26529,25979,63029,22078,448,0,0	71	48510
153474	2930	3939	3350	324	288	24	13	5	11953	770	1676	486	1946	88	146	7845	1319	9549	0,7,88,3,0,0	17876	352	1827	117071	25592	63650	135928,135973,138183,88788,88414,88413,88413	8	93	26529,25979,63078,23767,533,0,0	67	47948
152233	3212	4129	3612	341	291	24	14	5	12435	771	1679	485	2036	86	112	8125	1361	10262	0,6,89,4,0,0	18599	371	2021	118000	26694	64021	136455,136499,138707,89954,89551,89550,89550	9	88	26529,25979,63139,25624,633,0,0	71	47277
151272	3164	4265	3893	345	320	23	16	4	12994	771	1679	481	1980	108	126	8390	1344	10682	0,5,89,4,0,0	26732	345	1722	118776	27653	64366	136856,136902,139109,90925,90492,90490,90490	9	110	26529,25979,63186,27217,713,0,0	93	46719
150169	3092	4641	4056	348	334	24	17	3	13609	773	1680	483	1972	85	136	8536	1400	11112	0,5,90,4,0,0	26783	350	1946	119611	28776	64716	137284,137330,139537,91999,91530,91529,91529	10	105	26529,25979,63221,29022,807,0,0	81	46088
148626	3491	4736	4335	381	370	24	16	4	14301	775	1687	487	1955	140	138	9108	1465	11888	0,4,90,4,0,0	18995	359	2359	120637	30119	65075	137871,137920,140114,93405,92899,92896,92896	10	108	26529,25979,63270,31194,931,0,0	83	45344
147112	3853	4875	4595	366	370	23	19	4	15061	776	1692	502	1907	121	183	9611	1587	12514	0,4,90,4,0,0	19401	288	2366	121703	31440	65363	138461,138511,140700,94804,94260,94257,94257	11	112	26529,25979,63311,33346,1101,0,0	84	44562
145612	4019	5200	4840	386	390	26	19	6	15775	777	1696	487	1962	127	179	9958	1725	13155	0,3,91,5,0,0	19859	339	2467	122743	32877	65702	139018,139072,141249,96226,95636,95631,95631	11	124	26529,25979,63351,35597,1258,0,0	100	43803
143968	4248	5494	5072	409	388	28	17	8	16636	779	1699	467	1945	114	182	10317	1812	13844	0,3,91,5,0,0	20443	324	2582	123878	34342	66026	139674,139727,141892,97780,97148,97142,97142	12	104	26529,25979,63388,37963,1423,0,0	94	42988
142461	4345	5776	5318	420	413	31	15	7	17478	781	1701	496	1939	116	146	10936	1872	14446	0,2,91,5,0,0	20482	321	2553	124990	35797	66347	140255,140306,142458,99262,98579,98572,98572	12	140	26529,25979,63417,40285,1612,0,0	104	42165
141109	4225	5956	5534	450	448	30	12	8	18488	783	1703	519	1928	144	158	10839	1885	14770	0,2,91,6,0,0	29190	329	2375	126060	37117	66676	140788,140841,142988,100656,99924,99915,99915	13	138	26529,25979,63440,42427,1813,0,0	119	41359
139870	4036	6147	5910	451	479	31	11	9	19309	785	1708	515	2036	169	197	10581	2006	15059	0,2,91,6,0,0	29206	330	2392	127120	38463	67006	141283,141337,143480,102034,101244,101232,101232	13	113	26529,25979,63463,44600,1999,0,0	132	40574
138124	4429	6202	6194	477	483	35	12	11	20283	785	1711	489	1909	146	222	11826	2206	15626	0,2,90,6,0,0	21481	361	2926	128353	40177	67367	141909,141960,144085,103737,102884,102870,102870	14	162	26529,25979,63487,47244,2249,0,0	119	39647
136550	4762	6204	6441	474	499	35	14	11	21257	785	1714	529	1956	146	226	12401	2304	16125	0,1,90,7,0,0	22197	119	2857	129568	41836	67486	142498,142548,144656,105397,104475,104459,104459	15	164	26529,25979,63510,49796,2515,0,0	119	38735
134967	4839	6497	6420	508	500	43	14	9	22444	787	1718	497	1945	157	210	12919	2354	16467	0,1,90,8,0,0	22908	137	2876	130795	43503	67623	143075,143126,145217,107032,106044,106025,106025	15	152	26529,25979,63528,52340,2807,0,0	135	37817
133376	4933	6747	6521	532	535	46	16	9	23522	789	1720	501	1886	182	220	13322	2438	16892	0,1,89,8,0,0	23264	126	2927	132063	45176	67749	143669,143720,145798,108703,107647,107624,107624	16	159	26529,25979,63553,54901,3115,0,0	130	36877
131961	4920	6860	6745	533	562	43	14	8	24585	791	1724	497	2013	166	227	13523	2445	17232	0,1,89,9,0,0	23493	134	2822	133235	46846	67883	144221,144274,146335,110309,109178,109151,109151	16	137	26529,25979,63564,57395,3421,0,0	139	36029
130786	4631	6930	6954	549	542	49	16	8	25760	793	1728	498	1916	193	219	13827	2492	17179	0,1,89,9,0,0	31708	110	2583	134317	48366	67993	144650,144702,146750,111725,110521,110491,110491	16	149	26529,25979,63578,59639,3728,0,0	147	35212
129750	4433	6851	7092	529	560	47	16	7	26936	793	1732	521	1939	160	212	13901	2498	17030	0,1,88,10,0,0	31699	113	2539	135340	49897	68106	145048,145097,147131,113101,111817,111782,111782	17	146	26529,25979,63588,61812,4049,0,0	153	34449
128465	4576	6796	7131	569	584	53	16	9	28016	795	1736	505	1992	177	274	14254	2636	17089	0,1,88,10,0,0	24103	116	2837	136465	51631	68222	145524,145572,147585,114671,113308,113268,113268	17	159	26529,25979,63606,64250,4393,0,0	158	33612
127252	4790	6688	7191	572	566	42	19	10	29081	796	1739	514	1978	157	248	14917	2700	17168	0,1,87,11,0,0	24843	81	2895	137599	53409	68303	145965,146013,148009,116254,114808,114762,114762	18	153	26529,25979,63617,66667,4808,0,0	143	32746
126429	4618	6783	7160	553	587	39	25	12	30003	796	1741	500	1926	165	224	14708	2635	17130	0,0,86,12,0,0	25225	92	2596	138661	54959	68395	146303,146347,148336,117652,116118,116065,116065	18	116	26529,25979,63622,68816,5212,0,0	145	31924
125481	4496	6775	7230	548	575	32	30	13	31025	796	1745	506	1869	165	235	14861	2632	17054	0,0,86,12,0,0	24888	95	2672	139745	56566	68490	146665,146705,148684,119101,117480,117420,117420	18	160	26529,25979,63630,71013,5646,0,0	139	31074
124497	4622	6609	7314	556	568	36	31	15	31954	797	1747	502	1844	171	264	15058	2690	17046	0,0,85,13,0,0	25296	87	2765	140836	58253	68577	147058,147098,149061,120605,118892,118825,118825	18	157	26529,25979,63633,73229,6134,0,0	144	30259
124230	4359	6449	7288	556	563	37	33	17	32664	798	1752	492	1963	175	220	14990	2639	16646	0,0,84,14,0,0	32676	87	2286	141706	59684	68664	147209,147250,149207,121748,119937,119861,119861	18	148	26529,25979,63642,75041,6532,0,0	145	29598
123978	3915	6518	7140	571	549	35	33	17	33435	801	1754	495	1979	196	204	15062	2568	16193	0,0,84,14,0,0	33040	102	2272	142553	61116	68766	147358,147399,149351,122901,120985,120900,120900	18	142	26529,25979,63647,76877,6919,0,0	145	28954
123563	3903	6355	7081	588	526	36	33	18	34083	803	1757	509	1954	138	231	14555	2445	16077	0,0,83,15,0,0	25031	96	2448	143523	62609	68862	147567,147605,149549,124162,122146,122053,122053	18	147	26529,25979,63649,78787,7404,0,0	136	28198
123266	3938	6000	7010	593	556	41	28	20	34727	807	1760	497	1876	179	220	14754	2418	15748	0,0,82,17,0,0	24566	56	2337	144444	64039	68918	147759,147799,149734,125358,123243,123139,123139	18	127	26529,25979,63654,80523,7936,0,0	134	27497
123179	3816	5758	6910	572	552	44	30	19	35295	809	1762	481	1886	141	237	14836	2475	15207	0,0,81,18,0,0	24517	44	2144	145265	65374	68962	147876,147917,149843,126425,124212,124096,124096	18	113	26529,25979,63654,82147,8406,0,0	125	26861
123417	3547	5621	6678	545	549	40	29	20	35724	811	1765	517	2014	160	213	14417	2354	14655	0,0,80,18,0,0	24650	48	1989	146040	66598	69010	147924,147966,149892,127388,125067,124938,124938	17	115	26529,25979,63657,83636,8840,0,0	124	26277
123491	3457	5484	6395	523	526	41	29	23	36192	812	1773	508	2000	155	213	14093	2304	14151	0,0,79,20,0,0	24191	47	2085	146818	67921	69057	148012,148051,149977,128392,125966,125825,125825	17	115	26529,25979,63660,85119,9384,0,0	118	25708
123944	3203	5176	6259	483	521	40	27	22	36480	815	1776	487	1974	133	185	13472	2179	13530	0,0,78,21,0,0	31554	64	1721	147443	69028	69121	147966,147999,149930,129164,126639,126483,126483	17	101	26529,25979,63662,86329,9834,0,0	136	25214
124501	2957	4971	6058	488	490	44	26	25	36592	816	1778	468	1923	135	175	13162	2047	12987	0,0,77,22,0,0	31443	46	1721	148056	70152	69167	147878,147910,149843,129916,127287,127115,127115	16	105	26529,25979,63664,87545,10294,0,0	136	24722
124971	2937	4707	5879	462	465	49	24	23	36632	816	1781	506	1864	109	208	13011	2014	12509	0,0,75,23,0,0	23369	36	1786	148706	71301	69203	147821,147849,149791,130726,127992,127805,127805	16	82	26529,25979,63667,88772,10784,0,0	131	24209
125573	2887	4351	5670	446	430	54	23	22	36688	818	1784	489	1931	116	175	12547	1903	11958	0,0,74,24,0,0	22736	43	1598	149284	72329	69246	147733,147759,149707,131409,128575,128373,128373	15	92	26529,25979,63670,89827,11268,0,0	134	23757
126377	2705	4191	5411	416	401	54	23	18	36544	819	1787	473	1917	116	182	12557	1800	11401	0,0,73,26,0,0	22466	45	1525	149832	73319	69291	147609,147637,149593,132048,129111,128892,128892	15	84	26529,25979,63672,90788,11770,0,0	140	23343
127210	2532	4151	5043	392	368	52	25	16	36347	821	1789	461	1979	111	153	12353	1686	10877	0,0,71,27,0,0	22626	40	1450	150379	74229	69331	147455,147486,149448,132646,129613,129375,129375	14	89	26529,25979,63672,91673,12271,0,0	130	22923
128163	2379	4052	4794	376	336	44	21	17	35949	823	1792	491	1995	112	155	12051	1570	10432	0,0,70,29,0,0	22173	47	1426	150852	75192	69378	147260,147286,149262,133207,130070,129812,129812	13	83	26529,25979,63675,92548,12762,0,0	118	22561
129223	2263	3656	4762	363	331	42	20	20	35449	824	1793	490	1984	101	115	11304	1478	9959	0,0,69,30,0,0	29534	44	1245	151247	76049	69422	147021,147048,149029,133648,130415,130137,130137	13	80	26529,25979,63675,93291,13195,0,0	107	22251
130279	2052	3464	4488	349	325	37	14	23	35090	828	1797	488	1955	79	125	10744	1392	9337	0,0,67,31,0,0	29225	50	1122	151635	76791	69472	146781,146805,148800,134036,130707,130411,130411	12	56	26529,25979,63675,93925,13630,0,0	91	21945
131295	2029	3323	4200	315	300	31	11	22	34589	831	1800	515	1921	93	126	10351	1299	8910	0,0,66,33,0,0	20433	44	1275	152087	77618	69516	146581,146608,148610,134500,131076,130761,130761	12	64	26529,25979,63676,94635,14140,0,0	81	21588
132370	2047	3037	3992	298	277	34	12	17	34027	832	1803	511	1971	91	117	9764	1221	8476	0,0,64,35,0,0	20107	24	1104	152442	78378	69540	146339,146367,148384,134867,131354,131020,131020	11	63	26529,25979,63676,95175,14649,0,0	82	21310
133512	1896	2989	3756	287	252	30	11	19	33354	832	1808	507	1973	82	132	9344	1167	8054	0,0,62,37,0,0	19459	18	1087	152811	79104	69558	146110,146134,148164,135233,131630,131274,131274	10	52	26529,25979,63679,95724,15130,0,0	89	21026
134634	1803	2927	3569	259	218	27	13	16	32639	833	1808	518	2015	76	110	9053	1103	7713	0,0,60,39,0,0	19344	25	1047	153148	79822	69583	145872,145897,147940,135565,131881,131503,131503	10	56	26529,25979,63679,96229,15611,0,0	75	20771
135783	1716	2843	3394	232	213	26	13	15	31864	834	1813	529	1911	73	82	8679	1040	7397	0,0,59,40,0,0	18886	21	999	153476	80500	69604	145619,145644,147699,135877,132114,131713,131713	9	58	26529,25979,63679,96715,16065,0,0	78	20511
137121	1582	2616	3288	211	249	18	12	14	30983	835	1817	557	1915	61	80	7883	958	7018	0,0,57,42,0,0	27012	28	848	153745	81084	69632	145289,145314,147388,136087,132243,131818,131818	9	49	26529,25979,63679,97105,16469,0,0	66	20281
138465	1431	2444	3162	211	235	14	9	11	30106	837	1821	572	1947	63	97	7540	883	6623	0,0,55,44,0,0	26237	24	779	153996	81618	69656	144968,144994,147083,136268,132348,131898,131898	8	43	26529,25979,63680,97431,16887,0,0	68	20080
139387	1540	2314	3021	215	221	17	7	10	29351	839	1824	558	1981	54	99	6613	809	6526	0,0,53,46,0,0	17228	17	1029	154321	82332	69673	144759,144785,146887,136596,132612,132139,132139	8	45	26529,25979,63680,97831,17453,0,0	61	19821
140356	1675	2167	2827	214	205	17	6	9	28602	840	1828	595	1979	68	84	5889	701	6410	0,0,50,48,0,0	16414	8	985	154639	83006	69681	144539,144562,146676,136896,132845,132350,132350	7	50	26529,25979,63680,98205,18013,0,0	63	19559
141519	1566	2244	2652	206	213	13	6	7	27647	840	1833	595	2000	56	91	5204	631	6269	0,0,49,50,0,0	15783	11	881	154949	83585	69692	144297,144318,146453,137141,133020,132501,132501	7	50	26529,25979,63681,98544,18508,0,0	65	19327
142520	1552	2320	2500	197	185	14	8	5	26769	840	1836	588	1964	61	96	4608	568	6208	0,0,47,52,0,0	15051	4	932	155261	84209	69696	144080,144103,146249,137398,133219,132676,132676	7	54	26529,25979,63683,98872,19056,0,0	56	19083
143381	1632	2265	2482	193	202	13	7	6	25886	841	1838	550	1970	55	67	3901	510	6284	0,0,45,54,0,0	14486	11	963	155571	84872	69707	143890,143915,146072,137683,133446,132880,132880	7	51	26529,25979,63683,99206,19640,0,0	58	18842
144412	1499	2201	2493	197	188	11	10	6	25045	841	1843	542	2029	62	96	3009	487	6112	0,0,43,56,0,0	22485	6	755	155840	85363	69713	143650,143674,145844,137881,133588,132997,132997	6	48	26529,25979,63683,99469,20107,0,0	60	18632
145424	1335	2211	2474	191	181	11	7	8	24214	841	1849	546	1944	47	81	2303	452	5958	0,0,42,57,0,0	21803	8	748	156083	85875	69721	143420,143442,145625,138055,133715,133096,133096	6	57	26529,25979,63684,99711,20578,0,0	50	18440
146221	1447	2173	2385	175	165	10	8	7	23462	842	1851	545	1995	68	79	1872	410	5953	0,0,39,59,0,0	12230	9	937	156382	86520	69730	143244,143268,145459,138320,133933,133289,133289	6	47	26529,25979,63684,99970,21207,0,0	33	18204
147011	1537	2079	2386	162	167	10	10	6	22678	843	1857	558	1952	54	77	1421	392	5959	0,0,38,61,0,0	11818	24	898	156681	87125	69754	143064,143088,145289,138579,134149,133479,133479	5	47	26529,25979,63684,100226,21799,0,0	34	17967
147816	1488	2068	2435	156	169	9	8	7	21888	844	1858	555	1924	62	75	1257	363	5970	0,0,36,63,0,0	11395	22	855	156932	87737	69776	142864,142888,145100,138789,134321,133624,133624	5	40	26529,25979,63685,100422,22416,0,0	38	17765
148484	1456	2139	2375	174	172	10	6	7	21216	845	1862	551	1940	57	78	1225	364	5968	0,0,34,65,0,0	11163	21	874	157200	88348	69797	142713,142739,144959,139024,134522,133799,133799	5	40	26529,25979,63686,100624,23048,0,0	38	17564
149080	1501	2180	2282	181	177	12	6	8	20608	845	1866	519	1912	61	76	1215	364	5975	0,0,32,67,0,0	11379	20	929	157495	88988	69817	142595,142618,144847,139314,134785,134033,134033	5	41	26529,25979,63687,100861,23712,0,0	34	17349
149811	1445	2124	2365	178	173	16	6	9	19904	845	1870	535	2019	64	72	1192	355	5952	0,0,30,69,0,0	20533	18	823	157729	89583	69835	142404,142425,144667,139516,134961,134177,134177	4	46	26529,25979,63687,101039,24319,0,0	47	17154
150508	1356	2143	2349	173	171	18	7	9	19294	845	1873	560	1992	53	76	1165	387	5830	0,0,29,70,0,0	20476	18	751	157957	90108	69853	142227,142251,144505,139689,135106,134293,134293	4	52	26529,25979,63687,101210,24862,0,0	52	16967
151156	1369	2095	2363	181	175	20	7	10	18648	846	1876	575	2030	43	67	1155	379	5831	0,0,28,71,0,0	11289	14	881	158210	90746	69867	142071,142093,144358,139919,135313,134469,134469	4	37	26529,25979,63688,101376,25534,0,0	54	16781
151649	1493	2029	2314	190	183	14	7	9	18132	846	1880	591	1967	55	96	1142	376	5854	0,0,26,73,0,0	11182	0	903	158496	91370	69867	141953,141976,144247,140178,135557,134682,134682	4	43	26529,25979,63688,101544,26236,0,0	48	16558
152032	1545	2085	2240	187	188	15	9	7	17708	846	1884	586	1979	67	87	1148	385	5884	0,0,24,75,0,0	11197	0	948	158781	92036	69867	141847,141868,144147,140436,135808,134903,134903	4	50	26529,25979,63688,101697,26983,0,0	54	16327
152472	1543	2112	2220	184	164	21	9	7	17281	847	1886	609	1946	60	88	1162	402	5851	0,0,23,76,0,0	11221	0	868	159046	92646	69867	141740,141761,144046,140684,136043,135108,135108	4	45	26529,25979,63688,101837,27676,0,0	53	16120
152959	1501	2092	2296	180	159	22	8	9	16783	848	1889	627	1945	48	64	1149	381	5877	0,0,21,78,0,0	11196	0	852	159310	93237	69867	141613,141635,143926,140906,136251,135285,135285	4	43	26529,25979,63688,101955,28357,0,0	54	15912
153503	1363	2114	2304	178	158	19	9	9	16347	849	1893	621	2005	56	59	1131	370	5775	0,0,20,78,0,0	20564	0	733	159522	93762	69867	141464,141486,143788,141060,136398,135400,135400	4	39	26529,25979,63688,102057,28954,0,0	63	15742
153967	1277	2133	2287	163	169	17	9	9	15970	851	1894	637	2042	60	69	1121	368	5687	0,0,19,80,0,0	20407	0	765	159732	94327	69867	141324,141345,143654,141236,136565,135537,135537	4	49	26529,25979,63689,102146,29605,0,0	65	15568
154223	1386	2066	2282	163	163	13	10	8	15684	851	1897	636	1949	49	78	1134	369	5714	0,0,17,81,0,0	11245	0	895	159978	94981	69867	141251,141274,143586,141472,136807,135746,135746	4	46	26529,25979,63689,102242,30369,0,0	62	15373
154493	1449	2021	2233	159	162	10	8	10	15449	851	1901	633	2005	51	85	1126	358	5684	0,0,16,83,0,0	11169	0	867	160222	95607	69867	141170,141189,143507,141704,137046,135953,135953	4	48	26529,25979,63689,102341,31106,0,0	64	15171
154802	1381	2061	2236	171	167	10	9	10	15142	851	1906	598	1907	56	78	1132	365	5670	0,0,15,84,0,0	11202	0	824	160448	96209	69867	141093,141111,143434,141912,137264,136133,136133	4	52	26529,25979,63689,102410,31831,0,0	52	14996
155123	1352	2019	2279	175	157	10	9	10	14854	851	1907	601	1963	49	80	1142	373	5628	0,0,14,85,0,0	11138	0	805	160687	96781	69867	141002,141023,143349,142102,137468,136299,136299	4	52	26529,25979,63689,102483,32526,0,0	61	14801
155365	1368	1994	2277	166	154	10	9	10	14633	852	1908	610	2017	61	70	1108	370	5608	0,0,13,86,0,0	11211	0	836	160900	97408	69867	140914,140936,143266,142299,137677,136474,136474	4	48	26529,25979,63689,102563,33240,0,0	60	14634
155804	1266	1945	2268	159	148	8	9	9	14368	852	1910	612	1921	56	66	1087	356	5447	0,0,12,87,0,0	20510	0	669	161073	97910	69867	140779,140803,143141,142417,137802,136565,136565	4	47	26529,25979,63689,102613,33834,0,0	58	14480
156211	1145	1889	2259	173	140	7	7	12	14136	852	1915	633	2023	67	66	1069	354	5266	0,0,11,88,0,0	20316	0	676	161231	98436	69867	140658,140682,143027,142546,137946,136672,136672	4	47	26529,25979,63689,102665,34442,0,0	61	14348
156421	1221	1799	2207	166	157	8	6	12	13977	854	1918	620	1915	62	76	1086	368	5196	0,0,10,89,0,0	11339	0	766	161423	99015	69867	140590,140614,142962,142719,138131,136825,136825	4	42	26529,25979,63689,102716,35130,0,0	57	14202
156669	1261	1773	2108	155	158	5	7	12	13821	854	1923	636	1964	58	78	1111	375	5092	0,0,9,90,0,0	11245	0	747	161623	99566	69867	140512,140535,142888,142891,138321,136979,136979	4	30	26529,25979,63689,102754,35811,0,0	52	14047
157024	1182	1767	2064	143	153	9	6	11	13602	855	1930	648	1942	39	68	1107	373	4951	0,0,8,91,0,0	11216	0	669	161789	100069	69867	140375,140398,142755,143003,138450,137070,137070	4	41	26529,25979,63689,102787,36401,0,0	44	13899
157302	1146	1769	2026	139	159	12	7	9	13387	855	1935	608	1891	38	63	1086	352	4906	0,0,7,92,0,0	11310	0	699	161957	100603	69867	140277,140300,142662,143139,138605,137188,137188	4	31	26529,25979,63689,102818,37039,0,0	49	13762
157548	1201	1665	2017	123	178	13	4	10	13190	857	1940	586	2000	45	64	1054	346	4855	0,0,7,92,0,0	11147	0	702	162116	101152	69867	140177,140199,142564,143266,138759,137304,137304	4	27	26529,25979,63689,102849,37680,0,0	50	13632
157961	1092	1599	2022	115	157	12	5	9	12969	857	1948	587	1970	43	70	1036	329	4673	0,0,6,93,0,0	20330	0	544	162244	101573	69867	140042,140065,142437,143346,138858,137363,137363	3	28	26529,25979,63689,102862,38186,0,0	44	13527
158385	942	1669	1885	111	159	12	6	8	12761	858	1950	585	1989	41	63	998	316	4468	0,0,6,93,0,0	20167	0	534	162383	101970	69867	139908,139931,142306,143424,138957,137422,137422	3	45	26529,25979,63689,102880,38677,0,0	45	13407
158605	997	1568	1859	99	157	12	7	7	12624	858	1953	620	1976	44	56	979	300	4399	0,0,5,94,0,0	11076	0	637	162550	102445	69867	139818,139842,142223,143553,139110,137538,137538	3	25	26529,25979,63689,102906,39267,0,0	38	13274
158887	999	1468	1770	112	146	14	7	7	12522	858	1956	628	1982	27	63	959	290	4226	0,0,5,94,0,0	11060	0	554	162687	102864	69867	139708,139732,142118,143642,139221,137613,137613	3	28	26529,25979,63689,102921,39780,0,0	33	13160
159256	941	1476	1672	120	124	13	5	5	12315	861	1958	652	1968	40	63	939	266	4085	0,0,4,95,0,0	11096	0	548	162814	103287	69867	139586,139612,142002,143706,139309,137662,137662	3	23	26529,25979,63689,102936,40285,0,0	35	13055
159569	927	1430	1640	130	129	14	6	5	12073	861	1962	672	2121	34	58	914	268	4008	0,0,4,95,0,0	11157	0	548	162948	103706	69867	139483,139507,141903,143781,139412,137727,137727	3	29	26529,25979,63689,102950,40794,0,0	37	12958
159866	900	1385	1580	130	129	11	7	5	11904	862	1967	687	1952	31	66	890	269	3873	0,0,4,95,0,0	11017	0	521	163096	104082	69867	139377,139401,141802,143866,139519,137797,137797	3	31	26529,25979,63689,102975,41262,0,0	31	12841
160289	765	1333	1565	127	119	10	5	5	11695	863	1970	675	1983	35	46	849	252	3672	0,0,4,95,0,0	20327	0	390	163188	104383	69867	139226,139251,141658,143881,139556,137796,137796	3	35	26529,25979,63689,102992,41613,0,0	34	12756
160690	647	1260	1552	108	121	9	6	5	11512	863	1973	690	2009	32	52	843	242	3461	0,0,3,96,0,0	20257	0	374	163273	104674	69867	139088,139114,141528,143887,139587,137788,137788	2	19	26529,25979,63689,102996,41966,0,0	30	12688
161070	669	1145	1520	99	121	11	7	6	11256	863	1979	707	1958	46	55	824	239	3333	0,0,3,96,0,0	10955	0	434	163373	105012	69867	138944,138971,141392,143903,139632,137792,137792	2	18	26529,25979,63689,103006,42368,0,0	28	12609
161436	688	1060	1433	95	104	14	4	8	11058	863	1983	679	2004	30	50	813	236	3162	0,0,3,96,0,0	11024	0	406	163473	105323	69867	138818,138844,141268,143925,139683,137805,137805	2	17	26529,25979,63689,103014,42745,0,0	26	12528
161814	630	1025	1375	95	79	15	4	7	10851	864	1987	686	1903	27	34	778	222	3001	0,0,3,96,0,0	10911	0	357	163552	105602	69867	138665,138693,141121,143917,139703,137788,137788	2	24	26529,25979,63689,103018,43075,0,0	34	12457
162184	592	995	1311	84	73	12	3	7	10632	865	1988	700	1998	26	31	745	206	2864	0,0,2,97,0,0	10890	0	358	163635	105878	69867	138529,138555,140992,143912,139725,137773,137773	2	22	26529,25979,63689,103027,43396,0,0	27	12393
162569	584	939	1216	87	76	9	3	8	10397	865	1993	692	2026	26	28	697	190	2724	0,0,2,97,0,0	10788	0	335	163715	106144	69867	138388,138413,140856,143902,139739,137750,137750	2	16	26529,25979,63689,103033,43714,7,0	28	12325
163034	522	883	1149	83	80	8	4	5	10119	865	1994	686	1982	32	32	666	174	2555	0,0,2,97,0,0	20137	0	271	163772	106362	69867	138229,138255,140707,143867,139729,137701,137701	2	16	26529,25979,63689,103036,43970,9,0	28	12276
163500	430	835	1082	79	70	8	5	5	9869	865	1998	649	1840	17	31	633	162	2347	0,0,2,97,0,0	20071	0	233	163830	106543	69867	138077,138101,140562,143827,139712,137647,137647	2	12	26529,25979,63689,103039,44183,13,0	30	12227
163892	424	757	1015	81	69	7	4	5	9625	866	2001	680	1983	14	42	587	162	2195	0,0,2,96,0,0	10708	0	260	163882	106760	69867	137925,137947,140414,143789,139699,137599,137599	1	6	26529,25979,63689,103042,44424,22,0	24	12188
164299	450	657	952	82	53	5	6	5	9368	866	2003	679	1959	17	31	559	144	2061	0,0,1,97,1,0	10756	0	261	163948	106959	69867	137776,137801,140273,143759,139692,137556,137556	1	13	26529,25979,63689,103046,44673,26,0	19	12133
164768	425	635	861	76	51	4	6	4	9042	866	2008	678	2009	19	21	515	123	1935	0,0,1,96,1,0	10712	0	210	163998	107126	69867	137620,137646,140125,143704,139661,137488,137488	1	8	26529,25979,63689,103049,44865,35,0	26	12095
165243	341	634	801	68	55	5	3	5	8709	867	2015	690	2028	14	20	474	125	1782	0,0,1,96,2,0	10484	0	173	164034	107267	69867	137454,137479,139966,143630,139609,137401,137401	1	7	26529,25979,63689,103051,45015,42,0	16	12066
165667	322	604	746	67	61	4	4	4	8378	867	2022	719	1969	18	21	434	124	1684	0,0,1,95,2,0	10562	0	190	164081	107420	69867	137296,137322,139816,143569,139571,137329,137329	1	2	26529,25979,63689,103054,45191,51,0	19	12029
166078	317	520	722	69	59	3	5	3	8074	867	2029	719	1949	7	33	421	126	1569	0,0,1,95,3,0	19709	0	160	164118	107544	69867	137147,137172,139673,143501,139524,137251,137251	1	10	26529,25979,63689,103055,45336,58,0	21	12000
166562	253	462	703	57	53	2	5	3	7747	867	2032	689	1967	11	31	413	116	1419	0,0,1,95,3,0	19785	0	119	164141	107645	69867	136977,137002,139511,143416,139459,137151,137151	1	12	26529,25979,63689,103056,45446,66,0	17	11984
166978	228	452	646	43	45	0	5	3	7443	867	2036	685	1812	6	23	391	99	1320	0,0,1,94,4,0	10489	0	144	164172	107766	69867	136808,136834,139348,143340,139404,137064,137064	1	6	26529,25979,63689,103056,45582,79,0	15	11956
167444	223	392	575	39	36	2	4	4	7117	868	2042	675	2011	13	16	365	89	1182	0,0,1,94,4,0	10531	0	124	164199	107865	69867	136639,136663,139187,143250,139333,136960,136960	0	5	26529,25979,63689,103056,45692,87,0	15	11936
167872	209	341	550	30	34	5	2	6	6786	868	2043	669	1897	8	8	337	85	1086	0,0,1,93,5,0	10361	0	111	164226	107952	69867	136484,136509,139040,143166,139268,136864,136864	0	6	26529,25979,63689,103057,45793,97,0	13	11913
168297	177	326	485	20	33	5	2	5	6483	868	2045	656	2029	8	17	309	73	975	0,0,1,92,6,0	10344	0	85	164242	108025	69867	136318,136345,138881,143067,139186,136753,136753	0	5	26529,25979,63689,103060,45861,107,0	14	11902
168698	165	287	436	22	39	5	2	5	6171	868	2048	657	1772	4	9	279	69	887	0,0,1,91,7,0	10416	0	90	164265	108098	69867	136155,136179,138724,142971,139110,136649,136648	0	5	26529,25979,63689,103061,45937,121,0	12	11884
169065	154	260	382	20	33	3	3	5	5898	868	2055	636	1820	5	10	254	58	797	0,0,1,89,8,0	19560	0	72	164284	108155	69867	136009,136033,138586,142884,139038,136553,136552	0	6	26529,25979,63689,103061,45992,137,0	13	11867
169455	135	241	354	20	39	2	3	4	5567	868	2058	619	1954	10	11	235	58	736	0,0,1,89,9,0	19495	0	71	164296	108219	69867	135849,135874,138434,142789,138959,136447,136446	0	4	26529,25979,63689,103062,46053,146,0	13	11857
169797	120	234	331	18	32	1	1	5	5277	869	2061	618	2007	5	19	229	56	681	0,0,0,88,10,0	10349	0	65	164314	108271	69867	135696,135721,138287,142693,138877,136341,136340	0	5	26529,25979,63689,103062,46107,155,0	8	11843
170134	128	200	294	18	31	1	1	3	5003	869	2064	624	1936	7	12	205	51	622	0,0,0,86,13,0	10344	0	69	164324	108334	69867	135543,135566,138139,142594,138793,136233,136232	0	2	26529,25979,63689,103062,46157,172,0	5	11835
170447	127	190	274	20	26	1	2	3	4723	869	2064	620	1812	5	13	185	51	589	0,0,0,85,13,0	10329	0	71	164334	108402	69867	135394,135418,137996,142501,138714,136133,136132	0	4	26529,25979,63689,103062,46218,185,0	11	11826
170751	109	173	249	13	24	2	3	3	4485	869	2065	646	1910	4	8	165	42	531	0,0,0,83,15,0	10104	0	47	164342	108446	69867	135250,135274,137858,142404,138629,136027,136026	0	0	26529,25979,63689,103062,46252,200,0	10	11820
171009	104	173	219	9	23	1	2	4	4264	869	2069	632	1961	2	8	154	38	493	0,0,0,82,17,0	10237	0	58	164353	108496	69867	135120,135143,137733,142307,138545,135924,135922	0	2	26529,25979,63689,103062,46294,216,0	9	11811
171310	98	156	212	10	16	1	1	4	3997	869	2072	649	2052	3	5	147	29	465	0,0,0,80,19,0	19475	0	46	164363	108537	69867	134984,135007,137602,142213,138464,135822,135821	0	0	26529,25979,63689,103062,46330,228,0	8	11802
171614	79	151	200	10	11	0	0	4	3732	869	2076	618	1831	3	5	130	27	424	0,0,0,78,20,0	19572	0	37	164367	108574	69867	134844,134868,137468,142119,138381,135719,135717	0	5	26529,25979,63689,103063,46358,239,0	5	11798
171885	67	140	180	12	10	0	1	4	3500	869	2078	631	1748	3	4	123	26	384	0,0,0,76,22,0	10108	0	33	164376	108600	69867	134699,134723,137327,142016,138290,135610,135608	0	1	26529,25979,63689,103064,46381,250,0	2	11793
172089	94	134	163	14	10	1	2	3	3285	869	2082	644	1943	2	7	119	27	391	0,0,0,74,24,0	10063	0	76	164393	108663	69867	134576,134601,137208,141933,138219,135523,135520	0	6	26529,25979,63689,103064,46437,272,0	3	11779
172260	125	126	159	15	12	1	2	3	3090	869	2084	650	1852	1	6	112	27	413	0,0,0,71,27,0	10058	0	74	164412	108727	69867	134466,134491,137102,141861,138157,135446,135443	0	3	26529,25979,63689,103064,46488,300,0	5	11762
172447	133	145	134	15	11	0	2	1	2904	869	2085	661	1803	7	3	92	20	420	0,0,0,70,29,0	10371	0	70	164435	108779	69867	134344,134368,136984,141785,138092,135366,135362	0	5	26529,25979,63689,103064,46533,327,0	5	11743
172599	127	168	127	10	12	0	2	1	2744	869	2087	642	1788	3	8	86	25	421	0,0,0,68,30,0	10224	0	60	164449	108831	69867	134239,134263,136882,141703,138020,135281,135278	0	2	26529,25979,63689,103064,46574,350,0	4	11735
172752	121	188	145	12	13	0	2	0	2556	869	2088	642	1906	6	6	79	29	452	0,0,0,66,33,0	19491	0	76	164464	108897	69867	134135,134160,136781,141633,137959,135207,135203	0	4	26529,25979,63689,103064,46615,386,0	4	11723
172851	147	180	167	8	10	0	2	0	2418	869	2094	688	1947	3	3	80	23	491	0,0,0,62,37,0	19536	0	95	164492	108971	69867	134048,134073,136697,141580,137915,135152,135147	0	8	26529,25979,63689,103064,46665,436,0	4	11698
172938	177	190	176	5	15	0	1	2	2279	869	2094	676	1994	6	6	77	24	540	0,0,0,59,40,0	10191	0	99	164514	109056	69867	133951,133976,136602,141522,137864,135091,135086	0	7	26529,25979,63689,103064,46709,490,0	5	11679
173023	166	203	191	7	17	0	0	2	2162	869	2106	675	1975	9	10	85	34	550	0,0,0,57,42,0	10170	0	77	164527	109123	69867	133854,133879,136506,141453,137801,135020,135014	0	2	26529,25979,63689,103064,46747,527,0	4	11668
173102	173	231	204	5	13	0	0	2	2036	869	2111	670	1778	3	3	88	34	592	0,0,0,56,43,0	10037	0	104	164553	109206	69867	133766,133791,136419,141397,137752,134962,134955	0	6	26529,25979,63689,103064,46798,579,0	4	11652
173138	189	254	216	7	11	0	0	2	1941	869	2119	696	1817	4	2	86	30	647	0,0,0,52,47,0	10157	0	121	164572	109312	69867	133679,133704,136332,141342,137705,134907,134900	0	7	26529,25979,63689,103064,46842,658,0	5	11636
173166	203	276	241	15	10	0	0	2	1841	869	2123	667	1883	4	3	81	28	717	0,0,0,49,50,0	10279	0	131	164604	109419	69867	133599,133623,136253,141294,137666,134860,134852	0	7	26529,25979,63689,103064,46896,739,0	3	11610
173205	217	260	253	20	19	0	0	2	1772	869	2129	629	2043	9	6	83	32	737	0,0,0,47,52,0	19531	0	105	164616	109517	69867	133517,133542,136171,141237,137616,134804,134795	0	5	26529,25979,63689,103064,46931,809,0	5	11599
173248	186	289	256	18	24	1	0	2	1719	869	2134	654	1772	2	13	98	40	734	0,0,0,45,54,0	19430	0	95	164636	109598	69867	133436,133460,136091,141184,137569,134750,134740	0	7	26529,25979,63689,103064,46966,871,0	6	11582
173230	205	318	264	20	19	1	0	2	1681	869	2137	662	1947	9	12	100	35	792	0,0,0,43,56,0	10159	0	151	164677	109716	69867	133368,133392,136023,141150,137542,134719,134708	0	6	26529,25979,63689,103064,47015,978,0	2	11545
173205	257	320	282	17	24	1	0	2	1630	869	2139	633	1818	9	5	102	39	862	0,0,0,40,59,0	10172	0	165	164718	109846	69867	133307,133330,135962,141122,137522,134692,134680	0	10	26529,25979,63689,103064,47066,1092,0	3	11514
173171	279	333	316	18	23	1	0	2	1590	869	2144	631	1872	10	12	111	41	929	0,0,0,37,62,0	10150	0	174	164756	109990	69867	133246,133271,135901,141096,137504,134670,134657	0	7	26529,25979,63689,103064,47120,1213,0	1	11485
173106	300	382	323	19	20	1	0	2	1578	869	2146	659	1967	8	11	118	44	1001	0,0,0,35,64,0	10202	0	183	164797	110136	69867	133194,133220,135847,141082,137496,134658,134643	0	14	26529,25979,63689,103064,47182,1336,0	4	11453
173047	319	392	352	20	24	1	0	2	1572	869	2148	662	1971	9	9	121	48	1060	0,0,0,34,65,0	10141	0	182	164828	110290	69867	133126,133152,135777,141048,137469,134629,134612	0	11	26529,25979,63689,103064,47237,1461,0	4	11425
172992	294	421	372	30	25	1	0	1	1589	869	2152	657	1979	3	8	127	47	1096	0,0,0,33,66,0	19578	0	164	164858	110426	69867	133074,133099,135723,141025,137451,134609,134590	0	4	26529,25979,63689,103064,47288,1570,0	4	11399
172917	277	483	373	29	26	1	0	1	1615	869	2155	665	1981	16	15	135	46	1143	0,0,0,33,66,0	19496	0	185	164887	110585	69867	133025,133051,135673,141009,137441,134597,134577	0	6	26529,25979,63689,103064,47336,1703,0	5	11377
172830	299	497	397	28	31	1	0	1	1634	869	2159	662	1942	9	18	161	63	1190	0,0,0,32,67,0	10286	0	201	164926	110750	69867	132970,132997,135616,140992,137431,134585,134562	0	11	26529,25979,63689,103064,47393,1849,0	4	11346
172712	354	485	461	25	36	0	0	1	1640	869	2163	687	1886	11	11	163	61	1300	0,0,0,31,68,0	10170	0	237	164974	110943	69867	132926,132953,135569,140997,137443,134596,134571	0	11	26529,25979,63689,103064,47460,2018,0	4	11307
172564	408	487	501	34	38	0	0	1	1676	869	2168	709	2009	12	18	170	70	1398	0,0,0,31,68,0	10329	0	258	165031	111151	69867	132893,132920,135534,141017,137468,134623,134594	0	19	26529,25979,63689,103064,47526,2204,0	3	11255
172412	455	530	516	33	34	0	0	1	1723	869	2173	689	1922	13	16	183	69	1499	0,0,0,30,69,0	10272	0	277	165085	111381	69867	132861,132886,135498,141037,137495,134650,134619	0	8	26529,25979,63689,103064,47589,2417,0	4	11209
172257	489	592	520	31	27	0	0	1	1785	869	2175	677	1945	14	12	197	74	1585	0,0,0,27,72,0	10353	0	289	165149	111611	69867	132837,132861,135471,141061,137525,134682,134647	1	11	26529,25979,63689,103064,47646,2650,0	4	11154
172072	494	655	558	23	25	0	1	0	1867	869	2182	695	1973	13	9	193	70	1686	0,0,0,26,73,0	19454	0	281	165223	111824	69867	132826,132849,135455,141101,137572,134729,134692	1	16	26529,25979,63689,103064,47702,2876,0	7	11094
171908	456	691	633	29	29	2	0	0	1938	870	2190	691	1812	8	14	205	72	1768	0,0,0,25,74,0	19769	0	270	165278	112047	69867	132805,132827,135431,141122,137599,134760,134719	1	18	26529,25979,63689,103064,47757,3097,0	7	11048
171662	515	713	673	43	31	2	1	0	2044	870	2192	677	1994	14	17	210	76	1902	0,0,0,23,76,0	10301	0	358	165348	112340	69867	132798,132818,135418,141177,137662,134824,134781	1	16	26529,25979,63689,103064,47819,3392,0	10	10990
171394	615	721	701	51	36	2	2	0	2156	870	2198	683	2015	24	15	219	82	2046	0,0,0,21,78,0	10276	0	381	165423	112653	69867	132804,132823,135419,141241,137734,134900,134853	1	19	26529,25979,63689,103064,47881,3707,0	14	10927
171128	649	784	721	56	41	2	1	1	2291	870	2202	683	1941	22	23	239	95	2159	0,0,0,20,79,0	10360	0	397	165494	112981	69867	132804,132824,135414,141304,137806,134975,134924	1	15	26529,25979,63689,103064,47945,4028,0	16	10867
170866	698	856	759	48	43	3	2	1	2398	870	2202	689	1985	26	21	256	102	2307	0,0,0,19,80,0	10380	0	402	165572	113315	69867	132805,132825,135411,141373,137882,135056,135000	1	16	26529,25979,63689,103064,48011,4370,0	20	10806
170559	718	948	824	47	46	3	2	1	2522	870	2206	677	2006	17	18	278	109	2479	0,0,0,18,81,0	10512	0	448	165655	113687	69867	132821,132842,135423,141454,137972,135153,135091	1	20	26529,25979,63689,103064,48075,4751,0	24	10737
170307	713	1015	888	50	54	4	2	1	2630	870	2212	663	2038	19	31	290	127	2599	0,0,0,18,81,0	19646	0	423	165745	114022	69867	132825,132847,135423,141543,138071,135256,135188	1	23	26529,25979,63689,103064,48133,5106,0	18	10660
170023	717	1067	961	60	58	4	3	1	2764	870	2218	664	1953	21	18	298	125	2745	0,0,0,17,82,0	19735	0	452	165831	114396	69867	132849,132872,135442,141636,138172,135364,135290	1	23	26529,25979,63689,103064,48193,5501,0	22	10588
169623	861	1090	998	61	73	5	3	1	2937	870	2224	663	1891	28	29	327	136	2955	0,0,0,15,84,0	10525	0	561	165917	114880	69867	132889,132911,135475,141740,138288,135489,135407	1	33	26529,25979,63689,103064,48252,6000,0	22	10510
169202	977	1134	1075	71	76	5	2	2	3106	870	2226	678	1961	25	32	356	148	3192	0,0,0,15,84,0	10435	0	602	166036	115372	69867	132948,132968,135525,141884,138443,135655,135565	2	36	26529,25979,63689,103064,48334,6520,0	24	10414
168715	1068	1269	1181	81	78	5	2	3	3243	870	2231	679	2010	34	39	390	163	3521	0,0,0,14,85,0	10584	0	670	166152	115934	69867	133013,133033,135583,142039,138613,135836,135737	2	41	26529,25979,63689,103064,48404,7119,0	25	10320
168180	1147	1352	1257	82	79	5	3	3	3531	870	2237	681	1754	39	40	426	176	3749	0,0,0,13,86,0	10459	0	681	166284	116492	69867	133098,133117,135658,142226,138813,136046,135940	2	34	26529,25979,63689,103064,48471,7734,0	32	10208
167633	1227	1510	1342	82	85	3	6	3	3740	870	2245	650	2022	44	48	473	198	4057	0,0,0,12,87,0	10511	0	754	166416	117119	69867	133187,133204,135735,142421,139022,136269,136154	2	35	26529,25979,63689,103064,48539,8419,0	33	10095
167132	1228	1619	1437	91	97	2	6	3	4011	870	2250	679	1988	52	32	504	211	4269	0,0,0,12,87,0	20027	0	690	166539	117695	69867	133264,133283,135803,142604,139218,136476,136351	2	40	26529,25979,63689,103064,48605,9040,0	31	9991
166662	1215	1691	1542	98	113	3	5	4	4287	870	2256	679	1889	47	52	567	249	4418	0,0,0,11,88,0	19954	0	712	166669	118287	69867	133342,133362,135872,142794,139418,136690,136553	3	45	26529,25979,63689,103064,48660,9689,0	43	9883
166086	1329	1733	1652	116	126	3	5	6	4560	870	2260	697	1946	45	47	617	276	4688	0,0,0,10,89,0	10709	0	828	166797	118992	69867	133432,133452,135952,143010,139650,136939,136789	3	39	26529,25979,63689,103064,48725,10448,0	40	9779
165454	1423	1895	1685	103	127	7	4	8	4903	870	2267	649	1970	43	60	650	283	4961	0,0,0,9,90,0	10554	0	899	166977	119718	69867	133547,133570,136057,143266,139923,137231,137067	3	39	26529,25979,63689,103064,48780,11284,0	47	9625
164728	1536	2032	1849	120	119	7	7	7	5197	870	2274	667	1934	58	49	697	286	5384	0,0,0,9,90,0	10801	0	1008	167142	120571	69867	133696,133720,136192,143554,140228,137557,137378	3	48	26529,25979,63689,103064,48860,12207,0	47	9490
163929	1704	2148	1960	141	126	7	5	8	5569	870	2279	671	1958	47	62	754	318	5773	0,0,0,8,91,0	10810	0	1080	167316	121484	69867	133864,133890,136343,143854,140545,137898,137704	3	48	26529,25979,63689,103064,48940,13193,0	47	9346
163187	1779	2292	2094	141	118	7	5	9	5962	870	2282	648	1891	47	70	812	319	6117	0,0,0,8,91,0	10860	0	1071	167515	122370	69867	134029,134054,136492,144162,140871,138247,138036	4	39	26529,25979,63689,103064,49007,14191,0	48	9184
162449	1823	2413	2243	148	139	9	5	11	6350	870	2286	648	1987	47	62	846	320	6460	0,0,0,8,91,0	20115	0	1079	167698	123283	69867	134185,134210,136635,144464,141189,138589,138362	4	65	26529,25979,63689,103064,49071,15202,0	52	9017
161793	1776	2571	2374	163	152	11	5	11	6731	870	2289	645	1895	57	69	883	335	6717	0,0,0,7,92,0	20402	0	1045	167874	124165	69867	134329,134354,136766,144757,141500,138925,138676	4	59	26529,25979,63689,103064,49129,16185,0	51	8865
160877	1947	2688	2570	165	154	12	4	10	7158	870	2291	611	1987	65	79	929	344	7196	0,0,0,7,92,0	11011	0	1330	168080	125295	69867	134537,134560,136953,145147,141913,139364,139095	5	71	26529,25979,63689,103064,49208,17418,0	64	8686
159927	2208	2711	2712	164	157	10	4	9	7680	870	2294	641	1928	66	85	987	376	7590	0,0,0,6,93,0	11019	0	1355	168289	126454	69867	134755,134778,137152,145536,142320,139806,139514	5	56	26529,25979,63689,103064,49269,18706,0	68	8507
158978	2254	2955	2772	181	162	11	5	7	8256	870	2295	643	2050	64	85	1033	400	7940	0,0,0,6,93,0	10968	0	1367	168515	127610	69867	134979,135001,137358,145927,142734,140250,139936	5	58	26529,25979,63689,103064,49334,19992,0	67	8306
158013	2315	3201	2898	198	184	11	4	8	8744	870	2300	610	2007	82	89	1090	422	8389	0,0,0,5,94,0	11268	0	1439	168727	128848	69867	135207,135228,137568,146341,143168,140720,140380	5	78	26529,25979,63689,103064,49386,21369,0	81	8127
156947	2547	3326	3051	222	197	13	5	8	9258	870	2302	640	1825	77	93	1161	463	8898	0,0,0,5,94,0	11161	0	1610	169006	130190	69867	135484,135506,137829,146813,143668,141261,140891	6	96	26529,25979,63689,103064,49456,22896,0	78	7890
156126	2513	3368	3267	216	217	12	5	7	9842	870	2303	654	1991	85	99	1234	481	9117	0,0,0,5,94,0	20530	0	1351	169216	131349	69867	135687,135707,138017,147195,144072,141701,141301	6	96	26529,25979,63689,103064,49517,24180,0	87	7720
155250	2370	3574	3374	224	229	12	4	7	10526	870	2306	654	2000	96	94	1281	471	9316	0,0,0,4,95,0	20551	0	1387	169414	132551	69867	135891,135911,138205,147578,144477,142144,141713	7	88	26529,25979,63689,103064,49556,25517,0	96	7547
154147	2638	3619	3561	244	254	12	5	7	11073	870	2316	648	1921	111	123	1360	533	9800	0,0,0,4,95,0	11575	0	1731	169666	134045	69867	136180,136200,138471,148076,144999,142712,142247	7	86	26529,25979,63689,103064,49619,27165,0	96	7346
153036	2885	3677	3671	238	260	11	6	7	11765	870	2320	648	2050	126	130	1459	578	10170	0,0,0,4,95,0	11693	0	1776	169917	135580	69867	136460,136479,138731,148561,145510,143273,142770	7	98	26529,25979,63689,103064,49676,28864,0	82	7117
151960	2969	3891	3717	249	265	12	7	8	12475	870	2323	620	1982	85	118	1551	612	10498	0,0,0,4,95,0	11598	0	1752	170182	137086	69867	136745,136761,138992,149059,146036,143849,143306	8	107	26529,25979,63689,103064,49735,30546,0	82	6890
150919	2975	4147	3800	257	272	14	7	7	13152	870	2326	638	1936	122	110	1604	621	10851	0,0,0,3,96,0	11711	0	1766	170423	138628	69867	137013,137034,139242,149532,146536,144400,143817	8	86	26529,25979,63689,103064,49780,32250,0	82	6688
149838	3066	4237	3990	275	283	16	5	8	13829	870	2329	601	1973	104	132	1683	658	11214	0,0,0,3,96,0	11961	0	1861	170657	140271	69867	137286,137307,139491,150029,147058,144981,144351	8	78	26529,25979,63689,103064,49830,34051,0	82	6490
148941	2986	4327	4219	275	302	17	6	8	14463	870	2332	576	1836	91	113	1750	669	11463	0,0,0,3,96,0	21112	0	1718	170897	141763	69867	137520,137544,139715,150475,147526,145506,144832	8	102	26529,25979,63689,103064,49869,35710,0	95	6281
148257	2791	4423	4365	291	311	15	9	7	15070	870	2337	590	1955	85	123	1797	677	11528	0,0,0,3,96,0	21095	0	1616	171114	143178	69867	137698,137719,139881,150879,147950,145987,145263	8	81	26529,25979,63689,103064,49902,37265,0	94	6091
147142	2952	4459	4505	315	309	16	9	8	15820	870	2341	569	2042	131	154	1858	665	11900	0,0,0,2,97,0	11854	0	1946	171348	144911	69867	137996,138019,140161,151378,148474,146574,145802	8	96	26529,25979,63689,103064,49936,39136,0	83	5886
146021	3251	4355	4626	326	298	15	9	8	16625	870	2342	578	1910	107	146	1950	703	12177	0,0,0,2,97,0	12035	0	2004	171582	146695	69867	138299,138319,140445,151859,148984,147151,146329	9	82	26529,25979,63689,103064,49963,41057,0	79	5689
145068	3283	4427	4743	311	312	18	12	6	17349	870	2347	598	1921	98	133	2000	694	12412	0,0,0,2,97,0	12119	0	1922	171797	148417	69867	138565,138583,140693,152317,149464,147700,146822	9	94	26529,25979,63689,103064,49997,42895,0	85	5506
144155	3241	4608	4747	329	317	20	10	8	18090	870	2351	587	1916	114	156	2040	727	12545	0,0,0,2,97,0	12150	0	1933	171995	150163	69867	138827,138845,140939,152751,149925,148230,147294	9	86	26529,25979,63689,103064,50025,44750,0	92	5337
143149	3326	4686	4826	335	307	21	11	7	18854	870	2354	595	1953	101	156	2062	723	12789	0,0,0,1,98,0	12116	0	2013	172199	151988	69867	139116,139133,141208,153207,150406,148782,147792	9	113	26529,25979,63689,103064,50045,46690,0	101	5158
142598	3171	4614	4954	347	325	22	12	6	19469	870	2358	595	2023	128	139	2059	714	12731	0,0,0,1,98,0	21299	0	1681	172385	153494	69867	139279,139295,141362,153568,150783,149232,148174	9	100	26529,25979,63689,103064,50065,48304,0	118	4985
142068	2910	4664	5013	361	332	19	12	7	20130	870	2360	578	1957	117	150	2120	749	12562	0,0,0,1,98,0	21303	0	1687	172583	154998	69867	139467,139480,141546,153920,151151,149675,148550	9	98	26529,25979,63689,103064,50085,49934,0	125	4815
141243	3094	4561	5126	331	347	16	11	10	20775	870	2362	573	2002	100	166	2145	759	12727	0,0,0,1,98,0	12126	0	1999	172781	156814	69867	139717,139734,141788,154319,151573,150177,148987	9	116	26529,25979,63689,103064,50110,51830,0	111	4647
140524	3256	4428	5158	322	337	20	8	13	21447	870	2363	581	1916	117	154	2187	737	12792	0,0,0,1,98,0	12267	0	1943	172982	158571	69867	139931,139949,141990,154711,151987,150674,149413	9	79	26529,25979,63689,103064,50130,53664,0	107	4460
140019	3133	4580	4985	308	338	20	11	12	22102	870	2368	555	1931	116	170	2256	749	12626	0,0,0,1,98,0	12413	0	1823	173135	160250	69867	140098,140120,142150,155037,152331,151100,149763	9	92	26529,25979,63689,103064,50146,55382,0	113	4325
139639	3025	4600	4956	320	333	20	12	14	22586	870	2371	562	1962	120	150	2247	755	12511	0,0,0,1,98,0	12294	0	1745	173288	161853	69867	140234,140258,142285,155341,152644,151500,150087	9	103	26529,25979,63689,103064,50161,57032,0	98	4192
139156	3035	4556	5000	320	352	20	11	13	23038	870	2375	540	1933	111	149	2262	785	12509	0,0,0,1,98,0	12403	0	1826	173463	163521	69867	140393,140420,142437,155683,153004,151943,150454	9	87	26529,25979,63689,103064,50180,58750,0	101	4039
139000	2894	4400	5014	340	340	18	13	13	23468	870	2376	576	2009	123	136	2280	751	12268	0,0,0,1,98,0	21429	0	1560	173609	164950	69867	140472,140496,142514,155953,153278,152304,150733	9	86	26529,25979,63689,103064,50193,60231,0	92	3912
138867	2704	4353	4995	342	337	18	11	16	23857	870	2376	579	1930	120	145	2277	758	12002	0,0,0,1,98,0	21376	0	1552	173744	166381	69867	140552,140577,142594,156196,153531,152641,150988	9	89	26529,25979,63689,103064,50209,61674,0	103	3797
138641	2775	4143	4881	344	364	16	10	17	24304	870	2381	581	1899	89	172	2289	766	11767	0,0,0,1,98,0	12410	0	1673	173883	167927	69867	140676,140701,142717,156453,153800,152997,151261	9	76	26529,25979,63689,103064,50219,63239,0	85	3676
138456	2799	4100	4755	334	362	14	11	18	24641	870	2386	598	1905	102	176	2313	775	11600	0,0,0,1,98,0	12467	0	1642	174005	169463	69867	140771,140796,142809,156695,154047,153334,151514	9	100	26529,25979,63689,103064,50233,64765,0	91	3573
138488	2657	4065	4688	314	337	17	11	19	24889	870	2391	600	2047	124	157	2299	737	11352	0,0,0,1,98,0	12388	0	1515	174123	170880	69867	140798,140824,142833,156903,154263,153638,151730	9	71	26529,25979,63689,103064,50242,66187,0	89	3470
138638	2547	4040	4545	303	317	16	12	18	25047	870	2393	617	1988	99	151	2306	726	11054	0,0,0,1,98,0	12545	0	1470	174240	172245	69867	140816,140842,142859,157084,154448,153916,151912	9	89	26529,25979,63689,103064,50253,67549,0	94	3367
138646	2558	3859	4513	302	315	14	12	19	25241	870	2397	620	1956	107	133	2263	718	10855	0,0,0,0,99,0	12428	0	1543	174366	173672	69867	140859,140886,142902,157289,154653,154214,152121	9	74	26529,25979,63689,103064,50264,68952,0	87	3259
139072	2328	3667	4441	288	330	19	10	19	25302	871	2399	571	1968	96	108	2191	697	10386	0,0,0,0,99,0	21657	0	1209	174466	174792	69867	140801,140829,142853,157426,154786,154432,152246	8	72	26529,25979,63689,103064,50270,70059,0	104	3179
139542	2036	3570	4314	279	311	19	11	16	25377	871	2400	572	1865	76	140	2174	666	9874	0,0,0,0,99,0	21201	0	1142	174556	175857	69867	140736,140765,142795,157522,154876,154610,152330	8	54	26529,25979,63689,103064,50276,71091,0	91	3099
139742	2140	3382	4152	274	301	17	7	16	25439	871	2405	574	1996	90	136	2136	625	9648	0,0,0,0,99,0	12114	0	1408	174644	177185	69867	140738,140766,142798,157658,155010,154835,152463	8	53	26529,25979,63689,103064,50282,72356,0	81	3028
140114	2186	3137	4111	262	285	20	11	15	25327	871	2407	590	1983	85	134	2098	612	9400	0,0,0,0,99,0	12208	0	1220	174724	178338	69867	140690,140720,142756,157765,155116,155027,152563	7	57	26529,25979,63689,103064,50288,73458,0	80	2957
140547	2035	3130	3924	253	277	16	10	15	25259	871	2409	591	1921	58	119	2057	596	9049	0,0,0,0,99,0	12149	0	1193	174799	179462	69867	140628,140659,142706,157849,155192,155192,152637	7	49	26529,25979,63689,103064,50296,74503,0	74	2898
141068	1990	3064	3680	241	253	15	6	18	25127	871	2413	578	2040	72	125	1948	549	8700	0,0,0,0,99,0	12128	0	1137	174887	180517	69867	140545,140571,142630,157935,155271,155358,152707	7	61	26529,25979,63689,103064,50300,75507,0	74	2823
141549	1958	2977	3496	231	244	15	7	17	24966	871	2415	579	1915	67	115	1876	511	8417	0,0,0,0,99,0	12002	0	1139	174968	181588	69867	140457,140483,142552,158016,155346,155520,152777	6	52	26529,25979,63689,103064,50304,76529,0	63	2749
142214	1810	2819	3417	223	231	15	8	15	24703	871	2420	589	1891	66	87	1755	478	8045	0,0,0,0,99,0	20947	0	935	175026	182473	69867	140324,140352,142432,158055,155376,155632,152796	6	59	26529,25979,63689,103064,50308,77352,0	73	2698
142906	1620	2736	3277	220	220	17	7	14	24430	871	2428	598	1922	63	103	1694	464	7633	0,0,0,0,99,0	20873	0	900	175092	183314	69867	140180,140206,142301,158094,155401,155740,152810	6	58	26529,25979,63689,103064,50311,78153,0	76	2645
143501	1600	2609	3226	214	226	19	5	15	24028	871	2432	608	1947	71	100	1649	471	7428	0,0,0,0,99,0	11743	0	1003	175148	184269	69867	140050,140074,142183,158133,155430,155854,152832	5	54	26529,25979,63689,103064,50315,79035,0	62	2594
144174	1602	2438	3161	219	213	17	6	15	23589	871	2441	613	1996	66	103	1627	485	7171	0,0,0,0,99,0	11799	0	937	175196	185166	69867	139916,139940,142059,158152,155433,155945,152829	5	49	26529,25979,63689,103064,50318,79875,0	65	2553
144898	1546	2360	2951	201	200	15	6	13	23241	871	2444	619	1979	55	106	1583	466	6813	0,0,0,0,99,0	11639	0	893	175244	186016	69867	139774,139799,141931,158170,155436,156031,152821	5	45	26529,25979,63689,103064,50324,80640,0	46	2515
145574	1483	2280	2770	220	209	15	6	11	22861	871	2446	623	1967	47	80	1497	456	6527	0,0,0,0,99,0	11518	0	819	175286	186799	69867	139610,139637,141779,158173,155429,156098,152804	5	32	26529,25979,63689,103064,50325,81333,0	51	2478
146304	1425	2174	2748	196	202	11	4	13	22347	871	2451	632	1937	38	90	1413	433	6327	0,0,0,0,99,0	11459	0	824	175328	187589	69867	139443,139467,141621,158169,155414,156160,152779	4	37	26529,25979,63689,103064,50328,82028,0	45	2442
147104	1311	2166	2571	173	174	10	8	11	21893	871	2454	642	1917	55	81	1362	386	6027	0,0,0,0,99,0	20766	0	725	175364	188283	69867	139262,139289,141462,158154,155384,156205,152735	4	46	26529,25979,63689,103064,50328,82656,0	43	2407
147827	1221	2063	2484	184	166	8	6	13	21447	871	2456	619	2060	58	55	1280	349	5783	0,0,0,0,99,0	20646	0	734	175406	188983	69867	139097,139125,141311,158152,155372,156264,152709	4	47	26529,25979,63689,103064,50329,83297,0	46	2374
148646	1217	1982	2389	162	153	7	4	13	20843	871	2459	617	1985	48	80	1239	346	5568	0,0,0,0,99,0	11398	0	739	175442	189694	69867	138908,138936,141136,158122,155329,156295,152652	4	39	26529,25979,63689,103064,50332,83905,0	36	2340
149342	1226	1891	2281	158	144	5	8	13	20343	871	2464	604	1928	51	64	1213	321	5392	0,0,0,0,99,0	11254	0	714	175471	190389	69867	138749,138779,140988,158093,155287,156326,152598	4	34	26529,25979,63689,103064,50332,84524,0	35	2320
149986	1219	1817	2196	140	149	10	6	15	19869	871	2468	614	1992	44	65	1157	304	5233	0,0,0,0,99,0	11297	0	729	175500	191094	69867	138608,138636,140863,158076,155257,156364,152559	4	39	26529,25979,63689,103064,50333,85130,0	47	2300
150708	1159	1762	2117	148	144	8	5	13	19341	871	2470	608	1921	46	68	1130	304	5039	0,0,0,0,99,0	11167	0	632	175526	191708	69867	138427,138452,140693,158035,155205,156377,152493	4	36	26529,25979,63689,103064,50334,85661,0	43	2278
151399	1106	1734	2044	139	141	8	5	13	18811	871	2475	644	1963	50	63	1059	291	4886	0,0,0,0,99,0	11116	0	647	175560	192326	69867	138253,138275,140532,158003,155161,156399,152438	4	30	26529,25979,63689,103064,50335,86198,0	40	2247
152154	1029	1618	1980	135	132	6	6	13	18321	871	2481	623	1979	42	59	1018	292	4614	0,0,0,0,99,0	20340	0	549	175588	192850	69867	138066,138089,140361,157962,155103,156406,152367	3	30	26529,25979,63689,103064,50335,86648,0	40	2222
152887	937	1566	1902	140	130	7	7	8	17806	871	2485	608	1896	32	50	981	273	4416	0,0,0,0,99,0	20428	0	526	175619	193351	69867	137891,137915,140201,157916,155045,156410,152295	3	24	26529,25979,63689,103064,50335,87077,0	40	2195
153533	923	1515	1862	135	127	4	7	10	17268	872	2490	605	2003	42	68	934	273	4300	0,0,0,0,99,0	11034	0	568	175642	193902	69867	137721,137747,140041,157876,154995,156418,152232	3	34	26529,25979,63689,103064,50335,87548,0	26	2174
154238	939	1422	1807	128	122	6	5	12	16701	872	2494	608	1877	27	50	899	264	4165	0,0,0,0,99,0	10907	0	544	175668	194428	69867	137534,137560,139867,157827,154931,156413,152158	3	34	26529,25979,63689,103064,50337,87992,0	29	2153
154969	876	1398	1692	127	114	7	2	13	16175	872	2501	604	2017	32	66	893	259	3957	0,0,0,0,99,0	10992	0	488	175683	194904	69867	137341,137367,139683,157767,154855,156395,152071	3	17	26529,25979,63689,103064,50337,88375,0	20	2139
155674	837	1373	1566	117	114	7	3	13	15663	872	2507	601	1900	36	44	844	228	3789	0,0,0,0,99,0	11004	0	489	175701	195378	69867	137169,137194,139526,157708,154781,156381,151988	3	23	26529,25979,63689,103064,50337,88777,0	22	2124
156312	852	1235	1575	117	111	4	3	11	15141	872	2513	596	1938	35	49	811	230	3667	0,0,0,0,99,0	10914	0	478	175719	195845	69867	136989,137014,139360,157651,154713,156367,151908	2	26	26529,25979,63689,103064,50337,89164,0	21	2109
156974	798	1194	1485	124	111	4	3	11	14654	872	2516	605	1987	32	45	788	229	3490	0,0,0,0,99,0	20024	0	402	175734	196241	69867	136819,136841,139199,157594,154646,156350,151827	2	24	26529,25979,63689,103064,50337,89495,0	23	2095
157656	686	1190	1428	96	111	7	3	8	14170	872	2519	613	1935	22	46	765	222	3299	0,0,0,0,99,0	20225	0	397	175749	196625	69867	136649,136670,139043,157530,154569,156324,151739	2	22	26529,25979,63689,103064,50338,89805,0	23	2080
158245	704	1141	1343	100	112	8	3	6	13691	872	2521	627	2029	33	48	720	209	3202	0,0,0,0,99,0	10751	0	443	175766	197053	69867	136481,136501,138883,157474,154502,156305,151662	2	24	26529,25979,63689,103064,50338,90149,0	25	2067
