S	E	I1	I2	I3	I4	I5_h	I6_h	R_h	R	D1	D2	H	T	P1	P2	Q	QT	NQ	MUT	HOM	VAC	NI	INF	REINF	BSTR	IMM	HCI	HCE	INFV	INFH	VNI
178157	102	118	46	40	31	8	3	0	241	0	0	184	0	0	0	60	60	288	0,0,0,0,0,0	178746	0	0	348	0	0	589,589,589,589,589,589,589	0	0	0,0,0,0,0,0,0	0	0
178111	76	168	54	40	34	8	3	0	249	0	3	319	284	2	70	112	57	326	0,0,0,0,0,0	12422	0	61	409	0	0	635,635,635,635,635,635,635	0	5	61,0,0,0,0,0,0	12	0
178028	95	197	66	45	30	8	3	0	267	0	7	409	259	1	16	248	70	374	0,0,0,0,0,0	12678	0	88	497	0	0	718,718,718,718,718,718,718	0	9	149,0,0,0,0,0,0	13	0
177958	109	209	72	42	46	9	3	0	289	0	9	486	270	1	15	459	89	401	0,0,0,0,0,0	12935	0	78	577	0	0	789,789,789,789,789,789,789	0	5	229,0,0,0,0,0,0	12	0
177892	102	224	99	44	47	9	3	0	313	0	13	559	251	0	18	581	111	417	0,0,0,0,0,0	25111	0	71	648	0	0	856,856,856,856,856,856,856	0	3	300,0,0,0,0,0,0	16	0
177839	110	229	103	44	58	9	2	0	338	1	13	588	275	2	21	1046	137	418	0,0,0,0,0,0	25708	0	71	720	0	0	911,911,911,911,911,911,911	0	2	372,0,0,0,0,0,0	16	0
177776	112	236	106	56	62	13	2	0	369	1	13	635	251	2	16	1142	160	427	0,0,0,0,0,0	13944	0	80	800	0	0	978,978,978,978,978,978,978	0	6	452,0,0,0,0,0,0	16	0
177716	118	237	114	60	63	14	1	0	401	2	20	658	251	0	17	1432	181	426	0,0,0,0,0,0	14016	0	77	876	1	0	1044,1044,1044,1043,1043,1043,1043	0	6	529,0,0,0,0,0,0	20	0
177641	117	265	123	67	63	15	4	0	426	2	23	657	321	3	19	1542	200	454	0,0,0,0,0,0	14281	0	96	968	5	0	1126,1125,1125,1124,1124,1124,1124	0	12	625,0,0,0,0,0,0	21	0
177561	124	285	127	75	67	16	4	0	458	2	27	708	246	0	25	1895	225	473	0,0,0,0,0,0	14420	0	101	1069	7	0	1212,1212,1212,1210,1210,1210,1210	0	10	728,0,0,0,0,0,0	29	0
177481	132	280	162	79	65	18	5	1	489	2	32	749	296	2	22	1929	231	510	0,0,0,0,0,0	14969	0	96	1163	9	0	1300,1299,1299,1296,1296,1296,1296	0	10	824,0,0,0,0,0,0	31	0
177402	145	277	174	84	71	16	6	1	530	2	38	758	97	0	18	1934	254	519	0,0,0,0,0,0	26851	0	100	1260	12	0	1391,1389,1389,1382,1382,1382,1382	0	6	924,0,0,0,0,0,0	39	0
177336	150	286	167	84	76	17	7	1	578	2	42	736	145	1	17	1800	248	539	0,0,0,0,0,0	26679	0	97	1355	14	0	1474,1471,1471,1460,1460,1460,1460	1	3	1021,0,0,0,0,0,0	39	0
177276	151	278	169	80	85	17	10	1	630	2	47	725	249	1	26	1859	249	541	0,0,0,0,0,0	14733	0	91	1447	15	0	1556,1551,1551,1535,1535,1535,1535	0	4	1114,0,0,0,0,0,0	38	0
177194	161	293	165	79	86	19	10	1	684	2	52	719	262	2	26	1558	246	567	0,0,0,0,0,0	14806	0	110	1558	16	0	1657,1651,1651,1631,1631,1631,1631	1	13	1226,0,0,0,0,0,0	43	0
177124	175	291	184	80	90	20	10	1	713	2	56	711	280	3	35	1939	275	575	0,0,0,0,0,0	14705	0	107	1665	16	0	1754,1746,1746,1717,1717,1717,1717	1	9	1333,0,0,0,0,0,0	51	0
177047	186	301	179	84	93	22	12	1	757	2	62	698	298	2	27	2048	286	591	0,0,0,0,0,0	14780	0	116	1779	18	0	1856,1846,1846,1810,1810,1810,1810	1	9	1449,0,0,0,0,0,0	50	0
176961	184	340	176	87	92	22	12	1	801	3	67	707	267	2	28	1973	286	627	0,0,0,0,0,0	15074	0	119	1897	21	0	1969,1956,1956,1912,1912,1912,1912	1	12	1570,0,0,0,0,0,0	51	0
176874	177	359	174	88	97	25	13	1	859	4	75	706	247	3	29	1812	304	629	0,0,0,0,0,0	26797	0	114	2008	24	0	2083,2068,2068,2013,2013,2013,2013	1	10	1683,0,0,0,0,0,0	52	0
176815	173	382	175	90	101	26	14	1	886	4	79	700	322	0	39	2067	332	629	0,0,0,0,0,0	26601	0	116	2124	24	0	2186,2166,2166,2098,2098,2098,2098	1	10	1799,0,0,0,0,0,0	59	0
176724	167	403	185	87	121	24	14	1	933	5	82	703	284	2	31	2535	345	656	0,0,0,0,0,0	15109	0	133	2254	27	0	2311,2288,2288,2208,2208,2208,2208	1	4	1931,0,0,0,0,0,0	60	0
176617	185	404	218	87	122	26	15	1	974	6	91	677	257	2	39	2662	370	687	0,0,0,0,0,0	15403	0	140	2393	29	0	2448,2422,2422,2333,2333,2333,2333	1	12	2072,0,0,0,0,0,0	67	0
176530	198	405	219	84	116	28	19	0	1045	6	96	673	252	2	34	2618	354	715	0,0,0,0,0,0	15665	0	126	2516	32	0	2565,2537,2537,2437,2437,2437,2437	1	15	2196,0,0,0,0,0,0	68	0
176433	223	408	237	93	118	30	18	1	1077	7	101	677	231	1	40	2723	377	750	0,0,0,0,0,0	15458	0	154	2671	33	0	2716,2682,2682,2562,2562,2562,2562	1	13	2352,0,0,0,0,0,0	78	0
176304	234	460	250	86	126	28	17	2	1124	9	106	701	101	0	33	2850	375	826	0,0,0,0,0,0	15642	0	181	2853	34	0	2896,2857,2857,2718,2718,2718,2718	1	15	2535,0,0,0,0,0,0	72	0
176208	250	439	274	97	133	28	16	4	1180	10	107	707	310	1	38	2898	405	832	0,0,0,0,0,0	27522	0	143	2995	36	0	3029,2986,2986,2835,2835,2835,2835	1	16	2677,0,0,0,0,0,0	79	0
176151	216	480	259	103	129	27	19	3	1238	11	110	710	316	2	38	3288	396	837	0,0,0,0,0,0	27760	0	130	3125	36	0	3147,3099,3099,2926,2926,2926,2926	1	11	2807,0,0,0,0,0,0	86	0
176046	230	519	270	111	126	31	17	4	1263	14	115	695	238	2	39	3425	408	896	0,0,0,0,0,0	16236	0	184	3310	36	0	3321,3266,3266,3070,3070,3070,3070	2	19	2992,0,0,0,0,0,0	84	0
175942	268	498	281	128	129	36	16	2	1314	15	117	699	247	4	46	3365	422	934	0,0,0,0,0,0	16391	0	176	3485	37	0	3486,3425,3425,3206,3206,3206,3206	2	14	3167,0,0,0,0,0,0	87	0
175830	255	546	289	138	135	34	14	3	1364	16	122	693	263	3	38	3188	427	984	0,0,0,0,0,0	16210	0	174	3660	37	0	3656,3589,3589,3350,3350,3350,3350	2	23	3342,0,0,0,0,0,0	85	0
175715	281	562	316	147	132	34	13	3	1399	18	126	661	237	2	47	3426	464	1021	0,0,0,0,0,0	16071	0	197	3857	39	0	3845,3771,3771,3504,3504,3504,3504	2	21	3540,0,0,0,0,0,0	71	0
175528	318	613	329	151	138	34	15	3	1466	18	133	638	243	1	40	3483	456	1142	0,0,0,0,0,0	16521	0	257	4117	39	0	4100,4019,4019,3727,3727,3727,3727	2	31	3800,0,0,0,0,0,0	75	0
175390	334	608	354	149	150	33	19	3	1547	18	141	615	233	1	45	3554	468	1179	0,0,0,0,0,0	28078	0	208	4325	39	0	4304,4216,4216,3901,3901,3901,3901	2	15	4008,0,0,0,0,0,0	73	0
175301	322	652	365	159	158	33	20	3	1568	19	146	606	322	2	52	3484	488	1221	0,0,0,0,0,0	27797	0	195	4518	41	0	4490,4392,4392,4041,4041,4041,4041	2	15	4201,0,0,0,0,0,0	82	0
175162	341	687	376	169	161	31	21	4	1625	20	149	617	288	3	64	3490	543	1243	0,0,0,0,0,0	16907	0	240	4759	42	0	4726,4617,4617,4230,4230,4230,4230	2	29	4443,0,0,0,0,0,0	84	0
175017	362	708	402	176	170	27	24	4	1684	20	152	598	229	1	52	3406	560	1309	0,0,0,0,0,0	16437	0	237	4997	44	0	4956,4839,4839,4419,4419,4419,4419	2	26	4682,0,0,0,0,0,0	77	0
174856	355	728	424	186	191	31	20	6	1772	23	154	582	274	3	46	3332	561	1374	0,0,0,0,0,0	16321	0	245	5241	46	0	5193,5068,5068,4619,4619,4619,4619	3	23	4926,0,0,0,0,0,0	74	0
174666	394	763	438	200	201	35	18	6	1843	25	157	577	88	0	68	3470	614	1435	0,0,0,0,0,0	15988	0	291	5534	46	0	5480,5345,5345,4859,4859,4859,4859	3	36	5219,0,0,0,0,0,0	79	0
174519	422	782	433	193	207	39	17	7	1940	29	158	601	286	6	59	3799	601	1492	0,0,0,0,0,0	16402	0	264	5798	47	0	5733,5587,5587,5061,5061,5061,5061	3	30	5483,0,0,0,0,0,0	71	0
174403	388	803	457	206	207	49	18	7	2016	29	163	603	249	0	60	3882	627	1501	0,0,0,0,0,0	28095	0	225	6021	50	0	5951,5794,5794,5229,5229,5229,5229	3	15	5706,0,0,0,0,0,0	96	0
174283	388	832	468	224	208	52	20	7	2068	30	166	583	231	0	68	3852	661	1531	0,0,0,0,0,0	28278	0	254	6275	52	0	6192,6022,6022,5411,5411,5411,5411	3	25	5960,0,0,0,0,0,0	102	0
174092	412	867	496	226	215	53	21	8	2152	33	171	573	285	4	81	4305	694	1596	0,0,0,0,0,0	17293	0	299	6574	54	0	6489,6308,6308,5656,5656,5656,5656	3	37	6259,0,0,0,0,0,0	103	0
173877	472	897	506	227	240	52	23	9	2236	35	172	562	251	3	85	4792	764	1653	0,0,0,0,0,0	17171	0	341	6913	57	0	6814,6621,6621,5926,5926,5926,5926	4	41	6598,0,0,0,0,0,0	107	0
173687	497	909	539	258	246	49	28	11	2311	35	176	560	329	2	75	5090	785	1741	0,0,0,0,0,0	17568	0	334	7247	59	0	7137,6930,6930,6184,6184,6184,6184	4	38	6933,0,0,0,0,0,0	119	0
173508	507	954	539	268	259	46	26	9	2415	37	178	522	251	4	96	5488	842	1757	0,0,0,0,0,0	17965	0	324	7569	63	0	7451,7230,7230,6431,6431,6431,6431	4	34	7255,0,0,0,0,0,0	126	0
173290	534	963	570	282	267	50	32	7	2534	37	180	497	302	6	88	5927	871	1827	0,0,0,0,0,0	18469	0	359	7925	66	0	7798,7563,7563,6715,6715,6715,6715	4	45	7612,0,0,0,0,0,0	122	0
173165	511	993	599	287	252	56	30	6	2620	42	185	499	260	4	77	6145	892	1836	0,0,0,0,0,0	29926	0	307	8230	69	0	8093,7840,7840,6928,6928,6928,6928	4	25	7918,0,0,0,0,0,0	132	0
172996	494	1003	631	302	251	60	30	7	2738	44	190	505	317	7	89	6232	906	1865	0,0,0,0,0,0	30333	0	305	8535	71	0	8393,8126,8126,7163,7163,7163,7163	4	19	8224,0,0,0,0,0,0	131	0
172739	522	1021	649	310	257	60	30	7	2911	46	194	493	319	3	83	6243	906	1943	0,0,0,0,0,0	19395	0	389	8923	72	0	8776,8495,8495,7484,7484,7484,7484	4	43	8612,0,0,0,0,0,0	123	0
172559	557	1035	648	335	286	58	32	7	2985	47	197	497	291	4	93	6111	933	2018	0,0,0,0,0,0	19084	0	385	9309	72	0	9148,8848,8848,7761,7761,7761,7761	4	45	8998,0,0,0,0,0,0	124	0
172383	567	1072	657	336	284	71	33	7	3088	49	199	500	284	7	87	6293	954	2066	0,0,0,0,0,0	34441	0	358	9669	73	0	9498,9178,9178,8025,8025,8025,8025	4	30	9358,0,0,0,0,0,0	121	0
172242	549	1066	689	323	305	69	37	7	3202	53	204	486	271	7	108	6527	976	2062	0,0,0,0,0,0	34398	0	341	10008	77	0	9827,9488,9488,8261,8261,8261,8261	5	27	9697,0,0,0,0,0,0	132	0
172057	558	1092	701	330	308	71	39	7	3317	55	211	478	327	4	115	6498	1005	2094	0,0,0,0,0,0	34419	0	366	10375	81	0	10189,9831,9831,8534,8534,8534,8534	5	30	10065,0,0,0,0,0,0	133	0
171946	520	1113	715	335	308	77	37	9	3414	57	215	476	319	4	107	6696	1013	2092	0,0,0,0,0,0	47515	0	316	10691	83	0	10493,10115,10115,8743,8743,8743,8743	5	16	10381,0,0,0,0,0,0	141	0
171822	516	1121	704	314	309	79	35	11	3560	59	216	468	270	6	91	6590	1006	2072	0,0,0,0,0,0	47670	0	323	11014	86	0	10805,10406,10406,8962,8962,8962,8962	5	27	10705,0,0,0,0,0,0	138	0
171678	530	1155	708	313	291	84	34	12	3656	65	220	467	262	5	102	7063	1039	2076	0,0,0,0,0,0	34871	0	368	11384	86	0	11164,10742,10742,9214,9214,9214,9214	5	42	11075,0,0,0,0,0,0	131	0
171529	552	1114	740	328	310	80	36	12	3756	66	223	474	254	7	104	7413	1067	2093	0,0,0,0,0,0	35118	0	353	11740	87	0	11507,11064,11064,9460,9460,9460,9460	5	33	11431,0,0,0,0,0,0	146	0
171380	552	1127	772	330	332	80	39	12	3831	66	225	443	255	0	109	7841	1161	2071	0,0,0,0,0,0	35324	0	375	12115	89	0	11869,11403,11403,9715,9715,9715,9715	5	43	11806,0,0,0,0,0,0	149	0
171298	522	1114	767	333	331	88	41	12	3946	67	227	471	302	1	105	7947	1185	2011	0,0,0,0,0,0	35699	0	305	12421	90	0	12162,11674,11674,9903,9903,9903,9903	5	35	12112,0,0,0,0,0,0	138	0
171165	538	1096	763	320	363	95	41	11	4053	70	231	457	272	4	92	8102	1212	2004	0,0,0,0,0,0	35931	0	363	12784	92	0	12513,12001,12001,10144,10144,10144,10144	5	46	12475,0,0,0,0,0,0	151	0
171087	519	1087	749	314	371	103	46	9	4156	71	234	459	255	2	90	7948	1196	1993	0,0,0,0,0,0	48588	0	313	13093	98	0	12810,12275,12275,10332,10332,10332,10332	5	15	12785,0,0,0,0,0,0	157	0
171051	515	1069	733	305	358	102	50	9	4243	74	237	457	247	7	101	8252	1191	1941	0,0,0,0,0,0	48676	0	287	13381	102	0	13084,12524,12524,10487,10487,10487,10487	5	19	13073,0,0,0,0,0,0	179	0
170961	517	1071	729	322	346	96	46	10	4325	80	243	439	308	2	101	8123	1198	1929	0,0,0,0,0,0	36152	0	341	13721	104	0	13412,12826,12826,10697,10697,10697,10697	5	34	13413,0,0,0,0,0,0	174	0
170884	536	1044	695	324	346	103	44	11	4427	86	246	422	261	6	90	7733	1149	1943	0,0,0,0,0,0	35710	0	327	14049	107	0	13724,13112,13112,10890,10890,10890,10890	5	28	13741,0,0,0,0,0,0	164	0
170797	513	1076	683	333	338	104	49	12	4503	86	252	407	242	10	93	7715	1150	1946	0,0,0,0,0,0	35548	0	329	14378	108	0	14041,13405,13405,11091,11091,11091,11091	5	29	14070,0,0,0,0,0,0	175	0
170762	510	1062	673	342	348	101	50	12	4542	91	253	390	286	7	88	7778	1108	1978	0,0,0,0,0,0	35776	0	316	14692	112	0	14337,13673,13673,11256,11256,11256,11256	5	30	14384,0,0,0,0,0,0	176	0
170696	503	1046	670	332	367	99	52	15	4620	92	254	388	339	5	117	7671	1134	1935	0,0,0,0,0,0	35404	0	327	15019	115	0	14647,13956,13956,11443,11443,11443,11443	5	36	14711,0,0,0,0,0,0	172	0
170676	482	1020	692	340	335	102	50	16	4679	98	256	377	301	2	98	7674	1106	1915	0,0,0,0,0,0	48013	0	281	15298	119	0	14909,14193,14193,11583,11583,11583,11583	5	25	14990,0,0,0,0,0,0	176	0
170721	445	988	690	345	322	93	53	17	4715	98	259	368	255	0	100	7649	1121	1815	0,0,0,0,0,0	48497	0	249	15545	124	0	15138,14392,14392,11675,11675,11675,11675	5	24	15237,0,0,0,0,0,0	174	0
170747	431	968	667	340	312	92	53	17	4759	100	260	389	235	3	95	7731	1087	1776	0,0,0,0,0,0	35754	0	283	15828	126	0	15401,14624,14624,11793,11793,11793,11793	5	32	15520,0,0,0,0,0,0	176	0
170739	442	977	649	327	309	93	56	17	4774	102	261	405	257	8	94	7661	1110	1743	0,0,0,0,0,0	36009	0	297	16122	129	0	15674,14869,14869,11931,11931,11931,11931	5	37	15814,0,0,0,0,0,0	177	0
170749	460	930	670	327	309	87	54	17	4774	108	261	414	253	4	93	7561	1093	1744	0,0,0,0,0,0	35405	0	281	16404	131	0	15936,15101,15101,12056,12056,12056,12056	5	27	16096,0,0,0,0,0,0	181	0
170776	431	924	674	314	283	88	53	14	4811	115	263	419	262	2	87	7560	1046	1721	0,0,0,0,0,0	35745	0	277	16678	136	0	16191,15326,15326,12168,12168,12168,12168	5	27	16371,0,0,0,0,0,0	169	0
170804	411	914	665	315	303	95	52	11	4790	118	268	436	262	4	67	7461	1033	1722	0,0,0,0,0,0	35844	0	260	16935	140	0	16431,15537,15537,12271,12271,12271,12271	5	37	16628,0,0,0,0,0,0	170	0
170877	397	871	647	314	294	102	48	9	4793	125	269	434	248	1	80	6990	974	1699	0,0,0,0,0,0	47796	0	239	17171	145	0	16647,15722,15722,12341,12341,12341,12341	5	20	16865,0,0,0,0,0,0	172	0
170952	365	846	636	309	284	100	46	9	4800	128	271	447	243	4	81	7049	941	1645	0,0,0,0,0,0	47955	0	210	17378	149	0	16834,15881,15881,12395,12395,12395,12395	5	17	17072,0,0,0,0,0,0	182	0
171021	383	832	614	309	271	95	48	11	4759	131	272	456	256	4	92	6716	929	1623	0,0,0,0,0,0	34883	0	259	17633	155	0	17067,16081,16081,12475,12475,12475,12475	4	30	17328,0,0,0,0,0,0	167	0
171085	375	803	602	312	258	90	47	12	4753	135	274	424	305	5	97	6463	949	1538	0,0,0,0,0,0	34802	0	238	17870	157	0	17282,16266,16266,12547,12547,12547,12547	4	24	17565,0,0,0,0,0,0	159	0
171203	362	811	568	304	260	97	47	11	4670	138	275	426	246	4	82	6390	939	1510	0,0,0,0,0,0	34481	0	238	18106	160	0	17494,16443,16443,12592,12592,12592,12592	4	30	17801,0,0,0,0,0,0	158	0
171299	368	766	557	313	264	101	52	11	4594	139	282	421	263	7	86	6298	946	1475	0,0,0,0,0,0	34396	0	241	18341	166	0	17711,16625,16625,12649,12649,12649,12649	4	34	18036,0,0,0,0,0,0	168	0
171382	356	742	542	312	257	100	52	10	4567	141	285	412	285	1	85	6276	907	1454	0,0,0,0,0,0	34165	0	225	18565	169	0	17914,16798,16798,12705,12705,12705,12705	4	26	18260,0,0,0,0,0,0	172	0
171410	350	728	520	291	263	101	50	8	4588	147	290	394	253	6	74	6056	879	1424	0,0,0,0,0,0	46904	0	233	18795	174	0	18129,16987,16987,12795,12795,12795,12795	4	22	18490,0,0,0,0,0,0	174	0
171520	331	723	539	256	254	94	40	7	4529	157	296	398	284	2	77	5958	853	1384	0,0,0,0,0,0	46877	0	200	18992	177	0	18308,17134,17134,12826,12826,12826,12826	4	19	18687,0,0,0,0,0,0	169	0
171605	328	746	514	243	240	90	41	7	4476	158	298	415	291	4	81	6163	879	1323	0,0,0,0,0,0	33806	0	223	19214	178	0	18508,17303,17303,12879,12879,12879,12879	4	23	18909,0,0,0,0,0,0	162	0
171683	323	712	525	230	242	79	41	7	4441	162	301	418	233	3	66	6148	861	1291	0,0,0,0,0,0	34231	0	194	19406	180	0	18679,17447,17447,12920,12920,12920,12920	4	17	19101,0,0,0,0,0,0	150	0
171725	327	707	519	235	224	76	41	6	4417	167	302	427	297	1	71	6362	838	1291	0,0,0,0,0,0	34042	0	227	19634	181	0	18887,17628,17628,12998,12998,12998,12998	4	30	19329,0,0,0,0,0,0	153	0
171796	307	730	470	239	215	72	45	6	4394	167	305	425	233	3	53	6286	785	1293	0,0,0,0,0,0	34259	0	202	19834	184	0	19067,17780,17780,13047,13047,13047,13047	4	27	19529,0,0,0,0,0,0	151	0
171862	314	722	476	222	229	63	43	7	4331	170	307	438	225	1	52	6149	731	1338	0,0,0,0,0,0	34139	0	225	20058	186	0	19269,17954,17954,13109,13109,13109,13109	4	27	19753,0,0,0,0,0,0	129	0
171964	295	685	497	219	236	60	39	6	4262	175	308	435	319	4	56	5764	723	1308	0,0,0,0,0,0	46995	0	177	20236	186	0	19426,18083,18083,13132,13132,13132,13132	4	9	19931,0,0,0,0,0,0	129	0
172091	296	681	492	204	227	61	35	7	4164	178	310	449	224	1	51	5528	683	1313	0,0,0,0,0,0	47044	0	191	20421	192	0	19589,18214,18214,13145,13145,13145,13145	4	25	20116,0,0,0,0,0,0	134	0
172194	309	647	501	211	223	56	34	8	4070	180	313	433	238	0	70	5445	692	1289	0,0,0,0,0,0	33597	0	199	20617	197	0	19764,18359,18359,13175,13175,13175,13175	4	22	20313,0,0,0,0,0,0	123	0
172256	303	647	483	206	214	51	32	12	4047	180	315	456	256	3	76	5715	681	1255	0,0,0,0,0,0	33785	0	197	20812	200	0	19938,18506,18506,13224,13224,13224,13224	4	21	20508,0,0,0,0,0,0	122	0
172348	317	637	452	195	204	50	31	12	4003	181	316	448	248	3	61	5680	658	1228	0,0,0,0,0,0	33877	0	192	21003	203	0	20106,18647,18647,13255,13255,13255,13255	4	23	20699,0,0,0,0,0,0	113	0
172467	287	599	461	180	213	51	28	11	3946	185	318	449	289	2	59	5360	644	1175	0,0,0,0,0,0	46389	0	147	21147	206	0	20229,18743,18743,13250,13250,13250,13250	3	16	20843,0,0,0,0,0,0	114	0
172579	263	599	441	185	198	56	25	9	3883	188	320	425	297	2	62	5094	648	1119	0,0,0,0,0,0	46080	0	160	21305	209	0	20365,18852,18852,13254,13254,13254,13254	3	14	21001,0,0,0,0,0,0	118	0
172689	265	555	449	191	187	61	25	9	3802	191	322	420	256	3	52	5283	664	1069	0,0,0,0,0,0	46305	0	155	21459	211	0	20498,18958,18958,13260,13260,13260,13260	3	17	21155,0,0,0,0,0,0	121	0
172835	239	532	427	181	185	60	27	8	3736	191	325	415	264	2	46	5005	626	1025	0,0,0,0,0,0	46446	37	123	21583	213	0	20603,19036,19036,13233,13233,13233,13233	3	8	21279,0,0,0,0,0,0	118	36
172935	226	518	428	178	172	63	29	9	3668	192	328	409	204	1	61	5040	611	1003	0,0,0,0,0,0	33193	17	152	21733	216	0	20734,19141,19141,13241,13241,13241,13241	3	19	21429,0,0,0,0,0,0	118	51
173026	224	509	414	191	165	58	30	9	3595	196	329	407	163	2	50	4858	603	988	0,0,0,0,0,0	32971	24	162	21895	219	0	20873,19255,19255,13256,13256,13256,13256	3	14	21591,0,0,0,0,0,0	110	73
173135	202	494	406	179	149	58	30	11	3553	197	332	421	107	2	45	4892	595	923	0,0,0,0,0,0	32923	39	129	22023	220	0	20982,19341,19341,13248,13248,13248,13248	3	14	21719,0,0,0,0,0,0	104	106
173265	197	456	391	168	149	61	28	10	3487	199	335	419	261	1	48	4480	560	890	0,0,0,0,0,0	32655	18	123	22145	222	0	21084,19417,19417,13226,13226,13226,13226	3	10	21841,0,0,0,0,0,0	109	118
173332	215	456	379	149	136	57	27	9	3447	201	338	448	271	1	59	4212	528	891	0,0,0,0,0,0	32640	28	158	22299	226	0	21220,19531,19531,13251,13251,13251,13251	3	15	21995,0,0,0,0,0,0	104	140
173465	197	460	357	145	129	53	24	7	3362	205	342	430	146	0	36	4059	507	858	0,0,0,0,0,0	38851	20	114	22410	229	0	21314,19600,19600,13223,13223,13223,13223	2	6	22106,0,0,0,0,0,0	108	160
173593	172	447	337	149	132	54	25	6	3281	205	345	448	326	5	46	3969	514	802	0,0,0,0,0,0	38840	111	105	22515	230	0	21414,19677,19677,13202,13202,13202,13202	2	13	22211,0,0,0,0,0,0	115	252
173674	180	438	330	154	141	49	26	6	3192	207	349	455	256	4	40	3874	505	813	0,0,0,0,0,0	27170	121	140	22654	231	0	21542,19782,19782,13216,13216,13216,13216	2	11	22350,0,0,0,0,0,0	104	359
173773	189	428	305	154	144	53	27	5	3105	208	355	438	272	2	41	3849	484	816	0,0,0,0,0,0	26798	121	145	22796	235	0	21671,19887,19887,13221,13221,13221,13221	2	12	22492,0,0,0,0,0,0	105	463
173830	213	412	293	142	151	55	27	6	3050	209	358	450	240	3	50	3896	481	812	0,0,0,0,0,0	26940	114	147	22942	236	0	21812,20007,20007,13253,13253,13253,13253	2	22	22638,0,0,0,0,0,0	102	560
173916	208	395	281	132	144	55	28	6	3010	211	360	446	272	1	50	3904	485	758	0,0,0,0,0,0	26721	130	108	23047	240	0	21904,20079,20079,13246,13246,13246,13246	2	13	22743,0,0,0,0,0,0	109	670
174006	190	411	281	127	138	57	27	6	2929	213	361	439	256	1	43	3903	452	779	0,0,0,0,0,0	27026	159	118	23165	241	0	22010,20165,20165,13243,13243,13243,13243	2	16	22861,0,0,0,0,0,0	103	811
174129	174	418	275	126	118	59	25	5	2841	214	362	451	96	1	28	3849	425	770	0,0,0,0,0,0	38740	121	107	23270	244	0	22102,20233,20233,13219,13219,13219,13219	2	6	22966,0,0,0,0,0,0	105	917
174215	169	397	281	118	132	55	23	8	2764	216	368	431	229	2	34	3472	395	780	0,0,0,0,0,0	38641	150	107	23376	247	0	22227,20339,20339,13229,13229,13229,13229	2	8	23072,0,0,0,0,0,0	100	1043
174300	188	377	283	105	126	50	23	9	2696	218	371	440	302	2	46	3636	406	746	0,0,0,0,0,0	26788	173	116	23493	247	0	22365,20457,20457,13245,13245,13245,13245	2	13	23189,0,0,0,0,0,0	93	1187
174373	193	378	278	108	117	49	24	6	2626	219	375	456	263	1	50	3849	428	719	0,0,0,0,0,0	26855	177	121	23611	250	0	22504,20577,20577,13267,13267,13267,13267	2	16	23307,0,0,0,0,0,0	99	1331
174422	183	375	268	107	133	48	23	7	2577	222	381	443	283	2	34	3502	419	718	0,0,0,0,0,0	26823	156	123	23731	254	0	22647,20702,20702,13302,13302,13302,13302	2	9	23427,0,0,0,0,0,0	97	1464
174485	174	374	272	107	132	43	21	6	2525	225	382	472	273	1	35	3689	437	686	0,0,0,0,0,0	26515	166	110	23839	257	0	22778,20816,20816,13324,13324,13324,13324	2	11	23535,0,0,0,0,0,0	83	1600
174574	159	381	281	102	119	39	18	9	2455	225	384	472	319	1	37	3646	448	651	0,0,0,0,0,0	26794	153	104	23943	257	0	22915,20934,20934,13336,13336,13336,13336	2	8	23639,0,0,0,0,0,0	72	1726
174640	162	385	278	115	114	37	17	9	2377	226	386	456	262	0	22	3264	417	691	0,0,0,0,0,0	38448	170	116	24059	258	0	23053,21053,21053,13362,13362,13362,13362	1	10	23755,0,0,0,0,0,0	72	1872
174708	170	377	254	118	111	37	18	10	2329	227	387	481	262	1	23	2995	378	707	0,0,0,0,0,0	37888	84	106	24165	259	0	23189,21172,21172,13385,13385,13385,13385	1	10	23861,0,0,0,0,0,0	66	1940
174784	170	375	239	110	110	41	17	9	2273	229	389	479	242	2	50	3050	414	648	0,0,0,0,0,0	26211	49	95	24256	265	0	23316,21282,21282,13398,13398,13398,13398	1	6	23952,0,0,0,0,0,0	63	1980
174831	159	371	236	125	114	38	15	9	2226	230	392	485	230	1	28	3199	414	644	0,0,0,0,0,0	26232	55	101	24357	265	0	23453,21404,21404,13429,13429,13429,13429	1	11	24053,0,0,0,0,0,0	62	2024
174875	159	371	234	116	117	33	18	9	2185	230	399	482	238	2	35	3116	414	634	0,0,0,0,0,0	26341	74	107	24463	267	0	23595,21530,21530,13465,13465,13465,13465	1	19	24159,0,0,0,0,0,0	58	2082
174945	139	336	248	119	107	32	20	7	2161	230	402	488	87	2	23	2881	365	636	0,0,0,0,0,0	26058	61	81	24543	268	0	23711,21631,21631,13475,13475,13475,13475	1	11	24239,0,0,0,0,0,0	53	2130
174993	127	336	232	120	108	32	22	7	2133	230	406	488	266	5	31	2780	347	630	0,0,0,0,0,0	26094	67	98	24637	272	0	23837,21742,21742,13500,13500,13500,13500	1	15	24334,0,0,0,0,0,0	56	2183
175033	130	308	246	120	105	30	22	8	2105	231	408	507	255	1	32	2668	346	615	0,0,0,0,0,0	37591	73	102	24735	278	0	23975,21866,21866,13536,13536,13536,13536	1	7	24432,0,0,0,0,0,0	57	2243
175134	125	282	234	112	99	32	24	8	2052	233	411	493	275	0	27	2384	330	578	0,0,0,0,0,0	37808	234	69	24802	280	0	24063,21937,21937,13517,13517,13517,13517	1	5	24499,0,0,0,0,0,0	56	2430
175195	127	281	229	98	89	29	23	8	2018	235	414	495	262	1	33	2334	319	557	0,0,0,0,0,0	25644	200	91	24891	282	0	24155,22014,22014,13518,13518,13518,13518	1	8	24588,0,0,0,0,0,0	58	2594
175244	127	292	200	89	81	29	24	8	2000	235	417	501	238	1	27	2368	294	548	0,0,0,0,0,0	25397	178	87	24976	284	0	24248,22093,22093,13524,13524,13524,13524	1	7	24673,0,0,0,0,0,0	63	2739
175299	141	272	205	77	89	23	23	7	1953	236	421	515	219	1	24	2260	287	543	0,0,0,0,0,0	25451	170	85	25058	287	0	24348,22180,22180,13532,13532,13532,13532	1	9	24755,0,0,0,0,0,0	59	2881
175330	151	272	190	81	92	25	20	6	1919	237	423	505	102	2	27	2118	288	543	0,0,0,0,0,0	25399	222	93	25150	288	0	24444,22264,22264,13551,13551,13551,13551	1	6	24847,0,0,0,0,0,0	54	3064
175359	124	289	197	84	97	22	19	5	1884	238	428	488	109	1	20	2071	276	556	0,0,0,0,0,0	25305	201	86	25236	289	0	24546,22354,22354,13572,13572,13572,13572	1	5	24933,0,0,0,0,0,0	56	3217
175399	129	279	186	95	105	25	18	5	1837	238	430	500	221	2	29	2029	284	553	0,0,0,0,0,0	36942	207	85	25321	290	0	24645,22440,22440,13587,13587,13587,13587	1	9	25018,0,0,0,0,0,0	60	3379
175464	130	256	183	99	98	23	15	4	1802	241	431	482	259	1	28	1943	305	499	0,0,0,0,0,0	37140	149	69	25387	293	0	24798,22581,22581,13618,13618,13618,13618	1	10	25085,0,0,0,0,0,0	52	3497
175493	115	284	174	89	96	27	13	3	1773	243	436	500	161	1	18	2015	283	515	0,0,0,0,0,0	25051	194	85	25472	294	0	24966,22738,22738,13672,13672,13672,13672	1	5	25170,0,0,0,0,0,0	51	3649
175505	135	286	163	103	93	28	14	1	1735	243	440	503	237	0	30	2055	298	524	3,0,0,0,0,0	25074	163	82	25579	296	0	25147,22907,22907,13740,13740,13740,13740	1	6	25251,27,0,0,0,0,0	50	3770
175507	149	297	178	88	87	26	12	4	1713	243	442	485	254	1	33	2350	290	547	8,0,0,0,0,0	24946	187	75	25689	301	0	25329,23079,23079,13815,13815,13815,13815	1	8	25317,73,0,0,0,0,0	45	3912
175491	179	314	180	90	90	26	13	5	1670	243	445	518	250	0	22	2233	282	610	13,0,0,0,0,0	25389	166	107	25824	305	0	25556,23294,23294,13921,13921,13921,13921	1	8	25405,120,0,0,0,0,0	45	4044
175486	207	326	188	78	91	29	13	5	1630	243	450	525	244	0	23	2336	276	656	18,0,0,0,0,0	25372	156	103	25955	306	0	25780,23506,23506,14019,14019,14019,14019	1	11	25484,173,0,0,0,0,0	49	4161
175480	222	351	196	90	92	27	13	6	1572	243	454	529	235	0	22	2292	261	730	24,0,0,0,0,0	37364	179	94	26086	314	0	25997,23712,23712,14117,14117,14117,14117	1	5	25548,247,0,0,0,0,0	47	4299
175444	224	378	200	106	103	25	11	6	1548	245	456	527	239	0	22	2301	259	788	30,0,0,0,0,0	37235	132	102	26230	318	0	26216,23921,23921,14229,14229,14229,14229	1	8	25605,337,0,0,0,0,0	45	4411
175376	227	435	206	106	105	27	9	7	1538	248	462	516	273	5	45	2390	310	805	34,0,0,0,0,0	25568	147	168	26394	322	0	26474,24171,24171,14376,14376,14376,14376	1	12	25681,427,0,0,0,0,0	42	4528
175302	238	449	248	101	114	29	12	6	1530	248	469	530	259	2	36	2620	334	857	40,0,0,0,0,0	25727	125	163	26553	327	0	26716,24405,24405,14518,14518,14518,14518	1	9	25740,530,0,0,0,0,0	48	4628
175214	250	471	244	114	121	27	12	5	1567	250	471	538	248	1	36	2840	348	891	44,0,0,0,0,0	25963	120	167	26718	331	0	26965,24649,24648,14669,14669,14669,14669	1	11	25805,632,0,0,0,0,0	45	4717
175148	261	504	246	117	114	26	13	5	1591	250	471	532	303	3	40	2845	364	917	49,0,0,0,0,0	26252	117	169	26883	338	0	27211,24887,24886,14809,14809,14809,14809	1	7	25848,760,0,0,0,0,0	44	4800
175064	266	512	265	120	136	29	11	4	1616	252	471	547	243	2	30	2852	363	976	52,0,0,0,0,0	26125	122	181	27055	347	0	27453,25123,25121,14955,14955,14955,14955	1	16	25919,868,0,0,0,0,0	48	4884
174977	275	530	301	125	139	29	12	4	1622	253	479	555	262	2	49	2574	411	1000	55,0,0,0,0,0	37972	114	176	27227	356	0	27721,25383,25381,15116,15116,15116,15116	1	9	25970,998,0,0,0,0,0	59	4967
174924	268	508	318	119	161	30	14	2	1667	253	482	541	242	3	35	2697	411	1007	58,0,0,0,0,0	38172	320	155	27379	359	0	27922,25576,25573,15226,15226,15226,15226	1	8	26014,1108,0,0,0,0,0	62	5204
174851	273	529	316	129	171	34	15	2	1688	254	484	552	266	0	64	3085	471	996	60,0,0,0,0,0	25933	305	189	27558	369	0	28138,25785,25781,15352,15352,15352,15352	1	14	26069,1239,0,0,0,0,0	67	5424
174747	307	541	331	153	156	33	16	1	1717	255	489	556	250	2	50	3506	490	1047	63,0,0,0,0,0	26628	297	214	27768	373	0	28380,26019,26013,15505,15505,15505,15505	1	15	26132,1390,0,0,0,0,0	72	5629
174667	322	580	320	166	161	36	17	0	1729	255	493	534	219	1	48	3629	526	1076	65,0,0,0,0,0	26781	306	212	27972	382	0	28618,26250,26241,15646,15646,15646,15646	1	14	26189,1543,0,0,0,0,0	73	5848
174569	327	629	331	162	177	37	20	0	1742	255	497	533	254	1	56	3555	525	1158	68,0,0,0,0,0	26836	314	237	28199	393	0	28870,26494,26483,15804,15804,15804,15804	1	14	26238,1725,0,0,0,0,0	77	6067
174428	347	668	360	169	170	41	25	0	1783	256	499	556	232	2	76	3932	576	1204	70,0,0,0,0,0	26898	270	259	28449	403	0	29149,26768,26754,15995,15995,15995,15995	1	15	26290,1930,0,0,0,0,0	81	6262
174305	365	677	388	180	170	46	27	0	1832	257	499	554	320	0	43	3761	597	1256	72,0,0,0,0,0	38888	298	225	28671	409	0	29400,27015,26999,16164,16164,16164,16164	1	20	26322,2124,0,0,0,0,0	96	6470
174187	371	692	406	181	176	47	29	1	1898	257	501	544	327	1	55	4025	606	1296	75,0,0,0,0,0	38605	636	227	28894	415	0	29754,27367,27347,16387,16387,16387,16387	1	14	26354,2319,0,0,0,0,0	104	6800
173991	379	772	412	201	196	47	30	0	1953	259	506	529	306	4	64	4275	655	1382	75,0,0,0,0,0	27319	591	310	29191	430	0	30169,27781,27758,16676,16676,16676,16676	1	24	26414,2566,0,0,0,0,0	104	7219
173837	425	788	418	210	204	48	31	0	2015	260	510	524	241	3	68	4198	657	1467	77,0,0,0,0,0	27025	635	288	29472	438	0	30553,28164,28135,16929,16929,16929,16929	1	16	26465,2803,0,0,0,0,0	101	7785
173643	474	821	455	227	207	51	31	0	2057	264	516	544	224	2	83	4352	721	1545	79,0,0,0,0,0	27201	585	323	29781	452	0	30972,28582,28548,17218,17218,17218,17218	1	15	26500,3086,0,0,0,0,0	114	8301
173428	489	886	484	237	215	57	32	0	2134	266	518	494	281	4	73	4035	748	1652	80,0,0,0,0,0	27116	628	338	30108	466	0	31417,29029,28990,17534,17534,17534,17534	2	18	26558,3368,0,0,0,0,0	120	8862
173184	529	961	491	252	228	59	34	0	2219	267	522	488	313	6	72	4419	769	1785	81,0,0,0,0,0	27170	634	379	30473	482	0	31882,29497,29451,17875,17875,17875,17875	2	20	26603,3700,0,0,0,0,0	128	9408
172991	535	995	547	254	237	62	36	1	2293	271	524	503	233	3	73	4689	804	1862	82,0,0,0,0,0	39355	615	329	30790	495	0	32313,29929,29877,18174,18174,18174,18174	2	10	26641,3990,0,0,0,0,0	130	9944
172808	510	1052	574	261	263	63	36	3	2380	271	525	489	244	3	70	4560	800	1959	83,0,0,0,0,0	39659	815	329	31104	512	0	32764,30382,30324,18476,18476,18476,18476	2	13	26681,4276,0,0,0,0,0	135	10670
172489	566	1126	609	280	275	64	37	4	2495	272	529	477	334	5	100	5087	848	2109	85,0,0,0,0,0	27941	782	461	31540	537	0	33380,31003,30937,18928,18928,18928,18928	2	31	26728,4688,0,0,0,0,0	146	11356
172150	651	1162	632	297	299	67	36	7	2637	273	535	470	257	4	108	5935	930	2214	86,0,0,0,0,0	28503	782	477	31999	558	0	34066,31694,31620,19426,19426,19426,19426	2	22	26769,5122,0,0,0,0,0	156	12028
171875	701	1205	668	298	298	73	40	7	2769	276	536	466	309	4	101	6302	987	2296	87,0,0,0,0,0	29232	811	441	32429	572	0	34704,32337,32253,19869,19869,19869,19869	2	21	26810,5523,0,0,0,0,0	153	12731
171499	741	1348	666	300	313	72	44	8	2937	279	539	491	248	4	103	6783	1054	2430	88,0,0,0,0,0	29469	786	523	32931	599	0	35430,33071,32978,20406,20406,20406,20406	2	25	26852,6004,0,0,0,0,0	165	13419
171153	793	1399	709	353	329	71	46	9	3060	283	541	473	278	6	116	7190	1138	2562	88,0,0,0,0,0	30004	828	515	33428	618	0	36138,33786,33682,20920,20920,20920,20920	2	23	26893,6478,0,0,0,0,0	157	14127
170856	792	1439	745	373	365	77	47	8	3210	284	550	471	237	5	95	7228	1172	2666	89,0,0,0,0,0	41358	789	462	33869	642	0	36795,34451,34337,21385,21385,21385,21385	2	19	26911,6923,0,0,0,0,0	177	14787
170591	780	1461	800	414	372	82	55	8	3346	284	553	464	253	3	103	7289	1180	2784	90,0,0,0,0,0	41703	900	469	34315	667	0	37508,35172,35044,21857,21857,21857,21857	2	19	26936,7361,0,0,0,0,0	180	15550
170259	789	1512	860	428	398	86	57	9	3508	285	555	465	303	7	160	7890	1297	2833	91,0,0,0,0,0	47151	902	521	34811	693	0	38257,35931,35790,22380,22380,22380,22380	2	28	26974,7843,0,0,0,0,0	183	16317
169912	824	1550	884	443	415	89	60	7	3715	288	559	474	295	5	141	8417	1363	2902	91,0,0,0,0,0	47407	932	545	35331	719	0	39017,36701,36547,22914,22914,22914,22914	2	31	27010,8353,0,0,0,0,0	195	17102
169616	808	1631	922	464	422	94	59	7	3866	294	563	450	246	4	143	8663	1443	2957	91,0,0,0,0,0	47622	904	534	35843	742	0	39771,37468,37297,23425,23425,23425,23425	2	28	27042,8852,0,0,0,0,0	198	17854
169269	800	1703	936	486	441	102	62	10	4077	296	564	464	334	11	143	8815	1474	3056	92,0,0,0,0,0	47651	899	559	36378	772	0	40538,38248,38062,23968,23968,23968,23968	2	35	27068,9387,0,0,0,0,0	204	18584
168906	821	1799	982	483	457	105	63	10	4250	298	572	457	236	6	170	8742	1556	3154	92,0,0,0,0,0	47970	920	601	36949	805	0	41352,39079,38875,24544,24544,24544,24544	3	35	27106,9947,0,0,0,0,0	221	19314
168677	782	1764	1010	493	492	107	63	7	4473	304	574	449	242	10	126	8656	1539	3172	93,0,0,0,0,0	71149	909	480	37405	833	0	42024,39769,39544,24984,24984,24984,24984	3	35	27126,10405,0,0,0,0,0	237	20065
168552	732	1654	1049	529	533	113	65	8	4627	307	577	445	294	5	156	9167	1588	3087	93,0,0,0,0,0	71404	590	413	37801	855	0	42734,40498,40252,25395,25395,25395,25395	3	22	27141,10804,0,0,0,0,0	228	20532
168315	745	1662	1044	531	516	117	65	10	4849	312	580	415	309	4	193	9727	1652	3028	93,0,0,0,0,0	48302	625	524	38292	891	0	43526,41314,41045,25901,25901,25901,25901	3	31	27157,11306,0,0,0,0,0	238	21029
168052	769	1630	1059	537	556	119	70	10	5046	315	583	432	263	6	174	10309	1722	3018	94,0,0,0,0,0	48611	712	531	38794	925	0	44327,42136,41846,26425,26425,26425,26425	3	37	27178,11818,0,0,0,0,0	245	21580
167797	855	1596	1068	531	573	121	69	10	5219	321	586	437	248	6	205	10745	1740	3073	94,0,0,0,0,0	49264	626	576	39334	962	0	45151,42987,42672,26959,26959,26959,26959	3	27	27191,12374,0,0,0,0,0	250	22044
167570	873	1633	1063	526	543	124	67	14	5418	327	588	447	320	12	181	10847	1726	3103	95,0,0,0,0,0	49394	640	551	39841	1006	0	45938,43802,43460,27464,27464,27464,27464	3	43	27207,12899,0,0,0,0,0	266	22540
167356	871	1628	1062	540	530	132	68	15	5620	331	593	396	303	4	175	10759	1719	3112	95,0,0,0,0,0	49430	640	536	40348	1038	0	46729,44618,44250,27958,27958,27958,27958	3	31	27222,13417,0,0,0,0,0	268	23050
167260	810	1605	1080	540	524	133	73	17	5778	332	594	388	293	10	143	10583	1666	3099	95,0,0,0,0,0	72764	630	424	40762	1056	0	47425,45341,44945,28351,28351,28351,28351	3	26	27233,13833,0,0,0,0,0	284	23536
167214	696	1609	1062	555	498	137	72	12	5956	339	596	364	317	2	159	10315	1627	3002	96,0,0,0,0,0	72504	886	383	41130	1073	0	48014,45966,45543,28699,28699,28699,28699	3	13	27243,14204,0,0,0,0,0	282	24257
167040	692	1645	1052	530	501	142	78	14	6112	342	598	347	246	4	153	10649	1592	3048	96,0,0,0,0,0	49300	858	521	41619	1108	0	48768,46755,46302,29162,29162,29162,29162	3	32	27258,14708,0,0,0,0,0	266	24930
166920	750	1597	1070	540	494	145	71	16	6191	351	601	363	271	11	167	10514	1647	3020	96,0,0,0,0,0	49097	888	520	42108	1140	0	49587,47606,47119,29610,29610,29610,29610	3	27	27268,15215,0,0,0,0,0	256	25621
166788	768	1540	1104	546	473	153	75	16	6325	355	603	362	319	6	157	10419	1656	3003	96,0,0,0,0,0	49189	935	474	42547	1178	0	50319,48367,47852,30019,30019,30019,30019	3	29	27279,15673,0,0,0,0,0	257	26374
166720	772	1555	1065	528	474	149	73	18	6429	360	603	379	284	6	149	9989	1601	3015	96,0,0,0,0,0	49359	898	494	43010	1210	0	51075,49158,48607,30413,30413,30413,30413	3	28	27284,16156,0,0,0,0,0	266	27082
166577	772	1614	1044	516	467	149	77	18	6543	363	606	382	308	9	149	9703	1582	3057	97,0,0,0,0,0	48785	980	512	43508	1228	0	51866,49979,49397,30861,30861,30861,30861	3	35	27295,16656,0,0,0,0,0	266	27853
166586	723	1566	1046	497	492	160	79	15	6611	365	606	391	241	6	113	9204	1512	3051	97,0,0,0,0,0	72118	893	395	43881	1250	0	52525,50671,50055,31172,31172,31172,31172	3	21	27299,17041,0,0,0,0,0	270	28544
166607	653	1536	1022	478	470	157	77	19	6750	370	607	380	282	13	148	8968	1434	2959	97,0,0,0,0,0	72028	1107	378	44240	1272	0	53317,51495,50845,31535,31535,31535,31535	3	26	27304,17414,0,0,0,0,0	282	29431
166566	663	1475	1053	479	470	152	77	18	6810	374	609	397	259	9	179	8943	1447	2922	97,0,0,0,0,0	48019	1079	464	44679	1297	0	54160,52372,51687,31953,31953,31953,31953	3	29	27314,17862,0,0,0,0,0	278	30282
166519	678	1475	1028	481	445	154	79	18	6879	379	611	379	310	6	151	9272	1446	2894	97,0,0,0,0,0	48033	1027	469	45124	1324	0	55003,53251,52530,32375,32375,32375,32375	3	23	27326,18310,0,0,0,0,0	266	31065
166462	710	1459	1006	486	440	145	80	19	6936	385	618	341	255	2	163	9311	1424	2902	97,0,0,0,0,0	48110	1043	472	45559	1362	0	55871,54156,53400,32814,32814,32814,32814	3	24	27332,18771,0,0,0,0,0	263	31842
166401	738	1466	997	470	449	148	78	17	6972	390	620	354	297	8	130	9258	1386	2960	97,0,0,0,0,0	48047	1073	471	46012	1386	0	56737,55059,54267,33252,33252,33252,33252	3	24	27345,19229,0,0,0,0,0	253	32648
166367	778	1439	962	474	451	152	76	16	7015	395	621	366	252	5	157	9045	1351	2981	97,0,0,0,0,0	48065	1068	460	46438	1424	0	57618,55977,55149,33687,33687,33687,33687	3	26	27356,19671,0,0,0,0,0	266	33419
166488	709	1406	947	467	449	142	78	16	7023	399	622	364	293	9	121	8689	1272	2926	97,0,0,0,0,0	71398	1027	338	46749	1453	0	58331,56732,55864,33969,33969,33969,33969	2	14	27358,20000,0,0,0,0,0	259	34185
166630	600	1389	934	445	452	145	77	16	7031	403	624	351	252	8	135	8669	1262	2780	97,0,0,0,0,0	71370	1390	312	47035	1481	0	59119,57562,56654,34267,34267,34267,34267	2	24	27361,20307,0,0,0,0,0	255	35232
166664	589	1331	952	450	453	138	73	16	7044	408	628	368	318	5	165	8630	1270	2716	98,0,0,0,0,0	47713	1384	406	47418	1505	0	60001,58482,57536,34660,34660,34660,34660	2	12	27367,20699,0,0,0,0,0	251	36260
166710	581	1350	915	428	440	130	71	19	7061	413	628	357	327	4	160	8508	1311	2604	98,0,0,0,0,0	47980	1456	399	47797	1529	0	60853,59373,58389,35031,35031,35031,35031	2	23	27368,21096,0,0,0,0,0	244	37349
166754	608	1321	884	430	441	130	60	18	7046	425	629	367	226	5	126	8418	1276	2598	98,0,0,0,0,0	47378	1342	405	48185	1549	0	61695,60256,59232,35401,35401,35401,35401	2	24	27370,21496,0,0,0,0,0	223	38352
166777	614	1273	892	412	444	130	59	16	7071	428	630	366	315	7	130	7928	1235	2589	98,0,0,0,0,0	38599	1396	392	48550	1577	0	62545,61144,60085,35783,35783,35783,35783	2	15	27372,21877,0,0,0,0,0	216	39398
166806	627	1296	877	401	437	124	56	13	7042	436	631	376	326	7	125	7918	1231	2587	98,0,0,0,0,0	39077	1434	426	48948	1607	0	63404,62046,60948,36171,36171,36171,36171	2	24	27375,22295,0,0,0,0,0	207	40432
166936	551	1249	896	422	456	127	59	13	6965	439	633	408	326	6	108	7249	1211	2549	98,0,0,0,0,0	41156	1418	293	49226	1624	0	64153,62833,61698,36450,36450,36450,36450	2	6	27376,22585,0,0,0,0,0	203	41487
167110	523	1205	843	414	453	127	59	13	6917	445	637	414	282	8	133	7404	1178	2446	99,0,0,0,0,0	41096	1080	316	49521	1647	0	64908,63631,62453,36707,36707,36707,36707	2	15	27378,22896,0,0,0,0,0	204	42259
167225	549	1194	823	393	413	129	55	16	6856	451	642	386	311	5	134	7485	1180	2376	99,0,0,0,0,0	38601	1096	357	49859	1666	0	65711,64477,63257,37008,37008,37008,37008	2	11	27379,23247,0,0,0,0,0	199	43019
167352	560	1192	812	410	379	128	53	17	6746	454	643	383	254	6	115	7827	1156	2378	99,0,0,0,0,0	38754	1113	363	50194	1696	0	66542,65352,64089,37324,37324,37324,37324	2	21	27379,23602,0,0,0,0,0	201	43760
167457	569	1193	808	412	364	116	52	17	6655	457	646	392	244	6	114	7721	1116	2398	99,0,0,0,0,0	38997	1064	368	50537	1723	0	67330,66183,64878,37628,37628,37628,37628	2	19	27382,23962,0,0,0,0,0	201	44465
167554	570	1151	808	380	371	111	51	15	6627	460	648	401	284	5	102	7520	1015	2427	99,0,0,0,0,0	38733	1114	341	50861	1742	0	68109,67002,65658,37926,37926,37926,37926	2	17	27383,24300,0,0,0,0,0	185	45183
167654	538	1153	808	375	360	110	47	17	6569	465	650	420	267	6	117	7478	1018	2373	99,0,0,0,0,0	38448	1079	332	51171	1764	0	68886,67818,66437,38224,38224,38224,38224	2	15	27384,24625,0,0,0,0,0	189	45893
167821	500	1093	800	363	333	106	44	16	6550	470	650	440	311	4	116	7048	995	2244	99,0,0,0,0,0	40455	1087	248	51403	1782	0	69585,68555,67138,38451,38451,38451,38451	2	11	27384,24869,0,0,0,0,0	170	46605
167982	470	1034	789	367	330	99	42	17	6490	474	652	430	242	3	94	6829	958	2173	99,0,0,0,0,0	40687	855	256	51644	1798	0	70264,69270,67819,38667,38667,38667,38667	2	11	27384,25119,0,0,0,0,0	165	47160
168162	438	1006	763	357	319	90	40	17	6425	475	654	427	303	9	94	6683	907	2106	99,0,0,0,0,0	31580	938	261	51895	1813	0	70931,69979,68489,38863,38863,38863,38863	2	16	27385,25378,0,0,0,0,0	158	47766
168318	433	970	749	327	317	84	43	15	6356	477	657	425	322	5	102	6939	888	2035	99,0,0,0,0,0	31574	933	284	52163	1831	0	71621,70711,69182,39081,39081,39081,39081	1	8	27385,25660,0,0,0,0,0	150	48337
168476	430	943	735	312	299	90	41	16	6261	484	659	433	254	4	96	6890	854	1996	99,0,0,0,0,0	31879	857	268	52414	1850	0	72301,71432,69865,39292,39292,39292,39292	1	19	27385,25924,0,0,0,0,0	143	48875
168644	425	916	722	287	294	91	43	16	6163	484	661	412	288	4	106	6234	840	1938	99,0,0,0,0,0	31467	910	246	52650	1860	0	72966,72136,70534,39488,39488,39488,39488	1	10	27385,26167,0,0,0,0,0	153	49439
168834	408	917	690	264	288	87	45	15	6051	485	662	434	331	2	110	6323	846	1853	99,0,0,0,0,0	25774	894	249	52885	1874	0	73644,72855,71215,39682,39682,39682,39682	1	14	27385,26411,0,0,0,0,0	160	50007
169030	385	891	678	254	270	87	39	15	5942	490	665	419	235	5	61	6480	778	1826	99,0,0,0,0,0	32207	920	226	53098	1889	0	74266,73515,71839,39851,39851,39851,39851	1	9	27385,26632,0,0,0,0,0	148	50596
169249	351	838	687	241	269	83	38	14	5815	492	669	408	268	1	54	6548	707	1800	99,0,0,0,0,0	32661	1224	196	53283	1901	0	74869,74159,72447,39993,39993,39993,39993	1	14	27385,26827,0,0,0,0,0	146	51448
169382	349	798	701	233	248	84	36	17	5734	493	671	397	264	3	82	6638	683	1766	99,0,0,0,0,0	25753	1284	234	53506	1915	0	75524,74850,73107,40192,40192,40192,40192	1	8	27385,27060,0,0,0,0,0	135	52349
169532	355	766	667	233	240	76	35	17	5654	496	675	404	242	7	78	6388	655	1717	99,0,0,0,0,0	26093	1231	222	53704	1940	0	76127,75491,73717,40360,40360,40360,40360	1	9	27385,27277,0,0,0,0,0	130	53203
169699	350	737	625	229	255	73	33	17	5551	499	678	414	263	5	74	6099	637	1665	99,0,0,0,0,0	25885	1187	220	53916	1949	0	76713,76114,74307,40517,40517,40517,40517	1	13	27385,27495,0,0,0,0,0	117	53993
169924	320	701	594	225	234	68	31	19	5449	502	679	435	314	5	79	5691	612	1561	99,0,0,0,0,0	25652	1208	170	54079	1956	0	77280,76720,74880,40634,40634,40634,40634	1	9	27385,27664,0,0,0,0,0	101	54842
170150	270	690	561	227	221	63	30	17	5332	503	682	436	275	2	69	5041	598	1464	99,0,0,0,0,0	24733	1250	149	54222	1962	0	77823,77300,75429,40745,40745,40745,40745	1	9	27385,27812,0,0,0,0,0	100	55713
170363	237	628	527	222	216	62	27	15	5259	505	685	459	320	0	56	4757	553	1366	100,0,0,0,0,0	29070	1184	128	54348	1966	0	78358,77868,75969,40856,40856,40856,40856	1	5	27385,27939,0,0,0,0,0	95	56510
170557	230	576	494	199	199	56	27	15	5198	508	687	448	271	4	62	4621	513	1268	100,0,0,0,0,0	28716	617	142	54477	1981	0	79092,78637,76712,41076,41076,41076,41076	1	8	27385,28077,0,0,0,0,0	95	56946
170783	211	513	489	200	180	51	26	14	5079	508	692	484	269	1	66	4565	475	1195	100,0,0,0,0,0	23529	565	118	54584	1992	0	79811,79391,77441,41273,41273,41273,41273	1	7	27385,28192,0,0,0,0,0	90	57333
171037	189	457	485	171	172	53	24	14	4939	509	696	472	280	3	62	4347	440	1111	100,0,0,0,0,0	23082	582	113	54687	2002	0	80526,80142,78163,41453,41453,41453,41453	1	8	27385,28303,0,0,0,0,0	89	57722
171255	180	457	440	156	156	49	20	14	4806	513	700	467	241	5	61	4456	455	1003	100,0,0,0,0,0	23177	562	115	54795	2010	0	81213,80862,78858,41632,41632,41632,41632	1	8	27385,28417,0,0,0,0,0	83	58118
171479	184	411	440	144	145	44	22	14	4645	514	704	470	261	2	37	4145	427	963	100,0,0,0,0,0	22891	630	106	54894	2017	0	81908,81590,79563,41817,41817,41817,41817	0	2	27385,28521,0,0,0,0,0	73	58535
171674	176	390	392	130	136	43	20	15	4547	516	707	492	221	1	41	4064	383	904	100,0,0,0,0,0	22864	590	100	54988	2024	0	82614,82328,80278,42023,42023,42023,42023	0	6	27385,28620,0,0,0,0,0	74	58959
171886	167	351	370	131	138	39	23	13	4402	516	710	476	244	1	39	3886	367	852	100,0,0,0,0,0	28092	601	87	55067	2032	0	83281,83024,80954,42205,42205,42205,42205	0	6	27385,28705,0,0,0,0,0	74	59376
172095	158	330	359	118	131	32	20	11	4261	518	713	469	246	1	41	3660	341	807	100,0,0,0,0,0	27807	848	100	55155	2045	0	83711,83483,81391,42251,42251,42251,42251	0	2	27385,28802,0,0,0,0,0	68	59936
172352	161	303	346	112	113	31	18	13	4062	518	717	481	302	2	38	3735	320	764	100,0,0,0,0,0	17233	816	89	55235	2054	0	84115,83922,81804,42260,42260,42260,42260	0	3	27385,28889,0,0,0,0,0	62	60504
172585	148	300	305	99	104	28	18	11	3907	520	721	479	255	1	21	3609	275	727	100,0,0,0,0,0	17387	820	73	55300	2062	0	84498,84332,82195,42270,42270,42270,42270	0	3	27385,28960,0,0,0,0,0	54	61078
172823	126	289	283	91	96	26	15	13	3742	521	721	471	235	1	26	3058	250	676	100,0,0,0,0,0	17162	800	61	55356	2068	0	84864,84724,82567,42264,42264,42264,42264	0	5	27385,29021,0,0,0,0,0	53	61631
172993	124	275	272	88	91	23	11	14	3609	523	723	479	267	2	32	2575	232	652	100,0,0,0,0,0	16556	830	82	55433	2074	0	85272,85152,82981,42316,42316,42316,42316	0	3	27385,29101,0,0,0,0,0	48	62209
173174	116	288	245	72	92	22	9	13	3463	524	728	482	243	3	26	2421	213	631	100,0,0,0,0,0	16293	836	74	55504	2077	0	85677,85581,83393,42356,42356,42356,42356	0	2	27385,29174,0,0,0,0,0	41	62774
173376	102	264	248	70	85	19	8	11	3309	524	730	503	289	0	23	2251	204	592	100,0,0,0,0,0	26571	815	61	55562	2080	0	86056,85981,83779,42389,42389,42389,42389	0	5	27385,29233,0,0,0,0,0	40	63349
173571	103	222	243	71	86	15	6	11	3158	525	735	471	315	1	22	2369	192	554	100,0,0,0,0,0	26643	1024	53	55606	2089	0	86422,86370,84152,42396,42396,42396,42396	0	6	27385,29285,0,0,0,0,0	36	64091
173754	103	202	226	74	79	15	5	11	3014	525	738	481	303	0	18	2195	173	531	100,0,0,0,0,0	16121	1024	55	55657	2095	0	86813,86781,84549,42417,42417,42417,42417	0	7	27385,29341,0,0,0,0,0	28	64824
173928	89	203	221	69	75	12	3	10	2866	527	743	509	263	1	25	2102	167	505	100,0,0,0,0,0	15852	1038	54	55710	2096	0	87200,87189,84943,42442,42442,42442,42442	0	5	27385,29395,0,0,0,0,0	23	65548
174070	98	192	217	56	66	11	3	9	2745	528	751	519	301	0	23	2163	165	478	100,0,0,0,0,0	16071	1054	57	55765	2099	0	87567,87572,85315,42469,42469,42469,42469	0	3	27385,29453,0,0,0,0,0	20	66300
174200	96	193	210	53	59	11	4	9	2625	528	758	510	89	0	7	1923	154	472	100,0,0,0,0,0	15900	1043	64	55824	2104	0	87965,87986,85719,42522,42522,42522,42522	0	4	27385,29516,0,0,0,0,0	19	67027
174372	86	184	205	60	50	10	5	9	2479	528	758	522	245	1	10	1914	144	456	100,0,0,0,0,0	15534	1029	47	55870	2105	0	88339,88378,86099,42536,42536,42536,42536	0	3	27385,29563,0,0,0,0,0	20	67755
174528	66	193	194	52	44	9	5	8	2359	529	759	509	243	0	17	1906	139	424	100,0,0,0,0,0	20951	1040	36	55901	2110	0	88726,88780,86492,42572,42572,42572,42572	0	1	27385,29597,0,0,0,0,0	18	68493
174656	63	178	193	51	39	9	5	8	2251	529	764	532	249	0	12	1695	128	410	100,0,0,0,0,0	21037	362	39	55939	2111	0	89268,89338,87042,42695,42695,42695,42695	0	6	27385,29636,0,0,0,0,0	15	68736
174797	68	169	175	55	40	7	5	6	2127	529	768	546	283	1	12	1689	113	406	100,0,0,0,0,0	12526	341	51	55986	2115	0	89833,89919,87615,42819,42819,42819,42819	0	1	27385,29685,0,0,0,0,0	15	68984
174931	67	165	164	55	37	8	6	6	2008	529	770	546	234	0	19	1543	119	383	100,0,0,0,0,0	12371	324	42	56027	2116	0	90364,90465,88154,42927,42927,42927,42927	0	3	27385,29727,0,0,0,0,0	18	69199
175037	71	148	171	52	37	8	5	6	1908	530	773	539	95	2	12	1388	112	380	100,0,0,0,0,0	12263	323	42	56064	2122	0	90895,91009,88693,43052,43052,43052,43052	0	0	27385,29767,0,0,0,0,0	16	69423
175152	72	129	167	47	38	8	5	4	1819	530	775	537	139	0	9	1369	104	362	100,0,0,0,0,0	12100	336	31	56095	2122	0	91421,91547,89227,43163,43163,43163,43163	0	1	27385,29798,0,0,0,0,0	13	69663
175254	73	132	157	44	39	6	7	4	1723	530	777	519	121	0	17	1115	106	352	100,0,0,0,0,0	12168	358	46	56138	2125	0	91969,92108,89783,43299,43299,43299,43299	0	2	27385,29843,0,0,0,0,0	12	69915
175358	73	116	148	49	33	6	7	4	1640	530	782	526	245	1	11	1043	90	342	100,0,0,0,0,0	20201	345	30	56168	2126	0	92489,92641,90312,43425,43425,43425,43425	0	2	27385,29874,0,0,0,0,0	14	70153
175449	59	119	140	42	30	5	9	3	1573	530	787	513	329	1	12	1046	81	323	100,0,0,0,0,0	20498	345	28	56196	2126	0	92665,92825,90490,43342,43342,43342,43342	0	1	27385,29902,0,0,0,0,0	14	70379
175574	49	108	136	35	34	5	9	3	1473	530	790	528	231	1	14	1008	88	288	100,0,0,0,0,0	11765	302	18	56213	2127	0	92813,92985,90642,43223,43223,43223,43223	0	0	27385,29920,0,0,0,0,0	16	70596
175690	42	109	118	28	26	5	6	4	1393	532	793	552	144	1	14	1076	82	252	100,0,0,0,0,0	11728	315	24	56236	2128	0	92951,93135,90783,43106,43106,43106,43106	0	0	27385,29944,0,0,0,0,0	12	70809
175772	45	93	117	26	27	5	4	5	1325	533	794	553	249	0	6	1133	75	242	100,0,0,0,0,0	12034	355	25	56261	2128	0	93100,93293,90936,43009,43009,43009,43009	0	1	27385,29969,0,0,0,0,0	11	71044
175850	44	80	111	24	28	7	4	3	1266	533	796	573	81	0	6	976	70	228	100,0,0,0,0,0	11939	316	21	56282	2129	0	93265,93465,91104,42927,42927,42927,42927	0	0	27385,29991,0,0,0,0,0	11	71269
175917	32	97	104	23	21	8	4	3	1206	533	798	524	79	0	8	988	63	226	100,0,0,0,0,0	11846	285	27	56305	2133	0	93433,93642,91277,42844,42844,42844,42844	0	0	27385,30017,0,0,0,0,0	13	71447
175983	32	93	96	22	20	8	4	3	1151	533	801	573	96	0	4	936	60	215	100,0,0,0,0,0	20346	309	24	56328	2134	0	93601,93817,91448,42769,42769,42769,42769	0	2	27385,30041,0,0,0,0,0	13	71663
176043	35	82	93	21	23	8	4	3	1099	533	802	608	95	0	4	861	56	210	100,0,0,0,0,0	20269	163	27	56354	2135	0	93823,94047,91677,42743,42743,42743,42743	0	2	27385,30068,0,0,0,0,0	13	71760
176091	43	74	92	19	21	7	3	3	1055	534	804	592	258	0	10	803	56	203	100,0,0,0,0,0	11515	156	27	56377	2139	0	94035,94264,91894,42699,42699,42699,42699	0	3	27385,30094,0,0,0,0,0	11	71871
176149	32	82	82	22	23	7	2	4	1002	534	807	617	90	0	6	756	61	189	100,0,0,0,0,0	11625	172	17	56392	2141	0	94238,94474,92103,42649,42649,42649,42649	0	0	27385,30110,0,0,0,0,0	12	71982
176200	33	79	77	18	21	7	3	4	960	534	810	615	5228	6	5	722	51	187	100,0,0,0,0,0	11546	165	21	56409	2145	0	94445,94687,92315,42606,42606,42606,42606	0	0	27385,30131,0,0,0,0,0	10	72091
176282	28	65	76	14	25	6	3	4	897	534	812	617	2681	3	5	652	47	170	100,0,0,0,0,0	11523	169	12	56420	2146	0	94651,94902,92527,42546,42546,42546,42546	0	0	27385,30143,0,0,0,0,0	10	72200
176334	24	67	70	15	21	5	3	4	855	534	814	640	1410	2	6	411	46	159	100,0,0,0,0,0	11474	157	16	56436	2146	0	94842,95099,92725,42498,42498,42498,42498	0	1	27385,30159,0,0,0,0,0	10	72305
176377	25	62	70	16	20	5	2	3	811	535	820	628	943	1	6	388	49	151	100,0,0,0,0,0	19919	178	20	56453	2149	0	95056,95320,92945,42463,42463,42463,42463	0	1	27385,30178,0,0,0,0,0	9	72417
176433	21	59	63	16	9	7	1	3	776	535	823	641	523	0	11	389	51	125	100,0,0,0,0,0	19838	171	10	56462	2150	0	95274,95543,93169,42425,42425,42425,42425	0	0	27385,30188,0,0,0,0,0	7	72526
176502	20	43	64	14	10	7	1	3	719	535	828	631	2838	1	3	451	44	115	100,0,0,0,0,0	21912	163	6	56467	2151	0	95490,95765,93392,42375,42375,42375,42375	0	0	27385,30194,0,0,0,0,0	8	72640
176532	19	47	57	15	10	7	1	2	685	535	836	625	2670	1	3	451	43	113	100,0,0,0,0,0	22085	151	17	56483	2152	0	95718,95999,93627,42356,42356,42356,42356	0	1	27385,30211,0,0,0,0,0	8	72747
176569	18	40	48	16	11	7	0	2	657	536	842	625	2043	1	3	452	44	96	100,0,0,0,0,0	22040	137	7	56488	2154	0	95948,96233,93865,42332,42332,42332,42332	0	1	27385,30217,0,0,0,0,0	7	72846
176595	17	34	47	11	12	6	1	2	641	536	844	630	1438	0	2	384	37	91	100,0,0,0,0,0	22070	179	12	56499	2155	0	96172,96459,94095,42311,42311,42311,42311	0	0	27385,30229,0,0,0,0,0	6	72960
176637	14	31	38	11	14	7	1	1	609	536	847	645	1033	1	4	351	34	82	100,0,0,0,0,0	21860	198	6	56505	2155	0	96387,96679,94318,42278,42278,42278,42278	0	0	27385,30235,0,0,0,0,0	7	73080
176679	9	29	34	12	13	7	1	1	577	536	848	627	1887	1	5	381	37	68	100,0,0,0,0,0	19856	151	7	56512	2155	0	96611,96905,94548,42254,42254,42254,42254	0	0	27385,30242,0,0,0,0,0	7	73168
176716	9	26	35	12	16	7	1	1	537	536	850	607	2189	0	3	402	36	70	100,0,0,0,0,0	19996	172	9	56521	2155	0	96638,96937,94579,42103,42103,42103,42103	0	0	27385,30251,0,0,0,0,0	8	73277
176744	7	25	31	9	16	4	1	1	518	536	854	605	2222	0	3	361	32	61	100,0,0,0,0,0	21978	183	5	56526	2155	0	96662,96964,94604,41943,41943,41943,41943	0	0	27385,30256,0,0,0,0,0	5	73393
176777	6	27	25	9	13	4	1	0	489	536	859	598	1799	0	2	333	29	56	100,0,0,0,0,0	21612	152	4	56530	2155	0	96668,96973,94613,41773,41773,41773,41773	0	0	27385,30260,0,0,0,0,0	7	73498
176804	2	27	27	7	12	5	1	0	460	536	865	597	1377	0	5	233	29	52	100,0,0,0,0,0	21936	170	5	56534	2156	0	96683,96990,94629,41612,41612,41612,41612	0	0	27385,30265,0,0,0,0,0	5	73620
176831	3	20	22	5	12	2	1	0	447	536	867	627	1831	0	5	244	24	41	100,0,0,0,0,0	21856	162	2	56536	2156	0	96701,97011,94650,41450,41450,41450,41450	0	0	27385,30267,0,0,0,0,0	3	73719
176862	5	14	22	4	12	2	1	0	419	537	868	646	1968	0	3	247	25	35	100,0,0,0,0,0	21842	166	4	56540	2156	0	96728,97041,94679,41292,41292,41292,41292	0	0	27385,30271,0,0,0,0,0	3	73824
176885	4	11	20	3	7	4	1	0	401	537	873	607	2105	0	4	271	21	29	100,0,0,0,0,0	19799	183	1	56540	2157	0	96742,97057,94695,41136,41136,41136,41136	0	0	27385,30271,0,0,0,0,0	4	73942
176916	4	9	17	5	7	4	1	0	367	537	879	619	1938	0	2	284	21	26	100,0,0,0,0,0	19714	98	2	56540	2159	0	96759,97076,94714,40981,40981,40981,40981	0	0	27385,30273,0,0,0,0,0	6	74001
176947	2	7	12	6	6	4	1	0	342	537	882	636	1670	0	2	253	19	19	100,0,0,0,0,0	21945	132	0	56540	2159	0	96762,97082,94719,40808,40808,40808,40808	0	0	27385,30273,0,0,0,0,0	6	74088
176973	2	3	13	5	5	4	1	0	321	537	882	619	1627	0	1	182	16	17	100,0,0,0,0,0	21726	128	2	56542	2159	0	96764,97085,94723,40638,40638,40638,40638	0	0	27385,30275,0,0,0,0,0	6	74162
176997	2	3	10	4	4	4	1	0	300	537	884	639	1945	0	2	202	16	12	100,0,0,0,0,0	21907	104	1	56543	2159	0	96786,97109,94748,40487,40487,40487,40487	0	0	27385,30276,0,0,0,0,0	6	74232
177023	2	4	9	3	3	3	1	0	276	537	885	666	1913	0	0	193	13	12	100,0,0,0,0,0	21589	105	1	56544	2159	0	96789,97113,94752,40317,40317,40317,40317	0	0	27385,30277,0,0,0,0,0	5	74294
177034	3	5	7	3	3	3	1	0	261	537	889	634	1934	0	2	186	13	12	100,0,0,0,0,0	21726	98	3	56547	2159	0	96783,97108,94749,40153,40153,40153,40153	0	0	27385,30280,0,0,0,0,0	5	74356
177053	3	4	8	3	3	2	1	0	241	537	891	653	1779	0	0	171	10	14	100,0,0,0,0,0	19584	131	1	56548	2159	0	96796,97122,94763,39996,39996,39996,39996	0	0	27385,30281,0,0,0,0,0	4	74429
177072	3	3	9	2	1	3	1	0	218	537	897	665	1705	0	0	126	7	15	100,0,0,0,0,0	19780	72	1	56549	2159	0	96739,97067,94708,39803,39803,39803,39803	0	0	27385,30282,0,0,0,0,0	3	74476
177090	2	5	7	0	1	3	1	0	198	537	902	630	1765	0	0	94	6	13	100,0,0,0,0,0	21802	83	1	56550	2159	0	96692,97022,94662,39604,39604,39604,39604	0	0	27385,30283,0,0,0,0,0	4	74523
177098	4	5	3	0	1	3	1	0	188	537	906	640	1855	0	0	53	4	13	100,0,0,0,0,0	21812	75	2	56552	2159	0	96643,96973,94614,39409,39409,39409,39409	0	0	27385,30285,0,0,0,0,0	4	74562
177106	5	2	4	0	2	3	1	0	175	537	911	621	1910	0	0	45	3	14	100,0,0,0,0,0	21778	108	1	56553	2159	0	96595,96926,94566,39217,39217,39217,39217	0	0	27385,30286,0,0,0,0,0	4	74625
177120	2	3	4	0	3	1	1	0	163	537	912	607	1768	0	1	40	3	11	100,0,0,0,0,0	21869	86	0	56553	2159	0	96538,96869,94510,39017,39017,39017,39017	0	0	27385,30286,0,0,0,0,0	2	74675
177115	1	4	2	0	1	1	1	0	163	537	921	607	1748	1	1	19	2	8	100,0,0,0,0,0	21553	72	1	56554	2159	0	96486,96817,94459,38826,38826,38826,38826	0	0	27385,30287,0,0,0,0,0	3	74716
177126	1	4	2	0	1	0	1	0	151	537	923	614	1799	0	0	15	1	8	100,0,0,0,0,0	19555	98	1	56555	2159	0	96440,96771,94414,38638,38638,38638,38638	0	0	27385,30288,0,0,0,0,0	2	74771
177136	1	3	3	0	0	0	1	0	140	537	925	625	1827	0	0	12	1	7	100,0,0,0,0,0	19268	91	0	56555	2159	0	96382,96713,94357,38449,38449,38449,38449	0	0	27385,30288,0,0,0,0,0	2	74829
177148	1	3	1	1	0	0	1	0	124	537	930	604	1932	0	0	7	0	7	100,0,0,0,0,0	21636	68	1	56556	2159	0	96320,96652,94296,38249,38249,38249,38249	0	0	27385,30289,0,0,0,0,0	1	74867
177161	1	2	2	1	0	0	1	0	109	537	932	604	1758	0	1	10	1	6	100,0,0,0,0,0	21551	74	0	56556	2159	0	96250,96583,94227,38041,38041,38041,38041	0	0	27385,30289,0,0,0,0,0	2	74908
177167	0	4	2	1	0	0	0	0	101	538	933	612	1785	0	0	11	1	6	100,0,0,0,0,0	21629	69	1	56557	2159	0	96190,96523,94168,37844,37844,37844,37844	0	0	27385,30290,0,0,0,0,0	1	74942
177173	1	2	3	1	1	0	0	0	91	538	936	567	1754	0	0	11	1	7	100,0,0,0,0,0	21572	85	1	56558	2159	0	96131,96465,94110,37650,37650,37650,37650	0	1	27385,30291,0,0,0,0,0	1	74986
177178	1	2	2	1	0	0	0	0	83	538	941	589	1768	1	1	13	1	5	100,0,0,0,0,0	21685	71	0	56558	2159	0	96074,96408,94055,37459,37459,37459,37459	0	0	27385,30291,0,0,0,0,0	1	75022
177178	1	3	1	1	0	0	0	0	78	538	946	588	1883	0	0	16	2	4	100,0,0,0,0,0	19395	73	1	56559	2159	0	96013,96347,93995,37273,37273,37273,37273	0	0	27385,30292,0,0,0,0,0	0	75066
177186	1	2	1	0	0	0	0	0	68	538	950	571	1792	0	0	15	1	3	100,0,0,0,0,0	19486	84	0	56559	2159	0	95960,96293,93942,37092,37092,37092,37092	0	0	27385,30292,0,0,0,0,0	0	75115
177192	1	2	1	0	0	0	0	0	61	538	951	606	1877	0	0	11	1	3	100,0,0,0,0,0	21650	91	0	56559	2159	0	95894,96228,93879,36903,36903,36903,36903	0	0	27385,30292,0,0,0,0,0	0	75170
177192	1	0	3	0	0	0	0	0	58	538	954	614	1762	0	0	12	1	3	100,0,0,0,0,0	21734	80	0	56559	2159	0	95826,96160,93811,36711,36711,36711,36711	0	0	27385,30292,0,0,0,0,0	0	75215
177195	1	0	2	0	0	0	0	0	51	538	959	629	1783	0	0	11	1	2	100,0,0,0,0,0	21598	80	0	56559	2159	0	95764,96098,93750,36525,36525,36525,36525	0	0	27385,30292,0,0,0,0,0	0	75264
177200	0	1	1	0	0	0	0	0	44	538	962	604	1770	0	0	11	0	2	100,0,0,0,0,0	21471	79	0	56559	2159	0	95697,96030,93684,36338,36338,36338,36338	0	0	27385,30292,0,0,0,0,0	0	75310
177198	0	1	1	0	1	0	0	0	41	538	966	591	1824	0	0	9	0	3	100,0,0,0,0,0	21672	75	1	56560	2159	0	95630,95963,93618,36151,36151,36151,36151	0	0	27385,30293,0,0,0,0,0	0	75351
177197	0	1	1	0	1	0	0	0	41	538	967	597	1875	0	1	12	2	1	100,0,0,0,0,0	19504	78	0	56560	2159	0	95573,95905,93562,35976,35976,35976,35976	0	0	27385,30293,0,0,0,0,0	0	75402
177203	0	1	1	0	1	0	0	0	32	538	970	617	1849	0	0	12	2	1	100,0,0,0,0,0	19630	66	0	56560	2159	0	95493,95825,93483,35791,35791,35791,35791	0	0	27385,30293,0,0,0,0,0	0	75436
177200	0	2	0	0	1	0	0	0	31	538	974	601	1789	0	0	7	3	0	100,0,0,0,0,0	21546	92	1	56561	2159	0	95425,95757,93416,35612,35612,35612,35612	0	0	27385,30294,0,0,0,0,0	0	75490
177196	0	1	1	0	1	0	0	0	29	538	980	605	1800	0	0	3	3	0	100,0,0,0,0,0	21584	100	0	56561	2159	0	95348,95679,93340,35431,35431,35431,35431	0	0	27385,30294,0,0,0,0,0	0	75536
177195	0	1	1	0	1	0	0	0	28	538	982	607	1767	0	0	3	3	0	100,0,0,0,0,0	21565	72	0	56561	2159	0	95270,95600,93262,35250,35250,35250,35250	0	0	27385,30294,0,0,0,0,0	0	75574
177199	0	1	1	0	1	0	0	0	24	538	982	606	1841	0	0	3	3	0	100,0,0,0,0,0	21618	66	0	56561	2159	0	95186,95516,93179,35061,35061,35061,35061	0	0	27385,30294,0,0,0,0,0	0	75610
177199	0	1	0	0	1	0	0	0	20	538	987	598	1833	0	0	3	2	0	100,0,0,0,0,0	21723	79	0	56561	2159	0	95100,95430,93094,34873,34873,34873,34873	0	0	27385,30294,0,0,0,0,0	0	75650
177198	0	0	0	1	1	0	0	0	19	538	989	634	1871	0	0	3	2	0	100,0,0,0,0,0	19461	67	0	56561	2159	0	95028,95357,93023,34701,34701,34701,34701	0	0	27385,30294,0,0,0,0,0	0	75685
177200	0	0	0	1	1	0	0	0	16	538	990	638	1797	0	0	3	2	0	100,0,0,0,0,0	19532	64	0	56561	2159	0	94937,95266,92932,34523,34523,34523,34523	0	0	27385,30294,0,0,0,0,0	0	75730
177197	0	0	0	1	0	0	0	0	17	538	993	639	1732	0	0	3	1	0	100,0,0,0,0,0	21777	79	0	56561	2159	0	94851,95179,92847,34348,34348,34348,34348	0	0	27385,30294,0,0,0,0,0	0	75767
177195	0	0	0	0	0	0	0	0	14	538	999	625	1817	0	0	0	0	0	0,0,0,0,0,0	21577	183	0	56561	2159	116	94759,95086,92755,34171,34171,34171,34171	0	0	27385,30294,0,0,0,0,0	0	75794
177194	0	0	0	0	0	0	0	0	11	538	1003	638	1864	0	0	0	0	0	0,0,0,0,0,0	21476	193	0	56561	2159	252	94701,95029,92700,34059,34059,34059,34059	0	0	27385,30294,0,0,0,0,0	0	75824
177194	0	0	0	0	0	0	0	0	10	538	1004	634	1858	0	0	0	0	0	0,0,0,0,0,0	21782	191	0	56561	2159	379	94640,94967,92639,33946,33946,33946,33946	0	0	27385,30294,0,0,0,0,0	0	75856
177196	0	0	0	0	0	0	0	0	8	538	1004	614	1834	0	0	0	0	0	0,0,0,0,0,0	21675	202	0	56561	2159	524	94572,94898,92572,33824,33824,33824,33824	0	0	27385,30294,0,0,0,0,0	0	75881
177193	0	0	0	0	0	0	0	0	6	538	1009	621	1767	0	0	0	0	0	0,0,0,0,0,0	19548	188	0	56561	2159	658	94522,94847,92523,33732,33732,33732,33732	0	0	27385,30294,0,0,0,0,0	0	75910
177188	0	0	0	0	0	0	0	0	6	538	1014	611	1759	0	0	0	0	0	0,0,0,0,0,0	19343	201	0	56561	2159	797	94471,94796,92473,33637,33637,33637,33637	0	0	27385,30294,0,0,0,0,0	0	75942
177185	0	0	0	0	0	0	0	0	5	538	1018	596	1843	0	0	0	0	0	0,0,0,0,0,0	21688	179	0	56561	2159	934	94408,94733,92412,33536,33536,33536,33536	0	0	27385,30294,0,0,0,0,0	0	75963
177182	0	0	0	0	0	0	0	0	5	538	1021	592	1885	0	0	0	0	0	0,0,0,0,0,0	21636	267	0	56561	2159	1123	94340,94665,92345,33432,33432,33432,33432	0	0	27385,30294,0,0,0,0,0	0	76004
177181	0	0	0	0	0	0	0	0	4	538	1023	602	1829	0	0	0	0	0	0,0,0,0,0,0	21519	280	0	56561	2159	1321	94286,94610,92291,33356,33356,33356,33356	0	0	27385,30294,0,0,0,0,0	0	76046
177178	0	0	0	0	0	0	0	0	4	538	1026	576	1774	0	0	0	0	0	0,0,0,0,0,0	21552	280	0	56561	2159	1535	94242,94565,92248,33291,33291,33291,33291	0	0	27385,30294,0,0,0,0,0	0	76076
177173	0	0	0	0	0	0	0	0	4	538	1031	577	1744	0	0	0	0	0	0,0,0,0,0,0	21408	290	0	56561	2159	1751	94193,94515,92200,33228,33228,33228,33228	0	0	27385,30294,0,0,0,0,0	0	76111
177170	0	0	0	0	0	0	0	0	4	538	1034	585	1842	0	0	0	0	0	0,0,0,0,0,0	19460	301	0	56561	2159	1988	94151,94473,92160,33171,33171,33171,33171	0	0	27385,30294,0,0,0,0,0	0	76137
177168	0	0	0	0	0	0	0	0	4	538	1036	588	1826	0	0	0	0	0	0,0,0,0,0,0	19618	266	0	56561	2159	2189	94118,94440,92128,33138,33138,33138,33138	0	0	27385,30294,0,0,0,0,0	0	76173
177167	0	0	0	0	0	0	0	0	4	538	1037	573	1846	0	0	0	0	0	0,0,0,0,0,0	21534	249	0	56561	2159	2382	94072,94392,92082,33081,33081,33081,33081	0	0	27385,30294,0,0,0,0,0	0	76209
177159	0	0	0	0	0	0	0	0	4	538	1045	571	1765	0	0	0	0	0	0,0,0,0,0,0	21466	230	0	56561	2159	2548	94028,94347,92039,33026,33026,33026,33026	0	0	27385,30294,0,0,0,0,0	0	76233
177157	0	0	0	0	0	0	0	0	4	538	1047	571	1766	0	0	0	0	0	0,0,0,0,0,0	21609	215	0	56561	2159	2706	93980,94299,91992,32957,32957,32957,32957	0	0	27385,30294,0,0,0,0,0	0	76266
177156	0	0	0	0	0	0	0	0	4	538	1048	595	1800	0	0	0	0	0	0,0,0,0,0,0	21755	219	0	56561	2159	2864	93922,94241,91936,32877,32877,32877,32877	0	0	27385,30294,0,0,0,0,0	0	76301
177153	0	0	0	0	0	0	0	0	4	538	1051	622	1883	0	0	0	0	0	0,0,0,0,0,0	21639	227	0	56561	2159	3021	93868,94186,91883,32806,32806,32806,32806	0	0	27385,30294,0,0,0,0,0	0	76330
177151	0	0	0	0	0	0	0	0	4	538	1053	640	1857	0	0	0	0	0	0,0,0,0,0,0	19509	212	0	56561	2159	3183	93814,94131,91829,32729,32729,32729,32729	0	0	27385,30294,0,0,0,0,0	0	76352
177147	0	0	0	0	0	0	0	0	3	538	1058	630	1827	0	0	0	0	0	0,0,0,0,0,0	19508	242	0	56561	2159	3350	93756,94073,91772,32662,32662,32662,32662	0	0	27385,30294,0,0,0,0,0	0	76389
177143	0	0	0	0	0	0	0	0	3	538	1062	629	1776	0	0	0	0	0	0,0,0,0,0,0	21582	253	0	56561	2159	3534	93711,94027,91728,32612,32612,32612,32612	0	0	27385,30294,0,0,0,0,0	0	76424
177139	0	0	0	0	0	0	0	0	3	538	1066	605	1809	0	0	0	0	0	0,0,0,0,0,0	21686	388	0	56561	2159	3832	93660,93975,91679,32566,32566,32566,32566	0	0	27385,30294,0,0,0,0,0	0	76473
177135	0	0	0	0	0	0	0	0	3	538	1070	610	1816	0	0	0	0	0	0,0,0,0,0,0	21612	332	0	56561	2159	4095	93634,93949,91654,32570,32570,32570,32570	0	0	27385,30294,0,0,0,0,0	0	76510
177129	0	0	0	0	0	0	0	0	3	538	1076	629	1774	0	0	0	0	0	0,0,0,0,0,0	21706	355	0	56561	2159	4373	93601,93914,91622,32557,32557,32557,32557	0	0	27385,30294,0,0,0,0,0	0	76549
177125	0	0	0	0	0	0	0	0	3	538	1080	667	1863	0	0	0	0	0	0,0,0,0,0,0	21652	358	0	56561	2159	4658	93572,93885,91595,32555,32555,32555,32555	0	0	27385,30294,0,0,0,0,0	0	76581
177089	16	14	0	0	0	0	0	0	1	538	1088	662	1831	0	0	0	0	30	0,100,0,0,0,0	19359	376	0	56586	2164	4941	93566,93879,91590,32589,32589,32589,32589	0	0	27385,30294,30,0,0,0,0	0	76627
177056	34	21	2	2	1	0	0	0	1	538	1091	706	1840	1	0	0	0	60	0,100,0,0,0,0	19449	485	3	56612	2168	5224	93567,93879,91592,32636,32636,32636,32636	0	0	27385,30294,60,0,0,0,0	0	76709
177035	38	28	7	4	1	0	0	0	1	538	1094	679	1850	0	2	3	3	75	0,100,0,0,0,0	21771	473	3	56627	2171	5499	93558,93868,91584,32673,32673,32673,32673	0	0	27385,30294,78,0,0,0,0	0	76809
176994	45	52	11	3	2	0	0	0	4	538	1097	683	1797	1	0	3	2	111	0,100,0,0,0,0	10266	505	5	56658	2178	5793	93559,93868,91587,32723,32723,32723,32723	0	0	27385,30294,116,0,0,0,0	0	76908
176951	52	76	11	5	5	0	0	0	8	538	1100	712	1771	1	1	36	4	145	0,100,0,0,0,0	10149	533	11	56693	2183	6120	93565,93873,91593,32777,32777,32777,32777	0	1	27385,30294,156,0,0,0,0	0	76993
176900	59	99	20	6	4	0	0	0	15	538	1105	679	1864	1	3	46	6	182	0,100,0,0,0,0	10195	487	14	56732	2190	6413	93579,93886,91609,32856,32856,32856,32856	0	1	27385,30294,202,0,0,0,0	0	77068
176876	51	107	24	8	5	0	0	0	28	538	1109	673	1805	3	4	91	11	184	0,100,0,0,0,0	10225	496	21	56751	2192	6710	93562,93868,91594,32885,32885,32885,32885	0	1	27385,30294,223,0,0,0,0	0	77153
176845	53	107	38	11	10	0	0	0	33	538	1111	695	1866	1	2	101	16	203	0,100,0,0,0,0	19669	506	32	56781	2194	7029	93572,93878,91605,32937,32937,32937,32937	0	0	27385,30294,255,0,0,0,0	0	77247
176813	51	113	47	15	9	0	1	0	43	538	1116	711	1818	0	5	136	20	216	0,100,0,0,0,0	19709	381	29	56805	2199	7308	93598,93904,91634,33025,33025,33025,33025	0	0	27385,30294,284,0,0,0,0	0	77289
176770	58	116	56	17	13	0	1	0	57	538	1120	724	1861	1	5	147	26	235	0,100,0,0,0,0	10253	382	40	56840	2204	7599	93620,93925,91657,33092,33092,33092,33092	0	2	27385,30294,324,0,0,0,0	1	77315
176735	58	115	70	17	13	0	1	0	75	538	1124	722	1828	1	6	188	34	240	0,100,0,0,0,0	10507	389	32	56865	2211	7888	93648,93952,91686,33159,33159,33159,33159	0	2	27385,30294,356,0,0,0,0	1	77355
176696	55	111	95	15	17	0	1	0	89	538	1129	691	1873	3	3	200	37	257	0,100,0,0,0,0	10488	379	38	56898	2216	8176	93679,93982,91719,33241,33241,33241,33241	0	1	27385,30294,394,0,0,0,0	1	77383
176664	56	114	93	16	12	0	2	0	118	538	1133	693	1991	1	8	261	41	252	0,100,0,0,0,0	10428	349	33	56927	2220	8449	93695,93998,91737,33304,33304,33304,33304	0	4	27385,30294,426,0,0,0,0	1	77404
176618	58	119	98	18	11	0	2	0	147	538	1137	706	1843	0	6	326	45	261	0,100,0,0,0,0	10483	397	45	56965	2227	8753	93726,94028,91770,33380,33380,33380,33380	0	2	27385,30294,471,0,0,0,0	2	77445
176591	51	113	115	17	14	1	1	0	162	539	1142	720	1820	3	3	300	40	272	0,100,0,0,0,0	19794	349	33	56997	2228	9007	93756,94057,91802,33457,33457,33457,33457	0	1	27385,30294,504,0,0,0,0	1	77473
176561	47	113	111	16	15	0	1	0	197	539	1146	722	1823	0	6	317	41	262	0,100,0,0,0,0	19539	322	35	57024	2236	9279	93760,94060,91808,33516,33516,33516,33516	0	1	27385,30294,539,0,0,0,0	1	77482
176526	54	109	117	19	12	1	1	0	212	539	1156	716	1880	1	5	340	43	270	0,100,0,0,0,0	10559	299	43	57060	2243	9534	93767,94067,91818,33579,33579,33579,33579	0	3	27385,30294,582,0,0,0,0	1	77502
176483	64	119	117	22	14	1	1	0	230	539	1156	694	1834	4	5	363	46	292	0,100,0,0,0,0	10586	305	51	57107	2247	9788	93772,94071,91825,33641,33641,33641,33641	0	1	27385,30294,633,0,0,0,0	2	77517
176442	73	115	118	20	18	1	1	0	259	539	1160	692	1813	1	7	372	47	299	0,100,0,0,0,0	10502	317	49	57154	2249	10053	93781,94079,91836,33696,33696,33696,33696	0	2	27385,30294,682,0,0,0,0	2	77534
176406	78	116	116	22	16	2	1	0	283	539	1167	742	1824	1	9	368	54	297	0,100,0,0,0,0	10509	311	43	57191	2255	10310	93785,94082,91842,33749,33749,33749,33749	0	2	27385,30294,725,0,0,0,0	2	77557
176366	73	141	105	18	21	2	1	0	309	539	1171	721	1876	5	5	500	51	310	0,100,0,0,0,0	10726	329	52	57240	2259	10583	93800,94097,91860,33818,33818,33818,33818	0	1	27385,30294,778,0,0,0,0	4	77574
176345	70	133	114	18	26	3	1	0	322	539	1175	706	1949	3	8	520	64	301	0,100,0,0,0,0	19954	321	33	57270	2262	10846	93799,94096,91862,33871,33871,33871,33871	0	2	27385,30294,811,0,0,0,0	3	77593
176320	65	132	128	20	22	3	2	0	335	539	1180	716	1904	1	5	613	67	305	0,100,0,0,0,0	20142	326	39	57307	2264	11122	93800,94095,91865,33941,33941,33941,33941	0	3	27385,30294,850,0,0,0,0	5	77608
176278	74	144	133	21	24	3	2	0	346	539	1182	753	1807	3	6	658	65	336	0,100,0,0,0,0	10848	289	64	57360	2276	11362	93825,94119,91893,34037,34037,34037,34037	0	3	27385,30294,915,0,0,0,0	6	77628
176239	80	147	127	20	22	4	2	0	381	539	1185	761	1793	1	5	696	66	336	0,100,0,0,0,0	10915	328	51	57405	2282	11639	93834,94127,91905,34109,34109,34109,34109	0	2	27385,30294,966,0,0,0,0	6	77649
176190	97	152	131	25	25	5	2	0	392	540	1187	757	2032	2	4	672	64	373	0,100,0,0,0,0	11100	316	72	57475	2286	11898	93864,94155,91937,34208,34208,34208,34208	0	1	27385,30294,1040,0,0,0,0	9	77648
176154	91	150	146	22	25	3	2	0	417	540	1196	735	1996	4	9	670	65	374	0,100,0,0,0,0	10988	308	43	57514	2291	12159	93872,94162,91948,34280,34280,34280,34280	0	1	27385,30294,1084,0,0,0,0	7	77661
176121	87	164	148	23	25	3	2	0	432	540	1201	759	1856	3	8	735	75	377	0,100,0,0,0,0	11113	314	58	57564	2299	12429	93883,94172,91963,34348,34348,34348,34348	0	1	27385,30294,1142,0,0,0,0	7	77673
176074	100	174	152	26	22	3	2	0	451	540	1202	764	1785	2	3	756	74	405	0,100,0,0,0,0	20349	366	72	57627	2308	12729	93920,94208,92003,34446,34446,34446,34446	0	3	27385,30294,1214,0,0,0,0	6	77694
176048	89	184	148	26	22	3	1	1	481	540	1203	778	1770	0	5	614	68	405	0,100,0,0,0,0	20245	279	50	57673	2312	12966	93974,94259,92061,34579,34579,34579,34579	0	2	27385,30294,1264,0,0,0,0	5	77704
175992	96	205	152	28	22	3	1	1	496	540	1210	765	2050	4	6	748	72	435	0,100,0,0,0,0	11026	291	76	57741	2320	13204	94030,94314,92122,34695,34695,34695,34695	0	4	27385,30294,1340,0,0,0,0	4	77721
175911	124	214	160	28	27	4	1	1	515	540	1221	776	2092	8	8	743	82	476	0,100,0,0,0,0	11125	282	96	57830	2328	13435	94110,94391,92207,34843,34843,34843,34843	0	0	27385,30294,1437,0,0,0,0	5	77724
175816	165	224	166	29	28	3	1	1	546	540	1227	763	1988	1	9	927	96	520	0,100,0,0,0,0	11267	317	115	57929	2345	13693	94190,94469,92291,34997,34997,34997,34997	0	3	27385,30294,1552,0,0,0,0	5	77727
175735	175	263	168	32	31	3	1	1	565	540	1232	765	1780	1	13	1007	103	570	0,100,0,0,0,0	11452	273	111	58032	2355	13918	94267,94544,92373,35148,35148,35148,35148	0	2	27385,30294,1664,0,0,0,0	7	77715
175650	178	292	184	30	44	2	1	0	587	540	1238	755	1861	3	12	1255	105	626	0,100,0,0,0,0	11573	268	110	58129	2369	14142	94338,94611,92449,35292,35292,35292,35292	0	7	27385,30294,1775,0,0,0,0	7	77699
175582	167	295	194	43	47	1	1	0	633	540	1243	737	2025	3	16	1443	117	631	0,100,0,0,0,0	21027	280	88	58207	2379	14378	94399,94671,92514,35415,35415,35415,35415	0	1	27385,30294,1863,0,0,0,0	4	77687
175504	161	314	218	48	43	2	1	0	660	540	1255	754	2015	4	13	1768	119	668	0,100,0,0,0,0	21237	270	102	58298	2390	14614	94448,94719,92568,35544,35544,35544,35544	0	5	27385,30294,1965,0,0,0,0	6	77665
175414	175	329	227	46	47	4	1	0	706	540	1257	741	1954	5	18	1932	125	704	0,100,0,0,0,0	12241	270	125	58414	2402	14844	94517,94786,92641,35687,35687,35687,35687	0	3	27385,30294,2093,0,0,0,0	11	77654
175300	193	348	262	49	54	4	0	0	732	541	1263	742	1940	6	20	2106	141	769	0,100,0,0,0,0	12285	281	149	58546	2419	15088	94598,94866,92727,35849,35849,35849,35849	0	8	27385,30294,2240,0,0,0,0	12	77630
175189	211	384	272	51	54	6	0	0	769	541	1269	725	1971	3	21	2130	154	824	0,100,0,0,0,0	12373	236	150	58676	2440	15289	94686,94954,92821,36012,36012,36012,36012	0	3	27385,30294,2388,0,0,0,0	12	77602
175063	230	423	285	52	53	5	0	0	821	541	1273	743	2012	5	27	2292	171	877	0,100,0,0,0,0	12614	276	167	58818	2467	15530	94762,95029,92901,36164,36164,36164,36164	0	7	27385,30294,2556,0,0,0,0	12	77566
174918	265	431	327	57	60	5	0	0	866	541	1276	739	2076	9	9	2538	178	967	0,100,0,0,0,0	12904	261	182	58975	2494	15756	94853,95118,92997,36341,36341,36341,36341	0	10	27385,30294,2740,0,0,0,0	15	77516
174802	261	445	357	66	67	5	0	0	921	541	1281	772	2024	9	21	2523	191	1010	0,100,0,0,0,0	21778	283	155	59106	2518	15998	94926,95190,93076,36501,36501,36501,36501	0	6	27385,30294,2895,0,0,0,0	12	77473
174716	236	481	366	63	69	8	0	0	982	541	1284	747	2060	8	21	2674	205	1018	0,100,0,0,0,0	22219	290	130	59224	2533	16248	94985,95249,93141,36653,36653,36653,36653	0	7	27385,30294,3028,0,0,0,0	15	77444
174571	256	518	401	65	68	8	0	0	1032	541	1286	709	2035	10	24	2691	225	1091	0,100,0,0,0,0	13137	269	200	59401	2557	16485	95097,95360,93259,36859,36859,36859,36859	0	6	27385,30294,3226,0,0,0,0	15	77399
174448	259	562	404	74	68	7	0	0	1094	541	1289	719	2002	16	23	2560	217	1157	0,100,0,0,0,0	12964	319	191	59571	2580	16768	95199,95463,93368,37045,37045,37045,37045	0	8	27385,30294,3417,0,0,0,0	14	77360
174278	285	619	419	82	67	7	0	0	1152	541	1296	709	1837	9	19	2670	231	1248	0,100,0,0,0,0	12988	304	239	59786	2604	17035	95346,95611,93524,37298,37298,37298,37298	0	9	27385,30294,3655,0,0,0,0	16	77304
174096	335	664	434	86	79	8	0	0	1199	541	1304	690	1870	7	29	2785	267	1339	0,100,0,0,0,0	12898	334	263	60020	2636	17325	95502,95767,93689,37562,37562,37562,37562	0	10	27385,30294,3918,0,0,0,0	19	77241
173883	371	720	467	87	78	8	1	0	1278	541	1312	693	2069	10	33	3134	278	1454	0,100,0,0,0,0	13269	296	272	60262	2669	17581	95677,95944,93872,37858,37858,37858,37858	0	10	27385,30294,4190,0,0,0,0	19	77170
173727	372	730	523	95	69	9	3	0	1360	541	1317	722	2021	8	24	2947	280	1521	0,100,0,0,0,0	22396	301	216	60452	2699	17844	95806,96071,94007,38081,38081,38081,38081	0	10	27385,30294,4409,0,0,0,0	22	77128
173578	361	765	562	100	72	10	3	0	1436	541	1318	693	1897	14	28	2946	286	1587	0,100,0,0,0,0	22309	287	232	60657	2728	18091	95931,96197,94141,38306,38306,38306,38306	1	9	27385,30294,4643,0,0,0,0	23	77059
173376	382	814	604	101	78	9	3	0	1516	541	1322	694	1974	14	34	3340	327	1664	0,100,0,0,0,0	13491	298	288	60907	2769	18345	96102,96366,94321,38580,38580,38580,38580	1	10	27385,30294,4933,0,0,0,0	28	76991
173135	413	845	649	106	93	9	3	0	1625	541	1327	662	1831	9	29	3244	319	1799	0,100,0,0,0,0	13757	316	316	61182	2813	18617	96301,96566,94528,38890,38890,38890,38890	1	5	27385,30294,5252,0,0,0,0	27	76915
172888	451	873	679	122	112	8	3	0	1738	541	1331	689	2013	21	42	3508	348	1900	0,100,0,0,0,0	13673	328	335	61473	2860	18902	96503,96769,94741,39217,39217,39217,39217	1	21	27385,30294,5588,0,0,0,0	27	76810
172602	518	944	705	122	123	7	3	0	1846	541	1335	690	1900	13	35	3798	363	2059	0,100,0,0,0,0	14117	325	387	61808	2915	19183	96741,97008,94990,39590,39590,39590,39590	1	18	27385,30294,5975,0,0,0,0	25	76685
172273	568	1060	722	134	131	8	3	0	1964	541	1342	695	2055	20	38	4080	394	2232	0,100,0,0,0,0	14249	287	424	62187	2964	19430	97009,97277,95270,40003,40003,40003,40003	1	14	27385,30294,6402,0,0,0,0	23	76543
171988	569	1116	797	150	148	11	5	0	2076	541	1345	700	2019	27	46	4043	437	2359	0,100,0,0,0,0	23186	323	378	62511	3019	19713	97225,97494,95497,40353,40353,40353,40353	1	28	27385,30294,6780,0,0,0,0	23	76395
171724	569	1202	822	159	145	13	5	0	2218	543	1346	708	1972	20	54	3926	475	2440	0,100,0,0,0,0	23184	316	390	62856	3069	19985	97473,97743,95758,40730,40730,40730,40730	1	18	27385,30294,7173,0,0,0,0	22	76264
171465	555	1210	893	165	164	13	7	0	2382	543	1349	685	2029	19	54	4363	510	2497	0,100,0,0,0,0	24622	361	376	63182	3119	20305	97698,97968,95995,41083,41083,41083,41083	1	17	27385,30294,7547,0,0,0,0	31	76126
171191	615	1198	938	178	174	15	10	0	2532	543	1352	689	2056	18	60	4597	556	2572	0,100,0,0,0,0	24811	298	415	63545	3174	20568	97949,98220,96261,41473,41473,41473,41473	2	26	27385,30294,7964,0,0,0,0	25	75955
170948	661	1193	984	168	187	13	9	0	2681	545	1357	665	2011	23	53	4562	544	2671	0,100,0,0,0,0	24966	337	406	63896	3230	20865	98173,98444,96500,41819,41819,41819,41819	2	17	27385,30294,8368,0,0,0,0	28	75782
170698	626	1264	1052	171	186	17	13	0	2809	545	1365	665	1986	27	66	4834	577	2752	0,100,0,0,0,0	24970	275	399	64259	3270	21097	98417,98688,96758,42189,42189,42189,42189	2	21	27385,30294,8771,0,0,0,0	28	75613
170432	601	1341	1074	182	180	17	13	1	2991	545	1369	671	1917	22	52	5239	575	2833	0,100,0,0,0,0	25350	285	432	64635	3331	21342	98657,98927,97013,42538,42538,42538,42538	2	22	27385,30294,9200,0,0,0,0	37	75444
170171	620	1333	1116	197	185	20	13	1	3174	546	1370	653	1977	28	46	5191	574	2910	0,100,0,0,0,0	24578	264	415	64992	3394	21578	98885,99156,97255,42888,42888,42888,42888	2	28	27385,30294,9611,0,0,0,0	52	75286
169934	640	1341	1181	204	179	25	14	1	3306	547	1374	682	2127	32	58	5106	562	3022	0,100,0,0,0,0	24148	315	434	65371	3456	21853	99122,99394,97509,43232,43232,43232,43232	2	26	27385,30294,10045,0,0,0,0	54	75119
169675	666	1365	1249	198	194	24	16	1	3431	548	1379	634	2017	27	69	5275	601	3111	0,100,0,0,0,0	25391	307	458	65763	3530	22112	99381,99654,97788,43619,43619,43619,43619	2	26	27385,30294,10505,0,0,0,0	58	74943
169380	698	1406	1250	201	208	25	18	0	3628	549	1383	657	1937	24	80	5558	638	3168	0,100,0,0,0,0	15763	516	491	66198	3588	22576	99677,99950,98101,44028,44028,44028,44028	2	21	27385,30294,10996,0,0,0,0	60	74770
169049	773	1405	1280	236	240	23	16	0	3786	551	1387	653	2005	31	73	5437	667	3306	0,100,0,0,0,0	15759	526	531	66648	3672	23057	100048,100323,98493,44565,44565,44565,44565	2	18	27385,30294,11525,0,0,0,0	63	74592
168711	810	1505	1289	239	240	27	14	1	3967	552	1391	645	1947	35	79	5434	692	3432	0,100,0,0,0,0	15608	509	566	67135	3751	23515	100446,100720,98910,45137,45137,45137,45137	2	33	27385,30294,12088,0,0,0,0	65	74387
168313	842	1621	1324	245	237	28	13	1	4174	553	1395	646	2012	22	84	5495	731	3579	0,100,0,0,0,0	15864	517	622	67662	3851	23979	100869,101145,99356,45738,45738,45738,45738	3	26	27385,30294,12710,0,0,0,0	62	74176
168041	843	1679	1347	266	247	28	11	1	4330	555	1398	602	2046	30	72	5315	743	3678	0,100,0,0,0,0	24351	483	541	68126	3933	24420	101234,101509,99744,46251,46251,46251,46251	3	25	27385,30294,13248,0,0,0,0	66	73974
167730	852	1714	1391	271	270	27	12	1	4523	555	1400	603	1993	36	87	5476	775	3762	0,100,0,0,0,0	24359	487	564	68602	4022	24843	101606,101883,100139,46784,46784,46784,46784	3	27	27385,30294,13804,0,0,0,0	70	73768
167310	911	1804	1429	293	272	33	13	2	4719	555	1405	588	1960	33	96	5826	834	3921	0,100,0,0,0,0	16230	544	678	69177	4126	25321	102060,102337,100616,47417,47417,47417,47417	3	22	27385,30294,14479,0,0,0,0	66	73528
166873	933	1935	1444	299	285	37	16	2	4956	556	1410	613	2003	29	98	6294	908	4041	0,100,0,0,0,0	16207	688	679	69749	4239	25930	102528,102804,101106,48077,48077,48077,48077	3	25	27385,30294,15157,0,0,0,0	73	73297
166495	1005	1995	1522	319	302	41	15	2	5079	560	1411	619	1936	28	109	6516	975	4224	0,100,0,0,0,0	16686	670	711	70356	4348	26535	103042,103320,101651,48769,48769,48769,48769	3	42	27385,30294,15864,0,0,0,0	85	73034
166063	1074	2079	1571	335	325	42	11	2	5264	565	1415	592	2052	37	91	6680	1001	4436	0,100,0,0,0,0	16869	680	745	71001	4455	27148	103600,103877,102237,49508,49508,49508,49508	3	41	27385,30294,16608,0,0,0,0	71	72772
165570	1143	2194	1630	334	332	45	15	2	5500	565	1416	585	1987	34	104	6958	1039	4654	0,100,0,0,0,0	17089	656	793	71695	4559	27728	104199,104476,102862,50303,50303,50303,50303	4	40	27385,30294,17399,0,0,0,0	88	72498
165189	1132	2236	1673	336	344	50	15	2	5779	568	1422	589	1958	42	100	7349	1059	4727	0,100,0,0,0,0	25942	606	705	72299	4664	28277	104698,104976,103389,50982,50982,50982,50982	4	38	27385,30294,18100,0,0,0,0	92	72214
164851	1124	2251	1740	349	361	53	15	2	6006	569	1425	590	1979	48	102	7554	1131	4762	0,100,0,0,0,0	26401	656	682	72894	4758	28860	105195,105473,103915,51631,51631,51631,51631	4	32	27385,30294,18782,0,0,0,0	90	71963
164398	1139	2380	1838	355	343	52	18	3	6216	570	1434	567	2025	44	139	7941	1202	4923	0,100,0,0,0,0	18134	672	816	73575	4899	29472	105772,106047,104524,52398,52398,52398,52398	4	34	27385,30294,19597,0,0,0,0	91	71668
163912	1231	2396	1901	391	363	51	17	4	6471	572	1437	565	2040	54	116	8095	1252	5098	0,100,0,0,0,0	18337	897	853	74303	5027	30309	106401,106677,105184,53215,53215,53215,53215	4	37	27385,30294,20444,0,0,0,0	93	71356
163421	1261	2421	2025	417	387	53	19	4	6726	572	1440	577	1998	48	118	8175	1292	5291	0,100,0,0,0,0	18246	865	840	75015	5159	31111	107069,107345,105884,54119,54119,54119,54119	4	34	27385,30294,21276,0,0,0,0	91	71041
162950	1318	2502	2048	425	395	60	22	5	7002	573	1446	580	1875	43	155	8481	1329	5441	0,100,0,0,0,0	18661	861	879	75740	5319	31914	107734,108009,106585,54992,54992,54992,54992	4	46	27385,30294,22154,0,0,0,0	101	70726
162453	1386	2570	2130	412	404	61	24	5	7276	575	1450	567	1983	46	125	8590	1354	5633	0,100,0,0,0,0	18761	908	891	76488	5468	32761	108414,108687,107300,55888,55888,55888,55888	4	35	27385,30294,23034,0,0,0,0	113	70397
162126	1322	2620	2188	411	446	57	24	5	7512	579	1456	559	2011	41	125	8293	1336	5732	0,100,0,0,0,0	26784	852	751	77104	5607	33554	108988,109259,107910,56660,56660,56660,56660	5	37	27385,30294,23782,0,0,0,0	113	70099
161811	1287	2599	2221	421	404	63	23	5	7870	585	1457	575	1982	50	139	8075	1325	5693	0,100,0,0,0,0	27016	1001	752	77741	5728	34360	109567,109840,108526,57415,57415,57415,57415	5	52	27385,30294,24531,0,0,0,0	122	69874
161417	1325	2667	2244	423	414	61	22	4	8118	589	1462	563	2024	69	131	8767	1373	5783	0,100,0,0,0,0	19070	1010	898	78478	5892	35174	110244,110518,109246,58265,58265,58265,58265	5	48	27385,30294,25419,0,0,0,0	132	69619
161043	1343	2700	2294	433	436	60	26	3	8352	591	1465	563	1961	47	144	9177	1462	5830	0,100,0,0,0,0	19346	1700	870	79195	6051	36672	110894,111167,109936,59087,59087,59087,59087	5	30	27385,30294,26279,0,0,0,0	124	69355
160641	1360	2795	2321	429	440	58	25	3	8612	593	1469	549	1942	46	154	9906	1499	5929	0,100,0,0,0,0	19913	1678	907	79949	6209	38170	111780,112054,110864,60267,60267,60267,60267	5	42	27385,30294,27171,0,0,0,0	127	69056
160284	1377	2792	2389	461	442	65	24	4	8842	597	1469	560	1972	38	139	10316	1532	6018	0,100,0,0,0,0	20576	1696	910	80719	6354	39675	112651,112925,111781,61418,61418,61418,61418	5	44	27385,30294,28068,0,0,0,0	112	68756
159944	1354	2806	2428	467	465	64	23	3	9119	600	1473	545	2014	51	133	10537	1505	6102	0,100,0,0,0,0	20635	1708	883	81448	6512	41217	113485,113759,112660,62520,62520,62520,62520	5	48	27385,30294,28941,0,0,0,0	118	68452
159718	1298	2778	2490	457	461	63	21	3	9378	603	1476	550	2036	51	149	10028	1486	6082	0,100,0,0,0,0	28505	1644	760	82076	6649	42673	114254,114529,113475,63526,63526,63526,63526	5	63	27385,30294,29698,0,0,0,0	108	68214
159487	1251	2738	2493	466	494	60	22	3	9645	606	1481	536	1930	51	124	9793	1439	6085	0,99,0,0,0,0	28088	1693	769	82724	6799	44221	115037,115312,114305,64535,64535,64535,64535	6	47	27385,30294,30468,21,0,0,0	113	67936
159143	1325	2720	2550	462	497	62	24	3	9867	609	1484	517	1954	60	173	10212	1479	6161	0,99,0,0,0,0	20254	1642	894	83496	6963	45713	115935,116209,115251,65688,65688,65688,65688	6	46	27385,30294,31362,50,0,0,0	108	67592
158823	1398	2771	2573	458	475	65	22	2	10061	612	1486	519	1946	58	156	10669	1565	6197	0,98,1,0,0,0	20548	931	911	84241	7157	46490	116806,117078,116171,66785,66785,66785,66785	6	53	27385,30294,32253,83,0,0,0	109	67256
158467	1464	2802	2572	451	453	63	23	3	10344	614	1490	542	1928	54	146	10429	1553	6275	0,98,1,0,0,0	21004	845	927	85023	7326	47181	117481,117753,116893,67581,67581,67581,67581	6	42	27385,30294,33154,120,0,0,0	105	66876
158199	1464	2822	2597	443	443	73	26	4	10569	614	1492	530	2033	59	140	10334	1553	6315	0,97,2,0,0,0	21029	851	857	85725	7516	47886	118083,118355,117544,68258,68258,68258,68258	6	41	27385,30294,33973,173,0,0,0	110	66550
157903	1494	2863	2600	443	461	65	28	4	10773	617	1495	523	1965	47	149	10235	1578	6376	0,97,2,0,0,0	20687	903	907	86447	7730	48646	118691,118966,118202,68963,68963,68963,68963	6	39	27385,30294,34820,240,0,0,0	116	66182
157734	1423	2862	2622	493	480	62	28	4	10919	621	1498	511	1975	65	147	9534	1573	6397	0,96,3,0,0,0	28240	893	819	87122	7877	49394	119256,119532,118819,69588,69588,69588,69588	6	53	27385,30294,35588,279,0,0,0	116	65859
157565	1323	2800	2707	488	512	63	28	4	11130	624	1502	513	2008	59	160	9674	1604	6317	0,96,3,0,0,0	28196	858	796	87765	8038	50107	119801,120077,119412,70205,70205,70205,70205	6	45	27385,30294,36331,325,0,0,0	118	65541
157313	1313	2841	2762	501	519	64	27	6	11268	628	1504	511	1943	55	174	10516	1680	6347	0,95,4,0,0,0	20753	948	926	88493	8244	50889	120416,120691,120079,70893,70893,70893,70893	6	41	27385,30294,37168,402,0,0,0	111	65206
157174	1352	2771	2786	486	514	65	28	7	11427	629	1507	527	1943	43	163	10896	1701	6301	0,95,4,0,0,0	20824	699	861	89177	8429	51421	121001,121275,120719,71524,71523,71523,71523	6	38	27385,30294,37951,472,0,0,0	117	64893
157034	1419	2704	2768	490	512	61	26	8	11584	631	1509	535	1931	53	144	11184	1650	6330	0,94,5,0,0,0	21586	694	904	89873	8639	51979	121512,121786,121287,72058,72057,72057,72057	6	32	27385,30294,38745,566,0,0,0	119	64550
156826	1428	2789	2663	495	467	65	26	7	11833	635	1512	519	1968	58	162	10903	1580	6353	0,93,6,0,0,0	21311	723	904	90547	8874	52559	122020,122296,121847,72606,72603,72603,72603	6	36	27385,30294,39504,680,0,0,0	123	64233
156701	1408	2774	2647	485	468	61	22	8	12014	641	1517	536	1978	49	141	10752	1550	6315	0,93,6,0,0,0	21039	750	857	91207	9078	53175	122526,122804,122409,73133,73130,73130,73130	6	30	27385,30294,40247,776,0,0,0	124	63923
156643	1345	2715	2677	463	468	67	25	7	12175	643	1518	548	1949	42	150	10094	1454	6306	0,92,7,0,0,0	28880	694	759	91789	9267	53728	122972,123250,122906,73586,73581,73581,73581	5	36	27385,30294,40902,878,0,0,0	127	63645
156684	1261	2658	2662	439	469	70	25	7	12304	647	1520	529	1995	44	138	9919	1451	6133	0,91,8,0,0,0	28755	769	716	92326	9452	54338	123375,123652,123363,73964,73959,73959,73959	5	47	27385,30294,41495,992,0,0,0	131	63394
156551	1254	2680	2604	434	506	70	27	6	12443	649	1522	499	1890	57	167	10504	1516	6059	0,90,9,0,0,0	20611	738	884	92994	9671	54949	123886,124163,123929,74507,74502,74502,74502	5	35	27385,30294,42214,1136,0,0,0	127	63057
156519	1279	2681	2581	412	476	76	35	4	12506	651	1526	484	1994	53	154	10419	1527	6013	0,89,10,0,0,0	20561	249	842	93619	9892	55198	124357,124634,124457,74968,74961,74961,74961	5	33	27385,30294,42877,1292,0,0,0	129	62718
156471	1285	2604	2574	453	461	81	32	4	12597	654	1530	488	1936	34	142	10202	1494	5996	0,88,11,0,0,0	20635	261	825	94237	10104	55459	124716,124992,124870,75280,75272,75272,75272	5	38	27385,30294,43511,1466,0,0,0	129	62364
156371	1356	2504	2621	448	427	79	32	2	12719	655	1532	483	2043	53	153	10329	1472	5995	0,86,13,0,0,0	20563	268	831	94818	10362	55727	125079,125354,125285,75620,75611,75611,75611	5	44	27385,30294,44130,1661,0,0,0	137	62052
156407	1346	2513	2590	443	444	74	34	2	12705	655	1533	487	1978	48	134	10120	1456	5988	0,85,14,0,0,0	20836	245	838	95425	10599	55972	125432,125706,125698,75899,75888,75888,75888	5	35	27385,30294,44763,1849,0,0,0	130	61718
156436	1324	2489	2541	435	453	73	31	2	12768	660	1534	512	2000	46	135	10546	1445	5901	0,84,15,0,0,0	28774	243	785	96000	10815	56215	125732,126009,126055,76147,76134,76134,76134	5	41	27385,30294,45323,2057,0,0,0	123	61374
156456	1284	2443	2493	426	451	76	36	2	12879	662	1538	471	1877	41	147	10467	1412	5797	0,82,17,0,0,0	28864	260	747	96528	11038	56475	126051,126330,126426,76426,76411,76411,76411	5	50	27385,30294,45855,2259,0,0,0	136	61056
156404	1300	2479	2455	435	438	82	37	2	12910	664	1540	466	1918	45	141	10737	1425	5801	0,80,19,0,0,0	20706	251	843	97136	11280	56726	126409,126688,126835,76783,76764,76764,76764	5	43	27385,30294,46396,2549,0,0,0	135	60682
156419	1327	2465	2435	415	426	81	38	1	12931	668	1540	480	2000	61	134	10423	1378	5809	0,78,21,0,0,0	20920	125	819	97714	11531	56851	126726,127007,127206,77078,77056,77056,77056	5	37	27385,30294,46919,2823,0,0,0	143	60341
156441	1311	2411	2488	393	430	78	35	2	12945	671	1541	472	1960	42	147	9976	1353	5793	0,77,22,0,0,0	29913	92	778	98271	11759	56943	126991,127268,127521,77287,77262,77262,77262	6	56	27385,30294,47402,3104,0,0,0	141	60004
156468	1308	2401	2486	397	421	82	33	5	12928	673	1544	465	1966	51	133	9544	1315	5813	0,74,25,0,0,0	29325	109	800	98825	12007	57052	127256,127535,127840,77483,77454,77454,77454	6	40	27385,30294,47847,3437,0,0,0	138	59674
156586	1281	2397	2421	409	416	79	30	5	12892	679	1551	473	1990	56	117	9256	1287	5746	0,72,27,0,0,0	27714	108	772	99348	12262	57160	127485,127764,128123,77643,77610,77610,77610	6	42	27385,30294,48278,3753,0,0,0	141	59351
156710	1250	2328	2415	409	408	76	23	5	12882	686	1554	459	1857	36	104	8741	1237	5672	0,70,29,0,0,0	27462	107	738	99839	12513	57267	127695,127976,128386,77797,77759,77759,77759	5	32	27385,30294,48669,4084,0,0,0	130	59046
156833	1245	2321	2357	412	382	76	26	4	12845	686	1559	453	1848	52	118	8237	1167	5652	0,68,31,0,0,0	27126	100	759	100328	12789	57367	127889,128171,128633,77940,77896,77896,77896	5	36	27385,30294,49064,4433,0,0,0	131	58741
156842	1343	2218	2415	418	375	79	23	5	12775	693	1560	471	1982	56	142	7844	1157	5714	0,65,34,0,0,0	27842	94	836	100864	13094	57461	128118,128398,128913,78153,78103,78103,78103	5	45	27385,30294,49444,4873,0,0,0	130	58381
156921	1365	2257	2334	412	334	76	24	6	12758	696	1563	460	1993	47	141	7923	1164	5638	0,63,36,0,0,0	27715	89	813	101378	13397	57550	128325,128604,129170,78338,78281,78281,78281	5	46	27385,30294,49783,5328,0,0,0	133	58054
156912	1378	2301	2334	395	330	68	23	7	12733	699	1566	454	2045	53	108	7745	1104	5725	0,60,39,0,0,0	27645	68	840	101924	13699	57618	128549,128826,129442,78560,78496,78496,78496	5	46	27385,30294,50119,5817,0,0,0	120	57703
156887	1413	2356	2274	378	322	62	24	9	12754	699	1568	447	1928	55	111	7568	1097	5732	0,57,42,0,0,0	27294	71	853	102482	14000	57689	128772,129049,129713,78784,78714,78714,78714	6	53	27385,30294,50441,6336,0,0,0	115	57339
156814	1453	2391	2252	379	342	54	22	8	12758	701	1572	427	1873	49	103	7439	1076	5817	0,54,45,0,0,0	27140	88	898	103069	14316	57777	129003,129276,129986,79061,78981,78981,78981	6	47	27385,30294,50763,6902,0,0,0	111	56942
156818	1425	2358	2338	378	328	52	23	9	12737	705	1575	462	1889	63	107	7181	1076	5826	0,51,48,0,0,0	25597	91	809	103563	14638	57868	129191,129464,130220,79265,79177,79177,79177	6	50	27385,30294,51030,7437,0,0,0	105	56611
156802	1432	2325	2378	376	342	50	26	9	12722	707	1577	470	2008	51	99	7139	1062	5867	0,48,51,0,0,0	25831	91	861	104095	14977	57959	129391,129661,130465,79499,79401,79401,79401	6	54	27385,30294,51279,8044,0,0,0	99	56246
156618	1538	2369	2372	357	337	49	26	9	12781	709	1581	465	1981	59	133	7542	1077	5971	0,45,54,0,0,0	17695	82	977	104700	15358	58041	129654,129922,130765,79855,79745,79745,79745	6	44	27385,30294,51565,8728,0,0,0	101	55847
156427	1603	2437	2413	352	332	46	27	12	12804	711	1582	484	1917	50	122	7782	1095	6115	0,42,57,0,0,0	17823	277	1011	105278	15797	58318	129902,130171,131053,80215,80093,80093,80093	6	48	27385,30294,51823,9471,0,0,0	107	55447
156168	1699	2510	2401	338	348	45	27	12	12897	712	1589	496	1963	65	115	7752	1083	6285	0,39,60,0,0,0	17922	305	1072	105907	16243	58623	130225,130491,131414,80688,80555,80555,80555	6	46	27385,30294,52066,10277,0,0,0	113	55042
155925	1759	2630	2453	324	348	47	27	12	12918	713	1590	489	1987	51	113	7618	1084	6504	0,36,63,0,0,0	17759	308	1094	106519	16737	58931	130532,130795,131756,81162,81016,81016,81016	6	55	27385,30294,52306,11125,0,0,0	108	54632
155620	1861	2762	2510	325	337	46	29	12	12934	717	1593	469	1973	68	133	7681	1088	6782	0,34,65,0,0,0	17787	270	1192	107195	17261	59201	130893,131153,132154,81711,81552,81552,81552	6	70	27385,30294,52538,12068,0,0,0	105	54186
155381	1903	2804	2553	332	351	48	27	12	13018	721	1596	478	1965	67	110	7573	1094	6924	0,31,68,0,0,0	26257	271	1096	107813	17745	59472	131173,131431,132470,82194,82019,82019,82019	6	62	27385,30294,52723,12971,0,0,0	119	53750
155172	1863	2871	2701	348	364	46	30	9	13019	722	1601	486	1960	53	109	7742	1133	7090	0,29,70,0,0,0	26417	306	1106	108401	18273	59778	131438,131696,132767,82660,82467,82467,82467	7	76	27385,30294,52890,13899,0,0,0	124	53350
154527	2096	3030	2770	353	366	45	29	10	13194	722	1604	493	1979	92	172	8206	1237	7452	0,27,72,0,0,0	17970	271	1442	109188	18945	60049	131875,132131,133235,83436,83225,83225,83225	7	79	27385,30294,53100,15114,14,0,0	129	52814
153878	2384	3144	2859	337	350	46	27	10	13378	726	1607	484	1943	78	118	8418	1269	7878	0,24,74,0,0,0	18683	334	1491	110010	19647	60383	132295,132550,133687,84206,83975,83975,83975	7	83	27385,30294,53294,16398,41,0,0	125	52244
153204	2502	3390	2989	322	328	41	28	9	13598	727	1608	476	1963	85	132	8330	1251	8349	0,22,76,0,0,0	18348	335	1513	110812	20390	60718	132729,132984,134152,85003,84750,84750,84750	8	95	27385,30294,53443,17749,75,0,0	132	51703
152459	2618	3696	3105	322	316	43	20	7	13814	737	1609	458	1992	96	129	8373	1283	8837	0,20,78,1,0,0	18583	379	1643	111667	21213	61097	133193,133448,134647,85891,85615,85615,85615	8	96	27385,30294,53621,19191,110,0,0	122	51129
151524	2825	3915	3342	334	346	47	20	8	14032	738	1615	468	1953	102	129	8596	1376	9453	0,18,80,1,0,0	18161	369	1800	112624	22091	61466	133730,133979,135201,86927,86625,86625,86625	9	90	27385,30294,53787,20798,152,0,0	121	50483
150759	2945	3987	3578	360	358	49	19	6	14328	741	1616	472	1937	129	130	8751	1464	9832	0,16,81,1,0,0	27261	359	1676	113515	22906	61825	134184,134434,135680,87836,87507,87507,87507	9	103	27385,30294,53908,22305,210,0,0	133	49859
149884	2983	4203	3735	384	369	51	18	5	14754	742	1618	491	1995	91	128	9073	1530	10213	0,14,83,2,0,0	27549	340	1807	114415	23825	62165	134676,134926,136195,88840,88482,88482,88482	9	85	27385,30294,54038,23911,269,0,0	147	49242
148796	3119	4511	3880	393	365	50	17	7	15247	743	1618	533	1925	116	160	9541	1577	10758	0,13,84,2,0,0	19436	345	2006	115440	24815	62510	135211,135459,136745,89969,89579,89579,89579	10	108	27385,30294,54160,25723,336,0,0	130	48507
147631	3408	4595	4198	430	407	44	20	7	15642	744	1620	536	1998	120	140	9865	1673	11429	0,12,85,2,0,0	19942	321	2172	116548	25891	62831	135836,136085,137388,91226,90803,90803,90803	10	118	27385,30294,54291,27682,402,0,0	121	47761
146452	3573	4777	4462	478	419	50	18	9	16137	748	1623	521	1958	116	176	10148	1759	12018	0,10,86,2,0,0	20117	368	2136	117610	26984	63199	136381,136628,137946,92445,91986,91986,91986	11	111	27385,30294,54394,29646,469,0,0	123	46995
145176	3749	5087	4601	469	430	48	20	9	16781	750	1626	519	1879	109	182	10277	1794	12610	0,9,87,2,0,0	20564	345	2324	118719	28217	63544	136985,137231,138564,93776,93278,93278,93278	12	119	27385,30294,54504,31774,550,0,0	119	46218
143860	3955	5360	4830	470	466	46	20	8	17349	752	1630	524	1965	120	196	10788	1907	13240	0,8,88,3,0,0	20736	365	2430	119869	29510	63909	137603,137849,139194,95177,94634,94633,94633	12	128	27385,30294,54585,34025,635,0,0	112	45395
142672	3951	5549	5066	478	494	44	21	8	18074	754	1635	505	1982	137	172	10829	1929	13674	0,7,88,3,0,0	29198	380	2254	120923	30728	64289	138161,138408,139764,96474,95888,95887,95887	13	149	27385,30294,54658,36120,719,0,0	126	44649
141547	3914	5639	5400	525	487	41	21	9	18766	758	1639	490	1939	133	173	11239	2080	13947	0,7,89,3,0,0	29065	361	2299	122010	31952	64650	138677,138923,140292,97754,97119,97117,97117	13	133	27385,30294,54721,38233,829,0,0	131	43858
140029	4186	5836	5547	524	505	47	18	9	19642	760	1643	502	1991	160	217	11444	2148	14515	0,6,90,3,0,0	21418	362	2719	123250	33452	65012	139347,139593,140965,99355,98667,98664,98664	13	117	27385,30294,54795,40743,959,0,0	134	42970
138677	4446	5901	5793	540	542	44	21	6	20371	762	1643	486	1911	159	226	11779	2241	15046	0,5,90,3,0,0	21595	329	2641	124455	34909	65341	139948,140191,141566,100885,100139,100136,100136	14	137	27385,30294,54857,43192,1076,0,0	135	42096
137204	4496	6175	5969	532	565	41	24	6	21327	763	1644	494	1983	167	230	12499	2397	15405	0,5,90,4,0,0	22355	308	2685	125650	36423	65649	140566,140805,142181,102433,101633,101628,101628	14	141	27385,30294,54918,45660,1214,0,0	136	41243
135789	4643	6387	6136	537	539	44	28	5	22223	763	1652	475	1933	153	245	12871	2476	15838	0,4,90,4,0,0	23079	329	2785	126940	37935	65978	141196,141433,142811,104052,103188,103182,103182	15	146	27385,30294,54982,48212,1365,0,0	143	40302
134491	4620	6595	6317	560	551	48	31	7	23108	765	1653	503	1962	153	207	13214	2537	16185	0,4,91,4,0,0	23187	355	2702	128143	39456	66333	141772,142010,143391,105607,104676,104669,104669	15	146	27385,30294,55038,50706,1511,0,0	142	39442
133308	4488	6634	6534	573	550	50	30	7	24150	766	1656	527	2010	186	206	13089	2476	16383	0,3,91,5,0,0	31115	332	2543	129222	40937	66665	142261,142496,143881,107035,106041,106031,106031	16	146	27385,30294,55071,53017,1697,0,0	166	38638
132152	4425	6599	6749	587	550	44	26	11	25178	768	1657	511	1940	153	223	13395	2619	16361	0,3,91,5,0,0	31217	347	2602	130386	42402	67012	142760,142992,144381,108518,107453,107440,107440	16	154	27385,30294,55102,55385,1886,0,0	165	37759
130765	4693	6569	6887	564	568	40	28	12	26194	768	1658	496	1910	162	227	13685	2599	16750	0,3,91,5,0,0	24020	322	2934	131653	44092	67334	143364,143591,144973,110223,109081,109066,109066	17	145	27385,30294,55148,58047,2080,0,0	143	36827
129554	4907	6573	6913	580	581	43	23	14	27124	773	1661	512	1922	159	228	13889	2619	17001	0,2,91,6,0,0	24218	128	2863	132881	45745	67462	143878,144096,145478,111824,110602,110584,110584	17	143	27385,30294,55184,60630,2296,0,0	133	35911
128606	4704	6723	6865	597	608	44	25	14	28124	774	1662	504	1933	161	243	14433	2665	16901	0,2,90,6,0,0	24301	126	2616	134028	47237	67588	144288,144501,145886,113254,111943,111922,111922	17	118	27385,30294,55210,62962,2520,0,0	147	35035
127560	4640	6867	6963	645	588	46	26	16	28955	776	1664	500	1979	144	253	14233	2664	17111	0,2,90,7,0,0	24344	140	2818	135198	48903	67728	144720,144925,146310,114783,113382,113359,113359	18	162	27385,30294,55231,65487,2750,0,0	149	34146
126564	4664	6883	7080	627	597	48	28	15	29794	778	1668	490	1920	157	250	14249	2716	17211	0,2,90,7,0,0	24375	135	2751	136303	50566	67863	145143,145343,146723,116274,114782,114754,114754	18	149	27385,30294,55253,67901,3019,0,0	155	33345
125910	4400	6741	7210	553	614	41	30	11	30786	780	1670	504	1957	167	206	13838	2600	16989	0,1,90,7,0,0	31844	125	2414	137327	51976	67988	145454,145651,147032,117545,115963,115932,115932	18	170	27385,30294,55275,70005,3270,0,0	160	32561
125415	4128	6540	7298	593	588	41	27	13	31645	784	1674	500	1894	171	238	13862	2571	16644	0,1,89,8,0,0	31784	126	2358	138326	53364	68114	145734,145928,147307,118802,117125,117089,117089	18	137	27385,30294,55290,72099,3496,0,0	177	31834
124721	4153	6433	7213	559	588	48	27	12	32523	788	1681	467	1952	192	247	14840	2590	16431	0,1,89,8,0,0	24755	116	2570	139391	54891	68230	146076,146268,147642,120173,118396,118356,118356	18	148	27385,30294,55315,74329,3767,0,0	142	31042
124326	4194	6156	7056	544	597	41	22	12	33323	792	1683	480	1954	182	239	14884	2561	16049	0,1,89,9,0,0	25083	92	2410	140396	56318	68322	146331,146516,147888,121443,119561,119516,119516	18	127	27385,30294,55329,76411,4042,0,0	129	30290
123939	4104	5958	7060	509	608	40	29	12	34009	793	1685	456	1977	165	243	14946	2565	15743	0,1,88,9,0,0	24600	65	2374	141354	57757	68387	146560,146741,148105,122653,120670,120619,120619	18	126	27385,30294,55346,78418,4340,0,0	123	29563
123708	3923	6037	6795	505	572	42	29	14	34640	795	1686	495	1927	145	221	15053	2504	15399	0,1,88,10,0,0	25019	79	2280	142302	59099	68466	146748,146927,148294,123798,121713,121656,121656	17	124	27385,30294,55359,80309,4649,0,0	135	28828
123490	3857	5933	6726	504	549	39	27	15	35120	799	1687	493	1939	143	207	14981	2399	15236	0,1,87,11,0,0	24856	92	2283	143182	60522	68558	146904,147080,148447,124945,122751,122688,122688	17	124	27385,30294,55364,82176,4997,0,0	134	28169
123730	3584	5723	6585	504	509	35	29	15	35541	802	1689	507	1866	146	179	14796	2272	14697	0,1,87,11,0,0	32566	85	1923	143911	61726	68643	146929,147109,148472,125844,123540,123469,123469	17	121	27385,30294,55373,83763,5269,0,0	138	27608
124031	3323	5557	6473	477	521	32	21	19	35796	806	1690	541	1916	145	200	14301	2170	14234	0,0,86,12,0,0	32344	91	1908	144670	62897	68734	146952,147133,148497,126755,124337,124259,124259	17	117	27385,30294,55381,85317,5571,0,0	133	27040
124158	3368	5257	6272	480	504	32	22	17	36135	807	1694	534	2026	124	209	14256	2122	13813	0,0,85,13,0,0	24726	88	2038	145422	64192	68822	147039,147221,148584,127740,125215,125127,125127	16	93	27385,30294,55390,86938,5896,0,0	118	26502
124568	3306	4975	6126	453	492	37	25	16	36245	807	1696	561	1943	131	190	14444	2082	13332	0,0,85,14,0,0	24482	57	1845	146097	65375	68879	147016,147201,148562,128585,125947,125851,125851	16	96	27385,30294,55397,88386,6212,0,0	126	25984
125209	3019	4845	5912	416	479	39	25	17	36279	807	1699	540	1983	114	202	13607	1957	12778	0,0,84,15,0,0	24187	46	1708	146725	66461	68925	146919,147106,148465,129327,126573,126468,126468	16	87	27385,30294,55400,89701,6531,0,0	127	25500
125828	2947	4654	5608	404	452	46	24	18	36255	808	1702	536	1973	118	184	12961	1834	12301	0,0,83,15,0,0	23447	45	1713	147402	67508	68970	146850,147038,148402,130090,127220,127104,127104	15	92	27385,30294,55411,91016,6856,0,0	117	24981
126400	2878	4448	5452	383	425	48	23	18	36155	811	1705	529	1977	114	182	12413	1771	11886	0,0,82,16,0,0	22517	53	1682	148034	68567	69023	146770,146961,148326,130831,127851,127725,127725	14	84	27385,30294,55412,92257,7226,0,0	124	24485
127240	2682	4252	5179	375	384	48	23	17	36026	814	1706	532	1964	119	154	11384	1605	11338	0,0,81,17,0,0	29717	64	1431	148572	69474	69087	146626,146821,148189,131418,128327,128191,128191	14	99	27385,30294,55413,93300,7550,0,0	126	24087
128149	2395	4137	4956	369	368	43	29	16	35760	815	1709	522	1885	96	152	11137	1575	10722	0,0,80,19,0,0	29626	51	1349	149053	70351	69138	146445,146642,148015,131933,128732,128584,128584	13	84	27385,30294,55414,94250,7870,0,0	125	23715
128992	2308	3837	4849	362	365	41	26	16	35423	817	1710	509	1978	97	162	11266	1550	10238	0,0,79,20,0,0	21674	42	1380	149550	71240	69180	146279,146481,147852,132476,129167,129009,129009	13	81	27385,30294,55418,95221,8224,0,0	127	23324
129940	2281	3543	4685	353	349	40	23	17	34979	819	1717	509	1964	97	134	10966	1434	9840	0,0,78,21,0,0	20943	56	1324	150035	72084	69236	146068,146272,147650,132983,129568,129397,129397	12	70	27385,30294,55420,96133,8563,0,0	107	22932
130965	2242	3399	4409	321	326	38	24	16	34466	820	1720	525	1980	96	134	10357	1314	9445	0,0,76,22,0,0	20256	47	1296	150493	72926	69283	145837,146042,147423,133464,129940,129757,129757	12	70	27385,30294,55422,97007,8908,0,0	104	22560
132049	2156	3249	4161	301	285	33	20	15	33930	822	1725	519	2013	94	137	9654	1238	8967	0,0,75,23,0,0	20150	49	1190	150912	73707	69332	145603,145813,147198,133883,130257,130060,130060	11	56	27385,30294,55422,97789,9252,0,0	91	22246
133080	2038	3163	4006	280	258	32	16	16	33304	826	1727	508	1956	86	122	9466	1200	8593	0,0,74,24,0,0	19662	48	1148	151344	74430	69380	145395,145612,147001,134305,130580,130369,130369	10	59	27385,30294,55425,98527,9594,0,0	89	21919
134338	1781	3037	3772	279	272	28	17	17	32652	826	1727	520	1934	81	111	8994	1126	8060	0,0,73,25,0,0	27319	43	927	151665	75043	69423	145105,145330,146727,134587,130764,130538,130538	10	47	27385,30294,55428,99114,9878,0,0	96	21662
135541	1608	2857	3590	266	262	28	13	18	32004	829	1730	527	1958	65	108	8877	1063	7561	0,0,72,27,0,0	27248	53	903	151974	75645	69476	144826,145049,146459,134855,130937,130697,130697	9	51	27385,30294,55429,99677,10170,0,0	90	21428
136683	1564	2712	3406	252	251	24	11	17	31261	833	1732	537	1990	57	118	9083	1062	7158	0,0,70,29,0,0	19132	40	974	152343	76258	69516	144582,144799,146223,135163,131154,130898,130898	9	55	27385,30294,55433,100238,10526,0,0	74	21150
137870	1569	2455	3219	260	248	20	11	15	30509	834	1736	540	2032	69	110	8748	997	6785	0,0,68,30,0,0	19140	19	901	152655	76851	69535	144315,144531,145966,135426,131322,131052,131052	9	50	27385,30294,55435,100739,10870,0,0	71	20906
139022	1506	2390	3030	246	237	19	10	14	29699	835	1738	517	1963	68	92	8021	919	6519	0,0,66,32,0,0	18685	27	900	152941	77473	69562	144044,144261,145705,135670,131476,131192,131192	8	38	27385,30294,55439,101204,11254,0,0	68	20676
140181	1433	2294	2832	232	224	18	7	16	28929	836	1744	522	1994	61	94	8021	859	6181	0,0,65,34,0,0	18078	29	804	153217	78009	69591	143789,144005,145461,135889,131610,131312,131312	7	35	27385,30294,55442,101650,11559,0,0	54	20472
141426	1366	2185	2700	222	235	18	8	14	27988	836	1748	512	1962	51	92	7997	818	5916	0,0,63,36,0,0	18060	24	774	153466	78538	69615	143481,143697,145165,136066,131702,131388,131388	7	44	27385,30294,55443,102018,11915,0,0	49	20274
142704	1261	2062	2570	202	217	24	12	11	27097	836	1750	512	2009	54	82	7576	776	5572	0,0,61,37,0,0	26399	29	685	153695	78998	69644	143169,143388,144869,136199,131752,131422,131422	7	40	27385,30294,55443,102358,12214,0,0	50	20097
143948	1131	1985	2436	196	194	25	12	10	26221	837	1751	527	1930	41	72	7040	718	5261	0,0,59,39,0,0	25819	30	634	153908	79426	69674	142866,143085,144578,136319,131792,131445,131445	6	37	27385,30294,55443,102646,12524,0,0	58	19933
145166	1223	1842	2326	171	192	24	7	12	25190	840	1753	526	1957	58	91	6591	650	5135	0,0,57,42,0,0	16925	30	792	154165	79967	69704	142568,142789,144291,136500,131896,131529,131529	6	45	27385,30294,55443,102994,12922,0,0	57	19728
146186	1319	1795	2196	174	174	24	7	11	24265	841	1754	499	1947	39	56	5817	596	5093	0,0,55,44,0,0	16416	3	789	154434	80493	69707	142331,142554,144066,136712,132042,131655,131655	6	39	27385,30294,55443,103314,13342,0,0	52	19516
147220	1277	1788	2106	157	167	25	7	9	23391	842	1757	542	2003	59	65	4894	501	5026	0,0,53,46,0,0	15503	9	696	154654	80974	69716	142073,142297,143820,136863,132126,131722,131722	5	36	27385,30294,55443,103608,13709,0,0	41	19342
148176	1232	1814	2037	152	163	23	7	8	22533	842	1759	539	2013	59	64	4091	471	4957	0,0,51,48,0,0	14727	7	727	154878	81483	69723	141829,142054,143581,137030,132230,131810,131810	5	47	27385,30294,55444,103875,14127,0,0	46	19165
149121	1249	1801	1993	142	158	22	7	8	21641	843	1761	548	2069	56	67	3495	432	4940	0,0,49,50,0,0	13879	4	718	155124	81964	69727	141581,141809,143343,137197,132337,131899,131899	5	42	27385,30294,55446,104162,14529,0,0	37	18968
150118	1136	1768	2004	140	160	22	9	9	20771	843	1766	536	1970	45	69	2752	423	4816	0,0,47,52,0,0	21898	5	613	155325	82380	69732	141325,141556,143103,137305,132389,131931,131931	5	46	27385,30294,55448,104375,14891,0,0	42	18805
151070	1026	1767	1968	136	146	19	9	9	19983	843	1770	526	1879	45	64	1985	377	4694	0,0,45,54,0,0	21398	13	604	155540	82774	69745	141063,141298,142852,137421,132448,131973,131973	5	32	27385,30294,55448,104554,15289,0,0	49	18629
151773	1099	1748	1951	142	119	14	8	8	19264	843	1777	555	1917	43	76	1474	338	4743	0,0,43,56,0,0	11767	5	761	155785	83296	69750	140886,141120,142676,137621,132604,132110,132110	4	31	27385,30294,55448,104784,15782,0,0	45	18444
152394	1278	1593	1988	149	127	12	6	8	18567	844	1780	546	2013	52	54	1138	307	4846	0,0,40,59,0,0	11413	22	774	156018	83846	69772	140729,140964,142525,137825,132766,132255,132255	4	38	27385,30294,55448,105016,16292,0,0	46	18274
153019	1260	1671	1892	147	139	11	6	9	17962	845	1785	548	2084	39	52	991	308	4818	0,0,38,61,0,0	11063	24	724	156245	84349	69796	140570,140806,142373,138017,132918,132389,132389	4	36	27385,30294,55448,105213,16786,0,0	39	18105
153617	1251	1757	1880	155	144	9	3	12	17285	845	1788	573	1922	39	76	956	317	4882	0,0,36,63,0,0	11138	20	773	156485	84889	69816	140415,140648,142224,138221,133088,132538,132538	3	40	27385,30294,55449,105420,17318,0,0	38	17918
154176	1275	1782	1910	144	127	8	4	11	16673	845	1791	552	1972	47	72	970	310	4940	0,0,34,65,0,0	10872	16	768	156723	85422	69832	140274,140507,142090,138422,133261,132689,132689	3	39	27385,30294,55450,105604,17864,0,0	36	17731
154770	1232	1776	1938	138	121	10	8	8	16105	845	1795	549	1947	59	52	957	301	4922	0,0,33,66,0,0	20133	15	666	156925	85889	69847	140122,140357,141945,138571,133376,132786,132786	4	53	27385,30294,55450,105770,18332,0,0	41	17575
155313	1142	1838	1927	139	118	8	8	5	15602	845	1801	561	1945	44	44	945	295	4885	0,0,31,68,0,0	20372	11	668	157121	86369	69858	139972,140205,141801,138721,133499,132888,132888	3	35	27385,30294,55450,105922,18823,0,0	46	17428
155678	1243	1783	1962	151	139	11	5	6	15116	846	1806	555	2020	39	69	949	310	4984	0,0,29,70,0,0	10968	12	819	157377	86935	69870	139865,140099,141699,138952,133712,133078,133078	3	39	27385,30294,55451,106087,19452,0,0	42	17230
156101	1296	1762	1932	140	132	10	5	6	14705	847	1810	561	2038	52	78	937	315	4962	0,0,27,72,0,0	10997	0	753	157598	87474	69870	139743,139980,141583,139141,133881,133226,133226	3	44	27385,30294,55451,106212,20050,0,0	45	17061
156398	1271	1782	1914	145	126	8	4	5	14434	847	1812	591	1971	45	72	961	313	4937	0,0,26,73,0,0	10857	0	730	157827	87977	69870	139653,139889,141494,139335,134061,133387,133387	3	25	27385,30294,55451,106339,20611,0,0	28	16882
156677	1290	1852	1902	140	129	8	3	5	14076	847	1817	590	1997	41	58	938	307	5017	0,0,24,75,0,0	11001	0	782	158076	88519	69870	139575,139809,141419,139544,134259,133563,133563	3	32	27385,30294,55451,106462,21236,0,0	28	16686
156890	1328	1852	1901	142	136	8	3	5	13812	847	1822	578	2020	49	56	927	303	5067	0,0,22,77,0,0	11022	0	809	158317	89087	69870	139500,139734,141347,139765,134472,133753,133753	3	45	27385,30294,55451,106579,21904,0,0	31	16492
157376	1199	1848	1921	145	141	12	3	4	13423	847	1827	604	1952	39	50	927	284	4985	0,0,22,77,0,0	20101	0	598	158493	89512	69870	139363,139594,141217,139882,134580,133835,133835	3	36	27385,30294,55451,106675,22389,0,0	33	16348
157714	1108	1843	1950	138	131	15	4	4	13161	848	1830	620	1965	40	62	911	275	4914	0,0,20,79,0,0	20175	0	670	158670	90014	69870	139243,139475,141103,140018,134713,133941,133941	3	51	27385,30294,55451,106763,22940,0,0	45	16203
157894	1206	1783	1957	133	155	12	5	3	12914	849	1835	611	2004	54	67	890	291	4960	0,0,18,81,0,0	10930	0	788	158884	90591	69870	139182,139415,141046,140227,134920,134124,134124	3	35	27385,30294,55451,106856,23603,0,0	48	16037
158120	1262	1753	1955	136	146	8	7	3	12670	849	1837	610	1950	33	82	921	317	4950	0,0,17,82,0,0	10826	0	752	159089	91143	69870	139099,139330,140960,140405,135098,134277,134277	3	33	27385,30294,55451,106935,24255,0,0	37	15882
158179	1339	1759	1951	133	138	10	8	3	12536	849	1841	592	1955	51	56	925	301	5037	0,0,16,83,0,0	10837	0	818	159317	91742	69870	139066,139294,140927,140622,135322,134475,134475	3	41	27385,30294,55452,107020,24955,0,0	39	15697
158318	1330	1845	1922	125	135	8	7	2	12362	850	1842	615	1997	49	65	936	306	5066	0,0,15,84,0,0	10941	0	750	159508	92307	69870	139010,139236,140870,140811,135517,134643,134643	3	37	27385,30294,55452,107082,25613,0,0	40	15547
158423	1293	1913	1910	124	141	6	7	2	12231	851	1845	625	1945	56	67	939	312	5082	0,0,14,85,0,0	11079	0	770	159717	92871	69870	138945,139171,140806,140997,135711,134812,134812	3	39	27385,30294,55452,107153,26277,0,0	34	15383
158640	1230	1855	1951	121	136	4	7	3	12097	852	1850	604	1937	53	46	924	290	5014	0,0,13,86,0,0	20226	0	649	159903	93342	69870	138867,139093,140732,141150,135870,134944,134944	3	38	27385,30294,55452,107218,26836,0,0	41	15234
158917	1073	1833	1994	131	142	2	8	2	11939	852	1853	623	1958	44	53	937	293	4890	0,0,12,87,0,0	20261	0	602	160077	93776	69870	138771,138994,140638,141267,135995,135041,135041	3	32	27385,30294,55452,107273,27361,0,0	35	15088
159023	1116	1820	1986	137	117	3	7	4	11820	853	1860	639	2024	59	65	952	281	4905	0,0,11,88,0,0	11112	0	774	160273	94360	69870	138720,138943,140586,141453,136197,135211,135211	4	40	27385,30294,55452,107317,28069,0,0	28	14930
159092	1226	1664	1983	158	130	5	5	4	11758	855	1866	620	2014	41	56	944	297	4874	0,0,10,89,0,0	11138	0	730	160463	94901	69870	138675,138900,140544,141637,136396,135382,135382	3	29	27385,30294,55452,107364,28727,0,0	34	14786
159197	1190	1680	1941	162	135	4	6	3	11705	855	1868	654	2003	44	70	940	298	4820	0,0,9,89,0,0	11259	0	686	160666	95388	69870	138635,138861,140506,141810,136584,135542,135542	3	31	27385,30294,55452,107413,29342,0,0	43	14636
159302	1190	1725	1912	153	130	4	4	3	11594	857	1872	630	1890	46	65	932	289	4829	0,0,9,90,0,0	11036	0	741	160865	95938	69870	138594,138817,140467,141993,136785,135713,135713	3	39	27385,30294,55452,107456,30018,0,0	42	14484
159349	1228	1770	1876	139	130	6	5	3	11507	857	1876	593	1987	38	61	907	300	4854	0,0,8,91,0,0	11050	0	752	161066	96491	69870	138563,138787,140436,142184,136999,135894,135894	3	32	27385,30294,55452,107487,30718,0,0	40	14332
159611	1123	1719	1887	137	155	8	5	3	11363	858	1877	633	2010	41	54	896	293	4741	0,0,8,91,0,0	20335	0	576	161221	96916	69870	138462,138687,140341,142285,137117,135980,135980	3	23	27385,30294,55452,107519,31245,0,0	42	14206
159827	960	1712	1913	132	162	9	6	4	11284	858	1879	654	1887	36	70	904	303	4591	0,0,7,92,0,0	20414	0	550	161345	97345	69870	138371,138597,140254,142364,137216,136047,136047	3	40	27385,30294,55452,107537,31763,0,0	46	14100
159964	975	1660	1883	136	145	8	7	4	11224	858	1882	662	2017	48	83	911	309	4505	0,0,6,93,0,0	10931	0	624	161502	97818	69870	138300,138527,140186,142484,137358,136157,136157	3	31	27385,30294,55452,107569,32340,0,0	44	13979
160135	1007	1501	1867	123	128	9	6	3	11218	859	1890	640	1987	38	63	921	296	4345	0,0,6,93,0,0	10959	0	591	161648	98268	69870	138227,138455,140113,142601,137500,136264,136264	3	33	27385,30294,55452,107589,32893,0,0	43	13868
160310	977	1470	1814	120	126	9	4	4	11157	859	1896	636	2041	41	50	914	266	4254	0,0,6,93,0,0	11148	0	570	161802	98688	69870	138155,138384,140045,142721,137642,136373,136373	3	32	27385,30294,55452,107606,33428,0,0	40	13751
160497	950	1414	1726	130	135	9	6	3	11118	859	1899	625	2060	49	73	918	281	4089	0,0,5,94,0,0	11130	0	554	161924	99125	69870	138071,138301,139965,142811,137754,136453,136453	3	32	27385,30294,55452,107624,33941,0,0	41	13651
160647	933	1409	1630	135	132	8	6	1	11086	859	1900	640	1939	29	65	942	296	3957	0,0,5,94,0,0	10955	0	548	162085	99521	69870	138002,138232,139899,142922,137891,136557,136557	3	33	27385,30294,55452,107641,34460,0,0	43	13519
160991	835	1331	1616	129	124	9	4	3	10943	859	1902	646	1951	30	52	909	275	3773	0,0,4,95,0,0	20486	0	413	162178	99847	69870	137881,138112,139784,142954,137945,136575,136575	3	21	27385,30294,55452,107656,34849,0,0	43	13450
161283	746	1329	1558	118	106	15	2	3	10819	861	1906	643	2010	40	44	871	269	3605	0,0,4,95,0,0	20267	0	448	162274	100203	69870	137762,137993,139667,142999,138014,136608,136608	3	31	27385,30294,55452,107667,35267,0,0	39	13367
161560	738	1241	1522	112	101	16	1	3	10679	861	1912	627	1953	28	57	863	279	3452	0,0,4,95,0,0	10864	0	452	162383	100548	69870	137648,137880,139559,143039,138083,136639,136639	2	17	27385,30294,55452,107677,35691,0,0	39	13287
161850	728	1158	1473	112	110	13	1	3	10518	861	1919	626	2034	24	42	834	261	3334	0,0,4,95,0,0	10975	0	436	162500	100869	69870	137533,137765,139452,143080,138152,136672,136672	2	24	27385,30294,55452,107686,36101,0,0	31	13194
162179	726	1059	1397	103	121	16	1	2	10359	861	1922	623	1970	32	41	792	249	3174	0,0,4,95,0,0	10864	0	398	162606	101163	69870	137419,137652,139341,143108,138207,136689,136689	2	24	27385,30294,55452,107696,36481,0,0	35	13112
162523	702	1030	1324	97	110	12	2	1	10159	861	1925	643	1973	23	48	760	231	3046	0,0,3,96,0,0	10816	0	398	162686	101483	69870	137290,137522,139217,143113,138240,136685,136685	2	22	27385,30294,55452,107708,36843,0,0	25	13053
162850	668	1011	1236	86	103	8	4	1	9991	861	1927	684	1913	30	43	729	218	2898	0,0,3,96,0,0	10660	0	362	162789	101745	69870	137159,137392,139089,143135,138286,136695,136695	2	13	27385,30294,55452,107717,37174,2,0	23	12967
163272	567	975	1159	77	96	11	4	1	9791	861	1932	657	2004	16	40	704	201	2688	0,0,3,95,0,0	20235	0	285	162848	101978	69870	137005,137238,138940,143115,138291,136661,136661	2	15	27385,30294,55452,107724,37446,7,0	23	12918
163670	472	914	1162	76	86	11	5	1	9551	861	1937	666	2001	24	30	647	181	2545	0,0,3,95,0,0	20094	0	245	162907	102173	69870	136855,137090,138797,143084,138282,136617,136617	2	14	27385,30294,55452,107730,37678,15,0	25	12869
163974	480	865	1098	70	82	11	4	2	9360	861	1939	696	1946	20	42	615	170	2440	0,0,3,95,0,0	10763	0	328	162986	102427	69870	136734,136970,138683,143078,138301,136601,136601	2	18	27385,30294,55452,107736,37988,19,0	26	12808
164347	510	751	1039	63	86	8	5	2	9130	861	1944	693	2041	22	30	587	161	2301	0,0,3,95,0,0	10585	0	263	163054	102625	69870	136587,136825,138544,143051,138296,136563,136563	1	13	27385,30294,55452,107742,38227,25,0	27	12751
164758	472	691	989	62	75	9	5	2	8874	862	1947	700	1983	17	38	562	157	2146	0,0,3,95,1,0	10843	0	246	163102	102831	69870	136430,136670,138394,143013,138284,136513,136513	1	11	27385,30294,55452,107745,38449,38,0	22	12714
165134	409	688	894	66	57	9	6	2	8666	862	1953	664	2023	17	24	521	132	1997	0,0,3,94,2,0	10714	0	216	163143	103013	69870	136288,136530,138259,142961,138255,136452,136452	1	7	27385,30294,55452,107750,38643,45,0	28	12682
165507	384	658	828	64	51	8	6	2	8417	863	1958	656	1922	14	29	498	133	1866	0,0,2,94,2,0	10529	0	214	163209	103168	69870	136136,136378,138111,142927,138240,136405,136405	1	13	27385,30294,55452,107753,38837,60,0	28	12628
165902	369	564	817	58	51	8	2	6	8145	863	1961	680	2011	15	27	479	116	1753	0,0,2,94,3,0	19804	0	182	163252	103312	69870	135980,136222,137959,142870,138206,136338,136338	1	9	27385,30294,55452,107754,39003,74,0	26	12590
166327	291	531	778	54	46	7	2	4	7879	863	1964	670	2023	19	21	450	111	1598	0,0,2,93,3,0	19885	0	135	163288	103416	69870	135826,136068,137810,142805,138159,136260,136259	1	10	27385,30294,55452,107754,39132,82,0	16	12561
166705	273	478	722	67	43	7	4	3	7612	863	1969	671	1849	7	23	416	113	1481	0,0,2,93,4,0	10552	0	151	163324	103536	69870	135674,135918,137663,142732,138107,136177,136177	1	6	27385,30294,55452,107756,39262,95,0	16	12533
167106	273	435	629	50	38	4	5	3	7368	863	1972	645	1990	15	35	399	104	1330	0,0,1,92,5,0	10557	0	139	163361	103643	69870	135522,135765,137516,142660,138054,136094,136094	1	2	27385,30294,55452,107758,39389,106,0	13	12502
167513	235	425	560	41	40	5	4	3	7080	864	1976	656	1960	6	16	374	101	1209	0,0,1,91,6,0	10475	0	124	163389	103745	69870	135365,135611,137366,142581,137994,136003,136003	1	8	27385,30294,55452,107760,39498,118,0	15	12475
167958	185	390	555	36	38	6	3	4	6726	864	1981	691	1973	11	16	343	88	1125	0,0,1,91,7,0	10356	0	102	163415	103826	69870	135188,135435,137197,142494,137926,135902,135902	0	3	27385,30294,55452,107760,39588,130,0	15	12453
168319	178	339	485	37	39	7	3	4	6487	864	1984	689	1931	6	16	327	89	999	0,0,1,90,7,0	10447	0	103	163440	103907	69870	135030,135279,137045,142413,137859,135809,135808	0	4	27385,30294,55452,107761,39680,137,0	14	12433
168730	163	277	436	39	39	4	3	4	6200	864	1987	691	1980	5	17	299	79	882	0,0,1,90,8,0	19617	0	72	163458	103963	69870	134871,135121,136892,142318,137782,135702,135702	0	5	27385,30294,55452,107761,39743,145,0	17	12419
169125	155	241	402	32	33	3	3	4	5893	864	1991	704	1904	3	15	285	66	803	0,0,1,90,8,0	19608	0	79	163487	104017	69870	134718,134969,136745,142234,137715,135607,135607	0	2	27385,30294,55452,107761,39809,157,0	16	12395
169485	145	221	354	23	27	3	2	4	5619	865	1998	682	1947	7	15	262	54	721	0,0,1,89,8,0	10347	0	72	163506	104073	69870	134556,134808,136587,142139,137635,135503,135502	0	5	27385,30294,55452,107762,39869,166,0	8	12379
169860	125	201	305	14	22	1	1	4	5344	865	2004	652	1806	2	8	236	40	629	0,0,1,89,8,0	10342	0	59	163514	104126	69870	134392,134646,136430,142032,137545,135387,135386	0	4	27385,30294,55452,107762,39921,173,0	7	12371
170174	112	204	259	17	17	0	2	4	5080	865	2012	635	2031	5	5	209	29	582	0,0,0,88,10,0	10275	0	66	163535	104177	69870	134251,134504,136292,141945,137471,135291,135290	0	5	27385,30294,55452,107762,39976,187,0	6	12355
170464	111	176	232	19	21	0	0	6	4839	865	2013	633	1822	8	8	185	34	525	0,0,1,87,11,0	10242	0	54	163548	104220	69870	134108,134363,136153,141848,137388,135187,135185	0	3	27385,30294,55452,107763,40019,197,0	6	12347
170782	92	158	218	18	20	0	0	6	4570	865	2017	657	1886	4	10	162	34	472	0,0,0,85,13,0	10331	0	48	163554	104265	69870	133955,134209,136003,141743,137296,135073,135071	0	5	27385,30294,55452,107763,40052,212,0	6	12343
171065	94	145	211	13	20	0	0	6	4308	865	2019	642	1985	2	5	149	33	450	0,0,1,84,14,0	19455	0	52	163570	104304	69870	133820,134075,135872,141657,137221,134980,134978	0	2	27385,30294,55452,107763,40098,216,0	5	12332
171366	83	146	185	10	15	0	0	5	4049	865	2022	656	1990	5	9	136	29	410	0,0,0,82,17,0	19682	0	37	163583	104334	69870	133681,133936,135737,141564,137139,134879,134875	0	2	27385,30294,55452,107763,40125,231,0	5	12322
171655	70	140	176	7	12	0	0	2	3792	865	2027	627	1899	1	5	123	28	377	0,0,0,81,17,0	10166	0	36	163595	104360	69870	133537,133792,135597,141461,137048,134769,134766	0	2	27385,30294,55452,107763,40153,237,0	5	12313
171887	85	128	177	9	14	0	0	2	3547	865	2032	624	1833	7	5	108	24	389	0,0,0,80,18,0	10145	0	67	163616	104410	69870	133406,133662,135470,141383,136982,134685,134682	0	5	27385,30294,55452,107763,40203,255,0	5	12294
172118	101	114	159	8	18	0	0	2	3323	865	2038	657	1820	2	3	97	24	376	0,0,0,79,20,0	10047	0	51	163632	104448	69870	133279,133536,135346,141295,136905,134591,134587	0	2	27385,30294,55452,107763,40242,268,0	5	12284
172287	113	134	145	7	14	1	0	2	3135	865	2043	683	1955	3	9	93	28	386	0,0,0,77,21,0	10165	0	71	163652	104504	69870	133162,133420,135232,141218,136837,134508,134505	0	1	27385,30294,55452,107763,40291,290,0	7	12268
172489	116	156	139	9	9	1	0	2	2916	865	2044	705	2051	1	4	86	27	403	0,0,0,76,22,0	10167	0	67	163666	104561	69870	133041,133299,135115,141127,136759,134413,134409	0	5	27385,30294,55452,107763,40345,306,0	5	12258
172638	116	159	156	11	8	1	0	1	2742	865	2049	718	1764	2	3	84	25	426	0,0,0,72,27,0	19433	0	61	163678	104614	69870	132937,133196,135013,141051,136692,134335,134330	0	2	27385,30294,55452,107763,40379,333,0	6	12247
172792	113	166	175	11	8	1	1	1	2563	865	2050	702	1953	4	5	79	25	450	0,0,0,72,27,0	19544	0	67	163690	104674	69870	132826,133084,134903,140974,136625,134255,134250	0	3	27385,30294,55452,107763,40429,352,0	6	12237
172920	135	171	163	12	12	0	1	1	2413	865	2053	668	1835	5	6	74	28	466	0,0,0,69,30,0	10294	0	84	163713	104740	69870	132723,132981,134803,140900,136561,134178,134173	0	4	27385,30294,55452,107763,40480,389,0	5	12223
173048	124	183	173	14	10	0	0	0	2270	866	2058	693	1766	1	2	75	25	479	0,0,0,66,33,0	10231	0	64	163734	104788	69870	132620,132879,134703,140830,136498,134105,134099	0	2	27385,30294,55452,107763,40519,417,0	4	12206
173180	125	186	178	14	13	0	0	0	2122	866	2062	665	2016	3	7	72	23	493	0,0,0,63,36,0	10220	0	76	163748	104855	69870	132513,132772,134598,140756,136434,134029,134022	0	2	27385,30294,55452,107763,40559,454,0	5	12194
173278	148	190	179	8	14	1	0	0	1999	866	2063	668	1825	8	6	72	21	519	0,0,0,60,39,0	10162	0	98	163770	104936	69870	132415,132674,134503,140686,136374,133958,133951	0	8	27385,30294,55452,107763,40609,503,0	4	12173
173354	174	189	190	11	14	1	1	0	1877	866	2069	671	1906	3	4	73	22	558	0,0,0,58,41,0	10289	0	96	163795	105011	69870	132320,132579,134409,140627,136323,133898,133890	0	6	27385,30294,55452,107763,40659,549,0	9	12154
173438	162	205	191	12	12	1	1	0	1786	866	2072	714	1821	5	5	73	25	559	0,0,0,57,42,0	19425	0	78	163808	105077	69870	132225,132486,134318,140560,136264,133831,133822	0	3	27385,30294,55452,107763,40701,582,0	6	12141
173495	139	226	206	13	10	1	0	1	1712	866	2077	738	2029	3	7	74	28	567	0,0,0,56,43,0	19587	0	76	163822	105145	69870	132141,132401,134235,140498,136209,133768,133759	0	6	27385,30294,55452,107763,40743,619,0	8	12131
173536	167	232	204	12	13	1	0	1	1636	866	2078	719	1968	10	10	82	30	599	0,0,0,53,46,0	10275	0	109	163847	105237	69870	132052,132311,134146,140446,136165,133716,133706	0	6	27385,30294,55452,107763,40792,685,0	10	12109
173556	190	234	219	13	16	0	0	1	1565	866	2086	680	1824	9	7	88	36	636	0,0,0,50,50,0	10122	0	108	163871	105330	69870	131973,132232,134067,140397,136123,133668,133657	0	7	27385,30294,55452,107763,40835,753,0	7	12091
173548	191	268	231	16	13	1	0	1	1522	866	2089	709	1857	5	3	91	41	679	0,0,0,49,50,0	10226	0	120	163907	105420	69870	131903,132161,133997,140361,136092,133632,133620	0	7	27385,30294,55452,107763,40888,823,0	7	12063
173548	209	282	242	17	10	1	0	1	1476	866	2094	703	1902	4	6	91	43	718	0,0,0,45,54,0	10337	0	126	163925	105534	69870	131822,132079,133915,140312,136051,133586,133573	0	5	27385,30294,55452,107763,40935,904,0	3	12048
173490	244	294	276	17	8	1	0	1	1451	866	2098	703	1976	8	7	97	42	798	0,0,0,45,54,0	10295	0	153	163956	105662	69870	131760,132016,133852,140287,136031,133562,133549	0	8	27385,30294,55452,107763,41004,986,0	3	12026
173484	240	306	304	24	12	1	0	1	1403	866	2105	729	1859	12	4	97	42	845	0,0,0,42,57,0	19625	0	123	163991	105758	69870	131695,131951,133786,140256,136007,133533,133518	0	7	27385,30294,55452,107763,41044,1072,0	7	11999
173445	234	344	314	30	15	2	0	1	1388	866	2107	718	1827	6	6	105	47	892	0,0,0,40,59,0	19385	0	151	164027	105879	69870	131638,131893,133729,140229,135986,133507,133492	0	10	27385,30294,55452,107763,41095,1173,0	4	11972
173359	291	351	329	33	16	1	0	1	1388	866	2111	677	1951	8	14	117	56	965	0,0,0,40,59,0	10199	0	184	164057	106043	69870	131581,131835,133672,140203,135967,133485,133468	0	6	27385,30294,55452,107763,41161,1295,0	11	11948
173269	322	380	333	33	13	2	0	0	1413	866	2115	686	1778	10	16	129	57	1026	0,0,0,40,59,0	10373	0	183	164094	106196	69870	131529,131783,133619,140184,135955,133471,133452	0	10	27385,30294,55452,107763,41235,1402,0	10	11916
173163	319	417	360	29	17	2	1	0	1452	866	2120	690	1949	14	10	131	58	1087	0,0,0,39,60,0	10182	0	189	164130	106355	69870	131485,131737,133573,140167,135944,133459,133439	0	12	27385,30294,55452,107763,41294,1530,0	11	11888
173056	354	458	381	31	18	2	1	0	1457	866	2122	676	1958	6	9	138	66	1179	0,0,0,37,62,0	10240	0	217	164181	106530	69870	131434,131687,133521,140160,135944,133458,133436	0	4	27385,30294,55452,107763,41360,1679,0	16	11843
172896	384	495	422	23	22	1	1	0	1511	866	2125	677	2003	12	16	151	73	1275	0,0,0,37,62,0	10237	0	240	164226	106730	69870	131402,131654,133488,140163,135953,133468,133444	0	8	27385,30294,55452,107763,41442,1836,0	12	11809
172764	382	526	484	29	22	1	0	1	1541	866	2130	671	1824	7	5	158	66	1378	0,0,0,36,63,0	19604	0	224	164273	106913	69870	131369,131620,133452,140176,135973,133487,133460	0	11	27385,30294,55452,107763,41504,1998,0	12	11771
172633	407	517	551	30	26	1	0	1	1580	866	2134	676	1833	12	12	164	65	1467	0,0,0,33,66,0	19600	0	229	164322	107104	69870	131330,131582,133411,140183,135986,133501,133472	0	15	27385,30294,55452,107763,41556,2178,0	12	11726
172429	453	567	585	26	24	1	0	1	1653	866	2141	689	1887	12	24	184	75	1581	0,0,0,31,68,0	10197	0	305	164390	107349	69870	131315,131569,133393,140216,136027,133543,133511	0	14	27385,30294,55452,107763,41622,2415,0	14	11676
172225	521	611	586	30	28	1	0	0	1733	866	2145	686	1983	13	9	187	69	1708	0,0,0,30,69,0	10427	0	312	164454	107606	69870	131292,131548,133369,140255,136073,133591,133555	1	13	27385,30294,55452,107763,41697,2650,0	17	11625
172009	572	635	602	41	31	1	1	0	1839	866	2149	733	1960	9	18	203	69	1814	0,0,0,28,71,0	10216	0	328	164525	107873	69870	131278,131535,133351,140294,136121,133641,133602	1	19	27385,30294,55452,107763,41771,2906,0	18	11565
171717	651	716	636	47	33	0	1	0	1925	866	2154	722	2074	21	21	209	79	2005	0,0,0,26,73,0	10433	0	399	164609	108200	69870	131292,131546,133358,140371,136208,133730,133688	1	14	27385,30294,55452,107763,41848,3231,0	18	11493
171472	669	797	665	51	43	0	1	0	2023	866	2159	733	1946	20	21	218	101	2125	0,0,0,25,74,0	10303	0	365	164688	108495	69870	131286,131541,133350,140429,136277,133801,133755	1	24	27385,30294,55452,107763,41921,3525,0	18	11426
171218	652	874	735	57	46	0	0	1	2133	866	2164	746	1923	23	18	236	110	2254	0,0,0,23,76,0	19719	0	362	164757	108798	69870	131285,131541,133347,140499,136353,133881,133831	1	26	27385,30294,55452,107763,41988,3820,0	22	11362
170929	699	910	822	51	47	0	0	1	2257	866	2164	754	1994	30	14	249	112	2417	0,0,0,21,78,0	19590	0	427	164860	109129	69870	131307,131562,133364,140603,136466,133997,133942	1	29	27385,30294,55452,107763,42056,4177,0	25	11271
170568	795	924	937	48	47	1	1	1	2392	866	2166	700	1971	26	25	280	127	2626	0,0,0,20,79,0	10388	0	491	164939	109552	69870	131340,131595,133394,140700,136574,134109,134050	1	30	27385,30294,55452,107763,42137,4591,0	24	11211
170224	838	994	956	65	58	1	1	1	2573	866	2169	703	1952	26	26	311	145	2768	0,0,0,19,80,0	10401	0	484	165036	109950	69870	131372,131629,133422,140810,136695,134235,134170	2	18	27385,30294,55452,107763,42212,5004,0	25	11126
169850	854	1108	959	67	67	2	1	1	2796	866	2175	697	1995	34	30	345	149	2909	0,0,0,18,81,0	10581	0	515	165130	110377	69870	131411,131667,133456,140932,136827,134374,134303	2	20	27385,30294,55452,107763,42278,5455,0	27	11044
169370	929	1202	1027	76	84	2	1	1	3010	866	2178	721	2029	19	27	366	152	3169	0,0,0,17,82,0	10515	0	594	165251	110861	69870	131479,131735,133517,141096,137004,134557,134481	2	25	27385,30294,55452,107763,42368,5961,0	25	10944
168885	1030	1295	1082	78	95	2	1	1	3230	866	2181	677	1943	26	40	394	165	3418	0,0,0,16,83,0	10494	0	651	165387	111388	69870	131555,131810,133586,141269,137192,134752,134670	2	34	27385,30294,55452,107763,42462,6522,0	29	10835
168497	1018	1372	1196	78	95	2	1	2	3435	866	2184	667	2008	38	49	437	178	3584	0,0,0,15,84,0	19670	0	567	165493	111858	69870	131606,131861,133631,141416,137350,134918,134828	2	37	27385,30294,55452,107763,42532,7017,0	36	10750
168054	1000	1445	1319	89	94	3	1	1	3684	866	2190	654	1968	37	38	468	185	3766	0,0,0,15,84,0	19743	0	607	165608	112359	69870	131658,131912,133677,141588,137532,135110,135011	2	37	27385,30294,55452,107763,42594,7563,0	46	10649
167471	1141	1501	1400	94	98	5	0	2	3975	866	2193	663	1992	48	45	495	188	4051	0,0,0,13,86,0	10487	0	777	165763	112994	69870	131772,132026,133783,141811,137771,135360,135252	2	37	27385,30294,55452,107763,42665,8269,0	46	10526
166843	1352	1549	1469	90	123	6	1	2	4248	866	2197	657	2073	59	56	557	238	4352	0,0,0,12,87,0	10544	0	836	165922	113684	69870	131898,132149,133900,142051,138029,135631,135514	3	51	27385,30294,55452,107763,42742,9026,0	48	10395
166267	1417	1715	1488	94	106	7	2	2	4584	866	2198	680	1949	57	47	621	248	4581	0,0,0,12,87,0	10768	0	823	166050	114387	69870	131998,132250,133992,142260,138260,135875,135746	3	41	27385,30294,55452,107763,42823,9763,0	49	10286
165580	1485	1931	1581	107	105	6	3	2	4878	866	2202	691	2014	49	48	668	267	4951	0,0,0,11,88,0	10809	0	942	166238	115154	69870	132147,132399,134129,142538,138555,136188,136046	3	43	27385,30294,55452,107763,42894,10635,0	53	10128
164881	1566	2070	1725	121	132	7	3	2	5167	866	2206	678	1989	51	48	708	294	5330	0,0,0,10,89,0	10816	0	958	166401	115958	69870	132293,132546,134266,142819,138854,136505,136350	3	61	27385,30294,55452,107763,42970,11512,0	47	9999
164202	1609	2233	1854	128	145	8	5	2	5484	866	2210	660	1908	54	54	751	316	5666	0,0,0,9,90,0	20047	0	971	166601	116740	69870	132438,132688,134397,143130,139183,136851,136682	4	65	27385,30294,55452,107763,43048,12402,0	49	9822
163572	1613	2245	2051	143	156	8	3	4	5869	866	2216	645	1993	70	72	813	335	5884	0,0,0,9,90,0	20182	0	927	166778	117503	69870	132569,132818,134521,143390,139460,137147,136962	4	68	27385,30294,55452,107763,43122,13254,0	60	9676
162701	1814	2361	2206	123	156	10	3	4	6277	866	2225	642	2015	67	86	895	366	6307	0,0,0,9,90,0	10963	0	1212	166973	118527	69870	132770,133020,134707,143743,139841,137549,137347	5	63	27385,30294,55452,107763,43196,14388,0	59	9517
161802	1991	2500	2276	137	167	12	3	5	6759	866	2228	638	1921	66	65	937	380	6706	0,0,0,8,91,0	11001	0	1223	167185	119549	69870	132986,133233,134910,144109,140233,137962,137744	5	74	27385,30294,55452,107763,43284,15516,0	61	9347
160955	2086	2701	2399	146	167	11	4	5	7174	866	2232	632	1944	87	75	1003	411	7103	0,0,0,8,91,0	11071	0	1249	167408	120586	69870	133191,133439,135103,144488,140636,138390,138151	5	75	27385,30294,55452,107763,43339,16708,0	62	9165
160012	2168	2934	2544	166	170	11	5	4	7631	866	2235	631	1961	95	71	1076	421	7577	0,0,0,7,92,0	11187	0	1351	167634	121728	69870	133411,133657,135307,144900,141073,138855,138593	6	69	27385,30294,55452,107763,43405,17993,0	74	8968
158973	2353	3060	2728	177	198	12	4	5	8135	866	2235	620	1985	61	91	1146	482	8050	0,0,0,6,93,0	11160	0	1444	167862	122958	69870	133663,133911,135544,145315,141516,139328,139044	6	62	27385,30294,55452,107763,43474,19359,0	70	8776
158184	2325	3129	2972	186	196	13	3	3	8628	866	2241	639	1989	84	92	1189	478	8346	0,0,0,6,93,0	20503	0	1297	168074	124051	69870	133853,134100,135726,145688,141912,139755,139443	6	82	27385,30294,55452,107763,43542,20584,0	88	8597
157369	2252	3339	3086	206	207	10	2	3	9160	866	2246	628	1992	72	81	1233	475	8627	0,0,0,5,94,0	20653	0	1359	168289	125207	69870	134054,134299,135915,146078,142320,140200,139859	6	70	27385,30294,55452,107763,43603,21874,0	82	8412
156229	2543	3386	3276	213	208	8	5	3	9758	866	2251	641	1968	80	108	1295	481	9158	0,0,0,5,94,0	11348	0	1656	168546	126624	69870	134353,134596,136196,146577,142850,140767,140397	7	85	27385,30294,55452,107763,43658,23464,0	83	8200
155072	2812	3489	3484	212	232	8	5	4	10306	866	2256	649	1945	95	97	1339	484	9758	0,0,0,5,94,0	11316	0	1728	168827	128086	69870	134664,134905,136496,147090,143396,141356,140953	7	95	27385,30294,55452,107763,43731,25111,0	81	7965
153991	2812	3788	3546	222	223	8	3	6	11019	866	2262	615	2007	103	134	1414	522	10080	0,0,0,4,95,0	11308	0	1689	169090	129529	69870	134958,135199,136778,147586,143919,141922,141485	7	89	27385,30294,55452,107763,43803,26724,0	78	7738
152783	2960	3989	3695	246	234	8	3	7	11691	866	2264	635	1947	95	106	1454	539	10596	0,0,0,4,95,0	11544	0	1854	169340	131152	69870	135283,135521,137086,148100,144466,142518,142045	8	105	27385,30294,55452,107763,43861,28513,0	76	7523
151658	3053	4132	3904	252	251	8	3	8	12343	866	2268	657	1981	104	110	1520	537	11066	0,0,0,4,95,0	11514	0	1830	169601	132736	69870	135582,135820,137370,148600,145000,143101,142591	8	97	27385,30294,55452,107763,43915,30269,0	81	7309
150686	2995	4271	4072	266	260	10	3	8	13034	866	2275	643	2036	138	97	1552	553	11324	0,0,0,3,96,0	21064	0	1712	169830	134229	69870	135841,136077,137616,149067,145492,143644,143092	8	105	27385,30294,55452,107763,43964,31909,0	83	7107
149689	2935	4332	4266	274	255	12	4	6	13830	866	2277	627	1982	104	129	1646	590	11488	0,0,0,3,96,0	20867	0	1711	170096	135687	69870	136107,136343,137869,149556,146010,144209,143618	8	89	27385,30294,55452,107763,44024,33538,0	87	6873
148536	3145	4355	4381	285	279	19	7	7	14586	866	2280	615	1962	119	147	1723	635	11836	0,0,0,3,96,0	11739	0	1993	170372	137417	69870	136436,136672,138181,150094,146581,144838,144200	8	97	27385,30294,55452,107763,44077,35454,0	93	6632
147337	3359	4430	4497	295	292	18	6	8	15354	866	2284	601	1909	104	140	1828	686	12211	0,0,0,3,96,0	11857	0	2011	170650	139164	69870	136773,137008,138501,150636,147155,145470,144788	9	104	27385,30294,55452,107763,44114,37389,0	100	6391
146222	3395	4602	4564	316	296	20	7	8	16163	866	2287	602	1977	121	154	1922	725	12475	0,0,0,3,96,0	11898	0	2004	170882	140958	69870	137080,137316,138788,151132,147680,146057,145326	9	114	27385,30294,55452,107763,44155,39308,0	103	6190
145182	3469	4773	4613	316	324	19	7	9	16878	866	2290	607	1960	109	142	1977	741	12780	0,0,0,2,97,0	12177	0	2030	171146	142743	69870	137385,137614,139082,151639,148218,146666,145877	9	103	27385,30294,55452,107763,44200,41259,0	101	5967
144083	3489	4899	4826	330	342	17	8	9	17583	866	2294	608	1986	116	135	2014	729	13182	0,0,0,2,97,0	12125	0	2094	171421	144578	69870	137710,137937,139391,152152,148766,147281,146437	10	102	27385,30294,55452,107763,44236,43274,0	104	5736
143349	3226	4957	4964	333	335	17	8	11	18382	866	2298	612	1947	131	151	2037	738	13102	0,0,0,2,97,0	21289	0	1734	171660	146090	69870	137935,138161,139607,152588,149224,147804,146902	10	102	27385,30294,55452,107763,44269,44950,0	115	5532
142572	3042	4934	5219	357	353	14	9	12	19066	866	2302	613	2008	118	144	2093	768	13160	0,0,0,2,97,0	21413	0	1855	171888	147728	69870	138178,138404,139841,153018,149676,148329,147364	10	106	27385,30294,55452,107763,44296,46713,0	126	5334
141567	3254	4777	5289	384	362	18	8	11	19905	866	2305	635	1950	117	177	2171	789	13303	0,0,0,2,97,0	12275	0	2098	172120	149622	69870	138493,138715,140139,153504,150193,148921,147896	10	103	27385,30294,55452,107763,44331,48730,0	129	5138
140691	3468	4785	5145	408	364	19	9	11	20670	866	2310	627	1923	130	176	2256	798	13400	0,0,0,2,97,0	12218	0	2125	172342	151539	69870	138761,138979,140389,153978,150690,149501,148407	10	110	27385,30294,55452,107763,44365,50760,0	124	4949
139867	3518	4830	5108	369	361	20	11	9	21474	866	2313	636	1988	127	176	2313	810	13407	0,0,0,2,97,0	12311	0	2033	172544	153387	69870	139030,139246,140644,154410,151145,150036,148872	10	114	27385,30294,55452,107763,44405,52688,0	128	4780
139199	3424	4914	5175	362	366	18	12	10	22079	866	2321	633	2005	132	167	2343	796	13475	0,0,0,2,97,0	12292	0	1974	172747	155173	69870	139248,139464,140849,154798,151560,150536,149297	10	128	27385,30294,55452,107763,44433,54575,0	118	4606
138511	3350	4984	5290	352	345	16	12	9	22682	866	2329	606	1966	143	181	2377	812	13537	0,0,0,2,97,0	12501	0	1962	172923	156975	69870	139468,139683,141061,155190,151977,151036,149724	10	117	27385,30294,55452,107763,44465,56438,0	119	4452
138044	3112	4966	5305	337	353	17	10	10	23393	866	2333	614	1990	120	139	2387	802	13298	0,0,0,1,98,0	21750	0	1760	173098	158573	69870	139644,139860,141233,155520,152330,151463,150078	10	105	27385,30294,55452,107763,44491,58096,0	128	4297
137810	2944	4768	5339	334	381	17	13	10	23926	866	2338	622	1920	138	151	2403	812	12984	0,0,0,1,98,0	21524	0	1681	173244	160127	69870	139755,139968,141343,155801,152624,151844,150373	11	124	27385,30294,55452,107763,44518,59684,0	130	4178
137417	3028	4570	5324	335	376	20	12	14	24442	866	2342	593	1970	135	168	2453	857	12808	0,0,0,1,98,0	12538	0	1832	173409	161808	69870	139904,140114,141485,156120,152962,152268,150718	10	79	27385,30294,55452,107763,44548,61387,0	127	4038
137075	3028	4430	5192	344	385	18	11	12	25041	866	2344	611	1906	136	161	2468	848	12560	0,0,0,1,98,0	12657	0	1788	173554	163462	69870	140039,140247,141614,156425,153280,152676,151043	10	108	27385,30294,55452,107763,44565,63060,0	125	3914
136947	2918	4417	5100	317	381	17	9	13	25411	866	2350	598	1969	113	176	2514	860	12299	0,0,0,1,98,0	12617	0	1680	173707	165008	69870	140146,140352,141723,156688,153551,153040,151319	10	81	27385,30294,55452,107763,44587,64619,0	109	3781
136805	2852	4342	5044	325	355	14	9	15	25766	866	2353	605	1990	113	156	2477	811	12130	0,0,0,1,98,0	12552	0	1683	173826	166586	69870	140230,140434,141805,156915,153790,153369,151563	10	86	27385,30294,55452,107763,44609,66164,0	97	3676
136715	2799	4207	4955	334	354	13	9	15	26119	866	2360	578	1969	101	155	2430	800	11871	0,0,0,1,98,0	12512	0	1634	173956	168105	69870	140320,140523,141899,157158,154045,153712,151818	10	78	27385,30294,55452,107763,44620,67679,0	100	3557
136852	2621	4094	4905	323	323	18	14	15	26352	866	2363	587	1910	114	136	2364	755	11543	0,0,0,1,98,0	21549	0	1455	174087	169448	69870	140339,140538,141920,157354,154249,154002,152018	10	87	27385,30294,55452,107763,44637,69022,0	104	3441
137134	2476	3931	4806	303	330	20	13	16	26487	866	2364	606	1955	88	144	2321	735	11144	0,0,0,1,98,0	21696	0	1412	174200	170765	69870	140319,140518,141906,157514,154407,154256,152174	9	54	27385,30294,55452,107763,44648,70336,0	100	3349
137243	2452	3804	4678	329	328	18	12	16	26631	866	2369	588	1978	88	138	2245	705	10916	0,0,0,1,98,0	12393	0	1482	174308	172155	69870	140351,140551,141937,157683,154584,154522,152350	8	71	27385,30294,55452,107763,44658,71701,0	94	3254
137446	2463	3733	4434	317	310	16	9	19	26761	866	2372	609	2004	92	122	2188	654	10628	0,0,0,1,98,0	12332	0	1475	174409	173538	69870	140367,140565,141958,157845,154744,154778,152511	8	75	27385,30294,55452,107763,44671,73027,0	81	3166
137849	2357	3638	4288	314	297	18	10	20	26714	866	2375	608	2000	83	147	2154	649	10273	0,0,0,1,98,0	12271	0	1300	174510	174748	69870	140325,140517,141918,157974,154870,154998,152631	8	73	27385,30294,55452,107763,44681,74228,0	66	3077
138187	2266	3516	4170	325	305	16	12	17	26687	866	2379	599	1928	82	137	2102	653	9957	0,0,0,1,98,0	12173	0	1331	174610	175989	69870	140300,140495,141899,158110,155001,155224,152760	7	60	27385,30294,55452,107763,44689,75427,0	68	2995
138609	2240	3420	4100	287	315	19	12	15	26481	866	2382	601	1941	84	121	2027	649	9744	0,0,0,1,98,0	12189	0	1322	174699	177229	69870	140253,140454,141864,158224,155110,155429,152866	7	52	27385,30294,55452,107763,44704,76615,0	69	2919
139179	2066	3277	4014	287	291	19	11	16	26335	866	2385	582	2035	84	122	1958	617	9348	0,0,0,1,98,0	21188	0	1115	174780	178275	69870	140169,140368,141793,158302,155179,155587,152927	7	68	27385,30294,55452,107763,44710,77621,0	83	2856
139715	1882	3172	3917	282	281	21	11	15	26195	866	2389	589	1929	83	117	1902	588	8978	0,0,0,0,99,0	21078	0	1102	174869	179296	69870	140080,140284,141715,158384,155251,155747,152991	7	64	27385,30294,55452,107763,44717,78598,0	85	2777
140345	1872	3027	3740	263	263	20	8	18	25934	866	2390	602	1918	72	135	1888	586	8607	0,0,0,0,99,0	12048	0	1118	174940	180357	69870	139974,140179,141619,158445,155306,155891,153035	6	57	27385,30294,55452,107763,44725,79596,0	78	2719
140874	1897	2831	3580	243	255	17	8	15	25766	866	2394	571	1923	66	111	1842	562	8269	0,0,0,0,99,0	11890	0	1098	174999	181403	69870	139884,140093,141539,158497,155347,156019,153072	6	58	27385,30294,55452,107763,44731,80549,0	77	2668
141486	1832	2719	3409	235	233	17	6	18	25526	866	2399	580	2034	64	109	1783	526	7925	0,0,0,0,99,0	11883	0	1028	175060	182384	69870	139761,139970,141425,158546,155384,156140,153100	6	47	27385,30294,55452,107763,44741,81448,0	63	2614
142103	1808	2710	3192	239	238	11	4	18	25150	866	2407	581	2009	70	95	1717	494	7708	0,0,0,0,99,0	11775	0	1059	175123	183389	69870	139636,139850,141311,158589,155412,156258,153121	6	49	27385,30294,55452,107763,44743,82373,0	59	2557
142763	1740	2626	3074	221	224	13	4	17	24789	866	2409	587	1965	63	102	1687	483	7419	0,0,0,0,99,0	11683	0	946	175191	184279	69870	139514,139726,141200,158617,155429,156358,153128	5	42	27385,30294,55452,107763,44747,83190,0	66	2499
143533	1504	2541	2999	221	210	13	4	15	24427	866	2413	617	1942	54	97	1612	459	7033	0,0,0,0,99,0	20963	0	800	175242	185035	69870	139352,139566,141055,158620,155416,156425,153102	5	33	27385,30294,55452,107763,44750,83877,0	66	2453
144289	1420	2447	2872	210	195	19	6	14	23992	866	2416	589	1887	57	88	1546	425	6744	0,0,0,0,99,0	20787	0	851	175304	185833	69870	139187,139402,140901,158643,155420,156512,153095	5	58	27385,30294,55452,107763,44754,84602,0	61	2404
145011	1477	2299	2803	217	180	20	7	13	23433	866	2420	610	2022	68	99	1515	416	6587	0,0,0,0,99,0	11624	0	895	175355	186689	69870	139024,139240,140747,158661,155426,156598,153088	5	46	27385,30294,55452,107763,44759,85360,0	62	2364
145720	1492	2173	2721	210	191	19	7	12	22911	866	2424	622	2035	49	79	1471	415	6398	0,0,0,0,99,0	11561	0	851	175399	187501	69870	138875,139096,140607,158670,155418,156668,153069	5	40	27385,30294,55452,107763,44763,86069,0	57	2332
146563	1363	2064	2578	222	182	18	7	11	22447	866	2425	610	1932	54	99	1422	404	6030	0,0,0,0,99,0	11519	0	698	175430	188175	69870	138691,138911,140433,158630,155359,156684,153000	4	34	27385,30294,55452,107763,44768,86642,0	54	2304
147433	1268	2033	2466	201	171	14	6	12	21846	866	2430	612	2004	38	90	1359	394	5765	0,0,0,0,99,0	11336	0	746	175458	188898	69870	138483,138703,140237,158598,155310,156714,152940	4	36	27385,30294,55452,107763,44772,87262,0	52	2278
148298	1202	1932	2408	186	162	12	8	11	21227	866	2434	629	1957	44	72	1296	365	5545	0,0,0,0,99,0	11359	0	664	175493	189534	69870	138277,138501,140045,158565,155257,156736,152875	4	33	27385,30294,55452,107763,44774,87822,0	39	2248
149115	1108	1792	2312	180	155	11	5	12	20750	866	2440	651	1936	44	61	1236	342	5221	0,0,0,0,99,0	20600	0	598	175514	190116	69870	138076,138301,139854,158516,155190,156739,152793	4	41	27385,30294,55452,107763,44779,88307,0	37	2230
149956	1010	1717	2154	165	156	9	6	10	20252	866	2445	648	1997	48	72	1194	336	4881	0,0,0,0,99,0	20583	0	573	175537	190670	69870	137875,138101,139662,158470,155122,156739,152713	4	42	27385,30294,55452,107763,44783,88769,0	41	2208
150694	1012	1637	1993	150	169	11	8	9	19748	866	2449	646	2028	39	71	1143	325	4655	0,0,0,0,99,0	11191	0	624	175559	191278	69870	137692,137920,139487,158430,155063,156748,152644	4	27	27385,30294,55452,107763,44789,89273,0	40	2188
151552	994	1516	1953	143	152	9	9	9	19090	866	2453	657	1944	36	76	1122	323	4453	0,0,0,0,99,0	11310	0	563	175582	191827	69870	137473,137706,139283,158372,154980,156738,152551	3	18	27385,30294,55452,107763,44795,89725,0	45	2169
152342	942	1513	1858	118	137	8	9	8	18491	866	2454	659	1945	39	67	1089	308	4277	0,0,0,0,99,0	11341	0	553	175599	192368	69870	137271,137504,139094,158312,154903,156726,152461	3	27	27385,30294,55452,107763,44799,90166,0	46	2152
153126	960	1387	1792	119	136	9	9	7	17876	866	2459	661	1946	31	39	1012	296	4116	0,0,0,0,99,0	11003	0	546	175624	192897	69870	137072,137306,138905,158256,154832,156718,152377	3	26	27385,30294,55452,107763,44802,90601,0	37	2130
153936	911	1331	1708	126	135	8	6	8	17249	866	2462	672	1954	43	47	965	283	3942	0,0,0,0,99,0	11087	0	482	175644	193361	69870	136854,137091,138696,158184,154745,156691,152278	3	19	27385,30294,55452,107763,44805,90973,0	35	2114
154666	875	1316	1612	120	121	6	4	10	16683	866	2467	660	1922	24	44	905	267	3787	0,0,0,0,99,0	20373	0	490	175665	193839	69870	136662,136899,138515,158132,154674,156682,152196	3	35	27385,30294,55452,107763,44806,91366,0	34	2095
155414	839	1282	1553	103	112	3	6	9	16088	866	2471	677	1970	33	46	842	241	3657	0,0,0,0,99,0	20358	0	454	175683	194280	69870	136458,136700,138322,158070,154598,156664,152108	3	31	27385,30294,55452,107763,44810,91732,0	30	2078
156158	794	1239	1537	95	123	3	6	9	15440	866	2476	659	1912	19	35	790	230	3567	0,0,0,0,99,0	10966	0	473	175700	194742	69870	136252,136493,138123,158010,154518,156643,152017	2	17	27385,30294,55452,107763,44813,92080,0	39	2064
