S	E	I1	I2	I3	I4	I5_h	I6_h	R_h	R	D1	D2	H	T	P1	P2	Q	QT	NQ	MUT	HOM	VAC	NI	INF	REINF	BSTR	IMM	HCI	HCE	INFV	INFH	VNI
178144	101	115	52	31	54	4	1	0	242	2	0	211	0	0	0	65	65	293	0,0,0,0,0,0	178744	0	0	358	0	0	602,602,602,602,602,602,602	0	0	0,0,0,0,0,0,0	0	0
178086	80	180	54	39	44	4	1	0	255	2	1	329	304	2	76	94	69	333	0,0,0,0,0,0	12573	0	71	430	0	0	660,660,660,660,660,660,660	0	5	72,0,0,0,0,0,0	5	0
178030	85	201	64	37	52	4	1	0	262	2	8	464	238	0	7	124	73	371	0,0,0,0,0,0	12646	0	64	494	0	0	716,716,716,716,716,716,716	0	6	136,0,0,0,0,0,0	7	0
177945	100	227	75	36	53	4	2	0	287	2	15	531	265	1	14	263	88	409	0,0,0,0,0,0	12806	0	90	586	0	0	803,803,803,803,803,803,803	0	5	228,0,0,0,0,0,0	6	0
177883	113	227	98	44	56	6	2	0	296	2	19	579	323	2	13	354	96	450	0,0,0,0,0,0	24877	0	78	665	0	0	867,867,867,867,867,867,867	0	3	307,0,0,0,0,0,0	9	0
177809	109	244	117	50	59	7	2	0	318	2	29	600	91	1	19	656	128	460	0,0,0,0,0,0	25247	0	81	747	0	0	945,945,945,945,945,945,945	0	7	389,0,0,0,0,0,0	12	0
177748	114	241	131	59	72	7	2	0	338	2	32	622	259	1	21	811	155	471	0,0,0,0,0,0	13487	0	80	827	0	0	1012,1012,1012,1012,1012,1012,1012	0	6	469,0,0,0,0,0,0	11	0
177663	135	247	146	68	65	8	4	0	370	3	37	663	86	1	25	1067	187	486	0,0,0,0,0,0	13834	0	99	925	1	0	1101,1101,1101,1100,1100,1100,1100	0	5	568,0,0,0,0,0,0	13	0
177589	143	243	155	77	71	9	5	0	411	3	40	671	105	2	26	1225	226	477	0,0,0,0,0,0	13967	0	92	1017	1	0	1181,1181,1181,1179,1179,1179,1179	0	6	660,0,0,0,0,0,0	18	0
177514	133	279	163	66	73	12	5	0	453	3	45	700	264	0	19	1377	237	494	0,0,0,0,0,0	14098	0	94	1110	2	0	1265,1264,1264,1261,1261,1261,1261	0	7	754,0,0,0,0,0,0	21	0
177435	148	285	173	63	76	14	6	0	497	3	46	693	342	0	22	1411	236	529	0,0,0,0,0,0	14265	0	104	1214	3	0	1354,1353,1353,1348,1348,1348,1348	0	2	859,0,0,0,0,0,0	22	0
177384	143	277	190	73	79	15	9	0	524	3	49	720	269	0	23	1484	260	526	0,0,0,0,0,0	26278	0	79	1293	3	0	1420,1418,1418,1409,1409,1409,1409	0	6	938,0,0,0,0,0,0	27	0
177294	167	281	186	80	77	14	10	0	577	4	56	724	88	0	14	1484	268	547	0,0,0,0,0,0	26096	0	108	1401	3	0	1525,1521,1521,1509,1509,1509,1509	0	3	1046,0,0,0,0,0,0	26	0
177204	171	311	183	74	70	16	13	0	638	4	62	690	102	0	21	1522	266	572	0,0,0,0,0,0	14442	0	121	1521	4	0	1636,1631,1631,1613,1613,1613,1613	0	7	1167,0,0,0,0,0,0	31	0
177150	155	331	184	69	74	15	14	0	682	5	67	724	260	2	31	1532	266	576	0,0,0,0,0,0	14479	0	97	1617	5	0	1721,1713,1713,1686,1686,1686,1686	0	9	1264,0,0,0,0,0,0	38	0
177068	151	331	201	78	88	20	15	0	721	5	68	713	244	0	25	1806	268	616	0,0,0,0,0,0	14475	0	111	1728	5	0	1824,1814,1814,1781,1781,1781,1781	0	6	1375,0,0,0,0,0,0	40	0
176966	182	337	201	65	101	23	16	1	778	5	71	716	298	2	32	1944	276	649	0,0,0,0,0,0	15051	0	129	1855	8	0	1945,1934,1934,1894,1894,1894,1894	1	7	1505,0,0,0,0,0,0	47	0
176900	192	348	199	72	98	26	16	1	814	5	75	723	306	1	54	2225	328	623	0,0,0,0,0,0	15084	0	112	1967	9	0	2044,2030,2030,1979,1979,1979,1979	1	10	1618,0,0,0,0,0,0	54	0
176832	180	351	203	88	98	28	19	1	855	5	86	668	112	2	31	2356	336	631	0,0,0,0,0,0	26726	0	104	2070	10	0	2143,2126,2126,2066,2066,2066,2066	1	3	1721,0,0,0,0,0,0	54	0
176766	174	368	198	89	104	29	20	2	903	5	88	636	92	1	28	2405	333	649	0,0,0,0,0,0	26820	0	118	2186	12	0	2248,2228,2228,2157,2157,2157,2157	1	7	1839,0,0,0,0,0,0	58	0
176681	184	367	203	101	100	28	19	3	962	6	92	651	142	1	34	2577	330	672	0,0,0,0,0,0	15298	0	126	2312	13	0	2373,2349,2349,2263,2263,2263,2263	1	14	1966,0,0,0,0,0,0	58	0
176572	200	380	221	113	94	25	18	2	1018	7	96	666	261	2	39	3017	335	716	0,0,0,0,0,0	15735	0	147	2458	14	0	2514,2487,2487,2390,2390,2390,2390	1	12	2113,0,0,0,0,0,0	66	0
176487	194	417	222	124	89	24	18	2	1064	7	98	667	250	2	33	3219	336	752	0,0,0,0,0,0	16083	0	135	2594	14	0	2643,2611,2611,2499,2499,2499,2499	1	10	2249,0,0,0,0,0,0	63	0
176372	220	426	237	127	105	26	16	2	1100	10	105	629	270	0	34	3171	350	807	0,0,0,0,0,0	16187	0	174	2766	16	0	2809,2772,2772,2642,2642,2642,2642	1	16	2422,0,0,0,0,0,0	65	0
176304	232	430	254	127	115	26	15	4	1116	11	112	650	285	1	50	3312	400	799	0,0,0,0,0,0	16213	0	148	2913	17	0	2946,2902,2902,2749,2749,2749,2749	1	22	2569,0,0,0,0,0,0	59	0
176184	257	442	275	137	118	30	17	5	1156	11	114	688	232	0	32	3109	416	860	0,0,0,0,0,0	27807	0	169	3085	17	0	3110,3062,3062,2893,2893,2893,2893	1	13	2741,0,0,0,0,0,0	62	0
176078	253	470	276	137	133	29	18	3	1219	12	118	680	237	4	46	3155	445	871	0,0,0,0,0,0	27815	0	160	3246	18	0	3264,3212,3212,3025,3025,3025,3025	1	14	2902,0,0,0,0,0,0	74	0
175954	251	492	291	149	137	33	16	4	1279	16	124	658	259	1	36	3216	446	923	0,0,0,0,0,0	16193	0	180	3424	20	0	3441,3383,3383,3177,3177,3177,3177	1	22	3081,0,0,0,0,0,0	75	0
175839	271	504	302	144	137	30	20	4	1349	17	129	673	291	3	55	3521	454	954	0,0,0,0,0,0	16043	0	179	3604	22	0	3617,3552,3552,3324,3324,3324,3324	2	21	3262,0,0,0,0,0,0	74	0
175737	299	539	309	135	130	37	23	4	1381	17	135	654	251	1	44	3749	482	990	0,0,0,0,0,0	16622	0	201	3804	24	0	3805,3732,3732,3472,3472,3472,3472	2	21	3462,0,0,0,0,0,0	80	0
175647	297	561	314	142	136	45	27	3	1418	17	139	654	219	3	44	3537	488	1034	0,0,0,0,0,0	16457	0	186	3989	25	0	3980,3899,3899,3608,3608,3608,3608	2	17	3647,0,0,0,0,0,0	87	0
175526	316	567	343	161	146	44	28	3	1451	18	143	625	312	5	59	3515	516	1089	0,0,0,0,0,0	16507	0	216	4205	25	0	4185,4096,4096,3775,3775,3775,3775	2	25	3863,0,0,0,0,0,0	98	0
175415	305	601	332	165	159	50	27	3	1522	21	146	615	324	3	55	3565	532	1107	0,0,0,0,0,0	28027	0	187	4392	26	0	4367,4270,4270,3923,3923,3923,3923	2	17	4051,0,0,0,0,0,0	99	0
175304	307	618	350	165	174	48	29	5	1571	23	152	608	305	8	58	3787	561	1130	0,0,0,0,0,0	28192	0	201	4595	27	0	4563,4457,4457,4079,4079,4079,4079	2	14	4254,0,0,0,0,0,0	102	0
175160	343	631	360	161	181	50	29	5	1649	24	153	593	306	1	81	4484	599	1156	0,0,0,0,0,0	17589	0	234	4828	30	0	4791,4676,4676,4265,4265,4265,4265	2	32	4488,0,0,0,0,0,0	101	0
175052	347	651	368	161	180	44	31	6	1727	24	155	610	302	4	58	4697	615	1167	0,0,0,0,0,0	17465	0	208	5040	30	0	4992,4867,4867,4421,4421,4421,4421	2	20	4700,0,0,0,0,0,0	105	0
174953	336	693	367	172	180	43	33	4	1780	26	159	572	268	6	61	4957	636	1188	0,0,0,0,0,0	17689	0	215	5255	31	0	5197,5062,5062,4576,4576,4576,4576	3	24	4915,0,0,0,0,0,0	97	0
174820	344	685	390	198	187	47	37	4	1844	27	163	570	259	2	50	4903	639	1249	0,0,0,0,0,0	17873	0	241	5495	33	0	5430,5284,5284,4760,4760,4760,4760	3	22	5156,0,0,0,0,0,0	103	0
174701	360	673	415	206	201	46	37	5	1909	28	165	568	265	3	73	4685	650	1288	0,0,0,0,0,0	17852	0	227	5722	33	0	5647,5491,5491,4930,4930,4930,4930	3	28	5383,0,0,0,0,0,0	109	0
174569	353	684	437	202	203	48	34	5	2006	35	170	550	305	2	63	4706	671	1290	0,0,0,0,0,0	28778	0	213	5934	34	0	5856,5692,5692,5101,5101,5101,5101	3	18	5595,0,0,0,0,0,0	106	0
174459	338	746	432	204	203	48	37	6	2065	35	173	533	249	3	66	4873	670	1338	0,0,0,0,0,0	29031	0	240	6175	35	0	6087,5910,5910,5274,5274,5274,5274	3	17	5836,0,0,0,0,0,0	123	0
174300	372	750	448	216	210	49	36	7	2144	36	178	526	315	1	64	4912	688	1393	0,0,0,0,0,0	18010	0	277	6453	36	0	6358,6169,6169,5491,5491,5491,5491	3	26	6114,0,0,0,0,0,0	118	0
174128	410	793	460	230	203	57	35	7	2202	39	182	541	302	6	73	4958	716	1472	0,0,0,0,0,0	17778	0	296	6752	37	0	6648,6447,6447,5724,5724,5724,5724	3	28	6413,0,0,0,0,0,0	119	0
173981	412	826	469	231	208	55	35	5	2300	41	183	541	234	2	57	4408	693	1543	0,0,0,0,0,0	17969	0	276	7028	40	0	6913,6699,6699,5931,5931,5931,5931	3	26	6689,0,0,0,0,0,0	120	0
173840	425	829	468	236	227	54	37	7	2395	41	187	549	251	1	68	4177	704	1572	0,0,0,0,0,0	17152	0	268	7296	42	0	7175,6949,6949,6133,6133,6133,6133	3	27	6957,0,0,0,0,0,0	120	0
173661	452	862	480	242	242	54	37	6	2476	43	191	511	310	6	82	4406	758	1611	0,0,0,0,0,0	16914	0	317	7613	44	0	7485,7245,7245,6379,6379,6379,6379	3	29	7274,0,0,0,0,0,0	106	0
173539	449	852	514	253	248	58	38	6	2549	46	194	507	305	6	81	4516	789	1623	0,0,0,0,0,0	28769	0	272	7886	45	0	7750,7494,7494,6573,6573,6573,6573	3	22	7547,0,0,0,0,0,0	113	0
173354	450	914	525	241	250	60	39	7	2664	47	195	520	310	1	67	4889	793	1686	0,0,0,0,0,0	29106	0	326	8216	47	0	8070,7800,7800,6827,6827,6827,6827	4	27	7877,0,0,0,0,0,0	129	0
173177	487	899	565	249	271	68	42	7	2736	48	197	510	273	4	112	5344	855	1726	0,0,0,0,0,0	18197	0	328	8543	50	0	8389,8104,8104,7076,7076,7076,7076	4	37	8205,0,0,0,0,0,0	137	0
173045	486	953	555	232	269	73	40	8	2835	51	199	498	264	3	89	5773	872	1736	0,0,0,0,0,0	18051	0	298	8841	51	0	8676,8374,8374,7285,7285,7285,7285	4	32	8503,0,0,0,0,0,0	145	0
172884	473	1007	570	259	264	75	42	8	2908	56	200	497	232	5	82	6056	913	1777	0,0,0,0,0,0	33920	0	327	9167	53	0	8991,8673,8673,7524,7524,7524,7524	4	37	8829,0,0,0,0,0,0	153	0
172722	484	986	579	295	278	79	42	9	3009	57	206	491	299	2	69	6201	912	1831	0,0,0,0,0,0	34205	0	332	9497	55	0	9315,8980,8980,7767,7767,7767,7767	4	34	9159,0,0,0,0,0,0	155	0
172602	467	988	607	277	298	82	46	8	3102	59	210	487	281	5	113	6434	955	1810	0,0,0,0,0,0	34499	0	290	9786	58	0	9595,9243,9243,7968,7968,7968,7968	4	32	9448,0,0,0,0,0,0	155	0
172481	465	1018	597	285	282	82	44	10	3204	64	214	490	334	4	87	6720	966	1807	0,0,0,0,0,0	47513	0	306	10096	58	0	9896,9525,9525,8180,8180,8180,8180	4	22	9758,0,0,0,0,0,0	160	0
172413	455	947	607	289	294	85	45	9	3318	65	219	484	257	3	76	7118	975	1747	0,0,0,0,0,0	47961	0	251	10347	61	0	10138,9748,9748,8335,8335,8335,8335	4	16	10009,0,0,0,0,0,0	164	0
172331	415	988	614	290	288	91	41	10	3384	69	225	453	286	6	95	6863	973	1754	0,0,0,0,0,0	34641	0	289	10639	62	0	10421,10010,10010,8519,8519,8519,8519	4	27	10301,0,0,0,0,0,0	166	0
172216	423	982	642	298	286	91	41	12	3457	72	226	434	278	4	91	6970	990	1773	0,0,0,0,0,0	34618	0	311	10952	65	0	10719,10288,10288,8725,8725,8725,8725	4	35	10614,0,0,0,0,0,0	171	0
172093	453	964	649	293	290	90	46	12	3555	72	229	442	248	2	92	7182	1038	1747	0,0,0,0,0,0	34983	0	314	11265	67	0	11022,10572,10572,8938,8938,8938,8938	4	39	10927,0,0,0,0,0,0	176	0
172019	464	952	623	296	292	97	45	13	3640	73	232	468	270	4	77	7056	982	1787	0,0,0,0,0,0	35090	0	296	11558	72	0	11303,10830,10830,9116,9116,9116,9116	4	39	11220,0,0,0,0,0,0	180	0
171968	468	930	623	288	294	101	46	13	3702	77	236	479	262	9	110	6844	1029	1721	0,0,0,0,0,0	35283	0	279	11837	73	0	11570,11074,11074,9275,9275,9275,9275	4	32	11499,0,0,0,0,0,0	173	0
171911	449	922	613	296	297	105	42	8	3781	83	239	452	253	4	72	6715	1007	1717	0,0,0,0,0,0	47679	0	270	12106	76	0	11826,11309,11309,9431,9431,9431,9431	4	19	11768,0,0,0,0,0,0	184	0
171892	423	902	601	297	290	101	45	7	3858	86	244	434	247	5	96	6866	1024	1635	0,0,0,0,0,0	47585	0	228	12335	76	0	12046,11507,11507,9550,9550,9550,9550	4	17	11997,0,0,0,0,0,0	178	0
171872	438	886	601	291	279	102	42	5	3895	90	245	435	233	1	91	6517	995	1644	0,0,0,0,0,0	34582	0	281	12615	78	0	12309,11745,11745,9692,9692,9692,9692	4	27	12277,0,0,0,0,0,0	172	0
171864	433	878	648	276	269	102	42	7	3890	91	246	424	242	5	97	6564	1002	1646	0,0,0,0,0,0	34815	0	281	12895	82	0	12569,11977,11977,9825,9825,9825,9825	4	26	12557,0,0,0,0,0,0	178	0
171814	428	910	613	274	272	98	44	9	3946	91	247	435	351	2	89	6906	1006	1633	0,0,0,0,0,0	34663	0	280	13174	85	0	12833,12219,12219,9981,9981,9981,9981	5	34	12837,0,0,0,0,0,0	187	0
171782	401	906	596	284	279	101	40	12	4003	95	247	435	236	5	76	6869	964	1643	0,0,0,0,0,0	34973	0	248	13421	88	0	13065,12429,12429,10112,10112,10112,10112	5	34	13084,0,0,0,0,0,0	176	0
171729	414	900	605	276	274	97	41	11	4048	99	252	423	235	6	84	6637	978	1629	0,0,0,0,0,0	34710	0	288	13711	88	0	13342,12682,12682,10276,10276,10276,10276	5	27	13374,0,0,0,0,0,0	168	0
171741	412	868	591	284	279	89	40	12	4071	103	256	441	252	3	61	6389	950	1613	0,0,0,0,0,0	47323	0	240	13948	92	0	13565,12880,12880,10381,10381,10381,10381	4	14	13611,0,0,0,0,0,0	161	0
171775	377	865	593	272	269	91	42	14	4084	106	258	431	241	3	76	6287	940	1569	0,0,0,0,0,0	47311	0	230	14177	96	0	13777,13065,13065,10468,10468,10468,10468	4	21	13840,0,0,0,0,0,0	153	0
171811	384	843	603	265	265	88	44	14	4063	107	259	424	238	4	103	6172	955	1537	0,0,0,0,0,0	34278	0	246	14420	100	0	14001,13262,13262,10562,10562,10562,10562	4	24	14083,0,0,0,0,0,0	156	0
171795	376	818	592	262	269	84	42	11	4125	110	262	434	274	4	62	6208	927	1516	0,0,0,0,0,0	34094	0	241	14655	107	0	14221,13459,13459,10677,10677,10677,10677	4	25	14318,0,0,0,0,0,0	151	0
171791	384	805	571	261	279	86	39	13	4139	114	264	409	260	4	74	6187	887	1538	0,0,0,0,0,0	34107	0	259	14915	107	0	14464,13676,13676,10799,10799,10799,10799	4	28	14578,0,0,0,0,0,0	149	0
171802	404	790	566	250	254	78	47	13	4161	115	266	424	291	6	83	6228	898	1491	0,0,0,0,0,0	34148	0	252	15168	108	0	14701,13886,13886,10909,10909,10909,10909	4	30	14832,0,0,0,0,0,0	149	0
171856	382	793	544	235	242	81	48	11	4168	117	269	437	250	2	67	6028	862	1463	0,0,0,0,0,0	34152	0	207	15375	108	0	14891,14050,14050,10975,10975,10975,10975	4	24	15039,0,0,0,0,0,0	152	0
171945	335	789	527	232	238	80	51	11	4144	120	274	430	98	1	67	5727	840	1412	0,0,0,0,0,0	46651	0	192	15566	111	0	15067,14197,14197,11017,11017,11017,11017	4	25	15230,0,0,0,0,0,0	161	0
172009	331	782	515	231	241	82	48	11	4096	125	275	438	249	1	72	5674	836	1394	0,0,0,0,0,0	46684	0	216	15779	114	0	15261,14364,14364,11080,11080,11080,11080	4	25	15443,0,0,0,0,0,0	166	0
172004	355	749	504	232	237	81	50	11	4118	126	279	414	271	2	67	5657	806	1402	0,0,0,0,0,0	33630	0	237	16011	119	0	15479,14559,14559,11189,11189,11189,11189	4	36	15675,0,0,0,0,0,0	157	0
172011	371	733	514	224	268	74	48	13	4080	129	281	443	240	2	67	5733	815	1417	0,0,0,0,0,0	34051	0	234	16242	122	0	15692,14748,14748,11287,11287,11287,11287	4	33	15906,0,0,0,0,0,0	152	0
172074	350	727	509	237	257	76	45	12	4041	133	285	428	258	4	90	5828	835	1366	0,0,0,0,0,0	33535	0	202	16444	124	0	15877,14906,14906,11345,11345,11345,11345	4	22	16108,0,0,0,0,0,0	153	0
172106	337	708	552	235	255	72	45	11	4001	136	288	419	306	4	81	5626	860	1344	0,0,0,0,0,0	33808	0	230	16671	128	0	16087,15090,15090,11431,11431,11431,11431	4	21	16335,0,0,0,0,0,0	143	0
172153	333	698	519	221	255	71	44	10	4011	139	292	427	311	1	77	5698	872	1269	0,0,0,0,0,0	33414	0	201	16869	131	0	16270,15248,15248,11495,11495,11495,11495	4	19	16533,0,0,0,0,0,0	145	0
172246	299	688	485	220	251	76	37	12	3993	144	295	434	250	3	51	5565	828	1228	0,0,0,0,0,0	46723	0	168	17036	132	0	16421,15372,15372,11520,11520,11520,11520	4	15	16700,0,0,0,0,0,0	135	0
172338	290	679	474	216	244	73	37	10	3943	145	297	413	259	0	61	5351	783	1230	0,0,0,0,0,0	46424	0	187	17221	137	0	16587,15511,15511,11554,11554,11554,11554	4	18	16885,0,0,0,0,0,0	148	0
172388	292	671	483	212	256	70	39	11	3876	146	302	410	227	3	66	5150	792	1231	0,0,0,0,0,0	33160	0	209	17429	140	0	16780,15678,15678,11622,11622,11622,11622	3	26	17094,0,0,0,0,0,0	128	0
172431	308	664	487	220	251	71	41	11	3811	147	304	433	275	4	62	5123	780	1262	0,0,0,0,0,0	33219	0	219	17643	145	0	16973,15845,15845,11692,11692,11692,11692	3	29	17308,0,0,0,0,0,0	137	0
172487	303	660	457	222	251	75	41	12	3781	151	306	424	302	3	63	5172	762	1247	0,0,0,0,0,0	33030	0	203	17844	148	0	17156,16001,16001,11750,11750,11750,11750	3	17	17509,0,0,0,0,0,0	140	0
172541	317	651	442	219	224	74	39	12	3761	155	311	428	296	3	76	5400	756	1210	0,0,0,0,0,0	33307	0	204	18048	150	0	17343,16162,16162,11812,11812,11812,11812	3	14	17713,0,0,0,0,0,0	147	0
172624	309	621	467	220	209	76	41	11	3693	158	317	434	320	3	57	5777	745	1198	0,0,0,0,0,0	33648	0	185	18232	153	0	17509,16301,16301,11848,11848,11848,11848	3	18	17897,0,0,0,0,0,0	141	0
172670	309	603	479	206	201	76	44	10	3668	158	322	412	271	4	47	5343	693	1225	0,0,0,0,0,0	46747	0	186	18415	158	0	17678,16447,16447,11905,11905,11905,11905	3	15	18080,0,0,0,0,0,0	154	0
172797	289	593	484	193	194	71	44	9	3588	162	322	401	249	2	64	5248	695	1173	0,0,0,0,0,0	46320	0	159	18574	158	0	17815,16555,16555,11905,11905,11905,11905	3	18	18239,0,0,0,0,0,0	142	0
172852	278	607	463	187	182	74	44	9	3563	163	324	404	239	2	63	4931	670	1165	0,0,0,0,0,0	33239	0	175	18752	159	0	17975,16692,16692,11952,11952,11952,11952	3	21	18417,0,0,0,0,0,0	147	0
172927	281	580	457	185	173	73	44	8	3526	167	325	413	306	3	57	5140	662	1131	0,0,0,0,0,0	32928	0	173	18924	161	0	18125,16817,16817,11983,11983,11983,11983	3	16	18589,0,0,0,0,0,0	143	0
172985	276	574	462	180	169	72	45	8	3476	169	330	409	292	2	56	5358	671	1107	0,0,0,0,0,0	33245	0	172	19093	164	0	18278,16947,16947,12024,12024,12024,12024	3	18	18758,0,0,0,0,0,0	141	0
173095	257	553	469	180	172	69	39	8	3400	174	330	395	280	2	53	5263	662	1077	0,0,0,0,0,0	46601	0	140	19232	165	0	18396,17040,17040,12022,12022,12022,12022	3	15	18897,0,0,0,0,0,0	141	0
173183	231	557	440	172	165	66	39	8	3376	176	333	399	282	4	46	5266	637	1033	0,0,0,0,0,0	46324	0	152	19383	167	0	18529,17149,17149,12038,12038,12038,12038	3	13	19048,0,0,0,0,0,0	133	0
173281	231	523	420	161	178	68	35	7	3324	181	337	411	79	1	47	4930	617	999	0,0,0,0,0,0	46174	0	139	19523	167	0	18652,17248,17248,12045,12045,12045,12045	3	13	19188,0,0,0,0,0,0	129	0
173366	230	500	407	164	160	72	34	9	3281	183	340	432	252	4	45	4348	581	986	0,0,0,0,0,0	45863	32	142	19659	173	0	18772,17346,17346,12056,12056,12056,12056	3	17	19325,0,0,0,0,0,0	132	28
173449	210	518	389	152	161	67	32	9	3234	184	341	424	266	3	55	4119	577	952	0,0,0,0,0,0	32452	20	141	19801	173	0	18895,17446,17446,12069,12069,12069,12069	3	15	19467,0,0,0,0,0,0	131	46
173509	208	498	379	149	156	73	33	7	3203	189	342	453	237	0	53	4149	600	896	0,0,0,0,0,0	31993	32	142	19937	179	0	19012,17543,17543,12089,12089,12089,12089	2	15	19603,0,0,0,0,0,0	121	73
173577	204	492	366	140	146	72	31	6	3177	192	343	451	238	1	45	4114	543	908	0,0,0,0,0,0	32098	24	131	20065	183	0	19123,17634,17634,12103,12103,12103,12103	2	11	19731,0,0,0,0,0,0	122	95
173663	197	477	349	144	149	62	28	5	3128	196	348	461	270	2	37	3750	512	894	0,0,0,0,0,0	31911	22	140	20205	185	0	19247,17736,17736,12114,12114,12114,12114	2	19	19871,0,0,0,0,0,0	116	114
173732	219	435	325	146	164	61	32	4	3080	197	351	458	233	3	34	3441	487	895	0,0,0,0,0,0	31428	17	137	20344	186	0	19369,17836,17836,12133,12133,12133,12133	2	21	20010,0,0,0,0,0,0	115	128
173851	213	410	330	143	157	59	29	4	2996	201	353	441	104	1	50	3234	500	841	0,0,0,0,0,0	38413	25	114	20457	189	0	19464,17908,17908,12113,12113,12113,12113	2	9	20123,0,0,0,0,0,0	108	151
173943	200	422	316	127	143	52	29	5	2952	203	354	458	270	1	40	2934	463	826	0,0,0,0,0,0	37936	143	110	20564	192	0	19565,17989,17989,12110,12110,12110,12110	2	9	20231,0,0,0,0,0,0	107	273
174035	182	426	315	122	142	52	26	7	2877	205	357	441	287	1	44	3007	464	801	0,0,0,0,0,0	26142	150	125	20685	196	0	19675,18077,18077,12111,12111,12111,12111	2	21	20352,0,0,0,0,0,0	92	405
174092	192	387	323	124	129	54	26	9	2844	207	359	441	238	5	44	2985	451	784	0,0,0,0,0,0	26101	139	116	20799	198	0	19781,18167,18167,12126,12126,12126,12126	2	14	20466,0,0,0,0,0,0	92	522
174166	190	389	332	111	116	52	29	8	2785	208	360	455	255	1	43	3223	456	763	0,0,0,0,0,0	26238	136	128	20923	202	0	19896,18261,18261,12138,12138,12138,12138	2	22	20591,0,0,0,0,0,0	94	639
174211	189	410	318	110	105	49	27	7	2744	212	364	454	251	0	32	3147	423	785	0,0,0,0,0,0	26209	130	145	21064	206	0	20030,18376,18376,12173,12173,12173,12173	2	26	20733,0,0,0,0,0,0	90	746
174272	205	394	313	122	111	46	29	7	2667	213	367	445	247	0	32	3020	410	810	0,0,0,0,0,0	26206	120	136	21199	208	0	20154,18481,18481,12196,12196,12196,12196	2	17	20868,0,0,0,0,0,0	87	847
174326	196	383	286	127	129	42	28	6	2639	214	370	485	243	2	41	2985	423	768	0,0,0,0,0,0	37720	119	110	21312	208	0	20262,18571,18571,12214,12214,12214,12214	2	7	20981,0,0,0,0,0,0	92	955
174418	184	365	288	113	128	45	24	7	2585	217	372	472	220	1	38	3023	434	713	0,0,0,0,0,0	38044	145	92	21401	212	0	20381,18672,18672,12219,12219,12219,12219	2	11	21070,0,0,0,0,0,0	88	1081
174472	196	362	275	116	120	45	25	7	2534	218	376	478	268	2	37	3430	435	704	0,0,0,0,0,0	26445	143	121	21523	213	0	20537,18810,18810,12261,12261,12261,12261	2	9	21192,0,0,0,0,0,0	77	1201
174539	193	361	243	113	118	44	26	5	2502	222	380	466	239	1	23	3333	414	684	0,0,0,0,0,0	26399	133	102	21622	216	0	20665,18921,18921,12280,12280,12280,12280	2	18	21291,0,0,0,0,0,0	78	1307
174615	199	366	230	108	105	45	26	5	2444	223	380	462	144	1	44	3194	406	673	0,0,0,0,0,0	26428	167	112	21733	217	0	20801,19038,19038,12300,12300,12300,12300	2	16	21402,0,0,0,0,0,0	77	1445
174705	177	379	233	100	94	47	28	4	2370	223	386	449	88	0	30	3075	382	676	0,0,0,0,0,0	26117	162	95	21825	220	0	20920,19138,19138,12304,12304,12304,12304	2	14	21494,0,0,0,0,0,0	82	1575
174768	166	375	221	111	100	42	27	3	2318	224	391	453	270	2	29	2822	361	681	0,0,0,0,0,0	26063	144	97	21924	220	0	21043,19245,19245,12324,12324,12324,12324	2	11	21593,0,0,0,0,0,0	83	1699
174869	153	350	237	115	94	37	25	4	2238	226	398	422	264	1	31	2725	347	664	0,0,0,0,0,0	37897	141	78	22002	221	0	21150,19333,19333,12318,12318,12318,12318	2	7	21671,0,0,0,0,0,0	77	1820
174918	150	340	261	113	95	36	24	6	2175	227	401	461	237	6	27	2678	358	661	0,0,0,0,0,0	37398	63	100	22103	223	0	21282,19451,19451,12349,12349,12349,12349	2	7	21772,0,0,0,0,0,0	71	1873
174961	150	348	257	115	100	32	25	7	2122	227	402	459	270	2	34	2722	365	662	0,0,0,0,0,0	25768	50	117	22218	226	0	21426,19578,19578,12388,12388,12388,12388	2	16	21888,0,0,0,0,0,0	73	1916
174982	177	327	246	115	101	27	23	8	2107	227	406	462	310	0	29	2994	349	667	0,0,0,0,0,0	25843	55	117	22335	226	0	21568,19706,19706,12435,12435,12435,12435	2	11	22005,0,0,0,0,0,0	64	1958
175029	163	347	242	99	94	25	26	7	2076	228	410	461	65	0	27	2657	328	668	0,0,0,0,0,0	26174	65	96	22428	230	0	21700,19823,19823,12465,12465,12465,12465	2	7	22098,0,0,0,0,0,0	58	2006
175081	171	341	239	101	94	28	23	5	2021	230	412	457	145	2	24	2462	331	666	0,0,0,0,0,0	25785	60	106	22534	231	0	21839,19946,19946,12497,12497,12497,12497	1	10	22204,0,0,0,0,0,0	64	2055
175098	164	354	242	98	100	30	21	7	1982	231	419	463	293	0	28	2695	326	683	0,0,0,0,0,0	25833	59	107	22640	232	0	21981,20075,20075,12548,12548,12548,12548	1	15	22310,0,0,0,0,0,0	73	2103
175139	156	352	235	96	104	32	21	8	1950	231	422	461	150	0	37	2735	324	672	0,0,0,0,0,0	37805	51	87	22729	233	0	22102,20183,20183,12577,12577,12577,12577	1	10	22399,0,0,0,0,0,0	69	2150
175201	153	326	243	93	102	32	21	8	1912	232	423	465	107	0	26	2857	317	653	0,0,0,0,0,0	37725	203	77	22806	233	0	22193,20260,20260,12579,12579,12579,12579	1	5	22476,0,0,0,0,0,0	71	2311
175228	145	323	236	95	93	31	23	8	1906	232	426	459	247	2	41	3295	340	606	0,0,0,0,0,0	26008	189	82	22887	235	0	22284,20340,20340,12597,12597,12597,12597	1	9	22557,0,0,0,0,0,0	78	2464
175266	152	329	226	96	88	30	24	8	1865	233	429	477	241	2	22	3187	328	617	0,0,0,0,0,0	26175	190	100	22986	236	0	22391,20434,20434,12618,12618,12618,12618	1	17	22656,0,0,0,0,0,0	69	2623
175306	162	308	220	107	97	32	22	8	1818	235	431	490	253	1	30	3408	323	625	0,0,0,0,0,0	26078	185	93	23078	237	0	22494,20523,20523,12636,12636,12636,12636	1	9	22748,0,0,0,0,0,0	73	2764
175360	148	292	226	113	89	34	22	7	1788	236	431	497	270	1	35	3415	321	603	0,0,0,0,0,0	26598	210	80	23157	238	0	22581,20597,20597,12638,12638,12638,12638	1	7	22827,0,0,0,0,0,0	81	2929
175378	151	306	222	107	76	32	20	9	1774	237	434	506	266	1	28	3044	307	607	0,0,0,0,0,0	26226	192	97	23254	238	0	22686,20690,20690,12668,12668,12668,12668	1	14	22924,0,0,0,0,0,0	76	3090
175444	134	286	225	100	73	34	20	8	1745	239	438	505	224	2	26	2865	300	572	0,0,0,0,0,0	37894	214	58	23311	239	0	22755,20747,20747,12657,12657,12657,12657	1	4	22981,0,0,0,0,0,0	76	3269
175460	138	284	215	87	76	36	18	8	1739	243	442	508	91	3	25	2743	289	565	0,0,0,0,0,0	37750	168	88	23400	240	0	22936,20918,20918,12727,12727,12727,12727	1	8	23070,0,0,0,0,0,0	80	3406
175497	128	272	207	90	83	34	16	7	1722	246	444	491	263	2	31	2524	302	528	0,0,0,0,0,0	25610	186	77	23474	243	0	23099,21071,21071,12775,12775,12775,12775	1	10	23144,0,0,0,0,0,0	70	3550
175513	137	295	201	89	79	35	15	7	1681	247	447	507	244	0	31	2559	301	550	3,0,0,0,0,0	25771	148	84	23587	245	0	23296,21255,21255,12852,12852,12852,12852	1	12	23227,31,0,0,0,0,0	60	3664
175512	167	307	201	86	88	34	12	8	1630	250	451	522	254	0	26	2318	294	601	8,0,0,0,0,0	25685	166	94	23724	246	0	23512,21459,21459,12946,12946,12946,12946	1	3	23316,80,0,0,0,0,0	56	3792
175468	212	331	197	78	87	34	13	8	1613	252	453	531	275	3	31	2182	285	667	15,0,0,0,0,0	25401	171	116	23879	249	0	23751,21688,21688,13076,13076,13076,13076	1	14	23407,145,0,0,0,0,0	60	3916
175414	227	379	197	84	87	31	17	7	1593	252	458	531	231	0	33	2261	293	729	21,0,0,0,0,0	25606	178	126	24044	254	0	23999,21925,21925,13214,13214,13214,13214	1	16	23502,219,0,0,0,0,0	64	4060
175371	245	411	214	89	101	30	13	6	1549	255	462	550	275	2	32	2108	300	803	27,0,0,0,0,0	37040	159	123	24210	257	0	24256,22170,22170,13351,13351,13351,13351	1	4	23577,313,0,0,0,0,0	70	4181
175310	239	453	229	102	101	29	14	5	1541	255	468	559	314	1	37	2115	315	852	34,0,0,0,0,0	37198	119	136	24377	258	0	24508,22412,22412,13491,13491,13491,13491	1	6	23647,411,0,0,0,0,0	67	4270
175232	257	470	262	119	106	23	15	3	1531	256	472	521	263	2	45	2482	373	879	37,0,0,0,0,0	25602	125	182	24555	263	0	24769,22663,22663,13645,13645,13645,13645	1	10	23739,500,0,0,0,0,0	64	4367
175131	277	478	294	118	111	22	14	3	1568	256	474	501	232	3	37	2696	380	934	41,0,0,0,0,0	25591	139	193	24746	266	0	25024,22912,22911,13808,13808,13808,13808	1	10	23824,608,0,0,0,0,0	55	4475
175028	289	543	289	123	106	18	13	3	1601	257	476	507	262	3	46	2809	400	981	44,0,0,0,0,0	25674	121	196	24936	273	0	25293,23173,23173,13978,13978,13978,13978	1	15	23912,715,0,0,0,0,0	52	4569
174939	300	565	296	130	130	19	11	3	1615	260	478	531	241	1	30	2875	422	1029	48,0,0,0,0,0	25787	132	195	25129	276	0	25563,23436,23435,14144,14144,14144,14144	1	12	23983,839,0,0,0,0,0	44	4675
174807	316	596	299	151	138	20	13	1	1664	260	481	537	252	4	50	2999	464	1069	52,0,0,0,0,0	26056	129	220	25347	280	0	25866,23732,23730,14346,14346,14346,14346	1	9	24055,989,0,0,0,0,0	56	4779
174696	337	613	325	151	151	20	13	2	1687	260	491	550	291	2	47	3091	489	1121	55,0,0,0,0,0	37950	122	221	25566	283	0	26162,24019,24017,14535,14535,14535,14535	1	10	24128,1138,0,0,0,0,0	58	4867
174589	324	616	374	160	160	21	16	2	1728	260	496	522	258	2	54	3612	545	1126	58,0,0,0,0,0	38380	264	200	25762	289	0	26397,24248,24244,14690,14690,14690,14690	1	8	24193,1274,0,0,0,0,0	68	5070
174476	314	684	372	164	164	28	20	0	1765	260	499	548	258	2	53	3743	559	1187	60,0,0,0,0,0	26970	288	235	25989	297	0	26655,24499,24493,14857,14857,14857,14857	1	19	24256,1441,0,0,0,0,0	76	5293
174349	358	690	415	163	172	28	23	0	1786	261	501	555	254	4	59	3924	580	1269	62,0,0,0,0,0	26756	265	254	26240	301	0	26937,24773,24765,15044,15044,15044,15044	1	18	24327,1623,0,0,0,0,0	80	5490
174188	403	719	435	163	189	32	23	0	1828	263	503	561	275	8	46	3779	597	1367	65,0,0,0,0,0	26989	292	284	26515	311	0	27246,25074,25064,15262,15262,15262,15262	1	20	24393,1839,0,0,0,0,0	90	5703
174024	428	734	438	178	204	31	23	1	1916	264	505	504	261	2	67	3734	605	1431	67,0,0,0,0,0	26900	272	274	26778	323	0	27547,25369,25357,15476,15476,15476,15476	1	23	24457,2048,0,0,0,0,0	95	5898
173846	435	802	427	198	222	33	25	1	1984	266	507	551	221	5	76	4011	659	1483	69,0,0,0,0,0	27020	304	297	27067	332	0	27869,25688,25672,15711,15711,15711,15711	2	23	24527,2275,0,0,0,0,0	89	6115
173673	440	838	457	187	237	35	28	1	2071	266	513	543	266	2	77	4129	707	1515	71,0,0,0,0,0	39081	282	284	27343	341	0	28175,25989,25971,15934,15934,15934,15934	2	22	24588,2498,0,0,0,0,0	112	6303
173483	432	899	480	208	250	37	29	4	2141	267	516	545	252	0	67	4647	767	1568	73,0,0,0,0,0	39331	613	293	27633	348	0	28572,26384,26363,16216,16216,16216,16216	2	14	24636,2744,0,0,0,0,0	117	6723
173250	441	944	522	234	277	36	30	5	2217	269	521	554	332	5	81	5239	820	1664	75,0,0,0,0,0	28152	609	347	27964	365	0	29022,26832,26807,16542,16542,16542,16542	2	19	24693,3032,0,0,0,0,0	112	6995
173021	485	1003	513	230	303	37	38	5	2316	270	525	534	305	4	91	5317	859	1750	76,0,0,0,0,0	28396	650	368	28323	378	0	29486,27294,27264,16872,16872,16872,16872	2	25	24755,3339,0,0,0,0,0	118	7573
172741	547	1069	553	246	315	44	38	6	2388	271	528	509	323	9	91	5599	929	1883	78,0,0,0,0,0	28493	632	420	28730	394	0	29994,27802,27767,17254,17254,17254,17254	2	33	24820,3693,0,0,0,0,0	129	8127
172475	589	1116	566	250	345	53	36	5	2507	274	530	479	326	3	90	6048	976	1979	80,0,0,0,0,0	28688	624	415	29135	409	0	30499,28308,28266,17628,17628,17628,17628	2	29	24873,4059,0,0,0,0,0	133	8661
172194	623	1180	591	274	353	63	32	7	2619	278	532	468	239	3	109	6261	1044	2072	82,0,0,0,0,0	29250	607	431	29554	423	0	31026,28835,28787,18018,18018,18018,18018	2	26	24927,4436,0,0,0,0,0	134	9187
171957	599	1249	595	298	352	70	37	6	2771	279	533	465	317	2	69	6555	1045	2155	83,0,0,0,0,0	40706	557	401	29949	435	0	31525,29337,29281,18376,18376,18376,18376	2	15	24963,4804,0,0,0,0,0	149	9676
171724	597	1283	641	309	376	80	38	7	2876	281	534	458	272	4	103	6793	1130	2194	84,0,0,0,0,0	41045	832	396	30328	456	0	32072,29887,29822,18753,18753,18753,18753	2	28	25008,5156,0,0,0,0,0	144	10401
171436	647	1287	721	345	380	90	35	7	2974	285	539	459	259	6	120	7502	1207	2298	85,0,0,0,0,0	30393	783	466	30771	480	0	32630,30450,30376,19163,19163,19163,19163	2	32	25051,5575,0,0,0,0,0	158	11072
171085	713	1365	741	350	400	90	37	8	3128	287	542	446	318	13	126	7370	1241	2455	87,0,0,0,0,0	30360	785	544	31289	508	0	33367,31194,31109,19695,19695,19695,19695	3	33	25076,6089,0,0,0,0,0	152	11765
170716	764	1484	784	344	405	103	39	8	3268	288	543	447	338	5	125	7467	1325	2598	88,0,0,0,0,0	30595	811	562	31831	531	0	34128,31959,31863,20247,20247,20247,20247	3	34	25131,6596,0,0,0,0,0	163	12449
170345	791	1611	814	370	388	102	42	8	3442	289	544	441	309	7	120	7619	1362	2756	89,0,0,0,0,0	30681	814	569	32385	547	0	34884,32723,32615,20801,20801,20801,20801	3	27	25169,7125,0,0,0,0,0	175	13160
169921	888	1655	842	410	425	106	42	8	3611	292	546	430	239	6	103	7711	1386	2982	90,0,0,0,0,0	30245	780	636	32997	576	0	35696,33544,33423,21408,21408,21408,21408	3	37	25200,7733,0,0,0,0,0	180	13821
169613	866	1698	901	446	440	107	42	9	3784	293	547	450	258	12	123	7660	1410	3090	90,0,0,0,0,0	41705	737	513	33498	593	0	36377,34230,34097,21893,21893,21893,21893	3	25	25238,8208,0,0,0,0,0	200	14443
169277	871	1741	946	467	453	114	47	7	3977	296	550	439	259	6	140	8006	1507	3132	91,0,0,0,0,0	41960	898	555	34025	623	0	37173,35037,34890,22446,22446,22446,22446	3	24	25279,8715,0,0,0,0,0	207	15231
168917	894	1742	976	496	482	123	49	9	4208	298	552	435	252	8	168	8403	1575	3187	91,0,0,0,0,0	47013	902	566	34572	644	0	37960,35833,35672,23006,23006,23006,23006	3	31	25314,9243,0,0,0,0,0	212	15996
168564	907	1807	1000	511	521	127	49	10	4395	301	554	449	300	6	161	9126	1669	3253	91,0,0,0,0,0	47654	876	612	35168	664	0	38798,36685,36505,23588,23588,23588,23588	3	28	25351,9819,0,0,0,0,0	219	16716
168222	923	1836	1043	548	526	131	54	9	4592	304	558	442	316	5	160	9017	1740	3321	92,0,0,0,0,0	48500	890	604	35751	689	0	39619,37521,37322,24156,24156,24156,24156	3	31	25376,10394,0,0,0,0,0	237	17440
167916	909	1863	1086	548	537	131	56	9	4822	309	560	440	253	8	158	9531	1762	3368	93,0,0,0,0,0	47922	881	573	36301	713	0	40415,38334,38115,24694,24694,24694,24694	3	34	25402,10936,0,0,0,0,0	235	18164
167596	934	1904	1108	546	559	143	62	9	5010	313	562	463	288	4	165	9771	1762	3494	93,0,0,0,0,0	48435	916	627	36901	742	0	41232,39171,38928,25253,25253,25253,25253	3	45	25428,11535,0,0,0,0,0	231	18911
167430	870	1887	1121	563	558	152	62	11	5211	318	563	463	311	8	179	9679	1806	3407	93,0,0,0,0,0	71846	924	462	37349	760	0	41886,39844,39578,25656,25656,25656,25656	3	27	25445,11980,0,0,0,0,0	252	19660
167288	828	1820	1137	576	579	160	63	12	5402	318	563	444	303	9	162	9720	1828	3335	94,0,0,0,0,0	72355	652	468	37791	788	0	42617,40597,40306,26086,26086,26086,26086	3	26	25465,12423,0,0,0,0,0	282	20177
167032	828	1831	1115	597	589	172	70	12	5613	321	566	427	272	9	185	10035	1879	3323	94,0,0,0,0,0	48660	670	573	38343	812	0	43458,41461,41145,26628,26628,26628,26628	3	40	25487,12970,0,0,0,0,0	289	20691
166776	857	1834	1124	598	572	180	71	11	5830	324	569	402	284	6	199	10350	1938	3298	95,0,0,0,0,0	48482	593	589	38894	854	0	44273,42300,41959,27156,27156,27156,27156	4	37	25506,13531,0,0,0,0,0	310	21139
166537	881	1839	1122	590	586	180	67	11	6031	330	572	387	263	4	161	10471	1925	3340	95,0,0,0,0,0	48982	675	593	39457	884	0	45100,43156,42785,27685,27685,27685,27685	4	40	25527,14095,0,0,0,0,0	307	21665
166312	923	1817	1123	608	576	185	78	10	6204	335	575	392	235	11	171	10387	1888	3422	95,0,0,0,0,0	49048	636	585	40022	908	0	45932,44014,43615,28210,28210,28210,28210	4	31	25545,14659,0,0,0,0,0	310	22160
166115	908	1845	1106	620	570	187	80	10	6387	339	579	352	272	7	183	10669	1886	3430	95,0,0,0,0,0	49374	656	569	40569	932	0	46765,44877,44447,28723,28723,28723,28723	4	31	25554,15217,0,0,0,0,0	315	22665
166015	860	1793	1170	590	565	198	84	13	6536	341	581	347	280	6	150	10578	1841	3419	96,0,0,0,0,0	73046	635	486	41019	969	0	47488,45633,45170,29135,29135,29135,29135	4	32	25565,15683,0,0,0,0,0	316	23165
165937	801	1723	1156	599	574	200	82	12	6732	348	582	326	247	5	167	10487	1802	3333	96,0,0,0,0,0	72684	850	461	41453	998	0	48182,46361,45868,29533,29533,29533,29533	3	20	25579,16123,0,0,0,0,0	328	23827
165797	819	1703	1135	605	566	201	84	13	6882	355	586	335	336	6	201	10881	1804	3309	96,0,0,0,0,0	49252	882	555	41988	1021	0	48935,47159,46631,30025,30025,30025,30025	3	22	25594,16660,0,0,0,0,0	322	24536
165677	825	1663	1149	573	551	197	90	16	7059	357	589	325	328	12	186	10985	1755	3293	96,0,0,0,0,0	49614	862	537	42492	1056	0	49726,47985,47421,30464,30464,30464,30464	3	40	25607,17178,0,0,0,0,0	317	25191
165528	843	1692	1127	564	583	198	89	19	7147	364	592	315	261	6	185	11091	1801	3295	96,0,0,0,0,0	49323	938	563	43031	1081	0	50581,48874,48275,30946,30946,30946,30946	3	37	25614,17730,0,0,0,0,0	324	25935
165430	849	1704	1125	541	572	194	90	18	7261	370	592	334	325	9	173	11227	1757	3318	97,0,0,0,0,0	49670	869	541	43544	1109	0	51380,49708,49072,31382,31382,31382,31382	3	27	25622,18253,0,0,0,0,0	314	26600
165319	831	1782	1113	533	563	188	90	17	7339	376	595	309	265	6	153	10611	1695	3405	97,0,0,0,0,0	49541	935	563	44077	1141	0	52193,50559,49885,31830,31830,31830,31830	3	30	25631,18802,0,0,0,0,0	310	27304
165343	795	1688	1113	537	582	193	89	20	7410	378	598	318	257	12	149	10524	1653	3344	97,0,0,0,0,0	72690	843	428	44484	1166	0	52872,51274,50561,32146,32146,32146,32146	3	15	25636,19221,0,0,0,0,0	315	27963
165458	690	1656	1103	541	552	192	91	18	7464	381	600	325	338	9	157	10033	1608	3217	97,0,0,0,0,0	72446	1080	385	44844	1192	0	53634,52078,51323,32453,32453,32453,32453	3	23	25641,19593,0,0,0,0,0	319	28810
165420	704	1643	1083	566	548	191	89	19	7494	386	603	326	246	13	191	9732	1613	3211	97,0,0,0,0,0	48361	1078	518	45337	1221	0	54527,53011,52215,32902,32902,32902,32902	3	31	25646,20098,0,0,0,0,0	300	29664
165364	767	1614	1084	558	552	185	94	20	7513	390	605	347	266	14	169	9887	1626	3228	98,0,0,0,0,0	48653	1044	539	45852	1252	0	55428,53951,53114,33358,33358,33358,33358	3	18	25649,20634,0,0,0,0,0	299	30462
165342	769	1609	1104	566	529	175	100	24	7528	393	607	350	300	7	161	9926	1652	3200	98,0,0,0,0,0	48599	1063	505	46333	1277	0	56336,54900,54022,33806,33806,33806,33806	3	27	25653,21132,0,0,0,0,0	290	31281
165309	765	1601	1100	555	515	175	102	26	7595	396	607	338	252	6	171	9651	1635	3178	98,0,0,0,0,0	48510	1058	498	46805	1309	0	57213,55817,54899,34238,34238,34238,34238	3	24	25657,21620,0,0,0,0,0	294	32099
165307	736	1643	1068	540	502	180	100	28	7630	403	609	333	231	9	182	9266	1595	3174	98,0,0,0,0,0	48183	1063	485	47261	1341	0	58071,56717,55757,34646,34646,34646,34646	3	29	25662,22093,0,0,0,0,0	303	32886
165442	671	1569	1037	518	507	174	100	31	7680	407	610	320	302	7	145	8888	1530	3046	98,0,0,0,0,0	71705	1054	365	47597	1373	0	58779,57470,56466,34919,34919,34919,34919	3	14	25665,22453,0,0,0,0,0	307	33680
165643	620	1467	1054	512	534	173	101	29	7591	412	610	330	294	6	131	8697	1514	2947	98,0,0,0,0,0	71521	1424	351	47933	1391	0	59590,58330,57277,35203,35203,35203,35203	3	23	25668,22799,0,0,0,0,0	305	34773
165723	630	1421	1046	495	492	177	103	25	7604	418	612	322	282	10	194	9062	1567	2797	98,0,0,0,0,0	47677	1353	421	48330	1419	0	60470,59253,58157,35580,35580,35580,35580	2	18	25672,23211,0,0,0,0,0	296	35791
165746	649	1379	1016	486	477	178	104	25	7648	425	613	330	287	7	155	9083	1530	2759	98,0,0,0,0,0	47868	1386	419	48720	1450	0	61326,60149,59016,35970,35970,35970,35970	2	17	25674,23621,0,0,0,0,0	307	36828
165787	627	1378	967	489	480	174	100	26	7668	434	616	311	320	7	156	9061	1481	2734	99,0,0,0,0,0	48067	1382	418	49111	1478	0	62176,61041,59869,36350,36350,36350,36350	2	32	25675,24031,0,0,0,0,0	305	37846
165913	642	1337	951	488	463	164	93	26	7604	446	619	338	279	9	152	8720	1449	2689	99,0,0,0,0,0	39580	1374	406	49494	1505	0	63022,61932,60715,36686,36686,36686,36686	2	23	25677,24426,0,0,0,0,0	275	38849
165947	655	1354	966	485	433	153	88	26	7565	451	623	357	304	7	129	8533	1386	2748	99,0,0,0,0,0	39295	1390	442	49912	1533	0	63911,62865,61606,37086,37086,37086,37086	2	22	25683,24856,0,0,0,0,0	276	39853
166089	611	1331	942	446	428	150	83	22	7559	459	626	369	304	7	137	8248	1332	2659	99,0,0,0,0,0	41921	1336	321	50214	1556	0	64687,63686,62386,37384,37384,37384,37384	2	13	25687,25170,0,0,0,0,0	262	40835
166270	557	1277	944	447	397	150	79	25	7507	464	629	373	337	11	117	8339	1254	2597	99,0,0,0,0,0	41893	1122	313	50507	1577	0	65467,64510,63167,37649,37649,37649,37649	2	9	25690,25475,0,0,0,0,0	257	41650
166426	545	1229	912	440	388	150	78	24	7455	468	631	364	245	7	145	8400	1216	2526	99,0,0,0,0,0	39179	1101	339	50824	1599	0	66245,65333,63946,37928,37928,37928,37928	2	22	25690,25807,0,0,0,0,0	258	42412
166521	552	1213	908	427	389	146	76	21	7382	475	636	352	319	4	134	8582	1228	2483	99,0,0,0,0,0	39321	1097	392	51196	1620	0	67056,66189,64758,38250,38250,38250,38250	2	21	25693,26190,0,0,0,0,0	256	43163
166643	579	1136	911	416	378	134	79	21	7332	480	637	356	271	6	132	8455	1206	2427	99,0,0,0,0,0	39364	1014	363	51544	1641	0	67862,67041,65567,38554,38554,38554,38554	2	20	25694,26552,0,0,0,0,0	246	43799
166772	590	1154	869	386	345	125	81	21	7279	484	640	382	246	5	107	7931	1144	2406	99,0,0,0,0,0	39081	1133	360	51878	1669	0	68640,67863,66346,38839,38839,38839,38839	2	18	25694,26906,0,0,0,0,0	239	44518
166890	568	1164	819	400	358	122	78	19	7198	488	642	395	313	8	98	7948	1100	2409	99,0,0,0,0,0	39078	1083	342	52195	1696	0	69409,68676,67118,39124,39124,39124,39124	2	15	25695,27239,0,0,0,0,0	235	45211
167077	519	1154	788	388	341	110	76	18	7140	490	645	388	307	6	91	7853	1029	2347	99,0,0,0,0,0	41504	1083	279	52461	1712	0	70108,69417,67819,39346,39346,39346,39346	2	11	25695,27513,0,0,0,0,0	221	45913
167304	456	1087	790	358	348	109	64	23	7061	498	648	384	335	6	99	7859	1003	2209	99,0,0,0,0,0	41321	906	228	52679	1722	0	70754,70106,68468,39515,39515,39515,39515	2	24	25696,27739,0,0,0,0,0	211	46513
167443	442	1065	774	335	358	106	65	23	6985	499	651	385	271	7	117	7634	974	2171	99,0,0,0,0,0	32469	892	308	52969	1742	0	71474,70868,69190,39758,39758,39758,39758	2	18	25697,28042,0,0,0,0,0	199	47058
167601	432	1031	745	334	345	101	58	22	6915	510	652	381	319	6	121	7170	962	2084	99,0,0,0,0,0	32003	917	290	53238	1763	0	72152,71587,69871,39973,39973,39973,39973	2	20	25697,28323,0,0,0,0,0	193	47621
167749	443	988	755	314	326	100	54	21	6828	515	653	390	246	2	112	7030	906	2074	99,0,0,0,0,0	31972	922	290	53507	1787	0	72813,72291,70537,40176,40176,40176,40176	2	18	25698,28610,0,0,0,0,0	181	48194
167911	464	933	753	314	304	96	57	21	6720	517	656	383	272	10	99	6716	873	2048	99,0,0,0,0,0	31356	904	279	53768	1805	0	73481,73000,71208,40385,40385,40385,40385	2	14	25698,28886,0,0,0,0,0	172	48755
168109	414	935	694	291	285	93	52	20	6672	522	659	413	297	1	90	6453	802	1962	99,0,0,0,0,0	25909	933	236	53990	1821	0	74118,73677,71848,40558,40558,40558,40558	2	12	25698,29115,0,0,0,0,0	164	49344
168390	362	923	689	283	295	87	52	20	6461	524	660	418	243	2	92	6263	776	1915	99,0,0,0,0,0	32241	918	221	54199	1836	0	74709,74315,72442,40674,40674,40674,40674	1	15	25698,29335,0,0,0,0,0	159	49918
168573	339	871	686	260	281	85	48	21	6391	530	661	428	253	4	91	6173	747	1823	99,0,0,0,0,0	32130	1213	210	54401	1845	0	75327,74968,73063,40842,40842,40842,40842	1	19	25698,29541,0,0,0,0,0	151	50740
168799	354	835	652	251	265	75	47	22	6248	534	664	426	246	6	95	6293	733	1746	99,0,0,0,0,0	25887	1162	234	54630	1857	0	75964,75649,73704,40992,40992,40992,40992	1	7	25699,29777,0,0,0,0,0	148	51546
169074	347	775	627	223	252	76	49	21	6099	536	667	422	278	6	74	6205	691	1658	99,0,0,0,0,0	25859	1241	185	54807	1867	0	76537,76266,74281,41086,41086,41086,41086	1	9	25700,29959,0,0,0,0,0	136	52439
169308	303	741	623	215	248	79	46	20	5955	540	668	451	275	2	71	6160	659	1596	99,0,0,0,0,0	25515	1161	191	54987	1878	0	77119,76888,74867,41206,41206,41206,41206	1	11	25700,30147,0,0,0,0,0	137	53233
169560	295	694	629	212	231	65	41	16	5787	544	672	459	246	2	76	5965	627	1540	99,0,0,0,0,0	25435	1301	192	55171	1886	0	77701,77512,75454,41314,41314,41314,41314	1	12	25700,30337,0,0,0,0,0	128	54144
169804	290	649	624	208	237	60	41	14	5600	546	673	478	333	3	67	5551	615	1494	99,0,0,0,0,0	25222	1251	187	55348	1897	0	78272,78125,76031,41429,41429,41429,41429	1	11	25701,30521,0,0,0,0,0	115	54987
170040	265	591	636	203	215	65	39	11	5456	549	676	493	298	1	49	5453	570	1444	99,0,0,0,0,0	29481	1180	139	55481	1904	0	78813,78701,76577,41535,41535,41535,41535	1	7	25701,30655,0,0,0,0,0	116	55812
170277	249	540	604	186	197	60	38	10	5351	553	681	476	282	3	67	5239	545	1329	99,0,0,0,0,0	29446	603	123	55593	1915	0	79529,79450,77299,41726,41726,41726,41726	1	7	25702,30775,0,0,0,0,0	116	56191
170514	239	537	537	184	163	51	36	10	5233	555	687	487	93	3	53	5195	514	1233	99,0,0,0,0,0	23903	584	149	55731	1927	0	80231,80188,78008,41906,41906,41906,41906	1	8	25703,30918,0,0,0,0,0	105	56565
170762	218	501	513	173	147	57	37	7	5080	559	692	483	259	1	49	4781	481	1165	99,0,0,0,0,0	23746	604	113	55836	1935	0	80943,80936,78728,42086,42086,42086,42086	1	7	25703,31025,0,0,0,0,0	103	56954
171036	198	472	496	165	145	52	32	8	4882	563	697	477	315	1	59	4347	476	1084	99,0,0,0,0,0	23192	610	117	55943	1945	0	81619,81648,79411,42236,42236,42236,42236	1	4	25703,31139,0,0,0,0,0	102	57371
171281	176	454	476	143	127	49	26	10	4738	567	699	478	317	3	53	4174	431	1020	99,0,0,0,0,0	23289	558	102	56035	1955	0	82328,82390,80129,42421,42421,42421,42421	1	4	25703,31234,0,0,0,0,0	95	57739
171489	177	422	458	131	129	46	29	8	4587	567	703	481	239	3	37	3946	402	990	99,0,0,0,0,0	22768	576	118	56149	1961	0	83039,83132,80848,42624,42624,42624,42624	1	7	25703,31350,0,0,0,0,0	91	58131
171770	159	362	428	133	126	44	27	8	4412	569	708	459	288	1	35	3969	375	904	99,0,0,0,0,0	27941	558	65	56210	1966	0	83676,83802,81493,42760,42760,42760,42760	0	1	25703,31416,0,0,0,0,0	84	58510
172021	119	371	378	119	113	44	26	7	4263	571	714	439	217	0	39	3874	341	829	99,0,0,0,0,0	28237	834	80	56281	1975	0	84083,84240,81907,42771,42771,42771,42771	0	4	25703,31494,0,0,0,0,0	85	59085
172202	126	380	334	106	107	38	22	8	4132	572	719	447	248	2	32	3781	310	803	99,0,0,0,0,0	17725	784	107	56382	1982	0	84504,84690,82336,42824,42824,42824,42824	0	5	25703,31599,0,0,0,0,0	80	59599
172389	128	345	326	100	97	39	21	10	3996	574	721	465	232	1	27	3807	295	761	99,0,0,0,0,0	17431	822	84	56464	1986	0	84917,85128,82755,42860,42860,42860,42860	0	9	25703,31685,0,0,0,0,0	69	60134
172584	132	328	313	92	84	38	22	9	3845	574	725	457	88	0	27	3605	262	747	100,0,0,0,0,0	17444	819	86	56542	1994	0	85289,85523,83133,42882,42882,42882,42882	0	4	25703,31770,0,0,0,0,0	72	60699
172778	129	302	296	93	85	37	21	9	3695	574	727	464	91	1	31	3516	254	709	100,0,0,0,0,0	17048	787	73	56611	1998	0	85664,85920,83516,42912,42912,42912,42912	0	12	25703,31841,0,0,0,0,0	72	61240
172978	107	290	294	81	87	37	18	7	3542	576	729	499	258	1	31	3267	245	669	100,0,0,0,0,0	16995	789	69	56676	2002	0	86050,86329,83909,42940,42940,42940,42940	0	7	25703,31908,0,0,0,0,0	69	61800
173171	103	267	291	79	72	35	19	7	3396	577	729	480	240	2	25	2872	219	647	100,0,0,0,0,0	27694	828	67	56742	2003	0	86426,86725,84291,42975,42975,42975,42975	0	5	25703,31974,0,0,0,0,0	68	62381
173365	103	263	264	68	68	32	15	6	3249	580	733	482	242	3	29	2764	210	603	100,0,0,0,0,0	27286	1135	67	56805	2007	0	86824,87145,84695,42998,42998,42998,42998	0	3	25703,32040,0,0,0,0,0	55	63184
173574	108	228	268	58	64	32	15	6	3077	581	735	496	279	2	18	2366	181	592	100,0,0,0,0,0	16281	1029	66	56868	2010	0	87184,87526,85059,42999,42999,42999,42999	0	4	25703,32105,0,0,0,0,0	61	63892
173750	107	228	239	47	57	31	10	6	2946	586	739	494	287	0	32	2231	172	547	100,0,0,0,0,0	16053	1123	62	56926	2015	0	87560,87922,85441,43016,43016,43016,43016	0	2	25703,32168,0,0,0,0,0	54	64696
173929	103	214	213	53	53	26	8	4	2816	587	740	501	73	0	10	1909	154	516	100,0,0,0,0,0	15739	1036	48	56973	2016	0	87937,88318,85824,43032,43032,43032,43032	0	3	25703,32216,0,0,0,0,0	44	65452
174076	97	197	213	58	56	24	7	5	2681	587	745	499	252	1	13	1781	146	506	100,0,0,0,0,0	15705	1060	55	57026	2018	0	88317,88712,86209,43064,43064,43064,43064	0	2	25703,32271,0,0,0,0,0	43	66185
174230	91	196	190	50	59	22	7	5	2559	587	750	480	234	0	14	1666	132	483	100,0,0,0,0,0	15315	1116	47	57073	2018	0	88703,89115,86601,43096,43096,43096,43096	0	1	25703,32318,0,0,0,0,0	39	66986
174387	73	201	181	53	53	20	8	5	2425	587	753	486	264	1	16	1495	133	456	100,0,0,0,0,0	20847	1104	45	57116	2021	0	89094,89522,86998,43139,43139,43139,43139	0	1	25703,32362,0,0,0,0,0	36	67774
174543	73	180	179	54	48	16	7	5	2299	587	755	505	238	1	15	1387	119	438	100,0,0,0,0,0	20536	338	43	57158	2022	0	89649,90094,87562,43256,43256,43256,43256	0	3	25703,32405,0,0,0,0,0	30	67993
174661	77	162	186	53	57	14	7	4	2174	587	764	525	78	0	10	1518	118	438	100,0,0,0,0,0	12254	351	63	57216	2027	0	90179,90639,88098,43375,43375,43375,43375	0	4	25703,32466,0,0,0,0,0	24	68215
174790	84	140	179	50	52	15	6	4	2070	588	768	526	260	0	23	1581	126	400	100,0,0,0,0,0	12422	334	43	57255	2031	0	90755,91230,88681,43501,43501,43501,43501	0	0	25703,32509,0,0,0,0,0	24	68435
174925	65	154	153	47	49	13	5	5	1970	588	772	524	228	1	9	1571	110	376	100,0,0,0,0,0	12440	368	32	57284	2034	0	91269,91760,89204,43600,43600,43600,43600	0	1	25703,32541,0,0,0,0,0	22	68699
175059	61	140	161	49	51	9	5	5	1844	588	774	515	234	1	16	1485	109	367	100,0,0,0,0,0	12476	315	41	57323	2036	0	91829,92332,89771,43726,43726,43726,43726	0	4	25703,32581,0,0,0,0,0	16	68924
175154	63	132	150	48	47	10	4	5	1768	589	776	500	105	0	17	1370	104	350	100,0,0,0,0,0	12331	348	37	57360	2036	0	92397,92911,90347,43874,43874,43874,43874	0	3	25703,32618,0,0,0,0,0	14	69151
175238	67	132	131	41	46	10	2	6	1704	590	779	526	156	0	12	1420	101	328	100,0,0,0,0,0	20996	326	39	57392	2043	0	92948,93470,90905,44020,44020,44020,44020	0	1	25703,32654,0,0,0,0,0	13	69351
175352	63	126	132	33	35	10	1	4	1620	591	779	534	85	0	10	1463	95	305	100,0,0,0,0,0	20760	335	30	57420	2045	0	93097,93629,91057,43922,43922,43922,43922	0	1	25703,32683,0,0,0,0,0	15	69569
175459	57	128	132	32	27	11	1	4	1519	591	785	549	85	1	14	1386	99	289	100,0,0,0,0,0	12333	340	29	57445	2049	0	93247,93790,91211,43826,43826,43826,43826	0	3	25703,32710,0,0,0,0,0	15	69808
175526	60	122	130	32	23	10	1	4	1460	591	787	556	256	0	6	1214	85	293	100,0,0,0,0,0	12122	335	42	57485	2052	0	93408,93961,91377,43749,43749,43749,43749	0	2	25703,32752,0,0,0,0,0	14	70016
175621	63	120	121	26	14	9	1	3	1388	591	789	518	234	1	9	1088	73	281	100,0,0,0,0,0	12085	330	35	57515	2057	0	93582,94144,91554,43664,43664,43664,43664	0	4	25703,32785,0,0,0,0,0	15	70233
175693	60	127	106	24	17	9	2	2	1324	591	791	557	120	1	6	933	71	274	100,0,0,0,0,0	11636	330	35	57549	2059	0	93729,94300,91705,43576,43576,43576,43576	0	0	25703,32821,0,0,0,0,0	13	70448
175772	49	128	97	24	24	7	2	1	1256	591	795	551	110	2	10	818	59	272	100,0,0,0,0,0	11758	319	29	57572	2065	0	93879,94459,91859,43479,43479,43479,43479	0	1	25703,32848,0,0,0,0,0	14	70660
175846	47	117	101	22	23	6	2	1	1192	592	797	571	141	0	12	1031	68	250	100,0,0,0,0,0	20537	344	29	57600	2066	0	94023,94612,92007,43394,43394,43394,43394	0	0	25703,32876,0,0,0,0,0	10	70886
175929	40	115	95	20	26	6	2	1	1119	592	801	585	273	0	7	1015	66	238	100,0,0,0,0,0	20547	179	24	57624	2066	0	94234,94832,92223,43343,43343,43343,43343	0	1	25703,32900,0,0,0,0,0	12	71007
175991	36	108	103	18	28	4	1	1	1059	593	804	588	255	0	6	888	57	241	100,0,0,0,0,0	12052	162	24	57648	2067	0	94444,95050,92439,43304,43304,43304,43304	0	1	25703,32925,0,0,0,0,0	8	71111
176066	35	93	98	24	27	4	1	1	998	593	806	587	94	2	9	1014	59	223	100,0,0,0,0,0	11997	160	20	57666	2069	0	94637,95251,92638,43248,43248,43248,43248	0	2	25703,32944,0,0,0,0,0	9	71219
176134	30	77	89	22	29	5	1	1	954	593	811	578	5335	11	8	1129	60	193	100,0,0,0,0,0	11915	176	15	57679	2071	0	94839,95458,92846,43193,43193,43193,43193	0	1	25703,32958,0,0,0,0,0	8	71354
176195	36	71	81	22	26	6	1	1	901	593	813	597	2650	0	6	1319	65	178	100,0,0,0,0,0	12055	135	21	57697	2074	0	95040,95666,93052,43141,43141,43141,43141	0	0	25703,32977,0,0,0,0,0	7	71440
176230	41	74	76	19	23	6	2	1	867	593	814	593	1467	1	5	1321	55	186	100,0,0,0,0,0	12068	167	30	57724	2077	0	95250,95882,93268,43103,43103,43103,43103	0	5	25703,33006,0,0,0,0,0	8	71534
176272	41	63	75	24	20	8	2	0	829	593	819	597	926	2	9	1285	59	174	100,0,0,0,0,0	20653	160	19	57742	2078	0	95471,96107,93494,43076,43076,43076,43076	0	1	25703,33024,0,0,0,0,0	10	71632
176324	34	53	77	24	18	7	3	0	791	593	822	584	460	0	8	1266	70	146	100,0,0,0,0,0	20566	174	7	57748	2079	0	95726,96366,93756,43065,43065,43065,43065	0	0	25703,33031,0,0,0,0,0	12	71748
176371	21	63	73	21	16	6	3	0	754	593	825	608	3022	0	6	1044	67	136	100,0,0,0,0,0	22634	193	15	57760	2082	0	95944,96585,93980,43034,43034,43034,43034	0	2	25703,33046,0,0,0,0,0	11	71872
176393	21	58	73	20	13	7	2	0	736	594	829	588	2699	2	3	952	59	135	100,0,0,0,0,0	22594	179	14	57773	2083	0	96197,96840,94240,43030,43030,43030,43030	0	0	25703,33059,0,0,0,0,0	10	71981
176435	27	51	60	21	10	6	3	0	708	594	831	587	2016	3	1	927	47	131	100,0,0,0,0,0	22301	167	15	57787	2084	0	96435,97081,94484,43001,43001,43001,43001	0	1	25703,33074,0,0,0,0,0	10	72084
176475	18	54	55	21	11	6	3	0	677	594	832	614	1428	1	3	670	47	121	100,0,0,0,0,0	22512	191	7	57793	2085	0	96648,97297,94704,42971,42971,42971,42971	0	0	25703,33081,0,0,0,0,0	9	72197
176503	17	49	56	17	8	4	3	0	659	594	836	625	951	0	0	494	34	120	100,0,0,0,0,0	21849	171	12	57803	2087	0	96889,97542,94953,42956,42956,42956,42956	0	0	25703,33092,0,0,0,0,0	7	72300
176537	25	39	49	16	9	3	4	0	630	594	840	596	1848	0	1	276	28	117	100,0,0,0,0,0	19956	191	14	57817	2087	0	97138,97795,95210,42953,42953,42953,42953	0	1	25703,33106,0,0,0,0,0	6	72414
176575	24	43	45	14	6	3	3	0	597	595	841	610	2297	1	3	259	28	110	100,0,0,0,0,0	19798	183	15	57832	2087	0	97163,97823,95236,42799,42799,42799,42799	0	1	25703,33121,0,0,0,0,0	6	72529
176615	20	37	46	14	5	2	4	0	563	595	845	572	2169	1	3	236	31	97	100,0,0,0,0,0	21656	189	6	57838	2087	0	97192,97856,95268,42646,42646,42646,42646	0	0	25703,33127,0,0,0,0,0	5	72651
176653	11	42	40	14	2	2	3	1	533	596	849	599	1719	1	3	194	29	85	100,0,0,0,0,0	21653	183	3	57841	2087	0	97204,97870,95281,42478,42478,42478,42478	0	1	25703,33130,0,0,0,0,0	4	72771
176694	11	39	44	12	3	2	3	0	492	596	850	628	1429	0	2	180	27	87	100,0,0,0,0,0	21730	142	6	57847	2087	0	97230,97901,95310,42314,42314,42314,42314	0	1	25703,33136,0,0,0,0,0	6	72856
176712	14	33	40	11	4	3	3	0	472	596	858	604	1625	0	1	152	23	85	100,0,0,0,0,0	21657	181	12	57858	2088	0	97249,97923,95331,42157,42157,42157,42157	0	0	25703,33148,0,0,0,0,0	6	72962
176741	13	25	38	9	5	3	3	0	454	596	859	590	1971	0	3	152	23	73	100,0,0,0,0,0	21995	179	4	57862	2088	0	97264,97940,95348,41995,41995,41995,41995	0	1	25703,33152,0,0,0,0,0	7	73066
176772	10	25	35	7	7	3	3	0	424	596	864	575	2016	0	2	134	24	66	100,0,0,0,0,0	19611	160	8	57870	2088	0	97280,97958,95366,41844,41844,41844,41844	0	0	25703,33160,0,0,0,0,0	4	73159
176800	12	20	26	6	8	3	3	0	402	596	870	596	1931	1	5	139	23	55	100,0,0,0,0,0	19679	119	6	57875	2089	0	97298,97980,95387,41690,41690,41690,41690	0	0	25703,33165,0,0,0,0,0	6	73231
176826	12	18	28	2	6	3	3	0	379	596	873	586	1644	0	3	173	25	47	100,0,0,0,0,0	21772	103	6	57881	2089	0	97324,98007,95414,41538,41538,41538,41538	0	1	25703,33171,0,0,0,0,0	5	73288
176843	13	19	24	5	5	3	2	1	358	596	877	602	1634	1	3	136	27	44	100,0,0,0,0,0	21665	108	7	57886	2091	0	97337,98022,95430,41385,41385,41385,41385	0	1	25703,33177,0,0,0,0,0	5	73350
176864	14	17	28	5	5	3	2	1	331	596	880	631	1759	2	1	120	27	47	100,0,0,0,0,0	21690	120	7	57893	2091	0	97338,98024,95433,41221,41221,41221,41221	0	1	25703,33184,0,0,0,0,0	5	73417
176885	9	18	21	3	7	3	2	1	318	596	883	646	1922	0	2	118	23	40	100,0,0,0,0,0	21687	116	1	57894	2091	0	97347,98035,95445,41060,41060,41060,41060	0	0	25703,33185,0,0,0,0,0	5	73485
176903	6	19	17	3	4	3	2	1	304	596	888	623	1943	0	0	101	17	37	100,0,0,0,0,0	21869	106	0	57894	2091	0	97351,98040,95450,40895,40895,40895,40895	0	0	25703,33185,0,0,0,0,0	5	73545
176911	6	15	18	4	6	3	1	1	292	597	892	629	1778	1	1	94	17	36	100,0,0,0,0,0	19608	109	3	57897	2091	0	97365,98054,95467,40753,40753,40753,40753	0	0	25703,33188,0,0,0,0,0	4	73606
176931	6	9	19	4	7	3	1	1	273	597	895	644	1735	0	0	89	14	35	100,0,0,0,0,0	19513	101	1	57898	2091	0	97321,98013,95425,40560,40560,40560,40560	0	0	25703,33189,0,0,0,0,0	4	73670
176948	4	10	14	3	5	2	1	1	261	597	900	611	1749	0	2	87	13	26	100,0,0,0,0,0	21737	82	1	57899	2091	0	97265,97958,95369,40364,40364,40364,40364	0	0	25703,33190,0,0,0,0,0	3	73715
176962	2	9	13	1	4	1	1	1	252	597	903	646	1869	0	1	85	9	22	100,0,0,0,0,0	21825	99	0	57899	2091	0	97209,97903,95314,40162,40162,40162,40162	0	0	25703,33190,0,0,0,0,0	2	73765
176981	1	6	15	1	4	1	1	1	232	597	906	665	1837	0	0	70	9	20	100,0,0,0,0,0	21592	88	0	57899	2091	0	97162,97858,95269,39961,39961,39961,39961	0	0	25703,33190,0,0,0,0,0	2	73814
176993	0	4	16	1	5	1	1	1	213	597	914	649	1810	0	0	65	8	20	100,0,0,0,0,0	21812	103	0	57899	2091	0	97101,97798,95209,39760,39760,39760,39760	0	0	25703,33190,0,0,0,0,0	2	73878
177009	0	2	11	2	4	1	1	1	201	597	917	655	1856	0	1	48	6	15	100,0,0,0,0,0	21710	80	0	57899	2091	0	97040,97737,95148,39558,39558,39558,39558	0	0	25703,33190,0,0,0,0,0	2	73923
177021	0	3	9	0	3	1	0	1	189	598	921	653	1705	0	0	46	4	12	100,0,0,0,0,0	19682	95	1	57899	2092	0	96987,97685,95096,39368,39368,39368,39368	0	0	25703,33190,0,0,0,0,0	1	73975
177025	0	3	8	0	2	1	0	1	183	598	925	648	1822	0	0	38	3	11	100,0,0,0,0,0	19698	76	1	57900	2092	0	96936,97634,95047,39182,39182,39182,39182	0	0	25703,33191,0,0,0,0,0	1	74015
177038	1	2	6	0	1	1	0	1	169	598	929	620	1824	0	0	38	1	10	100,0,0,0,0,0	21734	84	1	57901	2092	0	96883,97581,94995,38994,38994,38994,38994	0	1	25703,33192,0,0,0,0,0	1	74063
177045	1	2	4	0	1	1	0	1	160	598	933	594	1822	0	0	35	1	8	100,0,0,0,0,0	21698	84	0	57901	2092	0	96824,97523,94937,38800,38800,38800,38800	0	0	25703,33192,0,0,0,0,0	1	74109
177055	1	1	3	0	0	1	0	1	152	598	934	600	1753	0	0	34	0	6	100,0,0,0,0,0	21737	64	0	57901	2092	0	96761,97459,94875,38600,38600,38600,38600	0	0	25703,33192,0,0,0,0,0	1	74140
177063	1	0	1	1	0	1	0	0	146	598	935	617	1856	1	0	29	0	4	100,0,0,0,0,0	21676	68	0	57901	2092	0	96707,97405,94823,38412,38412,38412,38412	0	0	25703,33192,0,0,0,0,0	1	74178
177067	1	0	0	0	0	1	0	0	141	598	938	642	1794	0	0	5	1	1	100,0,0,0,0,0	21607	78	0	57901	2092	0	96644,97342,94761,38216,38216,38216,38216	0	0	25703,33192,0,0,0,0,0	1	74222
177075	0	1	0	0	0	0	0	0	130	598	942	638	1821	0	0	5	1	0	100,0,0,0,0,0	19507	78	0	57901	2092	0	96592,97291,94710,38035,38035,38035,38035	0	0	25703,33192,0,0,0,0,0	0	74272
177087	0	0	1	0	0	0	0	0	117	598	943	645	1831	0	0	3	1	0	100,0,0,0,0,0	19623	70	0	57901	2092	0	96531,97229,94651,37844,37844,37844,37844	0	0	25703,33192,0,0,0,0,0	0	74317
177094	0	0	0	0	0	0	0	0	109	598	945	639	1757	0	0	2	0	0	0,0,0,0,0,0	21514	62	0	57901	2092	0	96478,97176,94598,37662,37662,37662,37662	0	0	25703,33192,0,0,0,0,0	0	74355
177098	0	0	0	0	0	0	0	0	99	598	951	621	1824	0	0	2	0	0	0,0,0,0,0,0	21618	89	0	57901	2092	0	96420,97118,94542,37479,37479,37479,37479	0	0	25703,33192,0,0,0,0,0	0	74403
177103	0	0	0	0	0	0	0	0	89	598	956	604	1798	0	0	3	0	0	0,0,0,0,0,0	21629	73	0	57901	2092	0	96343,97041,94466,37286,37286,37286,37286	0	0	25703,33192,0,0,0,0,0	0	74441
177109	0	0	0	0	0	0	0	0	81	598	958	612	1830	0	0	3	0	0	0,0,0,0,0,0	21578	80	0	57901	2092	0	96279,96976,94403,37099,37099,37099,37099	0	0	25703,33192,0,0,0,0,0	0	74489
177107	0	0	0	0	0	0	0	0	79	598	962	610	1755	0	0	3	0	0	0,0,0,0,0,0	21597	71	0	57901	2092	0	96217,96912,94341,36917,36917,36917,36917	0	0	25703,33192,0,0,0,0,0	0	74536
177120	0	0	0	0	0	0	0	0	63	598	965	602	1810	0	0	3	0	0	0,0,0,0,0,0	19627	83	0	57901	2092	0	96155,96850,94280,36735,36735,36735,36735	0	0	25703,33192,0,0,0,0,0	0	74583
177120	0	0	0	0	0	0	0	0	58	598	970	592	1806	0	0	3	0	0	0,0,0,0,0,0	19451	79	0	57901	2092	0	96079,96773,94205,36552,36552,36552,36552	0	0	25703,33192,0,0,0,0,0	0	74630
177121	0	0	0	0	0	0	0	0	55	598	972	597	1865	0	0	0	0	0	0,0,0,0,0,0	21728	69	0	57901	2092	0	95996,96691,94124,36366,36366,36366,36366	0	0	25703,33192,0,0,0,0,0	0	74667
177122	0	0	0	0	0	0	0	0	49	598	977	583	1803	0	0	0	0	0	0,0,0,0,0,0	21539	73	0	57901	2092	0	95918,96612,94046,36182,36182,36182,36182	0	0	25703,33192,0,0,0,0,0	0	74710
177118	0	0	0	0	0	0	0	0	46	598	984	590	1787	0	0	0	0	0	0,0,0,0,0,0	21761	81	0	57901	2092	0	95839,96533,93968,36003,36003,36003,36003	0	0	25703,33192,0,0,0,0,0	0	74755
177122	0	0	0	0	0	0	0	0	41	598	985	599	1770	0	0	0	0	0	0,0,0,0,0,0	21489	77	0	57901	2092	0	95760,96453,93890,35819,35819,35819,35819	0	0	25703,33192,0,0,0,0,0	0	74789
177122	0	0	0	0	0	0	0	0	39	598	987	610	1815	0	0	0	0	0	0,0,0,0,0,0	21541	73	0	57901	2092	0	95677,96369,93807,35633,35633,35633,35633	0	0	25703,33192,0,0,0,0,0	0	74823
177118	0	0	0	0	0	0	0	0	35	598	995	583	1857	0	0	0	0	0	0,0,0,0,0,0	19460	67	0	57901	2092	0	95604,96296,93735,35461,35461,35461,35461	0	0	25703,33192,0,0,0,0,0	0	74854
177119	0	0	0	0	0	0	0	0	32	598	997	589	1819	0	0	0	0	0	0,0,0,0,0,0	19250	73	0	57901	2092	0	95523,96215,93655,35288,35288,35288,35288	0	0	25703,33192,0,0,0,0,0	0	74893
177122	0	0	0	0	0	0	0	0	27	598	999	592	1695	0	0	0	0	0	0,0,0,0,0,0	21578	60	0	57901	2092	0	95433,96125,93566,35109,35109,35109,35109	0	0	25703,33192,0,0,0,0,0	0	74923
177124	0	0	0	0	0	0	0	0	24	598	1000	577	1851	0	0	0	0	0	0,0,0,0,0,0	21575	193	0	57901	2092	138	95344,96035,93477,34934,34934,34934,34934	0	0	25703,33192,0,0,0,0,0	0	74950
177126	0	0	0	0	0	0	0	0	18	598	1004	574	1819	0	0	0	0	0	0,0,0,0,0,0	21646	192	0	57901	2092	266	95286,95977,93421,34824,34824,34824,34824	0	0	25703,33192,0,0,0,0,0	0	74985
177120	0	0	0	0	0	0	0	0	18	598	1010	572	1821	0	0	0	0	0	0,0,0,0,0,0	21581	196	0	57901	2092	391	95232,95922,93368,34717,34717,34717,34717	0	0	25703,33192,0,0,0,0,0	0	75021
177120	0	0	0	0	0	0	0	0	14	598	1014	557	1775	0	0	0	0	0	0,0,0,0,0,0	21345	189	0	57901	2092	519	95167,95856,93303,34597,34597,34597,34597	0	0	25703,33192,0,0,0,0,0	0	75055
177119	0	0	0	0	0	0	0	0	13	598	1016	574	1756	0	0	0	0	0	0,0,0,0,0,0	19477	197	0	57901	2092	652	95112,95801,93249,34495,34495,34495,34495	0	0	25703,33192,0,0,0,0,0	0	75082
177116	0	0	0	0	0	0	0	0	11	598	1021	631	1751	0	0	0	0	0	0,0,0,0,0,0	19596	209	0	57901	2092	796	95054,95742,93193,34398,34398,34398,34398	0	0	25703,33192,0,0,0,0,0	0	75116
177118	0	0	0	0	0	0	0	0	9	598	1021	590	1846	0	0	0	0	0	0,0,0,0,0,0	21529	226	0	57901	2092	945	94998,95685,93137,34302,34302,34302,34302	0	0	25703,33192,0,0,0,0,0	0	75159
177119	0	0	0	0	0	0	0	0	8	598	1021	610	1820	0	0	0	0	0	0,0,0,0,0,0	21560	272	0	57901	2092	1146	94937,95623,93077,34205,34205,34205,34205	0	0	25703,33192,0,0,0,0,0	0	75194
177116	0	0	0	0	0	0	0	0	7	598	1025	616	1814	0	0	0	0	0	0,0,0,0,0,0	21547	249	0	57901	2092	1337	94887,95572,93028,34138,34138,34138,34138	0	0	25703,33192,0,0,0,0,0	0	75227
177115	0	0	0	0	0	0	0	0	5	598	1028	608	1765	0	0	0	0	0	0,0,0,0,0,0	21734	283	0	57901	2092	1547	94839,95523,92980,34064,34064,34064,34064	0	0	25703,33192,0,0,0,0,0	0	75264
177114	0	0	0	0	0	0	0	0	4	598	1030	602	1798	0	0	0	0	0	0,0,0,0,0,0	21479	261	0	57901	2092	1745	94796,95479,92938,33998,33998,33998,33998	0	0	25703,33192,0,0,0,0,0	0	75292
177109	0	0	0	0	0	0	0	0	3	598	1036	592	1871	0	0	0	0	0	0,0,0,0,0,0	19726	280	0	57901	2092	1956	94754,95436,92896,33937,33937,33937,33937	0	0	25703,33192,0,0,0,0,0	0	75321
177106	0	0	0	0	0	0	0	0	3	598	1039	597	1810	0	0	0	0	0	0,0,0,0,0,0	19438	282	0	57901	2092	2165	94713,95394,92856,33886,33886,33886,33886	0	0	25703,33192,0,0,0,0,0	0	75359
177104	0	0	0	0	0	0	0	0	2	598	1042	579	1820	0	0	0	0	0	0,0,0,0,0,0	21613	272	0	57901	2092	2362	94673,95354,92817,33836,33836,33836,33836	0	0	25703,33192,0,0,0,0,0	0	75401
177102	0	0	0	0	0	0	0	0	1	598	1045	584	1755	0	0	0	0	0	0,0,0,0,0,0	21491	234	0	57901	2092	2521	94623,95303,92769,33769,33769,33769,33769	0	0	25703,33192,0,0,0,0,0	0	75440
177100	0	0	0	0	0	0	0	0	1	598	1047	600	1788	0	0	0	0	0	0,0,0,0,0,0	21554	248	0	57901	2092	2700	94565,95243,92710,33691,33691,33691,33691	0	0	25703,33192,0,0,0,0,0	0	75476
177097	0	0	0	0	0	0	0	0	1	598	1050	608	1821	0	0	0	0	0	0,0,0,0,0,0	21664	220	0	57901	2092	2846	94517,95195,92664,33624,33624,33624,33624	0	0	25703,33192,0,0,0,0,0	0	75510
177092	0	0	0	0	0	0	0	0	1	598	1055	624	1811	0	0	0	0	0	0,0,0,0,0,0	21626	246	0	57901	2092	3037	94458,95136,92606,33540,33540,33540,33540	0	0	25703,33192,0,0,0,0,0	0	75538
177085	0	0	0	0	0	0	0	0	0	598	1063	596	1882	0	0	0	0	0	0,0,0,0,0,0	19628	219	0	57901	2092	3203	94415,95091,92563,33485,33485,33485,33485	0	0	25703,33192,0,0,0,0,0	0	75567
177081	0	0	0	0	0	0	0	0	0	598	1067	614	1767	0	0	0	0	0	0,0,0,0,0,0	19454	256	0	57901	2092	3365	94366,95041,92515,33425,33425,33425,33425	0	0	25703,33192,0,0,0,0,0	0	75618
177076	0	0	0	0	0	0	0	0	0	598	1072	636	1780	0	0	0	0	0	0,0,0,0,0,0	21745	239	0	57901	2092	3517	94316,94991,92466,33369,33369,33369,33369	0	0	25703,33192,0,0,0,0,0	0	75675
177073	0	0	0	0	0	0	0	0	0	598	1075	606	1819	0	0	0	0	0	0,0,0,0,0,0	21664	372	0	57901	2092	3784	94261,94935,92412,33299,33299,33299,33299	0	0	25703,33192,0,0,0,0,0	0	75724
177067	0	0	0	0	0	0	0	0	0	598	1081	632	1757	0	0	0	0	0	0,0,0,0,0,0	21641	352	0	57901	2092	4062	94232,94905,92384,33292,33292,33292,33292	0	0	25703,33192,0,0,0,0,0	0	75764
177062	0	0	0	0	0	0	0	0	0	598	1086	633	1794	0	0	0	0	0	0,0,0,0,0,0	21413	371	0	57901	2092	4348	94203,94875,92356,33290,33290,33290,33290	0	0	25703,33192,0,0,0,0,0	0	75810
177058	0	0	0	0	0	0	0	0	0	598	1090	635	1907	0	0	0	0	0	0,0,0,0,0,0	21669	353	0	57901	2092	4609	94174,94844,92328,33285,33285,33285,33285	0	0	25703,33192,0,0,0,0,0	0	75847
177032	7	15	0	0	0	0	0	0	0	598	1094	677	1811	0	0	0	0	22	0,100,0,0,0,0	19661	356	0	57919	2096	4871	94154,94824,92310,33293,33293,33293,33293	0	0	25703,33192,22,0,0,0,0	0	75881
176997	26	22	3	2	0	0	0	0	0	598	1098	679	1807	1	0	0	0	53	0,100,0,0,0,0	19438	455	1	57943	2103	5141	94149,94818,92307,33327,33327,33327,33327	0	0	25703,33192,53,0,0,0,0	0	75971
176963	43	30	6	3	1	0	0	0	1	598	1101	693	1809	0	0	1	1	82	0,100,0,0,0,0	21644	460	4	57970	2107	5408	94153,94820,92311,33374,33374,33374,33374	0	0	25703,33192,84,0,0,0,0	0	76044
176929	43	54	7	5	3	0	0	0	4	598	1103	720	1801	2	1	4	1	111	0,100,0,0,0,0	10017	518	1	57996	2113	5725	94145,94812,92304,33402,33402,33402,33402	0	0	25703,33192,116,0,0,0,0	0	76131
176884	46	80	16	4	5	0	0	0	6	598	1107	702	1950	0	3	12	7	144	0,100,0,0,0,0	10376	515	11	58033	2117	6036	94157,94823,92318,33470,33470,33470,33470	0	0	25703,33192,157,0,0,0,0	0	76220
176837	56	93	31	6	7	0	0	0	10	598	1108	735	1854	1	0	13	8	185	0,100,0,0,0,0	10286	471	19	58076	2121	6315	94174,94840,92337,33537,33537,33537,33537	0	0	25703,33192,204,0,0,0,0	1	76289
176809	58	91	42	9	10	1	0	0	17	598	1111	731	1939	1	4	20	11	200	0,100,0,0,0,0	10357	485	26	58098	2125	6613	94165,94829,92329,33567,33567,33567,33567	0	2	25703,33192,230,0,0,0,0	1	76376
176782	53	99	45	12	11	1	0	0	28	598	1117	738	1804	2	4	27	12	209	0,100,0,0,0,0	19752	485	22	58120	2125	6903	94162,94826,92328,33607,33607,33607,33607	0	0	25703,33192,252,0,0,0,0	1	76459
176743	51	111	55	11	10	2	0	0	45	598	1120	736	2023	0	7	140	21	219	0,100,0,0,0,0	19615	385	36	58154	2128	7189	94192,94855,92359,33687,33687,33687,33687	0	4	25703,33192,289,0,0,0,0	2	76490
176704	55	111	73	12	10	3	0	0	56	598	1124	725	2003	0	8	224	30	234	0,100,0,0,0,0	10430	388	37	58188	2132	7485	94222,94884,92390,33766,33766,33766,33766	0	1	25703,33192,327,0,0,0,0	2	76520
176672	56	110	80	13	18	2	0	0	68	598	1129	755	1974	3	7	315	36	243	0,100,0,0,0,0	10404	364	33	58219	2134	7760	94253,94913,92422,33839,33839,33839,33839	0	0	25703,33192,360,0,0,0,0	2	76555
176645	45	112	90	16	20	3	0	0	84	598	1133	756	1846	1	5	330	39	247	0,100,0,0,0,0	10654	391	27	58243	2137	8066	94269,94929,92440,33887,33887,33887,33887	0	0	25703,33192,387,0,0,0,0	2	76586
176606	40	120	87	22	22	4	0	0	110	598	1137	742	1831	1	11	359	55	240	0,100,0,0,0,0	10542	398	39	58278	2141	8370	94296,94956,92470,33966,33966,33966,33966	0	3	25703,33192,426,0,0,0,0	3	76612
176572	57	101	93	23	18	5	0	0	138	598	1141	744	1806	1	8	378	57	240	0,100,0,0,0,0	10606	349	37	58311	2145	8631	94327,94985,92502,34044,34044,34044,34044	0	0	25703,33192,463,0,0,0,0	5	76644
176547	54	91	94	20	13	6	2	0	171	598	1150	701	1864	0	4	418	52	228	0,100,0,0,0,0	19767	345	24	58332	2148	8891	94344,95001,92520,34101,34101,34101,34101	0	1	25703,33192,487,0,0,0,0	5	76670
176510	56	99	91	17	15	5	3	0	195	598	1157	697	1805	4	3	458	51	235	0,100,0,0,0,0	20036	324	35	58364	2151	9168	94349,95005,92528,34163,34163,34163,34163	0	4	25703,33192,522,0,0,0,0	7	76685
176484	52	102	99	18	20	5	3	0	205	598	1160	736	1884	2	8	496	56	243	0,100,0,0,0,0	10669	349	35	58396	2154	9451	94358,95013,92539,34226,34226,34226,34226	0	0	25703,33192,557,0,0,0,0	8	76714
176464	53	106	96	15	26	5	3	0	215	598	1165	752	1895	1	6	520	58	246	0,100,0,0,0,0	10787	305	32	58425	2157	9695	94359,95013,92542,34277,34277,34277,34277	0	3	25703,33192,589,0,0,0,0	8	76746
176418	64	117	84	20	22	4	3	0	245	598	1171	741	1787	1	9	648	63	251	0,100,0,0,0,0	10896	288	46	58465	2163	9935	94362,95015,92548,34330,34330,34330,34330	0	1	25703,33192,635,0,0,0,0	7	76763
176378	74	120	83	21	21	4	2	1	267	598	1177	734	1988	2	4	618	54	271	0,100,0,0,0,0	10763	323	45	58507	2166	10209	94365,95017,92553,34380,34380,34380,34380	0	1	25703,33192,680,0,0,0,0	6	76775
176328	81	136	83	26	16	3	2	1	292	598	1180	715	1941	3	7	575	56	291	0,100,0,0,0,0	10824	320	57	58554	2176	10475	94377,95028,92567,34450,34450,34450,34450	0	1	25703,33192,737,0,0,0,0	6	76790
176300	80	132	95	27	20	3	2	1	303	598	1185	738	1866	2	2	849	56	303	0,100,0,0,0,0	20070	305	37	58590	2179	10722	94376,95026,92568,34504,34504,34504,34504	0	1	25703,33192,776,0,0,0,0	7	76805
176266	63	151	102	24	26	3	2	1	318	598	1192	709	1879	2	9	882	59	312	0,100,0,0,0,0	20280	302	46	58630	2186	10980	94381,95030,92576,34574,34574,34574,34574	0	3	25703,33192,823,0,0,0,0	6	76811
176229	66	148	110	17	26	4	4	1	345	598	1198	738	1868	1	16	991	70	305	0,100,0,0,0,0	11244	350	44	58669	2191	11268	94398,95046,92595,34652,34652,34652,34652	0	2	25703,33192,867,0,0,0,0	6	76826
176185	76	158	115	18	25	4	3	0	361	599	1202	754	1945	2	9	1126	67	332	0,100,0,0,0,0	11474	296	67	58726	2201	11518	94435,95081,92635,34757,34757,34757,34757	0	2	25703,33192,934,0,0,0,0	8	76837
176148	86	145	137	17	24	4	3	0	371	599	1212	754	1859	1	8	1143	73	343	0,100,0,0,0,0	11467	290	49	58766	2210	11764	94443,95088,92647,34827,34827,34827,34827	0	2	25703,33192,983,0,0,0,0	9	76854
176093	94	161	141	20	27	3	3	0	389	599	1216	743	1994	1	4	1110	69	380	0,100,0,0,0,0	11285	305	70	58827	2219	12016	94466,95110,92672,34915,34915,34915,34915	0	1	25703,33192,1050,0,0,0,0	8	76861
176033	108	177	146	19	29	2	3	0	408	599	1222	749	1938	2	7	924	69	415	0,100,0,0,0,0	11327	295	70	58889	2227	12265	94487,95129,92696,35004,35004,35004,35004	0	2	25703,33192,1120,0,0,0,0	8	76864
175994	104	189	141	22	30	3	3	0	436	599	1225	724	2004	4	9	1028	73	419	0,100,0,0,0,0	20367	290	52	58936	2232	12503	94498,95139,92710,35079,35079,35079,35079	0	3	25703,33192,1172,0,0,0,0	8	76870
175947	100	200	153	22	32	4	3	0	457	599	1229	700	1799	3	4	1020	77	437	0,100,0,0,0,0	20384	284	59	58987	2241	12744	94534,95173,92749,35180,35180,35180,35180	0	5	25703,33192,1232,0,0,0,0	10	76875
175872	105	227	165	28	29	4	3	0	478	599	1236	696	1995	3	12	824	88	473	0,100,0,0,0,0	11213	318	95	59062	2261	13008	94601,95235,92819,35322,35322,35322,35322	0	3	25703,33192,1325,0,0,0,0	15	76881
175798	130	236	164	31	32	4	2	0	508	600	1241	708	1830	0	7	922	85	514	0,100,0,0,0,0	11111	273	98	59144	2278	13233	94672,95303,92896,35472,35472,35472,35472	0	3	25703,33192,1424,0,0,0,0	16	76877
175725	151	239	173	31	37	4	2	0	536	600	1248	709	1873	5	13	884	84	553	0,100,0,0,0,0	11000	275	93	59223	2293	13459	94738,95368,92967,35599,35599,35599,35599	0	1	25703,33192,1517,0,0,0,0	14	76890
175648	144	279	176	35	41	5	2	0	566	600	1250	726	1809	4	10	807	86	596	0,100,0,0,0,0	11314	282	102	59314	2304	13685	94803,95430,93037,35730,35730,35730,35730	0	3	25703,33192,1619,0,0,0,0	10	76896
175539	151	319	203	31	43	4	1	0	598	601	1256	742	1984	2	16	853	95	657	0,100,0,0,0,0	11062	326	128	59428	2318	13960	94890,95515,93128,35888,35888,35888,35888	0	3	25703,33192,1746,0,0,0,0	11	76884
175448	167	326	234	34	46	4	2	0	620	601	1264	768	2008	1	19	1094	110	703	0,100,0,0,0,0	20812	303	121	59535	2332	14213	94982,95604,93226,36065,36065,36065,36065	0	3	25703,33192,1866,0,0,0,0	10	76872
175360	184	328	255	33	57	5	2	0	652	602	1268	764	2023	3	14	1238	115	749	0,100,0,0,0,0	20697	271	117	59637	2348	14434	95033,95654,93281,36208,36208,36208,36208	0	3	25703,33192,1982,0,0,0,0	16	76848
175268	186	361	260	37	52	5	2	0	702	603	1270	764	1994	4	20	1495	128	775	0,100,0,0,0,0	11955	263	125	59746	2365	14660	95083,95703,93335,36332,36332,36332,36332	0	11	25703,33192,2106,0,0,0,0	15	76814
175145	204	380	296	46	50	5	2	0	743	603	1272	761	1874	9	16	1802	141	842	0,100,0,0,0,0	11949	294	150	59877	2384	14913	95158,95776,93414,36482,36482,36482,36482	0	3	25703,33192,2256,0,0,0,0	19	76794
175010	235	413	300	51	56	3	2	0	799	603	1274	753	1969	11	10	1969	145	915	0,100,0,0,0,0	12220	277	177	60026	2412	15143	95253,95871,93515,36670,36670,36670,36670	0	4	25703,33192,2432,0,0,0,0	17	76765
174891	250	424	317	61	65	3	3	0	850	603	1279	746	1856	8	15	1903	156	967	0,100,0,0,0,0	12005	280	164	60171	2431	15378	95336,95951,93603,36835,36835,36835,36835	0	3	25703,33192,2594,0,0,0,0	20	76727
174740	282	455	357	58	70	3	4	0	886	603	1288	735	2073	8	26	2341	189	1040	0,100,0,0,0,0	12520	279	197	60342	2458	15621	95455,96069,93728,37035,37035,37035,37035	0	5	25703,33192,2790,0,0,0,0	20	76693
174613	292	493	370	70	62	4	4	0	941	603	1294	716	1849	8	25	2377	187	1108	0,100,0,0,0,0	21587	306	174	60500	2475	15877	95541,96154,93819,37221,37221,37221,37221	0	12	25703,33192,2965,0,0,0,0	28	76632
174495	278	523	392	66	78	5	3	0	1007	604	1295	735	2020	8	20	2439	191	1154	0,100,0,0,0,0	21905	286	165	60640	2500	16129	95616,96229,93900,37400,37400,37400,37400	0	6	25703,33192,3130,0,0,0,0	28	76575
174348	279	567	424	71	85	8	4	0	1059	604	1297	734	2033	7	33	2533	210	1228	0,100,0,0,0,0	12980	297	213	60826	2527	16396	95732,96344,94024,37612,37612,37612,37612	0	10	25703,33192,3343,0,0,0,0	27	76513
174182	321	592	436	82	75	7	3	0	1143	605	1300	739	1910	12	35	2625	234	1282	0,100,0,0,0,0	12948	284	229	61036	2548	16650	95873,96483,94170,37852,37852,37852,37852	0	11	25703,33192,3573,0,0,0,0	26	76447
174012	356	631	463	83	91	7	5	0	1190	606	1302	728	1806	7	24	2519	260	1376	0,100,0,0,0,0	12889	312	243	61247	2580	16923	96020,96631,94325,38094,38094,38094,38094	0	13	25703,33192,3815,0,0,0,0	22	76399
173824	379	680	468	84	88	7	5	0	1301	606	1304	742	1924	17	36	2712	259	1452	0,100,0,0,0,0	13025	296	256	61481	2602	17193	96176,96785,94488,38361,38361,38361,38361	0	9	25703,33192,4071,0,0,0,0	24	76313
173616	399	738	487	97	98	6	6	0	1386	606	1307	735	2046	15	30	2636	290	1541	0,100,0,0,0,0	12891	318	282	61728	2639	17481	96342,96952,94663,38642,38642,38642,38642	1	9	25703,33192,4353,0,0,0,0	31	76224
173446	426	757	499	104	111	9	7	0	1470	606	1311	735	2048	12	34	2727	306	1607	0,100,0,0,0,0	21744	331	253	61951	2670	17767	96509,97119,94839,38912,38912,38912,38912	1	9	25703,33192,4606,0,0,0,0	29	76162
173288	401	775	554	116	129	11	7	0	1541	607	1317	727	1937	7	37	2559	336	1657	0,100,0,0,0,0	22155	312	251	62175	2697	18043	96643,97252,94983,39165,39165,39165,39165	1	12	25703,33192,4857,0,0,0,0	33	76071
173052	437	849	616	120	125	9	6	1	1605	607	1319	712	1892	13	45	2648	360	1802	0,100,0,0,0,0	12905	338	343	62470	2748	18341	96857,97466,95207,39494,39494,39494,39494	1	18	25703,33192,5200,0,0,0,0	34	75981
172791	499	899	671	132	123	11	6	1	1686	608	1319	688	1975	11	43	2865	386	1955	0,100,0,0,0,0	12971	325	367	62786	2800	18630	97075,97683,95436,39841,39841,39841,39841	1	19	25703,33192,5567,0,0,0,0	31	75863
172552	521	967	709	126	116	11	5	2	1805	608	1324	704	2075	23	39	2973	396	2059	0,100,0,0,0,0	13282	309	358	63096	2850	18905	97304,97914,95679,40184,40184,40184,40184	1	9	25703,33192,5925,0,0,0,0	33	75762
172270	535	1049	761	129	128	11	4	2	1923	610	1324	702	1995	16	33	2960	393	2224	0,100,0,0,0,0	13268	318	373	63421	2902	19183	97536,98146,95920,40546,40546,40546,40546	1	11	25703,33192,6300,0,0,0,0	27	75650
171937	614	1112	835	124	137	13	4	3	2030	610	1327	681	2027	13	43	3265	423	2416	0,100,0,0,0,0	13424	278	448	63806	2969	19437	97810,98420,96207,40955,40955,40955,40955	1	11	25703,33192,6749,0,0,0,0	30	75510
171638	649	1151	885	141	161	15	4	2	2158	610	1332	706	2031	25	50	3389	465	2541	0,100,0,0,0,0	22847	353	406	64152	3030	19731	98041,98650,96449,41318,41318,41318,41318	1	18	25703,33192,7152,0,0,0,0	37	75372
171354	644	1246	924	151	163	15	3	2	2298	611	1335	697	1910	19	58	3528	494	2652	0,100,0,0,0,0	22689	331	420	64522	3084	20012	98295,98904,96716,41717,41717,41717,41717	1	19	25703,33192,7573,0,0,0,0	33	75219
171054	647	1283	1021	169	184	11	5	2	2417	611	1342	703	2015	22	54	3819	544	2776	0,100,0,0,0,0	24049	322	444	64899	3154	20283	98562,99170,96998,42118,42118,42118,42118	1	15	25703,33192,8020,0,0,0,0	25	75075
170775	655	1296	1057	185	184	14	5	2	2618	611	1344	677	1906	8	62	4117	566	2830	0,100,0,0,0,0	24454	272	419	65261	3216	20509	98799,99407,97248,42488,42488,42488,42488	1	13	25703,33192,8436,0,0,0,0	29	74915
170541	695	1233	1132	195	211	17	7	2	2753	611	1349	675	2056	12	78	4921	624	2866	0,100,0,0,0,0	25079	280	413	65620	3275	20762	99021,99628,97486,42821,42821,42821,42821	1	25	25703,33192,8849,0,0,0,0	31	74740
170290	682	1276	1169	199	209	22	9	3	2925	611	1351	678	1986	33	80	5298	650	2916	0,100,0,0,0,0	25248	298	433	65986	3345	21033	99267,99874,97750,43179,43179,43179,43179	2	31	25703,33192,9284,0,0,0,0	39	74579
170051	656	1313	1207	197	207	24	10	1	3113	612	1355	677	1963	27	70	5415	674	2940	0,100,0,0,0,0	25662	287	398	66332	3402	21276	99497,100104,97995,43527,43527,43527,43527	2	9	25703,33192,9682,0,0,0,0	55	74431
169847	650	1300	1210	202	202	26	14	1	3326	612	1356	672	2036	25	69	5729	675	2929	0,100,0,0,0,0	24645	312	396	66679	3456	21552	99710,100315,98224,43850,43850,43850,43850	2	15	25703,33192,10082,0,0,0,0	56	74259
169606	631	1366	1205	213	194	24	13	1	3519	614	1360	663	1908	25	52	5886	670	2976	0,100,0,0,0,0	24817	322	427	67042	3522	21822	99960,100565,98492,44213,44213,44213,44213	2	23	25703,33192,10506,0,0,0,0	54	74110
169344	655	1377	1219	208	207	21	12	2	3724	615	1362	664	2023	17	64	5509	663	3036	0,100,0,0,0,0	25780	286	455	67441	3579	22072	100214,100818,98762,44586,44586,44586,44586	2	20	25703,33192,10957,0,0,0,0	51	73913
169027	720	1383	1251	229	210	22	11	1	3908	617	1367	632	1975	21	82	5998	679	3147	0,100,0,0,0,0	16262	517	513	67898	3638	22546	100527,101130,99092,45016,45016,45016,45016	2	16	25703,33192,11468,0,0,0,0	46	73727
168713	802	1411	1282	222	224	26	11	1	4066	619	1369	642	1960	26	72	6203	695	3283	0,100,0,0,0,0	16411	543	552	68367	3726	23042	100907,101508,99492,45561,45561,45561,45561	2	22	25703,33192,12016,0,0,0,0	47	73531
168425	814	1453	1307	232	246	23	13	1	4240	619	1373	630	1990	16	96	6376	749	3339	0,100,0,0,0,0	16748	509	514	68794	3815	23507	101265,101866,99871,46080,46080,46080,46080	2	18	25703,33192,12527,0,0,0,0	51	73360
168104	842	1548	1288	238	258	26	15	1	4427	619	1380	615	1947	29	80	6063	743	3472	0,100,0,0,0,0	16439	513	555	69266	3907	23976	101640,102242,100270,46617,46617,46617,46617	2	18	25703,33192,13084,0,0,0,0	55	73155
167833	874	1563	1312	242	268	28	15	1	4603	621	1386	635	2016	27	85	5885	757	3545	0,100,0,0,0,0	25008	523	513	69713	3979	24447	102009,102611,100660,47133,47133,47133,47133	2	24	25703,33192,13601,0,0,0,0	58	72965
167573	867	1583	1359	248	258	36	17	1	4794	621	1389	633	2033	29	79	5807	754	3614	0,100,0,0,0,0	24908	475	523	70151	4065	24867	102350,102952,101025,47624,47624,47624,47624	2	36	25703,33192,14122,0,0,0,0	62	72758
167199	886	1714	1380	251	267	36	17	1	4981	623	1391	636	2006	35	102	5929	820	3731	0,100,0,0,0,0	16176	496	631	70676	4179	25287	102771,103371,101469,48210,48210,48210,48210	3	34	25703,33192,14754,0,0,0,0	72	72561
166860	906	1786	1456	267	278	38	17	1	5122	623	1392	650	1932	30	86	5870	849	3899	0,100,0,0,0,0	16077	682	649	71216	4290	25905	103199,103799,101924,48772,48772,48772,48772	3	24	25703,33192,15396,0,0,0,0	79	72359
166508	964	1873	1504	278	280	41	19	2	5260	624	1393	634	1953	35	90	6216	876	4083	0,100,0,0,0,0	16275	659	680	71788	4399	26509	103691,104292,102445,49444,49444,49444,49444	3	30	25703,33192,16069,0,0,0,0	71	72118
166114	1055	1904	1566	291	297	44	19	2	5434	625	1395	630	1999	32	94	6370	894	4282	0,100,0,0,0,0	16848	670	724	72384	4529	27113	104201,104802,102984,50141,50141,50141,50141	3	33	25703,33192,16790,0,0,0,0	81	71873
165718	1102	2003	1602	295	311	41	17	3	5627	626	1401	609	2007	33	97	6233	917	4454	0,100,0,0,0,0	16401	615	711	72986	4642	27668	104724,105326,103536,50841,50841,50841,50841	3	30	25703,33192,17499,0,0,0,0	82	71638
165399	1071	2052	1631	320	321	48	17	4	5849	629	1405	619	2056	52	87	6055	934	4526	0,100,0,0,0,0	25087	677	632	73533	4730	28276	105187,105789,104026,51460,51460,51460,51460	3	30	25703,33192,18127,0,0,0,0	81	71411
165075	1083	2133	1661	339	336	46	17	5	6014	631	1406	614	1930	35	100	6237	1010	4605	0,100,0,0,0,0	25211	690	702	74137	4831	28899	105696,106298,104566,52142,52142,52142,52142	3	29	25703,33192,18825,0,0,0,0	91	71140
164650	1106	2218	1680	346	353	45	19	4	6280	634	1411	612	1994	31	131	7120	1070	4697	0,100,0,0,0,0	17250	649	775	74789	4961	29492	106282,106884,105185,52900,52900,52900,52900	3	35	25703,33192,19600,0,0,0,0	86	70877
164278	1165	2270	1749	334	365	44	20	3	6467	636	1415	611	1960	40	129	7636	1120	4827	0,100,0,0,0,0	17803	887	747	75408	5095	30322	106824,107424,105757,53597,53597,53597,53597	3	26	25703,33192,20335,0,0,0,0	93	70624
163903	1216	2270	1839	337	372	45	19	4	6686	637	1418	596	2012	40	103	7955	1117	4981	0,100,0,0,0,0	18169	939	791	76089	5210	31195	107457,108056,106424,54425,54425,54425,54425	3	34	25703,33192,21127,0,0,0,0	102	70337
163483	1258	2348	1948	326	368	48	18	5	6884	639	1421	622	2021	50	112	8177	1135	5179	0,100,0,0,0,0	18374	855	834	76766	5371	31986	108127,108725,107130,55304,55304,55304,55304	4	34	25703,33192,21954,0,0,0,0	95	70064
163096	1267	2441	1982	353	353	50	19	4	7119	639	1423	600	1996	38	109	8604	1186	5279	0,100,0,0,0,0	18600	913	813	77458	5496	32827	108766,109363,107804,56119,56119,56119,56119	4	33	25703,33192,22761,0,0,0,0	99	69797
162761	1227	2515	2015	366	364	48	15	7	7362	642	1424	592	1992	35	113	8476	1147	5403	0,100,0,0,0,0	27252	911	760	78112	5605	33673	109367,109963,108440,56914,56914,56914,56914	4	39	25703,33192,23515,0,0,0,0	93	69484
162458	1219	2504	2124	371	348	47	16	7	7580	643	1429	553	1987	39	106	8674	1169	5460	0,100,0,0,0,0	27065	978	725	78733	5714	34470	109936,110533,109044,57673,57673,57673,57673	4	41	25703,33192,24235,0,0,0,0	89	69235
162060	1255	2521	2196	357	368	48	16	5	7842	647	1431	563	1925	44	120	9070	1157	5604	0,100,0,0,0,0	19444	979	838	79443	5845	35265	110591,111186,109733,58513,58513,58513,58513	4	47	25703,33192,25063,0,0,0,0	76	68992
161663	1281	2597	2196	358	380	51	19	6	8115	648	1432	577	1989	58	134	8976	1197	5685	0,100,0,0,0,0	19201	1731	863	80144	6012	36799	111237,111834,110420,59337,59337,59337,59337	4	41	25703,33192,25919,0,0,0,0	88	68744
161277	1288	2629	2250	394	389	47	20	7	8357	651	1437	566	2076	57	127	8795	1213	5804	0,100,0,0,0,0	19286	1696	854	80843	6171	38328	112076,112675,111300,60466,60466,60466,60466	5	45	25703,33192,26767,0,0,0,0	83	68487
160846	1332	2761	2296	416	400	46	19	5	8532	653	1440	558	1951	50	141	8850	1281	5989	0,100,0,0,0,0	19513	1719	960	81654	6331	39847	112995,113594,112265,61685,61685,61685,61685	5	43	25703,33192,27724,0,0,0,0	89	68166
160498	1396	2735	2417	426	428	42	19	6	8681	654	1444	546	1949	50	136	9203	1347	6116	0,100,0,0,0,0	19359	1721	914	82420	6482	41388	113884,114485,113202,62831,62831,62831,62831	5	32	25703,33192,28626,0,0,0,0	87	67894
160226	1308	2722	2470	439	470	38	22	5	8943	657	1446	537	2020	60	125	9176	1356	6113	0,100,0,0,0,0	27744	1664	781	83078	6607	42880	114674,115275,114034,63883,63883,63883,63883	5	43	25703,33192,29397,0,0,0,0	92	67623
159990	1227	2705	2510	447	454	43	24	3	9238	659	1446	565	1940	57	158	9255	1402	6008	0,99,0,0,0,0	27716	1743	743	83714	6752	44466	115452,116052,114856,64882,64882,64882,64882	5	37	25703,33192,30121,32,0,0,0	92	67363
159689	1223	2764	2523	470	464	39	24	3	9436	662	1449	562	1991	49	176	9642	1481	6026	0,99,0,0,0,0	20044	1677	856	84417	6941	45998	116322,116922,115777,65987,65987,65987,65987	5	41	25703,33192,30959,68,0,0,0	90	67077
159290	1353	2712	2547	491	469	35	26	3	9706	663	1451	550	1981	51	151	9954	1509	6124	0,98,1,0,0,0	20252	879	901	85188	7106	46730	117244,117844,116744,67147,67147,67147,67147	5	39	25703,33192,31843,110,0,0,0	79	66754
158967	1432	2703	2569	478	475	32	24	3	9943	667	1453	557	1875	39	154	10047	1546	6167	0,97,2,0,0,0	20424	921	882	85933	7287	47473	117887,118485,117435,67882,67882,67882,67882	5	38	25703,33192,32695,169,0,0,0	81	66427
158742	1429	2727	2559	475	465	39	24	4	10151	672	1459	512	1998	54	140	10547	1528	6190	0,97,2,0,0,0	20992	874	814	86624	7440	48194	118500,119098,118097,68569,68569,68569,68569	5	29	25703,33192,33473,220,0,0,0	74	66106
158474	1419	2796	2548	466	493	45	24	3	10339	676	1463	525	2034	55	144	10602	1530	6261	0,96,3,0,0,0	20904	870	887	87369	7618	48886	119130,119725,118775,69267,69267,69267,69267	5	28	25703,33192,34299,299,0,0,0	80	65767
158337	1342	2764	2535	480	506	51	26	3	10560	677	1465	538	1898	40	134	10422	1491	6213	0,95,4,0,0,0	29181	871	755	87976	7773	49615	119652,120247,119344,69831,69831,69831,69831	5	49	25703,33192,34986,357,0,0,0	90	65483
158180	1273	2739	2533	489	504	57	25	3	10795	681	1467	524	2035	49	155	10349	1531	6089	0,95,4,0,0,0	29092	833	767	88584	7934	50295	120171,120765,119909,70420,70420,70420,70420	5	44	25703,33192,35668,431,0,0,0	106	65187
157957	1311	2726	2490	483	504	64	27	2	11029	683	1470	513	1972	58	180	10574	1542	6063	0,94,5,0,0,0	20582	927	887	89271	8142	51058	120748,121339,120535,71056,71056,71056,71056	5	35	25703,33192,36461,507,0,0,0	106	64882
157753	1340	2692	2485	496	483	67	28	4	11240	686	1472	494	1923	40	160	10927	1556	6035	0,93,6,0,0,0	20867	777	867	89945	8340	51681	121299,121891,121137,71682,71681,71681,71681	5	38	25703,33192,37213,604,0,0,0	106	64543
157619	1318	2653	2537	465	482	67	28	4	11411	687	1475	480	2024	50	160	10552	1518	6032	0,93,6,0,0,0	21188	764	835	90576	8550	52282	121794,122384,121684,72214,72212,72212,72212	5	36	25703,33192,37921,712,0,0,0	116	64229
157524	1328	2632	2521	470	465	64	27	4	11543	689	1479	490	1941	53	147	10694	1506	6001	0,92,7,0,0,0	21031	732	829	91213	8747	52869	122281,122870,122226,72705,72703,72703,72703	5	42	25703,33192,38616,832,0,0,0	115	63933
157438	1333	2621	2529	462	473	64	27	4	11623	691	1481	493	1993	58	132	10723	1461	6048	0,90,9,0,0,0	21035	785	831	91856	8942	53494	122758,123346,122756,73189,73186,73186,73186	5	47	25703,33192,39281,981,0,0,0	118	63640
157444	1316	2547	2505	466	459	59	25	4	11745	693	1483	502	2025	49	126	10098	1397	5980	0,90,9,0,0,0	28819	690	723	92415	9117	54037	123158,123746,123207,73594,73590,73590,73590	5	47	25703,33192,39889,1089,0,0,0	116	63358
157466	1241	2541	2485	465	419	60	23	3	11860	696	1487	522	1955	57	141	9883	1381	5853	0,88,11,0,0,0	28607	762	740	92977	9298	54650	123556,124144,123661,73961,73956,73956,73956	5	43	25703,33192,40469,1238,0,0,0	116	63079
157402	1246	2535	2405	432	421	60	27	3	12029	696	1490	512	2009	59	151	10174	1353	5773	0,87,12,0,0,0	20488	606	800	93582	9502	55237	124017,124606,124175,74433,74427,74427,74427	5	41	25703,33192,41099,1392,0,0,0	124	62756
157381	1267	2538	2400	417	436	58	27	4	12028	698	1492	530	1947	55	151	9860	1366	5777	0,86,13,0,0,0	20195	254	827	94204	9711	55491	124443,125032,124658,74859,74851,74851,74851	5	44	25703,33192,41731,1571,0,0,0	125	62379
157270	1323	2519	2428	420	403	63	30	4	12094	699	1493	524	1925	44	143	9953	1380	5806	0,84,15,0,0,0	20057	282	850	94795	9978	55773	124810,125396,125078,75191,75182,75182,75182	5	42	25703,33192,42324,1809,0,0,0	122	62065
157218	1320	2481	2426	439	403	57	30	2	12169	704	1497	526	1933	49	120	9858	1328	5828	0,83,16,0,0,0	20349	270	799	95359	10219	56043	125149,125734,125468,75505,75493,75493,75493	5	40	25703,33192,42886,2030,0,0,0	115	61737
157098	1328	2547	2377	427	408	54	30	2	12266	707	1502	516	1961	40	129	9832	1318	5853	0,81,18,0,0,0	20078	235	877	95982	10475	56278	125523,126104,125892,75866,75852,75852,75852	5	25	25703,33192,43507,2266,0,0,0	109	61382
157122	1276	2500	2433	390	422	59	25	4	12298	712	1505	540	2041	48	126	9369	1288	5817	0,80,19,0,0,0	28263	247	759	96519	10703	56525	125819,126400,126241,76120,76103,76103,76103	5	42	25703,33192,43995,2525,0,0,0	109	61068
157151	1268	2449	2411	386	420	65	25	4	12344	716	1507	533	1874	48	121	9118	1266	5758	0,78,21,0,0,0	27729	260	767	97050	10943	56785	126143,126721,126616,76393,76372,76372,76372	5	49	25703,33192,44463,2809,0,0,0	116	60769
157029	1344	2524	2346	378	420	68	26	7	12374	719	1511	502	1960	57	146	9159	1280	5826	0,75,24,0,0,0	19503	245	924	97703	11230	57030	126537,127114,127063,76788,76762,76762,76762	5	49	25703,33192,45034,3157,0,0,0	124	60407
157012	1409	2468	2429	388	431	66	27	8	12271	721	1516	491	2020	43	141	9344	1341	5877	0,73,26,0,0,0	19560	106	865	98285	11521	57136	126861,127436,127440,77099,77069,77069,77069	5	47	25703,33192,45529,3510,0,0,0	115	60070
157047	1354	2479	2417	407	417	61	32	7	12284	722	1519	472	1945	42	132	8836	1313	5854	0,72,27,0,0,0	28517	102	791	98824	11778	57238	127114,127685,127746,77294,77260,77260,77260	5	40	25703,33192,45974,3837,0,0,0	115	59743
157055	1342	2477	2400	385	435	60	31	9	12303	727	1522	473	1910	46	134	8760	1279	5851	0,69,30,0,0,0	28470	108	818	99350	12076	57346	127352,127919,128033,77497,77459,77459,77459	5	39	25703,33192,46391,4227,0,0,0	119	59410
157125	1324	2384	2433	391	438	59	26	9	12301	733	1523	455	1952	52	111	8608	1259	5796	0,66,33,0,0,0	27336	89	753	99843	12342	57435	127559,128124,128289,77667,77623,77623,77623	5	32	25703,33192,46741,4621,0,0,0	122	59094
157109	1327	2380	2410	371	413	57	26	9	12380	736	1528	494	1929	47	129	8489	1254	5730	0,64,35,0,0,0	27479	100	820	100351	12662	57535	127778,128343,128555,77886,77836,77836,77836	5	43	25703,33192,47089,5070,0,0,0	121	58773
157115	1357	2379	2345	348	405	55	26	8	12439	741	1528	484	2033	49	114	8296	1204	5711	0,61,38,0,0,0	26661	86	797	100841	12978	57621	127979,128542,128802,78088,78031,78031,78031	5	54	25703,33192,47406,5540,0,0,0	122	58456
157039	1365	2385	2356	350	401	57	27	8	12484	744	1530	456	1945	57	137	8302	1183	5758	0,58,41,0,0,0	28010	98	865	101409	13280	57719	128213,128776,129081,78342,78278,78278,78278	5	56	25703,33192,47744,6057,0,0,0	130	58065
157030	1375	2385	2373	341	379	60	27	7	12490	746	1533	475	1881	58	126	8278	1152	5788	0,56,43,0,0,0	27953	77	850	101956	13587	57796	128445,129008,129361,78580,78509,78509,78509	6	49	25703,33192,48087,6550,0,0,0	120	57717
156963	1409	2384	2342	357	381	62	29	7	12531	746	1535	472	1925	57	113	8485	1149	5815	0,53,46,0,0,0	28248	80	860	102479	13933	57876	128666,129229,129627,78829,78749,78749,78749	6	46	25703,33192,48399,7086,0,0,0	123	57385
156850	1452	2431	2316	366	372	55	27	7	12585	748	1537	460	1987	57	128	8316	1137	5882	0,51,48,0,0,0	28237	87	913	103036	14294	57963	128906,129470,129909,79117,79029,79029,79029	6	64	25703,33192,48685,7696,0,0,0	129	57013
156704	1526	2391	2342	380	365	56	27	6	12658	751	1540	444	1981	58	117	8169	1110	5977	0,48,51,0,0,0	28075	75	934	103585	14686	58038	129144,129710,130189,79447,79350,79350,79350	6	56	25703,33192,48969,8335,0,0,0	118	56637
156625	1509	2439	2410	357	337	55	30	5	12684	752	1543	454	1947	68	123	8137	1115	6022	0,45,54,0,0,0	26629	91	912	104102	15082	58129	129345,129912,130432,79722,79612,79612,79612	6	53	25703,33192,49208,8991,0,0,0	115	56304
156591	1460	2497	2388	353	314	55	32	6	12749	753	1548	468	1821	47	111	8108	1069	6030	0,42,57,0,0,0	26774	89	854	104590	15455	58218	129526,130090,130648,79968,79846,79846,79846	6	49	25703,33192,49425,9621,0,0,0	120	55967
156307	1614	2516	2407	368	315	54	30	7	12818	756	1554	462	1968	85	110	8037	1056	6248	0,40,59,0,0,0	18207	72	1100	105207	15945	58290	129802,130361,130959,80387,80253,80253,80253	6	55	25703,33192,49668,10460,0,0,0	126	55548
156007	1806	2526	2477	361	309	52	29	3	12861	759	1556	468	1930	62	100	8014	1071	6489	0,36,63,0,0,0	18226	270	1140	105838	16461	58560	130078,130635,131271,80840,80690,80690,80690	6	56	25703,33192,49897,11358,0,0,0	109	55121
155715	1871	2664	2459	370	320	54	28	4	12941	762	1558	452	1939	67	118	7786	1089	6677	0,34,65,0,0,0	17812	260	1134	106460	16980	58820	130405,130961,131637,81351,81187,81187,81187	6	62	25703,33192,50113,12267,0,0,0	109	54718
155342	1962	2886	2518	341	323	47	26	6	12973	764	1558	472	1976	56	142	7714	1102	7001	0,31,68,0,0,0	17727	301	1237	107169	17514	59121	130762,131312,132021,81948,81766,81766,81766	7	61	25703,33192,50319,13284,0,0,0	95	54234
154876	2141	2921	2646	342	317	47	31	5	13094	765	1561	449	1874	62	102	7636	1118	7327	0,28,71,0,0,0	17977	296	1288	107864	18115	59417	131142,131693,132432,82610,82408,82408,82408	7	63	25703,33192,50519,14363,0,0,0	96	53788
154493	2130	3029	2793	350	305	52	31	8	13228	765	1562	443	1892	70	123	7329	1106	7584	0,26,73,0,0,0	25965	261	1212	108509	18693	59678	131455,132004,132779,83197,82978,82978,82978	7	56	25703,33192,50699,15391,0,0,0	112	53333
153979	2203	3217	2857	360	323	46	33	8	13391	766	1563	441	1969	69	107	7314	1090	7949	0,24,75,0,0,0	26078	284	1366	109233	19345	59962	131828,132371,133179,83885,83645,83645,83645	7	67	25703,33192,50860,16599,0,0,0	112	52837
153254	2446	3313	3014	390	344	42	31	8	13566	772	1566	449	1998	67	142	7458	1150	8430	0,21,78,0,0,0	17590	293	1568	110106	20071	60255	132283,132823,133663,84720,84458,84458,84458	7	68	25703,33192,51030,17990,18,0,0	109	52242
152579	2625	3521	3125	391	314	41	29	11	13768	773	1569	444	1960	89	142	7569	1184	8862	0,19,79,0,0,0	17464	361	1602	110970	20838	60616	132724,133257,134134,85557,85270,85270,85270	8	85	25703,33192,51200,19415,37,0,0	107	51642
151684	2821	3796	3301	417	334	41	30	10	13962	776	1574	459	1979	89	134	8072	1258	9482	0,17,81,0,0,0	18124	351	1787	111946	21684	60967	133276,133804,134708,86566,86254,86254,86254	8	93	25703,33192,51364,21032,64,0,0	103	50983
150755	3037	4007	3467	399	369	41	28	9	14276	781	1577	457	1869	88	147	8332	1363	9985	0,15,83,0,0,0	18318	332	1827	112910	22583	61299	133797,134320,135254,87598,87258,87258,87258	8	91	25703,33192,51501,22706,103,0,0	104	50310
149763	3135	4280	3671	382	395	46	28	7	14676	783	1580	457	1953	89	161	9166	1458	10479	0,14,84,1,0,0	19000	327	1875	113926	23477	61626	134347,134864,135823,88677,88310,88310,88310	9	85	25703,33192,51623,24434,144,0,0	110	49605
148845	3161	4454	3918	409	413	48	23	8	15097	787	1583	443	1956	90	156	9321	1542	10884	0,12,85,1,0,0	27656	345	1824	114875	24386	61971	134834,135349,136330,89698,89300,89300,89300	9	107	25703,33192,51739,26092,204,0,0	125	48931
148005	3096	4655	4157	438	416	51	29	9	15519	787	1584	418	1967	105	142	9973	1602	11240	0,11,86,1,0,0	28397	306	1825	115757	25343	62277	135269,135780,136784,90692,90258,90257,90257	10	110	25703,33192,51851,27757,250,0,0	136	48286
146665	3451	4771	4433	439	421	48	28	10	16102	790	1588	447	1955	122	164	10297	1643	11948	0,10,87,2,0,0	20193	332	2326	116938	26502	62609	135903,136408,137433,92035,91564,91564,91564	10	136	25703,33192,51942,29914,312,0,0	123	47464
145300	3879	4870	4584	427	453	44	24	12	16766	794	1593	456	1963	131	173	10773	1737	12544	0,9,88,2,0,0	20379	353	2359	118062	27756	62962	136521,137017,138059,93398,92888,92888,92888	11	111	25703,33192,52041,32109,377,0,0	112	46669
143917	4003	5180	4800	429	469	36	26	14	17480	795	1597	455	1947	135	186	11461	1898	13045	0,8,89,2,0,0	21299	376	2382	119222	28990	63338	137140,137634,138688,94777,94229,94228,94228	12	133	25703,33192,52125,34312,460,0,0	114	45847
142671	4063	5485	4964	454	476	32	20	18	18162	799	1602	449	1892	151	172	11671	1927	13567	0,7,89,2,0,0	21832	376	2368	120364	30234	63714	137718,138208,139279,96162,95565,95564,95564	12	121	25703,33192,52208,36512,536,0,0	102	45020
141292	4184	5722	5280	502	477	38	19	19	18809	800	1604	466	1944	134	189	11506	2028	14194	0,6,90,2,0,0	21950	328	2534	121552	31597	64042	138348,138836,139921,97639,96993,96991,96991	13	140	25703,33192,52293,38855,626,0,0	101	44151
140017	4176	5886	5554	515	506	40	21	20	19602	803	1606	485	1982	155	154	11446	2054	14644	0,6,90,2,0,0	29600	336	2399	122703	32861	64378	138907,139393,140487,99015,98318,98316,98316	13	146	25703,33192,52338,41112,718,0,0	115	43310
138818	4072	6032	5801	544	511	39	26	14	20477	804	1608	465	1891	158	205	10995	2124	14901	0,5,91,3,0,0	29160	372	2386	123802	34172	64750	139442,139925,141029,100368,99619,99616,99616	14	156	25703,33192,52402,43336,804,0,0	125	42510
137219	4379	6164	6074	548	532	39	24	14	21339	805	1609	494	1897	163	226	11914	2311	15449	0,4,91,3,0,0	21857	358	2844	125132	35702	65108	140137,140613,141720,102053,101247,101243,101243	15	165	25703,33192,52459,45986,923,0,0	114	41546
135708	4664	6225	6294	541	564	41	25	12	22254	806	1612	510	1868	165	203	12101	2394	15960	0,4,91,3,0,0	22841	326	2812	126408	37248	65434	140787,141258,142372,103716,102847,102843,102843	15	139	25703,33192,52514,48578,1054,0,0	124	40631
134287	4700	6466	6364	533	559	36	27	13	23335	808	1618	520	2024	187	226	13116	2460	16225	0,4,92,3,0,0	22849	326	2767	127647	38793	65760	141394,141859,142973,105317,104383,104378,104378	16	126	25703,33192,52579,51128,1177,0,0	123	39722
132856	4757	6638	6561	548	549	37	26	13	24331	809	1621	497	2037	170	247	13611	2519	16597	0,3,92,4,0,0	23642	312	2841	128945	40352	66072	142020,142481,143599,106974,105971,105965,105965	16	143	25703,33192,52630,53742,1331,0,0	129	38765
131562	4717	6836	6674	530	561	45	29	10	25348	811	1623	495	1959	172	225	13749	2561	16831	0,3,92,4,0,0	24084	323	2779	130181	41909	66395	142587,143041,144160,108588,107512,107505,107505	17	136	25703,33192,52665,56320,1473,0,0	130	37871
130562	4549	6755	6898	571	605	46	27	9	26285	813	1626	521	1877	153	214	13533	2548	16903	0,2,92,4,0,0	31700	332	2574	131307	43379	66727	143012,143467,144586,110022,108869,108860,108860	17	153	25703,33192,52680,58712,1627,0,0	140	37015
129596	4369	6726	7054	595	606	44	27	12	27273	815	1629	508	1922	155	225	13738	2551	16870	0,2,92,4,0,0	31512	310	2552	132449	44815	67037	143471,143917,145044,111470,110237,110226,110226	17	151	25703,33192,52703,61081,1768,0,0	143	36174
128398	4572	6665	7168	598	587	45	26	16	28224	816	1631	516	1950	165	245	14256	2552	17109	0,2,92,5,0,0	24112	305	2877	133712	46447	67342	144007,144450,145576,113101,111784,111770,111770	18	170	25703,33192,52733,63683,1966,0,0	150	35225
127412	4682	6570	7119	591	601	42	28	15	29233	819	1634	497	2012	165	245	14920	2534	17099	0,2,92,5,0,0	24765	116	2709	134905	47985	67458	144449,144888,146011,114629,113222,113206,113206	18	124	25703,33192,52768,66118,2159,0,0	158	34306
126558	4637	6646	7098	570	578	40	26	15	30120	822	1636	495	1921	166	239	14685	2461	17134	0,2,91,5,0,0	24947	141	2658	136034	49533	67599	144866,145302,146422,116058,114560,114541,114541	18	139	25703,33192,52784,68501,2370,0,0	150	33480
125771	4500	6648	7125	562	564	45	33	16	31017	824	1641	483	1932	164	236	14200	2449	17028	0,1,91,6,0,0	24842	132	2573	137113	51049	67731	145235,145668,146785,117454,115864,115842,115842	18	143	25703,33192,52801,70830,2563,0,0	134	32683
125043	4453	6595	7144	573	584	47	33	17	31790	824	1643	463	1893	171	225	13859	2419	17010	0,1,91,6,0,0	23683	129	2645	138226	52601	67860	145576,146005,147116,118884,117194,117168,117168	18	140	25703,33192,52819,73231,2758,0,0	153	31852
124675	4211	6417	7184	583	583	50	34	16	32521	827	1645	458	1936	165	226	13563	2424	16638	0,1,91,7,0,0	31706	106	2277	139211	53913	67966	145823,146248,147361,120084,118290,118261,118261	18	159	25703,33192,52837,75252,2969,0,0	151	31117
124477	3815	6349	7062	584	560	52	32	18	33320	829	1648	443	1926	154	244	13189	2387	16067	0,1,91,7,0,0	31063	126	2152	140111	55182	68092	145988,146416,147527,121185,119287,119255,119255	18	128	25703,33192,52847,77165,3156,0,0	154	30421
123997	3817	6164	6956	545	537	44	27	18	34159	834	1648	448	1879	141	246	13298	2383	15707	0,1,90,8,0,0	23305	135	2390	141103	56588	68227	146249,146677,147789,122445,120449,120413,120413	17	108	25703,33192,52863,79226,3413,0,0	146	29669
123782	3928	5792	6831	556	513	48	22	21	34769	835	1649	463	1972	178	211	13541	2359	15331	0,1,90,8,0,0	23434	82	2275	142007	57967	68309	146419,146846,147954,123593,121490,121450,121450	17	126	25703,33192,52873,81170,3664,0,0	137	28987
123737	3793	5734	6537	542	510	52	24	19	35313	836	1649	441	1946	158	224	13805	2311	14881	0,1,89,9,0,0	23744	84	2190	142869	59311	68393	146525,146952,148057,124680,122463,122418,122418	17	107	25703,33192,52884,83062,3892,0,0	134	28319
123990	3598	5565	6307	534	523	52	28	18	35643	837	1651	457	1948	124	214	13551	2256	14351	0,0,89,9,0,0	23815	100	1987	143687	60486	68493	146562,146993,148094,125643,123306,123256,123256	17	96	25703,33192,52892,84781,4091,0,0	151	27690
124273	3403	5439	6156	523	481	56	27	19	35876	840	1653	447	1949	151	220	13684	2212	13873	0,0,89,9,0,0	23664	74	1957	144411	61734	68567	146585,147020,148118,126580,124123,124068,124068	16	104	25703,33192,52896,86444,4319,0,0	133	27157
124749	3158	5102	6093	495	481	53	25	18	36072	844	1656	415	1889	105	152	13365	2121	13286	0,0,88,10,0,0	31302	87	1673	145091	62736	68654	146536,146970,148073,127361,124792,124731,124731	16	93	25703,33192,52902,87837,4534,0,0	133	26622
125374	2917	4964	5881	444	452	47	31	16	36115	845	1660	415	1948	129	184	13266	2056	12680	0,0,88,10,0,0	30976	96	1664	145728	63770	68750	146464,146897,148001,128118,125429,125360,125360	15	98	25703,33192,52906,89204,4772,0,0	131	26142
125882	2923	4646	5686	431	433	41	28	16	36148	849	1663	413	1947	107	178	13048	1962	12226	0,0,87,11,0,0	23188	75	1709	146401	64811	68825	146425,146861,147962,128894,126090,126015,126015	15	82	25703,33192,52910,90565,5036,0,0	112	25637
126503	2876	4353	5442	444	423	37	26	20	36105	850	1667	451	1961	113	184	12895	1894	11707	0,0,87,12,0,0	22877	54	1635	147032	65825	68879	146338,146774,147876,129617,126703,126618,126618	14	74	25703,33192,52912,91897,5264,0,0	106	25156
127263	2655	4204	5193	453	432	37	25	18	35945	852	1669	486	1976	90	154	12740	1826	11173	0,0,86,12,0,0	22843	72	1462	147600	66728	68951	146217,146654,147759,130244,127213,127120,127120	13	78	25703,33192,52917,93076,5487,0,0	92	24715
128128	2454	4013	5073	432	398	27	24	15	35657	854	1671	510	1890	87	191	12203	1735	10686	0,0,85,13,0,0	22283	52	1401	148127	67609	69003	146059,146496,147606,130823,127675,127574,127574	13	73	25703,33192,52920,94145,5750,0,0	95	24314
129099	2360	3726	4796	415	385	25	27	17	35368	855	1673	504	1932	97	151	11620	1547	10187	0,0,84,14,0,0	22081	52	1328	148649	68424	69055	145870,146312,147423,131364,128101,127990,127990	12	79	25703,33192,52926,95163,5998,0,0	85	23915
130150	2194	3530	4558	396	355	29	31	13	34959	855	1676	518	1920	112	149	10694	1428	9665	0,0,83,15,0,0	28981	47	1215	149092	69205	69102	145654,146100,147218,131829,128449,128330,128330	12	72	25703,33192,52928,96069,6251,0,0	100	23573
131346	1986	3350	4257	353	330	33	31	14	34512	856	1678	503	1923	85	145	10116	1338	9002	0,0,82,16,0,0	28646	55	1084	149511	69880	69157	145401,145848,146975,132209,128712,128583,128583	11	51	25703,33192,52930,96887,6474,0,0	109	23255
132486	1911	3199	4020	337	319	30	26	17	33859	860	1682	507	2003	88	127	10272	1291	8551	0,0,81,17,0,0	20510	67	1167	149960	70605	69224	145179,145629,146762,132633,129019,128881,128881	10	60	25703,33192,52935,97688,6757,0,0	96	22917
133611	1880	2951	3814	335	295	30	23	16	33243	863	1685	513	2000	72	132	10231	1233	8095	0,0,80,19,0,0	20359	54	1081	150363	71290	69278	144941,145394,146535,133025,129301,129153,129153	10	63	25703,33192,52937,98457,7012,0,0	100	22612
134788	1774	2859	3527	312	285	31	21	18	32574	865	1692	487	1905	86	120	9857	1137	7672	0,0,79,20,0,0	20181	47	1027	150700	71989	69325	144665,145118,146267,133350,129517,129359,129359	10	61	25703,33192,52941,99149,7283,0,0	83	22348
135849	1744	2767	3358	274	287	29	16	18	31843	868	1693	489	1890	62	114	9547	1095	7380	0,0,78,21,0,0	19555	41	1038	151061	72673	69366	144415,144869,146025,133710,129773,129605,129605	9	46	25703,33192,52944,99854,7558,0,0	73	22073
137094	1702	2603	3191	260	256	28	16	15	31019	868	1694	472	1948	60	108	8870	1002	7054	0,0,76,22,0,0	19226	35	937	151382	73297	69401	144122,144578,145745,134000,129956,129776,129776	9	48	25703,33192,52947,100464,7838,0,0	66	21816
138337	1483	2541	3017	230	244	33	16	15	30264	868	1698	478	1965	71	79	8402	925	6639	0,0,75,24,0,0	26692	35	783	151630	73840	69436	143818,144276,145453,134206,130064,129873,129873	8	55	25703,33192,52948,100981,8049,0,0	83	21620
139615	1328	2482	2873	203	215	28	14	16	29402	868	1702	502	1980	56	87	8096	881	6262	0,0,74,25,0,0	26877	44	789	151895	74370	69480	143503,143964,145151,134404,130159,129958,129958	8	52	25703,33192,52948,101495,8274,0,0	71	21403
140712	1376	2219	2812	205	227	25	12	18	28564	871	1705	511	1936	70	78	8348	849	6027	0,0,72,26,0,0	18210	40	825	152178	74920	69520	143245,143712,144903,134645,130307,130095,130095	8	32	25703,33192,52949,101989,8562,0,0	54	21195
141935	1334	2026	2711	177	229	24	10	20	27699	872	1709	518	1932	56	103	8166	840	5671	0,0,71,28,0,0	18503	16	719	152411	75409	69536	142936,143409,144608,134815,130387,130162,130162	7	33	25703,33192,52950,102438,8789,0,0	54	21020
143182	1239	1957	2533	155	218	16	10	16	26831	875	1714	528	1968	53	81	7328	779	5349	0,0,69,29,0,0	17719	18	698	152644	75878	69554	142636,143116,144321,134983,130464,130227,130227	6	33	25703,33192,52952,102849,9036,0,0	44	20856
144405	1180	1916	2387	162	188	17	11	15	25870	875	1720	504	1926	41	89	6883	753	5108	0,0,68,31,0,0	17422	22	701	152865	76363	69576	142332,142816,144030,135136,130529,130278,130278	6	40	25703,33192,52953,103230,9312,0,0	42	20685
145622	1141	1830	2245	171	171	16	9	15	24927	876	1723	524	2034	48	63	6555	699	4884	0,0,65,34,0,0	17009	28	666	153088	76809	69604	142026,142512,143737,135270,130578,130314,130314	6	23	25703,33192,52953,103565,9597,0,0	41	20498
146810	1046	1736	2155	177	166	15	9	13	24017	878	1724	552	1858	31	67	6182	629	4675	0,0,64,35,0,0	25151	26	580	153263	77223	69630	141726,142213,143450,135372,130599,130322,130322	5	40	25703,33192,52954,103876,9825,0,0	43	20370
148011	914	1666	2005	189	160	16	9	12	23162	878	1724	545	2030	49	78	6026	602	4357	0,0,63,36,0,0	24739	22	498	153410	77580	69652	141409,141901,143148,135426,130580,130289,130289	5	29	25703,33192,52954,104143,10037,0,0	50	20252
148984	1009	1570	1941	174	151	14	10	12	22272	879	1730	539	2031	45	78	5602	573	4296	0,0,61,38,0,0	15934	22	691	153641	78046	69674	141171,141664,142919,135594,130679,130375,130375	5	19	25703,33192,52955,104478,10349,0,0	42	20088
149945	1085	1461	1893	165	140	8	7	8	21420	881	1733	562	2013	27	72	4831	511	4248	0,0,59,40,0,0	15309	4	637	153842	78488	69678	140918,141417,142678,135730,130748,130431,130431	5	31	25703,33192,52957,104784,10636,0,0	34	19928
150844	1050	1526	1782	146	141	10	9	7	20610	882	1739	553	1952	42	45	4149	430	4234	0,0,57,42,0,0	14586	2	631	154050	78916	69680	140679,141181,142448,135871,130824,130494,130494	4	35	25703,33192,52957,105067,10947,0,0	33	19769
151809	1041	1518	1686	143	144	8	8	8	19757	882	1742	580	1884	31	57	3397	376	4172	0,0,55,44,0,0	13610	12	583	154226	79328	69692	140428,140935,142209,135966,130856,130513,130513	4	35	25703,33192,52957,105307,11265,0,0	35	19640
152569	1058	1496	1708	125	138	7	6	9	19002	882	1746	578	2016	23	57	2909	305	4233	0,0,52,47,0,0	13228	7	665	154451	79771	69699	140220,140730,142008,136125,130961,130603,130603	4	31	25703,33192,52957,105575,11617,0,0	35	19458
153438	1037	1482	1693	118	139	10	5	9	18185	882	1748	580	2031	37	49	2288	280	4204	0,0,50,49,0,0	21573	6	563	154643	80145	69705	139991,140503,141788,136236,131020,130647,130647	4	33	25703,33192,52957,105804,11924,0,0	37	19301
154223	984	1493	1655	112	134	11	2	9	17484	885	1754	585	1986	32	62	1647	264	4127	0,0,49,49,0,0	21143	3	569	154820	80545	69708	139778,140294,141583,136355,131090,130702,130702	3	31	25703,33192,52957,106042,12227,0,0	33	19159
154953	1019	1473	1632	117	137	10	1	8	16751	885	1760	559	1979	47	71	1379	275	4114	0,0,47,52,0,0	11526	10	644	155031	80983	69718	139586,140104,141400,136492,131180,130777,130777	3	29	25703,33192,52957,106240,12621,0,0	39	18992
155596	1058	1465	1638	122	130	12	1	7	16071	885	1761	576	1911	36	51	967	274	4152	0,0,45,54,0,0	11085	25	634	155232	81420	69743	139419,139936,141242,136628,131274,130856,130856	3	21	25703,33192,52957,106438,13024,0,0	40	18842
156212	1042	1493	1598	118	127	11	1	7	15488	885	1764	586	1941	35	57	848	264	4126	0,0,42,57,0,0	10830	17	609	155408	81856	69760	139237,139759,141066,136753,131362,130928,130928	3	28	25703,33192,52957,106602,13432,0,0	38	18703
156791	1075	1506	1591	112	132	12	2	5	14868	885	1767	579	2061	38	56	818	259	4171	0,0,41,58,0,0	10924	24	653	155603	82318	69784	139070,139592,140907,136910,131480,131031,131031	3	30	25703,33192,52957,106799,13861,0,0	40	18549
157397	1063	1494	1626	120	118	13	4	6	14250	885	1770	578	2059	40	54	804	266	4172	0,0,39,60,0,0	10853	22	597	155800	82720	69806	138898,139423,140741,137032,131570,131103,131103	3	29	25703,33192,52958,106954,14272,0,0	32	18396
157881	1025	1544	1589	129	107	15	3	7	13788	885	1773	581	1935	28	47	804	251	4161	0,0,37,62,0,0	20083	21	608	155983	83150	69827	138756,139282,140603,137160,131671,131188,131188	3	27	25703,33192,52958,107127,14669,0,0	40	18245
158388	974	1508	1610	127	110	16	4	7	13342	885	1775	591	1950	38	47	781	237	4112	0,0,35,64,0,0	20158	19	537	156132	83540	69846	138605,139130,140458,137252,131736,131236,131236	3	38	25703,33192,52958,107259,15043,0,0	41	18135
158723	1020	1518	1602	130	114	16	4	6	12952	885	1776	589	2000	39	59	792	251	4153	0,0,33,66,0,0	10735	16	661	156348	83993	69862	138490,139018,140349,137427,131886,131372,131372	2	29	25703,33192,52959,107423,15518,0,0	48	17957
159069	1110	1479	1632	125	122	13	3	6	12522	886	1779	580	1959	39	43	790	242	4242	0,0,32,67,0,0	10984	0	677	156535	84488	69862	138392,138918,140254,137592,132034,131502,131502	3	28	25703,33192,52960,107585,16004,0,0	39	17821
159402	1120	1477	1595	126	125	12	4	4	12216	886	1779	577	2024	48	58	781	234	4225	0,0,29,70,0,0	10893	0	628	156726	84927	69862	138282,138810,140147,137731,132155,131606,131606	3	34	25703,33192,52961,107692,16491,0,0	50	17683
159587	1182	1523	1615	122	134	9	4	5	11898	886	1781	578	1958	34	55	774	265	4324	0,0,28,71,0,0	10867	0	710	156920	85445	69862	138201,138731,140068,137910,132322,131757,131757	3	30	25703,33192,52961,107832,17033,0,0	35	17528
159746	1193	1610	1577	123	133	9	4	4	11677	887	1783	581	1929	33	61	778	276	4373	0,0,27,72,0,0	10823	0	706	157120	85955	69862	138141,138673,140009,138092,132493,131912,131912	2	33	25703,33192,52961,107965,17565,0,0	38	17379
160080	1080	1652	1620	125	127	9	2	5	11373	887	1786	569	1975	50	52	782	283	4332	0,0,25,74,0,0	20064	0	579	157286	86372	69862	138032,138562,139901,138216,132608,132006,132006	3	37	25703,33192,52961,108066,18026,0,0	41	17253
160345	1024	1631	1729	122	117	10	3	5	11085	888	1787	621	1992	47	50	795	280	4356	0,0,23,76,0,0	20086	0	598	157452	86809	69862	137934,138467,139811,138351,132733,132111,132111	3	34	25703,33192,52961,108159,18514,0,0	44	17121
160413	1144	1589	1762	117	119	8	2	5	10906	888	1793	622	2068	44	61	806	286	4455	0,0,22,77,0,0	10817	0	752	157690	87325	69862	137893,138427,139772,138565,132944,132304,132304	3	41	25703,33192,52961,108272,19127,0,0	48	16922
160537	1240	1572	1769	121	122	8	2	3	10688	888	1796	601	2015	39	57	821	287	4547	0,0,20,79,0,0	10903	0	737	157898	87856	69862	137851,138383,139730,138749,133126,132465,132465	3	36	25703,33192,52961,108369,19750,0,0	46	16764
160650	1198	1622	1754	117	128	6	2	2	10579	888	1800	578	1946	27	52	835	292	4535	0,0,19,80,0,0	10799	0	667	158093	88330	69862	137793,138323,139669,138918,133294,132614,132614	3	31	25703,33192,52961,108452,20312,0,0	48	16608
160758	1151	1698	1746	115	123	4	1	3	10453	888	1806	605	1913	45	55	810	269	4569	0,0,18,81,0,0	10868	0	665	158283	88809	69862	137745,138272,139621,139099,133479,132778,132778	3	37	25703,33192,52961,108531,20889,0,0	40	16463
160795	1160	1696	1739	128	132	3	1	2	10393	888	1809	581	2088	49	54	818	277	4582	0,0,16,83,0,0	10881	0	694	158483	89310	69862	137713,138239,139589,139278,133666,132942,132942	3	38	25703,33192,52961,108603,21487,0,0	36	16304
160957	1105	1683	1783	133	123	6	2	2	10253	888	1811	624	1916	38	58	843	282	4553	0,0,15,84,0,0	20246	0	623	158661	89763	69862	137645,138173,139524,139424,133818,133069,133069	3	31	25703,33192,52961,108661,22031,0,0	35	16159
161116	1016	1705	1767	129	121	9	2	2	10177	888	1814	637	2021	48	44	818	261	4488	0,0,14,85,0,0	20301	0	594	158831	90189	69862	137575,138102,139454,139553,133953,133181,133181	3	32	25703,33192,52961,108715,22550,0,0	43	16027
161145	1079	1606	1812	128	130	10	2	2	10127	888	1817	613	1993	44	56	818	264	4503	0,0,13,86,0,0	10789	0	691	159040	90678	69862	137544,138069,139424,139736,134149,133352,133352	3	34	25703,33192,52961,108781,23159,0,0	48	15867
161198	1134	1555	1811	139	136	8	2	3	10051	888	1821	635	1918	55	69	836	286	4499	0,0,12,87,0,0	10841	0	671	159234	91159	69862	137498,138024,139381,139900,134327,133504,133504	3	40	25703,33192,52961,108834,23757,0,0	45	15718
161243	1098	1629	1744	127	131	8	2	3	10047	888	1826	645	2041	39	69	867	293	4446	0,0,11,88,0,0	10881	0	646	159396	91645	69862	137442,137965,139324,140041,134481,133635,133635	3	36	25703,33192,52961,108879,24335,0,0	37	15588
161284	1118	1641	1714	139	115	8	2	2	10002	888	1833	657	1857	38	63	860	303	4434	0,0,10,89,0,0	11136	0	656	159588	92116	69862	137408,137936,139294,140199,134657,133783,133783	3	30	25703,33192,52961,108919,24933,0,0	32	15442
161282	1156	1615	1777	145	116	7	2	2	9918	888	1838	627	1944	36	49	859	303	4515	0,0,10,89,0,0	11053	0	686	159791	92600	69862	137390,137919,139277,140378,134853,133952,133952	3	26	25703,33192,52961,108964,25552,0,0	40	15292
161428	1080	1591	1797	151	120	7	2	3	9839	888	1840	677	1934	30	39	845	275	4473	0,0,9,90,0,0	20206	0	590	159931	93054	69862	137309,137838,139200,140488,134979,134051,134051	3	36	25703,33192,52961,108996,26088,0,0	34	15185
161523	977	1580	1739	145	129	7	2	4	9911	888	1841	650	1970	43	58	839	267	4312	0,0,8,91,0,0	20183	0	539	160071	93454	69862	137254,137786,139146,140602,135110,134155,134155	3	35	25703,33192,52961,109026,26587,0,0	40	15077
161514	1015	1545	1735	148	126	10	5	4	9911	888	1845	695	2073	38	68	852	279	4305	0,0,8,91,0,0	10956	0	663	160262	93932	69862	137229,137762,139121,140766,135294,134313,134313	3	29	25703,33192,52961,109063,27187,0,0	38	14928
161508	1099	1500	1671	144	134	9	4	5	9934	888	1850	693	2020	61	68	847	285	4276	0,0,8,91,0,0	10996	0	646	160430	94412	69862	137198,137732,139090,140912,135463,134454,134454	3	29	25703,33192,52961,109094,27780,0,0	46	14797
161621	1007	1493	1659	142	131	7	4	5	9937	888	1852	685	2006	34	62	873	312	4131	0,0,7,92,0,0	11080	0	515	160566	94794	69862	137136,137673,139034,141011,135580,134544,134544	3	36	25703,33192,52961,109120,28254,0,0	43	14694
161710	953	1502	1666	130	133	8	3	5	9894	889	1853	674	1965	33	44	859	286	4109	0,0,6,93,0,0	11101	0	577	160743	95200	69862	137084,137619,138983,141143,135732,134667,134667	3	31	25703,33192,52961,109137,28798,0,0	36	14559
161785	955	1452	1665	116	137	8	5	5	9875	889	1854	666	1953	28	75	854	283	4055	0,0,6,93,0,0	10899	0	550	160893	95602	69862	137031,137570,138934,141258,135869,134775,134775	3	30	25703,33192,52961,109155,29313,0,0	43	14444
161991	879	1353	1646	116	143	8	5	4	9854	890	1857	635	1948	38	47	819	253	3897	0,0,5,94,0,0	20137	0	456	161025	95928	69862	136937,137478,138843,141336,135966,134841,134841	3	33	25703,33192,52961,109169,29741,0,0	46	14340
162167	812	1313	1587	105	135	7	4	3	9863	891	1859	620	2004	42	59	816	247	3716	0,0,5,94,0,0	20226	0	451	161136	96271	69862	136860,137399,138767,141399,136050,134896,134896	3	22	25703,33192,52961,109181,30170,0,0	44	14254
162380	783	1268	1522	118	115	11	4	4	9790	891	1860	652	1921	28	36	800	226	3595	0,0,4,95,0,0	10807	0	473	161243	96639	69862	136762,137305,138674,141452,136128,134941,134941	2	17	25703,33192,52961,109195,30617,0,0	33	14168
162576	787	1190	1451	125	105	10	3	5	9737	891	1866	643	2022	33	58	802	221	3450	0,0,4,95,0,0	11051	0	452	161370	96971	69862	136682,137225,138600,141522,136222,135003,135003	2	25	25703,33192,52961,109199,31056,0,0	42	14067
162830	746	1134	1433	108	103	9	6	5	9611	891	1870	622	2023	35	42	782	214	3325	0,0,3,96,0,0	10875	0	412	161458	97296	69862	136566,137109,138487,141540,136263,135011,135011	2	17	25703,33192,52961,109210,31440,0,0	30	13996
163089	700	1101	1367	104	99	7	8	5	9500	891	1875	627	1976	25	62	773	239	3147	0,0,3,96,0,0	10811	0	395	161548	97605	69862	136458,137001,138381,141566,136312,135027,135027	2	19	25703,33192,52961,109215,31822,0,0	26	13927
163341	677	1102	1283	98	112	6	7	5	9342	892	1881	627	1957	28	38	731	227	3058	0,0,2,97,0,0	10829	0	405	161647	97921	69862	136346,136892,138272,141589,136363,135042,135042	2	15	25703,33192,52961,109218,32209,5,0	30	13851
163626	627	1000	1267	93	116	5	7	5	9224	892	1884	618	1958	25	37	699	213	2902	0,0,2,97,0,0	20115	0	324	161732	98169	69862	136237,136785,138168,141596,136392,135038,135038	2	21	25703,33192,52961,109222,32524,9,0	29	13786
163919	550	936	1195	101	114	4	9	4	9136	892	1886	624	2023	22	47	701	214	2695	0,0,2,97,0,0	19918	0	282	161799	98391	69862	136121,136670,138055,141587,136403,135019,135019	2	15	25703,33192,52961,109225,32784,14,0	29	13730
164236	509	891	1127	102	117	2	8	3	8966	894	1891	634	1951	13	45	662	198	2558	0,0,2,97,0,0	10783	0	303	161872	98628	69862	135989,136541,137930,141574,136413,134995,134995	2	16	25703,33192,52961,109230,33066,20,0	25	13671
164531	532	826	1044	89	97	2	8	3	8826	894	1894	630	1985	24	54	647	185	2413	0,0,1,97,0,0	10769	0	300	161938	98868	69862	135859,136412,137805,141560,136421,134971,134971	2	19	25703,33192,52961,109231,33355,25,0	24	13614
164898	498	787	1012	77	90	2	8	3	8577	895	1899	641	1848	15	33	612	176	2298	0,0,1,97,1,0	10703	0	268	162004	99080	69862	135710,136266,137662,141531,136415,134931,134931	1	14	25703,33192,52961,109233,33610,33,0	19	13562
165236	471	772	941	67	91	2	9	4	8350	895	1908	638	1771	14	32	593	166	2187	0,0,1,96,1,0	10546	0	278	162078	99290	69862	135587,136147,137548,141514,136421,134902,134902	1	16	25703,33192,52961,109237,33869,47,0	19	13505
165564	427	729	888	56	81	1	7	7	8177	895	1914	643	1979	22	31	557	145	2044	0,0,1,96,2,0	10686	0	216	162137	99453	69862	135455,136016,137421,141480,136407,134858,134858	1	19	25703,33192,52961,109238,34075,53,0	20	13460
166005	351	690	841	58	69	2	8	7	7905	895	1915	634	1952	23	21	528	129	1890	0,0,1,95,2,0	20095	0	171	162168	99597	69862	135283,135846,137254,141408,136358,134775,134775	1	17	25703,33192,52961,109238,34232,64,0	27	13431
166319	305	642	814	57	54	1	7	7	7724	896	1920	639	1987	24	30	497	124	1756	0,0,1,95,3,0	19851	0	188	162212	99745	69862	135151,135715,137126,141360,136330,134717,134717	1	14	25703,33192,52961,109238,34406,74,0	25	13396
166655	314	544	798	50	51	3	4	7	7498	898	1924	646	1974	17	23	476	116	1648	0,0,1,94,4,0	10566	0	188	162260	99890	69862	134997,135561,136974,141306,136296,134654,134654	1	14	25703,33192,52961,109238,34581,86,0	21	13355
167058	265	504	727	48	47	3	3	6	7262	898	1925	641	1925	19	29	464	122	1475	0,0,0,94,4,0	10492	0	145	162288	100010	69862	134831,135395,136813,141224,136235,134562,134561	1	7	25703,33192,52961,109238,34712,97,0	26	13330
167384	236	461	653	47	51	3	3	6	7071	898	1933	676	1928	15	25	440	122	1332	0,0,0,93,5,0	10566	0	145	162318	100129	69862	134689,135253,136676,141153,136183,134482,134482	1	9	25703,33192,52961,109240,34841,111,0	24	13312
167738	222	403	575	44	42	4	2	6	6874	898	1938	685	1985	9	28	420	113	1179	0,0,0,93,5,0	10554	0	111	162350	100214	69862	134544,135108,136534,141073,136120,134393,134393	1	6	25703,33192,52961,109240,34945,120,0	23	13284
168111	212	344	520	51	42	4	1	7	6614	898	1942	651	1906	12	15	378	101	1073	0,0,0,92,6,0	10601	0	109	162379	100300	69862	134387,134953,136382,140993,136057,134303,134302	1	9	25703,33192,52961,109240,35046,132,0	16	13262
168499	189	315	474	45	33	4	1	6	6334	898	1948	649	1944	11	15	347	89	972	0,0,0,91,8,0	19797	0	89	162399	100373	69862	134232,134799,136231,140903,135985,134202,134201	1	9	25703,33192,52961,109240,35121,148,0	12	13246
168897	160	299	429	38	31	5	1	6	6032	898	1950	650	1958	5	14	325	83	880	0,0,0,90,9,0	19937	0	81	162417	100439	69862	134071,134639,136074,140810,135909,134099,134098	1	4	25703,33192,52961,109241,35187,159,0	10	13229
169219	161	266	392	31	21	5	0	6	5793	898	1954	654	1950	4	13	299	68	808	0,0,0,88,10,0	10322	0	95	162440	100514	69862	133920,134486,135927,140720,135836,134002,134001	0	3	25703,33192,52961,109241,35265,178,0	11	13208
169558	148	236	355	25	17	4	0	5	5542	898	1958	684	1837	9	6	271	52	733	0,0,0,88,11,0	10369	0	74	162462	100570	69862	133763,134331,135774,140628,135758,133901,133900	0	4	25703,33192,52961,109242,35327,189,0	10	13190
169824	140	218	331	25	22	3	0	5	5317	898	1963	654	1918	9	7	239	51	688	0,0,0,85,13,0	10411	0	71	162487	100627	69862	133627,134195,135641,140546,135689,133812,133810	0	8	25703,33192,52961,109243,35380,212,0	13	13169
170155	144	190	311	17	23	3	0	5	5031	898	1969	664	1812	7	8	220	49	639	0,0,0,84,15,0	10292	0	69	162502	100685	69862	133475,134044,135495,140452,135611,133709,133707	0	3	25703,33192,52961,109243,35434,229,0	10	13157
170479	115	196	282	14	14	3	0	5	4767	898	1973	677	1781	4	5	198	44	580	0,0,0,81,18,0	10210	0	44	162518	100721	69862	133320,133891,135344,140354,135524,133602,133600	0	1	25703,33192,52961,109243,35462,250,0	8	13147
170756	102	200	249	11	9	1	0	5	4534	898	1981	651	1936	5	4	172	33	539	0,0,0,80,18,0	19605	0	61	162530	100774	69862	133183,133755,135210,140267,135448,133508,133505	0	2	25703,33192,52961,109244,35509,262,0	8	13135
171032	105	181	242	14	10	1	0	5	4272	898	1986	659	1813	6	6	142	29	524	0,0,0,77,22,0	19398	0	60	162548	100819	69862	133056,133631,135088,140180,135374,133413,133410	0	6	25703,33192,52961,109244,35551,283,0	10	13121
171276	107	145	249	16	10	1	0	4	4048	898	1992	671	1795	8	4	125	25	503	0,0,0,74,24,0	10239	0	53	162564	100863	69862	132917,133492,134952,140090,135296,133317,133314	0	2	25703,33192,52961,109244,35590,303,0	12	13110
171512	131	139	217	15	11	0	0	4	3826	898	1993	662	1810	0	7	113	29	484	0,0,0,72,27,0	10151	0	79	162583	100924	69862	132786,133362,134823,140005,135221,133224,133220	0	7	25703,33192,52961,109244,35645,326,0	6	13094
171725	141	158	185	13	14	0	0	3	3610	898	1999	676	1843	1	8	99	27	484	0,0,0,70,28,0	10371	0	89	162601	100995	69862	132666,133243,134706,139927,135155,133141,133137	0	7	25703,33192,52961,109245,35701,355,0	5	13080
171910	146	186	158	9	14	1	0	2	3419	898	2003	683	1973	4	5	86	23	491	0,0,0,66,32,0	10190	0	86	162620	101065	69862	132548,133125,134589,139858,135095,133066,133062	0	3	25703,33192,52961,109245,35748,390,0	6	13064
172113	137	201	174	9	9	1	0	2	3197	898	2005	689	1863	4	8	86	24	507	0,0,0,63,35,0	10259	0	75	162641	101121	69862	132425,133003,134469,139779,135026,132983,132977	0	1	25703,33192,52961,109246,35787,426,0	4	13050
172289	137	193	181	15	14	1	1	1	3006	898	2010	688	1752	12	3	82	21	521	0,0,0,60,38,0	19452	0	72	162662	101178	69862	132317,132894,134362,139710,134965,132908,132902	0	10	25703,33192,52961,109246,35824,464,0	4	13033
172456	145	201	185	18	16	1	1	1	2813	898	2011	697	2042	6	9	90	35	532	0,0,0,59,40,0	19466	0	88	162685	101246	69862	132207,132785,134256,139644,134909,132839,132833	0	4	25703,33192,52961,109246,35868,508,0	5	13011
172614	158	203	207	19	10	1	1	1	2620	898	2014	706	1920	8	10	97	40	559	0,0,0,56,43,0	10280	0	92	162705	101323	69862	132090,132668,134142,139570,134848,132764,132757	0	4	25703,33192,52961,109246,35913,558,0	6	12994
172706	182	205	204	20	8	2	1	0	2502	898	2018	677	1788	5	4	105	38	584	0,0,0,54,45,0	10291	0	105	162728	101412	69862	131983,132561,134036,139510,134797,132702,132694	0	6	25703,33192,52961,109247,35964,616,0	4	12974
172816	178	217	216	19	12	1	1	0	2366	898	2022	709	1949	8	10	105	42	602	0,0,0,52,47,0	10126	0	92	162747	101491	69862	131882,132460,133937,139441,134737,132631,132622	0	2	25703,33192,52961,109247,36005,670,0	7	12958
172883	182	224	226	15	17	0	1	0	2274	898	2026	704	1763	4	8	108	43	622	0,0,0,47,52,0	10104	0	102	162782	101567	69862	131789,132367,133845,139389,134693,132578,132568	0	5	25703,33192,52961,109247,36038,747,0	4	12928
172929	206	253	219	17	14	0	1	0	2172	898	2037	687	1988	6	7	107	43	667	0,0,0,46,53,0	10283	0	132	162824	101662	69862	131702,132280,133758,139349,134663,132537,132526	0	7	25703,33192,52961,109247,36091,827,0	7	12891
173010	224	244	234	19	17	0	1	0	2058	898	2041	663	1790	8	7	106	40	699	0,0,0,43,56,0	19427	0	123	162847	101766	69862	131617,132195,133673,139302,134625,132488,132477	0	6	25703,33192,52961,109247,36136,904,0	6	12873
173076	212	276	240	18	23	0	0	0	1956	899	2046	657	1742	8	6	109	35	734	0,0,0,42,57,0	19536	0	106	162879	101850	69862	131533,132109,133588,139259,134589,132444,132432	0	9	25703,33192,52961,109247,36182,972,0	10	12845
173086	210	311	250	15	25	0	0	0	1902	899	2048	667	2059	6	10	117	43	768	0,0,0,41,57,0	10150	0	134	162909	101960	69862	131452,132029,133509,139221,134559,132408,132394	0	6	25703,33192,52961,109248,36231,1055,0	10	12822
173081	263	309	279	18	29	1	0	0	1818	899	2049	671	1913	9	16	130	49	850	0,0,0,40,59,0	10236	0	165	162953	102086	69862	131376,131952,133432,139189,134535,132377,132361	0	12	25703,33192,52961,109248,36287,1164,0	6	12784
173068	297	316	299	15	22	1	0	0	1779	899	2050	664	1783	11	13	139	49	901	0,0,0,38,61,0	10139	0	162	162992	102215	69862	131308,131885,133365,139159,134512,132349,132332	0	10	25703,33192,52961,109248,36335,1283,0	6	12751
173037	310	365	309	17	16	1	0	0	1739	899	2053	672	1998	10	6	138	44	974	0,0,0,38,61,0	10129	0	187	163039	102360	69862	131248,131824,133304,139142,134504,132335,132316	0	14	25703,33192,52961,109248,36401,1402,0	7	12710
172988	331	399	341	22	18	2	0	0	1691	899	2055	658	1878	12	12	149	51	1062	0,0,0,35,63,0	10381	0	194	163087	102513	69862	131188,131765,133244,139127,134498,132323,132303	0	11	25703,33192,52961,109248,36458,1543,0	7	12672
172970	319	414	391	22	23	2	0	0	1645	899	2061	661	2095	10	9	156	54	1117	0,0,0,34,65,0	19635	0	162	163122	102647	69862	131128,131705,133184,139108,134487,132307,132285	0	10	25703,33192,52961,109248,36503,1666,0	8	12648
172910	299	442	396	30	32	2	0	0	1674	899	2062	668	1922	13	13	161	58	1143	0,0,0,34,65,0	19841	0	171	163164	102779	69862	131075,131652,133132,139091,134477,132294,132269	0	12	25703,33192,52961,109248,36559,1779,0	7	12610
172799	343	452	435	30	31	2	0	0	1685	899	2070	658	1780	21	16	176	71	1222	0,0,0,33,66,0	10166	0	226	163208	102969	69862	131024,131601,133080,139086,134481,132295,132269	0	10	25703,33192,52961,109248,36630,1934,0	8	12570
172676	387	486	454	31	31	3	0	0	1706	899	2073	671	1787	7	11	193	80	1312	0,0,0,33,66,0	10234	0	245	163274	103152	69862	130989,131566,133043,139103,134506,132319,132290	1	14	25703,33192,52961,109248,36701,2108,0	9	12519
172560	409	499	486	32	33	3	0	0	1748	899	2077	705	1781	10	13	195	70	1392	0,0,0,31,67,0	10459	0	237	163326	103341	69862	130948,131525,133000,139116,134525,132336,132305	1	13	25703,33192,52961,109248,36763,2281,0	8	12475
172436	421	550	521	32	37	2	0	0	1764	899	2084	691	2003	7	16	206	74	1489	0,0,0,30,69,0	10354	0	245	163396	103525	69862	130918,131494,132969,139131,134547,132359,132325	1	16	25703,33192,52961,109248,36815,2480,0	8	12422
172251	473	581	541	32	40	1	0	0	1838	899	2090	700	2006	19	23	208	72	1596	0,0,0,28,71,0	10224	0	307	163448	103784	69862	130896,131473,132944,139152,134579,132390,132354	1	13	25703,33192,52961,109248,36891,2709,0	13	12384
172121	475	622	546	35	43	1	0	0	1905	899	2099	665	1868	16	15	217	77	1645	0,0,0,27,72,0	19560	0	253	163502	103990	69862	130869,131445,132914,139176,134610,132421,132380	1	10	25703,33192,52961,109248,36948,2908,0	14	12341
171984	432	668	584	29	57	1	0	0	1988	899	2104	703	1962	14	27	234	92	1679	0,0,0,25,74,0	19941	0	259	163564	104189	69862	130838,131415,132882,139200,134640,132452,132408	1	22	25703,33192,52961,109248,36994,3119,0	15	12290
171774	489	651	647	29	63	1	0	0	2081	899	2112	709	1955	19	25	250	99	1781	0,0,0,24,75,0	10305	0	318	163636	104445	69862	130820,131397,132860,139244,134692,132506,132459	1	20	25703,33192,52961,109248,37054,3379,0	15	12234
171580	553	646	681	34	69	1	0	0	2166	899	2117	707	1913	24	22	275	107	1877	0,0,0,23,76,0	10285	0	325	163710	104707	69862	130806,131383,132842,139293,134751,132567,132515	1	17	25703,33192,52961,109248,37120,3642,0	16	12171
171395	529	699	705	34	71	2	1	0	2288	899	2123	716	1988	21	32	309	128	1913	0,0,0,23,76,0	10526	0	306	163781	104945	69862	130799,131377,132833,139334,134798,132616,132560	1	14	25703,33192,52961,109248,37184,3881,0	17	12118
171198	552	747	692	41	64	2	1	0	2423	899	2127	722	1924	15	18	314	121	1978	0,0,0,21,78,0	10393	0	335	163852	105214	69862	130789,131367,132821,139380,134849,132673,132611	1	15	25703,33192,52961,109248,37247,4152,0	20	12059
170981	587	800	702	55	64	2	0	1	2519	899	2136	701	1959	15	30	332	129	2081	0,0,0,20,79,0	10436	0	364	163928	105509	69862	130775,131352,132802,139439,134917,132745,132678	1	17	25703,33192,52961,109248,37309,4457,0	21	11991
170798	584	784	750	52	69	3	0	1	2662	899	2144	695	1931	22	23	335	119	2123	0,0,0,19,80,0	19768	0	315	164003	105753	69862	130758,131334,132783,139493,134977,132808,132736	1	23	25703,33192,52961,109248,37354,4726,0	25	11930
170636	566	788	828	52	63	5	0	1	2762	899	2146	700	2017	30	24	345	124	2178	0,0,0,18,81,0	19832	0	323	164071	106016	69862	130740,131317,132764,139536,135027,132863,132784	1	21	25703,33192,52961,109248,37396,5011,0	27	11871
170398	613	826	830	50	65	5	1	1	2904	899	2154	688	2079	19	22	359	143	2247	0,0,0,17,82,0	10469	0	385	164142	106340	69862	130730,131308,132751,139598,135098,132941,132854	1	15	25703,33192,52961,109248,37453,5347,0	28	11811
170216	640	829	837	62	62	5	1	1	3033	899	2161	666	1999	29	24	372	138	2298	0,0,0,16,83,0	10364	0	353	164224	106617	69862	130720,131297,132739,139657,135165,133012,132918	1	17	25703,33192,52961,109248,37502,5652,0	24	11739
170016	620	873	864	61	66	5	1	1	3176	899	2164	654	1881	19	28	387	149	2341	0,0,0,16,83,0	10593	0	369	164307	106910	69862	130712,131288,132728,139724,135241,133092,132991	1	14	25703,33192,52961,109248,37561,5966,0	22	11675
169824	631	899	868	71	69	4	1	1	3313	899	2166	670	1919	13	33	387	150	2393	0,0,0,15,84,0	10551	0	374	164380	107221	69862	130695,131272,132708,139780,135307,133164,133054	1	23	25703,33192,52961,109248,37611,6293,0	21	11612
169654	648	934	867	78	67	8	1	1	3418	899	2171	673	1967	26	33	396	140	2463	0,0,0,14,85,0	10528	0	389	164455	107539	69862	130683,131259,132694,139845,135380,133245,133125	1	29	25703,33192,52961,109248,37663,6628,0	26	11552
169538	613	892	943	77	67	8	1	1	3536	899	2171	685	1971	21	30	403	138	2463	0,0,0,14,85,0	19879	0	326	164528	107801	69862	130656,131233,132663,139895,135435,133308,133179	1	14	25703,33192,52961,109248,37694,6924,0	30	11489
169450	537	890	994	72	60	8	1	0	3662	899	2173	703	2027	31	36	416	143	2419	0,0,0,13,86,0	19849	0	293	164596	108037	69862	130630,131207,132636,139932,135477,133357,133218	1	22	25703,33192,52961,109248,37733,7186,0	34	11434
169287	563	865	999	67	73	8	0	0	3805	900	2179	659	2002	16	33	431	158	2417	0,0,0,13,86,0	10535	0	356	164670	108326	69862	130617,131194,132620,139983,135533,133424,133275	1	16	25703,33192,52961,109248,37769,7510,0	31	11376
169211	604	786	996	65	61	10	0	0	3928	900	2185	665	1992	30	31	434	143	2379	0,0,0,12,87,0	10571	0	322	164723	108599	69862	130573,131150,132575,140008,135566,133464,133303	1	21	25703,33192,52961,109248,37796,7807,0	27	11330
169144	557	822	938	60	58	8	0	0	4072	900	2187	671	1770	15	32	459	150	2293	0,0,0,11,88,0	10592	0	298	164784	108842	69862	130533,131109,132533,140038,135601,133507,133336	1	12	25703,33192,52961,109248,37828,8076,0	27	11276
169053	548	822	917	61	63	7	1	0	4185	900	2189	662	1986	24	21	447	148	2271	0,0,0,10,89,0	10584	0	326	164836	109122	69862	130492,131065,132488,140070,135639,133555,133371	1	17	25703,33192,52961,109248,37852,8382,0	25	11237
168966	537	808	914	50	64	7	1	0	4307	900	2192	675	1911	26	20	448	135	2246	0,0,0,9,90,0	10489	0	316	164898	109380	69862	130457,131030,132452,140102,135675,133600,133406	1	20	25703,33192,52961,109248,37879,8669,0	19	11187
168947	506	763	929	50	69	7	0	1	4377	900	2197	645	2125	21	21	436	138	2186	0,0,0,9,90,0	19625	0	274	164963	109594	69862	130410,130982,132407,140127,135705,133639,133433	1	14	25703,33192,52961,109248,37904,8921,0	16	11128
168937	453	761	867	50	60	6	1	1	4509	900	2201	649	1906	15	25	426	129	2069	0,0,0,9,90,0	19768	0	230	165003	109789	69862	130349,130922,132346,140130,135712,133654,133437	1	13	25703,33192,52961,109248,37916,9137,0	17	11091
168920	422	764	838	45	62	6	1	1	4581	900	2206	597	1871	19	27	417	126	2012	0,0,0,8,91,0	10589	0	271	165059	110009	69862	130293,130865,132291,140140,135726,133680,133448	1	13	25703,33192,52961,109248,37942,9385,0	17	11045
168954	414	705	827	49	59	4	1	0	4624	900	2209	617	1856	20	34	405	127	1932	0,0,0,8,91,0	10527	0	242	165108	110210	69862	130231,130803,132229,140147,135734,133699,133453	1	12	25703,33192,52961,109248,37959,9615,0	18	11008
169009	394	638	832	59	48	4	1	0	4648	901	2212	615	1975	16	20	384	113	1863	0,0,0,7,92,0	10398	0	229	165152	110399	69862	130158,130730,132156,140143,135732,133709,133448	1	15	25703,33192,52961,109248,37971,9835,0	12	10977
169082	392	591	800	52	51	3	0	1	4653	901	2220	629	2004	15	21	368	113	1776	0,0,0,7,92,0	10433	0	216	165196	110576	69862	130082,130653,132081,140129,135722,133711,133434	1	9	25703,33192,52961,109248,37981,10044,0	12	10942
169175	390	533	761	50	47	2	0	1	4662	901	2224	630	1887	11	28	362	105	1678	0,0,0,7,92,0	10353	0	194	165229	110749	69862	129995,130567,131998,140111,135706,133706,133415	1	9	25703,33192,52961,109248,37988,10241,0	9	10916
169267	329	566	699	48	32	2	0	1	4675	901	2226	648	1889	7	19	345	97	1579	0,0,0,6,93,0	19703	0	168	165271	110881	69862	129922,130494,131926,140100,135695,133705,133400	1	8	25703,33192,52961,109248,38002,10397,0	9	10880
169400	309	499	701	53	39	3	0	1	4611	901	2229	627	1839	16	11	323	82	1522	0,0,0,6,93,0	19795	0	154	165303	111010	69862	129831,130403,131839,140075,135669,133692,133371	1	10	25703,33192,52961,109248,38005,10554,0	10	10853
169487	318	490	651	51	38	3	0	1	4570	901	2236	625	1953	14	18	312	89	1462	0,0,0,5,94,0	10497	0	196	165329	111184	69862	129738,130309,131746,140045,135642,133676,133340	1	15	25703,33192,52961,109248,38012,10745,0	9	10833
169585	340	481	579	46	39	3	0	1	4532	901	2239	637	1977	17	21	308	93	1395	0,0,0,5,94,0	10351	0	184	165367	111336	69862	129653,130224,131662,140030,135626,133674,133322	1	7	25703,33192,52961,109248,38024,10922,0	8	10805
169722	309	460	582	35	37	2	0	1	4458	901	2239	653	1922	10	20	309	100	1325	0,0,0,5,94,0	10342	0	153	165394	111470	69862	129557,130129,131569,139992,135589,133650,133281	1	5	25703,33192,52961,109248,38031,11073,0	7	10783
169840	290	457	561	32	39	3	0	1	4380	901	2242	642	1931	10	14	300	94	1288	0,0,0,4,95,0	10455	0	176	165434	111609	69862	129461,130032,131474,139971,135570,133643,133258	0	7	25703,33192,52961,109248,38037,11244,0	11	10749
169968	290	428	542	31	28	5	0	1	4308	901	2244	610	2026	14	24	281	83	1241	0,0,0,4,95,0	10563	0	158	165460	111743	69862	129361,129933,131377,139932,135530,133617,133215	1	11	25703,33192,52961,109248,38041,11397,0	20	10728
170132	258	428	516	30	27	4	0	1	4204	901	2245	634	1893	8	12	270	78	1185	0,0,0,4,95,0	19484	0	123	165486	111847	69862	129265,129837,131284,139897,135492,133592,133174	0	11	25703,33192,52961,109248,38045,11522,0	19	10706
170331	215	390	508	27	26	2	0	1	4096	901	2249	643	1989	14	11	249	70	1098	0,0,0,4,95,0	19634	0	100	165502	111935	69862	129151,129723,131173,139848,135440,133553,133119	0	8	25703,33192,52961,109248,38049,11620,0	14	10693
170446	220	363	476	25	28	2	0	1	4031	901	2253	614	1948	9	8	235	68	1046	0,0,0,3,96,0	10301	0	137	165517	112062	69862	129052,129625,131076,139797,135388,133514,133066	0	5	25703,33192,52961,109248,38051,11758,0	10	10681
170588	238	345	440	25	26	2	0	1	3926	901	2254	628	1847	5	20	244	70	1006	0,0,0,3,96,0	10253	0	135	165542	112177	69862	128957,129529,130981,139758,135348,133486,133022	0	4	25703,33192,52961,109248,38060,11887,0	11	10661
170755	201	346	415	22	26	1	0	0	3824	901	2255	628	1780	4	11	237	66	945	0,0,0,3,96,0	10138	0	105	165568	112258	69862	128852,129424,130879,139714,135302,133453,132973	0	4	25703,33192,52961,109248,38062,11990,0	8	10639
170849	227	327	387	20	25	1	0	0	3754	901	2255	624	1803	7	10	219	55	932	0,0,0,3,96,0	10201	0	148	165594	112386	69862	128761,129332,130788,139689,135275,133437,132943	0	7	25703,33192,52961,109248,38069,12134,0	8	10616
170954	249	324	360	25	23	1	1	0	3647	901	2261	614	1949	8	9	199	52	931	0,0,0,3,96,0	10296	0	138	165631	112498	69862	128669,129241,130697,139661,135247,133420,132912	0	3	25703,33192,52961,109248,38073,12275,0	7	10584
171121	218	304	336	32	26	2	1	0	3541	901	2264	625	1951	7	13	187	51	868	0,0,0,3,96,0	19636	0	78	165640	112574	69862	128564,129134,130593,139603,135188,133372,132850	0	2	25703,33192,52961,109248,38074,12358,0	7	10576
171282	168	314	329	30	22	1	0	1	3428	901	2270	639	1872	10	15	181	53	811	0,0,0,3,96,0	19730	0	82	165653	112651	69862	128461,129032,130493,139552,135137,133332,132796	0	2	25703,33192,52961,109248,38075,12445,0	8	10567
171406	164	292	317	31	30	1	0	1	3331	901	2272	648	1792	3	8	168	56	779	0,0,0,3,96,0	10408	0	97	165670	112736	69862	128356,128927,130390,139499,135083,133287,132738	0	0	25703,33192,52961,109248,38080,12538,0	9	10554
171505	171	276	332	32	26	1	0	1	3223	901	2278	608	1800	5	16	169	53	785	0,0,0,2,97,0	10321	0	106	165687	112836	69862	128249,128821,130283,139454,135037,133253,132691	0	4	25703,33192,52961,109248,38081,12652,0	8	10539
171635	176	247	337	32	24	0	0	1	3113	901	2280	625	1785	5	13	170	44	772	0,0,0,2,97,0	10179	0	97	165713	112910	69862	128151,128723,130187,139412,134994,133220,132645	0	8	25703,33192,52961,109248,38082,12751,0	5	10519
171746	167	238	318	27	23	0	0	1	3042	901	2283	649	1873	5	11	168	41	732	0,0,0,2,97,0	10098	0	86	165735	112983	69862	128054,128626,130091,139368,134948,133184,132598	0	5	25703,33192,52961,109248,38083,12843,0	2	10500
171871	143	247	289	19	21	2	0	1	2965	901	2287	639	1836	3	9	155	37	684	0,0,0,2,97,0	10222	0	73	165749	113044	69862	127949,128522,129988,139311,134889,133135,132537	0	1	25703,33192,52961,109248,38086,12915,0	2	10487
172014	123	233	283	17	17	2	0	1	2866	901	2289	618	1816	5	8	147	32	643	0,0,0,2,97,0	19507	0	65	165762	113101	69862	127849,128422,129890,139259,134835,133090,132481	0	1	25703,33192,52961,109248,38087,12984,0	4	10476
172161	126	215	274	16	16	2	0	1	2743	901	2291	609	1750	3	6	146	31	618	0,0,0,2,97,0	19441	0	75	165780	113162	69862	127750,128323,129793,139214,134787,133053,132431	0	1	25703,33192,52961,109248,38088,13061,0	4	10460
172297	130	214	244	13	15	1	0	1	2637	901	2293	616	1927	1	7	140	29	588	0,0,0,2,97,0	10311	0	78	165799	113225	69862	127641,128215,129687,139160,134731,133008,132373	0	3	25703,33192,52961,109248,38088,13141,0	3	10441
172422	122	187	239	11	17	1	0	0	2551	901	2295	647	1777	2	8	134	29	548	0,0,0,1,98,0	10093	0	55	165812	113272	69862	127533,128108,129581,139100,134669,132955,132309	0	1	25703,33192,52961,109248,38088,13199,0	3	10431
172518	117	186	244	11	14	2	1	0	2453	901	2299	656	1993	4	8	122	31	544	0,0,0,1,98,0	10168	0	69	165830	113329	69862	127432,128008,129483,139049,134617,132912,132255	0	5	25703,33192,52961,109248,38090,13270,0	5	10415
172626	122	178	228	11	16	1	1	0	2359	901	2303	633	1782	0	3	116	24	533	0,0,0,1,98,0	10108	0	72	165847	113386	69862	127329,127904,129381,138998,134563,132868,132200	0	3	25703,33192,52961,109248,38090,13342,0	6	10401
172724	121	165	227	10	17	0	1	0	2274	901	2306	617	1785	5	8	105	21	520	0,0,0,0,99,0	10149	0	63	165861	113437	69862	127227,127803,129281,138943,134509,132821,132143	0	5	25703,33192,52961,109248,38090,13406,0	5	10387
172836	116	168	213	14	13	0	1	0	2178	901	2306	622	1730	8	10	99	26	499	0,0,0,0,99,0	19520	0	53	165870	113488	69862	127130,127706,129186,138888,134450,132772,132084	0	1	25703,33192,52961,109248,38090,13466,0	4	10379
172946	98	175	191	14	8	1	0	1	2103	901	2308	633	1959	0	5	98	29	458	0,0,0,1,98,0	19382	0	51	165886	113527	69862	127038,127615,129095,138840,134400,132730,132032	0	4	25703,33192,52961,109248,38090,13519,0	4	10364
173048	100	161	180	14	9	1	0	1	2019	901	2312	635	1808	6	4	89	26	439	0,0,0,0,99,0	10215	0	50	165897	113570	69862	126930,127507,128988,138781,134339,132678,131969	0	3	25703,33192,52961,109248,38090,13572,0	6	10356
173131	116	157	169	13	10	1	0	1	1932	901	2315	663	1764	3	5	88	26	440	0,0,0,0,99,0	10141	0	70	165910	113629	69862	126838,127416,128897,138727,134284,132630,131913	0	7	25703,33192,52961,109248,38090,13642,0	6	10346
173222	116	142	170	11	14	1	1	1	1846	901	2321	650	1848	6	5	87	21	434	0,0,0,0,99,0	10220	0	50	165918	113679	69862	126741,127319,128802,138666,134222,132576,131850	0	3	25703,33192,52961,109248,38090,13699,0	5	10338
173332	103	156	155	13	16	1	1	1	1740	901	2327	630	1936	2	8	90	29	416	0,0,0,0,99,0	10196	0	51	165929	113724	69862	126638,127218,128702,138607,134162,132524,131788	0	4	25703,33192,52961,109248,38090,13754,0	5	10328
173422	84	153	155	11	12	1	1	1	1673	901	2332	648	1801	3	8	90	27	390	0,0,0,0,99,0	10116	0	39	165939	113760	69862	126539,127119,128603,138549,134103,132472,131727	0	6	25703,33192,52961,109248,38090,13798,0	6	10318
173500	90	153	162	12	14	2	0	2	1577	901	2333	614	1921	6	1	80	26	407	0,0,0,0,99,0	19385	0	62	165954	113812	69862	126452,127033,128518,138504,134056,132433,131679	0	6	25703,33192,52961,109248,38090,13864,0	6	10306
173564	99	130	159	14	16	2	0	2	1521	901	2338	648	1855	6	5	84	25	395	0,0,0,0,100,0	19429	0	48	165966	113853	69862	126370,126952,128437,138454,134006,132389,131628	0	1	25703,33192,52961,109248,38090,13916,0	4	10296
173654	94	124	165	17	14	2	0	2	1432	901	2341	638	1794	6	13	95	34	382	0,0,0,0,100,0	10099	0	47	165975	113897	69862	126265,126847,128332,138392,133943,132334,131564	0	3	25703,33192,52961,109248,38090,13969,0	7	10289
173720	83	132	150	13	14	2	1	2	1383	901	2345	660	1818	7	5	91	35	360	0,0,0,0,100,0	10246	0	41	165983	113933	69862	126168,126751,128235,138332,133881,132279,131501	0	0	25703,33192,52961,109248,38090,14012,0	7	10281
173766	75	131	151	15	12	2	1	2	1340	901	2350	644	1795	2	3	89	37	350	0,0,0,0,100,0	10112	0	43	165989	113974	69862	126079,126663,128146,138274,133822,132225,131442	0	2	25703,33192,52961,109248,38090,14059,0	7	10277
173826	78	120	154	12	10	3	1	2	1280	901	2359	639	1754	4	4	88	28	350	0,0,0,0,100,0	10168	0	42	166001	114013	69862	125988,126571,128056,138219,133767,132176,131386	0	4	25703,33192,52961,109248,38090,14109,0	6	10267
173854	85	125	125	13	7	3	0	3	1264	901	2366	640	1787	0	5	86	28	330	0,0,0,0,100,0	10100	0	47	166011	114059	69862	125905,126488,127973,138171,133718,132133,131337	0	2	25703,33192,52961,109248,38090,14164,0	8	10258
173923	73	111	123	8	8	1	1	3	1226	901	2368	651	1801	6	1	77	17	308	0,0,0,0,100,0	19523	0	22	166015	114079	69862	125813,126396,127883,138111,133657,132077,131275	0	2	25703,33192,52961,109248,38090,14188,0	7	10254
173978	53	107	137	9	9	1	1	3	1176	901	2371	660	1795	2	3	73	22	295	0,0,0,0,100,0	19439	0	29	166022	114105	69862	125726,126310,127795,138060,133604,132029,131221	0	2	25703,33192,52961,109248,38090,14221,0	7	10248
174000	67	104	117	8	6	1	0	3	1163	901	2376	648	1892	0	5	66	20	283	0,0,0,0,100,0	9949	0	43	166024	114152	69862	125635,126219,127705,137999,133543,131971,131160	0	1	25703,33192,52961,109248,38090,14270,0	6	10246
174035	77	91	114	7	5	1	0	2	1130	901	2383	653	1759	2	4	67	20	275	0,0,0,0,100,0	10077	0	37	166029	114190	69862	125543,126127,127614,137942,133484,131918,131101	0	5	25703,33192,52961,109248,38090,14313,0	6	10241
174063	66	100	122	8	7	1	0	1	1089	901	2388	664	1792	2	4	63	19	285	0,0,0,0,100,0	10236	0	35	166032	114226	69862	125458,126043,127530,137883,133427,131864,131043	0	3	25703,33192,52961,109248,38090,14352,0	5	10239
174085	77	92	109	10	6	1	0	1	1072	901	2392	699	1754	2	2	52	16	279	0,0,0,0,100,0	9948	0	37	166040	114262	69862	125370,125956,127443,137832,133375,131815,130990	0	2	25703,33192,52961,109248,38090,14395,0	5	10231
174143	77	89	103	11	7	1	0	1	1021	901	2392	683	1789	5	3	49	18	270	0,0,0,0,100,0	10061	0	36	166045	114294	69862	125275,125860,127348,137769,133310,131756,130925	0	3	25703,33192,52961,109248,38090,14431,0	3	10226
174180	71	95	108	7	8	2	0	1	976	901	2397	692	2017	1	3	52	23	268	0,0,0,0,100,0	19310	0	32	166056	114322	69862	125192,125777,127266,137720,133260,131712,130876	0	1	25703,33192,52961,109248,38090,14469,0	1	10218
174227	63	84	102	6	6	2	0	0	949	901	2406	702	1864	0	6	53	19	244	0,0,0,0,100,0	19238	0	22	166061	114344	69862	125109,125695,127184,137666,133206,131661,130820	0	0	25703,33192,52961,109248,38090,14496,0	3	10215
174267	58	88	103	8	7	0	0	0	905	901	2409	679	1671	2	4	52	15	249	0,0,0,0,100,0	10184	0	35	166069	114373	69862	125016,125603,127093,137607,133145,131606,130759	0	3	25703,33192,52961,109248,38090,14533,0	0	10208
174301	61	93	96	5	7	1	0	0	871	901	2410	684	1997	2	3	54	13	250	0,0,0,0,100,0	10299	0	26	166075	114402	69862	124929,125515,127006,137551,133088,131552,130701	0	0	25703,33192,52961,109248,38090,14567,0	0	10204
174317	65	88	94	4	10	0	0	0	850	901	2417	663	1789	0	2	47	11	250	0,0,0,0,100,0	10193	0	36	166079	114439	69862	124845,125431,126923,137497,133034,131502,130647	0	5	25703,33192,52961,109248,38090,14608,0	0	10200
174357	55	105	91	4	8	0	0	0	805	901	2420	681	1824	2	3	44	10	253	0,0,0,0,100,0	10237	0	31	166082	114471	69862	124753,125340,126831,137436,132972,131445,130586	0	1	25703,33192,52961,109248,38090,14642,0	0	10198
174362	61	90	102	7	7	0	0	0	789	901	2427	706	1826	2	3	44	10	257	0,0,0,0,100,0	10097	0	33	166091	114505	69862	124673,125260,126752,137385,132921,131397,130534	0	2	25703,33192,52961,109248,38090,14683,0	0	10190
174384	60	72	111	8	8	0	0	0	770	901	2432	712	1785	1	6	46	11	248	0,0,0,0,100,0	19395	0	24	166092	114533	69862	124593,125180,126672,137331,132866,131346,130480	0	1	25703,33192,52961,109248,38090,14712,0	1	10190
174403	60	74	103	5	6	1	0	0	759	901	2434	675	1898	0	6	51	13	236	0,0,0,0,100,0	19405	0	29	166100	114558	69862	124515,125102,126595,137282,132817,131299,130430	0	1	25703,33192,52961,109248,38090,14743,0	2	10183
174419	56	79	101	4	3	1	0	0	745	901	2437	673	1771	2	2	48	11	233	0,0,0,0,100,0	10117	0	28	166106	114584	69862	124427,125013,126507,137224,132759,131245,130372	0	1	25703,33192,52961,109248,38090,14775,0	2	10178
