S	E	I1	I2	I3	I4	I5_h	I6_h	R_h	R	D1	D2	H	T	P1	P2	Q	QT	NQ	MUT	HOM	VAC	NI	INF	REINF	BSTR	IMM	HCI	HCE	INFV	INFH	VNI
178063	124	130	53	52	44	6	2	0	270	2	0	203	0	0	0	64	64	347	0,0,0,0,0,0	178744	0	0	411	0	0	683,683,683,683,683,683,683	0	0	0,0,0,0,0,0,0	0	0
178000	96	200	63	47	46	7	2	0	282	2	1	353	317	0	79	139	72	389	0,0,0,0,0,0	12613	0	74	485	0	0	746,746,746,746,746,746,746	0	6	74,0,0,0,0,0,0	7	0
177909	116	223	78	55	49	8	2	0	301	2	3	421	271	0	16	327	81	450	0,0,0,0,0,0	12845	0	97	583	0	0	837,837,837,837,837,837,837	0	9	172,0,0,0,0,0,0	12	0
177824	133	244	82	59	53	11	2	1	326	2	9	485	293	0	20	491	102	482	0,0,0,0,0,0	13002	0	93	676	0	0	922,922,922,922,922,922,922	0	15	265,0,0,0,0,0,0	16	0
177739	140	278	94	60	56	12	5	1	349	2	10	534	253	0	20	612	118	527	0,0,0,0,0,0	25421	0	101	777	0	0	1010,1010,1010,1010,1010,1010,1010	0	5	366,0,0,0,0,0,0	24	0
177680	161	269	114	64	59	15	6	1	365	2	10	593	264	1	21	725	146	542	0,0,0,0,0,0	25288	0	87	864	0	0	1076,1076,1076,1076,1076,1076,1076	0	8	453,0,0,0,0,0,0	26	0
177605	166	281	129	75	62	17	7	1	388	2	13	634	249	4	29	880	179	558	0,0,0,0,0,0	13499	0	100	962	3	0	1155,1155,1155,1155,1155,1155,1155	0	12	554,0,0,0,0,0,0	31	0
177531	151	299	134	87	75	17	10	1	424	2	15	647	251	3	27	1092	207	566	0,0,0,0,0,0	13733	0	95	1057	3	0	1236,1235,1235,1234,1234,1234,1234	0	8	649,0,0,0,0,0,0	36	0
177432	161	323	150	87	72	17	13	1	467	2	21	680	251	0	34	1370	261	562	0,0,0,0,0,0	14113	0	114	1172	3	0	1343,1342,1342,1340,1340,1340,1340	1	9	764,0,0,0,0,0,0	40	0
177316	191	334	160	93	72	17	15	1	519	2	26	674	241	2	27	1667	301	581	0,0,0,0,0,0	14540	0	132	1303	6	0	1463,1462,1462,1460,1460,1460,1460	1	14	898,0,0,0,0,0,0	40	0
177218	178	361	176	98	81	19	14	2	568	2	29	672	96	2	30	1791	305	622	0,0,0,0,0,0	14574	0	117	1419	7	0	1569,1567,1567,1564,1564,1564,1564	1	9	1015,0,0,0,0,0,0	49	0
177132	155	373	207	99	76	17	16	2	635	3	31	699	251	2	27	1796	328	615	0,0,0,0,0,0	26439	0	101	1518	9	0	1664,1662,1662,1656,1656,1656,1656	1	8	1116,0,0,0,0,0,0	54	0
177026	171	359	244	102	91	18	16	2	676	4	37	703	219	0	26	1839	343	658	0,0,0,0,0,0	26680	0	131	1647	11	0	1783,1781,1781,1773,1773,1773,1773	1	6	1247,0,0,0,0,0,0	63	0
176934	182	349	247	101	100	18	18	3	749	4	41	695	243	2	30	2185	338	677	0,0,0,0,0,0	14796	0	125	1772	13	0	1897,1893,1893,1881,1881,1881,1881	1	16	1374,0,0,0,0,0,0	72	0
176824	201	361	240	112	101	18	20	3	817	4	45	698	252	2	40	2369	348	705	0,0,0,0,0,0	15260	0	148	1920	16	0	2034,2028,2028,2007,2007,2007,2007	1	15	1525,0,0,0,0,0,0	79	0
176715	209	388	233	109	109	20	19	4	888	5	47	699	220	0	38	2554	369	718	0,0,0,0,0,0	15371	0	139	2059	17	0	2162,2155,2155,2128,2128,2128,2128	1	19	1665,0,0,0,0,0,0	75	0
176587	223	435	229	95	107	25	17	5	960	7	56	687	257	2	32	2734	381	750	0,0,0,0,0,0	15387	0	161	2219	18	0	2318,2308,2308,2273,2273,2273,2273	1	20	1826,0,0,0,0,0,0	75	0
176496	211	472	241	109	114	21	14	7	994	8	59	705	88	2	35	2999	409	773	0,0,0,0,0,0	15752	0	149	2367	19	0	2449,2436,2436,2389,2389,2389,2389	1	19	1975,0,0,0,0,0,0	74	0
176413	216	482	253	106	115	24	15	5	1048	8	61	701	227	3	28	3131	389	822	0,0,0,0,0,0	27741	0	147	2514	20	0	2579,2562,2562,2499,2499,2499,2499	2	17	2123,0,0,0,0,0,0	74	0
176323	217	476	268	118	113	27	14	4	1109	9	68	687	251	1	29	3315	390	843	0,0,0,0,0,0	27785	0	137	2647	24	0	2697,2677,2677,2607,2607,2607,2607	1	7	2258,0,0,0,0,0,0	75	0
176223	225	460	301	114	126	23	16	3	1174	9	72	702	88	0	43	3449	397	868	0,0,0,0,0,0	16462	0	158	2805	25	0	2842,2817,2817,2732,2732,2732,2732	1	6	2416,0,0,0,0,0,0	60	0
176131	239	454	304	114	132	21	15	4	1247	9	76	705	251	3	47	3355	401	878	0,0,0,0,0,0	16312	0	155	2960	26	0	2983,2954,2954,2851,2851,2851,2851	1	16	2572,0,0,0,0,0,0	57	0
176010	256	491	299	120	122	23	15	4	1318	10	78	685	307	2	42	3747	426	900	0,0,0,0,0,0	16552	0	186	3145	28	0	3155,3121,3121,3001,3001,3001,3001	1	14	2758,0,0,0,0,0,0	57	0
175907	284	493	313	136	121	24	16	3	1355	10	84	698	249	1	47	3763	441	946	0,0,0,0,0,0	16938	0	183	3326	30	0	3327,3287,3287,3143,3143,3143,3143	2	12	2940,0,0,0,0,0,0	56	0
175818	271	537	328	127	124	28	17	2	1393	12	89	692	266	2	37	3703	439	993	0,0,0,0,0,0	16649	0	177	3503	30	0	3492,3444,3444,3273,3273,3273,3273	2	10	3117,0,0,0,0,0,0	59	0
175739	244	558	329	133	122	29	16	2	1467	15	92	690	270	2	47	3768	447	984	0,0,0,0,0,0	28003	0	150	3651	32	0	3633,3578,3578,3385,3385,3385,3385	2	11	3265,0,0,0,0,0,0	65	0
175627	246	585	326	156	121	31	14	4	1527	17	92	663	150	0	32	3650	454	1025	0,0,0,0,0,0	28424	0	190	3838	35	0	3808,3748,3748,3532,3532,3532,3532	2	11	3453,0,0,0,0,0,0	66	0
175493	286	592	342	156	129	32	14	4	1585	17	96	664	273	2	53	3220	466	1085	0,0,0,0,0,0	16887	0	214	4053	36	0	4017,3949,3949,3707,3707,3707,3707	2	21	3668,0,0,0,0,0,0	73	0
175349	305	606	373	179	142	33	13	5	1623	19	99	678	316	0	46	3197	494	1157	0,0,0,0,0,0	16236	0	227	4280	37	0	4231,4156,4156,3888,3888,3888,3888	2	24	3895,0,0,0,0,0,0	69	0
175221	320	639	370	170	147	36	15	5	1702	19	102	653	236	5	56	3449	507	1190	0,0,0,0,0,0	16243	0	224	4501	41	0	4442,4358,4358,4061,4061,4061,4061	2	16	4118,0,0,0,0,0,0	78	0
175088	340	675	381	162	151	41	15	4	1762	21	106	666	253	3	50	3677	520	1245	0,0,0,0,0,0	16538	0	237	4737	43	0	4669,4576,4576,4243,4243,4243,4243	2	21	4354,0,0,0,0,0,0	75	0
174927	383	667	408	189	176	40	16	3	1807	21	109	660	343	3	61	3856	560	1319	0,0,0,0,0,0	16733	0	265	5001	46	0	4925,4822,4822,4453,4453,4453,4453	2	27	4619,0,0,0,0,0,0	78	0
174822	376	686	398	198	178	43	20	2	1890	21	112	638	241	1	50	3661	577	1322	0,0,0,0,0,0	28296	0	199	5200	48	0	5116,5004,5004,4603,4603,4603,4603	2	13	4818,0,0,0,0,0,0	80	0
174724	358	695	399	208	203	48	24	2	1950	21	114	647	257	5	61	3874	610	1325	0,0,0,0,0,0	27994	0	208	5413	48	0	5319,5196,5196,4756,4756,4756,4756	2	14	5031,0,0,0,0,0,0	96	0
174590	338	749	427	213	196	49	24	2	2018	22	118	641	264	3	87	4054	663	1333	0,0,0,0,0,0	17278	0	246	5659	48	0	5557,5423,5423,4944,4944,4944,4944	2	18	5277,0,0,0,0,0,0	98	0
174453	363	772	444	209	199	45	24	2	2090	24	121	605	267	3	65	4264	669	1387	0,0,0,0,0,0	17058	0	263	5921	51	0	5810,5664,5664,5140,5140,5140,5140	3	27	5541,0,0,0,0,0,0	90	0
174270	416	815	436	200	196	48	30	2	2180	25	128	620	308	2	79	4609	723	1418	0,0,0,0,0,0	17124	0	309	6230	52	0	6111,5952,5952,5384,5384,5384,5384	3	23	5850,0,0,0,0,0,0	98	0
174124	452	813	470	205	206	48	25	2	2241	30	130	598	318	5	68	4870	725	1494	0,0,0,0,0,0	17590	0	283	6514	52	0	6383,6212,6212,5595,5595,5595,5595	3	22	6134,0,0,0,0,0,0	114	0
173990	450	828	515	224	196	53	22	3	2297	33	135	627	255	2	64	5138	722	1566	0,0,0,0,0,0	17876	0	277	6791	53	0	6654,6468,6468,5799,5799,5799,5799	3	22	6411,0,0,0,0,0,0	112	0
173839	430	890	516	226	211	59	22	3	2376	35	139	583	241	3	66	5161	739	1615	0,0,0,0,0,0	29620	0	289	7082	55	0	6937,6737,6737,6018,6018,6018,6018	3	19	6702,0,0,0,0,0,0	112	0
173698	421	905	526	260	232	60	24	1	2441	36	142	573	280	3	70	5376	781	1647	0,0,0,0,0,0	29569	0	283	7362	60	0	7207,6994,6994,6226,6226,6226,6226	3	14	6982,0,0,0,0,0,0	117	0
173549	427	938	554	254	237	57	24	0	2520	38	148	555	270	4	84	5486	820	1671	0,0,0,0,0,0	18822	0	309	7673	60	0	7508,7278,7278,6452,6452,6452,6452	3	19	7293,0,0,0,0,0,0	112	0
173402	459	944	568	265	232	63	24	1	2595	39	154	554	278	3	63	5568	800	1755	0,0,0,0,0,0	18324	0	320	7994	61	0	7816,7569,7569,6682,6682,6682,6682	3	25	7614,0,0,0,0,0,0	117	0
173215	491	983	564	269	238	62	20	2	2700	43	159	553	229	4	101	5902	817	1810	0,0,0,0,0,0	18367	0	341	8335	61	0	8148,7886,7886,6943,6943,6943,6943	3	29	7955,0,0,0,0,0,0	117	0
173037	495	1034	568	261	258	62	20	2	2801	44	164	572	317	4	85	5803	847	1851	0,0,0,0,0,0	18725	0	340	8673	64	0	8477,8200,8200,7199,7199,7199,7199	3	34	8293,0,0,0,0,0,0	118	0
172834	513	1097	584	261	278	62	19	2	2881	45	170	552	314	2	84	6355	876	1938	0,0,0,0,0,0	19039	0	377	9046	70	0	8843,8548,8548,7485,7485,7485,7485	3	34	8666,0,0,0,0,0,0	108	0
172691	508	1112	613	271	301	64	25	2	2938	45	176	536	253	4	87	6167	916	1978	0,0,0,0,0,0	30667	0	323	9371	71	0	9161,8848,8848,7717,7717,7717,7717	3	22	8991,0,0,0,0,0,0	132	0
172532	505	1123	602	285	316	66	25	2	3063	48	179	519	312	2	82	6024	915	2007	0,0,0,0,0,0	30170	0	339	9710	71	0	9490,9158,9158,7962,7962,7962,7962	4	30	9330,0,0,0,0,0,0	133	0
172332	548	1105	653	276	328	68	28	2	3175	50	181	517	233	6	96	6438	940	2066	0,0,0,0,0,0	19346	0	383	10090	74	0	9860,9510,9510,8247,8247,8247,8247	4	31	9711,0,0,0,0,0,0	119	0
172162	542	1131	674	287	332	67	26	3	3287	52	183	534	322	9	98	7086	979	2080	0,0,0,0,0,0	19630	0	359	10450	75	0	10207,9838,9838,8506,8506,8506,8506	4	31	10071,0,0,0,0,0,0	125	0
172019	536	1162	682	297	320	67	29	3	3393	54	184	513	331	6	103	7328	1023	2070	0,0,0,0,0,0	35032	0	341	10791	78	0	10535,10146,10146,8742,8742,8742,8742	4	35	10412,0,0,0,0,0,0	122	0
171849	549	1153	712	307	313	74	34	3	3510	56	186	503	268	6	87	7651	1028	2114	0,0,0,0,0,0	35048	0	365	11153	82	0	10885,10477,10477,9002,9002,9002,9002	4	33	10775,0,0,0,0,0,0	128	0
171730	543	1161	698	333	320	78	38	3	3597	57	188	501	321	3	91	7609	1050	2121	0,0,0,0,0,0	35204	0	347	11499	84	0	11216,10786,10786,9229,9229,9229,9229	4	31	11121,0,0,0,0,0,0	138	0
171590	534	1125	725	349	339	88	41	3	3702	58	192	498	247	4	93	7733	1039	2162	0,0,0,0,0,0	48417	0	335	11831	88	0	11538,11088,11088,9460,9460,9460,9460	4	29	11455,0,0,0,0,0,0	160	0
171486	519	1099	736	347	331	96	41	4	3835	59	193	464	235	3	103	7638	1091	2078	0,0,0,0,0,0	48614	0	309	12142	91	0	11835,11365,11365,9661,9661,9661,9661	4	26	11766,0,0,0,0,0,0	165	0
171390	504	1112	741	358	331	102	43	4	3905	61	195	456	256	1	118	7522	1142	2049	0,0,0,0,0,0	35683	0	325	12466	94	0	12145,11652,11652,9864,9864,9864,9864	5	39	12090,0,0,0,0,0,0	166	0
171320	509	1086	747	362	326	102	47	5	3984	63	195	455	264	1	94	7668	1162	2017	0,0,0,0,0,0	35432	0	314	12776	101	0	12437,11920,11920,10044,10044,10044,10044	5	25	12401,0,0,0,0,0,0	172	0
171199	523	1101	711	375	327	106	47	6	4086	66	199	454	259	6	109	7710	1188	2002	0,0,0,0,0,0	35395	0	347	13125	103	0	12774,12233,12233,10273,10273,10273,10273	5	30	12750,0,0,0,0,0,0	172	0
171118	536	1063	711	371	339	108	46	7	4174	70	203	446	280	3	111	7617	1177	1997	0,0,0,0,0,0	35533	0	342	13464	107	0	13099,12533,12533,10476,10476,10476,10476	5	37	13089,0,0,0,0,0,0	182	0
171064	508	1079	679	353	344	116	50	6	4269	72	206	448	282	1	112	8089	1200	1929	0,0,0,0,0,0	35611	0	320	13779	114	0	13398,12806,12806,10652,10652,10652,10652	5	28	13405,0,0,0,0,0,0	185	0
171047	465	1076	676	342	350	120	53	6	4327	75	209	438	329	3	100	8089	1187	1895	0,0,0,0,0,0	48898	0	269	14050	115	0	13655,13036,13036,10789,10789,10789,10789	5	22	13676,0,0,0,0,0,0	192	0
171034	438	1043	697	308	345	123	53	6	4405	79	215	413	325	5	98	8200	1189	1818	0,0,0,0,0,0	48532	0	263	14309	120	0	13903,13259,13259,10919,10919,10919,10919	4	23	13935,0,0,0,0,0,0	199	0
170987	483	1013	705	303	350	126	51	6	4415	86	221	416	244	2	93	7938	1180	1851	0,0,0,0,0,0	36033	0	335	14645	124	0	14225,13552,13552,11104,11104,11104,11104	5	31	14272,0,0,0,0,0,0	189	0
170971	474	1017	701	307	314	123	55	8	4465	88	223	392	262	2	100	7787	1127	1864	0,0,0,0,0,0	35792	0	299	14943	128	0	14504,13802,13802,11249,11249,11249,11249	5	17	14571,0,0,0,0,0,0	186	0
170933	468	1004	703	310	324	119	54	8	4504	90	229	384	257	3	83	8034	1080	1902	0,0,0,0,0,0	35546	0	307	15250	129	0	14798,14069,14069,11414,11414,11414,11414	5	27	14879,0,0,0,0,0,0	202	0
170910	453	1028	653	289	337	120	56	9	4568	93	230	384	300	8	105	8070	1084	1852	0,0,0,0,0,0	35632	0	308	15558	132	0	15087,14329,14329,11569,11569,11569,11569	5	37	15187,0,0,0,0,0,0	194	0
170913	440	1017	661	300	320	117	55	11	4584	97	231	391	249	4	84	8394	1052	1858	0,0,0,0,0,0	36051	0	296	15853	134	0	15363,14575,14575,11704,11704,11704,11704	5	28	15483,0,0,0,0,0,0	191	0
170924	450	951	675	295	308	122	58	12	4619	99	233	390	272	2	81	8280	1028	1831	0,0,0,0,0,0	49001	0	276	16125	139	0	15617,14801,14801,11825,11825,11825,11825	4	21	15755,0,0,0,0,0,0	206	0
170977	407	950	657	305	295	121	59	12	4624	101	238	375	248	4	90	7781	1031	1763	0,0,0,0,0,0	48545	0	238	16360	144	0	15837,14991,14991,11907,11907,11907,11907	4	15	15990,0,0,0,0,0,0	209	0
170938	424	958	651	296	294	119	56	8	4654	106	242	371	326	4	89	7161	1035	1763	0,0,0,0,0,0	35480	0	317	16675	149	0	16136,15262,15262,12074,12074,12074,12074	4	33	16305,0,0,0,0,0,0	195	0
170974	432	903	676	303	293	111	53	7	4637	111	246	367	263	3	73	7187	1014	1757	0,0,0,0,0,0	35057	0	266	16940	151	0	16381,15477,15477,12176,12176,12176,12176	4	36	16571,0,0,0,0,0,0	180	0
171011	428	873	660	301	292	108	51	9	4650	115	248	360	343	4	80	7059	986	1727	0,0,0,0,0,0	35025	0	251	17190	152	0	16611,15678,15678,12269,12269,12269,12269	4	35	16821,0,0,0,0,0,0	175	0
170993	439	856	610	279	294	105	56	8	4739	116	251	399	251	4	98	7520	982	1657	0,0,0,0,0,0	34882	0	270	17456	157	0	16860,15902,15902,12399,12399,12399,12399	5	31	17088,0,0,0,0,0,0	174	0
171016	407	874	603	276	310	105	59	9	4717	117	253	405	218	2	78	7124	962	1672	0,0,0,0,0,0	35238	0	271	17723	161	0	17106,16119,16119,12508,12508,12508,12508	5	31	17355,0,0,0,0,0,0	187	0
171096	376	849	597	263	282	103	58	13	4734	122	253	401	266	3	69	6776	894	1634	0,0,0,0,0,0	47752	0	218	17941	165	0	17303,16286,16286,12564,12564,12564,12564	4	22	17573,0,0,0,0,0,0	183	0
171165	354	872	559	259	273	108	56	9	4709	127	255	373	257	7	74	6271	902	1579	0,0,0,0,0,0	47267	0	236	18173	169	0	17515,16468,16468,12633,12633,12633,12633	4	27	17806,0,0,0,0,0,0	201	0
171195	376	863	542	265	274	105	58	8	4671	132	257	388	247	2	87	5875	908	1575	0,0,0,0,0,0	33872	0	268	18439	172	0	17761,16684,16684,12738,12738,12738,12738	5	39	18072,0,0,0,0,0,0	194	0
171205	415	820	556	257	260	103	57	7	4672	135	259	395	255	6	78	5970	917	1551	0,0,0,0,0,0	33757	0	260	18695	179	0	17997,16893,16893,12846,12846,12846,12846	4	27	18330,0,0,0,0,0,0	187	0
171249	412	813	569	248	277	98	53	7	4619	140	261	429	254	6	66	5940	912	1558	0,0,0,0,0,0	33918	0	253	18946	181	0	18227,17093,17093,12934,12934,12934,12934	4	31	18582,0,0,0,0,0,0	185	0
171279	409	793	592	255	253	95	51	7	4601	145	266	397	346	2	68	5968	890	1558	0,0,0,0,0,0	34148	0	255	19198	185	0	18460,17298,17298,13031,13031,13031,13031	4	31	18834,0,0,0,0,0,0	172	0
171367	388	778	585	267	253	90	52	8	4542	148	268	389	252	3	60	6185	877	1536	0,0,0,0,0,0	34029	0	222	19418	190	0	18658,17465,17465,13082,13082,13082,13082	4	24	19054,0,0,0,0,0,0	165	0
171475	374	760	566	244	244	88	52	8	4514	152	269	394	317	4	69	5960	850	1478	0,0,0,0,0,0	46723	0	205	19621	194	0	18839,17615,17615,13115,13115,13115,13115	4	11	19257,0,0,0,0,0,0	163	0
171595	330	738	548	238	236	84	48	10	4493	155	271	409	252	3	68	5798	802	1420	0,0,0,0,0,0	47098	0	171	19788	198	0	18986,17733,17733,13124,13124,13124,13124	4	14	19424,0,0,0,0,0,0	160	0
171676	322	702	556	247	229	80	41	14	4444	159	276	393	343	5	78	6029	808	1369	0,0,0,0,0,0	33405	0	212	19995	204	0	19172,17890,17890,13172,13172,13172,13172	4	17	19632,0,0,0,0,0,0	141	0
171764	329	676	566	234	227	76	39	15	4375	163	282	376	239	3	64	5975	814	1333	0,0,0,0,0,0	33895	0	202	20201	205	0	19357,18045,18045,13214,13214,13214,13214	4	20	19838,0,0,0,0,0,0	132	0
171863	321	661	559	220	227	70	31	16	4329	167	282	400	255	5	58	6086	775	1314	0,0,0,0,0,0	34083	0	206	20404	211	0	19537,18194,18194,13249,13249,13249,13249	4	20	20042,0,0,0,0,0,0	118	0
171997	278	687	534	215	226	76	30	15	4234	170	284	400	234	1	69	5971	784	1262	0,0,0,0,0,0	33888	0	187	20590	212	0	19699,18325,18325,13258,13258,13258,13258	3	19	20228,0,0,0,0,0,0	118	0
172084	285	677	515	229	203	76	29	15	4177	171	285	430	86	4	68	5889	777	1237	0,0,0,0,0,0	33895	0	210	20797	217	0	19884,18480,18480,13300,13300,13300,13300	3	26	20436,0,0,0,0,0,0	126	0
172198	297	614	490	224	217	82	26	15	4123	173	287	411	298	8	51	5417	736	1214	0,0,0,0,0,0	46886	0	168	20963	221	0	20029,18597,18597,13310,13310,13310,13310	3	10	20602,0,0,0,0,0,0	131	0
172336	260	593	471	215	205	81	25	13	4084	174	289	418	243	6	59	4815	708	1142	0,0,0,0,0,0	46203	0	143	21103	224	0	20148,18688,18688,13295,13295,13295,13295	3	18	20742,0,0,0,0,0,0	133	0
172468	238	601	438	203	199	81	28	12	4008	176	294	416	230	2	55	4977	696	1092	0,0,0,0,0,0	32891	0	165	21264	228	0	20289,18799,18799,13293,13293,13293,13293	3	22	20904,0,0,0,0,0,0	132	0
172575	253	569	447	202	194	78	27	12	3916	179	294	440	310	3	60	4766	709	1061	0,0,0,0,0,0	32570	0	179	21441	230	0	20441,18922,18922,13308,13308,13308,13308	3	13	21081,0,0,0,0,0,0	134	0
172679	257	565	437	185	186	78	30	11	3840	181	297	460	246	3	58	4961	717	1021	0,0,0,0,0,0	32537	0	171	21611	231	0	20590,19044,19044,13323,13323,13323,13323	3	19	21251,0,0,0,0,0,0	130	0
172815	230	556	420	174	181	81	33	9	3764	183	300	429	251	2	41	4803	663	1012	0,0,0,0,0,0	46174	0	143	21748	237	0	20706,19132,19132,13305,13305,13305,13305	3	16	21388,0,0,0,0,0,0	137	0
172919	229	537	404	170	176	72	35	11	3704	185	304	430	247	2	66	4705	656	967	0,0,0,0,0,0	46006	0	149	21897	240	0	20835,19236,19236,13310,13310,13310,13310	3	11	21537,0,0,0,0,0,0	130	0
173050	220	484	386	181	191	67	32	9	3635	186	305	413	91	1	45	4736	653	908	0,0,0,0,0,0	46046	0	120	22013	244	0	20931,19307,19307,13285,13285,13285,13285	3	10	21653,0,0,0,0,0,0	129	0
173197	193	479	351	183	182	72	34	10	3554	186	305	440	254	2	42	4338	627	867	0,0,0,0,0,0	45677	28	121	22134	245	0	21030,19379,19379,13254,13254,13254,13254	3	7	21774,0,0,0,0,0,0	126	26
173306	189	473	365	175	170	69	33	11	3459	188	308	427	254	1	51	4540	606	868	0,0,0,0,0,0	32627	24	145	22278	247	0	21154,19478,19478,13253,13253,13253,13253	2	15	21918,0,0,0,0,0,0	126	49
173398	216	432	342	172	167	68	29	9	3409	192	312	420	325	2	52	4518	580	846	0,0,0,0,0,0	32377	30	145	22421	250	0	21276,19576,19576,13259,13259,13259,13259	3	25	22061,0,0,0,0,0,0	124	73
173503	217	430	331	156	165	66	28	9	3335	193	313	420	235	2	45	4467	555	838	0,0,0,0,0,0	32674	31	129	22548	252	0	21383,19659,19659,13251,13251,13251,13251	3	15	22188,0,0,0,0,0,0	128	99
173613	203	433	319	141	156	68	28	9	3265	193	318	414	252	0	50	4266	540	808	0,0,0,0,0,0	32365	26	120	22668	253	0	21485,19738,19738,13237,13237,13237,13237	2	10	22308,0,0,0,0,0,0	124	121
173727	189	404	330	129	154	66	29	9	3196	193	320	405	216	3	40	3847	503	798	0,0,0,0,0,0	32459	30	105	22772	254	0	21570,19801,19801,13213,13213,13213,13213	2	16	22412,0,0,0,0,0,0	126	143
173821	194	388	312	135	144	65	30	9	3134	193	321	380	240	3	45	3457	494	774	0,0,0,0,0,0	38500	30	124	22896	256	0	21675,19885,19885,13211,13211,13211,13211	2	12	22537,0,0,0,0,0,0	131	171
173938	180	402	288	131	133	67	31	8	3049	195	324	424	109	1	36	3483	492	740	0,0,0,0,0,0	38627	132	101	22993	260	0	21765,19952,19952,13189,13189,13189,13189	2	11	22634,0,0,0,0,0,0	130	289
174034	183	394	282	126	130	69	27	8	2970	198	325	405	250	0	40	3579	464	747	0,0,0,0,0,0	26398	141	123	23116	260	0	21876,20042,20042,13186,13186,13186,13186	2	18	22757,0,0,0,0,0,0	131	404
174133	187	381	273	121	129	69	27	8	2893	199	326	424	287	2	49	3636	483	704	0,0,0,0,0,0	26632	138	116	23229	263	0	21977,20121,20121,13176,13176,13176,13176	2	20	22870,0,0,0,0,0,0	129	513
174233	182	375	274	131	126	64	26	7	2797	200	331	425	228	0	43	3453	460	718	0,0,0,0,0,0	26507	129	116	23344	264	0	22085,20208,20208,13170,13170,13170,13170	2	20	22985,0,0,0,0,0,0	120	622
174300	185	384	277	129	123	59	27	5	2723	201	333	435	307	3	40	3453	454	730	0,0,0,0,0,0	26501	137	130	23470	269	0	22201,20304,20304,13183,13183,13183,13183	2	19	23111,0,0,0,0,0,0	112	739
174337	203	389	268	135	112	57	24	6	2674	205	336	431	304	2	39	3315	455	733	0,0,0,0,0,0	26485	150	142	23611	272	0	22333,20418,20418,13220,13220,13220,13220	2	19	23252,0,0,0,0,0,0	112	864
174406	212	372	259	131	119	52	22	6	2620	207	340	449	254	2	34	3333	429	738	0,0,0,0,0,0	38074	153	118	23727	274	0	22443,20509,20509,13231,13231,13231,13231	2	11	23368,0,0,0,0,0,0	117	983
174503	208	366	258	116	104	55	20	7	2554	209	346	441	255	2	42	3324	423	704	0,0,0,0,0,0	38108	174	104	23828	277	0	22573,20618,20618,13237,13237,13237,13237	2	16	23469,0,0,0,0,0,0	108	1129
174531	195	392	244	134	114	54	19	7	2497	210	349	447	264	2	25	3393	393	759	0,0,0,0,0,0	26457	155	132	23959	279	0	22731,20761,20761,13291,13291,13291,13291	2	20	23600,0,0,0,0,0,0	102	1263
174570	201	386	250	136	114	53	17	7	2449	212	351	429	87	0	46	3318	388	769	0,0,0,0,0,0	26481	121	125	24084	282	0	22878,20891,20891,13333,13333,13333,13333	2	17	23725,0,0,0,0,0,0	102	1367
174602	197	389	245	128	108	49	17	6	2435	214	356	429	293	2	28	3105	379	754	0,0,0,0,0,0	26182	151	112	24196	284	0	23018,21016,21016,13374,13374,13374,13374	2	14	23838,0,0,0,0,0,0	87	1493
174644	190	391	266	119	114	49	17	6	2372	217	361	425	274	0	37	2909	381	765	0,0,0,0,0,0	26454	135	125	24321	287	0	23172,21153,21153,13418,13418,13418,13418	2	18	23963,0,0,0,0,0,0	87	1614
174681	194	407	264	116	118	48	16	5	2312	219	366	426	260	1	36	2990	388	775	0,0,0,0,0,0	26279	162	143	24463	288	0	23344,21307,21307,13473,13473,13473,13473	2	19	24105,0,0,0,0,0,0	84	1743
174711	180	395	264	119	134	45	16	5	2290	219	368	466	287	2	36	2907	400	753	0,0,0,0,0,0	37844	161	112	24568	295	0	23479,21428,21428,13515,13515,13515,13515	2	12	24210,0,0,0,0,0,0	91	1870
174789	174	385	264	113	123	38	20	5	2247	219	369	463	260	1	43	2862	416	701	0,0,0,0,0,0	38051	61	105	24671	299	0	23620,21551,21551,13535,13535,13535,13535	2	11	24313,0,0,0,0,0,0	82	1918
174841	162	362	279	123	121	37	21	6	2203	219	372	490	254	0	39	2827	405	700	0,0,0,0,0,0	26153	62	107	24777	300	0	23758,21673,21673,13565,13565,13565,13565	2	17	24419,0,0,0,0,0,0	83	1966
174869	168	363	274	111	130	36	18	8	2173	221	375	483	259	2	38	2858	413	687	0,0,0,0,0,0	25643	59	118	24894	301	0	23896,21796,21796,13606,13606,13606,13606	2	17	24536,0,0,0,0,0,0	72	2012
174878	167	366	272	102	123	33	18	5	2178	223	381	499	316	2	34	2866	395	686	0,0,0,0,0,0	25996	65	113	25006	302	0	24043,21930,21930,13661,13661,13661,13661	2	14	24648,0,0,0,0,0,0	67	2065
174943	170	361	256	98	116	32	20	4	2139	224	383	490	250	2	33	2994	383	670	0,0,0,0,0,0	25972	61	102	25107	303	0	24171,22041,22041,13678,13678,13678,13678	2	10	24749,0,0,0,0,0,0	72	2114
174984	168	344	272	95	121	31	18	5	2095	226	387	524	228	0	35	2879	364	685	0,0,0,0,0,0	26326	63	110	25215	305	0	24313,22168,22168,13715,13715,13715,13715	2	11	24857,0,0,0,0,0,0	75	2162
175032	157	339	274	96	117	34	18	5	2056	228	390	495	262	2	32	2697	349	686	0,0,0,0,0,0	37976	70	95	25308	307	0	24436,22278,22278,13740,13740,13740,13740	2	14	24950,0,0,0,0,0,0	74	2209
175063	145	342	270	99	112	32	17	7	2037	231	391	476	235	1	33	2432	338	679	0,0,0,0,0,0	37667	202	99	25407	308	0	24546,22374,22374,13766,13766,13766,13766	2	14	25050,0,0,0,0,0,0	65	2374
175082	164	350	261	94	102	31	15	8	2013	233	393	517	236	1	40	2610	347	670	0,0,0,0,0,0	25710	206	119	25525	309	0	24673,22487,22487,13804,13804,13804,13804	2	15	25168,0,0,0,0,0,0	64	2538
175123	155	358	258	95	95	36	15	9	1972	233	397	520	100	1	25	2553	330	682	0,0,0,0,0,0	25882	185	101	25624	311	0	24782,22582,22582,13823,13823,13823,13823	2	8	25267,0,0,0,0,0,0	63	2688
175144	170	350	247	93	97	38	14	9	1949	234	401	488	268	3	39	2591	337	672	0,0,0,0,0,0	25546	197	121	25744	312	0	24915,22700,22700,13864,13864,13864,13864	2	11	25387,0,0,0,0,0,0	67	2838
175156	181	331	255	92	96	38	15	8	1935	235	404	510	284	2	41	2611	374	634	0,0,0,0,0,0	25633	215	108	25850	315	0	25030,22804,22804,13900,13900,13900,13900	2	12	25493,0,0,0,0,0,0	63	3007
175187	194	328	248	90	95	38	15	7	1902	235	407	517	149	0	32	2602	365	643	0,0,0,0,0,0	25902	181	100	25950	316	0	25139,22900,22900,13925,13925,13925,13925	2	15	25593,0,0,0,0,0,0	67	3156
175234	184	319	253	86	96	38	15	7	1868	235	411	509	247	0	21	2448	363	628	0,0,0,0,0,0	37634	194	88	26037	317	0	25240,22987,22987,13937,13937,13937,13937	1	11	25680,0,0,0,0,0,0	75	3307
175288	152	339	236	87	94	34	16	4	1846	235	415	508	101	2	22	2348	325	633	0,0,0,0,0,0	37472	191	83	26119	318	0	25411,23145,23145,13982,13982,13982,13982	1	6	25762,0,0,0,0,0,0	70	3463
175305	138	352	236	90	98	34	16	3	1821	236	417	531	324	1	32	2344	333	631	0,0,0,0,0,0	25390	188	102	26222	318	0	25601,23324,23324,14054,14054,14054,14054	1	7	25865,0,0,0,0,0,0	70	3615
175283	162	344	237	94	96	36	16	2	1816	237	423	556	257	0	37	2725	335	650	4,0,0,0,0,0	25660	164	90	26350	321	0	25806,23520,23520,14154,14154,14154,14154	1	18	25954,40,0,0,0,0,0	69	3739
175249	176	378	217	88	96	36	17	2	1824	238	425	524	224	2	40	2540	343	665	8,0,0,0,0,0	25763	163	101	26487	322	0	26024,23728,23728,14265,14265,14265,14265	1	10	26045,87,0,0,0,0,0	78	3868
175244	179	400	225	96	96	39	19	2	1778	238	430	531	251	1	25	2602	337	717	12,0,0,0,0,0	25786	167	105	26623	325	0	26247,23939,23939,14364,14364,14364,14364	1	13	26133,136,0,0,0,0,0	65	3996
175214	207	414	238	97	88	40	19	2	1752	239	436	504	253	2	39	2665	333	770	18,0,0,0,0,0	25700	174	124	26773	330	0	26482,24163,24163,14483,14483,14483,14483	1	10	26219,203,0,0,0,0,0	66	4129
175167	247	420	251	115	98	37	20	4	1710	240	437	521	233	0	30	2407	346	842	23,0,0,0,0,0	37487	174	153	26951	337	0	26742,24412,24412,14625,14625,14625,14625	1	13	26317,288,0,0,0,0,0	71	4262
175116	258	430	254	105	115	36	21	3	1724	243	441	508	244	1	37	2274	346	873	27,0,0,0,0,0	37389	133	126	27103	343	0	26992,24652,24652,14760,14760,14760,14760	1	9	26394,365,0,0,0,0,0	72	4355
175071	252	458	271	115	120	36	20	2	1715	244	442	534	271	1	37	2289	367	905	31,0,0,0,0,0	25378	121	161	27262	347	0	27238,24888,24888,14887,14887,14887,14887	1	14	26479,441,0,0,0,0,0	70	4452
174988	260	515	278	114	110	36	19	1	1731	247	447	542	313	2	42	2613	390	942	35,0,0,0,0,0	25496	135	187	27447	352	0	27489,25130,25129,15036,15036,15036,15036	1	20	26577,531,0,0,0,0,0	70	4548
174943	283	508	286	117	128	31	19	2	1731	247	451	517	247	2	46	2798	419	953	37,0,0,0,0,0	25684	126	168	27611	357	0	27726,25356,25356,15161,15161,15161,15161	2	16	26653,622,0,0,0,0,0	70	4635
174910	275	520	299	137	129	32	17	4	1722	248	453	510	247	2	41	2933	427	982	41,0,0,0,0,0	25960	126	164	27770	363	0	27956,25576,25574,15274,15274,15274,15274	1	12	26718,717,0,0,0,0,0	61	4729
174796	284	538	321	150	144	34	15	3	1754	250	457	510	248	1	43	2809	445	1041	45,0,0,0,0,0	25661	121	199	27963	370	0	28231,25845,25843,15452,15452,15452,15452	2	16	26800,833,0,0,0,0,0	64	4823
174746	272	531	343	163	151	30	15	5	1780	250	460	522	259	2	37	2815	446	1059	47,0,0,0,0,0	37902	134	161	28119	375	0	28469,26074,26072,15582,15582,15582,15582	1	8	26873,920,0,0,0,0,0	63	4925
174704	249	565	339	158	153	34	18	5	1809	250	462	507	293	4	54	3015	482	1034	49,0,0,0,0,0	38285	289	167	28282	380	0	28663,26258,26255,15683,15683,15683,15683	1	12	26943,1017,0,0,0,0,0	75	5135
174628	253	577	385	164	147	33	17	6	1817	253	466	529	233	2	50	3642	503	1073	51,0,0,0,0,0	26446	290	189	28467	385	0	28882,26469,26465,15811,15811,15811,15811	1	14	27005,1143,0,0,0,0,0	70	5344
174495	283	592	397	180	151	36	19	4	1863	255	471	530	315	1	50	3765	515	1143	53,0,0,0,0,0	26958	280	235	28695	393	0	29146,26725,26720,15989,15989,15989,15989	1	20	27094,1286,0,0,0,0,0	70	5545
174364	328	602	412	177	152	41	20	4	1915	256	475	541	231	6	49	3897	536	1196	55,0,0,0,0,0	26899	304	234	28924	399	0	29405,26978,26971,16165,16165,16165,16165	1	17	27176,1434,0,0,0,0,0	78	5753
174217	360	644	387	183	157	41	21	3	1998	257	478	555	228	1	45	3936	536	1257	58,0,0,0,0,0	27250	276	262	29182	405	0	29697,27263,27255,16366,16366,16366,16366	1	9	27255,1618,0,0,0,0,0	84	5945
174077	355	700	386	197	162	44	22	3	2061	257	482	556	259	4	51	4005	555	1311	62,0,0,0,0,0	26902	288	248	29421	415	0	29968,27529,27518,16553,16553,16553,16553	1	23	27310,1807,0,0,0,0,0	83	6141
173981	368	710	411	209	196	45	23	2	2061	257	483	540	286	0	58	3836	596	1366	63,0,0,0,0,0	38743	300	241	29656	422	0	30232,27785,27771,16719,16719,16719,16719	1	11	27387,1970,0,0,0,0,0	98	6348
173857	395	719	442	206	200	49	24	1	2109	258	486	517	256	1	59	3891	615	1420	65,0,0,0,0,0	38929	598	256	29911	426	0	30600,28147,28131,16951,16951,16951,16951	1	15	27444,2170,0,0,0,0,0	103	6689
173694	426	733	444	221	227	46	24	2	2181	259	489	526	278	1	62	4379	650	1471	67,0,0,0,0,0	27338	642	292	30196	434	0	30996,28541,28520,17214,17214,17214,17214	1	25	27516,2389,0,0,0,0,0	105	7099
173552	460	786	446	231	218	42	24	3	2229	260	495	503	266	1	81	4484	702	1505	69,0,0,0,0,0	27692	608	301	30488	443	0	31387,28930,28904,17467,17467,17467,17467	1	19	27584,2620,0,0,0,0,0	110	7635
173348	467	846	463	233	246	48	27	3	2308	260	497	502	224	3	73	4914	738	1592	70,0,0,0,0,0	27853	604	327	30801	457	0	31807,29348,29318,17764,17764,17764,17764	1	17	27650,2877,0,0,0,0,0	112	8161
173166	503	863	499	239	244	45	27	3	2394	263	500	497	255	1	91	5002	775	1645	72,0,0,0,0,0	27961	625	325	31116	470	0	32223,29763,29728,18049,18049,18049,18049	1	18	27714,3138,0,0,0,0,0	115	8718
172917	563	910	518	247	228	47	29	4	2515	264	504	518	305	2	78	5140	780	1762	74,0,0,0,0,0	28328	594	380	31482	485	0	32693,30233,30192,18391,18391,18391,18391	2	27	27778,3451,0,0,0,0,0	124	9224
172725	562	961	535	252	242	47	29	6	2614	265	508	517	233	2	66	5167	777	1851	75,0,0,0,0,0	39962	636	334	31813	490	0	33125,30665,30618,18690,18690,18690,18690	2	21	27834,3730,0,0,0,0,0	130	9760
172585	518	1041	564	267	242	50	33	7	2661	265	513	543	337	3	79	5188	795	1920	77,0,0,0,0,0	39503	809	319	32122	502	0	33582,31121,31067,18973,18973,18973,18973	2	26	27871,4013,0,0,0,0,0	139	10461
172322	548	1146	565	268	268	57	34	6	2745	268	519	535	316	3	101	5543	853	2033	79,0,0,0,0,0	28375	843	429	32538	518	0	34179,31719,31657,19387,19387,19387,19387	2	23	27932,4381,0,0,0,0,0	147	11195
172046	608	1207	599	287	272	60	32	5	2837	271	522	529	271	6	103	5995	911	2154	80,0,0,0,0,0	28601	806	450	32971	535	0	34827,32367,32298,19834,19834,19834,19834	2	21	28011,4750,0,0,0,0,0	152	11895
171735	673	1254	642	306	291	64	31	5	2943	274	528	527	240	1	93	5776	937	2324	81,0,0,0,0,0	29187	824	476	33441	544	0	35502,33042,32966,20311,20311,20311,20311	2	24	28069,5169,0,0,0,0,0	148	12592
171407	740	1309	685	321	303	64	33	6	3072	276	530	519	327	9	112	6405	1038	2417	83,0,0,0,0,0	28991	798	497	33920	564	0	36201,33747,33661,20810,20810,20810,20810	2	22	28113,5623,0,0,0,0,0	141	13264
171064	794	1382	750	324	334	72	32	8	3172	280	534	509	309	7	115	6538	1128	2560	84,0,0,0,0,0	29579	798	517	34421	584	0	36906,34454,34360,21320,21320,21320,21320	2	14	28166,6083,0,0,0,0,0	135	13954
170788	805	1406	793	352	362	72	35	7	3309	283	534	514	314	3	120	6482	1217	2608	85,0,0,0,0,0	41028	773	465	34864	609	0	37566,35117,35014,21777,21777,21777,21777	2	19	28213,6499,0,0,0,0,0	151	14611
170560	768	1424	856	378	377	71	37	6	3447	286	536	517	338	7	114	6834	1247	2664	87,0,0,0,0,0	41105	898	442	35289	629	0	38249,35808,35692,22220,22220,22220,22220	2	15	28248,6903,0,0,0,0,0	158	15363
170265	775	1473	889	390	403	80	41	7	3596	288	539	496	304	8	131	7508	1308	2743	87,0,0,0,0,0	46354	897	502	35781	644	0	39005,36571,36442,22726,22726,22726,22726	2	24	28287,7366,0,0,0,0,0	166	16108
169969	779	1579	906	396	414	86	46	8	3731	288	544	483	247	5	142	8287	1414	2792	88,0,0,0,0,0	46953	877	534	36296	665	0	39770,37347,37201,23241,23241,23241,23241	2	18	28327,7857,0,0,0,0,0	183	16851
169669	817	1628	906	432	449	89	52	8	3859	290	547	486	294	3	131	8917	1490	2883	89,0,0,0,0,0	47591	861	543	36819	692	0	40533,38119,37959,23759,23759,23759,23759	2	28	28366,8366,0,0,0,0,0	192	17560
169391	805	1670	930	453	459	96	51	9	4042	291	549	468	252	7	159	8827	1542	2922	89,0,0,0,0,0	47845	905	512	37316	711	0	41259,38854,38679,24243,24243,24243,24243	2	30	28400,8844,0,0,0,0,0	197	18292
169125	806	1716	959	444	492	117	51	9	4183	294	550	463	264	8	143	9345	1553	3032	90,0,0,0,0,0	48187	938	532	37826	735	0	42004,39613,39419,24733,24733,24733,24733	2	25	28432,9337,0,0,0,0,0	199	19064
168949	751	1691	976	492	487	117	55	8	4374	294	552	469	265	8	152	9627	1613	2956	91,0,0,0,0,0	72249	867	423	38236	753	0	42637,40258,40047,25126,25126,25126,25126	2	32	28458,9733,0,0,0,0,0	231	19778
168794	708	1650	1001	492	484	121	54	10	4578	298	556	467	251	5	149	9562	1599	2911	91,0,0,0,0,0	71787	621	417	38618	788	0	43326,40966,40735,25538,25538,25538,25538	3	27	28484,10115,0,0,0,0,0	234	20276
168593	725	1630	1011	498	488	132	57	12	4739	302	559	456	320	8	171	9526	1681	2860	91,0,0,0,0,0	47914	597	486	39070	825	0	44075,41733,41482,26000,26000,26000,26000	3	26	28520,10558,0,0,0,0,0	240	20742
168358	771	1589	1021	537	479	143	55	14	4908	306	565	437	325	6	158	9292	1707	2888	91,0,0,0,0,0	48284	649	512	39564	844	0	44858,42536,42263,26497,26497,26497,26497	3	27	28556,11030,0,0,0,0,0	240	21248
168174	782	1529	1050	557	484	141	62	14	5077	308	568	431	331	9	145	9810	1712	2893	92,0,0,0,0,0	48305	659	469	40002	877	0	45573,43271,42978,26939,26939,26939,26939	3	40	28578,11472,0,0,0,0,0	253	21765
167980	755	1584	1037	557	487	148	67	14	5231	313	573	430	327	6	177	9582	1730	2905	93,0,0,0,0,0	48317	653	519	40500	902	0	46346,44065,43747,27416,27416,27416,27416	3	24	28599,11969,0,0,0,0,0	246	22273
167791	748	1596	1036	549	491	149	66	16	5411	316	577	421	319	9	146	9667	1648	2987	93,0,0,0,0,0	48242	656	516	40988	935	0	47123,44869,44525,27893,27893,27893,27893	3	29	28624,12456,0,0,0,0,0	265	22779
167713	721	1551	1036	524	501	150	70	14	5569	318	579	424	282	7	141	9632	1636	2917	93,0,0,0,0,0	71535	646	412	41369	967	0	47783,45553,45184,28261,28261,28261,28261	3	16	28641,12844,0,0,0,0,0	268	23315
167691	671	1520	986	509	474	160	61	16	5748	327	583	417	322	11	143	9046	1560	2821	93,0,0,0,0,0	71919	875	362	41713	991	0	48365,46168,45773,28587,28587,28587,28587	3	17	28654,13192,0,0,0,0,0	277	24018
167545	695	1526	986	509	468	170	65	17	5853	329	583	391	264	11	168	8942	1580	2839	94,0,0,0,0,0	47900	903	501	42192	1016	0	49098,46931,46509,29038,29038,29038,29038	2	20	28674,13671,0,0,0,0,0	281	24739
167474	678	1511	967	503	476	176	66	17	5958	336	584	386	313	8	153	9091	1525	2852	94,0,0,0,0,0	47461	903	438	42602	1045	0	49810,47668,47218,29406,29406,29406,29406	2	26	28687,14092,0,0,0,0,0	290	25445
167358	725	1450	975	500	489	175	68	18	6063	340	585	404	328	8	162	9252	1514	2868	95,0,0,0,0,0	48061	904	485	43059	1076	0	50555,48442,47963,29818,29818,29818,29818	3	33	28696,14561,0,0,0,0,0	286	26152
167273	763	1456	915	494	496	175	75	16	6152	343	588	378	328	10	161	9372	1473	2901	95,0,0,0,0,0	48166	917	476	43513	1102	0	51318,49239,48725,30221,30221,30221,30221	3	25	28710,15023,0,0,0,0,0	286	26852
167158	777	1552	899	480	473	170	76	17	6207	347	590	393	317	5	168	9498	1518	2909	95,0,0,0,0,0	48273	887	500	43996	1122	0	52083,50036,49490,30643,30643,30643,30643	3	27	28722,15512,0,0,0,0,0	295	27536
167197	701	1489	907	498	477	165	79	16	6273	351	593	363	280	6	132	9678	1501	2815	95,0,0,0,0,0	72174	923	358	44332	1145	0	52739,50721,50142,30934,30934,30934,30934	3	10	28733,15851,0,0,0,0,0	298	28288
167244	611	1467	918	501	476	158	85	17	6321	353	595	354	242	5	129	9069	1484	2732	96,0,0,0,0,0	71655	1101	338	44646	1172	0	53482,51495,50885,31261,31261,31261,31261	2	16	28742,16179,0,0,0,0,0	292	29183
167118	627	1503	929	481	477	157	85	20	6397	356	596	339	254	8	154	9284	1481	2778	96,0,0,0,0,0	47895	1066	491	45106	1207	0	54390,52435,51794,31751,31751,31751,31751	2	26	28751,16655,0,0,0,0,0	287	30020
167070	649	1495	937	455	491	149	88	20	6435	359	598	356	309	3	176	9537	1471	2793	96,0,0,0,0,0	48318	1100	469	45544	1239	0	55253,53333,52657,32183,32183,32183,32183	2	27	28765,17103,0,0,0,0,0	277	30867
167007	684	1458	953	477	463	157	85	15	6482	365	600	366	226	8	147	9362	1420	2857	96,0,0,0,0,0	48579	1102	472	45994	1262	0	56131,54249,53537,32634,32634,32634,32634	2	17	28772,17564,0,0,0,0,0	271	31710
166966	708	1432	977	481	444	154	85	15	6511	371	602	365	330	9	132	9135	1346	2935	96,0,0,0,0,0	48243	1083	469	46428	1297	0	56975,55126,54381,33055,33055,33055,33055	2	25	28778,18020,0,0,0,0,0	279	32550
166949	692	1433	977	482	423	146	84	12	6567	378	603	388	307	9	143	8891	1315	2922	97,0,0,0,0,0	47995	1140	433	46835	1329	0	57799,55985,55205,33449,33449,33449,33449	2	26	28783,18444,0,0,0,0,0	269	33396
167030	653	1361	964	476	403	146	81	11	6633	383	605	365	312	15	122	8702	1239	2845	97,0,0,0,0,0	71729	1146	332	47147	1350	0	58529,56751,55935,33754,33754,33754,33754	2	26	28789,18767,0,0,0,0,0	267	34230
167094	586	1332	945	477	398	141	75	15	6687	390	606	370	297	3	135	7838	1259	2695	97,0,0,0,0,0	71328	1350	334	47468	1365	0	59368,57626,56776,34112,34112,34112,34112	2	12	28796,19091,0,0,0,0,0	262	35246
167085	611	1361	908	454	373	131	72	17	6733	394	607	385	281	8	140	7452	1245	2665	97,0,0,0,0,0	47181	1352	435	47879	1390	0	60265,58559,57674,34538,34538,34538,34538	2	31	28803,19513,0,0,0,0,0	237	36263
167101	648	1311	895	440	381	132	66	21	6744	397	610	386	320	9	139	7660	1223	2650	97,0,0,0,0,0	46811	1297	404	48259	1417	0	61128,59459,58538,34927,34927,34927,34927	2	28	28809,19906,0,0,0,0,0	242	37196
167114	644	1289	904	442	370	124	66	18	6760	401	614	399	335	5	141	7851	1255	2584	98,0,0,0,0,0	46898	1346	386	48627	1436	0	61976,60342,59386,35311,35311,35311,35311	2	24	28816,20283,0,0,0,0,0	231	38189
167096	618	1282	905	451	370	120	60	20	6799	409	616	414	312	11	99	7389	1164	2642	98,0,0,0,0,0	38769	1384	398	49009	1455	0	62858,61258,60271,35731,35731,35731,35731	2	22	28821,20677,0,0,0,0,0	216	39199
167113	632	1312	870	441	405	124	56	23	6743	410	617	412	275	3	128	7162	1166	2674	98,0,0,0,0,0	38022	1362	442	49425	1482	0	63757,62199,61172,36145,36145,36145,36145	2	29	28828,21107,0,0,0,0,0	212	40155
167237	586	1265	866	426	418	120	58	20	6717	415	618	415	330	6	144	7101	1188	2551	98,0,0,0,0,0	40730	1344	295	49704	1501	0	64522,62998,61936,36436,36436,36436,36436	2	12	28834,21392,0,0,0,0,0	210	41156
167404	540	1201	878	406	402	124	55	19	6675	420	622	415	238	6	98	7146	1106	2500	98,0,0,0,0,0	40650	1061	296	49989	1516	0	65246,63765,62661,36679,36679,36679,36679	2	11	28836,21688,0,0,0,0,0	205	41882
167441	532	1212	845	410	386	125	56	15	6675	424	625	413	235	6	137	7119	1099	2467	98,0,0,0,0,0	38231	1063	374	50346	1535	0	66043,64597,63458,37015,37015,37015,37015	2	26	28836,22058,0,0,0,0,0	204	42619
167537	534	1196	807	389	379	122	60	14	6652	428	628	435	299	9	134	7238	1084	2403	98,0,0,0,0,0	37940	1106	337	50664	1555	0	66792,65387,64210,37300,37300,37300,37300	2	13	28839,22392,0,0,0,0,0	203	43356
167654	519	1173	818	374	373	123	58	16	6573	435	630	413	313	4	135	7140	1065	2373	98,0,0,0,0,0	38047	1091	346	50993	1572	0	67562,66199,64981,37588,37588,37588,37588	2	18	28841,22731,0,0,0,0,0	208	44060
167753	506	1140	841	368	366	124	58	17	6499	440	634	400	233	2	104	6974	1058	2345	99,0,0,0,0,0	38135	1141	315	51295	1585	0	68323,66996,65742,37874,37874,37874,37874	2	17	28842,23043,0,0,0,0,0	208	44797
167822	510	1136	827	344	348	122	58	18	6483	442	636	380	302	13	106	6476	997	2348	99,0,0,0,0,0	37714	1101	345	51627	1600	0	69099,67807,66518,38185,38185,38185,38185	2	15	28843,23384,0,0,0,0,0	201	45477
167998	478	1062	836	337	357	122	54	17	6396	449	640	383	251	2	96	6176	987	2259	99,0,0,0,0,0	40259	1129	258	51871	1614	0	69804,68550,67223,38408,38408,38408,38408	2	14	28845,23634,0,0,0,0,0	199	46204
168161	467	1008	799	328	338	124	50	17	6359	454	641	390	243	3	104	6540	965	2149	99,0,0,0,0,0	40069	904	263	52121	1629	0	70476,69262,67899,38619,38619,38619,38619	2	16	28845,23896,0,0,0,0,0	196	46797
168298	452	985	797	320	318	124	43	19	6289	460	641	410	255	3	110	6796	917	2122	99,0,0,0,0,0	31343	915	290	52393	1649	0	71182,70008,68608,38856,38856,38856,38856	2	18	28848,24180,0,0,0,0,0	181	47366
168456	431	970	787	287	317	120	46	17	6208	462	645	429	314	1	92	6649	878	2080	99,0,0,0,0,0	31487	933	276	52655	1665	0	71860,70726,69289,39071,39071,39071,39071	2	15	28848,24452,0,0,0,0,0	174	47968
168638	417	960	744	268	296	116	42	14	6138	467	646	434	296	5	90	6619	847	1996	99,0,0,0,0,0	31351	894	264	52908	1678	0	72529,71437,69961,39263,39263,39263,39263	2	16	28850,24711,0,0,0,0,0	179	48543
168773	410	954	711	271	298	110	41	14	6045	473	646	423	257	4	75	6276	811	1984	99,0,0,0,0,0	31108	878	288	53180	1697	0	73219,72166,70654,39499,39499,39499,39499	1	7	28850,24994,0,0,0,0,0	162	49084
168890	414	931	680	264	292	116	37	17	5983	474	648	429	308	8	93	5936	766	1968	99,0,0,0,0,0	25569	877	268	53423	1722	0	73878,72861,71317,39719,39719,39719,39719	1	14	28851,25254,0,0,0,0,0	159	49644
169137	380	861	652	261	296	112	36	20	5866	475	650	429	314	5	81	5668	740	1858	99,0,0,0,0,0	31604	907	190	53610	1727	0	74502,73523,71943,39861,39861,39861,39861	1	12	28853,25444,0,0,0,0,0	159	50234
169347	352	809	648	263	290	107	34	16	5752	477	651	409	292	2	87	5923	730	1773	99,0,0,0,0,0	31575	1225	199	53795	1742	0	75123,74183,72569,40013,40013,40013,40013	1	11	28854,25637,0,0,0,0,0	157	51094
169543	344	788	641	271	276	107	29	18	5595	481	653	406	270	7	110	6405	754	1702	99,0,0,0,0,0	25974	1219	235	54019	1753	0	75749,74852,73199,40172,40172,40172,40172	1	12	28855,25869,0,0,0,0,0	151	51896
169708	336	779	614	261	247	104	29	18	5512	482	656	424	320	3	81	6014	732	1638	99,0,0,0,0,0	25758	1236	211	54217	1767	0	76378,75518,73833,40351,40351,40351,40351	1	13	28855,26079,0,0,0,0,0	155	52737
169875	319	778	576	238	249	95	32	17	5424	484	659	416	288	2	79	5727	683	1604	99,0,0,0,0,0	25570	1226	207	54407	1785	0	76986,76164,74448,40518,40518,40518,40518	1	9	28855,26282,0,0,0,0,0	140	53603
170051	292	755	549	222	248	91	32	16	5340	488	662	432	258	3	75	5436	632	1557	99,0,0,0,0,0	25228	1256	187	54586	1793	0	77580,76792,75047,40670,40670,40670,40670	1	10	28856,26463,0,0,0,0,0	144	54493
170209	287	723	540	220	234	83	31	16	5250	489	664	425	286	4	80	5360	606	1512	99,0,0,0,0,0	25182	1229	199	54771	1808	0	78181,77430,75655,40843,40843,40843,40843	1	21	28857,26658,0,0,0,0,0	134	55317
170402	255	661	534	198	224	81	26	14	5190	494	667	439	295	3	67	5535	557	1422	99,0,0,0,0,0	29555	1194	151	54914	1817	0	78753,78036,76234,40992,40992,40992,40992	1	6	28857,26806,0,0,0,0,0	124	56134
170603	238	622	512	191	196	75	25	13	5102	497	672	435	266	4	58	5538	523	1336	99,0,0,0,0,0	29296	590	137	55042	1826	0	79464,78781,76954,41204,41204,41204,41204	1	9	28857,26941,0,0,0,0,0	116	56514
170816	231	556	526	177	179	71	27	12	4979	498	674	449	331	4	57	5286	493	1274	99,0,0,0,0,0	24051	589	134	55167	1835	0	80160,79512,77658,41391,41391,41391,41391	1	10	28858,27072,0,0,0,0,0	115	56909
171008	207	533	503	183	170	68	23	10	4862	501	678	451	277	4	54	4983	475	1212	99,0,0,0,0,0	23841	571	136	55293	1845	0	80847,80234,78355,41590,41590,41590,41590	1	7	28859,27205,0,0,0,0,0	114	57297
171208	191	467	454	187	153	63	22	10	4808	504	679	440	236	1	59	4568	451	1086	99,0,0,0,0,0	23805	571	101	55387	1853	0	81535,80951,79052,41782,41782,41782,41782	1	7	28859,27306,0,0,0,0,0	99	57701
171480	188	434	422	171	140	59	23	10	4634	504	681	427	233	2	46	4480	421	1016	99,0,0,0,0,0	23385	576	109	55490	1859	0	82237,81692,79764,41953,41953,41953,41953	1	5	28859,27414,0,0,0,0,0	95	58096
171667	178	421	399	166	137	57	22	9	4500	505	685	424	251	1	50	4475	416	964	99,0,0,0,0,0	23090	597	119	55602	1866	0	82922,82408,80458,42155,42155,42155,42155	1	3	28859,27529,0,0,0,0,0	90	58484
171860	177	417	364	153	129	51	20	9	4370	506	690	424	307	3	38	4226	389	922	99,0,0,0,0,0	28683	597	120	55712	1877	0	83609,83126,81153,42351,42351,42351,42351	1	6	28859,27647,0,0,0,0,0	82	58878
172077	162	407	328	136	119	46	19	9	4242	507	694	432	234	1	37	4045	349	868	99,0,0,0,0,0	28476	800	99	55806	1882	0	84019,83567,81571,42387,42387,42387,42387	0	4	28859,27744,0,0,0,0,0	76	59427
172298	142	381	350	125	104	41	18	9	4074	509	695	454	224	0	32	3541	310	851	99,0,0,0,0,0	17541	838	83	55886	1885	0	84428,84008,81987,42402,42402,42402,42402	0	3	28859,27827,0,0,0,0,0	69	60042
172487	130	361	332	103	101	38	16	8	3960	511	699	459	253	2	36	3333	281	800	99,0,0,0,0,0	17102	830	81	55959	1893	0	84826,84433,82394,42444,42444,42444,42444	0	6	28859,27908,0,0,0,0,0	61	60626
172710	128	328	315	92	96	35	15	7	3804	512	704	468	101	1	26	3166	260	749	99,0,0,0,0,0	17045	810	77	56032	1897	0	85214,84846,82789,42468,42468,42468,42468	0	7	28859,27983,0,0,0,0,0	64	61172
172912	121	330	280	92	89	32	14	3	3652	514	707	490	264	0	25	3046	234	724	99,0,0,0,0,0	16792	821	92	56120	1902	0	85623,85284,83207,42511,42511,42511,42511	0	7	28859,28074,0,0,0,0,0	58	61755
173063	142	307	263	85	87	27	13	3	3524	517	715	497	247	2	31	2584	224	700	99,0,0,0,0,0	16638	872	95	56211	1906	0	86042,85725,83634,42582,42582,42582,42582	0	4	28859,28169,0,0,0,0,0	50	62357
173250	134	293	258	80	85	27	10	5	3370	518	716	496	315	2	30	2211	224	663	99,0,0,0,0,0	27041	820	76	56286	1908	0	86441,86148,84041,42632,42632,42632,42632	0	6	28859,28246,0,0,0,0,0	50	62913
173415	122	252	263	85	80	27	9	4	3252	519	718	529	345	1	27	2411	209	629	99,0,0,0,0,0	26720	1024	61	56346	1909	0	86830,86557,84436,42666,42666,42666,42666	0	6	28859,28307,0,0,0,0,0	48	63644
173564	127	250	242	78	77	23	8	5	3129	519	724	499	275	2	26	2459	206	599	99,0,0,0,0,0	16422	1058	79	56421	1914	0	87253,86999,84865,42720,42720,42720,42720	0	5	28859,28384,0,0,0,0,0	41	64421
173703	122	253	222	71	60	23	7	6	3030	519	730	526	311	1	23	2299	193	565	99,0,0,0,0,0	16002	1058	69	56484	1920	0	87667,87429,85284,42772,42772,42772,42772	0	2	28859,28449,0,0,0,0,0	43	65165
173875	118	233	213	68	64	23	6	5	2886	521	734	520	105	0	17	2276	178	547	99,0,0,0,0,0	16087	1106	57	56535	1927	0	88039,87820,85661,42788,42788,42788,42788	0	4	28859,28504,0,0,0,0,0	39	65972
174062	109	214	196	66	65	21	5	4	2746	522	736	520	255	1	18	2156	161	515	99,0,0,0,0,0	15896	1056	46	56577	1931	0	88412,88213,86041,42801,42801,42801,42801	0	5	28859,28549,0,0,0,0,0	36	66702
174182	103	212	198	55	59	20	5	3	2648	522	739	517	271	3	21	2022	142	510	99,0,0,0,0,0	15894	1060	59	56629	1939	0	88809,88624,86444,42852,42852,42852,42852	0	2	28859,28605,0,0,0,0,0	39	67449
174352	84	197	197	58	51	19	5	3	2514	522	744	511	111	3	14	1865	132	479	100,0,0,0,0,0	21146	1070	34	56661	1941	0	89178,89011,86819,42872,42872,42872,42872	0	3	28859,28637,0,0,0,0,0	36	68202
174470	77	201	199	48	49	19	5	2	2407	522	747	524	163	2	16	1810	135	463	100,0,0,0,0,0	21124	356	49	56708	1943	0	89729,89577,87378,43003,43003,43003,43003	0	1	28859,28686,0,0,0,0,0	32	68451
174599	77	185	196	51	50	19	4	2	2285	523	755	530	281	2	19	1756	133	449	100,0,0,0,0,0	12453	339	56	56756	1952	0	90277,90141,87934,43133,43133,43133,43133	0	4	28859,28741,0,0,0,0,0	34	68678
174726	78	171	200	44	51	17	4	2	2172	523	758	544	261	1	11	1420	124	441	100,0,0,0,0,0	12542	371	49	56801	1957	0	90822,90701,88488,43257,43257,43257,43257	0	3	28859,28788,0,0,0,0,0	31	68924
174830	71	181	189	40	52	18	5	2	2076	523	759	587	321	0	18	1125	131	425	100,0,0,0,0,0	12172	348	57	56852	1963	0	91405,91299,89079,43404,43404,43404,43404	0	6	28859,28842,0,0,0,0,0	31	69155
174919	68	185	167	42	44	16	4	3	2013	523	762	587	253	4	18	1095	127	399	100,0,0,0,0,0	12041	333	49	56897	1968	0	91962,91869,89644,43542,43542,43542,43542	0	1	28859,28891,0,0,0,0,0	28	69389
175049	68	162	167	41	42	17	3	3	1904	524	766	577	99	2	12	1144	119	381	100,0,0,0,0,0	11870	341	40	56928	1977	0	92492,92414,90184,43661,43661,43661,43661	0	2	28859,28928,0,0,0,0,0	30	69624
175145	71	147	154	47	40	17	3	2	1825	524	771	583	80	1	13	1068	113	366	100,0,0,0,0,0	20552	344	43	56969	1979	0	93034,92969,90734,43801,43801,43801,43801	0	5	28859,28970,0,0,0,0,0	31	69860
175267	53	152	152	45	36	14	3	2	1723	524	775	585	88	0	15	1338	117	338	100,0,0,0,0,0	20740	321	29	56991	1986	0	93190,93139,90895,43703,43703,43703,43703	0	1	28859,28998,0,0,0,0,0	29	70070
175366	51	142	146	43	33	13	3	2	1645	524	778	574	78	0	8	1375	104	327	100,0,0,0,0,0	12216	337	37	57023	1991	0	93348,93309,91057,43607,43607,43607,43607	0	3	28859,29034,0,0,0,0,0	24	70295
175467	48	129	138	33	30	13	2	2	1581	525	778	568	261	1	12	1257	89	304	100,0,0,0,0,0	12183	318	26	57044	1996	0	93499,93472,91212,43504,43504,43504,43504	0	0	28859,29057,0,0,0,0,0	21	70521
175566	43	109	140	41	29	12	2	2	1498	525	779	578	244	0	14	1276	91	285	100,0,0,0,0,0	12153	335	31	57073	1998	0	93657,93639,91372,43405,43405,43405,43405	0	2	28859,29088,0,0,0,0,0	20	70743
175647	47	99	138	39	25	10	2	1	1431	526	781	573	259	0	14	1205	86	274	100,0,0,0,0,0	12009	313	27	57098	2000	0	93809,93801,91528,43313,43313,43313,43313	0	1	28859,29115,0,0,0,0,0	18	70949
175708	51	102	127	36	25	9	2	1	1376	526	783	585	77	0	7	1201	86	266	100,0,0,0,0,0	11884	329	39	57130	2008	0	93976,93978,91700,43239,43239,43239,43239	0	1	28859,29152,0,0,0,0,0	14	71169
175798	48	101	111	33	19	10	4	1	1310	526	785	579	90	0	7	1140	80	246	100,0,0,0,0,0	20546	319	24	57151	2011	0	94133,94144,91862,43153,43153,43153,43153	0	3	28859,29175,0,0,0,0,0	15	71392
175880	40	106	103	32	17	8	4	1	1236	526	793	574	158	1	5	968	71	239	100,0,0,0,0,0	20440	170	20	57169	2013	0	94333,94355,92069,43100,43100,43100,43100	0	1	28859,29194,0,0,0,0,0	14	71500
175974	35	92	106	34	19	8	4	1	1150	526	797	581	95	0	7	1035	71	227	100,0,0,0,0,0	11859	166	19	57185	2016	0	94551,94584,92292,43040,43040,43040,43040	0	1	28859,29213,0,0,0,0,0	12	71603
176067	33	88	87	27	18	8	5	1	1086	526	800	572	106	0	6	748	57	209	100,0,0,0,0,0	11687	151	12	57197	2016	0	94756,94796,92502,42975,42975,42975,42975	0	1	28859,29225,0,0,0,0,0	12	71701
176133	37	81	86	20	21	8	5	0	1024	526	805	550	5290	9	10	697	51	207	100,0,0,0,0,0	11452	171	27	57222	2018	0	94960,95008,92712,42929,42929,42929,42929	0	0	28859,29251,0,0,0,0,0	13	71818
176186	37	78	77	18	18	7	6	0	983	526	810	600	2703	4	9	672	54	187	100,0,0,0,0,0	11570	161	22	57243	2019	0	95173,95227,92930,42884,42884,42884,42884	0	0	28859,29273,0,0,0,0,0	13	71928
176234	30	75	77	20	21	6	6	0	936	526	815	607	1400	0	3	587	51	184	100,0,0,0,0,0	11474	189	19	57262	2019	0	95398,95458,93161,42851,42851,42851,42851	0	0	28859,29292,0,0,0,0,0	14	72060
176295	30	65	81	22	22	6	6	0	871	526	822	608	1003	0	9	579	51	181	100,0,0,0,0,0	20036	167	15	57273	2024	0	95604,95671,93373,42809,42809,42809,42809	0	1	28859,29306,0,0,0,0,0	14	72164
176359	35	60	68	23	20	6	7	0	818	526	824	616	617	1	4	610	46	173	100,0,0,0,0,0	20058	189	19	57290	2026	0	95829,95905,93606,42778,42778,42778,42778	0	2	28859,29324,0,0,0,0,0	12	72284
176395	36	53	74	24	18	5	7	0	776	526	832	612	2715	4	6	642	46	171	100,0,0,0,0,0	22154	173	17	57304	2029	0	96068,96153,93853,42755,42755,42755,42755	0	1	28859,29341,0,0,0,0,0	13	72402
176447	28	56	66	24	18	6	6	0	731	527	837	638	2890	1	6	644	50	154	100,0,0,0,0,0	22175	156	11	57314	2030	0	96291,96382,94083,42725,42725,42725,42725	0	3	28859,29352,0,0,0,0,0	12	72496
176503	15	58	61	19	18	7	6	0	693	528	838	642	2091	1	8	634	51	133	100,0,0,0,0,0	22155	179	6	57319	2031	0	96538,96635,94338,42700,42700,42700,42700	0	0	28859,29358,0,0,0,0,0	12	72619
176560	15	58	53	15	17	5	6	0	651	528	838	630	1460	0	5	573	46	123	100,0,0,0,0,0	22076	142	18	57335	2033	0	96757,96862,94566,42669,42669,42669,42669	0	0	28859,29375,0,0,0,0,0	11	72704
176598	16	55	52	12	12	4	5	1	620	528	843	588	1143	0	6	559	43	113	100,0,0,0,0,0	22019	161	12	57346	2034	0	96993,97102,94809,42648,42648,42648,42648	0	2	28859,29387,0,0,0,0,0	11	72812
176612	23	47	54	11	8	4	4	1	603	529	850	597	1827	0	2	501	37	114	100,0,0,0,0,0	19933	168	16	57361	2035	0	97228,97342,95052,42646,42646,42646,42646	0	1	28859,29402,0,0,0,0,0	9	72919
176638	24	52	53	9	7	4	4	1	570	529	855	589	2274	2	2	560	32	121	100,0,0,0,0,0	20030	175	19	57378	2037	0	97270,97387,95096,42508,42508,42508,42508	0	2	28859,29420,0,0,0,0,0	8	73019
176686	16	48	56	6	10	4	3	2	525	529	861	590	2281	3	2	516	31	112	100,0,0,0,0,0	22113	174	5	57383	2038	0	97291,97413,95119,42340,42340,42340,42340	0	0	28859,29426,0,0,0,0,0	8	73126
176705	7	47	54	10	10	4	3	2	510	529	865	621	1916	2	3	453	31	104	100,0,0,0,0,0	21977	159	8	57390	2039	0	97313,97438,95144,42189,42189,42189,42189	0	0	28859,29434,0,0,0,0,0	7	73215
176725	11	34	52	12	11	4	2	2	496	530	867	586	1397	0	5	424	36	90	100,0,0,0,0,0	21910	168	7	57396	2040	0	97337,97465,95171,42038,42038,42038,42038	0	0	28859,29440,0,0,0,0,0	6	73321
176760	11	29	44	11	10	2	1	2	475	531	870	617	1595	1	4	453	30	78	100,0,0,0,0,0	22087	190	5	57400	2041	0	97345,97475,95180,41866,41866,41866,41866	0	0	28859,29444,0,0,0,0,0	3	73439
176776	14	24	29	11	8	1	1	2	473	531	876	609	1995	0	3	428	23	65	100,0,0,0,0,0	22025	173	8	57405	2044	0	97365,97497,95203,41711,41711,41711,41711	0	0	28859,29451,0,0,0,0,0	2	73551
176795	11	30	29	7	9	1	2	2	446	531	883	639	2006	0	3	410	22	67	100,0,0,0,0,0	19840	167	7	57411	2045	0	97393,97528,95233,41564,41564,41564,41564	0	1	28859,29458,0,0,0,0,0	3	73671
176818	11	25	28	6	10	1	2	2	425	531	887	659	1896	0	3	401	22	61	100,0,0,0,0,0	19968	90	5	57415	2046	0	97404,97541,95246,41411,41411,41411,41411	0	0	28859,29463,0,0,0,0,0	3	73731
176837	9	23	29	5	13	1	2	1	400	531	895	644	1697	1	1	434	21	61	100,0,0,0,0,0	21976	112	6	57421	2046	0	97419,97559,95264,41257,41257,41257,41257	0	1	28859,29469,0,0,0,0,0	2	73797
176850	10	24	24	4	13	1	2	1	389	531	897	660	1790	0	2	321	23	55	100,0,0,0,0,0	22083	112	11	57431	2047	0	97426,97568,95273,41097,41097,41097,41097	0	0	28859,29480,0,0,0,0,0	3	73855
176882	9	25	22	4	9	2	2	1	361	531	898	654	1856	0	3	355	22	51	100,0,0,0,0,0	21797	118	6	57436	2048	0	97436,97580,95285,40934,40934,40934,40934	0	0	28859,29486,0,0,0,0,0	3	73925
176904	9	18	23	4	9	2	3	1	340	531	902	629	1903	0	3	412	21	47	100,0,0,0,0,0	21865	99	3	57439	2048	0	97445,97591,95297,40773,40773,40773,40773	0	0	28859,29489,0,0,0,0,0	4	73983
176933	6	15	21	6	9	2	3	1	315	531	904	620	1827	0	2	390	20	42	100,0,0,0,0,0	21925	110	1	57440	2048	0	97453,97601,95307,40608,40608,40608,40608	0	0	28859,29490,0,0,0,0,0	5	74045
176958	3	18	21	6	6	2	2	1	287	531	911	600	1772	0	1	436	16	42	100,0,0,0,0,0	19717	85	3	57443	2048	0	97470,97620,95325,40452,40452,40452,40452	0	0	28859,29493,0,0,0,0,0	4	74101
176980	9	14	22	4	5	2	3	1	262	531	913	583	1757	0	2	383	14	45	100,0,0,0,0,0	19754	88	6	57448	2049	0	97419,97573,95277,40261,40261,40261,40261	0	0	28859,29499,0,0,0,0,0	4	74148
176997	10	14	18	3	3	2	3	1	249	531	915	605	1761	0	2	471	16	37	100,0,0,0,0,0	21833	76	4	57452	2049	0	97367,97522,95226,40064,40064,40064,40064	0	0	28859,29503,0,0,0,0,0	6	74190
177003	9	11	18	5	4	2	3	1	238	531	921	626	1936	0	0	478	14	38	100,0,0,0,0,0	22151	88	5	57456	2050	0	97312,97467,95171,39867,39867,39867,39867	0	2	28859,29507,0,0,0,0,0	7	74239
177016	9	14	20	5	2	1	2	1	221	532	923	621	1995	0	3	437	15	38	100,0,0,0,0,0	21871	91	6	57461	2051	0	97266,97423,95126,39671,39671,39671,39671	0	0	28859,29512,0,0,0,0,0	4	74297
177026	7	16	19	5	2	0	0	2	206	533	930	637	1791	0	2	442	15	34	100,0,0,0,0,0	22043	88	1	57461	2052	0	97208,97366,95070,39471,39471,39471,39471	0	0	28859,29513,0,0,0,0,0	1	74349
177036	6	18	11	4	1	0	0	2	202	533	933	662	1754	0	0	387	9	31	100,0,0,0,0,0	22029	85	3	57463	2053	0	97160,97319,95023,39276,39276,39276,39276	0	0	28859,29516,0,0,0,0,0	0	74408
177051	4	19	10	4	2	0	0	2	183	533	938	656	1794	2	0	261	8	31	100,0,0,0,0,0	19870	93	2	57465	2053	0	97105,97264,94969,39081,39081,39081,39081	0	0	28859,29518,0,0,0,0,0	0	74463
177059	4	13	16	3	1	0	0	2	172	533	943	634	1898	0	0	258	7	30	100,0,0,0,0,0	19869	71	4	57469	2053	0	97057,97218,94922,38900,38900,38900,38900	0	0	28859,29522,0,0,0,0,0	0	74499
177067	2	9	15	4	3	0	0	2	165	533	946	639	1909	0	1	129	8	25	100,0,0,0,0,0	22031	76	1	57470	2053	0	96998,97159,94863,38703,38703,38703,38703	0	0	28859,29523,0,0,0,0,0	0	74540
177078	1	6	13	4	4	0	0	2	158	533	947	609	1773	0	3	130	9	19	100,0,0,0,0,0	21800	81	1	57471	2053	0	96931,97093,94798,38503,38503,38503,38503	0	0	28859,29524,0,0,0,0,0	0	74583
177079	2	6	10	2	2	0	0	2	160	533	950	600	1775	0	1	39	7	15	100,0,0,0,0,0	21709	73	3	57474	2053	0	96881,97044,94750,38316,38316,38316,38316	0	0	28859,29527,0,0,0,0,0	0	74628
177086	4	5	10	1	1	1	0	2	148	533	955	646	1828	0	0	33	5	17	100,0,0,0,0,0	21485	86	3	57477	2053	0	96814,96979,94685,38116,38116,38116,38116	0	0	28859,29530,0,0,0,0,0	0	74676
177092	3	6	8	1	1	1	0	1	141	533	959	647	1840	1	1	34	5	15	100,0,0,0,0,0	21758	88	1	57478	2053	0	96760,96924,94631,37921,37921,37921,37921	0	1	28859,29531,0,0,0,0,0	1	74733
177097	2	8	5	1	2	1	0	0	134	533	963	641	1885	0	0	28	3	16	100,0,0,0,0,0	19618	71	3	57481	2053	0	96707,96871,94579,37732,37732,37732,37732	0	0	28859,29534,0,0,0,0,0	1	74772
177098	5	7	7	1	2	1	0	0	125	533	967	626	1889	0	0	21	3	20	100,0,0,0,0,0	19679	76	5	57485	2054	0	96646,96811,94519,37555,37555,37555,37555	0	0	28859,29539,0,0,0,0,0	1	74814
177101	7	6	6	2	2	1	0	0	116	533	972	633	1727	0	1	21	4	20	100,0,0,0,0,0	21567	76	3	57488	2054	0	96584,96749,94459,37370,37370,37370,37370	0	0	28859,29542,0,0,0,0,0	1	74851
177108	4	9	5	1	0	2	0	0	110	533	974	664	1763	0	0	21	2	19	100,0,0,0,0,0	21584	76	0	57488	2054	0	96513,96679,94390,37182,37182,37182,37182	0	0	28859,29542,0,0,0,0,0	1	74895
177108	4	8	5	1	1	2	0	0	108	533	976	626	1845	0	1	20	3	18	100,0,0,0,0,0	21902	76	2	57489	2055	0	96451,96616,94329,36997,36997,36997,36997	0	0	28859,29544,0,0,0,0,0	2	74941
177116	1	8	4	2	0	3	0	0	97	533	982	608	1789	0	1	20	4	14	100,0,0,0,0,0	21394	76	0	57489	2055	0	96395,96561,94274,36815,36815,36815,36815	0	0	28859,29544,0,0,0,0,0	2	74989
177119	3	6	6	2	0	1	0	0	91	533	985	636	1889	0	1	16	3	15	100,0,0,0,0,0	21514	83	2	57491	2055	0	96338,96504,94219,36631,36631,36631,36631	0	0	28859,29546,0,0,0,0,0	1	75035
177117	2	6	7	2	1	1	0	0	87	533	990	653	1823	0	0	13	3	16	100,0,0,0,0,0	19396	76	2	57492	2056	0	96280,96446,94161,36450,36450,36450,36450	0	0	28859,29547,0,0,0,0,0	1	75075
177118	2	7	7	2	1	1	0	0	82	533	993	631	1820	0	1	14	4	16	100,0,0,0,0,0	19645	84	1	57493	2056	0	96200,96366,94082,36267,36267,36267,36267	0	1	28859,29548,0,0,0,0,0	1	75118
177120	2	6	7	2	0	1	0	0	80	533	995	615	1798	1	0	37	3	15	100,0,0,0,0,0	21701	70	1	57495	2056	0	96120,96286,94003,36081,36081,36081,36081	0	0	28859,29550,0,0,0,0,0	1	75149
177121	2	5	6	2	0	1	0	0	76	533	1000	607	1796	0	0	37	3	13	100,0,0,0,0,0	21663	68	0	57495	2056	0	96039,96205,93923,35899,35899,35899,35899	0	0	28859,29550,0,0,0,0,0	1	75190
177123	1	5	6	2	1	1	0	0	72	533	1002	607	1893	0	0	37	3	13	100,0,0,0,0,0	21720	70	1	57496	2056	0	95961,96128,93846,35717,35717,35717,35717	0	0	28859,29551,0,0,0,0,0	1	75227
177126	1	4	6	1	1	1	0	0	67	533	1006	591	1792	0	0	33	3	11	100,0,0,0,0,0	21512	62	1	57496	2057	0	95878,96045,93764,35530,35530,35530,35530	0	0	28859,29551,0,0,0,0,0	1	75258
177122	4	4	5	1	1	1	0	0	65	533	1010	568	1762	0	1	37	5	11	100,0,0,0,0,0	21763	67	5	57500	2058	0	95801,95967,93688,35350,35350,35350,35350	0	0	28859,29556,0,0,0,0,0	1	75290
177123	4	1	6	1	1	1	0	0	63	533	1013	588	1789	1	0	60	5	9	100,0,0,0,0,0	19411	76	0	57500	2058	0	95715,95881,93602,35163,35163,35163,35163	0	0	28859,29556,0,0,0,0,0	1	75329
177125	5	3	5	0	1	1	0	0	57	533	1016	569	1811	0	0	60	3	12	100,0,0,0,0,0	19529	70	3	57503	2058	0	95631,95797,93519,34992,34992,34992,34992	0	0	28859,29559,0,0,0,0,0	1	75362
177125	3	6	2	0	1	1	0	0	56	533	1019	583	1805	0	0	58	2	11	100,0,0,0,0,0	21714	58	2	57505	2058	0	95535,95701,93424,34811,34811,34811,34811	0	0	28859,29561,0,0,0,0,0	1	75390
177124	2	6	3	1	1	1	0	0	51	533	1024	572	1813	0	0	58	3	11	100,0,0,0,0,0	21769	146	1	57506	2058	97	95447,95612,93336,34637,34637,34637,34637	0	0	28859,29562,0,0,0,0,0	1	75409
177128	1	4	3	3	1	1	0	0	45	533	1027	575	1816	0	0	34	3	10	100,0,0,0,0,0	21508	196	0	57506	2058	226	95384,95549,93273,34509,34509,34509,34509	0	0	28859,29562,0,0,0,0,0	1	75449
177131	0	3	5	2	0	2	0	0	39	533	1031	585	1809	0	1	37	3	9	100,0,0,0,0,0	21699	197	0	57506	2058	358	95321,95488,93212,34394,34394,34394,34394	0	0	28859,29562,0,0,0,0,0	1	75487
177130	0	3	5	1	0	2	0	0	40	533	1032	592	1794	0	0	38	3	8	100,0,0,0,0,0	21513	183	1	57507	2058	483	95262,95428,93154,34280,34280,34280,34280	0	0	28859,29563,0,0,0,0,0	2	75521
177126	0	3	3	1	0	2	0	0	40	533	1038	587	1837	0	0	38	3	6	100,0,0,0,0,0	19605	173	0	57507	2058	603	95208,95374,93101,34174,34174,34174,34174	0	0	28859,29563,0,0,0,0,0	2	75546
177127	0	3	3	0	0	1	0	0	39	533	1040	593	1753	0	0	39	2	5	100,0,0,0,0,0	19618	198	0	57507	2058	720	95144,95310,93038,34068,34068,34068,34068	0	0	28859,29563,0,0,0,0,0	1	75582
177126	0	2	2	1	0	1	0	0	37	533	1044	579	1788	0	0	8	1	5	100,0,0,0,0,0	21662	213	0	57507	2058	862	95073,95239,92968,33954,33954,33954,33954	0	0	28859,29563,0,0,0,0,0	1	75618
177127	1	1	2	0	1	1	0	0	34	533	1046	580	1860	0	0	9	1	5	100,0,0,0,0,0	21601	289	1	57508	2058	1067	95006,95172,92902,33853,33853,33853,33853	0	0	28859,29564,0,0,0,0,0	1	75663
177126	1	0	2	0	1	1	0	0	33	533	1049	595	1746	0	0	6	1	4	100,0,0,0,0,0	21799	277	0	57508	2058	1271	94958,95124,92856,33777,33777,33777,33777	0	0	28859,29564,0,0,0,0,0	1	75703
177122	1	0	1	0	1	1	0	0	34	533	1053	587	1816	0	1	7	2	2	100,0,0,0,0,0	21374	220	0	57508	2058	1439	94915,95080,92814,33713,33713,33713,33713	0	0	28859,29564,0,0,0,0,0	1	75730
177121	1	0	1	0	1	1	0	0	32	533	1056	575	1841	0	0	7	2	2	100,0,0,0,0,0	21544	284	0	57508	2058	1651	94865,95031,92765,33630,33630,33630,33630	0	0	28859,29564,0,0,0,0,0	1	75769
177121	0	1	1	0	1	1	0	0	28	533	1060	579	1755	0	0	7	2	2	100,0,0,0,0,0	19645	264	0	57508	2058	1845	94818,94983,92719,33565,33565,33565,33565	0	0	28859,29564,0,0,0,0,0	1	75805
177124	0	1	1	0	1	1	0	0	25	533	1060	576	1821	0	0	2	1	3	100,0,0,0,0,0	19670	267	0	57508	2058	2050	94774,94938,92676,33507,33507,33507,33507	0	0	28859,29564,0,0,0,0,0	1	75835
177124	0	1	1	0	1	0	0	0	22	533	1064	556	1773	0	0	2	1	2	100,0,0,0,0,0	21479	278	0	57508	2058	2261	94727,94891,92630,33451,33451,33451,33451	0	0	28859,29564,0,0,0,0,0	0	75873
177122	0	0	2	0	1	0	0	0	21	533	1067	578	1834	0	0	2	1	2	100,0,0,0,0,0	21756	232	0	57508	2058	2439	94688,94852,92592,33403,33403,33403,33403	0	0	28859,29564,0,0,0,0,0	0	75905
177120	0	0	2	0	1	0	0	0	19	533	1071	569	1836	0	0	2	1	2	100,0,0,0,0,0	21544	251	0	57508	2058	2618	94638,94801,92543,33332,33332,33332,33332	0	0	28859,29564,0,0,0,0,0	0	75938
177119	0	0	1	0	1	0	0	0	17	533	1075	536	1768	0	0	2	1	1	100,0,0,0,0,0	21606	239	0	57508	2058	2795	94584,94747,92490,33260,33260,33260,33260	0	0	28859,29564,0,0,0,0,0	0	75969
177117	0	0	1	0	1	0	0	0	14	533	1080	557	1862	0	0	2	1	1	100,0,0,0,0,0	21568	222	0	57508	2058	2947	94534,94697,92442,33192,33192,33192,33192	0	0	28859,29564,0,0,0,0,0	0	76009
177116	0	0	1	0	1	0	0	0	13	533	1082	632	1755	0	0	2	1	1	100,0,0,0,0,0	19426	231	0	57508	2058	3124	94478,94640,92386,33112,33112,33112,33112	0	0	28859,29564,0,0,0,0,0	0	76036
177112	0	0	1	0	1	0	0	0	12	533	1087	632	1818	0	0	1	1	1	100,0,0,0,0,0	19567	247	0	57508	2058	3281	94431,94594,92341,33069,33069,33069,33069	0	0	28859,29564,0,0,0,0,0	0	76083
177108	0	0	1	0	1	0	0	0	11	533	1092	625	1853	0	0	1	1	1	100,0,0,0,0,0	21549	239	0	57508	2058	3428	94372,94534,92283,33005,33005,33005,33005	0	0	28859,29564,0,0,0,0,0	0	76138
177104	1	0	1	0	0	0	0	0	12	533	1095	611	1772	0	0	1	0	2	100,0,0,0,0,0	21799	332	1	57509	2058	3686	94312,94473,92224,32935,32935,32935,32935	0	0	28859,29565,0,0,0,0,0	0	76164
177102	1	1	1	0	0	0	0	0	12	533	1096	625	1805	0	0	1	0	3	100,0,0,0,0,0	21689	331	1	57510	2058	3939	94280,94440,92193,32922,32922,32922,32922	0	0	28859,29566,0,0,0,0,0	0	76203
177104	1	0	1	1	0	0	0	0	8	533	1098	613	1858	0	0	1	0	3	100,0,0,0,0,0	21753	375	0	57510	2058	4226	94239,94400,92153,32898,32898,32898,32898	0	0	28859,29566,0,0,0,0,0	0	76243
177103	0	1	1	0	0	1	0	0	6	533	1101	620	1750	0	0	2	0	3	100,0,0,0,0,0	21552	335	0	57510	2058	4484	94212,94372,92128,32894,32894,32894,32894	0	0	28859,29566,0,0,0,0,0	0	76289
177068	13	21	1	1	0	1	0	0	6	533	1102	620	1795	1	1	4	1	36	8,91,0,0,0,0	19747	364	0	57540	2062	4760	94203,94362,92120,32915,32915,32915,32915	0	0	28859,29566,34,0,0,0,0	1	76324
177031	36	33	2	1	0	1	0	0	6	533	1103	651	1810	0	0	5	2	71	2,97,0,0,0,0	19403	468	4	57570	2069	5023	94208,94367,92126,32969,32969,32969,32969	0	0	28859,29566,71,0,0,0,0	1	76414
176998	47	45	4	0	1	1	0	0	8	533	1109	656	1863	0	1	54	2	96	1,98,0,0,0,0	21559	477	2	57594	2072	5308	94203,94360,92122,33005,33005,33005,33005	0	0	28859,29566,98,0,0,0,0	1	76509
176967	50	60	14	2	2	1	0	0	7	533	1110	676	1790	1	0	156	2	127	0,99,0,0,0,0	10251	484	12	57622	2075	5619	94188,94345,92108,33040,33040,33040,33040	0	1	28859,29566,129,0,0,0,0	1	76583
176923	52	75	29	6	4	0	0	0	12	533	1112	696	1784	1	2	188	4	162	0,100,0,0,0,0	10275	521	13	57659	2080	5928	94202,94359,92125,33109,33109,33109,33109	0	0	28859,29566,171,0,0,0,0	0	76677
176872	55	95	38	7	7	0	0	0	23	533	1116	702	1809	2	4	198	7	195	0,100,0,0,0,0	10301	491	23	57703	2083	6227	94218,94375,92142,33181,33181,33181,33181	0	0	28859,29566,218,0,0,0,0	0	76755
176844	45	101	53	10	9	0	0	0	32	533	1119	691	1824	3	3	217	14	204	0,100,0,0,0,0	10442	447	27	57728	2085	6504	94219,94375,92144,33224,33224,33224,33224	0	0	28859,29566,245,0,0,0,0	0	76822
176810	52	96	55	10	12	0	0	0	55	533	1123	716	1862	0	3	405	20	205	0,100,0,0,0,0	19751	426	31	57755	2089	6741	94214,94369,92140,33263,33263,33263,33263	0	1	28859,29566,276,0,0,0,0	0	76908
176770	62	101	54	19	10	0	0	0	71	533	1126	721	1833	0	5	451	25	221	0,100,0,0,0,0	20080	417	39	57790	2093	7048	94238,94392,92166,33323,33323,33323,33323	0	3	28859,29566,315,0,0,0,0	0	76948
176735	63	101	71	17	11	0	0	0	86	533	1129	745	1833	3	5	527	29	234	0,100,0,0,0,0	10764	408	34	57822	2096	7350	94269,94423,92199,33403,33403,33403,33403	0	3	28859,29566,350,0,0,0,0	1	76994
176697	60	102	79	16	15	0	1	0	105	533	1138	736	1908	3	6	594	38	235	0,100,0,0,0,0	10848	417	37	57856	2099	7667	94305,94458,92237,33485,33485,33485,33485	0	5	28859,29566,387,0,0,0,0	1	77031
176652	68	102	88	21	19	0	0	0	121	534	1141	709	1940	5	7	644	47	251	0,100,0,0,0,0	10803	354	44	57899	2103	7932	94356,94509,92290,33586,33586,33586,33586	0	3	28859,29566,434,0,0,0,0	0	77056
176605	73	126	78	16	24	0	0	0	148	534	1142	717	1888	0	3	510	51	266	0,100,0,0,0,0	10795	386	55	57948	2110	8228	94385,94537,92321,33654,33654,33654,33654	0	0	28859,29566,490,0,0,0,0	0	77081
176564	70	130	87	20	23	0	0	0	174	534	1144	740	1848	1	9	616	60	270	0,100,0,0,0,0	10712	356	46	57980	2124	8492	94401,94553,92340,33721,33721,33721,33721	0	2	28859,29566,536,0,0,0,0	0	77111
176524	74	139	96	18	19	0	2	0	192	534	1148	757	1953	1	4	779	67	281	0,100,0,0,0,0	20183	395	45	58021	2128	8781	94432,94583,92373,33791,33791,33791,33791	0	1	28859,29566,581,0,0,0,0	1	77141
176482	80	132	93	20	20	0	2	0	228	534	1155	763	1845	1	6	806	64	283	0,100,0,0,0,0	20436	346	41	58059	2131	9088	94453,94603,92395,33876,33876,33876,33876	0	1	28859,29566,622,0,0,0,0	3	77145
176447	80	131	104	22	18	0	1	0	249	535	1159	782	1758	1	3	635	58	298	0,100,0,0,0,0	11240	322	42	58095	2137	9364	94476,94626,92421,33962,33962,33962,33962	0	0	28859,29566,664,0,0,0,0	2	77148
176406	86	137	114	26	20	0	0	1	257	535	1164	777	2021	3	5	641	60	323	0,100,0,0,0,0	11067	308	51	58136	2147	9621	94485,94636,92433,34030,34030,34030,34030	0	2	28859,29566,715,0,0,0,0	1	77150
176372	91	142	112	22	19	0	0	1	285	535	1167	759	1894	0	7	617	64	322	0,100,0,0,0,0	10860	306	41	58175	2149	9881	94489,94639,92439,34085,34085,34085,34085	0	1	28859,29566,756,0,0,0,0	1	77159
176328	78	156	129	21	22	0	0	1	303	535	1173	791	1985	4	7	582	62	344	0,100,0,0,0,0	10976	296	50	58218	2156	10126	94491,94641,92443,34144,34144,34144,34144	0	1	28859,29566,806,0,0,0,0	1	77163
176277	74	166	142	25	18	0	0	0	328	535	1181	790	1835	2	6	678	68	357	0,100,0,0,0,0	11124	312	59	58272	2161	10383	94507,94656,92462,34208,34208,34208,34208	0	1	28859,29566,865,0,0,0,0	0	77165
176230	93	159	144	29	19	0	1	0	352	535	1184	783	1826	5	8	683	75	370	0,100,0,0,0,0	20194	308	59	58322	2170	10639	94523,94672,92481,34280,34280,34280,34280	0	2	28859,29566,923,0,0,0,0	4	77179
176200	84	157	139	32	23	0	1	0	385	535	1190	773	2076	4	6	753	71	365	0,100,0,0,0,0	20153	322	44	58361	2175	10907	94531,94679,92491,34359,34359,34359,34359	0	3	28859,29566,966,0,0,0,0	2	77201
176151	93	170	135	29	21	1	2	0	408	535	1201	773	1946	1	10	600	74	377	0,100,0,0,0,0	11142	323	70	58423	2184	11179	94563,94710,92528,34456,34456,34456,34456	0	5	28859,29566,1037,0,0,0,0	3	77222
176092	108	176	136	26	27	0	2	0	441	535	1203	788	1962	1	7	780	70	405	0,100,0,0,0,0	11110	296	76	58491	2193	11430	94587,94733,92555,34555,34555,34555,34555	0	1	28859,29566,1113,0,0,0,0	2	77228
176057	113	168	156	27	24	0	1	0	457	536	1207	798	2012	2	9	859	73	416	0,100,0,0,0,0	11092	307	60	58543	2202	11695	94595,94741,92567,34626,34626,34626,34626	0	4	28859,29566,1173,0,0,0,0	1	77237
175982	121	202	155	25	22	1	1	0	489	536	1212	787	1836	5	4	863	71	456	0,100,0,0,0,0	11227	316	94	58627	2212	11953	94637,94781,92612,34741,34741,34741,34741	0	3	28859,29566,1266,0,0,0,0	2	77250
175905	120	247	156	32	25	1	1	0	508	536	1215	803	1845	2	8	865	86	496	0,100,0,0,0,0	11089	319	101	58717	2223	12220	94680,94825,92660,34853,34853,34853,34853	0	1	28859,29566,1367,0,0,0,0	3	77247
175868	124	245	169	36	24	2	1	0	522	536	1219	799	1981	4	7	857	83	518	0,100,0,0,0,0	20317	284	65	58780	2226	12459	94709,94852,92692,34943,34943,34943,34943	0	4	28859,29566,1433,0,0,0,0	2	77250
175809	123	243	199	37	29	3	0	0	539	537	1227	762	1795	4	9	786	95	539	0,100,0,0,0,0	20385	288	83	58852	2238	12690	94768,94909,92756,35075,35075,35075,35075	0	5	28859,29566,1515,0,0,0,0	3	77250
175748	139	227	214	43	23	2	0	0	582	537	1231	745	2011	4	9	825	96	552	0,100,0,0,0,0	11014	308	83	58921	2252	12954	94823,94961,92815,35189,35189,35189,35189	0	2	28859,29566,1597,0,0,0,0	3	77258
175659	149	270	187	45	30	2	0	0	628	537	1239	731	1903	6	13	880	108	575	0,100,0,0,0,0	11123	300	114	59020	2269	13202	94904,95039,92900,35345,35345,35345,35345	0	6	28859,29566,1713,0,0,0,0	5	77253
175585	179	279	198	45	37	2	0	0	638	537	1246	742	1904	1	12	985	118	622	0,100,0,0,0,0	10968	264	117	59124	2283	13426	94993,95127,92996,35499,35499,35499,35499	0	1	28859,29566,1829,0,0,0,0	2	77241
175478	196	309	208	45	40	2	1	0	679	537	1251	717	1964	10	11	850	118	683	0,100,0,0,0,0	11130	255	134	59240	2302	13639	95088,95220,93096,35662,35662,35662,35662	0	3	28859,29566,1963,0,0,0,0	1	77230
175376	208	346	223	42	37	3	1	0	719	537	1254	737	1813	5	18	1073	133	727	0,100,0,0,0,0	11120	270	136	59358	2321	13855	95154,95284,93168,35802,35802,35802,35802	0	2	28859,29566,2100,0,0,0,0	4	77201
175286	197	396	236	49	46	3	1	0	735	537	1260	747	1802	4	10	1128	143	785	0,100,0,0,0,0	20711	309	132	59479	2333	14109	95244,95372,93264,35953,35953,35953,35953	0	5	28859,29566,2231,0,0,0,0	5	77188
175207	177	410	259	56	48	4	1	0	781	537	1266	747	2005	7	13	1313	142	813	0,100,0,0,0,0	20771	290	116	59583	2345	14361	95315,95441,93339,36101,36101,36101,36101	0	5	28859,29566,2347,0,0,0,0	6	77175
175091	207	420	283	60	57	4	2	0	812	537	1273	754	2063	2	19	1566	161	872	0,100,0,0,0,0	11777	290	158	59720	2367	14608	95411,95535,93441,36281,36281,36281,36281	0	3	28859,29566,2506,0,0,0,0	8	77149
174973	251	409	309	62	54	4	4	0	865	537	1278	733	2036	4	19	1659	159	934	0,100,0,0,0,0	11907	277	156	59855	2390	14841	95494,95617,93530,36449,36449,36449,36449	0	3	28859,29566,2662,0,0,0,0	10	77118
174852	281	433	315	53	72	4	3	1	915	537	1280	748	2048	6	26	1767	174	987	0,100,0,0,0,0	11938	290	170	60006	2409	15103	95587,95708,93628,36615,36615,36615,36615	0	1	28859,29566,2832,0,0,0,0	8	77087
174698	300	457	350	57	77	8	3	1	972	537	1286	747	1942	11	22	2209	191	1061	0,100,0,0,0,0	12519	277	192	60169	2438	15344	95702,95822,93749,36826,36826,36826,36826	0	11	28859,29566,3023,0,0,0,0	13	77050
174528	324	511	394	65	68	9	4	2	1013	537	1291	775	1868	7	27	2303	220	1155	0,100,0,0,0,0	12473	294	226	60369	2464	15593	95836,95954,93889,37052,37052,37052,37052	0	9	28859,29566,3248,0,0,0,0	15	76999
174406	326	535	415	72	74	12	5	2	1063	537	1299	724	2047	2	16	2476	229	1210	0,100,0,0,0,0	21860	294	189	60540	2483	15850	95945,96061,94005,37250,37250,37250,37250	0	7	28859,29566,3436,0,0,0,0	16	76938
174255	326	552	433	71	88	12	5	2	1162	537	1303	703	1967	10	19	2807	235	1252	0,100,0,0,0,0	21931	266	198	60717	2506	16085	96046,96162,94112,37465,37465,37465,37465	0	7	28859,29566,3635,0,0,0,0	23	76870
174067	356	621	458	69	95	12	5	2	1217	538	1306	691	2096	14	28	2884	241	1375	0,100,0,0,0,0	13144	291	267	60940	2551	16335	96184,96301,94260,37712,37712,37712,37712	0	12	28859,29566,3903,0,0,0,0	19	76803
173842	383	666	518	69	96	11	6	2	1305	538	1310	723	1830	11	32	2960	266	1483	0,100,0,0,0,0	13170	305	276	61185	2584	16606	96346,96463,94430,37982,37982,37982,37982	0	4	28859,29566,4179,0,0,0,0	21	76744
173643	409	729	554	69	95	9	5	2	1376	539	1316	709	2051	14	33	3122	297	1573	0,100,0,0,0,0	13392	310	277	61418	2630	16878	96504,96621,94597,38254,38254,38254,38254	0	8	28859,29566,4457,0,0,0,0	24	76671
173430	425	767	614	82	95	7	4	2	1462	540	1318	703	2030	13	28	3349	311	1683	0,100,0,0,0,0	13637	310	293	61678	2664	17154	96673,96789,94774,38546,38546,38546,38546	0	12	28859,29566,4750,0,0,0,0	15	76579
173163	449	843	643	90	97	6	6	2	1586	540	1321	710	2019	8	37	3536	334	1800	0,100,0,0,0,0	13816	296	336	61976	2704	17420	96885,97001,94995,38885,38885,38885,38885	0	13	28859,29566,5087,0,0,0,0	20	76476
172963	451	869	707	100	101	8	6	0	1676	541	1324	696	2034	14	33	3054	346	1896	0,100,0,0,0,0	22593	276	291	62232	2742	17654	97049,97166,95169,39168,39168,39168,39168	1	21	28859,29566,5379,0,0,0,0	20	76372
172752	454	913	726	108	102	9	7	0	1807	542	1326	682	1977	11	34	3355	354	1965	0,100,0,0,0,0	22404	287	302	62494	2783	17895	97216,97333,95345,39451,39451,39451,39451	1	10	28859,29566,5680,0,0,0,0	17	76269
172449	502	965	755	124	123	12	6	0	1935	543	1332	652	1998	15	38	3573	378	2109	0,100,0,0,0,0	14064	303	385	62828	2837	18156	97455,97572,95594,39807,39807,39807,39807	1	10	28859,29566,6066,0,0,0,0	21	76169
172146	580	1015	791	143	131	12	5	0	2045	544	1334	662	1985	16	55	3746	441	2236	0,100,0,0,0,0	13884	335	414	63188	2895	18447	97708,97826,95860,40188,40188,40188,40188	1	18	28859,29566,6484,0,0,0,0	28	76047
171864	588	1105	827	156	139	13	6	0	2163	544	1341	669	2016	15	48	4092	478	2356	0,100,0,0,0,0	14179	304	397	63540	2947	18716	97939,98059,96104,40555,40555,40555,40555	1	20	28859,29566,6887,0,0,0,0	33	75892
171562	598	1157	885	158	166	17	6	0	2310	544	1343	676	2041	28	57	4364	508	2479	0,100,0,0,0,0	14522	311	415	63894	3009	18986	98202,98323,96379,40944,40944,40944,40944	1	15	28859,29566,7299,0,0,0,0	38	75776
171305	634	1172	943	178	168	17	11	0	2428	544	1346	689	2028	25	67	4627	543	2580	0,100,0,0,0,0	14662	324	419	64261	3065	19265	98450,98572,96645,41301,41301,41301,41301	1	16	28859,29566,7722,0,0,0,0	46	75651
171031	620	1230	998	184	162	19	10	0	2593	546	1353	680	1997	25	62	4749	553	2670	0,100,0,0,0,0	23789	345	411	64623	3116	19571	98697,98819,96905,41677,41677,41677,41677	1	26	28859,29566,8131,0,0,0,0	58	75500
170755	623	1289	1047	173	171	20	11	0	2754	546	1357	652	2039	24	57	5320	579	2755	0,100,0,0,0,0	24224	320	429	64989	3181	19857	98950,99073,97174,42079,42079,42079,42079	1	17	28859,29566,8559,0,0,0,0	66	75321
170455	668	1384	1040	183	186	18	10	2	2892	546	1362	651	2015	18	71	5721	634	2855	0,100,0,0,0,0	25767	304	473	65414	3235	20117	99231,99354,97471,42501,42501,42501,42501	2	15	28859,29566,9037,0,0,0,0	63	75124
170175	690	1398	1066	204	197	21	9	3	3068	546	1369	672	1954	26	50	5769	623	2962	0,100,0,0,0,0	26023	335	432	65791	3293	20403	99487,99611,97742,42877,42877,42877,42877	2	26	28859,29566,9469,0,0,0,0	62	74971
169844	711	1442	1085	213	216	25	8	2	3277	547	1376	668	1969	28	70	5681	640	3060	0,100,0,0,0,0	25955	279	500	66225	3361	20641	99772,99896,98044,43314,43314,43314,43314	2	35	28859,29566,9969,0,0,0,0	56	74761
169561	702	1477	1122	230	215	23	8	2	3474	549	1383	712	2004	15	79	6087	691	3086	0,100,0,0,0,0	26389	322	457	66633	3412	20923	100029,100154,98317,43689,43689,43689,43689	2	26	28859,29566,10424,0,0,0,0	57	74581
169311	684	1511	1154	231	206	25	8	2	3673	551	1390	655	2029	29	83	6433	705	3114	0,100,0,0,0,0	26348	303	449	67024	3471	21190	100283,100409,98589,44062,44062,44062,44062	2	19	28859,29566,10872,0,0,0,0	63	74398
169081	690	1512	1204	244	221	25	8	2	3812	552	1395	653	1923	35	70	6221	701	3203	0,100,0,0,0,0	25007	300	457	67410	3547	21450	100531,100658,98859,44425,44425,44425,44425	2	32	28859,29566,11330,0,0,0,0	57	74218
168831	713	1471	1271	250	237	26	10	2	3984	552	1399	657	1981	30	79	6085	741	3237	0,100,0,0,0,0	24938	287	474	67811	3624	21699	100782,100909,99131,44803,44803,44803,44803	3	28	28859,29566,11804,0,0,0,0	71	74009
168565	773	1485	1272	241	234	28	11	2	4180	552	1403	626	1981	33	74	5898	720	3324	0,100,0,0,0,0	26173	312	510	68241	3706	21975	101049,101177,99420,45195,45195,45195,45195	3	28	28859,29566,12308,0,0,0,0	66	73794
168284	815	1504	1314	266	244	24	11	2	4324	553	1405	652	2014	29	90	5884	758	3420	0,100,0,0,0,0	16350	502	544	68701	3792	22437	101352,101481,99747,45610,45610,45610,45610	3	26	28859,29566,12847,0,0,0,0	60	73594
167984	827	1571	1300	288	235	31	12	2	4535	553	1408	642	2023	33	98	6096	768	3496	0,100,0,0,0,0	16257	518	554	69174	3878	22909	101730,101860,100149,46137,46137,46137,46137	3	21	28859,29566,13401,0,0,0,0	69	73407
167626	884	1651	1345	284	237	31	10	1	4708	555	1414	642	1977	30	95	6135	786	3656	0,100,0,0,0,0	16454	474	623	69695	3980	23350	102138,102266,100581,46721,46721,46721,46721	3	31	28859,29566,14015,0,0,0,0	71	73163
167239	937	1725	1357	308	244	30	11	1	4917	556	1421	627	1926	27	92	6295	801	3811	0,100,0,0,0,0	16543	511	648	70246	4080	23812	102557,102687,101025,47311,47311,47311,47311	3	33	28859,29566,14660,0,0,0,0	74	72929
166977	951	1707	1379	332	245	31	11	1	5132	556	1424	646	2029	30	81	6019	802	3854	0,100,0,0,0,0	25221	500	537	70709	4158	24274	102923,103052,101414,47821,47821,47821,47821	3	36	28859,29566,15193,0,0,0,0	76	72723
166720	881	1790	1430	325	252	32	12	1	5317	556	1430	623	2025	36	103	5770	805	3917	0,100,0,0,0,0	24998	529	527	71150	4250	24742	103268,103398,101784,48313,48313,48313,48313	4	37	28859,29566,15722,0,0,0,0	83	72533
166345	962	1848	1485	324	275	28	13	0	5471	558	1437	648	1955	29	81	6256	828	4107	0,100,0,0,0,0	16472	517	682	71725	4361	25204	103735,103864,102278,48940,48940,48940,48940	4	28	28859,29566,16399,0,0,0,0	73	72313
165992	1000	1930	1542	324	286	28	13	1	5624	560	1446	625	1963	45	100	6660	875	4248	0,100,0,0,0,0	16818	706	662	72286	4463	25844	104187,104314,102756,49536,49536,49536,49536	4	31	28859,29566,17057,0,0,0,0	69	72102
165632	1028	2003	1609	313	305	28	11	3	5806	561	1447	661	1983	41	108	6695	899	4398	0,100,0,0,0,0	16705	673	705	72894	4566	26460	104702,104828,103300,50237,50237,50237,50237	4	29	28859,29566,17763,0,0,0,0	65	71832
165255	1084	2109	1672	321	289	31	18	3	5950	563	1451	649	2003	38	90	6918	932	4592	0,100,0,0,0,0	17443	679	743	73533	4675	27080	105229,105358,103860,50942,50942,50942,50942	4	30	28859,29566,18506,0,0,0,0	71	71560
164826	1131	2178	1715	340	325	30	17	4	6160	564	1456	624	2042	45	115	6969	1013	4723	0,100,0,0,0,0	17164	667	776	74194	4792	27697	105797,105926,104458,51695,51695,51695,51695	4	38	28859,29566,19275,0,0,0,0	79	71276
164519	1122	2213	1783	353	316	28	14	7	6366	565	1460	611	1983	34	106	6915	1029	4800	0,100,0,0,0,0	25955	652	656	74747	4901	28287	106268,106396,104959,52346,52346,52346,52346	4	45	28859,29566,19933,0,0,0,0	80	71012
164206	1099	2246	1867	367	310	36	16	7	6565	566	1461	595	1992	52	96	7221	1040	4901	0,100,0,0,0,0	25967	704	689	75323	5021	28925	106744,106874,105467,52992,52992,52992,52992	4	34	28859,29566,20620,0,0,0,0	82	70736
163793	1163	2289	1880	366	333	40	18	6	6825	569	1464	586	1923	37	106	7435	1060	5029	0,100,0,0,0,0	17757	691	809	76007	5150	29550	107327,107458,106085,53759,53759,53759,53759	4	37	28859,29566,21425,0,0,0,0	86	70433
163395	1242	2287	1922	405	349	41	15	4	7046	572	1468	575	1995	64	134	7657	1108	5153	0,100,0,0,0,0	17704	902	818	76703	5275	30389	107925,108058,106718,54523,54523,54523,54523	4	37	28859,29566,22230,0,0,0,0	88	70140
163040	1307	2357	1971	375	349	46	16	4	7235	574	1472	585	2000	47	138	8117	1175	5246	0,100,0,0,0,0	18193	846	825	77381	5432	31182	108550,108683,107383,55340,55340,55340,55340	4	43	28859,29566,23054,0,0,0,0	81	69845
162632	1290	2454	2050	375	370	49	18	4	7453	575	1476	578	2074	40	149	8605	1293	5313	0,100,0,0,0,0	18451	823	817	78070	5571	31958	109162,109299,108032,56162,56162,56162,56162	4	29	28859,29566,23870,0,0,0,0	92	69518
162281	1241	2561	2089	369	374	53	16	4	7698	579	1481	571	1958	48	109	8960	1293	5410	0,100,0,0,0,0	19117	821	799	78745	5699	32721	109758,109896,108667,56939,56939,56939,56939	5	34	28859,29566,24670,0,0,0,0	91	69198
161972	1193	2573	2140	391	409	53	17	3	7932	580	1483	577	1987	44	109	8604	1291	5485	0,100,0,0,0,0	27438	902	776	79401	5823	33547	110351,110488,109298,57709,57709,57709,57709	5	47	28859,29566,25447,0,0,0,0	94	68892
161705	1164	2567	2211	384	437	50	22	1	8138	580	1487	549	1968	40	139	9139	1339	5496	0,100,0,0,0,0	27507	1054	763	80038	5956	34419	110915,111052,109901,58450,58450,58450,58450	5	37	28859,29566,26201,0,0,0,0	103	68621
161215	1260	2646	2293	373	403	48	24	1	8412	582	1489	573	1943	55	130	9331	1369	5678	0,100,0,0,0,0	19620	1000	963	80839	6125	35234	111647,111788,110675,59410,59410,59410,59410	5	51	28859,29566,27149,0,0,0,0	101	68292
160896	1298	2631	2297	379	430	45	23	2	8671	584	1490	586	1990	52	127	9274	1376	5727	0,100,0,0,0,0	19687	1635	840	81544	6264	36699	112286,112426,111355,60202,60202,60202,60202	5	42	28859,29566,27976,0,0,0,0	103	68023
160531	1348	2691	2314	369	443	46	23	3	8893	587	1498	578	1915	37	136	9719	1398	5836	0,100,0,0,0,0	19939	1747	889	82278	6427	38257	113115,113256,112230,61308,61308,61308,61308	5	44	28859,29566,28856,0,0,0,0	89	67753
160214	1371	2722	2320	389	431	53	24	4	9132	587	1499	570	1994	52	148	10189	1416	5894	0,100,0,0,0,0	20582	1672	860	82991	6579	39743	113967,114109,113126,62424,62424,62424,62424	5	31	28859,29566,29701,0,0,0,0	89	67513
159952	1336	2803	2358	407	431	53	25	4	9286	591	1500	600	2031	53	146	10227	1429	5984	0,100,0,0,0,0	20694	1722	863	83687	6749	41285	114767,114907,113974,63464,63464,63464,63464	5	41	28859,29566,30550,0,0,0,0	94	67243
159775	1263	2788	2422	401	420	48	27	3	9504	592	1503	578	1987	61	133	9618	1403	5966	0,100,0,0,0,0	28523	1783	768	84302	6906	42886	115506,115646,114760,64436,64436,64436,64436	5	41	28859,29566,31307,0,0,0,0	103	66975
159570	1218	2768	2455	440	428	49	27	4	9688	594	1505	565	1942	47	102	9331	1384	6001	0,99,0,0,0,0	27962	1654	761	84953	7048	44367	116304,116445,115605,65462,65462,65462,65462	5	54	28859,29566,32055,26,0,0,0	98	66702
159286	1243	2711	2470	463	449	49	25	5	9940	597	1508	583	2042	59	154	9516	1429	5981	0,99,0,0,0,0	19498	1660	829	85636	7225	45892	117127,117269,116475,66517,66517,66517,66517	5	45	28859,29566,32869,56,0,0,0	102	66436
158986	1276	2692	2530	470	452	53	26	4	10149	598	1510	547	1891	43	155	9358	1457	6042	0,98,1,0,0,0	19868	850	856	86368	7381	46595	117998,118141,117393,67604,67604,67604,67604	5	36	28859,29566,33704,90,0,0,0	98	66153
158686	1342	2701	2500	490	471	54	26	4	10357	600	1515	521	2024	58	136	9591	1475	6109	0,98,1,0,0,0	19852	849	880	87107	7554	47292	118642,118784,118084,68332,68332,68332,68332	5	35	28859,29566,34563,131,0,0,0	100	65830
158475	1296	2773	2482	492	477	52	26	4	10548	603	1518	522	2043	47	143	10137	1513	6085	0,97,2,0,0,0	20700	878	814	87790	7722	48019	119250,119392,118741,68993,68993,68993,68993	5	27	28859,29566,35343,184,0,0,0	103	65551
158197	1333	2782	2504	497	473	61	29	5	10742	604	1519	498	1915	46	157	10309	1555	6124	0,96,3,0,0,0	20445	841	894	88520	7910	48728	119872,120011,119410,69688,69688,69688,69688	5	42	28859,29566,36176,254,0,0,0	107	65208
158110	1308	2659	2553	509	483	61	31	5	10900	607	1520	495	1898	38	144	9883	1518	6086	0,96,3,0,0,0	28646	885	733	89120	8047	49472	120383,120524,119968,70238,70238,70238,70238	5	42	28859,29566,36851,305,0,0,0	123	64931
158054	1220	2611	2540	502	484	63	34	5	11105	607	1521	498	1944	50	148	9815	1491	5963	0,95,4,0,0,0	28409	902	716	89706	8189	50232	120882,121024,120517,70762,70762,70762,70762	5	46	28859,29566,37502,362,0,0,0	135	64645
157930	1212	2633	2509	468	485	66	36	5	11270	610	1522	487	1968	60	154	10288	1493	5916	0,94,5,0,0,0	20357	822	818	90336	8380	50910	121412,121552,121098,71349,71349,71349,71349	5	40	28859,29566,38208,452,0,0,0	115	64334
157849	1277	2552	2509	474	467	71	42	5	11364	611	1525	502	2025	51	162	10434	1515	5877	0,94,5,0,0,0	20582	754	817	90964	8574	51515	121931,122072,121672,71880,71880,71880,71880	5	29	28859,29566,38917,543,0,0,0	121	64046
157761	1269	2533	2511	461	467	72	43	5	11483	613	1528	521	1956	45	139	10904	1521	5835	0,93,6,0,0,0	20924	752	779	91548	8774	52110	122405,122547,122197,72367,72366,72366,72366	5	29	28859,29566,39596,628,0,0,0	130	63786
157607	1255	2563	2483	442	477	76	40	6	11649	620	1528	526	1977	34	141	10908	1502	5834	0,92,7,0,0,0	21330	709	846	92176	8994	52667	122891,123034,122734,72896,72894,72894,72894	5	41	28859,29566,40286,758,0,0,0	125	63482
157509	1284	2534	2447	438	494	77	38	7	11761	623	1534	539	1919	54	158	10488	1474	5838	0,91,8,0,0,0	20933	733	798	92790	9185	53264	123345,123487,123242,73361,73359,73359,73359	5	37	28859,29566,40961,875,0,0,0	130	63181
157597	1215	2487	2460	437	471	84	32	8	11791	629	1535	543	2019	46	109	9727	1406	5780	0,90,9,0,0,0	28759	724	683	93318	9346	53821	123724,123866,123676,73718,73715,73715,73715	5	45	28859,29566,41538,972,0,0,0	135	62917
157602	1179	2419	2459	389	453	84	29	8	11955	632	1537	515	1965	45	130	9394	1346	5666	0,90,9,0,0,0	28202	738	706	93860	9517	54401	124106,124249,124109,74090,74086,74086,74086	5	45	28859,29566,42116,1087,0,0,0	138	62654
157566	1248	2363	2411	391	430	92	25	8	12035	638	1539	529	1932	48	143	9499	1326	5634	0,88,11,0,0,0	20153	764	807	94456	9737	55003	124551,124694,124608,74540,74535,74535,74535	5	42	28859,29566,42746,1245,0,0,0	136	62358
157543	1261	2370	2314	403	401	99	28	7	12141	638	1541	532	2015	43	139	9561	1287	5589	0,87,12,0,0,0	19716	415	764	94997	9965	55257	124967,125109,125076,74954,74947,74947,74947	5	34	28859,29566,43328,1410,0,0,0	148	62111
157586	1232	2350	2304	405	396	93	28	8	12158	639	1547	509	1954	42	130	9421	1269	5539	0,86,13,0,0,0	19916	393	737	95536	10169	55497	125281,125424,125444,75197,75188,75188,75188	5	34	28859,29566,43872,1587,0,0,0	151	61861
157557	1274	2381	2290	415	370	90	28	9	12139	642	1551	462	1977	63	138	9069	1283	5565	0,84,15,0,0,0	19735	358	815	96138	10388	55785	125624,125766,125841,75504,75493,75493,75493	5	37	28859,29566,44456,1799,0,0,0	150	61534
157495	1322	2362	2293	419	365	87	31	6	12164	647	1555	489	1946	37	120	8867	1285	5594	0,82,17,0,0,0	19290	249	801	96683	10647	56034	125961,126105,126230,75810,75797,75797,75797	5	37	28859,29566,45006,2026,0,0,0	139	61245
157541	1282	2318	2330	430	378	81	30	6	12143	648	1559	491	1910	44	115	8667	1272	5577	0,81,18,0,0,0	27325	248	714	97194	10856	56282	126231,126377,126554,76034,76019,76019,76019	5	32	28859,29566,45483,2258,0,0,0	146	60934
157619	1207	2337	2279	417	387	72	29	6	12182	651	1560	488	1958	58	120	8698	1265	5463	0,79,20,0,0,0	27094	255	699	97669	11086	56537	126509,126654,126886,76251,76234,76234,76234	5	35	28859,29566,45934,2494,0,0,0	144	60660
157645	1259	2300	2346	404	347	75	29	5	12111	654	1571	462	1987	44	132	8948	1283	5477	0,77,22,0,0,0	19220	276	790	98195	11352	56813	126814,126960,127245,76522,76502,76502,76502	5	48	28859,29566,46407,2791,0,0,0	135	60339
157666	1261	2261	2336	387	370	77	29	6	12120	658	1575	442	1920	40	116	8985	1278	5443	0,74,25,0,0,0	19098	102	780	98717	11613	56915	127129,127273,127608,76802,76778,76778,76778	5	39	28859,29566,46854,3102,0,0,0	130	60033
157693	1251	2329	2307	380	361	71	29	5	12084	660	1576	457	1960	42	116	8541	1240	5488	0,72,27,0,0,0	28558	95	792	99246	11884	57010	127396,127541,127930,77024,76996,76996,76996	5	52	28859,29566,47302,3433,0,0,0	129	59708
157698	1246	2344	2303	369	375	73	27	6	12065	663	1577	460	1984	52	112	8613	1250	5487	0,70,29,0,0,0	28368	94	776	99755	12156	57104	127627,127771,128210,77218,77187,77187,77187	5	48	28859,29566,47700,3801,0,0,0	120	59369
157787	1235	2257	2334	386	373	76	27	6	12020	665	1580	483	1983	59	117	8750	1274	5414	0,67,32,0,0,0	27348	106	723	100215	12426	57210	127809,127955,128444,77352,77315,77315,77315	5	37	28859,29566,48064,4143,0,0,0	125	59068
157844	1198	2237	2315	388	348	76	27	5	12056	668	1584	483	1990	48	110	8597	1245	5344	0,65,34,0,0,0	26913	92	703	100655	12694	57302	127994,128143,128676,77513,77470,77470,77470	5	42	28859,29566,48387,4502,0,0,0	131	58784
157951	1175	2221	2265	364	323	74	24	6	12087	671	1585	470	1902	40	124	8745	1197	5249	0,62,37,0,0,0	27198	94	701	101106	12948	57396	128164,128317,128893,77647,77598,77598,77598	5	45	28859,29566,48696,4881,0,0,0	127	58480
157957	1258	2174	2226	370	331	69	23	5	12067	677	1589	448	1957	48	116	8561	1160	5291	0,60,39,0,0,0	28238	105	813	101630	13240	57501	128361,128515,129136,77851,77795,77795,77795	5	39	28859,29566,49020,5356,0,0,0	119	58098
158041	1310	2174	2210	348	304	72	25	4	11990	678	1590	443	1975	50	116	8397	1112	5331	0,57,42,0,0,0	27858	80	783	102101	13559	57581	128537,128692,129362,78003,77940,77940,77940	5	46	28859,29566,49313,5833,0,0,0	117	57773
158066	1348	2144	2190	344	316	62	27	4	11972	680	1593	468	1950	53	111	8099	1070	5361	0,54,45,0,0,0	28160	84	789	102605	13848	57665	128738,128892,129605,78198,78126,78126,78126	5	27	28859,29566,49593,6324,0,0,0	106	57445
158073	1332	2209	2185	331	322	63	30	4	11917	684	1596	446	1958	54	104	7798	1050	5422	0,51,48,0,0,0	27850	77	806	103085	14183	57742	128903,129058,129813,78387,78306,78306,78306	5	47	28859,29566,49833,6879,0,0,0	110	57095
157927	1409	2264	2196	336	300	57	27	3	11939	689	1599	445	1861	43	107	8023	1050	5539	0,47,52,0,0,0	27804	92	908	103615	14565	57834	129119,129274,130069,78667,78579,78579,78579	5	51	28859,29566,50097,7514,0,0,0	117	56727
157916	1356	2308	2219	329	298	54	23	3	11943	694	1603	466	1909	36	89	7886	986	5601	0,45,54,0,0,0	26551	81	801	104087	14901	57915	129291,129444,130277,78897,78797,78797,78797	6	52	28859,29566,50336,8068,0,0,0	113	56402
157822	1356	2374	2233	323	287	50	22	4	11978	694	1603	462	1979	43	107	7092	903	5742	0,42,57,0,0,0	25937	89	879	104603	15273	58004	129489,129642,130510,79171,79058,79058,79058	6	52	28859,29566,50562,8714,0,0,0	102	56058
157582	1541	2322	2315	325	297	45	25	4	11988	695	1607	485	2049	61	115	7128	907	5963	0,39,60,0,0,0	17214	86	1029	105188	15721	58090	129748,129899,130806,79559,79434,79434,79434	6	52	28859,29566,50763,9531,0,0,0	96	55655
157273	1728	2387	2377	313	278	45	26	4	12006	699	1610	480	1976	64	129	6662	940	6214	0,36,63,0,0,0	16826	275	1099	105813	16200	58365	130021,130171,131112,79996,79857,79857,79857	6	68	28859,29566,50979,10402,0,0,0	90	55214
156961	1790	2573	2352	318	288	38	26	4	12084	700	1612	461	1846	58	103	7075	979	6406	0,33,66,0,0,0	16818	267	1102	106439	16686	58632	130360,130511,131487,80522,80371,80371,80371	6	58	28859,29566,51189,11291,0,0,0	88	54807
156549	1868	2752	2430	319	288	39	25	6	12155	702	1613	486	1960	77	120	7154	1006	6715	0,30,69,0,0,0	17198	277	1189	107097	17222	58909	130707,130858,131867,81103,80938,80938,80938	6	62	28859,29566,51373,12292,0,0,0	85	54343
156103	2025	2857	2529	336	294	36	23	7	12210	706	1620	494	1962	55	111	7583	1048	7052	0,27,72,0,0,0	17574	292	1264	107774	17819	59201	131061,131207,132252,81718,81535,81535,81535	6	65	28859,29566,51535,13383,0,0,0	83	53870
155702	2020	3001	2656	324	308	41	25	6	12331	709	1623	460	2049	68	91	8079	1094	7281	0,24,75,0,0,0	26699	275	1193	108383	18414	59476	131375,131523,132596,82290,82091,82091,82091	7	76	28859,29566,51686,14414,0,0,0	105	53449
155245	2021	3144	2738	305	332	42	27	5	12550	712	1625	482	1909	86	122	7800	1122	7487	0,22,77,0,0,0	26472	261	1235	109045	18996	59737	131729,131878,132981,82894,82680,82680,82680	7	69	28859,29566,51824,15514,0,0,0	108	52993
154474	2321	3190	2987	300	314	37	26	8	12749	713	1627	465	1965	83	152	8186	1181	7994	0,20,79,0,0,0	17988	306	1567	109871	19761	60043	132197,132344,133474,83755,83521,83521,83521	7	66	28859,29566,51975,16923,17,0,0	101	52439
153739	2609	3290	3108	304	344	39	26	7	12937	716	1627	470	1860	76	130	8473	1255	8465	0,17,81,0,0,0	18320	328	1591	110682	20570	60371	132635,132782,133937,84603,84349,84349,84349	7	82	28859,29566,52118,18356,37,0,0	89	51866
153019	2661	3458	3266	332	352	37	26	8	13241	717	1629	484	1914	67	134	8641	1308	8824	0,16,83,0,0,0	18664	360	1526	111434	21371	60731	133070,133213,134390,85439,85162,85162,85162	8	70	28859,29566,52217,19768,61,0,0	94	51350
152196	2768	3726	3405	344	345	40	28	7	13540	717	1630	484	2051	108	130	9078	1332	9324	0,14,84,0,0,0	18768	331	1679	112301	22213	61062	133539,133680,134880,86393,86089,86089,86089	8	88	28859,29566,52328,21322,91,0,0	96	50741
151129	2987	4073	3541	341	356	37	26	4	13900	719	1633	485	1917	94	125	9303	1397	9964	0,12,86,1,0,0	19346	308	1904	113267	23182	61370	134090,134232,135450,87489,87158,87158,87158	9	114	28859,29566,52449,23077,129,0,0	99	50074
150205	3068	4170	3887	378	361	34	20	5	14256	725	1637	483	1884	94	123	9366	1429	10489	0,11,87,1,0,0	27659	343	1770	114151	24100	61713	134550,134694,135927,88483,88122,88122,88122	9	114	28859,29566,52541,24730,171,0,0	114	49451
149297	3034	4370	4124	391	395	32	19	7	14708	727	1642	472	1859	105	144	9292	1474	10891	0,10,87,1,0,0	28075	340	1797	115055	25006	62053	135000,135145,136395,89476,89083,89082,89082	10	109	28859,29566,52635,26387,212,0,0	112	48801
147955	3383	4534	4251	400	399	35	18	5	15392	730	1644	487	1939	108	165	9135	1533	11487	0,9,88,1,0,0	19301	359	2224	116124	26180	62412	135611,135756,137017,90793,90365,90365,90365	10	123	28859,29566,52736,28470,248,0,0	111	48052
146554	3738	4686	4435	404	430	33	24	6	16059	731	1646	470	1975	118	155	9628	1636	12114	0,8,89,1,0,0	19648	353	2338	117274	27377	62765	136246,136394,137668,92170,91707,91707,91707	11	116	28859,29566,52813,30657,314,0,0	109	47228
145166	3885	5064	4590	418	449	32	22	7	16728	733	1652	477	1986	121	177	10312	1745	12715	0,7,90,2,0,0	20304	353	2356	118404	28612	63118	136877,137026,138313,93573,93070,93069,93069	12	130	28859,29566,52888,32878,367,0,0	108	46430
143817	3970	5533	4715	430	456	35	18	8	17374	737	1653	483	1975	157	183	10461	1824	13333	0,6,91,2,0,0	20564	377	2436	119552	29918	63495	137495,137647,138940,94978,94432,94431,94431	12	128	28859,29566,52973,35176,412,0,0	121	45624
142367	4072	5786	5116	441	457	42	16	10	18044	739	1656	508	1927	158	184	10790	1893	14037	0,5,91,2,0,0	20658	342	2529	120779	31238	63837	138151,138299,139599,96500,95907,95906,95906	13	126	28859,29566,53028,37566,487,0,0	126	44730
141207	4046	5863	5450	468	484	42	19	8	18757	742	1660	501	1942	157	168	11180	1974	14398	0,5,92,2,0,0	29189	342	2329	121875	32489	64179	138687,138839,140146,97838,97192,97190,97190	13	141	28859,29566,53076,39759,571,0,0	151	43954
139935	4026	5958	5735	492	530	44	24	6	19591	742	1663	519	1948	149	197	11383	2092	14717	0,4,92,2,0,0	29726	345	2433	122992	33826	64524	139252,139403,140718,99242,98540,98538,98538	14	168	28859,29566,53136,42057,642,0,0	147	43145
138338	4408	5996	5890	508	541	45	20	10	20578	743	1669	507	2025	145	227	12119	2295	15113	0,4,92,2,0,0	22230	366	2812	124273	35374	64890	139945,140095,141411,100904,100146,100144,100144	15	145	28859,29566,53175,44710,744,0,0	142	42228
136861	4680	6051	6116	515	518	46	24	10	21508	745	1672	495	1984	177	244	12817	2353	15597	0,3,93,3,0,0	22783	317	2739	125509	36893	65207	140577,140725,142045,102521,101702,101699,101699	15	135	28859,29566,53206,47291,854,0,0	144	41317
135507	4588	6426	6264	520	516	48	25	11	22421	746	1674	484	1903	173	209	13565	2365	16022	0,3,93,3,0,0	23608	307	2691	126716	38397	65514	141159,141306,142627,104094,103209,103205,103205	16	129	28859,29566,53228,49863,934,0,0	149	40443
133980	4703	6725	6375	515	537	55	23	16	23392	747	1678	517	1925	164	224	13820	2431	16502	0,2,93,3,0,0	23931	319	2919	128000	40040	65833	141788,141935,143262,105807,104853,104848,104848	16	157	28859,29566,53253,52611,1060,0,0	157	39492
132526	4803	6825	6617	576	581	59	21	15	24291	749	1683	480	1861	177	202	13407	2451	17031	0,2,93,3,0,0	24094	326	2887	129303	41645	66159	142417,142558,143891,107514,106487,106481,106481	17	141	28859,29566,53289,55312,1188,0,0	165	38525
131361	4668	6839	6866	600	582	61	23	13	25298	752	1683	510	1983	156	216	13549	2550	17089	0,2,93,3,0,0	31351	341	2636	130473	43132	66500	142919,143056,144393,109044,107940,107933,107933	17	145	28859,29566,53313,57783,1310,0,0	166	37645
130281	4481	6893	7024	605	597	59	21	14	26331	754	1686	496	1966	175	246	14189	2612	17068	0,2,93,4,0,0	31901	326	2615	131620	44622	66826	143391,143529,144865,110535,109350,109342,109342	17	162	28859,29566,53334,60246,1418,0,0	173	36764
128856	4719	6814	7135	613	588	62	22	16	27475	754	1692	497	1942	184	238	14303	2673	17280	0,1,93,4,0,0	24501	326	2971	132939	46303	67152	143993,144123,145456,112250,110984,110975,110975	18	158	28859,29566,53367,63002,1576,0,0	158	35790
127748	4766	6713	7226	603	621	62	26	14	28514	756	1697	485	1911	157	267	14578	2735	17282	0,1,93,4,0,0	24565	131	2743	134138	47867	67283	144466,144595,145920,113809,112456,112444,112444	18	130	28859,29566,53387,65532,1739,0,0	159	34886
126696	4728	6883	7197	586	585	54	28	14	29518	759	1698	526	1932	154	237	14705	2707	17354	0,1,93,4,0,0	24770	128	2831	135327	49532	67411	144909,145035,146357,115361,113912,113899,113899	18	154	28859,29566,53406,68140,1903,0,0	177	34012
125911	4547	6871	7224	586	606	53	29	16	30444	759	1700	503	1992	176	226	14259	2645	17271	0,1,93,5,0,0	24763	120	2607	136408	51072	67531	145295,145419,146738,116778,115232,115216,115216	18	133	28859,29566,53419,70541,2055,0,0	178	33233
125049	4490	6788	7285	565	611	50	29	17	31398	761	1703	507	1974	180	244	13930	2612	17206	0,1,93,5,0,0	24372	132	2696	137516	52682	67663	145677,145790,147101,118233,116592,116573,116573	18	145	28859,29566,53435,72980,2249,0,0	172	32394
124583	4310	6610	7327	585	611	47	30	17	32156	764	1706	500	1830	158	218	13872	2577	16943	0,1,92,5,0,0	31625	120	2378	138499	54086	67783	145931,146051,147356,119455,117713,117691,117691	18	143	28859,29566,53445,75125,2409,0,0	175	31659
124272	3995	6440	7224	607	625	46	30	13	33019	766	1709	492	1888	148	253	14345	2625	16342	0,1,92,6,0,0	32003	119	2292	139415	55479	67902	146108,146222,147535,120630,118780,118755,118755	18	147	28859,29566,53454,77177,2586,0,0	174	30967
123768	4015	6283	7108	554	585	42	32	12	33866	769	1712	499	1916	163	269	14782	2608	16011	0,1,92,6,0,0	24973	113	2487	140406	56988	68015	146370,146484,147793,121926,119969,119941,119941	18	131	28859,29566,53468,79367,2809,0,0	140	30222
123545	4014	6090	6972	558	577	48	35	10	34412	771	1714	521	1998	154	229	14480	2590	15704	0,0,92,6,0,0	24735	83	2375	141369	58409	68098	146568,146686,147987,123153,121079,121047,121047	18	127	28859,29566,53483,81459,3000,0,0	139	29499
123468	3868	5871	6871	541	554	51	39	14	34979	774	1716	494	1946	154	236	14762	2551	15244	0,0,91,7,0,0	24860	90	2181	142240	59731	68188	146711,146831,148130,124267,122078,122043,122043	17	107	28859,29566,53491,83363,3200,0,0	144	28844
123550	3617	5765	6703	545	558	46	38	15	35407	779	1723	489	1949	146	221	14646	2503	14769	0,0,91,7,0,0	24996	75	2080	143064	61001	68263	146801,146915,148218,125288,122984,122945,122945	17	120	28859,29566,53502,85169,3383,0,0	136	28224
123676	3462	5514	6526	542	562	52	36	16	35853	782	1725	475	2004	131	202	14014	2382	14312	0,0,90,8,0,0	24568	71	1970	143849	62196	68334	146874,146986,148285,126267,123850,123806,123806	16	84	28859,29566,53512,86869,3578,0,0	134	27634
124198	3215	5247	6298	532	529	46	30	22	36115	786	1728	460	1962	127	187	13715	2218	13679	0,0,90,8,0,0	31591	94	1787	144531	63307	68428	146805,146921,148217,127086,124544,124494,124494	16	100	28859,29566,53519,88380,3781,0,0	128	27108
124825	2978	4914	6173	474	511	51	28	23	36251	787	1731	457	1950	131	209	13975	2189	12940	0,0,89,9,0,0	31770	81	1669	145176	64348	68509	146757,146873,148174,127862,125195,125140,125140	15	98	28859,29566,53526,89810,3964,0,0	142	26627
125316	2918	4649	5900	420	512	53	27	25	36400	791	1735	449	1969	121	213	14233	2117	12362	0,0,89,9,0,0	24637	88	1726	145809	65450	68597	146703,146819,148119,128656,125869,125810,125810	15	88	28859,29566,53531,91244,4177,0,0	119	26138
125910	2791	4471	5570	445	483	55	27	23	36441	793	1737	473	1929	106	175	13554	1974	11868	0,0,88,10,0,0	23616	75	1634	146420	66485	68672	146608,146722,148026,129384,126484,126418,126418	14	78	28859,29566,53535,92581,4408,0,0	114	25652
126633	2704	4326	5209	454	463	57	18	25	36324	796	1737	484	2015	111	204	13191	1904	11327	0,0,87,11,0,0	23747	61	1573	147034	67461	68733	146512,146628,147935,130084,127063,126989,126989	14	95	28859,29566,53541,93855,4634,0,0	117	25190
127487	2586	4031	4967	425	453	55	22	22	36160	796	1742	496	1906	95	181	12889	1828	10711	0,0,87,11,0,0	23351	46	1432	147582	68357	68779	146359,146474,147783,130700,127557,127478,127478	13	76	28859,29566,53547,95036,4830,0,0	113	24773
128496	2403	3852	4755	434	403	51	23	21	35765	797	1746	513	2001	90	166	12253	1704	10217	0,0,86,12,0,0	22604	54	1339	148061	69230	68833	146166,146280,147594,131237,127969,127882,127882	13	87	28859,29566,53553,96061,5073,0,0	108	24406
129630	2176	3628	4516	381	392	50	24	21	35381	797	1750	489	1927	109	139	11410	1513	9654	0,0,85,13,0,0	29724	49	1155	148495	69967	68882	145913,146028,147350,131673,128282,128187,128187	12	66	28859,29566,53559,96970,5265,0,0	102	24068
130837	1920	3436	4326	365	365	47	20	20	34856	800	1754	503	1969	87	147	11474	1463	9016	0,0,84,14,0,0	29853	48	1058	148886	70640	68930	145660,145777,147106,132054,128542,128439,128439	12	71	28859,29566,53562,97791,5444,0,0	97	23773
131875	1942	3168	4093	347	336	47	16	18	34344	804	1756	491	1967	95	164	11238	1398	8551	0,0,84,15,0,0	21543	59	1198	149336	71398	68989	145441,145559,146892,132500,128873,128762,128762	11	68	28859,29566,53568,98712,5662,0,0	86	23420
133035	1931	2966	3827	292	306	42	12	18	33749	807	1761	487	1903	83	128	10950	1275	8101	0,0,82,16,0,0	21122	35	1094	149730	72105	69024	145184,145301,146643,132899,129156,129037,129037	10	49	28859,29566,53572,99505,5902,0,0	74	23120
134278	1732	2856	3617	267	274	36	13	18	33082	808	1765	506	1968	68	119	10847	1200	7595	0,0,81,17,0,0	20889	37	937	150057	72723	69061	144891,145010,146359,133196,129339,129210,129210	10	46	28859,29566,53577,100178,6109,0,0	83	22858
135548	1601	2781	3383	256	262	39	13	18	32268	808	1769	501	2009	69	119	10656	1111	7224	0,0,80,18,0,0	20732	46	943	150381	73343	69107	144600,144715,146081,133490,129520,129382,129382	9	45	28859,29566,53577,100847,6311,0,0	79	22616
136771	1564	2589	3261	284	246	36	13	15	31387	808	1772	495	1966	63	113	10151	1047	6946	0,0,79,19,0,0	20386	44	942	150721	73949	69151	144327,144444,145819,133792,129718,129570,129570	9	59	28859,29566,53577,101496,6534,0,0	79	22356
138026	1448	2365	3104	273	251	37	14	16	30631	808	1773	510	1964	69	94	9662	960	6532	0,0,79,20,0,0	28166	38	770	150983	74465	69189	144029,144150,145530,134002,129823,129667,129667	8	47	28859,29566,53577,102016,6727,0,0	86	22146
139378	1332	2178	2896	243	249	34	14	16	29818	810	1778	505	1902	56	100	9126	889	6057	0,0,78,21,0,0	27915	44	697	151230	74920	69233	143709,143830,145220,134164,129882,129717,129717	8	32	28859,29566,53580,102480,6904,0,0	85	21961
140686	1278	2074	2694	237	225	31	11	17	28900	812	1781	537	1894	55	97	8960	834	5716	0,0,76,23,0,0	19080	49	751	151474	75430	69282	143371,143491,144892,134335,129954,129779,129779	7	31	28859,29566,53581,102941,7129,0,0	72	21758
141892	1289	1898	2524	235	210	29	10	17	28046	812	1784	513	2032	52	89	8365	795	5400	0,0,74,24,0,0	18737	24	735	151738	75909	69306	143098,143218,144632,134531,130051,129868,129868	7	35	28859,29566,53584,103416,7346,0,0	63	21555
143173	1219	1853	2307	208	209	27	8	16	27126	812	1788	507	1914	41	72	7785	710	5121	0,0,73,26,0,0	18097	24	664	151980	76336	69330	142783,142906,144328,134679,130102,129908,129908	6	39	28859,29566,53586,103828,7561,0,0	54	21360
144448	1111	1796	2161	210	199	23	6	14	26173	813	1792	518	1962	51	82	6804	664	4842	0,0,71,27,0,0	17073	27	603	152199	76722	69357	142478,142600,144034,134798,130130,129926,129926	6	35	28859,29566,53586,104177,7773,0,0	45	21183
145738	1025	1747	2042	165	172	23	5	12	25212	813	1792	510	1943	36	79	5930	625	4554	0,0,70,29,0,0	16473	22	589	152400	77112	69379	142170,142291,143737,134891,130130,129916,129916	5	29	28859,29566,53588,104515,7981,0,0	44	21032
147072	950	1617	2020	171	179	26	6	12	24086	813	1794	506	1945	36	59	5475	583	4386	0,0,68,30,0,0	24567	19	541	152596	77462	69398	141854,141973,143432,134977,130130,129902,129902	5	19	28859,29566,53591,104818,8182,0,0	52	20882
148337	887	1500	1915	167	169	16	5	11	23128	814	1797	507	1969	42	64	5283	524	4135	0,0,67,32,0,0	23917	22	494	152758	77804	69420	141525,141645,143117,135035,130107,129866,129866	5	39	28859,29566,53591,105092,8377,0,0	45	20748
149437	923	1480	1769	160	159	10	5	12	22176	814	1801	533	1968	38	64	4575	471	4035	0,0,65,34,0,0	14893	21	627	152969	78220	69441	141258,141375,142858,135168,130160,129908,129908	5	23	28859,29566,53592,105412,8634,0,0	41	20582
150535	985	1384	1646	149	158	13	7	11	21237	814	1807	523	2017	32	57	4033	420	3922	0,0,63,36,0,0	14356	6	577	153163	78603	69447	140968,141088,142579,135271,130188,129924,129924	4	30	28859,29566,53592,105718,8866,0,0	39	20424
151423	977	1413	1563	160	153	9	6	11	20405	814	1812	555	1993	43	69	3524	378	3903	0,0,61,38,0,0	13946	5	615	153371	79015	69452	140743,140865,142360,135401,130253,129977,129977	4	29	28859,29566,53594,106017,9143,0,0	42	20266
152350	1009	1394	1500	152	153	9	6	10	19536	814	1813	567	1930	37	72	3004	363	3860	0,0,59,40,0,0	13366	11	589	153556	79423	69463	140503,140625,142129,135513,130298,130012,130012	4	30	28859,29566,53594,106297,9416,0,0	53	20123
153213	1007	1393	1491	150	156	10	7	9	18680	815	1815	556	1955	35	61	2572	343	3871	0,0,57,41,0,0	12814	7	583	153761	79806	69470	140280,140401,141912,135637,130362,130064,130064	4	26	28859,29566,53594,106565,9697,0,0	55	19964
154089	922	1412	1493	141	155	8	8	9	17874	815	1820	583	1927	36	70	2369	325	3814	0,0,56,43,0,0	21695	8	517	153928	80159	69478	140054,140174,141696,135728,130395,130085,130085	3	36	28859,29566,53594,106785,9959,0,0	66	19840
154997	893	1444	1453	137	146	10	7	6	17014	816	1823	581	1989	38	71	1956	318	3772	0,0,54,45,0,0	21347	8	535	154101	80526	69486	139817,139938,141467,135814,130417,130096,130096	3	35	28859,29566,53596,107010,10228,0,0	67	19694
155680	921	1366	1485	151	129	11	9	5	16347	816	1826	589	2030	38	59	1398	288	3784	0,0,52,46,0,0	11829	11	550	154285	80895	69497	139628,139748,141284,135931,130487,130154,130154	3	34	28859,29566,53596,107243,10516,0,0	58	19547
156411	944	1285	1522	142	130	9	9	3	15644	816	1831	573	1940	36	65	974	281	3760	0,0,50,49,0,0	11150	23	533	154455	81261	69520	139424,139543,141088,136023,130531,130185,130185	3	29	28859,29566,53596,107440,10825,0,0	58	19425
157073	937	1327	1463	134	130	12	6	7	15007	816	1834	588	2044	51	57	897	272	3737	0,0,48,51,0,0	10906	15	550	154652	81619	69535	139235,139355,140907,136138,130602,130243,130243	3	23	28859,29566,53596,107641,11151,0,0	49	19262
157734	885	1413	1401	139	139	11	7	8	14356	816	1837	553	1877	35	71	907	287	3708	0,0,46,53,0,0	10885	14	549	154851	81972	69549	139047,139169,140726,136256,130677,130304,130304	3	35	28859,29566,53597,107828,11485,0,0	43	19110
158285	936	1363	1407	158	154	12	5	9	13759	817	1841	526	1887	33	56	905	293	3742	0,0,44,55,0,0	10923	19	589	155055	82364	69568	138899,139023,140587,136396,130777,130392,130392	3	36	28859,29566,53597,108022,11851,0,0	35	18951
158863	951	1315	1409	166	142	14	5	8	13209	817	1847	536	2012	44	71	909	287	3715	0,0,42,56,0,0	20202	19	523	155212	82734	69587	138725,138848,140419,136486,130831,130433,130433	3	35	28859,29566,53597,108175,12181,0,0	46	18821
159502	854	1330	1384	144	131	16	5	9	12702	817	1852	569	2029	36	58	895	272	3592	0,0,40,58,0,0	20215	18	470	155370	83050	69605	138536,138659,140236,136556,130867,130453,130453	3	32	28859,29566,53597,108321,12485,0,0	38	18690
159933	855	1339	1390	147	143	16	5	8	12232	817	1861	551	2031	38	57	897	291	3604	0,0,39,60,0,0	10991	19	543	155553	83413	69624	138396,138519,140101,136684,130966,130538,130538	3	35	28859,29566,53597,108475,12844,0,0	42	18551
160361	921	1309	1374	132	150	16	8	8	11787	817	1863	568	1963	39	66	892	287	3623	0,0,38,61,0,0	10863	0	560	155736	83794	69624	138263,138387,139975,136806,131063,130622,130622	3	31	28859,29566,53597,108636,13216,0,0	38	18409
160633	942	1321	1407	125	129	14	8	8	11473	818	1868	572	1970	41	60	871	279	3667	0,0,35,64,0,0	10949	0	563	155940	84160	69624	138172,138297,139888,136944,131183,130729,130729	3	29	28859,29566,53597,108781,13614,0,0	35	18250
160874	1017	1339	1396	114	114	14	10	8	11170	818	1872	568	1834	38	67	887	290	3714	0,0,33,66,0,0	10936	0	634	156144	84594	69624	138087,138211,139807,137111,131331,130863,130863	3	27	28859,29566,53597,108938,14068,0,0	42	18095
161212	1020	1363	1385	109	118	12	11	7	10819	818	1872	574	2019	40	51	870	271	3747	0,0,32,67,0,0	10960	0	560	156328	84972	69624	137985,138110,139709,137235,131438,130954,130954	3	31	28859,29566,53597,109072,14465,0,0	40	17961
161537	917	1430	1343	125	125	14	8	9	10545	819	1874	618	1840	33	36	852	258	3704	0,0,31,68,0,0	20189	0	481	156475	85310	69624	137871,137998,139601,137323,131515,131013,131013	3	22	28859,29566,53597,109176,14826,0,0	36	17845
161853	846	1459	1378	120	127	14	6	10	10232	821	1880	623	1994	39	61	824	256	3694	0,0,29,70,0,0	20252	0	504	156621	85671	69624	137759,137886,139493,137421,131599,131082,131082	3	31	28859,29566,53597,109274,15212,0,0	38	17731
162027	927	1364	1478	132	133	13	6	8	9951	821	1886	591	1956	32	60	830	267	3786	0,0,27,72,0,0	10898	0	616	156831	86078	69624	137696,137823,139432,137578,131745,131213,131213	3	31	28859,29566,53597,109395,15673,0,0	37	17574
162235	985	1342	1447	137	142	14	5	7	9715	821	1896	601	1962	40	64	818	269	3803	0,0,26,73,0,0	10707	0	602	156991	86521	69624	137619,137745,139356,137712,131871,131323,131323	3	32	28859,29566,53597,109508,16131,0,0	34	17456
162385	1000	1348	1456	138	143	14	5	6	9531	821	1899	597	2001	38	68	825	266	3838	0,0,25,74,0,0	10920	0	588	157159	86946	69624	137544,137669,139282,137846,132002,131436,131436	3	35	28859,29566,53597,109600,16600,0,0	39	17326
162465	999	1437	1417	137	139	14	7	4	9403	821	1903	609	2058	33	65	836	276	3874	0,0,23,76,0,0	10959	0	620	157349	87382	69624	137501,137626,139238,138008,132160,131579,131579	3	24	28859,29566,53597,109677,17121,0,0	40	17182
162552	1052	1446	1420	152	140	12	4	6	9235	823	1904	640	1982	38	59	822	279	3947	0,0,21,78,0,0	10983	0	653	157559	87827	69624	137448,137572,139187,138172,132326,131725,131725	3	35	28859,29566,53597,109779,17646,0,0	39	17013
162666	1018	1484	1381	153	155	14	4	4	9133	823	1911	650	1973	41	59	828	285	3924	0,0,20,79,0,0	20433	0	545	157703	88232	69624	137381,137503,139118,138283,132440,131820,131820	3	26	28859,29566,53597,109850,18101,0,0	48	16905
162808	931	1528	1398	165	155	14	4	5	8999	823	1916	656	1992	34	72	833	296	3899	0,0,19,80,0,0	20140	0	544	157848	88634	69624	137309,137432,139048,138398,132555,131916,131916	3	39	28859,29566,53597,109915,18568,0,0	49	16795
162887	967	1483	1424	165	162	15	7	5	8888	823	1920	686	1990	40	72	849	278	3945	0,0,18,81,0,0	10918	0	587	158021	89049	69624	137248,137370,138986,138529,132691,132032,132032	3	34	28859,29566,53597,109983,19067,0,0	50	16662
162870	1025	1425	1483	159	156	14	8	6	8849	823	1928	667	2012	32	86	906	304	3966	0,0,16,83,0,0	10815	0	616	158205	89485	69624	137221,137343,138957,138678,132850,132173,132173	3	33	28859,29566,53597,110033,19612,0,0	52	16525
162896	1068	1368	1516	160	145	18	8	4	8808	823	1932	648	1969	38	76	926	300	3983	0,0,15,84,0,0	11085	0	602	158368	89928	69624	137177,137298,138912,138822,133000,132304,132304	3	38	28859,29566,53597,110093,20133,0,0	51	16393
162969	1006	1398	1498	151	151	18	9	5	8782	823	1936	653	1988	45	69	934	286	3945	0,0,14,85,0,0	10947	0	555	158515	90340	69624	137116,137237,138851,138941,133129,132411,132411	3	38	28859,29566,53597,110138,20626,0,0	54	16280
163043	991	1440	1466	153	130	18	11	4	8724	823	1943	657	2027	44	65	943	292	3917	0,0,13,86,0,0	10998	0	583	158675	90766	69624	137050,137168,138782,139063,133262,132522,132522	3	30	28859,29566,53597,110189,21136,0,0	53	16147
163181	922	1416	1507	151	126	13	11	5	8648	823	1943	627	1985	34	69	951	285	3861	0,0,12,87,0,0	20354	0	507	158822	91128	69624	136971,137091,138706,139165,133374,132611,132611	3	31	28859,29566,53597,110229,21584,0,0	51	16020
163248	878	1407	1453	157	148	14	10	5	8658	824	1944	627	1993	44	63	943	287	3780	0,0,11,88,0,0	20266	0	528	158981	91501	69624	136925,137043,138658,139286,133505,132721,132721	3	39	28859,29566,53597,110276,22047,0,0	54	15897
163282	915	1374	1384	167	148	16	8	7	8674	824	1947	610	1965	45	96	980	311	3701	0,0,10,89,0,0	11147	0	566	159132	91920	69624	136869,136990,138603,139399,133632,132826,132826	3	26	28859,29566,53597,110308,22563,0,0	47	15782
163348	931	1325	1389	157	158	13	7	6	8638	824	1950	608	1967	33	58	969	303	3677	0,0,10,89,0,0	10907	0	529	159293	92289	69624	136818,136937,138551,139515,133761,132930,132930	3	21	28859,29566,53597,110341,23047,0,0	46	15659
163403	933	1325	1369	150	160	14	7	6	8601	825	1953	589	1991	33	68	958	292	3666	0,0,9,90,0,0	11011	0	536	159433	92690	69624	136769,136887,138502,139623,133883,133030,133030	3	29	28859,29566,53597,110375,23533,0,0	45	15545
163429	939	1309	1365	154	170	13	6	7	8572	826	1956	606	1978	37	73	957	298	3658	0,0,9,90,0,0	10958	0	548	159570	93101	69624	136712,136831,138446,139736,134012,133135,133135	3	30	28859,29566,53597,110406,24026,0,0	47	15433
163476	904	1355	1334	156	154	12	3	6	8555	828	1963	632	2005	34	64	931	281	3637	0,0,8,91,0,0	11110	0	525	159713	93489	69624	136659,136775,138392,139846,134137,133236,133236	3	24	28859,29566,53597,110431,24507,0,0	43	15326
163600	829	1313	1334	153	149	13	3	6	8552	828	1966	648	2004	35	42	896	250	3544	0,0,8,91,0,0	20369	0	426	159806	93826	69624	136585,136701,138320,139894,134204,133280,133280	2	22	28859,29566,53597,110445,24908,0,0	41	15254
163761	738	1234	1378	174	139	14	4	6	8502	828	1968	615	1941	25	65	888	254	3427	0,0,7,92,0,0	20205	0	407	159903	94138	69624	136496,136610,138233,139935,134262,133311,133311	2	27	28859,29566,53597,110460,25286,0,0	42	15177
163792	785	1178	1363	155	139	16	3	7	8506	828	1974	644	1951	42	68	884	253	3386	0,0,7,92,0,0	10936	0	514	160049	94507	69624	136446,136564,138182,140040,134386,133410,133410	2	24	28859,29566,53597,110489,25750,0,0	39	15068
163907	796	1149	1301	132	137	18	5	7	8491	828	1975	686	1999	45	70	894	265	3273	0,0,7,92,0,0	11067	0	443	160162	94838	69624	136375,136493,138111,140101,134466,133466,133466	2	18	28859,29566,53597,110507,26162,0,0	43	14973
164050	693	1155	1281	137	131	15	4	7	8463	829	1981	646	2028	29	50	882	270	3146	0,0,6,93,0,0	11071	0	414	160260	95155	69624	136293,136411,138032,140138,134524,133498,133498	2	20	28859,29566,53597,110522,26547,0,0	40	14894
164166	697	1137	1213	141	119	13	2	9	8426	830	1993	658	1899	28	50	823	244	3078	0,0,6,93,0,0	11110	0	426	160376	95468	69624	136219,136337,137957,140205,134613,133561,133561	2	13	28859,29566,53597,110546,26944,0,0	32	14804
164351	669	1061	1185	138	129	15	2	8	8362	830	1996	623	1950	16	48	802	225	2974	0,0,5,94,0,0	10988	0	374	160480	95745	69624	136126,136243,137866,140245,134670,133590,133590	2	21	28859,29566,53597,110560,27291,4,0	32	14720
164638	568	1005	1141	139	137	12	4	7	8268	830	1997	648	1971	26	57	782	227	2779	0,0,4,94,0,0	20083	0	273	160553	95952	69624	136007,136125,137751,140237,134678,133570,133570	2	8	28859,29566,53597,110563,27551,6,0	35	14661
164914	483	953	1102	114	132	12	5	7	8192	830	2002	645	1854	21	62	770	233	2568	0,0,4,94,0,0	20009	0	274	160615	96167	69624	135894,136010,137640,140230,134689,133552,133552	2	11	28859,29566,53597,110571,27811,9,0	49	14618
165099	532	873	1035	110	134	13	6	7	8102	830	2005	642	2032	25	64	763	229	2474	0,0,4,94,0,0	10977	0	355	160701	96444	69624	135798,135917,137550,140252,134730,133566,133566	2	18	28859,29566,53597,110578,28140,16,0	45	14559
165349	537	755	1030	112	122	14	5	7	7979	830	2006	632	1982	19	53	770	225	2350	0,0,4,94,0,0	10858	0	275	160758	96669	69624	135675,135795,137431,140236,134733,133542,133542	1	9	28859,29566,53597,110587,28401,21,0	46	14517
165623	447	788	957	102	106	13	5	8	7857	830	2010	624	1965	15	57	749	206	2212	0,0,4,94,0,0	10948	0	254	160828	96856	69624	135550,135669,137309,140218,134734,133514,133514	1	15	28859,29566,53597,110590,28651,24,0	40	14462
165899	431	774	898	89	100	15	4	7	7685	832	2012	638	1952	11	38	707	188	2123	0,0,3,94,1,0	10855	0	264	160894	97060	69624	135423,135544,137190,140196,134733,133482,133482	1	13	28859,29566,53597,110593,28900,34,0	35	14412
166187	429	681	856	83	109	13	4	6	7530	832	2016	638	1908	19	36	647	165	2010	0,0,3,95,1,0	10795	0	244	160960	97243	69624	135304,135425,137074,140171,134729,133450,133449	1	13	28859,29566,53597,110599,29129,40,0	40	14359
166526	379	647	801	76	99	11	3	8	7345	832	2019	631	2036	17	36	608	157	1859	0,0,2,95,2,0	19944	0	180	161003	97387	69624	135163,135286,136941,140129,134704,133396,133395	1	11	28859,29566,53597,110603,29301,49,0	31	14325
166880	321	605	744	73	96	10	5	8	7148	832	2024	639	1946	17	33	594	149	1705	0,0,2,94,2,0	19983	0	164	161034	97526	69624	135021,135143,136804,140068,134663,133325,133325	1	3	28859,29566,53597,110606,29447,63,0	28	14298
167138	321	558	690	68	87	6	8	6	7007	832	2025	655	1957	11	35	577	138	1600	0,0,2,94,3,0	10667	0	212	161091	97683	69624	134887,135010,136675,140031,134643,133281,133281	1	9	28859,29566,53597,110607,29645,72,0	22	14252
167470	318	488	634	67	82	4	7	5	6812	833	2026	681	2000	12	26	542	122	1478	0,0,2,94,3,0	10723	0	152	161135	97797	69624	134744,134867,136537,139973,134600,133212,133212	1	6	28859,29566,53597,110607,29785,84,0	21	14213
167753	283	461	588	73	84	5	7	5	6622	833	2032	681	1878	9	34	511	118	1383	0,0,1,93,4,0	10632	0	160	161169	97925	69624	134610,134736,136408,139906,134551,133137,133137	1	7	28859,29566,53597,110608,29923,99,0	23	14190
168072	261	422	567	62	71	6	6	5	6406	834	2034	653	1959	14	37	483	120	1275	0,0,1,93,4,0	10549	0	135	161203	98031	69624	134466,134593,136269,139834,134497,133058,133057	0	7	28859,29566,53597,110609,30054,106,0	21	14162
168401	216	425	499	52	60	5	3	8	6205	834	2038	685	1909	10	15	442	108	1152	0,0,1,92,5,0	10579	0	115	161233	98123	69624	134324,134450,136130,139759,134437,132973,132973	0	4	28859,29566,53597,110612,30156,120,0	18	14135
168741	185	395	474	52	46	6	2	9	5961	834	2041	685	1951	6	24	402	108	1052	0,0,1,92,6,0	19812	0	109	161263	98209	69624	134183,134308,135996,139686,134380,132890,132889	0	4	28859,29566,53597,110613,30254,131,0	16	14108
169029	176	324	450	48	48	5	3	7	5777	834	2045	683	1869	8	11	370	87	967	0,0,1,90,7,0	19761	0	98	161292	98281	69624	134053,134180,135869,139617,134324,132813,132812	0	2	28859,29566,53597,110617,30336,144,0	15	14084
169314	164	293	428	40	48	6	3	7	5562	834	2047	695	1954	6	29	357	88	894	0,0,1,89,8,0	10562	0	96	161312	98363	69624	133915,134042,135736,139535,134256,132723,132722	0	6	28859,29566,53597,110619,30415,161,0	17	14068
169650	143	256	397	39	49	5	2	7	5313	834	2051	665	1866	1	13	331	78	813	0,0,1,88,9,0	10380	0	73	161327	98424	69624	133765,133893,135589,139438,134172,132616,132615	0	2	28859,29566,53597,110619,30474,173,0	12	14056
169949	146	222	372	34	51	4	1	8	5070	834	2055	651	1857	8	16	302	71	759	0,0,2,87,10,0	10408	0	88	161354	98489	69624	133620,133749,135450,139354,134103,132523,132522	0	5	28859,29566,53597,110621,30548,185,0	6	14033
170216	175	192	333	25	39	4	1	7	4859	834	2061	667	2019	3	21	284	64	705	0,0,2,84,13,0	10443	0	96	161381	98565	69624	133487,133617,135320,139279,134041,132441,132439	0	7	28859,29566,53597,110621,30623,207,0	8	14014
170490	142	200	300	24	37	5	1	7	4642	834	2064	673	1764	3	11	260	59	650	0,0,1,82,15,0	10332	0	60	161401	98611	69624	133349,133480,135186,139185,133958,132339,132337	0	0	28859,29566,53597,110621,30670,226,0	8	13998
170759	114	218	250	18	33	4	0	6	4442	835	2067	672	1783	7	14	233	45	592	0,0,1,81,17,0	19708	0	56	161411	98662	69624	133221,133352,135061,139098,133883,132245,132243	0	5	28859,29566,53597,110621,30716,240,0	5	13990
170996	105	197	231	25	24	4	0	5	4254	835	2070	662	1784	3	8	198	40	546	0,0,1,78,20,0	19469	0	52	161429	98705	69624	133100,133231,134943,139019,133814,132160,132157	0	0	28859,29566,53597,110623,30752,261,0	4	13978
171238	118	175	232	25	21	5	0	3	4021	835	2073	658	2003	6	9	187	39	537	0,0,1,76,21,0	10279	0	68	161451	98759	69624	132969,133099,134816,138934,133740,132069,132066	0	4	28859,29566,53597,110623,30803,284,0	5	13961
171463	138	191	203	21	20	6	0	3	3787	835	2079	654	1950	4	11	174	40	539	0,0,1,75,23,0	10291	0	104	161470	98847	69624	132843,132975,134693,138855,133675,131986,131982	0	4	28859,29566,53597,110623,30876,312,0	8	13947
171605	175	205	199	20	27	3	0	3	3588	835	2086	636	1887	5	7	167	39	590	0,0,0,71,27,0	10405	0	122	161504	98943	69624	132742,132875,134594,138802,133634,131930,131926	0	11	28859,29566,53597,110624,30952,360,0	10	13923
171766	193	220	211	13	23	4	1	2	3391	835	2087	650	1950	8	6	145	39	626	0,0,0,68,30,0	10352	0	109	161538	99022	69624	132629,132762,134484,138740,133582,131863,131859	0	7	28859,29566,53597,110624,31014,407,0	10	13893
171908	191	245	227	18	22	3	1	2	3203	835	2091	653	1760	4	10	148	39	668	0,0,0,66,32,0	10258	0	118	161574	99109	69624	132529,132660,134385,138682,133535,131802,131797	0	7	28859,29566,53597,110624,31080,457,0	11	13861
172031	180	284	222	21	20	3	1	2	3051	835	2096	666	2001	9	6	141	35	696	0,0,0,64,34,0	19551	0	107	161608	99186	69624	132433,132564,134292,138626,133489,131745,131738	0	10	28859,29566,53597,110624,31145,500,0	9	13830
172127	185	303	244	18	19	3	2	2	2906	835	2102	675	1924	9	8	130	38	736	0,0,0,61,37,0	19584	0	123	161637	99286	69624	132339,132472,134201,138575,133448,131692,131685	0	8	28859,29566,53597,110624,31207,560,0	10	13806
172204	217	291	276	23	30	3	2	0	2761	835	2104	673	2044	9	11	132	49	793	0,0,0,59,40,0	10196	0	145	161686	99391	69624	132250,132382,134111,138537,133420,131652,131645	0	9	28859,29566,53597,110625,31283,633,0	11	13767
172257	251	298	277	25	30	2	2	0	2662	835	2107	676	1873	8	13	135	54	831	0,0,0,55,43,0	10364	0	153	161728	99506	69624	132165,132296,134027,138498,133392,131613,131605	0	6	28859,29566,53597,110625,31354,716,0	9	13734
172337	246	338	289	21	23	3	2	0	2545	835	2107	659	1758	9	14	143	50	872	0,0,0,53,46,0	10198	0	143	161761	99623	69624	132075,132206,133939,138453,133356,131565,131556	0	12	28859,29566,53597,110625,31417,798,0	8	13704
172370	257	368	316	17	25	3	1	1	2444	835	2109	666	1838	15	11	151	54	933	0,0,0,50,49,0	10168	0	169	161800	99762	69624	131998,132130,133863,138424,133337,131536,131526	0	6	28859,29566,53597,110625,31486,902,0	8	13673
172402	283	369	340	22	23	3	2	1	2355	835	2111	651	1801	11	11	160	62	980	0,0,0,47,52,0	10240	0	167	161841	99892	69624	131918,132050,133785,138388,133313,131501,131490	0	6	28859,29566,53597,110625,31548,1008,0	10	13638
172447	276	393	343	32	25	3	1	2	2275	835	2114	676	2041	9	10	171	63	1010	0,0,0,46,53,0	19488	0	158	161889	100003	69624	131845,131978,133713,138366,133300,131479,131467	0	6	28859,29566,53597,110625,31612,1098,0	11	13597
172460	290	392	357	32	21	1	0	3	2233	835	2122	653	1907	8	15	181	60	1033	0,0,0,44,55,0	19609	0	169	161935	100130	69624	131778,131911,133647,138344,133286,131458,131444	0	13	28859,29566,53597,110625,31686,1193,0	10	13558
172407	340	418	378	29	28	1	0	2	2181	835	2127	640	1832	8	14	178	60	1134	0,0,0,41,58,0	10261	0	224	161983	100312	69624	131719,131853,133588,138328,133281,131445,131430	0	9	28859,29566,53597,110625,31755,1347,0	13	13524
