S	E	I1	I2	I3	I4	I5_h	I6_h	R_h	R	D1	D2	H	T	P1	P2	Q	QT	NQ	MUT	HOM	VAC	NI	INF	REINF	BSTR	IMM	HCI	HCE	INFV	INFH	VNI
178081	124	130	62	48	33	4	2	0	259	3	0	235	0	0	0	55	55	348	0,0,0,0,0,0	178743	0	0	403	0	0	665,665,665,665,665,665,665	0	0	0,0,0,0,0,0,0	0	0
178024	86	201	65	49	40	3	2	1	270	3	2	353	327	0	67	173	60	386	0,0,0,0,0,0	12553	0	69	472	0	0	722,722,722,722,722,722,722	0	6	69,0,0,0,0,0,0	6	0
177945	110	209	78	56	52	3	2	1	283	3	4	450	248	1	18	396	74	436	0,0,0,0,0,0	13079	0	91	564	0	0	801,801,801,801,801,801,801	0	7	161,0,0,0,0,0,0	6	0
177865	121	225	84	65	62	5	2	0	303	3	11	534	308	1	27	500	114	450	0,0,0,0,0,0	13146	0	88	652	0	0	882,882,882,882,882,882,882	0	5	249,0,0,0,0,0,0	6	0
177787	119	246	94	63	68	8	3	0	339	3	16	579	274	1	22	612	132	469	0,0,0,0,0,0	25068	0	86	738	0	0	961,961,961,961,961,961,961	0	6	335,0,0,0,0,0,0	9	0
177717	113	269	115	58	68	9	3	0	373	3	18	648	234	1	20	727	150	485	0,0,0,0,0,0	25355	0	83	821	0	0	1033,1033,1033,1033,1033,1033,1033	0	4	418,0,0,0,0,0,0	13	0
177641	121	266	131	68	67	10	5	0	409	3	25	656	144	0	20	858	178	490	0,0,0,0,0,0	13613	0	88	909	0	0	1114,1114,1114,1113,1113,1113,1113	0	5	506,0,0,0,0,0,0	14	0
177577	117	281	138	71	77	12	6	0	432	3	32	684	96	1	24	955	206	496	0,0,0,0,0,0	13906	0	91	1000	0	0	1189,1188,1188,1186,1186,1186,1186	0	8	597,0,0,0,0,0,0	17	0
177496	131	277	147	77	81	16	5	1	473	3	39	677	272	1	29	1111	249	485	0,0,0,0,0,0	13857	0	97	1097	0	0	1279,1278,1278,1274,1274,1274,1274	0	9	694,0,0,0,0,0,0	26	0
177436	136	263	168	75	88	17	4	2	513	3	41	698	95	0	32	1336	273	478	0,0,0,0,0,0	14023	0	90	1187	0	0	1349,1348,1348,1344,1344,1344,1344	0	9	784,0,0,0,0,0,0	29	0
177377	124	289	171	75	82	18	4	1	557	3	45	728	238	2	17	1435	284	479	0,0,0,0,0,0	14248	0	89	1275	1	0	1423,1421,1421,1414,1414,1414,1414	0	4	873,0,0,0,0,0,0	26	0
177309	135	287	175	79	84	19	3	2	601	3	49	693	320	1	20	1225	275	507	0,0,0,0,0,0	26095	0	94	1369	1	0	1506,1503,1503,1493,1493,1493,1493	1	9	967,0,0,0,0,0,0	30	0
177242	133	282	181	82	86	20	3	1	661	3	52	716	258	2	33	1374	295	492	0,0,0,0,0,0	26056	0	89	1454	5	0	1586,1583,1583,1569,1569,1569,1569	1	7	1056,0,0,0,0,0,0	30	0
177182	148	284	176	82	82	20	4	1	707	4	56	715	282	1	21	1616	286	510	0,0,0,0,0,0	14431	0	100	1553	6	0	1676,1669,1669,1647,1647,1647,1647	1	9	1156,0,0,0,0,0,0	30	0
177130	135	301	186	76	76	22	4	0	753	4	59	722	257	1	26	1862	265	535	0,0,0,0,0,0	14765	0	93	1646	6	0	1753,1745,1745,1716,1716,1716,1716	1	9	1249,0,0,0,0,0,0	32	0
177034	168	312	196	76	81	26	3	0	783	6	61	716	245	0	18	1996	270	592	0,0,0,0,0,0	14816	0	131	1778	7	0	1871,1861,1861,1825,1825,1825,1825	1	8	1382,0,0,0,0,0,0	33	0
176942	172	330	194	79	87	25	5	0	836	6	70	725	278	2	22	2031	268	624	0,0,0,0,0,0	15028	0	122	1901	7	0	1988,1976,1976,1934,1934,1934,1934	1	5	1505,0,0,0,0,0,0	41	0
176859	170	362	209	72	80	24	6	0	883	6	75	729	239	2	32	2095	264	659	0,0,0,0,0,0	14863	0	128	2026	10	0	2104,2089,2089,2038,2038,2038,2038	1	8	1632,0,0,0,0,0,0	41	0
176803	173	369	213	72	90	27	5	0	908	7	79	734	267	1	28	2097	274	675	0,0,0,0,0,0	26770	0	114	2141	10	0	2199,2181,2181,2117,2117,2117,2117	1	6	1747,0,0,0,0,0,0	42	0
176739	168	366	208	84	102	27	6	0	949	8	89	717	232	3	38	2288	289	672	0,0,0,0,0,0	27040	0	115	2256	10	0	2310,2288,2288,2208,2208,2208,2208	1	10	1862,0,0,0,0,0,0	50	0
176655	186	349	209	104	109	30	7	0	997	8	92	692	282	0	41	2780	318	676	0,0,0,0,0,0	15520	0	132	2387	11	0	2431,2405,2405,2313,2313,2313,2313	1	10	1993,0,0,0,0,0,0	53	0
176587	193	377	215	107	112	31	10	0	1010	8	96	718	108	1	42	2938	351	694	0,0,0,0,0,0	15966	0	141	2527	13	0	2555,2524,2524,2413,2413,2413,2413	1	9	2135,0,0,0,0,0,0	60	0
176468	216	398	230	113	108	33	10	0	1060	9	101	701	307	4	48	2788	385	723	0,0,0,0,0,0	15878	0	163	2691	14	0	2711,2676,2676,2552,2552,2552,2552	1	17	2300,0,0,0,0,0,0	62	0
176384	223	415	232	117	103	33	10	0	1113	9	107	706	225	2	45	2804	397	736	0,0,0,0,0,0	15734	0	136	2827	14	0	2843,2804,2804,2663,2663,2663,2663	1	13	2436,0,0,0,0,0,0	65	0
176262	245	444	241	130	119	36	9	1	1139	10	110	712	248	2	32	2874	424	800	0,0,0,0,0,0	15877	0	183	3009	15	0	3012,2969,2969,2812,2812,2812,2812	1	27	2619,0,0,0,0,0,0	65	0
176185	234	466	262	118	106	36	11	1	1204	11	112	696	341	4	43	2867	428	805	0,0,0,0,0,0	27670	0	143	3152	16	0	3148,3098,3098,2922,2922,2922,2922	1	5	2762,0,0,0,0,0,0	61	0
176101	247	473	269	126	109	36	13	2	1239	11	120	692	239	3	27	3026	438	835	0,0,0,0,0,0	27361	0	147	3298	17	0	3288,3233,3233,3037,3037,3037,3037	1	6	2908,0,0,0,0,0,0	66	0
175994	254	529	258	121	109	37	13	2	1294	11	124	691	243	3	46	3437	467	854	0,0,0,0,0,0	16508	0	182	3477	21	0	3459,3398,3398,3179,3179,3179,3179	2	16	3089,0,0,0,0,0,0	65	0
175919	244	525	277	126	133	37	13	2	1329	12	129	675	221	3	34	3738	467	888	0,0,0,0,0,0	16657	0	148	3625	22	0	3602,3534,3534,3290,3290,3290,3290	2	11	3238,0,0,0,0,0,0	67	0
175820	244	551	285	121	136	38	14	2	1387	13	135	698	263	2	43	3669	469	920	0,0,0,0,0,0	16828	0	170	3795	23	0	3766,3691,3691,3424,3424,3424,3424	2	18	3409,0,0,0,0,0,0	67	0
175705	247	580	287	141	135	40	14	1	1443	13	140	708	222	4	42	3454	467	977	0,0,0,0,0,0	16475	0	190	3986	23	0	3950,3868,3868,3576,3576,3576,3576	2	18	3600,0,0,0,0,0,0	82	0
175589	276	568	314	146	156	40	15	1	1485	14	142	700	260	1	51	3616	493	1022	0,0,0,0,0,0	16480	0	201	4182	28	0	4139,4050,4050,3730,3730,3730,3730	2	22	3797,0,0,0,0,0,0	85	0
175503	268	580	317	157	161	42	13	3	1544	15	143	688	246	4	47	3559	498	1040	0,0,0,0,0,0	27900	0	170	4354	28	0	4304,4206,4206,3857,3857,3857,3857	2	11	3969,0,0,0,0,0,0	91	0
175429	257	573	318	167	160	49	17	3	1609	16	148	682	266	3	61	3669	522	1019	0,0,0,0,0,0	28316	0	152	4506	29	0	4449,4344,4344,3969,3969,3969,3969	2	8	4121,0,0,0,0,0,0	95	0
175297	285	586	338	172	156	51	21	4	1668	16	152	692	259	1	73	4334	561	1048	0,0,0,0,0,0	17038	0	223	4728	30	0	4667,4553,4553,4146,4146,4146,4146	2	25	4343,0,0,0,0,0,0	110	0
175181	304	587	368	180	163	59	24	4	1704	17	155	647	286	1	57	4568	580	1105	0,0,0,0,0,0	17356	0	217	4945	31	0	4875,4751,4751,4309,4309,4309,4309	2	27	4560,0,0,0,0,0,0	113	0
175070	306	625	383	182	168	63	23	8	1738	17	163	619	287	4	49	4556	596	1154	0,0,0,0,0,0	17509	0	216	5160	33	0	5084,4951,4951,4471,4471,4471,4471	2	31	4775,0,0,0,0,0,0	117	0
174956	316	659	384	176	174	61	22	8	1802	20	168	595	243	3	55	4075	589	1203	0,0,0,0,0,0	17331	0	228	5388	34	0	5306,5162,5162,4642,4642,4642,4642	3	28	5003,0,0,0,0,0,0	121	0
174834	348	643	390	176	193	59	27	7	1877	20	172	571	306	1	48	4193	602	1234	0,0,0,0,0,0	17063	0	228	5616	34	0	5524,5369,5369,4813,4813,4813,4813	3	26	5231,0,0,0,0,0,0	122	0
174732	350	660	406	178	188	57	28	9	1940	21	177	575	257	4	55	4179	611	1256	0,0,0,0,0,0	28556	0	212	5827	35	0	5726,5561,5561,4967,4967,4967,4967	3	17	5442,0,0,0,0,0,0	123	0
174665	348	656	392	190	202	58	27	6	1997	23	182	576	241	1	43	4369	598	1275	0,0,0,0,0,0	28750	0	201	6028	37	0	5916,5738,5738,5097,5097,5097,5097	3	15	5643,0,0,0,0,0,0	131	0
174537	380	693	406	193	208	62	29	5	2023	26	184	555	287	2	84	4557	639	1332	0,0,0,0,0,0	17423	0	263	6291	38	0	6167,5976,5976,5289,5289,5289,5289	3	34	5906,0,0,0,0,0,0	132	0
174405	385	745	419	195	197	62	31	5	2088	27	187	571	324	7	83	4628	694	1340	0,0,0,0,0,0	17418	0	251	6545	38	0	6410,6207,6207,5477,5477,5477,5477	3	36	6160,0,0,0,0,0,0	133	0
174247	386	784	444	200	200	62	32	5	2170	27	189	556	313	3	70	4638	693	1415	0,0,0,0,0,0	17657	0	275	6820	38	0	6676,6462,6462,5690,5690,5690,5690	3	28	6435,0,0,0,0,0,0	139	0
174030	425	847	433	205	205	61	33	5	2275	32	195	549	276	6	65	4500	716	1493	0,0,0,0,0,0	17820	0	327	7145	40	0	6998,6773,6773,5960,5960,5960,5960	4	40	6760,0,0,0,0,0,0	140	0
173873	445	844	473	213	198	59	35	5	2368	32	201	533	309	6	76	4885	706	1561	0,0,0,0,0,0	17332	0	271	7417	41	0	7266,7029,7029,6173,6173,6173,6173	4	22	7032,0,0,0,0,0,0	134	0
173802	423	834	499	229	219	57	36	4	2407	33	203	524	257	3	50	4909	703	1594	0,0,0,0,0,0	29057	0	245	7661	42	0	7499,7245,7245,6327,6327,6327,6327	4	17	7276,0,0,0,0,0,0	128	0
173652	430	852	536	241	214	63	35	5	2480	33	205	498	234	4	71	5374	765	1606	0,0,0,0,0,0	29474	0	291	7957	42	0	7786,7517,7517,6547,6547,6547,6547	4	22	7572,0,0,0,0,0,0	125	0
173517	449	871	557	253	217	57	40	5	2538	35	207	476	294	3	78	5793	812	1632	0,0,0,0,0,0	18598	0	305	8260	44	0	8078,7793,7793,6762,6762,6762,6762	4	29	7875,0,0,0,0,0,0	116	0
173375	461	885	551	258	218	57	38	5	2649	37	212	479	242	7	75	5989	814	1654	0,0,0,0,0,0	18801	0	302	8562	45	0	8371,8070,8070,6979,6979,6979,6979	4	31	8177,0,0,0,0,0,0	112	0
173247	463	896	549	256	216	57	37	4	2766	42	213	489	277	4	79	6159	810	1664	0,0,0,0,0,0	34060	0	288	8853	45	0	8651,8334,8334,7184,7184,7184,7184	4	31	8468,0,0,0,0,0,0	111	0
173135	451	928	558	257	222	65	37	5	2829	45	214	472	233	4	75	5918	841	1677	0,0,0,0,0,0	34274	0	292	9143	47	0	8930,8595,8595,7380,7380,7380,7380	4	26	8758,0,0,0,0,0,0	107	0
173029	446	946	557	256	233	67	35	4	2905	49	219	452	328	9	87	6049	831	1709	0,0,0,0,0,0	33567	0	285	9425	50	0	9205,8851,8851,7570,7570,7570,7570	4	30	9040,0,0,0,0,0,0	117	0
172956	395	958	573	267	251	64	33	6	2967	53	223	463	321	4	66	5790	862	1679	0,0,0,0,0,0	47130	0	238	9661	52	0	9433,9063,9063,7721,7721,7721,7721	4	14	9276,0,0,0,0,0,0	122	0
172862	399	941	580	283	266	72	36	8	3018	57	224	470	243	3	57	5906	861	1716	0,0,0,0,0,0	47059	0	279	9940	54	0	9701,9312,9312,7903,7903,7903,7903	4	22	9555,0,0,0,0,0,0	124	0
172756	405	939	613	274	261	74	38	7	3096	59	224	448	301	5	105	5998	903	1701	0,0,0,0,0,0	34173	0	292	10238	54	0	9986,9578,9578,8099,8099,8099,8099	4	27	9853,0,0,0,0,0,0	128	0
172652	428	899	628	284	265	80	43	8	3175	60	224	493	344	5	71	5749	909	1718	0,0,0,0,0,0	33841	0	289	10526	56	0	10259,9833,9833,8287,8287,8287,8287	4	29	10141,0,0,0,0,0,0	134	0
172575	420	901	626	290	268	86	43	7	3241	63	226	464	290	4	85	5977	935	1699	0,0,0,0,0,0	33768	0	271	10795	58	0	10517,10072,10072,8454,8454,8454,8454	4	27	10410,0,0,0,0,0,0	139	0
172484	443	854	663	280	285	92	43	7	3301	68	226	494	259	5	93	5967	975	1685	0,0,0,0,0,0	34208	0	296	11088	62	0	10796,10331,10331,8639,8639,8639,8639	4	34	10703,0,0,0,0,0,0	156	0
172371	462	847	659	299	282	91	41	8	3385	71	230	477	245	3	102	6378	1021	1660	0,0,0,0,0,0	33904	0	319	11406	63	0	11104,10617,10617,8848,8848,8848,8848	4	34	11022,0,0,0,0,0,0	157	0
172356	447	856	609	278	267	94	47	8	3478	72	234	474	244	2	75	6500	966	1632	0,0,0,0,0,0	47274	0	235	11641	66	0	11326,10817,10817,8967,8967,8967,8967	4	13	11259,0,0,0,0,0,0	165	0
172360	368	870	609	266	253	90	46	8	3564	74	238	453	251	3	75	6674	956	1546	0,0,0,0,0,0	47484	0	201	11839	71	0	11514,10985,10985,9059,9059,9059,9059	4	16	11457,0,0,0,0,0,0	171	0
172321	365	839	610	269	247	92	50	10	3627	76	240	440	271	4	74	6464	966	1506	0,0,0,0,0,0	35016	0	249	12084	75	0	11747,11196,11196,9194,9194,9194,9194	4	32	11703,0,0,0,0,0,0	163	0
172298	382	828	580	269	248	93	51	11	3665	78	243	431	100	4	77	6599	975	1476	0,0,0,0,0,0	34559	0	255	12338	78	0	11986,11412,11412,9324,9324,9324,9324	4	31	11957,0,0,0,0,0,0	163	0
172241	388	843	573	248	253	95	53	12	3714	78	248	430	281	4	77	6756	950	1503	0,0,0,0,0,0	34503	0	271	12608	81	0	12245,11649,11649,9480,9480,9480,9480	4	26	12227,0,0,0,0,0,0	162	0
172239	393	805	590	256	242	90	52	13	3729	84	253	424	243	2	71	6686	923	1505	0,0,0,0,0,0	34706	0	235	12841	84	0	12466,11847,11847,9591,9591,9591,9591	4	22	12460,0,0,0,0,0,0	163	0
172229	408	807	575	238	248	86	51	12	3750	87	255	432	250	1	66	6783	921	1492	0,0,0,0,0,0	34727	0	264	13103	86	0	12713,12068,12068,9719,9719,9719,9719	4	25	12722,0,0,0,0,0,0	160	0
172248	400	778	553	232	256	85	55	13	3776	91	259	417	259	3	62	6459	870	1489	0,0,0,0,0,0	47571	0	221	13322	89	0	12918,12250,12250,9811,9811,9811,9811	4	20	12941,0,0,0,0,0,0	167	0
172255	350	788	537	230	258	84	53	14	3822	94	261	411	222	2	83	6421	866	1434	0,0,0,0,0,0	47181	0	199	13521	92	0	13105,12415,12415,9900,9900,9900,9900	4	18	13140,0,0,0,0,0,0	174	0
172287	367	767	536	241	237	82	53	15	3799	96	266	423	269	4	89	6047	860	1423	0,0,0,0,0,0	34394	0	234	13756	94	0	13325,12608,12608,9993,9993,9993,9993	4	32	13375,0,0,0,0,0,0	164	0
172278	377	752	529	232	248	80	48	14	3817	102	269	441	319	3	76	5816	847	1419	0,0,0,0,0,0	34077	0	246	13999	98	0	13552,12812,12812,10108,10108,10108,10108	4	26	13620,0,0,0,0,0,0	156	0
172341	360	740	507	233	242	72	44	14	3818	105	270	437	275	2	79	5854	818	1380	0,0,0,0,0,0	33974	0	205	14203	99	0	13738,12971,12971,10168,10168,10168,10168	4	28	13824,0,0,0,0,0,0	148	0
172367	349	733	518	237	234	77	43	14	3794	109	271	493	246	5	70	6032	817	1374	0,0,0,0,0,0	33867	0	224	14424	103	0	13942,13150,13150,10255,10255,10255,10255	4	33	14046,0,0,0,0,0,0	140	0
172377	336	727	510	235	242	80	44	16	3796	110	273	478	241	1	78	6046	799	1375	0,0,0,0,0,0	34442	0	207	14632	104	0	14135,13321,13321,10343,10343,10343,10343	4	31	14254,0,0,0,0,0,0	147	0
172462	319	715	502	236	232	79	47	12	3757	110	275	468	276	3	50	5673	780	1350	0,0,0,0,0,0	46685	0	184	14814	107	0	14300,13459,13459,10381,10381,10381,10381	4	11	14436,0,0,0,0,0,0	158	0
172538	298	710	490	226	218	71	42	11	3751	113	278	464	230	3	52	5401	748	1307	0,0,0,0,0,0	46578	0	179	14989	112	0	14460,13594,13594,10422,10422,10422,10422	4	13	14611,0,0,0,0,0,0	143	0
172556	298	704	481	227	212	73	43	11	3742	118	281	443	250	4	69	5494	770	1268	0,0,0,0,0,0	33433	0	220	15209	113	0	14664,13774,13774,10512,10512,10512,10512	4	28	14831,0,0,0,0,0,0	140	0
172579	306	695	466	229	203	73	45	9	3741	118	282	436	264	2	69	5512	770	1247	0,0,0,0,0,0	33477	0	216	15425	114	0	14861,13947,13947,10595,10595,10595,10595	4	26	15047,0,0,0,0,0,0	149	0
172599	317	681	479	219	213	68	44	9	3711	121	285	434	259	2	69	5305	740	1281	0,0,0,0,0,0	33129	0	215	15638	118	0	15058,14120,14120,10680,10680,10680,10680	4	33	15260,0,0,0,0,0,0	145	0
172677	325	652	460	215	215	68	44	9	3672	122	287	434	232	3	61	5538	724	1255	0,0,0,0,0,0	33575	0	186	15823	122	0	15226,14261,14261,10721,10721,10721,10721	4	22	15446,0,0,0,0,0,0	150	0
172700	334	660	440	216	214	65	46	10	3647	123	291	459	303	4	61	5424	730	1245	0,0,0,0,0,0	33468	0	219	16037	127	0	15424,14436,14436,10805,10805,10805,10805	4	24	15662,0,0,0,0,0,0	135	0
172750	324	640	449	214	204	62	38	14	3627	130	294	475	319	3	55	5195	703	1228	0,0,0,0,0,0	46060	0	178	16211	132	0	15584,14573,14573,10856,10856,10856,10856	3	16	15837,0,0,0,0,0,0	135	0
172811	314	586	463	195	224	60	39	15	3609	130	300	441	318	4	53	5056	671	1210	0,0,0,0,0,0	46167	0	167	16377	134	0	15737,14703,14703,10899,10899,10899,10899	3	20	16003,0,0,0,0,0,0	134	0
172877	283	602	450	192	213	57	38	11	3584	136	303	460	263	4	68	4995	674	1161	0,0,0,0,0,0	33143	0	168	16541	139	0	15885,14827,14827,10935,10935,10935,10935	3	17	16168,0,0,0,0,0,0	119	0
172944	272	596	444	200	202	56	38	10	3541	138	305	452	273	6	63	5140	694	1114	0,0,0,0,0,0	33329	0	183	16722	141	0	16046,14964,14964,10977,10977,10977,10977	3	17	16349,0,0,0,0,0,0	119	0
172961	275	599	439	180	189	55	38	10	3554	139	307	438	252	3	56	5394	702	1073	0,0,0,0,0,0	33641	0	186	16907	143	0	16215,15113,15113,11049,11049,11049,11049	3	18	16534,0,0,0,0,0,0	121	0
173017	277	585	412	196	180	49	33	13	3531	142	311	456	93	1	51	4935	679	1053	0,0,0,0,0,0	33272	0	174	17080	145	0	16374,15247,15247,11095,11095,11095,11095	3	21	16707,0,0,0,0,0,0	110	0
173079	249	588	419	182	171	52	32	14	3502	144	314	444	294	1	41	4920	651	1042	0,0,0,0,0,0	33115	0	149	17226	148	0	16505,15358,15358,11124,11124,11124,11124	3	18	16853,0,0,0,0,0,0	102	0
173159	261	568	424	178	164	52	32	11	3437	145	315	444	263	3	55	4767	632	1047	0,0,0,0,0,0	46045	0	163	17388	151	0	16649,15477,15477,11152,11152,11152,11152	3	12	17015,0,0,0,0,0,0	115	0
173257	240	557	415	173	173	56	32	13	3366	147	317	456	253	1	45	4373	631	1015	0,0,0,0,0,0	45880	0	139	17525	153	0	16769,15573,15573,11159,11159,11159,11159	3	12	17152,0,0,0,0,0,0	111	0
173339	234	544	393	181	161	56	31	12	3329	147	319	453	302	3	51	4176	618	982	0,0,0,0,0,0	32351	0	149	17674	157	0	16900,15681,15681,11178,11178,11178,11178	3	20	17302,0,0,0,0,0,0	107	0
173402	233	530	387	177	148	56	31	11	3295	149	327	455	248	0	44	4025	607	955	0,0,0,0,0,0	32189	0	151	17821	161	0	17034,15794,15794,11207,11207,11207,11207	3	11	17449,0,0,0,0,0,0	113	0
173459	238	515	386	168	133	54	31	11	3266	153	332	474	262	2	39	3994	547	978	0,0,0,0,0,0	32176	0	157	17975	164	0	17174,15912,15912,11242,11242,11242,11242	3	16	17603,0,0,0,0,0,0	99	0
173526	228	494	383	164	133	58	29	11	3230	155	335	427	306	2	43	3732	515	974	0,0,0,0,0,0	44652	0	137	18111	168	0	17295,16013,16013,11263,11263,11263,11263	3	11	17739,0,0,0,0,0,0	99	0
173613	218	471	365	165	135	58	30	10	3187	158	336	442	248	4	47	3427	480	962	0,0,0,0,0,0	44926	0	125	18236	168	0	17403,16099,16099,11266,11266,11266,11266	2	13	17864,0,0,0,0,0,0	107	0
173709	222	452	339	171	143	58	28	10	3116	160	338	457	249	1	46	3248	472	941	0,0,0,0,0,0	44651	0	128	18360	173	0	17511,16185,16185,11267,11267,11267,11267	2	11	17989,0,0,0,0,0,0	105	0
173792	221	429	338	157	135	58	27	9	3075	161	344	455	156	1	49	3163	474	891	0,0,0,0,0,0	44646	30	129	18487	175	0	17625,16277,16277,11277,11277,11277,11277	2	12	18116,0,0,0,0,0,0	114	27
173852	216	421	339	167	140	52	25	10	3014	164	346	450	259	1	57	3175	502	858	0,0,0,0,0,0	31316	28	130	18615	177	0	17736,16370,16370,11295,11295,11295,11295	2	15	18244,0,0,0,0,0,0	108	51
173969	194	423	337	153	139	54	26	10	2929	164	348	426	102	3	40	3272	484	842	0,0,0,0,0,0	31527	33	117	18729	180	0	17830,16441,16441,11276,11276,11276,11276	2	7	18358,0,0,0,0,0,0	103	79
174020	202	428	331	144	138	56	24	12	2877	166	348	418	250	1	44	3456	480	843	0,0,0,0,0,0	31679	26	143	18870	182	0	17953,16545,16545,11305,11305,11305,11305	2	12	18499,0,0,0,0,0,0	105	104
174087	201	424	327	133	129	51	27	11	2837	167	352	417	260	3	47	3549	458	834	0,0,0,0,0,0	31225	18	125	18995	183	0	18065,16636,16636,11319,11319,11319,11319	2	13	18625,0,0,0,0,0,0	93	119
174131	194	417	319	135	134	56	27	12	2799	169	353	432	265	0	43	3577	458	824	0,0,0,0,0,0	31571	36	130	19122	186	0	18176,16730,16730,11345,11345,11345,11345	2	8	18752,0,0,0,0,0,0	100	150
174210	189	394	333	132	128	51	27	11	2741	171	359	444	260	0	48	3641	475	779	0,0,0,0,0,0	38352	29	114	19236	186	0	18277,16812,16812,11350,11350,11350,11350	2	10	18866,0,0,0,0,0,0	102	176
174291	191	374	320	135	130	51	28	10	2684	173	359	429	97	0	40	3622	469	760	0,0,0,0,0,0	38738	130	104	19336	190	0	18371,16887,16887,11349,11349,11349,11349	2	9	18967,0,0,0,0,0,0	100	293
174357	192	365	307	125	117	63	25	11	2645	175	364	425	263	0	37	3636	452	742	0,0,0,0,0,0	26823	144	105	19442	190	0	18473,16971,16971,11359,11359,11359,11359	2	11	19073,0,0,0,0,0,0	99	422
174418	202	362	304	111	120	59	22	12	2591	178	367	412	235	1	37	3679	436	744	0,0,0,0,0,0	26778	125	124	19566	190	0	18591,17071,17071,11378,11378,11378,11378	2	12	19197,0,0,0,0,0,0	101	533
174473	196	376	292	116	109	58	22	11	2545	180	368	408	292	3	39	3584	410	759	0,0,0,0,0,0	26636	122	125	19684	197	0	18702,17164,17164,11398,11398,11398,11398	2	15	19316,0,0,0,0,0,0	93	642
174530	192	381	288	115	103	55	24	10	2499	181	368	426	224	1	45	3374	409	749	0,0,0,0,0,0	26475	123	112	19794	199	0	18801,17247,17247,11410,11410,11410,11410	2	22	19426,0,0,0,0,0,0	93	741
174587	190	362	287	125	106	53	26	9	2448	181	372	438	102	1	28	3253	391	758	0,0,0,0,0,0	26271	145	113	19907	199	0	18911,17340,17340,11428,11428,11428,11428	2	9	19539,0,0,0,0,0,0	95	877
174644	168	388	269	110	111	51	24	7	2416	183	375	436	240	1	32	2978	389	732	0,0,0,0,0,0	37932	153	103	20011	199	0	19013,17424,17424,11442,11442,11442,11442	2	7	19643,0,0,0,0,0,0	94	1007
174713	160	371	261	110	110	52	23	8	2380	183	375	460	222	1	31	3150	373	714	0,0,0,0,0,0	38360	150	93	20104	200	0	19133,17529,17529,11460,11460,11460,11460	2	16	19736,0,0,0,0,0,0	100	1131
174730	177	383	247	98	105	44	22	9	2366	184	381	470	249	1	41	3078	365	711	0,0,0,0,0,0	26302	160	125	20228	202	0	19296,17677,17677,11524,11524,11524,11524	2	14	19860,0,0,0,0,0,0	90	1272
174756	186	395	251	87	105	44	19	10	2324	187	382	474	86	1	31	2959	360	727	0,0,0,0,0,0	26020	125	127	20358	202	0	19450,17815,17815,11577,11577,11577,11577	2	20	19990,0,0,0,0,0,0	89	1377
174790	184	384	261	93	117	42	18	9	2275	190	383	473	255	1	31	2704	351	748	0,0,0,0,0,0	26117	159	121	20477	204	0	19595,17945,17945,11623,11623,11623,11623	2	12	20109,0,0,0,0,0,0	85	1521
174843	179	392	261	103	111	38	18	8	2214	191	388	479	94	2	38	2597	357	745	0,0,0,0,0,0	25860	172	116	20591	206	0	19733,18065,18065,11655,11655,11655,11655	2	15	20224,0,0,0,0,0,0	78	1659
174864	175	397	266	104	113	39	18	7	2181	191	391	479	337	1	31	2633	361	751	0,0,0,0,0,0	25815	162	127	20716	209	0	19893,18211,18211,11715,11715,11715,11715	2	8	20349,0,0,0,0,0,0	76	1796
174885	164	390	269	116	112	38	18	6	2158	193	397	489	259	2	25	2523	340	767	0,0,0,0,0,0	37675	156	108	20824	210	0	20040,18345,18345,11769,11769,11769,11769	2	11	20457,0,0,0,0,0,0	78	1927
174915	165	381	282	104	104	38	19	6	2139	194	399	484	244	3	46	2440	342	751	0,0,0,0,0,0	37394	60	104	20926	213	0	20176,18467,18467,11812,11812,11812,11812	2	13	20559,0,0,0,0,0,0	82	1974
174931	178	371	294	107	102	35	18	8	2107	195	400	493	242	2	34	2835	351	754	0,0,0,0,0,0	25781	74	132	21056	215	0	20344,18620,18620,11877,11877,11877,11877	2	18	20689,0,0,0,0,0,0	78	2039
174971	180	367	266	104	109	38	16	7	2085	198	405	477	257	4	35	2505	369	711	0,0,0,0,0,0	25763	75	106	21160	217	0	20473,18734,18734,11910,11910,11910,11910	2	11	20793,0,0,0,0,0,0	64	2103
175017	167	368	260	101	109	38	17	5	2058	199	407	473	248	0	33	2632	359	701	0,0,0,0,0,0	25764	61	106	21265	218	0	20617,18863,18863,11948,11948,11948,11948	2	16	20898,0,0,0,0,0,0	65	2154
175016	167	381	256	96	106	40	19	5	2049	199	412	473	249	3	32	2696	351	714	0,0,0,0,0,0	25833	68	121	21383	221	0	20777,19011,19011,12017,12017,12017,12017	2	16	21017,0,0,0,0,0,0	73	2214
175037	187	390	240	105	106	37	21	3	2003	199	418	489	256	2	27	2668	349	737	0,0,0,0,0,0	25991	46	126	21512	223	0	20943,19161,19161,12077,12077,12077,12077	2	18	21146,0,0,0,0,0,0	73	2247
175050	188	374	257	125	97	36	18	4	1974	202	421	518	252	1	30	2615	347	748	0,0,0,0,0,0	37857	66	109	21621	225	0	21086,19293,19293,12132,12132,12132,12132	2	10	21255,0,0,0,0,0,0	78	2300
175103	192	358	241	124	102	34	18	3	1944	202	425	512	222	1	30	2601	353	716	0,0,0,0,0,0	37820	204	103	21723	226	0	21201,19392,19392,12152,12152,12152,12152	2	8	21357,0,0,0,0,0,0	67	2475
175103	189	367	255	122	107	34	17	4	1918	203	427	509	278	1	46	2675	372	719	0,0,0,0,0,0	25866	220	124	21847	226	0	21342,19520,19520,12210,12210,12210,12210	2	13	21481,0,0,0,0,0,0	68	2660
175105	180	385	249	119	113	34	18	5	1904	203	431	482	298	0	36	2733	363	735	0,0,0,0,0,0	25635	176	115	21958	230	0	21474,19641,19641,12262,12262,12262,12262	2	10	21592,0,0,0,0,0,0	73	2799
175103	190	374	247	121	101	34	20	5	1915	205	431	481	247	7	39	2540	355	732	0,0,0,0,0,0	25375	202	124	22080	232	0	21607,19762,19762,12316,12316,12316,12316	1	11	21714,0,0,0,0,0,0	72	2966
175131	191	374	240	103	107	38	20	5	1898	205	434	486	265	1	32	2341	355	718	0,0,0,0,0,0	25552	209	107	22186	234	0	21726,19867,19867,12348,12348,12348,12348	1	15	21820,0,0,0,0,0,0	74	3137
175121	205	382	231	121	111	34	18	3	1876	207	437	507	258	1	28	2375	349	753	0,0,0,0,0,0	25519	209	135	22318	237	0	21868,19997,19997,12411,12411,12411,12411	1	8	21952,0,0,0,0,0,0	73	3308
175164	182	360	242	127	120	37	19	3	1845	208	439	502	230	4	31	2060	343	744	0,0,0,0,0,0	37263	216	83	22401	239	0	21966,20083,20083,12427,12427,12427,12427	1	3	22035,0,0,0,0,0,0	67	3475
175186	163	365	244	121	107	39	18	4	1846	210	443	499	253	1	42	2097	361	696	0,0,0,0,0,0	37093	170	96	22497	240	0	22158,20263,20263,12500,12500,12500,12500	1	7	22131,0,0,0,0,0,0	67	3620
175198	168	351	234	121	109	42	14	4	1848	214	443	483	259	2	46	2369	391	648	0,0,0,0,0,0	25429	181	105	22601	243	0	22362,20456,20456,12581,12581,12581,12581	1	10	22235,0,0,0,0,0,0	66	3773
175162	178	374	236	124	113	45	15	3	1837	216	443	458	256	2	34	2480	408	677	3,0,0,0,0,0	25484	159	110	22745	246	0	22578,20662,20662,12693,12693,12693,12693	1	11	22345,36,0,0,0,0,0	67	3898
175140	207	381	238	110	122	43	16	2	1825	217	445	469	281	0	35	2605	381	736	7,0,0,0,0,0	25572	149	115	22896	249	0	22813,20885,20885,12808,12808,12808,12808	1	10	22452,82,0,0,0,0,0	68	4023
175125	237	413	240	104	104	40	20	2	1795	217	449	502	278	4	53	2735	388	770	11,0,0,0,0,0	25873	166	127	23057	250	0	23061,21119,21119,12927,12927,12927,12927	1	8	22562,133,0,0,0,0,0	66	4157
175040	258	458	246	110	105	39	21	2	1797	217	453	485	92	1	29	2928	394	843	16,0,0,0,0,0	25762	164	142	23244	252	0	23347,21395,21395,13096,13096,13096,13096	1	7	22679,204,0,0,0,0,0	76	4293
174971	263	494	255	128	108	35	19	3	1795	220	455	472	236	3	34	2942	396	906	21,0,0,0,0,0	37829	174	148	23423	255	0	23621,21659,21659,13257,13257,13257,13257	1	8	22775,287,0,0,0,0,0	75	4433
174906	274	500	278	136	113	32	18	3	1808	221	457	502	260	1	33	2885	401	950	26,0,0,0,0,0	37864	118	155	23605	258	0	23886,21913,21913,13409,13409,13409,13409	1	11	22866,380,0,0,0,0,0	79	4523
174851	284	520	305	136	119	33	20	2	1791	221	464	522	298	3	44	3146	409	1008	29,0,0,0,0,0	26128	121	175	23782	260	0	24157,22173,22173,13556,13556,13556,13556	1	13	22972,451,0,0,0,0,0	76	4611
174786	276	526	329	143	135	33	17	2	1806	224	469	542	324	2	51	3536	435	1024	31,0,0,0,0,0	26121	125	181	23958	266	0	24403,22408,22408,13696,13696,13696,13696	1	15	23067,533,0,0,0,0,0	80	4700
174661	306	551	330	148	148	36	19	3	1847	226	471	523	248	1	58	3684	468	1070	35,0,0,0,0,0	26416	127	221	24173	273	0	24698,22695,22695,13889,13889,13889,13889	1	15	23174,645,0,0,0,0,0	77	4779
174541	327	601	341	143	149	39	22	3	1879	226	475	541	278	1	60	3667	500	1122	40,0,0,0,0,0	26603	125	239	24412	275	0	25021,23009,23008,14097,14097,14097,14097	1	18	23277,782,0,0,0,0,0	93	4879
174405	329	663	346	152	163	36	19	4	1917	228	484	557	263	2	46	4089	514	1194	43,0,0,0,0,0	26956	114	246	24656	277	0	25349,23328,23326,14315,14315,14315,14315	1	14	23385,920,0,0,0,0,0	94	4961
174324	338	668	367	159	180	35	18	3	1937	230	487	558	298	1	53	4261	550	1215	46,0,0,0,0,0	39286	128	204	24852	285	0	25625,23595,23593,14481,14481,14481,14481	1	23	23453,1053,0,0,0,0,0	86	5053
174252	330	676	380	164	198	29	16	5	1976	231	489	562	276	5	54	4308	594	1199	49,0,0,0,0,0	39176	270	205	25055	287	0	25863,23821,23818,14620,14620,14620,14620	1	10	23531,1179,0,0,0,0,0	80	5259
174129	339	695	392	176	191	33	18	6	2043	232	492	584	238	0	50	4160	614	1230	51,0,0,0,0,0	27316	269	229	25278	293	0	26125,24076,24071,14794,14794,14794,14794	1	10	23615,1322,0,0,0,0,0	70	5459
173993	378	693	415	188	190	35	23	6	2095	232	498	595	255	2	41	4215	612	1310	54,0,0,0,0,0	27236	292	260	25527	304	0	26411,24354,24348,14988,14988,14988,14988	1	16	23707,1484,0,0,0,0,0	80	5682
173836	378	767	419	192	187	33	23	6	2169	233	503	587	262	3	74	4312	666	1333	57,0,0,0,0,0	27235	297	274	25795	312	0	26708,24643,24636,15198,15198,15198,15198	1	21	23785,1681,0,0,0,0,0	90	5897
173702	398	781	446	209	200	35	26	5	2202	234	508	571	258	3	49	4513	664	1431	59,0,0,0,0,0	27675	296	280	26066	322	0	27015,24943,24932,15403,15403,15403,15403	1	15	23865,1877,0,0,0,0,0	99	6124
173551	403	828	462	233	206	35	29	5	2248	235	511	545	241	5	75	4652	697	1499	62,0,0,0,0,0	27183	295	292	26350	333	0	27316,25234,25222,15612,15612,15612,15612	2	25	23948,2086,0,0,0,0,0	104	6320
173424	394	831	483	250	208	38	34	5	2328	235	516	538	311	5	65	4642	687	1551	63,0,0,0,0,0	39365	300	252	26595	341	0	27592,25506,25490,15800,15800,15800,15800	2	18	24008,2279,0,0,0,0,0	104	6527
173327	381	838	494	256	216	41	38	4	2397	236	518	547	260	3	92	4320	720	1544	64,0,0,0,0,0	39481	601	242	26830	350	0	27941,25851,25831,16009,16009,16009,16009	2	22	24079,2450,0,0,0,0,0	116	6927
173156	416	897	503	266	220	45	37	3	2440	240	523	544	275	5	75	4396	758	1626	66,0,0,0,0,0	27612	604	332	27158	355	0	28380,26285,26260,16299,16299,16299,16299	2	26	24176,2685,0,0,0,0,0	126	7277
172980	467	935	528	251	225	51	38	4	2501	242	524	546	245	2	96	4624	825	1670	68,0,0,0,0,0	27827	589	333	27487	363	0	28812,26713,26683,16589,16589,16589,16589	2	22	24243,2952,0,0,0,0,0	126	7797
172814	504	968	538	263	243	60	38	4	2541	245	528	522	333	0	69	5336	862	1752	70,0,0,0,0,0	28260	632	348	27821	380	0	29260,27159,27122,16884,16884,16884,16884	2	18	24304,3237,0,0,0,0,0	133	8367
172576	528	1016	536	290	257	69	39	5	2651	248	531	511	220	4	82	5625	880	1855	72,0,0,0,0,0	28303	610	374	28181	394	0	29740,27641,27598,17229,17229,17229,17229	2	19	24379,3534,0,0,0,0,0	131	8911
172324	588	1074	563	286	260	70	42	5	2746	250	538	487	268	7	88	6098	906	1977	74,0,0,0,0,0	28837	604	414	28586	408	0	30248,28146,28097,17596,17596,17596,17596	2	38	24454,3876,0,0,0,0,0	152	9425
172131	580	1107	599	306	276	74	42	7	2832	251	541	482	336	1	93	5894	945	2039	75,0,0,0,0,0	40304	630	349	28917	426	0	30690,28587,28533,17905,17905,17905,17905	2	21	24509,4160,0,0,0,0,0	162	9976
171924	555	1157	618	309	301	79	45	9	2951	252	546	483	250	3	91	5743	973	2091	77,0,0,0,0,0	40144	774	370	29282	438	0	31228,29124,29063,18262,18262,18262,18262	2	13	24570,4473,0,0,0,0,0	159	10672
171646	580	1224	635	335	320	81	47	6	3068	254	550	460	313	2	112	6443	1059	2163	79,0,0,0,0,0	29407	869	444	29710	457	0	31809,29707,29638,18676,18676,18676,18676	2	21	24632,4855,0,0,0,0,0	168	11435
171342	661	1268	692	353	319	82	45	8	3168	258	550	472	273	8	103	6704	1119	2301	80,0,0,0,0,0	29544	801	485	30181	476	0	32484,30382,30306,19152,19152,19152,19152	2	22	24699,5272,0,0,0,0,0	164	12141
171037	742	1280	714	375	333	85	48	10	3310	260	552	469	303	7	116	7035	1174	2403	81,0,0,0,0,0	29782	816	495	30660	495	0	33185,31084,30999,19639,19639,19639,19639	2	21	24767,5698,0,0,0,0,0	164	12836
170691	786	1358	761	361	355	90	49	11	3465	263	556	433	294	5	107	7120	1186	2574	82,0,0,0,0,0	30146	811	524	31160	520	0	33900,31801,31708,20157,20157,20157,20157	2	20	24825,6158,0,0,0,0,0	165	13545
170356	793	1466	795	379	383	94	47	10	3593	269	561	446	248	2	118	6911	1239	2718	83,0,0,0,0,0	29936	797	521	31661	545	0	34615,32521,32418,20668,20668,20668,20668	2	16	24884,6621,0,0,0,0,0	189	14242
170060	793	1511	847	386	396	105	53	12	3747	272	564	445	244	4	113	6729	1254	2837	84,0,0,0,0,0	40942	760	509	32155	561	0	35320,33231,33116,21159,21159,21159,21159	2	27	24934,7076,0,0,0,0,0	195	14874
169795	766	1570	855	394	426	107	54	13	3924	274	568	438	238	3	134	6952	1311	2861	85,0,0,0,0,0	40786	891	492	32634	577	0	36054,33969,33842,21645,21645,21645,21645	2	19	24983,7517,0,0,0,0,0	215	15663
169468	768	1657	897	394	465	117	53	11	4067	280	569	431	251	5	155	8095	1452	2899	86,0,0,0,0,0	46461	891	561	33175	601	0	36865,34787,34646,22199,22199,22199,22199	2	31	25032,8025,0,0,0,0,0	214	16416
169107	842	1669	919	461	457	111	53	11	4263	281	572	443	233	5	145	8483	1501	3011	87,0,0,0,0,0	47227	881	593	33758	615	0	37687,35617,35461,22776,22776,22776,22776	2	41	25094,8558,0,0,0,0,0	208	17130
168821	860	1702	981	468	467	116	55	13	4408	282	573	421	235	7	144	8802	1571	3078	88,0,0,0,0,0	47508	886	562	34299	642	0	38463,36402,36230,23297,23297,23297,23297	2	32	25138,9073,0,0,0,0,0	218	17873
168507	871	1716	1044	472	469	118	54	14	4620	284	577	419	260	8	146	8773	1594	3150	89,0,0,0,0,0	47668	899	550	34825	671	0	39238,37186,36999,23826,23826,23826,23826	2	31	25187,9571,0,0,0,0,0	200	18626
168180	915	1754	1028	503	491	118	51	16	4825	287	578	432	344	5	165	9186	1666	3194	89,0,0,0,0,0	48003	849	606	35409	699	0	40056,38018,37812,24386,24386,24386,24386	2	25	25230,10131,0,0,0,0,0	208	19332
168043	845	1702	1033	523	493	123	48	15	5047	293	581	428	262	8	128	9252	1649	3118	90,0,0,0,0,0	71754	919	421	35812	720	0	40677,38654,38427,24755,24755,24755,24755	2	33	25263,10516,0,0,0,0,0	214	20118
167917	794	1650	1053	539	540	126	50	14	5183	297	583	419	243	6	146	9372	1660	3092	90,0,0,0,0,0	71961	651	448	36238	745	0	41397,39393,39143,25172,25172,25172,25172	3	34	25292,10932,0,0,0,0,0	228	20649
167715	760	1722	1027	548	509	127	51	13	5389	301	584	439	275	8	195	10044	1744	3000	90,0,0,0,0,0	48237	614	520	36738	769	0	42178,40194,39920,25654,25654,25654,25654	3	31	25326,11414,0,0,0,0,0	219	21141
167534	794	1673	1046	547	525	128	51	14	5542	306	586	436	219	10	153	10208	1730	3034	91,0,0,0,0,0	48919	607	528	37252	785	0	42976,41013,40713,26136,26136,26136,26136	3	23	25360,11906,0,0,0,0,0	221	21610
167326	821	1663	1035	559	545	125	55	13	5707	310	587	449	255	7	142	10015	1701	3102	91,0,0,0,0,0	48867	632	528	37755	816	0	43776,41834,41511,26631,26631,26631,26631	3	25	25391,12402,0,0,0,0,0	217	22096
167157	820	1656	1025	550	549	131	60	13	5884	313	588	429	309	4	157	9326	1642	3149	92,0,0,0,0,0	48739	588	515	38243	845	0	44554,42633,42285,27096,27096,27096,27096	3	39	25410,12895,0,0,0,0,0	227	22553
166935	823	1715	1028	542	532	139	57	14	6052	319	590	418	268	6	193	9778	1696	3140	93,0,0,0,0,0	48395	628	574	38786	880	0	45363,43466,43091,27608,27608,27608,27608	3	24	25432,13439,0,0,0,0,0	241	23046
166887	791	1685	1053	539	543	142	58	14	6116	323	595	412	325	7	159	9902	1720	3091	93,0,0,0,0,0	72518	609	446	39211	903	0	46081,44212,43806,27990,27990,27990,27990	3	22	25447,13865,0,0,0,0,0	260	23531
166861	710	1667	1074	530	525	138	63	11	6242	328	597	417	258	8	146	9697	1678	3029	94,0,0,0,0,0	72374	813	417	39611	927	0	46745,44907,44471,28349,28349,28349,28349	3	19	25461,14263,0,0,0,0,0	258	24185
166698	727	1606	1086	540	532	142	64	10	6408	333	600	403	252	7	163	9981	1671	3026	94,0,0,0,0,0	48756	858	516	40100	957	0	47480,45675,45212,28818,28818,28818,28818	3	23	25478,14758,0,0,0,0,0	254	24878
166573	771	1594	1067	554	538	144	66	9	6491	336	603	399	351	14	190	10334	1720	3014	94,0,0,0,0,0	48841	875	527	40594	990	0	48249,46471,45976,29245,29245,29245,29245	3	32	25497,15255,0,0,0,0,0	257	25564
166436	790	1625	1047	535	537	150	72	8	6602	339	605	400	249	6	159	10298	1709	3047	95,0,0,0,0,0	49016	903	530	41093	1023	0	49042,47294,46768,29688,29688,29688,29688	3	35	25509,15768,0,0,0,0,0	254	26277
166313	762	1697	1001	540	556	153	71	8	6693	346	606	396	321	4	154	9881	1649	3131	95,0,0,0,0,0	48926	901	529	41593	1056	0	49821,48102,47543,30118,30118,30118,30118	3	24	25520,16281,0,0,0,0,0	260	27003
166198	764	1705	988	548	534	151	72	6	6819	353	608	413	288	8	145	10108	1610	3152	96,0,0,0,0,0	48659	884	522	42084	1091	0	50601,48912,48321,30547,30547,30547,30547	3	27	25531,16784,0,0,0,0,0	262	27703
166131	769	1611	1007	550	555	163	72	5	6914	358	611	400	314	10	151	10107	1619	3108	96,0,0,0,0,0	72335	912	472	42530	1121	0	51342,49685,49060,30934,30934,30934,30934	3	22	25535,17246,0,0,0,0,0	282	28405
166178	723	1612	982	507	550	171	66	4	6974	366	613	397	250	6	166	9900	1588	3023	96,0,0,0,0,0	72341	1082	396	42911	1139	0	52120,50498,49836,31278,31278,31278,31278	3	20	25542,17633,0,0,0,0,0	297	29285
166083	722	1630	981	502	547	163	70	8	7057	368	615	374	277	5	169	9038	1551	3064	97,0,0,0,0,0	48817	1074	518	43405	1165	0	53044,51456,50759,31765,31765,31765,31765	3	29	25546,18142,0,0,0,0,0	286	30119
166025	755	1583	964	502	563	170	73	9	7118	369	615	381	273	10	156	9347	1526	3084	97,0,0,0,0,0	48139	1076	500	43878	1195	0	53928,52378,51643,32212,32212,32212,32212	3	24	25556,18625,0,0,0,0,0	283	30967
165982	726	1573	1003	519	540	171	80	8	7156	371	617	364	269	6	184	9384	1571	3041	97,0,0,0,0,0	48270	1070	479	44329	1224	0	54809,53292,52522,32651,32651,32651,32651	3	20	25561,19091,0,0,0,0,0	269	31802
165941	739	1544	994	534	534	164	84	11	7207	374	620	356	311	7	162	9170	1574	3019	97,0,0,0,0,0	48542	1089	486	44791	1249	0	55700,54219,53412,33093,33093,33093,33093	3	17	25564,19566,0,0,0,0,0	275	32644
165931	737	1530	1031	512	528	157	88	13	7221	377	621	369	282	2	181	8872	1589	2994	97,0,0,0,0,0	47758	1061	465	45231	1278	0	56547,55103,54259,33499,33499,33499,33499	2	29	25568,20020,0,0,0,0,0	280	33433
166017	670	1482	1046	486	516	161	90	13	7264	379	622	354	294	9	130	8769	1504	2947	98,0,0,0,0,0	71478	1030	365	45576	1301	0	57292,55884,55003,33809,33809,33809,33809	2	15	25570,20380,0,0,0,0,0	295	34212
166161	619	1415	1016	460	520	154	92	14	7286	384	625	373	258	7	143	8610	1435	2841	98,0,0,0,0,0	71417	1367	342	45900	1321	0	58114,56746,55823,34121,34121,34121,34121	2	23	25573,20713,0,0,0,0,0	282	35268
166194	649	1397	1001	454	510	151	88	14	7272	391	625	344	241	4	158	8832	1423	2827	98,0,0,0,0,0	47815	1371	449	46325	1348	0	59018,57688,56726,34532,34532,34532,34532	2	30	25577,21152,0,0,0,0,0	281	36299
166271	659	1356	1009	431	490	153	84	17	7251	399	626	348	325	9	148	8719	1370	2812	98,0,0,0,0,0	47622	1431	410	46711	1377	0	59878,58591,57588,34900,34900,34900,34900	2	13	25581,21552,0,0,0,0,0	267	37375
166336	630	1362	958	423	478	149	78	16	7284	405	627	387	266	6	139	8422	1331	2747	98,0,0,0,0,0	47291	1436	415	47101	1403	0	60752,59505,58461,35272,35272,35272,35272	2	18	25582,21957,0,0,0,0,0	273	38452
166384	642	1351	941	431	438	152	75	15	7273	414	630	370	247	7	155	8025	1308	2722	99,0,0,0,0,0	39279	1339	441	47516	1433	0	61645,60441,59355,35667,35667,35667,35667	2	30	25584,22394,0,0,0,0,0	261	39438
166453	617	1334	895	443	403	151	76	16	7304	423	631	377	318	1	124	8283	1244	2675	99,0,0,0,0,0	39191	1383	378	47869	1461	0	62451,61286,60162,36004,36004,36004,36004	2	15	25584,22765,0,0,0,0,0	249	40470
166592	587	1324	864	414	402	145	70	19	7267	430	632	365	246	5	138	7874	1214	2592	99,0,0,0,0,0	41507	1382	336	48186	1481	0	63244,62119,60956,36302,36302,36302,36302	2	11	25586,23095,0,0,0,0,0	261	41489
166773	531	1254	870	428	392	140	69	18	7201	434	636	365	285	8	120	7771	1150	2534	99,0,0,0,0,0	41286	1050	291	48469	1493	0	64006,62921,61716,36555,36555,36555,36555	2	12	25586,23387,0,0,0,0,0	256	42257
166869	515	1212	866	422	399	137	68	18	7165	437	638	378	262	1	155	7365	1126	2493	99,0,0,0,0,0	38295	1097	343	48791	1514	0	64790,63742,62500,36855,36855,36855,36855	2	18	25587,23722,0,0,0,0,0	241	43047
166958	530	1175	829	389	386	131	69	16	7181	442	640	383	239	6	152	7217	1096	2413	99,0,0,0,0,0	38209	1126	360	49138	1528	0	65606,64599,63316,37177,37177,37177,37177	2	17	25590,24076,0,0,0,0,0	236	43844
167105	538	1168	835	381	388	127	68	16	7029	450	641	379	356	4	127	7089	1102	2403	99,0,0,0,0,0	38220	1063	368	49484	1552	0	66410,65448,64122,37472,37472,37472,37472	2	12	25592,24436,0,0,0,0,0	234	44552
167238	513	1134	826	370	364	131	64	18	6989	454	645	379	270	5	111	7354	1048	2354	99,0,0,0,0,0	38227	1053	324	49788	1572	0	67146,66226,64859,37731,37731,37731,37731	1	14	25592,24756,0,0,0,0,0	224	45244
167317	499	1143	811	338	383	113	60	18	6957	459	648	381	244	7	115	7206	1008	2339	99,0,0,0,0,0	37975	1169	349	50121	1590	0	67933,67051,65647,38042,38042,38042,38042	1	16	25592,25098,0,0,0,0,0	201	46013
167509	489	1047	838	334	378	113	62	17	6841	463	655	364	253	4	92	7148	970	2291	99,0,0,0,0,0	40705	1106	268	50371	1613	0	68636,67793,66349,38259,38259,38259,38259	1	10	25592,25361,0,0,0,0,0	192	46753
167699	461	982	848	327	372	110	62	19	6743	466	657	382	284	4	101	6590	934	2228	99,0,0,0,0,0	40729	895	247	50608	1624	0	69291,68488,67006,38443,38443,38443,38443	1	9	25593,25604,0,0,0,0,0	192	47357
167847	463	980	813	310	330	112	65	19	6679	470	658	375	241	3	107	6464	932	2141	99,0,0,0,0,0	31463	940	304	50902	1635	0	70014,69252,67731,38680,38680,38680,38680	1	17	25593,25907,0,0,0,0,0	177	47955
168026	469	950	786	309	316	106	64	17	6567	478	658	361	257	4	112	6486	929	2071	99,0,0,0,0,0	30859	893	287	51172	1654	0	70722,70003,68442,38897,38897,38897,38897	1	12	25594,26189,0,0,0,0,0	185	48521
168191	475	921	741	315	299	100	60	15	6485	484	660	374	273	8	94	6625	892	2019	99,0,0,0,0,0	31087	881	274	51430	1671	0	71400,70722,69122,39102,39102,39102,39102	1	12	25594,26456,0,0,0,0,0	182	49069
168401	452	906	706	287	285	92	59	16	6393	486	663	370	325	5	88	6564	854	1933	99,0,0,0,0,0	31102	893	236	51660	1681	0	72047,71410,69771,39269,39269,39269,39269	1	11	25594,26692,0,0,0,0,0	170	49631
168597	430	891	694	282	271	91	59	17	6259	488	667	384	296	4	76	6371	783	1935	99,0,0,0,0,0	26041	942	238	51888	1692	0	72718,72121,70445,39456,39456,39456,39456	1	17	25594,26928,0,0,0,0,0	167	50244
168854	381	864	674	270	248	86	58	18	6132	489	672	379	318	2	92	5860	735	1846	99,0,0,0,0,0	31814	873	194	52070	1707	0	73334,72779,71064,39594,39594,39594,39594	1	7	25594,27120,0,0,0,0,0	159	50836
169052	347	823	689	256	248	80	52	22	6011	493	673	393	207	7	69	5900	711	1784	99,0,0,0,0,0	31787	1313	204	52266	1715	0	73959,73442,71693,39751,39751,39751,39751	1	11	25594,27323,0,0,0,0,0	147	51787
169259	339	793	654	249	253	72	50	23	5881	495	678	388	245	8	77	5591	696	1714	99,0,0,0,0,0	25501	1176	203	52460	1726	0	74581,74103,72318,39900,39900,39900,39900	1	8	25595,27521,0,0,0,0,0	140	52601
169432	346	739	640	240	238	72	48	22	5790	499	680	393	228	3	83	5443	665	1658	99,0,0,0,0,0	24917	1251	211	52656	1741	0	75191,74750,72933,40057,40057,40057,40057	1	6	25596,27727,0,0,0,0,0	123	53468
169642	332	709	612	238	217	67	49	17	5681	501	681	404	295	5	75	5662	630	1594	99,0,0,0,0,0	25120	1188	187	52833	1753	0	75772,75368,73518,40184,40184,40184,40184	1	13	25596,27914,0,0,0,0,0	125	54313
169834	320	701	589	223	203	64	47	16	5562	504	683	391	311	7	57	5465	576	1571	99,0,0,0,0,0	25038	1215	191	53007	1771	0	76354,75985,74105,40320,40320,40320,40320	1	4	25596,28100,0,0,0,0,0	120	55143
170053	278	680	587	205	205	59	43	18	5423	508	687	412	288	4	61	5064	546	1511	99,0,0,0,0,0	24875	1242	156	53155	1779	0	76929,76594,74684,40439,40439,40439,40439	1	7	25596,28253,0,0,0,0,0	111	56021
170253	251	635	572	197	192	57	46	18	5329	509	687	401	250	5	54	4720	514	1436	99,0,0,0,0,0	28940	1226	148	53299	1784	0	77465,77163,75225,40555,40555,40555,40555	1	9	25596,28401,0,0,0,0,0	105	56911
170508	235	584	543	184	194	55	46	14	5184	510	689	421	255	4	52	4230	471	1370	99,0,0,0,0,0	28520	618	125	53412	1798	0	78211,77943,75977,40749,40749,40749,40749	0	5	25596,28523,0,0,0,0,0	118	57326
170736	230	526	497	176	206	52	43	13	5062	513	692	391	234	1	78	4279	483	1247	99,0,0,0,0,0	22647	571	140	53548	1804	0	78918,78687,76692,40935,40935,40935,40935	1	8	25596,28663,0,0,0,0,0	114	57689
171007	221	489	458	172	200	55	36	11	4884	521	692	419	307	2	70	3969	482	1149	99,0,0,0,0,0	22730	593	126	53664	1814	0	79643,79450,77425,41114,41114,41114,41114	0	5	25596,28787,0,0,0,0,0	105	58093
171217	205	467	434	157	177	46	31	14	4777	526	695	440	272	1	57	3877	464	1053	99,0,0,0,0,0	22413	588	118	53773	1824	0	80367,80205,78157,41316,41316,41316,41316	0	5	25596,28902,0,0,0,0,0	95	58486
171433	188	454	405	157	160	45	28	16	4635	527	698	431	262	1	45	3865	431	1006	99,0,0,0,0,0	22539	599	122	53891	1830	0	81058,80929,78855,41500,41500,41500,41500	0	11	25596,29024,0,0,0,0,0	87	58897
171645	182	434	384	144	146	45	27	16	4493	527	703	414	235	2	51	3564	411	951	99,0,0,0,0,0	22503	555	105	53991	1835	0	81770,81672,79575,41695,41695,41695,41695	0	3	25596,29129,0,0,0,0,0	86	59281
171846	190	385	361	150	126	39	26	13	4376	529	705	464	284	1	31	3156	367	910	100,0,0,0,0,0	27783	586	112	54100	1838	0	82488,82419,80301,41904,41904,41904,41904	0	4	25596,29239,0,0,0,0,0	81	59681
172100	161	358	338	130	123	38	20	14	4222	534	708	466	94	1	27	3150	328	840	100,0,0,0,0,0	27461	769	71	54166	1844	0	82890,82852,80709,41905,41905,41905,41905	0	5	25596,29310,0,0,0,0,0	75	60212
172338	157	328	325	122	121	35	21	10	4042	534	713	478	258	1	34	3315	325	784	100,0,0,0,0,0	16942	828	87	54252	1847	0	83307,83299,81131,41920,41920,41920,41920	0	0	25596,29399,0,0,0,0,0	72	60807
172564	148	292	313	129	118	35	17	10	3868	537	715	510	253	0	37	3313	297	755	100,0,0,0,0,0	17221	867	81	54328	1852	0	83730,83751,81561,41944,41944,41944,41944	0	3	25596,29478,0,0,0,0,0	63	61441
172769	150	284	309	103	106	35	13	11	3706	539	721	506	245	2	40	3431	283	717	100,0,0,0,0,0	16803	828	86	54406	1860	0	84117,84164,81955,41963,41963,41963,41963	0	10	25596,29562,0,0,0,0,0	54	62030
172950	137	297	272	96	95	35	13	10	3578	540	723	512	322	3	33	3402	258	687	100,0,0,0,0,0	17345	855	77	54479	1864	0	84514,84582,82358,42000,42000,42000,42000	0	3	25596,29637,0,0,0,0,0	60	62627
173145	129	278	256	89	87	35	10	10	3433	543	731	510	247	5	25	3376	235	649	100,0,0,0,0,0	17256	786	72	54543	1872	0	84918,85009,82769,42036,42036,42036,42036	0	7	25596,29705,0,0,0,0,0	56	63184
173326	107	268	249	86	78	31	10	10	3305	543	733	480	123	0	24	3251	216	613	100,0,0,0,0,0	27820	792	59	54599	1876	0	85308,85418,83165,42074,42074,42074,42074	0	0	25596,29762,0,0,0,0,0	50	63753
173513	97	258	234	85	70	29	11	9	3161	543	736	490	250	1	21	3035	199	585	100,0,0,0,0,0	27513	1061	62	54657	1881	0	85688,85818,83550,42087,42087,42087,42087	0	7	25596,29824,0,0,0,0,0	46	64510
173682	92	237	240	68	72	25	10	8	3027	544	741	474	296	3	22	2751	196	548	100,0,0,0,0,0	16554	1023	55	54708	1885	0	86094,86244,83963,42121,42121,42121,42121	0	2	25596,29877,0,0,0,0,0	44	65225
173844	92	206	243	71	62	25	11	6	2896	544	746	461	304	2	16	2641	180	530	100,0,0,0,0,0	16441	1050	56	54760	1889	0	86500,86669,84375,42158,42158,42158,42158	0	4	25596,29931,0,0,0,0,0	46	65985
174002	86	204	221	65	55	25	9	6	2777	545	751	473	295	3	18	2545	170	495	100,0,0,0,0,0	16404	1058	53	54811	1893	0	86887,87074,84768,42187,42187,42187,42187	0	3	25596,29986,0,0,0,0,0	39	66733
174177	80	182	211	49	55	25	12	5	2652	545	753	488	242	0	14	2367	163	451	100,0,0,0,0,0	16239	1041	42	54849	1897	0	87262,87467,85149,42206,42206,42206,42206	0	5	25596,30027,0,0,0,0,0	38	67484
174305	85	170	195	52	60	23	12	5	2535	545	759	499	248	0	24	2122	159	438	100,0,0,0,0,0	15895	1018	53	54898	1901	0	87662,87883,85556,42256,42256,42256,42256	0	1	25596,30079,0,0,0,0,0	40	68184
174477	83	154	177	39	55	23	11	6	2415	545	761	469	98	0	16	1863	136	406	100,0,0,0,0,0	21405	1078	38	54932	1905	0	88029,88268,85928,42267,42267,42267,42267	0	1	25596,30114,0,0,0,0,0	35	68938
174601	74	171	162	33	54	22	10	4	2307	546	762	468	250	1	17	1560	128	398	100,0,0,0,0,0	20849	357	54	54983	1909	0	88622,88876,86528,42411,42411,42411,42411	0	6	25596,30169,0,0,0,0,0	34	69176
174764	58	164	158	34	48	23	9	3	2172	546	767	501	291	1	16	1437	121	373	100,0,0,0,0,0	12129	310	36	55018	1910	0	89127,89399,87041,42492,42492,42492,42492	0	5	25596,30205,0,0,0,0,0	37	69390
174902	54	148	150	30	49	22	9	4	2059	546	773	494	271	1	8	1376	109	353	100,0,0,0,0,0	12412	343	27	55043	1912	0	89668,89953,87589,42601,42601,42601,42601	0	1	25596,30230,0,0,0,0,0	33	69631
175000	60	137	136	29	40	20	8	4	1991	547	774	506	105	1	14	1391	90	340	100,0,0,0,0,0	12058	356	42	55081	1916	0	90215,90511,88143,42722,42722,42722,42722	0	2	25596,30271,0,0,0,0,0	31	69874
175144	59	123	127	29	40	19	7	3	1874	547	774	499	219	0	10	1240	87	317	100,0,0,0,0,0	12147	364	31	55111	1917	0	90741,91049,88676,42824,42824,42824,42824	0	3	25596,30301,0,0,0,0,0	26	70130
175265	52	121	124	39	37	17	5	4	1756	548	778	496	92	0	9	1098	84	311	100,0,0,0,0,0	11928	361	36	55146	1918	0	91268,91589,89210,42934,42934,42934,42934	0	5	25596,30337,0,0,0,0,0	25	70367
175382	56	107	113	39	31	16	5	4	1665	549	779	516	142	1	14	901	82	285	100,0,0,0,0,0	20446	346	29	55174	1919	0	91818,92150,89766,43052,43052,43052,43052	0	2	25596,30365,0,0,0,0,0	24	70594
175488	53	102	111	26	31	15	4	5	1580	549	782	529	119	0	10	1150	76	266	100,0,0,0,0,0	20372	348	27	55198	1922	0	91986,92328,89938,42965,42965,42965,42965	0	1	25596,30391,0,0,0,0,0	25	70847
175601	48	92	113	26	28	13	3	5	1485	550	782	563	161	0	11	1109	68	255	100,0,0,0,0,0	11968	320	22	55219	1923	0	92119,92471,90074,42851,42851,42851,42851	0	2	25596,30412,0,0,0,0,0	19	71079
175666	55	84	109	24	27	11	3	4	1427	550	786	535	307	0	11	1003	62	251	100,0,0,0,0,0	11876	329	34	55253	1924	0	92282,92643,90241,42771,42771,42771,42771	0	3	25596,30447,0,0,0,0,0	18	71291
175763	61	89	101	20	23	9	4	2	1336	550	788	533	104	0	4	1179	51	256	100,0,0,0,0,0	11903	339	30	55282	1925	0	92437,92808,90400,42675,42675,42675,42675	0	3	25596,30476,0,0,0,0,0	19	71511
175838	49	101	87	18	21	6	3	3	1277	550	793	548	116	0	7	1125	46	239	100,0,0,0,0,0	12033	340	27	55305	1929	0	92608,92987,90574,42590,42590,42590,42590	0	2	25596,30502,0,0,0,0,0	17	71737
175928	50	94	80	21	24	5	2	3	1192	551	796	535	248	2	8	1295	48	228	100,0,0,0,0,0	12091	349	24	55327	1931	0	92755,93143,90723,42486,42486,42486,42486	0	2	25596,30526,0,0,0,0,0	12	71969
176007	41	83	87	22	22	4	3	2	1127	551	797	568	313	0	6	1305	48	214	100,0,0,0,0,0	20676	332	13	55340	1931	0	92903,93298,90875,42394,42394,42394,42394	0	0	25596,30539,0,0,0,0,0	10	72207
176089	37	88	85	22	18	1	3	2	1052	551	798	570	96	2	7	1394	46	208	100,0,0,0,0,0	20615	149	27	55367	1932	0	93110,93513,91087,42340,42340,42340,42340	0	2	25596,30566,0,0,0,0,0	7	72288
176155	41	76	77	24	17	3	3	0	996	551	803	580	85	1	8	1405	49	192	100,0,0,0,0,0	12286	156	19	55385	1933	0	93330,93741,91312,42294,42294,42294,42294	0	0	25596,30584,0,0,0,0,0	7	72394
176214	38	80	72	20	18	3	2	1	937	551	810	576	86	0	8	1305	52	181	100,0,0,0,0,0	12422	168	25	55407	1936	0	93563,93983,91551,42256,42256,42256,42256	0	1	25596,30608,0,0,0,0,0	8	72507
176270	31	78	76	19	17	4	2	1	885	551	812	582	5226	4	10	1279	50	177	100,0,0,0,0,0	12163	183	17	55424	1937	0	93779,94204,91772,42207,42207,42207,42207	0	0	25596,30625,0,0,0,0,0	8	72634
176328	30	76	73	19	13	4	2	1	834	551	815	618	2764	2	6	1306	49	168	100,0,0,0,0,0	12170	170	21	55442	1940	0	94001,94433,92000,42168,42168,42168,42168	0	1	25596,30645,0,0,0,0,0	10	72743
176375	29	63	69	25	15	4	2	1	793	551	819	638	1403	1	3	1162	42	165	100,0,0,0,0,0	12260	178	17	55457	1942	0	94208,94646,92213,42118,42118,42118,42118	0	1	25596,30662,0,0,0,0,0	10	72854
176427	29	55	60	24	16	3	2	2	757	551	820	610	917	1	5	1143	38	151	100,0,0,0,0,0	20633	141	15	55471	1943	0	94416,94860,92426,42071,42071,42071,42071	0	0	25596,30676,0,0,0,0,0	8	72949
176467	30	54	57	23	14	3	2	2	719	551	824	632	456	1	9	951	39	144	100,0,0,0,0,0	20463	174	18	55488	1944	0	94648,95096,92664,42049,42049,42049,42049	0	2	25596,30694,0,0,0,0,0	7	73065
176508	27	56	46	20	12	5	2	2	691	552	825	624	2836	0	6	846	39	129	100,0,0,0,0,0	22365	155	14	55502	1944	0	94861,95312,92884,42017,42017,42017,42017	0	1	25596,30708,0,0,0,0,0	5	73163
176555	19	60	48	19	13	5	2	2	646	552	825	627	2855	2	7	810	44	122	100,0,0,0,0,0	22351	180	16	55517	1945	0	95090,95545,93119,41984,41984,41984,41984	0	0	25596,30724,0,0,0,0,0	8	73280
176570	21	68	46	16	13	4	1	3	620	552	832	643	2201	1	4	782	43	126	100,0,0,0,0,0	22411	153	25	55542	1945	0	95341,95800,93378,41979,41979,41979,41979	0	1	25596,30749,0,0,0,0,0	6	73389
176607	22	47	52	19	18	4	1	3	587	552	834	636	1452	2	3	657	43	120	100,0,0,0,0,0	22289	175	8	55549	1947	0	95566,96028,93609,41949,41949,41949,41949	0	0	25596,30758,0,0,0,0,0	6	73491
176652	14	49	53	16	14	4	1	3	553	552	835	646	1090	1	9	670	44	107	100,0,0,0,0,0	22230	169	8	55557	1947	0	95775,96241,93826,41915,41915,41915,41915	0	0	25596,30766,0,0,0,0,0	8	73603
176670	15	50	46	14	14	5	2	2	536	552	840	619	1879	1	0	777	44	102	100,0,0,0,0,0	20252	184	14	55571	1947	0	96013,96482,94072,41912,41912,41912,41912	0	0	25596,30780,0,0,0,0,0	9	73736
176722	11	46	43	11	13	3	2	2	497	552	844	628	2256	1	4	662	37	92	100,0,0,0,0,0	20385	179	6	55577	1947	0	96042,96516,94103,41752,41752,41752,41752	0	0	25596,30786,0,0,0,0,0	9	73841
176748	10	36	45	12	13	3	2	2	474	552	849	621	2187	1	3	706	39	82	100,0,0,0,0,0	22345	174	3	55579	1948	0	96048,96524,94110,41585,41585,41585,41585	0	0	25596,30788,0,0,0,0,0	9	73952
176774	9	33	44	14	10	3	1	2	452	553	851	610	1798	0	3	699	36	78	100,0,0,0,0,0	22118	172	8	55586	1949	0	96071,96550,94136,41427,41427,41427,41427	0	0	25596,30796,0,0,0,0,0	8	74064
176809	10	22	48	13	9	2	1	2	423	553	854	603	1369	0	1	608	30	75	100,0,0,0,0,0	22012	150	6	55592	1949	0	96093,96575,94161,41268,41268,41268,41268	0	1	25596,30802,0,0,0,0,0	6	74149
176823	9	17	39	10	9	2	1	2	423	553	858	583	1647	0	2	552	19	68	100,0,0,0,0,0	22058	174	5	55597	1949	0	96119,96603,94189,41117,41117,41117,41117	0	0	25596,30807,0,0,0,0,0	6	74259
176843	12	19	35	9	8	2	1	2	402	553	860	569	1940	0	1	493	21	65	100,0,0,0,0,0	21850	177	11	55606	1951	0	96143,96629,94215,40965,40965,40965,40965	0	0	25596,30817,0,0,0,0,0	5	74365
176868	12	20	28	11	6	2	1	2	380	553	863	599	2093	1	1	450	19	61	100,0,0,0,0,0	19873	172	7	55612	1952	0	96172,96659,94246,40817,40817,40817,40817	0	0	25596,30823,0,0,0,0,0	5	74464
176902	11	20	26	9	4	2	1	2	349	553	867	595	1929	0	0	366	16	57	100,0,0,0,0,0	20000	97	5	55616	1953	0	96194,96685,94270,40659,40659,40659,40659	0	0	25596,30827,0,0,0,0,0	5	74518
176927	10	17	23	8	4	0	1	1	334	553	868	643	1588	0	5	179	18	45	100,0,0,0,0,0	21953	125	3	55619	1953	0	96207,96700,94285,40497,40497,40497,40497	0	0	25596,30830,0,0,0,0,0	2	74603
176947	5	18	20	7	5	0	1	1	318	553	871	635	1629	0	0	182	15	41	100,0,0,0,0,0	21971	111	1	55620	1953	0	96216,96711,94297,40334,40334,40334,40334	0	0	25596,30831,0,0,0,0,0	2	74676
176965	1	18	20	7	8	0	1	1	298	553	874	625	1993	0	5	135	20	35	100,0,0,0,0,0	21838	107	4	55623	1954	0	96218,96715,94301,40172,40172,40172,40172	0	0	25596,30835,0,0,0,0,0	1	74740
176979	2	17	19	4	7	0	1	1	285	553	878	616	1963	0	3	106	18	32	100,0,0,0,0,0	21830	108	5	55628	1954	0	96235,96733,94320,40019,40019,40019,40019	0	0	25596,30840,0,0,0,0,0	1	74808
177002	3	13	18	5	8	0	1	0	262	553	881	618	1942	0	0	100	16	32	100,0,0,0,0,0	21692	105	3	55631	1954	0	96249,96749,94337,39862,39862,39862,39862	0	1	25596,30843,0,0,0,0,0	1	74872
177015	5	13	13	3	8	0	1	0	253	553	882	623	1900	0	2	76	15	28	100,0,0,0,0,0	19388	108	4	55634	1955	0	96262,96764,94353,39708,39708,39708,39708	0	0	25596,30847,0,0,0,0,0	1	74941
177026	6	8	11	3	3	0	1	0	248	553	887	615	1669	0	0	66	9	23	100,0,0,0,0,0	19583	85	2	55636	1955	0	96201,96704,94293,39513,39513,39513,39513	0	0	25596,30849,0,0,0,0,0	1	74998
177051	4	9	8	3	4	0	2	0	223	553	889	599	1765	0	1	58	9	21	100,0,0,0,0,0	21643	79	1	55637	1955	0	96152,96657,94245,39315,39315,39315,39315	0	0	25596,30850,0,0,0,0,0	1	75044
177055	2	11	6	2	2	0	3	0	218	553	894	616	1841	1	1	58	9	17	100,0,0,0,0,0	21694	81	1	55638	1955	0	96102,96607,94196,39119,39119,39119,39119	0	0	25596,30851,0,0,0,0,0	2	75090
177066	4	7	5	4	0	0	3	0	207	553	897	626	1902	0	1	59	9	14	100,0,0,0,0,0	21746	97	2	55640	1955	0	96054,96560,94149,38923,38923,38923,38923	0	0	25596,30853,0,0,0,0,0	3	75148
177080	3	6	4	3	2	0	3	0	191	553	901	600	1897	0	0	69	8	13	100,0,0,0,0,0	21826	97	0	55640	1955	0	96001,96508,94097,38726,38726,38726,38726	0	0	25596,30853,0,0,0,0,0	3	75209
177086	2	7	6	3	2	0	3	0	179	553	905	638	1746	0	1	70	9	14	100,0,0,0,0,0	21827	85	2	55642	1955	0	95948,96456,94045,38533,38533,38533,38533	0	0	25596,30855,0,0,0,0,0	3	75257
177091	2	8	6	1	2	0	2	0	175	554	905	660	1929	0	1	55	6	15	100,0,0,0,0,0	19561	96	1	55643	1955	0	95893,96401,93991,38337,38337,38337,38337	0	0	25596,30856,0,0,0,0,0	2	75314
177094	2	5	7	2	2	0	2	0	164	554	914	651	1799	0	0	53	5	15	100,0,0,0,0,0	19481	86	1	55644	1955	0	95844,96352,93943,38152,38152,38152,38152	0	0	25596,30857,0,0,0,0,0	2	75372
177108	2	4	6	1	1	0	2	0	151	554	917	628	1868	0	1	54	3	13	100,0,0,0,0,0	21727	89	0	55644	1955	0	95778,96288,93879,37952,37952,37952,37952	0	0	25596,30857,0,0,0,0,0	2	75430
177116	0	5	6	1	2	0	2	0	140	554	920	651	1857	0	0	50	2	14	100,0,0,0,0,0	21487	72	1	55645	1955	0	95720,96231,93822,37755,37755,37755,37755	0	0	25596,30858,0,0,0,0,0	2	75475
177122	0	5	4	1	3	0	2	0	132	554	923	637	1851	0	0	46	1	14	100,0,0,0,0,0	21789	76	1	55646	1955	0	95660,96171,93763,37554,37554,37554,37554	0	0	25596,30859,0,0,0,0,0	2	75516
177124	0	3	3	2	3	0	2	0	128	554	927	624	1755	0	2	47	4	9	100,0,0,0,0,0	21725	92	1	55647	1955	0	95603,96114,93707,37366,37366,37366,37366	0	1	25596,30860,0,0,0,0,0	2	75566
177129	0	3	3	1	3	0	2	0	119	554	932	574	1771	0	2	49	5	7	100,0,0,0,0,0	21530	77	0	55647	1955	0	95544,96054,93649,37169,37169,37169,37169	0	0	25596,30860,0,0,0,0,0	2	75611
177134	0	5	1	1	2	0	2	0	114	554	933	573	1803	0	0	15	4	7	100,0,0,0,0,0	19484	74	2	55649	1955	0	95496,96007,93602,36983,36983,36983,36983	0	0	25596,30862,0,0,0,0,0	2	75644
177137	0	4	3	0	2	0	1	0	108	555	936	577	1829	0	0	15	3	7	100,0,0,0,0,0	19294	80	1	55650	1955	0	95441,95952,93549,36805,36805,36805,36805	0	0	25596,30863,0,0,0,0,0	1	75681
177146	0	3	3	1	1	0	1	0	96	555	940	606	1871	0	0	13	2	7	100,0,0,0,0,0	21783	68	0	55650	1955	0	95383,95894,93492,36619,36619,36619,36619	0	0	25596,30863,0,0,0,0,0	1	75717
177149	1	4	2	1	1	0	1	0	88	555	944	590	1802	1	0	12	2	8	100,0,0,0,0,0	21707	82	2	55652	1955	0	95321,95833,93432,36432,36432,36432,36432	0	0	25596,30865,0,0,0,0,0	1	75762
177151	1	3	2	1	1	0	1	0	83	555	948	585	1775	0	0	14	2	7	100,0,0,0,0,0	21550	82	0	55652	1955	0	95247,95759,93359,36241,36241,36241,36241	0	0	25596,30865,0,0,0,0,0	1	75806
177154	1	1	3	1	1	0	1	0	78	555	951	590	1841	0	0	11	2	6	100,0,0,0,0,0	21683	78	0	55652	1955	0	95187,95697,93300,36058,36058,36058,36058	0	0	25596,30865,0,0,0,0,0	1	75852
177157	1	3	1	1	1	0	1	0	74	555	952	562	1741	0	0	12	3	5	100,0,0,0,0,0	21688	79	2	55654	1955	0	95124,95635,93239,35873,35873,35873,35873	0	0	25596,30867,0,0,0,0,0	1	75894
177160	2	1	2	1	2	0	1	0	64	555	958	576	1836	0	1	13	4	5	100,0,0,0,0,0	19350	58	1	55655	1955	0	95057,95567,93173,35692,35692,35692,35692	0	0	25596,30868,0,0,0,0,0	2	75924
177162	3	1	2	0	1	0	1	0	61	555	960	560	1864	0	0	99	2	6	100,0,0,0,0,0	19417	74	1	55656	1955	0	94971,95481,93088,35505,35505,35505,35505	0	0	25596,30869,0,0,0,0,0	2	75966
177160	1	4	2	0	0	0	0	1	59	555	964	562	1765	0	0	92	1	6	100,0,0,0,0,0	21758	82	1	55656	1956	0	94895,95404,93012,35323,35323,35323,35323	0	0	25596,30869,0,0,0,0,0	1	76010
177163	1	3	2	1	0	0	0	1	53	555	967	573	1765	0	1	92	2	5	100,0,0,0,0,0	21661	97	0	55656	1956	0	94814,95323,92932,35134,35134,35134,35134	0	0	25596,30869,0,0,0,0,0	1	76066
177166	0	4	0	1	0	0	0	1	51	555	968	558	1768	0	0	93	2	3	100,0,0,0,0,0	21442	79	0	55656	1956	0	94730,95238,92848,34946,34946,34946,34946	0	0	25596,30869,0,0,0,0,0	0	76106
177170	0	3	0	1	1	0	0	1	45	555	970	576	1807	0	0	94	2	3	100,0,0,0,0,0	21758	71	0	55656	1956	0	94650,95158,92769,34760,34760,34760,34760	0	0	25596,30869,0,0,0,0,0	0	76136
177171	0	2	2	1	1	0	0	0	43	555	971	585	1868	0	0	94	2	4	100,0,0,0,0,0	21616	79	1	55657	1956	0	94566,95074,92685,34572,34572,34572,34572	0	0	25596,30870,0,0,0,0,0	0	76174
177170	0	1	3	0	1	0	0	0	41	555	975	586	1783	0	1	97	2	3	100,0,0,0,0,0	19457	66	0	55657	1956	0	94482,94989,92602,34388,34388,34388,34388	0	0	25596,30870,0,0,0,0,0	0	76213
177164	1	2	1	0	1	0	0	0	41	555	981	563	1826	0	0	97	3	2	100,0,0,0,0,0	19562	58	2	55659	1956	0	94402,94908,92522,34218,34218,34218,34218	0	0	25596,30872,0,0,0,0,0	0	76252
177163	1	2	1	0	1	0	0	0	38	555	985	570	1770	0	0	97	3	2	100,0,0,0,0,0	21676	63	0	55659	1956	0	94312,94819,92433,34042,34042,34042,34042	0	0	25596,30872,0,0,0,0,0	0	76283
177164	1	3	1	0	0	0	0	0	34	555	988	552	1834	0	0	8	2	3	100,0,0,0,0,0	21832	187	1	55659	1957	133	94225,94731,92347,33864,33864,33864,33864	0	0	25596,30873,0,0,0,0,0	0	76312
177160	1	1	2	0	1	0	0	0	32	555	994	536	1843	0	0	5	2	3	100,0,0,0,0,0	21503	182	0	55659	1957	253	94171,94676,92294,33757,33757,33757,33757	0	0	25596,30873,0,0,0,0,0	0	76350
177159	2	1	2	0	1	0	0	0	29	555	997	553	1803	0	0	5	2	4	100,0,0,0,0,0	21673	192	1	55660	1957	389	94109,94615,92233,33640,33640,33640,33640	0	0	25596,30874,0,0,0,0,0	0	76380
177159	1	2	2	0	1	0	0	0	27	555	999	549	1752	0	0	3	2	4	100,0,0,0,0,0	21603	205	0	55660	1957	529	94052,94557,92177,33534,33534,33534,33534	0	0	25596,30874,0,0,0,0,0	0	76412
177156	1	2	1	0	1	0	0	0	28	555	1002	558	1796	0	0	3	2	3	100,0,0,0,0,0	19677	175	0	55660	1957	649	93999,94502,92124,33432,33432,33432,33432	0	0	25596,30874,0,0,0,0,0	0	76446
177155	0	3	1	0	1	0	0	0	26	555	1005	533	1794	0	0	3	2	3	100,0,0,0,0,0	19437	211	0	55660	1957	789	93945,94449,92072,33333,33333,33333,33333	0	0	25596,30874,0,0,0,0,0	0	76484
177154	0	2	2	0	0	0	0	0	25	555	1008	566	1802	0	0	3	1	3	100,0,0,0,0,0	21414	198	0	55660	1957	908	93890,94393,92018,33238,33238,33238,33238	0	0	25596,30874,0,0,0,0,0	0	76524
177156	0	1	1	1	0	0	0	0	23	555	1009	574	1860	0	0	0	0	3	100,0,0,0,0,0	21443	275	0	55660	1957	1112	93821,94323,91948,33120,33120,33120,33120	0	0	25596,30874,0,0,0,0,0	0	76561
177152	0	1	1	0	0	0	0	0	24	555	1013	564	1801	0	1	2	0	2	100,0,0,0,0,0	21679	262	0	55660	1957	1294	93776,94277,91904,33056,33056,33056,33056	0	0	25596,30874,0,0,0,0,0	0	76596
177149	0	1	1	0	0	0	0	0	23	555	1017	574	1793	0	0	2	0	2	100,0,0,0,0,0	21630	272	0	55660	1957	1496	93727,94228,91857,32980,32980,32980,32980	0	0	25596,30874,0,0,0,0,0	0	76634
177144	0	0	1	0	1	0	0	0	20	555	1025	579	1788	0	0	2	0	2	100,0,0,0,0,0	21611	256	0	55660	1957	1689	93684,94184,91814,32913,32913,32913,32913	0	0	25596,30874,0,0,0,0,0	0	76664
177140	0	0	0	0	0	0	0	0	22	555	1029	578	1817	0	1	3	0	0	0,0,0,0,0,0	19486	281	0	55660	1957	1895	93637,94136,91769,32848,32848,32848,32848	0	0	25596,30874,0,0,0,0,0	0	76701
177136	0	0	0	0	0	0	0	0	21	555	1034	543	1856	0	0	3	0	0	0,0,0,0,0,0	19511	260	0	55660	1957	2096	93594,94092,91727,32797,32797,32797,32797	0	0	25596,30874,0,0,0,0,0	0	76735
177134	0	0	0	0	0	0	0	0	18	555	1039	571	1800	0	0	3	0	0	0,0,0,0,0,0	21705	246	0	55660	1957	2281	93550,94047,91683,32744,32744,32744,32744	0	0	25596,30874,0,0,0,0,0	0	76770
177130	0	0	0	0	0	0	0	0	17	555	1044	587	1731	0	0	4	0	0	0,0,0,0,0,0	21629	198	0	55660	1957	2425	93500,93996,91634,32675,32675,32675,32675	0	0	25596,30874,0,0,0,0,0	0	76796
177130	0	0	0	0	0	0	0	0	16	555	1045	576	1782	0	0	4	0	0	0,0,0,0,0,0	21568	232	0	55660	1957	2588	93439,93934,91574,32588,32588,32588,32588	0	0	25596,30874,0,0,0,0,0	0	76836
177123	0	0	0	0	0	0	0	0	15	555	1053	589	1818	0	0	5	0	0	0,0,0,0,0,0	21709	229	0	55660	1957	2751	93389,93883,91525,32518,32518,32518,32518	0	0	25596,30874,0,0,0,0,0	0	76865
177120	0	0	0	0	0	0	0	0	14	555	1057	586	1910	0	0	5	0	0	0,0,0,0,0,0	21647	210	0	55660	1957	2894	93334,93828,91471,32446,32446,32446,32446	0	0	25596,30874,0,0,0,0,0	0	76901
177121	0	0	0	0	0	0	0	0	11	555	1059	632	1854	0	0	3	0	0	0,0,0,0,0,0	19426	222	0	55660	1957	3053	93271,93765,91409,32360,32360,32360,32360	0	0	25596,30874,0,0,0,0,0	0	76940
177116	0	0	0	0	0	0	0	0	11	555	1064	633	1760	0	0	3	0	0	0,0,0,0,0,0	19619	227	0	55660	1957	3211	93219,93712,91357,32301,32301,32301,32301	0	0	25596,30874,0,0,0,0,0	0	76972
177114	0	0	0	0	0	0	0	0	11	555	1066	662	1827	0	0	3	0	0	0,0,0,0,0,0	21405	255	0	55660	1957	3367	93165,93658,91305,32242,32242,32242,32242	0	0	25596,30874,0,0,0,0,0	0	77020
177105	0	0	0	0	0	0	0	0	11	555	1075	663	1742	0	0	0	0	0	0,0,0,0,0,0	21531	372	0	55660	1957	3639	93116,93606,91256,32183,32183,32183,32183	0	0	25596,30874,0,0,0,0,0	0	77074
177102	0	0	0	0	0	0	0	0	10	555	1079	654	1885	0	0	0	0	0	0,0,0,0,0,0	21756	349	0	55660	1957	3904	93088,93578,91229,32180,32180,32180,32180	0	0	25596,30874,0,0,0,0,0	0	77114
177103	0	0	0	0	0	0	0	0	7	555	1081	686	1847	0	0	0	0	0	0,0,0,0,0,0	21727	368	0	55660	1957	4174	93052,93541,91194,32169,32169,32169,32169	0	0	25596,30874,0,0,0,0,0	0	77163
177101	0	0	0	0	0	0	0	0	5	555	1085	684	1857	0	0	0	0	0	0,0,0,0,0,0	21622	329	0	55660	1957	4426	93021,93509,91164,32157,32157,32157,32157	0	0	25596,30874,0,0,0,0,0	0	77199
177060	18	18	0	0	0	0	0	0	5	555	1090	666	1811	0	0	0	0	36	0,100,0,0,0,0	19365	368	0	55694	1959	4700	93012,93500,91157,32173,32173,32173,32173	0	0	25596,30874,36,0,0,0,0	1	77228
177015	35	34	2	2	1	0	0	0	5	555	1097	672	1786	1	1	1	1	73	0,100,0,0,0,0	19476	437	4	55728	1963	4952	93018,93506,91165,32229,32229,32229,32229	0	0	25596,30874,74,0,0,0,0	1	77318
176979	45	50	7	3	3	0	0	0	6	555	1098	704	1849	0	2	40	4	104	0,100,0,0,0,0	21771	495	3	55758	1968	5231	93015,93502,91162,32267,32267,32267,32267	0	0	25596,30874,109,0,0,0,0	1	77412
176926	56	77	15	3	5	0	0	0	7	555	1102	702	1843	0	1	88	5	151	0,100,0,0,0,0	10171	506	16	55804	1971	5537	93023,93509,91172,32316,32316,32316,32316	0	0	25596,30874,158,0,0,0,0	0	77483
176866	72	95	27	5	8	0	0	0	12	555	1106	697	1967	1	3	92	8	199	0,100,0,0,0,0	10196	495	16	55857	1974	5842	93048,93534,91198,32395,32395,32395,32395	0	0	25596,30874,214,0,0,0,0	0	77558
176807	84	110	46	6	11	0	0	0	15	555	1112	696	1781	0	3	234	14	243	0,100,0,0,0,0	10270	526	21	55904	1982	6150	93068,93553,91220,32468,32468,32468,32468	0	0	25596,30874,269,0,0,0,0	0	77642
176773	83	111	60	10	11	0	0	0	28	555	1115	711	1838	1	2	242	14	261	0,100,0,0,0,0	10515	482	32	55931	1987	6434	93066,93550,91219,32521,32521,32521,32521	0	0	25596,30874,301,0,0,0,0	0	77716
176732	76	120	78	11	9	0	0	0	45	555	1120	729	1966	3	6	256	21	273	0,100,0,0,0,0	19670	485	36	55963	1991	6712	93073,93557,91227,32571,32571,32571,32571	0	2	25596,30874,337,0,0,0,0	0	77816
176691	64	133	82	15	13	0	0	0	66	555	1127	708	1980	0	4	311	27	280	0,100,0,0,0,0	19758	377	37	55998	1993	6990	93104,93587,91260,32650,32650,32650,32650	0	1	25596,30874,374,0,0,0,0	0	77857
176642	66	134	93	20	14	0	0	0	91	555	1131	721	1895	2	5	536	31	296	0,100,0,0,0,0	10754	389	45	56040	1997	7294	93148,93630,91305,32742,32742,32742,32742	0	0	25596,30874,420,0,0,0,0	0	77889
176596	63	146	96	22	17	0	0	0	117	555	1134	711	1941	0	9	576	40	304	0,100,0,0,0,0	10823	370	47	56081	2004	7567	93181,93661,91339,32827,32827,32827,32827	0	0	25596,30874,468,0,0,0,0	0	77918
176550	63	165	101	19	13	1	0	0	144	555	1135	705	1769	0	7	583	40	322	0,100,0,0,0,0	10726	350	54	56128	2012	7838	93211,93690,91371,32906,32906,32906,32906	0	1	25596,30874,522,0,0,0,0	0	77936
176503	75	159	112	15	17	1	0	0	170	555	1139	694	1808	1	3	580	38	341	0,100,0,0,0,0	10675	380	53	56176	2018	8127	93247,93725,91410,32985,32985,32985,32985	0	1	25596,30874,576,0,0,0,0	1	77953
176450	82	154	129	15	23	2	0	0	194	555	1142	682	1832	0	7	584	40	365	0,100,0,0,0,0	10840	369	57	56227	2024	8408	93280,93758,91445,33068,33068,33068,33068	0	4	25596,30874,633,0,0,0,0	1	77966
176402	81	160	133	17	24	3	0	0	224	555	1147	689	1871	3	10	553	44	374	0,100,0,0,0,0	20254	368	54	56276	2029	8685	93328,93805,91496,33153,33153,33153,33153	0	2	25596,30874,687,0,0,0,0	2	77995
176358	78	165	129	20	23	4	0	0	264	555	1150	678	2020	1	10	698	56	363	0,100,0,0,0,0	19932	349	51	56324	2032	8981	93348,93824,91518,33236,33236,33236,33236	0	3	25596,30874,738,0,0,0,0	4	77994
176331	73	165	142	20	27	4	0	0	277	555	1152	646	1993	4	8	788	60	371	0,100,0,0,0,0	11027	338	44	56362	2039	9268	93364,93839,91535,33316,33316,33316,33316	0	2	25596,30874,783,0,0,0,0	6	78010
176284	81	166	147	24	31	4	0	0	299	555	1155	692	1794	4	10	806	79	374	0,100,0,0,0,0	10877	319	61	56415	2048	9531	93380,93855,91555,33396,33396,33396,33396	0	4	25596,30874,844,0,0,0,0	7	78021
176229	92	161	167	18	31	4	0	0	331	555	1158	735	1976	3	9	721	80	393	0,100,0,0,0,0	10944	296	66	56475	2054	9774	93407,93881,91584,33475,33475,33475,33475	0	4	25596,30874,910,0,0,0,0	5	78044
176186	99	172	164	16	34	4	0	0	356	555	1160	721	1871	4	10	933	88	401	0,100,0,0,0,0	11128	298	64	56534	2059	10005	93416,93888,91596,33533,33533,33533,33533	0	1	25596,30874,974,0,0,0,0	5	78064
176132	113	180	160	13	26	4	0	0	399	555	1164	698	1951	4	7	967	77	419	0,100,0,0,0,0	11104	346	73	56600	2066	10282	93430,93901,91612,33598,33598,33598,33598	0	1	25596,30874,1046,0,0,0,0	5	78088
176096	107	188	166	17	28	5	0	0	418	555	1166	722	1809	4	6	988	79	432	0,100,0,0,0,0	20522	321	60	56654	2072	10546	93449,93919,91634,33667,33667,33667,33667	0	2	25596,30874,1106,0,0,0,0	5	78105
176055	109	188	170	15	32	5	0	0	444	555	1173	741	1800	0	4	1128	87	432	0,100,0,0,0,0	20580	321	54	56704	2077	10820	93462,93931,91651,33758,33758,33758,33758	0	2	25596,30874,1161,0,0,0,0	6	78114
176010	108	201	161	22	28	5	0	0	480	555	1176	732	2030	2	11	1095	80	445	0,100,0,0,0,0	11459	325	69	56769	2082	11095	93497,93964,91688,33867,33867,33867,33867	0	4	25596,30874,1229,0,0,0,0	7	78118
175968	109	212	166	23	33	5	0	0	495	555	1180	747	2080	5	9	1010	77	471	0,100,0,0,0,0	11299	296	75	56835	2091	11337	93533,93998,91728,33968,33968,33968,33968	0	3	25596,30874,1302,0,0,0,0	7	78131
175912	113	230	169	28	34	5	1	0	517	555	1182	752	1798	2	5	1060	73	507	0,100,0,0,0,0	11457	289	85	56907	2104	11584	93557,94022,91756,34060,34060,34060,34060	0	1	25596,30874,1385,0,0,0,0	6	78120
175840	134	230	181	37	37	6	0	1	540	555	1185	781	1814	2	15	1127	77	548	0,100,0,0,0,0	11446	336	98	57002	2109	11875	93606,94069,91809,34170,34170,34170,34170	0	3	25596,30874,1484,0,0,0,0	6	78113
175775	154	260	177	36	38	5	0	1	556	555	1189	780	2026	4	16	1192	84	586	0,100,0,0,0,0	11590	283	105	57095	2121	12117	93663,94125,91870,34301,34301,34301,34301	0	4	25596,30874,1588,0,0,0,0	5	78099
175720	138	275	197	41	41	5	0	1	581	555	1192	774	1983	3	13	1045	86	611	0,100,0,0,0,0	20595	303	82	57168	2131	12378	93701,94162,91912,34405,34405,34405,34405	0	5	25596,30874,1671,0,0,0,0	5	78102
175656	127	293	216	38	52	5	0	1	604	555	1199	737	1797	6	9	1117	97	634	0,100,0,0,0,0	20405	316	93	57255	2137	12650	93770,94228,91985,34551,34551,34551,34551	0	8	25596,30874,1764,0,0,0,0	5	78087
175569	159	285	223	41	57	3	1	1	646	555	1206	743	1828	8	20	1283	117	652	0,100,0,0,0,0	11404	331	118	57362	2148	12937	93858,94312,92078,34728,34728,34728,34728	0	6	25596,30874,1881,0,0,0,0	2	78064
175489	161	319	232	45	51	4	1	1	676	555	1212	779	1899	6	20	1483	141	672	0,100,0,0,0,0	11659	270	116	57467	2161	13162	93952,94403,92178,34908,34908,34908,34908	0	1	25596,30874,1998,0,0,0,0	5	78054
175372	176	348	245	54	55	4	1	1	715	555	1220	731	1927	1	13	1627	148	735	0,100,0,0,0,0	11724	290	141	57597	2172	13414	94044,94492,92274,35077,35077,35077,35077	0	5	25596,30874,2138,0,0,0,0	5	78021
175287	188	362	269	64	58	3	1	1	735	555	1223	767	1884	4	20	1763	175	770	0,100,0,0,0,0	11953	277	127	57706	2191	13648	94134,94579,92370,35245,35245,35245,35245	0	5	25596,30874,2263,0,0,0,0	4	78007
175180	212	384	275	57	59	3	1	1	792	555	1227	737	1829	9	8	1801	152	839	0,100,0,0,0,0	12178	280	148	57832	2213	13876	94230,94671,92472,35420,35420,35420,35420	0	4	25596,30874,2411,0,0,0,0	6	77992
175098	224	397	283	58	49	4	2	1	844	555	1231	731	2026	5	18	1792	158	859	0,100,0,0,0,0	21000	308	129	57950	2225	14139	94319,94757,92567,35573,35573,35573,35573	0	6	25596,30874,2540,0,0,0,0	6	77966
175028	212	413	316	60	50	4	2	1	868	555	1237	749	1849	11	12	1921	155	902	0,100,0,0,0,0	21421	263	121	58063	2235	14371	94393,94831,92648,35728,35728,35728,35728	0	6	25596,30874,2663,0,0,0,0	9	77939
174877	242	443	341	50	57	4	2	1	933	555	1241	747	1917	3	21	1877	174	965	0,100,0,0,0,0	12371	253	193	58232	2261	14582	94504,94942,92765,35929,35929,35929,35929	0	11	25596,30874,2857,0,0,0,0	10	77897
174747	264	459	380	52	56	6	3	1	980	556	1242	744	1836	6	21	2038	181	1039	0,100,0,0,0,0	12364	283	180	58390	2286	14820	94591,95027,92858,36095,36095,36095,36095	0	7	25596,30874,3040,0,0,0,0	7	77865
174604	269	509	407	51	54	7	3	1	1039	557	1245	766	2044	11	27	2178	182	1118	0,100,0,0,0,0	12352	280	200	58568	2308	15056	94692,95128,92965,36290,36290,36290,36290	0	6	25596,30874,3239,0,0,0,0	18	77812
174413	292	585	419	62	58	6	3	1	1101	557	1249	761	2008	6	19	1889	187	1238	0,100,0,0,0,0	12618	274	234	58776	2336	15289	94832,95268,93111,36526,36526,36526,36526	0	5	25596,30874,3473,0,0,0,0	23	77763
174215	344	602	435	86	71	5	4	1	1170	557	1256	763	1945	13	27	1982	206	1341	0,100,0,0,0,0	12367	272	248	58991	2371	15531	94981,95415,93267,36775,36775,36775,36775	0	10	25596,30874,3720,0,0,0,0	18	77701
174054	356	639	471	87	73	5	4	1	1241	558	1257	764	1942	8	26	2130	225	1410	0,100,0,0,0,0	21442	286	233	59196	2402	15775	95115,95549,93409,37001,37001,37001,37001	0	12	25596,30874,3956,0,0,0,0	24	77647
173899	345	678	522	94	65	7	3	1	1311	560	1261	737	1924	16	28	2190	242	1472	0,100,0,0,0,0	21686	296	219	59396	2424	16036	95230,95663,93531,37225,37225,37225,37225	1	14	25596,30874,4176,0,0,0,0	29	77569
173680	374	726	565	97	80	8	3	1	1386	560	1266	726	2042	14	34	2475	296	1557	0,100,0,0,0,0	12574	302	278	59646	2453	16298	95405,95838,93714,37514,37514,37514,37514	1	19	25596,30874,4454,0,0,0,0	33	77492
173473	403	778	590	92	88	9	4	0	1480	560	1269	704	1970	18	31	2509	298	1666	0,100,0,0,0,0	12695	318	295	59899	2496	16579	95578,96011,93896,37798,37798,37798,37798	1	16	25596,30874,4749,0,0,0,0	31	77415
173224	443	823	651	105	95	11	4	0	1558	560	1272	705	1919	16	30	2795	328	1804	0,100,0,0,0,0	13141	305	334	60191	2541	16845	95788,96222,94116,38129,38129,38129,38129	1	10	25596,30874,5085,0,0,0,0	32	77323
172963	478	861	695	93	100	9	2	0	1701	562	1282	701	2027	13	41	3140	343	1895	0,100,0,0,0,0	13540	308	337	60480	2592	17123	95992,96427,94330,38459,38459,38459,38459	1	17	25596,30874,5422,0,0,0,0	30	77216
172687	513	952	703	108	115	9	5	0	1805	562	1287	710	1927	10	31	3287	354	2051	0,100,0,0,0,0	13559	312	370	60811	2636	17407	96227,96662,94576,38818,38818,38818,38818	1	9	25596,30874,5795,0,0,0,0	31	77100
172418	536	1041	723	121	124	11	6	0	1914	562	1290	690	2073	20	45	3416	371	2191	0,100,0,0,0,0	22630	324	367	61138	2679	17690	96450,96884,94809,39179,39179,39179,39179	1	16	25596,30874,6164,0,0,0,0	37	76965
172205	541	1037	778	132	132	13	7	0	2044	562	1295	681	1973	21	42	3755	391	2249	0,100,0,0,0,0	22975	309	326	61424	2720	17950	96646,97080,95015,39498,39498,39498,39498	1	7	25596,30874,6487,0,0,0,0	35	76867
171856	603	1134	806	140	145	13	6	0	2180	563	1300	698	1977	22	56	4100	447	2400	0,100,0,0,0,0	14376	280	451	61805	2793	18188	96917,97351,95298,39920,39920,39920,39920	1	21	25596,30874,6939,0,0,0,0	36	76721
171513	652	1233	828	148	164	10	7	0	2320	563	1308	700	2024	17	58	4577	515	2527	0,100,0,0,0,0	14739	317	463	62192	2873	18468	97185,97618,95579,40327,40327,40327,40327	1	22	25596,30874,7403,0,0,0,0	33	76571
171171	689	1327	885	167	165	10	6	0	2452	564	1310	700	1976	20	58	4817	521	2728	0,100,0,0,0,0	14929	327	475	62599	2941	18772	97472,97906,95881,40760,40760,40760,40760	1	22	25596,30874,7877,0,0,0,0	37	76408
170827	690	1418	977	187	164	11	7	0	2588	565	1312	685	2084	25	53	5126	537	2917	0,100,0,0,0,0	15342	310	479	63020	3004	19042	97776,98209,96198,41204,41204,41204,41204	2	24	25596,30874,8360,0,0,0,0	39	76258
170436	744	1435	1058	208	211	12	9	0	2753	566	1314	691	1976	23	72	5385	603	3074	0,100,0,0,0,0	15657	338	523	63480	3071	19342	98112,98544,96547,41689,41689,41689,41689	2	23	25596,30874,8885,0,0,0,0	44	76084
170098	768	1470	1124	201	207	14	10	0	2970	566	1318	688	2028	28	77	5247	636	3158	0,100,0,0,0,0	24258	324	484	63902	3136	19629	98408,98840,96858,42136,42136,42136,42136	2	26	25596,30874,9369,0,0,0,0	49	75894
169727	771	1527	1207	231	212	17	9	0	3156	568	1321	664	1983	36	59	5567	662	3312	0,100,0,0,0,0	24669	308	512	64358	3196	19893	98718,99150,97182,42610,42610,42610,42610	2	32	25596,30874,9881,0,0,0,0	52	75675
169368	785	1556	1283	246	217	18	11	0	3371	568	1323	684	1961	32	68	5997	727	3389	0,100,0,0,0,0	26048	340	523	64810	3273	20196	99025,99457,97505,43066,43066,43066,43066	2	21	25596,30874,10407,0,0,0,0	48	75473
169037	817	1596	1305	262	210	21	15	0	3591	568	1324	667	2060	35	87	6713	772	3454	0,100,0,0,0,0	26817	291	544	65278	3353	20453	99336,99768,97836,43533,43533,43533,43533	2	30	25596,30874,10950,0,0,0,0	51	75244
168702	820	1628	1337	284	234	22	16	2	3803	568	1330	650	1974	36	91	6851	830	3511	0,100,0,0,0,0	26958	306	525	65728	3433	20722	99633,100066,98151,43977,43977,43977,43977	3	29	25596,30874,11476,0,0,0,0	59	75044
168426	794	1634	1336	297	246	19	15	3	4073	569	1334	653	2042	24	78	6980	839	3502	0,100,0,0,0,0	27324	305	478	66154	3490	20982	99909,100341,98445,44377,44377,44377,44377	3	21	25596,30874,11958,0,0,0,0	62	74855
168136	798	1647	1355	314	265	23	15	4	4281	569	1339	676	2013	35	88	7384	883	3534	0,100,0,0,0,0	26995	287	524	66601	3567	21235	100203,100635,98760,44797,44797,44797,44797	3	27	25596,30874,12475,0,0,0,0	62	74638
167896	794	1624	1397	300	280	25	18	4	4496	571	1341	639	1978	28	88	7353	909	3529	0,100,0,0,0,0	26104	313	479	67018	3635	21509	100482,100912,99058,45177,45177,45177,45177	3	18	25596,30874,12957,0,0,0,0	60	74456
167601	810	1672	1399	321	275	24	22	3	4703	571	1345	645	2011	35	98	7508	916	3607	0,100,0,0,0,0	26322	329	552	67495	3718	21791	100797,101227,99396,45621,45621,45621,45621	3	29	25596,30874,13516,0,0,0,0	70	74230
167319	828	1714	1410	303	284	27	20	3	4912	574	1352	647	1968	26	100	7852	957	3629	0,100,0,0,0,0	27690	325	563	67966	3813	22060	101096,101526,99721,46057,46057,46057,46057	3	28	25596,30874,14080,0,0,0,0	71	73998
166981	874	1799	1430	299	307	30	21	3	5069	577	1356	640	2022	41	94	7902	948	3812	0,100,0,0,0,0	18298	477	641	68508	3915	22495	101474,101902,100124,46555,46555,46555,46555	3	26	25596,30874,14721,0,0,0,0	71	73773
166689	933	1758	1495	313	290	37	21	3	5268	580	1359	628	1960	28	105	8047	943	3904	0,100,0,0,0,0	18217	498	594	69003	4018	22953	101860,102288,100537,47090,47090,47090,47090	3	28	25596,30874,15311,0,0,0,0	77	73564
166373	972	1813	1541	312	297	39	21	3	5428	581	1366	640	1990	23	107	7282	942	4053	0,100,0,0,0,0	18249	514	639	69544	4118	23408	102281,102708,100986,47671,47671,47671,47671	3	21	25596,30874,15941,0,0,0,0	82	73335
166015	1014	1888	1590	308	293	41	24	2	5615	584	1372	619	1986	37	82	7331	932	4226	0,100,0,0,0,0	17670	507	689	70134	4224	23872	102731,103159,101465,48292,48292,48292,48292	3	34	25596,30874,16633,0,0,0,0	80	73068
165755	957	1994	1603	302	304	39	19	2	5806	589	1376	611	1912	41	96	7006	934	4284	0,100,0,0,0,0	25936	510	590	70639	4313	24324	103125,103552,101887,48826,48826,48826,48826	4	42	25596,30874,17219,0,0,0,0	90	72833
165460	923	2090	1648	292	301	44	23	2	5995	590	1378	602	1979	41	95	7108	957	4364	0,100,0,0,0,0	26189	492	636	71179	4411	24764	103544,103973,102336,49389,49389,49389,49389	4	32	25596,30874,17849,0,0,0,0	97	72603
165049	1001	2150	1700	305	306	39	25	2	6195	593	1381	620	2092	62	99	7254	991	4535	0,100,0,0,0,0	17663	507	768	71843	4522	25211	104049,104476,102872,50051,50051,50051,50051	4	36	25596,30874,18619,0,0,0,0	100	72301
164608	1110	2163	1768	322	321	37	27	2	6409	594	1385	594	1954	38	95	7227	1019	4729	0,100,0,0,0,0	17584	672	805	72530	4643	25814	104561,104988,103417,50740,50740,50740,50740	4	37	25596,30874,19422,0,0,0,0	94	71981
164219	1171	2208	1869	326	343	39	29	2	6559	594	1387	567	1987	32	107	7106	1051	4934	0,100,0,0,0,0	17646	671	776	73180	4776	26421	105106,105532,103995,51470,51470,51470,51470	4	36	25596,30874,20200,0,0,0,0	95	71697
163756	1243	2295	1912	353	338	40	29	1	6796	595	1388	572	1979	43	121	7183	1077	5133	0,100,0,0,0,0	17521	676	842	73890	4911	27033	105689,106116,104611,52254,52254,52254,52254	4	39	25596,30874,21033,0,0,0,0	101	71382
163329	1301	2412	1985	360	364	45	31	1	6931	597	1390	597	1948	55	117	7520	1158	5340	0,100,0,0,0,0	17715	674	852	74604	5052	27649	106273,106699,105230,53033,53033,53033,53033	4	51	25596,30874,21876,0,0,0,0	101	71057
163021	1265	2393	2074	385	360	51	32	1	7165	602	1397	578	1975	55	127	7416	1200	5360	0,100,0,0,0,0	26219	675	690	75199	5155	28243	106778,107205,105768,53692,53692,53692,53692	5	44	25596,30874,22564,0,0,0,0	108	70806
162704	1216	2476	2128	384	376	50	31	1	7373	604	1403	607	1990	50	131	8418	1281	5380	0,100,0,0,0,0	26656	647	771	75867	5265	28834	107326,107753,106353,54396,54396,54396,54396	5	42	25596,30874,23333,0,0,0,0	127	70486
162222	1276	2559	2149	410	410	54	29	1	7623	607	1406	572	1996	55	131	9264	1382	5505	0,100,0,0,0,0	19373	616	876	76601	5413	29397	107935,108365,106996,55206,55206,55206,55206	5	43	25596,30874,24194,0,0,0,0	122	70145
161759	1341	2631	2207	423	419	50	31	1	7862	610	1412	574	1939	39	147	9304	1422	5680	0,100,0,0,0,0	19630	888	915	77366	5569	30219	108551,108981,107649,55990,55990,55990,55990	5	44	25596,30874,25101,0,0,0,0	110	69797
161330	1419	2669	2248	433	438	57	32	3	8088	614	1415	573	1911	50	126	9488	1428	5868	0,100,0,0,0,0	19436	897	909	78133	5717	31053	109228,109657,108366,56869,56869,56869,56869	5	41	25596,30874,26003,0,0,0,0	111	69466
160956	1396	2683	2304	435	449	59	34	3	8391	617	1419	541	1974	56	147	9882	1430	5930	0,100,0,0,0,0	19819	887	846	78855	5848	31877	109867,110295,109044,57701,57701,57701,57701	5	43	25596,30874,26847,0,0,0,0	116	69128
160554	1417	2786	2304	459	460	57	38	3	8626	621	1421	540	1978	55	133	10253	1495	6026	0,100,0,0,0,0	20295	879	953	79654	6006	32685	110590,111019,109813,58609,58609,58609,58609	5	46	25596,30874,27788,0,0,0,0	109	68790
160234	1394	2773	2392	449	426	56	37	4	8931	624	1426	515	1976	65	116	10325	1447	6080	0,100,0,0,0,0	28999	922	824	80346	6148	33553	111198,111624,110460,59393,59393,59393,59393	5	46	25596,30874,28613,0,0,0,0	119	68441
159959	1293	2862	2406	452	435	59	37	3	9185	626	1429	533	1975	51	139	10459	1499	6045	0,100,0,0,0,0	28970	1001	809	81009	6301	34383	111796,112223,111101,60166,60166,60166,60166	6	44	25596,30874,29409,0,0,0,0	124	68169
159606	1308	2906	2475	434	459	62	34	5	9390	631	1436	564	1933	61	161	10972	1554	6124	0,100,0,0,0,0	20935	962	931	81778	6471	35178	112467,112894,111818,61017,61017,61017,61017	6	50	25596,30874,30330,0,0,0,0	132	67846
159266	1364	2865	2551	454	473	63	32	5	9599	636	1438	534	1962	50	146	10586	1581	6221	0,100,0,0,0,0	21116	1674	903	82518	6639	36686	113111,113537,112505,61819,61819,61819,61819	6	34	25596,30874,31218,0,0,0,0	136	67562
158991	1375	2912	2576	463	475	60	30	6	9779	639	1440	553	1997	45	156	10243	1561	6330	0,100,0,0,0,0	20780	1779	899	83247	6817	38257	113941,114368,113386,62899,62899,62899,62899	6	31	25596,30874,32105,0,0,0,0	132	67299
158649	1419	2916	2600	481	475	64	29	8	10021	642	1442	557	2007	56	147	10641	1545	6439	0,100,0,0,0,0	20949	1722	951	84022	7001	39765	114820,115248,114315,64040,64040,64040,64040	6	54	25596,30874,33045,0,0,0,0	130	67009
158320	1440	2981	2599	462	476	60	30	8	10275	646	1449	543	1968	51	151	10723	1516	6532	0,100,0,0,0,0	20858	1780	940	84792	7174	41345	115688,116115,115232,65163,65163,65163,65163	6	37	25596,30874,33967,0,0,0,0	118	66707
158184	1380	2928	2638	484	487	58	30	8	10448	651	1450	533	1966	50	139	10615	1475	6530	0,100,0,0,0,0	29101	1695	805	85465	7311	42864	116453,116880,116048,66153,66153,66153,66153	6	47	25596,30874,34760,0,0,0,0	117	66405
158098	1334	2790	2681	514	503	54	33	8	10624	654	1453	497	1989	55	163	10263	1524	6385	0,99,0,0,0,0	28635	1682	746	86114	7446	44379	117223,117649,116871,67100,67100,67100,67100	6	44	25596,30874,35496,29,0,0,0	113	66136
157817	1393	2792	2665	534	513	54	35	8	10821	658	1456	529	1970	57	192	10664	1626	6360	0,99,0,0,0,0	20826	1654	938	86896	7631	45881	118118,118546,117820,68221,68221,68221,68221	6	43	25596,30874,36419,52,0,0,0	109	65792
157561	1409	2847	2639	501	498	56	31	8	11071	663	1462	530	1915	59	181	10821	1648	6333	0,98,1,0,0,0	20984	843	880	87649	7798	46577	118947,119373,118699,69262,69262,69262,69262	6	48	25596,30874,37283,88,0,0,0	104	65422
157292	1367	2920	2641	499	485	59	34	10	11308	663	1468	530	1978	51	139	10720	1633	6372	0,98,1,0,0,0	21170	874	869	88356	7990	47291	119559,119983,119359,69939,69939,69939,69939	6	33	25596,30874,38109,140,0,0,0	111	65127
157046	1389	2952	2639	482	501	64	33	9	11494	667	1470	549	2017	66	158	10640	1636	6424	0,97,2,0,0,0	20865	849	891	89106	8177	47997	120203,120626,120054,70640,70640,70640,70640	6	34	25596,30874,38945,217,0,0,0	114	64813
156879	1414	2893	2633	503	505	68	35	10	11665	670	1471	544	1942	53	154	10954	1638	6413	0,96,3,0,0,0	21111	869	870	89822	8366	48719	120797,121221,120703,71279,71279,71279,71279	6	33	25596,30874,39755,289,0,0,0	121	64482
156808	1343	2892	2619	487	520	74	39	9	11807	672	1476	544	1981	49	144	10341	1605	6369	0,96,3,0,0,0	29213	859	808	90439	8563	49429	121322,121746,121282,71843,71843,71843,71843	5	36	25596,30874,40493,344,0,0,0	136	64193
156772	1269	2825	2631	480	515	76	39	9	11971	679	1480	546	2055	60	135	10265	1563	6272	0,95,4,0,0,0	28569	867	757	91031	8730	50156	121816,122242,121831,72350,72350,72350,72350	5	41	25596,30874,41178,401,0,0,0	145	63922
156730	1237	2789	2617	482	504	81	39	8	12091	685	1483	531	2008	56	183	10399	1576	6173	0,94,5,0,0,0	20708	870	814	91666	8914	50872	122339,122761,122410,72884,72883,72883,72883	5	47	25596,30874,41898,487,0,0,0	138	63636
156696	1214	2702	2637	493	482	88	36	9	12215	687	1487	510	1956	37	140	10605	1554	6098	0,93,6,0,0,0	20850	730	803	92266	9119	51449	122860,123282,122988,73410,73410,73410,73410	6	39	25596,30874,42582,583,0,0,0	136	63369
156565	1271	2635	2615	486	479	82	41	9	12382	690	1491	495	1873	32	149	10112	1537	6072	0,93,6,0,0,0	20803	720	851	92911	9332	52007	123343,123766,123524,73916,73915,73915,73915	5	26	25596,30874,43311,685,0,0,0	141	63058
156519	1271	2654	2527	465	458	77	36	8	12541	695	1495	498	1896	45	134	9827	1450	6038	0,92,7,0,0,0	20356	706	813	93545	9521	52542	123809,124231,124044,74365,74364,74364,74364	5	30	25596,30874,44003,797,0,0,0	141	62783
156569	1250	2575	2510	451	443	79	30	9	12631	701	1498	489	2050	42	147	9783	1397	5941	0,91,8,0,0,0	20339	791	774	94138	9704	53185	124223,124643,124516,74742,74740,74740,74740	5	33	25596,30874,44637,911,0,0,0	133	62488
156644	1218	2513	2520	454	431	79	32	7	12644	704	1500	467	1958	54	145	9952	1381	5866	0,90,9,0,0,0	28407	766	722	94664	9907	53785	124630,125050,124978,75125,75122,75122,75122	5	37	25596,30874,45219,1035,0,0,0	138	62236
156771	1125	2458	2467	438	446	80	34	8	12711	705	1503	493	1979	48	116	9753	1346	5702	0,89,10,0,0,0	28276	749	675	95164	10085	54386	124983,125403,125390,75438,75435,75435,75435	5	40	25596,30874,45755,1163,0,0,0	133	61981
156795	1190	2409	2432	438	439	66	41	6	12714	706	1510	488	1938	54	150	9846	1358	5657	0,88,11,0,0,0	20034	572	798	95760	10295	54942	125424,125846,125889,75867,75861,75861,75861	5	37	25596,30874,46383,1327,0,0,0	122	61651
156921	1239	2351	2386	441	434	69	42	7	12633	709	1514	502	1953	41	137	9987	1377	5585	0,86,13,0,0,0	20013	263	758	96309	10508	55205	125811,126231,126335,76200,76193,76193,76193	5	43	25596,30874,46944,1509,0,0,0	113	61353
156912	1241	2385	2334	431	440	68	43	7	12656	712	1517	499	2001	54	128	9955	1334	5608	0,85,14,0,0,0	20309	257	784	96879	10730	55462	126141,126560,126720,76477,76468,76468,76468	5	26	25596,30874,47529,1695,0,0,0	118	61033
156989	1219	2421	2263	439	423	65	43	7	12640	718	1519	500	1985	48	144	9750	1318	5555	0,84,15,0,0,0	20187	255	761	97413	10961	55717	126448,126869,127084,76707,76697,76697,76697	5	36	25596,30874,48070,1891,0,0,0	117	60729
157028	1246	2403	2272	413	413	66	37	8	12611	726	1523	508	2007	46	126	9839	1263	5587	0,82,17,0,0,0	20068	268	783	97968	11190	55985	126744,127165,127433,76950,76938,76938,76938	5	29	25596,30874,48593,2128,0,0,0	121	60404
157138	1216	2308	2329	401	421	65	34	7	12565	731	1531	505	1875	40	136	9763	1275	5499	0,80,19,0,0,0	28144	283	685	98443	11406	56268	126997,127417,127739,77135,77119,77119,77119	5	44	25596,30874,49038,2345,0,0,0	132	60116
157282	1147	2289	2318	384	408	67	34	9	12542	733	1533	504	1964	33	110	9677	1247	5400	0,79,20,0,0,0	28434	240	678	98931	11598	56508	127292,127711,128087,77341,77322,77322,77322	5	34	25596,30874,49488,2552,0,0,0	130	59848
157274	1213	2283	2313	388	402	68	36	8	12490	736	1535	483	1939	49	137	9330	1228	5475	0,76,23,0,0,0	19831	280	826	99481	11880	56788	127590,128006,128435,77606,77585,77585,77585	5	34	25596,30874,49973,2870,0,0,0	136	59516
157382	1280	2201	2279	377	396	65	38	8	12441	738	1541	459	1996	39	133	9011	1204	5432	0,74,25,0,0,0	19528	81	743	99986	12125	56869	127847,128261,128744,77825,77800,77800,77800	5	42	25596,30874,50365,3204,0,0,0	139	59203
157494	1218	2289	2152	373	397	62	38	8	12432	740	1543	466	1996	39	115	9338	1186	5343	0,72,27,0,0,0	29045	102	729	100469	12372	56971	128067,128480,129015,77967,77938,77938,77938	5	33	25596,30874,50762,3515,0,0,0	127	58911
157534	1192	2296	2190	369	376	61	34	7	12394	746	1547	463	1938	37	120	9336	1191	5327	0,69,30,0,0,0	29008	92	740	100959	12626	57063	128295,128707,129290,78145,78112,78112,78112	5	51	25596,30874,51124,3875,0,0,0	121	58599
157659	1169	2230	2243	377	376	55	38	7	12294	748	1550	474	1904	52	84	9176	1155	5333	0,67,32,0,0,0	27801	108	702	101404	12887	57171	128469,128881,129511,78271,78233,78233,78233	5	38	25596,30874,51459,4214,0,0,0	121	58313
157756	1135	2208	2239	373	353	56	39	5	12278	752	1552	474	1967	56	115	8903	1144	5259	0,65,34,0,0,0	27426	96	703	101863	13137	57267	128667,129076,129755,78413,78368,78368,78368	5	43	25596,30874,51781,4585,0,0,0	117	58035
157851	1132	2174	2212	370	360	54	39	5	12237	753	1559	483	1957	43	103	8618	1119	5222	0,62,37,0,0,0	27419	103	726	102313	13420	57370	128831,129239,129965,78549,78497,78497,78497	5	47	25596,30874,52080,4990,0,0,0	125	57740
157927	1175	2126	2202	355	350	60	37	6	12192	755	1561	490	2054	53	115	8496	1105	5200	0,59,40,0,0,0	28201	98	756	102807	13688	57468	129028,129435,130208,78711,78651,78651,78651	5	37	25596,30874,52382,5436,0,0,0	121	57416
157929	1243	2079	2204	363	346	58	37	6	12160	758	1563	494	1901	43	121	8340	1128	5202	0,56,43,0,0,0	27958	63	777	103260	14018	57531	129200,129607,130425,78876,78810,78810,78810	5	45	25596,30874,52656,5926,0,0,0	118	57127
157902	1276	2122	2184	346	319	60	40	5	12167	758	1567	496	1998	57	113	8435	1088	5259	0,53,46,0,0,0	28110	79	811	103765	14334	57610	129401,129810,130672,79081,79009,79009,79009	5	39	25596,30874,52922,6466,0,0,0	123	56793
157937	1310	2056	2233	353	332	53	39	5	12099	761	1568	468	1925	49	109	8539	1110	5266	0,49,50,0,0,0	28079	88	790	104220	14674	57698	129563,129972,130879,79248,79167,79167,79167	5	34	25596,30874,53137,7033,0,0,0	119	56481
157859	1361	2121	2184	323	326	50	38	6	12142	765	1571	447	1944	58	122	7917	1058	5345	0,46,53,0,0,0	28101	84	850	104725	15025	57782	129770,130179,131126,79503,79412,79412,79412	5	61	25596,30874,53388,7620,0,0,0	111	56149
157812	1357	2171	2188	302	303	46	33	7	12181	770	1576	466	1957	55	103	7347	998	5402	0,43,56,0,0,0	26309	70	809	105211	15353	57852	129945,130355,131337,79734,79634,79634,79634	5	40	25596,30874,53621,8185,0,0,0	109	55814
157715	1367	2250	2168	303	311	47	32	8	12190	772	1583	477	1979	53	88	7060	1002	5476	0,40,59,0,0,0	25776	91	863	105691	15739	57943	130108,130517,131535,79970,79859,79859,79859	6	49	25596,30874,53807,8854,0,0,0	110	55462
157456	1535	2279	2219	301	303	47	28	10	12207	776	1585	489	1893	43	119	7351	1029	5683	0,37,62,0,0,0	17405	88	1015	106265	16186	58031	130374,130788,131839,80364,80242,80242,80242	6	59	25596,30874,54005,9659,0,0,0	106	55084
157238	1698	2345	2244	282	294	45	31	11	12196	776	1586	458	1903	58	102	7253	1018	5921	0,34,65,0,0,0	17754	299	1042	106813	16690	58330	130607,131019,132105,80756,80619,80619,80619	6	47	25596,30874,54193,10506,0,0,0	113	54703
156964	1796	2467	2270	290	287	40	28	11	12225	780	1588	485	1975	54	88	7238	972	6206	0,31,68,0,0,0	17259	285	1087	107432	17163	58615	130898,131311,132428,81254,81102,81102,81102	6	63	25596,30874,54376,11397,0,0,0	106	54261
156671	1876	2635	2334	284	267	36	30	12	12226	783	1592	488	1982	61	102	7181	954	6508	0,28,71,0,0,0	17427	231	1149	108107	17646	58846	131233,131643,132794,81793,81625,81625,81625	6	47	25596,30874,54533,12385,0,0,0	100	53811
156196	2039	2781	2459	292	274	39	25	11	12246	788	1596	503	1974	62	107	7086	976	6933	0,25,74,0,0,0	17292	289	1269	108793	18238	59135	131591,132001,133183,82396,82212,82212,82212	6	77	25596,30874,54699,13482,0,0,0	98	53353
155840	2053	2898	2589	301	286	33	20	14	12320	790	1602	479	1874	66	106	6817	1000	7180	0,23,76,0,0,0	25560	274	1159	109393	18809	59409	131882,132293,133505,82940,82739,82739,82739	6	58	25596,30874,54844,14491,0,0,0	99	52927
155459	2020	3030	2746	306	294	39	15	12	12424	797	1604	504	1983	62	115	6823	1042	7408	0,22,77,0,0,0	25684	267	1204	110014	19400	59676	132191,132602,133838,83526,83306,83306,83306	7	68	25596,30874,54981,15551,0,0,0	97	52476
154748	2336	3160	2871	287	298	33	13	10	12582	799	1609	480	2000	102	128	6897	1063	7935	0,19,80,0,0,0	16931	263	1539	110847	20138	59939	132626,133036,134300,84336,84096,84096,84096	7	76	25596,30874,55142,16924,19,0,0	107	51893
153960	2631	3218	3038	301	288	33	15	9	12839	801	1613	506	1955	87	124	7157	1145	8379	0,17,81,0,0,0	17099	331	1582	111647	20951	60270	133037,133443,134730,85151,84888,84888,84888	7	92	25596,30874,55254,18374,48,0,0	104	51339
153215	2744	3455	3141	308	299	32	13	9	13106	804	1620	508	2042	95	124	7404	1209	8783	0,16,83,0,0,0	17174	337	1587	112458	21765	60607	133464,133865,135176,86003,85714,85714,85714	8	72	25596,30874,55387,19821,76,0,0	108	50783
152338	2809	3801	3285	312	306	33	13	7	13416	805	1621	506	1886	95	131	7711	1239	9320	0,14,84,0,0,0	18022	324	1729	113342	22629	60931	133943,134341,135675,86969,86655,86655,86655	8	102	25596,30874,55518,21387,99,0,0	106	50163
151347	2975	4050	3522	324	318	30	14	5	13732	806	1623	511	2019	99	137	7856	1295	9938	0,13,85,1,0,0	17879	322	1846	114256	23591	61253	134439,134835,136186,88017,87674,87674,87674	9	108	25596,30874,55625,23093,148,0,0	119	49520
150488	3096	4171	3710	364	307	28	17	3	14130	807	1625	525	1952	105	124	7886	1303	10390	0,11,86,1,0,0	26321	334	1752	115095	24543	61587	134843,135238,136609,88953,88578,88578,88578	9	102	25596,30874,55718,24707,209,0,0	133	48898
149540	3016	4437	3950	388	339	34	19	4	14584	807	1628	538	1986	127	132	8088	1369	10814	0,10,87,1,0,0	26346	353	1825	115977	25502	61940	135323,135716,137108,89966,89561,89561,89561	10	100	25596,30874,55829,26391,246,0,0	139	48298
148317	3275	4658	4082	429	369	29	21	4	15126	808	1628	506	2028	125	198	9213	1614	11249	0,9,88,2,0,0	18781	297	2140	117014	26616	62237	135907,136296,137700,91212,90773,90773,90773	11	133	25596,30874,55915,28386,296,0,0	134	47570
147032	3672	4663	4368	441	399	27	19	6	15677	811	1631	515	1955	132	160	9818	1714	11875	0,8,89,2,0,0	19669	380	2247	118115	27779	62617	136522,136909,138324,92545,92066,92066,92066	11	98	25596,30874,56003,30472,355,0,0	130	46810
145795	3757	4947	4574	466	401	32	17	7	16301	811	1638	510	1941	145	172	10683	1835	12359	0,7,89,2,0,0	20398	340	2250	119188	28972	62957	137099,137481,138909,93833,93314,93313,93313	11	121	25596,30874,56085,32553,438,0,0	117	46046
144471	3803	5338	4717	488	442	33	15	8	16977	812	1642	517	1919	129	175	11183	1951	12885	0,7,90,2,0,0	21057	353	2336	120322	30190	63310	137717,138095,139528,95200,94640,94640,94640	12	114	25596,30874,56160,34716,528,0,0	112	45238
142932	4115	5552	4959	477	514	35	18	5	17683	812	1644	500	1968	115	211	11855	2085	13585	0,6,90,2,0,0	21791	389	2592	121570	31555	63699	138394,138765,140209,96736,96130,96129,96129	13	138	25596,30874,56235,37136,619,0,0	113	44336
141815	4100	5613	5312	464	534	39	19	4	18384	814	1648	504	1971	149	204	11873	2155	13926	0,5,91,3,0,0	30150	329	2244	122589	32804	64028	138878,139245,140699,98027,97368,97367,97367	13	119	25596,30874,56287,39247,706,0,0	116	43564
140663	3848	5842	5620	450	551	42	20	6	19237	816	1651	526	1902	139	206	12377	2257	14116	0,5,91,3,0,0	30220	395	2266	123673	34000	64423	139417,139785,141242,99326,98616,98614,98614	14	131	25596,30874,56333,41359,800,0,0	130	42786
139126	4172	5970	5796	471	552	44	17	8	20114	819	1657	521	1941	154	221	13344	2367	14655	0,4,91,3,0,0	23214	376	2733	124881	35539	64799	140061,140426,141878,100930,100163,100160,100160	14	119	25596,30874,56382,43885,934,0,0	119	41938
137756	4421	5967	5934	482	543	44	20	6	21093	820	1660	516	2010	166	220	14075	2430	14981	0,4,91,3,0,0	23949	356	2635	126031	37039	65155	140654,141005,142465,102469,101642,101638,101638	15	153	25596,30874,56430,46338,1050,0,0	134	41089
136419	4370	6244	6004	511	549	46	23	7	22091	821	1661	523	1983	162	202	14445	2474	15273	0,3,91,4,0,0	24355	329	2610	127207	38485	65484	141247,141590,143049,104001,103112,103107,103107	15	137	25596,30874,56474,48746,1192,0,0	140	40242
134977	4484	6436	6147	528	577	50	27	6	23028	822	1664	512	1966	144	237	14223	2491	15758	0,3,92,4,0,0	24539	329	2764	128364	40101	65813	141794,142130,143586,105570,104616,104609,104609	15	127	25596,30874,56527,51301,1328,0,0	153	39385
133565	4658	6462	6390	554	612	51	28	7	23929	824	1666	500	1944	131	255	14259	2601	16154	0,3,92,4,0,0	24503	325	2776	129589	41664	66138	142368,142697,144147,107182,106156,106148,106148	15	119	25596,30874,56571,53844,1490,0,0	164	38487
132638	4419	6545	6587	587	583	44	29	8	24813	825	1668	470	1975	167	217	14284	2581	16213	0,2,92,4,0,0	31997	346	2397	130617	43051	66484	142757,143086,144533,108494,107394,107384,107384	16	136	25596,30874,56599,56044,1625,0,0	177	37703
131569	4294	6688	6645	574	556	45	31	11	25834	828	1671	465	1903	151	208	13964	2604	16229	0,2,92,5,0,0	32175	324	2604	131723	44567	66808	143233,143563,145005,109961,108782,108770,108770	16	171	25596,30874,56630,58437,1771,0,0	170	36895
130404	4501	6468	6825	620	578	43	30	12	26761	830	1674	469	1977	156	265	14181	2695	16370	0,2,92,5,0,0	24268	324	2744	132937	46112	67132	143769,144095,145537,111546,110285,110271,110271	16	138	25596,30874,56652,60954,1935,0,0	154	36002
129418	4480	6403	6932	589	604	41	33	12	27728	831	1675	477	1956	151	226	14589	2682	16400	0,2,92,5,0,0	24763	127	2581	134020	47628	67259	144199,144517,145954,112985,111644,111628,111628	17	138	25596,30874,56676,63291,2115,0,0	151	35181
128465	4387	6590	6721	598	599	39	33	14	28790	832	1678	475	1954	179	236	14457	2642	16325	0,2,91,6,0,0	24717	121	2631	135162	49134	67380	144609,144922,146356,114422,112994,112975,112975	17	134	25596,30874,56690,65643,2340,0,0	134	34323
127442	4451	6499	6759	607	598	49	32	18	29778	833	1680	441	1967	162	233	14524	2664	16331	0,1,91,6,0,0	24635	121	2672	136243	50747	67501	145006,145317,146747,115862,114346,114325,114325	17	119	25596,30874,56712,68039,2556,0,0	128	33506
126640	4516	6473	6775	582	594	43	34	20	30551	834	1684	456	1904	142	233	14733	2687	16330	0,1,91,6,0,0	24900	142	2664	137317	52351	67643	145348,145658,147084,117284,115673,115647,115647	16	126	25596,30874,56737,70423,2749,0,0	138	32688
126239	4198	6356	6861	580	599	41	30	20	31299	836	1687	470	1866	150	216	14655	2586	16079	0,1,91,7,0,0	32623	131	2266	138246	53701	67774	145558,145865,147287,118458,116750,116720,116720	16	139	25596,30874,56752,72442,2948,0,0	130	31980
125978	3822	6316	6898	569	580	42	30	21	31963	836	1691	469	1910	174	228	14471	2492	15765	0,1,90,7,0,0	32134	121	2188	139141	55007	67895	145723,146024,147445,119557,117746,117713,117713	16	126	25596,30874,56762,74365,3146,0,0	134	31293
125587	3853	6035	6840	563	546	43	29	22	32698	839	1691	455	1991	136	244	14320	2520	15389	0,1,90,7,0,0	24310	138	2359	140061	56460	68033	145958,146256,147675,120793,118875,118837,118837	16	127	25596,30874,56773,76429,3367,0,0	130	30609
125374	3930	5730	6745	561	531	38	36	18	33251	839	1693	446	1963	142	246	14573	2514	15057	0,1,90,8,0,0	24500	81	2256	140938	57851	68114	146130,146425,147837,121947,119920,119877,119877	16	111	25596,30874,56788,78382,3602,0,0	145	29958
125320	3732	5613	6527	520	535	41	30	22	33871	841	1694	470	1957	136	194	14551	2423	14575	0,1,89,8,0,0	24771	70	2103	141780	59124	68184	146269,146561,147970,122995,120858,120811,120811	16	129	25596,30874,56796,80189,3844,0,0	145	29326
125326	3584	5564	6367	514	519	42	23	24	34239	845	1699	476	1899	121	210	13859	2270	14343	0,1,89,9,0,0	24241	78	2137	142647	60404	68262	146393,146686,148096,124072,121821,121768,121768	16	119	25596,30874,56800,82005,4115,0,0	135	28659
125379	3505	5457	6110	508	515	42	21	19	34644	846	1700	485	1879	149	220	13805	2206	13952	0,0,88,10,0,0	23789	84	2032	143477	61621	68346	146491,146788,148193,125078,122717,122658,122658	16	120	25596,30874,56811,83729,4352,0,0	128	28018
125704	3285	5177	6007	496	491	40	18	19	34959	848	1702	512	1963	139	189	13539	2135	13379	0,0,88,10,0,0	31581	76	1789	144172	62726	68422	146510,146803,148213,125926,123453,123388,123388	16	119	25596,30874,56820,85210,4610,0,0	132	27499
126213	3031	5032	5803	498	517	41	14	21	35021	850	1705	504	1971	141	167	13024	2056	12880	0,0,87,11,0,0	31390	91	1713	144824	63800	68513	146467,146759,148171,126705,124113,124042,124042	15	117	25596,30874,56826,86607,4862,0,0	133	26981
126659	3022	4795	5652	484	476	41	16	18	35026	850	1707	496	1959	129	229	12732	2009	12477	0,0,86,12,0,0	22980	80	1815	145523	64931	68593	146449,146741,148157,127554,124840,124763,124763	15	77	25596,30874,56829,88093,5117,0,0	108	26459
127115	2989	4548	5507	468	461	44	18	16	35020	852	1708	512	1909	134	182	13163	1963	12072	0,0,86,12,0,0	23428	64	1720	146142	66044	68657	146391,146685,148100,128332,125506,125421,125421	15	99	25596,30874,56833,89462,5396,0,0	106	25977
127715	2815	4421	5294	474	446	42	20	16	34938	853	1712	494	1965	120	205	13183	1943	11569	0,0,85,13,0,0	23257	50	1572	146704	67062	68707	146294,146592,148001,129015,126079,125986,125986	14	81	25596,30874,56833,90679,5682,0,0	115	25554
128429	2661	4192	5153	464	422	44	18	15	34777	854	1717	508	1877	102	187	12768	1858	11096	0,0,84,14,0,0	22996	55	1512	147269	68021	68762	146172,146470,147888,129661,126610,126507,126507	13	76	25596,30874,56837,91834,5971,0,0	112	25125
129128	2552	4017	4876	409	397	42	17	19	34712	855	1722	534	2014	110	169	12024	1706	10604	0,0,83,15,0,0	22551	59	1457	147819	68936	68821	146079,146376,147800,130298,127135,127025,127025	13	74	25596,30874,56842,92908,6283,0,0	109	24716
130039	2371	3800	4697	391	387	34	15	20	34409	856	1727	530	1823	90	158	11893	1612	10083	0,0,82,16,0,0	29815	48	1266	148286	69742	68869	145897,146192,147622,130797,127523,127403,127403	12	63	25596,30874,56848,93845,6554,0,0	106	24356
131000	2122	3647	4422	375	381	34	14	19	34144	857	1731	539	1963	108	133	11560	1513	9482	0,0,81,17,0,0	29816	65	1175	148713	70497	68934	145671,145965,147405,131236,127857,127727,127727	12	81	25596,30874,56852,94710,6808,0,0	98	23999
131935	2045	3465	4222	381	350	37	17	18	33681	857	1738	525	2004	72	148	11174	1450	9067	0,0,80,18,0,0	21617	57	1233	149155	71299	68991	145507,145802,147253,131723,128238,128097,128097	12	82	25596,30874,56854,95594,7094,0,0	107	23670
133003	2017	3213	4065	347	343	33	15	18	33091	859	1742	518	1923	98	137	10786	1358	8675	0,0,80,19,0,0	21247	48	1167	149569	72060	69039	145284,145582,147037,132151,128553,128403,128403	11	52	25596,30874,56856,96414,7366,0,0	105	23345
134080	1891	2981	3920	345	363	29	15	17	32502	860	1743	545	1966	69	142	10611	1343	8201	0,0,78,20,0,0	20786	60	1044	149940	72740	69099	145045,145342,146811,132513,128808,128648,128648	11	67	25596,30874,56860,97113,7642,0,0	93	23066
135170	1797	2857	3653	323	341	31	22	13	31933	860	1746	540	1888	75	141	9740	1242	7782	0,0,77,21,0,0	20395	37	1011	150315	73383	69136	144831,145129,146608,132875,129067,128896,128896	10	63	25596,30874,56864,97813,7900,0,0	95	22788
136342	1751	2765	3385	286	296	25	21	13	31251	863	1748	539	1980	77	131	9605	1139	7390	0,0,76,22,0,0	19740	49	1019	150669	74055	69185	144568,144869,146358,133208,129296,129113,129113	10	61	25596,30874,56871,98496,8159,0,0	100	22519
137592	1630	2559	3246	265	276	27	24	15	30492	864	1756	507	2052	76	103	8997	1007	7020	0,0,75,23,0,0	27454	49	821	150989	74570	69234	144292,144598,146097,133462,129447,129254,129254	9	47	25596,30874,56872,99042,8394,0,0	90	22261
138807	1433	2490	3095	250	250	25	20	17	29731	865	1763	507	1938	64	127	8684	1002	6561	0,0,74,25,0,0	27132	38	792	151279	75079	69272	144026,144331,145850,133702,129590,129385,129385	8	47	25596,30874,56874,99556,8643,0,0	85	22042
139990	1420	2347	2902	242	249	23	24	18	28900	866	1765	502	1968	59	89	8647	949	6258	0,0,72,26,0,0	18714	47	867	151603	75630	69319	143746,144055,145584,133958,129753,129534,129534	8	46	25596,30874,56876,100085,8935,0,0	83	21791
141114	1351	2240	2783	218	218	23	25	17	28123	867	1767	539	1914	60	102	8328	903	5955	0,0,71,27,0,0	18126	22	788	151883	76140	69341	143492,143805,145344,134180,129886,129654,129654	8	43	25596,30874,56880,100559,9196,0,0	80	21566
142397	1271	2077	2737	235	209	20	22	15	27123	870	1770	536	1890	53	82	8024	826	5745	0,0,70,29,0,0	18246	21	770	152147	76650	69362	143188,143504,145057,134366,129980,129733,129733	7	37	25596,30874,56880,100999,9473,0,0	65	21366
143531	1295	2003	2536	235	212	23	16	17	26234	873	1771	550	1940	49	89	7363	803	5517	0,0,68,30,0,0	17654	22	776	152433	77147	69384	142922,143241,144804,134582,130111,129850,129850	7	44	25596,30874,56883,101442,9756,0,0	61	21151
144696	1239	1892	2365	223	191	20	15	18	25440	875	1772	530	1934	52	87	6933	707	5238	0,0,67,32,0,0	17277	14	693	152683	77596	69398	142642,142966,144535,134755,130198,129923,129923	6	30	25596,30874,56884,101827,10033,0,0	56	20967
145889	1106	1903	2210	197	167	17	14	18	24574	877	1774	517	1963	46	62	6611	649	4965	0,0,64,34,0,0	25132	37	621	152887	78018	69435	142335,142660,144245,134867,130231,129941,129941	6	32	25596,30874,56884,102157,10289,0,0	52	20811
147083	992	1807	2106	194	172	17	12	16	23694	879	1774	518	1963	46	85	6017	619	4681	0,0,63,36,0,0	25057	21	570	153071	78408	69456	142034,142364,143960,134960,130251,129947,129947	6	28	25596,30874,56886,102455,10527,0,0	56	20662
148056	1097	1671	2060	184	160	17	11	16	22820	879	1775	558	1993	36	74	5202	561	4639	0,0,61,38,0,0	15850	23	721	153333	78876	69479	141802,142135,143741,135145,130367,130048,130048	5	31	25596,30874,56888,102803,10866,0,0	47	20463
148972	1204	1598	1964	162	144	15	9	16	21998	880	1784	545	1980	30	71	4496	468	4628	0,0,59,40,0,0	15119	5	727	153573	79367	69484	141566,141900,143510,135329,130484,130150,130150	5	26	25596,30874,56890,103138,11213,0,0	43	20266
149904	1177	1597	1910	155	140	19	7	16	21151	881	1789	545	1981	34	74	3822	414	4591	0,0,57,42,0,0	14187	10	671	153815	79800	69494	141342,141681,143295,135496,130584,130236,130236	5	29	25596,30874,56891,103454,11537,0,0	55	20082
150733	1178	1654	1806	147	149	22	10	15	20356	881	1795	550	1948	39	63	3186	378	4588	0,0,54,44,0,0	13495	6	688	154053	80253	69500	141134,141475,143095,135664,130697,130333,130333	4	30	25596,30874,56892,103731,11903,0,0	63	19896
151560	1166	1721	1721	142	157	24	8	14	19552	883	1798	564	1939	32	67	2654	356	4583	0,0,52,47,0,0	13129	11	691	154285	80713	69511	140930,141274,142900,135830,130809,130430,130430	4	28	25596,30874,56895,104008,12267,0,0	63	19720
152255	1149	1742	1750	132	158	21	9	13	18835	883	1799	560	1993	48	82	2282	333	4628	0,0,50,49,0,0	21340	8	673	154492	81186	69519	140724,141071,142702,135991,130918,130526,130526	4	41	25596,30874,56897,104260,12649,0,0	71	19551
153041	1102	1623	1834	152	164	23	8	13	18100	883	1803	549	1893	36	68	1839	333	4573	0,0,48,51,0,0	21171	10	586	154674	81592	69529	140504,140854,142488,136098,130974,130567,130567	4	41	25596,30874,56898,104466,12986,0,0	67	19410
153642	1140	1650	1833	152	162	24	8	12	17433	883	1807	541	2011	42	61	1343	308	4661	0,0,46,52,0,0	11714	11	736	154922	82087	69540	140351,140704,142343,136299,131132,130708,130708	4	38	25596,30874,56898,104731,13410,0,0	56	19226
154227	1252	1634	1774	160	175	18	7	13	16792	883	1811	525	2009	49	73	1090	319	4701	0,0,45,54,0,0	11401	15	763	155174	82605	69555	140198,140552,142197,136508,131300,130859,130859	3	40	25596,30874,56898,104984,13881,0,0	48	19033
154881	1243	1672	1789	162	164	15	7	14	16103	883	1813	524	1934	41	78	991	314	4738	0,0,43,56,0,0	11002	19	704	155401	83083	69574	140029,140387,142036,136697,131446,130988,130988	3	39	25596,30874,56899,105219,14319,0,0	42	18859
155430	1202	1719	1762	178	148	15	7	14	15573	884	1814	561	1971	47	72	982	316	4715	0,0,41,58,0,0	10887	19	693	155644	83540	69593	139892,140255,141906,136889,131599,131126,131126	3	34	25596,30874,56899,105430,14784,0,0	41	18673
155942	1189	1694	1762	172	165	13	8	16	15080	886	1819	522	1920	50	75	995	319	4684	0,0,39,60,0,0	10999	17	686	155869	84006	69610	139743,140108,141764,137063,131735,131246,131246	3	38	25596,30874,56899,105637,15231,0,0	34	18494
156515	1094	1656	1781	166	158	12	9	13	14633	886	1823	550	2032	54	66	994	310	4566	0,0,37,62,0,0	20212	18	564	156048	84394	69628	139580,139945,141607,137169,131813,131307,131307	3	28	25596,30874,56900,105778,15626,0,0	41	18345
156974	1051	1682	1740	160	166	13	7	13	14229	887	1824	523	1953	39	70	1008	322	4497	0,0,35,64,0,0	20175	15	626	156236	84836	69643	139441,139806,141476,137313,131931,131406,131406	3	32	25596,30874,56900,105931,16067,0,0	37	18192
157291	1159	1648	1748	162	174	13	8	13	13816	887	1827	563	1937	45	77	1018	333	4579	0,0,33,65,0,0	10907	12	758	156485	85351	69655	139358,139725,141396,137526,132124,131582,131582	3	30	25596,30874,56900,106120,16599,0,0	34	18002
157564	1221	1644	1755	160	171	17	7	12	13479	887	1829	570	1960	42	76	1014	319	4656	0,0,31,68,0,0	11065	0	760	156730	85872	69655	139272,139640,141313,137747,132321,131762,131762	3	43	25596,30874,56901,106283,17178,0,0	40	17808
157791	1237	1746	1725	158	175	12	7	11	13167	887	1830	584	2026	47	75	996	307	4753	0,0,29,70,0,0	11107	0	767	156967	86410	69655	139194,139563,141237,137972,132529,131954,131954	3	37	25596,30874,56902,106445,17762,0,0	50	17630
158062	1253	1803	1732	182	162	14	6	12	12796	887	1837	600	2061	39	73	1008	310	4842	0,0,28,71,0,0	11105	0	744	157195	86930	69655	139116,139487,141164,138183,132725,132130,132130	3	20	25596,30874,56903,106598,18329,0,0	41	17463
158293	1264	1794	1788	187	174	14	6	10	12489	888	1839	574	2017	53	79	1009	319	4908	0,0,26,73,0,0	11069	0	762	157454	87439	69655	139057,139430,141110,138408,132935,132320,132320	3	39	25596,30874,56903,106729,18923,0,0	46	17273
158539	1239	1748	1808	201	191	16	5	9	12258	888	1844	571	1940	44	86	1032	346	4862	0,0,24,75,0,0	20513	0	693	157649	87944	69655	138956,139331,141012,138579,133099,132464,132464	3	35	25596,30874,56903,106839,19482,0,0	55	17113
158781	1139	1768	1752	187	214	18	6	8	12138	888	1847	561	1944	36	92	1065	348	4736	0,0,23,76,0,0	20295	0	632	157836	88394	69655	138872,139249,140931,138741,133251,132596,132596	3	26	25596,30874,56904,106952,19984,0,0	52	16960
158978	1187	1787	1710	189	207	22	7	8	11914	888	1849	571	1953	38	99	1087	351	4758	0,0,21,78,0,0	10959	0	763	158051	88948	69655	138810,139190,140867,138944,133450,132772,132772	3	38	25596,30874,56906,107051,20618,0,0	51	16804
159090	1277	1770	1774	177	198	18	9	5	11688	888	1852	577	2020	40	96	1111	355	4868	0,0,20,78,0,0	11028	0	787	158271	89521	69655	138771,139153,140832,139161,133668,132967,132967	3	35	25596,30874,56906,107162,21266,0,0	50	16642
159209	1292	1746	1790	173	191	19	8	6	11570	888	1854	564	2013	48	79	1126	345	4874	0,0,19,80,0,0	11217	0	739	158481	90055	69655	138717,139103,140781,139354,133863,133139,133139	3	44	25596,30874,56906,107249,21876,0,0	61	16490
159236	1281	1810	1741	181	202	21	9	5	11514	888	1858	570	1944	53	75	1118	338	4907	0,0,18,81,0,0	11187	0	761	158698	90606	69655	138691,139076,140756,139559,134075,133328,133328	3	41	25596,30874,56906,107323,22533,0,0	57	16323
159295	1333	1781	1799	202	205	23	7	7	11341	889	1864	561	1995	48	96	1142	379	4971	0,0,16,82,0,0	11228	0	773	158916	91166	69655	138650,139036,140717,139767,134288,133518,133518	3	44	25596,30874,56909,107408,23190,0,0	63	16158
159498	1195	1807	1834	198	209	22	7	7	11212	889	1868	568	1949	44	77	1155	373	4899	0,0,15,84,0,0	20374	0	632	159081	91635	69655	138571,138955,140640,139910,134435,133640,133640	4	55	25596,30874,56912,107468,23740,0,0	64	16035
159667	1090	1823	1827	216	207	19	8	9	11114	889	1877	583	2016	66	86	1171	361	4829	0,0,14,85,0,0	20475	0	652	159253	92118	69655	138496,138883,140568,140062,134593,133774,133774	4	37	25596,30874,56912,107524,24321,0,0	62	15897
159721	1155	1771	1784	224	210	21	10	10	11074	889	1877	567	1997	61	96	1199	393	4782	0,0,12,86,0,0	11157	0	741	159484	92633	69655	138464,138852,140540,140263,134808,133960,133960	4	43	25596,30874,56914,107592,24964,0,0	54	15704
159753	1253	1691	1802	198	222	23	11	8	11012	892	1881	580	1921	47	96	1217	412	4788	0,0,11,87,0,0	11328	0	736	159704	93151	69655	138429,138815,140505,140455,135016,134140,134140	4	38	25596,30874,56915,107640,25631,0,0	61	15517
159772	1242	1743	1810	180	214	23	12	7	10968	893	1882	589	1983	52	99	1230	399	4825	0,0,10,88,0,0	11364	0	738	159911	93687	69655	138388,138773,140464,140641,135219,134316,134316	4	46	25596,30874,56916,107675,26303,0,0	61	15344
159782	1229	1769	1783	174	209	22	15	9	10977	893	1884	584	1955	50	101	1235	382	4819	0,0,9,89,0,0	11357	0	736	160127	94214	69655	138364,138748,140438,140840,135435,134505,134505	4	42	25596,30874,56917,107717,26978,0,0	65	15171
159901	1217	1776	1749	183	189	22	16	10	10904	893	1886	572	1941	38	79	1214	367	4785	0,0,9,90,0,0	11412	0	696	160314	94726	69655	138302,138687,140379,140994,135609,134649,134649	4	30	25596,30874,56918,107763,27602,0,0	68	15020
160006	1106	1746	1763	205	183	26	15	11	10903	894	1888	565	1988	47	87	1203	364	4680	0,0,8,91,0,0	20685	0	580	160445	95179	69655	138230,138617,140309,141096,135728,134742,134742	4	37	25596,30874,56920,107792,28122,0,0	67	14914
160133	995	1740	1760	215	193	24	13	14	10869	895	1895	564	1914	53	79	1205	360	4580	0,0,7,92,0,0	20570	0	595	160601	95622	69655	138156,138542,140236,141214,135864,134849,134849	3	36	25596,30874,56920,107811,28679,0,0	67	14785
160216	1033	1692	1748	198	199	25	13	12	10817	895	1898	571	1982	45	104	1213	380	4528	0,0,6,92,0,0	11245	0	670	160781	96119	69655	138087,138475,140167,141372,136047,134999,134999	3	37	25596,30874,56920,107840,29304,0,0	61	14643
160267	1079	1609	1697	191	202	25	9	14	10856	898	1899	595	1990	41	97	1228	360	4452	0,0,6,93,0,0	11325	0	646	160960	96589	69655	138040,138429,140125,141511,136210,135131,135131	3	31	25596,30874,56921,107862,29905,0,0	53	14501
160351	1084	1550	1729	184	191	25	11	14	10804	898	1905	569	2000	42	85	1226	363	4411	0,0,5,93,0,0	11292	0	629	161129	97054	69655	137976,138368,140061,141647,136370,135260,135260	3	32	25596,30874,56921,107879,30498,0,0	53	14363
160435	1060	1527	1697	180	189	22	10	14	10807	898	1907	593	1967	46	83	1208	344	4341	0,0,5,94,0,0	11212	0	611	161295	97505	69655	137924,138317,140011,141778,136526,135385,135385	3	39	25596,30874,56922,107898,31072,0,0	55	14229
160530	1043	1559	1631	179	176	22	10	13	10772	900	1911	602	2002	35	84	1183	336	4284	0,0,4,94,0,0	11204	0	604	161439	97968	69655	137850,138243,139939,141892,136664,135492,135492	3	28	25596,30874,56923,107914,31642,0,0	52	14114
160734	951	1472	1629	181	174	24	9	12	10740	902	1918	613	1959	46	78	1147	331	4109	0,0,4,95,0,0	20472	0	494	161553	98352	69655	137763,138156,139857,141968,136764,135559,135559	3	24	25596,30874,56923,107925,32106,0,0	50	14026
160968	852	1443	1579	160	162	17	4	15	10725	902	1919	617	1996	27	67	1110	301	3916	0,0,4,95,0,0	20588	0	476	161667	98716	69655	137665,138059,139763,142031,136850,135613,135613	3	22	25596,30874,56923,107939,32552,0,0	45	13935
161177	889	1354	1492	154	179	16	5	13	10642	903	1922	622	2061	42	77	1085	296	3793	0,0,3,96,0,0	11162	0	541	161803	99125	69655	137577,137969,139676,142116,136963,135689,135689	3	18	25596,30874,56923,107954,33060,0,0	48	13824
161397	876	1266	1456	141	171	11	5	12	10584	903	1924	624	1969	33	68	1058	287	3639	0,0,3,96,0,0	11185	0	483	161925	99489	69655	137483,137875,139587,142181,137053,135746,135746	2	32	25596,30874,56923,107967,33517,0,0	41	13726
161655	763	1288	1420	154	161	17	6	11	10439	904	1928	639	1922	22	65	1039	297	3512	0,0,3,96,0,0	11138	0	424	162025	99815	69655	137381,137774,139495,142213,137112,135770,135770	2	18	25596,30874,56923,107973,33915,0,0	38	13651
161896	713	1258	1349	150	154	15	6	9	10360	904	1932	656	1863	30	53	981	274	3371	0,0,3,96,0,0	11063	0	431	162134	100139	69655	137280,137672,139395,142259,137183,135806,135806	2	20	25596,30874,56923,107983,34321,0,0	43	13568
162204	698	1153	1365	141	146	19	5	9	10165	905	1936	669	1941	27	66	944	269	3258	0,0,2,97,0,0	11003	0	395	162228	100447	69655	137159,137549,139276,142278,137228,135814,135814	2	24	25596,30874,56923,107990,34697,3,0	41	13488
162531	607	1078	1311	137	143	19	5	10	10059	905	1941	644	2015	28	55	915	266	3034	0,0,2,97,0,0	20228	0	323	162311	100693	69655	137039,137430,139163,142285,137260,135811,135811	2	21	25596,30874,56923,107997,35004,8,0	48	13421
162905	542	1010	1222	131	146	18	6	9	9908	905	1944	679	2006	28	50	871	258	2817	0,0,2,97,0,0	20225	0	300	162399	100912	69655	136906,137297,139036,142280,137279,135793,135793	2	22	25596,30874,56923,108001,35289,12,0	45	13348
163266	537	900	1167	111	151	18	7	7	9729	906	1947	686	2004	20	66	858	254	2637	0,0,2,97,0,0	11055	0	320	162479	101156	69655	136767,137158,138904,142270,137294,135770,135770	2	20	25596,30874,56923,108003,35597,15,0	45	13282
163627	542	811	1089	119	142	14	6	7	9533	906	1950	638	2004	31	64	828	257	2466	0,0,2,96,0,0	10974	0	308	162558	101389	69655	136633,137024,138775,142259,137306,135747,135747	2	19	25596,30874,56923,108009,35888,21,0	44	13218
163983	494	804	987	104	119	15	9	7	9366	906	1952	632	1901	25	53	800	237	2295	0,0,2,97,0,0	11031	0	270	162620	101605	69655	136487,136878,138633,142229,137303,135708,135708	2	14	25596,30874,56923,108011,36145,26,0	35	13160
164420	462	769	904	89	110	15	9	6	9099	906	1957	622	2008	24	49	770	227	2131	0,0,2,96,1,0	10867	0	247	162690	101786	69655	136332,136725,138488,142194,137293,135661,135661	2	19	25596,30874,56923,108015,36373,33,0	32	13105
164835	400	712	854	85	95	14	10	6	8865	907	1963	625	2021	22	47	749	207	1963	0,0,2,96,1,0	10848	0	206	162739	101949	69655	136171,136564,138334,142137,137259,135592,135592	2	12	25596,30874,56923,108018,36566,38,0	29	13064
165222	345	652	842	97	94	10	11	6	8592	908	1967	644	2025	22	35	713	185	1866	0,0,2,95,2,0	19919	0	191	162785	102098	69655	136023,136415,138190,142087,137230,135531,135531	1	4	25596,30874,56923,108019,36738,47,0	25	13026
165653	279	593	771	102	89	9	10	5	8357	909	1969	653	1996	13	41	691	187	1666	0,0,2,95,2,0	20111	0	146	162810	102224	69655	135862,136254,138035,142007,137171,135439,135439	1	11	25596,30874,56923,108021,36870,55,0	31	13006
166058	257	540	701	95	77	11	6	7	8113	910	1971	663	1932	15	43	649	165	1522	0,0,2,94,3,0	10830	0	170	162850	102358	69655	135700,136094,137881,141940,137126,135363,135363	1	13	25596,30874,56923,108025,37026,67,0	24	12978
166466	255	426	676	92	79	11	8	8	7842	910	1973	656	1933	16	31	613	158	1389	0,0,1,94,3,0	10724	0	134	162888	102458	69655	135541,135936,137727,141864,137069,135275,135275	1	6	25596,30874,56923,108028,37144,76,0	28	12950
166872	226	400	605	82	67	11	7	7	7581	912	1976	652	1916	15	32	589	146	1252	0,0,1,94,4,0	10695	0	127	162914	102561	69655	135376,135771,137569,141785,137009,135184,135184	1	6	25596,30874,56923,108029,37260,85,0	22	12927
167268	213	371	533	69	56	10	5	6	7319	913	1983	643	1982	16	23	534	126	1131	0,0,1,93,4,0	10603	0	122	162943	102655	69655	135219,135615,137418,141704,136946,135093,135092	1	9	25596,30874,56923,108029,37373,92,0	19	12904
167712	194	333	495	67	45	9	8	4	6979	913	1987	616	1875	8	23	492	123	1028	0,0,1,93,4,0	10644	0	104	162966	102740	69655	135044,135442,137250,141610,136871,134985,134985	1	6	25596,30874,56923,108031,37469,100,0	18	12885
168112	189	315	445	59	46	10	7	4	6653	914	1992	626	1928	4	20	445	119	952	0,0,1,93,4,0	19853	0	105	162997	102815	69655	134893,135292,137107,141530,136808,134894,134894	0	3	25596,30874,56923,108034,37560,106,0	22	12860
168505	175	259	420	50	45	8	7	3	6361	914	1999	637	1946	7	17	399	94	870	0,0,1,92,6,0	19636	0	81	163009	102889	69655	134735,135136,136955,141436,136733,134791,134790	0	14	25596,30874,56923,108034,37630,119,0	20	12849
168925	143	250	376	37	37	7	8	3	6044	914	2002	643	2029	6	17	366	85	773	0,0,1,91,6,0	10377	0	73	163024	102949	69655	134560,134962,136787,141335,136646,134677,134676	0	6	25596,30874,56923,108035,37696,124,0	16	12836
169282	124	238	339	27	32	8	5	4	5768	915	2004	666	1908	5	16	334	74	699	0,0,1,91,6,0	10514	0	71	163040	103006	69655	134404,134807,136638,141238,136566,134571,134570	0	2	25596,30874,56923,108035,37759,131,0	13	12824
169637	121	205	316	24	28	9	4	5	5470	917	2010	657	1819	3	9	295	65	642	0,0,1,90,8,0	10331	0	59	163048	103060	69655	134251,134655,136489,141133,136475,134456,134455	0	2	25596,30874,56923,108035,37807,140,0	12	12816
169985	118	179	301	24	28	8	3	6	5163	917	2014	672	1964	9	10	252	61	600	0,0,1,89,9,0	10419	0	65	163066	103115	69655	134098,134503,136343,141037,136395,134351,134350	0	7	25596,30874,56923,108035,37865,154,0	12	12800
170311	127	163	267	26	22	5	4	6	4882	917	2016	665	1761	4	7	225	54	560	0,0,0,88,10,0	10400	0	62	163085	103164	69655	133944,134350,136194,140942,136314,134246,134245	0	5	25596,30874,56923,108035,37918,164,0	10	12785
170614	103	174	221	26	26	6	4	6	4630	917	2019	663	1851	5	9	196	52	508	0,0,0,86,12,0	19646	0	47	163100	103201	69655	133809,134214,136064,140850,136235,134147,134145	0	4	25596,30874,56923,108035,37955,177,0	11	12772
170958	87	166	199	19	24	4	3	6	4342	917	2021	658	1892	3	12	185	46	456	0,0,0,83,15,0	19736	0	33	163110	103232	69655	133663,134068,135923,140749,136145,134036,134034	0	2	25596,30874,56923,108035,37978,193,0	11	12763
171235	78	143	182	19	27	6	1	8	4107	917	2023	656	1895	5	7	161	37	419	0,0,0,82,17,0	10397	0	40	163115	103270	69655	133519,133924,135783,140640,136048,133921,133919	0	3	25596,30874,56923,108035,38006,202,0	7	12759
171445	106	142	168	20	19	6	1	7	3888	917	2027	669	1954	7	11	146	40	422	0,0,0,79,19,0	10185	0	82	163137	103333	69655	133391,133796,135659,140562,135982,133837,133835	0	6	25596,30874,56923,108035,38065,226,0	9	12741
171660	126	138	162	16	10	5	0	8	3672	917	2032	686	1858	7	8	137	31	426	0,0,0,77,22,0	10149	0	77	163149	103404	69655	133267,133674,135537,140479,135910,133749,133746	0	6	25596,30874,56923,108035,38120,250,0	6	12730
171908	113	160	152	13	11	4	1	8	3422	917	2037	653	1992	5	4	123	29	425	0,0,0,76,23,0	10156	0	55	163160	103452	69655	133134,133542,135407,140387,135828,133650,133646	0	2	25596,30874,56923,108035,38159,269,0	6	12724
172119	119	172	153	15	10	3	1	7	3190	917	2040	661	1751	2	6	114	24	449	0,0,0,72,27,0	10287	0	79	163177	103522	69655	133009,133419,135286,140303,135756,133560,133556	0	6	25596,30874,56923,108035,38205,305,0	7	12709
172295	127	179	155	17	10	3	1	5	2995	917	2042	654	1742	5	5	109	24	468	0,0,0,68,31,0	19630	0	67	163192	103578	69655	132901,133310,135180,140229,135692,133482,133478	0	5	25596,30874,56923,108035,38239,340,0	9	12699
172470	120	200	168	16	14	3	1	4	2790	917	2043	682	1842	8	4	103	25	497	0,0,0,65,34,0	19515	0	78	163206	103648	69655	132786,133196,135069,140152,135626,133402,133397	0	4	25596,30874,56923,108035,38287,373,0	5	12690
172618	150	209	165	22	16	3	1	4	2595	917	2046	697	1843	7	6	100	34	532	0,0,0,63,36,0	10173	0	107	163228	103738	69655	132679,133090,134964,140082,135568,133328,133323	0	10	25596,30874,56923,108035,38350,420,0	6	12670
172739	161	208	178	23	14	3	0	4	2447	918	2051	687	1831	4	8	103	38	549	0,0,0,61,38,0	10120	0	88	163245	103812	69655	132577,132988,134863,140008,135504,133253,133247	0	6	25596,30874,56923,108035,38392,466,0	4	12660
172840	171	212	200	24	21	3	1	4	2297	918	2055	689	1925	6	10	105	42	590	0,0,0,57,42,0	10060	0	101	163257	103906	69655	132469,132881,134757,139940,135443,133182,133176	0	2	25596,30874,56923,108035,38432,527,0	3	12651
172934	161	241	209	15	21	4	1	3	2179	918	2060	696	1776	8	13	115	47	605	0,0,0,55,44,0	10132	0	96	163276	103987	69655	132373,132786,134662,139876,135388,133118,133111	0	6	25596,30874,56923,108035,38478,579,0	6	12636
172988	189	243	225	18	21	4	1	3	2074	918	2062	694	1806	4	5	109	49	652	0,0,0,54,45,0	10197	0	124	163298	104092	69655	132285,132698,134574,139824,135344,133064,133057	0	9	25596,30874,56923,108035,38535,645,0	6	12618
173051	184	247	229	16	19	4	2	3	2007	918	2066	679	1775	8	6	106	40	661	0,0,0,52,47,0	19485	0	94	163317	104170	69655	132199,132612,134489,139766,135295,133006,132999	0	5	25596,30874,56923,108035,38581,693,0	5	12606
173097	166	292	216	17	21	3	2	3	1939	918	2072	690	1918	4	11	115	41	676	0,0,0,50,49,0	19669	0	107	163335	104261	69655	132114,132526,134404,139711,135247,132952,132944	0	7	25596,30874,56923,108035,38624,755,0	7	12591
173121	205	282	238	22	29	3	2	3	1848	918	2075	691	1957	12	11	118	46	735	0,0,0,47,52,0	10319	0	139	163372	104370	69655	132029,132442,134321,139669,135214,132909,132901	0	13	25596,30874,56923,108035,38674,845,0	9	12557
