S	E	I1	I2	I3	I4	I5_h	I6_h	R_h	R	D1	D2	H	T	P1	P2	Q	QT	NQ	MUT	HOM	VAC	NI	INF	REINF	BSTR	IMM	HCI	HCE	INFV	INFH	VNI
178102	123	103	63	47	48	6	2	0	252	0	0	225	0	0	0	60	60	332	0,0,0,0,0,0	178746	0	0	392	0	0	644,644,644,644,644,644,644	0	0	0,0,0,0,0,0,0	0	0
178041	102	163	63	40	47	6	2	0	277	0	5	361	321	0	79	154	69	354	0,0,0,0,0,0	12467	0	66	460	0	0	705,705,705,705,705,705,705	0	4	68,0,0,0,0,0,0	9	0
177978	113	183	69	41	44	5	2	0	305	0	6	440	253	0	16	326	75	382	0,0,0,0,0,0	12794	0	79	539	0	0	769,769,769,769,769,769,769	0	5	147,0,0,0,0,0,0	10	0
177916	124	197	77	48	44	6	2	0	325	0	7	493	274	0	16	662	89	409	0,0,0,0,0,0	12852	0	77	617	0	0	834,834,834,834,834,834,834	0	8	225,0,0,0,0,0,0	10	0
177854	126	220	83	51	42	7	5	0	347	0	11	524	307	0	15	721	118	416	0,0,0,0,0,0	25019	0	71	688	0	0	899,899,899,899,899,899,899	0	4	296,0,0,0,0,0,0	12	0
177785	141	215	101	56	41	9	6	0	378	0	14	584	93	2	12	794	126	443	0,0,0,0,0,0	25388	0	83	772	0	0	972,972,972,972,972,972,972	0	1	380,0,0,0,0,0,0	16	0
177729	145	218	112	66	47	10	5	0	398	1	15	618	92	1	18	912	158	445	0,0,0,0,0,0	13577	0	79	851	0	0	1034,1034,1034,1034,1034,1034,1034	0	6	459,0,0,0,0,0,0	19	0
177668	130	241	134	72	49	11	6	0	417	1	17	637	276	0	18	1046	185	458	0,0,0,0,0,0	13747	0	80	931	0	0	1102,1102,1102,1101,1101,1101,1101	0	9	539,0,0,0,0,0,0	21	0
177591	136	262	136	84	61	11	6	0	439	1	19	684	247	0	20	1150	223	473	0,0,0,0,0,0	13873	0	100	1031	0	0	1188,1187,1187,1185,1185,1185,1185	0	10	639,0,0,0,0,0,0	24	0
177524	148	264	141	91	70	13	9	0	462	1	23	688	141	0	23	1283	251	485	0,0,0,0,0,0	14014	0	97	1125	3	0	1264,1263,1263,1259,1259,1259,1259	0	6	735,0,0,0,0,0,0	28	0
177430	174	271	152	90	78	18	8	0	495	2	28	721	86	0	28	1565	270	521	0,0,0,0,0,0	14366	0	118	1241	6	0	1368,1366,1366,1360,1360,1360,1360	0	11	854,0,0,0,0,0,0	42	0
177344	164	302	151	92	79	19	7	1	549	3	35	683	277	2	26	1536	281	533	0,0,0,0,0,0	26441	0	103	1343	7	0	1467,1464,1464,1455,1455,1455,1455	1	13	957,0,0,0,0,0,0	49	0
177290	159	303	166	94	78	21	6	1	589	4	35	700	250	0	27	1665	278	549	0,0,0,0,0,0	26311	0	85	1426	9	0	1538,1534,1534,1520,1520,1520,1520	1	5	1042,0,0,0,0,0,0	47	0
177229	147	308	177	97	86	21	5	1	631	5	39	707	335	0	27	1893	278	563	0,0,0,0,0,0	14760	0	96	1521	10	0	1618,1613,1613,1594,1594,1594,1594	1	8	1138,0,0,0,0,0,0	42	0
177150	143	328	191	94	76	21	8	1	685	5	44	737	298	0	31	2282	288	573	0,0,0,0,0,0	15116	0	107	1629	10	0	1716,1709,1709,1685,1685,1685,1685	1	8	1246,0,0,0,0,0,0	45	0
177053	159	338	195	98	78	24	9	1	738	5	48	725	252	0	33	2436	297	604	0,0,0,0,0,0	15292	0	125	1754	12	0	1831,1823,1823,1793,1793,1793,1793	1	14	1372,0,0,0,0,0,0	51	0
176960	169	361	199	94	77	25	9	1	789	6	56	747	291	4	23	2551	303	631	0,0,0,0,0,0	15663	0	120	1874	12	0	1949,1939,1939,1903,1903,1903,1903	1	15	1492,0,0,0,0,0,0	56	0
176859	200	352	209	103	87	27	9	2	829	6	63	749	308	1	27	2757	308	679	0,0,0,0,0,0	15645	0	136	2010	13	0	2079,2066,2066,2021,2021,2021,2021	1	12	1628,0,0,0,0,0,0	63	0
176776	191	363	224	107	91	24	13	2	882	6	67	735	146	1	33	2778	331	682	0,0,0,0,0,0	27384	0	116	2125	15	0	2190,2175,2175,2121,2121,2121,2121	1	9	1745,0,0,0,0,0,0	64	0
176699	203	352	239	92	104	25	11	2	935	8	76	729	254	1	39	2941	346	680	0,0,0,0,0,0	27482	0	122	2247	17	0	2306,2287,2287,2221,2221,2221,2221	1	6	1868,0,0,0,0,0,0	70	0
176605	207	384	235	87	107	25	12	2	994	8	80	687	266	1	37	2997	349	708	0,0,0,0,0,0	15949	0	138	2383	19	0	2439,2416,2416,2336,2336,2336,2336	1	17	2006,0,0,0,0,0,0	70	0
176519	213	398	240	88	100	22	14	3	1057	8	84	686	274	2	35	3132	358	717	0,0,0,0,0,0	16032	0	130	2513	19	0	2559,2533,2533,2443,2443,2443,2443	1	14	2136,0,0,0,0,0,0	69	0
176442	201	426	249	97	102	23	15	4	1088	8	91	670	262	1	26	3152	351	762	0,0,0,0,0,0	16144	0	139	2653	19	0	2688,2658,2658,2550,2550,2550,2550	1	20	2276,0,0,0,0,0,0	68	0
176361	203	449	246	99	105	26	16	4	1134	8	95	681	237	2	40	2686	343	801	0,0,0,0,0,0	16186	0	140	2793	19	0	2821,2786,2786,2659,2659,2659,2659	1	14	2416,0,0,0,0,0,0	74	0
176240	218	456	260	110	116	28	17	3	1189	8	101	679	286	3	49	2929	362	843	0,0,0,0,0,0	15886	0	176	2967	21	0	2990,2950,2950,2807,2807,2807,2807	2	21	2591,0,0,0,0,0,0	84	0
176157	222	452	274	117	120	29	17	3	1241	9	105	674	306	1	45	3222	402	829	0,0,0,0,0,0	27566	0	146	3112	23	0	3129,3083,3083,2920,2920,2920,2920	2	10	2738,0,0,0,0,0,0	86	0
176089	217	458	292	120	123	30	17	2	1276	10	112	678	257	1	44	3277	414	843	0,0,0,0,0,0	27862	0	139	3251	24	0	3264,3211,3211,3023,3023,3023,3023	2	16	2877,0,0,0,0,0,0	88	0
175978	241	462	320	115	117	31	17	2	1335	12	116	685	256	2	48	3659	425	878	0,0,0,0,0,0	16625	0	179	3429	26	0	3433,3375,3375,3166,3166,3166,3166	2	15	3056,0,0,0,0,0,0	76	0
175866	257	485	324	113	127	26	16	2	1393	15	122	675	308	1	48	3487	432	916	0,0,0,0,0,0	16704	0	180	3607	29	0	3602,3538,3538,3308,3308,3308,3308	2	22	3234,0,0,0,0,0,0	82	0
175783	265	517	296	119	134	29	14	2	1442	18	127	657	305	0	38	3613	434	940	0,0,0,0,0,0	16508	0	166	3773	30	0	3759,3688,3688,3431,3431,3431,3431	2	22	3400,0,0,0,0,0,0	74	0
175667	276	516	313	131	129	27	12	2	1518	20	135	657	252	2	44	3547	416	988	0,0,0,0,0,0	16430	0	182	3954	31	0	3940,3862,3862,3581,3581,3581,3581	2	14	3581,0,0,0,0,0,0	79	0
175549	294	562	300	136	130	26	9	3	1574	23	140	643	318	5	46	3381	440	1017	0,0,0,0,0,0	16473	0	210	4164	31	0	4141,4054,4054,3743,3743,3743,3743	2	24	3791,0,0,0,0,0,0	64	0
175490	288	540	329	160	144	27	9	2	1591	23	143	645	263	2	39	3422	463	1034	0,0,0,0,0,0	27772	0	154	4317	32	0	4287,4191,4191,3848,3848,3848,3848	2	11	3945,0,0,0,0,0,0	71	0
175436	261	563	326	162	125	27	15	2	1655	23	151	651	236	2	38	3495	441	1038	0,0,0,0,0,0	28087	0	158	4474	33	0	4433,4328,4328,3951,3951,3951,3951	2	16	4102,0,0,0,0,0,0	70	0
175338	268	581	336	154	140	24	16	2	1707	24	156	660	262	5	56	3292	456	1063	0,0,0,0,0,0	16571	0	187	4662	35	0	4612,4499,4499,4091,4091,4091,4091	2	16	4290,0,0,0,0,0,0	68	0
175216	319	587	344	153	153	25	17	2	1746	25	159	648	243	1	61	3259	479	1119	0,0,0,0,0,0	16099	0	229	4894	36	0	4835,4711,4711,4265,4265,4265,4265	2	21	4522,0,0,0,0,0,0	74	0
175084	337	606	357	170	155	26	16	3	1803	26	163	637	249	6	59	3315	519	1148	0,0,0,0,0,0	16289	0	218	5112	38	0	5045,4913,4913,4438,4438,4438,4438	2	27	4740,0,0,0,0,0,0	74	0
174988	339	621	379	183	142	28	17	4	1848	27	170	630	325	4	53	3683	528	1181	0,0,0,0,0,0	16382	0	223	5334	40	0	5257,5113,5113,4594,4594,4594,4594	3	27	4962,0,0,0,0,0,0	78	0
174814	357	680	405	190	143	27	18	4	1906	28	174	623	302	4	57	3696	566	1254	0,0,0,0,0,0	16602	0	264	5598	40	0	5513,5360,5360,4810,4810,4810,4810	3	22	5226,0,0,0,0,0,0	83	0
174717	352	709	415	185	163	30	19	4	1945	28	179	621	281	2	45	3701	558	1315	0,0,0,0,0,0	27981	0	233	5833	40	0	5738,5572,5572,4975,4975,4975,4975	3	18	5461,0,0,0,0,0,0	94	0
174618	343	727	428	184	174	32	20	5	2007	28	180	655	243	1	63	3939	592	1316	0,0,0,0,0,0	28199	0	216	6052	40	0	5947,5769,5769,5131,5131,5131,5131	3	17	5680,0,0,0,0,0,0	93	0
174469	364	739	444	184	172	40	18	5	2097	30	184	613	319	2	65	4403	602	1359	0,0,0,0,0,0	17354	0	261	6314	40	0	6201,6013,6013,5336,5336,5336,5336	3	22	5942,0,0,0,0,0,0	94	0
174359	374	767	424	198	195	43	14	5	2145	34	188	580	259	3	68	4432	645	1370	0,0,0,0,0,0	17412	0	245	6556	44	0	6432,6231,6231,5507,5507,5507,5507	3	23	6184,0,0,0,0,0,0	98	0
174185	404	813	441	222	203	49	13	6	2184	36	190	591	269	3	55	4564	680	1465	0,0,0,0,0,0	17349	0	314	6872	44	0	6737,6522,6522,5748,5748,5748,5748	3	27	6500,0,0,0,0,0,0	90	0
174034	428	841	467	227	212	48	16	4	2237	37	195	587	237	2	59	4583	690	1549	0,0,0,0,0,0	17360	0	289	7161	46	0	7019,6790,6790,5966,5966,5966,5966	3	30	6789,0,0,0,0,0,0	86	0
173916	406	846	513	223	224	52	22	3	2304	37	200	569	242	5	69	4723	726	1560	0,0,0,0,0,0	17456	0	251	7412	46	0	7264,7022,7022,6149,6149,6149,6149	3	23	7040,0,0,0,0,0,0	92	0
173810	416	811	542	233	228	55	23	3	2385	38	202	604	246	2	68	4600	735	1573	0,0,0,0,0,0	28877	0	248	7659	47	0	7502,7246,7246,6322,6322,6322,6322	3	16	7287,0,0,0,0,0,0	112	0
173703	409	814	528	253	240	64	22	4	2463	39	207	596	233	1	81	4974	769	1561	0,0,0,0,0,0	29350	0	246	7907	49	0	7744,7474,7474,6498,6498,6498,6498	3	19	7535,0,0,0,0,0,0	121	0
173522	432	837	535	237	257	67	24	6	2578	41	210	542	335	4	93	5246	811	1578	0,0,0,0,0,0	18507	0	306	8213	50	0	8045,7762,7762,6739,6739,6739,6739	3	29	7841,0,0,0,0,0,0	122	0
173401	412	881	519	239	257	66	29	6	2683	41	212	538	323	4	71	5679	819	1584	0,0,0,0,0,0	18256	0	270	8483	51	0	8305,8007,8007,6929,6929,6929,6929	3	26	8111,0,0,0,0,0,0	130	0
173233	442	888	564	250	259	68	30	5	2749	43	215	530	261	5	89	5877	858	1643	0,0,0,0,0,0	34076	0	319	8801	53	0	8615,8302,8302,7168,7168,7168,7168	3	33	8429,0,0,0,0,0,0	133	0
173139	428	889	598	253	259	70	30	6	2807	46	221	509	274	5	84	6052	859	1668	0,0,0,0,0,0	34011	0	263	9066	55	0	8872,8541,8541,7345,7345,7345,7345	3	25	8694,0,0,0,0,0,0	129	0
173012	441	925	593	247	252	66	30	6	2901	49	224	522	275	7	67	6269	866	1688	0,0,0,0,0,0	34495	0	314	9377	62	0	9173,8824,8824,7559,7559,7559,7559	4	35	9005,0,0,0,0,0,0	118	0
172928	429	909	577	255	253	75	31	7	3007	50	225	489	251	3	58	6358	827	1702	0,0,0,0,0,0	47418	0	262	9640	64	0	9424,9057,9057,7728,7728,7728,7728	4	22	9268,0,0,0,0,0,0	126	0
172845	424	895	587	265	251	77	36	7	3082	51	226	496	255	1	79	6315	850	1685	0,0,0,0,0,0	46995	0	273	9911	67	0	9684,9298,9298,7900,7900,7900,7900	4	18	9539,0,0,0,0,0,0	129	0
172736	431	899	593	255	277	86	37	6	3147	52	227	457	277	5	98	6365	923	1655	0,0,0,0,0,0	34461	0	298	10210	69	0	9970,9565,9565,8097,8097,8097,8097	4	30	9838,0,0,0,0,0,0	149	0
172660	438	906	562	255	268	86	39	6	3240	55	231	434	287	3	88	6379	898	1656	0,0,0,0,0,0	34768	0	274	10486	70	0	10234,9809,9809,8267,8267,8267,8267	4	29	10114,0,0,0,0,0,0	148	0
172604	408	932	581	251	260	87	49	7	3276	57	234	421	260	3	78	6355	890	1678	0,0,0,0,0,0	34537	0	265	10752	71	0	10488,10042,10042,8422,8422,8422,8422	4	30	10380,0,0,0,0,0,0	142	0
172558	404	907	570	250	267	86	53	8	3345	58	240	434	269	6	93	6153	881	1656	0,0,0,0,0,0	34282	0	254	11006	72	0	10734,10266,10266,8568,8568,8568,8568	4	28	10634,0,0,0,0,0,0	150	0
172434	409	920	593	250	258	85	49	10	3434	62	242	424	251	4	76	6249	876	1688	0,0,0,0,0,0	34288	0	292	11294	78	0	11013,10528,10528,8768,8768,8768,8768	4	30	10923,0,0,0,0,0,0	153	0
172403	390	897	607	257	264	89	51	11	3469	63	245	457	248	3	68	5946	865	1690	0,0,0,0,0,0	46809	0	241	11535	81	0	11242,10736,10736,8898,8898,8898,8898	4	14	11164,0,0,0,0,0,0	146	0
172380	398	849	632	271	258	89	46	13	3495	67	248	433	244	5	72	5558	881	1662	0,0,0,0,0,0	46789	0	257	11789	85	0	11483,10954,10954,9031,9031,9031,9031	4	21	11418,0,0,0,0,0,0	152	0
172282	418	868	623	267	259	87	51	10	3557	69	255	424	253	3	81	5701	904	1669	0,0,0,0,0,0	33603	0	309	12097	88	0	11783,11232,11232,9229,9229,9229,9229	4	37	11726,0,0,0,0,0,0	159	0
172228	409	850	631	276	280	87	49	10	3597	72	257	395	237	4	70	6077	896	1686	0,0,0,0,0,0	34002	0	258	12356	90	0	12027,11455,11455,9376,9376,9376,9376	4	23	11985,0,0,0,0,0,0	147	0
172188	409	841	629	258	279	87	48	12	3663	73	259	405	242	5	92	6265	923	1628	0,0,0,0,0,0	33919	0	264	12614	97	0	12271,11678,11678,9518,9518,9518,9518	4	26	12243,0,0,0,0,0,0	152	0
172139	406	842	612	250	284	90	51	13	3722	74	263	395	306	2	90	5886	903	1632	0,0,0,0,0,0	33916	0	277	12892	98	0	12537,11921,11921,9674,9674,9674,9674	4	29	12521,0,0,0,0,0,0	158	0
172059	428	831	576	251	283	94	57	11	3814	76	266	394	325	5	83	5985	931	1589	0,0,0,0,0,0	34137	0	277	13170	100	0	12804,12167,12167,9846,9846,9846,9846	4	24	12799,0,0,0,0,0,0	157	0
172040	415	814	572	245	304	90	56	13	3850	80	267	386	248	3	78	5679	916	1580	0,0,0,0,0,0	46864	0	240	13411	102	0	13030,12371,12371,9968,9968,9968,9968	4	26	13040,0,0,0,0,0,0	174	0
172057	362	822	559	243	301	93	57	15	3885	82	270	406	273	0	71	5707	894	1543	0,0,0,0,0,0	46571	0	214	13627	104	0	13233,12551,12551,10060,10060,10060,10060	4	13	13256,0,0,0,0,0,0	168	0
172067	373	806	576	242	269	89	54	15	3895	87	273	403	271	1	75	6230	877	1532	0,0,0,0,0,0	34208	0	258	13881	109	0	13472,12763,12763,10174,10174,10174,10174	4	29	13510,0,0,0,0,0,0	169	0
172069	346	820	556	239	263	85	48	14	3937	95	274	401	307	5	79	6402	862	1495	0,0,0,0,0,0	34323	0	235	14113	116	0	13685,12953,12953,10277,10277,10277,10277	4	23	13743,0,0,0,0,0,0	165	0
172075	359	834	547	222	254	88	43	13	3934	100	277	411	108	4	71	6337	836	1511	0,0,0,0,0,0	34365	0	253	14363	120	0	13920,13161,13161,10390,10390,10390,10390	4	36	13993,0,0,0,0,0,0	161	0
172099	366	777	556	244	254	90	37	15	3923	106	279	400	237	3	70	6141	821	1503	0,0,0,0,0,0	34344	0	225	14587	122	0	14126,13343,13343,10479,10479,10479,10479	4	25	14217,0,0,0,0,0,0	156	0
172112	362	776	554	248	239	86	34	17	3927	108	283	420	292	6	79	6238	818	1481	0,0,0,0,0,0	34236	0	234	14820	123	0	14345,13536,13536,10579,10579,10579,10579	4	25	14450,0,0,0,0,0,0	156	0
172191	325	791	528	258	213	83	34	18	3909	112	284	435	246	2	67	6041	797	1435	0,0,0,0,0,0	47091	0	194	15013	126	0	14519,13683,13683,10625,10625,10625,10625	4	19	14643,0,0,0,0,0,0	147	0
172201	346	757	521	251	224	87	36	16	3906	115	286	438	81	2	69	6092	796	1426	0,0,0,0,0,0	46867	0	242	15254	127	0	14744,13883,13883,10731,10731,10731,10731	4	23	14884,0,0,0,0,0,0	152	0
172231	350	753	520	252	232	86	35	16	3866	116	289	447	260	0	85	6274	824	1404	0,0,0,0,0,0	34229	0	224	15475	133	0	14948,14062,14062,10815,10815,10815,10815	4	24	15105,0,0,0,0,0,0	150	0
172275	352	748	520	249	207	87	32	16	3849	119	292	448	235	5	70	6225	795	1400	0,0,0,0,0,0	34755	0	222	15693	139	0	15149,14236,14236,10890,10890,10890,10890	4	26	15325,0,0,0,0,0,0	144	0
172295	353	732	515	236	211	81	29	15	3861	123	295	464	250	2	66	5857	794	1363	0,0,0,0,0,0	34389	0	213	15905	142	0	15346,14409,14409,10975,10975,10975,10975	4	20	15537,0,0,0,0,0,0	137	0
172331	348	755	498	227	220	78	29	13	3824	126	297	463	258	7	75	5988	804	1351	0,0,0,0,0,0	33868	0	235	16140	143	0	15563,14599,14599,11062,11062,11062,11062	4	18	15773,0,0,0,0,0,0	134	0
172367	348	731	490	222	222	79	29	12	3818	129	299	463	278	6	64	5813	793	1328	0,0,0,0,0,0	34144	0	201	16341	144	0	15747,14759,14759,11132,11132,11132,11132	4	20	15974,0,0,0,0,0,0	131	0
172422	321	720	484	223	228	77	31	13	3797	129	301	464	254	3	59	5829	794	1290	0,0,0,0,0,0	46984	0	181	16518	148	0	15909,14897,14897,11182,11182,11182,11182	4	15	16152,0,0,0,0,0,0	131	0
172482	297	700	489	216	210	70	31	10	3805	132	304	475	253	0	67	6206	782	1231	0,0,0,0,0,0	47014	0	174	16693	150	0	16069,15034,15034,11229,11229,11229,11229	3	13	16327,0,0,0,0,0,0	121	0
172494	306	713	478	197	213	74	27	10	3791	136	307	462	256	2	60	6029	729	1279	0,0,0,0,0,0	34178	0	216	16908	154	0	16268,15210,15210,11319,11319,11319,11319	3	28	16542,0,0,0,0,0,0	123	0
172576	305	652	488	189	229	77	25	10	3746	139	310	460	231	1	55	5699	719	1246	0,0,0,0,0,0	33754	0	178	17084	158	0	16424,15340,15340,11350,11350,11350,11350	3	15	16719,0,0,0,0,0,0	120	0
172603	303	647	478	201	213	76	20	12	3736	141	316	470	305	4	72	5687	711	1227	0,0,0,0,0,0	33673	0	200	17282	161	0	16607,15500,15500,11424,11424,11424,11424	3	25	16917,0,0,0,0,0,0	125	0
172660	325	639	441	204	210	77	15	14	3699	145	317	461	238	5	53	5305	675	1236	0,0,0,0,0,0	33480	0	201	17479	167	0	16785,15653,15653,11480,11480,11480,11480	3	26	17114,0,0,0,0,0,0	115	0
172747	297	639	437	213	215	73	17	11	3632	145	320	462	316	3	63	5071	661	1230	0,0,0,0,0,0	33261	0	182	17657	172	0	16945,15786,15786,11511,11511,11511,11511	3	25	17292,0,0,0,0,0,0	118	0
172805	296	638	422	210	212	69	22	10	3591	145	326	446	281	2	62	5004	676	1193	0,0,0,0,0,0	46094	0	189	17843	176	0	17118,15934,15934,11564,11564,11564,11564	3	19	17479,0,0,0,0,0,0	123	0
172889	261	607	419	220	188	69	23	8	3589	146	327	453	250	3	64	4846	650	1137	0,0,0,0,0,0	46185	0	140	17982	177	0	17240,16034,16034,11579,11579,11579,11579	3	16	17618,0,0,0,0,0,0	122	0
172934	277	604	427	215	176	70	24	8	3534	147	330	444	91	0	49	4891	636	1157	0,0,0,0,0,0	32751	0	185	18168	179	0	17410,16180,16180,11635,11635,11635,11635	3	17	17805,0,0,0,0,0,0	119	0
172952	289	601	419	206	185	73	27	7	3502	150	335	435	257	2	50	4505	638	1162	0,0,0,0,0,0	32890	0	195	18358	185	0	17584,16332,16332,11706,11706,11706,11706	3	24	17995,0,0,0,0,0,0	113	0
173013	275	612	404	208	182	70	31	8	3454	150	339	440	236	1	59	4447	644	1138	0,0,0,0,0,0	32493	0	176	18534	188	0	17743,16467,16467,11750,11750,11750,11750	3	18	18171,0,0,0,0,0,0	117	0
173118	261	600	406	197	166	70	33	8	3395	150	342	469	282	2	46	4677	615	1118	0,0,0,0,0,0	45584	0	147	18682	190	0	17873,16572,16572,11757,11757,11757,11757	3	9	18319,0,0,0,0,0,0	127	0
173169	260	579	405	205	177	66	33	8	3347	152	345	467	220	3	44	4651	615	1110	0,0,0,0,0,0	45826	0	170	18846	196	0	18021,16699,16699,11798,11798,11798,11798	3	11	18484,0,0,0,0,0,0	122	0
173266	247	558	394	191	172	64	33	9	3309	154	349	461	170	3	49	4503	602	1057	0,0,0,0,0,0	45802	0	142	18988	198	0	18147,16800,16800,11808,11808,11808,11808	3	10	18626,0,0,0,0,0,0	121	0
173348	233	540	379	180	183	66	33	11	3264	156	353	445	242	2	47	4485	581	1033	0,0,0,0,0,0	45505	24	145	19129	202	0	18272,16902,16902,11823,11823,11823,11823	3	16	18767,0,0,0,0,0,0	124	21
173407	239	528	366	178	158	63	33	11	3249	158	356	437	252	3	54	4493	577	988	0,0,0,0,0,0	32477	38	158	19286	203	0	18413,17021,17021,11857,11857,11857,11857	3	18	18924,0,0,0,0,0,0	113	59
173451	274	511	371	175	166	58	35	10	3179	159	357	435	257	3	50	4592	565	1025	0,0,0,0,0,0	32744	29	193	19474	209	0	18580,17165,17165,11912,11912,11912,11912	3	26	19112,0,0,0,0,0,0	128	83
173500	259	525	378	165	169	57	30	8	3129	164	362	444	238	1	56	4690	574	1009	0,0,0,0,0,0	32596	16	159	19631	211	0	18723,17287,17287,11951,11951,11951,11951	3	25	19269,0,0,0,0,0,0	124	97
173517	246	538	386	159	160	57	27	10	3114	168	364	447	238	2	51	4708	545	1028	0,0,0,0,0,0	32818	30	162	19790	214	0	18866,17412,17412,12006,12006,12006,12006	3	19	19428,0,0,0,0,0,0	113	122
173553	273	535	356	168	161	55	30	9	3070	168	368	432	268	3	47	4839	540	1038	0,0,0,0,0,0	33164	26	176	19962	219	0	19021,17547,17547,12058,12058,12058,12058	3	18	19600,0,0,0,0,0,0	114	146
173609	268	525	354	165	173	51	30	9	3023	170	369	428	305	1	47	4322	538	1028	0,0,0,0,0,0	39437	25	154	20115	221	0	19157,17661,17661,12091,12091,12091,12091	3	8	19753,0,0,0,0,0,0	104	168
173677	240	540	342	156	175	56	31	7	2978	172	372	423	246	3	50	4351	560	980	0,0,0,0,0,0	39109	153	150	20264	223	0	19296,17778,17778,12120,12120,12120,12120	3	13	19902,0,0,0,0,0,0	108	299
173727	237	516	333	160	180	52	32	8	2955	173	373	435	320	3	50	4193	553	957	0,0,0,0,0,0	27012	127	149	20413	224	0	19441,17904,17904,12160,12160,12160,12160	3	20	20051,0,0,0,0,0,0	105	410
173782	225	500	355	163	164	46	33	8	2920	175	375	425	152	3	52	4171	528	958	0,0,0,0,0,0	27205	122	147	20556	228	0	19575,18017,18017,12190,12190,12190,12190	3	25	20194,0,0,0,0,0,0	104	520
173829	224	497	367	164	161	44	34	7	2867	176	376	426	312	2	64	4061	569	922	0,0,0,0,0,0	27192	142	151	20701	234	0	19707,18131,18131,12224,12224,12224,12224	3	17	20339,0,0,0,0,0,0	103	642
173861	235	497	364	153	165	44	32	9	2830	178	378	449	240	2	44	3898	562	928	0,0,0,0,0,0	27127	140	163	20858	240	0	19857,18262,18262,12275,12275,12275,12275	3	21	20496,0,0,0,0,0,0	97	757
173915	237	464	358	153	168	47	32	7	2804	180	381	438	272	1	60	3710	566	893	0,0,0,0,0,0	26935	153	136	20996	240	0	19988,18373,18373,12305,12305,12305,12305	3	19	20634,0,0,0,0,0,0	110	886
173966	219	484	335	162	173	43	33	6	2760	181	384	437	272	1	38	3533	546	903	0,0,0,0,0,0	38292	150	142	21139	240	0	20124,18489,18489,12340,12340,12340,12340	3	10	20777,0,0,0,0,0,0	114	1015
174006	216	463	344	153	172	44	35	7	2735	183	388	429	261	1	52	3503	548	879	0,0,0,0,0,0	38588	179	134	21271	243	0	20293,18640,18640,12396,12396,12396,12396	3	15	20909,0,0,0,0,0,0	118	1164
174060	203	464	332	149	162	41	35	7	2711	185	397	452	246	0	59	3938	535	851	0,0,0,0,0,0	26626	167	136	21407	244	0	20459,18786,18786,12443,12443,12443,12443	3	19	21045,0,0,0,0,0,0	121	1306
174087	208	469	335	143	152	46	31	6	2682	188	399	452	268	3	37	3997	530	854	0,0,0,0,0,0	26903	146	156	21561	249	0	20636,18946,18946,12508,12508,12508,12508	2	16	21199,0,0,0,0,0,0	99	1425
174113	237	446	323	145	140	50	26	6	2666	192	402	441	100	0	45	4096	503	864	0,0,0,0,0,0	27103	143	143	21700	255	0	20804,19096,19096,12569,12569,12569,12569	2	14	21338,0,0,0,0,0,0	96	1543
174148	233	467	304	117	134	51	26	7	2659	193	407	427	245	0	43	4078	464	868	0,0,0,0,0,0	27046	174	134	21835	255	0	20967,19242,19242,12624,12624,12624,12624	2	14	21473,0,0,0,0,0,0	107	1693
174191	216	464	320	120	140	51	20	10	2609	197	408	440	317	3	29	3778	432	899	0,0,0,0,0,0	26895	156	132	21967	256	0	21131,19389,19389,12674,12674,12674,12674	2	8	21605,0,0,0,0,0,0	102	1826
174245	215	459	330	130	128	48	23	11	2549	197	411	477	275	3	39	3430	422	911	0,0,0,0,0,0	38452	175	137	22102	258	0	21299,19538,19538,12722,12722,12722,12722	2	7	21740,0,0,0,0,0,0	95	1966
174312	225	442	323	121	140	47	25	10	2489	199	413	441	312	3	45	3688	423	900	0,0,0,0,0,0	38454	61	135	22236	260	0	21472,19691,19691,12766,12766,12766,12766	2	12	21874,0,0,0,0,0,0	93	2014
174325	238	440	312	126	136	47	27	10	2471	200	414	445	318	1	45	3664	422	904	0,0,0,0,0,0	26463	64	145	22381	261	0	21654,19856,19856,12839,12839,12839,12839	2	16	22019,0,0,0,0,0,0	95	2070
174342	224	469	312	127	131	53	28	9	2430	203	418	437	243	1	41	3694	443	901	0,0,0,0,0,0	26681	75	145	22525	264	0	21825,20011,20011,12904,12904,12904,12904	2	16	22163,0,0,0,0,0,0	91	2130
174366	229	459	319	125	148	49	26	9	2389	206	421	433	262	2	48	3695	465	890	0,0,0,0,0,0	26719	64	155	22677	268	0	22005,20173,20173,12971,12971,12971,12971	2	23	22315,0,0,0,0,0,0	89	2180
174388	222	469	312	130	143	50	22	10	2367	209	424	418	266	2	44	3449	459	889	0,0,0,0,0,0	26260	56	146	22822	269	0	22192,20343,20343,13042,13042,13042,13042	2	12	22460,0,0,0,0,0,0	89	2229
174409	219	477	298	132	132	55	23	10	2357	209	425	449	264	0	49	3548	454	882	0,0,0,0,0,0	26779	69	141	22963	271	0	22364,20499,20499,13105,13105,13105,13105	2	14	22601,0,0,0,0,0,0	94	2280
174405	225	465	306	139	134	51	24	8	2349	210	430	442	255	2	48	3624	481	863	0,0,0,0,0,0	38349	70	150	23110	274	0	22549,20670,20670,13189,13189,13189,13189	2	12	22748,0,0,0,0,0,0	105	2337
174443	214	445	315	140	126	54	25	8	2330	211	435	441	317	3	40	3664	466	853	0,0,0,0,0,0	38417	182	115	23224	277	0	22675,20779,20779,13221,13221,13221,13221	2	15	22862,0,0,0,0,0,0	95	2482
174463	209	460	286	139	138	52	25	10	2317	211	436	418	251	3	45	3826	481	828	0,0,0,0,0,0	26577	181	140	23361	281	0	22826,20915,20915,13273,13273,13273,13273	2	20	23000,0,0,0,0,0,0	96	2621
174494	190	472	294	131	133	50	22	10	2298	214	438	432	263	5	44	3787	475	817	0,0,0,0,0,0	26659	211	119	23480	282	0	22956,21030,21030,13309,13309,13309,13309	2	12	23119,0,0,0,0,0,0	86	2792
174523	196	461	288	133	153	48	25	10	2254	214	441	435	242	0	36	3877	467	837	0,0,0,0,0,0	26779	188	145	23625	283	0	23108,21164,21164,13358,13358,13358,13358	2	14	23264,0,0,0,0,0,0	86	2940
174533	204	450	291	127	154	50	24	12	2242	214	445	464	294	3	37	3520	453	847	0,0,0,0,0,0	26754	184	142	23766	285	0	23258,21300,21300,13415,13415,13415,13415	2	15	23405,0,0,0,0,0,0	90	3085
174562	232	440	297	126	137	51	25	10	2204	215	447	469	249	2	46	3856	472	836	0,0,0,0,0,0	26705	206	143	23908	286	0	23408,21432,21432,13461,13461,13461,13461	2	10	23547,0,0,0,0,0,0	98	3255
174594	194	439	305	115	144	51	24	14	2199	216	451	465	236	3	35	3621	471	801	0,0,0,0,0,0	38684	191	104	24011	287	0	23525,21536,21536,13492,13492,13492,13492	2	5	23650,0,0,0,0,0,0	93	3410
174633	161	429	321	110	136	48	24	13	2197	217	457	454	260	3	41	3634	460	769	0,0,0,0,0,0	38514	171	99	24109	288	0	23712,21710,21710,13554,13554,13554,13554	2	9	23748,0,0,0,0,0,0	86	3554
174668	169	414	310	111	124	41	23	12	2194	219	461	464	250	0	44	3466	451	741	0,0,0,0,0,0	26704	174	116	24225	288	0	23903,21886,21886,13618,13618,13618,13618	2	20	23864,0,0,0,0,0,0	80	3689
174633	205	414	298	111	132	41	24	10	2196	220	462	491	246	3	36	3463	416	809	3,0,0,0,0,0	26731	172	123	24385	291	0	24148,22118,22118,13743,13743,13743,13743	2	11	23986,39,0,0,0,0,0	76	3826
174590	238	447	287	101	130	40	25	9	2191	221	467	504	253	2	39	3428	422	846	8,0,0,0,0,0	26407	165	132	24566	296	0	24411,22369,22369,13883,13883,13883,13883	1	13	24106,102,0,0,0,0,0	76	3963
174571	256	449	272	108	139	41	22	9	2183	225	471	507	269	0	25	3361	375	912	12,0,0,0,0,0	26730	181	120	24725	299	0	24651,22595,22595,13999,13999,13999,13999	1	9	24208,162,0,0,0,0,0	69	4109
174532	280	486	269	121	133	44	21	9	2151	227	473	490	234	1	32	3158	376	978	16,0,0,0,0,0	26492	163	148	24909	304	0	24928,22859,22859,14144,14144,14144,14144	1	9	24321,235,0,0,0,0,0	77	4240
174485	282	519	275	132	136	40	17	7	2146	231	476	494	286	0	47	3068	392	1009	22,0,0,0,0,0	38093	173	146	25094	310	0	25203,23121,23121,14293,14293,14293,14293	1	5	24417,330,0,0,0,0,0	79	4388
174435	292	536	289	133	147	39	14	7	2140	234	480	496	267	2	45	2894	410	1040	27,0,0,0,0,0	37920	127	149	25274	313	0	25475,23381,23381,14440,14440,14440,14440	1	9	24506,423,0,0,0,0,0	76	4486
174437	270	531	298	139	174	35	13	6	2124	236	483	484	234	1	54	2878	436	1024	31,0,0,0,0,0	26027	119	148	25419	317	0	25707,23599,23599,14539,14539,14539,14539	1	8	24577,498,0,0,0,0,0	61	4580
174412	256	548	288	146	172	39	17	6	2137	236	489	511	312	2	56	3008	454	1012	34,0,0,0,0,0	26175	118	167	25582	321	0	25948,23828,23828,14659,14659,14659,14659	1	8	24661,579,0,0,0,0,0	61	4675
174356	268	578	279	148	178	42	15	5	2144	239	494	525	253	3	71	3322	489	1019	37,0,0,0,0,0	26258	141	204	25785	322	0	26228,24094,24093,14811,14811,14811,14811	1	17	24771,673,0,0,0,0,0	67	4774
174315	287	575	305	151	168	44	14	5	2145	241	496	534	87	0	60	3360	526	1018	41,0,0,0,0,0	26364	121	186	25965	329	0	26498,24351,24351,14951,14951,14951,14951	1	11	24851,778,0,0,0,0,0	70	4861
174268	284	576	329	165	189	42	14	5	2133	242	499	537	243	3	57	3794	553	1046	44,0,0,0,0,0	26838	121	203	26163	334	0	26771,24612,24611,15095,15095,15095,15095	1	23	24929,899,0,0,0,0,0	76	4942
174210	300	555	371	168	181	52	13	6	2145	243	502	518	305	3	44	3807	567	1073	46,0,0,0,0,0	38389	125	180	26345	336	0	27040,24873,24870,15247,15247,15247,15247	1	10	25009,1003,0,0,0,0,0	76	5039
174175	274	569	374	172	188	55	15	6	2169	245	504	524	293	1	57	3995	595	1052	49,0,0,0,0,0	38589	288	165	26507	339	0	27237,25059,25055,15347,15347,15347,15347	1	11	25071,1105,0,0,0,0,0	87	5261
174093	277	592	359	179	190	58	15	3	2227	246	507	513	226	2	59	4399	624	1046	51,0,0,0,0,0	27241	311	200	26702	344	0	27466,25278,25274,15484,15484,15484,15484	1	13	25148,1226,0,0,0,0,0	92	5485
174063	273	590	378	197	174	57	20	2	2237	246	509	510	247	2	43	4404	588	1101	53,0,0,0,0,0	27470	265	186	26883	349	0	27677,25478,25472,15588,15588,15588,15588	1	13	25213,1345,0,0,0,0,0	94	5685
173982	295	630	380	183	171	62	19	3	2259	248	514	516	309	2	75	4564	606	1134	55,0,0,0,0,0	27384	265	232	27108	357	0	27935,25727,25719,15740,15740,15740,15740	1	14	25296,1491,0,0,0,0,0	99	5877
173919	319	630	396	186	170	60	22	5	2275	248	516	506	83	2	48	4281	589	1194	57,0,0,0,0,0	27934	277	220	27319	367	0	28176,25958,25947,15875,15875,15875,15875	1	7	25364,1641,0,0,0,0,0	104	6081
173819	334	637	406	183	192	59	23	6	2319	250	518	504	264	1	49	4551	588	1246	60,0,0,0,0,0	27497	304	235	27546	375	0	28430,26205,26192,16036,16036,16036,16036	1	12	25431,1809,0,0,0,0,0	104	6284
173741	323	684	424	178	199	59	25	5	2335	251	522	520	233	5	47	4257	577	1315	62,0,0,0,0,0	39271	277	233	27776	378	0	28694,26459,26444,16190,16190,16190,16190	1	13	25498,1975,0,0,0,0,0	117	6471
173667	335	673	423	209	202	59	25	6	2370	252	525	512	251	3	63	3996	610	1316	64,0,0,0,0,0	38807	605	217	27985	386	0	29016,26775,26756,16374,16374,16374,16374	1	16	25551,2136,0,0,0,0,0	127	6839
173572	351	692	436	206	209	60	23	4	2413	254	526	519	256	7	63	4306	610	1367	66,0,0,0,0,0	27549	617	252	28237	389	0	29376,27129,27107,16587,16587,16587,16587	1	12	25610,2331,0,0,0,0,0	116	7280
173449	388	719	451	202	209	65	23	4	2454	255	527	507	254	2	67	4640	639	1418	69,0,0,0,0,0	27599	598	282	28515	394	0	29761,27510,27482,16826,16826,16826,16826	1	20	25668,2555,0,0,0,0,0	119	7801
173324	416	791	457	193	205	70	23	5	2475	256	531	521	237	5	72	4811	695	1460	70,0,0,0,0,0	27678	607	288	28794	406	0	30137,27882,27850,17063,17063,17063,17063	1	16	25733,2777,0,0,0,0,0	117	8340
173181	462	813	470	198	236	75	28	4	2486	257	536	515	256	5	63	4877	715	1567	72,0,0,0,0,0	27798	615	311	29097	418	0	30537,28277,28240,17321,17321,17321,17321	1	22	25790,3030,0,0,0,0,0	134	8876
172993	505	868	478	220	246	76	28	3	2528	260	541	518	252	4	82	5449	781	1640	75,0,0,0,0,0	28171	622	345	29433	428	0	30974,28713,28670,17619,17619,17619,17619	2	34	25839,3322,0,0,0,0,0	144	9415
172875	481	894	508	229	253	76	28	2	2592	263	545	545	227	6	66	5217	820	1649	76,0,0,0,0,0	39689	575	287	29712	437	0	31353,29089,29040,17855,17855,17855,17855	2	15	25890,3557,0,0,0,0,0	150	9928
172718	452	937	541	253	263	77	26	5	2660	265	549	535	248	3	88	5496	861	1688	77,0,0,0,0,0	39943	792	317	30013	454	0	31811,29549,29492,18146,18146,18146,18146	2	20	25950,3813,0,0,0,0,0	157	10636
172470	512	1001	566	242	280	74	30	5	2747	266	553	543	237	2	96	5514	910	1795	78,0,0,0,0,0	28808	792	406	30407	467	0	32386,30121,30058,18540,18540,18540,18540	2	29	26015,4153,0,0,0,0,0	155	11319
172265	542	1030	580	267	314	76	29	6	2811	269	557	549	252	5	95	6074	960	1878	80,0,0,0,0,0	28625	789	380	30776	481	0	32963,30697,30627,18914,18914,18914,18914	2	28	26068,4475,0,0,0,0,0	148	12010
172030	569	1102	622	273	308	74	29	6	2904	269	560	515	272	4	77	6044	965	2012	81,0,0,0,0,0	29265	816	402	31165	497	0	33569,31305,31227,19318,19318,19318,19318	2	23	26129,4817,0,0,0,0,0	150	12713
171713	607	1242	617	268	314	71	32	6	3038	270	568	512	335	11	99	6307	1015	2136	82,0,0,0,0,0	29283	846	468	31614	519	0	34242,31982,31896,19798,19798,19798,19798	2	29	26180,5233,0,0,0,0,0	146	13447
171471	659	1253	660	300	344	73	33	7	3103	271	572	509	262	6	104	6396	1081	2241	83,0,0,0,0,0	29653	809	440	32045	533	0	34888,32629,32533,20226,20226,20226,20226	2	21	26227,5629,0,0,0,0,0	149	14153
171270	651	1285	697	318	340	72	39	8	3219	273	574	499	239	7	91	6667	1099	2303	84,0,0,0,0,0	41063	821	386	32416	554	0	35463,33209,33103,20599,20599,20599,20599	2	13	26273,5967,0,0,0,0,0	154	14859
171045	627	1296	772	345	366	79	39	7	3321	274	575	520	320	8	97	6404	1142	2382	85,0,0,0,0,0	40841	863	411	32816	570	0	36124,33875,33758,21027,21027,21027,21027	2	23	26314,6341,0,0,0,0,0	172	15607
170813	661	1321	808	350	390	79	43	7	3416	278	580	495	275	7	130	7008	1233	2419	86,0,0,0,0,0	46281	922	457	33260	585	0	36817,34571,34442,21471,21471,21471,21471	2	25	26366,6742,0,0,0,0,0	156	16381
170564	690	1365	808	354	404	77	40	10	3571	280	583	483	237	9	111	7268	1295	2443	86,0,0,0,0,0	46503	848	459	33698	608	0	37501,35262,35121,21919,21919,21919,21919	2	36	26406,7157,0,0,0,0,0	160	17096
170283	713	1425	834	368	413	86	39	9	3702	287	587	490	344	8	110	7878	1326	2552	87,0,0,0,0,0	47044	901	484	34158	636	0	38221,35990,35836,22403,22403,22403,22403	2	28	26442,7603,0,0,0,0,0	157	17854
170048	685	1456	889	382	410	89	43	9	3857	288	590	511	276	4	144	8328	1382	2572	88,0,0,0,0,0	47527	919	441	34584	653	0	38906,36684,36517,22847,22847,22847,22847	3	23	26471,8009,0,0,0,0,0	172	18644
169861	669	1443	884	398	434	99	49	8	4017	290	594	514	253	5	109	8073	1350	2626	88,0,0,0,0,0	47580	880	428	34997	673	0	39562,37354,37169,23256,23256,23256,23256	2	26	26505,8403,0,0,0,0,0	185	19372
169740	654	1371	871	428	451	96	51	9	4185	294	596	522	263	4	147	8161	1400	2522	89,0,0,0,0,0	71220	848	369	35352	690	0	40165,37969,37767,23605,23605,23605,23605	2	20	26540,8734,0,0,0,0,0	192	20090
169647	616	1344	863	419	465	99	50	9	4341	296	597	489	300	8	120	8801	1395	2461	89,0,0,0,0,0	71448	631	345	35689	703	0	40802,38620,38400,23958,23958,23958,23958	2	20	26571,9051,0,0,0,0,0	215	20592
169451	615	1373	889	443	422	107	49	11	4485	300	601	476	301	6	151	8890	1457	2441	90,0,0,0,0,0	47769	655	455	36123	724	0	41552,39385,39147,24421,24421,24421,24421	2	30	26587,9484,0,0,0,0,0	211	21112
169276	645	1351	879	473	431	111	59	11	4605	301	604	437	243	6	128	9299	1449	2500	91,0,0,0,0,0	48044	606	451	36545	755	0	42255,40103,39847,24845,24845,24845,24845	2	21	26615,9901,0,0,0,0,0	213	21586
169101	644	1391	868	457	425	116	66	10	4758	303	607	447	265	7	153	9520	1481	2486	92,0,0,0,0,0	48588	648	452	36980	775	0	42983,40848,40572,25285,25285,25285,25285	2	22	26632,10333,0,0,0,0,0	215	22112
168980	662	1405	845	455	409	121	67	13	4873	306	610	443	309	6	135	9383	1442	2522	93,0,0,0,0,0	48433	642	440	37397	799	0	43706,41592,41293,25699,25699,25699,25699	2	24	26646,10759,0,0,0,0,0	231	22634
168866	641	1426	875	453	418	125	61	15	4940	312	614	440	231	5	135	9430	1429	2570	94,0,0,0,0,0	48720	608	442	37822	819	0	44416,42323,41999,26105,26105,26105,26105	2	20	26658,11187,0,0,0,0,0	242	23107
168819	619	1368	856	453	436	126	63	16	5058	314	618	441	251	7	128	8808	1426	2495	94,0,0,0,0,0	71821	669	353	38156	838	0	45022,42950,42603,26425,26425,26425,26425	2	16	26677,11512,0,0,0,0,0	252	23656
168831	545	1340	860	461	430	124	63	17	5137	318	620	446	252	6	134	8826	1412	2411	94,0,0,0,0,0	71712	901	327	38461	864	0	45583,43539,43168,26718,26718,26718,26718	2	15	26690,11825,0,0,0,0,0	244	24435
168714	565	1353	845	456	413	129	70	13	5245	320	623	438	344	8	144	8862	1401	2430	94,0,0,0,0,0	47693	875	434	38874	887	0	46276,44261,43864,27123,27123,27123,27123	2	33	26700,12250,0,0,0,0,0	243	25163
168569	646	1333	846	450	413	125	67	14	5333	324	626	421	333	8	117	8321	1399	2481	95,0,0,0,0,0	48182	929	460	39303	920	0	47004,45012,44591,27534,27534,27534,27534	2	24	26715,12685,0,0,0,0,0	242	25910
168469	640	1315	846	445	419	129	67	12	5447	330	627	424	237	6	117	8498	1352	2509	95,0,0,0,0,0	47716	853	406	39680	950	0	47705,45736,45290,27908,27908,27908,27908	2	16	26726,13074,0,0,0,0,0	226	26603
168393	649	1340	854	442	416	122	67	12	5490	333	628	417	245	5	140	7876	1369	2521	96,0,0,0,0,0	47271	854	423	40088	966	0	48424,46477,46006,28282,28282,28282,28282	2	25	26735,13484,0,0,0,0,0	232	27274
168264	661	1365	864	447	401	130	68	10	5563	338	635	401	248	8	119	7993	1347	2589	96,0,0,0,0,0	47199	938	442	40508	995	0	49144,47220,46724,28681,28681,28681,28681	2	23	26744,13914,0,0,0,0,0	226	28041
168303	605	1328	875	439	394	121	66	12	5622	342	639	390	261	5	124	7635	1279	2549	96,0,0,0,0,0	71105	874	320	40812	1017	0	49763,47866,47341,28951,28951,28951,28951	2	17	26756,14223,0,0,0,0,0	225	28746
168333	567	1306	852	434	400	125	70	11	5661	343	644	406	270	9	111	7412	1250	2504	96,0,0,0,0,0	70699	1087	334	41122	1043	0	50534,48665,48110,29295,29295,29295,29295	2	19	26764,14543,0,0,0,0,0	231	29632
168312	595	1224	839	439	402	127	73	10	5728	348	649	398	324	2	148	7415	1237	2462	96,0,0,0,0,0	46555	1052	380	41485	1062	0	51340,49498,48914,29678,29678,29678,29678	2	20	26772,14910,0,0,0,0,0	225	30476
168277	621	1229	835	412	402	125	67	10	5761	354	653	414	254	3	153	7474	1257	2434	97,0,0,0,0,0	46652	1050	394	41856	1088	0	52153,50344,49729,30073,30073,30073,30073	2	21	26779,15297,0,0,0,0,0	233	31288
168245	620	1252	816	394	402	138	60	9	5794	362	654	398	303	10	114	7721	1227	2455	97,0,0,0,0,0	46779	1069	396	42235	1106	0	52961,51182,50536,30467,30467,30467,30467	2	17	26786,15683,0,0,0,0,0	227	32112
168193	616	1283	826	378	395	135	60	9	5830	365	656	376	280	8	123	7775	1207	2486	97,0,0,0,0,0	46954	1069	411	42620	1133	0	53780,52033,51357,30874,30874,30874,30874	2	18	26790,16081,0,0,0,0,0	224	32982
168153	607	1279	826	411	390	132	63	8	5846	372	659	396	317	10	120	8055	1210	2498	97,0,0,0,0,0	46977	1074	382	42976	1160	0	54609,52890,52186,31276,31276,31276,31276	2	21	26795,16449,0,0,0,0,0	227	33819
168224	559	1206	839	399	389	130	66	8	5890	377	659	403	273	7	113	8023	1212	2376	97,0,0,0,0,0	70997	1070	278	43245	1176	0	55317,53626,52893,31569,31569,31569,31569	2	11	26797,16729,0,0,0,0,0	233	34649
168314	521	1177	840	398	380	129	61	8	5870	386	662	416	294	7	131	7830	1169	2337	98,0,0,0,0,0	70936	1335	307	43533	1195	0	56114,54456,53690,31891,31891,31891,31891	2	11	26802,17027,0,0,0,0,0	223	35682
168322	501	1150	804	395	381	134	61	8	5935	390	665	429	231	7	111	7791	1162	2264	97,0,0,0,0,0	46885	1390	330	43845	1216	0	56940,55314,54519,32265,32265,32265,32265	2	25	26807,17352,0,0,0,0,0	221	36728
168319	544	1111	782	404	386	130	58	10	5942	394	666	402	313	3	147	7692	1191	2224	98,0,0,0,0,0	46991	1409	381	44201	1244	0	57766,56173,55346,32643,32643,32643,32643	2	22	26813,17726,0,0,0,0,0	226	37813
168380	525	1086	756	381	398	129	57	12	5956	397	669	390	315	5	105	7767	1128	2204	98,0,0,0,0,0	47094	1435	311	44492	1264	0	58552,56990,56133,32970,32970,32970,32970	2	21	26817,18028,0,0,0,0,0	210	38918
168462	494	1105	749	363	374	122	51	19	5934	400	673	388	274	9	128	7652	1103	2155	98,0,0,0,0,0	38976	1429	307	44785	1281	0	59365,57837,56946,33298,33298,33298,33298	2	15	26823,18326,0,0,0,0,0	213	40033
168556	481	1104	720	353	380	115	52	19	5888	403	675	375	244	8	114	7519	1068	2137	98,0,0,0,0,0	38682	1322	310	45071	1307	0	60131,58639,57714,33602,33602,33602,33602	2	28	26825,18626,0,0,0,0,0	204	41026
168650	484	1036	747	341	359	115	49	20	5860	409	676	408	221	5	97	7214	1032	2099	98,0,0,0,0,0	40870	1428	274	45332	1323	0	60863,59406,58449,33890,33890,33890,33890	2	19	26830,18895,0,0,0,0,0	204	42115
168754	451	1027	730	316	333	112	47	21	5862	412	681	374	243	2	87	6475	947	2069	98,0,0,0,0,0	40765	1027	255	45568	1346	0	61596,60171,59183,34161,34161,34161,34161	2	12	26831,19149,0,0,0,0,0	196	42891
168829	464	1042	715	304	330	108	50	18	5785	416	685	388	236	5	99	6037	934	2079	98,0,0,0,0,0	37476	1075	315	45870	1361	0	62380,60993,59969,34473,34473,34473,34473	2	22	26833,19463,0,0,0,0,0	182	43662
168886	468	1004	722	318	326	105	48	18	5743	421	687	390	291	3	117	5851	928	2063	98,0,0,0,0,0	37196	1106	306	46166	1373	0	63163,61808,60753,34789,34789,34789,34789	2	14	26835,19765,0,0,0,0,0	181	44466
168963	482	1001	720	305	309	105	57	16	5680	421	687	384	277	8	100	5838	909	2070	98,0,0,0,0,0	36639	1150	308	46466	1385	0	63969,62648,61560,35109,35109,35109,35109	2	9	26836,20072,0,0,0,0,0	180	45249
169023	494	967	712	297	309	101	61	16	5653	424	689	412	254	2	95	5784	887	2054	98,0,0,0,0,0	36927	1066	300	46754	1399	0	64763,63476,62356,35428,35428,35428,35428	2	18	26837,20365,0,0,0,0,0	186	45995
169093	471	952	705	280	302	97	63	14	5650	428	691	431	292	9	97	5520	844	2026	98,0,0,0,0,0	37071	1113	286	47019	1420	0	65474,64218,63068,35702,35702,35702,35702	2	17	26838,20641,0,0,0,0,0	183	46758
169272	440	924	678	285	292	92	61	14	5564	432	692	422	256	2	86	5188	809	1963	98,0,0,0,0,0	39194	1121	236	47241	1436	0	66214,64993,63808,35939,35939,35939,35939	2	10	26839,20873,0,0,0,0,0	189	47536
169432	402	888	686	278	297	94	61	15	5463	434	696	403	226	6	74	4978	760	1946	98,0,0,0,0,0	39223	913	236	47465	1450	0	66894,65710,64489,36141,36141,36141,36141	1	6	26842,21104,0,0,0,0,0	181	48174
169524	405	887	674	283	318	92	59	18	5349	437	700	425	320	6	98	5164	775	1943	99,0,0,0,0,0	29727	928	296	47742	1470	0	67617,66467,65214,36398,36398,36398,36398	1	16	26844,21394,0,0,0,0,0	169	48778
169617	437	854	657	281	311	86	60	17	5286	438	702	441	285	1	103	5304	803	1883	99,0,0,0,0,0	30199	911	276	47997	1491	0	68340,67226,65941,36659,36659,36659,36659	1	18	26844,21666,0,0,0,0,0	170	49389
169711	410	852	664	283	281	82	55	15	5244	444	705	445	253	6	98	5347	794	1833	99,0,0,0,0,0	30062	878	247	48227	1510	0	69013,67931,66618,36893,36893,36893,36893	1	17	26844,21908,0,0,0,0,0	155	49981
169801	383	850	649	277	279	81	61	13	5199	446	707	470	335	8	82	5412	781	1799	99,0,0,0,0,0	30391	925	253	48466	1525	0	69678,68627,67285,37123,37123,37123,37123	1	20	26845,22155,0,0,0,0,0	157	50598
169912	373	816	658	273	258	83	59	9	5145	450	710	469	269	1	82	5512	778	1742	99,0,0,0,0,0	25060	892	230	48687	1538	0	70374,69356,67984,37356,37356,37356,37356	1	15	26846,22384,0,0,0,0,0	160	51191
170073	355	759	653	275	247	84	57	9	5071	452	711	437	261	7	55	5377	721	1709	99,0,0,0,0,0	31375	913	182	48860	1549	0	70986,69998,68598,37528,37528,37528,37528	1	11	26846,22564,0,0,0,0,0	169	51823
170227	319	763	625	244	237	86	58	8	5012	456	711	434	249	5	75	4889	707	1625	99,0,0,0,0,0	31109	1238	194	49037	1566	0	71622,70668,69239,37706,37706,37706,37706	1	10	26846,22753,0,0,0,0,0	170	52700
170388	310	722	604	216	234	83	55	10	4951	458	715	445	234	5	89	5141	667	1557	99,0,0,0,0,0	24379	1251	201	49225	1579	0	72254,71335,69874,37873,37873,37873,37873	1	14	26847,22952,0,0,0,0,0	168	53589
170537	296	727	567	221	230	75	52	12	4851	461	717	427	234	3	67	4975	637	1531	99,0,0,0,0,0	24577	1265	188	49394	1599	0	72857,71971,70483,38039,38039,38039,38039	1	9	26847,23137,0,0,0,0,0	160	54501
170678	310	659	563	223	221	75	50	13	4770	464	720	406	337	2	73	5124	608	1493	99,0,0,0,0,0	24416	1212	189	49572	1610	0	73458,72605,71090,38212,38212,38212,38212	1	8	26847,23323,0,0,0,0,0	144	55361
170851	272	629	559	214	211	69	53	12	4688	465	723	425	235	7	68	4889	590	1417	99,0,0,0,0,0	24877	1200	158	49718	1622	0	74064,73243,71699,38359,38359,38359,38359	1	8	26847,23478,0,0,0,0,0	140	56243
171004	263	602	510	211	191	69	44	12	4641	473	726	423	291	3	65	5063	558	1332	99,0,0,0,0,0	24578	1226	152	49865	1628	0	74639,73849,72280,38508,38508,38508,38508	1	7	26848,23628,0,0,0,0,0	142	57095
171182	225	555	506	201	192	59	40	12	4569	476	729	426	321	4	62	4820	539	1239	99,0,0,0,0,0	29089	1203	125	49977	1641	0	75201,74440,72847,38646,38646,38646,38646	1	5	26848,23749,0,0,0,0,0	124	57955
171389	210	526	482	194	193	48	39	13	4442	480	730	436	318	3	39	4654	495	1197	99,0,0,0,0,0	28917	651	120	50089	1651	0	75927,75199,73581,38848,38848,38848,38848	1	4	26848,23866,0,0,0,0,0	106	58431
171549	204	512	455	168	179	50	36	13	4367	482	731	465	280	3	57	4549	472	1132	99,0,0,0,0,0	23199	569	136	50216	1660	0	76683,75987,74346,39087,39087,39087,39087	1	5	26848,24000,0,0,0,0,0	103	58839
171730	204	459	443	161	170	48	33	13	4268	484	733	429	237	3	57	4894	466	1052	99,0,0,0,0,0	23165	621	118	50325	1670	0	77433,76768,75104,39312,39312,39312,39312	1	7	26848,24118,0,0,0,0,0	100	59262
171898	209	421	423	146	165	43	30	15	4173	486	737	430	231	1	41	4696	435	1002	99,0,0,0,0,0	23517	574	125	50439	1681	0	78187,77552,75867,39543,39543,39543,39543	1	6	26848,24242,0,0,0,0,0	89	59656
172095	176	412	394	127	158	41	26	17	4073	488	739	423	300	3	45	4373	395	939	99,0,0,0,0,0	23196	565	93	50531	1683	0	78918,78312,76605,39746,39746,39746,39746	1	5	26848,24334,0,0,0,0,0	78	60047
172295	146	401	381	122	147	47	28	17	3932	488	742	411	255	0	30	4343	367	905	99,0,0,0,0,0	23156	583	89	50616	1687	0	79599,79024,77295,39926,39926,39926,39926	0	2	26848,24421,0,0,0,0,0	81	60454
172474	155	361	359	116	130	49	27	16	3827	489	743	462	236	2	42	4003	341	856	99,0,0,0,0,0	28635	609	100	50710	1693	0	80318,79772,78023,40141,40141,40141,40141	0	5	26848,24519,0,0,0,0,0	83	60874
172657	130	326	334	119	129	47	23	16	3723	493	749	456	225	0	32	3909	333	775	99,0,0,0,0,0	28478	830	69	50777	1697	0	80742,80222,78454,40186,40186,40186,40186	0	1	26848,24587,0,0,0,0,0	85	61465
172869	124	306	314	105	113	40	23	15	3595	493	749	485	246	2	46	3711	313	712	100,0,0,0,0,0	17337	855	69	50840	1703	0	81136,80643,78854,40200,40200,40200,40200	0	3	26848,24654,0,0,0,0,0	75	62073
173029	131	301	285	96	100	40	21	15	3482	494	752	459	275	1	28	3478	277	697	100,0,0,0,0,0	17095	848	92	50927	1708	0	81576,81109,79301,40261,40261,40261,40261	0	6	26848,24745,0,0,0,0,0	73	62673
173218	121	287	265	88	92	36	21	14	3354	495	755	461	229	1	27	3558	259	651	100,0,0,0,0,0	17211	809	68	50992	1711	0	81986,81542,79718,40303,40303,40303,40303	0	6	26848,24812,0,0,0,0,0	63	63244
173441	116	283	241	86	77	35	22	13	3176	497	759	453	241	0	27	3358	243	617	100,0,0,0,0,0	17237	850	68	51054	1717	0	82372,81955,80111,40308,40308,40308,40308	0	5	26848,24877,0,0,0,0,0	59	63882
173627	99	270	239	77	78	33	19	13	3033	498	760	455	247	1	23	2760	228	587	100,0,0,0,0,0	16891	848	63	51110	1724	0	82770,82376,80516,40339,40339,40339,40339	0	3	26848,24938,0,0,0,0,0	54	64502
173765	97	255	249	66	69	32	16	14	2924	498	761	470	92	0	19	2672	197	587	100,0,0,0,0,0	26916	805	69	51173	1730	0	83189,82814,80943,40410,40410,40410,40410	0	3	26848,25006,0,0,0,0,0	52	65100
173909	91	240	234	63	66	30	16	13	2823	498	763	463	312	1	25	2775	186	554	100,0,0,0,0,0	27075	1017	54	51227	1731	0	83601,83243,81361,40453,40453,40453,40453	0	1	26848,25060,0,0,0,0,0	48	65840
174047	88	220	224	56	57	28	17	11	2733	499	766	473	238	1	20	2842	167	523	100,0,0,0,0,0	16755	1075	51	51276	1733	0	84015,83674,81781,40502,40502,40502,40502	0	3	26848,25110,0,0,0,0,0	45	66629
174219	94	191	205	60	54	28	15	11	2601	501	767	484	237	0	13	2189	153	494	100,0,0,0,0,0	16512	1109	49	51318	1741	0	84420,84099,82191,40526,40526,40526,40526	0	3	26848,25157,0,0,0,0,0	42	67428
174353	88	194	194	64	46	29	12	10	2482	503	771	480	245	1	19	2043	151	476	100,0,0,0,0,0	15660	993	59	51372	1746	0	84810,84507,82587,40561,40561,40561,40561	0	4	26848,25213,0,0,0,0,0	39	68170
174493	82	188	169	55	46	30	9	10	2389	504	771	488	260	0	22	2090	151	428	100,0,0,0,0,0	15909	1071	44	51416	1746	0	85233,84944,83015,40607,40607,40607,40607	0	5	26848,25257,0,0,0,0,0	37	68974
174624	72	183	166	52	46	29	8	8	2276	505	777	501	241	0	12	1923	142	414	100,0,0,0,0,0	15772	1077	44	51460	1746	0	85643,85370,83431,40652,40652,40652,40652	0	2	26848,25301,0,0,0,0,0	39	69765
174743	68	167	175	48	51	25	8	7	2165	506	783	498	97	1	10	1497	126	416	100,0,0,0,0,0	20964	1024	43	51499	1750	0	86056,85798,83849,40708,40708,40708,40708	0	2	26848,25343,0,0,0,0,0	35	70501
174849	72	151	170	47	48	24	7	7	2078	507	786	498	249	0	12	1395	113	406	100,0,0,0,0,0	20807	358	42	51539	1752	0	86612,86367,84413,40844,40844,40844,40844	0	1	26848,25384,0,0,0,0,0	37	70758
174979	72	141	155	47	51	22	6	7	1964	508	794	512	316	1	21	1425	116	378	100,0,0,0,0,0	12088	325	40	51579	1753	0	87185,86957,84994,40973,40973,40973,40973	0	1	26848,25424,0,0,0,0,0	34	71000
175080	78	136	150	39	42	20	5	7	1884	509	796	495	272	0	20	1325	108	362	100,0,0,0,0,0	12357	350	56	51635	1753	0	87783,87570,85600,41125,41125,41125,41125	0	3	26848,25480,0,0,0,0,0	29	71251
175184	72	141	142	33	42	20	4	7	1793	510	798	494	262	0	18	1159	110	344	100,0,0,0,0,0	11947	329	42	51675	1756	0	88333,88133,86158,41253,41253,41253,41253	0	2	26848,25521,0,0,0,0,0	25	71477
175283	70	126	138	32	40	19	4	4	1719	510	801	480	224	0	9	1196	89	340	100,0,0,0,0,0	11818	326	37	51706	1762	0	88898,88710,86730,41383,41383,41383,41383	0	5	26848,25557,0,0,0,0,0	25	71709
175367	65	136	131	33	33	17	4	3	1643	510	804	478	149	1	12	1253	89	330	100,0,0,0,0,0	11878	353	36	51739	1765	0	89458,89281,87298,41526,41526,41526,41526	0	2	26848,25593,0,0,0,0,0	23	71948
175475	50	125	136	33	30	12	4	3	1560	511	807	496	269	0	8	1048	81	309	100,0,0,0,0,0	20467	323	24	51760	1768	0	89981,89818,87830,41642,41642,41642,41642	0	1	26848,25615,0,0,0,0,0	16	72173
175583	48	123	120	36	27	14	4	2	1467	512	810	549	83	0	12	958	81	291	100,0,0,0,0,0	20488	315	34	51790	1772	0	90173,90021,88025,41561,41561,41561,41561	0	2	26848,25648,0,0,0,0,0	17	72400
175673	41	122	116	42	28	13	3	1	1381	513	813	534	263	2	8	948	73	292	100,0,0,0,0,0	11713	317	31	51819	1774	0	90333,90192,88188,41464,41464,41464,41464	0	4	26848,25679,0,0,0,0,0	17	72628
175747	49	103	107	37	33	10	4	1	1323	513	819	537	233	0	13	929	76	267	100,0,0,0,0,0	11748	327	28	51845	1777	0	90509,90376,88368,41384,41384,41384,41384	0	2	26848,25707,0,0,0,0,0	15	72852
175828	44	93	97	33	29	9	5	1	1274	513	820	550	244	0	11	931	68	242	100,0,0,0,0,0	11687	335	23	51868	1777	0	90658,90534,88521,41286,41286,41286,41286	0	1	26848,25730,0,0,0,0,0	14	73096
175895	43	89	94	35	26	10	5	1	1212	513	823	567	246	0	10	800	60	242	100,0,0,0,0,0	11758	326	32	51897	1780	0	90810,90696,88677,41196,41196,41196,41196	0	4	26848,25762,0,0,0,0,0	16	73328
175970	41	86	88	32	24	9	6	1	1150	513	826	575	92	0	12	805	63	223	100,0,0,0,0,0	11801	340	25	51920	1782	0	90966,90861,88837,41106,41106,41106,41106	0	0	26848,25787,0,0,0,0,0	17	73562
176045	42	85	84	28	22	8	6	2	1081	513	830	564	90	0	11	777	61	214	100,0,0,0,0,0	20060	321	29	51947	1784	0	91127,91032,89002,41024,41024,41024,41024	0	0	26848,25815,0,0,0,0,0	15	73769
176090	32	97	86	22	24	6	7	2	1033	513	834	572	101	1	11	726	64	210	100,0,0,0,0,0	20013	169	25	51969	1787	0	91356,91268,89236,40993,40993,40993,40993	0	1	26848,25839,0,0,0,0,0	16	73878
176150	41	79	92	18	24	5	7	0	980	513	837	548	82	1	8	804	60	206	100,0,0,0,0,0	11655	188	28	51995	1790	0	91589,91508,89475,40957,40957,40957,40957	0	2	26848,25868,0,0,0,0,0	16	73999
176195	41	75	86	16	20	5	7	0	946	513	842	540	92	0	9	797	65	185	100,0,0,0,0,0	11481	156	21	52015	1791	0	91816,91743,89709,40919,40919,40919,40919	0	0	26848,25889,0,0,0,0,0	15	74099
176261	44	71	80	16	20	5	4	0	884	516	845	558	5202	8	2	778	60	180	100,0,0,0,0,0	11594	167	23	52037	1792	0	92032,91966,89929,40872,40872,40872,40872	0	1	26848,25912,0,0,0,0,0	11	74206
176327	30	74	77	17	18	5	4	0	833	516	845	555	2577	1	1	794	61	164	100,0,0,0,0,0	11576	167	11	52047	1793	0	92256,92196,90158,40815,40815,40815,40815	0	0	26848,25922,0,0,0,0,0	9	74319
176390	26	63	80	19	16	4	4	0	780	516	848	554	1658	2	2	736	45	167	100,0,0,0,0,0	11625	151	16	52062	1794	0	92483,92431,90391,40771,40771,40771,40771	0	0	26848,25938,0,0,0,0,0	9	74419
176447	25	58	77	15	19	4	4	0	732	516	849	598	748	1	3	715	43	159	100,0,0,0,0,0	20016	177	17	52077	1796	0	92695,92650,90608,40720,40720,40720,40720	0	0	26848,25954,0,0,0,0,0	9	74546
176502	19	53	77	14	19	3	4	0	683	517	855	596	465	0	7	631	46	143	100,0,0,0,0,0	20150	151	10	52085	1798	0	92915,92876,90835,40682,40682,40682,40682	0	2	26848,25964,0,0,0,0,0	7	74652
176539	21	46	74	10	16	2	5	0	658	517	858	595	2798	1	7	652	37	137	100,0,0,0,0,0	21991	158	11	52096	1798	0	93159,93123,91085,40657,40657,40657,40657	0	1	26848,25975,0,0,0,0,0	6	74757
176583	20	55	56	9	14	1	5	0	626	517	860	629	2743	2	5	666	36	124	100,0,0,0,0,0	22178	169	16	52112	1798	0	93399,93370,91333,40634,40634,40634,40634	0	2	26848,25991,0,0,0,0,0	8	74863
176617	19	49	54	10	13	1	4	0	594	518	867	650	2006	1	0	564	30	120	100,0,0,0,0,0	22209	178	12	52122	1800	0	93622,93598,91562,40598,40598,40598,40598	0	0	26848,26002,0,0,0,0,0	5	74970
176642	14	46	56	9	13	2	4	0	572	518	870	615	1377	0	2	497	30	114	100,0,0,0,0,0	22193	149	9	52130	1801	0	93863,93843,91811,40574,40574,40574,40574	0	2	26848,26011,0,0,0,0,0	5	75081
176672	13	34	56	11	10	3	4	0	550	518	875	620	975	1	5	505	28	103	100,0,0,0,0,0	22096	154	5	52135	1801	0	94097,94081,92052,40549,40549,40549,40549	0	0	26848,26016,0,0,0,0,0	7	75190
176696	14	34	44	7	11	3	4	0	538	518	877	610	1843	1	3	534	25	92	100,0,0,0,0,0	20035	160	10	52144	1802	0	94325,94312,92287,40530,40530,40530,40530	0	1	26848,26026,0,0,0,0,0	8	75291
176718	17	28	43	7	14	3	2	1	511	519	883	643	2457	1	2	508	26	88	100,0,0,0,0,0	19951	168	8	52151	1803	0	94358,94348,92322,40382,40382,40382,40382	0	1	26848,26034,0,0,0,0,0	6	75411
176760	10	28	41	5	13	2	2	1	479	519	886	642	2178	1	5	492	30	71	100,0,0,0,0,0	22052	163	2	52153	1803	0	94372,94366,92337,40206,40206,40206,40206	0	0	26848,26036,0,0,0,0,0	4	75524
176779	12	26	39	5	14	2	2	1	452	519	895	666	1877	0	6	416	36	64	100,0,0,0,0,0	21976	158	11	52163	1804	0	94401,94398,92369,40053,40053,40053,40053	0	1	26848,26047,0,0,0,0,0	4	75629
176800	11	20	35	2	11	2	2	0	444	519	900	675	1536	0	4	417	29	54	100,0,0,0,0,0	22181	169	2	52165	1804	0	94416,94417,92387,39893,39893,39893,39893	0	1	26848,26049,0,0,0,0,0	5	75748
176821	10	24	31	1	11	2	2	0	419	519	906	645	1639	1	1	225	25	56	100,0,0,0,0,0	22138	164	9	52171	1807	0	94430,94435,92403,39728,39728,39728,39728	0	1	26848,26058,0,0,0,0,0	4	75838
176844	10	21	29	3	10	2	2	0	398	519	908	646	1934	1	1	214	22	55	100,0,0,0,0,0	21714	172	5	52176	1807	0	94449,94456,92425,39572,39572,39572,39572	0	1	26848,26063,0,0,0,0,0	5	75950
176861	9	19	29	5	11	2	2	0	377	519	912	626	2067	1	1	212	23	54	100,0,0,0,0,0	19907	182	6	52182	1807	0	94466,94475,92444,39419,39419,39419,39419	0	0	26848,26069,0,0,0,0,0	5	76063
176885	8	19	26	6	8	2	2	0	358	519	913	582	1930	0	1	188	22	49	100,0,0,0,0,0	19844	96	6	52185	1810	0	94482,94495,92463,39258,39258,39258,39258	0	0	26848,26074,0,0,0,0,0	5	76124
176909	7	13	29	6	8	2	2	0	336	519	915	581	1645	1	2	140	25	42	100,0,0,0,0,0	21957	106	1	52186	1810	0	94493,94508,92475,39089,39089,39089,39089	0	0	26848,26075,0,0,0,0,0	4	76196
176935	5	13	30	6	6	2	2	0	313	519	915	586	1628	0	2	140	22	42	100,0,0,0,0,0	21871	97	3	52188	1811	0	94499,94516,92484,38920,38920,38920,38920	0	0	26848,26078,0,0,0,0,0	4	76264
176954	6	12	25	4	6	2	1	0	296	520	920	573	1774	1	2	140	23	33	100,0,0,0,0,0	21786	101	4	52192	1811	0	94521,94538,92507,38761,38761,38761,38761	0	0	26848,26082,0,0,0,0,0	3	76327
176962	4	12	18	4	6	2	1	0	292	520	925	541	1923	0	1	130	18	29	100,0,0,0,0,0	21683	97	3	52195	1811	0	94528,94546,92516,38597,38597,38597,38597	0	0	26848,26085,0,0,0,0,0	4	76387
176984	5	10	17	5	4	2	1	0	270	520	928	563	1953	0	1	75	15	29	100,0,0,0,0,0	21844	111	3	52199	1811	0	94542,94564,92533,38437,38437,38437,38437	0	0	26848,26089,0,0,0,0,0	4	76457
176998	4	7	13	5	3	1	1	0	263	520	931	580	1758	0	0	62	10	24	100,0,0,0,0,0	19398	108	1	52200	1811	0	94550,94573,92543,38283,38283,38283,38283	0	0	26848,26090,0,0,0,0,0	3	76525
177016	4	11	11	5	2	1	1	0	239	520	936	582	1736	1	0	62	8	27	100,0,0,0,0,0	19742	84	5	52204	1812	0	94497,94521,92491,38088,38088,38088,38088	0	0	26848,26094,0,0,0,0,0	4	76583
177038	5	10	10	4	2	1	0	0	216	521	939	590	1764	0	0	57	7	25	100,0,0,0,0,0	21471	95	2	52206	1812	0	94448,94475,92444,37890,37890,37890,37890	0	1	26848,26096,0,0,0,0,0	3	76649
177053	3	13	9	4	0	1	0	0	201	521	941	593	1797	1	2	57	7	23	100,0,0,0,0,0	21563	88	2	52208	1812	0	94388,94416,92385,37686,37686,37686,37686	0	2	26848,26098,0,0,0,0,0	1	76706
177058	3	11	7	6	1	1	0	0	196	521	942	574	1933	2	0	52	6	23	100,0,0,0,0,0	21691	97	3	52211	1812	0	94336,94364,92333,37491,37491,37491,37491	0	0	26848,26101,0,0,0,0,0	2	76757
177069	3	7	6	7	0	1	0	0	183	521	949	591	1786	0	2	43	7	17	100,0,0,0,0,0	21668	95	1	52212	1812	0	94278,94307,92277,37288,37288,37288,37288	0	0	26848,26102,0,0,0,0,0	1	76817
177076	4	6	7	5	0	0	0	0	174	521	953	559	1779	0	0	34	6	16	100,0,0,0,0,0	21670	77	3	52215	1812	0	94224,94253,92223,37089,37089,37089,37089	0	0	26848,26105,0,0,0,0,0	0	76859
177086	4	4	9	4	1	0	0	0	163	521	954	584	1785	0	1	34	6	16	100,0,0,0,0,0	19558	85	1	52216	1812	0	94177,94208,92178,36898,36898,36898,36898	0	0	26848,26106,0,0,0,0,0	0	76904
177089	3	5	9	4	1	0	0	0	154	521	960	560	1749	1	1	29	6	16	100,0,0,0,0,0	19610	70	2	52217	1813	0	94121,94152,92123,36708,36708,36708,36708	0	0	26848,26108,0,0,0,0,0	1	76949
177097	2	7	7	3	1	0	0	0	144	521	964	577	1833	0	0	26	4	16	100,0,0,0,0,0	21849	72	1	52218	1813	0	94065,94097,92068,36511,36511,36511,36511	0	0	26848,26109,0,0,0,0,0	1	76995
177103	3	4	5	4	1	0	0	0	137	521	968	604	1818	0	0	28	2	15	100,0,0,0,0,0	21468	86	1	52219	1813	0	94006,94038,92010,36313,36313,36313,36313	0	0	26848,26110,0,0,0,0,0	1	77052
177105	2	5	4	3	0	0	0	0	133	521	973	625	1854	0	2	28	3	11	100,0,0,0,0,0	21684	90	1	52220	1813	0	93949,93982,91955,36123,36123,36123,36123	0	0	26848,26111,0,0,0,0,0	0	77104
177114	1	5	5	3	0	0	0	0	121	521	976	642	1784	0	0	28	3	11	100,0,0,0,0,0	21562	97	0	52220	1813	0	93889,93922,91895,35919,35919,35919,35919	0	0	26848,26111,0,0,0,0,0	0	77165
177117	2	5	5	3	0	0	0	0	116	521	977	619	1826	0	0	20	1	14	100,0,0,0,0,0	21819	74	2	52222	1813	0	93823,93856,91830,35717,35717,35717,35717	0	0	26848,26113,0,0,0,0,0	0	77209
177121	2	4	6	0	1	0	0	0	109	521	982	588	1771	0	0	20	0	13	100,0,0,0,0,0	19535	80	1	52223	1813	0	93762,93796,91770,35526,35526,35526,35526	0	0	26848,26114,0,0,0,0,0	0	77257
177131	1	4	6	0	0	1	0	0	95	521	987	601	1795	0	0	12	0	12	100,0,0,0,0,0	19587	72	0	52223	1813	0	93703,93739,91713,35337,35337,35337,35337	0	0	26848,26114,0,0,0,0,0	0	77309
177138	2	2	6	0	0	0	0	0	89	521	988	622	1807	0	1	14	0	10	100,0,0,0,0,0	21492	76	1	52224	1813	0	93639,93674,91649,35143,35143,35143,35143	0	0	26848,26115,0,0,0,0,0	0	77353
177144	2	1	4	0	1	0	0	0	81	521	992	631	1845	0	0	8	0	8	100,0,0,0,0,0	21637	57	0	52224	1813	0	93577,93613,91588,34952,34952,34952,34952	0	0	26848,26115,0,0,0,0,0	0	77383
177143	3	1	2	0	1	0	0	0	81	521	994	629	1854	0	0	7	0	7	100,0,0,0,0,0	21827	67	1	52225	1813	0	93519,93555,91532,34768,34768,34768,34768	0	0	26848,26116,0,0,0,0,0	0	77422
177144	3	1	1	0	1	0	0	0	76	521	999	616	1787	0	1	8	1	5	100,0,0,0,0,0	21586	64	0	52225	1813	0	93455,93490,91469,34582,34582,34582,34582	0	0	26848,26116,0,0,0,0,0	0	77460
177146	2	1	2	0	1	0	0	0	71	521	1002	609	1788	0	0	8	1	5	100,0,0,0,0,0	21501	63	0	52225	1813	0	93393,93429,91409,34396,34396,34396,34396	0	0	26848,26116,0,0,0,0,0	0	77500
177148	1	2	2	0	1	0	0	0	66	521	1005	589	1761	0	0	3	1	5	100,0,0,0,0,0	19698	84	0	52225	1813	0	93336,93372,91353,34219,34219,34219,34219	0	0	26848,26116,0,0,0,0,0	0	77560
177154	2	2	1	0	1	0	0	0	57	521	1008	583	1824	0	0	3	1	5	100,0,0,0,0,0	19547	80	1	52226	1813	0	93257,93294,91275,34031,34031,34031,34031	0	0	26848,26117,0,0,0,0,0	0	77604
177159	1	2	2	0	1	0	0	0	51	521	1009	566	1802	0	0	3	1	5	100,0,0,0,0,0	21537	80	0	52226	1813	0	93175,93212,91193,33839,33839,33839,33839	0	0	26848,26117,0,0,0,0,0	0	77652
177164	0	2	1	0	1	0	0	0	46	521	1011	566	1786	0	0	3	1	3	100,0,0,0,0,0	21701	82	0	52226	1813	0	93083,93121,91103,33642,33642,33642,33642	0	0	26848,26117,0,0,0,0,0	0	77698
177161	0	2	1	0	1	0	0	0	43	521	1017	552	1844	0	0	3	1	3	100,0,0,0,0,0	21372	99	0	52226	1813	0	92999,93036,91019,33455,33455,33455,33455	0	0	26848,26117,0,0,0,0,0	0	77756
177157	0	0	2	0	1	0	0	0	42	521	1023	565	1743	0	0	1	1	2	100,0,0,0,0,0	21599	69	0	52226	1813	0	92911,92947,90931,33265,33265,33265,33265	0	0	26848,26117,0,0,0,0,0	0	77795
177158	0	0	2	0	1	0	0	0	38	521	1026	568	1839	0	0	1	1	2	100,0,0,0,0,0	21603	83	0	52226	1813	0	92829,92866,90851,33079,33079,33079,33079	0	0	26848,26117,0,0,0,0,0	0	77840
177158	0	0	2	0	0	0	0	0	35	521	1030	565	1822	0	0	1	0	2	100,0,0,0,0,0	19431	75	0	52226	1813	0	92757,92793,90780,32901,32901,32901,32901	0	0	26848,26117,0,0,0,0,0	0	77879
177158	0	0	1	0	0	0	0	0	33	521	1033	559	1793	0	0	0	0	1	100,0,0,0,0,0	19482	72	0	52226	1813	0	92673,92709,90696,32725,32725,32725,32725	0	0	26848,26117,0,0,0,0,0	0	77923
177159	0	1	1	0	0	0	0	0	30	521	1034	570	1813	0	0	0	0	2	100,0,0,0,0,0	21628	72	1	52227	1813	0	92590,92627,90614,32548,32548,32548,32548	0	0	26848,26118,0,0,0,0,0	0	77967
177156	0	1	1	0	0	0	0	0	29	521	1038	583	1822	0	0	0	0	2	100,0,0,0,0,0	21631	206	0	52227	1813	140	92504,92540,90528,32370,32370,32370,32370	0	0	26848,26118,0,0,0,0,0	0	78008
177159	0	0	2	0	0	0	0	0	25	521	1039	593	1813	0	0	0	0	2	100,0,0,0,0,0	21562	180	0	52227	1813	268	92455,92492,90481,32269,32269,32269,32269	0	0	26848,26118,0,0,0,0,0	0	78039
177159	0	0	2	0	0	0	0	0	21	521	1043	594	1769	0	0	0	0	2	100,0,0,0,0,0	21594	190	0	52227	1813	389	92398,92435,90425,32159,32159,32159,32159	0	0	26848,26118,0,0,0,0,0	0	78079
177159	0	0	2	0	0	0	0	0	19	521	1045	597	1748	0	0	0	0	2	100,0,0,0,0,0	21624	204	0	52227	1813	526	92336,92373,90364,32044,32044,32044,32044	0	0	26848,26118,0,0,0,0,0	0	78115
177161	0	0	1	0	0	0	0	0	16	521	1047	597	1822	0	0	0	0	1	100,0,0,0,0,0	19404	169	0	52227	1813	631	92280,92317,90309,31942,31942,31942,31942	0	0	26848,26118,0,0,0,0,0	0	78157
177158	0	0	1	0	0	0	0	0	14	521	1052	599	1848	0	0	0	0	1	100,0,0,0,0,0	19256	227	0	52227	1813	772	92216,92253,90246,31828,31828,31828,31828	0	0	26848,26118,0,0,0,0,0	0	78202
177159	0	0	1	0	0	0	0	0	12	521	1053	584	1788	0	0	0	0	1	100,0,0,0,0,0	21827	216	0	52227	1813	909	92159,92196,90190,31728,31728,31728,31728	0	0	26848,26118,0,0,0,0,0	0	78248
177159	0	0	1	0	0	0	0	0	10	521	1055	605	1820	0	0	0	0	1	100,0,0,0,0,0	21575	261	0	52227	1813	1105	92101,92137,90132,31623,31623,31623,31623	0	0	26848,26118,0,0,0,0,0	0	78278
177156	0	0	1	0	0	0	0	0	9	521	1059	593	1814	0	0	0	0	1	100,0,0,0,0,0	21403	257	0	52227	1813	1298	92055,92091,90088,31553,31553,31553,31553	0	0	26848,26118,0,0,0,0,0	0	78318
177152	0	0	0	0	0	0	0	0	8	521	1065	607	1794	0	0	0	0	0	0,0,0,0,0,0	21646	271	0	52227	1813	1483	92015,92051,90049,31488,31488,31488,31488	0	0	26848,26118,0,0,0,0,0	0	78379
177152	0	0	0	0	0	0	0	0	8	521	1065	595	1846	0	0	0	0	0	0,0,0,0,0,0	21530	282	0	52227	1813	1684	91964,92000,89999,31409,31409,31409,31409	0	0	26848,26118,0,0,0,0,0	0	78418
177151	0	0	0	0	0	0	0	0	6	521	1068	605	1730	0	0	0	0	0	0,0,0,0,0,0	19444	283	0	52227	1813	1893	91925,91961,89961,31348,31348,31348,31348	0	0	26848,26118,0,0,0,0,0	0	78461
177147	0	0	0	0	0	0	0	0	6	521	1072	601	1805	0	0	0	0	0	0,0,0,0,0,0	19437	278	0	52227	1813	2099	91892,91927,89929,31305,31305,31305,31305	0	0	26848,26118,0,0,0,0,0	0	78505
177143	0	0	0	0	0	0	0	0	5	521	1077	613	1848	0	0	0	0	0	0,0,0,0,0,0	21697	268	0	52227	1813	2299	91849,91884,89887,31251,31251,31251,31251	0	0	26848,26118,0,0,0,0,0	0	78542
177141	0	0	0	0	0	0	0	0	4	521	1080	619	1776	0	0	0	0	0	0,0,0,0,0,0	21709	241	0	52227	1813	2464	91794,91828,89833,31187,31187,31187,31187	0	0	26848,26118,0,0,0,0,0	0	78586
177140	0	0	0	0	0	0	0	0	3	521	1082	616	1795	0	0	0	0	0	0,0,0,0,0,0	21554	221	0	52227	1813	2622	91738,91772,89777,31108,31108,31108,31108	0	0	26848,26118,0,0,0,0,0	0	78619
177136	0	0	0	0	0	0	0	0	3	521	1086	638	1795	0	0	0	0	0	0,0,0,0,0,0	21449	229	0	52227	1813	2792	91685,91719,89726,31027,31027,31027,31027	0	0	26848,26118,0,0,0,0,0	0	78655
177135	0	0	0	0	0	0	0	0	2	521	1088	662	1809	0	0	0	0	0	0,0,0,0,0,0	21620	232	0	52227	1813	2969	91632,91666,89674,30955,30955,30955,30955	0	0	26848,26118,0,0,0,0,0	0	78686
177134	0	0	0	0	0	0	0	0	1	521	1090	677	1838	0	0	0	0	0	0,0,0,0,0,0	19490	246	0	52227	1813	3143	91590,91624,89633,30891,30891,30891,30891	0	0	26848,26118,0,0,0,0,0	0	78729
177124	0	0	0	0	0	0	0	0	1	521	1100	670	1769	0	0	0	0	0	0,0,0,0,0,0	19501	267	0	52227	1813	3320	91547,91580,89591,30844,30844,30844,30844	0	0	26848,26118,0,0,0,0,0	0	78787
177113	0	0	0	0	0	0	0	0	1	521	1111	673	1827	0	0	0	0	0	0,0,0,0,0,0	21599	245	0	52227	1813	3468	91499,91531,89544,30796,30796,30796,30796	0	0	26848,26118,0,0,0,0,0	0	78840
177104	0	0	0	0	0	0	0	0	1	521	1120	684	1800	0	0	0	0	0	0,0,0,0,0,0	21660	367	0	52227	1813	3755	91449,91480,89495,30735,30735,30735,30735	0	0	26848,26118,0,0,0,0,0	0	78888
177099	0	0	0	0	0	0	0	0	1	521	1125	638	1804	0	0	0	0	0	0,0,0,0,0,0	21715	385	0	52227	1813	4051	91427,91458,89474,30737,30737,30737,30737	0	0	26848,26118,0,0,0,0,0	0	78935
177096	0	0	0	0	0	0	0	0	1	521	1128	649	1852	0	0	0	0	0	0,0,0,0,0,0	21595	381	0	52227	1813	4346	91403,91433,89451,30743,30743,30743,30743	0	0	26848,26118,0,0,0,0,0	0	78990
177093	0	0	0	0	0	0	0	0	1	521	1131	614	1784	0	0	0	0	0	0,0,0,0,0,0	21655	377	0	52227	1813	4637	91384,91414,89434,30757,30757,30757,30757	0	0	26848,26118,0,0,0,0,0	0	79042
177052	18	21	0	0	0	0	0	0	1	521	1133	636	1783	0	0	0	0	39	0,100,0,0,0,0	19633	354	0	52262	1817	4898	91397,91427,89448,30810,30810,30810,30810	0	0	26848,26118,39,0,0,0,0	0	79074
177012	36	35	3	1	1	0	0	0	1	521	1136	645	1836	0	0	0	0	76	0,100,0,0,0,0	19463	456	4	52295	1821	5179	91404,91433,89457,30859,30859,30859,30859	0	0	26848,26118,76,0,0,0,0	0	79147
176974	50	53	5	2	1	0	0	0	2	521	1138	617	1836	3	1	3	1	110	0,100,0,0,0,0	21526	453	6	52328	1824	5441	91411,91439,89464,30912,30912,30912,30912	0	1	26848,26118,112,0,0,0,0	0	79242
176929	48	86	10	2	4	0	0	0	4	521	1142	605	1865	2	0	9	4	146	0,100,0,0,0,0	10040	489	7	52367	1826	5727	91411,91438,89465,30949,30949,30949,30949	0	0	26848,26118,153,0,0,0,0	0	79329
176862	65	112	22	5	5	0	0	0	8	521	1146	642	1734	3	3	17	10	199	0,100,0,0,0,0	10119	507	23	52426	1831	6047	91430,91457,89486,31020,31020,31020,31020	0	0	26848,26118,217,0,0,0,0	0	79411
176785	86	133	39	11	5	0	0	0	15	521	1151	662	1786	3	1	24	14	260	0,100,0,0,0,0	10226	489	34	52494	1835	6349	91476,91502,89533,31130,31130,31130,31130	0	2	26848,26118,289,0,0,0,0	3	79503
176748	76	141	52	13	11	0	0	0	28	521	1156	684	1969	0	4	99	20	273	0,100,0,0,0,0	10283	462	32	52522	1839	6632	91484,91511,89543,31189,31189,31189,31189	0	1	26848,26118,321,0,0,0,0	1	79588
176713	70	128	68	13	22	1	0	0	50	521	1160	694	2015	2	5	206	23	279	0,100,0,0,0,0	19809	492	31	52546	1846	6929	91486,91512,89546,31234,31234,31234,31234	0	2	26848,26118,352,0,0,0,0	2	79679
176672	64	129	77	18	24	2	0	0	76	521	1163	705	2047	3	14	235	39	275	0,100,0,0,0,0	19707	398	39	52583	1849	7226	91517,91542,89579,31322,31322,31322,31322	0	2	26848,26118,392,0,0,0,0	3	79702
176635	61	127	80	19	24	2	0	0	111	521	1166	685	1829	2	12	518	52	261	0,100,0,0,0,0	10751	407	36	52619	1849	7528	91559,91584,89623,31413,31413,31413,31413	0	1	26848,26118,428,0,0,0,0	4	79747
176598	61	136	86	22	21	2	0	0	128	521	1171	714	1766	3	7	593	61	267	0,100,0,0,0,0	10666	340	41	52657	1852	7784	91589,91613,89655,31494,31494,31494,31494	0	2	26848,26118,469,0,0,0,0	3	79776
176570	58	131	92	17	25	2	1	0	156	521	1173	742	1845	4	1	625	59	267	0,100,0,0,0,0	10915	336	31	52688	1853	8027	91609,91633,89676,31549,31549,31549,31549	0	2	26848,26118,501,0,0,0,0	4	79809
176523	58	142	97	16	25	2	1	0	179	521	1182	745	1863	1	8	709	63	278	0,100,0,0,0,0	10839	389	47	52732	1857	8323	91649,91672,89718,31614,31614,31614,31614	0	2	26848,26118,548,0,0,0,0	4	79842
176478	68	137	108	17	20	2	1	0	209	521	1185	748	1937	2	4	722	57	296	0,100,0,0,0,0	10912	355	50	52778	1862	8599	91689,91712,89760,31705,31705,31705,31705	0	1	26848,26118,599,0,0,0,0	4	79871
176429	74	130	122	21	22	2	1	0	229	521	1195	777	1758	2	2	751	52	320	0,100,0,0,0,0	20215	348	51	52825	1866	8864	91737,91759,89810,31801,31801,31801,31801	0	1	26848,26118,650,0,0,0,0	5	79887
176387	80	135	127	19	16	4	1	0	258	521	1198	762	1809	2	5	761	51	331	0,100,0,0,0,0	20236	367	50	52871	1870	9177	91754,91775,89829,31875,31875,31875,31875	0	3	26848,26118,700,0,0,0,0	5	79897
176340	78	159	118	28	16	4	1	0	280	521	1201	749	2051	4	6	638	59	345	0,100,0,0,0,0	10820	316	60	52928	1873	9445	91788,91809,89866,31977,31977,31977,31977	0	4	26848,26118,760,0,0,0,0	6	79901
176280	88	163	133	27	19	3	2	0	306	521	1204	774	2074	2	10	802	68	367	0,100,0,0,0,0	10857	339	69	52991	1879	9732	91823,91844,89904,32071,32071,32071,32071	0	2	26848,26118,829,0,0,0,0	6	79915
176226	100	171	141	28	18	3	2	0	328	521	1208	791	2001	0	6	816	73	390	0,100,0,0,0,0	11254	305	67	53053	1884	9989	91861,91881,89943,32171,32171,32171,32171	0	1	26848,26118,895,0,0,0,0	10	79916
176180	107	173	140	27	24	2	2	0	358	521	1212	785	1936	4	7	741	71	404	0,100,0,0,0,0	11192	330	64	53108	1893	10252	91877,91897,89963,32239,32239,32239,32239	0	3	26848,26118,959,0,0,0,0	9	79930
176126	108	185	143	28	26	3	2	0	386	521	1218	823	1750	1	13	854	76	419	0,100,0,0,0,0	11136	324	64	53166	1899	10523	91904,91924,89993,32320,32320,32320,32320	0	2	26848,26118,1023,0,0,0,0	8	79935
176070	110	200	153	28	22	4	2	0	414	521	1222	797	1833	3	9	900	76	443	0,100,0,0,0,0	20360	318	72	53229	1908	10789	91931,91950,90022,32414,32414,32414,32414	0	0	26848,26118,1094,0,0,0,0	9	79929
176002	109	227	155	30	25	4	3	0	437	521	1233	772	2041	6	11	956	79	474	0,100,0,0,0,0	20312	293	77	53301	1915	11033	91969,91988,90063,32533,32533,32533,32533	0	4	26848,26118,1173,0,0,0,0	9	79919
175940	118	246	163	29	31	6	3	0	451	521	1238	774	1817	2	9	1053	88	508	0,100,0,0,0,0	11337	293	89	53383	1923	11286	92002,92020,90101,32631,32631,32631,32631	0	2	26848,26118,1263,0,0,0,0	9	79922
175863	144	242	178	35	36	7	2	0	477	522	1240	743	1971	2	9	1196	93	551	0,100,0,0,0,0	11314	312	103	53475	1934	11551	92046,92064,90148,32745,32745,32745,32745	0	8	26848,26118,1366,0,0,0,0	12	79922
175775	159	262	179	38	36	7	2	0	521	522	1245	771	1819	5	15	1332	105	578	0,100,0,0,0,0	11453	318	103	53564	1950	11814	92090,92107,90197,32869,32869,32869,32869	0	8	26848,26118,1471,0,0,0,0	12	79928
175681	184	282	203	40	41	7	2	0	534	522	1250	758	1929	8	13	1472	120	639	0,100,0,0,0,0	11687	325	124	53672	1966	12085	92157,92173,90267,33014,33014,33014,33014	0	9	26848,26118,1594,0,0,0,0	14	79918
175603	177	300	226	42	47	8	1	0	565	523	1254	741	2056	5	18	1192	133	668	0,100,0,0,0,0	11737	312	103	53761	1980	12355	92205,92219,90319,33131,33131,33131,33131	0	4	26848,26118,1696,0,0,0,0	13	79911
175526	180	317	232	38	54	9	2	0	604	523	1261	788	1969	6	13	1268	137	695	0,100,0,0,0,0	20505	315	104	53853	1994	12610	92256,92270,90374,33266,33266,33266,33266	0	1	26848,26118,1802,0,0,0,0	15	79913
175462	174	325	241	45	55	8	2	0	647	523	1264	772	1964	4	17	1286	151	699	0,100,0,0,0,0	20821	314	104	53943	2010	12881	92326,92338,90450,33412,33412,33412,33412	0	9	26848,26118,1908,0,0,0,0	22	79911
175343	212	334	265	52	54	8	2	0	681	523	1272	759	1847	7	18	1370	156	771	0,100,0,0,0,0	11537	299	146	54072	2027	13136	92438,92449,90568,33615,33615,33615,33615	0	6	26848,26118,2054,0,0,0,0	21	79877
175226	227	359	277	52	52	8	4	0	738	523	1280	741	2068	4	18	1419	167	812	0,100,0,0,0,0	11837	271	142	54193	2049	13370	92539,92549,90676,33797,33797,33797,33797	0	7	26848,26118,2195,0,0,0,0	19	79857
175092	233	401	315	52	47	8	3	0	786	524	1285	733	1933	10	15	1567	168	891	0,100,0,0,0,0	11789	265	163	54341	2068	13593	92661,92670,90803,33989,33989,33989,33989	0	4	26848,26118,2361,0,0,0,0	22	79834
174949	243	469	323	56	56	8	3	0	825	525	1289	721	1998	4	24	1542	196	962	0,100,0,0,0,0	11889	265	187	54509	2088	13812	92793,92801,90941,34190,34190,34190,34190	0	9	26848,26118,2547,0,0,0,0	18	79804
174788	264	512	347	69	58	8	2	0	879	526	1293	763	1783	8	12	1684	187	1073	0,100,0,0,0,0	11971	266	204	54689	2113	14039	92932,92938,91086,34403,34403,34403,34403	0	12	26848,26118,2752,0,0,0,0	20	79769
174640	273	549	392	75	68	8	3	0	917	526	1295	771	1982	12	19	1525	188	1180	0,100,0,0,0,0	21042	266	201	54871	2133	14258	93074,93079,91235,34630,34630,34630,34630	0	11	26848,26118,2953,0,0,0,0	22	79715
174478	294	581	407	66	71	8	4	0	1010	526	1301	785	1904	10	23	1600	205	1226	0,100,0,0,0,0	21016	232	205	55055	2155	14466	93182,93185,91348,34845,34845,34845,34845	1	17	26848,26118,3158,0,0,0,0	21	79633
174262	319	656	427	69	75	8	4	0	1089	526	1311	762	2007	15	25	1785	233	1325	0,100,0,0,0,0	12034	284	258	55281	2190	14715	93341,93345,91515,35101,35101,35101,35101	1	14	26848,26118,3419,0,0,0,0	22	79580
174052	348	694	490	69	79	9	5	0	1158	526	1316	759	1990	20	28	1844	242	1452	0,100,0,0,0,0	12261	302	263	55516	2219	14974	93511,93515,91692,35366,35366,35366,35366	1	10	26848,26118,3682,0,0,0,0	25	79530
173827	389	737	511	75	81	7	7	0	1264	526	1322	733	2045	13	28	2146	272	1535	0,100,0,0,0,0	12392	284	282	55762	2258	15212	93691,93694,91880,35654,35654,35654,35654	1	6	26848,26118,3967,0,0,0,0	25	79455
173566	436	768	554	89	85	9	6	0	1377	528	1328	743	1985	18	28	2428	289	1658	0,100,0,0,0,0	12700	300	310	56037	2294	15467	93885,93888,92082,35962,35962,35962,35962	1	12	26848,26118,4277,0,0,0,0	23	79382
173301	480	836	584	83	92	11	7	0	1496	528	1328	753	2034	14	34	2403	332	1761	0,100,0,0,0,0	12618	265	329	56328	2335	15703	94102,94106,92306,36290,36290,36290,36290	1	11	26848,26118,4608,0,0,0,0	25	79295
173094	491	867	616	107	91	11	7	0	1603	528	1331	749	2009	13	28	2584	333	1857	0,100,0,0,0,0	21852	303	293	56586	2371	15967	94270,94273,92484,36570,36570,36570,36570	1	13	26848,26118,4901,0,0,0,0	28	79198
172842	483	960	626	119	108	11	7	0	1725	529	1336	751	1835	9	21	2798	332	1982	0,100,0,0,0,0	22237	271	326	56886	2399	16203	94464,94466,92685,36902,36902,36902,36902	1	16	26848,26118,5229,0,0,0,0	28	79081
172531	546	1010	670	141	113	13	7	0	1846	529	1340	731	2030	13	58	3129	377	2123	0,100,0,0,0,0	13269	306	410	57238	2461	16466	94696,94696,92927,37274,37274,37274,37274	1	19	26848,26118,5638,0,0,0,0	34	78949
172187	608	1059	730	142	127	15	9	0	1994	529	1346	736	1962	26	59	3837	435	2255	0,100,0,0,0,0	13981	301	428	57624	2509	16722	94974,94975,93216,37691,37691,37691,37691	1	18	26848,26118,6071,0,0,0,0	38	78823
171874	634	1130	804	155	149	17	8	0	2096	530	1349	715	2037	18	52	3978	487	2410	0,100,0,0,0,0	14112	280	420	58000	2554	16970	95234,95236,93487,38087,38087,38087,38087	1	20	26848,26118,6492,0,0,0,0	38	78688
171532	647	1234	846	162	159	17	8	0	2260	530	1351	715	2036	21	49	4267	541	2532	0,100,0,0,0,0	14271	321	446	58398	2604	17257	95504,95505,93768,38501,38501,38501,38501	1	17	26848,26118,6936,0,0,0,0	46	78532
171125	702	1326	949	162	162	17	9	1	2409	530	1354	703	2044	21	56	4564	574	2753	0,100,0,0,0,0	14850	289	525	58856	2675	17508	95844,95845,94121,38999,38999,38999,38999	1	16	26848,26118,7460,0,0,0,0	43	78375
170800	736	1353	1042	165	172	19	10	1	2560	531	1357	711	2048	22	55	4414	597	2900	0,100,0,0,0,0	23342	266	477	59287	2722	17739	96117,96118,94409,39428,39428,39428,39428	2	28	26848,26118,7936,0,0,0,0	46	78161
170464	755	1424	1114	165	183	23	10	1	2714	531	1362	685	1923	29	50	4646	599	3075	0,100,0,0,0,0	23620	299	503	59738	2779	18002	96393,96395,94702,39860,39860,39860,39860	2	31	26848,26118,8440,0,0,0,0	49	77935
170010	810	1543	1181	194	192	24	10	1	2881	532	1368	667	1983	34	61	4801	645	3309	0,100,0,0,0,0	15246	300	596	60265	2852	18270	96780,96783,95105,40408,40408,40408,40408	2	28	26848,26118,9039,0,0,0,0	52	77730
169582	839	1628	1248	218	224	31	8	1	3060	534	1373	661	2048	31	89	5182	737	3459	0,100,0,0,0,0	15358	325	588	60792	2918	18558	97164,97167,95504,40941,40941,40941,40941	2	20	26848,26118,9630,0,0,0,0	56	77528
169075	932	1730	1311	242	213	37	5	1	3288	538	1374	668	2044	27	80	5801	808	3662	0,100,0,0,0,0	15796	298	667	61378	3002	18815	97600,97602,95956,41557,41557,41557,41557	2	27	26848,26118,10297,0,0,0,0	56	77297
168562	1015	1803	1380	261	229	35	6	1	3541	538	1375	664	2038	38	83	6185	833	3896	0,100,0,0,0,0	16518	303	704	62007	3083	19075	98036,98039,96411,42175,42175,42175,42175	2	31	26848,26118,10998,0,0,0,0	60	77027
168002	1101	1949	1461	276	247	33	7	0	3755	539	1376	696	2011	29	88	6569	901	4173	0,100,0,0,0,0	16651	310	779	62698	3173	19350	98525,98529,96921,42845,42845,42845,42845	3	19	26848,26118,11776,0,0,0,0	59	76743
167543	1088	2081	1505	288	274	38	5	0	4006	541	1377	696	1951	27	90	6554	916	4363	0,100,0,0,0,0	25300	300	665	63290	3249	19613	98936,98941,97353,43431,43431,43431,43431	3	34	26848,26118,12441,0,0,0,0	73	76469
167095	1072	2149	1593	297	291	37	8	0	4276	541	1387	675	1976	41	102	6666	960	4487	0,100,0,0,0,0	26030	352	663	63891	3316	19921	99335,99340,97771,44008,44008,44008,44008	3	43	26848,26118,13106,0,0,0,0	76	76181
166624	1098	2196	1686	310	308	39	9	0	4546	542	1388	671	2109	38	104	7018	989	4657	0,100,0,0,0,0	26662	304	728	64529	3408	20184	99773,99777,98232,44633,44633,44633,44633	3	32	26848,26118,13831,0,0,0,0	81	75876
166186	1117	2197	1784	319	330	44	7	1	4824	543	1394	650	1945	38	111	7368	1070	4728	0,100,0,0,0,0	26704	305	701	65145	3498	20451	100173,100177,98656,45204,45204,45204,45204	3	46	26848,26118,14529,0,0,0,0	81	75569
165735	1133	2217	1838	345	343	42	8	1	5135	545	1404	636	2032	54	118	8005	1131	4795	0,100,0,0,0,0	27808	296	744	65792	3601	20701	100608,100614,99119,45809,45809,45809,45809	4	33	26848,26118,15272,0,0,0,0	81	75251
165366	1099	2228	1950	362	351	44	7	1	5381	546	1411	627	1968	42	122	8482	1232	4809	0,100,0,0,0,0	27993	322	665	66371	3691	20981	100977,100983,99514,46333,46333,46333,46333	4	38	26848,26118,15937,0,0,0,0	94	74957
164968	1103	2245	2016	383	366	42	8	1	5654	547	1413	662	1976	39	117	8383	1248	4915	0,100,0,0,0,0	28203	276	733	67010	3791	21230	101392,101398,99956,46909,46909,46909,46909	4	44	26848,26118,16671,0,0,0,0	83	74620
164600	1104	2296	2041	369	376	42	11	1	5942	547	1417	670	2019	49	116	8257	1253	4986	0,100,0,0,0,0	27297	316	737	67661	3882	21498	101807,101814,100402,47464,47464,47464,47464	4	30	26848,26118,17403,0,0,0,0	94	74305
164244	1098	2282	2101	403	378	43	11	1	6218	547	1420	652	1979	46	98	8683	1274	5042	0,100,0,0,0,0	27411	313	706	68279	3975	21755	102205,102211,100828,48004,48004,48004,48004	4	36	26848,26118,18097,0,0,0,0	104	74003
163870	1096	2362	2054	410	386	47	16	1	6532	547	1425	657	2088	46	120	9059	1296	5075	0,100,0,0,0,0	28619	330	736	68936	4064	22034	102614,102620,101268,48565,48565,48565,48565	4	53	26848,26118,18831,0,0,0,0	102	73650
163365	1197	2401	2082	421	400	53	24	1	6822	548	1432	628	1936	48	135	9158	1347	5231	0,100,0,0,0,0	19744	455	870	69690	4186	22451	103131,103136,101817,49260,49260,49260,49260	5	41	26848,26118,19700,0,0,0,0	104	73281
162889	1293	2465	2074	437	391	52	26	1	7132	550	1436	583	1944	43	129	9155	1350	5388	0,100,0,0,0,0	19505	505	867	70454	4298	22906	103687,103691,102407,50008,50008,50008,50008	5	50	26848,26118,20570,0,0,0,0	110	72913
162441	1354	2551	2084	408	397	55	26	1	7436	553	1440	569	1908	46	129	9166	1357	5518	0,100,0,0,0,0	19379	492	856	71177	4440	23360	104229,104233,102985,50731,50731,50731,50731	5	32	26848,26118,21422,0,0,0,0	109	72583
161996	1373	2625	2125	427	394	58	24	0	7725	556	1443	567	2000	41	142	9233	1351	5675	0,100,0,0,0,0	19581	492	864	71916	4571	23804	104791,104796,103584,51472,51472,51472,51472	5	40	26848,26118,22280,0,0,0,0	127	72250
161696	1336	2659	2187	425	411	61	24	1	7942	559	1445	538	1955	52	133	9257	1353	5750	0,100,0,0,0,0	27885	522	779	72595	4674	24276	105282,105286,104113,52100,52100,52100,52100	5	33	26848,26118,23051,0,0,0,0	118	71918
161355	1305	2671	2270	446	422	64	27	2	8175	560	1449	566	1987	49	126	9015	1393	5812	0,100,0,0,0,0	27387	548	798	73305	4770	24768	105818,105824,104687,52783,52783,52783,52783	5	48	26848,26118,23852,0,0,0,0	123	71592
160945	1312	2754	2294	483	426	65	29	2	8420	562	1454	534	1963	49	163	8922	1449	5914	0,100,0,0,0,0	19615	531	913	74078	4914	25239	106407,106410,105316,53538,53538,53538,53538	5	36	26848,26118,24751,0,0,0,0	126	71251
160506	1373	2790	2404	474	444	67	33	2	8630	565	1458	515	1914	44	168	8853	1499	6086	0,100,0,0,0,0	19016	662	974	74920	5050	25849	107026,107030,105979,54312,54312,54312,54312	5	40	26848,26118,25719,0,0,0,0	113	70864
160130	1419	2781	2475	456	461	66	37	3	8892	566	1460	538	2047	46	157	9133	1533	6162	0,100,0,0,0,0	19262	677	915	75709	5182	26452	107666,107671,106663,55108,55108,55108,55108	5	45	26848,26118,26631,0,0,0,0	136	70544
159709	1467	2851	2499	436	457	69	37	3	9182	570	1466	514	1897	44	152	9916	1564	6252	0,100,0,0,0,0	19846	662	946	76518	5327	27046	108315,108321,107355,55934,55934,55934,55934	5	47	26848,26118,27572,0,0,0,0	132	70195
159196	1522	2945	2543	439	479	68	38	4	9469	573	1470	536	1991	56	136	9806	1548	6486	0,100,0,0,0,0	19784	649	1021	77402	5469	27637	109022,109030,108105,56835,56835,56835,56835	5	48	26848,26118,28585,0,0,0,0	126	69804
158859	1483	2981	2579	465	487	67	38	4	9736	576	1471	536	2003	52	123	10233	1541	6559	0,100,0,0,0,0	28417	679	898	78187	5590	28245	109618,109625,108745,57581,57581,57581,57581	5	42	26848,26118,29479,0,0,0,0	140	69436
158653	1396	2963	2559	486	544	64	35	6	9988	579	1473	556	1925	56	160	9811	1541	6506	0,100,0,0,0,0	28610	631	820	78900	5708	28824	110149,110156,109325,58243,58243,58243,58243	5	43	26848,26118,30296,0,0,0,0	140	69066
158260	1420	3030	2616	466	526	68	34	4	10266	581	1475	541	2004	59	165	10063	1576	6584	0,100,0,0,0,0	20335	665	1008	79745	5878	29439	110795,110803,110022,59048,59048,59048,59048	6	47	26848,26118,31296,0,0,0,0	138	68661
157867	1501	3046	2624	474	538	65	32	4	10531	585	1479	521	1981	53	164	10649	1652	6628	0,100,0,0,0,0	20486	872	1008	80597	6043	30234	111464,111472,110741,59866,59866,59866,59866	6	53	26848,26118,32292,0,0,0,0	139	68285
157435	1529	3057	2686	492	568	68	36	2	10802	589	1482	549	1872	49	147	10841	1649	6787	0,100,0,0,0,0	20992	892	1026	81481	6190	31064	112204,112212,111528,60797,60797,60797,60797	6	44	26848,26118,33304,0,0,0,0	135	67856
157064	1551	3108	2746	503	572	66	35	2	11020	592	1487	547	1993	61	196	10867	1663	6918	0,100,0,0,0,0	21193	899	1041	82356	6361	31902	112936,112944,112313,61715,61715,61715,61715	6	62	26848,26118,34326,0,0,0,0	144	67436
156707	1565	3194	2800	533	567	59	39	2	11198	592	1490	583	1981	58	173	10884	1695	7062	0,100,0,0,0,0	21390	899	1051	83242	6533	32731	113700,113708,113131,62646,62646,62646,62646	6	44	26848,26118,35363,0,0,0,0	131	67034
156569	1483	3169	2845	547	581	64	43	2	11355	595	1493	582	2044	68	145	10188	1661	7071	0,100,0,0,0,0	29253	872	887	83970	6698	33534	114307,114316,113795,63380,63380,63380,63380	6	41	26848,26118,36237,0,0,0,0	132	66666
156322	1438	3112	2898	555	577	68	40	2	11632	600	1502	574	1952	73	157	10420	1652	7036	0,100,0,0,0,0	28713	994	898	84733	6841	34354	114936,114946,114476,64164,64164,64164,64164	6	54	26848,26118,37130,0,0,0,0	147	66304
156048	1466	3105	2861	559	575	63	44	2	11914	605	1504	562	1977	65	199	11323	1769	6904	0,100,0,0,0,0	21614	937	981	85533	7031	35115	115615,115628,115212,64998,64998,64998,64998	6	46	26848,26118,38096,0,0,0,0	124	65986
155821	1467	3114	2843	546	580	67	44	4	12143	608	1509	545	1977	40	181	12274	1826	6835	0,100,0,0,0,0	22038	1660	974	86344	7200	36602	116273,116288,115931,65766,65766,65766,65766	6	34	26848,26118,39063,0,0,0,0	132	65627
155634	1491	3082	2870	533	564	70	45	5	12333	610	1509	558	1988	59	176	12387	1841	6814	0,100,0,0,0,0	22760	1712	937	87108	7380	38139	117107,117120,116820,66815,66815,66815,66815	6	50	26848,26118,39985,0,0,0,0	141	65312
155417	1462	3126	2868	523	557	73	52	6	12534	613	1515	542	1989	47	160	12311	1819	6842	0,100,0,0,0,0	22807	1720	964	87895	7565	39673	117963,117976,117732,67904,67904,67904,67904	6	38	26848,26118,40930,0,0,0,0	135	64972
155215	1524	3100	2841	509	516	81	50	8	12769	618	1515	542	1971	61	174	12149	1744	6877	0,100,0,0,0,0	22649	1730	955	88670	7755	41239	118799,118812,118628,68969,68969,68969,68969	6	40	26848,26118,41872,0,0,0,0	150	64625
155231	1422	3047	2810	489	508	80	52	7	12958	622	1520	529	1909	53	145	11832	1673	6735	0,100,0,0,0,0	30083	1705	790	89327	7893	42752	119532,119543,119419,69860,69860,69860,69860	6	37	26848,26118,42647,0,0,0,0	162	64361
155232	1344	3014	2823	498	526	79	54	6	13020	627	1523	528	1968	58	151	11240	1632	6706	0,99,0,0,0,0	29725	1709	809	90013	8050	44301	120268,120281,120219,70747,70747,70747,70747	6	49	26848,26118,43437,29,0,0,0	166	64036
155105	1334	2973	2834	504	575	76	53	6	13127	632	1527	521	1912	53	167	11240	1661	6688	0,99,0,0,0,0	21767	1721	890	90761	8218	45871	121087,121101,121096,71736,71736,71736,71736	6	27	26848,26118,44299,52,0,0,0	150	63708
155095	1344	2869	2846	524	564	80	55	4	13200	635	1530	515	1957	54	181	11071	1677	6605	0,98,1,0,0,0	21467	848	852	91493	8368	46574	121894,121908,121966,72662,72662,72662,72662	6	42	26848,26118,45123,89,0,0,0	153	63392
155069	1349	2897	2825	511	551	83	48	3	13232	646	1532	512	2003	58	182	10292	1655	6609	0,98,1,0,0,0	20982	840	863	92195	8552	47260	122452,122464,122585,73222,73222,73222,73222	6	41	26848,26118,45953,124,0,0,0	145	63075
155032	1361	2883	2762	501	527	89	51	3	13351	652	1534	512	2001	50	148	10038	1610	6564	0,97,2,0,0,0	20595	851	873	92892	8755	47965	123001,123016,123198,73771,73771,73771,73771	6	42	26848,26118,46776,173,0,0,0	150	62754
155024	1367	2860	2736	495	528	87	53	4	13399	655	1538	488	1920	50	164	9661	1584	6542	0,97,2,0,0,0	20367	880	858	93585	8948	48690	123549,123564,123810,74307,74307,74307,74307	6	44	26848,26118,47581,236,0,0,0	159	62432
155189	1244	2748	2780	474	528	87	53	4	13438	659	1542	499	1958	58	143	9225	1543	6371	0,96,3,0,0,0	28012	889	701	94135	9103	49413	123996,124010,124318,74717,74717,74717,74717	6	38	26848,26118,48218,278,0,0,0	158	62168
155334	1132	2712	2763	465	496	90	42	6	13492	669	1545	522	1977	48	136	8876	1485	6215	0,96,3,0,0,0	27524	898	693	94681	9253	50169	124445,124458,124824,75139,75139,75139,75139	6	45	26848,26118,48835,336,0,0,0	158	61899
155354	1153	2671	2675	465	505	84	37	7	13573	674	1548	517	1971	40	167	9811	1519	6071	0,95,4,0,0,0	19764	840	822	95322	9438	50876	124961,124974,125402,75655,75654,75654,75654	6	36	26848,26118,49564,410,0,0,0	149	61585
155505	1202	2536	2629	476	500	82	38	6	13542	676	1554	499	1946	52	144	10382	1521	5942	0,94,5,0,0,0	20346	661	769	95914	9619	51387	125427,125439,125931,76071,76071,76071,76071	6	32	26848,26118,50243,471,0,0,0	141	61316
155648	1171	2492	2575	464	492	83	31	6	13543	684	1557	496	1949	49	160	10845	1513	5795	0,94,5,0,0,0	20982	728	725	96477	9785	51962	125823,125836,126388,76384,76384,76384,76384	6	34	26848,26118,50872,547,0,0,0	129	61066
155775	1140	2449	2478	492	453	84	30	7	13589	690	1559	518	2022	47	134	10863	1490	5636	0,93,6,0,0,0	20959	772	691	96994	9964	52561	126171,126185,126793,76693,76692,76692,76692	5	35	26848,26118,51457,632,0,0,0	123	60790
155916	1152	2356	2468	460	456	82	28	8	13562	694	1564	505	1949	38	146	10777	1451	5551	0,93,6,0,0,0	21014	751	727	97528	10158	53170	126560,126575,127240,77034,77032,77032,77032	5	38	26848,26118,52054,721,0,0,0	133	60523
156184	1092	2302	2364	447	438	81	29	8	13538	697	1566	515	1975	48	110	10372	1367	5386	0,92,7,0,0,0	29112	769	621	98009	10304	53797	126896,126913,127635,77289,77286,77286,77286	5	45	26848,26118,52573,800,0,0,0	124	60274
156478	1012	2215	2330	428	427	80	28	6	13468	701	1573	479	1925	42	120	9849	1292	5228	0,91,8,0,0,0	28420	754	585	98435	10466	54390	127190,127205,127990,77485,77482,77482,77482	5	31	26848,26118,53041,899,0,0,0	125	60070
156676	1029	2173	2279	409	426	77	26	6	13364	706	1575	500	2003	60	149	10035	1314	5105	0,90,9,0,0,0	20112	774	694	98956	10642	55000	127544,127558,128402,77772,77768,77768,77768	5	34	26848,26118,53586,1023,0,0,0	116	59811
156946	1009	2100	2254	395	412	76	25	4	13235	711	1579	503	2007	31	109	10292	1282	4989	0,89,10,0,0,0	20367	399	617	99380	10835	55256	127845,127860,128763,77989,77983,77983,77983	5	26	26848,26118,54065,1132,0,0,0	118	59619
157166	1055	2006	2198	367	397	80	26	4	13152	715	1580	516	1960	37	145	9569	1256	4873	0,88,11,0,0,0	20105	272	645	99850	11013	55479	128087,128103,129061,78102,78094,78094,78094	5	31	26848,26118,54542,1274,0,0,0	122	59368
157468	1042	1945	2114	366	388	78	26	4	13017	717	1581	509	1991	40	113	9137	1175	4784	0,86,13,0,0,0	19637	231	600	100282	11186	55710	128279,128295,129311,78134,78124,78124,78124	5	19	26848,26118,54977,1420,0,0,0	119	59133
157687	1031	1917	2071	362	383	76	25	5	12888	719	1582	508	1908	42	115	8522	1122	4743	0,85,14,0,0,0	19148	254	626	100740	11363	55964	128501,128519,129587,78238,78227,78227,78227	4	28	26848,26118,55424,1581,0,0,0	122	58871
158009	970	1907	1977	359	347	74	32	5	12759	720	1587	510	2012	41	113	8133	1070	4596	0,84,15,0,0,0	26764	260	556	101123	11539	56224	128659,128676,129802,78266,78252,78252,78252	4	40	26848,26118,55826,1718,0,0,0	117	58630
158297	907	1894	1940	338	332	66	25	5	12621	729	1592	521	1995	29	106	8092	1063	4439	0,82,17,0,0,0	26867	277	566	101498	11731	56501	128847,128868,130044,78345,78329,78329,78329	4	35	26848,26118,56197,1880,0,0,0	113	58409
158465	963	1838	1922	343	322	63	26	7	12468	731	1598	517	2022	49	94	8013	1000	4477	0,80,19,0,0,0	18489	246	633	101924	11940	56747	129076,129099,130323,78497,78478,78478,78478	4	31	26848,26118,56598,2091,0,0,0	114	58151
158626	975	1856	1881	326	324	60	29	8	12328	732	1601	517	1921	32	114	8319	1025	4426	0,78,21,0,0,0	18354	91	616	102333	12151	56838	129290,129311,130583,78622,78600,78600,78600	4	20	26848,26118,56957,2329,0,0,0	114	57907
158890	918	1846	1855	317	306	56	29	6	12182	735	1606	464	1902	37	97	8106	953	4374	0,76,23,0,0,0	27777	107	540	102695	12332	56945	129431,129452,130772,78625,78600,78600,78600	4	29	26848,26118,57266,2543,0,0,0	109	57694
159198	901	1845	1809	314	306	54	26	7	11940	737	1609	483	1945	34	116	7804	966	4289	0,73,26,0,0,0	27744	102	577	103053	12555	57047	129544,129567,130938,78614,78586,78586,78586	4	28	26848,26118,57582,2782,0,0,0	106	57471
159466	872	1800	1781	315	316	49	24	7	11765	739	1612	482	1930	29	88	7800	926	4231	0,72,27,0,0,0	26322	73	545	103416	12742	57120	129665,129685,131106,78603,78572,78572,78572	4	30	26848,26118,57877,3017,0,0,0	104	57247
159716	881	1714	1767	310	308	49	24	7	11614	741	1615	471	2013	42	103	7070	889	4164	0,70,29,0,0,0	26156	94	547	103765	12942	57214	129780,129799,131266,78610,78575,78575,78575	4	32	26848,26118,58150,3274,0,0,0	104	57027
159988	865	1639	1742	280	318	43	23	9	11481	742	1616	479	1977	41	90	6995	861	4049	0,67,32,0,0,0	25474	121	504	104070	13146	57335	129863,129881,131394,78578,78539,78539,78539	4	25	26848,26118,58379,3536,0,0,0	91	56830
160217	872	1663	1729	256	296	40	25	10	11276	743	1619	478	1921	28	113	6752	869	4012	0,63,36,0,0,0	26719	97	572	104411	13381	57432	129964,129987,131543,78606,78561,78561,78561	4	39	26848,26118,58618,3856,0,0,0	86	56603
160417	889	1610	1717	253	272	37	27	9	11147	746	1622	475	1926	47	92	6606	812	3993	0,61,38,0,0,0	26719	84	557	104763	13587	57516	130059,130084,131681,78626,78575,78575,78575	4	30	26848,26118,58836,4181,0,0,0	83	56365
160633	893	1542	1724	231	277	43	32	8	10992	747	1624	494	1984	35	78	6190	805	3937	0,58,41,0,0,0	26384	73	542	105106	13791	57589	130150,130174,131816,78627,78570,78570,78570	4	26	26848,26118,59051,4500,0,0,0	96	56135
160862	931	1553	1678	221	283	41	31	7	10758	751	1630	496	1977	36	94	6211	804	3934	0,54,45,0,0,0	26484	72	579	105461	14020	57661	130245,130270,131954,78634,78572,78572,78572	4	27	26848,26118,59236,4885,0,0,0	98	55907
161013	968	1521	1647	219	282	41	23	6	10633	760	1633	517	1966	43	79	6193	755	3946	0,51,48,0,0,0	26275	66	607	105830	14265	57727	130342,130369,132092,78687,78619,78619,78619	4	40	26848,26118,59435,5279,0,0,0	95	55658
161193	954	1558	1662	206	242	44	24	5	10462	762	1634	510	1955	37	84	6097	760	3930	0,49,50,0,0,0	25109	80	573	106173	14497	57807	130437,130468,132227,78735,78659,78659,78659	4	30	26848,26118,59615,5661,0,0,0	89	55436
161366	932	1597	1624	205	214	40	24	4	10338	765	1637	514	1907	29	68	6003	721	3915	0,46,53,0,0,0	24809	75	567	106489	14751	57882	130507,130539,132335,78760,78677,78677,78677	4	36	26848,26118,59761,6059,0,0,0	88	55226
161426	1043	1628	1634	202	198	38	24	4	10142	767	1640	509	1928	38	54	6177	677	4090	0,43,56,0,0,0	16285	78	678	106847	15075	57960	130612,130643,132475,78873,78781,78781,78781	4	31	26848,26118,59920,6565,0,0,0	85	54979
161431	1143	1616	1677	209	191	34	27	3	10007	767	1641	522	1962	38	74	5961	673	4224	0,40,59,0,0,0	15855	249	707	107258	15374	58209	130743,130775,132636,79035,78932,78932,78932	4	40	26848,26118,60078,7103,0,0,0	85	54695
161385	1162	1724	1686	227	194	33	27	4	9890	769	1645	532	1957	36	74	5857	660	4393	0,37,62,0,0,0	16000	285	722	107635	15720	58494	130909,130941,132830,79257,79144,79144,79144	4	36	26848,26118,60231,7660,0,0,0	86	54437
161262	1240	1805	1687	209	211	36	27	5	9846	770	1648	523	1953	38	81	5588	648	4567	0,33,66,0,0,0	15982	254	790	108061	16090	58748	131104,131136,133054,79553,79432,79432,79432	4	32	26848,26118,60365,8305,0,0,0	85	54136
161144	1364	1895	1672	205	225	32	21	6	9752	776	1654	525	1982	47	96	5957	676	4738	0,30,69,0,0,0	16048	269	850	108531	16476	59017	131307,131342,133290,79868,79737,79737,79737	4	50	26848,26118,60493,9017,0,0,0	82	53808
161028	1372	1955	1763	218	215	31	21	5	9704	778	1656	518	1931	43	77	5879	698	4877	0,28,71,0,0,0	24901	272	790	108950	16853	59289	131481,131517,133488,80170,80026,80026,80026	4	52	26848,26118,60615,9675,0,0,0	78	53500
160856	1379	2050	1844	223	208	34	20	7	9688	779	1658	500	2011	44	84	5715	712	5046	0,25,74,0,0,0	24658	300	844	109387	17269	59589	131697,131733,133730,80530,80374,80374,80374	5	53	26848,26118,60725,10401,0,0,0	79	53201
160459	1568	2106	1992	208	212	32	18	8	9703	781	1659	506	2005	61	79	5652	717	5419	0,22,77,0,0,0	15628	301	1019	109898	17795	59890	131975,132013,134030,81030,80860,80860,80860	5	50	26848,26118,60820,11316,12,0,0	75	52856
160020	1716	2234	2096	209	213	26	17	8	9761	782	1664	510	1957	72	82	5679	761	5750	0,20,79,0,0,0	15742	338	1071	110461	18332	60228	132279,132316,134352,81565,81381,81381,81381	5	56	26848,26118,60926,12274,31,0,0	75	52477
159542	1858	2391	2164	207	225	29	16	7	9856	785	1666	532	2012	64	68	5877	806	6084	0,18,81,0,0,0	15965	358	1125	111017	18924	60586	132572,132611,134664,82117,81918,81918,81918	5	45	26848,26118,61038,13278,48,0,0	76	52081
159035	1978	2566	2269	226	225	27	16	6	9943	786	1669	499	1845	50	91	6243	865	6442	0,15,82,1,0,0	16156	351	1210	111612	19565	60937	132871,132912,134984,82725,82509,82509,82509	5	52	26848,26118,61128,14378,77,0,0	75	51649
158366	2075	2806	2324	229	242	25	17	7	10196	786	1673	475	1951	78	97	6309	859	6859	0,14,84,1,0,0	16391	364	1277	112254	20224	61301	133218,133260,135345,83420,83187,83187,83187	6	63	26848,26118,61203,15545,119,0,0	61	51198
157694	2168	2926	2537	257	254	23	18	6	10397	789	1677	494	1990	64	98	6387	940	7243	0,12,85,1,0,0	25054	362	1280	112877	20906	61663	133572,133617,135712,84123,83871,83871,83871	6	64	26848,26118,61257,16743,163,0,0	72	50776
157122	2139	3080	2690	272	276	21	22	5	10650	791	1678	469	1927	69	86	6354	974	7526	0,11,86,2,0,0	25373	350	1252	113488	21557	62013	133868,133911,136018,84763,84490,84490,84490	6	82	26848,26118,61323,17895,200,0,0	83	50321
156151	2411	3254	2870	273	266	21	24	5	10996	792	1683	489	2016	86	132	6726	1072	8047	0,10,87,2,0,0	16788	353	1644	114286	22412	62366	134325,134371,136481,85685,85392,85392,85392	7	89	26848,26118,61402,19409,237,0,0	92	49766
155187	2727	3322	3089	269	277	23	25	5	11346	793	1683	480	1957	78	112	7299	1132	8600	0,9,88,2,0,0	17359	338	1649	115089	23272	62704	134764,134807,136926,86603,86287,86287,86287	7	81	26848,26118,61472,20938,279,0,0	91	49195
154124	2877	3672	3209	299	293	24	20	8	11735	799	1686	494	1930	89	111	7806	1184	9210	0,8,89,2,0,0	17802	346	1776	115913	24244	63050	135228,135273,137397,87628,87284,87283,87283	8	77	26848,26118,61531,22586,346,0,0	83	48613
153016	2988	4003	3359	326	342	23	17	7	12169	804	1692	501	1956	96	118	8132	1290	9768	0,7,90,2,0,0	18205	354	1860	116774	25251	63404	135697,135745,137870,88680,88308,88308,88308	8	93	26848,26118,61572,24336,409,0,0	77	47981
151739	3226	4285	3644	346	346	20	17	6	12613	806	1698	531	1881	96	146	8353	1419	10465	0,6,90,2,0,0	18499	334	2068	117716	26391	63738	136239,136286,138414,89871,89468,89467,89467	9	106	26848,26118,61632,26271,480,0,0	81	47306
150685	3283	4426	3916	365	363	21	21	7	13149	807	1703	538	2023	114	127	8743	1500	10895	0,5,91,2,0,0	27131	327	1858	118576	27407	64065	136668,136714,138845,90930,90490,90489,90489	9	88	26848,26118,61679,28025,544,0,0	98	46682
149483	3201	4732	4177	370	387	25	25	8	13821	807	1710	526	1952	117	137	8985	1552	11365	0,5,91,3,0,0	27343	339	2002	119507	28490	64404	137153,137196,139328,92080,91605,91603,91603	10	134	26848,26118,61723,29893,631,0,0	114	46001
147879	3598	4916	4460	377	396	26	25	8	14540	809	1712	512	2020	134	163	9552	1658	12140	0,4,92,3,0,0	19679	371	2422	120554	29881	64775	137783,137826,139950,93525,93014,93011,93011	10	132	26848,26118,61762,32159,744,0,0	119	45274
146385	4007	4942	4750	413	413	32	23	10	15247	809	1715	489	1922	126	163	10100	1791	12789	0,3,92,3,0,0	20204	341	2415	121636	31236	65116	138375,138423,140539,94968,94413,94409,94409	11	108	26848,26118,61800,34415,861,0,0	119	44483
144909	4138	5188	5011	428	424	34	25	8	16051	812	1718	470	1915	135	153	10539	1846	13402	0,3,92,4,0,0	20589	320	2443	122658	32667	65436	138938,138985,141093,96405,95804,95799,95799	11	117	26848,26118,61834,36663,1007,0,0	114	43734
143369	4205	5619	5122	435	446	36	25	7	16949	814	1719	474	1895	118	175	10756	1913	13975	0,3,92,4,0,0	20942	342	2535	123766	34108	65778	139528,139569,141671,97899,97249,97244,97244	12	128	26848,26118,61866,39012,1152,0,0	115	42909
141609	4380	6025	5365	429	452	36	21	12	17877	816	1724	473	1982	140	199	11171	1964	14744	0,2,92,4,0,0	21424	346	2767	125016	35644	66124	140196,140240,142329,99580,98880,98873,98873	13	140	26848,26118,61896,41604,1283,0,0	117	41984
140209	4393	6164	5732	444	466	39	19	13	18723	818	1726	460	1985	157	173	11421	2050	15207	0,2,92,4,0,0	29686	334	2487	126049	37121	66458	140732,140778,142855,101036,100280,100272,100272	13	139	26848,26118,61914,43890,1448,0,0	119	41202
138917	4229	6273	6049	464	499	38	17	14	19697	819	1730	461	1946	136	189	12038	2167	15402	0,2,92,5,0,0	29907	325	2472	127127	38531	66783	141246,141297,143358,102467,101651,101641,101641	14	133	26848,26118,61936,46161,1615,0,0	136	40407
137106	4528	6426	6233	499	553	42	17	14	20774	821	1733	469	1866	185	233	12122	2285	16013	0,1,92,5,0,0	22163	318	2968	128381	40266	67101	141936,141985,144025,104229,103354,103343,103343	14	156	26848,26118,61953,48890,1819,0,0	121	39504
135526	4758	6418	6453	505	545	40	19	13	21910	822	1737	487	1964	157	250	13199	2443	16295	0,1,92,5,0,0	23172	144	2822	129588	41897	67245	142553,142605,144627,105909,104970,104956,104956	15	133	26848,26118,61974,51482,2005,0,0	134	38618
133925	4797	6687	6545	510	555	44	21	16	23084	823	1739	471	1941	158	251	13775	2537	16622	0,1,92,6,0,0	23728	113	2904	130853	43544	67358	143173,143226,145227,107570,106566,106550,106550	15	136	26848,26118,61992,54122,2212,0,0	146	37693
132517	4789	6875	6642	528	570	45	20	17	24175	826	1742	475	1987	151	238	13861	2575	16894	0,1,92,6,0,0	24050	141	2790	132044	45169	67499	143684,143735,145719,109156,108078,108060,108060	16	151	26848,26118,62003,56642,2451,0,0	154	36784
131125	4810	6962	6859	536	591	42	24	18	25208	828	1743	485	1889	155	220	14254	2627	17197	0,1,91,6,0,0	24076	128	2873	133219	46882	67627	144213,144260,146226,110766,109610,109589,109589	16	139	26848,26118,62018,59228,2691,0,0	126	35911
130039	4641	6863	7064	564	586	38	27	16	26333	829	1746	514	1954	174	222	14010	2593	17190	0,1,91,7,0,0	31956	140	2582	134275	48428	67767	144601,144648,146602,112157,110922,110897,110897	16	161	26848,26118,62023,61547,2901,0,0	147	35100
129044	4370	6937	7166	553	598	32	25	21	27420	832	1748	534	1929	172	222	14220	2608	17073	0,0,91,7,0,0	31952	124	2543	135280	49987	67891	144950,144996,146942,113534,112216,112189,112189	17	177	26848,26118,62029,63830,3122,0,0	163	34318
127856	4557	6781	7271	570	601	33	27	22	28445	832	1751	502	1966	198	267	15027	2737	17103	0,0,90,8,0,0	24924	128	2872	136448	51703	68019	145412,145449,147384,115130,113726,113693,113693	18	160	26848,26118,62041,66326,3428,0,0	136	33440
126833	4706	6645	7198	593	603	43	27	22	29490	832	1754	517	2044	177	221	15456	2806	17009	0,0,90,8,0,0	25707	82	2743	137573	53348	68101	145838,145873,147795,116660,115162,115125,115125	18	143	26848,26118,62050,68764,3708,0,0	135	32605
125967	4537	6665	7177	601	613	43	21	25	30505	835	1757	517	1932	171	252	15956	2828	16829	0,0,90,9,0,0	25609	87	2608	138638	54908	68188	146203,146237,148139,118081,116489,116448,116448	18	151	26848,26118,62060,71026,4007,0,0	130	31808
125253	4461	6609	7098	595	594	45	25	25	31447	835	1759	514	1948	166	259	15553	2756	16671	0,0,89,9,0,0	26377	83	2600	139671	56492	68271	146506,146537,148430,119474,117785,117737,117737	18	139	26848,26118,62068,73261,4325,0,0	118	31012
124596	4367	6548	7217	581	596	47	25	25	32146	836	1762	511	1893	178	223	15250	2747	16634	0,0,88,10,0,0	25634	82	2573	140668	58081	68353	146789,146815,148698,120843,119054,118999,118999	18	134	26848,26118,62072,75442,4654,0,0	137	30259
124348	4094	6306	7238	548	573	44	27	25	32941	836	1766	471	1937	167	225	14900	2630	16200	0,0,88,11,0,0	32984	105	2169	141507	59420	68458	146934,146960,148834,121933,120041,119981,119981	18	140	26848,26118,62075,77273,4942,0,0	140	29605
124157	3756	6173	7183	552	549	38	28	26	33679	838	1767	489	1999	174	246	15102	2601	15678	0,0,88,11,0,0	32584	77	2128	142349	60724	68535	147067,147095,148961,123007,121010,120944,120944	18	139	26848,26118,62079,79083,5216,0,0	138	28942
123985	3628	6013	6861	535	528	39	24	25	34498	841	1769	496	1864	130	224	15717	2544	15084	0,0,87,11,0,0	25868	67	2163	143173	62084	68602	147193,147222,149078,124107,122006,121933,121933	18	127	26848,26118,62087,80880,5523,0,0	123	28297
123954	3665	5691	6748	515	538	39	22	23	34931	844	1776	481	1942	153	213	15536	2403	14815	0,0,86,12,0,0	25831	60	2204	144064	63415	68662	147320,147347,149194,125220,123001,122921,122921	18	113	26848,26118,62093,82685,5865,0,0	124	27598
123992	3531	5464	6508	506	532	44	20	23	35501	846	1779	495	1900	128	218	14793	2277	14328	0,0,85,13,0,0	25231	66	2013	144840	64668	68728	147418,147438,149283,126235,123906,123820,123820	17	104	26848,26118,62095,84268,6234,0,0	125	27020
124188	3402	5259	6318	500	542	44	26	19	35820	847	1781	467	1885	146	214	13832	2152	13939	0,0,85,14,0,0	24578	46	1955	145598	65885	68774	147462,147476,149325,127172,124732,124638,124638	17	108	26848,26118,62100,85803,6592,0,0	124	26436
124476	3351	4999	6050	511	511	47	23	21	36125	848	1784	457	2009	150	201	13832	2063	13429	0,0,84,15,0,0	23782	55	1879	146295	67082	68829	147471,147482,149331,128061,125513,125408,125408	16	121	26848,26118,62104,87263,6944,0,0	122	25895
125125	2969	4916	5818	491	463	48	19	18	36235	853	1791	449	1918	119	186	13343	1967	12757	0,0,83,15,0,0	31485	57	1580	146878	68091	68886	147373,147385,149237,128752,126090,125974,125974	16	88	26848,26118,62106,88475,7246,0,0	128	25457
125871	2628	4748	5618	467	445	48	15	19	36239	855	1793	456	1971	117	170	13370	1883	12086	0,0,82,17,0,0	31272	61	1509	147421	69073	68947	147245,147255,149114,129414,126634,126507,126507	15	105	26848,26118,62108,89618,7574,0,0	117	25043
126451	2636	4377	5368	489	430	46	13	20	36264	857	1795	484	1976	124	173	13546	1830	11529	0,0,81,18,0,0	23954	51	1627	148027	70106	68998	147170,147182,149046,130152,127261,127123,127123	15	80	26848,26118,62110,90801,7950,0,0	113	24561
127200	2621	4079	5250	459	412	40	12	16	36001	858	1798	487	1848	95	195	12867	1765	11108	0,0,80,19,0,0	23259	38	1522	148596	71068	69036	147060,147071,148943,130820,127818,127668,127668	14	92	26848,26118,62110,91938,8291,0,0	110	24126
128083	2513	3951	4941	418	402	36	13	16	35710	861	1802	523	1965	97	165	12012	1616	10658	0,0,79,20,0,0	22736	49	1455	149158	71968	69085	146889,146898,148783,131428,128311,128148,128148	13	90	26848,26118,62111,92966,8657,0,0	103	23679
129127	2329	3754	4719	370	395	28	15	13	35328	861	1807	529	2023	120	165	11403	1492	10118	0,0,78,21,0,0	21567	53	1295	149623	72806	69138	146689,146696,148596,131944,128713,128536,128536	13	69	26848,26118,62116,93854,8999,0,0	100	23323
130098	2214	3670	4457	348	402	27	15	14	34827	864	1810	543	1967	114	159	11424	1494	9639	0,0,77,22,0,0	21346	48	1304	150081	73665	69186	146495,146505,148409,132458,129122,128932,128932	12	81	26848,26118,62122,94749,9351,0,0	103	22974
131218	2071	3400	4246	329	394	25	19	12	34354	864	1814	555	1971	93	140	11028	1395	9089	0,0,75,23,0,0	29247	36	1131	150495	74391	69222	146258,146274,148185,132873,129428,129225,129225	12	62	26848,26118,62122,95495,9683,0,0	99	22635
132269	1928	3229	4038	318	378	28	17	14	33845	865	1817	571	1912	84	139	10739	1389	8547	0,0,74,24,0,0	29100	31	1109	150882	75118	69253	146036,146048,147975,133275,129727,129510,129510	11	59	26848,26118,62124,96214,10019,0,0	108	22334
133445	1893	3009	3833	305	323	22	17	15	33194	866	1824	575	1957	81	151	10616	1301	8101	0,0,73,26,0,0	20782	39	1122	151264	75865	69292	145790,145797,147740,133652,129997,129766,129766	11	62	26848,26118,62124,96900,10385,0,0	93	22022
134531	1810	2857	3662	300	314	28	16	18	32512	867	1831	548	2029	86	114	9887	1235	7752	0,0,72,27,0,0	20407	25	1008	151593	76550	69317	145562,145568,147525,133986,130239,129994,129994	10	60	26848,26118,62124,97547,10689,0,0	90	21772
135695	1740	2739	3479	274	287	32	19	18	31763	868	1832	549	1967	55	128	8971	1160	7410	0,0,71,28,0,0	19405	24	1022	151937	77234	69341	145292,145294,147268,134333,130488,130226,130226	9	55	26848,26118,62125,98191,11024,0,0	93	21493
136855	1663	2619	3305	258	280	32	16	17	30995	870	1836	558	1972	71	98	8719	1059	7114	0,0,69,30,0,0	18870	31	939	152280	77835	69372	145033,145034,147025,134635,130700,130420,130420	9	53	26848,26118,62125,98739,11367,0,0	93	21225
138077	1541	2589	3088	239	255	38	14	14	30180	873	1838	547	1963	73	107	8250	1007	6757	0,0,68,31,0,0	18519	21	906	152581	78442	69393	144754,144752,146755,134900,130874,130578,130578	9	45	26848,26118,62125,99241,11710,0,0	89	20997
139368	1467	2373	2944	252	248	37	13	10	29316	877	1841	555	1905	55	94	7946	927	6407	0,0,66,33,0,0	26428	22	791	152839	78979	69415	144464,144464,146480,135105,130988,130676,130676	8	57	26848,26118,62127,99654,12043,0,0	86	20793
140640	1345	2239	2787	244	236	33	11	14	28476	877	1844	532	2016	68	108	7370	856	6039	0,0,65,34,0,0	26172	16	741	153082	79482	69431	144170,144167,146204,135294,131088,130761,130761	8	49	26848,26118,62127,100058,12338,0,0	90	20607
141644	1413	2146	2656	233	220	29	10	15	27654	877	1849	537	1966	52	103	6544	747	5960	0,0,62,37,0,0	16880	16	925	153404	80088	69447	143963,143959,146007,135586,131302,130957,130957	8	46	26848,26118,62128,100519,12745,0,0	75	20374
142662	1464	2083	2493	209	216	27	7	16	26839	878	1852	540	1968	63	85	5627	639	5860	0,0,60,39,0,0	16136	11	851	153686	80659	69458	143736,143732,145796,135829,131469,131107,131107	7	45	26848,26118,62128,100894,13158,0,0	69	20157
143728	1420	2069	2401	224	211	19	9	14	25915	879	1857	528	1885	61	101	4743	594	5759	0,0,58,40,0,0	15241	7	841	153955	81238	69465	143475,143470,145549,136060,131620,131243,131243	7	52	26848,26118,62129,101281,13553,0,0	57	19946
144775	1378	2162	2275	206	192	14	8	15	24981	881	1859	543	1919	46	75	3938	531	5704	0,0,57,42,0,0	14595	5	829	154231	81803	69470	143224,143220,145312,136286,131776,131380,131380	7	48	26848,26118,62129,101666,13954,0,0	56	19721
145640	1416	2094	2274	222	211	12	6	16	24111	882	1862	540	1997	57	86	3572	489	5746	0,0,55,44,0,0	13784	8	860	154529	82373	69478	143025,143024,145124,136532,131961,131545,131545	6	43	26848,26118,62129,102022,14403,0,0	50	19487
146655	1318	2047	2248	225	202	16	9	13	23264	882	1867	523	1924	45	93	2900	470	5595	0,0,53,45,0,0	22383	8	686	154764	82827	69486	142779,142775,144892,136696,132058,131626,131626	6	29	26848,26118,62130,102328,14747,0,0	59	19300
147606	1201	2002	2222	200	205	17	10	13	22521	882	1867	529	2034	58	95	2314	427	5430	0,0,52,47,0,0	21775	13	720	154999	83319	69499	142532,142529,144662,136869,132173,131721,131721	5	31	26848,26118,62131,102623,15133,0,0	59	19110
148441	1300	1914	2192	201	200	21	10	15	21699	883	1870	531	2049	58	82	1791	429	5409	0,0,50,49,0,0	12088	5	807	155272	83859	69504	142344,142340,144489,137082,132335,131862,131862	5	46	26848,26118,62133,102903,15610,0,0	58	18894
149269	1358	1873	2083	198	205	19	9	14	20961	883	1874	529	1872	51	85	1455	414	5331	0,0,47,52,0,0	11574	14	787	155534	84392	69518	142142,142135,144299,137296,132495,132002,132002	4	31	26848,26118,62134,103178,16085,0,0	54	18692
150033	1340	1927	2061	189	194	19	8	14	20202	883	1876	510	1947	45	87	1256	383	5355	0,0,45,54,0,0	11215	20	808	155787	84951	69538	141957,141949,144123,137510,132661,132148,132148	4	51	26848,26118,62134,103458,16570,0,0	53	18493
150723	1346	1940	2020	172	190	18	7	13	19553	886	1878	533	1965	46	76	1213	358	5335	0,0,43,56,0,0	11177	19	799	156048	85498	69557	141796,141789,143970,137732,132839,132307,132307	4	40	26848,26118,62134,103693,17082,0,0	49	18294
151349	1366	1957	1975	193	173	22	6	10	18925	887	1883	561	1933	46	77	1193	354	5338	0,0,41,58,0,0	11261	28	806	156321	86034	69585	141641,141638,143826,137959,133027,132475,132475	4	39	26848,26118,62135,103954,17588,0,0	50	18081
152119	1238	1936	1973	200	188	20	7	9	18285	888	1883	565	2085	53	68	1146	352	5210	0,0,39,60,0,0	20562	16	653	156523	86489	69601	141446,141439,143642,138097,133125,132552,132552	4	37	26848,26118,62135,104148,18007,0,0	47	17920
152793	1153	1921	2013	216	176	16	8	8	17669	888	1885	571	1959	39	83	1152	347	5156	0,0,38,61,0,0	20308	17	692	156733	86977	69618	141266,141259,143470,138262,133254,132660,132660	4	38	26848,26118,62135,104338,18471,0,0	47	17746
153310	1252	1894	2026	200	171	16	9	9	17081	888	1890	574	1952	63	84	1141	345	5223	0,0,35,64,0,0	11250	22	836	156985	87562	69640	141134,141129,143343,138501,133464,132847,132847	4	47	26848,26118,62135,104535,19078,0,0	44	17553
153757	1339	1799	2014	194	184	16	7	8	16640	891	1897	577	1950	50	82	1146	362	5191	0,0,33,65,0,0	11227	0	804	157237	88118	69640	141014,141009,143229,138735,133670,133034,133034	4	37	26848,26118,62135,104724,19655,0,0	46	17345
154306	1329	1854	1997	175	175	14	10	5	16090	891	1900	591	1989	50	85	1140	362	5192	0,0,32,67,0,0	11352	0	772	157455	88677	69640	140873,140871,143099,138917,133829,133169,133169	4	42	26848,26118,62135,104903,20199,0,0	50	17175
154669	1349	1877	1947	166	177	13	9	8	15737	891	1903	578	1980	43	75	1120	359	5179	0,0,30,69,0,0	11265	0	804	157686	89254	69640	140772,140773,143004,139122,134015,133334,133334	4	44	26848,26118,62135,105066,20799,0,0	48	17001
155166	1321	1879	1915	184	187	13	10	7	15267	891	1906	587	2020	51	80	1109	361	5148	0,0,28,71,0,0	11029	0	738	157928	89753	69640	140665,140667,142907,139318,134193,133487,133487	3	25	26848,26118,62135,105198,21375,0,0	42	16818
155632	1265	1875	1876	191	188	14	10	8	14889	891	1907	588	1960	46	67	1096	342	5077	0,0,27,72,0,0	20776	0	696	158135	90248	69640	140538,140543,142787,139483,134340,133612,133612	4	46	26848,26118,62135,105329,21900,0,0	45	16652
156144	1122	1821	1905	200	184	13	11	7	14538	891	1910	578	1889	50	94	1109	348	4908	0,0,25,74,0,0	20381	0	619	158314	90692	69640	140392,140402,142649,139602,134445,133692,133692	4	41	26848,26118,62135,105426,22395,0,0	44	16508
156405	1192	1840	1879	203	198	14	13	6	14192	892	1912	619	2020	56	94	1129	348	4991	0,0,23,76,0,0	11214	0	804	158547	91272	69640	140319,140330,142578,139823,134656,133880,133880	4	43	26848,26118,62135,105553,23041,0,0	39	16333
156755	1293	1736	1859	212	193	14	12	6	13856	892	1918	639	2014	44	84	1154	359	4960	0,0,22,77,0,0	11232	0	738	158772	91789	69640	140218,140228,142483,140012,134838,134035,134035	4	50	26848,26118,62135,105658,23649,0,0	51	16164
156989	1255	1796	1797	214	199	11	13	6	13652	892	1922	626	2024	69	85	1148	341	4944	0,0,20,79,0,0	11319	0	744	158985	92328	69640	140128,140139,142392,140205,135025,134199,134199	4	42	26848,26118,62135,105756,24273,0,0	55	15992
157226	1232	1846	1788	221	193	8	12	5	13394	894	1927	630	1985	47	99	1190	376	4924	0,0,18,81,0,0	11277	0	757	159179	92893	69640	140055,140065,142323,140386,135208,134356,134356	4	37	26848,26118,62136,105836,24920,0,0	54	15843
157486	1232	1829	1804	215	179	10	11	6	13150	895	1929	627	1940	33	100	1201	376	4904	0,0,17,82,0,0	11315	0	742	159392	93424	69640	139963,139973,142232,140570,135388,134512,134512	4	30	26848,26118,62136,105917,25549,0,0	50	15677
157911	1128	1766	1842	206	185	12	14	6	12849	895	1932	617	1983	42	72	1167	339	4814	0,0,16,83,0,0	20301	0	599	159552	93866	69640	139833,139845,142109,140688,135506,134601,134601	4	36	26848,26118,62136,105984,26060,0,0	62	15558
158245	1070	1771	1847	183	168	15	13	5	12597	897	1935	620	2005	64	90	1173	339	4728	0,0,15,84,0,0	20429	0	653	159708	94369	69640	139704,139717,141986,140821,135639,134706,134706	3	41	26848,26118,62136,106056,26622,0,0	70	15427
158406	1150	1694	1887	186	172	19	13	4	12380	898	1937	626	2038	50	81	1180	367	4754	0,0,14,85,0,0	11239	0	725	159903	94901	69640	139637,139651,141919,141006,135829,134871,134871	4	45	26848,26118,62136,106109,27267,0,0	70	15280
158614	1180	1650	1832	197	183	16	11	8	12215	898	1942	648	1946	43	80	1193	352	4717	0,0,13,86,0,0	11135	0	706	160120	95394	69640	139573,139587,141859,141179,136013,135025,135025	3	33	26848,26118,62137,106161,27898,0,0	68	15117
158828	1131	1687	1751	207	197	16	9	7	12069	900	1944	650	1980	47	82	1162	366	4632	0,0,11,88,0,0	11330	0	669	160310	95877	69640	139480,139497,141770,141328,136174,135155,135155	3	39	26848,26118,62138,106211,28491,0,0	74	14965
158986	1139	1714	1704	196	176	18	10	7	11947	901	1948	650	1985	46	88	1155	357	4600	0,0,11,88,0,0	11368	0	676	160478	96390	69640	139415,139430,141704,141482,136344,135296,135296	3	39	26848,26118,62138,106265,29091,0,0	73	14842
159170	1131	1665	1735	181	178	22	11	7	11791	901	1954	637	1945	49	73	1141	347	4576	0,0,10,89,0,0	11114	0	659	160656	96878	69640	139348,139363,141642,141631,136508,135429,135429	3	35	26848,26118,62138,106305,29701,0,0	76	14705
159443	997	1667	1709	195	192	20	10	8	11646	901	1958	635	2011	48	67	1112	354	4436	0,0,9,90,0,0	20574	0	537	160796	97278	69640	139247,139261,141544,141720,136609,135499,135499	3	40	26848,26118,62138,106334,30189,0,0	69	14590
159744	917	1573	1685	188	195	20	8	10	11543	902	1961	636	1944	46	85	1107	361	4225	0,0,9,90,0,0	20459	0	525	160920	97683	69640	139138,139152,141439,141787,136694,135551,135551	3	38	26848,26118,62138,106364,30660,0,0	65	14485
160013	950	1464	1701	182	194	17	5	13	11340	902	1965	611	1992	45	73	1090	359	4154	0,0,8,91,0,0	11302	0	593	161073	98126	69640	139027,139042,141332,141896,136822,135643,135643	3	28	26848,26118,62138,106391,31209,0,0	58	14360
160205	955	1391	1678	187	183	15	5	13	11241	903	1970	603	2035	42	92	1112	366	4048	0,0,7,92,0,0	11136	0	562	161201	98563	69640	138947,138963,141256,141992,136937,135727,135727	3	25	26848,26118,62138,106410,31740,0,0	54	14260
160503	901	1408	1564	188	164	18	10	12	11103	903	1972	619	1929	51	66	1089	334	3919	0,0,7,92,0,0	11139	0	523	161325	98965	69640	138835,138850,141146,142069,137034,135789,135789	3	33	26848,26118,62138,106432,32221,0,0	50	14164
160730	879	1364	1474	170	179	17	12	11	11032	903	1975	587	1907	29	65	1069	334	3761	0,0,6,93,0,0	11200	0	510	161463	99345	69640	138750,138768,141067,142153,137137,135861,135861	3	20	26848,26118,62138,106453,32701,0,0	60	14052
160957	897	1314	1435	166	174	15	11	10	10883	905	1979	619	2007	29	84	1060	338	3674	0,0,6,93,0,0	11029	0	524	161579	99758	69640	138642,138658,140964,142216,137222,135914,135914	3	31	26848,26118,62138,106477,33183,0,0	53	13955
161334	827	1273	1358	166	151	22	10	7	10712	906	1980	627	1780	29	53	1031	295	3512	0,0,5,94,0,0	20441	0	421	161686	100078	69640	138506,138523,140836,142249,137278,135932,135932	3	17	26848,26118,62138,106486,33588,0,0	54	13866
161740	706	1231	1345	169	167	22	9	7	10457	906	1987	626	1999	25	77	997	306	3343	0,0,5,94,0,0	20433	0	384	161780	100369	69640	138372,138387,140708,142261,137313,135930,135930	2	21	26848,26118,62138,106493,33944,0,0	58	13793
161986	700	1168	1315	160	156	19	10	7	10324	907	1994	640	1926	24	72	977	293	3235	0,0,4,95,0,0	11124	0	451	161888	100714	69640	138257,138271,140596,142310,137380,135966,135966	2	27	26848,26118,62138,106505,34365,0,0	50	13701
162315	729	1067	1243	165	150	24	8	8	10131	909	1997	633	2077	39	70	964	281	3105	0,0,4,95,0,0	11061	0	416	161992	101027	69640	138131,138144,140474,142337,137430,135980,135980	2	26	26848,26118,62138,106519,34751,0,0	60	13620
162635	695	1049	1196	135	138	25	9	6	9950	909	1999	631	1975	24	70	923	282	2965	0,0,4,95,0,0	11104	0	393	162086	101327	69640	138012,138026,140361,142357,137471,135987,135987	2	28	26848,26118,62138,106527,35120,0,0	58	13540
162986	600	1036	1148	136	124	23	8	7	9765	909	2004	603	1869	25	52	899	257	2818	0,0,3,96,0,0	11034	0	329	162168	101574	69640	137881,137893,140236,142356,137492,135975,135975	2	14	26848,26118,62138,106534,35423,0,0	50	13473
163289	576	997	1110	136	108	22	7	6	9579	910	2006	597	2006	30	42	843	230	2726	0,0,3,96,0,0	10920	0	358	162251	101851	69640	137757,137770,140116,142362,137521,135970,135970	2	15	26848,26118,62138,106537,35761,1,0	37	13415
163743	521	893	1058	131	110	21	8	5	9338	910	2008	598	1874	20	48	821	214	2528	0,0,2,97,0,0	20203	0	263	162320	102047	69640	137595,137608,139963,142332,137512,135924,135924	2	16	26848,26118,62138,106540,36009,2,0	41	13354
164136	458	833	1022	124	114	19	9	5	9106	911	2009	600	2120	19	55	790	210	2369	0,0,2,97,0,0	20064	0	252	162384	102242	69640	137453,137465,139828,142299,137501,135879,135879	2	8	26848,26118,62138,106543,36244,9,0	39	13306
164485	429	770	981	110	99	11	7	6	8923	911	2014	585	1949	18	49	748	200	2207	0,0,2,97,0,0	10937	0	255	162432	102456	69640	137309,137321,139691,142247,137473,135819,135819	1	5	26848,26118,62138,106545,36482,16,0	32	13265
164845	431	695	920	110	98	9	8	6	8698	911	2015	617	1983	16	37	725	183	2088	0,0,1,97,0,0	10876	0	245	162492	102649	69640	137169,137182,139558,142213,137460,135774,135774	1	11	26848,26118,62138,106550,36711,23,0	26	13213
165148	427	672	852	103	91	9	8	7	8501	911	2017	624	2063	13	39	681	168	1994	0,0,1,96,1,0	10762	0	251	162552	102846	69640	137040,137053,139435,142192,137458,135744,135744	1	13	26848,26118,62138,106551,36952,31,0	25	13164
165537	392	625	798	88	82	6	8	5	8275	912	2018	640	1866	12	50	641	162	1837	0,0,1,96,2,0	10717	0	195	162603	102995	69640	136886,136899,139288,142135,137422,135676,135676	1	15	26848,26118,62138,106554,37133,42,0	26	13120
165877	334	617	752	86	82	9	7	7	8039	912	2024	640	1846	12	30	605	150	1737	0,0,1,96,2,0	10815	0	200	162647	103160	69640	136743,136756,139150,142077,137384,135609,135609	1	3	26848,26118,62138,106555,37315,49,0	20	13083
166249	323	556	700	71	89	8	5	9	7794	912	2030	620	1960	13	31	551	135	1617	0,0,1,95,2,0	19783	0	178	162698	103293	69640	136607,136621,139022,142033,137359,135554,135554	1	11	26848,26118,62138,106557,37481,57,0	21	13037
166680	269	496	665	74	74	8	6	9	7516	912	2037	644	1998	7	43	525	132	1460	0,0,1,95,3,0	19775	0	126	162725	103399	69640	136449,136462,138870,141956,137298,135463,135463	1	6	26848,26118,62138,106557,37595,69,0	21	13013
167082	224	462	610	76	62	8	4	9	7257	913	2039	625	2032	20	27	493	109	1337	0,0,1,94,3,0	10588	0	129	162761	103499	69640	136285,136297,138714,141878,137237,135372,135372	1	9	26848,26118,62138,106557,37714,78,0	19	12981
167472	203	388	557	67	61	7	6	8	7020	913	2044	621	2006	8	24	476	111	1178	0,0,1,94,4,0	10723	0	100	162788	103580	69640	136127,136140,138564,141794,137169,135277,135276	0	7	26848,26118,62138,106558,37803,91,0	15	12959
167867	181	341	503	62	62	7	4	9	6748	913	2049	626	1852	9	26	435	105	1055	0,0,0,93,5,0	10497	0	107	162811	103669	69640	135973,135986,138416,141710,137100,135182,135181	0	9	26848,26118,62138,106558,37895,102,0	16	12943
168272	163	309	460	50	49	8	4	8	6457	913	2053	627	1915	12	30	414	102	941	0,0,0,93,6,0	10515	0	95	162830	103746	69640	135814,135827,138264,141617,137024,135077,135077	0	4	26848,26118,62138,106558,37979,110,0	18	12929
168671	155	281	409	42	39	7	3	7	6162	913	2057	598	1898	11	16	392	85	851	0,0,0,91,7,0	10571	0	87	162853	103818	69640	135657,135669,138113,141526,136949,134975,134974	0	8	26848,26118,62138,106558,38059,124,0	19	12908
169048	143	252	382	41	33	9	3	8	5850	913	2064	608	1962	6	12	365	80	783	0,0,0,90,8,0	19657	0	74	162865	103884	69640	135504,135515,137968,141433,136872,134871,134870	0	4	26848,26118,62138,106558,38121,136,0	19	12896
169387	124	232	331	36	30	8	3	8	5606	913	2068	643	1952	10	14	324	78	686	0,0,0,89,9,0	19597	0	60	162877	103937	69640	135364,135375,137834,141337,136791,134765,134765	0	4	26848,26118,62138,106558,38171,147,0	18	12885
169731	115	214	297	32	30	7	3	7	5325	913	2072	653	1992	5	10	300	69	629	0,0,0,88,11,0	10299	0	69	162896	103995	69640	135210,135223,137687,141239,136709,134659,134658	0	6	26848,26118,62138,106558,38226,166,0	16	12868
170040	123	184	265	31	27	6	4	5	5072	913	2076	644	1968	5	13	276	60	580	0,0,0,88,11,0	10304	0	67	162912	104047	69640	135063,135075,137544,141148,136632,134560,134559	0	4	26848,26118,62138,106558,38290,169,0	14	12852
170353	106	192	243	23	19	5	4	4	4806	913	2078	645	1897	6	11	236	49	543	0,0,0,85,13,0	10410	0	57	162924	104101	69640	134921,134933,137408,141052,136550,134456,134455	0	1	26848,26118,62138,106558,38336,185,0	13	12841
170668	96	173	230	25	20	3	4	3	4528	913	2083	646	1819	5	8	210	45	506	0,0,0,84,15,0	10177	0	53	162930	104150	69640	134774,134787,137267,140949,136460,134344,134343	0	2	26848,26118,62138,106558,38371,200,0	11	12835
170969	98	167	210	23	22	3	2	2	4248	915	2087	659	1740	2	9	186	50	475	0,0,0,83,16,0	10258	0	61	162946	104197	69640	134629,134641,137127,140853,136377,134241,134240	0	6	26848,26118,62138,106558,38421,211,0	8	12822
171241	93	144	200	19	22	4	2	2	4011	915	2093	678	1859	1	6	160	41	443	0,0,0,82,17,0	19571	0	42	162958	104229	69640	134500,134511,137003,140763,136299,134145,134143	0	1	26848,26118,62138,106558,38458,218,0	5	12811
171515	76	141	180	17	19	3	1	3	3780	915	2096	693	1910	5	12	141	42	395	0,0,0,80,19,0	19613	0	32	162964	104258	69640	134373,134385,136881,140666,136211,134040,134038	0	2	26848,26118,62138,106558,38480,230,0	6	12805
171785	65	126	164	18	15	2	1	3	3555	915	2097	681	1878	4	4	127	34	357	0,0,0,77,22,0	10340	0	33	162972	104289	69640	134230,134242,136742,140559,136115,133927,133925	0	2	26848,26118,62138,106558,38500,247,0	3	12797
172007	63	113	145	17	14	2	0	3	3364	916	2102	644	1952	5	8	122	30	324	0,0,0,76,23,0	10332	0	38	162982	104321	69640	134106,134118,136623,140467,136032,133828,133825	0	4	26848,26118,62138,106558,38530,256,0	2	12790
172235	60	113	126	10	15	3	0	2	3158	916	2108	660	1924	3	5	108	28	299	0,0,0,75,24,0	10332	0	35	162995	104348	69640	133977,133989,136498,140374,135948,133728,133725	0	3	26848,26118,62138,106558,38553,272,0	3	12779
172451	61	99	123	10	13	2	0	1	2961	916	2109	654	1778	3	4	102	28	280	0,0,0,72,27,0	10152	0	28	163003	104371	69640	133845,133859,136370,140277,135860,133626,133623	0	1	26848,26118,62138,106558,38568,286,0	3	12772
172674	51	95	118	7	12	3	0	1	2756	916	2113	631	1840	3	2	93	24	262	0,0,0,71,28,0	10015	0	21	163008	104389	69640	133715,133728,136245,140173,135765,133517,133513	0	1	26848,26118,62138,106558,38584,291,0	3	12768
172863	51	83	114	5	9	2	0	0	2584	916	2119	630	1936	2	7	90	23	241	0,0,0,65,34,0	19449	0	24	163011	104415	69640	133597,133612,136133,140078,135678,133417,133413	0	2	26848,26118,62138,106558,38595,308,0	3	12766
173047	51	72	107	3	7	2	1	0	2418	916	2122	663	2012	2	2	80	20	223	0,0,0,60,39,0	19445	0	23	163013	104438	69640	133482,133497,136021,139982,135590,133318,133313	0	0	26848,26118,62138,106558,38607,319,0	2	12765
173219	40	73	91	8	7	2	1	0	2260	916	2129	675	1702	1	2	68	20	202	0,0,0,58,41,0	10018	0	14	163021	104450	69640	133364,133379,135905,139884,135499,133216,133210	0	0	26848,26118,62138,106558,38613,332,0	3	12761
173393	38	77	81	8	7	2	1	0	2088	916	2135	667	1907	0	3	64	18	196	0,0,0,56,43,0	10183	0	19	163027	104466	69640	133245,133259,135790,139788,135409,133116,133110	0	1	26848,26118,62138,106558,38621,345,0	4	12756
173538	39	70	82	11	7	0	0	1	1939	916	2143	692	2000	1	2	53	14	195	0,0,0,54,45,0	10110	0	23	163029	104490	69640	133129,133143,135676,139695,135323,133020,133013	0	1	26848,26118,62138,106558,38629,362,0	1	12754
173669	38	69	79	8	7	0	0	1	1812	916	2147	696	1823	1	4	51	10	191	0,0,0,53,46,0	10218	0	20	163033	104509	69640	133021,133035,135570,139601,135235,132922,132915	0	1	26848,26118,62138,106558,38640,370,0	1	12751
173788	39	64	79	11	7	0	0	0	1690	916	2152	682	1857	1	3	42	12	188	0,0,0,52,47,0	10154	0	22	163042	104526	69640	132910,132925,135463,139512,135150,132830,132822	0	0	26848,26118,62138,106558,38654,381,0	1	12743
173926	41	60	70	12	6	0	0	0	1557	916	2158	702	1785	1	4	40	9	180	0,0,0,49,50,0	19287	0	12	163049	104544	69640	132807,132822,135363,139425,135070,132740,132732	0	0	26848,26118,62138,106558,38661,399,0	1	12736
174052	40	59	65	7	6	0	0	0	1439	916	2162	666	1770	0	2	38	9	168	0,0,0,44,55,0	19424	0	14	163055	104558	69640	132705,132719,135262,139337,134987,132649,132641	0	1	26848,26118,62138,106558,38667,412,0	1	12732
174136	39	54	61	7	6	0	0	0	1360	916	2167	645	1813	1	4	38	7	160	0,0,0,43,56,0	10032	0	21	163063	104573	69640	132603,132617,135161,139251,134904,132561,132552	0	1	26848,26118,62138,106558,38676,424,0	0	12727
