S	E	I1	I2	I3	I4	I5_h	I6_h	R_h	R	D1	D2	H	T	P1	P2	Q	QT	NQ	MUT	HOM	VAC	NI	INF	REINF	BSTR	IMM	HCI	HCE	INFV	INFH	VNI
178061	125	114	54	62	57	9	2	0	261	1	0	195	0	0	0	73	73	350	0,0,0,0,0,0	178745	0	0	423	0	0	685,685,685,685,685,685,685	0	0	0,0,0,0,0,0,0	0	0
178006	98	171	56	57	55	9	2	0	285	1	6	330	328	2	96	202	84	364	0,0,0,0,0,0	12570	0	60	483	0	0	740,740,740,740,740,740,740	0	3	60,0,0,0,0,0,0	14	0
177925	111	207	62	47	55	12	3	0	308	1	15	401	254	1	27	693	109	388	0,0,0,0,0,0	13257	0	82	568	0	0	821,821,821,821,821,821,821	0	7	145,0,0,0,0,0,0	15	0
177849	132	228	73	50	56	14	3	0	324	1	16	472	83	2	9	781	122	434	0,0,0,0,0,0	13376	0	93	662	0	0	898,898,898,898,898,898,898	0	7	239,0,0,0,0,0,0	18	0
177782	142	248	76	51	59	15	2	1	351	1	18	553	245	0	12	845	137	456	0,0,0,0,0,0	25392	0	82	746	0	0	969,969,969,969,969,969,969	0	4	323,0,0,0,0,0,0	19	0
177723	125	268	105	58	67	15	4	1	357	1	22	587	259	1	15	1029	157	485	0,0,0,0,0,0	25632	0	80	826	0	0	1035,1035,1035,1035,1035,1035,1035	0	5	403,0,0,0,0,0,0	19	0
177621	148	286	113	62	74	15	5	1	392	1	28	621	317	0	27	1457	179	524	0,0,0,0,0,0	14154	0	114	942	0	0	1142,1142,1142,1141,1141,1141,1141	0	8	519,0,0,0,0,0,0	24	0
177550	143	294	125	75	79	17	5	1	428	1	28	663	272	1	25	1653	203	535	0,0,0,0,0,0	14413	0	101	1042	1	0	1221,1221,1221,1220,1220,1220,1220	0	7	620,0,0,0,0,0,0	29	0
177480	141	297	134	91	75	22	8	1	461	1	35	664	260	0	31	1983	238	530	0,0,0,0,0,0	14836	0	92	1133	2	0	1303,1302,1302,1300,1300,1300,1300	0	4	712,0,0,0,0,0,0	31	0
177394	138	305	159	98	79	21	8	1	503	1	39	698	93	1	36	2178	279	529	0,0,0,0,0,0	14996	0	104	1235	4	0	1397,1395,1395,1392,1392,1392,1392	0	6	816,0,0,0,0,0,0	39	0
177314	140	327	160	102	81	22	9	1	546	1	43	722	266	2	30	2398	301	540	0,0,0,0,0,0	15184	0	108	1344	4	0	1493,1491,1491,1482,1482,1482,1482	0	14	925,0,0,0,0,0,0	41	0
177235	153	344	158	92	79	24	11	1	602	1	46	739	256	1	19	2069	297	564	0,0,0,0,0,0	27007	0	110	1455	5	0	1587,1584,1584,1573,1573,1573,1573	0	5	1037,0,0,0,0,0,0	48	0
177168	139	336	173	98	89	25	11	1	652	1	53	712	101	4	24	2188	303	568	0,0,0,0,0,0	26921	0	89	1541	8	0	1667,1663,1663,1650,1650,1650,1650	0	6	1126,0,0,0,0,0,0	48	0
177105	143	331	195	101	85	26	12	2	689	1	56	717	222	1	35	2853	324	569	0,0,0,0,0,0	15547	0	109	1650	9	0	1759,1752,1752,1731,1731,1731,1731	1	9	1236,0,0,0,0,0,0	45	0
177025	152	327	206	96	91	25	15	1	750	1	57	720	112	4	30	3182	332	580	0,0,0,0,0,0	15904	0	115	1763	11	0	1862,1853,1853,1824,1824,1824,1824	1	11	1351,0,0,0,0,0,0	44	0
176931	172	343	203	94	91	28	17	1	803	1	62	710	238	2	36	3129	357	591	0,0,0,0,0,0	16284	0	129	1892	12	0	1979,1969,1969,1934,1934,1934,1934	1	10	1480,0,0,0,0,0,0	46	0
176849	177	352	200	81	105	28	17	1	866	2	68	684	148	2	26	3120	352	608	0,0,0,0,0,0	16065	0	116	2005	15	0	2085,2073,2073,2030,2030,2030,2030	1	9	1596,0,0,0,0,0,0	57	0
176772	180	348	218	80	117	28	16	1	909	3	74	700	272	3	38	3250	365	622	0,0,0,0,0,0	16215	0	128	2131	18	0	2203,2187,2187,2131,2131,2131,2131	1	7	1725,0,0,0,0,0,0	65	0
176693	181	362	215	82	117	29	16	2	962	4	83	692	328	2	36	3446	366	636	0,0,0,0,0,0	28163	0	116	2246	20	0	2316,2297,2297,2231,2231,2231,2231	1	8	1841,0,0,0,0,0,0	58	0
176631	184	350	232	97	115	31	15	3	996	5	87	674	234	0	27	3407	354	670	0,0,0,0,0,0	27892	0	109	2354	21	0	2415,2393,2393,2315,2315,2315,2315	1	14	1950,0,0,0,0,0,0	61	0
176558	194	353	239	89	113	31	17	4	1050	5	93	705	254	2	36	3164	360	676	0,0,0,0,0,0	16168	0	126	2478	24	0	2531,2505,2505,2413,2413,2413,2413	1	10	2077,0,0,0,0,0,0	60	0
176469	210	360	241	90	109	31	13	6	1113	8	96	717	238	1	40	3380	384	670	0,0,0,0,0,0	16180	0	140	2618	24	0	2660,2630,2630,2525,2525,2525,2525	1	17	2217,0,0,0,0,0,0	61	0
176396	212	385	241	100	108	33	14	5	1146	8	98	709	315	3	34	3156	392	701	0,0,0,0,0,0	16287	0	133	2751	25	0	2781,2747,2747,2625,2625,2625,2625	1	15	2351,0,0,0,0,0,0	64	0
176310	199	431	249	106	103	30	19	5	1185	8	101	684	239	2	32	2863	383	754	0,0,0,0,0,0	16082	0	149	2898	28	0	2922,2882,2882,2740,2740,2740,2740	1	16	2501,0,0,0,0,0,0	63	0
176240	202	442	256	97	115	34	15	7	1223	12	103	691	244	0	34	2957	365	796	0,0,0,0,0,0	15945	0	141	3038	30	0	3049,3003,3003,2842,2842,2842,2842	1	11	2641,0,0,0,0,0,0	58	0
176159	218	455	254	99	118	32	15	6	1273	12	105	696	271	1	37	2868	372	819	0,0,0,0,0,0	27403	0	156	3194	32	0	3189,3138,3138,2956,2956,2956,2956	1	16	2798,0,0,0,0,0,0	67	0
176093	205	473	261	95	123	32	12	6	1325	15	106	673	222	4	31	2808	371	830	0,0,0,0,0,0	27309	0	123	3318	32	0	3304,3248,3248,3048,3048,3048,3048	1	7	2922,0,0,0,0,0,0	64	0
175975	237	496	278	110	113	36	13	7	1360	15	106	611	252	1	38	2782	377	906	0,0,0,0,0,0	16055	0	194	3511	33	0	3483,3421,3421,3199,3199,3199,3199	1	13	3115,0,0,0,0,0,0	70	0
175874	267	513	293	121	117	33	13	5	1388	15	107	626	285	1	40	2919	411	946	0,0,0,0,0,0	15613	0	183	3694	34	0	3652,3583,3583,3336,3336,3336,3336	1	13	3298,0,0,0,0,0,0	69	0
175794	261	492	314	128	126	32	11	5	1452	17	114	627	259	2	36	3396	409	955	0,0,0,0,0,0	15922	0	156	3850	35	0	3803,3727,3727,3455,3455,3455,3455	2	24	3455,0,0,0,0,0,0	60	0
175688	252	515	325	136	130	33	11	6	1510	18	122	600	295	2	53	3380	437	965	0,0,0,0,0,0	16122	0	180	4028	37	0	3975,3892,3892,3596,3596,3596,3596	2	22	3634,0,0,0,0,0,0	57	0
175569	298	495	332	140	150	31	13	6	1567	19	126	613	252	2	55	3552	460	999	0,0,0,0,0,0	16244	0	193	4220	39	0	4160,4070,4070,3751,3751,3751,3751	2	15	3826,0,0,0,0,0,0	58	0
175486	288	513	327	130	147	31	16	6	1651	19	132	615	245	2	42	3419	469	983	0,0,0,0,0,0	27985	0	147	4366	42	0	4303,4207,4207,3866,3866,3866,3866	2	23	3972,0,0,0,0,0,0	64	0
175439	243	562	323	123	146	35	17	5	1697	20	136	599	266	1	44	3519	473	976	0,0,0,0,0,0	28217	0	136	4503	43	0	4429,4325,4325,3955,3955,3955,3955	2	11	4109,0,0,0,0,0,0	66	0
175328	258	590	338	144	143	34	16	7	1728	21	139	602	245	4	48	3983	490	1033	0,0,0,0,0,0	17048	0	213	4717	43	0	4635,4521,4521,4116,4116,4116,4116	2	27	4323,0,0,0,0,0,0	79	0
175190	296	591	349	166	163	32	17	6	1773	22	141	623	306	4	41	3995	488	1126	0,0,0,0,0,0	16752	0	232	4947	45	0	4853,4731,4731,4294,4294,4294,4294	2	23	4554,0,0,0,0,0,0	80	0
175085	308	586	345	180	182	35	18	5	1835	23	144	573	232	1	57	4370	525	1129	0,0,0,0,0,0	16714	0	210	5156	46	0	5057,4925,4925,4450,4450,4450,4450	2	29	4763,0,0,0,0,0,0	80	0
174979	309	628	359	176	168	38	19	4	1893	24	149	592	335	5	64	4476	544	1153	0,0,0,0,0,0	17142	0	217	5373	47	0	5264,5121,5121,4608,4608,4608,4608	2	17	4980,0,0,0,0,0,0	76	0
174866	342	627	390	181	177	41	18	4	1919	27	154	595	263	4	59	4594	568	1208	0,0,0,0,0,0	17482	0	241	5615	47	0	5498,5342,5342,4783,4783,4783,4783	3	33	5222,0,0,0,0,0,0	78	0
174789	331	669	403	170	176	41	23	5	1954	29	156	579	327	6	61	4667	587	1226	0,0,0,0,0,0	28808	0	205	5823	47	0	5695,5527,5527,4923,4923,4923,4923	3	15	5430,0,0,0,0,0,0	88	0
174706	347	659	415	180	185	45	24	3	1992	31	159	557	93	3	60	4916	599	1256	0,0,0,0,0,0	29067	0	210	6033	48	0	5894,5714,5714,5067,5067,5067,5067	3	17	5640,0,0,0,0,0,0	98	0
174571	366	700	418	176	187	48	23	3	2058	34	162	553	314	2	54	4699	593	1325	0,0,0,0,0,0	17957	0	264	6298	48	0	6151,5959,5959,5264,5264,5264,5264	3	24	5905,0,0,0,0,0,0	100	0
174436	361	735	425	195	204	50	26	2	2113	34	165	579	326	6	77	4760	670	1326	0,0,0,0,0,0	17646	0	244	6545	50	0	6389,6186,6186,5451,5451,5451,5451	3	26	6152,0,0,0,0,0,0	108	0
174283	354	792	429	205	205	55	29	2	2189	35	168	571	251	2	68	4744	708	1361	0,0,0,0,0,0	17750	0	272	6819	50	0	6657,6441,6441,5662,5662,5662,5662	3	26	6426,0,0,0,0,0,0	111	0
174101	397	805	477	225	209	57	27	6	2236	37	169	545	246	4	45	4835	722	1475	0,0,0,0,0,0	17563	0	317	7133	54	0	6962,6733,6733,5907,5907,5907,5907	3	36	6741,0,0,0,0,0,0	108	0
173959	442	803	513	216	212	61	29	5	2295	39	172	535	247	4	76	4963	758	1518	0,0,0,0,0,0	17750	0	297	7430	56	0	7250,7005,7005,6123,6123,6123,6123	3	32	7038,0,0,0,0,0,0	111	0
173846	423	822	535	218	222	64	33	4	2363	41	175	549	271	1	63	4745	747	1570	0,0,0,0,0,0	29153	0	262	7695	56	0	7504,7245,7245,6309,6309,6309,6309	3	26	7303,0,0,0,0,0,0	122	0
173731	418	832	561	225	221	65	39	3	2426	41	184	523	241	3	75	4477	752	1609	0,0,0,0,0,0	28903	0	257	7954	57	0	7760,7486,7486,6496,6496,6496,6496	3	20	7563,0,0,0,0,0,0	141	0
173555	442	885	535	237	222	69	42	4	2521	44	190	530	303	6	72	4596	793	1639	0,0,0,0,0,0	17527	0	323	8276	60	0	8077,7788,7788,6743,6743,6743,6743	4	45	7886,0,0,0,0,0,0	145	0
173386	467	932	516	240	235	66	46	4	2615	46	193	527	307	7	91	4763	829	1673	0,0,0,0,0,0	17697	0	328	8607	60	0	8396,8091,8091,6987,6987,6987,6987	4	27	8217,0,0,0,0,0,0	145	0
173229	479	949	558	247	233	74	50	5	2673	48	201	519	275	11	69	5338	860	1730	0,0,0,0,0,0	32900	0	317	8920	64	0	8706,8384,8384,7220,7220,7220,7220	4	32	8531,0,0,0,0,0,0	140	0
173089	473	960	590	263	230	76	54	4	2755	49	203	497	324	6	76	5705	898	1748	0,0,0,0,0,0	33894	0	301	9225	64	0	9000,8662,8662,7438,7438,7438,7438	4	32	8836,0,0,0,0,0,0	153	0
172963	440	994	614	265	251	77	54	5	2825	52	206	480	316	4	65	5751	887	1808	0,0,0,0,0,0	33582	0	293	9517	66	0	9283,8928,8928,7643,7643,7643,7643	4	40	9128,0,0,0,0,0,0	150	0
172866	422	961	647	268	279	73	48	8	2910	55	209	478	287	4	79	5967	928	1770	0,0,0,0,0,0	47176	0	261	9778	70	0	9537,9165,9165,7818,7818,7818,7818	4	32	9390,0,0,0,0,0,0	157	0
172769	417	960	627	256	287	78	51	7	3026	57	211	469	289	3	65	6450	932	1744	0,0,0,0,0,0	47124	0	270	10046	75	0	9794,9406,9406,7996,7996,7996,7996	4	16	9658,0,0,0,0,0,0	150	0
172626	433	972	615	240	282	80	47	8	3164	62	217	478	245	7	87	6691	901	1768	0,0,0,0,0,0	34363	0	310	10357	75	0	10099,9693,9693,8220,8220,8220,8220	4	21	9969,0,0,0,0,0,0	153	0
172558	464	933	626	255	292	80	52	9	3196	64	217	469	320	3	93	6819	940	1762	0,0,0,0,0,0	34768	0	289	10644	78	0	10369,9941,9941,8388,8388,8388,8388	4	28	10256,0,0,0,0,0,0	156	0
172433	464	914	622	278	302	77	48	9	3311	68	220	459	259	8	86	7054	975	1730	0,0,0,0,0,0	34825	0	283	10930	79	0	10647,10203,10203,8589,8589,8589,8589	4	23	10542,0,0,0,0,0,0	160	0
172355	432	961	605	251	293	79	46	10	3420	73	221	459	232	5	97	7049	968	1699	0,0,0,0,0,0	35157	0	277	11203	84	0	10907,10443,10443,8758,8758,8758,8758	4	31	10816,0,0,0,0,0,0	144	0
172252	464	965	634	269	269	77	47	10	3459	77	223	461	258	3	76	7140	987	1738	0,0,0,0,0,0	35306	0	317	11520	87	0	11211,10725,10725,8961,8961,8961,8961	4	31	11133,0,0,0,0,0,0	157	0
172246	447	916	659	291	262	80	53	10	3477	78	227	476	237	1	68	6425	982	1726	0,0,0,0,0,0	47243	0	234	11755	88	0	11433,10925,10925,9076,9076,9076,9076	4	13	11368,0,0,0,0,0,0	161	0
172217	420	910	647	290	275	70	56	9	3542	81	229	454	265	3	60	6161	932	1736	0,0,0,0,0,0	47550	0	252	12004	92	0	11669,11139,11139,9208,9208,9208,9208	4	20	11618,0,0,0,0,0,0	159	0
172149	406	927	659	280	263	81	56	9	3599	85	232	445	254	4	81	6156	947	1725	0,0,0,0,0,0	34014	0	283	12289	94	0	11940,11388,11388,9378,9378,9378,9378	4	36	11903,0,0,0,0,0,0	161	0
172073	420	912	648	296	275	79	49	11	3658	90	235	441	255	7	84	5884	949	1730	0,0,0,0,0,0	34404	0	281	12565	100	0	12203,11631,11631,9545,9545,9545,9545	4	47	12180,0,0,0,0,0,0	160	0
172024	411	916	660	276	285	78	46	10	3710	94	236	448	270	3	82	5939	940	1732	0,0,0,0,0,0	34213	0	277	12842	102	0	12466,11870,11870,9700,9700,9700,9700	4	22	12458,0,0,0,0,0,0	155	0
171976	410	922	652	253	283	80	46	8	3782	95	239	434	261	4	88	6164	948	1698	0,0,0,0,0,0	33951	0	276	13112	109	0	12724,12106,12106,9851,9851,9851,9851	4	23	12730,0,0,0,0,0,0	155	0
171921	404	920	651	261	274	86	49	8	3836	97	239	438	327	11	71	6067	922	1723	0,0,0,0,0,0	33969	0	289	13397	113	0	12993,12352,12352,10012,10012,10012,10012	4	33	13015,0,0,0,0,0,0	159	0
171930	354	933	630	261	269	87	49	9	3883	101	240	426	304	4	86	5880	903	1680	0,0,0,0,0,0	46772	0	230	13626	115	0	13207,12542,12542,10114,10114,10114,10114	4	16	13245,0,0,0,0,0,0	163	0
171924	377	909	588	268	253	93	49	9	3930	104	242	422	268	2	68	5677	865	1672	0,0,0,0,0,0	46702	0	254	13876	120	0	13443,12752,12752,10234,10234,10234,10234	4	12	13496,0,0,0,0,0,0	169	0
171921	390	857	608	268	260	86	52	9	3943	107	245	419	246	3	79	6017	854	1667	0,0,0,0,0,0	34009	0	255	14129	125	0	13679,12964,12964,10352,10352,10352,10352	4	29	13749,0,0,0,0,0,0	169	0
171907	392	823	608	258	266	82	51	11	3992	110	246	435	301	2	75	6139	838	1642	0,0,0,0,0,0	33978	0	252	14381	126	0	13913,13173,13173,10473,10473,10473,10473	4	23	14001,0,0,0,0,0,0	151	0
171881	394	823	604	241	276	80	49	14	4020	113	251	417	256	1	88	6295	860	1607	0,0,0,0,0,0	34280	0	265	14648	127	0	14166,13403,13403,10611,10611,10611,10611	4	37	14268,0,0,0,0,0,0	155	0
171887	401	810	616	249	274	77	48	15	3998	118	253	410	240	2	81	6484	869	1606	0,0,0,0,0,0	34503	0	259	14905	133	0	14407,13617,13617,10727,10727,10727,10727	4	28	14526,0,0,0,0,0,0	155	0
171878	408	810	594	236	262	83	49	16	4034	121	255	427	281	2	75	6539	860	1582	0,0,0,0,0,0	34513	0	257	15160	135	0	14646,13831,13831,10848,10848,10848,10848	4	35	14781,0,0,0,0,0,0	151	0
171934	384	791	597	234	257	82	48	14	4026	123	256	436	276	6	61	6455	797	1596	0,0,0,0,0,0	47213	0	223	15384	137	0	14851,14008,14008,10921,10921,10921,10921	4	30	15005,0,0,0,0,0,0	167	0
171976	365	778	570	240	251	84	46	13	4038	126	259	446	230	5	65	6352	779	1555	0,0,0,0,0,0	47300	0	204	15585	141	0	15038,14170,14170,10992,10992,10992,10992	4	24	15206,0,0,0,0,0,0	166	0
171993	343	813	556	231	238	82	48	13	4034	130	265	426	248	2	78	6269	807	1504	0,0,0,0,0,0	34354	0	249	15827	149	0	15265,14371,14371,11095,11095,11095,11095	4	27	15448,0,0,0,0,0,0	153	0
172011	363	761	573	234	255	80	45	9	4011	136	268	416	248	4	64	6058	804	1507	0,0,0,0,0,0	34188	0	239	16058	157	0	15479,14560,14560,11188,11188,11188,11188	4	32	15681,0,0,0,0,0,0	154	0
171998	378	786	527	246	235	81	48	9	4028	140	270	415	240	2	75	6153	827	1474	0,0,0,0,0,0	34312	0	257	16311	161	0	15716,14772,14772,11310,11310,11310,11310	4	26	15934,0,0,0,0,0,0	144	0
172001	365	766	537	248	232	79	45	11	4043	145	274	424	248	5	76	5916	828	1444	0,0,0,0,0,0	33908	0	214	16521	165	0	15913,14947,14947,11403,11403,11403,11403	4	36	16144,0,0,0,0,0,0	138	0
172015	368	759	551	238	233	74	47	11	4027	146	277	437	214	3	69	6071	834	1436	0,0,0,0,0,0	34073	0	242	16763	166	0	16137,15146,15146,11505,11505,11505,11505	4	24	16386,0,0,0,0,0,0	136	0
172057	348	747	538	230	236	71	46	10	4033	150	280	430	304	5	67	5533	812	1404	0,0,0,0,0,0	46891	0	203	16967	168	0	16326,15310,15310,11575,11575,11575,11575	4	15	16590,0,0,0,0,0,0	142	0
172128	336	721	531	220	220	75	46	11	4022	153	283	415	250	3	63	5128	805	1344	0,0,0,0,0,0	46329	0	192	17156	172	0	16498,15456,15456,11623,11623,11623,11623	4	20	16779,0,0,0,0,0,0	128	0
172156	343	687	526	227	220	83	44	14	4004	154	288	422	240	4	71	5097	823	1307	0,0,0,0,0,0	33256	0	213	17364	180	0	16693,15626,15626,11702,11702,11702,11702	4	29	16987,0,0,0,0,0,0	145	0
172174	341	694	511	230	219	81	42	14	3992	157	291	434	269	1	66	5489	848	1270	0,0,0,0,0,0	33387	0	223	17586	183	0	16895,15804,15804,11789,11789,11789,11789	4	25	17209,0,0,0,0,0,0	148	0
172231	311	704	492	216	211	78	43	14	3987	162	297	412	310	4	60	5554	818	1237	0,0,0,0,0,0	33381	0	203	17786	187	0	17081,15964,15964,11849,11849,11849,11849	4	30	17409,0,0,0,0,0,0	136	0
172308	336	693	455	216	216	73	41	14	3934	162	298	455	254	2	72	5599	803	1227	0,0,0,0,0,0	33426	0	218	18003	190	0	17276,16130,16130,11904,11904,11904,11904	4	24	17626,0,0,0,0,0,0	138	0
172387	317	721	441	197	196	71	42	12	3895	166	301	452	295	0	59	5496	784	1201	0,0,0,0,0,0	33764	0	191	18192	194	0	17447,16274,16274,11945,11945,11945,11945	4	21	17815,0,0,0,0,0,0	132	0
172479	286	671	439	220	198	72	42	12	3855	167	305	445	240	5	47	5515	751	1177	0,0,0,0,0,0	46469	0	154	18347	194	0	17587,16388,16388,11964,11964,11964,11964	4	12	17970,0,0,0,0,0,0	138	0
172566	259	669	453	223	191	72	44	11	3781	170	307	454	246	1	57	5225	753	1158	0,0,0,0,0,0	46628	0	174	18521	195	0	17742,16517,16517,11995,11995,11995,11995	4	14	18144,0,0,0,0,0,0	141	0
172633	261	632	472	223	192	69	45	11	3726	174	308	464	228	5	67	5506	747	1147	0,0,0,0,0,0	33381	0	188	18704	201	0	17905,16655,16655,12037,12037,12037,12037	4	31	18327,0,0,0,0,0,0	142	0
172676	271	631	458	222	191	66	47	12	3685	176	311	485	261	5	49	5834	720	1166	0,0,0,0,0,0	33823	0	195	18897	204	0	18080,16806,16806,12096,12096,12096,12096	3	28	18521,0,0,0,0,0,0	133	0
172721	283	611	450	216	180	69	50	12	3664	176	314	474	257	3	59	5683	697	1162	0,0,0,0,0,0	33917	0	189	19086	207	0	18250,16953,16953,12153,12153,12153,12153	3	17	18710,0,0,0,0,0,0	146	0
172797	279	580	440	203	194	66	46	12	3632	177	320	474	255	3	58	5561	665	1143	0,0,0,0,0,0	46717	0	165	19248	211	0	18397,17075,17075,12182,12182,12182,12182	3	12	18873,0,0,0,0,0,0	147	0
172893	293	562	441	173	198	74	45	11	3553	179	324	462	290	2	49	5092	632	1154	0,0,0,0,0,0	46478	0	183	19430	213	0	18561,17210,17210,12210,12210,12210,12210	3	19	19055,0,0,0,0,0,0	152	0
172948	275	564	445	160	186	73	43	9	3531	185	327	453	264	1	63	4984	635	1111	0,0,0,0,0,0	46414	0	170	19599	215	0	18713,17340,17340,12253,12253,12253,12253	3	16	19224,0,0,0,0,0,0	154	0
173028	273	544	421	184	180	68	42	9	3480	188	329	476	256	4	62	4685	650	1062	0,0,0,0,0,0	45780	23	158	19758	215	0	18854,17457,17457,12278,12278,12278,12278	3	12	19383,0,0,0,0,0,0	156	20
173086	278	532	408	197	178	63	35	10	3432	194	333	454	263	4	56	4589	653	1038	0,0,0,0,0,0	32492	25	172	19926	219	0	19004,17585,17585,12317,12317,12317,12317	3	24	19551,0,0,0,0,0,0	140	41
173173	274	528	400	183	175	68	36	8	3368	197	336	461	242	1	59	4736	668	996	0,0,0,0,0,0	32419	37	158	20083	220	0	19139,17695,17695,12333,12333,12333,12333	3	18	19708,0,0,0,0,0,0	126	72
173205	264	575	386	169	171	66	35	6	3330	201	338	467	262	2	58	4429	680	986	0,0,0,0,0,0	32478	35	173	20254	224	0	19293,17828,17828,12386,12386,12386,12386	3	20	19879,0,0,0,0,0,0	120	103
173272	256	567	381	171	169	63	33	6	3285	204	339	455	110	1	43	3938	653	987	0,0,0,0,0,0	32210	26	158	20410	227	0	19429,17942,17942,12414,12414,12414,12414	3	17	20036,0,0,0,0,0,0	119	125
173312	254	548	373	165	176	66	33	7	3264	206	342	462	253	1	43	4082	629	986	0,0,0,0,0,0	32112	27	159	20570	229	0	19573,18066,18066,12457,12457,12457,12457	3	19	20196,0,0,0,0,0,0	108	150
173407	235	520	371	164	175	66	34	7	3215	206	346	447	299	3	45	3946	582	983	0,0,0,0,0,0	38870	34	131	20700	231	0	19687,18157,18157,12460,12460,12460,12460	3	9	20327,0,0,0,0,0,0	122	180
173490	199	521	369	144	174	59	36	7	3189	207	351	443	294	5	50	3840	566	936	0,0,0,0,0,0	38618	150	118	20815	234	0	19796,18246,18246,12466,12466,12466,12466	3	14	20442,0,0,0,0,0,0	115	311
173554	208	491	360	152	176	62	34	8	3138	211	352	447	272	1	45	3964	565	918	0,0,0,0,0,0	26853	134	146	20961	236	0	19930,18359,18359,12493,12493,12493,12493	3	18	20588,0,0,0,0,0,0	113	424
173572	225	476	339	149	162	56	36	9	3152	212	358	448	291	2	56	3815	548	895	0,0,0,0,0,0	26963	124	148	21109	237	0	20076,18487,18487,12547,12547,12547,12547	3	13	20736,0,0,0,0,0,0	109	526
173673	194	496	318	157	165	56	33	11	3069	215	359	427	86	3	48	3823	550	869	0,0,0,0,0,0	26678	130	129	21233	242	0	20192,18581,18581,12547,12547,12547,12547	2	11	20860,0,0,0,0,0,0	108	638
173727	205	488	333	143	156	66	31	11	3006	218	362	415	258	3	41	3556	526	896	0,0,0,0,0,0	26687	118	165	21395	245	0	20345,18712,18712,12588,12588,12588,12588	2	9	21022,0,0,0,0,0,0	108	742
173792	216	450	341	157	143	60	33	10	2958	221	365	436	239	2	45	3550	508	892	0,0,0,0,0,0	26492	123	140	21531	249	0	20474,18820,18820,12611,12611,12611,12611	2	16	21158,0,0,0,0,0,0	119	849
173872	225	426	312	157	133	63	32	11	2924	223	368	415	242	1	55	3609	493	855	0,0,0,0,0,0	38415	128	130	21660	251	0	20598,18923,18923,12625,12625,12625,12625	2	10	21287,0,0,0,0,0,0	123	956
173946	228	412	304	147	124	63	29	13	2886	225	369	420	245	1	45	3580	479	828	0,0,0,0,0,0	38290	155	121	21781	252	0	20751,19057,19057,12657,12657,12657,12657	2	10	21408,0,0,0,0,0,0	121	1087
174014	209	438	304	141	119	64	27	14	2818	227	371	420	234	0	34	3254	451	851	0,0,0,0,0,0	26390	154	126	21905	254	0	20900,19186,19186,12688,12688,12688,12688	2	16	21532,0,0,0,0,0,0	112	1224
174078	204	429	311	124	133	61	25	16	2763	229	373	432	257	1	43	3482	433	854	0,0,0,0,0,0	26559	166	130	22031	258	0	21045,19312,19312,12717,12717,12717,12717	2	16	21659,0,0,0,0,0,0	107	1377
174116	213	443	303	128	132	56	27	14	2710	229	375	428	274	1	51	3482	473	829	0,0,0,0,0,0	26632	153	148	22179	259	0	21217,19465,19465,12774,12774,12774,12774	2	18	21807,0,0,0,0,0,0	103	1510
174175	230	426	310	126	126	55	27	11	2653	232	375	464	276	2	35	3408	465	835	0,0,0,0,0,0	26296	146	135	22311	263	0	21368,19598,19598,12811,12811,12811,12811	2	10	21939,0,0,0,0,0,0	103	1632
174203	231	429	316	120	126	54	30	9	2618	233	377	460	227	2	43	3457	459	847	0,0,0,0,0,0	26420	146	144	22454	264	0	21535,19747,19747,12869,12869,12869,12869	2	18	22082,0,0,0,0,0,0	102	1756
174255	197	441	302	133	135	54	28	9	2579	235	378	441	232	1	35	3388	453	837	0,0,0,0,0,0	38147	138	127	22583	265	0	21687,19881,19881,12910,12910,12910,12910	2	8	22211,0,0,0,0,0,0	104	1870
174365	178	446	285	120	135	53	28	8	2512	237	379	435	238	1	40	3404	461	784	0,0,0,0,0,0	38285	58	100	22683	266	0	21818,19991,19991,12912,12912,12912,12912	2	6	22311,0,0,0,0,0,0	100	1921
174415	196	431	286	121	142	53	31	8	2443	237	383	428	241	1	38	3409	459	801	0,0,0,0,0,0	26447	69	141	22820	270	0	21991,20144,20144,12961,12961,12961,12961	2	15	22448,0,0,0,0,0,0	101	1977
174468	190	419	281	122	139	50	31	8	2411	239	388	427	349	1	44	3498	463	769	0,0,0,0,0,0	26651	74	129	22947	272	0	22157,20292,20292,13005,13005,13005,13005	2	9	22575,0,0,0,0,0,0	92	2040
174496	197	419	285	124	137	52	30	8	2366	241	391	428	255	2	38	3451	471	773	0,0,0,0,0,0	26566	74	137	23082	275	0	22326,20445,20445,13064,13064,13064,13064	2	15	22710,0,0,0,0,0,0	96	2101
174549	202	393	289	132	143	49	30	6	2313	242	398	412	231	0	40	3590	472	766	0,0,0,0,0,0	26645	58	113	23196	276	0	22472,20574,20574,13099,13099,13099,13099	2	11	22824,0,0,0,0,0,0	85	2152
174597	192	396	265	132	129	42	32	6	2311	242	402	415	244	2	39	3453	451	737	0,0,0,0,0,0	26518	63	106	23302	278	0	22612,20697,20697,13132,13132,13132,13132	2	9	22931,0,0,0,0,0,0	85	2202
174633	172	385	272	132	142	41	31	4	2285	244	405	428	98	1	30	3460	447	728	0,0,0,0,0,0	38303	66	99	23402	278	0	22741,20813,20813,13168,13168,13168,13168	2	8	23031,0,0,0,0,0,0	91	2255
174707	163	361	282	126	124	43	27	8	2251	247	407	462	316	1	38	3353	436	690	0,0,0,0,0,0	38372	214	91	23490	281	0	22838,20894,20894,13169,13169,13169,13169	2	4	23119,0,0,0,0,0,0	77	2441
174748	168	366	275	116	117	42	26	11	2216	247	414	468	248	1	39	3294	433	677	0,0,0,0,0,0	26383	191	123	23611	283	0	22972,21011,21011,13202,13202,13202,13202	1	6	23240,0,0,0,0,0,0	81	2604
174798	176	342	246	98	116	43	24	10	2223	250	420	445	281	2	29	3358	392	653	0,0,0,0,0,0	26450	203	101	23710	286	0	23092,21116,21116,13222,13222,13222,13222	1	12	23339,0,0,0,0,0,0	83	2763
174859	180	328	250	105	98	42	20	11	2180	253	420	470	224	1	31	3167	369	654	0,0,0,0,0,0	26260	194	98	23807	287	0	23204,21212,21212,13234,13234,13234,13234	1	9	23436,0,0,0,0,0,0	73	2924
174930	173	324	237	107	107	36	15	10	2126	257	424	485	88	2	23	2961	348	651	0,0,0,0,0,0	26363	217	96	23902	289	0	23308,21300,21300,13238,13238,13238,13238	1	10	23531,0,0,0,0,0,0	66	3096
174993	151	319	246	105	108	33	15	6	2086	258	426	515	255	0	31	2686	344	633	0,0,0,0,0,0	25971	211	78	23980	289	0	23398,21375,21375,13237,13237,13237,13237	1	7	23609,0,0,0,0,0,0	65	3260
175025	150	322	246	105	113	31	16	7	2045	258	428	520	99	2	26	2477	340	643	0,0,0,0,0,0	37751	189	104	24084	289	0	23518,21482,21482,13268,13268,13268,13268	1	10	23713,0,0,0,0,0,0	54	3410
175080	161	299	246	101	109	25	15	6	2010	260	434	562	183	0	30	2361	328	628	0,0,0,0,0,0	37258	162	89	24172	290	0	23708,21658,21658,13324,13324,13324,13324	1	3	23801,0,0,0,0,0,0	54	3535
175098	148	311	249	105	99	27	14	5	1991	261	438	536	248	0	26	2237	298	655	0,0,0,0,0,0	25557	145	103	24273	292	0	23897,21836,21836,13396,13396,13396,13396	1	7	23902,0,0,0,0,0,0	56	3648
175093	170	341	247	101	96	27	15	5	1950	261	440	550	266	2	35	2293	311	686	4,0,0,0,0,0	25259	171	106	24420	294	0	24120,22045,22045,13495,13495,13495,13495	1	11	24006,43,0,0,0,0,0	55	3784
175090	187	359	240	94	110	25	13	3	1918	263	444	580	267	1	32	2207	304	724	8,0,0,0,0,0	25130	134	106	24559	294	0	24343,22256,22256,13594,13594,13594,13594	1	5	24102,86,0,0,0,0,0	62	3896
175055	209	381	242	99	120	24	11	3	1890	265	447	567	265	1	41	2357	322	764	12,0,0,0,0,0	25472	186	127	24721	294	0	24591,22491,22491,13721,13721,13721,13721	1	12	24217,133,0,0,0,0,0	56	4034
175028	228	397	236	103	136	24	10	3	1868	265	448	555	111	0	32	2469	338	796	15,0,0,0,0,0	25569	134	127	24875	294	0	24828,22716,22716,13838,13838,13838,13838	1	9	24325,179,0,0,0,0,0	56	4139
175013	231	413	236	118	137	22	11	3	1846	266	450	543	241	1	45	2429	350	818	20,0,0,0,0,0	37389	174	121	25027	298	0	25059,22935,22935,13949,13949,13949,13949	1	5	24416,243,0,0,0,0,0	55	4275
174961	230	444	255	120	133	25	12	3	1839	266	458	555	300	3	38	2672	379	840	24,0,0,0,0,0	37831	130	122	25186	301	0	25302,23167,23167,14082,14082,14082,14082	1	7	24495,323,0,0,0,0,0	50	4376
174927	243	442	260	134	137	26	13	3	1831	267	463	529	236	2	53	3050	409	846	27,0,0,0,0,0	26095	120	149	25334	302	0	25526,23380,23380,14193,14193,14193,14193	1	10	24588,378,0,0,0,0,0	52	4460
174908	249	460	263	142	133	27	11	3	1816	269	465	532	247	3	44	3109	425	860	30,0,0,0,0,0	26236	130	154	25488	304	0	25767,23609,23609,14304,14304,14304,14304	1	6	24662,458,0,0,0,0,0	54	4568
174857	254	500	264	137	129	30	12	3	1821	270	469	511	295	1	45	3230	428	898	33,0,0,0,0,0	26704	122	168	25658	306	0	26011,23843,23842,14435,14435,14435,14435	1	11	24758,532,0,0,0,0,0	49	4651
174820	246	527	262	132	128	35	12	5	1839	270	470	510	104	0	34	3503	434	908	37,0,0,0,0,0	26823	149	153	25811	308	0	26242,24064,24062,14553,14553,14553,14553	1	11	24831,614,0,0,0,0,0	51	4753
174763	269	531	280	143	155	32	12	3	1815	272	471	522	267	3	45	3455	478	944	40,0,0,0,0,0	26787	131	194	26001	313	0	26497,24308,24306,14693,14693,14693,14693	1	14	24911,727,0,0,0,0,0	54	4847
174715	275	521	319	141	166	34	12	3	1813	273	474	540	298	1	48	3580	493	975	43,0,0,0,0,0	38565	109	171	26168	317	0	26738,24540,24537,14824,14824,14824,14824	1	11	24990,817,0,0,0,0,0	66	4928
174653	283	533	342	131	149	41	14	2	1845	274	479	542	105	2	44	3636	501	992	45,0,0,0,0,0	38714	292	174	26341	320	0	26952,24743,24740,14945,14945,14945,14945	1	13	25065,915,0,0,0,0,0	66	5151
174580	271	569	360	138	156	46	16	3	1852	275	480	544	271	1	52	3606	533	1023	47,0,0,0,0,0	26551	262	196	26530	327	0	27170,24953,24948,15072,15072,15072,15072	1	18	25142,1032,0,0,0,0,0	73	5326
174476	293	570	379	153	141	50	16	2	1906	275	485	543	261	3	57	3629	538	1064	50,0,0,0,0,0	26816	272	209	26737	331	0	27420,25195,25189,15229,15229,15229,15229	1	15	25213,1172,0,0,0,0,0	80	5529
174394	307	607	377	156	158	49	15	2	1918	276	487	550	228	2	37	3767	544	1125	52,0,0,0,0,0	26866	307	212	26944	339	0	27660,25427,25419,15372,15372,15372,15372	1	11	25298,1300,0,0,0,0,0	86	5754
174329	309	639	379	169	160	49	16	3	1926	276	491	543	264	3	41	3504	548	1173	55,0,0,0,0,0	26883	299	211	27152	343	0	27901,25659,25649,15507,15507,15507,15507	1	23	25368,1442,0,0,0,0,0	87	5972
174213	336	668	379	175	183	51	19	2	1950	277	493	544	256	4	63	3803	591	1220	57,0,0,0,0,0	26616	302	253	27400	349	0	28181,25930,25918,15688,15688,15688,15688	1	17	25445,1617,0,0,0,0,0	96	6192
174132	354	641	408	181	189	54	21	3	1992	277	494	557	288	3	47	3504	606	1242	60,0,0,0,0,0	38515	277	204	27599	354	0	28410,26152,26137,15826,15826,15826,15826	1	12	25494,1769,0,0,0,0,0	96	6392
174091	304	684	400	183	198	54	20	3	2031	280	498	533	263	1	55	3630	605	1238	62,0,0,0,0,0	38309	610	194	27789	359	0	28724,26460,26441,15989,15989,15989,15989	1	11	25547,1909,0,0,0,0,0	105	6793
173977	335	693	421	184	216	55	20	2	2063	282	498	541	240	1	62	3895	615	1309	64,0,0,0,0,0	27006	590	258	28039	368	0	29068,26800,26777,16201,16201,16201,16201	1	19	25622,2091,0,0,0,0,0	104	7152
173834	385	726	435	185	215	54	23	3	2101	284	501	521	266	4	81	3761	643	1380	65,0,0,0,0,0	27221	621	283	28317	379	0	29452,27180,27154,16450,16450,16450,16450	1	18	25703,2296,0,0,0,0,0	101	7682
173697	428	742	426	213	217	53	28	3	2151	284	504	514	332	5	71	4134	646	1461	67,0,0,0,0,0	27105	612	290	28599	389	0	29846,27571,27539,16701,16701,16701,16701	1	18	25761,2527,0,0,0,0,0	112	8237
173534	483	802	420	222	222	53	27	3	2187	285	508	549	282	4	64	4522	690	1539	70,0,0,0,0,0	27598	617	310	28898	400	0	30264,27986,27950,16978,16978,16978,16978	2	21	25817,2780,0,0,0,0,0	120	8770
173324	518	868	434	222	222	53	30	3	2274	287	511	524	318	3	85	5162	729	1618	72,0,0,0,0,0	28074	690	339	29235	405	0	30711,28432,28391,17293,17293,17293,17293	2	28	25880,3058,0,0,0,0,0	119	9374
173151	522	915	443	226	221	57	33	3	2374	287	514	531	239	2	63	5373	740	1677	74,0,0,0,0,0	40196	599	286	29513	413	0	31094,28813,28769,17558,17558,17558,17558	2	19	25931,3291,0,0,0,0,0	126	9897
172994	500	959	480	229	230	59	34	4	2449	288	520	518	309	3	60	5494	764	1727	76,0,0,0,0,0	39717	791	293	29802	420	0	31550,29266,29218,17850,17850,17850,17850	2	15	25975,3542,0,0,0,0,0	126	10594
172755	537	1003	522	244	253	56	35	4	2525	288	524	511	238	5	78	5906	799	1851	78,0,0,0,0,0	28866	853	376	30172	431	0	32062,29777,29723,18208,18208,18208,18208	2	26	26022,3873,0,0,0,0,0	136	11334
172498	567	1070	558	270	258	52	36	6	2616	290	525	521	324	3	89	6106	854	1957	80,0,0,0,0,0	29328	783	405	30560	449	0	32664,30379,30319,18618,18618,18618,18618	2	18	26075,4223,0,0,0,0,0	131	12029
172258	576	1160	577	288	290	56	36	5	2679	293	528	521	287	5	87	6402	894	2089	82,0,0,0,0,0	29294	780	411	30955	465	0	33275,30990,30923,19027,19027,19027,19027	2	21	26126,4578,0,0,0,0,0	140	12700
171966	623	1227	607	320	299	66	35	6	2772	295	530	524	257	2	100	6852	939	2238	83,0,0,0,0,0	29641	825	470	31407	483	0	33943,31660,31584,19493,19493,19493,19493	2	29	26183,4988,0,0,0,0,0	143	13412
171633	684	1303	648	342	324	71	38	7	2867	295	534	525	256	2	110	7044	1003	2407	84,0,0,0,0,0	30160	787	516	31908	498	0	34673,32394,32309,20009,20009,20009,20009	2	31	26245,5439,0,0,0,0,0	148	14077
171366	702	1343	666	368	360	74	36	9	2989	298	535	543	276	5	95	6604	1036	2513	84,0,0,0,0,0	41021	777	442	32335	513	0	35310,33037,32941,20450,20450,20450,20450	2	22	26292,5831,0,0,0,0,0	155	14752
171089	702	1387	715	390	352	76	34	8	3154	300	539	527	297	5	119	6805	1124	2532	85,0,0,0,0,0	41364	880	423	32744	529	0	35985,33716,33612,20909,20909,20909,20909	2	16	26342,6204,0,0,0,0,0	165	15519
170779	727	1421	783	422	360	80	31	8	3291	303	541	499	238	3	136	6870	1207	2617	86,0,0,0,0,0	46338	876	498	33227	549	0	36738,34477,34361,21426,21426,21426,21426	2	22	26394,6652,0,0,0,0,0	171	16259
170456	752	1458	820	425	396	87	41	8	3454	304	545	496	270	10	130	7391	1266	2713	86,0,0,0,0,0	46392	927	505	33713	573	0	37474,35220,35093,21933,21933,21933,21933	2	24	26445,7108,0,0,0,0,0	177	17048
170163	787	1439	858	450	428	87	47	10	3621	307	549	503	316	2	125	7747	1314	2782	87,0,0,0,0,0	46643	907	484	34174	601	0	38179,35934,35795,22416,22416,22416,22416	2	16	26472,7561,0,0,0,0,0	176	17812
169883	802	1468	860	463	428	96	55	10	3818	312	551	481	311	10	155	7848	1374	2798	88,0,0,0,0,0	46966	898	496	34648	626	0	38913,36677,36524,22909,22909,22909,22909	2	30	26514,8009,0,0,0,0,0	182	18574
169621	780	1492	884	470	449	111	57	8	4006	316	552	461	270	6	147	8414	1447	2796	89,0,0,0,0,0	47351	895	467	35101	644	0	39604,37379,37212,23369,23369,23369,23369	2	35	26541,8451,0,0,0,0,0	201	19321
169462	723	1502	880	445	460	120	56	9	4214	320	555	443	299	10	133	8135	1463	2723	90,0,0,0,0,0	71489	882	396	35480	662	0	40222,38007,37824,23745,23745,23745,23745	2	20	26566,8818,0,0,0,0,0	220	20053
169329	654	1469	899	468	463	125	58	9	4386	327	559	428	323	6	133	8342	1475	2661	90,0,0,0,0,0	71459	647	366	35826	684	0	40879,38677,38479,24128,24128,24128,24128	2	14	26597,9151,0,0,0,0,0	230	20589
169114	625	1497	921	481	469	128	60	10	4550	332	559	435	261	9	159	8878	1543	2638	90,0,0,0,0,0	47579	621	465	36266	712	0	41603,39418,39201,24588,24588,24588,24588	2	27	26622,9589,0,0,0,0,0	243	21088
168873	695	1452	943	478	474	132	63	10	4731	332	563	430	252	2	156	9007	1557	2680	91,0,0,0,0,0	47682	658	513	36764	730	0	42408,40236,40001,25095,25095,25095,25095	2	34	26643,10081,0,0,0,0,0	247	21615
168708	716	1440	944	463	467	139	70	9	4887	337	566	428	263	6	149	9381	1557	2682	92,0,0,0,0,0	48009	648	463	37205	752	0	43146,40994,40737,25539,25539,25539,25539	3	26	26671,10512,0,0,0,0,0	253	22121
168523	721	1433	957	471	467	142	71	6	5045	342	568	429	275	7	154	8949	1546	2716	92,0,0,0,0,0	48037	606	459	37645	776	0	43883,41750,41473,25991,25991,25991,25991	3	36	26687,10954,0,0,0,0,0	259	22615
168339	752	1454	933	483	479	152	76	8	5153	344	573	403	340	6	135	9172	1549	2780	93,0,0,0,0,0	47847	664	493	38105	810	0	44640,42526,42227,26451,26451,26451,26451	3	29	26701,11422,0,0,0,0,0	267	23170
168326	654	1437	968	495	466	155	72	11	5237	348	577	411	258	6	141	8767	1527	2720	93,0,0,0,0,0	71503	680	351	38440	828	0	45253,43160,42836,26759,26759,26759,26759	3	19	26717,11755,0,0,0,0,0	277	23716
168270	617	1406	972	464	453	152	77	14	5390	349	582	415	296	6	126	8433	1454	2687	94,0,0,0,0,0	71668	903	366	38785	851	0	45874,43809,43461,27109,27109,27109,27109	3	17	26725,12111,0,0,0,0,0	286	24448
168135	652	1394	935	452	446	154	79	15	5547	350	587	406	356	10	171	8715	1438	2674	94,0,0,0,0,0	47357	870	455	39225	872	0	46564,44528,44155,27534,27534,27534,27534	2	27	26743,12551,0,0,0,0,0	268	25139
168027	665	1377	939	446	430	156	79	18	5662	357	590	364	250	9	143	8946	1422	2670	94,0,0,0,0,0	47522	881	449	39649	898	0	47309,45297,44898,27939,27939,27939,27939	3	22	26761,12974,0,0,0,0,0	273	25854
167924	674	1362	922	448	461	164	77	20	5741	362	591	348	223	6	141	8892	1423	2685	95,0,0,0,0,0	47853	874	434	40056	927	0	48032,46044,45619,28325,28325,28325,28325	3	26	26771,13389,0,0,0,0,0	275	26560
167858	642	1397	925	433	455	156	79	23	5818	366	594	367	316	11	143	9171	1421	2666	95,0,0,0,0,0	48166	854	414	40456	946	0	48736,46775,46321,28689,28689,28689,28689	2	20	26784,13791,0,0,0,0,0	263	27263
167699	694	1417	913	458	428	150	78	23	5918	369	599	365	333	7	143	9208	1400	2738	95,0,0,0,0,0	48182	877	504	40930	977	0	49559,47623,47143,29157,29157,29157,29157	3	31	26797,14275,0,0,0,0,0	262	27972
167746	673	1324	934	460	443	147	77	22	5946	372	602	383	303	6	107	8780	1345	2713	95,0,0,0,0,0	71685	887	346	41267	988	0	50207,48301,47788,29441,29441,29441,29441	3	22	26809,14608,0,0,0,0,0	268	28678
167780	595	1280	919	485	441	144	77	24	6024	375	602	394	316	5	128	8702	1269	2672	96,0,0,0,0,0	71592	1020	344	41590	1009	0	50968,49090,48547,29781,29781,29781,29781	3	21	26817,14940,0,0,0,0,0	272	29508
167742	619	1277	873	480	431	148	83	25	6087	376	605	404	303	3	177	8915	1288	2623	96,0,0,0,0,0	48047	1123	425	41992	1037	0	51815,49966,49392,30199,30199,30199,30199	3	23	26826,15352,0,0,0,0,0	273	30398
167672	638	1336	839	489	413	149	77	24	6120	383	606	394	246	10	147	9124	1323	2618	96,0,0,0,0,0	48499	1131	451	42412	1070	0	52663,50847,50241,30626,30626,30626,30626	3	23	26835,15790,0,0,0,0,0	269	31268
167702	624	1297	850	460	415	144	70	23	6165	389	607	381	299	5	149	9143	1310	2550	96,0,0,0,0,0	48122	1087	362	42751	1094	0	53419,51635,50997,30964,30964,30964,30964	3	21	26848,16135,0,0,0,0,0	265	32124
167658	612	1312	845	456	421	144	74	20	6203	393	608	380	284	9	148	8739	1308	2556	96,0,0,0,0,0	48174	1097	414	43147	1116	0	54249,52496,51827,31374,31374,31374,31374	2	22	26850,16544,0,0,0,0,0	258	32984
167620	637	1315	833	443	434	137	79	17	6226	395	610	363	320	10	138	8767	1322	2556	97,0,0,0,0,0	47937	1104	425	43552	1138	0	55079,53360,52658,31782,31782,31782,31782	2	20	26853,16964,0,0,0,0,0	261	33823
167699	607	1246	861	420	437	132	76	20	6236	398	614	362	261	9	112	8386	1288	2491	97,0,0,0,0,0	71372	1072	310	43853	1151	0	55810,54122,53387,32084,32084,32084,32084	2	11	26861,17266,0,0,0,0,0	258	34629
167780	535	1221	861	408	430	125	71	19	6273	408	615	369	271	4	114	7924	1255	2396	97,0,0,0,0,0	71115	1375	296	44130	1176	0	56583,54932,54163,32398,32398,32398,32398	2	19	26866,17556,0,0,0,0,0	240	35710
167806	521	1226	854	404	424	122	65	15	6273	416	620	367	238	3	129	8172	1245	2371	97,0,0,0,0,0	47564	1366	363	44470	1202	0	57436,55821,55019,32781,32781,32781,32781	2	12	26869,17913,0,0,0,0,0	222	36769
167912	517	1165	860	384	414	117	68	13	6256	419	621	375	312	6	134	8275	1241	2284	97,0,0,0,0,0	47021	1375	304	44754	1224	0	58242,56665,55827,33093,33093,33093,33093	2	10	26870,18210,0,0,0,0,0	212	37832
167975	508	1152	833	377	412	110	72	12	6250	421	624	380	232	6	129	8354	1227	2237	98,0,0,0,0,0	47412	1311	350	45084	1244	0	59074,57534,56660,33445,33445,33445,33445	2	13	26871,18557,0,0,0,0,0	214	38833
168007	545	1099	818	353	397	111	70	13	6278	428	627	357	262	7	122	7667	1178	2215	98,0,0,0,0,0	38978	1374	349	45419	1261	0	59916,58410,57504,33815,33815,33815,33815	2	20	26872,18901,0,0,0,0,0	209	39878
168019	556	1106	813	354	376	105	65	13	6280	431	628	359	280	3	114	7606	1152	2223	98,0,0,0,0,0	38448	1409	358	45751	1287	0	60741,59269,58331,34186,34186,34186,34186	2	28	26877,19247,0,0,0,0,0	201	40934
168168	478	1093	784	370	370	111	60	14	6231	438	629	379	250	6	82	7413	1067	2199	98,0,0,0,0,0	41095	1329	264	45997	1307	0	61462,60028,59055,34443,34443,34443,34443	2	13	26881,19504,0,0,0,0,0	208	41944
168254	450	1041	767	363	368	105	60	15	6250	440	633	404	245	2	105	7115	1010	2144	98,0,0,0,0,0	41033	1096	267	46249	1323	0	62224,60820,59817,34736,34736,34736,34736	2	13	26888,19757,0,0,0,0,0	214	42771
168346	463	1054	733	346	360	101	55	15	6189	446	638	409	239	3	113	6915	982	2130	98,0,0,0,0,0	38509	1135	325	46552	1347	0	62997,61631,60590,35035,35035,35035,35035	2	23	26893,20070,0,0,0,0,0	203	43590
168423	491	1039	727	335	317	105	55	16	6150	450	638	412	270	5	118	7088	974	2095	98,0,0,0,0,0	38209	1057	315	46852	1365	0	63784,62451,61377,35338,35338,35338,35338	2	20	26896,20381,0,0,0,0,0	205	44357
168494	484	1028	722	324	314	97	55	13	6124	451	640	420	266	5	100	6851	917	2107	98,0,0,0,0,0	38553	1094	301	47140	1380	0	64532,63234,62127,35632,35632,35632,35632	2	18	26899,20680,0,0,0,0,0	200	45114
168611	475	984	722	344	304	99	54	12	6046	453	642	404	240	7	103	6474	915	2067	98,0,0,0,0,0	37833	1117	294	47411	1404	0	65274,64010,62868,35894,35894,35894,35894	2	13	26903,20960,0,0,0,0,0	193	45850
168720	459	963	719	328	282	98	51	13	6014	456	643	418	244	2	96	6313	868	2032	98,0,0,0,0,0	38025	1138	284	47678	1422	0	66042,64813,63637,36173,36173,36173,36173	1	13	26907,21238,0,0,0,0,0	191	46599
168904	424	906	725	326	281	93	47	14	5921	461	644	422	336	2	92	6124	847	1955	98,0,0,0,0,0	40121	1073	225	47888	1438	0	66727,65536,64324,36384,36384,36384,36384	1	14	26907,21461,0,0,0,0,0	179	47342
169071	381	883	703	304	278	86	44	19	5870	463	644	422	281	5	97	6103	825	1854	98,0,0,0,0,0	39708	901	224	48103	1448	0	67407,66254,65008,36593,36593,36593,36593	1	16	26910,21678,0,0,0,0,0	172	47946
169207	390	881	678	276	272	86	44	18	5780	469	645	433	251	4	103	5724	822	1805	98,0,0,0,0,0	30999	875	272	48357	1466	0	68120,67005,65723,36833,36833,36833,36833	1	11	26916,21938,0,0,0,0,0	158	48534
169342	387	860	682	273	261	81	39	18	5683	473	647	432	312	4	70	5848	778	1805	98,0,0,0,0,0	30513	832	229	48571	1482	0	68784,67703,66391,37038,37038,37038,37038	1	10	26919,22162,0,0,0,0,0	143	49100
169472	378	835	674	260	250	79	38	15	5620	474	651	435	257	5	86	5500	742	1772	98,0,0,0,0,0	30431	875	254	48804	1503	0	69453,68407,67062,37253,37253,37253,37253	1	14	26923,22408,0,0,0,0,0	141	49672
169635	362	782	660	242	247	77	31	15	5559	481	655	439	244	1	76	5126	691	1710	98,0,0,0,0,0	30185	901	216	49006	1519	0	70092,69079,67703,37432,37432,37432,37432	1	9	26926,22617,0,0,0,0,0	129	50298
169775	339	742	638	257	252	74	29	14	5484	484	658	446	248	1	78	4886	674	1657	98,0,0,0,0,0	24734	924	205	49206	1526	0	70736,69755,68349,37624,37624,37624,37624	1	13	26927,22821,0,0,0,0,0	120	50922
169970	315	720	615	228	245	70	30	12	5397	485	659	451	310	4	60	4974	632	1591	98,0,0,0,0,0	31043	898	180	49376	1536	0	71356,70411,68972,37785,37785,37785,37785	1	7	26930,22997,0,0,0,0,0	116	51570
170168	295	685	605	205	246	67	27	12	5289	487	660	450	262	4	76	4626	591	1539	98,0,0,0,0,0	30859	1268	171	49539	1547	0	71942,71032,69561,37915,37915,37915,37915	1	7	26931,23169,0,0,0,0,0	113	52488
170333	317	661	555	194	239	60	26	10	5198	488	665	462	252	2	100	4667	608	1444	98,0,0,0,0,0	24367	1207	211	49738	1559	0	72586,71714,70211,38096,38096,38096,38096	1	9	26931,23377,0,0,0,0,0	100	53349
170485	304	637	545	191	220	54	26	9	5117	490	668	494	301	7	55	4534	563	1414	98,0,0,0,0,0	24237	1185	184	49908	1573	0	73183,72344,70813,38258,38258,38258,38258	1	8	26932,23552,0,0,0,0,0	93	54209
170660	277	614	531	176	209	51	24	8	5030	495	671	492	265	2	46	4393	507	1375	99,0,0,0,0,0	24264	1177	151	50051	1581	0	73759,72952,71394,38398,38398,38398,38398	1	6	26932,23701,0,0,0,0,0	86	55029
170834	254	594	517	183	195	47	26	8	4920	495	673	513	318	0	64	4312	499	1317	99,0,0,0,0,0	24061	1272	156	50201	1588	0	74356,73582,71997,38551,38551,38551,38551	1	13	26933,23856,0,0,0,0,0	86	55962
171038	245	584	523	173	178	46	29	5	4751	497	677	484	322	2	67	4123	493	1285	99,0,0,0,0,0	24002	1233	160	50351	1598	0	74944,74204,72590,38685,38685,38685,38685	1	9	26933,24015,0,0,0,0,0	88	56852
171245	222	556	492	173	172	45	30	5	4629	497	680	500	260	0	47	4112	468	1222	99,0,0,0,0,0	28442	1241	126	50471	1605	0	75503,74795,73155,38814,38814,38814,38814	1	7	26934,24141,0,0,0,0,0	86	57734
171415	221	507	484	172	172	42	28	7	4520	497	681	497	218	4	40	4055	445	1181	99,0,0,0,0,0	28502	552	121	50585	1613	0	76259,75581,73919,39047,39047,39047,39047	1	5	26934,24261,0,0,0,0,0	86	58125
171612	215	486	455	175	166	35	27	7	4388	497	683	509	266	0	74	3780	461	1098	99,0,0,0,0,0	22601	578	130	50708	1621	0	76986,76340,74653,39255,39255,39255,39255	1	8	26934,24388,0,0,0,0,0	77	58493
171807	197	456	427	164	162	31	27	5	4282	500	688	478	272	6	42	3860	420	1044	99,0,0,0,0,0	22722	606	120	50822	1627	0	77708,77095,75384,39455,39455,39455,39455	0	4	26934,24505,0,0,0,0,0	70	58911
171990	185	461	400	146	153	31	24	8	4157	502	689	484	256	1	55	3708	398	1002	99,0,0,0,0,0	22270	598	123	50944	1631	0	78405,77824,76088,39649,39649,39649,39649	0	8	26935,24630,0,0,0,0,0	70	59323
172182	171	442	392	127	151	32	22	8	4025	503	691	496	266	1	56	3557	383	954	99,0,0,0,0,0	22285	609	110	51049	1637	0	79146,78597,76837,39864,39864,39864,39864	0	5	26935,24741,0,0,0,0,0	61	59744
172344	157	424	359	124	140	34	22	8	3937	504	693	495	260	2	37	3467	368	892	99,0,0,0,0,0	22379	609	107	51149	1644	0	79879,79357,77579,40085,40085,40085,40085	0	1	26935,24846,0,0,0,0,0	61	60176
172510	145	391	350	115	142	38	20	8	3824	506	697	504	293	2	39	3228	360	841	99,0,0,0,0,0	27540	580	93	51240	1647	0	80577,80081,78284,40295,40295,40295,40295	0	4	26935,24939,0,0,0,0,0	68	60582
172752	138	353	323	110	144	37	16	9	3655	509	700	534	79	1	34	3228	330	791	99,0,0,0,0,0	27672	817	74	51309	1653	0	80983,80518,78697,40305,40305,40305,40305	0	3	26935,25012,0,0,0,0,0	65	61165
172935	117	340	311	96	132	33	16	10	3543	509	704	511	86	4	47	3005	332	713	99,0,0,0,0,0	16749	793	71	51373	1660	0	81395,80954,79115,40339,40339,40339,40339	0	2	26935,25082,0,0,0,0,0	62	61718
173117	111	320	285	97	124	37	15	6	3411	512	711	510	86	0	22	2801	308	681	99,0,0,0,0,0	16336	757	73	51440	1666	0	81803,81387,79530,40368,40368,40368,40368	0	4	26935,25152,0,0,0,0,0	56	62257
173310	106	285	277	102	110	34	13	7	3275	513	714	520	271	0	34	2723	293	634	99,0,0,0,0,0	16264	809	70	51507	1669	0	82206,81814,79940,40399,40399,40399,40399	0	3	26935,25220,0,0,0,0,0	55	62838
173478	108	259	275	98	105	35	13	7	3138	514	716	511	307	0	32	2446	272	621	100,0,0,0,0,0	16626	769	75	51573	1678	0	82614,82244,80356,40450,40450,40450,40450	0	4	26935,25293,0,0,0,0,0	52	63375
173620	104	251	265	82	89	34	15	6	3044	514	722	481	245	0	32	2459	253	587	100,0,0,0,0,0	16158	804	70	51640	1681	0	83032,82680,80781,40521,40521,40521,40521	0	8	26935,25363,0,0,0,0,0	54	63940
173789	99	233	262	73	76	33	14	5	2923	517	722	492	96	1	20	2270	226	564	100,0,0,0,0,0	26571	749	55	51692	1685	0	83421,83090,81177,40558,40558,40558,40558	0	4	26935,25419,0,0,0,0,0	50	64474
173944	94	224	244	80	64	26	15	5	2807	517	726	469	97	0	16	1914	196	551	100,0,0,0,0,0	26514	1045	65	51754	1688	0	83829,83516,81590,40601,40601,40601,40601	0	1	26935,25482,0,0,0,0,0	48	65233
174102	95	219	218	73	62	26	13	5	2687	518	728	478	274	3	12	2017	181	525	100,0,0,0,0,0	15703	1093	62	51814	1690	0	84216,83922,81982,40626,40626,40626,40626	0	2	26935,25542,0,0,0,0,0	44	66031
174256	85	208	211	67	53	25	14	5	2576	518	728	497	304	0	27	1767	179	484	100,0,0,0,0,0	15575	1067	50	51861	1693	0	84582,84306,82353,40633,40633,40633,40633	0	0	26935,25591,0,0,0,0,0	45	66799
174385	85	198	207	60	52	22	15	5	2470	518	729	500	237	1	20	1786	174	465	100,0,0,0,0,0	15417	1106	59	51918	1695	0	84982,84723,82759,40677,40677,40677,40677	0	5	26935,25649,0,0,0,0,0	44	67582
174512	87	190	201	48	46	20	11	7	2374	520	730	511	106	0	14	1687	157	446	100,0,0,0,0,0	15521	1119	52	51962	1703	0	85367,85124,83150,40710,40710,40710,40710	0	0	26935,25698,0,0,0,0,0	33	68391
174627	80	192	195	50	45	22	9	7	2267	521	731	555	263	0	8	1681	147	446	100,0,0,0,0,0	15124	1123	53	52012	1707	0	85766,85537,83555,40757,40757,40757,40757	0	1	26935,25752,0,0,0,0,0	30	69210
174779	76	180	169	53	43	21	7	7	2153	523	735	523	95	1	12	1494	122	427	100,0,0,0,0,0	21275	1046	40	52048	1713	0	86143,85931,83937,40780,40780,40780,40780	0	2	26935,25791,0,0,0,0,0	27	70000
174893	59	168	159	57	46	19	7	7	2069	523	739	530	267	0	15	1287	118	397	100,0,0,0,0,0	20673	336	34	52077	1718	0	86709,86512,84512,40912,40912,40912,40912	0	2	26935,25823,0,0,0,0,0	25	70225
175009	67	156	150	54	48	15	6	7	1969	524	741	524	264	0	21	1411	124	372	100,0,0,0,0,0	12248	322	47	52123	1719	0	87279,87098,85089,41047,41047,41047,41047	0	1	26935,25870,0,0,0,0,0	21	70449
175109	66	141	148	53	51	14	6	5	1886	524	743	511	150	0	10	1412	123	356	100,0,0,0,0,0	12200	352	41	52162	1721	0	87829,87660,85647,41168,41168,41168,41168	0	0	26935,25910,0,0,0,0,0	19	70691
175219	66	137	136	45	47	14	5	5	1804	524	744	544	238	4	21	1402	123	327	100,0,0,0,0,0	12106	327	33	52193	1723	0	88367,88211,86192,41291,41291,41291,41291	0	1	26935,25942,0,0,0,0,0	19	70919
175319	57	131	143	42	46	13	5	4	1712	525	749	535	74	0	7	1288	117	320	100,0,0,0,0,0	12271	308	32	52225	1723	0	88955,88810,86787,41432,41432,41432,41432	0	2	26935,25974,0,0,0,0,0	20	71144
175390	48	133	129	40	47	13	5	3	1663	525	750	550	139	1	13	1308	109	306	100,0,0,0,0,0	12129	373	40	52264	1725	0	89544,89410,87385,41588,41588,41588,41588	0	0	26935,26015,0,0,0,0,0	21	71413
175476	43	124	118	36	47	11	5	2	1606	525	753	540	93	0	12	1268	107	277	100,0,0,0,0,0	20811	368	27	52288	1728	0	90107,89984,87957,41738,41738,41738,41738	0	0	26935,26041,0,0,0,0,0	18	71655
175581	45	102	119	36	43	11	6	2	1518	525	758	528	105	0	8	1201	101	261	100,0,0,0,0,0	20656	306	25	52312	1729	0	90254,90143,88107,41631,41631,41631,41631	0	1	26935,26066,0,0,0,0,0	17	71864
175666	43	105	108	40	37	10	6	2	1442	525	762	542	148	0	11	1288	92	257	100,0,0,0,0,0	12037	321	34	52343	1732	0	90405,90304,88262,41541,41541,41541,41541	0	0	26935,26099,0,0,0,0,0	18	72084
175764	39	107	100	35	28	5	5	2	1369	526	766	538	91	0	5	1258	72	247	100,0,0,0,0,0	12152	331	25	52366	1734	0	90568,90477,88428,41440,41440,41440,41440	0	0	26935,26123,0,0,0,0,0	11	72309
175839	44	110	96	33	25	5	5	2	1294	526	767	546	241	0	13	1218	74	244	100,0,0,0,0,0	12040	351	39	52403	1736	0	90734,90654,88599,41359,41359,41359,41359	0	2	26935,26161,0,0,0,0,0	12	72551
175897	54	95	88	27	27	6	4	2	1249	527	770	555	241	0	6	1295	69	232	100,0,0,0,0,0	12139	320	31	52432	1738	0	90900,90827,88768,41279,41279,41279,41279	0	1	26935,26192,0,0,0,0,0	11	72776
175980	46	88	90	22	28	5	4	2	1182	527	772	551	109	0	4	1299	61	222	100,0,0,0,0,0	12140	338	21	52452	1739	0	91070,91007,88942,41187,41187,41187,41187	0	0	26935,26213,0,0,0,0,0	13	73015
176066	39	79	94	24	32	6	4	2	1100	527	773	568	238	1	9	1268	65	213	100,0,0,0,0,0	20533	316	16	52464	1743	0	91218,91164,89094,41093,41093,41093,41093	0	0	26935,26229,0,0,0,0,0	12	73237
176120	40	78	89	22	25	5	5	1	1056	527	778	582	95	0	8	1378	60	204	100,0,0,0,0,0	20760	168	22	52484	1745	0	91426,91379,89307,41047,41047,41047,41047	0	1	26935,26250,0,0,0,0,0	14	73349
176188	37	76	76	23	30	4	5	1	995	527	784	590	86	0	9	1273	62	189	100,0,0,0,0,0	12245	180	21	52504	1746	0	91627,91588,89514,40992,40992,40992,40992	0	0	26935,26271,0,0,0,0,0	12	73469
176247	32	79	77	21	23	4	3	2	944	527	787	588	104	0	7	1281	54	185	100,0,0,0,0,0	12242	168	16	52519	1747	0	91823,91790,89715,40927,40927,40927,40927	0	0	26935,26287,0,0,0,0,0	9	73581
176302	29	79	69	21	23	4	2	3	899	527	788	580	5235	1	3	1279	46	181	100,0,0,0,0,0	12083	168	24	52543	1748	0	92046,92019,89942,40886,40886,40886,40886	0	1	26935,26312,0,0,0,0,0	8	73704
176355	29	75	61	18	19	2	2	3	862	527	793	600	2588	4	8	1216	43	163	100,0,0,0,0,0	12112	146	16	52557	1750	0	92241,92222,90143,40828,40828,40828,40828	0	0	26935,26327,0,0,0,0,0	6	73808
176414	26	62	67	15	22	2	2	2	812	527	795	576	1393	0	4	1220	41	155	100,0,0,0,0,0	12016	182	9	52566	1750	0	92446,92434,90354,40772,40772,40772,40772	0	0	26935,26336,0,0,0,0,0	6	73925
176444	29	53	74	15	19	2	2	2	779	528	799	607	903	0	7	907	44	150	100,0,0,0,0,0	20478	170	17	52582	1752	0	92644,92636,90557,40730,40730,40730,40730	0	0	26935,26353,0,0,0,0,0	6	74038
176487	28	53	67	17	18	3	2	2	738	528	803	596	492	1	3	822	39	149	100,0,0,0,0,0	20304	158	18	52599	1753	0	92882,92881,90802,40708,40708,40708,40708	0	1	26935,26370,0,0,0,0,0	8	74143
176529	22	56	68	18	17	2	1	3	697	528	805	635	2988	1	5	742	41	143	100,0,0,0,0,0	22295	159	14	52612	1754	0	93134,93138,91061,40693,40693,40693,40693	0	1	26935,26384,0,0,0,0,0	7	74253
176569	18	58	64	17	13	2	1	3	665	528	808	649	2708	0	3	550	36	137	100,0,0,0,0,0	22232	161	15	52627	1755	0	93368,93377,91303,40669,40669,40669,40669	0	0	26935,26400,0,0,0,0,0	5	74356
176613	18	45	60	16	12	2	0	3	637	529	811	658	1982	1	4	425	29	124	100,0,0,0,0,0	22141	177	6	52633	1755	0	93613,93627,91555,40653,40653,40653,40653	0	0	26935,26406,0,0,0,0,0	4	74478
176646	18	40	53	16	10	2	0	3	614	529	815	657	1404	1	7	247	30	109	100,0,0,0,0,0	21967	174	8	52641	1755	0	93854,93873,91805,40637,40637,40637,40637	0	0	26935,26414,0,0,0,0,0	4	74584
176673	23	37	48	12	13	1	0	2	586	529	822	649	970	0	2	256	27	107	100,0,0,0,0,0	21930	168	16	52657	1755	0	94113,94137,92071,40628,40628,40628,40628	0	0	26935,26430,0,0,0,0,0	2	74696
176700	20	39	45	10	8	3	0	2	563	529	827	657	2066	0	6	258	29	96	100,0,0,0,0,0	19593	173	8	52665	1755	0	94357,94386,92322,40610,40610,40610,40610	0	0	26935,26438,0,0,0,0,0	1	74808
176735	14	36	44	11	9	3	0	2	533	529	830	655	2347	0	3	245	28	89	100,0,0,0,0,0	19721	164	8	52673	1755	0	94379,94411,92346,40453,40453,40453,40453	0	0	26935,26446,0,0,0,0,0	3	74925
176764	16	35	37	11	8	3	0	2	508	529	833	623	2288	0	2	329	31	79	100,0,0,0,0,0	22152	169	13	52686	1755	0	94402,94437,92371,40295,40295,40295,40295	0	0	26935,26459,0,0,0,0,0	3	75040
176805	15	33	34	10	11	3	0	2	466	529	838	624	1868	0	1	314	27	79	100,0,0,0,0,0	22154	171	9	52695	1755	0	94421,94460,92391,40130,40130,40130,40130	0	1	26935,26468,0,0,0,0,0	4	75148
176830	10	33	33	8	8	4	0	2	448	529	841	651	1418	1	1	311	23	73	100,0,0,0,0,0	21929	174	2	52696	1756	0	94437,94478,92410,39971,39971,39971,39971	0	0	26935,26470,0,0,0,0,0	4	75259
176870	8	25	36	7	9	4	0	2	411	529	845	655	1662	0	5	274	25	64	100,0,0,0,0,0	21953	184	3	52699	1756	0	94444,94490,92419,39792,39792,39792,39792	0	0	26935,26473,0,0,0,0,0	5	75376
176888	9	23	33	6	10	4	0	1	392	529	851	624	1959	0	4	300	23	62	100,0,0,0,0,0	21680	173	7	52706	1756	0	94476,94525,92453,39639,39639,39639,39639	0	0	26935,26480,0,0,0,0,0	6	75496
176909	11	20	34	6	8	4	0	1	369	529	855	637	2043	1	1	288	21	62	100,0,0,0,0,0	19713	181	6	52711	1757	0	94501,94553,92482,39496,39496,39496,39496	0	1	26935,26486,0,0,0,0,0	4	75613
176930	12	18	28	8	7	3	0	1	355	529	855	622	1863	0	2	261	18	58	100,0,0,0,0,0	19838	98	7	52718	1757	0	94510,94564,92493,39339,39339,39339,39339	0	0	26935,26493,0,0,0,0,0	3	75680
176948	9	17	28	8	8	2	1	1	337	529	858	616	1656	0	2	258	18	55	100,0,0,0,0,0	21915	103	5	52722	1758	0	94522,94578,92508,39180,39180,39180,39180	0	0	26935,26497,0,0,0,0,0	2	75748
176976	6	21	22	6	6	3	1	1	316	529	859	629	1700	0	5	233	20	45	100,0,0,0,0,0	21886	87	4	52726	1758	0	94532,94591,92520,39016,39016,39016,39016	0	0	26935,26501,0,0,0,0,0	3	75806
177005	3	23	19	2	7	4	1	1	290	529	862	632	1778	1	2	140	16	43	100,0,0,0,0,0	21929	107	4	52730	1758	0	94549,94611,92540,38858,38858,38858,38858	0	1	26935,26505,0,0,0,0,0	5	75871
177022	6	18	19	2	8	4	1	0	268	529	869	649	1919	0	1	140	15	43	100,0,0,0,0,0	21777	114	6	52736	1758	0	94566,94631,92559,38697,38697,38697,38697	0	1	26935,26511,0,0,0,0,0	7	75943
177033	5	18	18	1	8	4	1	0	256	529	873	638	1906	0	2	149	14	41	100,0,0,0,0,0	21908	104	4	52740	1758	0	94587,94654,92583,38540,38540,38540,38540	0	0	26935,26515,0,0,0,0,0	5	76009
177047	3	17	17	1	9	3	1	0	244	529	875	638	1748	0	2	151	14	37	100,0,0,0,0,0	19299	113	3	52742	1759	0	94603,94672,92601,38387,38387,38387,38387	0	0	26935,26517,0,0,0,0,0	6	76077
177061	4	15	15	1	6	2	1	0	234	529	878	644	1744	1	3	165	13	31	100,0,0,0,0,0	19721	103	5	52747	1759	0	94560,94630,92559,38199,38199,38199,38199	0	0	26935,26522,0,0,0,0,0	4	76142
177068	5	11	15	1	7	2	1	0	219	529	888	633	1735	0	1	181	15	27	100,0,0,0,0,0	21869	92	2	52748	1760	0	94515,94587,92515,38010,38010,38010,38010	0	0	26935,26524,0,0,0,0,0	4	76198
177075	5	9	16	1	6	2	0	0	211	530	891	625	1842	0	1	141	14	25	100,0,0,0,0,0	21868	86	1	52749	1760	0	94457,94530,92459,37810,37810,37810,37810	0	0	26935,26525,0,0,0,0,0	2	76251
177091	4	9	12	0	6	2	0	0	193	530	899	613	1882	0	0	160	11	22	100,0,0,0,0,0	21966	95	3	52752	1760	0	94410,94485,92413,37613,37613,37613,37613	0	0	26935,26528,0,0,0,0,0	2	76311
177102	2	11	11	0	6	2	0	0	179	530	903	614	1844	0	1	157	8	24	100,0,0,0,0,0	21824	81	3	52754	1761	0	94357,94434,92361,37411,37411,37411,37411	0	0	26935,26531,0,0,0,0,0	3	76355
177121	3	8	11	0	7	2	0	0	159	530	905	607	1805	0	0	137	7	24	100,0,0,0,0,0	21574	95	2	52756	1761	0	94302,94380,92307,37207,37207,37207,37207	0	0	26935,26533,0,0,0,0,0	2	76415
177133	4	6	9	0	6	1	0	0	149	530	908	634	1767	0	2	139	5	21	100,0,0,0,0,0	19901	82	1	52757	1761	0	94251,94331,92258,37016,37016,37016,37016	0	0	26935,26534,0,0,0,0,0	1	76458
177150	3	7	6	0	5	1	0	0	134	530	910	645	1775	0	1	157	4	18	100,0,0,0,0,0	19640	81	1	52758	1761	0	94197,94278,92205,36823,36823,36823,36823	0	0	26935,26535,0,0,0,0,0	1	76506
177161	2	6	5	1	4	1	0	0	124	530	912	639	1859	0	1	151	5	14	100,0,0,0,0,0	21989	70	1	52759	1761	0	94140,94222,92149,36625,36625,36625,36625	0	0	26935,26536,0,0,0,0,0	1	76556
177167	2	4	7	1	4	1	0	0	116	530	914	660	1888	0	0	109	5	14	100,0,0,0,0,0	21634	82	2	52761	1761	0	94078,94161,92088,36427,36427,36427,36427	0	1	26935,26538,0,0,0,0,0	1	76609
177172	1	5	8	1	3	0	0	0	106	530	920	666	1827	0	0	70	4	14	100,0,0,0,0,0	21740	74	1	52762	1761	0	94030,94113,92041,36239,36239,36239,36239	0	0	26935,26539,0,0,0,0,0	0	76652
177175	1	5	6	0	3	0	0	0	104	530	922	642	1786	0	0	62	4	11	100,0,0,0,0,0	21665	83	2	52764	1761	0	93966,94049,91979,36043,36043,36043,36043	0	0	26935,26541,0,0,0,0,0	0	76695
177171	1	4	6	0	4	0	0	0	102	530	928	632	1787	0	0	36	3	12	100,0,0,0,0,0	21585	88	2	52765	1762	0	93910,93994,91924,35847,35847,35847,35847	0	1	26935,26543,0,0,0,0,0	0	76751
177174	1	4	6	0	3	0	0	0	98	530	930	646	1837	0	1	39	3	11	100,0,0,0,0,0	19430	68	0	52765	1762	0	93851,93935,91866,35658,35658,35658,35658	0	0	26935,26543,0,0,0,0,0	0	76784
177176	2	2	7	0	2	0	0	0	94	530	933	666	1896	1	0	35	2	11	100,0,0,0,0,0	19723	70	1	52766	1762	0	93793,93876,91809,35473,35473,35473,35473	0	0	26935,26544,0,0,0,0,0	0	76822
177180	4	2	6	0	2	0	0	0	81	530	941	666	1773	0	0	37	3	11	100,0,0,0,0,0	21626	78	2	52768	1762	0	93736,93819,91753,35285,35285,35285,35285	0	0	26935,26546,0,0,0,0,0	0	76872
177181	3	4	5	0	2	0	0	0	74	530	947	655	1797	0	0	12	3	11	100,0,0,0,0,0	21890	92	1	52769	1762	0	93675,93758,91693,35101,35101,35101,35101	0	0	26935,26547,0,0,0,0,0	0	76925
177180	4	6	6	0	2	0	0	0	68	530	950	644	1817	1	0	11	3	15	100,0,0,0,0,0	21531	63	4	52773	1762	0	93614,93698,91634,34922,34922,34922,34922	0	0	26935,26551,0,0,0,0,0	0	76968
177177	4	4	7	0	0	0	0	0	69	530	955	636	1783	0	0	11	2	13	100,0,0,0,0,0	21590	95	1	52774	1762	0	93552,93636,91574,34739,34739,34739,34739	0	1	26935,26552,0,0,0,0,0	0	77018
177175	3	6	7	1	0	0	0	0	63	530	961	610	1880	0	0	12	2	15	100,0,0,0,0,0	21698	64	2	52776	1762	0	93496,93580,91519,34553,34553,34553,34553	0	0	26935,26554,0,0,0,0,0	0	77059
177174	2	5	6	1	1	0	0	0	61	530	966	608	1828	0	0	14	1	14	100,0,0,0,0,0	19498	63	0	52776	1762	0	93435,93518,91459,34374,34374,34374,34374	0	0	26935,26554,0,0,0,0,0	0	77099
177175	0	7	7	1	1	0	0	0	58	530	967	598	1783	1	1	15	2	14	100,0,0,0,0,0	19598	68	2	52778	1762	0	93356,93439,91380,34187,34187,34187,34187	0	0	26935,26556,0,0,0,0,0	0	77142
177171	2	4	9	0	2	0	0	0	56	530	972	595	1754	0	1	24	6	11	100,0,0,0,0,0	21609	83	3	52781	1762	0	93281,93364,91306,34005,34005,34005,34005	0	0	26935,26559,0,0,0,0,0	0	77187
177166	2	4	5	0	2	0	0	0	56	530	981	588	1745	0	1	58	6	7	100,0,0,0,0,0	21664	66	1	52782	1762	0	93201,93284,91226,33819,33819,33819,33819	0	0	26935,26560,0,0,0,0,0	0	77228
177168	1	5	3	0	1	0	0	0	52	530	986	556	1834	0	1	60	5	5	100,0,0,0,0,0	21848	75	0	52782	1762	0	93120,93204,91146,33636,33636,33636,33636	0	0	26935,26560,0,0,0,0,0	0	77268
177171	2	5	2	0	1	0	0	0	48	530	987	600	1846	0	0	58	6	4	100,0,0,0,0,0	21676	67	1	52783	1762	0	93042,93125,91069,33448,33448,33448,33448	0	0	26935,26561,0,0,0,0,0	0	77301
177172	2	3	2	1	1	0	0	0	44	530	991	609	1891	0	0	54	5	4	100,0,0,0,0,0	21588	70	0	52783	1762	0	92956,93039,90983,33256,33256,33256,33256	0	0	26935,26561,0,0,0,0,0	1	77340
177178	2	2	4	1	1	0	0	0	34	530	994	643	1761	1	0	54	5	5	100,0,0,0,0,0	19436	73	1	52784	1762	0	92876,92960,90905,33075,33075,33075,33075	0	0	26935,26562,0,0,0,0,0	2	77379
177171	1	4	3	1	1	0	0	0	33	530	1002	637	1740	0	0	48	5	5	100,0,0,0,0,0	19558	61	1	52785	1762	0	92802,92885,90831,32910,32910,32910,32910	0	0	26935,26563,0,0,0,0,0	3	77420
177168	2	5	2	0	1	0	0	0	34	530	1004	570	1788	0	1	49	5	5	100,0,0,0,0,0	21812	82	2	52786	1763	0	92718,92800,90747,32736,32736,32736,32736	0	1	26935,26565,0,0,0,0,0	3	77460
177169	2	4	2	0	1	0	0	0	30	530	1008	581	1782	0	0	68	5	4	100,0,0,0,0,0	21718	202	0	52786	1763	129	92628,92710,90658,32560,32560,32560,32560	0	0	26935,26565,0,0,0,0,0	0	77503
177165	2	3	2	0	2	0	0	0	29	530	1013	596	1914	1	0	66	4	5	100,0,0,0,0,0	21447	218	1	52788	1763	275	92576,92658,90607,32456,32456,32456,32456	0	0	26935,26567,0,0,0,0,0	0	77548
177162	2	4	1	0	2	0	0	0	30	530	1015	574	1837	0	0	28	3	6	100,0,0,0,0,0	21619	183	1	52789	1763	382	92515,92596,90547,32348,32348,32348,32348	0	0	26935,26568,0,0,0,0,0	0	77591
177160	1	4	1	1	2	0	0	0	29	530	1018	562	1755	0	0	26	3	6	100,0,0,0,0,0	21735	207	0	52789	1763	527	92450,92531,90483,32222,32222,32222,32222	0	0	26935,26568,0,0,0,0,0	0	77624
177160	1	2	2	0	2	0	0	0	29	530	1020	560	1721	0	0	25	2	5	100,0,0,0,0,0	19527	223	0	52789	1763	683	92393,92474,90427,32119,32119,32119,32119	0	0	26935,26568,0,0,0,0,0	0	77662
177154	0	3	2	0	2	0	0	0	28	530	1027	543	1818	0	0	26	2	5	100,0,0,0,0,0	19516	214	0	52789	1763	830	92346,92426,90381,32041,32041,32041,32041	0	0	26935,26568,0,0,0,0,0	0	77701
177153	0	2	3	1	2	0	0	0	23	530	1032	568	1872	0	0	26	2	6	100,0,0,0,0,0	21465	202	1	52790	1763	977	92292,92373,90328,31945,31945,31945,31945	0	0	26935,26569,0,0,0,0,0	0	77736
177151	1	2	3	0	1	0	0	0	25	530	1033	594	1784	0	1	31	2	5	100,0,0,0,0,0	21607	251	2	52792	1763	1156	92238,92318,90275,31851,31851,31851,31851	0	1	26935,26571,0,0,0,0,0	0	77772
177149	1	3	3	0	0	0	0	0	26	530	1034	588	1818	1	0	31	1	6	100,0,0,0,0,0	21533	267	1	52793	1763	1354	92191,92272,90229,31776,31776,31776,31776	0	0	26935,26572,0,0,0,0,0	0	77807
177150	1	2	3	0	0	0	0	0	23	530	1037	546	1708	0	0	14	2	4	100,0,0,0,0,0	21483	275	0	52793	1763	1564	92146,92226,90185,31707,31707,31707,31707	0	0	26935,26572,0,0,0,0,0	0	77838
177150	1	1	4	0	0	0	0	0	23	530	1037	584	1808	0	0	14	2	4	100,0,0,0,0,0	21705	283	0	52793	1763	1781	92101,92181,90142,31639,31639,31639,31639	0	0	26935,26572,0,0,0,0,0	0	77874
177147	1	1	4	1	0	0	0	0	20	530	1042	603	1823	0	0	15	3	4	100,0,0,0,0,0	19610	292	1	52793	1764	1999	92062,92142,90104,31589,31589,31589,31589	0	1	26935,26573,0,0,0,0,0	0	77919
177147	0	2	1	1	0	0	0	0	22	530	1043	593	1856	0	0	10	3	1	100,0,0,0,0,0	19667	274	0	52793	1764	2205	92020,92099,90063,31542,31542,31542,31542	0	0	26935,26573,0,0,0,0,0	0	77956
177146	0	0	1	1	1	0	0	0	20	530	1047	595	1783	0	0	7	3	0	100,0,0,0,0,0	21655	296	0	52793	1764	2422	91979,92057,90022,31488,31488,31488,31488	0	0	26935,26573,0,0,0,0,0	0	78003
177146	0	0	0	1	1	0	0	0	18	530	1050	597	1746	0	0	7	2	0	100,0,0,0,0,0	21584	231	0	52793	1764	2598	91939,92017,89984,31441,31441,31441,31441	0	0	26935,26573,0,0,0,0,0	0	78035
177142	0	0	0	0	1	0	0	0	18	530	1055	592	1746	0	0	8	1	0	100,0,0,0,0,0	21690	206	0	52793	1764	2751	91890,91968,89935,31373,31373,31373,31373	0	0	26935,26573,0,0,0,0,0	0	78064
177139	0	0	0	0	1	0	0	0	18	530	1058	601	1875	0	0	8	1	0	100,0,0,0,0,0	21621	237	0	52793	1764	2919	91833,91910,89880,31293,31293,31293,31293	0	0	26935,26573,0,0,0,0,0	0	78099
177137	1	0	0	0	1	0	0	0	16	530	1061	606	1826	1	0	3	0	2	100,0,0,0,0,0	21692	235	1	52794	1764	3089	91776,91853,89823,31213,31213,31213,31213	0	0	26935,26574,0,0,0,0,0	0	78128
177133	1	0	0	0	0	0	0	0	16	530	1066	607	1868	0	0	6	1	0	100,0,0,0,0,0	19533	247	0	52794	1764	3269	91725,91802,89774,31142,31142,31142,31142	0	0	26935,26574,0,0,0,0,0	0	78162
177133	0	1	0	0	0	0	0	0	16	530	1066	596	1719	0	0	3	1	0	100,0,0,0,0,0	19522	247	0	52794	1764	3422	91676,91753,89726,31091,31091,31091,31091	0	0	26935,26574,0,0,0,0,0	0	78212
177130	0	0	1	0	0	0	0	0	15	530	1070	653	1795	0	0	4	1	0	100,0,0,0,0,0	21594	256	0	52794	1764	3591	91625,91701,89676,31028,31028,31028,31028	0	0	26935,26574,0,0,0,0,0	0	78255
177130	0	0	1	0	0	0	0	0	14	530	1071	673	1854	0	0	4	1	0	100,0,0,0,0,0	21537	367	0	52794	1764	3881	91568,91644,89620,30967,30967,30967,30967	0	0	26935,26574,0,0,0,0,0	0	78298
177125	0	0	0	0	0	0	0	0	15	530	1076	648	1838	0	0	4	0	0	0,0,0,0,0,0	21778	381	0	52794	1764	4154	91542,91617,89594,30971,30971,30971,30971	0	0	26935,26574,0,0,0,0,0	0	78352
177120	0	0	0	0	0	0	0	0	13	530	1083	665	1879	0	0	4	0	0	0,0,0,0,0,0	21880	344	0	52794	1764	4411	91511,91586,89565,30967,30967,30967,30967	0	0	26935,26574,0,0,0,0,0	0	78400
177115	0	0	0	0	0	0	0	0	13	530	1088	668	1767	0	0	4	0	0	0,0,0,0,0,0	21885	356	0	52794	1764	4691	91477,91552,89532,30955,30955,30955,30955	0	0	26935,26574,0,0,0,0,0	0	78439
177090	12	11	0	0	0	0	0	0	11	530	1092	656	1770	0	0	4	0	23	0,100,0,0,0,0	19466	341	0	52817	1764	4955	91470,91544,89526,30980,30980,30980,30980	0	0	26935,26574,23,0,0,0,0	0	78473
177045	34	22	4	1	0	0	0	0	10	530	1100	643	1846	0	0	4	0	61	0,100,0,0,0,0	19381	473	3	52850	1769	5248	91482,91555,89539,31032,31032,31032,31032	0	0	26935,26574,61,0,0,0,0	0	78561
177011	46	36	6	2	1	0	0	0	10	530	1104	661	1817	0	0	4	0	91	0,100,0,0,0,0	21568	465	2	52878	1772	5518	91492,91565,89551,31091,31091,31091,31091	0	0	26935,26574,92,0,0,0,0	1	78661
176963	50	63	11	5	4	0	0	0	13	530	1107	659	1804	3	2	3	2	131	0,100,0,0,0,0	10025	499	10	52917	1778	5811	91501,91574,89562,31145,31145,31145,31145	0	0	26935,26574,137,0,0,0,0	1	78768
176911	58	88	22	3	7	0	0	0	18	530	1109	677	1850	1	2	56	9	169	0,100,0,0,0,0	10119	505	23	52963	1782	6096	91530,91603,89592,31217,31217,31217,31217	0	2	26935,26574,187,0,0,0,0	1	78869
176844	78	104	35	3	13	0	0	0	22	530	1117	692	1976	2	4	92	15	218	0,100,0,0,0,0	10196	480	24	53017	1789	6396	91562,91634,89625,31296,31296,31296,31296	0	1	26935,26574,248,0,0,0,0	0	78959
176816	67	117	43	5	17	0	0	0	33	530	1118	728	1978	1	5	258	22	227	0,100,0,0,0,0	10432	523	29	53043	1792	6720	91560,91632,89625,31341,31341,31341,31341	0	0	26935,26574,277,0,0,0,0	1	79049
176779	64	114	62	13	17	0	0	0	47	530	1120	729	1856	1	7	413	24	246	0,100,0,0,0,0	19906	471	36	53076	1795	7004	91579,91651,89645,31418,31418,31418,31418	0	1	26935,26574,313,0,0,0,0	0	79137
176752	54	116	72	15	22	0	1	0	61	530	1123	754	1846	4	6	429	30	250	0,100,0,0,0,0	19843	385	28	53104	1795	7300	91601,91673,89669,31488,31488,31488,31488	0	6	26935,26574,341,0,0,0,0	1	79176
176719	61	102	86	14	19	2	0	0	84	531	1128	735	1801	1	8	503	34	250	0,100,0,0,0,0	10698	417	32	53136	1796	7621	91630,91702,89700,31565,31565,31565,31565	0	0	26935,26574,374,0,0,0,0	1	79218
176666	68	129	87	17	16	2	0	0	99	531	1131	771	1933	3	9	533	45	274	0,100,0,0,0,0	10686	368	55	53186	1802	7883	91690,91760,89761,31680,31680,31680,31680	0	2	26935,26574,430,0,0,0,0	3	79261
176610	78	140	86	26	14	1	0	0	123	531	1137	735	1825	2	4	598	47	298	0,100,0,0,0,0	10849	407	55	53230	1813	8198	91723,91793,89797,31757,31757,31757,31757	0	1	26935,26574,485,0,0,0,0	2	79288
176558	82	148	93	27	16	2	0	0	147	531	1142	730	1849	4	4	735	53	315	0,100,0,0,0,0	11012	389	54	53277	1820	8485	91767,91836,89842,31857,31857,31857,31857	0	2	26935,26574,539,0,0,0,0	2	79329
176512	81	163	104	31	17	2	1	0	157	531	1147	740	1802	1	9	759	70	329	0,100,0,0,0,0	10920	341	55	53323	1830	8741	91804,91872,89882,31938,31938,31938,31938	0	5	26935,26574,595,0,0,0,0	5	79364
176481	83	145	117	35	22	2	1	0	181	531	1148	755	1919	5	5	738	70	335	0,100,0,0,0,0	20076	365	44	53362	1838	9015	91834,91902,89915,32005,32005,32005,32005	0	4	26935,26574,641,0,0,0,0	4	79392
176432	65	167	125	34	20	2	1	0	213	531	1156	760	1842	1	8	697	75	339	0,100,0,0,0,0	20195	308	54	53414	1840	9268	91861,91928,89944,32099,32099,32099,32099	0	5	26935,26574,695,0,0,0,0	4	79398
176381	74	167	132	30	28	2	1	0	237	531	1163	791	1796	2	10	698	85	349	0,100,0,0,0,0	11071	369	61	53472	1843	9579	91886,91953,89972,32178,32178,32178,32178	0	1	26935,26574,756,0,0,0,0	4	79407
176328	83	172	136	33	28	1	2	0	265	531	1167	759	1798	8	11	739	88	367	0,100,0,0,0,0	11074	327	60	53523	1853	9859	91913,91980,90002,32274,32274,32274,32274	0	4	26935,26574,817,0,0,0,0	3	79414
176270	88	181	150	36	28	1	2	0	287	531	1172	756	1844	2	9	855	106	380	0,100,0,0,0,0	11118	330	68	53586	1859	10135	91947,92013,90038,32367,32367,32367,32367	0	2	26935,26574,885,0,0,0,0	3	79419
176210	99	188	150	42	26	1	2	0	319	531	1178	744	1909	4	10	889	96	412	0,100,0,0,0,0	11151	340	71	53648	1868	10418	91980,92045,90073,32460,32460,32460,32460	0	3	26935,26574,955,0,0,0,0	5	79429
176151	110	184	161	41	24	1	2	0	357	531	1184	761	2082	3	15	1000	99	424	0,100,0,0,0,0	11063	303	75	53713	1879	10665	92011,92076,90109,32553,32553,32553,32553	0	3	26935,26574,1031,0,0,0,0	4	79433
176112	98	199	168	41	24	1	3	0	385	531	1184	774	2018	1	12	1004	110	424	0,100,0,0,0,0	20459	313	56	53762	1887	10926	92021,92086,90121,32616,32616,32616,32616	0	2	26935,26574,1088,0,0,0,0	9	79443
176058	106	207	176	32	19	1	3	0	419	531	1194	774	1779	3	6	1253	97	447	0,100,0,0,0,0	20642	285	69	53819	1899	11172	92056,92121,90160,32728,32728,32728,32728	0	9	26935,26574,1155,0,0,0,0	8	79443
175998	113	216	183	39	19	0	1	1	444	532	1200	746	1828	3	1	1264	84	487	0,100,0,0,0,0	11574	326	84	53895	1907	11450	92094,92157,90202,32835,32835,32835,32835	0	2	26935,26574,1239,0,0,0,0	5	79436
175947	121	209	184	38	27	0	1	1	481	532	1205	795	1867	7	6	1267	76	504	0,100,0,0,0,0	11594	333	67	53954	1915	11730	92117,92181,90229,32934,32934,32934,32934	0	1	26935,26574,1306,0,0,0,0	4	79432
175887	106	244	197	39	33	0	1	1	496	532	1210	785	2037	3	17	1158	98	522	0,100,0,0,0,0	11573	303	88	54035	1923	11976	92172,92234,90288,33061,33061,33061,33061	0	5	26935,26574,1394,0,0,0,0	4	79441
175811	118	272	189	41	38	0	1	1	529	532	1214	799	1873	4	14	1263	105	554	0,100,0,0,0,0	11496	332	107	54129	1936	12266	92221,92282,90341,33174,33174,33174,33174	0	5	26935,26574,1501,0,0,0,0	7	79431
175696	140	298	200	43	35	0	1	1	577	532	1223	782	1926	3	10	1225	101	616	0,100,0,0,0,0	11541	309	131	54243	1954	12528	92299,92360,90423,33340,33340,33340,33340	0	1	26935,26574,1631,0,0,0,0	6	79420
175620	151	316	208	39	46	1	2	1	603	532	1227	757	1850	4	7	1330	107	656	0,100,0,0,0,0	20842	327	108	54333	1972	12799	92355,92413,90481,33468,33468,33468,33468	0	2	26935,26574,1736,0,0,0,0	9	79412
175534	167	309	237	39	50	1	2	2	643	532	1230	758	1965	5	13	1311	118	687	0,100,0,0,0,0	20849	284	113	54433	1986	13038	92433,92491,90565,33640,33640,33640,33640	0	4	26935,26574,1850,0,0,0,0	12	79390
175415	202	324	253	42	46	1	2	2	685	532	1242	799	1842	5	16	1358	124	746	0,100,0,0,0,0	11639	299	148	54565	2004	13287	92543,92599,90681,33823,33823,33823,33823	0	4	26935,26574,2000,0,0,0,0	10	79386
175287	226	358	269	49	46	2	4	2	723	532	1248	780	2014	6	14	1356	143	811	0,100,0,0,0,0	11771	323	153	54707	2016	13558	92659,92713,90802,34012,34012,34012,34012	0	2	26935,26574,2153,0,0,0,0	9	79372
175178	228	390	284	45	45	4	3	2	783	533	1251	759	1827	4	19	1681	157	842	0,100,0,0,0,0	11926	297	155	54850	2028	13809	92785,92837,90935,34215,34215,34215,34215	0	3	26935,26574,2307,0,0,0,0	8	79347
175057	230	443	302	45	53	5	2	3	819	533	1254	726	1933	7	18	1821	158	922	0,100,0,0,0,0	12062	262	165	54990	2054	14029	92891,92941,91047,34401,34401,34401,34401	0	8	26935,26574,2472,0,0,0,0	9	79317
174929	244	455	338	57	63	4	2	3	861	533	1257	731	1998	1	18	1908	177	986	0,100,0,0,0,0	12103	271	174	55152	2067	14252	93015,93061,91176,34595,34595,34595,34595	0	7	26935,26574,2647,0,0,0,0	10	79296
174805	260	456	351	60	65	3	2	3	946	533	1262	721	1955	10	21	1838	176	1021	0,100,0,0,0,0	21176	269	163	55301	2082	14468	93129,93173,91296,34783,34783,34783,34783	0	4	26935,26574,2810,0,0,0,0	10	79267
174678	257	500	364	63	74	4	3	3	997	533	1270	725	1845	4	19	1869	186	1079	0,100,0,0,0,0	21192	250	178	55467	2095	14683	93232,93276,91405,34967,34967,34967,34967	0	9	26935,26574,2989,0,0,0,0	15	79219
174542	269	546	356	62	73	6	3	2	1082	533	1272	748	1840	11	29	1894	186	1129	0,100,0,0,0,0	12378	270	199	55648	2115	14921	93350,93393,91530,35163,35163,35163,35163	0	7	26935,26574,3190,0,0,0,0	17	79171
174365	308	571	396	65	72	8	2	2	1142	534	1281	736	1953	6	33	2131	229	1193	0,100,0,0,0,0	12220	262	215	55834	2144	15150	93485,93528,91671,35389,35389,35389,35389	0	7	26935,26574,3404,0,0,0,0	22	79125
174199	354	584	412	78	81	7	2	2	1208	534	1285	724	2036	6	14	2324	228	1290	0,100,0,0,0,0	12399	258	235	56050	2165	15381	93624,93666,91818,35609,35609,35609,35609	0	9	26935,26574,3641,0,0,0,0	22	79056
174010	377	641	450	79	92	6	3	1	1264	534	1289	737	2000	15	32	2212	250	1398	0,100,0,0,0,0	12579	268	262	56277	2202	15622	93783,93825,91986,35852,35852,35852,35852	0	8	26935,26574,3902,0,0,0,0	19	78997
173777	392	718	468	95	91	7	2	0	1369	535	1292	732	1836	8	27	2111	261	1512	0,100,0,0,0,0	12393	269	290	56532	2239	15854	93964,94006,92174,36134,36134,36134,36134	0	14	26935,26574,4193,0,0,0,0	20	78926
173583	392	783	494	97	108	9	3	0	1444	535	1298	722	1982	11	26	2047	279	1607	0,100,0,0,0,0	21420	281	265	56783	2255	16102	94131,94173,92350,36399,36399,36399,36399	0	10	26935,26574,4459,0,0,0,0	20	78835
173346	435	824	536	109	117	10	2	0	1523	536	1308	694	1985	15	37	2177	314	1719	0,100,0,0,0,0	21565	275	310	57060	2292	16345	94315,94356,92542,36721,36721,36721,36721	1	11	26935,26574,4771,0,0,0,0	29	78727
173080	483	876	597	100	113	13	4	0	1624	537	1319	706	1879	13	46	2888	368	1818	0,100,0,0,0,0	12884	281	345	57369	2330	16586	94540,94580,92775,37057,37057,37057,37057	1	10	26935,26574,5117,0,0,0,0	24	78653
172818	515	895	665	119	128	14	5	0	1728	537	1322	657	2026	19	43	3354	424	1917	0,100,0,0,0,0	13257	315	348	57679	2370	16860	94738,94778,92982,37375,37375,37375,37375	1	12	26935,26574,5465,0,0,0,0	27	78549
172528	540	966	742	141	120	16	6	0	1827	537	1323	648	1949	13	34	3731	461	2070	0,100,0,0,0,0	13825	339	382	58018	2416	17157	94978,95018,93233,37748,37748,37748,37748	1	6	26935,26574,5846,0,0,0,0	26	78444
172205	581	1045	777	158	125	18	6	0	1966	538	1327	654	1993	8	50	4166	482	2228	0,100,0,0,0,0	14345	293	419	58384	2472	17418	95243,95283,93508,38165,38165,38165,38165	1	8	26935,26574,6263,0,0,0,0	32	78307
171852	630	1152	852	149	134	17	4	1	2085	539	1331	656	2000	15	45	4308	492	2446	0,100,0,0,0,0	14625	270	457	58788	2527	17656	95518,95558,93796,38591,38591,38591,38591	1	22	26935,26574,6721,0,0,0,0	32	78140
171612	634	1174	896	152	162	15	4	2	2221	539	1335	625	2043	18	44	4769	508	2529	0,100,0,0,0,0	23935	295	371	59119	2571	17913	95723,95763,94014,38910,38910,38910,38910	1	8	26935,26574,7094,0,0,0,0	34	78007
171321	623	1257	939	186	165	16	6	2	2353	539	1339	622	1987	21	45	4821	515	2677	0,100,0,0,0,0	23693	288	415	59486	2620	18158	95969,96008,94272,39288,39288,39288,39288	1	20	26935,26574,7508,0,0,0,0	35	77864
170922	712	1327	947	197	180	16	9	2	2551	540	1343	652	1971	22	72	5465	566	2822	0,100,0,0,0,0	15670	298	536	59945	2698	18431	96298,96338,94615,39767,39767,39767,39767	1	14	26935,26574,8040,0,0,0,0	38	77690
170589	774	1356	1015	214	186	18	8	1	2697	542	1346	635	2009	17	59	5801	582	2989	0,100,0,0,0,0	15944	316	495	60386	2754	18707	96607,96645,94940,40207,40207,40207,40207	1	21	26935,26574,8534,0,0,0,0	37	77531
170210	801	1467	1076	232	188	21	10	0	2847	542	1352	625	2038	26	63	5739	629	3166	0,100,0,0,0,0	16158	320	544	60865	2821	18983	96957,96997,95306,40704,40704,40704,40704	1	27	26935,26574,9073,0,0,0,0	41	77351
169768	865	1579	1112	221	200	22	12	0	3066	543	1358	659	2028	18	72	5926	681	3330	0,100,0,0,0,0	16075	324	611	61417	2883	19268	97354,97394,95720,41258,41258,41258,41258	2	24	26935,26574,9684,0,0,0,0	50	77143
169351	911	1704	1143	228	205	22	12	0	3258	544	1368	649	2040	25	72	5802	708	3517	0,100,0,0,0,0	16293	335	602	61953	2952	19568	97733,97773,96118,41800,41800,41800,41800	2	23	26935,26574,10285,0,0,0,0	52	76918
168983	909	1750	1259	248	227	20	13	0	3421	545	1371	653	1894	30	76	5770	745	3681	0,100,0,0,0,0	24717	327	571	62464	3018	19856	98078,98118,96482,42311,42311,42311,42311	2	23	26935,26574,10855,0,0,0,0	58	76664
168559	894	1810	1405	261	242	19	12	1	3623	546	1374	647	2036	32	85	5986	828	3815	0,100,0,0,0,0	25004	299	600	62997	3088	20115	98447,98489,96869,42846,42846,42846,42846	2	29	26935,26574,11453,0,0,0,0	59	76428
168133	906	1873	1483	284	259	21	13	1	3850	547	1376	639	2054	30	86	6130	875	3964	0,100,0,0,0,0	26152	329	630	63572	3149	20395	98829,98870,97269,43390,43390,43390,43390	2	27	26935,26574,12085,0,0,0,0	52	76164
167744	962	1906	1548	288	271	23	14	1	4065	547	1377	639	1972	36	81	6682	923	4089	0,100,0,0,0,0	26498	302	639	64147	3219	20657	99222,99263,97683,43932,43932,43932,43932	2	29	26935,26574,12721,0,0,0,0	60	75902
167368	963	1916	1626	309	292	27	13	1	4302	549	1380	631	2003	44	94	7038	954	4192	0,100,0,0,0,0	26949	319	619	64688	3302	20939	99585,99627,98068,44440,44440,44440,44440	3	26	26935,26574,13340,0,0,0,0	63	75650
166942	955	2029	1620	313	301	29	13	2	4612	549	1381	642	1932	38	103	7323	989	4271	0,100,0,0,0,0	27036	284	673	65306	3360	21184	99989,100032,98494,45013,45013,45013,45013	3	35	26935,26574,14008,0,0,0,0	66	75340
166606	952	2025	1691	317	318	33	14	3	4856	550	1381	645	2035	27	119	7908	1079	4271	0,100,0,0,0,0	27707	289	612	65841	3441	21432	100323,100366,98852,45484,45484,45484,45484	3	21	26935,26574,14618,0,0,0,0	68	75088
166264	975	1998	1725	327	330	36	15	4	5137	550	1385	641	1946	31	104	7851	1042	4364	0,100,0,0,0,0	26502	324	628	66385	3529	21725	100680,100725,99235,45978,45978,45978,45978	3	41	26935,26574,15243,0,0,0,0	80	74822
165955	958	2045	1708	348	348	39	17	3	5386	553	1386	640	2046	45	105	7907	1077	4386	0,100,0,0,0,0	26717	298	636	66939	3615	21974	101038,101084,99622,46474,46474,46474,46474	3	35	26935,26574,15874,0,0,0,0	92	74548
165617	983	2023	1748	353	364	43	15	1	5650	556	1393	600	1992	38	121	8040	1106	4423	0,100,0,0,0,0	27849	318	629	67510	3680	22241	101414,101459,100022,46969,46969,46969,46969	3	33	26935,26574,16500,0,0,0,0	101	74281
165191	1040	2082	1824	337	356	41	13	3	5907	557	1395	599	2047	51	104	7815	1089	4604	0,100,0,0,0,0	18188	504	749	68170	3772	22702	101874,101917,100509,47556,47556,47556,47556	4	23	26935,26574,17246,0,0,0,0	98	74016
164825	1075	2184	1814	353	364	37	13	3	6119	560	1399	635	1926	41	115	7742	1107	4733	0,100,0,0,0,0	17941	542	751	68814	3887	23191	102354,102397,101022,48207,48207,48207,48207	4	37	26935,26574,17993,0,0,0,0	102	73717
164360	1150	2258	1839	354	364	42	16	3	6393	560	1407	640	2005	38	111	7709	1102	4921	0,100,0,0,0,0	18197	495	823	69520	4009	23645	102909,102954,101610,48951,48951,48951,48951	4	41	26935,26574,18809,0,0,0,0	91	73410
163940	1228	2264	1888	368	387	41	18	3	6635	561	1413	643	1988	43	119	7764	1141	5053	0,100,0,0,0,0	18139	529	769	70175	4130	24119	103415,103459,102148,49629,49629,49629,49629	4	35	26935,26574,19573,0,0,0,0	106	73127
163676	1176	2309	1893	391	388	39	17	3	6874	563	1417	634	1984	52	123	7926	1191	5022	0,100,0,0,0,0	26590	507	662	70747	4228	24571	103844,103888,102609,50203,50203,50203,50203	4	38	26935,26574,20232,0,0,0,0	110	72860
163294	1105	2437	1992	384	413	40	21	2	7073	563	1422	617	1955	27	107	7867	1208	5184	0,100,0,0,0,0	26955	535	793	71448	4326	25043	104373,104419,103172,50896,50896,50896,50896	4	37	26935,26574,21021,0,0,0,0	111	72543
162892	1148	2484	2051	402	412	44	25	2	7293	565	1428	605	1979	43	133	8172	1232	5334	0,100,0,0,0,0	18326	518	828	72164	4445	25512	104922,104970,103758,51611,51611,51611,51611	4	47	26935,26574,21840,0,0,0,0	107	72214
162432	1255	2546	2089	413	408	51	25	1	7526	568	1432	613	1970	41	128	8561	1236	5551	0,100,0,0,0,0	19029	692	910	72948	4581	26139	105517,105566,104392,52385,52385,52385,52385	4	36	26935,26574,22751,0,0,0,0	112	71861
161922	1361	2593	2136	444	426	50	24	2	7781	570	1437	615	1978	50	151	8731	1306	5728	0,100,0,0,0,0	18957	632	928	73737	4724	26698	106175,106223,105085,53244,53244,53244,53244	4	40	26935,26574,23670,0,0,0,0	111	71532
161425	1432	2704	2201	445	412	53	24	3	8035	571	1441	620	1999	46	138	8988	1353	5918	0,100,0,0,0,0	18976	693	971	74571	4867	27310	106822,106871,105772,54078,54078,54078,54078	5	43	26935,26574,24630,0,0,0,0	103	71164
160990	1433	2832	2250	445	419	58	26	3	8275	572	1443	616	2022	55	129	9155	1356	6107	0,100,0,0,0,0	19281	695	948	75382	5009	27936	107487,107538,106479,54923,54923,54923,54923	5	49	26935,26574,25568,0,0,0,0	112	70831
160594	1379	2885	2346	460	419	54	27	3	8555	575	1449	631	1921	49	140	9053	1357	6213	0,100,0,0,0,0	27600	674	858	76128	5123	28547	108087,108139,107119,55706,55706,55706,55706	5	39	26935,26574,26419,0,0,0,0	116	70478
160283	1335	2923	2440	440	444	61	25	3	8759	579	1454	606	2037	49	124	9050	1392	6276	0,100,0,0,0,0	27790	616	867	76883	5239	29102	108674,108728,107751,56446,56446,56446,56446	5	40	26935,26574,27278,0,0,0,0	125	70111
159833	1404	2873	2523	452	483	61	24	4	9047	583	1459	590	2015	51	168	9072	1447	6373	0,100,0,0,0,0	19545	651	964	77710	5382	29679	109325,109379,108443,57257,57257,57257,57257	5	48	26935,26574,28237,0,0,0,0	115	69752
159407	1512	2859	2560	458	514	64	25	4	9296	585	1462	580	2014	55	170	9318	1532	6460	0,100,0,0,0,0	19678	895	988	78542	5542	30502	109983,110038,109148,58076,58076,58076,58076	5	50	26935,26574,29215,0,0,0,0	124	69365
158998	1523	2923	2617	464	506	63	22	4	9571	589	1466	547	1936	56	170	9783	1561	6557	0,100,0,0,0,0	19840	863	976	79371	5696	31297	110721,110779,109935,59002,59002,59002,59002	5	41	26935,26574,30181,0,0,0,0	128	68998
158572	1524	3000	2636	470	535	68	24	4	9854	590	1469	552	1950	56	169	10016	1628	6629	0,100,0,0,0,0	20477	870	1010	80237	5848	32103	111450,111507,110711,59930,59930,59930,59930	6	54	26935,26574,31185,0,0,0,0	118	68571
158135	1536	3066	2662	471	525	74	26	3	10183	594	1471	582	1952	53	165	10220	1647	6713	0,100,0,0,0,0	20274	858	1003	81090	6001	32890	112177,112235,111483,60849,60849,60849,60849	6	45	26935,26574,32176,0,0,0,0	129	68172
157849	1505	3051	2688	466	524	73	28	2	10491	596	1473	574	1939	63	160	10086	1622	6713	0,100,0,0,0,0	28427	839	912	81847	6159	33664	112815,112874,112172,61648,61648,61648,61648	6	48	26935,26574,33079,0,0,0,0	127	67784
157621	1424	3095	2695	477	526	75	31	3	10722	596	1481	556	1948	68	176	10557	1723	6600	0,100,0,0,0,0	28809	1043	876	82586	6297	34515	113421,113479,112828,62399,62399,62399,62399	6	57	26935,26574,33938,0,0,0,0	139	67461
157291	1434	3133	2699	490	530	81	32	4	10968	598	1486	546	1984	60	152	11421	1735	6664	0,100,0,0,0,0	21794	955	976	83402	6465	35317	114113,114172,113571,63255,63255,63255,63255	6	53	26935,26574,34896,0,0,0,0	136	67095
157048	1496	3057	2767	489	540	76	33	3	11147	601	1489	514	1972	60	166	11363	1714	6744	0,100,0,0,0,0	21648	1685	948	84183	6637	36827	114746,114805,114260,64023,64023,64023,64023	6	43	26935,26574,35832,0,0,0,0	141	66758
156732	1531	3107	2710	516	539	79	37	4	11397	602	1492	491	1920	51	176	11569	1708	6811	0,100,0,0,0,0	21549	1673	1001	85015	6809	38341	115637,115698,115207,65168,65168,65168,65168	6	56	26935,26574,36820,0,0,0,0	155	66405
156484	1529	3086	2783	513	544	82	32	3	11584	608	1498	510	1939	59	189	11781	1739	6830	0,100,0,0,0,0	22318	1685	946	85811	6966	39846	116504,116565,116128,66253,66253,66253,66253	6	43	26935,26574,37754,0,0,0,0	156	66093
156307	1448	3189	2748	519	539	80	33	3	11769	611	1500	543	1966	63	173	11674	1733	6823	0,100,0,0,0,0	22282	1776	922	86550	7153	41447	117311,117374,116994,67284,67284,67284,67284	6	50	26935,26574,38654,0,0,0,0	151	65754
156161	1394	3094	2825	562	536	80	31	3	11940	616	1504	550	1913	59	170	11148	1736	6786	0,100,0,0,0,0	29578	1744	866	87279	7297	42997	118131,118197,117871,68328,68328,68328,68328	6	49	26935,26574,39515,0,0,0,0	157	65432
156049	1341	3020	2883	570	562	84	27	3	12076	620	1511	545	1979	47	146	11288	1740	6747	0,99,0,0,0,0	29480	1654	823	87984	7453	44497	118932,119001,118731,69317,69317,69317,69317	6	44	26935,26574,40333,29,0,0,0	161	65117
155755	1391	3075	2813	575	571	87	28	4	12311	622	1514	584	2002	53	176	11374	1739	6801	0,99,0,0,0,0	21735	1676	1006	88819	7654	46000	119834,119902,119690,70436,70436,70436,70436	7	56	26935,26574,41313,60,0,0,0	156	64747
155603	1431	2969	2838	571	573	85	31	3	12501	622	1519	571	1906	51	168	11361	1696	6802	0,98,1,0,0,0	21803	864	891	89561	7832	46708	120656,120726,120570,71421,71421,71421,71421	7	43	26935,26574,42179,86,0,0,0	153	64430
155475	1401	3018	2829	556	580	85	29	2	12623	627	1521	556	1969	57	216	10886	1731	6767	0,98,1,0,0,0	21247	840	906	90288	8043	47416	121233,121301,121202,72046,72046,72046,72046	7	62	26935,26574,43043,124,0,0,0	150	64085
155359	1392	2969	2824	564	561	83	35	2	12807	627	1523	556	1925	58	182	11489	1731	6697	0,97,2,0,0,0	21649	822	850	90974	8252	48088	121801,121870,121825,72653,72653,72653,72653	7	46	26935,26574,43836,187,0,0,0	146	63777
155254	1454	2929	2849	549	568	88	39	2	12859	629	1526	556	1880	66	170	11807	1723	6753	0,97,2,0,0,0	21887	872	896	91717	8446	48805	122392,122458,122475,73258,73258,73258,73258	7	42	26935,26574,44676,258,0,0,0	159	63454
155308	1362	2792	2887	558	553	79	38	3	13001	635	1530	530	2046	48	159	11239	1651	6618	0,96,3,0,0,0	29837	861	733	92304	8608	49510	122860,122925,123000,73726,73726,73726,73726	7	33	26935,26574,45366,296,0,0,0	150	63155
155401	1254	2803	2842	521	516	81	40	3	13113	637	1535	516	1897	57	171	11325	1598	6459	0,96,3,0,0,0	29570	922	770	92906	8779	50288	123327,123392,123529,74178,74178,74178,74178	7	45	26935,26574,46052,351,0,0,0	149	62842
155401	1269	2745	2817	505	515	83	39	5	13187	640	1540	491	1975	56	146	11359	1619	6354	0,95,4,0,0,0	21732	886	883	93565	9010	51032	123874,123940,124141,74718,74718,74718,74718	7	40	26935,26574,46814,445,0,0,0	142	62549
155327	1359	2705	2767	523	505	76	34	6	13257	644	1543	494	2005	61	142	10977	1607	6362	0,94,5,0,0,0	21287	714	897	94269	9211	51610	124442,124506,124767,75288,75288,75288,75288	7	48	26935,26574,47618,519,0,0,0	143	62204
155363	1325	2733	2624	525	465	82	38	5	13397	644	1545	505	1863	39	161	11323	1593	6199	0,94,5,0,0,0	21334	736	824	94898	9414	52195	124895,124962,125283,75703,75703,75703,75703	6	33	26935,26574,48334,600,0,0,0	132	61907
155389	1269	2740	2616	523	450	83	36	5	13439	649	1547	496	1976	46	148	10914	1532	6185	0,93,6,0,0,0	21417	731	805	95524	9601	52777	125365,125433,125814,76137,76136,76136,76136	6	37	26935,26574,49034,685,0,0,0	144	61642
155427	1259	2746	2565	502	475	81	33	6	13450	652	1550	512	1962	38	152	10750	1503	6158	0,93,6,0,0,0	21164	736	820	96134	9816	53367	125806,125875,126317,76540,76539,76539,76539	6	54	26935,26574,49746,774,0,0,0	140	61359
155683	1143	2617	2582	485	472	84	30	8	13434	655	1553	489	1869	54	147	10048	1462	5951	0,92,7,0,0,0	28807	772	629	96612	9971	53984	126135,126204,126705,76785,76783,76783,76783	6	34	26935,26574,50265,865,0,0,0	140	61135
155908	1064	2546	2521	482	475	81	30	8	13417	659	1555	500	1937	50	139	9687	1421	5778	0,91,8,0,0,0	28418	723	691	97118	10159	54542	126487,126557,127119,77069,77066,77066,77066	6	43	26935,26574,50822,976,0,0,0	128	60889
156051	1101	2452	2497	456	476	75	32	6	13376	663	1561	486	1934	55	164	9811	1484	5605	0,90,9,0,0,0	20077	706	736	97652	10363	55097	126843,126912,127537,77374,77370,77370,77370	6	41	26935,26574,51415,1096,0,0,0	121	60613
156160	1160	2382	2495	434	456	67	34	7	13323	664	1564	485	1954	49	134	9790	1474	5554	0,90,9,0,0,0	20433	402	781	98223	10577	55355	127237,127304,127989,77734,77728,77728,77728	5	30	26935,26574,52042,1224,0,0,0	115	60323
156347	1136	2309	2431	410	426	71	40	8	13333	666	1569	487	1883	35	124	9725	1382	5441	0,89,10,0,0,0	20424	382	697	98721	10778	55589	127498,127565,128308,77895,77887,77887,77887	5	29	26935,26574,52575,1358,0,0,0	116	60048
156542	1114	2270	2368	397	423	61	44	7	13280	668	1572	461	1959	42	148	9580	1330	5347	0,87,12,0,0,0	19861	418	702	99250	10954	55873	127773,127841,128642,78048,78038,78038,78038	5	27	26935,26574,53098,1517,0,0,0	127	59786
156684	1107	2254	2347	392	413	59	44	7	13194	670	1575	481	1972	36	130	9337	1310	5306	0,85,14,0,0,0	19945	383	697	99749	11159	56120	128042,128110,128965,78238,78226,78226,78226	5	29	26935,26574,53583,1711,0,0,0	121	59523
156966	1049	2173	2304	405	399	61	38	9	13085	679	1578	483	1959	49	90	9119	1242	5187	0,84,15,0,0,0	27645	263	615	100197	11328	56383	128252,128318,129233,78318,78303,78303,78303	5	34	26935,26574,54024,1856,0,0,0	119	59260
157137	1043	2150	2267	385	377	58	39	8	13023	679	1580	507	1924	36	104	9124	1183	5136	0,83,16,0,0,0	27683	246	658	100676	11511	56629	128515,128584,129547,78496,78479,78479,78479	5	43	26935,26574,54478,2033,0,0,0	122	58968
157266	1118	2086	2254	369	348	57	36	8	12938	683	1583	523	1968	48	134	9150	1148	5120	0,81,18,0,0,0	19724	248	710	101143	11759	56877	128768,128839,129854,78670,78651,78651,78651	5	33	26935,26574,54926,2266,0,0,0	112	58686
157377	1169	2082	2168	354	332	57	38	8	12890	685	1586	478	2008	38	119	9640	1133	5067	0,79,20,0,0,0	19792	96	733	101631	12006	56973	129037,129108,130172,78859,78837,78837,78837	5	36	26935,26574,55379,2517,0,0,0	114	58390
157582	1115	2086	2136	341	318	58	38	6	12792	687	1587	467	2072	47	116	9689	1088	5004	0,77,22,0,0,0	29214	102	645	102089	12198	57075	129212,129280,130396,78927,78902,78902,78902	5	34	26935,26574,55757,2760,0,0,0	128	58091
157772	1058	2076	2118	343	316	59	35	7	12682	690	1590	485	1929	39	97	9245	1055	4950	0,75,24,0,0,0	29253	113	651	102546	12399	57188	129410,129478,130645,79017,78987,78987,78987	5	31	26935,26574,56142,3021,0,0,0	112	57807
158003	1048	2016	2079	333	317	54	35	6	12569	694	1592	511	1962	41	85	8914	983	4899	0,73,26,0,0,0	27783	115	613	102943	12620	57303	129567,129633,130850,79064,79031,79031,79031	5	45	26935,26574,56473,3282,0,0,0	111	57550
158207	1025	1933	2086	332	312	51	35	5	12463	697	1600	512	1977	51	103	8824	947	4827	0,71,28,0,0,0	27312	93	597	103325	12839	57396	129714,129779,131044,79121,79084,79084,79084	4	27	26935,26574,56787,3551,0,0,0	107	57315
158425	990	1889	2116	305	308	51	32	6	12322	701	1601	533	1916	46	103	8538	960	4731	0,69,30,0,0,0	27252	101	598	103709	13056	57497	129829,129894,131206,79155,79113,79113,79113	4	33	26935,26574,57087,3835,0,0,0	104	57054
158581	1035	1844	2013	299	328	48	32	5	12251	704	1606	547	1945	33	116	8396	966	4633	0,66,33,0,0,0	28355	109	669	104134	13307	57606	129997,130062,131419,79257,79210,79210,79210	4	29	26935,26574,57378,4192,0,0,0	104	56801
158761	1043	1798	1974	297	326	49	29	7	12142	706	1614	544	1963	34	117	8393	962	4554	0,63,36,0,0,0	28018	81	615	104522	13538	57687	130120,130185,131587,79312,79259,79259,79259	4	26	26935,26574,57663,4508,0,0,0	105	56531
158963	1026	1835	1933	268	311	43	23	9	12004	712	1619	509	1859	36	101	8330	933	4506	0,61,38,0,0,0	28184	90	619	104893	13788	57777	130228,130292,131740,79351,79291,79291,79291	4	33	26935,26574,57905,4870,0,0,0	88	56291
159119	1061	1836	1888	257	306	37	24	8	11874	713	1623	500	1993	35	103	7741	910	4499	0,57,42,0,0,0	27787	86	664	105304	14043	57863	130359,130421,131915,79420,79353,79353,79353	4	32	26935,26574,58148,5275,0,0,0	87	56019
159308	1069	1824	1883	267	312	34	19	7	11678	719	1626	506	1986	35	68	7179	843	4565	0,54,45,0,0,0	27513	89	645	105693	14304	57952	130474,130537,132074,79473,79398,79398,79398	4	30	26935,26574,58352,5704,0,0,0	77	55763
159513	1048	1791	1913	264	320	31	14	10	11488	724	1630	517	1929	36	92	6785	822	4559	0,51,48,0,0,0	25782	79	643	106062	14587	58031	130575,130636,132219,79533,79450,79450,79450	4	33	26935,26574,58545,6155,0,0,0	66	55517
159655	1058	1808	1862	244	287	35	14	9	11417	725	1632	520	1884	42	101	6867	808	4500	0,48,51,0,0,0	25607	79	635	106427	14863	58110	130691,130751,132373,79616,79525,79525,79525	4	33	26935,26574,58732,6587,0,0,0	72	55286
159684	1147	1817	1850	238	293	45	13	8	11288	729	1634	510	1991	43	84	7063	811	4592	0,45,54,0,0,0	17094	93	765	106835	15224	58203	130827,130886,132546,79770,79669,79669,79669	4	37	26935,26574,58922,7145,0,0,0	68	55019
159682	1229	1831	1910	241	264	44	12	7	11161	730	1635	499	2000	32	93	7249	815	4716	0,41,58,0,0,0	17415	298	779	107266	15577	58501	130994,131051,132748,79949,79840,79840,79840	4	39	26935,26574,59093,7744,0,0,0	75	54746
159599	1303	1894	1903	251	253	41	16	8	11113	730	1635	502	1951	46	83	7216	812	4849	0,38,61,0,0,0	17531	281	830	107711	15968	58782	131219,131276,133008,80264,80145,80145,80145	4	33	26935,26574,59267,8394,0,0,0	79	54453
159452	1381	2033	1887	241	264	36	18	6	11059	730	1639	481	1971	45	88	6783	799	5061	0,35,65,0,0,0	17003	274	873	108180	16380	59056	131449,131506,133266,80590,80460,80460,80460	4	41	26935,26574,59421,9102,0,0,0	71	54150
159291	1435	2103	1949	232	255	36	18	5	11046	732	1644	491	1957	51	79	6596	782	5246	0,32,67,0,0,0	16778	284	896	108691	16774	59340	131688,131744,133533,80960,80818,80818,80818	4	41	26935,26574,59572,9842,0,0,0	64	53805
159132	1480	2208	2009	234	255	34	17	5	10992	733	1647	482	1891	60	84	6357	771	5466	0,29,70,0,0,0	24961	268	909	109177	17200	59608	131896,131952,133772,81323,81168,81168,81168	4	55	26935,26574,59694,10619,0,0,0	74	53452
158893	1536	2293	2084	222	263	33	18	5	11014	734	1651	504	1950	41	83	6231	796	5653	0,26,73,0,0,0	24953	300	932	109662	17654	59908	132121,132178,134022,81723,81554,81554,81554	5	44	26935,26574,59802,11435,0,0,0	67	53116
158479	1749	2381	2176	247	277	35	19	4	10991	735	1653	504	1959	65	95	6412	832	6052	0,23,76,0,0,0	16623	288	1174	110281	18227	60196	132438,132495,134363,82292,82106,82106,82106	5	66	26935,26574,59927,12478,10,0,0	71	52681
158013	1962	2522	2192	258	273	38	18	5	11073	738	1654	512	1916	73	103	6109	844	6419	0,20,78,0,0,0	15968	378	1212	110912	18831	60574	132775,132829,134722,82891,82689,82689,82689	5	65	26935,26574,60044,13564,27,0,0	79	52238
157558	2045	2697	2305	288	300	40	16	5	11090	740	1662	504	1936	55	118	6428	943	6748	0,18,80,0,0,0	16531	346	1191	111529	19434	60920	133105,133159,135074,83532,83310,83310,83310	6	56	26935,26574,60153,14634,48,0,0	83	51798
156906	2165	2908	2509	283	287	40	19	5	11219	740	1665	508	1946	67	115	6249	1016	7195	0,16,82,0,0,0	16423	350	1375	112216	20140	61270	133493,133550,135482,84257,84017,84017,84017	6	47	26935,26574,60258,15881,73,0,0	84	51327
156214	2416	3064	2684	283	293	39	18	6	11320	742	1667	519	2020	62	103	6522	1042	7755	0,15,83,1,0,0	16710	361	1498	112980	20901	61631	133893,133953,135901,85070,84809,84809,84809	6	65	26935,26574,60364,17248,105,0,0	87	50761
155539	2469	3266	2855	286	306	39	18	4	11548	745	1671	518	1985	80	98	6768	1073	8166	0,13,84,1,0,0	25584	332	1413	113697	21624	61963	134250,134313,136275,85816,85532,85532,85532	6	81	26935,26574,60462,18523,152,0,0	100	50228
154871	2392	3546	2986	284	314	38	15	4	11872	748	1676	511	1946	74	120	7250	1132	8443	0,12,86,1,0,0	25810	375	1425	114347	22408	62338	134577,134639,136616,86540,86233,86233,86233	7	91	26935,26574,60537,19830,188,0,0	97	49757
153870	2706	3634	3242	282	341	36	12	6	12188	750	1679	529	1953	95	103	7600	1171	9082	0,10,87,1,0,0	17659	324	1806	115217	23358	62662	135044,135109,137097,87543,87210,87209,87209	7	80	26935,26574,60617,21506,234,0,0	106	49127
152784	3063	3692	3477	302	362	31	15	6	12578	751	1685	527	1937	78	152	8233	1290	9652	0,9,88,2,0,0	17989	369	1878	116089	24374	63031	135503,135569,137567,88563,88203,88203,88203	8	90	26935,26574,60686,23252,281,0,0	97	48496
151721	3138	3996	3591	324	364	35	20	6	13111	751	1689	531	1992	95	136	8340	1300	10168	0,8,89,2,0,0	18661	357	1842	116922	25391	63388	135962,136024,138029,89587,89201,89200,89200	8	97	26935,26574,60761,24964,323,0,0	107	47879
150611	3179	4448	3723	334	357	35	19	6	13590	754	1690	517	1972	109	147	9155	1381	10714	0,7,90,2,0,0	18998	364	1967	117815	26483	63752	136447,136510,138519,90700,90280,90279,90279	9	122	26935,26574,60818,26818,376,0,0	118	47239
149313	3483	4645	4000	361	388	38	21	8	14043	755	1691	512	1915	127	155	9463	1468	11468	0,6,91,2,0,0	19724	342	2220	118821	27719	64094	137029,137092,139110,91983,91527,91526,91526	10	106	26935,26574,60881,28910,441,0,0	132	46551
148186	3508	4849	4215	384	394	40	26	9	14687	755	1693	514	2022	123	153	9579	1555	11861	0,5,91,2,0,0	27793	352	1995	119706	28842	64446	137505,137567,139593,93101,92613,92611,92611	10	108	26935,26574,60932,30788,503,0,0	134	45908
147098	3397	4913	4628	391	420	42	28	8	15371	755	1695	518	1948	131	166	10022	1673	12146	0,5,92,2,0,0	28591	381	1959	120584	29936	64827	137952,138015,140043,94204,93681,93678,93678	11	117	26935,26574,60970,32645,565,0,0	142	45253
145617	3676	5130	4845	421	425	42	28	9	16101	755	1697	546	1986	126	177	10296	1778	12789	0,4,92,2,0,0	20273	371	2433	121665	31306	65198	138543,138604,140625,95639,95071,95068,95068	11	117	26935,26574,61009,34952,648,0,0	137	44470
144066	4141	5143	5028	430	445	38	28	10	16960	758	1699	513	1946	156	171	10599	1843	13410	0,4,92,3,0,0	20861	353	2550	122781	32755	65551	139145,139204,141214,97129,96516,96512,96512	12	127	26935,26574,61042,37358,751,0,0	139	43648
142677	4238	5519	5159	436	464	38	22	13	17715	761	1704	519	1960	150	199	11066	2007	13869	0,3,93,3,0,0	20867	303	2476	123875	34162	65854	139730,139792,141796,98598,97932,97928,97928	13	111	26935,26574,61078,39704,853,0,0	133	42874
141154	4297	5861	5259	496	468	41	21	13	18668	763	1705	518	2006	123	191	11347	2062	14381	0,3,93,3,0,0	21209	325	2579	124975	35658	66179	140316,140376,142377,100108,99392,99387,99387	13	135	26935,26574,61108,42116,976,0,0	137	42070
139613	4402	6113	5576	478	498	48	26	11	19510	764	1707	500	1954	143	199	11686	2152	14989	0,2,93,3,0,0	21621	303	2670	126132	37189	66482	140910,140972,142960,101650,100878,100872,100872	14	136	26935,26574,61134,44618,1099,0,0	135	41212
138369	4317	6212	5878	516	496	46	22	12	20401	767	1710	500	1940	152	173	11535	2122	15365	0,2,93,4,0,0	29418	348	2478	127214	38599	66830	141389,141456,143436,103058,102221,102213,102213	14	153	26935,26574,61159,46940,1218,0,0	157	40383
137090	4277	6319	6080	516	503	48	22	14	21393	769	1715	501	1948	156	186	12139	2221	15544	0,2,93,4,0,0	30125	322	2561	128313	40084	67152	141902,141974,143940,104514,103614,103605,103605	15	144	26935,26574,61187,49298,1381,0,0	154	39561
135449	4580	6333	6333	522	514	53	20	15	22436	771	1720	504	1902	162	208	12329	2277	16078	0,2,93,4,0,0	22455	355	2884	129594	41704	67507	142564,142635,144587,106234,105268,105257,105257	15	133	26935,26574,61213,51955,1560,0,0	152	38628
134000	4735	6423	6415	552	557	46	21	17	23482	772	1726	513	2012	184	209	12538	2341	16408	0,1,93,5,0,0	22596	129	2795	130821	43291	67636	143151,143222,145163,107851,106814,106802,106802	16	140	26935,26574,61236,54531,1726,0,0	137	37734
132526	4730	6665	6538	547	559	48	20	20	24590	773	1730	495	1927	155	247	13155	2410	16697	0,1,92,5,0,0	22849	125	2840	132049	44921	67761	143716,143787,145714,109461,108351,108338,108338	16	142	26935,26574,61252,57150,1906,0,0	131	36817
131230	4841	6761	6675	541	595	43	19	17	25513	776	1735	516	1918	164	255	13744	2556	16919	0,1,92,5,0,0	23759	120	2820	133251	46557	67881	144223,144296,146204,111052,109863,109847,109847	17	167	26935,26574,61266,59721,2118,0,0	126	35889
129982	4854	6805	6860	534	595	47	19	18	26515	778	1739	500	2016	184	251	14617	2731	16983	0,1,92,6,0,0	24369	121	2845	134440	48231	68002	144707,144782,146671,112624,111353,111333,111333	17	148	26935,26574,61277,62312,2321,0,0	137	34989
129065	4541	6844	7089	582	578	45	18	15	27447	781	1741	475	1897	156	213	14570	2721	16976	0,1,92,6,0,0	32448	130	2522	135478	49730	68132	145053,145128,147008,113976,112619,112596,112596	17	149	26935,26574,61289,64610,2504,0,0	129	34195
128308	4193	6840	7133	568	572	42	18	16	28530	783	1743	481	1934	174	203	14522	2669	16697	0,1,92,6,0,0	32290	129	2387	136437	51172	68261	145363,145444,147308,115246,113801,113775,113775	17	142	26935,26574,61300,66763,2687,0,0	125	33455
127377	4261	6634	7249	568	554	35	19	14	29507	784	1744	501	1915	177	238	14963	2649	16671	0,1,91,7,0,0	25084	111	2686	137527	52788	68372	145765,145846,147699,116674,115138,115109,115109	18	135	26935,26574,61311,69148,2913,0,0	129	32664
126546	4391	6328	7325	570	561	38	20	11	30422	786	1748	494	1947	182	230	14429	2605	16628	0,0,91,7,0,0	24660	68	2576	138591	54326	68440	146125,146204,148047,118064,116436,116403,116403	18	150	26935,26574,61315,71460,3129,0,0	130	31869
125844	4328	6331	7120	560	585	42	18	13	31367	789	1749	476	1953	169	220	15010	2574	16410	0,0,91,7,0,0	24812	93	2535	139624	55845	68533	146428,146510,148341,119415,117689,117652,117652	18	129	26935,26574,61320,73705,3371,0,0	129	31070
125201	4264	6301	6950	573	579	46	13	12	32263	793	1751	478	1954	144	240	14797	2541	16185	0,0,91,8,0,0	24839	92	2492	140640	57341	68625	146731,146814,148638,120763,118938,118897,118897	18	126	26935,26574,61324,75893,3632,0,0	139	30302
124728	4172	6226	6918	559	552	54	16	10	32962	793	1756	517	1922	179	232	15025	2464	16033	0,0,90,8,0,0	25176	82	2429	141600	58824	68707	146970,147050,148869,122026,120095,120048,120048	18	126	26935,26574,61331,78007,3877,0,0	139	29555
124745	3814	6177	6801	539	553	52	18	10	33483	795	1759	540	1937	151	220	14425	2407	15547	0,0,90,9,0,0	32285	89	2093	142445	60092	68796	147069,147151,148965,123074,121031,120978,120978	17	132	26935,26574,61333,79847,4096,0,0	149	28919
124735	3670	5892	6721	559	549	53	19	10	33981	796	1761	539	1975	157	216	13844	2341	15122	0,0,89,9,0,0	31809	84	2129	143275	61410	68880	147161,147242,149057,124125,121968,121909,121909	18	154	26935,26574,61340,81673,4343,0,0	161	28280
124646	3697	5651	6495	570	551	55	16	12	34491	798	1764	516	1886	148	244	13709	2338	14697	0,0,89,10,0,0	24104	96	2179	144149	62725	68976	147288,147372,149182,125221,122952,122887,122887	17	107	26935,26574,61342,83496,4617,0,0	149	27612
124795	3626	5386	6328	554	548	52	15	10	34863	801	1768	517	1994	132	245	13729	2291	14218	0,0,88,10,0,0	23680	60	2074	144966	63996	69036	147362,147445,149252,126230,123844,123771,123771	17	115	26935,26574,61345,85211,4910,0,0	137	26982
125065	3379	5354	6086	503	527	53	14	12	35180	803	1770	530	1965	139	224	13792	2244	13672	0,0,88,11,0,0	23855	57	1904	145698	65178	69093	147401,147485,149291,127142,124643,124563,124563	17	110	26935,26574,61350,86777,5167,0,0	122	26437
125425	3222	5183	5862	477	515	52	16	13	35407	803	1771	522	1967	137	204	14009	2200	13127	0,0,87,12,0,0	23799	51	1852	146399	66342	69144	147398,147481,149289,128014,125403,125314,125314	16	91	26935,26574,61353,88259,5454,0,0	125	25891
125843	3070	4972	5763	458	491	42	13	14	35501	805	1774	538	1951	141	186	13751	2144	12665	0,0,86,13,0,0	23993	46	1803	147083	67474	69190	147362,147443,149252,128849,126125,126029,126029	16	94	26935,26574,61361,89682,5746,0,0	122	25359
126484	2920	4684	5691	429	467	42	18	14	35417	805	1775	551	1888	123	186	13648	2087	12164	0,0,86,13,0,0	31166	43	1608	147641	68538	69233	147267,147341,149155,129560,126717,126613,126613	15	106	26935,26574,61362,90980,5998,0,0	130	24939
127309	2599	4439	5425	400	432	44	16	14	35483	807	1778	548	1968	134	178	13000	1962	11393	0,0,85,14,0,0	31614	50	1375	148128	69430	69283	147108,147178,149000,130109,127154,127040,127040	15	93	26935,26574,61363,92051,6221,0,0	129	24558
128008	2475	4219	5165	375	419	38	17	14	35425	809	1782	559	1930	115	158	13197	1881	10827	0,0,84,14,0,0	23350	56	1522	148672	70412	69339	146986,147052,148881,130755,127688,127565,127565	14	90	26935,26574,61366,93208,6508,0,0	125	24133
128858	2416	3885	4958	392	415	40	21	13	35152	811	1785	559	1968	90	187	12827	1791	10336	0,0,83,15,0,0	22877	56	1367	149172	71287	69395	146829,146896,148732,131298,128119,127986,127986	14	74	26935,26574,61367,94225,6771,0,0	120	23728
129759	2259	3699	4695	386	393	41	20	14	34881	812	1787	568	1938	91	152	12504	1671	9822	0,0,82,16,0,0	22667	46	1312	149613	72165	69441	146637,146704,148546,131800,128513,128371,128371	13	68	26935,26574,61368,95189,7041,0,0	125	23378
130812	2153	3519	4399	393	383	40	20	12	34410	813	1792	562	1969	87	153	11850	1561	9346	0,0,82,17,0,0	22037	44	1253	150087	72952	69485	146406,146468,148322,132289,128883,128732,128732	13	79	26935,26574,61371,96115,7305,0,0	113	22985
131864	2091	3278	4202	361	341	41	20	11	33927	815	1795	527	1859	86	162	11271	1440	8894	0,0,81,18,0,0	21692	39	1194	150513	73727	69524	146180,146240,148108,132730,129214,129051,129051	12	80	26935,26574,61374,96948,7588,0,0	107	22641
133125	1883	3084	3995	334	313	41	15	13	33325	817	1801	528	1914	82	130	10778	1331	8334	0,0,80,19,0,0	29050	57	991	150867	74370	69581	145910,145968,147852,133067,129436,129261,129261	11	64	26935,26574,61374,97628,7842,0,0	118	22356
134426	1698	2923	3758	323	287	41	18	13	32633	818	1808	547	2000	77	117	10189	1222	7826	0,0,79,20,0,0	28779	39	938	151224	74957	69620	145613,145671,147571,133372,129629,129443,129443	11	45	26935,26574,61378,98277,8071,0,0	104	22072
135609	1652	2728	3530	281	271	33	20	13	31981	818	1810	537	1993	80	124	9996	1134	7381	0,0,77,22,0,0	20395	44	994	151544	75637	69664	145338,145398,147306,133689,129843,129644,129644	10	56	26935,26574,61380,98963,8323,0,0	90	21818
136864	1642	2534	3320	239	237	27	21	14	31219	818	1811	538	1999	68	115	9762	1052	6968	0,0,76,23,0,0	19987	21	953	151890	76249	69685	145069,145127,147049,133994,130045,129833,129833	9	47	26935,26574,61380,99563,8604,0,0	84	21561
138013	1553	2370	3128	232	237	27	21	15	30516	818	1816	545	1940	73	73	9385	995	6573	0,0,74,25,0,0	19845	25	836	152209	76769	69710	144815,144873,146808,134247,130202,129979,129979	9	37	26935,26574,61381,100096,8860,0,0	71	21316
139236	1420	2334	2881	239	222	24	16	20	29714	819	1821	554	1928	62	103	8814	930	6206	0,0,73,26,0,0	19134	30	808	152485	77303	69740	144522,144579,146527,134477,130332,130098,130098	8	42	26935,26574,61383,100607,9109,0,0	72	21104
140389	1349	2300	2630	205	228	20	18	18	28946	821	1822	561	1886	52	80	8412	843	5907	0,0,71,27,0,0	18801	33	802	152775	77816	69773	144249,144302,146267,134712,130473,130227,130227	7	44	26935,26574,61383,101080,9384,0,0	66	20884
141676	1297	2128	2526	196	225	21	19	20	27994	821	1823	570	2011	49	81	8363	767	5645	0,0,70,29,0,0	26970	26	730	153030	78293	69799	143963,144012,145998,134890,130561,130301,130301	7	36	26935,26574,61384,101512,9633,0,0	59	20689
142974	1126	2006	2468	207	198	23	16	18	27056	824	1830	579	2092	54	85	7936	713	5331	0,0,68,30,0,0	26844	30	601	153218	78711	69829	143648,143696,145698,135001,130583,130309,130309	7	38	26935,26574,61387,101844,9865,0,0	66	20549
144086	1171	1882	2366	202	189	19	13	16	26144	825	1833	567	1949	48	90	7223	648	5194	0,0,67,32,0,0	17825	25	790	153486	79238	69854	143388,143432,145453,135205,130700,130412,130412	6	43	26935,26574,61388,102264,10172,0,0	60	20335
145128	1284	1775	2222	201	166	18	12	13	25267	825	1835	552	1932	45	85	6398	576	5102	0,0,66,33,0,0	17026	8	780	153745	79761	69862	143152,143192,145227,135414,130830,130528,130528	6	44	26935,26574,61389,102688,10471,0,0	61	20134
146221	1268	1717	2155	181	174	19	11	14	24323	826	1837	544	1908	42	71	5632	505	5020	0,0,64,35,0,0	16225	6	700	153977	80232	69868	142885,142922,144972,135572,130910,130595,130595	6	46	26935,26574,61391,103021,10781,0,0	55	19947
147274	1193	1752	2004	156	176	18	13	12	23483	827	1838	571	1980	54	90	4429	447	4865	0,0,62,37,0,0	15282	6	684	154198	80698	69874	142624,142661,144728,135733,130997,130667,130667	6	38	26935,26574,61392,103360,11079,0,0	57	19767
148240	1191	1779	1943	152	182	16	10	14	22549	828	1842	598	2109	56	73	3801	424	4849	0,0,60,39,0,0	14323	7	732	154414	81220	69881	142387,142423,144498,135904,131103,130758,130758	5	42	26935,26574,61392,103701,11423,0,0	62	19598
149291	1121	1735	1922	151	179	13	10	15	21635	829	1845	563	1944	40	73	3162	405	4726	0,0,59,40,0,0	22584	5	604	154620	81623	69886	142127,142161,144253,136033,131162,130801,130801	5	31	26935,26574,61392,103999,11699,0,0	67	19435
150262	1017	1721	1921	145	166	18	7	16	20794	830	1849	551	1924	41	75	2496	379	4616	0,0,57,42,0,0	22052	7	589	154826	82012	69893	141888,141919,144028,136152,131214,130839,130839	5	40	26935,26574,61392,104272,11992,0,0	57	19269
151089	1064	1686	1891	151	164	20	8	12	19980	830	1851	561	1860	39	69	1730	354	4630	0,0,55,44,0,0	12202	6	711	155059	82496	69899	141691,141721,143839,136330,131336,130945,130945	4	29	26935,26574,61393,104577,12348,0,0	58	19088
151865	1128	1626	1881	142	161	16	7	8	19230	830	1852	547	1931	46	77	1214	352	4609	0,0,53,45,0,0	11334	19	688	155272	82972	69918	141486,141516,143645,136491,131444,131038,131038	4	37	26935,26574,61393,104855,12719,0,0	52	18919
152592	1208	1584	1847	146	143	17	5	6	18511	831	1856	540	2047	37	65	1094	334	4616	0,0,50,48,0,0	11124	16	733	155490	83487	69934	141297,141329,143469,136672,131575,131154,131154	4	35	26935,26574,61394,105108,13140,0,0	53	18750
153302	1169	1636	1775	156	128	18	3	7	17862	831	1859	562	1922	35	71	1057	319	4566	0,0,49,50,0,0	11112	17	647	155682	83946	69951	141107,141137,143288,136823,131678,131242,131242	3	28	26935,26574,61394,105352,13509,0,0	63	18605
153980	1137	1702	1734	149	122	14	4	6	17203	831	1864	573	1944	37	55	1015	292	4570	0,0,47,52,0,0	10923	13	683	155899	84416	69964	140940,140973,143133,136994,131805,131353,131353	3	42	26935,26574,61395,105600,13909,0,0	54	18431
154722	1073	1668	1751	150	121	12	4	6	16539	832	1868	594	1824	34	49	977	271	4508	0,0,45,54,0,0	20085	21	569	156054	84837	69985	140724,140757,142927,137095,131863,131395,131395	3	40	26935,26574,61395,105808,14242,0,0	45	18301
155448	1020	1665	1721	149	151	11	5	5	15868	832	1871	568	1929	46	62	936	276	4446	0,0,43,55,0,0	20335	20	589	156223	85264	70005	140516,140554,142734,137222,131945,131461,131461	3	38	26935,26574,61395,106021,14608,0,0	44	18153
155895	1088	1634	1698	178	148	9	4	5	15380	833	1874	577	1935	40	67	923	285	4474	0,0,40,59,0,0	11047	25	714	156445	85759	70030	140399,140437,142624,137408,132100,131601,131601	3	31	26935,26574,61395,106212,15092,0,0	38	17986
156435	1193	1539	1749	166	146	6	2	7	14795	833	1875	589	2027	56	86	932	303	4498	0,0,39,60,0,0	10960	0	711	156675	86242	70030	140255,140295,142488,137598,132257,131740,131740	3	34	26935,26574,61396,106418,15557,0,0	29	17799
156845	1211	1623	1701	150	160	6	3	9	14324	833	1881	606	1946	37	74	947	309	4545	0,0,37,62,0,0	10959	0	731	156896	86754	70030	140135,140174,142371,137795,132427,131894,131894	3	42	26935,26574,61397,106625,16049,0,0	29	17626
157226	1202	1725	1632	157	141	5	3	8	13929	833	1885	607	1989	43	74	951	297	4568	0,0,34,65,0,0	11029	0	706	157099	87266	70030	140034,140073,142278,137972,132580,132030,132030	3	36	26935,26574,61399,106792,16559,0,0	34	17476
157625	1206	1708	1694	162	135	11	3	8	13472	833	1889	619	1955	38	65	933	292	4627	0,0,33,66,0,0	11041	0	684	157304	87752	70030	139921,139959,142170,138142,132729,132161,132161	3	32	26935,26574,61400,106945,17064,0,0	33	17328
158125	1142	1660	1748	186	142	13	3	6	12994	834	1893	602	1939	45	65	925	299	4595	0,0,31,68,0,0	20520	0	609	157485	88184	70030	139785,139825,142038,138285,132853,132264,132264	3	42	26935,26574,61400,107081,17509,0,0	38	17194
158560	1002	1679	1768	183	144	14	6	6	12657	834	1893	629	1992	47	63	938	310	4486	0,0,29,70,0,0	20270	0	545	157650	88565	70030	139652,139693,141912,138403,132949,132343,132343	3	33	26935,26574,61400,107193,17919,0,0	41	17069
158746	1116	1656	1761	182	150	12	7	6	12380	835	1895	581	2040	42	77	968	309	4575	0,0,27,72,0,0	11025	0	769	157886	89105	70030	139587,139626,141847,138616,133149,132525,132525	3	36	26935,26574,61400,107319,18537,0,0	39	16882
158939	1259	1621	1726	167	155	14	6	5	12121	836	1897	592	1965	43	81	994	327	4621	0,0,25,74,0,0	11142	0	753	158096	89651	70030	139516,139557,141778,138801,133330,132687,132687	3	33	26935,26574,61401,107433,19137,0,0	46	16716
159173	1227	1668	1707	169	170	14	7	5	11873	836	1897	583	1958	32	66	1003	310	4652	0,0,23,76,0,0	11172	0	691	158278	90167	70030	139439,139482,141705,138970,133491,132827,132827	3	40	26935,26574,61401,107542,19693,0,0	50	16572
159345	1190	1740	1706	169	165	15	7	4	11667	836	1902	567	1893	38	77	998	319	4673	0,0,21,78,0,0	11012	0	709	158486	90673	70030	139372,139414,141642,139153,133669,132986,132986	3	35	26935,26574,61401,107638,20280,0,0	54	16411
159490	1199	1748	1704	166	174	14	7	4	11499	837	1904	564	1966	40	89	992	314	4698	0,0,20,79,0,0	10996	0	715	158707	91173	70030	139309,139351,141582,139341,133857,133153,133153	3	40	26935,26574,61401,107732,20876,0,0	55	16227
159745	1155	1663	1813	164	177	14	8	4	11260	837	1906	567	1976	62	74	980	316	4678	0,0,18,81,0,0	20413	0	608	158878	91614	70030	139215,139255,141491,139474,133987,133262,133262	3	31	26935,26574,61401,107817,21387,0,0	63	16085
160044	1051	1688	1766	174	178	13	13	4	11070	837	1908	603	1993	40	85	1022	333	4550	0,0,18,81,0,0	20255	0	587	159032	92052	70030	139108,139148,141389,139587,134098,133350,133350	3	32	26935,26574,61401,107882,21883,0,0	58	15956
160116	1123	1648	1793	183	179	16	12	5	10919	837	1915	614	1973	59	90	1038	338	4616	0,0,16,83,0,0	11037	0	747	159253	92582	70030	139063,139103,141342,139790,134306,133535,133535	3	54	26935,26574,61402,107954,22535,0,0	61	15787
160186	1226	1621	1759	161	171	15	10	5	10833	839	1920	611	1937	44	77	1073	342	4621	0,0,15,84,0,0	11320	0	751	159449	93141	70030	139029,139068,141308,139983,134507,133711,133711	3	34	26935,26574,61403,108011,23191,0,0	67	15643
160332	1168	1669	1718	161	157	15	7	6	10747	842	1924	622	2012	48	84	1082	338	4557	0,0,14,85,0,0	11203	0	655	159619	93632	70030	138950,138989,141229,140135,134666,133846,133846	3	24	26935,26574,61403,108091,23743,0,0	64	15502
160470	1153	1676	1708	179	155	15	6	5	10611	842	1926	620	2006	34	74	1082	352	4540	0,0,13,86,0,0	11272	0	664	159812	94109	70030	138891,138936,141176,140306,134842,133998,133998	3	22	26935,26574,61403,108141,24332,0,0	66	15353
160596	1130	1632	1740	171	196	12	3	6	10491	842	1927	639	1986	58	79	1076	350	4534	0,0,12,87,0,0	11042	0	634	159985	94573	70030	138821,138865,141106,140455,135000,134130,134130	3	33	26935,26574,61404,108185,24901,0,0	67	15220
160755	1035	1590	1714	176	187	11	6	5	10493	842	1932	642	2011	34	77	1092	349	4370	0,0,11,88,0,0	20263	0	557	160123	94996	70030	138734,138777,141021,140564,135121,134225,134225	3	29	26935,26574,61404,108217,25407,0,0	63	15099
160971	956	1542	1684	192	185	9	5	4	10421	844	1933	639	1989	34	76	1085	348	4225	0,0,11,88,0,0	20387	0	518	160272	95372	70030	138652,138696,140943,140667,135230,134309,134309	3	33	26935,26574,61404,108264,25866,0,0	58	14985
161091	957	1536	1627	196	185	12	6	4	10353	844	1935	635	1968	39	88	1077	352	4167	0,0,10,89,0,0	11225	0	614	160430	95833	70030	138579,138622,140871,140801,135379,134431,134431	3	29	26935,26574,61405,108290,26433,0,0	55	14856
161131	1047	1468	1625	182	171	13	10	4	10314	844	1937	632	1921	46	78	1087	343	4173	0,0,9,90,0,0	11259	0	651	160603	96317	70030	138526,138570,140820,140945,135542,134567,134567	3	37	26935,26574,61405,108332,27020,0,0	66	14713
161247	1041	1436	1615	172	155	13	10	4	10266	844	1943	609	2019	39	73	1076	337	4105	0,0,8,91,0,0	11140	0	584	160772	96733	70030	138468,138514,140764,141073,135687,134684,134684	3	35	26935,26574,61405,108357,27555,0,0	63	14582
161375	971	1509	1541	169	164	14	10	5	10200	844	1944	659	2024	39	67	1048	330	4048	0,0,7,92,0,0	11205	0	577	160919	97165	70030	138399,138445,140696,141185,135817,134785,134785	3	35	26935,26574,61405,108381,28089,0,0	65	14472
161539	927	1494	1509	164	162	16	10	7	10123	844	1951	643	1966	39	91	1052	333	3949	0,0,7,92,0,0	11033	0	558	161078	97568	70030	138326,138374,140626,141295,135946,134882,134882	3	32	26935,26574,61406,108403,28607,0,0	66	14342
161777	836	1416	1501	168	168	16	8	9	10047	845	1955	630	1919	35	62	1040	324	3789	0,0,6,93,0,0	20310	0	438	161193	97892	70030	138220,138269,140524,141347,136013,134920,134920	3	21	26935,26574,61407,108421,29016,0,0	57	14246
162029	759	1366	1486	155	175	14	7	9	9941	846	1959	652	1991	29	62	1018	307	3655	0,0,6,93,0,0	20185	0	451	161308	98231	70030	138124,138174,140431,141410,136094,134969,134969	3	17	26935,26574,61407,108440,29440,0,0	62	14156
162225	774	1246	1440	159	162	16	6	9	9903	847	1959	630	2018	37	83	1015	312	3491	0,0,5,94,0,0	11129	0	465	161422	98584	70030	138032,138083,140343,141464,136168,135014,135014	2	20	26935,26574,61407,108455,29876,0,0	52	14069
162446	777	1159	1371	149	152	17	4	8	9853	848	1962	640	1967	21	61	978	294	3335	0,0,5,94,0,0	11166	0	442	161523	98926	70030	137932,137984,140247,141511,136236,135051,135051	2	22	26935,26574,61408,108470,30290,0,0	53	13987
162635	749	1109	1320	137	136	16	5	8	9814	848	1969	660	1897	27	71	958	270	3202	0,0,5,94,0,0	10848	0	418	161623	99249	70030	137834,137889,140150,141553,136301,135086,135086	2	24	26935,26574,61409,108487,30678,0,0	48	13907
162899	692	1082	1267	142	137	16	4	7	9681	848	1971	641	1943	19	60	926	253	3087	0,0,4,95,0,0	11064	0	385	161719	99540	70030	137722,137776,140043,141575,136345,135098,135098	2	33	26935,26574,61410,108497,31042,0,0	51	13829
163156	657	1033	1215	137	142	18	4	7	9553	848	1976	645	1963	24	59	875	233	2973	0,0,4,95,0,0	10977	0	368	161802	99833	70030	137613,137665,139937,141592,136383,135104,135104	2	19	26935,26574,61410,108503,31383,6,0	41	13765
163526	577	998	1153	127	131	16	5	7	9379	848	1979	664	2015	26	66	855	230	2777	0,0,3,95,0,0	20187	0	294	161870	100067	70030	137470,137520,139798,141586,136396,135085,135085	2	16	26935,26574,61410,108508,31662,12,0	42	13708
163849	502	953	1116	115	124	19	3	9	9225	849	1982	650	2016	27	47	828	217	2615	0,0,3,95,0,0	20234	0	285	161931	100298	70030	137346,137398,139682,141574,136406,135064,135064	2	21	26935,26574,61410,108514,31932,15,0	43	13660
164107	531	859	1065	101	114	18	4	8	9100	850	1989	647	1995	31	56	793	198	2494	0,0,3,95,1,0	10989	0	325	162012	100555	70030	137229,137280,139570,141571,136426,135053,135053	2	13	26935,26574,61410,108521,32234,27,0	40	13595
164440	494	758	1033	104	94	15	5	6	8956	850	1991	644	1947	18	47	783	204	2299	0,0,3,95,1,0	10929	0	237	162076	100736	70030	137086,137137,139433,141544,136416,135013,135013	2	13	26935,26574,61410,108523,32460,35,0	32	13542
164784	441	752	955	103	82	15	4	7	8753	850	2000	631	1968	24	47	757	187	2165	0,0,2,95,1,0	10890	0	262	162140	100938	70030	136962,137011,139314,141513,136409,134972,134972	1	11	26935,26574,61410,108527,32703,41,0	43	13491
165128	426	715	870	93	73	15	5	6	8563	850	2002	621	2012	24	40	715	175	2022	0,0,2,94,2,0	10936	0	234	162204	101114	70030	136827,136876,139186,141481,136398,134930,134930	1	16	26935,26574,61410,108533,32915,53,0	31	13438
165444	386	666	824	90	87	13	5	4	8370	851	2006	622	1964	18	38	679	175	1896	0,0,2,94,2,0	10686	0	219	162257	101286	70030	136690,136740,139055,141445,136381,134884,134884	1	14	26935,26574,61410,108536,33116,65,0	34	13392
165876	324	620	771	91	83	14	5	4	8096	852	2010	623	1938	22	36	637	165	1743	0,0,2,93,3,0	20061	0	155	162292	101411	70030	136530,136581,138903,141373,136329,134800,134800	1	8	26935,26574,61410,108538,33254,76,0	33	13367
166291	284	550	716	89	88	12	4	3	7839	853	2017	621	1912	14	36	609	163	1580	0,0,2,93,3,0	19845	0	160	162332	101535	70030	136388,136439,138770,141320,136293,134734,134734	1	7	26935,26574,61411,108541,33399,86,0	33	13338
166666	299	465	674	83	71	11	3	4	7600	853	2017	622	2015	12	43	593	155	1451	0,0,2,92,4,0	10701	0	175	162368	101681	70030	136231,136283,138619,141254,136245,134657,134657	1	7	26935,26574,61411,108545,33558,97,0	31	13310
167011	273	455	598	71	70	12	4	3	7374	853	2022	629	2007	18	32	543	147	1336	0,0,2,92,5,0	10687	0	149	162401	101805	70030	136091,136141,138483,141187,136198,134581,134581	1	7	26935,26574,61411,108547,33693,114,0	22	13289
167360	241	423	548	61	59	9	2	4	7159	854	2026	651	1914	10	22	517	129	1214	0,0,1,91,6,0	10452	0	128	162430	101908	70030	135941,135991,138339,141109,136136,134493,134493	1	5	26935,26574,61412,108548,33804,124,0	22	13266
167718	221	403	518	45	47	9	2	4	6897	854	2028	675	2051	7	26	477	118	1127	0,0,2,90,7,0	10537	0	125	162458	102011	70030	135788,135839,138193,141028,136073,134404,134403	1	5	26935,26574,61412,108551,33904,142,0	17	13243
168079	197	372	496	40	50	9	3	4	6609	854	2033	695	2013	9	16	436	104	1063	0,0,2,89,8,0	10657	0	119	162491	102100	70030	135633,135684,138043,140947,136008,134312,134312	0	7	26935,26574,61412,108552,34002,159,0	18	13218
168488	174	328	449	36	49	7	3	3	6317	854	2038	706	1993	6	22	404	98	948	0,0,2,89,8,0	19926	0	81	162509	102171	70030	135475,135526,137893,140856,135933,134211,134210	0	4	26935,26574,61412,108552,34081,169,0	21	13204
168813	156	289	418	39	42	7	3	2	6080	855	2042	702	1756	7	12	360	84	870	0,0,1,88,10,0	19869	0	87	162532	102242	70030	135340,135391,137765,140777,135869,134123,134122	0	3	26935,26574,61412,108553,34153,186,0	19	13185
169103	167	246	388	39	36	5	1	1	5855	857	2048	688	1912	3	21	338	86	796	0,0,1,86,11,0	10434	0	85	162559	102306	70030	135205,135255,137635,140698,135803,134035,134035	0	2	26935,26574,61412,108554,34226,201,0	15	13163
169467	144	237	335	35	40	5	1	1	5570	857	2054	655	1959	4	19	311	78	719	0,0,1,84,14,0	10435	0	68	162574	102364	70030	135045,135094,137480,140602,135723,133928,133927	0	7	26935,26574,61412,108555,34279,217,0	18	13149
169818	121	232	288	43	40	4	2	0	5282	857	2059	677	1926	12	15	285	77	653	0,0,1,83,15,0	10419	0	57	162586	102414	70030	134897,134947,137339,140500,135636,133819,133817	0	4	26935,26574,61412,108555,34320,233,0	17	13138
170132	113	213	268	38	39	4	3	0	5017	857	2062	674	1982	7	19	264	77	601	0,0,0,82,15,0	10440	0	68	162605	102466	70030	134754,134804,137204,140409,135558,133719,133717	0	4	26935,26574,61412,108555,34377,246,0	17	13122
170452	110	192	246	37	32	3	3	0	4746	857	2068	646	2002	1	17	242	70	553	0,0,0,82,16,0	10316	0	66	162617	102521	70030	134606,134657,137061,140309,135472,133610,133608	0	6	26935,26574,61412,108555,34431,257,0	16	13113
170773	109	169	235	33	22	3	3	0	4470	857	2072	640	1922	1	12	220	62	512	0,0,0,80,18,0	19626	0	49	162626	102569	70030	134464,134516,136926,140214,135390,133507,133504	0	5	26935,26574,61412,108556,34467,275,0	16	13105
171085	92	144	224	30	21	3	3	0	4213	857	2074	658	1789	3	6	194	46	471	0,0,0,79,19,0	19635	0	37	162641	102597	70030	134328,134379,136794,140119,135305,133402,133399	0	6	26935,26574,61412,108556,34496,289,0	15	13093
171397	77	161	192	24	16	2	2	1	3940	857	2077	657	1816	5	8	178	37	437	0,0,0,77,22,0	10321	0	45	162652	102636	70030	134180,134229,136654,140011,135212,133288,133284	0	3	26935,26574,61412,108556,34528,304,0	8	13087
171621	114	152	172	25	16	3	1	1	3703	857	2081	666	1832	10	7	157	38	445	0,0,0,74,24,0	10179	0	90	162679	102704	70030	134061,134112,136537,139937,135149,133208,133204	0	8	26935,26574,61412,108557,34587,336,0	8	13064
171784	137	141	177	24	17	3	0	2	3518	857	2086	670	1835	4	8	157	43	456	0,0,0,73,26,0	10222	0	75	162699	102767	70030	133952,134003,136431,139869,135090,133135,133130	0	5	26935,26574,61412,108557,34646,360,0	8	13050
171999	151	139	194	12	13	3	0	2	3288	857	2088	675	1778	7	9	144	35	477	0,0,0,69,30,0	10213	0	81	162716	102832	70030	133829,133879,136310,139786,135018,133048,133042	0	4	26935,26574,61412,108557,34693,393,0	7	13037
172150	162	183	163	10	16	4	0	2	3108	857	2091	655	1826	6	7	135	35	503	0,0,0,66,33,0	10313	0	100	162738	102914	70030	133717,133768,136202,139717,134959,132975,132969	0	4	26935,26574,61412,108557,34753,435,0	10	13019
172349	153	196	165	24	13	4	0	2	2888	857	2095	687	1802	6	6	129	35	520	0,0,0,65,34,0	19472	0	74	162757	102973	70030	133604,133655,136093,139644,134898,132898,132890	0	3	26935,26574,61412,108557,34796,467,0	9	13001
172539	131	197	192	23	15	4	0	2	2685	857	2101	704	1818	4	4	116	32	530	0,0,0,61,38,0	19416	0	61	162776	103021	70030	133497,133548,135991,139571,134835,132820,132812	0	4	26935,26574,61412,108557,34828,501,0	7	12992
172681	156	191	207	25	18	4	1	2	2500	857	2104	672	1884	5	12	113	34	568	0,0,0,59,40,0	10416	0	93	162798	103097	70030	133390,133442,135887,139503,134775,132746,132738	0	11	26935,26574,61412,108557,34880,546,0	8	12973
172773	178	191	205	20	22	4	1	1	2388	857	2106	672	2064	5	13	109	36	585	0,0,0,56,42,0	10203	0	100	162813	103189	70030	133289,133340,135786,139435,134715,132676,132668	0	3	26935,26574,61412,108557,34924,603,0	8	12961
172870	182	218	203	15	28	4	1	1	2259	857	2108	701	1976	3	14	118	39	612	0,0,0,54,44,0	10193	0	97	162832	103275	70030	133191,133242,135690,139373,134661,132614,132604	0	2	26935,26574,61412,108557,34971,658,0	8	12946
172940	194	237	216	9	22	1	0	2	2160	857	2108	690	1956	5	8	115	29	650	0,0,0,51,48,0	10227	0	115	162859	103366	70030	133103,133155,135605,139319,134616,132560,132549	0	7	26935,26574,61412,108557,35019,725,0	5	12924
173009	204	260	223	11	18	1	0	1	2051	857	2111	701	1946	7	8	113	30	687	0,0,0,50,49,0	10243	0	114	162883	103462	70030	133010,133062,135511,139261,134567,132502,132490	0	9	26935,26574,61412,108557,35073,787,0	3	12903
173056	204	292	231	14	13	0	0	1	1965	857	2113	687	1666	5	7	118	29	725	0,0,0,46,53,0	19624	0	120	162906	103565	70030	132931,132984,135433,139218,134532,132458,132445	0	3	26935,26574,61412,108557,35120,866,0	6	12885
173087	225	315	234	22	17	0	0	1	1869	857	2119	690	1822	2	11	119	33	780	0,0,0,45,54,0	19456	0	136	162933	103681	70030	132860,132914,135364,139179,134501,132419,132405	0	8	26935,26574,61412,108557,35171,951,0	8	12863
173108	253	315	276	22	26	0	0	1	1762	857	2126	680	1920	7	8	113	35	857	0,0,0,42,57,0	10320	0	156	162971	103803	70030	132775,132829,135280,139140,134471,132381,132366	0	13	26935,26574,61412,108557,35221,1055,0	10	12830
