S	E	I1	I2	I3	I4	I5_h	I6_h	R_h	R	D1	D2	H	T	P1	P2	Q	QT	NQ	MUT	HOM	VAC	NI	INF	REINF	BSTR	IMM	HCI	HCE	INFV	INFH	VNI
178105	117	128	60	39	35	5	3	0	254	0	0	200	0	0	0	60	60	327	0,0,0,0,0,0	178746	0	0	387	0	0	641,641,641,641,641,641,641	0	0	0,0,0,0,0,0,0	0	0
178045	85	198	59	32	33	5	3	0	283	0	3	301	345	0	69	128	58	357	0,0,0,0,0,0	12527	0	64	453	0	0	701,701,701,701,701,701,701	0	4	66,0,0,0,0,0,0	10	0
177981	101	215	71	35	32	7	4	0	294	0	6	402	330	0	13	264	62	403	0,0,0,0,0,0	12753	0	79	532	0	0	765,765,765,765,765,765,765	0	7	145,0,0,0,0,0,0	10	0
177914	115	213	91	39	32	7	5	0	318	0	12	475	238	0	14	349	72	430	0,0,0,0,0,0	13031	0	76	609	0	0	833,833,833,833,833,833,833	0	4	222,0,0,0,0,0,0	12	0
177848	123	224	95	54	42	6	5	0	334	0	15	551	91	0	11	397	80	469	0,0,0,0,0,0	24872	0	83	694	0	0	904,904,904,904,904,904,904	0	2	307,0,0,0,0,0,0	17	0
177796	120	236	103	56	43	7	7	0	361	0	17	591	264	1	22	513	107	465	0,0,0,0,0,0	25073	0	64	759	0	0	959,959,959,959,959,959,959	0	4	372,0,0,0,0,0,0	19	0
177748	120	239	120	53	49	9	7	0	380	1	20	616	279	1	26	1030	151	446	0,0,0,0,0,0	13716	0	69	828	0	0	1016,1016,1016,1015,1015,1015,1015	0	5	441,0,0,0,0,0,0	20	0
177666	134	249	134	58	54	9	6	0	409	2	25	649	144	1	14	1138	167	477	0,0,0,0,0,0	13955	0	97	925	0	0	1104,1104,1104,1102,1102,1102,1102	0	11	538,0,0,0,0,0,0	19	0
177602	143	238	159	62	58	8	8	0	437	2	29	672	108	2	19	1261	180	496	0,0,0,0,0,0	14098	0	81	1007	0	0	1174,1174,1174,1172,1172,1172,1172	0	4	620,0,0,0,0,0,0	18	0
177531	141	255	171	67	61	8	7	0	469	3	33	695	268	2	19	1402	196	514	0,0,0,0,0,0	14235	0	99	1105	1	0	1260,1259,1259,1255,1255,1255,1255	0	9	719,0,0,0,0,0,0	19	0
177450	139	287	162	77	53	8	11	0	521	3	35	701	94	0	11	1419	190	547	0,0,0,0,0,0	14208	0	106	1211	2	0	1352,1350,1350,1344,1344,1344,1344	0	4	826,0,0,0,0,0,0	18	0
177381	151	292	169	76	54	9	11	1	561	3	38	709	290	1	22	1414	211	551	0,0,0,0,0,0	25790	0	94	1302	5	0	1433,1430,1430,1421,1421,1421,1421	0	7	920,0,0,0,0,0,0	28	0
177326	152	307	162	76	57	9	13	1	596	3	44	705	248	0	23	1578	232	544	0,0,0,0,0,0	26185	0	85	1388	6	0	1509,1505,1505,1492,1492,1492,1492	0	6	1007,0,0,0,0,0,0	35	0
177237	154	346	180	75	65	11	14	1	615	4	44	709	84	0	25	1909	259	586	0,0,0,0,0,0	14620	0	130	1518	6	0	1621,1616,1616,1596,1596,1596,1596	0	8	1137,0,0,0,0,0,0	40	0
177152	175	347	189	92	71	15	15	1	637	5	47	712	248	3	25	2044	277	627	0,0,0,0,0,0	14730	0	125	1645	6	0	1731,1724,1724,1697,1697,1697,1697	1	15	1264,0,0,0,0,0,0	45	0
177046	177	365	208	97	74	18	17	1	688	5	50	735	256	1	32	1940	298	658	0,0,0,0,0,0	15087	0	132	1774	9	0	1852,1843,1843,1812,1812,1812,1812	1	12	1395,0,0,0,0,0,0	50	0
176948	183	390	214	94	89	17	17	1	734	6	53	728	295	1	34	1878	317	687	0,0,0,0,0,0	15053	0	139	1911	11	0	1974,1964,1964,1926,1926,1926,1926	1	11	1533,0,0,0,0,0,0	54	0
176850	203	396	231	92	91	17	16	1	784	7	58	722	332	2	41	2145	343	703	0,0,0,0,0,0	15026	0	134	2045	13	0	2102,2089,2089,2041,2041,2041,2041	1	12	1669,0,0,0,0,0,0	56	0
176748	203	415	255	95	96	17	16	1	833	8	59	717	242	1	21	2251	360	737	0,0,0,0,0,0	26943	0	133	2176	16	0	2229,2213,2213,2157,2157,2157,2157	1	11	1803,0,0,0,0,0,0	51	0
176677	183	424	258	105	92	20	12	2	901	12	60	710	249	2	34	2371	363	731	0,0,0,0,0,0	27078	0	122	2297	17	0	2336,2317,2317,2248,2248,2248,2248	1	5	1924,0,0,0,0,0,0	46	0
176560	182	467	256	113	92	24	13	2	959	12	66	706	242	0	28	2569	356	791	0,0,0,0,0,0	15358	0	161	2458	17	0	2491,2468,2468,2387,2387,2387,2387	1	14	2085,0,0,0,0,0,0	63	0
176459	211	462	263	114	108	26	12	2	1003	13	73	723	253	1	44	2578	373	823	0,0,0,0,0,0	15513	0	171	2630	18	0	2650,2621,2621,2520,2520,2520,2520	1	19	2258,0,0,0,0,0,0	60	0
176340	236	464	272	125	110	26	13	3	1066	13	78	693	297	0	45	2679	395	851	0,0,0,0,0,0	15581	0	168	2798	19	0	2809,2776,2776,2662,2662,2662,2662	1	20	2427,0,0,0,0,0,0	60	0
176221	265	490	259	127	121	27	9	3	1127	17	80	674	293	4	38	2467	397	901	0,0,0,0,0,0	15796	0	186	2981	22	0	2980,2943,2943,2811,2811,2811,2811	1	21	2611,0,0,0,0,0,0	58	0
176096	266	505	290	143	122	30	8	4	1181	18	83	671	303	3	52	2723	439	925	0,0,0,0,0,0	15420	0	181	3161	23	0	3156,3113,3113,2963,2963,2963,2963	2	18	2792,0,0,0,0,0,0	48	0
175994	262	522	298	150	123	31	9	4	1249	19	85	669	297	2	38	2791	442	953	0,0,0,0,0,0	27209	0	168	3328	25	0	3312,3265,3265,3095,3095,3095,3095	2	10	2959,0,0,0,0,0,0	50	0
175899	259	526	318	140	123	33	13	4	1320	19	92	641	270	3	41	2815	439	973	0,0,0,0,0,0	27374	0	158	3485	27	0	3467,3413,3413,3222,3222,3222,3222	2	12	3118,0,0,0,0,0,0	58	0
175753	287	555	329	139	127	40	14	4	1384	20	94	668	329	0	55	2931	484	1007	0,0,0,0,0,0	16081	0	218	3705	28	0	3676,3616,3616,3403,3403,3403,3403	2	17	3338,0,0,0,0,0,0	60	0
175620	302	581	332	156	129	40	14	3	1453	21	95	647	247	0	47	3217	504	1050	0,0,0,0,0,0	15795	0	203	3908	30	0	3869,3803,3803,3568,3568,3568,3568	2	20	3542,0,0,0,0,0,0	72	0
175504	305	580	337	162	144	43	13	3	1534	23	98	668	252	1	43	3253	492	1092	0,0,0,0,0,0	16085	0	195	4104	30	0	4056,3983,3983,3722,3722,3722,3722	2	16	3738,0,0,0,0,0,0	75	0
175395	326	610	358	161	154	50	13	3	1553	23	100	664	318	6	59	3459	524	1148	0,0,0,0,0,0	16268	0	215	4322	31	0	4261,4178,4178,3882,3882,3882,3882	2	18	3956,0,0,0,0,0,0	77	0
175258	324	623	353	185	169	45	15	2	1645	23	104	633	265	2	46	3730	536	1178	0,0,0,0,0,0	16570	0	206	4531	32	0	4462,4373,4373,4053,4053,4053,4053	2	14	4165,0,0,0,0,0,0	85	0
175112	332	656	358	183	176	45	14	3	1734	23	110	619	332	3	53	3734	544	1220	0,0,0,0,0,0	28069	0	226	4755	35	0	4683,4586,4586,4239,4239,4239,4239	2	19	4389,0,0,0,0,0,0	87	0
174996	349	643	384	183	196	43	14	3	1799	23	113	622	265	0	64	3962	592	1220	0,0,0,0,0,0	28310	0	212	4967	37	0	4883,4777,4777,4399,4399,4399,4399	2	21	4601,0,0,0,0,0,0	87	0
174886	340	661	387	175	194	44	13	5	1899	23	119	623	323	3	73	4180	634	1180	0,0,0,0,0,0	17501	0	206	5172	38	0	5080,4966,4966,4555,4555,4555,4555	2	14	4806,0,0,0,0,0,0	73	0
174778	338	658	385	184	199	47	15	5	1988	23	126	618	265	4	56	4403	624	1202	0,0,0,0,0,0	17300	0	203	5375	38	0	5279,5155,5155,4709,4709,4709,4709	2	9	5009,0,0,0,0,0,0	75	0
174665	333	666	418	203	198	48	15	5	2045	23	127	614	253	2	70	4766	664	1217	0,0,0,0,0,0	17532	0	220	5596	39	0	5491,5356,5356,4873,4873,4873,4873	2	22	5230,0,0,0,0,0,0	80	0
174503	354	704	423	194	202	48	15	6	2143	24	130	607	238	3	54	4748	655	1285	0,0,0,0,0,0	17930	0	259	5855	39	0	5744,5600,5600,5082,5082,5082,5082	3	28	5489,0,0,0,0,0,0	84	0
174385	376	723	427	183	203	45	18	6	2222	24	134	602	254	4	57	4998	660	1315	0,0,0,0,0,0	17881	0	241	6095	41	0	5975,5819,5819,5259,5259,5259,5259	3	18	5729,0,0,0,0,0,0	85	0
174311	378	690	453	185	214	43	19	9	2280	24	140	614	259	3	54	4909	644	1338	0,0,0,0,0,0	29216	0	215	6309	43	0	6180,6011,6011,5401,5401,5401,5401	3	18	5943,0,0,0,0,0,0	79	0
174238	354	716	452	180	212	45	21	8	2349	26	145	579	304	2	52	4773	622	1358	0,0,0,0,0,0	29247	0	208	6520	44	0	6385,6202,6202,5542,5542,5542,5542	3	15	6154,0,0,0,0,0,0	77	0
174145	355	740	462	205	207	47	23	7	2383	26	146	567	300	3	67	5120	642	1397	0,0,0,0,0,0	18258	0	245	6764	47	0	6615,6418,6418,5707,5707,5707,5707	3	29	6398,0,0,0,0,0,0	91	0
174001	376	798	444	205	214	50	25	7	2451	26	149	596	302	3	59	5406	644	1468	0,0,0,0,0,0	17939	0	296	7056	52	0	6893,6681,6681,5919,5919,5919,5919	3	27	6691,0,0,0,0,0,0	91	0
173820	414	839	470	204	217	52	26	7	2513	30	154	569	262	5	72	5319	672	1550	0,0,0,0,0,0	18287	0	311	7364	56	0	7195,6970,6970,6160,6160,6160,6160	3	23	7001,0,0,0,0,0,0	100	0
173645	453	847	497	205	222	57	24	5	2597	34	160	550	299	3	72	5326	678	1627	0,0,0,0,0,0	18083	0	304	7668	57	0	7494,7256,7256,6398,6398,6398,6398	3	18	7305,0,0,0,0,0,0	98	0
173489	474	877	521	209	239	50	21	5	2657	38	166	533	289	3	61	5250	669	1722	0,0,0,0,0,0	18182	0	309	7976	59	0	7796,7543,7543,6629,6629,6629,6629	3	29	7613,0,0,0,0,0,0	98	0
173398	476	850	561	207	261	60	18	5	2702	41	167	532	233	4	65	4930	690	1743	0,0,0,0,0,0	29141	0	261	8238	59	0	8047,7777,7777,6801,6801,6801,6801	3	22	7875,0,0,0,0,0,0	101	0
173322	445	876	563	217	257	59	23	4	2766	43	171	520	284	2	77	4931	728	1712	0,0,0,0,0,0	29174	0	255	8495	61	0	8296,8007,8007,6965,6965,6965,6965	3	22	8132,0,0,0,0,0,0	102	0
173216	420	887	613	238	253	62	26	2	2812	44	173	511	295	2	87	5839	781	1718	0,0,0,0,0,0	18548	0	276	8771	62	0	8562,8256,8256,7152,7152,7152,7152	3	20	8408,0,0,0,0,0,0	108	0
173083	435	904	617	239	254	60	26	4	2901	45	178	508	212	3	76	6172	796	1739	0,0,0,0,0,0	18784	0	304	9075	63	0	8855,8532,8532,7365,7365,7365,7365	3	24	8712,0,0,0,0,0,0	114	0
172962	428	921	617	234	274	62	25	4	2991	47	181	515	303	3	87	6610	830	1731	0,0,0,0,0,0	34353	0	292	9370	63	0	9141,8801,8801,7569,7569,7569,7569	3	31	9007,0,0,0,0,0,0	104	0
172843	455	904	664	255	264	64	29	4	3033	48	183	497	339	3	75	6865	859	1776	0,0,0,0,0,0	34857	0	316	9683	66	0	9442,9082,9082,7779,7779,7779,7779	4	34	9320,0,0,0,0,0,0	112	0
172764	465	895	656	264	270	66	25	5	3099	53	184	491	306	7	77	6621	818	1823	0,0,0,0,0,0	34930	0	287	9970	69	0	9717,9336,9336,7957,7957,7957,7957	4	25	9607,0,0,0,0,0,0	102	0
172698	438	891	654	257	292	71	29	5	3167	54	190	473	257	4	75	6694	846	1786	0,0,0,0,0,0	47160	0	262	10231	72	0	9969,9568,9568,8116,8116,8116,8116	4	22	9868,0,0,0,0,0,0	120	0
172628	426	901	639	251	291	72	32	5	3251	56	194	484	266	5	93	6304	883	1729	0,0,0,0,0,0	47626	0	270	10501	74	0	10230,9809,9809,8283,8283,8283,8283	4	22	10138,0,0,0,0,0,0	114	0
172568	443	884	634	253	291	74	35	5	3305	56	198	470	263	1	84	6774	906	1708	0,0,0,0,0,0	34470	0	274	10775	75	0	10493,10050,10050,8445,8445,8445,8445	4	35	10413,0,0,0,0,0,0	128	0
172487	470	898	614	246	273	74	36	5	3383	57	203	461	298	2	93	6777	911	1700	0,0,0,0,0,0	34891	0	297	11070	78	0	10776,10311,10311,8626,8626,8626,8626	4	38	10708,0,0,0,0,0,0	141	0
172405	475	896	581	258	285	76	36	5	3461	59	209	432	256	4	73	6686	938	1669	0,0,0,0,0,0	35030	0	274	11342	81	0	11040,10555,10555,8798,8798,8798,8798	4	30	10980,0,0,0,0,0,0	138	0
172347	432	891	615	255	302	83	38	3	3505	61	214	437	265	4	87	6496	941	1675	0,0,0,0,0,0	34772	0	246	11583	86	0	11271,10768,10768,8942,8942,8942,8942	4	33	11221,0,0,0,0,0,0	140	0
172246	417	919	617	261	285	80	39	5	3598	62	217	445	279	9	86	6254	945	1673	0,0,0,0,0,0	34441	0	287	11865	91	0	11544,11022,11022,9127,9127,9127,9127	4	37	11504,0,0,0,0,0,0	138	0
172223	396	913	636	276	277	88	38	7	3608	65	219	437	131	1	63	6022	936	1688	0,0,0,0,0,0	47556	0	260	12126	94	0	11790,11245,11245,9262,9262,9262,9262	4	17	11765,0,0,0,0,0,0	147	0
172207	386	885	637	281	261	83	40	7	3673	66	220	459	237	5	90	5974	917	1656	0,0,0,0,0,0	46802	0	247	12370	98	0	12020,11452,11452,9385,9385,9385,9385	4	13	12009,0,0,0,0,0,0	150	0
172147	407	884	650	284	254	83	42	6	3699	67	223	458	245	1	88	6435	968	1636	0,0,0,0,0,0	34212	0	294	12663	100	0	12300,11708,11708,9555,9555,9555,9555	4	39	12302,0,0,0,0,0,0	164	0
172079	423	870	646	272	250	83	43	8	3777	68	227	466	266	7	70	6653	933	1654	0,0,0,0,0,0	34515	0	278	12936	105	0	12559,11946,11946,9716,9716,9716,9716	4	22	12576,0,0,0,0,0,0	165	0
172024	426	869	633	268	262	76	38	7	3841	71	231	471	276	5	67	6533	906	1666	0,0,0,0,0,0	34560	0	279	13213	108	0	12824,12189,12189,9874,9874,9874,9874	4	24	12855,0,0,0,0,0,0	149	0
172006	419	883	606	267	260	82	38	8	3871	73	233	452	266	4	78	6433	877	1678	0,0,0,0,0,0	34620	0	282	13492	112	0	13086,12425,12425,10013,10013,10013,10013	4	34	13134,0,0,0,0,0,0	144	0
171988	425	894	580	260	273	85	40	8	3882	75	236	403	268	5	87	6130	871	1686	0,0,0,0,0,0	34490	0	286	13777	115	0	13355,12666,12666,10155,10155,10155,10155	4	32	13419,0,0,0,0,0,0	152	0
171965	406	887	575	250	276	90	38	10	3928	79	242	381	285	4	79	6125	891	1631	0,0,0,0,0,0	46923	0	245	14018	119	0	13586,12875,12875,10281,10281,10281,10281	4	24	13661,0,0,0,0,0,0	152	0
171978	382	854	583	255	266	87	41	7	3966	79	248	385	259	3	90	6466	915	1553	0,0,0,0,0,0	47198	0	214	14230	123	0	13788,13054,13054,10374,10374,10374,10374	4	15	13873,0,0,0,0,0,0	164	0
171976	375	846	555	246	249	95	48	7	4021	80	248	400	266	3	89	6328	904	1510	0,0,0,0,0,0	34356	0	247	14476	127	0	14017,13259,13259,10488,10488,10488,10488	4	27	14120,0,0,0,0,0,0	163	0
171983	387	823	551	239	229	97	45	11	4039	84	258	371	252	4	73	6793	865	1506	0,0,0,0,0,0	34534	0	235	14710	129	0	14238,13454,13454,10592,10592,10592,10592	4	28	14354,0,0,0,0,0,0	168	0
171960	411	788	585	232	230	92	42	13	4048	87	258	386	282	12	70	6544	863	1517	0,0,0,0,0,0	34602	0	261	14969	134	0	14479,13672,13672,10722,10722,10722,10722	4	28	14613,0,0,0,0,0,0	159	0
171958	413	794	571	241	241	92	40	13	4031	91	261	396	343	2	66	6498	863	1529	0,0,0,0,0,0	34368	0	258	15224	137	0	14719,13886,13886,10840,10840,10840,10840	4	23	14868,0,0,0,0,0,0	159	0
172006	380	799	581	235	242	93	38	14	4003	93	262	403	276	3	71	6645	845	1523	0,0,0,0,0,0	34577	0	227	15449	140	0	14925,14065,14065,10917,10917,10917,10917	4	19	15093,0,0,0,0,0,0	147	0
172053	373	792	565	226	249	92	35	13	3982	98	268	416	307	4	73	6648	862	1470	0,0,0,0,0,0	47653	0	218	15667	142	0	15129,14242,14242,10994,10994,10994,10994	4	23	15311,0,0,0,0,0,0	150	0
172143	359	776	535	231	240	92	38	11	3950	99	272	422	261	3	63	6718	847	1424	0,0,0,0,0,0	47612	0	196	15859	146	0	15306,14390,14390,11036,11036,11036,11036	4	12	15505,0,0,0,0,0,0	151	0
172205	320	762	545	239	240	89	38	9	3922	102	275	430	266	2	83	6694	848	1385	0,0,0,0,0,0	34515	0	212	16069	148	0	15499,14555,14555,11098,11098,11098,11098	4	22	15715,0,0,0,0,0,0	148	0
172230	345	730	531	239	236	92	38	8	3915	105	277	423	255	5	82	6704	848	1363	0,0,0,0,0,0	34878	0	224	16291	150	0	15702,14734,14734,11183,11183,11183,11183	3	26	15937,0,0,0,0,0,0	141	0
172262	335	741	525	248	225	88	39	8	3884	107	284	430	316	6	62	6644	826	1375	0,0,0,0,0,0	34470	0	222	16509	154	0	15906,14912,14912,11266,11266,11266,11266	3	25	16155,0,0,0,0,0,0	141	0
172320	337	720	516	246	232	91	38	6	3842	111	287	441	267	6	77	6536	856	1324	0,0,0,0,0,0	34627	0	213	16720	156	0	16099,15078,15078,11330,11330,11330,11330	3	29	16366,0,0,0,0,0,0	134	0
172344	324	698	497	258	250	93	38	8	3836	111	289	435	248	1	54	6132	818	1340	0,0,0,0,0,0	34446	0	203	16920	160	0	16283,15240,15240,11406,11406,11406,11406	3	21	16566,0,0,0,0,0,0	148	0
172416	312	680	482	244	222	95	37	8	3847	113	290	437	264	4	65	5755	771	1301	0,0,0,0,0,0	46954	0	182	17099	163	0	16445,15376,15376,11447,11447,11447,11447	3	12	16746,0,0,0,0,0,0	153	0
172482	311	662	464	229	222	93	36	10	3829	113	295	411	314	2	66	5944	766	1251	0,0,0,0,0,0	46786	0	188	17283	170	0	16614,15520,15520,11495,11495,11495,11495	3	20	16930,0,0,0,0,0,0	161	0
172521	314	663	451	219	217	93	37	12	3808	114	297	416	274	4	76	5487	752	1242	0,0,0,0,0,0	33623	0	205	17485	173	0	16799,15681,15681,11564,11564,11564,11564	3	29	17132,0,0,0,0,0,0	168	0
172598	310	634	450	226	218	87	34	11	3763	118	297	422	269	4	66	5268	741	1218	0,0,0,0,0,0	33851	0	187	17671	176	0	16963,15818,15818,11602,11602,11602,11602	3	25	17318,0,0,0,0,0,0	149	0
172652	320	612	456	205	200	89	33	11	3750	119	299	443	254	3	57	5461	711	1204	0,0,0,0,0,0	33341	0	189	17858	179	0	17132,15963,15963,11654,11654,11654,11654	3	22	17505,0,0,0,0,0,0	149	0
172707	300	640	453	185	208	91	34	9	3695	121	303	407	313	2	50	5204	686	1225	0,0,0,0,0,0	33301	0	198	18055	181	0	17313,16118,16118,11712,11712,11712,11712	3	21	17702,0,0,0,0,0,0	148	0
172800	300	593	447	211	211	95	31	9	3619	125	305	403	247	2	56	4924	667	1221	0,0,0,0,0,0	32935	0	171	18226	183	0	17464,16243,16243,11736,11736,11736,11736	3	15	17873,0,0,0,0,0,0	136	0
172872	288	606	437	215	196	90	32	8	3567	127	308	404	259	1	61	4721	672	1192	0,0,0,0,0,0	45998	0	184	18409	184	0	17630,16383,16383,11778,11778,11778,11778	3	11	18056,0,0,0,0,0,0	136	0
172965	259	627	422	214	183	87	30	9	3510	131	309	398	230	3	47	4930	641	1181	0,0,0,0,0,0	46210	0	166	18571	190	0	17774,16501,16501,11799,11799,11799,11799	3	14	18220,0,0,0,0,0,0	130	0
173023	268	620	409	211	180	79	28	11	3472	134	311	404	258	3	65	5098	645	1150	0,0,0,0,0,0	32506	0	193	18760	195	0	17945,16647,16647,11850,11850,11850,11850	3	25	18409,0,0,0,0,0,0	114	0
173094	293	596	391	203	203	84	31	10	3389	136	316	415	255	2	52	4903	646	1155	0,0,0,0,0,0	33188	0	199	18959	196	0	18124,16799,16799,11897,11897,11897,11897	3	21	18608,0,0,0,0,0,0	117	0
173095	322	609	382	184	204	82	26	12	3374	138	318	404	307	3	62	4827	665	1144	0,0,0,0,0,0	32919	0	212	19171	197	0	18319,16972,16972,11988,11988,11988,11988	3	13	18820,0,0,0,0,0,0	128	0
173174	313	604	379	178	205	86	28	13	3310	138	318	434	106	4	63	4801	689	1104	0,0,0,0,0,0	46247	0	165	19332	205	0	18460,17089,17089,12012,12012,12012,12012	3	17	18981,0,0,0,0,0,0	135	0
173244	281	603	387	186	196	83	29	11	3264	141	321	426	254	1	61	4711	691	1074	0,0,0,0,0,0	46398	0	152	19481	208	0	18590,17198,17198,12035,12035,12035,12035	3	20	19130,0,0,0,0,0,0	135	0
173306	264	586	391	192	197	85	28	10	3216	144	327	416	242	3	53	4992	687	1056	0,0,0,0,0,0	46197	0	163	19641	211	0	18737,17321,17321,12071,12071,12071,12071	3	15	19290,0,0,0,0,0,0	143	0
173345	257	575	409	178	197	76	28	10	3193	146	332	411	252	4	55	5059	674	1046	0,0,0,0,0,0	45599	23	174	19813	213	0	18895,17458,17458,12125,12125,12125,12125	3	18	19462,0,0,0,0,0,0	142	19
173414	256	551	411	160	185	77	29	9	3175	146	333	438	254	2	66	5071	659	1010	0,0,0,0,0,0	33182	26	157	19969	214	0	19032,17572,17572,12152,12152,12152,12152	3	17	19618,0,0,0,0,0,0	128	45
173460	247	536	415	150	186	78	28	10	3150	148	338	416	284	2	55	4933	660	980	0,0,0,0,0,0	32737	27	152	20122	218	0	19169,17689,17689,12189,12189,12189,12189	3	22	19771,0,0,0,0,0,0	136	70
173507	262	522	393	167	189	76	30	8	3096	152	344	406	282	1	53	5381	673	966	0,0,0,0,0,0	33122	25	167	20291	219	0	19321,17819,17819,12234,12234,12234,12234	3	21	19940,0,0,0,0,0,0	132	94
173570	256	520	359	167	184	70	30	8	3083	153	346	406	277	3	49	5011	632	954	0,0,0,0,0,0	33162	39	151	20439	223	0	19451,17928,17928,12259,12259,12259,12259	3	19	20088,0,0,0,0,0,0	124	128
173622	244	507	348	166	189	73	27	7	3057	156	350	406	106	1	29	5078	591	963	0,0,0,0,0,0	32988	35	146	20584	224	0	19581,18038,18038,12290,12290,12290,12290	3	21	20233,0,0,0,0,0,0	112	159
173699	229	508	332	147	195	72	24	8	3022	158	352	401	96	1	50	4649	552	955	0,0,0,0,0,0	39785	40	139	20721	227	0	19700,18136,18136,12304,12304,12304,12304	3	18	20370,0,0,0,0,0,0	119	191
173775	207	478	351	146	197	70	28	7	2972	159	356	398	253	1	48	4522	542	935	0,0,0,0,0,0	39457	134	127	20846	229	0	19818,18233,18233,12318,12318,12318,12318	3	25	20496,0,0,0,0,0,0	115	313
173832	208	479	339	150	191	65	26	10	2930	160	356	412	252	1	59	4434	558	900	0,0,0,0,0,0	27582	150	148	20994	231	0	19957,18351,18351,12351,12351,12351,12351	3	12	20644,0,0,0,0,0,0	115	441
173905	213	475	333	136	183	61	24	10	2886	162	358	416	308	0	59	4364	552	873	0,0,0,0,0,0	27202	126	138	21129	235	0	20081,18455,18455,12367,12367,12367,12367	3	25	20779,0,0,0,0,0,0	110	552
173935	230	487	336	141	173	60	22	11	2828	164	359	420	253	4	40	4325	547	902	0,0,0,0,0,0	27362	127	173	21301	237	0	20245,18598,18598,12425,12425,12425,12425	3	23	20952,0,0,0,0,0,0	105	655
173970	226	479	324	144	170	56	22	12	2817	165	361	444	106	2	43	4082	530	891	0,0,0,0,0,0	27318	147	143	21442	240	0	20382,18717,18717,12467,12467,12467,12467	2	12	21093,0,0,0,0,0,0	98	781
174014	212	484	340	144	159	56	26	12	2766	168	365	470	298	3	47	3944	543	878	0,0,0,0,0,0	27003	134	144	21585	243	0	20523,18839,18839,12505,12505,12505,12505	2	12	21237,0,0,0,0,0,0	90	895
174085	207	449	345	144	159	56	26	13	2726	168	368	459	259	2	37	3893	530	856	0,0,0,0,0,0	38823	117	129	21712	246	0	20646,18942,18942,12523,12523,12523,12523	2	13	21364,0,0,0,0,0,0	101	993
174138	215	409	330	142	165	53	28	13	2713	169	371	464	278	2	48	4029	528	814	0,0,0,0,0,0	38879	156	122	21830	250	0	20795,19073,19073,12563,12563,12563,12563	2	16	21484,0,0,0,0,0,0	94	1130
174180	202	415	311	138	158	55	27	13	2704	169	374	464	222	2	44	4184	531	775	0,0,0,0,0,0	27143	158	124	21952	252	0	20951,19213,19213,12611,12611,12611,12611	2	5	21606,0,0,0,0,0,0	99	1266
174224	219	409	306	129	142	57	29	12	2671	172	376	464	99	0	36	4079	503	788	0,0,0,0,0,0	27230	154	140	22092	254	0	21114,19357,19357,12660,12660,12660,12660	2	14	21746,0,0,0,0,0,0	95	1398
174291	210	421	280	125	123	49	31	12	2654	173	377	464	238	1	34	3925	481	758	0,0,0,0,0,0	27426	148	112	22204	255	0	21247,19472,19472,12682,12682,12682,12682	2	11	21858,0,0,0,0,0,0	96	1520
174334	209	405	301	129	116	48	28	13	2605	177	381	453	269	1	27	3735	437	799	0,0,0,0,0,0	27131	152	135	22337	257	0	21413,19619,19619,12733,12733,12733,12733	2	12	21991,0,0,0,0,0,0	90	1651
174355	215	419	297	126	105	44	30	11	2582	178	384	438	245	0	39	3543	419	817	0,0,0,0,0,0	26672	163	145	22480	260	0	21582,19772,19772,12797,12797,12797,12797	2	18	22134,0,0,0,0,0,0	89	1786
174421	181	435	301	129	102	40	31	10	2530	178	388	444	96	1	32	3546	412	807	0,0,0,0,0,0	38330	135	110	22590	261	0	21715,19887,19887,12820,12820,12820,12820	2	8	22244,0,0,0,0,0,0	87	1906
174470	165	446	286	119	113	39	34	10	2495	179	390	449	96	0	26	3462	406	796	0,0,0,0,0,0	38243	67	116	22702	265	0	21864,20020,20020,12861,12861,12861,12861	2	12	22356,0,0,0,0,0,0	90	1958
174499	166	427	286	110	123	38	36	10	2477	180	394	445	245	0	34	2987	393	793	0,0,0,0,0,0	26472	54	120	22824	265	0	22023,20163,20163,12914,12914,12914,12914	2	9	22478,0,0,0,0,0,0	86	2004
174534	188	409	277	114	132	31	37	9	2441	180	394	440	245	1	49	2823	390	798	0,0,0,0,0,0	25893	63	132	22954	270	0	22182,20306,20306,12964,12964,12964,12964	2	7	22608,0,0,0,0,0,0	82	2059
174583	192	400	284	107	122	34	33	7	2405	184	395	445	244	2	53	2869	395	777	0,0,0,0,0,0	26008	66	121	23073	272	0	22329,20437,20437,13001,13001,13001,13001	2	13	22727,0,0,0,0,0,0	87	2112
174633	189	410	276	113	124	32	33	8	2346	184	398	475	78	0	31	2771	378	799	0,0,0,0,0,0	25863	47	131	23203	275	0	22490,20579,20579,13045,13045,13045,13045	2	18	22857,0,0,0,0,0,0	84	2144
174663	185	414	297	103	138	26	31	7	2294	187	401	480	238	1	31	2826	376	818	0,0,0,0,0,0	25878	54	138	23340	277	0	22661,20733,20733,13103,13103,13103,13103	2	9	22994,0,0,0,0,0,0	68	2188
174709	179	393	303	112	129	26	33	5	2268	187	402	482	255	3	35	2802	362	813	0,0,0,0,0,0	37827	67	118	23454	281	0	22801,20857,20857,13139,13139,13139,13139	1	4	23108,0,0,0,0,0,0	71	2240
174753	181	390	295	111	136	22	31	5	2224	190	408	468	267	4	34	3004	365	801	0,0,0,0,0,0	37934	204	112	23565	282	0	22927,20967,20967,13168,13168,13168,13168	1	6	23219,0,0,0,0,0,0	63	2410
174790	188	404	293	110	123	19	29	5	2180	193	412	478	246	2	39	3330	385	781	0,0,0,0,0,0	26299	199	134	23699	283	0	23071,21094,21094,13208,13208,13208,13208	1	12	23353,0,0,0,0,0,0	54	2573
174833	184	409	273	111	133	14	25	7	2144	198	415	483	258	6	29	3588	386	763	0,0,0,0,0,0	26646	189	123	23822	284	0	23205,21210,21210,13239,13239,13239,13239	1	6	23476,0,0,0,0,0,0	52	2725
174866	181	393	289	122	128	18	25	9	2098	199	418	479	278	1	39	3556	396	760	0,0,0,0,0,0	26686	216	114	23934	286	0	23330,21321,21321,13271,13271,13271,13271	1	11	23589,0,0,0,0,0,0	54	2907
174850	191	407	279	128	121	19	19	8	2101	202	421	477	263	3	47	3739	419	745	0,0,0,0,0,0	26702	228	135	24068	289	0	23475,21454,21454,13337,13337,13337,13337	1	11	23723,0,0,0,0,0,0	56	3094
174871	188	394	283	123	126	22	16	10	2087	202	424	492	229	0	39	3479	419	733	0,0,0,0,0,0	26958	204	108	24177	292	0	23598,21563,21563,13374,13374,13374,13374	1	8	23833,0,0,0,0,0,0	54	3272
174905	181	376	282	122	118	22	19	9	2083	203	426	502	85	0	28	3292	401	719	0,0,0,0,0,0	38255	189	97	24272	294	0	23709,21662,21662,13400,13400,13400,13400	1	4	23928,0,0,0,0,0,0	50	3426
174944	156	357	273	129	115	23	18	9	2092	204	426	497	109	0	35	3372	388	683	0,0,0,0,0,0	38502	159	86	24358	294	0	23885,21826,21826,13456,13456,13456,13456	1	10	24014,0,0,0,0,0,0	54	3557
174967	167	349	276	133	118	25	18	9	2053	204	427	484	238	2	46	3520	438	648	0,0,0,0,0,0	26590	162	128	24483	297	0	24099,22027,22027,13538,13538,13538,13538	1	4	24139,0,0,0,0,0,0	53	3686
174967	211	351	260	139	117	20	19	9	2017	205	431	494	303	1	33	3437	407	710	4,0,0,0,0,0	26630	175	119	24643	302	0	24337,22249,22249,13642,13642,13642,13642	1	6	24254,46,0,0,0,0,0	50	3809
174944	242	383	261	122	109	25	18	11	1991	206	434	494	265	3	35	3595	402	758	9,0,0,0,0,0	26703	170	115	24802	306	0	24584,22483,22483,13764,13764,13764,13764	1	5	24350,111,0,0,0,0,0	48	3946
174907	227	440	239	121	121	28	18	11	1983	207	444	508	232	1	26	3488	375	819	13,0,0,0,0,0	27117	173	117	24948	310	0	24837,22725,22725,13894,13894,13894,13894	1	6	24443,165,0,0,0,0,0	52	4087
174847	248	499	243	126	116	25	19	10	1958	209	446	503	286	1	40	3411	391	885	18,0,0,0,0,0	26641	159	160	25141	316	0	25120,22996,22996,14052,14052,14052,14052	1	11	24565,237,0,0,0,0,0	53	4210
174796	266	509	277	119	125	32	23	10	1932	210	447	501	234	1	35	3772	405	946	23,0,0,0,0,0	38517	152	140	25322	319	0	25377,23241,23241,14193,14193,14193,14193	1	10	24651,333,0,0,0,0,0	60	4333
174782	257	549	281	135	135	32	23	9	1880	211	452	494	215	1	45	3516	394	1018	28,0,0,0,0,0	38368	125	152	25507	321	0	25645,23492,23492,14319,14319,14319,14319	1	8	24743,427,0,0,0,0,0	71	4438
174730	277	557	286	155	122	30	21	10	1887	213	458	478	313	7	59	3791	440	1008	32,0,0,0,0,0	26753	136	185	25690	326	0	25909,23744,23744,14461,14461,14461,14461	1	10	24843,512,0,0,0,0,0	68	4543
174660	283	550	304	160	146	29	23	10	1905	213	463	517	304	2	45	3683	477	1018	36,0,0,0,0,0	26933	130	183	25869	331	0	26165,23991,23990,14608,14608,14608,14608	1	14	24930,608,0,0,0,0,0	68	4640
174600	280	591	315	156	151	31	23	10	1906	215	468	513	298	1	53	4048	510	1037	39,0,0,0,0,0	26754	145	191	26056	336	0	26436,24251,24249,14757,14757,14757,14757	1	11	25023,705,0,0,0,0,0	64	4751
174520	302	572	352	167	147	31	22	8	1934	217	474	500	316	2	40	3974	515	1078	43,0,0,0,0,0	27112	132	205	26255	342	0	26719,24524,24522,14922,14922,14922,14922	1	10	25102,829,0,0,0,0,0	59	4853
174455	311	606	352	163	164	35	25	7	1934	218	476	500	265	1	51	4141	561	1095	46,0,0,0,0,0	27274	124	203	26455	345	0	26994,24788,24785,15077,15077,15077,15077	1	13	25174,960,0,0,0,0,0	62	4949
174386	314	600	354	174	171	35	26	6	1981	219	480	507	235	1	44	3748	557	1117	49,0,0,0,0,0	38691	117	179	26633	347	0	27245,25030,25027,15222,15222,15222,15222	1	11	25242,1071,0,0,0,0,0	63	5036
174356	305	589	353	190	181	44	25	6	1996	221	480	524	267	2	43	3983	574	1113	51,0,0,0,0,0	38778	255	163	26793	351	0	27440,25216,25211,15320,15320,15320,15320	1	10	25307,1168,0,0,0,0,0	74	5229
174270	291	653	334	204	197	46	22	7	2019	223	480	508	253	3	61	3953	615	1132	54,0,0,0,0,0	27566	263	219	27005	358	0	27683,25451,25444,15466,15466,15466,15466	1	22	25390,1302,0,0,0,0,0	71	5418
174168	324	647	352	212	186	48	26	7	2068	226	482	513	236	1	72	4422	654	1141	56,0,0,0,0,0	27309	317	216	27215	365	0	27927,25686,25678,15619,15619,15619,15619	1	18	25465,1442,0,0,0,0,0	78	5640
174116	334	631	379	223	180	48	25	6	2094	226	484	532	253	3	67	4670	667	1153	58,0,0,0,0,0	27662	274	199	27407	373	0	28155,25904,25895,15741,15741,15741,15741	1	10	25519,1587,0,0,0,0,0	85	5847
174006	346	658	395	226	191	54	25	5	2127	226	487	539	268	4	52	4529	653	1242	60,0,0,0,0,0	28046	284	239	27638	381	0	28415,26155,26144,15908,15908,15908,15908	1	24	25593,1748,0,0,0,0,0	84	6058
173895	341	702	424	218	188	52	28	4	2173	228	493	523	242	2	69	4720	675	1278	61,0,0,0,0,0	27777	285	236	27864	391	0	28675,26408,26395,16075,16075,16075,16075	1	16	25664,1909,0,0,0,0,0	88	6259
173809	353	699	429	230	189	54	24	3	2223	235	498	518	251	2	60	4401	667	1311	63,0,0,0,0,0	39518	291	233	28090	399	0	28933,26660,26642,16232,16232,16232,16232	1	11	25724,2081,0,0,0,0,0	85	6464
173755	335	717	450	226	197	53	24	2	2251	235	501	534	308	3	61	4365	697	1305	64,0,0,0,0,0	39321	605	210	28296	403	0	29249,26972,26950,16403,16403,16403,16403	1	13	25779,2236,0,0,0,0,0	94	6865
173627	360	723	464	232	197	54	24	2	2322	238	503	513	250	1	59	4816	703	1351	65,0,0,0,0,0	27645	619	280	28567	412	0	29625,27342,27316,16639,16639,16639,16639	1	16	25858,2433,0,0,0,0,0	95	7253
173494	397	728	479	235	206	52	28	2	2380	239	506	521	260	1	75	4894	724	1401	67,0,0,0,0,0	27871	584	274	28839	417	0	30008,27723,27691,16882,16882,16882,16882	1	14	25925,2639,0,0,0,0,0	94	7772
173362	425	768	471	234	230	49	28	2	2426	242	509	522	268	7	61	5006	738	1467	69,0,0,0,0,0	28091	594	289	29120	427	0	30397,28109,28072,17126,17126,17126,17126	2	25	25982,2870,0,0,0,0,0	93	8287
173182	469	819	465	234	230	55	37	2	2494	242	517	505	340	5	68	4795	743	1566	71,0,0,0,0,0	28101	631	315	29424	439	0	30823,28533,28492,17414,17414,17414,17414	2	20	26040,3126,0,0,0,0,0	103	8843
172998	484	914	480	243	229	52	39	1	2540	243	523	490	253	5	85	4661	778	1663	73,0,0,0,0,0	27723	594	345	29758	453	0	31265,28972,28926,17711,17711,17711,17711	2	30	26101,3410,0,0,0,0,0	114	9358
172859	472	946	528	246	240	49	42	1	2591	244	528	474	296	3	51	4671	760	1763	75,0,0,0,0,0	39158	590	299	30044	467	0	31650,29355,29303,17961,17961,17961,17961	2	17	26155,3650,0,0,0,0,0	126	9879
172732	476	945	548	248	254	51	43	1	2670	249	529	480	281	1	76	5246	784	1781	75,0,0,0,0,0	39649	813	297	30333	477	0	32104,29809,29749,18237,18237,18237,18237	2	14	26209,3894,0,0,0,0,0	137	10592
172533	534	963	561	267	247	53	45	1	2757	250	535	480	242	7	87	5212	828	1842	77,0,0,0,0,0	28293	851	362	30686	487	0	32617,30323,30256,18577,18577,18577,18577	2	16	26270,4192,0,0,0,0,0	136	11344
172302	603	1035	567	262	269	57	45	0	2816	253	537	493	252	7	94	5647	911	1927	78,0,0,0,0,0	28535	809	416	31086	503	0	33220,30928,30852,18981,18981,18981,18981	2	17	26331,4545,0,0,0,0,0	145	12066
172080	619	1107	587	278	278	58	47	0	2899	254	539	496	292	5	106	5800	980	1994	80,0,0,0,0,0	28570	835	395	31469	517	0	33815,31524,31440,19372,19372,19372,19372	2	26	26379,4892,0,0,0,0,0	153	12803
171809	631	1179	615	299	306	64	45	1	2993	260	544	447	253	4	75	5752	999	2140	81,0,0,0,0,0	28798	785	430	31882	539	0	34452,32165,32072,19810,19810,19810,19810	2	27	26439,5264,0,0,0,0,0	150	13488
171531	676	1233	662	324	314	73	47	1	3079	261	545	467	237	3	105	5903	1040	2289	82,0,0,0,0,0	28671	829	482	32348	557	0	35121,32837,32734,20270,20270,20270,20270	2	21	26505,5677,0,0,0,0,0	159	14179
171242	731	1298	683	347	321	81	49	2	3181	263	548	474	233	5	99	5835	1073	2437	84,0,0,0,0,0	40461	785	480	32819	569	0	35793,33514,33400,20738,20738,20738,20738	2	20	26554,6107,0,0,0,0,0	195	14842
170999	709	1331	727	354	358	91	51	2	3311	264	549	461	290	2	105	6050	1084	2537	85,0,0,0,0,0	40297	907	435	33244	584	0	36475,34199,34075,21183,21183,21183,21183	2	25	26601,6494,0,0,0,0,0	204	15616
170740	707	1386	748	370	381	92	51	4	3446	268	553	446	319	6	151	6658	1158	2577	85,0,0,0,0,0	45800	915	448	33679	599	0	37188,34915,34781,21651,21651,21651,21651	2	32	26660,6881,0,0,0,0,0	210	16400
170539	714	1397	780	387	383	94	50	4	3566	272	560	460	287	2	129	6816	1230	2575	86,0,0,0,0,0	46007	926	442	34102	621	0	37868,35602,35454,22075,22075,22075,22075	2	26	26694,7287,0,0,0,0,0	224	17160
170318	730	1418	801	378	402	89	46	5	3719	279	561	466	290	3	130	7416	1283	2581	87,0,0,0,0,0	46157	935	458	34544	637	0	38568,36312,36149,22521,22521,22521,22521	2	33	26738,7698,0,0,0,0,0	200	17937
170062	739	1454	827	397	408	94	52	3	3863	281	566	451	266	8	126	7581	1319	2652	88,0,0,0,0,0	46748	885	476	34995	665	0	39264,37017,36840,22979,22979,22979,22979	2	26	26762,8147,0,0,0,0,0	192	18689
169831	722	1483	877	428	424	97	53	5	3974	283	569	458	267	5	138	7918	1393	2691	89,0,0,0,0,0	46813	879	481	35457	685	0	39963,37728,37533,23428,23428,23428,23428	2	24	26800,8583,0,0,0,0,0	198	19414
169696	696	1479	881	400	421	97	51	9	4157	286	573	460	313	12	119	8016	1414	2611	89,0,0,0,0,0	71197	830	380	35823	701	0	40564,38341,38130,23784,23784,23784,23784	2	17	26843,8918,0,0,0,0,0	208	20113
169591	649	1452	890	418	449	101	49	11	4271	290	575	426	266	7	125	8595	1445	2563	90,0,0,0,0,0	71106	666	393	36197	722	0	41237,39031,38799,24163,24163,24163,24163	2	22	26869,9282,0,0,0,0,0	232	20652
169409	652	1431	904	444	454	100	55	12	4415	292	578	437	314	4	150	9407	1487	2553	90,0,0,0,0,0	47835	670	445	36627	737	0	41972,39784,39532,24610,24610,24610,24610	2	23	26895,9700,0,0,0,0,0	206	21201
169219	662	1462	930	453	442	95	57	11	4533	299	583	445	305	9	145	9675	1506	2595	91,0,0,0,0,0	48278	680	483	37081	767	0	42732,40563,40291,25077,25077,25077,25077	2	21	26923,10152,0,0,0,0,0	220	21741
169010	700	1464	941	484	450	101	59	12	4639	301	585	421	251	3	119	9575	1513	2686	92,0,0,0,0,0	48366	611	497	37555	791	0	43511,41357,41065,25556,25556,25556,25556	2	25	26949,10617,0,0,0,0,0	218	22222
168818	720	1456	915	481	436	108	60	10	4850	304	588	401	306	6	136	9275	1470	2706	92,0,0,0,0,0	48189	647	451	37977	821	0	44234,42097,41787,25999,25999,25999,25999	2	26	26960,11051,0,0,0,0,0	208	22741
168608	733	1491	910	497	465	102	62	10	4973	307	588	396	275	8	153	9226	1481	2779	93,0,0,0,0,0	48408	669	503	38457	850	0	44996,42876,42545,26476,26476,26476,26476	3	38	26976,11533,0,0,0,0,0	210	23272
168521	708	1442	896	502	483	112	62	12	5110	310	588	407	308	8	122	9089	1447	2758	94,0,0,0,0,0	72065	653	398	38839	868	0	45643,43541,43189,26837,26837,26837,26837	3	23	26991,11913,0,0,0,0,0	218	23798
168508	616	1419	883	507	484	114	62	14	5237	311	591	384	243	6	143	8632	1425	2660	94,0,0,0,0,0	71762	885	332	39155	887	0	46240,44165,43789,27152,27152,27152,27152	2	22	26999,12234,0,0,0,0,0	219	24530
168366	607	1441	867	481	470	124	63	15	5405	313	594	395	268	9	147	8980	1440	2613	94,0,0,0,0,0	47997	896	441	39573	911	0	46937,44890,44491,27582,27582,27582,27582	2	28	27010,12657,0,0,0,0,0	212	25248
168245	639	1397	877	480	463	127	64	14	5526	316	598	385	315	8	140	8694	1430	2617	95,0,0,0,0,0	47628	882	460	40009	937	0	47685,45665,45238,27991,27991,27991,27991	2	19	27020,13104,0,0,0,0,0	227	25958
168132	690	1392	897	450	474	125	57	14	5591	325	599	387	236	6	147	8803	1441	2644	95,0,0,0,0,0	48058	943	479	40457	970	0	48420,46427,45971,28393,28393,28393,28393	2	22	27028,13567,0,0,0,0,0	229	26698
167999	708	1421	879	417	478	126	53	15	5719	332	599	380	239	9	141	8329	1397	2685	96,0,0,0,0,0	47697	927	448	40880	1000	0	49156,47188,46707,28802,28802,28802,28802	2	25	27041,13999,0,0,0,0,0	225	27442
167899	706	1451	870	426	472	126	56	13	5787	336	604	396	270	9	127	8189	1371	2736	96,0,0,0,0,0	46964	861	462	41329	1016	0	49913,47972,47461,29208,29208,29208,29208	2	26	27049,14454,0,0,0,0,0	208	28113
167965	646	1378	919	443	488	134	58	11	5758	340	606	427	262	9	133	8175	1382	2684	96,0,0,0,0,0	71189	885	328	41638	1039	0	50527,48616,48073,29463,29463,29463,29463	2	17	27055,14771,0,0,0,0,0	227	28836
167962	598	1344	914	432	474	141	52	12	5863	347	607	452	241	6	136	8187	1364	2591	96,0,0,0,0,0	71187	1030	342	41962	1059	0	51299,49416,48845,29824,29824,29824,29824	2	13	27065,15102,0,0,0,0,0	243	29671
167929	600	1365	887	441	461	145	54	14	5892	349	609	447	259	7	141	8561	1359	2594	96,0,0,0,0,0	47437	1034	413	42355	1082	0	52138,50288,49684,30235,30235,30235,30235	2	23	27072,15506,0,0,0,0,0	233	30479
167804	669	1331	880	449	454	146	58	16	5976	350	613	425	277	8	131	8807	1323	2664	97,0,0,0,0,0	47585	1073	472	42802	1111	0	53027,51205,50573,30708,30708,30708,30708	2	30	27078,15969,0,0,0,0,0	246	31318
167759	672	1322	872	435	463	144	59	16	6035	355	614	414	273	6	154	8544	1308	2659	97,0,0,0,0,0	47582	1086	429	43204	1139	0	53876,52084,51421,31126,31126,31126,31126	2	33	27088,16377,0,0,0,0,0	245	32151
167686	648	1388	871	405	455	141	60	18	6098	360	616	410	261	13	157	8672	1321	2647	97,0,0,0,0,0	47910	1070	421	43613	1153	0	54733,52971,52278,31558,31558,31558,31558	2	20	27092,16794,0,0,0,0,0	243	32986
167643	608	1422	871	427	448	137	61	16	6137	360	616	424	289	13	129	8453	1300	2674	97,0,0,0,0,0	48045	1036	429	44022	1177	0	55560,53833,53107,31972,31972,31972,31972	2	18	27094,17221,0,0,0,0,0	245	33749
167709	592	1311	882	419	438	143	64	16	6192	363	617	420	308	4	114	8367	1239	2610	98,0,0,0,0,0	71160	1029	333	44339	1197	0	56299,54607,53846,32287,32287,32287,32287	2	15	27095,17554,0,0,0,0,0	251	34495
167781	561	1252	875	415	427	140	60	18	6232	367	618	405	323	6	154	8431	1240	2490	98,0,0,0,0,0	71057	1348	318	44638	1218	0	57100,55443,54649,32622,32622,32622,32622	2	22	27096,17866,0,0,0,0,0	254	35541
167748	572	1266	862	402	409	141	62	18	6276	370	620	410	267	3	136	8309	1228	2486	98,0,0,0,0,0	47994	1324	417	45028	1245	0	57989,56363,55539,33046,33046,33046,33046	2	20	27098,18275,0,0,0,0,0	250	36570
167773	600	1216	844	390	400	143	66	13	6305	373	623	406	286	5	123	8029	1192	2467	98,0,0,0,0,0	47414	1378	382	45397	1259	0	58856,57263,56405,33436,33436,33436,33436	2	20	27102,18650,0,0,0,0,0	243	37600
167752	621	1247	819	390	406	138	61	13	6297	377	625	423	265	7	143	7748	1240	2442	98,0,0,0,0,0	46957	1381	415	45791	1282	0	59749,58189,57299,33860,33860,33860,33860	2	26	27109,19056,0,0,0,0,0	253	38611
167804	625	1268	805	376	384	134	58	12	6271	381	628	433	253	5	128	7686	1207	2443	98,0,0,0,0,0	39090	1362	387	46158	1305	0	60597,59075,58148,34227,34227,34227,34227	2	21	27115,19435,0,0,0,0,0	246	39606
167836	604	1263	812	373	383	126	61	12	6258	387	631	403	333	7	116	7704	1177	2445	98,0,0,0,0,0	39120	1390	365	46499	1331	0	61396,59910,58950,34578,34578,34578,34578	2	14	27121,19789,0,0,0,0,0	223	40647
167956	540	1249	828	381	378	124	58	13	6197	390	632	420	246	6	96	7362	1122	2436	98,0,0,0,0,0	41040	1379	319	46784	1366	0	62113,60665,59668,34848,34848,34848,34848	2	16	27125,20087,0,0,0,0,0	229	41666
168065	512	1168	829	389	378	115	59	13	6193	392	633	405	254	2	100	6766	1044	2406	98,0,0,0,0,0	40807	1087	293	47049	1395	0	62866,61453,60422,35129,35129,35129,35129	2	16	27127,20369,0,0,0,0,0	221	42469
168095	524	1158	842	385	377	113	58	17	6149	393	635	412	268	6	114	6853	1046	2411	98,0,0,0,0,0	37828	1086	373	47405	1415	0	63690,62313,61246,35481,35481,35481,35481	2	18	27131,20732,0,0,0,0,0	218	43264
168130	542	1116	836	370	353	107	60	16	6184	394	638	402	299	8	116	6828	987	2397	98,0,0,0,0,0	37915	1090	341	47725	1438	0	64491,63149,62049,35818,35818,35818,35818	2	25	27132,21070,0,0,0,0,0	210	44004
168160	553	1105	798	368	373	107	64	15	6163	400	640	414	308	4	126	6548	1002	2366	99,0,0,0,0,0	38185	1147	361	48054	1470	0	65283,63976,62844,36153,36153,36153,36153	2	19	27133,21423,0,0,0,0,0	196	44777
168265	547	1098	779	346	371	100	62	16	6117	403	642	424	265	7	135	6971	1008	2295	99,0,0,0,0,0	38156	1085	318	48351	1493	0	66037,64768,63600,36435,36435,36435,36435	2	19	27136,21733,0,0,0,0,0	203	45491
168307	588	1067	753	351	356	96	54	17	6102	410	645	464	295	11	114	7103	988	2277	99,0,0,0,0,0	38273	1061	350	48682	1515	0	66858,65623,64421,36778,36778,36778,36778	2	15	27137,22074,0,0,0,0,0	190	46180
168431	528	1048	738	334	372	90	53	19	6074	412	647	463	247	4	113	7107	1000	2163	99,0,0,0,0,0	40641	1103	256	48922	1531	0	67582,66382,65146,37036,37036,37036,37036	1	10	27139,22323,0,0,0,0,0	183	46921
168599	462	1053	754	306	372	89	54	19	5974	415	649	471	296	5	102	6795	974	2116	99,0,0,0,0,0	40956	892	255	49162	1547	0	68267,67107,65835,37247,37247,37247,37247	1	10	27141,22576,0,0,0,0,0	176	47540
168687	462	1037	741	298	355	86	52	19	5937	420	652	473	297	6	125	6776	973	2058	99,0,0,0,0,0	31442	889	297	49443	1564	0	69010,67885,66580,37519,37519,37519,37519	1	13	27142,22872,0,0,0,0,0	166	48116
168796	437	1008	748	301	324	84	49	17	5902	423	657	449	282	7	97	6948	974	1977	99,0,0,0,0,0	31749	881	281	49704	1585	0	69699,68611,67272,37751,37751,37751,37751	1	13	27142,23148,0,0,0,0,0	153	48693
168932	438	1011	726	301	318	78	47	18	5789	427	661	455	266	4	90	6941	960	1959	99,0,0,0,0,0	31473	874	289	49979	1601	0	70419,69371,67995,37995,37995,37995,37995	1	13	27142,23434,0,0,0,0,0	143	49260
169039	423	956	752	292	311	82	41	20	5731	433	666	453	263	8	87	6803	908	1949	99,0,0,0,0,0	31579	907	261	50237	1606	0	71114,70101,68693,38234,38234,38234,38234	1	11	27145,23693,0,0,0,0,0	134	49861
169174	438	907	750	279	302	81	38	17	5654	438	668	441	286	4	109	6929	896	1899	99,0,0,0,0,0	26266	939	273	50498	1618	0	71773,70798,69355,38446,38446,38446,38446	1	6	27146,23964,0,0,0,0,0	136	50465
169363	400	872	728	280	297	75	34	18	5566	442	671	444	217	2	74	6469	846	1840	99,0,0,0,0,0	32492	886	207	50688	1637	0	72402,71464,69988,38617,38617,38617,38617	1	8	27148,24164,0,0,0,0,0	125	51050
169530	346	845	694	289	274	72	40	17	5522	443	674	440	226	1	71	6077	781	1779	99,0,0,0,0,0	32035	1242	210	50877	1659	0	73025,72122,70614,38787,38787,38787,38787	1	8	27150,24366,0,0,0,0,0	112	51954
169620	366	835	649	277	256	70	38	18	5493	445	679	440	244	2	95	6213	756	1735	99,0,0,0,0,0	25705	1223	265	51129	1676	0	73678,72807,71270,39010,39010,39010,39010	1	14	27150,24628,0,0,0,0,0	117	52817
169757	372	796	638	260	235	71	41	18	5429	446	683	421	227	3	78	6050	715	1698	99,0,0,0,0,0	25686	1211	228	51349	1685	0	74314,73479,71912,39199,39199,39199,39199	1	7	27151,24853,0,0,0,0,0	114	53653
169920	346	757	651	260	230	64	35	18	5329	451	685	429	325	2	81	6274	706	1637	99,0,0,0,0,0	25754	1205	201	51538	1698	0	74926,74125,72528,39365,39365,39365,39365	1	8	27151,25051,0,0,0,0,0	106	54482
170101	330	685	643	245	245	63	35	17	5240	454	688	419	314	3	75	5947	685	1561	99,0,0,0,0,0	25499	1181	172	51701	1709	0	75517,74750,73123,39511,39511,39511,39511	1	6	27151,25224,0,0,0,0,0	106	55326
170287	288	664	629	233	233	60	37	16	5154	455	690	420	257	0	63	5885	636	1508	99,0,0,0,0,0	25720	1263	162	51856	1719	0	76077,75347,73691,39649,39649,39649,39649	1	7	27151,25387,0,0,0,0,0	101	56237
170530	260	635	599	224	210	62	37	17	5023	457	692	412	307	6	61	5438	584	1443	99,0,0,0,0,0	30168	1211	156	52002	1729	0	76605,75913,74225,39755,39755,39755,39755	1	6	27152,25539,0,0,0,0,0	102	57098
170737	242	572	551	216	195	62	35	16	4966	461	693	417	304	4	60	5400	551	1322	99,0,0,0,0,0	29375	542	120	52113	1739	0	77334,76676,74963,39964,39964,39964,39964	1	7	27153,25658,0,0,0,0,0	105	57466
170980	213	532	528	210	183	54	33	15	4839	463	696	413	319	3	67	5032	527	1226	99,0,0,0,0,0	23937	548	116	52219	1750	0	78035,77413,75671,40135,40135,40135,40135	0	5	27153,25774,0,0,0,0,0	104	57860
171156	199	500	498	194	182	45	33	16	4759	465	699	428	298	6	61	5050	506	1145	99,0,0,0,0,0	23482	567	132	52342	1759	0	78751,78161,76396,40348,40348,40348,40348	0	4	27153,25903,0,0,0,0,0	93	58243
171400	190	472	463	174	178	44	30	13	4612	468	702	447	281	3	58	4825	485	1066	99,0,0,0,0,0	23596	556	117	52451	1767	0	79449,78897,77103,40528,40528,40528,40528	0	5	27154,26018,0,0,0,0,0	91	58632
171615	184	445	435	159	157	40	32	11	4493	469	706	442	86	1	41	4424	424	1028	99,0,0,0,0,0	23383	601	112	52555	1775	0	80141,79623,77804,40712,40712,40712,40712	0	8	27154,26128,0,0,0,0,0	82	59050
171857	176	407	404	139	156	39	29	13	4345	471	710	452	258	5	42	4122	391	959	99,0,0,0,0,0	22872	592	100	52646	1784	0	80850,80366,78521,40894,40894,40894,40894	0	8	27155,26224,0,0,0,0,0	79	59438
172080	147	390	356	124	143	39	23	13	4244	476	711	460	94	1	32	3482	342	880	99,0,0,0,0,0	28044	568	79	52717	1793	0	81529,81076,79210,41075,41075,41075,41075	0	3	27155,26302,0,0,0,0,0	77	59838
172288	135	369	322	116	130	37	19	10	4126	480	714	458	242	2	42	3511	303	825	99,0,0,0,0,0	27763	827	87	52795	1803	0	81933,81509,79620,41101,41101,41101,41101	0	1	27155,26389,0,0,0,0,0	66	60440
172446	141	344	318	119	130	32	18	10	3989	480	719	456	270	1	45	3369	309	793	99,0,0,0,0,0	16939	853	117	52903	1812	0	82373,81976,80067,41162,41162,41162,41162	0	7	27155,26502,0,0,0,0,0	59	61024
172619	141	311	312	119	114	30	15	10	3874	482	719	477	218	2	48	3178	306	736	99,0,0,0,0,0	16958	879	86	52985	1817	0	82773,82402,80475,41203,41203,41203,41203	0	5	27155,26588,0,0,0,0,0	52	61633
172808	129	305	309	114	101	29	14	10	3725	483	719	486	247	0	27	2886	282	719	99,0,0,0,0,0	16901	837	86	53061	1827	0	83183,82837,80893,41248,41248,41248,41248	0	2	27155,26670,0,0,0,0,0	52	62234
173023	127	300	276	93	92	30	10	11	3577	485	722	469	242	1	27	2660	247	681	99,0,0,0,0,0	16347	805	84	53138	1834	0	83582,83261,81298,41273,41273,41273,41273	0	3	27155,26751,0,0,0,0,0	45	62799
173207	121	288	270	83	81	31	10	10	3433	486	726	475	245	0	20	2175	220	664	99,0,0,0,0,0	15873	805	77	53208	1841	0	83967,83670,81690,41303,41303,41303,41303	0	2	27155,26825,0,0,0,0,0	42	63358
173389	106	274	263	79	74	28	10	7	3303	486	727	492	359	1	30	1998	205	629	99,0,0,0,0,0	26567	788	64	53264	1849	0	84358,84083,82089,41348,41348,41348,41348	0	4	27155,26888,0,0,0,0,0	48	63904
173577	83	268	250	67	73	28	7	5	3166	488	734	463	87	0	16	1948	187	589	99,0,0,0,0,0	26608	1089	59	53320	1852	0	84769,84516,82505,41374,41374,41374,41374	0	2	27156,26946,0,0,0,0,0	38	64663
173757	97	237	234	65	71	28	7	4	3019	489	738	461	248	2	26	1953	169	570	99,0,0,0,0,0	15538	1075	60	53376	1856	0	85160,84928,82902,41394,41394,41394,41394	0	4	27156,27006,0,0,0,0,0	36	65439
173958	103	216	236	57	65	29	9	4	2842	489	738	497	227	0	18	1880	160	555	99,0,0,0,0,0	15679	1084	62	53433	1861	0	85559,85349,83306,41405,41405,41405,41405	0	3	27156,27067,0,0,0,0,0	38	66237
174112	109	203	230	56	60	27	8	5	2706	489	741	496	288	2	17	1759	153	540	99,0,0,0,0,0	15497	1110	58	53484	1868	0	85956,85764,83708,41433,41433,41433,41433	0	3	27156,27123,0,0,0,0,0	40	67036
174251	108	189	220	42	58	23	8	5	2608	489	745	501	289	1	18	1702	138	510	99,0,0,0,0,0	15245	1073	51	53533	1871	0	86353,86177,84111,41473,41473,41473,41473	0	1	27156,27175,0,0,0,0,0	37	67800
174396	90	196	200	48	53	22	8	6	2487	489	751	488	265	0	21	1565	129	488	99,0,0,0,0,0	15377	1063	48	53579	1873	0	86741,86583,84506,41509,41509,41509,41509	0	3	27156,27223,0,0,0,0,0	35	68543
174544	70	190	197	48	51	21	8	4	2371	489	753	475	88	0	11	1500	121	464	99,0,0,0,0,0	20718	1018	39	53616	1876	0	87109,86967,84880,41538,41538,41538,41538	0	0	27156,27263,0,0,0,0,0	35	69270
174674	74	179	195	45	45	18	7	5	2258	489	757	497	79	0	15	1452	122	441	99,0,0,0,0,0	20684	333	52	53669	1876	0	87678,87551,85456,41667,41667,41667,41667	0	1	27156,27316,0,0,0,0,0	28	69487
174759	76	181	180	45	45	19	8	5	2176	489	763	540	252	0	18	1506	125	429	99,0,0,0,0,0	12285	343	57	53718	1884	0	88260,88145,86044,41814,41814,41814,41814	0	4	27156,27371,0,0,0,0,0	25	69733
174860	71	183	178	43	42	15	8	4	2086	489	767	552	263	1	15	1468	116	424	99,0,0,0,0,0	12327	334	53	53770	1886	0	88832,88729,86622,41952,41952,41952,41952	0	2	27156,27425,0,0,0,0,0	25	69954
174965	78	156	157	39	46	13	8	3	2019	489	773	548	101	0	10	1454	104	393	99,0,0,0,0,0	12184	335	40	53807	1889	0	89390,89301,87189,42087,42087,42087,42087	0	0	27156,27465,0,0,0,0,0	22	70177
175087	65	146	151	40	44	14	8	4	1922	489	776	535	240	0	13	1202	98	370	100,0,0,0,0,0	12342	351	32	53838	1890	0	89933,89858,87739,42199,42199,42199,42199	0	1	27156,27497,0,0,0,0,0	20	70419
175218	66	144	137	34	45	14	7	4	1809	490	778	528	290	0	16	1219	98	349	100,0,0,0,0,0	12034	297	42	53879	1891	0	90499,90439,88313,42325,42325,42325,42325	0	1	27156,27539,0,0,0,0,0	21	70625
175345	60	133	133	35	51	12	7	3	1697	490	780	530	88	0	12	1301	97	334	100,0,0,0,0,0	20683	342	32	53909	1893	0	91030,90987,88853,42440,42440,42440,42440	0	2	27156,27570,0,0,0,0,0	20	70863
175454	47	129	127	31	51	9	6	2	1616	491	783	551	316	2	21	1241	107	293	100,0,0,0,0,0	20922	328	20	53928	1894	0	91166,91132,88991,42329,42329,42329,42329	0	2	27156,27589,0,0,0,0,0	16	71093
175533	38	108	135	30	52	9	6	2	1553	491	789	552	265	1	9	1409	94	284	100,0,0,0,0,0	12222	311	25	53952	1895	0	91323,91299,89151,42236,42236,42236,42236	0	0	27156,27613,0,0,0,0,0	15	71320
175631	41	99	130	25	37	8	6	2	1486	491	790	559	136	0	12	1577	77	269	100,0,0,0,0,0	12367	361	28	53976	1900	0	91466,91453,89298,42128,42128,42128,42128	0	2	27156,27640,0,0,0,0,0	13	71577
175715	35	101	112	27	32	7	5	3	1421	491	797	556	96	0	8	1539	70	249	100,0,0,0,0,0	12526	310	30	54003	1903	0	91607,91605,89443,42024,42024,42024,42024	0	1	27156,27669,0,0,0,0,0	12	71801
175784	44	100	104	27	26	7	5	3	1351	491	804	584	227	0	9	1281	65	248	100,0,0,0,0,0	11999	327	35	54035	1906	0	91778,91786,89618,41946,41946,41946,41946	0	1	27156,27704,0,0,0,0,0	12	72020
175859	43	89	100	28	24	7	5	3	1289	491	808	573	264	0	8	1275	57	239	100,0,0,0,0,0	12201	340	24	54057	1908	0	91920,91936,89764,41854,41854,41854,41854	0	2	27156,27726,0,0,0,0,0	11	72254
175932	38	86	89	29	21	7	4	3	1236	491	810	541	104	2	7	1248	54	220	100,0,0,0,0,0	20689	297	20	54073	1912	0	92074,92098,89922,41770,41770,41770,41770	0	1	27156,27745,0,0,0,0,0	11	72474
176003	38	81	88	25	21	5	3	3	1174	491	814	539	248	0	4	1188	47	214	100,0,0,0,0,0	20441	157	23	54093	1915	0	92294,92327,90147,41723,41723,41723,41723	0	1	27156,27766,0,0,0,0,0	8	72580
176070	32	79	84	24	23	3	3	3	1116	491	818	511	90	0	7	1063	43	205	100,0,0,0,0,0	12136	184	17	54110	1915	0	92512,92553,90372,41678,41678,41678,41678	0	1	27156,27783,0,0,0,0,0	6	72710
176152	22	82	80	16	23	2	3	2	1054	491	819	510	151	0	5	1028	37	191	100,0,0,0,0,0	11907	187	14	54122	1917	0	92745,92796,90611,41634,41634,41634,41634	0	2	27156,27796,0,0,0,0,0	6	72838
176209	24	81	70	16	21	4	2	3	1003	491	822	506	5138	8	7	805	39	179	100,0,0,0,0,0	11741	179	24	54144	1919	0	92969,93027,90841,41591,41591,41591,41591	0	3	27156,27819,0,0,0,0,0	7	72966
176275	29	72	59	16	17	4	2	3	952	491	826	523	2601	1	5	622	42	157	100,0,0,0,0,0	11633	152	19	54161	1921	0	93176,93241,91053,41538,41538,41538,41538	0	0	27156,27838,0,0,0,0,0	9	73069
176324	22	69	70	13	18	4	1	3	899	492	831	572	1627	0	3	516	37	160	100,0,0,0,0,0	11391	174	15	54174	1923	0	93385,93455,91267,41494,41494,41494,41494	0	3	27156,27852,0,0,0,0,0	7	73185
176376	21	61	67	12	20	5	1	2	855	492	834	576	902	3	6	520	36	151	100,0,0,0,0,0	20136	174	14	54187	1924	0	93584,93660,91472,41450,41450,41450,41450	0	2	27156,27866,0,0,0,0,0	8	73302
176435	21	53	57	10	21	4	0	1	812	493	839	601	499	3	7	571	45	121	100,0,0,0,0,0	20247	158	10	54197	1924	0	93819,93902,91715,41430,41430,41430,41430	0	0	27156,27876,0,0,0,0,0	7	73405
176484	25	52	54	11	20	3	0	1	761	493	842	595	2814	2	5	609	49	116	100,0,0,0,0,0	22216	183	19	54215	1925	0	94072,94161,91975,41410,41410,41410,41410	0	0	27156,27895,0,0,0,0,0	4	73538
176532	21	44	49	12	16	4	0	1	732	493	842	593	2780	0	4	661	47	99	100,0,0,0,0,0	22338	167	8	54223	1925	0	94317,94412,92227,41382,41382,41382,41382	0	0	27156,27903,0,0,0,0,0	2	73655
176581	16	41	44	12	11	5	0	0	699	493	844	582	2195	2	4	539	40	89	100,0,0,0,0,0	22198	180	5	54228	1925	0	94562,94662,92480,41357,41357,41357,41357	0	0	27156,27908,0,0,0,0,0	4	73782
176617	14	42	45	12	9	5	0	0	657	493	852	578	1378	0	1	523	38	89	100,0,0,0,0,0	22054	160	10	54237	1926	0	94790,94894,92715,41332,41332,41332,41332	0	0	27156,27917,0,0,0,0,0	5	73893
176669	13	37	37	15	10	4	0	0	614	493	854	582	992	0	1	487	35	81	100,0,0,0,0,0	21852	180	7	54244	1926	0	95015,95126,92949,41303,41303,41303,41303	0	1	27156,27924,0,0,0,0,0	4	74017
176698	10	39	35	10	12	4	0	0	589	493	856	580	2017	0	3	447	33	77	100,0,0,0,0,0	19930	164	11	54255	1926	0	95244,95359,93184,41287,41287,41287,41287	0	0	27156,27935,0,0,0,0,0	4	74130
176732	10	32	33	10	11	4	0	0	559	493	862	614	2451	0	3	472	30	70	100,0,0,0,0,0	19890	187	6	54261	1926	0	95260,95379,93203,41128,41128,41128,41128	0	0	27156,27941,0,0,0,0,0	4	74252
176762	13	26	32	9	13	4	0	0	531	493	863	613	2151	0	2	462	30	67	100,0,0,0,0,0	21828	181	8	54268	1927	0	95292,95413,93236,40970,40970,40970,40970	0	0	27156,27948,0,0,0,0,0	4	74372
176790	14	14	32	13	12	3	0	0	509	493	866	615	1768	0	3	380	28	60	100,0,0,0,0,0	22005	185	3	54270	1928	0	95307,95432,93254,40804,40804,40804,40804	0	0	27156,27951,0,0,0,0,0	3	74489
176820	15	16	23	12	9	3	0	0	486	493	869	610	1483	0	3	323	20	58	100,0,0,0,0,0	21990	174	8	54276	1930	0	95328,95455,93277,40645,40645,40645,40645	0	1	27156,27959,0,0,0,0,0	3	74602
176858	8	19	16	12	6	3	0	0	461	493	870	633	1569	1	2	218	15	49	100,0,0,0,0,0	21819	173	1	54277	1930	0	95345,95476,93297,40480,40480,40480,40480	0	0	27156,27960,0,0,0,0,0	3	74726
176895	6	17	18	10	5	3	0	0	425	493	874	644	2092	0	3	178	16	43	100,0,0,0,0,0	21850	159	2	54279	1930	0	95354,95489,93308,40309,40309,40309,40309	0	0	27156,27962,0,0,0,0,0	3	74826
176925	8	13	17	9	5	3	0	0	396	493	877	641	2244	0	2	214	15	40	100,0,0,0,0,0	19739	188	6	54285	1930	0	95378,95517,93335,40159,40159,40159,40159	0	0	27156,27968,0,0,0,0,0	3	74937
176959	7	9	19	6	3	2	0	0	369	493	879	628	1910	0	2	217	11	35	100,0,0,0,0,0	19862	116	1	54286	1930	0	95397,95538,93355,39999,39999,39999,39999	0	0	27156,27969,0,0,0,0,0	2	75005
176992	3	10	19	7	3	2	0	0	337	493	880	626	1678	0	1	222	9	35	100,0,0,0,0,0	21884	88	2	54287	1931	0	95409,95552,93369,39829,39829,39829,39829	0	0	27156,27971,0,0,0,0,0	2	75054
177014	1	12	18	6	2	2	0	0	314	493	884	634	1683	0	2	123	11	30	100,0,0,0,0,0	21658	110	2	54289	1931	0	95432,95578,93394,39670,39670,39670,39670	0	0	27156,27973,0,0,0,0,0	2	75120
177037	2	9	17	5	2	1	0	0	291	493	889	644	1800	0	1	139	8	28	100,0,0,0,0,0	21946	123	3	54292	1931	0	95442,95590,93406,39502,39502,39502,39502	0	0	27156,27976,0,0,0,0,0	1	75203
177054	3	9	15	3	2	1	0	0	271	493	895	637	1893	0	1	136	7	26	100,0,0,0,0,0	21645	96	3	54295	1931	0	95458,95608,93424,39345,39345,39345,39345	0	0	27156,27979,0,0,0,0,0	1	75267
177069	2	12	11	2	1	1	0	0	259	493	896	637	1892	0	0	121	5	24	100,0,0,0,0,0	21822	98	2	54297	1931	0	95469,95620,93438,39188,39188,39188,39188	0	0	27156,27981,0,0,0,0,0	1	75331
177090	3	9	11	1	3	0	0	0	238	493	898	618	1842	0	0	104	2	25	100,0,0,0,0,0	19705	110	2	54299	1931	0	95482,95635,93452,39028,39028,39028,39028	0	0	27156,27983,0,0,0,0,0	0	75405
177110	3	4	16	1	2	0	0	0	215	493	902	614	1664	1	1	100	5	21	100,0,0,0,0,0	19737	76	2	54301	1931	0	95430,95585,93401,38832,38832,38832,38832	0	0	27156,27985,0,0,0,0,0	0	75444
177124	3	3	11	2	1	0	0	0	205	493	904	613	1776	0	0	51	6	14	100,0,0,0,0,0	21603	94	1	54302	1931	0	95376,95532,93349,38633,38633,38633,38633	0	0	27156,27986,0,0,0,0,0	0	75501
177140	2	4	6	1	1	0	0	0	192	493	907	615	1870	0	1	75	4	10	100,0,0,0,0,0	21867	82	0	54302	1931	0	95327,95484,93301,38433,38433,38433,38433	0	0	27156,27986,0,0,0,0,0	0	75551
177156	1	3	6	1	1	0	0	0	175	493	910	651	1883	0	0	69	3	9	100,0,0,0,0,0	21969	99	0	54302	1931	0	95283,95442,93258,38236,38236,38236,38236	0	0	27156,27986,0,0,0,0,0	0	75623
177170	1	2	5	2	1	0	0	0	161	493	911	650	1850	0	0	65	3	8	100,0,0,0,0,0	21686	85	1	54303	1931	0	95226,95385,93201,38033,38033,38033,38033	0	0	27156,27987,0,0,0,0,0	0	75672
177184	1	2	6	2	1	0	0	0	143	493	914	665	1788	0	1	39	4	8	100,0,0,0,0,0	21669	90	1	54304	1931	0	95173,95333,93150,37836,37836,37836,37836	0	0	27156,27988,0,0,0,0,0	0	75736
177195	0	3	7	2	0	0	0	0	128	493	918	663	1781	0	0	39	3	9	100,0,0,0,0,0	19417	87	1	54305	1931	0	95131,95291,93108,37650,37650,37650,37650	0	0	27156,27989,0,0,0,0,0	0	75785
177206	0	1	7	2	0	0	0	0	115	493	922	662	1826	0	0	37	3	7	100,0,0,0,0,0	19603	70	0	54305	1931	0	95065,95227,93044,37453,37453,37453,37453	0	0	27156,27989,0,0,0,0,0	0	75831
177213	0	1	6	1	0	0	0	0	103	493	929	649	1845	0	0	37	2	6	100,0,0,0,0,0	21725	81	0	54305	1931	0	95017,95179,92996,37260,37260,37260,37260	0	0	27156,27989,0,0,0,0,0	0	75887
177222	0	1	6	0	0	0	0	0	90	493	934	633	1786	0	0	37	1	6	100,0,0,0,0,0	21466	72	0	54305	1931	0	94957,95120,92937,37059,37059,37059,37059	0	0	27156,27989,0,0,0,0,0	0	75932
177223	0	1	6	0	0	0	0	0	82	493	941	634	1849	0	0	32	0	7	100,0,0,0,0,0	21624	66	0	54305	1931	0	94912,95075,92893,36870,36870,36870,36870	0	0	27156,27989,0,0,0,0,0	0	75972
177226	0	0	5	0	0	0	0	0	76	493	946	621	1794	0	0	4	0	5	100,0,0,0,0,0	21787	68	0	54305	1931	0	94850,95014,92833,36674,36674,36674,36674	0	0	27156,27989,0,0,0,0,0	0	76015
177230	0	0	5	0	0	0	0	0	68	493	950	661	1805	0	0	2	0	5	100,0,0,0,0,0	21574	89	0	54305	1931	0	94801,94965,92785,36485,36485,36485,36485	0	0	27156,27989,0,0,0,0,0	0	76071
177239	0	0	3	0	0	0	0	0	57	493	954	662	1837	0	0	2	0	3	100,0,0,0,0,0	19572	82	0	54305	1931	0	94744,94908,92729,36294,36294,36294,36294	0	0	27156,27989,0,0,0,0,0	0	76117
177233	0	0	1	0	0	0	0	0	57	493	962	656	1843	0	0	2	0	1	100,0,0,0,0,0	19576	85	0	54305	1931	0	94692,94856,92678,36120,36120,36120,36120	0	0	27156,27989,0,0,0,0,0	0	76168
177232	1	0	1	0	0	0	0	0	51	493	968	662	1872	1	0	0	0	2	100,0,0,0,0,0	21600	65	1	54306	1931	0	94639,94802,92626,35938,35938,35938,35938	0	1	27156,27990,0,0,0,0,0	0	76198
177234	1	0	1	0	0	0	0	0	46	493	971	655	1770	0	0	2	1	1	100,0,0,0,0,0	21687	75	0	54306	1931	0	94577,94739,92565,35751,35751,35751,35751	0	0	27156,27990,0,0,0,0,0	0	76239
177230	1	0	1	0	0	0	0	0	41	493	980	641	1785	0	0	2	1	1	100,0,0,0,0,0	21612	66	0	54306	1931	0	94514,94676,92503,35566,35566,35566,35566	0	0	27156,27990,0,0,0,0,0	0	76280
177231	0	1	0	0	0	0	0	0	36	493	985	611	1852	0	0	2	1	0	100,0,0,0,0,0	21646	81	0	54306	1931	0	94453,94616,92444,35380,35380,35380,35380	0	0	27156,27990,0,0,0,0,0	0	76328
177233	0	1	0	0	0	0	0	0	33	493	986	626	1789	0	0	2	1	0	100,0,0,0,0,0	21564	71	0	54306	1931	0	94390,94553,92382,35195,35195,35195,35195	0	0	27156,27990,0,0,0,0,0	0	76365
177230	0	1	0	0	0	0	0	0	33	493	989	631	1860	0	0	2	1	0	100,0,0,0,0,0	19562	73	0	54306	1931	0	94336,94498,92329,35025,35025,35025,35025	0	0	27156,27990,0,0,0,0,0	0	76402
177232	0	1	0	0	0	0	0	0	29	493	991	604	1732	0	0	2	1	0	100,0,0,0,0,0	19637	68	0	54306	1931	0	94260,94422,92255,34845,34845,34845,34845	0	0	27156,27990,0,0,0,0,0	0	76438
177232	0	1	0	0	0	0	0	0	28	493	992	647	1805	0	0	2	1	0	100,0,0,0,0,0	21704	91	0	54306	1931	0	94165,94328,92161,34651,34651,34651,34651	0	0	27156,27990,0,0,0,0,0	0	76491
177230	0	1	0	0	0	0	0	0	27	493	995	625	1862	0	0	2	1	0	100,0,0,0,0,0	21548	67	0	54306	1931	0	94081,94243,92078,34464,34464,34464,34464	0	0	27156,27990,0,0,0,0,0	0	76531
177230	0	1	0	0	0	0	0	0	25	493	997	600	1755	0	0	2	1	0	100,0,0,0,0,0	21643	77	0	54306	1931	0	94002,94163,91999,34278,34278,34278,34278	0	0	27156,27990,0,0,0,0,0	0	76568
177228	0	1	0	0	0	0	0	0	24	493	1000	589	1815	0	0	2	1	0	100,0,0,0,0,0	21412	87	0	54306	1931	0	93920,94081,91918,34091,34091,34091,34091	0	0	27156,27990,0,0,0,0,0	0	76619
177226	0	0	0	1	0	0	0	0	21	493	1005	602	1834	0	0	1	1	0	100,0,0,0,0,0	21692	68	0	54306	1931	0	93835,93996,91833,33905,33905,33905,33905	0	0	27156,27990,0,0,0,0,0	0	76655
177224	0	0	0	1	0	0	0	0	19	493	1009	570	1731	0	0	1	1	0	100,0,0,0,0,0	19638	79	0	54306	1931	0	93758,93918,91757,33727,33727,33727,33727	0	0	27156,27990,0,0,0,0,0	0	76702
177224	0	0	0	0	0	0	0	0	18	493	1011	576	1830	0	0	2	0	0	0,0,0,0,0,0	19401	86	0	54306	1931	0	93665,93825,91665,33553,33553,33553,33553	0	0	27156,27990,0,0,0,0,0	0	76750
177221	0	0	0	0	0	0	0	0	16	493	1016	556	1785	0	0	2	0	0	0,0,0,0,0,0	21593	65	0	54306	1931	0	93583,93743,91583,33381,33381,33381,33381	0	0	27156,27990,0,0,0,0,0	0	76784
177220	0	0	0	0	0	0	0	0	15	493	1018	583	1778	0	0	2	0	0	0,0,0,0,0,0	21528	200	0	54306	1931	141	93489,93649,91491,33200,33200,33200,33200	0	0	27156,27990,0,0,0,0,0	0	76822
177220	0	0	0	0	0	0	0	0	10	493	1023	574	1877	0	0	2	0	0	0,0,0,0,0,0	21583	178	0	54306	1931	254	93440,93599,91442,33097,33097,33097,33097	0	0	27156,27990,0,0,0,0,0	0	76854
177216	0	0	0	0	0	0	0	0	9	493	1028	570	1792	0	0	2	0	0	0,0,0,0,0,0	21713	206	0	54306	1931	385	93379,93539,91383,32981,32981,32981,32981	0	0	27156,27990,0,0,0,0,0	0	76899
177217	0	0	0	0	0	0	0	0	6	493	1030	577	1821	0	0	2	0	0	0,0,0,0,0,0	21442	179	0	54306	1931	506	93321,93481,91325,32866,32866,32866,32866	0	0	27156,27990,0,0,0,0,0	0	76933
177213	0	0	0	0	0	0	0	0	5	493	1035	569	1715	0	0	2	0	0	0,0,0,0,0,0	19300	213	0	54306	1931	654	93269,93427,91273,32762,32762,32762,32762	0	0	27156,27990,0,0,0,0,0	0	76971
177208	0	0	0	0	0	0	0	0	5	493	1040	585	1768	0	0	2	0	0	0,0,0,0,0,0	19593	201	0	54306	1931	789	93220,93378,91226,32676,32676,32676,32676	0	0	27156,27990,0,0,0,0,0	0	77012
177207	0	0	0	0	0	0	0	0	5	493	1041	607	1874	0	0	0	0	0	0,0,0,0,0,0	21531	178	0	54306	1931	905	93160,93317,91166,32571,32571,32571,32571	0	0	27156,27990,0,0,0,0,0	0	77046
177203	0	0	0	0	0	0	0	0	5	493	1045	593	1836	0	0	0	0	0	0,0,0,0,0,0	21394	269	0	54306	1931	1110	93091,93248,91098,32455,32455,32455,32455	0	0	27156,27990,0,0,0,0,0	0	77092
177201	0	0	0	0	0	0	0	0	5	493	1047	649	1795	0	0	0	0	0	0,0,0,0,0,0	21445	251	0	54306	1931	1302	93040,93197,91049,32383,32383,32383,32383	0	0	27156,27990,0,0,0,0,0	0	77124
177196	0	0	0	0	0	0	0	0	5	493	1052	627	1782	0	0	0	0	0	0,0,0,0,0,0	21676	276	0	54306	1931	1504	92994,93151,91004,32312,32312,32312,32312	0	0	27156,27990,0,0,0,0,0	0	77155
177190	0	0	0	0	0	0	0	0	5	493	1058	633	1807	0	0	0	0	0	0,0,0,0,0,0	21692	290	0	54306	1931	1703	92953,93108,90963,32249,32249,32249,32249	0	0	27156,27990,0,0,0,0,0	0	77205
177189	0	0	0	0	0	0	0	0	5	493	1059	589	1832	0	0	0	0	0	0,0,0,0,0,0	19455	276	0	54306	1931	1894	92912,93068,90924,32189,32189,32189,32189	0	0	27156,27990,0,0,0,0,0	0	77253
177187	0	0	0	0	0	0	0	0	4	493	1062	599	1836	0	0	0	0	0	0,0,0,0,0,0	19399	288	0	54306	1931	2113	92873,93028,90886,32138,32138,32138,32138	0	0	27156,27990,0,0,0,0,0	0	77286
177187	0	0	0	0	0	0	0	0	4	493	1062	614	1768	0	0	0	0	0	0,0,0,0,0,0	21426	273	0	54306	1931	2314	92825,92979,90838,32088,32088,32088,32088	0	0	27156,27990,0,0,0,0,0	0	77320
177184	0	0	0	0	0	0	0	0	4	493	1065	628	1831	0	0	0	0	0	0,0,0,0,0,0	21543	238	0	54306	1931	2490	92782,92935,90796,32034,32034,32034,32034	0	0	27156,27990,0,0,0,0,0	0	77352
177178	0	0	0	0	0	0	0	0	4	493	1071	610	1820	0	0	0	0	0	0,0,0,0,0,0	21483	226	0	54306	1931	2666	92728,92880,90743,31963,31963,31963,31963	0	0	27156,27990,0,0,0,0,0	0	77378
177177	0	0	0	0	0	0	0	0	2	493	1074	591	1825	0	0	0	0	0	0,0,0,0,0,0	21647	242	0	54306	1931	2831	92675,92827,90691,31895,31895,31895,31895	0	0	27156,27990,0,0,0,0,0	0	77422
177175	0	0	0	0	0	0	0	0	2	493	1076	618	1863	0	0	0	0	0	0,0,0,0,0,0	21547	196	0	54306	1931	2960	92624,92776,90641,31823,31823,31823,31823	0	0	27156,27990,0,0,0,0,0	0	77452
177174	0	0	0	0	0	0	0	0	2	493	1077	630	1810	0	0	0	0	0	0,0,0,0,0,0	19366	223	0	54306	1931	3130	92569,92720,90587,31741,31741,31741,31741	0	0	27156,27990,0,0,0,0,0	0	77477
177172	0	0	0	0	0	0	0	0	2	493	1079	628	1812	0	0	0	0	0	0,0,0,0,0,0	19562	249	0	54306	1931	3281	92517,92668,90536,31690,31690,31690,31690	0	0	27156,27990,0,0,0,0,0	0	77532
177170	0	0	0	0	0	0	0	0	2	493	1081	644	1818	0	0	0	0	0	0,0,0,0,0,0	21849	252	0	54306	1931	3446	92464,92613,90483,31627,31627,31627,31627	0	0	27156,27990,0,0,0,0,0	0	77580
177165	0	0	0	0	0	0	0	0	2	493	1086	638	1851	0	0	0	0	0	0,0,0,0,0,0	21639	357	0	54306	1931	3718	92406,92554,90426,31563,31563,31563,31563	0	0	27156,27990,0,0,0,0,0	0	77628
177164	0	0	0	0	0	0	0	0	2	493	1087	631	1844	0	0	0	0	0	0,0,0,0,0,0	21723	372	0	54306	1931	3999	92370,92518,90392,31552,31552,31552,31552	0	0	27156,27990,0,0,0,0,0	0	77683
177160	0	0	0	0	0	0	0	0	2	493	1091	633	1768	0	0	0	0	0	0,0,0,0,0,0	21755	378	0	54306	1931	4292	92350,92498,90373,31555,31555,31555,31555	0	0	27156,27990,0,0,0,0,0	0	77734
177158	0	0	0	0	0	0	0	0	1	493	1094	642	1836	0	0	0	0	0	0,0,0,0,0,0	21530	369	0	54306	1931	4578	92321,92468,90346,31551,31551,31551,31551	0	0	27156,27990,0,0,0,0,0	0	77777
177118	14	23	0	0	0	0	0	0	1	493	1097	661	1827	0	0	0	0	37	0,100,0,0,0,0	19593	384	0	54340	1934	4873	92331,92477,90357,31596,31596,31596,31596	0	0	27156,27990,37,0,0,0,0	0	77815
177069	39	35	5	1	1	0	0	0	1	493	1102	666	1793	1	0	0	0	81	0,100,0,0,0,0	19278	467	7	54377	1941	5136	92351,92496,90378,31670,31670,31670,31670	0	0	27156,27990,81,0,0,0,0	0	77912
177023	54	53	9	1	3	0	0	0	1	493	1109	647	1781	0	1	4	2	118	0,100,0,0,0,0	21743	457	8	54412	1945	5397	92355,92499,90384,31716,31716,31716,31716	0	0	27156,27990,120,0,0,0,0	0	78013
176983	56	69	21	2	5	1	0	0	3	493	1113	677	1993	2	2	7	4	150	0,100,0,0,0,0	10170	473	11	54441	1952	5682	92347,92491,90377,31751,31751,31751,31751	0	1	27156,27990,156,0,0,0,0	0	78102
176943	58	81	31	5	9	1	0	0	7	493	1118	692	1946	1	2	15	7	178	0,100,0,0,0,0	10211	490	12	54471	1958	5972	92349,92493,90381,31800,31800,31800,31800	0	0	27156,27990,192,0,0,0,0	2	78190
176873	72	107	46	8	11	1	0	0	14	493	1121	706	1832	2	2	77	8	237	0,100,0,0,0,0	10165	526	21	54535	1961	6296	92385,92529,90418,31885,31885,31885,31885	0	0	27156,27990,259,0,0,0,0	1	78281
176826	67	119	61	13	10	1	0	0	28	493	1128	705	1949	1	5	136	12	259	0,100,0,0,0,0	10383	493	41	54571	1966	6600	92399,92542,90434,31952,31952,31952,31952	0	0	27156,27990,300,0,0,0,0	1	78360
176797	57	120	74	15	15	1	0	0	41	493	1133	721	1910	1	4	255	17	265	0,100,0,0,0,0	19956	477	24	54593	1969	6879	92408,92552,90445,32011,32011,32011,32011	0	1	27156,27990,325,0,0,0,0	1	78454
176753	53	135	76	15	19	1	0	0	63	493	1138	760	1860	1	4	298	25	274	0,100,0,0,0,0	19608	355	42	54630	1974	7139	92445,92588,90484,32091,32091,32091,32091	0	2	27156,27990,367,0,0,0,0	2	78489
176708	60	130	88	19	22	1	0	0	80	493	1145	761	1871	2	8	386	35	285	0,100,0,0,0,0	10711	387	46	54672	1978	7422	92472,92614,90512,32161,32161,32161,32161	0	3	27156,27990,413,0,0,0,0	2	78533
176665	65	131	104	17	21	0	1	0	101	493	1148	736	1901	2	6	455	38	301	0,100,0,0,0,0	10539	388	46	54716	1981	7714	92508,92649,90550,32233,32233,32233,32233	0	1	27156,27990,459,0,0,0,0	1	78560
176620	78	133	110	18	18	0	1	0	126	493	1149	729	1821	1	6	472	45	313	0,100,0,0,0,0	10755	372	49	54758	1989	7991	92543,92684,90586,32313,32313,32313,32313	0	1	27156,27990,509,0,0,0,0	2	78595
176571	75	147	120	16	15	1	1	0	154	493	1153	738	1831	2	5	509	50	325	0,100,0,0,0,0	10716	369	49	54801	1995	8276	92586,92726,90631,32400,32400,32400,32400	0	1	27156,27990,558,0,0,0,0	1	78621
176500	86	166	119	17	18	1	1	0	181	493	1164	730	1925	2	5	549	50	358	0,100,0,0,0,0	10754	373	71	54868	2000	8559	92648,92786,90695,32512,32512,32512,32512	0	2	27156,27990,630,0,0,0,0	2	78640
176465	83	164	127	19	24	1	1	0	200	493	1169	713	1825	1	10	547	59	360	0,100,0,0,0,0	20235	345	43	54907	2004	8815	92686,92825,90737,32584,32584,32584,32584	0	1	27156,27990,673,0,0,0,0	4	78668
176410	75	184	124	25	22	1	1	0	234	493	1177	725	1961	6	7	694	63	369	0,100,0,0,0,0	20173	354	55	54960	2006	9112	92705,92842,90757,32669,32669,32669,32669	0	2	27156,27990,728,0,0,0,0	3	78663
176351	80	185	135	19	32	1	1	0	268	493	1181	739	2032	1	8	761	69	384	0,100,0,0,0,0	11048	320	66	55022	2010	9382	92749,92886,90804,32778,32778,32778,32778	0	4	27156,27990,793,0,0,0,0	3	78669
176294	85	181	141	20	33	2	1	0	306	493	1190	755	2050	2	9	819	70	393	0,100,0,0,0,0	11002	314	59	55076	2016	9639	92764,92902,90822,32853,32853,32853,32853	0	3	27156,27990,853,0,0,0,0	4	78675
176237	104	197	141	22	34	2	1	0	323	493	1192	757	1908	4	14	932	88	413	0,100,0,0,0,0	11063	321	78	55146	2024	9903	92791,92928,90852,32934,32934,32934,32934	0	0	27156,27990,931,0,0,0,0	5	78685
176181	107	201	154	23	39	2	0	0	351	494	1194	750	1781	2	5	950	89	437	0,100,0,0,0,0	11269	319	71	55208	2033	10166	92819,92956,90884,33010,33010,33010,33010	0	1	27156,27990,1001,0,0,0,0	3	78699
176109	114	218	173	25	40	2	1	0	367	494	1203	771	1967	3	12	963	95	478	0,100,0,0,0,0	11127	318	86	55286	2042	10430	92856,92992,90924,33107,33107,33107,33107	0	4	27156,27990,1088,0,0,0,0	4	78695
176041	116	224	171	29	48	2	1	0	410	494	1210	748	2003	4	9	979	98	493	0,100,0,0,0,0	20568	284	79	55359	2050	10659	92891,93026,90962,33203,33203,33203,33203	0	5	27156,27990,1168,0,0,0,0	6	78694
175994	114	235	170	36	43	1	2	0	441	494	1216	738	1823	2	14	1007	102	499	0,100,0,0,0,0	20332	313	67	55420	2057	10927	92913,93048,90988,33287,33287,33287,33287	0	5	27156,27990,1236,0,0,0,0	7	78692
175914	114	245	182	36	39	1	2	0	494	494	1225	758	1932	5	15	1134	107	512	0,100,0,0,0,0	11206	302	88	55503	2062	11180	92959,93093,91037,33410,33410,33410,33410	0	5	27156,27990,1323,0,0,0,0	7	78698
175851	135	250	187	38	45	5	1	1	507	494	1232	728	1836	5	13	1041	117	544	0,100,0,0,0,0	11393	293	100	55598	2068	11423	93000,93133,91082,33516,33516,33516,33516	0	4	27156,27990,1423,0,0,0,0	4	78686
175761	158	277	182	44	40	4	1	1	545	494	1239	745	1973	4	16	996	132	574	0,100,0,0,0,0	11299	351	116	55703	2079	11726	93066,93199,91153,33647,33647,33647,33647	0	4	27156,27990,1538,0,0,0,0	9	78688
175675	166	294	201	54	38	4	3	1	573	495	1242	738	1854	9	13	1031	133	627	0,100,0,0,0,0	11248	312	109	55804	2089	11988	93132,93265,91223,33794,33794,33794,33794	0	5	27156,27990,1649,0,0,0,0	8	78680
175582	149	338	223	56	32	5	2	2	612	495	1250	735	1930	4	14	1162	135	670	0,100,0,0,0,0	11232	284	121	55912	2102	12224	93194,93326,91289,33933,33933,33933,33933	0	3	27156,27990,1770,0,0,0,0	10	78659
175501	154	350	239	55	37	6	2	2	644	496	1260	749	2049	8	13	1369	140	703	0,100,0,0,0,0	20704	277	109	56014	2110	12459	93245,93377,91345,34054,34054,34054,34054	0	3	27156,27990,1880,0,0,0,0	16	78639
175420	178	343	248	61	35	6	4	2	690	496	1263	748	1945	7	16	1470	162	713	0,100,0,0,0,0	21004	285	107	56113	2118	12715	93326,93456,91431,34205,34205,34205,34205	0	6	27156,27990,1987,0,0,0,0	26	78618
175321	195	365	255	55	46	5	2	3	738	497	1264	743	1809	6	16	1611	153	770	0,100,0,0,0,0	11887	321	138	56236	2135	12992	93426,93553,91536,34381,34381,34381,34381	0	12	27156,27990,2127,0,0,0,0	23	78597
175239	191	366	287	47	56	4	1	3	786	498	1268	786	1931	5	19	1793	156	796	0,100,0,0,0,0	11917	269	125	56353	2146	13224	93527,93652,91643,34557,34557,34557,34557	0	3	27156,27990,2254,0,0,0,0	23	78577
175110	223	400	290	44	60	6	2	3	838	498	1272	725	1883	8	19	1830	178	847	0,100,0,0,0,0	12197	285	168	56500	2167	13470	93636,93759,91758,34744,34744,34744,34744	0	7	27156,27990,2421,0,0,0,0	22	78542
174992	238	424	314	56	60	4	4	3	876	498	1277	732	2072	9	20	1912	187	913	0,100,0,0,0,0	12191	287	160	56647	2180	13701	93753,93873,91880,34931,34931,34931,34931	0	9	27156,27990,2581,0,0,0,0	22	78518
174862	238	493	331	62	58	1	5	3	915	498	1280	749	2188	14	20	2038	204	984	0,100,0,0,0,0	12208	250	179	56812	2197	13906	93879,93997,92013,35130,35130,35130,35130	0	9	27156,27990,2762,0,0,0,0	18	78495
174759	231	490	388	59	69	1	5	2	960	498	1284	732	1908	6	24	1945	206	1037	0,100,0,0,0,0	21373	301	160	56963	2207	14148	93990,94106,92131,35299,35299,35299,35299	0	8	27156,27990,2921,0,0,0,0	26	78470
174644	235	491	408	69	75	1	5	2	1029	498	1289	738	1788	8	22	1959	213	1071	0,100,0,0,0,0	21307	284	159	57114	2217	14391	94078,94193,92225,35476,35476,35476,35476	0	11	27156,27990,3082,0,0,0,0	23	78430
174483	271	516	416	76	91	1	5	2	1095	498	1292	727	1991	11	28	1759	232	1144	0,100,0,0,0,0	12104	245	220	57316	2236	14596	94214,94328,92368,35700,35700,35700,35700	0	13	27156,27990,3301,0,0,0,0	25	78372
174331	304	550	424	77	86	3	7	2	1167	498	1297	728	2007	15	26	1886	239	1212	0,100,0,0,0,0	12170	303	207	57501	2260	14863	94322,94437,92483,35887,35887,35887,35887	1	8	27156,27990,3508,0,0,0,0	22	78324
174166	341	589	454	73	93	3	7	2	1215	498	1305	722	2043	14	30	2062	266	1294	0,100,0,0,0,0	12228	300	241	57714	2288	15123	94470,94584,92640,36134,36134,36134,36134	1	9	27156,27990,3748,0,0,0,0	25	78264
173947	406	658	487	81	97	6	7	1	1249	498	1309	706	2029	14	33	2338	312	1430	0,100,0,0,0,0	12441	276	297	57979	2321	15360	94656,94769,92834,36430,36430,36430,36430	1	6	27156,27990,4045,0,0,0,0	26	78184
173717	414	734	497	80	90	7	8	1	1386	498	1314	688	1957	13	30	2522	319	1511	0,100,0,0,0,0	12726	317	287	58237	2351	15642	94840,94952,93025,36717,36717,36717,36717	1	18	27156,27990,4331,0,0,0,0	32	78108
173544	408	771	533	78	91	7	8	1	1490	499	1316	703	2028	9	30	2664	319	1577	0,100,0,0,0,0	21949	313	247	58463	2373	15918	94998,95109,93190,36981,36981,36981,36981	1	7	27156,27990,4577,0,0,0,0	32	78023
173351	417	790	572	89	83	10	9	1	1603	499	1322	702	1890	18	22	2823	331	1639	0,100,0,0,0,0	21773	296	262	58700	2400	16177	95147,95256,93347,37260,37260,37260,37260	1	12	27156,27990,4839,0,0,0,0	34	77922
173097	439	898	613	93	95	9	8	2	1666	499	1327	686	2006	17	36	3425	353	1802	0,100,0,0,0,0	13680	327	349	59012	2439	16464	95355,95465,93566,37594,37594,37594,37594	1	15	27156,27990,5187,0,0,0,0	34	77816
172825	468	968	665	111	114	8	4	2	1747	503	1331	700	1971	14	40	3619	379	1959	0,100,0,0,0,0	13710	300	365	59340	2479	16734	95585,95695,93807,37958,37958,37958,37958	1	18	27156,27990,5554,0,0,0,0	28	77701
172553	508	1009	721	142	118	7	3	1	1847	504	1333	701	1842	17	39	3847	423	2085	0,100,0,0,0,0	13974	329	363	59667	2520	17018	95813,95924,94046,38310,38310,38310,38310	1	18	27156,27990,5920,0,0,0,0	26	77598
172231	593	1032	782	147	126	9	3	1	1975	505	1342	693	2074	16	44	4028	439	2253	0,100,0,0,0,0	14309	307	424	60028	2583	17285	96072,96183,94317,38718,38718,38718,38718	1	18	27156,27990,6344,0,0,0,0	28	77476
171913	622	1115	788	161	144	12	4	1	2135	505	1346	649	1935	27	59	4132	476	2370	0,100,0,0,0,0	14356	303	425	60390	2649	17557	96328,96439,94586,39111,39111,39111,39111	1	14	27156,27990,6769,0,0,0,0	34	77347
171609	620	1166	890	168	162	12	5	1	2261	505	1347	635	2066	16	43	3964	520	2503	0,100,0,0,0,0	23148	275	430	60779	2691	17801	96594,96707,94865,39520,39520,39520,39520	1	22	27156,27990,7199,0,0,0,0	38	77176
171330	638	1190	934	185	159	16	4	2	2432	506	1350	655	2063	25	59	3898	545	2581	0,100,0,0,0,0	23262	330	395	61141	2729	18079	96832,96944,95114,39889,39889,39889,39889	1	20	27156,27990,7596,0,0,0,0	37	77036
170946	715	1288	993	183	158	16	5	2	2578	506	1356	664	1958	22	70	4229	606	2752	0,100,0,0,0,0	14525	314	544	61614	2803	18344	97166,97278,95464,40383,40383,40383,40383	2	22	27156,27990,8142,0,0,0,0	41	76852
170601	765	1329	1048	205	170	19	9	2	2730	506	1362	669	2009	29	61	4466	647	2898	0,100,0,0,0,0	14719	343	495	62044	2873	18649	97466,97578,95780,40824,40824,40824,40824	2	35	27156,27990,8640,0,0,0,0	44	76680
170207	809	1437	1109	198	181	16	10	2	2906	506	1365	686	2018	26	60	4472	673	3087	0,100,0,0,0,0	14984	321	551	62523	2949	18927	97813,97924,96142,41326,41326,41326,41326	2	20	27156,27990,9192,0,0,0,0	46	76495
169806	848	1559	1146	204	202	16	9	2	3077	507	1370	697	2010	20	79	4814	730	3254	0,100,0,0,0,0	14831	327	574	63025	3026	19210	98171,98282,96518,41833,41833,41833,41833	2	23	27156,27990,9768,0,0,0,0	49	76300
169379	887	1642	1199	230	222	17	9	2	3279	507	1373	676	2021	38	62	5294	754	3452	0,100,0,0,0,0	15605	310	608	63547	3114	19485	98560,98672,96925,42375,42375,42375,42375	2	25	27156,27990,10372,0,0,0,0	46	76114
169029	886	1708	1243	243	230	21	12	2	3491	507	1374	661	1945	32	78	5258	782	3561	0,100,0,0,0,0	24300	303	525	64018	3175	19754	98875,98986,97254,42842,42842,42842,42842	2	32	27156,27990,10896,0,0,0,0	49	75894
168665	877	1739	1355	268	235	25	12	2	3684	508	1376	636	1981	17	73	5502	794	3717	0,100,0,0,0,0	24294	302	557	64514	3242	20022	99197,99309,97595,43327,43327,43327,43327	3	27	27156,27990,11458,0,0,0,0	51	75648
168339	860	1780	1430	278	250	24	15	2	3880	508	1380	619	1981	42	82	5927	839	3798	0,100,0,0,0,0	25952	306	551	64992	3316	20278	99523,99636,97942,43792,43792,43792,43792	3	40	27156,27990,12006,0,0,0,0	55	75444
168001	893	1811	1496	281	246	27	16	2	4078	509	1386	638	2043	40	90	6363	890	3880	0,100,0,0,0,0	26334	318	566	65495	3384	20551	99845,99957,98284,44253,44253,44253,44253	3	34	27156,27990,12574,0,0,0,0	53	75200
167627	901	1817	1563	308	272	31	17	1	4310	511	1388	626	2013	54	84	6759	916	3993	0,100,0,0,0,0	26759	301	613	66038	3458	20814	100186,100298,98647,44751,44751,44751,44751	3	32	27156,27990,13188,0,0,0,0	69	74911
167289	927	1803	1595	325	294	28	15	1	4563	513	1393	659	2033	37	97	7058	939	4048	0,100,0,0,0,0	27213	278	575	66535	3541	21057	100514,100626,98995,45220,45220,45220,45220	3	35	27156,27990,13758,0,0,0,0	75	74670
166934	931	1864	1643	314	310	29	14	1	4794	514	1398	628	1938	32	114	7363	999	4106	0,100,0,0,0,0	27354	328	606	67057	3631	21334	100843,100955,99347,45694,45694,45694,45694	4	38	27156,27990,14363,0,0,0,0	79	74411
166629	893	1884	1691	311	305	32	18	1	5065	515	1402	646	1963	39	112	7889	1018	4116	0,100,0,0,0,0	26534	314	581	67572	3703	21604	101184,101295,99711,46164,46164,46164,46164	4	33	27156,27990,14944,0,0,0,0	84	74167
166337	899	1888	1683	319	326	33	17	1	5318	519	1406	636	2006	39	91	7523	1013	4152	0,100,0,0,0,0	26719	287	598	68089	3790	21853	101520,101631,100075,46627,46627,46627,46627	4	35	27156,27990,15544,0,0,0,0	81	73918
166036	916	1833	1689	343	333	36	16	2	5609	521	1412	610	1960	36	116	7934	1066	4100	0,100,0,0,0,0	27545	326	582	68593	3868	22137	101842,101953,100421,47078,47078,47078,47078	4	33	27156,27990,16120,0,0,0,0	84	73666
165673	957	1947	1660	316	335	37	22	3	5856	521	1419	621	1909	29	98	8182	1045	4229	0,100,0,0,0,0	18615	540	717	69194	3986	22619	102254,102366,100865,47624,47624,47624,47624	4	42	27156,27990,16831,0,0,0,0	84	73416
165300	1012	1986	1698	339	323	39	27	3	6073	521	1425	604	2001	33	112	8144	1060	4364	0,100,0,0,0,0	18559	504	708	69809	4084	23077	102718,102829,101358,48261,48261,48261,48261	4	31	27156,27990,17540,0,0,0,0	83	73129
164950	1061	2036	1736	322	331	41	26	5	6286	523	1429	612	1942	50	113	8258	1042	4511	0,100,0,0,0,0	18756	494	716	70421	4191	23529	103177,103289,101848,48888,48888,48888,48888	4	35	27156,27990,18256,0,0,0,0	90	72842
164575	1109	2155	1712	323	339	41	24	5	6502	528	1433	625	2056	52	115	8040	1075	4628	0,100,0,0,0,0	18580	500	762	71071	4307	23988	103674,103785,102379,49537,49537,49537,49537	4	39	27156,27990,19015,0,0,0,0	90	72549
164298	1091	2170	1774	337	346	40	25	3	6692	532	1438	625	1955	25	103	7673	1074	4709	0,100,0,0,0,0	26432	495	660	71644	4399	24442	104093,104205,102831,50111,50111,50111,50111	4	37	27156,27990,19673,0,0,0,0	93	72251
163975	1078	2219	1846	342	367	43	29	2	6871	534	1440	646	1971	49	108	7603	1079	4845	0,100,0,0,0,0	26653	533	724	72263	4508	24903	104546,104658,103317,50720,50720,50720,50720	4	45	27156,27990,20389,0,0,0,0	98	71966
163579	1124	2266	1878	364	338	48	27	3	7136	537	1446	615	2043	53	141	7582	1112	4933	0,100,0,0,0,0	17836	527	773	72940	4609	25372	105069,105181,103873,51399,51399,51399,51399	4	43	27156,27990,21158,0,0,0,0	105	71679
163164	1169	2367	1912	371	366	48	30	2	7327	539	1451	595	1932	39	114	7874	1155	5108	0,100,0,0,0,0	18219	704	842	73665	4735	26010	105621,105736,104462,52108,52108,52108,52108	4	37	27156,27990,22000,0,0,0,0	117	71364
162752	1236	2435	1984	388	375	47	31	3	7501	540	1454	611	1982	51	142	8090	1218	5278	0,100,0,0,0,0	18490	702	872	74422	4854	26649	106243,106356,105122,52916,52916,52916,52916	4	25	27156,27990,22873,0,0,0,0	113	71018
162340	1285	2524	2034	393	388	44	26	5	7703	544	1460	600	1967	48	116	8222	1239	5455	0,100,0,0,0,0	18486	669	867	75149	4999	27256	106851,106966,105769,53712,53712,53712,53712	5	37	27156,27990,23729,0,0,0,0	114	70710
161945	1320	2589	2070	393	418	45	27	3	7928	546	1462	580	2020	46	122	8473	1295	5567	0,100,0,0,0,0	18651	685	857	75869	5141	27880	107419,107533,106376,54464,54464,54464,54464	5	41	27156,27990,24580,0,0,0,0	107	70367
161655	1287	2576	2145	405	415	43	26	3	8178	549	1464	576	1975	66	124	7945	1282	5615	0,100,0,0,0,0	26764	673	777	76534	5259	28482	107956,108069,106951,55167,55167,55167,55167	5	43	27156,27990,25348,0,0,0,0	108	70045
161367	1258	2590	2212	423	452	43	25	4	8354	553	1465	574	1970	44	143	8447	1376	5627	0,100,0,0,0,0	27013	684	801	77209	5391	29084	108503,108616,107538,55864,55864,55864,55864	5	45	27156,27990,26141,0,0,0,0	111	69733
160984	1350	2602	2266	422	435	49	26	4	8587	555	1466	582	1938	48	163	9454	1446	5704	0,100,0,0,0,0	19255	653	902	77969	5538	29676	109115,109229,108194,56639,56639,56639,56639	5	42	27156,27990,27038,0,0,0,0	97	69372
160578	1402	2670	2273	446	453	48	24	5	8817	559	1471	586	1905	41	154	9778	1509	5807	0,100,0,0,0,0	20107	871	929	78750	5689	30487	109737,109851,108859,57417,57417,57417,57417	5	38	27156,27990,27957,0,0,0,0	97	69014
160209	1374	2794	2283	447	455	52	30	4	9066	559	1473	603	2001	54	130	9991	1507	5928	0,100,0,0,0,0	20205	887	890	79500	5839	31304	110409,110521,109573,58262,58262,58262,58262	5	48	27156,27990,28845,0,0,0,0	95	68703
159843	1375	2861	2278	430	445	52	31	4	9384	563	1480	589	2044	52	147	10038	1496	5976	0,100,0,0,0,0	20321	923	874	80227	5990	32139	111062,111176,110268,59103,59103,59103,59103	5	35	27156,27990,29709,0,0,0,0	102	68390
159561	1326	2846	2359	457	436	64	31	4	9611	567	1484	575	1959	46	151	10167	1536	5983	0,100,0,0,0,0	20339	836	830	80916	6135	32899	111681,111796,110932,59878,59878,59878,59878	5	51	27156,27990,30531,0,0,0,0	111	68088
159350	1281	2856	2408	457	471	67	28	6	9766	569	1487	579	1920	54	120	9739	1531	6037	0,100,0,0,0,0	28512	919	798	81583	6267	33737	112246,112363,111544,60587,60587,60587,60587	5	48	27156,27990,31315,0,0,0,0	124	67763
159147	1274	2789	2495	472	473	65	31	6	9938	569	1487	596	2010	53	132	10068	1549	6050	0,100,0,0,0,0	28556	973	825	82263	6419	34523	112853,112972,112202,61347,61347,61347,61347	5	34	27156,27990,32136,0,0,0,0	131	67489
158811	1344	2775	2511	465	499	66	29	8	10179	572	1487	589	1881	58	150	10619	1538	6151	0,100,0,0,0,0	20605	965	942	83050	6580	35318	113517,113637,112913,62168,62168,62168,62168	5	46	27156,27990,33074,0,0,0,0	122	67177
158540	1351	2763	2535	471	498	73	33	6	10414	574	1488	620	2000	55	152	10718	1565	6159	0,100,0,0,0,0	20935	1775	886	83770	6747	36903	114157,114278,113601,62933,62933,62933,62933	6	50	27156,27990,33945,0,0,0,0	125	66927
158348	1353	2752	2549	466	492	67	38	6	10610	575	1490	598	2101	52	165	10665	1599	6118	0,100,0,0,0,0	20973	1711	863	84477	6906	38426	114972,115096,114471,63982,63982,63982,63982	6	42	27156,27990,34787,0,0,0,0	143	66643
158127	1338	2784	2552	500	461	62	33	7	10807	581	1494	559	1924	43	167	10419	1617	6113	0,100,0,0,0,0	21041	1640	885	85200	7070	39880	115802,115924,115351,65042,65042,65042,65042	6	44	27156,27990,35650,0,0,0,0	135	66368
157929	1350	2760	2571	502	467	67	34	7	10973	586	1500	552	1940	64	143	10865	1583	6168	0,100,0,0,0,0	21052	1666	856	85884	7245	41380	116585,116709,116187,66024,66024,66024,66024	6	39	27156,27990,36486,0,0,0,0	128	66103
157817	1285	2816	2520	483	466	65	39	6	11155	589	1505	519	1906	48	143	10680	1595	6079	0,100,0,0,0,0	29072	1757	775	86520	7392	42960	117308,117434,116962,66955,66955,66955,66955	6	51	27156,27990,37242,0,0,0,0	130	65824
157680	1232	2722	2587	489	477	68	41	3	11346	593	1508	507	1968	54	153	10686	1590	6026	0,99,0,0,0,0	28808	1724	740	87137	7547	44518	118096,118223,117800,67957,67957,67957,67957	6	32	27156,27990,37973,25,0,0,0	147	65569
157528	1279	2687	2580	503	470	63	37	3	11485	598	1513	524	1974	52	173	11308	1644	5975	0,99,0,0,0,0	21421	1731	836	87828	7720	46087	118904,119033,118665,68955,68955,68955,68955	6	37	27156,27990,38790,48,0,0,0	138	65284
157363	1324	2722	2529	489	450	66	40	4	11639	601	1519	526	1978	55	166	11027	1640	5980	0,98,1,0,0,0	21682	854	853	88539	7905	46793	119701,119830,119516,69934,69934,69934,69934	6	45	27156,27990,39618,90,0,0,0	137	64966
157238	1332	2741	2489	519	444	68	37	4	11744	607	1523	511	2028	49	134	10834	1586	6044	0,98,1,0,0,0	21223	885	833	89214	8089	47524	120254,120383,120125,70521,70521,70521,70521	6	44	27156,27990,40409,130,0,0,0	139	64666
157111	1349	2721	2546	488	452	66	39	3	11836	610	1525	509	1845	46	148	10589	1547	6114	0,97,2,0,0,0	21044	908	817	89895	8272	48268	120839,120971,120766,71154,71154,71154,71154	6	32	27156,27990,41175,200,0,0,0	129	64362
157014	1364	2733	2456	466	464	62	38	3	12006	615	1525	503	1948	56	152	10678	1534	6049	0,96,3,0,0,0	21172	888	812	90548	8460	48993	121387,121519,121368,71743,71743,71743,71743	6	38	27156,27990,41927,261,0,0,0	132	64060
157061	1292	2639	2510	499	462	58	34	5	12037	622	1527	524	2025	46	172	10345	1576	5918	0,96,3,0,0,0	29043	878	710	91119	8604	49707	121865,121996,121901,72215,72215,72215,72215	6	29	27156,27990,42569,317,0,0,0	123	63801
157147	1187	2601	2500	489	439	63	36	4	12125	626	1529	505	1946	51	139	10081	1524	5791	0,95,4,0,0,0	28731	830	690	91674	8744	50381	122326,122460,122419,72649,72649,72649,72649	6	45	27156,27990,43188,374,0,0,0	122	63550
157146	1151	2612	2459	481	438	65	33	3	12194	632	1532	512	1933	54	134	10727	1534	5705	0,94,5,0,0,0	21032	878	774	92259	8941	51116	122800,122937,122949,73128,73128,73128,73128	5	32	27156,27990,43861,453,0,0,0	118	63277
157098	1189	2514	2476	473	452	66	28	4	12275	637	1534	507	1935	53	124	10462	1465	5733	0,93,6,0,0,0	21032	761	814	92872	9147	51726	123326,123463,123530,73672,73671,73671,73671	5	49	27156,27990,44549,556,0,0,0	122	62996
157097	1259	2424	2473	472	423	68	26	3	12325	641	1535	512	2020	50	152	10296	1415	5730	0,92,7,0,0,0	20808	696	814	93484	9358	52283	123792,123929,124056,74131,74130,74130,74130	5	29	27156,27990,45244,665,0,0,0	119	62705
157221	1222	2440	2460	461	402	75	27	3	12254	646	1535	520	2003	52	144	10438	1397	5690	0,92,7,0,0,0	20662	746	738	94036	9550	52857	124175,124314,124500,74472,74470,74470,74470	5	40	27156,27990,45886,751,0,0,0	110	62431
157238	1206	2486	2406	449	412	75	26	5	12257	648	1538	498	1998	33	136	10470	1397	5663	0,91,8,0,0,0	20738	796	778	94616	9753	53489	124606,124744,124986,74881,74878,74878,74878	5	26	27156,27990,46522,872,0,0,0	117	62160
157286	1162	2425	2390	427	431	68	27	5	12333	650	1542	479	1990	36	133	10528	1337	5593	0,90,9,0,0,0	28601	685	679	95118	9938	54039	124996,125134,125426,75260,75256,75256,75256	5	43	27156,27990,47068,987,0,0,0	111	61912
157395	1120	2364	2386	429	426	70	28	5	12328	651	1544	516	1889	34	139	10400	1349	5474	0,89,10,0,0,0	28730	709	699	95648	10112	54612	125365,125505,125851,75582,75577,75577,75577	5	39	27156,27990,47637,1103,0,0,0	113	61647
157543	1141	2321	2313	384	407	74	27	4	12327	655	1550	499	1897	49	131	10186	1302	5365	0,88,11,0,0,0	20823	775	697	96151	10313	55225	125724,125863,126269,75894,75888,75888,75888	5	27	27156,27990,48187,1243,0,0,0	120	61406
157632	1159	2211	2308	395	390	78	28	3	12331	658	1553	497	2037	39	138	10220	1270	5299	0,87,12,0,0,0	20912	410	705	96637	10536	55478	126084,126223,126682,76226,76218,76218,76218	5	37	27156,27990,48712,1393,0,0,0	115	61164
157765	1189	2172	2238	404	387	85	28	4	12258	661	1555	500	1990	47	137	9586	1255	5248	0,86,13,0,0,0	20147	358	690	97125	10741	55748	126349,126484,127000,76392,76383,76383,76383	5	21	27156,27990,49222,1549,0,0,0	131	60912
157806	1151	2220	2224	390	356	88	30	4	12251	668	1558	525	2026	44	125	9326	1220	5239	0,84,15,0,0,0	19590	253	726	97650	10944	56001	126647,126784,127350,76634,76623,76623,76623	5	35	27156,27990,49718,1751,0,0,0	128	60614
157926	1115	2214	2175	394	375	90	29	6	12192	669	1561	505	1997	33	114	8976	1173	5219	0,82,17,0,0,0	19277	234	687	98124	11162	56235	126893,127032,127651,76796,76783,76783,76783	4	32	27156,27990,50176,1959,0,0,0	136	60346
158146	1119	2126	2174	380	349	89	29	7	12092	671	1564	472	1943	61	119	8581	1122	5144	0,80,19,0,0,0	27493	242	626	98541	11373	56477	127096,127234,127908,76897,76881,76881,76881	4	37	27156,27990,50561,2189,0,0,0	136	60103
158279	1093	2101	2139	358	351	85	24	10	12064	677	1565	463	1944	31	99	8330	1086	5065	0,78,21,0,0,0	26937	245	640	98996	11563	56722	127351,127491,128214,77077,77058,77058,77058	4	32	27156,27990,50959,2423,0,0,0	137	59832
158264	1139	2167	2110	350	347	81	25	9	12008	679	1567	482	1936	46	119	8136	1106	5113	0,76,23,0,0,0	18509	264	803	99520	11844	56986	127664,127806,128580,77355,77333,77333,77333	4	40	27156,27990,51430,2723,0,0,0	127	59525
158322	1238	2081	2085	356	347	72	19	10	11963	684	1569	474	1997	41	113	7746	1111	5087	0,73,26,0,0,0	18100	119	761	100010	12120	57105	127948,128093,128914,77606,77580,77580,77580	4	32	27156,27990,51857,3036,0,0,0	116	59234
158358	1192	2155	2067	345	333	74	19	10	11936	685	1572	491	1973	48	125	7793	1106	5079	0,71,28,0,0,0	27741	93	696	100475	12351	57198	128172,128318,129183,77778,77748,77748,77748	4	33	27156,27990,52226,3341,0,0,0	110	58951
158480	1148	2164	2083	328	352	68	22	10	11832	685	1574	480	1981	40	100	7916	1109	5056	0,68,31,0,0,0	28034	86	685	100910	12602	57284	128349,128492,129409,77878,77844,77844,77844	4	30	27156,27990,52552,3679,0,0,0	108	58676
158601	1118	2119	2117	320	329	65	24	8	11784	686	1575	511	1949	40	101	7714	1065	5027	0,65,34,0,0,0	26264	99	667	101327	12858	57383	128517,128660,129623,77979,77940,77940,77940	4	37	27156,27990,52848,4028,0,0,0	109	58419
158686	1157	2071	2113	306	324	61	25	8	11727	689	1579	489	1974	44	96	7727	1023	5034	0,63,36,0,0,0	26379	98	724	101786	13128	57481	128717,128858,129870,78141,78096,78096,78096	4	43	27156,27990,53159,4420,0,0,0	113	58137
158709	1200	2049	2083	317	308	68	27	8	11701	693	1583	463	2001	42	95	7985	1014	5038	0,60,39,0,0,0	26449	118	716	102188	13448	57599	128891,129033,130089,78295,78245,78245,78245	4	42	27156,27990,53438,4832,0,0,0	112	57888
158781	1176	2075	2083	309	300	63	26	6	11647	696	1584	459	1891	29	120	7834	997	5035	0,58,41,0,0,0	27694	108	711	102623	13725	57707	129051,129190,130291,78437,78380,78380,78380	4	29	27156,27990,53699,5260,0,0,0	104	57587
158786	1193	2074	2138	309	292	65	28	4	11573	698	1586	458	1969	46	78	7763	938	5161	0,55,44,0,0,0	27613	78	758	103070	14043	57785	129222,129358,130500,78613,78548,78548,78548	5	46	27156,27990,53952,5753,0,0,0	109	57268
158769	1228	2065	2162	317	290	62	27	5	11532	699	1590	453	1993	48	117	7785	908	5243	0,51,48,0,0,0	27416	73	785	103535	14369	57858	129398,129532,130717,78793,78721,78721,78721	5	44	27156,27990,54195,6293,0,0,0	114	56943
158635	1326	2145	2076	312	274	63	23	5	11592	705	1590	471	1916	57	106	7851	897	5322	0,48,51,0,0,0	27490	73	863	104083	14693	57931	129635,129770,130991,79081,79001,79001,79001	5	53	27156,27990,54461,6875,0,0,0	104	56585
158624	1321	2170	2127	309	286	56	24	4	11526	708	1591	479	2004	44	107	7613	915	5378	0,46,53,0,0,0	27767	82	799	104558	15021	58013	129815,129949,131210,79277,79187,79187,79187	5	53	27156,27990,54692,7429,0,0,0	103	56261
158633	1316	2201	2139	299	278	51	23	6	11495	710	1595	458	1981	57	83	6816	868	5439	0,43,56,0,0,0	26098	75	766	104990	15363	58088	129969,130103,131400,79471,79370,79370,79370	5	45	27156,27990,54873,8003,0,0,0	93	55964
158541	1329	2222	2170	295	295	53	26	6	11502	711	1596	466	1982	64	98	6460	842	5548	0,40,59,0,0,0	25282	64	848	105463	15744	58152	130163,130297,131628,79725,79614,79614,79614	5	55	27156,27990,55077,8636,0,0,0	100	55650
158228	1492	2263	2179	301	290	50	23	8	11600	713	1599	478	1910	48	116	6860	873	5725	0,37,62,0,0,0	16886	77	986	106005	16198	58229	130400,130533,131895,80087,79967,79967,79967	5	60	27156,27990,55264,9428,0,0,0	108	55279
157978	1654	2301	2206	313	292	49	22	8	11606	716	1601	472	1902	51	112	6627	888	5949	0,35,64,0,0,0	17036	308	1034	106588	16657	58537	130655,130785,132179,80466,80334,80334,80334	6	63	27156,27990,55473,10243,0,0,0	115	54884
157718	1692	2442	2253	292	306	47	20	5	11649	718	1604	470	2002	72	115	6517	907	6145	0,32,67,0,0,0	16655	234	1023	107134	17138	58771	130935,131064,132488,80929,80783,80783,80783	6	50	27156,27990,55666,11065,0,0,0	115	54509
157373	1782	2581	2363	271	301	48	18	5	11677	721	1606	486	1969	68	90	6647	939	6425	0,29,70,0,0,0	16711	272	1155	107766	17669	59043	131236,131366,132816,81460,81297,81297,81297	6	68	27156,27990,55818,12062,0,0,0	107	54064
156904	1959	2649	2467	275	310	47	22	4	11778	721	1610	490	1945	81	122	6959	986	6743	0,26,73,0,0,0	16897	269	1224	108406	18262	59312	131581,131709,133186,82071,81892,81892,81892	7	61	27156,27990,55993,13101,0,0,0	119	53618
156564	1964	2785	2485	294	306	44	23	6	11938	722	1615	497	1938	61	105	6708	987	6914	0,24,75,0,0,0	25413	291	1129	109006	18800	59603	131889,132014,133519,82598,82402,82402,82402	7	64	27156,27990,56144,14075,0,0,0	124	53210
156141	1955	2943	2624	299	295	41	23	5	12078	725	1617	512	2009	73	98	6511	974	7206	0,22,77,0,0,0	25473	283	1181	109629	19363	59886	132209,132332,133860,83180,82967,82967,82967	7	62	27156,27990,56264,15128,0,0,0	112	52775
155484	2218	3046	2761	303	281	40	22	6	12235	726	1624	508	1872	67	128	6841	1042	7629	0,20,79,0,0,0	16842	287	1456	110383	20089	60173	132623,132744,134292,83966,83731,83731,83731	7	74	27156,27990,56412,16420,17,0,0	113	52251
154796	2446	3204	2828	291	304	40	20	5	12457	729	1626	517	1918	65	121	6950	1058	8075	0,17,81,0,0,0	16918	344	1479	111101	20878	60517	133031,133152,134717,84759,84504,84504,84504	7	73	27156,27990,56536,17773,34,0,0	114	51785
153980	2621	3456	3002	314	326	38	21	5	12624	730	1629	485	1984	97	129	6988	1123	8655	0,15,83,0,0,0	17226	354	1627	111940	21697	60871	133488,133612,135197,85680,85401,85401,85401	8	93	27156,27990,56658,19266,57,0,0	117	51183
153042	2782	3695	3223	332	319	35	20	4	12926	736	1632	497	1969	86	119	7662	1192	9214	0,14,84,0,0,0	17617	347	1720	112816	22576	61218	133960,134084,135685,86643,86339,86339,86339	8	71	27156,27990,56783,20834,101,0,0	110	50578
151979	3028	3936	3458	332	348	34	21	5	13231	737	1637	496	1992	103	119	8024	1291	9866	0,12,86,1,0,0	17956	377	1904	113756	23577	61595	134496,134618,136236,87728,87394,87394,87394	9	111	27156,27990,56894,22586,160,0,0	110	49933
151058	3121	4125	3575	351	385	34	19	5	13691	740	1642	511	2004	108	140	7758	1347	10263	0,11,86,1,0,0	26347	322	1737	114606	24492	61917	134930,135055,136684,88705,88343,88343,88343	9	124	27156,27990,56998,24176,211,0,0	120	49299
150033	3157	4334	3858	372	394	33	19	4	14156	741	1645	489	1877	101	137	8124	1414	10753	0,10,87,1,0,0	26518	324	1853	115505	25462	62241	135410,135538,137177,89745,89355,89355,89355	10	102	27156,27990,57074,25913,253,0,0	136	48650
148674	3422	4574	4131	389	387	32	22	5	14721	742	1647	491	1949	110	165	9143	1552	11405	0,9,88,2,0,0	19085	350	2221	116597	26607	62591	136033,136164,137808,91061,90637,90637,90637	10	114	27156,27990,57170,27979,314,0,0	121	47889
147301	3718	4829	4320	375	414	33	21	7	15336	745	1647	478	1971	102	162	9707	1659	12051	0,8,89,2,0,0	20000	332	2287	117699	27808	62923	136650,136778,138436,92391,91932,91932,91932	11	119	27156,27990,57257,30094,389,0,0	119	47104
145909	3862	5121	4514	395	443	33	22	8	16041	746	1652	470	1905	129	169	9898	1693	12697	0,7,90,2,0,0	20085	319	2315	118813	29023	63242	137266,137395,139060,93750,93251,93251,93251	11	126	27156,27990,57333,32251,462,0,0	125	46324
144455	3971	5459	4874	441	446	36	21	8	16631	748	1656	493	1943	144	195	10401	1800	13448	0,6,90,2,0,0	20019	357	2470	119988	30333	63599	137909,138037,139710,95201,94661,94661,94661	12	133	27156,27990,57400,34551,561,0,0	132	45472
142921	4247	5738	5086	458	471	32	22	8	17354	749	1660	494	1927	155	190	11217	1922	14132	0,5,91,3,0,0	21057	364	2648	121247	31732	63963	138585,138713,140390,96773,96182,96182,96182	13	139	27156,27990,57470,37016,653,0,0	134	44574
141666	4213	5831	5343	501	474	33	21	12	18237	752	1663	477	1990	141	173	10620	1933	14483	0,5,91,3,0,0	28993	356	2315	122300	33011	64319	139106,139234,140910,98104,97464,97463,97463	13	140	27156,27990,57531,39167,752,0,0	139	43796
140374	4015	6080	5642	494	462	36	22	13	19187	753	1668	459	1948	163	180	11069	1990	14761	0,4,91,3,0,0	29036	347	2378	123371	34336	64666	139672,139801,141476,99474,98784,98782,98782	14	138	27156,27990,57573,41380,867,0,0	133	43050
138716	4318	6215	5899	510	496	38	19	15	20096	754	1670	474	1908	162	209	11763	2112	15383	0,4,92,3,0,0	21602	363	2813	124714	35830	65029	140369,140497,142171,101166,100422,100419,100419	14	127	27156,27990,57628,44000,991,0,0	129	42051
137074	4688	6317	6046	525	505	40	18	12	21090	756	1675	490	1924	144	234	12201	2232	15907	0,3,92,3,0,0	22069	328	2922	126041	37451	65357	141059,141190,142857,102895,102089,102085,102085	15	155	27156,27990,57676,46733,1120,0,0	133	41092
135504	4832	6489	6262	525	538	46	20	14	22080	759	1677	508	1903	144	227	12343	2334	16378	0,3,92,4,0,0	22304	348	2861	127362	39010	65705	141705,141836,143502,104567,103697,103692,103692	16	148	27156,27990,57726,49385,1268,0,0	138	40123
133981	4884	6726	6490	536	562	51	19	15	23042	760	1680	504	1998	181	203	12314	2386	16882	0,3,92,4,0,0	22469	320	2889	128705	40583	66025	142370,142496,144155,106274,105336,105329,105329	16	137	27156,27990,57761,52076,1416,0,0	151	39149
132544	4920	6926	6700	542	580	48	20	13	24009	761	1683	494	1925	155	238	13213	2493	17243	0,2,92,4,0,0	22812	354	2909	130017	42200	66379	142972,143098,144746,107959,106945,106936,106936	17	149	27156,27990,57792,54783,1574,0,0	146	38168
131357	4697	7040	6886	566	598	53	22	13	25063	762	1689	491	1940	170	227	13717	2593	17269	0,2,92,4,0,0	31197	338	2657	131197	43696	66717	143482,143605,145252,109480,108390,108380,108380	17	156	27156,27990,57814,57214,1743,0,0	165	37273
130252	4450	7067	7150	553	602	56	24	15	26118	764	1695	485	1958	168	214	13936	2666	17236	0,2,92,5,0,0	32390	324	2595	132324	45178	67041	143931,144057,145697,110935,109772,109759,109759	17	148	27156,27990,57846,59586,1907,0,0	164	36410
128967	4558	6914	7336	580	642	56	24	16	27190	765	1698	490	1928	194	275	14526	2772	17338	0,1,92,5,0,0	24443	321	2894	133578	46842	67362	144487,144616,146245,112603,111354,111339,111339	17	139	27156,27990,57872,62216,2113,0,0	173	35497
127808	4726	6775	7412	611	590	56	27	13	28260	767	1701	509	1906	167	276	14865	2760	17437	0,1,92,6,0,0	24805	140	2851	134818	48474	67502	145005,145129,146751,114241,112903,112885,112885	18	141	27156,27990,57894,64795,2329,0,0	182	34589
126913	4603	6802	7333	603	603	50	30	11	29324	769	1705	508	2012	184	235	15323	2736	17288	0,1,91,6,0,0	25185	117	2626	135953	49984	67619	145401,145521,147136,115677,114249,114228,114228	18	155	27156,27990,57914,67158,2536,0,0	185	33752
125957	4522	6799	7221	620	569	51	30	13	30484	772	1708	486	1969	173	234	15764	2727	17085	0,1,91,6,0,0	25845	125	2682	137101	51537	67744	145812,145932,147541,117137,115618,115594,115594	18	134	27156,27990,57931,69572,2741,0,0	166	32898
125107	4506	6657	7288	619	588	47	33	12	31403	775	1711	493	1948	171	230	15512	2654	17084	0,1,91,7,0,0	25958	144	2648	138229	53075	67888	146184,146304,147901,118569,116955,116928,116928	18	138	27156,27990,57947,71918,2986,0,0	152	32048
124596	4277	6546	7234	596	601	45	25	17	32316	777	1716	513	1897	184	222	15289	2610	16714	0,1,91,7,0,0	33115	114	2381	139239	54471	68002	146423,146542,148135,119825,118109,118078,118078	18	170	27156,27990,57955,74040,3208,0,0	161	31262
124198	4034	6432	7134	578	585	45	30	15	33193	778	1724	459	1882	160	219	14939	2558	16280	0,1,90,8,0,0	33024	113	2286	140169	55842	68115	146647,146764,148355,121008,119191,119155,119155	18	139	27156,27990,57962,76060,3427,0,0	150	30551
123880	3994	6186	6970	598	548	47	28	15	33970	781	1729	445	1927	154	241	15004	2570	15801	0,1,90,8,0,0	25235	124	2308	141108	57233	68239	146873,146987,148574,122198,120276,120236,120236	18	113	27156,27990,57973,78073,3664,0,0	133	29873
123735	3880	5939	6970	572	524	48	27	15	34518	784	1734	462	2047	169	225	14404	2497	15463	0,0,90,8,0,0	24782	102	2247	142023	58579	68341	147037,147147,148730,123350,121317,121272,121272	18	138	27156,27990,57981,80011,3898,0,0	127	29186
123618	3747	5773	6823	540	516	42	28	15	35119	785	1740	466	1881	160	207	14349	2395	15074	0,0,89,9,0,0	24468	78	2214	142888	59940	68419	147176,147280,148861,124455,122312,122261,122261	18	108	27156,27990,57989,81864,4173,0,0	133	28542
123647	3577	5703	6554	536	527	42	24	15	35584	790	1747	480	1881	109	230	14230	2395	14568	0,0,89,10,0,0	24511	84	2080	143749	61181	68503	147278,147380,148961,125504,123250,123193,123193	17	90	27156,27990,57995,83639,4436,0,0	130	27888
123799	3500	5459	6360	538	509	42	29	15	35956	792	1747	474	1881	127	201	13728	2285	14152	0,0,88,10,0,0	23946	83	2023	144561	62409	68586	147349,147450,149027,126500,124134,124069,124069	17	99	27156,27990,57999,85329,4705,0,0	128	27278
124307	3225	5260	6222	502	511	49	27	13	36084	797	1749	504	1912	120	172	13044	2099	13697	0,0,88,11,0,0	31397	81	1769	145264	63490	68667	147315,147410,148996,127311,124826,124755,124755	16	110	27156,27990,58003,86794,4942,0,0	125	26730
124848	2924	5020	6066	480	495	46	23	16	36277	798	1753	499	2064	150	189	12754	1971	13083	0,0,87,11,0,0	30784	68	1653	145838	64583	68735	147232,147330,148920,128041,125437,125359,125359	16	109	27156,27990,58006,88149,5166,0,0	122	26285
125343	2926	4634	5872	482	486	41	22	17	36366	802	1755	547	1918	120	228	13128	1959	12504	0,0,86,12,0,0	23209	87	1757	146477	65715	68822	147165,147264,148854,128837,126119,126033,126033	15	105	27156,27990,58010,89553,5444,0,0	122	25797
125929	2920	4365	5552	453	470	39	23	17	36417	803	1758	537	2050	129	192	13168	1912	11910	0,0,86,13,0,0	23230	49	1667	147093	66772	68871	147080,147176,148773,129566,126729,126635,126635	15	90	27156,27990,58013,90883,5705,0,0	124	25315
126727	2724	4218	5301	435	432	35	17	20	36272	807	1758	517	1922	114	210	12653	1844	11318	0,0,85,13,0,0	22607	68	1505	147672	67713	68939	146938,147037,148637,130216,127260,127157,127157	14	90	27156,27990,58015,92076,5964,0,0	107	24853
127524	2584	4133	4998	435	418	34	19	17	36011	808	1765	531	1889	98	170	12350	1784	10837	0,0,85,14,0,0	22421	54	1491	148223	68663	68993	146806,146903,148509,130850,127779,127666,127666	14	91	27156,27990,58017,93234,6222,0,0	108	24427
128409	2462	3921	4790	395	385	31	18	18	35739	810	1768	519	1909	114	156	12442	1659	10343	0,0,84,15,0,0	22584	40	1386	148677	69606	69033	146624,146723,148330,131393,128208,128086,128086	13	95	27156,27990,58019,94292,6467,0,0	107	24087
129438	2256	3710	4655	365	369	32	15	19	35302	813	1772	524	1923	106	128	11584	1570	9832	0,0,83,15,0,0	29766	47	1241	149132	70402	69080	146415,146515,148130,131879,128581,128450,128450	13	59	27156,27990,58021,95236,6713,0,0	102	23742
130687	2011	3448	4462	345	352	35	21	17	34781	815	1772	521	1961	87	146	11136	1498	9176	0,0,83,16,0,0	29674	56	1080	149529	71090	69136	146148,146248,147871,132264,128851,128708,128708	12	56	27156,27990,58022,96048,6920,0,0	103	23447
131880	1907	3315	4191	321	307	34	22	15	34160	817	1777	514	1956	88	144	11187	1458	8639	0,0,82,17,0,0	21377	42	1169	149975	71821	69178	145909,146008,147646,132711,129176,129022,129022	11	60	27156,27990,58022,96925,7164,0,0	104	23119
133011	1942	3001	4062	282	305	35	23	13	33474	818	1780	514	1975	100	130	11078	1385	8265	0,0,81,18,0,0	21200	43	1129	150365	72568	69221	145661,145760,147406,133110,129461,129297,129297	11	56	27156,27990,58022,97721,7434,0,0	100	22825
134125	1873	2849	3799	268	314	34	23	12	32849	819	1781	515	1984	82	114	10543	1274	7886	0,0,80,19,0,0	20861	48	1065	150748	73255	69269	145415,145515,147175,133483,129724,129550,129550	11	56	27156,27990,58024,98467,7682,0,0	95	22533
135320	1776	2809	3484	268	283	35	23	15	32127	820	1786	531	1957	77	136	9884	1203	7475	0,0,79,20,0,0	20495	41	1009	151136	73887	69310	145150,145250,146928,133827,129965,129777,129777	10	58	27156,27990,58026,99184,7907,0,0	105	22231
136477	1700	2666	3309	253	261	32	19	16	31401	823	1789	521	1986	59	111	9608	1106	7134	0,0,78,21,0,0	19703	52	938	151489	74481	69362	144886,144987,146681,134133,130167,129969,129969	10	72	27156,27990,58026,99833,8146,0,0	107	21955
137735	1518	2555	3157	263	241	29	21	13	30600	824	1790	517	1927	66	93	8950	980	6804	0,0,77,22,0,0	27494	45	808	151726	75059	69407	144584,144686,146394,134345,130282,130071,130071	9	47	27156,27990,58027,100376,8359,0,0	96	21767
139151	1312	2428	3003	242	259	27	15	15	29671	828	1795	504	1978	65	109	8133	942	6344	0,0,76,23,0,0	26849	42	710	151964	75534	69449	144254,144356,146079,134520,130356,130131,130131	8	52	27156,27990,58027,100850,8547,0,0	93	21593
140178	1344	2260	2882	235	241	27	15	15	28924	828	1797	504	1951	63	105	7926	896	6108	0,0,75,24,0,0	18097	35	885	152288	76096	69484	144015,144117,145847,134796,130542,130306,130306	8	51	27156,27990,58029,101413,8809,0,0	78	21327
141388	1350	2085	2672	248	228	30	16	13	28088	828	1800	524	1957	57	96	7942	868	5761	0,0,74,25,0,0	18145	35	751	152546	76593	69519	143714,143818,145553,134983,130637,130390,130390	8	44	27156,27990,58029,101885,9031,0,0	81	21125
142597	1314	1986	2475	212	224	28	15	10	27250	830	1805	534	1952	76	105	7957	827	5427	0,0,73,26,0,0	18214	21	751	152786	77108	69540	143418,143527,145271,135172,130737,130476,130476	7	44	27156,27990,58030,102351,9262,0,0	87	20932
143864	1233	1960	2331	182	219	25	14	8	26272	831	1807	544	1951	52	90	7736	784	5180	0,0,71,27,0,0	17745	27	698	153025	77571	69567	143112,143220,144981,135327,130803,130528,130528	7	29	27156,27990,58031,102747,9514,0,0	77	20754
145032	1198	1859	2241	178	204	24	13	9	25346	831	1811	515	1965	56	80	7171	753	4964	0,0,70,29,0,0	17515	26	683	153242	78040	69593	142816,142924,144700,135472,130865,130577,130577	6	32	27156,27990,58031,103134,9765,0,0	67	20587
146326	1036	1744	2167	170	185	24	10	8	24429	834	1813	498	1975	57	81	6688	700	4636	0,0,68,30,0,0	25310	19	506	153395	78396	69612	142492,142600,144391,135526,130839,130536,130536	6	18	27156,27990,58031,103417,9956,0,0	53	20472
147548	905	1695	2042	171	194	19	7	9	23506	836	1814	507	1899	29	56	6187	639	4394	0,0,67,31,0,0	25143	25	542	153562	78777	69637	142179,142286,144092,135598,130832,130517,130517	5	34	27156,27990,58032,103710,10158,0,0	52	20338
148590	1020	1562	1983	155	185	19	8	10	22561	836	1817	491	1969	37	87	5670	573	4359	0,0,65,34,0,0	16049	22	679	153794	79228	69659	141916,142027,143842,135757,130918,130588,130588	5	33	27156,27990,58033,104050,10452,0,0	47	20153
149593	1159	1477	1851	163	176	18	7	10	21634	837	1821	535	1971	31	73	5181	505	4346	0,0,63,36,0,0	15459	3	687	154010	79704	69662	141656,141763,143595,135903,130995,130651,130651	5	32	27156,27990,58034,104386,10746,0,0	45	19986
150621	1068	1532	1748	162	170	19	10	10	20745	837	1824	534	1950	33	60	4676	449	4260	0,0,61,37,0,0	15144	8	581	154198	80102	69670	141367,141476,143320,136006,131030,130672,130672	5	36	27156,27990,58035,104660,11015,0,0	43	19842
151582	1013	1559	1678	167	147	22	9	9	19897	837	1826	538	1994	38	73	3759	389	4206	0,0,59,40,0,0	14440	14	595	154403	80493	69684	141111,141218,143072,136134,131094,130722,130722	5	29	27156,27990,58035,104947,11285,0,0	46	19678
152497	1043	1507	1676	162	151	21	9	9	19004	837	1830	566	1980	39	69	2791	382	4187	0,0,57,42,0,0	13611	9	628	154603	80924	69693	140880,140989,142851,136259,131157,130770,130770	4	36	27156,27990,58035,105233,11597,0,0	51	19526
153464	957	1494	1603	178	144	23	8	9	18194	839	1833	560	2049	31	57	2265	344	4063	0,0,55,44,0,0	21753	10	498	154777	81250	69703	140634,140738,142617,136325,131164,130765,130765	4	32	27156,27990,58036,105417,11868,0,0	54	19392
154292	838	1478	1629	165	148	23	6	11	17479	839	1838	547	1922	41	66	1771	317	3970	0,0,53,46,0,0	21106	6	503	154934	81603	69709	140408,140510,142403,136394,131186,130771,130771	4	26	27156,27990,58038,105610,12146,0,0	63	19262
155017	932	1364	1588	162	160	25	7	11	16800	839	1841	549	1999	53	72	1399	313	3925	0,0,50,49,0,0	11757	11	597	155117	82022	69720	140210,140312,142212,136512,131258,130828,130828	3	32	27156,27990,58038,105822,12496,0,0	66	19116
155717	1029	1282	1548	149	167	23	7	10	16133	839	1842	574	1988	35	80	1043	302	3903	0,0,47,52,0,0	11290	15	597	155299	82443	69735	140018,140120,142033,136633,131336,130891,130891	3	31	27156,27990,58038,106016,12872,0,0	56	18979
156378	1008	1356	1465	162	158	23	9	10	15491	839	1847	554	1946	38	69	956	301	3880	0,0,45,54,0,0	11056	22	578	155485	82839	69757	139839,139940,141860,136748,131409,130951,130951	3	38	27156,27990,58038,106199,13238,0,0	63	18837
157038	969	1386	1458	158	159	20	9	11	14849	839	1850	561	1956	29	66	947	310	3849	0,0,43,56,0,0	11049	12	557	155670	83213	69769	139656,139755,141682,136860,131482,131008,131008	3	22	27156,27990,58038,106400,13569,0,0	57	18693
157666	997	1374	1447	133	155	19	10	13	14238	840	1854	554	1970	44	71	925	291	3844	0,0,41,58,0,0	10929	17	576	155863	83598	69786	139466,139564,141500,136978,131560,131072,131072	3	31	27156,27990,58038,106567,13946,0,0	54	18536
158304	933	1368	1486	133	150	14	10	13	13637	842	1856	549	1967	52	58	917	279	3815	0,0,39,60,0,0	20253	16	530	156013	83982	69802	139274,139373,141314,137059,131606,131103,131103	3	33	27156,27990,58038,106717,14294,0,0	54	18415
158865	829	1402	1449	137	146	12	12	12	13182	842	1858	569	1923	33	71	929	296	3691	0,0,37,62,0,0	20327	19	480	156152	84326	69821	139096,139198,141146,137129,131645,131128,131128	3	34	27156,27990,58038,106858,14617,0,0	53	18298
159240	899	1419	1405	144	135	13	8	14	12761	844	1864	585	1915	38	60	916	281	3742	0,0,35,64,0,0	10945	21	619	156338	84764	69842	138977,139077,141035,137264,131760,131225,131225	3	31	27156,27990,58039,107015,15049,0,0	46	18153
159644	1016	1327	1435	147	137	11	8	13	12296	845	1867	574	1913	29	65	920	284	3797	0,0,33,66,0,0	10949	0	623	156540	85187	69842	138848,138945,140908,137407,131877,131328,131328	3	34	27156,27990,58039,107160,15493,0,0	44	17989
160019	1012	1376	1436	141	145	12	6	13	11871	846	1869	565	2004	46	67	920	272	3856	0,0,32,67,0,0	10928	0	594	156729	85597	69842	138749,138850,140817,137546,131997,131432,131432	3	36	27156,27990,58039,107289,15928,0,0	38	17843
160339	1028	1416	1425	145	139	11	6	10	11509	846	1872	556	2078	36	65	920	286	3884	0,0,30,69,0,0	10941	0	595	156893	86030	69842	138631,138732,140704,137667,132099,131518,131518	3	33	27156,27990,58039,107413,16379,0,0	40	17711
160632	1065	1437	1411	142	127	6	3	11	11190	848	1874	544	1903	40	65	906	265	3926	0,0,28,71,0,0	10998	0	626	157093	86458	69842	138527,138630,140605,137821,132237,131638,131638	3	28	27156,27990,58039,107550,16841,0,0	41	17549
161003	943	1438	1458	142	137	7	4	10	10879	848	1877	562	1955	31	47	875	257	3872	0,0,28,71,0,0	20352	0	464	157220	86800	69842	138395,138498,140477,137888,132289,131673,131673	3	41	27156,27990,58039,107655,17169,0,0	44	17438
161368	857	1440	1487	152	129	7	6	9	10563	848	1880	550	1896	55	69	876	267	3811	0,0,26,73,0,0	20168	0	529	157374	87179	69842	138276,138380,140366,137977,132365,131732,131732	3	34	27156,27990,58039,107743,17586,0,0	56	17314
161549	947	1405	1505	160	121	9	6	10	10302	848	1884	584	1976	40	72	882	290	3863	0,0,25,74,0,0	10808	0	642	157552	87647	69842	138199,138303,140293,138125,132508,131856,131856	3	25	27156,27990,58039,107861,18085,0,0	55	17176
161644	1054	1420	1458	161	120	11	8	8	10127	848	1887	577	2015	52	65	887	287	3945	0,0,23,76,0,0	10983	0	673	157760	88119	69842	138156,138260,140253,138305,132686,132015,132015	3	44	27156,27990,58039,107970,18621,0,0	57	17011
161791	1099	1421	1433	150	141	10	8	10	9944	848	1891	571	1922	36	67	903	298	3964	0,0,21,78,0,0	10888	0	611	157940	88556	69842	138094,138199,140195,138449,132827,132137,132137	3	32	27156,27990,58039,108048,19131,0,0	57	16871
161922	1088	1470	1423	157	156	13	10	9	9756	848	1894	565	2049	43	70	921	290	4027	0,0,20,79,0,0	10953	0	628	158116	89014	69842	138029,138134,140129,138594,132970,132262,132262	3	32	27156,27990,58039,108125,19652,0,0	47	16739
162063	1035	1489	1495	156	147	14	8	9	9583	850	1897	558	1952	50	81	933	296	4048	0,0,19,80,0,0	10917	0	589	158281	89442	69842	137967,138072,140068,138722,133098,132370,132370	3	26	27156,27990,58039,108191,20155,0,0	48	16618
162237	951	1498	1481	170	149	16	10	7	9477	850	1900	570	2016	47	68	935	300	3975	0,0,17,82,0,0	20369	0	511	158404	89835	69842	137877,137982,139980,138807,133185,132438,132438	3	38	27156,27990,58039,108236,20595,0,0	61	16517
162427	905	1458	1515	171	141	15	10	6	9344	852	1902	565	1962	41	65	948	303	3912	0,0,16,83,0,0	20399	0	535	158553	90222	69842	137799,137905,139904,138903,133288,132518,132518	3	24	27156,27990,58039,108289,21061,0,0	69	16392
162514	966	1484	1480	163	157	17	7	6	9195	854	1903	576	1926	36	77	961	308	3966	0,0,15,84,0,0	10974	0	641	158729	90694	69842	137750,137856,139854,139053,133447,132653,132653	3	40	27156,27990,58039,108349,21628,0,0	61	16252
162542	1035	1397	1506	151	165	16	8	5	9161	854	1906	599	2067	47	91	999	320	3958	0,0,13,86,0,0	11075	0	625	158903	91146	69842	137712,137819,139814,139198,133601,132787,132787	3	35	27156,27990,58039,108400,22179,0,0	65	16117
162546	1064	1434	1480	146	153	18	8	6	9130	854	1907	624	1980	37	71	1016	307	3996	0,0,13,86,0,0	11327	0	640	159076	91616	69842	137674,137779,139773,139357,133769,132935,132935	3	35	27156,27990,58039,108461,22742,0,0	67	15987
162655	1018	1449	1459	147	143	17	7	6	9082	854	1909	644	2012	32	79	1002	313	3927	0,0,12,87,0,0	11042	0	531	159228	91997	69842	137608,137713,139708,139463,133882,133029,133029	3	21	27156,27990,58039,108505,23209,0,0	60	15869
162720	954	1507	1444	160	140	14	10	5	9026	854	1912	647	1971	48	52	980	297	3932	0,0,11,88,0,0	10982	0	589	159377	92440	69842	137557,137660,139653,139591,134025,133148,133148	3	36	27156,27990,58039,108558,23733,0,0	52	15753
162912	877	1422	1500	164	150	16	9	6	8920	855	1915	627	1980	33	51	960	289	3849	0,0,10,89,0,0	20442	0	458	159511	92768	69842	137469,137571,139569,139674,134118,133215,133215	3	22	27156,27990,58039,108579,24156,0,0	56	15643
163040	820	1379	1486	176	152	18	9	4	8890	855	1917	623	1959	32	84	960	287	3753	0,0,9,90,0,0	20062	0	492	159632	93142	69842	137388,137491,139492,139753,134211,133284,133284	2	19	27156,27990,58039,108600,24615,0,0	58	15544
163108	908	1298	1472	172	136	18	8	3	8849	856	1918	622	1982	37	82	952	287	3725	0,0,9,90,0,0	10992	0	578	159780	93576	69842	137334,137439,139436,139869,134345,133393,133393	2	20	27156,27990,58039,108636,25143,0,0	50	15425
163112	972	1251	1392	174	137	16	7	4	8900	857	1924	639	2015	23	73	957	302	3647	0,0,8,91,0,0	10989	0	570	159930	93997	69842	137289,137395,139389,139983,134478,133502,133502	2	25	27156,27990,58039,108671,25659,0,0	44	15305
163176	954	1299	1356	152	131	22	4	7	8860	857	1928	605	1916	34	58	939	258	3660	0,0,7,92,0,0	11036	0	535	160063	94404	69842	137230,137337,139332,140083,134593,133593,133593	2	24	27156,27990,58039,108689,26156,0,0	41	15201
163292	904	1355	1327	134	144	21	1	7	8769	858	1934	615	2025	31	74	923	274	3612	0,0,7,92,0,0	11020	0	496	160200	94768	69842	137162,137270,139266,140173,134700,133673,133673	2	23	27156,27990,58039,108713,26620,0,0	37	15094
163398	876	1295	1354	145	162	21	3	7	8689	858	1938	578	1988	29	57	885	261	3595	0,0,6,93,0,0	11062	0	490	160327	95134	69842	137096,137206,139201,140258,134803,133749,133749	2	25	27156,27990,58039,108733,27080,0,0	38	14990
163578	754	1288	1349	146	152	19	3	7	8649	858	1943	631	1979	26	66	867	269	3442	0,0,6,93,0,0	20314	0	388	160421	95433	69842	137017,137127,139124,140293,134856,133775,133775	2	23	27156,27990,58039,108742,27449,0,0	41	14910
163787	653	1256	1342	146	147	19	3	6	8583	858	1946	633	2012	30	53	839	275	3291	0,0,6,93,0,0	20311	0	381	160499	95737	69842	136915,137025,139022,140318,134899,133791,133791	2	23	27156,27990,58039,108762,27797,0,0	42	14845
163873	727	1120	1372	132	138	21	4	6	8542	859	1952	610	1981	31	62	854	263	3251	0,0,5,94,0,0	10952	0	470	160611	96099	69842	136848,136958,138957,140385,134987,133853,133853	2	25	27156,27990,58039,108775,28238,0,0	36	14755
164027	746	1012	1347	129	138	19	3	6	8504	860	1955	649	1927	29	43	839	244	3150	0,0,5,94,0,0	10907	0	418	160707	96423	69842	136749,136860,138862,140419,135040,133879,133879	2	16	27156,27990,58039,108793,28623,0,0	36	14677
164216	673	1033	1251	131	133	17	2	5	8464	860	1961	634	1959	21	61	809	236	3004	0,0,4,95,0,0	10928	0	363	160805	96691	69842	136651,136762,138766,140447,135088,133899,133899	2	13	27156,27990,58039,108797,28970,0,0	33	14594
164376	642	1033	1176	133	137	18	3	5	8401	860	1962	632	1959	31	69	797	240	2902	0,0,4,95,0,0	11024	0	396	160925	96971	69842	136560,136673,138679,140491,135152,133937,133937	2	21	27156,27990,58039,108813,29339,0,0	30	14501
164562	661	979	1114	126	136	19	3	6	8317	860	1963	615	2000	10	56	783	241	2797	0,0,4,95,0,0	10908	0	366	161019	97249	69842	136476,136590,138596,140524,135204,133961,133961	2	24	27156,27990,58039,108826,29681,4,0	30	14432
164787	600	957	1053	129	120	19	4	7	8244	860	1966	615	2035	26	50	770	222	2660	0,0,4,95,0,0	20134	0	308	161097	97486	69842	136378,136492,138502,140531,135229,133959,133959	2	14	27156,27990,58039,108832,29970,7,0	44	14370
165024	505	943	972	131	123	19	6	5	8187	860	1971	587	1916	34	54	740	214	2485	0,0,4,95,0,0	20015	0	267	161149	97708	69842	136270,136387,138398,140515,135234,133936,133936	2	16	27156,27990,58039,108841,30224,10,0	41	14327
165265	494	883	940	119	122	19	6	4	8060	861	1973	611	1932	19	58	737	223	2360	0,0,3,95,0,0	10904	0	306	161214	97953	69842	136147,136264,138276,140503,135242,133916,133916	1	18	27156,27990,58039,108843,30512,16,0	40	14273
165536	485	766	928	110	98	18	8	4	7954	861	1978	641	1995	26	55	715	186	2227	0,0,3,95,0,0	10927	0	258	161285	98146	69842	136022,136139,138153,140491,135247,133894,133894	1	9	27156,27990,58039,108851,30754,22,0	36	14213
165818	451	718	895	111	97	14	7	6	7787	861	1981	660	2083	19	42	705	191	2102	0,0,3,95,1,0	10746	0	242	161348	98332	69842	135891,136009,138028,140467,135242,133860,133860	1	28	27156,27990,58039,108856,30982,28,0	30	14163
166152	426	672	827	100	87	11	6	5	7615	862	1983	643	1919	26	44	684	178	1951	0,0,3,95,1,0	10699	0	225	161409	98505	69842	135754,135872,137896,140434,135228,133815,133815	1	17	27156,27990,58039,108860,31196,39,0	29	14111
166426	394	634	769	90	89	12	5	5	7474	864	1984	668	1993	14	38	683	190	1803	0,0,3,95,1,0	10983	0	210	161466	98661	69842	135626,135743,137771,140395,135207,133768,133768	1	12	27156,27990,58039,108864,31392,43,0	32	14065
166792	333	597	725	80	90	13	3	4	7255	866	1988	653	1915	19	45	660	184	1657	0,0,2,94,2,0	20086	0	162	161500	98798	69842	135474,135590,137624,140335,135166,133698,133698	1	10	27156,27990,58039,108866,31548,52,0	32	14037
167133	277	564	690	71	92	13	3	3	7041	866	1993	659	1926	13	43	635	178	1532	0,0,2,94,3,0	20111	0	164	161541	98924	69842	135331,135448,137488,140282,135128,133633,133633	1	7	27156,27990,58039,108870,31690,64,0	35	14002
167440	284	487	651	73	88	11	2	4	6842	866	1998	671	2049	12	36	603	161	1435	0,0,2,93,4,0	10649	0	179	161583	99066	69842	135195,135312,137356,140227,135089,133567,133567	1	9	27156,27990,58039,108871,31846,82,0	30	13969
167763	273	452	602	62	70	7	2	4	6643	866	2002	672	1939	14	31	575	129	1339	0,0,2,91,5,0	10742	0	146	161624	99180	69842	135055,135173,137222,140163,135043,133494,133494	1	11	27156,27990,58039,108875,31974,95,0	23	13937
168033	257	414	580	53	56	8	3	4	6467	866	2005	649	1946	16	25	533	113	1258	0,0,3,91,5,0	10535	0	151	161662	99297	69842	134920,135038,137092,140109,135004,133433,133432	1	7	27156,27990,58039,108879,32112,104,0	21	13901
168373	216	410	527	57	51	8	3	4	6222	866	2009	661	1968	18	26	491	111	1161	0,0,2,90,6,0	10484	0	118	161683	99400	69842	134773,134893,136950,140027,134941,133343,133342	1	6	27156,27990,58039,108880,32214,120,0	21	13886
168637	215	373	474	53	44	7	3	4	6057	866	2013	656	1923	8	29	459	116	1053	0,0,2,88,8,0	10654	0	122	161716	99500	69842	134643,134764,136825,139959,134887,133268,133267	1	12	27156,27990,58039,108882,32315,142,0	23	13860
168945	203	326	452	47	46	7	3	5	5827	866	2019	663	1789	8	13	421	103	981	0,0,2,87,9,0	19828	0	96	161749	99572	69842	134511,134633,136700,139889,134830,133189,133188	1	4	27156,27990,58039,108883,32396,160,0	18	13832
169267	155	315	413	43	48	7	4	5	5597	866	2026	675	1880	2	17	387	98	887	0,0,1,86,11,0	19720	0	73	161767	99632	69842	134370,134492,136566,139807,134762,133097,133096	0	2	27156,27990,58039,108883,32457,177,0	20	13817
169565	157	280	365	41	39	8	3	5	5389	866	2028	697	2040	6	24	357	83	810	0,0,1,85,12,0	10587	0	100	161791	99712	69842	134227,134347,136426,139726,134693,133007,133006	0	7	27156,27990,58039,108885,32539,192,0	22	13800
169861	145	234	341	43	35	8	2	6	5172	866	2033	702	2017	8	18	319	76	732	0,0,1,84,13,0	10467	0	67	161817	99756	69842	134089,134209,136293,139635,134614,132908,132906	0	3	27156,27990,58039,108885,32597,201,0	19	13779
170195	123	220	340	42	34	7	2	6	4873	866	2038	675	1830	9	10	281	74	694	0,0,1,83,14,0	10415	0	71	161826	99823	69842	133938,134059,136146,139533,134530,132799,132797	0	2	27156,27990,58039,108885,32653,219,0	20	13773
170475	128	202	305	31	26	7	2	5	4657	866	2042	683	1902	4	12	260	61	640	0,0,1,82,16,0	10353	0	80	161846	99884	69842	133797,133919,136011,139442,134452,132701,132699	0	6	27156,27990,58039,108887,32711,236,0	14	13758
170742	121	185	275	27	23	5	2	5	4451	866	2044	683	1961	5	12	233	57	581	0,0,1,80,18,0	10390	0	60	161858	99938	69842	133658,133779,135876,139346,134370,132599,132596	0	7	27156,27990,58039,108887,32759,252,0	11	13748
171008	102	187	236	18	22	5	2	5	4247	866	2048	683	1825	8	12	215	47	525	0,0,1,78,20,0	19554	0	49	161867	99984	69842	133527,133648,135750,139252,134287,132498,132495	0	2	27156,27990,58039,108887,32792,271,0	13	13741
171262	104	156	225	20	25	5	2	5	4025	866	2051	661	1881	3	12	200	52	485	0,0,0,76,22,0	19709	0	53	161882	100026	69842	133400,133520,135627,139164,134210,132405,132401	0	6	27156,27990,58039,108887,32829,291,0	10	13728
171495	92	142	216	18	22	5	2	5	3825	866	2058	684	1910	4	12	183	50	447	0,0,1,75,23,0	10340	0	41	161894	100057	69842	133269,133390,135501,139063,134121,132299,132295	0	2	27156,27990,58039,108887,32858,304,0	9	13718
171740	71	124	208	19	22	5	1	6	3620	866	2064	670	1919	4	9	175	46	404	0,0,0,71,27,0	10260	0	30	161899	100085	69842	133129,133251,135365,138958,134026,132189,132185	0	3	27156,27990,58039,108887,32876,319,0	8	13714
171988	58	127	181	16	25	6	1	6	3404	866	2068	635	1819	1	6	162	41	373	0,0,0,70,28,0	10334	0	30	161905	100116	69842	132996,133118,135235,138856,133935,132080,132076	0	0	27156,27990,58039,108887,32893,336,0	7	13710
172216	67	124	160	15	19	3	1	5	3198	866	2072	621	2009	0	15	151	40	349	0,0,1,66,31,0	10127	0	47	161913	100163	69842	132865,132987,135108,138759,133847,131978,131973	0	3	27156,27990,58039,108888,32919,359,0	9	13703
172429	83	102	156	11	17	3	0	6	3000	866	2073	630	1774	5	5	132	28	344	0,0,1,62,36,0	10184	0	38	161925	100197	69842	132742,132866,134990,138664,133761,131877,131872	0	3	27156,27990,58039,108888,32942,382,0	5	13694
172622	75	100	138	8	15	2	0	6	2837	866	2077	646	1999	4	6	121	23	315	0,0,0,60,38,0	19450	0	30	161934	100224	69842	132627,132750,134878,138578,133683,131786,131780	0	3	27156,27990,58039,108889,32960,397,0	5	13687
172817	62	108	124	5	11	3	0	5	2665	866	2080	657	1776	3	4	113	21	292	0,0,0,55,43,0	19488	0	31	161943	100249	69842	132513,132636,134766,138487,133600,131690,131684	0	3	27156,27990,58039,108889,32975,415,0	3	13680
172976	70	101	116	6	13	3	0	4	2509	866	2082	634	1816	6	5	105	23	286	0,0,0,49,49,0	10206	0	43	161956	100284	69842	132394,132517,134651,138399,133518,131596,131589	0	2	27156,27990,58039,108889,32990,448,0	7	13671
173170	73	85	113	8	14	2	0	4	2326	866	2085	633	1916	1	7	105	29	266	0,0,0,47,52,0	10162	0	29	161966	100305	69842	132269,132391,134529,138301,133428,131493,131485	0	1	27156,27990,58039,108889,33000,469,0	9	13663
173336	56	104	101	10	17	2	0	4	2162	866	2088	676	1958	2	10	102	31	259	0,0,0,42,56,0	10228	0	32	161979	100330	69842	132151,132275,134415,138214,133347,131402,131393	0	2	27156,27990,58039,108889,33011,496,0	8	13650
173476	52	108	88	9	14	3	0	4	2036	866	2090	641	1958	2	6	88	28	246	0,0,0,41,57,0	10120	0	25	161984	100354	69842	132035,132159,134302,138120,133259,131305,131295	0	2	27156,27990,58039,108889,33022,514,0	6	13645
173646	45	97	95	10	12	2	0	3	1878	866	2092	682	1794	1	2	78	21	240	0,0,0,39,59,0	10114	0	26	161997	100369	69842	131917,132041,134187,138028,133173,131209,131198	0	1	27156,27990,58039,108889,33031,533,0	6	13633
173767	47	82	93	10	13	0	0	2	1767	866	2099	647	1879	3	6	77	19	226	0,0,0,35,64,0	19457	0	23	162010	100383	69842	131820,131945,134092,137947,133098,131126,131114	0	2	27156,27990,58039,108889,33039,552,0	2	13620
173908	36	80	86	9	11	0	1	2	1645	866	2102	619	1946	2	4	66	18	205	0,0,0,31,68,0	19382	0	16	162011	100401	69842	131713,131837,133988,137854,133009,131029,131016	0	0	27156,27990,58039,108889,33042,568,0	2	13620
174019	46	66	86	8	8	0	1	2	1535	866	2109	660	1740	1	6	68	18	197	0,0,0,27,72,0	10084	0	24	162019	100425	69842	131605,131729,133881,137768,132929,130940,130927	0	1	27156,27990,58039,108889,33048,594,0	3	13617
