S	E	I1	I2	I3	I4	I5_h	I6_h	R_h	R	D1	D2	H	T	P1	P2	Q	QT	NQ	MUT	HOM	VAC	NI	INF	REINF	BSTR	IMM	HCI	HCE	INFV	INFH	VNI
178133	100	112	50	44	38	6	3	0	260	0	0	214	0	0	0	49	49	304	0,0,0,0,0,0	178746	0	0	353	0	0	613,613,613,613,613,613,613	0	0	0,0,0,0,0,0,0	0	0
178084	84	157	55	42	35	7	4	0	278	0	0	329	320	0	68	181	56	328	0,0,0,0,0,0	12555	0	57	412	0	0	662,662,662,662,662,662,662	0	2	59,0,0,0,0,0,0	11	0
178020	91	180	61	39	32	8	3	0	308	1	3	442	243	0	12	227	52	362	0,0,0,0,0,0	12787	0	73	485	0	0	726,726,726,726,726,726,726	0	8	132,0,0,0,0,0,0	13	0
177952	98	200	79	38	33	9	3	0	326	1	7	498	259	3	11	285	57	403	0,0,0,0,0,0	12949	0	77	562	0	0	795,795,795,795,795,795,795	0	10	209,0,0,0,0,0,0	15	0
177895	105	206	95	40	38	10	3	0	343	1	10	542	117	1	16	349	75	422	0,0,0,0,0,0	25001	0	69	631	0	0	854,854,854,854,854,854,854	0	6	278,0,0,0,0,0,0	16	0
177843	120	206	101	44	51	11	5	0	349	1	15	593	83	0	17	587	95	443	0,0,0,0,0,0	25428	0	75	707	0	0	912,912,912,912,912,912,912	0	6	354,0,0,0,0,0,0	15	0
177767	129	239	99	46	59	12	3	1	371	2	18	628	242	0	21	662	118	469	0,0,0,0,0,0	13468	0	93	800	0	0	993,993,993,993,993,993,993	0	8	447,0,0,0,0,0,0	18	0
177709	123	253	107	53	66	14	3	1	394	2	21	653	87	1	17	1002	148	471	0,0,0,0,0,0	13579	0	77	877	0	0	1059,1059,1059,1057,1057,1057,1057	0	8	524,0,0,0,0,0,0	17	0
177614	143	254	131	63	66	17	4	1	425	2	26	679	257	3	28	1208	187	491	0,0,0,0,0,0	13881	0	105	982	0	0	1159,1158,1158,1157,1157,1157,1157	0	9	629,0,0,0,0,0,0	25	0
177525	157	265	147	62	66	17	3	1	470	3	30	671	269	2	20	1641	198	519	0,0,0,0,0,0	14336	0	98	1081	1	0	1251,1251,1251,1248,1248,1248,1248	1	10	729,0,0,0,0,0,0	33	0
177435	169	291	158	64	62	16	6	1	509	3	32	667	287	1	21	1724	209	557	0,0,0,0,0,0	14508	0	118	1198	3	0	1351,1350,1350,1346,1346,1346,1346	1	11	848,0,0,0,0,0,0	34	0
177372	161	298	179	68	72	18	5	0	534	4	35	701	246	0	24	1720	238	563	0,0,0,0,0,0	26435	0	91	1289	3	0	1426,1424,1424,1419,1419,1419,1419	1	3	939,0,0,0,0,0,0	38	0
177288	181	293	182	66	68	21	5	1	600	4	37	707	324	1	24	1876	239	577	0,0,0,0,0,0	26546	0	106	1396	3	0	1520,1518,1518,1511,1511,1511,1511	1	7	1046,0,0,0,0,0,0	42	0
177209	189	301	195	76	69	22	6	1	634	4	40	704	270	1	25	2250	257	601	0,0,0,0,0,0	15212	0	116	1509	6	0	1617,1613,1613,1602,1602,1602,1602	1	11	1162,0,0,0,0,0,0	45	0
177103	200	331	199	76	77	24	7	2	679	4	44	691	265	2	30	2437	292	622	0,0,0,0,0,0	15301	0	132	1641	7	0	1744,1739,1739,1721,1721,1721,1721	1	18	1295,0,0,0,0,0,0	46	0
177042	192	339	218	71	81	28	8	2	710	5	50	705	247	0	28	2781	302	635	0,0,0,0,0,0	15507	0	101	1742	7	0	1830,1823,1823,1799,1799,1799,1799	1	12	1396,0,0,0,0,0,0	50	0
176941	174	403	221	68	76	28	8	2	764	5	56	738	238	2	35	2947	323	655	0,0,0,0,0,0	15938	0	132	1875	7	0	1957,1948,1948,1915,1915,1915,1915	1	11	1529,0,0,0,0,0,0	61	0
176840	187	416	226	87	75	26	9	2	808	6	64	742	93	3	26	2925	332	694	0,0,0,0,0,0	16002	0	143	2016	9	0	2091,2079,2079,2036,2036,2036,2036	1	14	1672,0,0,0,0,0,0	61	0
176741	209	425	242	87	84	26	9	2	848	6	67	758	248	0	24	2628	312	770	0,0,0,0,0,0	27433	0	150	2167	9	0	2236,2219,2219,2160,2160,2160,2160	1	9	1823,0,0,0,0,0,0	71	0
176656	200	424	262	98	104	27	12	1	887	6	69	742	244	4	39	2801	356	771	0,0,0,0,0,0	27370	0	135	2303	10	0	2361,2341,2341,2268,2268,2268,2268	1	10	1960,0,0,0,0,0,0	76	0
176538	218	422	277	117	123	26	12	0	931	7	75	734	265	1	49	3016	398	797	0,0,0,0,0,0	15975	0	162	2468	10	0	2519,2495,2495,2409,2409,2409,2409	1	15	2125,0,0,0,0,0,0	83	0
176416	253	429	268	110	120	28	12	0	1023	7	80	707	272	3	48	2989	407	813	0,0,0,0,0,0	15937	0	171	2639	11	0	2680,2652,2652,2552,2552,2552,2552	1	11	2296,0,0,0,0,0,0	74	0
176307	260	451	261	118	121	28	13	1	1091	7	88	679	238	2	38	3124	419	833	0,0,0,0,0,0	16027	0	156	2795	11	0	2831,2799,2799,2684,2684,2684,2684	1	10	2452,0,0,0,0,0,0	78	0
176189	277	474	264	122	112	30	13	1	1166	7	91	632	259	2	42	2987	419	873	0,0,0,0,0,0	16123	0	178	2973	11	0	3001,2964,2964,2831,2831,2831,2831	1	19	2630,0,0,0,0,0,0	77	0
176092	286	466	299	135	115	32	15	0	1205	8	93	639	246	1	36	2861	406	942	0,0,0,0,0,0	15883	0	167	3137	16	0	3159,3116,3116,2960,2960,2960,2960	1	18	2798,0,0,0,0,0,0	73	0
176004	275	492	301	132	122	32	19	0	1261	8	100	696	315	2	39	2561	417	956	0,0,0,0,0,0	27133	0	144	3281	17	0	3297,3248,3248,3076,3076,3076,3076	1	16	2942,0,0,0,0,0,0	77	0
175903	286	490	325	127	116	36	21	0	1328	8	106	677	97	0	44	2813	445	956	0,0,0,0,0,0	27544	0	172	3452	19	0	3460,3405,3405,3211,3211,3211,3211	1	12	3114,0,0,0,0,0,0	93	0
175787	285	518	321	135	123	35	21	1	1406	8	106	685	232	2	48	2890	458	980	0,0,0,0,0,0	16084	0	181	3629	23	0	3627,3568,3568,3356,3356,3356,3356	2	17	3293,0,0,0,0,0,0	90	0
175669	284	573	331	135	137	33	18	1	1446	10	109	685	217	0	43	3114	491	1020	0,0,0,0,0,0	15852	0	197	3822	27	0	3811,3745,3745,3508,3508,3508,3508	2	26	3486,0,0,0,0,0,0	86	0
175557	304	584	344	146	156	36	19	1	1477	10	112	682	266	5	53	3100	512	1077	0,0,0,0,0,0	16089	0	206	4027	28	0	4005,3931,3931,3664,3664,3664,3664	2	19	3691,0,0,0,0,0,0	91	0
175443	313	584	361	144	157	40	21	0	1558	11	114	687	227	2	41	3179	513	1107	0,0,0,0,0,0	16229	0	192	4220	29	0	4186,4105,4105,3814,3814,3814,3814	2	21	3884,0,0,0,0,0,0	87	0
175333	312	584	386	155	161	42	19	1	1621	13	119	624	259	5	47	3018	511	1148	0,0,0,0,0,0	16065	0	193	4412	31	0	4368,4279,4279,3962,3962,3962,3962	2	14	4076,0,0,0,0,0,0	95	0
175189	324	617	372	163	170	40	19	1	1713	14	124	598	315	2	57	3122	528	1177	0,0,0,0,0,0	27714	0	224	4637	31	0	4587,4491,4491,4146,4146,4146,4146	2	20	4301,0,0,0,0,0,0	99	0
175075	311	622	375	174	189	38	18	2	1796	14	132	601	256	1	48	3483	543	1184	0,0,0,0,0,0	27792	0	189	4829	32	0	4780,4676,4676,4301,4301,4301,4301	2	14	4493,0,0,0,0,0,0	100	0
174943	334	660	386	164	191	45	18	4	1849	16	136	593	282	2	54	4020	577	1221	0,0,0,0,0,0	16983	0	245	5072	35	0	5013,4898,4898,4486,4486,4486,4486	3	26	4737,0,0,0,0,0,0	85	0
174827	346	692	386	149	183	51	17	4	1927	18	146	604	237	4	61	4284	575	1249	0,0,0,0,0,0	17166	0	223	5295	36	0	5234,5108,5108,4656,4656,4656,4656	3	26	4960,0,0,0,0,0,0	92	0
174704	337	736	407	159	188	48	17	7	1978	18	147	596	273	4	52	4578	579	1313	0,0,0,0,0,0	17362	0	250	5545	37	0	5474,5336,5336,4840,4840,4840,4840	3	18	5211,0,0,0,0,0,0	97	0
174531	374	749	436	173	188	54	15	7	2051	20	148	587	243	3	66	4710	593	1396	0,0,0,0,0,0	17392	0	280	5826	38	0	5746,5597,5597,5064,5064,5064,5064	3	30	5492,0,0,0,0,0,0	101	0
174385	414	757	447	191	202	54	17	6	2103	20	150	586	331	1	67	4817	623	1459	0,0,0,0,0,0	17751	0	286	6114	38	0	6023,5860,5860,5278,5278,5278,5278	3	27	5780,0,0,0,0,0,0	118	0
174310	388	761	469	198	214	54	16	7	2152	23	154	569	236	1	65	4847	647	1453	0,0,0,0,0,0	29038	0	217	6327	43	0	6222,6047,6047,5417,5417,5417,5417	3	22	5994,0,0,0,0,0,0	104	0
174197	361	796	483	192	219	56	18	7	2236	24	157	540	313	4	70	5181	668	1457	0,0,0,0,0,0	29340	0	242	6568	44	0	6452,6265,6265,5591,5591,5591,5591	3	19	6235,0,0,0,0,0,0	107	0
174045	397	785	507	210	214	58	20	6	2321	24	159	570	244	2	74	6077	700	1491	0,0,0,0,0,0	19019	0	286	6853	45	0	6728,6527,6527,5806,5806,5806,5806	3	31	6520,0,0,0,0,0,0	107	0
173887	402	840	490	214	218	58	21	7	2423	25	161	551	290	3	61	5866	716	1527	0,0,0,0,0,0	18973	0	280	7130	49	0	6993,6781,6781,6018,6018,6018,6018	3	35	6797,0,0,0,0,0,0	110	0
173731	405	865	513	223	217	57	17	10	2515	27	166	549	234	3	84	5788	744	1553	0,0,0,0,0,0	18789	0	294	7425	51	0	7282,7056,7056,6241,6241,6241,6241	3	32	7092,0,0,0,0,0,0	103	0
173590	428	871	564	232	224	57	18	10	2556	27	169	558	255	6	76	5609	780	1614	0,0,0,0,0,0	18592	0	303	7729	51	0	7577,7335,7335,6461,6461,6461,6461	4	24	7396,0,0,0,0,0,0	116	0
173407	493	873	588	210	224	60	22	9	2663	27	170	574	315	5	75	5574	787	1683	0,0,0,0,0,0	18590	0	322	8050	53	0	7890,7634,7634,6709,6709,6709,6709	4	41	7718,0,0,0,0,0,0	113	0
173328	474	902	579	215	236	60	26	7	2719	28	172	546	224	5	60	5545	775	1717	0,0,0,0,0,0	29740	0	264	8313	56	0	8140,7865,7865,6876,6876,6876,6876	4	19	7982,0,0,0,0,0,0	126	0
173169	463	925	581	236	260	63	29	7	2808	28	177	534	241	6	78	5400	789	1768	0,0,0,0,0,0	29766	0	312	8624	58	0	8446,8156,8156,7109,7109,7109,7109	4	26	8294,0,0,0,0,0,0	135	0
173014	497	942	585	256	264	68	29	6	2877	31	177	499	257	4	94	5667	840	1801	0,0,0,0,0,0	18648	0	329	8957	59	0	8766,8459,8459,7348,7348,7348,7348	4	29	8627,0,0,0,0,0,0	137	0
172852	477	992	594	258	263	71	34	6	2986	33	180	491	245	3	87	5732	847	1842	0,0,0,0,0,0	18494	0	320	9277	62	0	9077,8753,8753,7584,7584,7584,7584	4	26	8947,0,0,0,0,0,0	131	0
172708	483	1018	615	266	256	78	38	6	3062	34	182	493	317	1	100	5730	876	1878	0,0,0,0,0,0	34280	0	328	9603	65	0	9391,9049,9049,7814,7814,7814,7814	4	50	9273,0,0,0,0,0,0	158	0
172596	500	980	622	298	275	76	42	6	3132	34	185	467	245	5	86	5897	899	1894	0,0,0,0,0,0	33942	0	317	9918	69	0	9695,9333,9333,8023,8023,8023,8023	4	34	9589,0,0,0,0,0,0	156	0
172456	509	1007	631	293	277	83	44	4	3218	35	189	470	283	3	91	6226	911	1933	0,0,0,0,0,0	33886	0	334	10247	74	0	10014,9633,9633,8253,8253,8253,8253	5	44	9918,0,0,0,0,0,0	155	0
172334	481	1031	649	314	287	83	45	4	3290	38	190	495	233	3	74	6180	911	1979	0,0,0,0,0,0	47233	0	308	10556	74	0	10311,9911,9911,8463,8463,8463,8463	4	23	10227,0,0,0,0,0,0	168	0
172252	497	993	641	322	290	86	49	4	3381	39	192	469	284	3	85	5959	929	1949	0,0,0,0,0,0	47134	0	298	10854	75	0	10597,10176,10176,8648,8648,8648,8648	4	21	10525,0,0,0,0,0,0	179	0
172081	502	1027	627	328	287	87	56	4	3513	39	195	508	324	7	103	6154	971	1943	0,0,0,0,0,0	34137	0	342	11191	83	0	10926,10487,10487,8897,8897,8897,8897	4	34	10864,0,0,0,0,0,0	184	0
171961	496	1054	646	326	306	83	54	4	3575	42	199	510	285	7	88	6606	1019	1946	0,0,0,0,0,0	34173	0	318	11510	86	0	11234,10775,10775,9110,9110,9110,9110	5	36	11184,0,0,0,0,0,0	192	0
171863	505	1062	640	321	324	87	54	6	3637	44	203	471	305	6	107	6895	1053	1940	0,0,0,0,0,0	34624	0	339	11845	90	0	11556,11073,11073,9320,9320,9320,9320	5	41	11519,0,0,0,0,0,0	184	0
171803	512	1036	627	350	322	92	58	7	3685	46	208	463	254	2	96	6546	1048	1949	0,0,0,0,0,0	34799	0	322	12166	92	0	11864,11354,11354,9505,9505,9505,9505	5	36	11840,0,0,0,0,0,0	194	0
171731	498	1012	657	330	322	95	51	11	3775	52	212	438	251	4	99	6408	1080	1885	0,0,0,0,0,0	34648	0	286	12452	95	0	12139,11608,11608,9678,9678,9678,9678	5	39	12126,0,0,0,0,0,0	190	0
171719	461	967	685	330	316	101	50	13	3833	54	217	450	261	3	95	6210	1046	1864	0,0,0,0,0,0	47308	0	262	12713	99	0	12387,11830,11830,9808,9808,9808,9808	5	33	12387,0,0,0,0,0,0	202	0
171680	427	966	683	318	308	100	49	12	3927	57	219	444	269	7	100	6204	1049	1802	0,0,0,0,0,0	47288	0	260	12969	104	0	12629,12051,12051,9948,9948,9948,9948	5	23	12643,0,0,0,0,0,0	199	0
171646	419	966	680	305	312	96	52	13	3978	58	221	442	263	6	92	6835	1079	1751	0,0,0,0,0,0	34445	0	283	13249	109	0	12894,12291,12291,10097,10097,10097,10097	5	31	12923,0,0,0,0,0,0	186	0
171580	434	951	657	307	307	99	48	12	4064	65	222	419	243	5	86	7187	1056	1747	0,0,0,0,0,0	34924	0	297	13543	115	0	13172,12545,12545,10267,10267,10267,10267	5	36	13217,0,0,0,0,0,0	192	0
171550	442	932	656	290	305	104	47	14	4113	68	225	394	259	3	96	7239	1047	1729	0,0,0,0,0,0	34872	0	279	13816	123	0	13430,12779,12779,10410,10410,10410,10410	5	33	13490,0,0,0,0,0,0	188	0
171545	433	898	668	307	319	103	50	14	4109	69	231	411	277	2	101	7248	1046	1732	0,0,0,0,0,0	35094	0	276	14090	125	0	13691,13013,13013,10543,10543,10543,10543	5	37	13764,0,0,0,0,0,0	193	0
171500	448	884	658	286	305	98	48	15	4199	72	233	394	264	3	93	7204	1000	1727	0,0,0,0,0,0	35086	0	296	14383	130	0	13969,13265,13265,10702,10702,10702,10702	5	34	14058,0,0,0,0,0,0	201	0
171481	437	919	648	271	280	101	43	16	4241	76	233	387	261	8	72	7018	957	1742	0,0,0,0,0,0	47646	0	273	14657	133	0	14225,13496,13496,10839,10839,10839,10839	5	20	14332,0,0,0,0,0,0	193	0
171475	429	881	624	280	280	110	47	16	4289	78	237	406	247	6	73	7040	965	1686	0,0,0,0,0,0	47721	0	245	14899	136	0	14453,13701,13701,10955,10955,10955,10955	5	23	14574,0,0,0,0,0,0	186	0
171491	412	866	633	282	264	104	45	20	4309	81	239	403	337	3	107	7153	968	1638	0,0,0,0,0,0	35119	0	256	15154	139	0	14691,13911,13911,11065,11065,11065,11065	4	26	14829,0,0,0,0,0,0	187	0
171527	370	860	630	277	263	102	44	21	4329	82	241	391	354	2	80	7118	949	1597	0,0,0,0,0,0	35289	0	238	15387	144	0	14905,14098,14098,11151,11151,11151,11151	4	22	15062,0,0,0,0,0,0	175	0
171613	363	838	633	277	249	97	36	23	4286	89	242	399	258	5	80	6858	918	1575	0,0,0,0,0,0	35254	0	234	15617	149	0	15113,14274,14274,11211,11211,11211,11211	4	22	15292,0,0,0,0,0,0	162	0
171600	377	837	609	273	261	102	32	24	4293	92	246	382	258	2	81	6485	914	1577	0,0,0,0,0,0	34931	0	271	15888	150	0	15369,14504,14504,11343,11343,11343,11343	4	33	15563,0,0,0,0,0,0	154	0
171641	365	801	585	275	244	98	33	24	4338	94	248	374	234	4	69	6445	888	1513	0,0,0,0,0,0	34708	0	216	16098	156	0	15561,14671,14671,11416,11416,11416,11416	4	29	15773,0,0,0,0,0,0	150	0
171732	357	738	568	278	262	100	33	22	4309	97	250	394	243	3	82	6281	916	1420	0,0,0,0,0,0	47167	0	192	16289	160	0	15734,14816,14816,11455,11455,11455,11455	4	16	15964,0,0,0,0,0,0	154	0
171809	335	718	575	249	241	98	35	21	4315	98	252	380	253	2	67	6243	851	1400	0,0,0,0,0,0	46959	0	191	16475	165	0	15903,14958,14958,11499,11499,11499,11499	4	8	16150,0,0,0,0,0,0	152	0
171881	326	721	545	228	244	99	33	21	4292	103	253	374	282	1	73	5992	802	1394	0,0,0,0,0,0	34226	0	224	16694	170	0	16103,15128,15128,11560,11560,11560,11560	4	22	16370,0,0,0,0,0,0	140	0
171910	327	728	504	236	232	97	36	17	4301	103	255	374	253	3	78	5900	796	1364	0,0,0,0,0,0	34030	0	225	16917	173	0	16307,15307,15307,11643,11643,11643,11643	4	24	16594,0,0,0,0,0,0	146	0
171936	357	728	475	235	230	93	34	18	4276	107	257	377	293	2	64	5954	767	1385	0,0,0,0,0,0	33825	0	235	17153	177	0	16526,15499,15499,11736,11736,11736,11736	4	26	16831,0,0,0,0,0,0	141	0
172025	357	709	482	239	227	82	35	17	4206	108	259	412	250	3	75	5650	772	1359	0,0,0,0,0,0	33870	0	217	17369	178	0	16721,15664,15664,11785,11785,11785,11785	4	24	17047,0,0,0,0,0,0	131	0
172124	328	734	459	238	238	82	33	14	4125	111	260	435	246	1	64	5359	767	1345	0,0,0,0,0,0	33852	0	205	17572	180	0	16902,15815,15815,11823,11823,11823,11823	4	21	17250,0,0,0,0,0,0	128	0
172208	297	698	474	245	236	82	32	12	4082	113	267	441	252	1	56	5357	735	1329	0,0,0,0,0,0	46625	0	172	17744	181	0	17061,15948,15948,11856,11856,11856,11856	3	12	17422,0,0,0,0,0,0	127	0
172298	279	658	473	231	233	81	34	10	4063	117	269	448	247	3	63	5511	713	1276	0,0,0,0,0,0	46154	0	168	17913	184	0	17212,16073,16073,11884,11884,11884,11884	3	16	17591,0,0,0,0,0,0	129	0
172340	293	666	462	213	235	80	37	8	4023	119	270	445	272	3	75	5687	741	1245	0,0,0,0,0,0	33808	0	222	18134	185	0	17414,16248,16248,11958,11958,11958,11958	3	23	17812,0,0,0,0,0,0	128	0
172429	306	669	464	196	229	78	37	7	3933	122	276	434	256	6	68	5478	780	1199	0,0,0,0,0,0	33350	0	198	18331	189	0	17591,16396,16396,11997,11997,11997,11997	3	23	18009,0,0,0,0,0,0	127	0
172470	297	677	477	190	226	76	36	6	3885	126	280	437	258	4	52	5660	783	1196	0,0,0,0,0,0	33579	0	202	18530	192	0	17774,16554,16554,12063,12063,12063,12063	3	20	18208,0,0,0,0,0,0	126	0
172538	292	668	444	196	225	71	40	6	3856	127	283	422	98	1	59	5547	778	1158	0,0,0,0,0,0	33376	0	182	18711	195	0	17937,16692,16692,12105,12105,12105,12105	3	16	18389,0,0,0,0,0,0	124	0
172606	284	640	430	210	222	78	40	6	3816	129	285	434	255	3	52	5440	745	1159	0,0,0,0,0,0	33461	0	170	18883	196	0	18090,16821,16821,12142,12142,12142,12142	3	15	18561,0,0,0,0,0,0	127	0
172692	267	599	454	211	224	84	39	8	3752	131	285	411	250	0	59	5223	738	1140	0,0,0,0,0,0	46335	0	175	19056	199	0	18242,16948,16948,12170,12170,12170,12170	3	11	18734,0,0,0,0,0,0	134	0
172824	245	579	441	211	219	77	31	12	3684	134	289	398	237	4	48	5221	692	1111	0,0,0,0,0,0	46257	0	130	19185	201	0	18354,17033,17033,12155,12155,12155,12155	3	7	18863,0,0,0,0,0,0	125	0
172899	245	585	426	195	209	77	32	12	3639	137	290	389	242	1	73	5159	709	1060	0,0,0,0,0,0	33146	0	180	19363	203	0	18512,17165,17165,12190,12190,12190,12190	3	23	19041,0,0,0,0,0,0	120	0
173001	269	546	395	198	195	75	34	13	3589	138	293	408	271	2	50	5018	673	1039	0,0,0,0,0,0	33139	0	167	19530	204	0	18658,17284,17284,12206,12206,12206,12206	3	18	19208,0,0,0,0,0,0	117	0
173107	231	531	393	200	199	77	34	12	3526	139	297	417	285	0	53	4770	668	997	0,0,0,0,0,0	32953	0	129	19660	204	0	18771,17373,17373,12202,12202,12202,12202	3	9	19338,0,0,0,0,0,0	123	0
173213	238	521	364	190	206	76	39	13	3448	139	299	423	254	3	58	4275	617	1017	0,0,0,0,0,0	45472	0	159	19818	205	0	18908,17484,17484,12211,12211,12211,12211	3	8	19496,0,0,0,0,0,0	130	0
173308	225	514	361	182	195	74	39	11	3393	142	302	448	247	0	64	4000	607	983	0,0,0,0,0,0	45813	0	136	19953	208	0	19025,17578,17578,12215,12215,12215,12215	2	12	19631,0,0,0,0,0,0	134	0
173400	212	485	352	178	199	72	39	11	3351	144	303	444	258	2	66	4352	595	942	0,0,0,0,0,0	45546	0	125	20076	210	0	19130,17661,17661,12215,12215,12215,12215	2	4	19754,0,0,0,0,0,0	132	0
173478	204	457	349	170	194	75	41	12	3314	147	305	443	244	0	54	4381	600	890	0,0,0,0,0,0	45705	32	129	20201	214	0	19239,17750,17750,12224,12224,12224,12224	2	15	19879,0,0,0,0,0,0	136	27
173578	228	416	351	156	183	72	40	12	3245	153	312	459	241	2	63	4654	616	830	0,0,0,0,0,0	32553	32	133	20334	215	0	19356,17843,17843,12225,12225,12225,12225	2	21	20012,0,0,0,0,0,0	131	55
173670	218	413	316	151	180	64	39	14	3214	154	313	442	90	2	36	4435	570	811	0,0,0,0,0,0	32406	36	121	20454	216	0	19456,17922,17922,12220,12220,12220,12220	2	15	20132,0,0,0,0,0,0	125	87
173734	185	434	324	146	150	64	42	12	3184	155	316	418	273	1	55	4940	576	769	0,0,0,0,0,0	32754	29	118	20571	217	0	19558,18005,18005,12230,12230,12230,12230	2	9	20250,0,0,0,0,0,0	113	110
173825	193	430	311	144	144	62	42	11	3110	156	318	406	278	3	30	4713	533	793	0,0,0,0,0,0	32976	20	126	20693	221	0	19662,18087,18087,12228,12228,12228,12228	2	13	20372,0,0,0,0,0,0	118	128
173905	198	387	314	158	134	55	43	12	3060	157	323	405	240	1	39	4655	517	772	0,0,0,0,0,0	32674	25	119	20809	224	0	19763,18168,18168,12230,12230,12230,12230	2	19	20488,0,0,0,0,0,0	108	149
174017	175	374	309	149	144	52	44	9	2986	160	327	419	247	1	42	4669	517	730	0,0,0,0,0,0	39278	23	99	20908	224	0	19845,18229,18229,12208,12208,12208,12208	2	6	20587,0,0,0,0,0,0	108	169
174134	152	383	294	137	129	51	46	9	2918	163	330	414	246	2	29	4373	484	708	0,0,0,0,0,0	39549	134	101	21006	227	0	19935,18298,18298,12187,12187,12187,12187	2	8	20685,0,0,0,0,0,0	105	292
174216	149	383	298	135	115	51	41	7	2846	168	337	432	229	3	44	3974	472	700	0,0,0,0,0,0	27325	167	112	21117	228	0	20041,18383,18383,12190,12190,12190,12190	2	21	20796,0,0,0,0,0,0	110	439
174321	153	369	289	117	108	52	42	7	2779	170	339	427	319	2	38	3929	453	677	0,0,0,0,0,0	27003	152	105	21221	231	0	20137,18459,18459,12176,12176,12176,12176	2	19	20900,0,0,0,0,0,0	109	573
174375	164	364	288	114	113	50	41	7	2714	171	345	417	243	0	25	3791	423	711	0,0,0,0,0,0	27020	136	129	21349	233	0	20261,18564,18564,12201,12201,12201,12201	2	23	21028,0,0,0,0,0,0	109	682
174481	174	350	264	117	113	47	34	8	2634	177	347	428	260	1	37	3885	391	708	0,0,0,0,0,0	26820	128	116	21464	235	0	20362,18642,18642,12189,12189,12189,12189	2	21	21143,0,0,0,0,0,0	106	782
174528	179	377	246	112	108	46	31	8	2580	181	350	436	235	1	30	4230	383	716	0,0,0,0,0,0	27378	135	119	21582	237	0	20473,18737,18737,12211,12211,12211,12211	2	17	21261,0,0,0,0,0,0	100	897
174624	170	388	240	111	106	43	25	10	2493	186	350	457	260	2	28	3335	351	732	0,0,0,0,0,0	38633	139	96	21677	238	0	20557,18802,18802,12197,12197,12197,12197	2	16	21356,0,0,0,0,0,0	93	1013
174721	169	362	244	106	107	38	28	9	2423	186	353	443	106	2	29	3420	353	701	0,0,0,0,0,0	38322	172	98	21775	238	0	20686,18911,18911,12204,12204,12204,12204	2	6	21454,0,0,0,0,0,0	92	1161
174809	162	346	240	107	118	34	25	11	2346	189	359	459	229	0	32	3255	352	680	0,0,0,0,0,0	26767	152	103	21878	239	0	20829,19034,19034,12221,12221,12221,12221	2	15	21557,0,0,0,0,0,0	86	1281
174840	166	361	221	108	114	33	25	10	2316	191	361	461	306	5	35	3228	354	674	0,0,0,0,0,0	26182	128	122	22000	240	0	20983,19173,19173,12271,12271,12271,12271	2	15	21679,0,0,0,0,0,0	76	1381
174910	140	382	228	112	110	32	21	9	2241	195	366	472	250	0	41	3395	377	648	0,0,0,0,0,0	26574	160	98	22096	243	0	21105,19278,19278,12286,12286,12286,12286	2	8	21776,0,0,0,0,0,0	70	1510
174955	155	369	235	113	104	31	20	7	2192	197	368	484	249	0	38	3256	359	668	0,0,0,0,0,0	26331	144	119	22212	246	0	21243,19399,19399,12322,12322,12322,12322	2	16	21892,0,0,0,0,0,0	62	1620
175011	160	362	240	120	100	24	18	7	2137	199	368	474	300	3	25	3021	345	679	0,0,0,0,0,0	26554	131	117	22330	249	0	21386,19525,19525,12354,12354,12354,12354	2	11	22010,0,0,0,0,0,0	56	1732
175071	165	355	253	107	101	26	17	7	2075	200	369	479	103	0	25	2972	341	683	0,0,0,0,0,0	38100	148	105	22431	253	0	21513,19636,19636,12378,12378,12378,12378	2	8	22112,0,0,0,0,0,0	57	1862
175103	178	344	256	93	101	30	14	8	2044	202	373	508	243	2	36	2475	345	671	0,0,0,0,0,0	38161	73	107	22538	253	0	21664,19772,19772,12427,12427,12427,12427	2	10	22219,0,0,0,0,0,0	58	1927
175142	178	336	246	94	94	36	13	6	2025	203	373	513	262	5	32	2597	347	650	0,0,0,0,0,0	25512	78	105	22642	254	0	21795,19889,19889,12460,12460,12460,12460	2	13	22323,0,0,0,0,0,0	61	1985
175176	159	365	232	91	89	35	13	6	2003	203	374	491	277	0	32	2571	360	624	0,0,0,0,0,0	25993	58	102	22744	254	0	21918,19999,19999,12492,12492,12492,12492	2	7	22425,0,0,0,0,0,0	62	2036
175191	152	356	238	92	97	37	11	8	1982	205	377	478	264	3	36	2430	356	627	0,0,0,0,0,0	25681	66	99	22842	256	0	22051,20120,20120,12538,12538,12538,12538	2	10	22523,0,0,0,0,0,0	55	2086
175238	145	340	224	103	90	34	10	8	1966	206	382	485	252	6	32	2507	353	593	0,0,0,0,0,0	25609	64	83	22925	256	0	22164,20219,20219,12558,12558,12558,12558	1	5	22606,0,0,0,0,0,0	54	2140
175288	143	334	222	103	101	33	11	7	1915	206	383	467	115	0	24	2245	339	608	0,0,0,0,0,0	25350	82	104	23028	257	0	22290,20330,20330,12584,12584,12584,12584	1	11	22709,0,0,0,0,0,0	52	2202
175331	141	318	221	104	95	29	14	6	1896	207	384	449	261	2	39	2151	343	579	0,0,0,0,0,0	37450	57	88	23113	261	0	22408,20436,20436,12610,12610,12610,12610	1	10	22794,0,0,0,0,0,0	54	2248
175385	138	295	223	94	95	31	15	7	1869	207	387	483	279	1	29	2347	331	560	0,0,0,0,0,0	37361	199	76	23190	261	0	22505,20519,20519,12619,12619,12619,12619	1	5	22871,0,0,0,0,0,0	59	2413
175421	144	277	234	94	96	30	13	5	1831	210	391	481	258	0	39	2352	343	545	0,0,0,0,0,0	25583	228	94	23283	262	0	22616,20618,20618,12643,12643,12643,12643	1	8	22964,0,0,0,0,0,0	59	2604
175445	157	286	214	100	84	33	12	5	1806	211	393	459	296	4	28	2352	345	541	0,0,0,0,0,0	25716	203	105	23384	266	0	22728,20717,20717,12673,12673,12673,12673	1	14	23065,0,0,0,0,0,0	67	2763
175479	138	288	205	91	91	34	12	5	1792	211	400	483	82	0	37	2473	353	506	0,0,0,0,0,0	25574	222	68	23451	268	0	22813,20792,20792,12684,12684,12684,12684	1	5	23132,0,0,0,0,0,0	65	2937
175522	128	289	204	95	84	38	12	4	1757	211	402	482	250	1	29	2310	347	503	0,0,0,0,0,0	25441	212	76	23527	269	0	22902,20868,20868,12693,12693,12693,12693	1	8	23209,0,0,0,0,0,0	70	3112
175539	133	273	201	110	89	37	11	3	1734	213	403	478	95	0	27	2277	343	511	0,0,0,0,0,0	25465	231	92	23619	269	0	23010,20965,20965,12724,12724,12724,12724	1	15	23301,0,0,0,0,0,0	69	3308
175562	141	282	180	103	88	41	13	3	1713	213	407	495	139	0	30	2268	334	514	0,0,0,0,0,0	37296	204	91	23709	271	0	23113,21057,21057,12752,12752,12752,12752	1	6	23391,0,0,0,0,0,0	74	3477
175611	135	267	194	95	95	39	15	3	1668	213	411	499	102	2	23	2323	335	505	0,0,0,0,0,0	37209	143	75	23782	273	0	23278,21210,21210,12795,12795,12795,12795	1	2	23464,0,0,0,0,0,0	68	3592
175645	139	276	179	92	93	38	14	2	1641	214	413	497	316	2	22	2329	329	502	0,0,0,0,0,0	25344	162	89	23870	275	0	23473,21394,21394,12861,12861,12861,12861	1	10	23552,0,0,0,0,0,0	64	3729
175605	161	317	174	76	86	37	16	2	1640	214	418	505	93	0	34	2023	336	531	5,0,0,0,0,0	25329	170	87	24000	277	0	23698,21611,21611,12978,12978,12978,12978	1	8	23639,44,0,0,0,0,0	68	3865
175608	155	325	185	80	87	34	16	2	1620	215	419	518	259	1	24	2127	327	555	10,0,0,0,0,0	25274	161	73	24104	281	0	23890,21792,21792,13060,13060,13060,13060	1	4	23699,89,0,0,0,0,0	68	3989
175596	172	333	195	74	92	35	15	2	1593	216	423	506	262	0	25	2038	322	594	14,0,0,0,0,0	25414	157	95	24228	283	0	24102,21995,21995,13160,13160,13160,13160	1	8	23779,134,0,0,0,0,0	71	4108
175544	193	359	194	82	108	36	13	3	1570	218	426	530	317	1	23	2100	321	664	20,0,0,0,0,0	25158	176	115	24379	286	0	24354,22237,22237,13297,13297,13297,13297	1	8	23856,209,0,0,0,0,0	64	4251
175504	218	354	192	80	116	36	11	4	1585	219	427	522	248	0	36	1975	319	688	27,0,0,0,0,0	37197	176	108	24512	288	0	24575,22450,22450,13416,13416,13416,13416	1	11	23919,280,0,0,0,0,0	69	4388
175446	231	380	198	92	111	37	11	4	1585	220	431	523	256	2	33	2075	317	743	33,0,0,0,0,0	37309	153	116	24665	290	0	24811,22678,22678,13547,13547,13547,13547	1	8	23976,377,0,0,0,0,0	70	4509
175423	231	402	202	98	120	39	12	3	1558	220	438	546	259	0	42	2206	328	776	37,0,0,0,0,0	25500	133	142	24805	293	0	25031,22887,22887,13654,13654,13654,13654	1	9	24047,447,0,0,0,0,0	69	4615
175351	248	433	226	96	116	38	11	4	1561	221	441	571	261	1	46	2235	366	802	41,0,0,0,0,0	25238	115	171	24968	301	0	25267,23115,23114,13792,13792,13792,13792	1	15	24125,539,0,0,0,0,0	65	4700
175304	262	440	252	95	119	37	11	3	1557	223	443	547	276	1	32	2759	370	846	45,0,0,0,0,0	25563	143	145	25114	302	0	25489,23329,23328,13912,13912,13912,13912	1	14	24179,632,0,0,0,0,0	69	4806
175250	263	470	261	119	125	34	13	2	1541	223	445	562	337	1	32	3036	381	904	48,0,0,0,0,0	26258	130	172	25279	309	0	25720,23552,23551,14042,14042,14042,14042	1	14	24236,744,0,0,0,0,0	64	4896
175164	251	543	276	132	121	37	14	1	1538	223	446	559	152	4	49	3151	421	953	50,0,0,0,0,0	26440	134	177	25453	315	0	25971,23796,23794,14194,14194,14194,14194	1	10	24306,853,0,0,0,0,0	69	4993
175092	247	544	308	139	122	38	15	1	1568	223	449	537	304	2	32	3208	410	1003	53,0,0,0,0,0	38435	103	157	25608	319	0	26209,24029,24026,14334,14334,14334,14334	1	13	24357,960,0,0,0,0,0	73	5066
175040	253	543	317	144	129	39	16	2	1586	224	453	533	227	1	39	3305	439	1002	55,0,0,0,0,0	38020	287	169	25770	326	0	26422,24234,24229,14448,14448,14448,14448	1	12	24414,1068,0,0,0,0,0	76	5269
174944	266	559	329	159	132	41	15	3	1619	224	455	558	279	1	50	3478	448	1053	58,0,0,0,0,0	26343	295	195	25960	333	0	26653,24460,24453,14594,14594,14594,14594	1	16	24476,1202,0,0,0,0,0	68	5491
174846	286	569	353	163	152	43	15	4	1632	225	458	548	83	2	38	3497	470	1111	60,0,0,0,0,0	26697	272	211	26164	341	0	26888,24686,24679,14741,14741,14741,14741	1	8	24528,1359,0,0,0,0,0	75	5678
174709	322	604	351	161	150	47	15	5	1695	226	461	535	258	0	58	3438	496	1154	64,0,0,0,0,0	26504	302	240	26397	351	0	27162,24955,24945,14929,14929,14929,14929	1	17	24583,1545,0,0,0,0,0	83	5897
174597	339	639	344	163	149	48	17	5	1755	226	464	573	296	3	59	3773	527	1172	66,0,0,0,0,0	26950	315	225	26612	362	0	27412,25197,25187,15092,15092,15092,15092	1	13	24637,1712,0,0,0,0,0	82	6120
174426	362	689	381	160	153	50	14	6	1809	228	468	588	284	3	56	3765	544	1265	68,0,0,0,0,0	27068	301	262	26868	368	0	27710,25491,25479,15309,15309,15309,15309	1	20	24697,1913,0,0,0,0,0	86	6319
174315	350	716	400	178	157	53	15	5	1857	229	471	595	259	4	54	3322	551	1318	70,0,0,0,0,0	38408	289	236	27101	373	0	27965,25739,25724,15476,15476,15476,15476	1	19	24747,2100,0,0,0,0,0	93	6515
174212	355	732	414	197	160	57	15	5	1892	233	474	577	303	0	44	3290	530	1400	72,0,0,0,0,0	38286	628	242	27339	378	0	28313,26085,26064,15688,15688,15688,15688	1	16	24790,2298,0,0,0,0,0	90	6863
174030	408	758	445	189	187	61	17	4	1938	233	476	552	278	6	86	3490	606	1459	75,0,0,0,0,0	26326	590	308	27631	395	0	28732,26503,26478,15972,15972,15972,15972	1	19	24840,2555,0,0,0,0,0	108	7313
173834	434	815	465	180	198	66	17	3	2018	233	483	518	261	5	81	3973	674	1501	76,0,0,0,0,0	26868	602	314	27937	404	0	29143,26913,26885,16262,16262,16262,16262	1	15	24890,2817,0,0,0,0,0	115	7845
173633	501	848	498	190	205	68	18	3	2061	235	486	512	286	4	62	4060	705	1623	79,0,0,0,0,0	27137	574	348	28275	415	0	29598,27366,27332,16578,16578,16578,16578	2	20	24934,3120,0,0,0,0,0	122	8348
173451	510	902	510	228	216	69	18	3	2110	239	490	509	280	1	80	4598	769	1684	80,0,0,0,0,0	27235	611	321	28588	423	0	30027,27795,27756,16870,16870,16870,16870	2	24	24979,3394,0,0,0,0,0	120	8878
173187	550	1019	516	248	218	69	20	3	2184	240	492	506	253	3	78	5113	785	1855	82,0,0,0,0,0	27470	646	403	28981	435	0	30535,28302,28257,17241,17241,17241,17241	2	29	25025,3751,0,0,0,0,0	124	9446
172980	564	1045	565	281	222	67	24	2	2263	240	493	504	323	5	70	5212	819	1949	83,0,0,0,0,0	39777	589	334	29307	445	0	30962,28731,28680,17546,17546,17546,17546	2	20	25064,4048,0,0,0,0,0	145	9969
172765	572	1068	598	301	243	68	24	2	2369	240	496	490	266	3	80	5362	879	1995	84,0,0,0,0,0	39792	829	351	29642	464	0	31437,29205,29149,17874,17874,17874,17874	2	22	25097,4366,0,0,0,0,0	145	10700
172481	599	1145	632	303	271	73	28	1	2475	241	497	508	252	1	91	5753	951	2100	85,0,0,0,0,0	28390	780	428	30058	479	0	32032,29802,29739,18296,18296,18296,18296	2	32	25143,4748,0,0,0,0,0	144	11369
172150	658	1252	644	305	267	82	29	1	2614	243	501	516	253	3	105	6539	1047	2190	86,0,0,0,0,0	29097	798	481	30525	494	0	32712,30487,30415,18786,18786,18786,18786	2	34	25175,5196,0,0,0,0,0	154	12057
171855	686	1274	681	333	302	83	32	1	2749	244	506	488	259	6	93	6822	1088	2303	87,0,0,0,0,0	29494	818	439	30948	512	0	33341,31119,31040,19233,19233,19233,19233	2	25	25211,5597,0,0,0,0,0	165	12766
171495	700	1364	745	376	314	83	32	3	2879	244	511	479	256	6	114	6971	1155	2459	88,0,0,0,0,0	29984	820	530	31463	530	0	34068,31852,31762,19765,19765,19765,19765	2	27	25254,6084,0,0,0,0,0	167	13465
171158	719	1457	770	392	338	83	36	3	3032	246	512	494	230	4	111	7279	1205	2590	89,0,0,0,0,0	30067	808	513	31963	545	0	34786,32580,32478,20279,20279,20279,20279	3	35	25290,6560,0,0,0,0,0	173	14135
170814	758	1496	791	401	380	89	43	3	3205	249	517	452	254	5	100	7384	1256	2702	90,0,0,0,0,0	41363	758	518	32457	572	0	35485,33289,33175,20791,20791,20791,20791	3	28	25316,7051,0,0,0,0,0	198	14761
170551	762	1524	825	399	398	93	45	1	3376	252	520	487	301	8	131	7348	1302	2744	91,0,0,0,0,0	41615	863	470	32911	591	0	36210,34026,33897,21272,21272,21272,21272	3	26	25349,7490,0,0,0,0,0	210	15502
170215	786	1579	842	414	405	100	52	2	3573	257	521	448	270	3	140	7495	1334	2844	91,0,0,0,0,0	46881	889	542	33438	607	0	36974,34799,34656,21806,21806,21806,21806	3	39	25376,8004,0,0,0,0,0	226	16247
169876	825	1603	895	432	432	103	54	3	3740	258	525	430	306	15	148	7895	1459	2885	92,0,0,0,0,0	46755	895	538	33956	630	0	37730,35568,35411,22339,22339,22339,22339	3	31	25401,8518,0,0,0,0,0	235	16995
169554	819	1687	912	453	449	110	54	6	3909	262	531	426	306	6	135	8490	1506	2978	93,0,0,0,0,0	47354	878	550	34481	659	0	38504,36356,36182,22875,22875,22875,22875	3	43	25430,9040,0,0,0,0,0	223	17713
169264	838	1695	938	485	435	123	57	6	4103	265	537	406	247	9	149	8573	1549	3022	93,0,0,0,0,0	47622	832	528	34982	689	0	39242,37108,36917,23378,23378,23378,23378	3	43	25459,9539,0,0,0,0,0	240	18403
168998	835	1713	1002	503	467	129	63	7	4221	266	542	377	252	10	134	8699	1592	3120	93,0,0,0,0,0	47661	873	544	35511	706	0	40002,37884,37672,23881,23881,23881,23881	3	39	25481,10059,0,0,0,0,0	242	19117
168804	830	1665	1021	549	492	129	66	7	4370	270	543	393	258	3	134	9277	1638	3114	94,0,0,0,0,0	71479	859	477	35961	733	0	40658,38558,38324,24296,24296,24296,24296	3	20	25496,10514,0,0,0,0,0	245	19803
168633	775	1641	1046	552	521	138	70	8	4541	271	550	401	259	3	139	9371	1660	3083	94,0,0,0,0,0	72034	666	441	36376	761	0	41370,39291,39036,24732,24732,24732,24732	3	22	25514,10928,0,0,0,0,0	264	20351
168383	769	1649	1049	583	511	141	74	9	4752	275	551	387	253	7	202	9806	1780	2996	95,0,0,0,0,0	48526	672	513	36867	786	0	42149,40087,39813,25234,25234,25234,25234	3	43	25531,11422,0,0,0,0,0	270	20886
168137	752	1660	1068	586	536	130	80	10	4954	281	552	381	312	5	173	10472	1823	2989	95,0,0,0,0,0	48725	668	513	37353	815	0	42921,40880,40586,25736,25736,25736,25736	4	31	25555,11904,0,0,0,0,0	262	21424
167903	790	1640	1067	570	528	130	87	9	5180	287	555	380	322	7	166	10444	1788	3024	95,0,0,0,0,0	49090	674	526	37857	841	0	43705,41688,41370,26238,26238,26238,26238	4	36	25566,12415,0,0,0,0,0	276	21954
167676	790	1645	1108	575	504	140	91	12	5358	290	557	370	253	11	149	10597	1763	3090	96,0,0,0,0,0	48962	632	537	38368	869	0	44479,42486,42144,26736,26736,26736,26736	4	37	25576,12931,0,0,0,0,0	272	22441
167493	798	1658	1111	561	513	140	91	16	5511	295	559	379	264	4	165	9951	1719	3153	96,0,0,0,0,0	48969	672	536	38868	907	0	45243,43280,42909,27208,27208,27208,27208	4	30	25592,13443,0,0,0,0,0	278	22958
167456	719	1612	1127	545	511	141	90	15	5666	300	564	362	309	8	132	9820	1647	3098	96,0,0,0,0,0	72460	649	387	39238	926	0	45866,43935,43534,27540,27540,27540,27540	3	17	25602,13818,0,0,0,0,0	284	23471
167390	679	1528	1124	549	518	145	86	20	5838	305	564	379	337	7	158	9571	1621	3008	96,0,0,0,0,0	72245	924	419	39624	961	0	46511,44615,44186,27926,27926,27926,27926	3	16	25607,14223,0,0,0,0,0	276	24218
167226	681	1540	1089	509	550	151	88	17	6015	313	567	369	264	9	179	9922	1608	3000	96,0,0,0,0,0	48491	830	509	40107	994	0	47290,45426,44969,28393,28393,28393,28393	3	19	25617,14717,0,0,0,0,0	259	24877
167084	706	1543	1096	499	529	155	88	17	6140	318	571	368	249	8	182	9904	1619	2997	96,0,0,0,0,0	48560	913	498	40581	1021	0	48076,46242,45754,28837,28837,28837,28837	3	35	25629,15197,0,0,0,0,0	269	25606
166939	720	1550	1086	502	500	151	93	15	6296	322	572	362	271	9	153	10017	1597	3005	97,0,0,0,0,0	48586	906	496	41049	1054	0	48844,47041,46523,29272,29272,29272,29272	3	27	25632,15683,0,0,0,0,0	276	26316
166751	764	1592	1068	494	478	150	92	17	6437	329	574	360	254	8	139	9630	1550	3088	97,0,0,0,0,0	48555	927	543	41569	1079	0	49666,47892,47344,29756,29756,29756,29756	3	18	25637,16215,0,0,0,0,0	267	27028
166624	775	1623	1064	497	477	149	87	20	6518	336	576	337	254	3	164	9465	1536	3136	97,0,0,0,0,0	48586	907	516	42074	1094	0	50485,48745,48162,30210,30210,30210,30210	3	23	25644,16723,0,0,0,0,0	267	27732
166656	692	1599	1034	520	476	153	88	21	6590	338	579	340	275	6	134	9417	1489	3073	97,0,0,0,0,0	71949	865	388	42439	1120	0	51140,49434,48815,30506,30506,30506,30506	3	23	25650,17102,0,0,0,0,0	273	28417
166602	670	1558	1025	497	476	143	100	18	6732	342	583	339	279	5	160	9197	1466	3003	98,0,0,0,0,0	71798	1090	427	42845	1144	0	51995,50321,49671,30938,30938,30938,30938	3	23	25652,17521,0,0,0,0,0	279	29283
166556	693	1507	1013	510	490	138	105	17	6783	347	587	329	306	9	176	9306	1528	2928	98,0,0,0,0,0	47958	1117	480	43302	1169	0	52850,51213,50525,31365,31365,31365,31365	2	24	25655,17991,0,0,0,0,0	277	30163
166487	690	1476	989	505	465	144	99	21	6930	353	587	357	239	7	143	9378	1470	2898	98,0,0,0,0,0	48211	1080	451	43733	1192	0	53713,52109,51389,31804,31804,31804,31804	2	16	25660,18434,0,0,0,0,0	275	31021
166466	657	1465	1001	503	471	145	99	23	6969	358	589	347	250	9	168	9048	1493	2848	98,0,0,0,0,0	48356	1066	438	44149	1214	0	54560,52993,52237,32214,32214,32214,32214	2	22	25664,18864,0,0,0,0,0	274	31832
166413	693	1423	987	513	469	149	104	23	7017	366	589	350	319	8	154	8763	1466	2872	98,0,0,0,0,0	47926	1070	457	44581	1241	0	55419,53888,53098,32650,32650,32650,32650	2	31	25666,19315,0,0,0,0,0	277	32652
166395	715	1387	984	512	469	146	99	24	7045	377	593	341	247	9	159	9006	1480	2832	98,0,0,0,0,0	48030	1074	454	45015	1263	0	56271,54778,53950,33063,33063,33063,33063	2	25	25668,19762,0,0,0,0,0	284	33462
166480	671	1356	965	511	463	146	94	25	7058	382	595	353	250	3	143	8604	1497	2709	98,0,0,0,0,0	71292	1107	356	45348	1287	0	56991,55537,54671,33367,33367,33367,33367	2	14	25668,20110,0,0,0,0,0	277	34282
166615	585	1303	957	485	452	145	90	25	7098	392	599	340	255	6	131	8677	1428	2589	98,0,0,0,0,0	71558	1367	299	45629	1306	0	57777,56362,55458,33662,33662,33662,33662	2	12	25669,20402,0,0,0,0,0	268	35333
166660	559	1346	917	458	456	143	92	24	7095	395	601	354	296	5	138	8424	1367	2604	98,0,0,0,0,0	47461	1390	410	46011	1336	0	58665,57292,56348,34056,34056,34056,34056	2	25	25675,20797,0,0,0,0,0	262	36386
166710	572	1297	926	462	438	147	92	22	7075	401	604	359	308	7	143	8423	1360	2574	99,0,0,0,0,0	47117	1394	402	46386	1365	0	59527,58194,57212,34432,34432,34432,34432	2	29	25676,21191,0,0,0,0,0	259	37407
166809	572	1258	912	449	436	144	88	23	7042	408	605	341	267	2	153	8512	1387	2472	99,0,0,0,0,0	47231	1332	361	46726	1387	0	60328,59037,58014,34755,34755,34755,34755	2	24	25677,21546,0,0,0,0,0	249	38412
166925	567	1251	903	433	419	148	93	24	6967	411	605	352	251	5	134	8342	1329	2485	99,0,0,0,0,0	39576	1475	396	47097	1415	0	61136,59892,58824,35076,35076,35076,35076	2	26	25678,21935,0,0,0,0,0	244	39500
167006	592	1227	864	423	407	143	86	25	6947	418	608	368	269	7	136	8822	1288	2454	99,0,0,0,0,0	39516	1332	382	47450	1445	0	61952,60749,59642,35417,35417,35417,35417	2	18	25678,22308,0,0,0,0,0	253	40493
167169	567	1182	856	427	390	136	79	28	6880	422	610	379	254	5	101	8739	1219	2418	99,0,0,0,0,0	42059	1323	308	47736	1468	0	62702,61542,60394,35692,35692,35692,35692	2	14	25678,22607,0,0,0,0,0	254	41470
167329	491	1176	827	396	398	135	74	28	6852	429	611	377	329	3	112	8187	1138	2359	99,0,0,0,0,0	41844	1068	278	48000	1483	0	63444,62323,61136,35946,35946,35946,35946	2	12	25678,22881,0,0,0,0,0	236	42253
167447	466	1144	819	378	387	135	79	24	6824	430	613	381	318	5	132	7962	1089	2319	99,0,0,0,0,0	39018	1088	318	48303	1499	0	64234,63150,61927,36240,36240,36240,36240	2	14	25678,23196,0,0,0,0,0	229	43030
167529	516	1095	809	372	365	137	74	26	6773	435	615	379	316	3	120	7606	1039	2329	99,0,0,0,0,0	38780	1087	362	48641	1528	0	65045,64002,62739,36561,36561,36561,36561	2	22	25679,23555,0,0,0,0,0	227	43784
167623	532	1066	786	350	365	139	79	23	6731	437	615	384	240	5	142	7716	1024	2293	99,0,0,0,0,0	38764	1120	337	48963	1546	0	65820,64818,63515,36858,36858,36858,36858	2	18	25680,23890,0,0,0,0,0	227	44539
167813	531	1082	740	343	361	132	76	24	6587	441	616	357	324	8	106	7465	973	2292	99,0,0,0,0,0	38644	1051	318	49259	1569	0	66606,65650,64303,37122,37122,37122,37122	2	16	25680,24204,0,0,0,0,0	229	45269
167975	515	1078	735	311	353	124	72	26	6497	444	616	346	263	7	109	7364	936	2252	99,0,0,0,0,0	38565	1045	308	49551	1586	0	67363,66448,65060,37377,37377,37377,37377	2	11	25680,24507,0,0,0,0,0	212	45982
168121	486	1066	731	312	314	120	70	25	6434	451	616	362	261	3	96	6482	911	2188	99,0,0,0,0,0	40717	1079	280	49810	1608	0	68076,67202,65776,37623,37623,37623,37623	1	8	25680,24784,0,0,0,0,0	207	46747
168331	440	1033	739	318	314	114	70	22	6291	457	617	371	241	4	87	5967	867	2161	99,0,0,0,0,0	40147	858	262	50054	1627	0	68758,67930,66462,37817,37817,37817,37817	1	12	25681,25041,0,0,0,0,0	199	47296
168489	428	1036	726	319	301	110	65	26	6166	462	618	385	257	7	106	5396	856	2129	99,0,0,0,0,0	30378	884	297	50333	1645	0	69450,68664,67157,38038,38038,38038,38038	1	12	25681,25336,0,0,0,0,0	198	47907
168629	445	977	725	318	294	105	68	28	6068	466	623	381	248	0	120	5707	880	2052	99,0,0,0,0,0	30434	884	299	50605	1672	0	70164,69421,67875,38275,38275,38275,38275	1	16	25681,25629,0,0,0,0,0	185	48512
168774	422	915	720	320	300	103	62	30	6008	469	623	367	248	2	92	6035	850	1992	99,0,0,0,0,0	30778	923	242	50832	1689	0	70841,70136,68556,38488,38488,38488,38488	1	7	25683,25866,0,0,0,0,0	186	49125
168886	415	913	706	321	297	101	61	24	5924	474	624	356	273	5	108	6094	849	1965	99,0,0,0,0,0	30612	924	279	51097	1703	0	71537,70869,69256,38729,38729,38729,38729	1	9	25683,26142,0,0,0,0,0	180	49746
169060	415	869	680	309	287	87	61	24	5852	477	625	383	229	5	103	6016	847	1861	99,0,0,0,0,0	25844	916	234	51319	1717	0	72170,71542,69893,38908,38908,38908,38908	1	12	25684,26373,0,0,0,0,0	165	50354
169231	361	838	664	293	273	80	57	20	5818	482	629	390	254	4	82	5755	801	1765	99,0,0,0,0,0	31625	902	197	51510	1723	0	72800,72205,70526,39089,39089,39089,39089	1	6	25685,26567,0,0,0,0,0	154	50967
169406	339	802	647	279	279	81	57	17	5721	483	635	364	269	2	82	5737	784	1700	99,0,0,0,0,0	31847	1209	195	51701	1730	0	73415,72856,71145,39252,39252,39252,39252	1	5	25685,26762,0,0,0,0,0	157	51838
169606	321	779	595	275	288	73	54	15	5609	490	641	381	297	4	84	5853	768	1617	99,0,0,0,0,0	25427	1215	201	51891	1742	0	74051,73532,71786,39414,39414,39414,39414	1	8	25687,26959,0,0,0,0,0	135	52700
169753	343	717	611	266	261	68	53	15	5526	491	642	387	293	5	101	5839	750	1569	99,0,0,0,0,0	25267	1198	217	52092	1761	0	74675,74191,72415,39593,39593,39593,39593	1	9	25687,27175,0,0,0,0,0	131	53549
169968	317	677	610	256	234	73	50	12	5407	496	646	416	229	4	71	6032	722	1495	99,0,0,0,0,0	25402	1243	178	52262	1770	0	75270,74824,73016,39730,39730,39730,39730	1	7	25687,27351,0,0,0,0,0	137	54444
170156	293	667	592	232	214	70	51	12	5314	499	646	388	254	4	63	5926	685	1434	99,0,0,0,0,0	25424	1230	188	52441	1781	0	75879,75470,73630,39884,39884,39884,39884	1	7	25688,27533,0,0,0,0,0	130	55306
170350	300	620	569	211	201	71	49	10	5212	505	648	408	286	1	59	5313	610	1411	99,0,0,0,0,0	25226	1185	169	52598	1793	0	76455,76081,74212,40023,40023,40023,40023	1	8	25688,27700,0,0,0,0,0	132	56132
170555	278	593	547	192	203	69	47	9	5098	506	649	433	322	6	57	4997	581	1348	99,0,0,0,0,0	29330	1224	133	52721	1804	0	77014,76670,74776,40151,40151,40151,40151	1	8	25689,27829,0,0,0,0,0	139	56998
170761	242	556	539	173	195	65	43	8	5004	509	651	440	329	3	54	4638	538	1275	99,0,0,0,0,0	28706	601	119	52833	1812	0	77730,77418,75500,40354,40354,40354,40354	1	2	25689,27947,0,0,0,0,0	130	57420
170972	230	518	524	169	177	62	42	10	4876	510	656	441	319	1	68	4848	519	1203	99,0,0,0,0,0	23508	549	135	52954	1827	0	78457,78181,76236,40555,40555,40555,40555	0	8	25689,28076,0,0,0,0,0	125	57778
171210	209	500	492	164	165	56	34	9	4732	517	658	473	296	3	52	4988	486	1134	99,0,0,0,0,0	23566	596	128	53072	1838	0	79160,78921,76948,40740,40740,40740,40740	0	11	25690,28200,0,0,0,0,0	106	58165
171451	201	489	439	143	152	55	31	11	4595	518	661	474	233	6	45	4698	445	1065	99,0,0,0,0,0	23413	575	120	53181	1850	0	79862,79657,77658,40920,40920,40920,40920	0	5	25690,28318,0,0,0,0,0	102	58542
171676	181	451	424	134	149	53	29	9	4457	521	662	461	259	2	42	4621	418	1003	99,0,0,0,0,0	23186	589	105	53279	1857	0	80597,80425,78402,41121,41121,41121,41121	0	6	25690,28421,0,0,0,0,0	92	58931
171864	160	425	400	130	143	47	26	8	4356	524	663	462	229	3	41	4069	389	942	99,0,0,0,0,0	23216	612	95	53368	1864	0	81276,81134,79089,41304,41304,41304,41304	0	6	25690,28517,0,0,0,0,0	83	59368
172109	147	391	372	115	140	49	22	9	4203	526	663	448	224	0	35	3912	355	881	99,0,0,0,0,0	28247	567	92	53452	1872	0	81944,81833,79764,41469,41469,41469,41469	0	1	25690,28608,0,0,0,0,0	75	59730
172337	132	357	352	115	130	46	23	9	4055	526	664	443	260	0	33	3523	321	834	99,0,0,0,0,0	27945	754	73	53514	1883	0	82349,82267,80176,41486,41486,41486,41486	0	3	25690,28676,0,0,0,0,0	75	60260
172515	129	337	329	105	119	46	22	10	3938	528	668	459	286	1	38	3172	306	781	99,0,0,0,0,0	16964	843	90	53602	1885	0	82758,82702,80591,41521,41521,41521,41521	0	4	25690,28765,0,0,0,0,0	67	60832
172681	138	293	320	109	106	41	21	13	3823	530	671	473	155	0	33	2921	285	743	99,0,0,0,0,0	16845	787	88	53686	1890	0	83171,83138,81010,41566,41566,41566,41566	0	5	25690,28853,0,0,0,0,0	60	61377
172883	137	265	286	99	99	37	20	12	3704	532	672	454	258	2	40	3023	263	680	99,0,0,0,0,0	16786	833	75	53755	1896	0	83574,83565,81419,41596,41596,41596,41596	0	0	25690,28924,0,0,0,0,0	59	61962
173065	129	267	255	85	101	37	21	12	3565	533	676	456	273	1	28	2779	242	653	99,0,0,0,0,0	16773	815	76	53827	1900	0	83961,83974,81812,41621,41621,41621,41621	0	2	25690,28999,0,0,0,0,0	58	62553
173252	109	265	246	80	86	32	17	11	3435	535	678	486	238	0	26	2578	218	617	100,0,0,0,0,0	16449	792	66	53888	1906	0	84352,84387,82210,41650,41650,41650,41650	0	8	25690,29062,0,0,0,0,0	54	63104
173449	97	261	244	76	75	30	15	12	3272	537	678	464	244	2	15	2456	191	607	100,0,0,0,0,0	26863	819	61	53947	1909	0	84734,84790,82597,41673,41673,41673,41673	0	1	25690,29123,0,0,0,0,0	50	63692
173639	91	241	238	75	73	24	12	12	3120	539	682	477	263	1	21	2543	182	572	100,0,0,0,0,0	26852	1059	47	53991	1912	0	85085,85162,82953,41674,41674,41674,41674	0	3	25690,29169,0,0,0,0,0	41	64452
173813	91	220	217	65	71	17	11	12	3004	540	685	488	89	1	18	2420	166	526	100,0,0,0,0,0	16020	1060	50	54038	1915	0	85470,85567,83343,41683,41683,41683,41683	0	3	25690,29218,0,0,0,0,0	34	65189
174006	92	185	217	64	67	18	10	11	2845	541	690	493	249	1	23	2398	161	492	100,0,0,0,0,0	16045	1059	42	54077	1918	0	85832,85949,83711,41675,41675,41675,41675	0	1	25690,29260,0,0,0,0,0	32	65961
174185	79	202	205	53	58	16	10	11	2690	542	695	502	244	1	22	2385	160	463	100,0,0,0,0,0	15967	1070	54	54127	1922	0	86227,86363,84111,41697,41697,41697,41697	0	3	25690,29312,0,0,0,0,0	33	66708
174343	77	195	192	51	59	17	8	10	2553	544	697	501	254	2	14	2326	147	452	100,0,0,0,0,0	16128	1062	53	54178	1924	0	86641,86794,84530,41733,41733,41733,41733	0	4	25690,29365,0,0,0,0,0	31	67476
174458	84	200	175	44	55	16	8	9	2452	544	701	510	323	0	13	1892	144	438	100,0,0,0,0,0	16061	1079	71	54241	1932	0	87047,87216,84942,41787,41787,41787,41787	0	2	25690,29432,0,0,0,0,0	34	68212
174599	79	192	164	52	55	12	8	5	2331	544	705	523	141	0	11	1536	131	431	100,0,0,0,0,0	20918	996	50	54286	1937	0	87447,87631,85347,41832,41832,41832,41832	0	2	25690,29481,0,0,0,0,0	29	68921
174732	72	181	164	47	49	13	8	4	2223	544	709	519	278	1	13	1330	113	421	100,0,0,0,0,0	20865	318	37	54322	1938	0	88001,88198,85907,41949,41949,41949,41949	0	2	25690,29517,0,0,0,0,0	25	69129
174846	66	177	161	40	50	14	6	4	2127	546	709	519	244	1	12	1292	106	408	100,0,0,0,0,0	12199	366	52	54369	1943	0	88553,88766,86468,42072,42072,42072,42072	0	2	25690,29567,0,0,0,0,0	22	69380
174967	56	172	151	42	46	11	6	4	2032	547	712	514	266	0	18	1332	105	379	100,0,0,0,0,0	12258	326	36	54405	1944	0	89103,89330,87025,42189,42189,42189,42189	0	1	25690,29604,0,0,0,0,0	23	69596
175085	61	145	152	41	53	12	4	3	1927	549	714	553	92	2	15	1291	92	376	100,0,0,0,0,0	12058	354	41	54444	1946	0	89660,89901,87590,42314,42314,42314,42314	0	0	25690,29645,0,0,0,0,0	21	69826
175197	68	125	147	41	48	13	3	4	1832	549	719	549	257	3	18	1283	106	339	100,0,0,0,0,0	12110	348	39	54478	1951	0	90217,90472,88155,42445,42445,42445,42445	0	3	25690,29683,0,0,0,0,0	20	70058
175312	57	134	126	42	37	12	3	3	1752	549	719	563	306	0	13	1241	101	310	100,0,0,0,0,0	12263	349	32	54508	1953	0	90742,91009,88687,42555,42555,42555,42555	0	1	25690,29715,0,0,0,0,0	22	70307
175443	52	125	127	38	30	9	3	4	1643	549	723	559	111	0	10	1256	94	290	100,0,0,0,0,0	20819	328	28	54532	1957	0	91266,91546,89219,42664,42664,42664,42664	0	1	25690,29741,0,0,0,0,0	16	70516
175530	44	129	109	34	34	8	2	3	1573	550	730	569	301	2	12	1170	87	273	100,0,0,0,0,0	20619	317	32	54563	1959	0	91430,91720,89385,42577,42577,42577,42577	0	3	25690,29774,0,0,0,0,0	14	70731
175631	44	124	106	34	34	8	2	3	1479	550	731	571	256	1	7	1180	79	273	100,0,0,0,0,0	12049	331	30	54591	1961	0	91581,91881,89540,42475,42475,42475,42475	0	1	25690,29804,0,0,0,0,0	13	70947
175699	46	111	110	36	31	9	1	4	1417	550	732	561	92	1	9	1203	78	266	100,0,0,0,0,0	12001	305	37	54625	1964	0	91735,92044,89698,42393,42393,42393,42393	0	2	25690,29840,0,0,0,0,0	14	71142
175794	40	93	104	35	35	7	1	4	1347	550	736	560	273	1	10	1034	75	240	100,0,0,0,0,0	12024	326	15	54639	1965	0	91875,92194,89843,42288,42288,42288,42288	0	0	25690,29855,0,0,0,0,0	12	71363
175830	43	94	99	30	33	8	2	4	1311	550	742	543	236	1	9	914	74	235	100,0,0,0,0,0	11859	335	38	54671	1971	0	92035,92360,90007,42219,42219,42219,42219	0	5	25690,29892,0,0,0,0,0	13	71576
175919	45	87	100	25	26	8	2	2	1240	550	742	555	249	1	9	925	70	223	100,0,0,0,0,0	11761	336	26	54694	1974	0	92202,92535,90176,42126,42126,42126,42126	0	4	25690,29918,0,0,0,0,0	12	71809
175990	51	79	87	23	23	8	3	1	1185	550	746	589	90	0	4	857	59	215	100,0,0,0,0,0	20227	310	21	54713	1976	0	92338,92678,90316,42041,42041,42041,42041	0	1	25690,29937,0,0,0,0,0	14	72026
176045	46	82	74	21	22	7	3	1	1141	550	754	587	119	2	7	738	50	205	100,0,0,0,0,0	20185	166	19	54732	1976	0	92534,92880,90517,41990,41990,41990,41990	0	2	25690,29956,0,0,0,0,0	13	72137
176106	38	81	70	17	22	5	3	1	1095	551	757	605	96	0	5	780	45	191	100,0,0,0,0,0	11609	150	19	54750	1977	0	92738,93091,90728,41945,41945,41945,41945	0	3	25690,29975,0,0,0,0,0	9	72227
176180	28	85	75	14	23	3	3	1	1023	551	760	586	92	0	6	847	50	181	100,0,0,0,0,0	11600	154	18	54768	1978	0	92926,93287,90921,41878,41878,41878,41878	0	1	25690,29994,0,0,0,0,0	9	72329
176237	27	70	89	15	22	4	3	1	965	551	762	598	5211	8	5	851	49	181	100,0,0,0,0,0	11650	178	25	54792	1979	0	93142,93510,91142,41835,41835,41835,41835	0	1	25690,30019,0,0,0,0,0	9	72446
176299	28	69	81	15	24	5	3	1	902	551	768	581	2616	7	4	684	54	171	100,0,0,0,0,0	11631	186	22	54813	1980	0	93358,93734,91364,41784,41784,41784,41784	0	0	25690,30041,0,0,0,0,0	10	72569
176365	32	56	74	15	26	6	3	1	843	551	774	577	1400	2	7	745	66	146	100,0,0,0,0,0	11568	163	17	54828	1982	0	93562,93944,91572,41730,41730,41730,41730	0	1	25690,30056,0,0,0,0,0	9	72670
176432	29	52	71	12	27	6	3	1	783	551	779	582	786	1	9	725	71	129	100,0,0,0,0,0	20175	136	11	54839	1982	0	93773,94161,91788,41682,41682,41682,41682	0	0	25690,30067,0,0,0,0,0	11	72761
176481	24	56	67	10	21	7	3	1	742	551	783	571	457	1	4	587	65	123	100,0,0,0,0,0	20267	143	12	54849	1984	0	94009,94402,92031,41660,41660,41660,41660	0	1	25690,30078,0,0,0,0,0	11	72852
176510	25	59	54	10	23	8	3	1	714	551	788	614	2854	1	5	567	64	118	100,0,0,0,0,0	22033	188	18	54866	1986	0	94235,94631,92264,41640,41640,41640,41640	0	2	25690,30096,0,0,0,0,0	12	72968
176553	20	59	51	11	21	8	3	0	679	551	790	611	2713	2	3	634	60	113	100,0,0,0,0,0	22220	143	8	54873	1987	0	94463,94864,92499,41607,41607,41607,41607	0	1	25690,30104,0,0,0,0,0	13	73061
176606	19	51	50	10	22	9	3	0	631	551	794	601	2001	0	3	593	57	107	100,0,0,0,0,0	22316	183	12	54884	1988	0	94695,95100,92738,41580,41580,41580,41580	0	0	25690,30115,0,0,0,0,0	13	73188
176642	17	42	49	9	22	9	2	0	602	552	800	574	1499	0	3	555	46	104	100,0,0,0,0,0	21801	171	8	54893	1988	0	94934,95344,92984,41558,41558,41558,41558	0	0	25690,30124,0,0,0,0,0	13	73314
176674	18	37	41	9	18	8	2	0	585	552	802	577	1173	0	5	504	47	86	100,0,0,0,0,0	22185	178	10	54902	1989	0	95155,95567,93212,41538,41538,41538,41538	0	0	25690,30133,0,0,0,0,0	12	73438
176712	17	31	46	7	18	7	1	0	547	553	807	593	1841	0	5	517	49	78	100,0,0,0,0,0	20120	172	9	54911	1989	0	95367,95784,93432,41510,41510,41510,41510	0	0	25690,30142,0,0,0,0,0	10	73560
176744	14	32	45	6	15	6	1	0	519	553	811	595	2228	1	1	440	44	75	100,0,0,0,0,0	19925	163	12	54922	1990	0	95376,95797,93444,41351,41351,41351,41351	0	0	25690,30154,0,0,0,0,0	8	73673
176777	10	36	36	3	14	6	1	0	490	553	820	595	2139	0	6	443	39	67	100,0,0,0,0,0	22008	180	5	54927	1990	0	95408,95832,93477,41197,41197,41197,41197	0	0	25690,30159,0,0,0,0,0	8	73784
176802	11	33	35	3	11	6	0	0	467	554	824	606	1880	0	1	530	30	69	100,0,0,0,0,0	22135	165	7	54934	1990	0	95414,95840,93485,41032,41032,41032,41032	0	0	25690,30166,0,0,0,0,0	7	73892
176825	10	37	29	6	6	5	0	0	448	554	826	595	1392	0	0	525	23	70	100,0,0,0,0,0	21978	170	10	54942	1992	0	95442,95871,93516,40882,40882,40882,40882	0	0	25690,30175,0,0,0,0,0	5	73994
176848	7	35	29	7	6	5	0	0	428	554	827	633	1580	0	1	451	18	71	100,0,0,0,0,0	22294	162	8	54950	1992	0	95469,95899,93544,40727,40727,40727,40727	0	0	25690,30183,0,0,0,0,0	5	74098
176876	10	24	31	7	7	5	0	0	404	554	828	639	1914	0	3	387	12	72	100,0,0,0,0,0	21919	192	6	54955	1993	0	95499,95931,93576,40572,40572,40572,40572	0	0	25690,30188,0,0,0,0,0	5	74225
176899	7	24	32	5	4	4	0	0	387	554	830	614	2076	0	2	376	13	63	100,0,0,0,0,0	19856	158	4	54958	1994	0	95515,95949,93595,40423,40423,40423,40423	0	0	25690,30191,0,0,0,0,0	4	74329
176926	4	27	30	7	3	3	0	0	361	554	831	605	1956	0	2	303	14	60	100,0,0,0,0,0	19796	91	5	54963	1994	0	95529,95966,93611,40266,40266,40266,40266	0	0	25690,30196,0,0,0,0,0	3	74376
176949	3	26	29	7	2	3	0	0	338	554	835	650	1698	0	0	260	10	60	100,0,0,0,0,0	21982	120	4	54967	1994	0	95538,95976,93622,40106,40106,40106,40106	0	0	25690,30200,0,0,0,0,0	3	74455
176971	5	22	28	9	2	3	0	0	315	554	837	631	1650	0	1	251	11	58	100,0,0,0,0,0	21877	104	5	54972	1994	0	95539,95979,93626,39942,39942,39942,39942	0	0	25690,30205,0,0,0,0,0	3	74517
176997	4	19	31	9	4	3	0	0	285	554	840	625	1763	0	1	243	13	57	100,0,0,0,0,0	21883	112	2	54974	1995	0	95545,95988,93635,39779,39779,39779,39779	0	0	25690,30207,0,0,0,0,0	3	74586
177018	5	17	27	8	6	3	0	0	264	554	844	630	1898	0	4	65	15	51	100,0,0,0,0,0	21778	118	6	54978	1997	0	95553,95998,93645,39618,39618,39618,39618	0	1	25690,30212,0,0,0,0,0	3	74653
177022	11	15	21	9	6	3	0	0	254	554	851	650	2131	0	3	63	15	50	100,0,0,0,0,0	21711	96	11	54989	1997	0	95580,96026,93673,39473,39473,39473,39473	0	1	25690,30223,0,0,0,0,0	2	74696
177034	12	15	19	6	4	3	0	0	246	554	853	645	1859	0	3	83	16	43	100,0,0,0,0,0	19597	106	3	54992	1997	0	95589,96036,93685,39322,39322,39322,39322	0	0	25690,30226,0,0,0,0,0	3	74753
177037	9	19	15	9	3	2	0	0	240	554	858	665	1707	0	0	80	13	44	100,0,0,0,0,0	19587	84	7	54998	1998	0	95539,95986,93635,39135,39135,39135,39135	0	1	25690,30233,0,0,0,0,0	2	74807
177050	9	18	14	9	5	2	0	0	225	554	860	650	1718	0	2	70	13	44	100,0,0,0,0,0	21830	100	5	55003	1998	0	95484,95934,93583,38938,38938,38938,38938	0	1	25690,30238,0,0,0,0,0	3	74862
177069	6	21	14	8	5	2	0	0	201	554	866	642	1802	2	3	66	15	41	100,0,0,0,0,0	21728	93	5	55008	1998	0	95427,95879,93526,38736,38736,38736,38736	0	2	25690,30243,0,0,0,0,0	2	74914
177081	5	18	12	8	3	1	0	0	193	554	871	640	1938	1	1	71	13	34	100,0,0,0,0,0	21782	83	3	55010	1999	0	95380,95833,93481,38544,38544,38544,38544	0	0	25690,30246,0,0,0,0,0	1	74964
177095	3	18	11	6	4	0	0	0	182	554	873	622	1856	1	1	80	14	28	100,0,0,0,0,0	21829	81	2	55012	1999	0	95333,95788,93435,38348,38348,38348,38348	0	0	25690,30248,0,0,0,0,0	0	75020
177113	1	18	11	4	3	0	0	0	168	554	874	635	1741	1	0	77	12	25	100,0,0,0,0,0	21900	102	2	55014	1999	0	95269,95725,93372,38144,38144,38144,38144	0	1	25690,30250,0,0,0,0,0	0	75080
177113	1	15	13	5	4	0	0	0	161	554	880	650	1766	1	0	78	14	24	100,0,0,0,0,0	19659	94	3	55017	2000	0	95213,95670,93317,37956,37956,37956,37956	0	0	25690,30254,0,0,0,0,0	0	75136
177118	3	10	10	6	3	0	0	0	155	554	887	626	1735	0	1	64	11	21	100,0,0,0,0,0	19574	65	2	55019	2000	0	95152,95610,93258,37769,37769,37769,37769	0	0	25690,30256,0,0,0,0,0	0	75175
177116	2	7	10	5	4	0	0	0	153	554	895	659	1873	1	0	42	10	18	100,0,0,0,0,0	21675	83	1	55019	2001	0	95100,95558,93207,37583,37583,37583,37583	0	0	25690,30257,0,0,0,0,0	0	75226
177123	1	6	11	5	3	0	0	0	144	554	899	645	1922	1	2	42	11	15	100,0,0,0,0,0	21719	88	1	55019	2002	0	95036,95494,93144,37384,37384,37384,37384	0	0	25690,30257,0,0,0,0,0	0	75276
177130	2	3	10	5	3	0	0	0	137	554	902	634	1821	0	1	49	10	13	100,0,0,0,0,0	21708	79	2	55021	2002	0	94982,95440,93091,37191,37191,37191,37191	0	0	25690,30259,0,0,0,0,0	0	75326
177134	3	2	8	5	2	0	0	0	133	554	905	651	1767	0	0	43	8	12	100,0,0,0,0,0	21718	82	1	55022	2002	0	94930,95389,93040,36994,36994,36994,36994	0	0	25690,30260,0,0,0,0,0	0	75371
177131	4	1	8	4	0	0	0	0	134	554	910	629	1730	0	1	39	7	10	100,0,0,0,0,0	21548	68	1	55023	2002	0	94880,95339,92991,36806,36806,36806,36806	0	0	25690,30261,0,0,0,0,0	0	75412
177144	4	0	6	3	0	0	0	0	125	554	910	611	1817	0	0	27	3	10	100,0,0,0,0,0	19646	87	0	55023	2002	0	94828,95287,92940,36617,36617,36617,36617	0	0	25690,30261,0,0,0,0,0	0	75460
177152	1	3	5	2	0	0	0	0	116	554	913	618	1878	0	0	22	2	9	100,0,0,0,0,0	19614	90	0	55023	2002	0	94768,95227,92881,36430,36430,36430,36430	0	0	25690,30261,0,0,0,0,0	0	75518
177146	0	6	4	2	0	0	0	0	114	554	920	595	1814	0	0	23	2	10	100,0,0,0,0,0	21628	74	2	55024	2003	0	94711,95169,92825,36252,36252,36252,36252	0	0	25690,30262,0,0,0,0,0	0	75563
177147	1	4	6	1	0	0	0	0	109	554	924	586	1762	0	0	21	2	10	100,0,0,0,0,0	21687	77	1	55025	2003	0	94652,95110,92767,36067,36067,36067,36067	0	0	25690,30263,0,0,0,0,0	0	75606
177145	1	5	4	1	0	0	0	0	106	554	930	585	1768	0	0	19	2	9	100,0,0,0,0,0	21447	80	2	55027	2003	0	94592,95050,92708,35887,35887,35887,35887	0	0	25690,30265,0,0,0,0,0	0	75643
177155	0	2	5	1	1	0	0	0	95	554	933	587	1814	0	0	20	1	8	100,0,0,0,0,0	21306	75	0	55027	2003	0	94524,94982,92642,35693,35693,35693,35693	0	0	25690,30265,0,0,0,0,0	0	75688
177153	0	1	6	1	1	0	0	0	91	554	939	576	1819	0	0	16	1	8	100,0,0,0,0,0	21733	78	0	55027	2003	0	94466,94924,92585,35515,35515,35515,35515	0	0	25690,30265,0,0,0,0,0	0	75732
177163	0	0	4	1	1	0	0	0	84	554	939	595	1806	0	2	11	2	4	100,0,0,0,0,0	19464	79	0	55027	2003	0	94405,94863,92525,35332,35332,35332,35332	0	0	25690,30265,0,0,0,0,0	0	75776
177166	0	0	3	1	1	0	0	0	80	554	941	576	1835	0	0	13	2	3	100,0,0,0,0,0	19519	73	0	55027	2003	0	94325,94783,92446,35150,35150,35150,35150	0	0	25690,30265,0,0,0,0,0	0	75815
177169	1	0	2	1	1	0	0	0	73	554	945	598	1762	0	0	12	3	2	100,0,0,0,0,0	21571	93	1	55027	2004	0	94249,94707,92370,34965,34965,34965,34965	0	0	25690,30265,0,0,0,0,0	0	75873
177165	1	0	1	1	0	0	0	0	73	554	951	582	1774	0	0	7	2	1	100,0,0,0,0,0	21637	67	0	55027	2004	0	94168,94625,92290,34781,34781,34781,34781	0	0	25690,30265,0,0,0,0,0	0	75908
177167	0	1	1	1	0	0	0	0	69	554	953	588	1802	0	0	7	2	1	100,0,0,0,0,0	21498	74	0	55027	2004	0	94085,94542,92208,34595,34595,34595,34595	0	0	25690,30265,0,0,0,0,0	0	75952
177173	0	0	1	1	0	0	0	0	64	554	953	589	1875	0	0	7	2	0	100,0,0,0,0,0	21639	70	0	55027	2004	0	94002,94460,92127,34406,34406,34406,34406	0	0	25690,30265,0,0,0,0,0	0	75990
177178	0	0	1	1	0	0	0	0	55	554	957	582	1794	0	0	7	2	0	100,0,0,0,0,0	21699	80	0	55027	2004	0	93913,94370,92038,34217,34217,34217,34217	0	0	25690,30265,0,0,0,0,0	0	76043
177181	0	0	1	1	0	0	0	0	50	554	959	601	1804	0	0	7	2	0	100,0,0,0,0,0	19698	56	0	55027	2004	0	93835,94291,91960,34039,34039,34039,34039	0	0	25690,30265,0,0,0,0,0	0	76074
177185	0	0	1	1	0	0	0	0	42	554	963	608	1782	0	0	7	2	0	100,0,0,0,0,0	19730	69	0	55027	2004	0	93749,94205,91875,33864,33864,33864,33864	0	0	25690,30265,0,0,0,0,0	0	76118
177184	0	0	1	1	0	0	0	0	42	554	964	604	1821	0	0	7	2	0	100,0,0,0,0,0	21476	66	0	55027	2004	0	93668,94123,91794,33691,33691,33691,33691	0	0	25690,30265,0,0,0,0,0	0	76155
177183	0	0	1	1	0	0	0	0	40	554	967	603	1813	0	0	3	2	0	100,0,0,0,0,0	21706	197	0	55027	2004	130	93578,94033,91705,33515,33515,33515,33515	0	0	25690,30265,0,0,0,0,0	0	76188
177184	0	0	1	1	0	0	0	0	38	554	968	585	1767	0	0	3	2	0	100,0,0,0,0,0	21536	183	0	55027	2004	254	93520,93973,91647,33400,33400,33400,33400	0	0	25690,30265,0,0,0,0,0	0	76221
177182	0	0	1	0	0	0	0	0	38	554	971	569	1776	0	0	3	1	0	100,0,0,0,0,0	21596	224	0	55027	2004	392	93456,93909,91584,33275,33275,33275,33275	0	0	25690,30265,0,0,0,0,0	0	76267
177183	0	0	1	0	0	0	0	0	33	554	975	592	1826	0	0	3	1	0	100,0,0,0,0,0	21587	185	0	55027	2004	515	93409,93862,91539,33173,33173,33173,33173	0	0	25690,30265,0,0,0,0,0	0	76305
177179	0	0	1	0	0	0	0	0	32	554	980	609	1824	0	0	4	1	0	100,0,0,0,0,0	19404	205	0	55027	2004	670	93353,93805,91483,33066,33066,33066,33066	0	0	25690,30265,0,0,0,0,0	0	76337
177189	0	0	1	0	0	0	0	0	21	554	981	605	1841	0	0	4	1	0	100,0,0,0,0,0	19835	178	0	55027	2004	781	93300,93753,91431,32976,32976,32976,32976	0	0	25690,30265,0,0,0,0,0	0	76376
177184	0	0	0	0	0	0	0	0	22	554	986	608	1789	0	0	4	0	0	0,0,0,0,0,0	21656	195	0	55027	2004	910	93237,93688,91368,32866,32866,32866,32866	0	0	25690,30265,0,0,0,0,0	0	76418
177180	0	0	0	0	0	0	0	0	19	554	993	586	1822	0	0	4	0	0	0,0,0,0,0,0	21594	281	0	55027	2004	1123	93177,93628,91310,32768,32768,32768,32768	0	0	25690,30265,0,0,0,0,0	0	76457
177178	0	0	0	0	0	0	0	0	17	554	997	558	1787	0	0	4	0	0	0,0,0,0,0,0	21486	270	0	55027	2004	1325	93131,93582,91265,32700,32700,32700,32700	0	0	25690,30265,0,0,0,0,0	0	76486
177174	0	0	0	0	0	0	0	0	16	554	1002	549	1738	0	0	4	0	0	0,0,0,0,0,0	21319	271	0	55027	2004	1521	93092,93542,91226,32638,32638,32638,32638	0	0	25690,30265,0,0,0,0,0	0	76522
177172	0	0	0	0	0	0	0	0	15	554	1005	566	1839	0	0	0	0	0	0,0,0,0,0,0	21698	269	0	55027	2004	1727	93045,93495,91180,32569,32569,32569,32569	0	0	25690,30265,0,0,0,0,0	0	76557
177169	0	0	0	0	0	0	0	0	14	554	1009	553	1800	0	0	0	0	0	0,0,0,0,0,0	19462	271	0	55027	2004	1929	93007,93456,91144,32513,32513,32513,32513	0	0	25690,30265,0,0,0,0,0	0	76603
177172	0	0	0	0	0	0	0	0	10	554	1010	573	1771	0	0	0	0	0	0,0,0,0,0,0	19473	267	0	55027	2004	2128	92975,93424,91113,32472,32472,32472,32472	0	0	25690,30265,0,0,0,0,0	0	76647
177170	0	0	0	0	0	0	0	0	8	554	1014	605	1832	0	0	0	0	0	0,0,0,0,0,0	21504	258	0	55027	2004	2318	92929,93378,91068,32410,32410,32410,32410	0	0	25690,30265,0,0,0,0,0	0	76680
177163	0	0	0	0	0	0	0	0	8	554	1021	591	1831	0	0	0	0	0	0,0,0,0,0,0	21563	211	0	55027	2004	2471	92883,93332,91023,32353,32353,32353,32353	0	0	25690,30265,0,0,0,0,0	0	76703
177160	0	0	0	0	0	0	0	0	7	554	1025	580	1851	0	0	0	0	0	0,0,0,0,0,0	21480	229	0	55027	2004	2628	92823,93272,90965,32275,32275,32275,32275	0	0	25690,30265,0,0,0,0,0	0	76738
177161	0	0	0	0	0	0	0	0	6	554	1025	567	1756	0	0	0	0	0	0,0,0,0,0,0	21569	215	0	55027	2004	2781	92765,93213,90907,32190,32190,32190,32190	0	0	25690,30265,0,0,0,0,0	0	76773
177159	0	0	0	0	0	0	0	0	6	554	1027	574	1791	0	0	0	0	0	0,0,0,0,0,0	21657	214	0	55027	2004	2945	92710,93157,90853,32112,32112,32112,32112	0	0	25690,30265,0,0,0,0,0	0	76802
177154	0	0	0	0	0	0	0	0	6	554	1032	572	1893	0	0	0	0	0	0,0,0,0,0,0	19364	240	0	55027	2004	3128	92665,93111,90809,32043,32043,32043,32043	0	0	25690,30265,0,0,0,0,0	0	76826
177153	0	0	0	0	0	0	0	0	5	554	1034	574	1785	0	0	0	0	0	0,0,0,0,0,0	19334	236	0	55027	2004	3271	92620,93066,90765,31997,31997,31997,31997	0	0	25690,30265,0,0,0,0,0	0	76881
177151	0	0	0	0	0	0	0	0	4	554	1037	590	1802	0	0	0	0	0	0,0,0,0,0,0	21655	239	0	55027	2004	3431	92567,93012,90713,31931,31931,31931,31931	0	0	25690,30265,0,0,0,0,0	0	76919
177150	0	0	0	0	0	0	0	0	3	554	1039	596	1819	0	0	0	0	0	0,0,0,0,0,0	21650	324	0	55027	2004	3669	92505,92950,90652,31865,31865,31865,31865	0	0	25690,30265,0,0,0,0,0	0	76962
177148	0	0	0	0	0	0	0	0	3	554	1041	618	1762	0	0	0	0	0	0,0,0,0,0,0	21725	353	0	55027	2004	3945	92466,92911,90615,31837,31837,31837,31837	0	0	25690,30265,0,0,0,0,0	0	76998
177145	0	0	0	0	0	0	0	0	3	554	1044	646	1842	0	0	0	0	0	0,0,0,0,0,0	21687	360	0	55027	2004	4217	92437,92880,90586,31827,31827,31827,31827	0	0	25690,30265,0,0,0,0,0	0	77050
177140	0	0	0	0	0	0	0	0	3	554	1049	653	1872	0	0	0	0	0	0,0,0,0,0,0	21616	364	0	55027	2004	4486	92412,92855,90562,31824,31824,31824,31824	0	0	25690,30265,0,0,0,0,0	0	77103
177109	14	14	0	0	0	0	0	0	3	554	1052	674	1823	0	0	0	0	28	0,100,0,0,0,0	19720	353	0	55051	2008	4745	92397,92840,90549,31839,31839,31839,31839	0	0	25690,30265,28,0,0,0,0	0	77155
177077	27	30	1	1	1	0	0	0	2	554	1053	682	1819	0	0	0	0	60	0,100,0,0,0,0	19480	461	3	55079	2012	5016	92402,92843,90554,31878,31878,31878,31878	0	0	25690,30265,60,0,0,0,0	0	77242
177039	36	53	5	2	1	0	0	0	2	554	1054	675	1770	1	2	5	3	94	0,100,0,0,0,0	21759	465	5	55114	2014	5274	92395,92836,90549,31913,31913,31913,31913	0	1	25690,30265,97,0,0,0,0	1	77337
177005	47	59	12	3	4	0	0	0	4	554	1058	694	1807	2	0	8	3	122	0,100,0,0,0,0	10121	500	8	55137	2021	5584	92382,92823,90537,31946,31946,31946,31946	0	0	25690,30265,127,0,0,0,0	1	77437
176959	48	86	23	3	7	0	0	0	7	554	1059	691	1875	0	2	14	7	160	0,100,0,0,0,0	10215	500	14	55182	2022	5884	92397,92838,90554,32014,32014,32014,32014	0	0	25690,30265,173,0,0,0,0	1	77527
176899	65	105	33	5	7	1	0	0	13	554	1064	688	1813	0	7	30	14	202	0,100,0,0,0,0	10219	505	28	55236	2025	6160	92424,92864,90583,32090,32090,32090,32090	0	1	25690,30265,230,0,0,0,0	1	77608
176874	59	110	42	13	8	1	0	0	17	554	1068	704	1876	0	3	65	15	218	0,100,0,0,0,0	10201	492	23	55258	2026	6459	92425,92864,90585,32126,32126,32126,32126	0	0	25690,30265,253,0,0,0,0	2	77713
176846	37	129	53	14	9	1	0	0	30	554	1073	672	1871	1	4	72	17	226	0,100,0,0,0,0	19551	507	25	55284	2026	6764	92435,92874,90596,32179,32179,32179,32179	0	0	25690,30265,279,0,0,0,0	2	77806
176805	39	129	66	18	10	1	0	0	46	554	1078	685	1782	0	6	144	20	243	0,100,0,0,0,0	19431	385	39	55318	2031	7077	92473,92912,90636,32278,32278,32278,32278	0	2	25690,30265,318,0,0,0,0	2	77830
176767	43	122	78	24	11	1	0	0	65	554	1081	704	1849	4	7	222	29	250	0,100,0,0,0,0	10291	375	36	55350	2035	7354	92515,92952,90679,32372,32372,32372,32372	0	4	25690,30265,354,0,0,0,0	1	77871
176726	53	116	87	23	14	1	1	0	87	554	1084	719	1934	3	8	253	49	246	0,100,0,0,0,0	10473	359	40	55387	2038	7629	92550,92986,90715,32451,32451,32451,32451	0	0	25690,30265,394,0,0,0,0	3	77896
176683	56	120	95	21	14	1	1	0	110	554	1091	728	1915	2	5	507	55	253	0,100,0,0,0,0	10604	366	38	55422	2041	7915	92576,93011,90742,32522,32522,32522,32522	0	1	25690,30265,432,0,0,0,0	3	77924
176650	55	118	98	22	15	1	1	0	138	554	1094	720	1968	3	5	672	59	251	0,100,0,0,0,0	10660	373	36	55456	2043	8190	92601,93036,90770,32586,32586,32586,32586	0	0	25690,30265,468,0,0,0,0	3	77966
176604	66	118	99	22	19	1	1	0	165	554	1097	682	1781	1	7	846	57	269	0,100,0,0,0,0	11034	378	51	55504	2046	8481	92637,93071,90808,32666,32666,32666,32666	0	3	25690,30265,519,0,0,0,0	6	77986
176574	65	127	105	22	18	1	1	0	178	554	1101	704	1854	1	3	960	61	278	0,100,0,0,0,0	20574	360	36	55538	2048	8741	92680,93113,90852,32747,32747,32747,32747	0	2	25690,30265,555,0,0,0,0	3	78033
176532	59	142	95	21	21	1	1	0	215	554	1105	703	1930	3	8	935	60	280	0,100,0,0,0,0	20365	320	46	55578	2054	8997	92692,93125,90866,32816,32816,32816,32816	0	1	25690,30265,601,0,0,0,0	4	78051
176490	64	135	113	21	19	1	1	0	240	554	1108	727	1817	2	7	1111	59	295	0,100,0,0,0,0	11381	334	47	55622	2057	9276	92699,93131,90875,32879,32879,32879,32879	0	2	25690,30265,647,0,0,0,0	3	78057
176452	67	137	115	31	19	2	2	0	256	554	1111	725	2006	1	6	1290	64	309	0,100,0,0,0,0	11560	338	50	55669	2060	9564	92710,93140,90888,32953,32953,32953,32953	0	1	25690,30265,697,0,0,0,0	4	78061
176412	68	151	107	30	21	2	2	0	282	554	1117	715	1750	0	6	1272	69	312	0,100,0,0,0,0	11489	280	49	55713	2065	9800	92730,93159,90911,33035,33035,33035,33035	0	1	25690,30265,746,0,0,0,0	4	78067
176359	67	151	131	37	18	4	2	0	299	554	1124	723	1833	0	8	1288	64	346	0,100,0,0,0,0	11541	312	59	55763	2075	10051	92745,93173,90928,33097,33097,33097,33097	0	3	25690,30265,806,0,0,0,0	3	78079
176316	74	160	121	35	19	5	3	0	331	555	1127	724	1913	3	12	1130	66	351	0,100,0,0,0,0	11412	291	59	55819	2078	10285	92761,93189,90946,33161,33161,33161,33161	0	2	25690,30265,865,0,0,0,0	7	78091
176265	75	171	126	30	19	4	4	0	367	555	1130	698	1858	2	12	1032	63	366	0,100,0,0,0,0	20556	340	61	55875	2083	10576	92775,93202,90963,33228,33228,33228,33228	0	5	25690,30265,926,0,0,0,0	12	78087
176207	87	166	134	29	25	4	4	0	398	555	1137	653	1884	4	2	892	60	389	0,100,0,0,0,0	20676	313	58	55932	2085	10843	92808,93234,90998,33344,33344,33344,33344	0	2	25690,30265,985,0,0,0,0	10	78078
176171	91	173	135	30	28	4	3	0	415	556	1140	679	1793	2	10	797	67	397	0,100,0,0,0,0	10893	337	60	55985	2092	11125	92821,93247,91015,33432,33432,33432,33432	0	4	25690,30265,1045,0,0,0,0	10	78084
176110	106	192	143	27	26	4	3	0	436	556	1143	682	1809	5	8	837	69	432	0,100,0,0,0,0	10979	339	80	56055	2103	11412	92860,93285,91058,33550,33550,33550,33550	0	5	25690,30265,1126,0,0,0,0	8	78089
176047	112	210	146	29	29	3	2	1	462	556	1149	708	1851	8	9	796	68	463	0,100,0,0,0,0	11010	321	85	56126	2117	11681	92887,93312,91089,33658,33658,33658,33658	0	7	25690,30265,1211,0,0,0,0	10	78089
175993	124	208	150	32	31	3	2	0	495	556	1152	725	1844	3	12	649	83	467	0,100,0,0,0,0	10968	333	72	56193	2123	11962	92916,93340,91121,33753,33753,33753,33753	0	2	25690,30265,1284,0,0,0,0	10	78081
175915	126	254	159	34	28	4	3	0	509	556	1158	711	2041	5	12	737	92	516	0,100,0,0,0,0	10912	310	106	56290	2132	12223	92967,93390,91177,33884,33884,33884,33884	0	5	25690,30265,1390,0,0,0,0	12	78056
175848	133	267	171	31	32	4	4	0	540	556	1160	725	1806	4	13	809	95	547	0,100,0,0,0,0	20079	297	88	56367	2144	12468	93010,93433,91223,34002,34002,34002,34002	0	5	25690,30265,1478,0,0,0,0	14	78034
175773	133	286	191	29	36	4	4	0	570	556	1164	711	1777	3	9	1169	100	583	0,100,0,0,0,0	20573	329	92	56448	2156	12753	93068,93490,91286,34145,34145,34145,34145	0	2	25690,30265,1570,0,0,0,0	16	78019
175686	145	307	202	34	36	5	4	0	605	556	1166	760	1876	6	10	1213	97	636	0,100,0,0,0,0	11449	345	116	56556	2165	13049	93164,93584,91386,34325,34325,34325,34325	0	10	25690,30265,1687,0,0,0,0	21	78007
175589	177	319	214	39	41	3	3	0	632	557	1172	754	1940	4	13	1220	117	679	0,100,0,0,0,0	11498	271	131	56663	2189	13270	93265,93684,91493,34508,34508,34508,34508	0	4	25690,30265,1818,0,0,0,0	17	78001
175470	208	348	235	41	45	2	3	0	656	557	1181	753	1902	9	15	1289	123	759	0,100,0,0,0,0	11515	292	143	56794	2203	13512	93359,93773,91591,34675,34675,34675,34675	0	10	25690,30265,1962,0,0,0,0	20	77976
175319	246	396	269	38	56	3	3	1	674	557	1184	765	1916	7	16	1492	160	851	0,100,0,0,0,0	11488	295	184	56959	2226	13772	93486,93897,91724,34892,34892,34892,34892	0	4	25690,30265,2148,0,0,0,0	14	77935
175215	245	413	301	47	48	1	4	2	724	557	1189	743	1958	6	27	1752	183	876	0,100,0,0,0,0	11795	258	139	57090	2237	13988	93588,93998,91833,35064,35064,35064,35064	0	7	25690,30265,2290,0,0,0,0	16	77913
175117	239	436	335	51	50	2	4	2	759	557	1194	745	1863	9	19	1904	183	934	0,100,0,0,0,0	21219	266	145	57216	2257	14213	93675,94083,91926,35221,35221,35221,35221	0	7	25690,30265,2436,0,0,0,0	20	77882
175007	239	469	344	56	57	2	3	2	814	558	1195	777	1848	7	19	1859	197	973	0,100,0,0,0,0	21248	326	156	57354	2276	14499	93750,94156,92006,35374,35374,35374,35374	0	11	25690,30265,2593,0,0,0,0	21	77854
174871	251	487	377	63	59	3	3	2	871	558	1201	743	2052	8	17	1991	208	1035	0,100,0,0,0,0	12320	275	185	57521	2297	14741	93866,94272,92129,35589,35589,35589,35589	0	7	25690,30265,2780,0,0,0,0	18	77803
174712	272	528	384	75	71	4	3	2	931	559	1205	770	2039	8	26	1758	215	1122	0,100,0,0,0,0	12341	295	205	57702	2323	14991	93977,94381,92246,35798,35798,35798,35798	0	15	25690,30265,2987,0,0,0,0	15	77747
174501	323	573	390	89	88	4	3	2	1004	559	1210	791	2037	11	26	1910	242	1228	0,100,0,0,0,0	12159	281	262	57937	2350	15228	94143,94547,92418,36067,36067,36067,36067	1	8	25690,30265,3247,0,0,0,0	17	77683
174319	331	616	451	89	86	5	3	2	1073	559	1212	780	2033	12	32	2170	263	1318	0,100,0,0,0,0	12476	272	238	58142	2387	15456	94267,94671,92549,36295,36295,36295,36295	1	8	25690,30265,3488,0,0,0,0	22	77620
174097	381	656	446	93	95	8	4	3	1183	559	1221	768	1962	11	31	2428	280	1403	0,100,0,0,0,0	12530	289	269	58378	2425	15714	94435,94838,92725,36566,36566,36566,36566	1	5	25690,30265,3762,0,0,0,0	23	77551
173902	404	685	469	101	88	5	5	3	1301	559	1224	774	2042	13	26	2511	277	1480	0,100,0,0,0,0	21965	258	242	58592	2453	15942	94591,94994,92887,36819,36819,36819,36819	1	18	25690,30265,4003,0,0,0,0	23	77483
173774	352	715	527	99	91	4	3	4	1391	560	1226	756	2036	19	26	2449	280	1511	0,100,0,0,0,0	21998	274	207	58776	2477	16186	94692,95094,92996,37013,37013,37013,37013	1	12	25690,30265,4210,0,0,0,0	21	77418
173548	394	742	595	93	90	4	3	4	1481	560	1232	748	1984	13	34	2719	307	1614	0,100,0,0,0,0	13037	281	302	59038	2518	16420	94864,95264,93176,37304,37304,37304,37304	1	14	25690,30265,4513,0,0,0,0	18	77343
173315	444	766	639	92	94	5	5	4	1584	560	1238	756	1881	11	27	3068	311	1734	0,100,0,0,0,0	13361	292	307	59313	2550	16684	95039,95439,93360,37594,37594,37594,37594	1	11	25690,30265,4819,0,0,0,0	21	77247
173053	482	848	657	105	96	5	7	4	1682	560	1247	731	1841	11	29	3080	313	1887	0,100,0,0,0,0	13330	301	348	59624	2591	16952	95255,95656,93586,37925,37925,37925,37925	1	9	25690,30265,5170,0,0,0,0	20	77145
172815	495	928	677	104	101	5	7	3	1796	560	1255	715	1898	11	40	3213	328	1989	0,100,0,0,0,0	13503	315	338	59928	2626	17229	95475,95875,93815,38259,38259,38259,38259	1	18	25690,30265,5508,0,0,0,0	29	77053
172559	504	978	740	126	127	9	7	3	1876	560	1257	715	1976	17	41	3416	362	2129	0,100,0,0,0,0	13643	324	354	60234	2676	17510	95694,96093,94044,38606,38606,38606,38606	1	17	25690,30265,5863,0,0,0,0	29	76951
172296	519	1029	778	131	132	10	8	2	2020	561	1260	704	1994	27	45	3335	373	2234	0,100,0,0,0,0	22643	289	361	60543	2729	17762	95908,96306,94269,38951,38951,38951,38951	1	17	25690,30265,6223,0,0,0,0	29	76846
172086	526	1071	823	135	129	11	7	2	2131	563	1262	685	2076	27	46	3309	407	2295	0,100,0,0,0,0	22382	306	346	60859	2760	18024	96104,96502,94478,39264,39264,39264,39264	1	24	25690,30265,6569,0,0,0,0	30	76729
171721	605	1157	849	140	147	12	7	2	2272	563	1271	681	1980	22	43	3553	461	2456	0,100,0,0,0,0	13821	321	477	61282	2818	18301	96418,96814,94804,39720,39720,39720,39720	1	19	25690,30265,7049,0,0,0,0	32	76587
171359	695	1173	938	150	151	11	8	3	2416	563	1279	702	1995	28	46	3912	492	2634	0,100,0,0,0,0	13882	330	477	61699	2882	18591	96729,97125,95128,40172,40172,40172,40172	2	21	25690,30265,7528,0,0,0,0	40	76450
171002	743	1252	987	168	158	10	8	2	2569	564	1283	679	2042	22	51	4081	529	2797	0,100,0,0,0,0	14396	329	498	62129	2954	18880	97046,97441,95459,40635,40635,40635,40635	2	19	25690,30265,8028,0,0,0,0	37	76302
170601	769	1348	1067	187	165	10	10	2	2735	564	1288	675	2054	29	57	4206	566	2990	0,100,0,0,0,0	14677	296	533	62609	3009	19144	97406,97799,95832,41142,41142,41142,41142	2	21	25690,30265,8563,0,0,0,0	36	76125
170186	814	1453	1108	183	173	11	12	2	2947	564	1293	656	1986	25	67	4541	586	3168	0,100,0,0,0,0	14814	332	560	63106	3075	19435	97768,98161,96208,41654,41654,41654,41654	2	24	25690,30265,9123,0,0,0,0	41	75943
169881	813	1522	1181	207	199	14	11	3	3052	567	1296	655	2008	22	59	5000	628	3319	0,100,0,0,0,0	24263	353	488	63534	3141	19748	98062,98454,96519,42092,42092,42092,42092	2	17	25690,30265,9611,0,0,0,0	38	75756
169547	748	1634	1216	199	232	15	12	3	3271	567	1302	684	1989	30	64	5055	649	3407	0,100,0,0,0,0	24255	329	491	63972	3195	20038	98377,98768,96849,42562,42562,42562,42562	2	23	25690,30265,10098,0,0,0,0	45	75560
169188	762	1678	1264	220	244	17	14	2	3482	567	1308	693	1961	28	80	5576	711	3488	0,100,0,0,0,0	25530	354	548	64458	3259	20346	98698,99089,97188,43036,43036,43036,43036	2	36	25690,30265,10645,0,0,0,0	58	75328
168914	781	1580	1332	243	250	20	14	2	3731	569	1310	702	2044	34	86	6103	768	3452	0,100,0,0,0,0	26070	315	470	64863	3328	20616	98973,99364,97481,43446,43446,43446,43446	2	22	25690,30265,11116,0,0,0,0	59	75146
168622	785	1584	1371	253	282	20	19	2	3925	570	1313	677	2063	26	86	6446	836	3478	0,100,0,0,0,0	26348	276	519	65305	3407	20853	99266,99657,97794,43870,43870,43870,43870	2	26	25690,30265,11632,0,0,0,0	66	74940
168306	788	1662	1372	260	279	27	18	1	4142	572	1319	657	1967	27	109	6656	851	3555	0,100,0,0,0,0	26578	295	545	65783	3477	21116	99553,99943,98101,44295,44295,44295,44295	3	24	25690,30265,12175,0,0,0,0	65	74689
168029	798	1698	1397	273	273	28	20	1	4336	572	1321	690	1893	34	99	7017	899	3588	0,100,0,0,0,0	26915	303	532	66262	3534	21390	99861,100252,98430,44725,44725,44725,44725	3	25	25690,30265,12703,0,0,0,0	74	74446
167720	848	1692	1417	295	273	30	20	0	4552	574	1325	665	1944	28	79	6861	885	3690	0,100,0,0,0,0	25963	317	563	66757	3604	21666	100181,100572,98773,45179,45179,45179,45179	3	29	25690,30265,13265,0,0,0,0	79	74197
167446	868	1713	1431	295	274	35	16	2	4762	577	1327	668	2034	37	70	7201	859	3773	0,100,0,0,0,0	25869	358	540	67214	3690	21959	100475,100866,99090,45604,45604,45604,45604	3	37	25690,30265,13802,0,0,0,0	86	73991
167145	915	1682	1482	293	293	30	14	4	4979	579	1330	681	1988	46	99	6660	882	3827	0,100,0,0,0,0	27029	311	571	67710	3770	22235	100805,101196,99444,46061,46061,46061,46061	3	38	25690,30265,14373,0,0,0,0	83	73756
166779	956	1773	1491	301	274	35	17	4	5202	579	1335	656	1956	36	99	6981	912	3935	0,100,0,0,0,0	17327	506	641	68262	3865	22694	101184,101575,99848,46579,46579,46579,46579	3	25	25690,30265,15016,0,0,0,0	87	73509
166443	998	1831	1555	292	286	36	19	4	5359	581	1342	641	1851	44	98	7097	961	4056	0,100,0,0,0,0	17550	459	645	68821	3954	23118	101625,102016,100318,47183,47183,47183,47183	3	37	25690,30265,15658,0,0,0,0	97	73258
166060	1032	1901	1643	305	286	31	17	5	5538	582	1346	641	1950	35	84	6991	944	4271	0,100,0,0,0,0	17398	470	682	69396	4066	23553	102058,102448,100777,47785,47785,47785,47785	4	39	25690,30265,16338,0,0,0,0	99	72990
165706	1048	1963	1690	313	295	29	19	5	5747	583	1348	624	2017	39	114	7201	983	4374	0,100,0,0,0,0	17593	479	670	69979	4157	23987	102492,102882,101238,48381,48381,48381,48381	4	34	25690,30265,17005,0,0,0,0	90	72728
165415	1011	1981	1747	318	293	34	18	5	5985	585	1354	605	2017	55	99	7206	976	4426	0,100,0,0,0,0	25960	509	600	70508	4236	24448	102889,103279,101660,48915,48915,48915,48915	4	28	25690,30265,17602,0,0,0,0	90	72494
165122	1013	2069	1715	316	309	36	18	5	6198	588	1357	622	2025	37	92	6811	1003	4473	0,100,0,0,0,0	26049	484	663	71097	4319	24869	103326,103714,102128,49495,49495,49495,49495	4	36	25690,30265,18271,0,0,0,0	89	72212
164713	1102	2091	1752	318	323	38	16	6	6437	592	1358	580	1981	41	118	7066	1048	4592	0,100,0,0,0,0	17139	513	760	71751	4435	25301	103805,104194,102637,50139,50139,50139,50139	4	36	25690,30265,19029,0,0,0,0	86	71929
164354	1139	2162	1771	311	333	40	17	6	6659	594	1360	578	1917	46	125	7103	1069	4704	0,100,0,0,0,0	17390	656	734	72379	4547	25893	104296,104684,103159,50756,50756,50756,50756	4	36	25690,30265,19756,0,0,0,0	86	71681
163938	1178	2224	1812	315	373	37	12	5	6886	600	1366	579	2031	37	110	7568	1064	4887	0,100,0,0,0,0	17391	681	773	73041	4662	26526	104827,105215,103721,51475,51475,51475,51475	4	38	25690,30265,20523,0,0,0,0	80	71382
163584	1196	2303	1867	355	365	34	15	4	7053	602	1368	608	1899	42	131	7814	1118	5017	0,100,0,0,0,0	17939	672	794	73731	4769	27136	105386,105773,104316,52203,52203,52203,52203	4	41	25690,30265,21310,0,0,0,0	72	71075
163137	1224	2402	1919	382	377	41	18	2	7266	603	1375	587	2051	58	110	7819	1154	5209	0,100,0,0,0,0	17962	679	851	74454	4900	27745	105989,106375,104952,52996,52996,52996,52996	4	35	25690,30265,22151,0,0,0,0	85	70760
162832	1185	2451	1984	384	381	49	19	1	7480	604	1376	592	1967	33	131	7804	1180	5273	0,100,0,0,0,0	26602	685	741	75086	5015	28366	106514,106900,105514,53669,53669,53669,53669	4	45	25690,30265,22889,0,0,0,0	94	70475
162518	1187	2431	2061	386	408	55	17	2	7691	609	1381	599	2025	61	133	8166	1247	5298	0,100,0,0,0,0	26505	717	742	75723	5123	29017	107053,107439,106088,54377,54377,54377,54377	5	33	25690,30265,23622,0,0,0,0	87	70177
162120	1223	2513	2062	385	423	59	19	3	7943	611	1385	574	2031	40	139	8657	1305	5379	0,100,0,0,0,0	18975	694	869	76447	5275	29636	107670,108055,106744,55167,55167,55167,55167	5	37	25690,30265,24484,0,0,0,0	94	69862
161725	1250	2559	2110	392	459	63	21	3	8162	614	1388	549	1961	49	136	9158	1347	5507	0,100,0,0,0,0	19292	854	860	77178	5411	30411	108276,108660,107388,55935,55935,55935,55935	5	39	25690,30265,25339,0,0,0,0	103	69544
161392	1250	2594	2169	395	460	59	23	3	8394	614	1393	556	1926	44	153	9543	1384	5566	0,100,0,0,0,0	19628	909	847	77903	5536	31243	108902,109285,108054,56734,56734,56734,56734	5	41	25690,30265,26178,0,0,0,0	109	69210
161065	1299	2644	2201	404	483	53	19	4	8561	617	1396	549	1950	49	132	9696	1399	5704	0,100,0,0,0,0	20145	910	879	78627	5697	32084	109548,109934,108747,57563,57563,57563,57563	5	44	25690,30265,27047,0,0,0,0	95	68890
160692	1350	2712	2263	426	456	56	22	3	8750	619	1397	560	1965	56	164	10263	1462	5823	0,100,0,0,0,0	20398	873	885	79369	5848	32900	110222,110608,109462,58420,58420,58420,58420	5	37	25690,30265,27927,0,0,0,0	92	68578
160475	1320	2666	2350	443	474	59	23	3	8910	619	1404	594	1992	46	116	10128	1472	5863	0,100,0,0,0,0	28626	885	785	80022	5987	33723	110804,111192,110092,59156,59156,59156,59156	5	40	25690,30265,28704,0,0,0,0	100	68266
160255	1318	2647	2382	464	451	64	19	3	9110	624	1409	559	2017	41	135	10375	1490	5855	0,100,0,0,0,0	28788	987	799	80700	6116	34544	111393,111782,110728,59901,59901,59901,59901	5	46	25690,30265,29497,0,0,0,0	102	67966
159854	1368	2688	2427	472	454	60	22	4	9359	624	1414	536	1946	42	152	10625	1533	5958	0,100,0,0,0,0	20995	972	935	81484	6275	35339	112100,112489,111478,60784,60784,60784,60784	5	42	25690,30265,30421,0,0,0,0	100	67687
159514	1384	2736	2443	484	447	59	23	4	9608	625	1419	525	2012	56	157	10717	1568	6008	0,100,0,0,0,0	21164	1685	900	82228	6438	36868	112766,113156,112190,61604,61604,61604,61604	5	38	25690,30265,31310,0,0,0,0	104	67392
159181	1400	2844	2457	480	469	60	24	4	9777	628	1422	568	1973	39	143	10296	1572	6162	0,100,0,0,0,0	21107	1688	935	82990	6617	38370	113633,114023,113107,62745,62745,62745,62745	5	39	25690,30265,32235,0,0,0,0	96	67114
158836	1400	2868	2509	489	471	59	23	5	10033	630	1423	546	1989	46	154	10337	1537	6282	0,100,0,0,0,0	21023	1715	927	83750	6787	39918	114476,114864,113995,63857,63857,63857,63857	5	35	25690,30265,33148,0,0,0,0	104	66798
158525	1446	2950	2540	456	459	60	24	3	10224	634	1425	537	1980	51	161	10237	1500	6435	0,100,0,0,0,0	20553	1715	969	84562	6955	41464	115378,115767,114950,65020,65020,65020,65020	5	40	25690,30265,34113,0,0,0,0	104	66459
158324	1432	2881	2618	439	458	61	25	4	10439	637	1428	542	1877	51	127	10028	1492	6422	0,100,0,0,0,0	28517	1725	820	85241	7102	42982	116161,116553,115783,66030,66030,66030,66030	5	44	25690,30265,34920,0,0,0,0	111	66210
158125	1391	2883	2600	444	472	58	29	4	10667	641	1432	552	2006	52	134	10086	1546	6331	0,99,0,0,0,0	28879	1696	794	85921	7265	44536	116964,117356,116637,67055,67055,67055,67055	5	39	25690,30265,35707,40,0,0,0	111	65901
157850	1407	2882	2631	471	497	63	31	3	10835	642	1434	549	2006	51	157	10118	1563	6419	0,99,0,0,0,0	20584	1664	888	86651	7453	46043	117846,118240,117569,68165,68165,68165,68165	5	53	25690,30265,36573,69,0,0,0	123	65602
157502	1507	2876	2647	503	488	63	31	3	11047	644	1435	553	1991	44	162	10342	1627	6488	0,98,1,0,0,0	20815	887	949	87447	7645	46774	118710,119107,118483,69262,69262,69262,69262	5	41	25690,30265,37485,111,0,0,0	130	65238
157275	1530	2879	2613	505	523	59	31	3	11245	646	1437	538	1987	49	162	10252	1618	6522	0,98,1,0,0,0	20621	862	896	88205	7815	47488	119361,119758,119188,69967,69967,69967,69967	5	36	25690,30265,38347,161,0,0,0	128	64926
157115	1426	2954	2616	508	529	63	32	4	11410	649	1440	559	1884	54	183	10116	1647	6481	0,97,2,0,0,0	20668	864	850	88895	7998	48203	119950,120345,119830,70595,70595,70595,70595	5	48	25690,30265,39143,214,0,0,0	124	64631
156847	1416	2996	2714	489	530	63	35	3	11557	651	1445	524	1982	49	166	9987	1645	6598	0,96,3,0,0,0	20490	904	945	89647	8226	48960	120572,120966,120506,71282,71282,71282,71282	5	33	25690,30265,40034,276,0,0,0	128	64307
156742	1391	2908	2750	481	531	66	41	3	11734	653	1446	525	2002	52	145	9365	1585	6583	0,96,3,0,0,0	28108	859	830	90325	8385	49665	121143,121538,121132,71892,71891,71891,71891	5	46	25690,30265,40781,347,0,0,0	131	63987
156697	1315	2811	2796	493	531	65	43	5	11883	656	1451	497	1979	59	176	9723	1627	6427	0,95,4,0,0,0	27940	917	774	90925	8561	50424	121635,122029,121676,72402,72402,72402,72402	5	31	25690,30265,41476,409,0,0,0	132	63717
156586	1281	2851	2720	487	544	72	40	9	12045	658	1453	528	1987	48	164	10396	1625	6370	0,94,5,0,0,0	20607	864	891	91613	8768	51149	122212,122608,122315,73017,73017,73017,73017	5	36	25690,30265,42260,500,0,0,0	145	63392
156516	1323	2792	2698	510	517	68	42	8	12159	660	1453	521	1928	50	190	10482	1661	6289	0,94,5,0,0,0	21108	745	872	92271	8985	51736	122757,123151,122917,73582,73581,73581,73581	6	39	25690,30265,43005,601,0,0,0	141	63101
156413	1324	2774	2702	500	492	66	43	9	12305	663	1455	515	1988	55	140	10879	1621	6280	0,93,6,0,0,0	20946	716	857	92914	9203	52296	123258,123651,123474,74090,74089,74089,74089	6	56	25690,30265,43754,690,0,0,0	138	62793
156395	1290	2755	2692	488	479	71	46	8	12399	665	1458	523	1934	49	163	10384	1580	6241	0,93,6,0,0,0	20915	788	837	93563	9398	52932	123732,124126,124006,74544,74542,74542,74542	6	42	25690,30265,44475,788,0,0,0	134	62486
156344	1290	2723	2685	498	455	75	48	9	12491	669	1459	522	1930	46	143	10511	1546	6228	0,91,8,0,0,0	20815	767	843	94214	9595	53543	124222,124614,124551,75045,75042,75042,75042	6	47	25690,30265,45175,917,0,0,0	140	62151
156391	1284	2651	2637	480	455	77	48	9	12580	673	1461	513	2039	74	134	10157	1486	6146	0,90,9,0,0,0	28396	698	776	94797	9790	54098	124648,125038,125033,75439,75435,75435,75435	6	49	25690,30265,45786,1049,0,0,0	156	61866
156485	1207	2569	2567	467	449	76	44	11	12731	677	1463	519	1945	43	137	10393	1429	5950	0,90,9,0,0,0	28526	763	692	95320	9962	54696	125009,125401,125449,75766,75760,75760,75760	6	36	25690,30265,46351,1164,0,0,0	155	61602
156470	1208	2529	2521	444	458	74	47	11	12836	680	1468	480	1899	49	149	10565	1426	5855	0,88,11,0,0,0	20756	731	802	95902	10186	55264	125433,125821,125925,76195,76189,76189,76189	5	28	25690,30265,46968,1324,0,0,0	150	61309
156466	1289	2442	2491	431	439	70	41	14	12904	688	1471	520	1966	57	149	10669	1422	5781	0,87,12,0,0,0	21154	387	811	96487	10417	55515	125846,126233,126394,76595,76587,76587,76587	5	44	25690,30265,47576,1505,0,0,0	151	61026
156493	1308	2443	2484	419	434	65	38	16	12879	693	1474	529	2021	50	158	10439	1412	5779	0,85,14,0,0,0	21060	416	819	97090	10637	55767	126192,126580,126798,76876,76866,76866,76866	5	39	25690,30265,48185,1701,0,0,0	138	60731
156510	1308	2402	2456	428	465	68	32	18	12885	698	1476	528	1979	31	124	9860	1374	5785	0,84,15,0,0,0	20529	388	804	97666	10871	56013	126513,126902,127175,77144,77133,77133,77133	5	42	25690,30265,48770,1899,0,0,0	120	60426
156543	1300	2360	2390	434	463	71	36	18	12949	699	1483	505	1979	49	162	9431	1367	5687	0,82,17,0,0,0	19942	402	752	98187	11107	56261	126792,127181,127508,77382,77368,77368,77368	5	34	25690,30265,49281,2123,0,0,0	122	60140
156671	1212	2424	2338	407	429	67	33	18	12961	702	1484	491	1972	51	114	9187	1289	5621	0,81,18,0,0,0	27579	284	711	98703	11313	56506	127053,127443,127826,77569,77552,77552,77552	5	37	25690,30265,49762,2344,0,0,0	130	59846
156841	1159	2354	2345	418	417	71	30	18	12900	708	1485	478	1934	46	119	9380	1255	5539	0,79,20,0,0,0	27904	235	672	99180	11515	56741	127321,127710,128146,77750,77730,77730,77730	5	38	25690,30265,50196,2569,0,0,0	134	59558
156876	1222	2326	2319	410	380	73	30	14	12895	715	1486	477	2044	49	129	9909	1262	5498	0,77,22,0,0,0	19946	240	808	99738	11767	56981	127649,128038,128529,78016,77992,77992,77992	5	50	25690,30265,50707,2850,0,0,0	121	59243
156902	1252	2328	2283	386	363	70	29	10	12912	720	1491	488	1937	46	113	9693	1228	5483	0,75,24,0,0,0	20093	94	793	100262	12041	57075	127936,128325,128870,78268,78240,78240,78240	5	21	25690,30265,51178,3154,0,0,0	118	58924
157075	1183	2306	2256	366	360	70	29	8	12877	723	1493	526	1938	43	127	9526	1167	5403	0,73,26,0,0,0	28986	106	677	100736	12248	57181	128143,128532,129129,78375,78343,78343,78343	5	40	25690,30265,51573,3426,0,0,0	122	58629
157209	1156	2305	2269	348	344	76	26	7	12785	727	1494	505	2011	53	123	9127	1137	5387	0,71,28,0,0,0	29034	109	735	101227	12496	57290	128367,128755,129405,78522,78485,78485,78485	5	37	25690,30265,51966,3750,0,0,0	129	58333
157340	1156	2198	2303	332	352	73	25	5	12734	729	1499	510	1975	41	91	8799	1104	5335	0,68,31,0,0,0	27447	103	696	101682	12742	57393	128546,128934,129636,78622,78580,78580,78580	5	40	25690,30265,52305,4097,0,0,0	133	58035
157480	1160	2143	2281	325	322	83	22	5	12690	735	1500	501	1997	38	112	8678	1071	5265	0,66,33,0,0,0	27356	76	699	102146	12979	57469	128732,129118,129870,78753,78705,78705,78705	5	32	25690,30265,52655,4431,0,0,0	133	57731
157662	1130	2057	2248	324	328	78	24	5	12651	736	1503	497	1931	35	109	8591	1028	5161	0,64,35,0,0,0	26991	101	661	102579	13211	57570	128898,129283,130084,78838,78784,78784,78784	5	35	25690,30265,52959,4779,0,0,0	132	57471
157746	1183	2081	2192	324	307	74	23	5	12568	740	1503	458	1963	44	123	8586	1022	5162	0,61,38,0,0,0	28405	100	767	103063	13497	57670	129105,129489,130338,79006,78944,78944,78944	5	35	25690,30265,53282,5208,0,0,0	131	57174
157869	1236	2029	2159	326	319	71	21	7	12462	743	1504	466	1953	48	104	7911	968	5193	0,58,41,0,0,0	28014	91	751	103523	13791	57761	129267,129651,130547,79146,79078,79078,79078	5	40	25690,30265,53564,5667,0,0,0	120	56850
157942	1244	2084	2075	313	313	63	19	6	12436	745	1506	499	1971	56	103	7182	960	5151	0,55,44,0,0,0	26882	78	761	103986	14093	57839	129441,129825,130764,79305,79229,79229,79229	5	46	25690,30265,53825,6151,0,0,0	112	56530
157886	1289	2121	2039	309	322	59	20	6	12440	746	1509	503	1972	47	105	7250	953	5206	0,52,47,0,0,0	26918	83	825	104494	14416	57922	129628,130015,130990,79530,79445,79445,79445	5	49	25690,30265,54097,6688,0,0,0	116	56176
157871	1361	2130	2050	318	314	51	20	8	12365	748	1510	498	1960	43	116	7190	933	5311	0,49,50,0,0,0	27166	80	858	104976	14796	58002	129808,130194,131213,79740,79645,79645,79645	5	46	25690,30265,54355,7269,0,0,0	110	55841
157956	1333	2186	2047	293	303	43	24	7	12287	751	1516	476	1976	52	101	7139	922	5307	0,46,53,0,0,0	25910	74	748	105441	15083	58076	129965,130351,131408,79901,79794,79794,79794	5	41	25690,30265,54584,7770,0,0,0	100	55525
157989	1328	2160	2160	289	308	47	20	8	12162	755	1520	496	1932	61	98	7295	953	5359	0,43,56,0,0,0	26080	82	795	105887	15443	58158	130123,130508,131606,80088,79971,79971,79971	5	50	25690,30265,54773,8372,0,0,0	113	55226
157863	1451	2198	2159	306	304	52	19	8	12107	757	1522	499	1961	53	97	7482	979	5510	0,41,58,0,0,0	17796	76	925	106409	15856	58234	130346,130729,131868,80387,80259,80259,80259	5	56	25690,30265,54989,9067,0,0,0	105	54887
157689	1529	2259	2209	298	309	47	22	7	12092	758	1527	485	1957	56	119	7386	998	5675	0,38,61,0,0,0	17429	264	950	106924	16301	58498	130565,130950,132128,80702,80563,80563,80563	5	51	25690,30265,55189,9810,0,0,0	106	54540
157447	1618	2406	2219	301	289	46	23	6	12100	761	1530	502	1974	72	108	7415	1012	5890	0,35,64,0,0,0	17474	288	1045	107511	16764	58786	130846,131229,132445,81135,80986,80986,80986	6	62	25690,30265,55402,10633,0,0,0	106	54143
157163	1793	2457	2315	321	293	48	21	4	12032	765	1534	484	1986	66	101	7640	1037	6211	0,33,66,0,0,0	17811	271	1141	108148	17273	59057	131180,131561,132812,81663,81499,81499,81499	6	66	25690,30265,55614,11544,0,0,0	100	53715
156796	1951	2549	2375	329	289	52	21	6	12075	766	1537	499	1959	54	105	8020	1074	6492	0,30,69,0,0,0	18010	287	1161	108770	17823	59344	131513,131895,133173,82209,82031,82031,82031	6	53	25690,30265,55805,12507,0,0,0	109	53303
156543	1871	2697	2507	310	294	56	22	5	12132	770	1539	488	1944	66	96	8187	1073	6684	0,27,72,0,0,0	26965	269	1046	109326	18320	59613	131783,132162,133473,82655,82462,82462,82462	6	54	25690,30265,55945,13404,0,0,0	116	52937
156195	1825	2900	2561	309	297	52	22	5	12264	772	1544	461	2023	68	105	7756	1072	6894	0,25,74,0,0,0	26662	301	1145	109933	18864	59914	132071,132448,133787,83181,82971,82971,82971	6	56	25690,30265,56077,14407,0,0,0	122	52496
155643	2063	2990	2637	321	299	58	21	3	12387	775	1549	461	1833	73	108	8220	1148	7241	0,23,76,0,0,0	18296	277	1339	110643	19516	60191	132462,132839,134205,83889,83661,83661,83661	6	66	25690,30265,56230,15590,12,0,0	121	52004
155034	2289	3024	2823	321	302	55	21	3	12545	776	1553	481	1907	84	128	7752	1181	7654	0,20,78,0,0,0	17778	368	1407	111387	20212	60559	132852,133227,134618,84623,84375,84375,84375	7	75	25690,30265,56358,16863,37,0,0	137	51491
154374	2369	3263	2901	323	310	48	17	4	12803	778	1556	485	1933	85	118	7901	1186	8045	0,18,81,0,0,0	17910	332	1438	112127	20941	60891	133253,133627,135039,85413,85144,85144,85144	7	79	25690,30265,56472,18177,56,0,0	124	50962
153615	2522	3481	3067	322	326	48	20	3	13006	778	1558	482	2004	84	120	8185	1228	8558	0,16,82,0,0,0	18076	344	1597	112951	21739	61235	133700,134072,135507,86306,86012,86012,86012	8	70	25690,30265,56597,19634,80,0,0	115	50367
152779	2702	3662	3216	343	333	49	19	4	13301	780	1558	478	1969	79	121	8485	1271	9053	0,15,83,1,0,0	18403	352	1663	113819	22565	61587	134162,134533,135985,87255,86935,86935,86935	8	84	25690,30265,56735,21126,120,0,0	118	49743
152071	2711	3831	3435	357	342	42	17	5	13594	782	1559	483	1909	71	114	8358	1282	9453	0,13,85,1,0,0	27271	313	1565	114601	23377	61900	134558,134924,136399,88108,87759,87759,87759	8	79	25690,30265,56825,22581,160,0,0	119	49182
151340	2668	4007	3597	338	351	40	15	7	14037	784	1562	494	1989	92	125	8569	1251	9765	0,12,86,1,0,0	27096	374	1594	115366	24216	62274	134934,135300,136794,88950,88570,88570,88570	8	86	25690,30265,56914,24050,188,0,0	112	48630
150171	3102	4087	3815	390	386	38	14	10	14384	785	1564	505	1896	103	149	8306	1324	10508	0,10,87,1,0,0	18595	342	2131	116387	25346	62616	135503,135864,137377,90145,89734,89734,89734	9	100	25690,30265,57034,26008,232,0,0	101	47923
148960	3530	4209	3931	415	386	40	15	9	14899	787	1565	526	1994	95	158	8704	1388	11138	0,9,88,1,0,0	18641	354	2117	117383	26483	62970	136069,136428,137948,91362,90917,90917,90917	9	82	25690,30265,57119,27992,280,0,0	101	47250
147786	3595	4582	4047	389	405	45	17	10	15511	788	1571	482	1981	104	164	9021	1462	11618	0,8,89,2,0,0	19316	356	2096	118371	27604	63326	136617,136971,138500,92553,92072,92072,92072	9	94	25690,30265,57189,29966,329,0,0	104	46564
146625	3627	4966	4250	396	434	51	15	12	16007	790	1573	502	1945	114	179	9701	1585	12154	0,7,90,2,0,0	19405	393	2188	119403	28775	63719	137167,137514,139056,93803,93282,93282,93282	10	116	25690,30265,57254,32010,406,0,0	107	45849
145317	3836	5293	4487	438	415	50	15	13	16516	791	1575	513	2072	118	167	9900	1684	12850	0,6,90,2,0,0	20193	394	2394	120525	30063	64113	137767,138113,139662,95194,94628,94627,94627	10	108	25690,30265,57307,34258,491,0,0	115	45034
144202	3799	5369	4893	479	425	49	20	11	17132	791	1576	503	1867	122	151	9759	1709	13325	0,5,91,2,0,0	28164	342	2163	121515	31252	64455	138257,138603,140158,96421,95808,95807,95807	11	134	25690,30265,57350,36302,568,0,0	141	44304
143084	3737	5527	5239	486	471	46	24	11	17749	793	1579	510	1973	144	181	10062	1871	13659	0,5,91,2,0,0	28638	343	2247	122554	32475	64798	138757,139099,140663,97685,97020,97019,97019	12	136	25690,30265,57407,38398,649,0,0	144	43543
141462	4160	5607	5398	504	457	46	24	11	18702	795	1580	506	1950	151	218	10573	2020	14176	0,4,92,3,0,0	20756	369	2690	123754	33983	65167	139415,139748,141314,99243,98529,98528,98528	12	149	25690,30265,57452,40935,747,0,0	141	42691
140023	4432	5694	5627	504	457	45	24	13	19549	795	1583	491	1977	128	201	11137	2120	14663	0,4,92,3,0,0	21207	341	2573	124926	35406	65508	140017,140345,141913,100754,99987,99985,99985	13	134	25690,30265,57506,43334,863,0,0	135	41817
138595	4431	6037	5802	538	468	43	25	12	20415	796	1584	491	1984	155	191	12152	2193	15151	0,3,92,3,0,0	22025	346	2655	126107	36904	65854	140624,140945,142510,102304,101479,101475,101475	14	140	25690,30265,57551,45835,973,0,0	143	40986
137104	4562	6256	5971	548	489	38	24	11	21357	800	1586	490	1959	155	206	12514	2256	15632	0,3,93,3,0,0	22401	342	2737	127359	38405	66196	141263,141577,143137,103920,103035,103030,103030	14	165	25690,30265,57600,48384,1080,0,0	130	40060
135563	4683	6509	6137	559	513	36	19	11	22325	805	1586	490	1927	180	194	12535	2311	16145	0,3,93,3,0,0	22692	337	2862	128651	39985	66533	141914,142223,143785,105617,104667,104662,104662	15	166	25690,30265,57637,51034,1225,0,0	117	39112
134491	4511	6584	6370	544	541	36	19	13	23243	806	1588	488	1964	196	221	12757	2395	16210	0,2,93,4,0,0	30985	344	2506	129759	41395	66877	142419,142724,144282,107059,106036,106030,106030	16	172	25690,30265,57666,53341,1372,0,0	129	38325
133503	4261	6733	6445	579	560	34	16	15	24202	808	1590	498	1949	164	206	12999	2439	16189	0,2,93,4,0,0	31390	365	2449	130810	42817	67242	142840,143140,144696,108417,107322,107312,107312	16	128	25690,30265,57692,55622,1497,0,0	134	37523
132109	4419	6723	6665	618	551	33	20	16	25189	811	1592	488	1952	170	248	13595	2583	16446	0,2,93,4,0,0	23332	340	2859	132014	44489	67582	143393,143690,145237,110048,108876,108864,108864	17	162	25690,30265,57718,58282,1638,0,0	127	36621
130774	4771	6500	6873	615	575	35	20	16	26160	811	1596	497	1918	182	236	14071	2656	16733	0,2,93,4,0,0	24065	131	2839	133215	46138	67713	143944,144237,145776,111680,110432,110418,110418	18	159	25690,30265,57742,60914,1785,0,0	141	35727
129698	4667	6546	6982	588	559	29	19	15	27229	814	1600	489	1902	164	236	14557	2720	16670	0,1,93,4,0,0	24416	143	2642	134313	47693	67856	144395,144686,146220,113131,111804,111788,111788	18	127	25690,30265,57768,63326,1949,0,0	132	34922
128640	4548	6721	6879	585	540	33	20	14	28345	815	1606	486	1988	151	232	14488	2667	16659	0,1,93,5,0,0	24533	125	2684	135457	49253	67981	144829,145116,146641,114616,113202,113184,113184	18	147	25690,30265,57785,65805,2101,0,0	126	34070
127837	4532	6637	6929	593	553	34	19	13	29176	815	1608	489	1871	168	218	13851	2579	16718	0,1,93,5,0,0	23959	124	2605	136527	50807	68105	145177,145459,146978,116011,114504,114483,114483	18	148	25690,30265,57797,68177,2267,0,0	140	33270
127310	4170	6478	7075	598	553	34	20	16	30066	817	1609	501	1901	159	196	13700	2475	16453	0,1,92,5,0,0	31695	111	2257	137471	52136	68216	145448,145724,147243,117190,115588,115565,115565	18	121	25690,30265,57814,70227,2428,0,0	151	32571
126879	3830	6513	6905	588	524	40	19	13	31004	819	1612	496	1967	156	230	13785	2462	15957	0,1,92,5,0,0	31492	120	2192	138359	53459	68336	145655,145932,147448,118306,116610,116585,116585	18	127	25690,30265,57825,72203,2591,0,0	157	31908
126250	3980	6088	6971	580	550	45	18	17	31810	821	1616	524	1971	171	232	14370	2468	15764	0,1,92,6,0,0	24489	139	2487	139369	54951	68475	145954,146228,147741,119603,117809,117779,117779	18	150	25690,30265,57836,74454,2765,0,0	138	31151
125908	4025	5847	6990	564	571	49	18	17	32316	821	1620	506	2019	164	250	14625	2513	15551	0,1,92,6,0,0	24718	95	2328	140291	56369	68570	146168,146442,147944,120809,118911,118877,118877	18	124	25690,30265,57846,76544,2947,0,0	149	30460
125603	3914	5818	6796	561	589	49	23	17	32931	821	1624	509	1847	136	249	14996	2530	15220	0,1,91,6,0,0	24778	95	2285	141201	57762	68665	146361,146633,148131,121991,119986,119947,119947	18	135	25690,30265,57857,78575,3150,0,0	135	29772
125410	3756	5726	6533	569	542	51	22	16	33669	824	1628	475	1906	146	236	14603	2405	14794	0,1,91,7,0,0	24910	106	2141	142066	59054	68771	146533,146803,148297,123098,120988,120944,120944	17	109	25690,30265,57860,80463,3354,0,0	138	29132
125258	3622	5696	6412	537	513	50	25	15	34162	825	1631	457	1945	140	216	14431	2374	14481	0,0,91,7,0,0	24214	71	2166	142916	60379	68842	146659,146929,148418,124182,121965,121916,121916	17	111	25690,30265,57869,82332,3574,0,0	125	28461
125436	3377	5528	6279	506	501	54	21	15	34565	830	1634	455	1961	143	205	14113	2270	13996	0,0,90,8,0,0	31879	95	1873	143641	61541	68937	146680,146949,148433,125079,122753,122698,122698	17	127	25690,30265,57877,83977,3762,0,0	122	27894
125724	3144	5250	6154	522	467	56	22	18	34919	831	1639	453	1933	126	181	13858	2181	13434	0,0,90,8,0,0	31450	92	1819	144345	62671	69029	146685,146956,148439,125933,123493,123433,123433	16	109	25690,30265,57882,85548,3944,0,0	127	27359
125968	3091	4992	5969	500	455	53	20	16	35207	833	1642	433	1922	140	211	13728	2081	12999	0,0,89,9,0,0	23764	84	1852	145041	63839	69113	146700,146968,148453,126800,124251,124185,124185	16	93	25690,30265,57890,87103,4162,0,0	119	26825
126322	3032	4707	5835	460	446	49	19	17	35381	834	1644	447	1957	129	200	13714	2012	12536	0,0,89,10,0,0	23715	59	1752	145699	64942	69172	146698,146967,148456,127612,124950,124878,124878	15	91	25690,30265,57896,88553,4380,0,0	110	26352
126926	2912	4443	5598	419	420	48	22	15	35457	835	1651	465	1923	116	185	13213	1886	11976	0,0,88,10,0,0	23249	44	1613	146321	65944	69216	146635,146904,148397,128338,125556,125477,125477	15	85	25690,30265,57899,89877,4608,0,0	118	25897
127633	2745	4302	5394	421	398	50	23	16	35274	835	1655	489	1939	139	189	12441	1809	11524	0,0,88,11,0,0	23035	48	1546	146911	66912	69264	146521,146787,148282,129007,126104,126018,126018	14	96	25690,30265,57904,91120,4834,0,0	121	25430
128314	2635	4145	5109	433	405	48	25	17	35117	835	1663	459	1964	98	159	11948	1738	11062	0,0,87,12,0,0	22384	60	1537	147510	67858	69324	146402,146670,148164,129666,126650,126557,126557	14	98	25690,30265,57908,92335,5078,0,0	109	24943
129248	2439	3926	4825	408	387	53	24	20	34908	836	1672	455	1944	98	143	11194	1555	10507	0,0,86,12,0,0	29742	53	1286	147973	68693	69377	146203,146477,147976,130166,127033,126932,126932	13	75	25690,30265,57913,93369,5277,0,0	122	24571
130239	2188	3733	4679	361	385	50	22	23	34550	838	1678	457	1871	109	167	11021	1476	9942	0,0,85,13,0,0	29421	50	1227	148434	69466	69427	145998,146270,147781,130631,127383,127273,127273	13	79	25690,30265,57919,94319,5488,0,0	116	24212
131209	2061	3581	4392	337	368	46	23	23	34185	838	1683	461	2022	96	157	10617	1428	9380	0,0,84,14,0,0	20840	60	1247	148879	70278	69487	145786,146056,147576,131111,127749,127631,127631	12	59	25690,30265,57921,95261,5725,0,0	107	23863
132151	2088	3290	4170	326	368	44	25	23	33738	839	1684	463	1897	93	147	10208	1358	8953	0,0,83,15,0,0	20246	46	1253	149348	71069	69533	145608,145876,147402,131604,128125,128000,128000	12	67	25690,30265,57925,96192,5971,0,0	108	23507
133152	2043	3110	3972	323	339	40	23	26	33191	841	1686	470	1938	67	147	10299	1334	8516	0,0,83,16,0,0	20056	41	1155	149771	71807	69574	145408,145677,147214,132041,128451,128317,128317	11	53	25690,30265,57929,97047,6198,0,0	99	23195
134247	1893	3018	3806	308	315	33	19	26	32551	842	1688	488	1934	78	126	10273	1252	8140	0,0,81,17,0,0	20636	58	1072	150149	72508	69632	145164,145435,146979,132418,128716,128573,128573	10	57	25690,30265,57931,97801,6460,0,0	88	22898
135354	1799	2919	3572	288	278	27	12	26	31938	845	1688	495	1961	76	122	9528	1130	7765	0,0,80,18,0,0	20011	51	1040	150513	73194	69683	144910,145186,146737,132774,128961,128808,128808	10	63	25690,30265,57935,98538,6706,0,0	68	22609
136515	1724	2730	3378	283	262	23	11	27	31258	845	1690	496	1963	66	98	9097	1048	7363	0,0,79,20,0,0	27564	46	928	150799	73847	69729	144631,144909,146468,133065,129146,128984,128984	9	49	25690,30265,57937,99164,6956,0,0	67	22381
137676	1577	2593	3245	267	264	27	10	25	30520	847	1695	534	1889	62	95	8559	970	7013	0,0,77,21,0,0	27338	40	872	151115	74411	69769	144382,144662,146232,133348,129325,129154,129154	9	50	25690,30265,57939,99746,7201,0,0	70	22138
138771	1490	2495	3032	272	244	26	7	21	29838	851	1699	552	1987	71	108	8605	934	6632	0,0,76,22,0,0	18720	25	878	151427	74981	69794	144141,144422,146004,133613,129497,129316,129316	8	46	25690,30265,57940,100336,7421,0,0	67	21899
139974	1446	2272	2900	251	245	22	8	19	29053	852	1704	528	1877	60	109	8246	898	6246	0,0,75,24,0,0	18428	23	790	151711	75494	69817	143857,144146,145737,133837,129621,129429,129429	8	38	25690,30265,57941,100849,7659,0,0	54	21675
141113	1415	2196	2704	236	238	20	8	19	28235	854	1708	555	1972	61	102	7834	870	5947	0,0,73,25,0,0	17864	29	817	151986	76043	69846	143578,143867,145473,134074,129764,129562,129562	7	49	25690,30265,57944,101356,7920,0,0	45	21460
142330	1359	2098	2526	220	241	23	11	17	27355	854	1712	544	2031	49	92	7674	832	5646	0,0,72,27,0,0	17857	25	749	152244	76535	69871	143291,143586,145202,134260,129856,129643,129643	7	47	25690,30265,57945,101802,8166,0,0	51	21265
143465	1253	2059	2355	211	240	25	10	15	26546	854	1713	519	1933	53	102	7434	800	5353	0,0,70,28,0,0	17827	35	712	152472	77025	69906	143007,143309,144936,134425,129932,129709,129709	6	32	25690,30265,57945,102201,8430,0,0	47	21091
144693	1141	1926	2377	194	203	27	8	16	25591	856	1714	511	1929	46	86	6464	760	5116	0,0,69,30,0,0	25552	24	630	152664	77468	69930	142696,143002,144639,134552,129971,129737,129737	6	37	25690,30265,57946,102578,8645,0,0	43	20926
145864	1035	1764	2323	187	190	29	10	14	24759	856	1715	523	1877	34	80	6369	735	4803	0,0,68,31,0,0	25024	35	578	152854	77857	69965	142401,142712,144358,134653,129991,129746,129746	6	25	25690,30265,57949,102911,8849,0,0	59	20774
146965	1088	1696	2181	182	179	26	11	11	23835	856	1716	534	1982	51	78	5807	644	4719	0,0,66,33,0,0	16360	23	723	153099	78341	69988	142151,142464,144124,134834,130087,129831,129831	5	34	25690,30265,57950,103290,9146,0,0	56	20587
147989	1214	1587	2073	172	184	25	10	13	22903	857	1719	551	2020	46	71	5254	596	4669	0,0,64,35,0,0	15726	10	735	153349	78829	69998	141916,142230,143903,135023,130202,129930,129930	5	34	25690,30265,57952,103677,9458,0,0	53	20395
149033	1197	1624	1907	165	165	18	9	10	22037	859	1722	565	1924	38	73	4493	511	4574	0,0,63,36,0,0	15004	10	671	153572	79280	70008	141650,141973,143654,135170,130276,129991,129991	5	29	25690,30265,57953,104017,9733,0,0	58	20221
149864	1171	1689	1854	147	165	16	9	7	21239	860	1725	538	1948	47	68	3750	443	4608	0,0,60,38,0,0	14318	4	707	153823	79738	70012	141456,141781,143474,135360,130399,130103,130103	5	26	25690,30265,57953,104350,10060,0,0	46	20027
150779	1189	1737	1742	159	156	14	8	7	20369	860	1726	519	1921	33	78	3347	406	4599	0,0,59,40,0,0	13698	7	695	154051	80209	70019	141215,141544,143245,135524,130496,130186,130186	4	30	25690,30265,57955,104655,10406,0,0	40	19846
151682	1085	1682	1794	158	155	12	9	6	19573	861	1729	551	2021	35	57	2523	349	4546	0,0,57,41,0,0	21821	12	586	154249	80602	70031	140977,141310,143024,135655,130567,130242,130242	4	35	25690,30265,57955,104955,10668,0,0	34	19685
152559	997	1653	1805	152	157	12	10	7	18798	862	1734	543	1983	38	58	1886	317	4469	0,0,55,43,0,0	21610	16	589	154422	81026	70047	140734,141069,142787,135770,130622,130285,130285	4	34	25690,30265,57956,105202,10984,0,0	39	19540
153374	1031	1608	1787	143	168	15	10	7	18004	862	1737	539	1891	42	79	1429	301	4461	0,0,53,46,0,0	11802	4	660	154634	81476	70051	140529,140866,142596,135921,130717,130366,130366	3	29	25690,30265,57958,105454,11348,0,0	36	19387
154002	1131	1565	1727	132	174	13	8	9	17383	863	1739	542	2052	46	81	1118	300	4450	0,0,50,49,0,0	11313	15	703	154869	81948	70066	140377,140715,142450,136111,130860,130494,130494	3	30	25690,30265,57958,105701,11769,0,0	44	19216
154595	1182	1588	1667	147	171	12	9	10	16759	863	1743	519	1945	47	71	1008	300	4476	0,0,48,50,0,0	11047	21	719	155102	82440	70087	140227,140568,142309,136307,131010,130631,130631	3	42	25690,30265,57959,105990,12159,0,0	36	19038
155169	1141	1676	1575	150	150	12	8	11	16245	864	1745	554	2005	45	72	996	299	4413	0,0,46,53,0,0	11015	14	662	155312	82897	70101	140061,140401,142151,136464,131125,130732,130732	3	42	25690,30265,57960,106220,12554,0,0	41	18873
155711	1128	1672	1657	156	152	15	8	10	15624	864	1749	535	1988	31	69	988	315	4473	0,0,44,55,0,0	10949	19	683	155520	83375	70120	139921,140257,142015,136637,131252,130848,130848	3	30	25690,30265,57961,106427,12988,0,0	39	18726
156313	1067	1636	1692	151	163	15	8	10	15076	864	1751	546	1969	46	77	974	318	4414	0,0,42,57,0,0	20037	23	569	155692	83779	70143	139751,140088,141853,136760,131338,130918,130918	3	39	25690,30265,57961,106622,13341,0,0	46	18593
156925	990	1616	1722	167	158	18	7	10	14512	865	1756	547	1912	49	59	966	314	4364	0,0,41,58,0,0	20403	23	587	155871	84194	70166	139571,139912,141683,136877,131423,130985,130985	3	50	25690,30265,57962,106814,13723,0,0	49	18446
157342	1073	1575	1690	182	147	18	8	10	14079	866	1756	549	1981	43	72	962	315	4378	0,0,38,61,0,0	11040	18	686	156074	84684	70184	139439,139780,141553,137051,131566,131114,131114	3	29	25690,30265,57963,106984,14209,0,0	45	18286
157742	1143	1528	1695	167	133	21	11	8	13671	866	1761	544	1886	30	84	1007	327	4371	0,0,37,62,0,0	11065	0	669	156312	85122	70184	139335,139680,141459,137241,131728,131261,131261	3	36	25690,30265,57963,107173,14666,0,0	57	18110
158019	1181	1567	1650	171	144	22	11	7	13335	869	1770	538	1966	42	62	1005	317	4429	0,0,35,64,0,0	11058	0	723	156533	85625	70184	139243,139588,141369,137437,131899,131419,131419	3	30	25690,30265,57963,107337,15185,0,0	51	17931
158400	1121	1642	1634	142	159	21	10	6	12965	871	1775	546	2006	48	69	1001	306	4423	0,0,33,66,0,0	11102	0	643	156730	86073	70184	139134,139477,141263,137594,132034,131537,131537	3	30	25690,30265,57963,107487,15647,0,0	53	17785
158657	1137	1675	1689	156	161	21	9	6	12586	871	1778	574	1928	43	74	1004	320	4528	0,0,31,67,0,0	11043	0	736	156947	86596	70184	139052,139398,141186,137786,132210,131695,131695	3	52	25690,30265,57963,107655,16175,0,0	52	17621
159056	1116	1630	1698	147	166	20	6	10	12242	871	1784	563	1991	48	72	1006	319	4464	0,0,30,69,0,0	20314	0	583	157127	87008	70184	138932,139278,141072,137914,132317,131784,131784	3	38	25690,30265,57963,107782,16605,0,0	54	17475
159364	1006	1641	1753	156	168	24	4	8	11959	872	1791	536	1997	47	51	975	330	4422	0,0,29,70,0,0	20318	0	593	157307	87426	70184	138818,139164,140961,138053,132441,131891,131891	3	33	25690,30265,57964,107905,17057,0,0	58	17326
159494	1096	1615	1733	154	172	20	4	8	11777	873	1800	558	1933	38	72	992	343	4451	0,0,27,72,0,0	11116	0	724	157535	87930	70184	138757,139104,140899,138265,132642,132075,132075	3	32	25690,30265,57964,108031,17628,0,0	44	17146
159670	1156	1579	1698	160	177	22	5	8	11597	873	1801	578	2048	56	74	983	334	4463	0,0,25,74,0,0	11003	0	689	157730	88432	70184	138686,139035,140831,138429,132799,132214,132214	3	27	25690,30265,57964,108132,18184,0,0	47	17000
159844	1191	1595	1662	162	172	18	6	6	11410	874	1806	560	1931	36	83	1016	355	4451	0,0,23,76,0,0	11033	0	702	157919	88949	70184	138604,138954,140748,138617,132982,132376,132376	3	28	25690,30265,57964,108240,18766,0,0	44	16850
159935	1210	1670	1668	150	156	17	4	5	11246	876	1809	570	2006	41	68	995	323	4552	0,0,22,77,0,0	11135	0	727	158123	89473	70184	138549,138899,140694,138809,133174,132549,132549	3	37	25690,30265,57964,108354,19351,0,0	38	16689
160074	1240	1654	1688	161	158	13	5	5	11061	877	1810	568	2045	34	70	978	303	4616	0,0,19,79,0,0	11080	0	714	158338	89977	70184	138495,138846,140642,138999,133367,132717,132717	3	31	25690,30265,57964,108439,19961,0,0	34	16516
160325	1109	1688	1686	165	178	12	5	5	10881	877	1815	562	1941	34	60	964	282	4561	0,0,18,81,0,0	20375	0	582	158517	90385	70184	138400,138753,140549,139135,133500,132829,132829	3	35	25690,30265,57964,108509,20456,0,0	35	16370
160509	1013	1709	1717	158	192	12	4	6	10732	877	1817	585	1981	40	76	956	292	4513	0,0,17,82,0,0	20452	0	613	158673	90847	70184	138309,138665,140461,139277,133642,132949,132949	3	35	25690,30265,57964,108577,20984,0,0	40	16239
160596	1083	1613	1725	175	196	12	5	5	10637	877	1822	612	2026	43	95	977	322	4487	0,0,15,84,0,0	11146	0	687	158851	91358	70184	138246,138601,140399,139444,133817,133100,133100	3	30	25690,30265,57964,108653,21571,0,0	39	16098
160678	1158	1542	1716	179	187	9	5	4	10564	878	1826	604	2013	39	82	987	317	4479	0,0,14,85,0,0	11250	0	701	159048	91867	70184	138198,138553,140351,139617,133999,133258,133258	3	40	25690,30265,57964,108725,22178,0,0	40	15946
160747	1141	1625	1653	163	162	13	6	4	10524	879	1829	625	2015	44	81	1023	301	4462	0,0,13,86,0,0	11097	0	679	159228	92367	70184	138138,138491,140292,139773,134164,133399,133399	3	36	25690,30265,57964,108787,22777,0,0	41	15798
160843	1113	1661	1670	154	159	18	6	4	10409	879	1830	629	1974	43	77	1028	318	4463	0,0,12,87,0,0	11131	0	666	159428	92837	70184	138090,138442,140244,139937,134339,133549,133549	3	28	25690,30265,57964,108836,23374,0,0	48	15641
160868	1153	1640	1672	176	154	19	7	5	10340	879	1833	611	1881	46	63	1023	304	4517	0,0,11,88,0,0	11154	0	711	159622	93360	70184	138054,138409,140209,140125,134541,133726,133726	3	35	25690,30265,57964,108878,24028,0,0	51	15487
160999	1088	1588	1701	193	162	17	6	4	10271	880	1837	632	2044	41	76	1023	332	4423	0,0,10,89,0,0	20430	0	550	159760	93774	70184	137975,138328,140130,140231,134660,133821,133821	3	36	25690,30265,57964,108912,24515,0,0	54	15373
161133	959	1582	1707	196	156	15	6	5	10265	881	1841	628	2010	46	69	1023	329	4292	0,0,10,89,0,0	20540	0	550	159901	94190	70184	137900,138252,140058,140343,134784,133919,133919	3	31	25690,30265,57964,108946,25022,0,0	51	15259
161215	996	1540	1659	197	156	15	8	3	10233	882	1842	628	1979	46	93	1042	335	4236	0,0,9,90,0,0	11135	0	630	160079	94643	70184	137845,138197,140001,140495,134954,134060,134060	3	23	25690,30265,57964,108986,25592,0,0	55	15115
161336	1074	1417	1636	186	155	17	10	3	10184	882	1846	615	1973	31	82	1077	337	4158	0,0,8,91,0,0	11051	0	603	160235	95094	70184	137775,138125,139934,140617,135091,134170,134170	3	31	25690,30265,57964,109023,26140,0,0	52	14985
161452	1026	1471	1589	176	142	20	7	5	10125	883	1850	592	1959	38	73	1057	316	4115	0,0,8,91,0,0	11177	0	587	160392	95527	70184	137719,138071,139878,140745,135238,134287,134287	3	30	25690,30265,57964,109061,26679,0,0	53	14858
161555	971	1453	1560	168	155	18	4	6	10120	884	1852	573	1892	38	71	1032	299	4030	0,0,7,92,0,0	11199	0	542	160534	95931	70184	137657,138008,139816,140849,135360,134384,134384	3	23	25690,30265,57964,109079,27189,0,0	44	14748
161730	948	1382	1568	165	163	17	5	6	10019	884	1859	578	2036	39	80	1023	309	3939	0,0,7,92,0,0	11123	0	530	160674	96324	70184	137584,137935,139745,140941,135469,134463,134463	3	27	25690,30265,57964,109102,27679,0,0	44	14648
161942	863	1332	1587	139	163	17	6	4	9947	884	1862	582	1951	30	63	997	303	3804	0,0,6,93,0,0	20306	0	449	160792	96659	70184	137498,137851,139664,141007,135553,134518,134518	3	25	25690,30265,57964,109126,28094,0,0	42	14552
162165	770	1312	1532	138	153	18	4	5	9898	885	1866	590	1985	29	60	979	282	3645	0,0,6,93,0,0	20095	0	444	160917	96980	70184	137407,137761,139579,141072,135637,134571,134571	2	24	25690,30265,57964,109138,28510,0,0	42	14455
162349	761	1250	1487	135	136	18	4	5	9846	885	1870	608	1958	22	56	961	248	3543	0,0,5,94,0,0	11045	0	478	161038	97338	70184	137321,137672,139498,141125,135713,134616,134616	2	14	25690,30265,57964,109152,28952,0,0	43	14363
162572	747	1197	1410	133	144	14	4	5	9763	885	1872	607	1922	20	61	933	234	3415	0,0,5,94,0,0	10992	0	445	161163	97659	70184	137229,137580,139411,141184,135791,134664,134664	2	26	25690,30265,57964,109164,29367,0,0	42	14263
162834	730	1163	1339	129	140	13	5	4	9629	885	1875	611	2079	39	57	906	230	3289	0,0,4,95,0,0	10980	0	437	161272	97989	70184	137123,137477,139309,141232,135861,134701,134701	2	25	25690,30265,57964,109177,29769,0,0	33	14178
163045	726	1094	1283	148	140	13	4	3	9528	886	1876	614	1949	29	70	881	240	3168	0,0,4,95,0,0	10951	0	414	161367	98309	70184	137027,137380,139215,141270,135920,134730,134730	2	14	25690,30265,57964,109187,30164,0,0	35	14103
163290	702	1077	1192	145	135	14	5	3	9418	886	1879	635	1935	19	59	856	231	3039	0,0,3,95,0,0	10991	0	398	161466	98619	70184	136921,137274,139115,141295,135966,134746,134746	2	23	25690,30265,57964,109195,30538,8,0	29	14023
163627	613	1018	1123	152	137	15	7	3	9283	886	1882	629	1966	19	68	836	233	2832	0,0,3,95,0,0	20347	0	298	161539	98846	70184	136794,137146,138991,141291,135980,134729,134729	2	17	25690,30265,57964,109206,30817,8,0	41	13963
163965	517	975	1127	134	140	12	8	3	9094	886	1885	632	2038	30	64	819	229	2684	0,0,3,95,0,0	19994	0	285	161613	99067	70184	136676,137029,138878,141282,135990,134708,134708	2	21	25690,30265,57964,109216,31085,15,0	39	13903
164303	496	887	1108	125	125	6	10	3	8911	886	1886	631	1997	25	64	801	225	2532	0,0,3,95,0,0	10902	0	306	161696	99294	70184	136542,136898,138751,141269,136002,134685,134685	2	11	25690,30265,57964,109222,31377,20,0	25	13836
164605	506	804	1065	127	111	7	9	3	8732	887	1890	648	2001	26	59	781	217	2412	0,0,3,95,0,0	10858	0	300	161765	99531	70184	136407,136763,138622,141260,136015,134667,134667	2	11	25690,30265,57964,109226,31665,25,0	30	13783
164943	511	731	944	133	99	8	8	4	8586	887	1892	654	1981	15	50	768	201	2233	0,0,3,95,1,0	10868	0	281	161836	99743	70184	136273,136630,138495,141236,136015,134635,134635	1	14	25690,30265,57964,109232,31926,34,0	28	13728
165249	475	720	873	123	89	7	9	4	8415	887	1895	630	1983	19	45	750	187	2109	0,0,2,95,1,0	10766	0	250	161903	99932	70184	136147,136506,138375,141210,136009,134598,134598	1	10	25690,30265,57964,109234,32156,45,0	25	13679
165629	431	684	821	108	86	8	9	3	8183	887	1897	631	1997	16	36	726	177	1970	0,0,2,95,2,0	10846	0	209	161942	100109	70184	135992,136353,138228,141158,135975,134532,134532	1	9	25690,30265,57964,109236,32347,55,0	22	13649
166006	367	649	759	113	88	8	12	3	7954	887	1900	661	2015	11	34	699	166	1830	0,0,2,95,2,0	19935	0	178	161989	100248	70184	135854,136217,138099,141110,135946,134473,134473	1	13	25690,30265,57964,109240,32512,64,0	25	13616
166359	303	598	729	107	76	9	11	4	7759	888	1903	634	1954	13	43	656	163	1670	0,0,2,94,3,0	19791	0	150	162036	100362	70184	135720,136086,137971,141055,135909,134409,134409	1	12	25690,30265,57964,109241,32652,78,0	30	13575
166739	294	525	688	97	86	10	8	6	7496	889	1908	655	2032	15	48	626	159	1549	0,0,1,93,4,0	10844	0	172	162075	100501	70184	135563,135928,137820,140986,135861,134329,134329	1	9	25690,30265,57964,109242,32805,95,0	26	13539
167094	311	456	634	83	86	11	8	4	7256	889	1914	607	1860	9	35	586	150	1439	0,0,1,93,5,0	10819	0	170	162111	100640	70184	135418,135784,137683,140917,135812,134252,134252	1	6	25690,30265,57964,109246,32956,108,0	27	13508
167468	261	425	589	71	84	10	5	5	7020	890	1918	616	1976	13	35	545	147	1298	0,0,1,92,5,0	10496	0	129	162140	100746	70184	135263,135630,137534,140840,135753,134166,134166	1	7	25690,30265,57964,109246,33075,116,0	20	13485
167825	233	427	529	57	78	10	6	4	6769	890	1918	613	2022	11	32	509	141	1199	0,0,1,91,6,0	10635	0	128	162168	100854	70184	135109,135476,137385,140760,135690,134076,134075	1	7	25690,30265,57964,109246,33181,136,0	25	13460
168169	230	361	514	50	63	9	3	6	6527	890	1924	639	2024	12	27	474	123	1107	0,0,1,90,7,0	10533	0	122	162202	100944	70184	134966,135332,137248,140683,135631,133990,133990	1	8	25690,30265,57964,109246,33284,153,0	23	13433
168546	206	344	477	53	58	9	3	5	6229	890	1926	644	1821	5	23	441	122	1028	0,0,1,89,9,0	19796	0	103	162235	101022	70184	134821,135189,137110,140609,135574,133907,133906	1	9	25690,30265,57964,109247,33371,172,0	25	13406
168950	156	342	429	52	33	10	2	5	5945	891	1931	627	1984	10	16	402	98	926	0,0,0,87,11,0	19870	0	75	162252	101084	70184	134661,135029,136955,140515,135497,133803,133802	0	3	25690,30265,57964,109247,33433,188,0	23	13389
169274	139	300	402	48	42	10	2	4	5701	891	1933	658	1989	8	11	378	81	862	0,0,0,87,11,0	10502	0	93	162276	101159	70184	134516,134884,136816,140425,135423,133705,133704	0	3	25690,30265,57964,109247,33510,205,0	23	13367
169603	141	253	371	36	36	12	0	3	5461	892	1938	663	1822	5	13	341	68	781	0,0,0,85,14,0	10458	0	75	162297	101218	70184	134370,134739,136675,140339,135349,133609,133608	0	5	25690,30265,57964,109248,33568,224,0	19	13350
169919	131	233	354	32	34	9	1	3	5192	892	1946	654	1945	7	20	315	63	731	0,0,0,82,16,0	10357	0	77	162317	101279	70184	134228,134600,136540,140250,135276,133513,133511	0	1	25690,30265,57964,109248,33624,248,0	15	13336
170225	129	195	320	34	30	2	2	2	4962	892	1953	644	1955	7	16	276	56	656	0,0,0,80,18,0	10391	0	67	162334	101332	70184	134087,134460,136405,140158,135196,133412,133409	0	6	25690,30265,57964,109248,33676,264,0	10	13320
170498	130	188	290	26	24	2	2	2	4737	892	1955	686	1936	7	9	248	52	610	0,0,0,78,21,0	10402	0	70	162349	101395	70184	133947,134320,136268,140065,135115,133311,133309	0	4	25690,30265,57964,109248,33724,291,0	13	13309
170777	123	172	262	22	22	2	2	2	4513	892	1957	646	1966	9	9	226	55	550	0,0,0,76,22,0	19397	0	50	162366	101435	70184	133820,134194,136146,139978,135041,133218,133215	0	4	25690,30265,57964,109248,33762,308,0	15	13298
171048	96	178	242	18	22	2	1	3	4286	892	1958	657	1820	1	5	202	55	504	0,0,0,76,23,0	19616	0	49	162378	101476	70184	133691,134065,136022,139887,134961,133119,133116	0	3	25690,30265,57964,109248,33804,319,0	9	13291
171340	91	161	219	21	21	2	1	2	4034	892	1962	657	1878	4	8	174	52	464	0,0,0,74,25,0	10260	0	46	162386	101520	70184	133542,133916,135878,139783,134870,133008,133004	0	1	25690,30265,57964,109248,33835,338,0	6	13284
171569	84	153	216	16	16	2	1	2	3831	892	1964	638	1934	5	4	151	43	445	0,0,0,72,27,0	10367	0	49	162405	101555	70184	133410,133787,135751,139693,134790,132912,132908	0	1	25690,30265,57964,109248,33867,357,0	6	13270
171788	86	131	189	21	13	3	0	3	3653	892	1967	611	1908	4	8	146	35	408	0,0,0,72,27,0	10235	0	49	162419	101593	70184	133284,133661,135631,139602,134709,132815,132811	0	1	25690,30265,57964,109248,33905,369,0	4	13261
172031	73	137	175	11	16	2	0	3	3439	892	1967	628	1871	0	7	134	33	381	0,0,0,70,29,0	10178	0	45	162428	101633	70184	133151,133528,135501,139506,134624,132714,132709	0	1	25690,30265,57964,109248,33938,385,0	2	13253
172226	73	126	173	11	14	1	0	3	3257	892	1970	641	1800	4	5	123	28	370	0,0,0,66,33,0	10055	0	43	162439	101671	70184	133030,133407,135382,139412,134539,132615,132610	0	2	25690,30265,57964,109248,33960,410,0	1	13244
172445	68	117	139	9	11	1	0	2	3090	892	1972	653	2028	3	4	109	22	323	0,0,0,62,37,0	19458	0	28	162444	101696	70184	132908,133285,135264,139317,134452,132515,132509	0	1	25690,30265,57964,109248,33972,427,0	1	13240
172652	61	109	135	12	11	1	0	2	2895	892	1976	661	1737	2	6	95	23	306	0,0,0,60,39,0	19377	0	37	162453	101727	70184	132793,133169,135152,139228,134372,132422,132415	0	2	25690,30265,57964,109248,33994,444,0	1	13232
172850	63	98	126	12	17	1	0	2	2702	892	1983	661	1752	1	5	87	21	296	0,0,0,58,41,0	10191	0	30	162463	101751	70184	132663,133039,135025,139129,134282,132318,132310	0	0	25690,30265,57964,109248,34010,461,0	1	13222
173039	59	96	110	11	15	1	0	1	2535	892	1987	674	1950	1	9	79	21	271	0,0,0,56,43,0	10113	0	29	162468	101781	70184	132536,132913,134901,139031,134192,132216,132207	0	1	25690,30265,57964,109248,34025,478,0	2	13218
173235	52	90	112	11	10	1	1	1	2351	892	1990	653	1961	0	6	76	19	258	0,0,0,56,43,0	10026	0	18	162474	101797	70184	132414,132792,134783,138931,134100,132112,132103	0	3	25690,30265,57964,109248,34035,490,0	2	13213
173386	51	77	118	9	7	1	2	1	2202	892	2000	636	1974	2	6	70	18	247	0,0,0,52,47,0	10163	0	33	162488	101820	70184	132301,132680,134673,138843,134019,132020,132010	0	2	25690,30265,57964,109248,34050,512,0	1	13203
173542	52	87	102	5	8	1	2	1	2050	892	2004	622	1772	4	1	68	14	243	0,0,0,47,52,0	10236	0	30	162503	101842	70184	132188,132567,134562,138755,133937,131928,131917	0	0	25690,30265,57964,109248,34058,541,0	4	13191
173678	58	78	102	8	9	1	2	1	1906	892	2011	645	1734	2	5	65	18	240	0,0,0,42,57,0	19297	0	27	162510	101868	70184	132086,132465,134461,138670,133858,131841,131829	0	4	25690,30265,57964,109248,34067,565,0	4	13185
173810	53	80	92	10	12	1	2	1	1775	892	2018	676	1793	2	1	60	19	231	0,0,0,40,60,0	19444	0	23	162513	101893	70184	131983,132363,134361,138584,133777,131752,131739	0	0	25690,30265,57964,109248,34076,584,0	4	13183
173935	46	75	96	10	11	1	2	1	1653	892	2024	696	2029	4	4	60	19	222	0,0,0,38,61,0	10108	0	23	162518	101914	70184	131872,132253,134253,138487,133687,131654,131640	0	0	25690,30265,57964,109248,34081,604,0	7	13180
