S	E	I1	I2	I3	I4	I5_h	I6_h	R_h	R	D1	D2	H	T	P1	P2	Q	QT	NQ	MUT	HOM	VAC	NI	INF	REINF	BSTR	IMM	HCI	HCE	INFV	INFH	VNI
178133	112	116	55	39	38	2	3	0	247	1	0	217	0	0	0	51	51	314	0,0,0,0,0,0	178745	0	0	365	0	0	613,613,613,613,613,613,613	0	0	0,0,0,0,0,0,0	0	0
178074	89	177	60	34	40	3	1	2	259	1	6	375	321	0	63	137	55	349	0,0,0,0,0,0	12665	0	63	429	0	0	672,672,672,672,672,672,672	0	4	64,0,0,0,0,0,0	3	0
178007	85	203	68	41	46	4	2	2	276	1	11	438	285	0	15	587	70	379	0,0,0,0,0,0	12909	0	73	504	0	0	739,739,739,739,739,739,739	0	5	139,0,0,0,0,0,0	4	0
177955	82	212	83	44	53	5	2	2	295	1	12	503	105	0	13	815	82	399	0,0,0,0,0,0	13417	0	61	566	0	0	792,792,792,792,792,792,792	0	5	201,0,0,0,0,0,0	6	0
177883	89	235	93	41	55	6	3	2	324	1	14	567	252	0	15	934	96	426	0,0,0,0,0,0	25480	0	81	647	0	0	866,866,866,866,866,866,866	0	7	282,0,0,0,0,0,0	11	0
177821	103	225	111	47	64	9	4	2	342	1	17	606	101	1	14	1038	109	454	0,0,0,0,0,0	25611	0	79	726	0	0	933,933,933,932,932,932,932	0	4	361,0,0,0,0,0,0	14	0
177748	118	232	125	60	56	10	4	2	369	1	21	613	332	2	26	1397	148	457	0,0,0,0,0,0	13970	0	89	814	1	0	1011,1010,1010,1009,1009,1009,1009	0	15	450,0,0,0,0,0,0	16	0
177679	135	225	134	60	65	14	4	2	403	1	24	661	144	1	24	1718	182	455	0,0,0,0,0,0	14420	0	83	898	1	0	1085,1084,1084,1082,1082,1082,1082	0	10	534,0,0,0,0,0,0	14	0
177627	126	234	139	60	65	15	4	2	447	1	26	690	244	1	24	1885	209	434	0,0,0,0,0,0	14653	0	70	968	1	0	1144,1143,1143,1140,1140,1140,1140	0	3	604,0,0,0,0,0,0	21	0
177559	119	247	150	63	65	14	6	2	489	1	31	690	293	0	19	2013	223	441	0,0,0,0,0,0	14798	0	81	1049	1	0	1217,1215,1215,1211,1211,1211,1211	0	6	685,0,0,0,0,0,0	19	0
177491	132	252	154	67	69	16	6	2	521	1	35	686	286	1	16	2263	225	471	0,0,0,0,0,0	15138	0	89	1138	2	0	1292,1291,1291,1286,1286,1286,1286	0	9	775,0,0,0,0,0,0	22	0
177432	143	252	170	61	69	16	8	1	553	1	40	700	100	0	23	2226	241	478	0,0,0,0,0,0	26752	0	88	1224	4	0	1365,1363,1363,1355,1355,1355,1355	1	8	862,0,0,0,0,0,0	25	0
177402	124	249	174	69	76	17	8	1	583	2	41	714	243	2	14	1744	243	474	0,0,0,0,0,0	26728	0	60	1283	5	0	1407,1404,1404,1394,1394,1394,1394	1	6	922,0,0,0,0,0,0	25	0
177339	123	260	189	62	69	20	8	1	625	3	47	693	250	1	16	1762	228	503	0,0,0,0,0,0	14719	0	85	1365	8	0	1484,1480,1480,1466,1466,1466,1466	0	3	1007,0,0,0,0,0,0	26	0
177303	126	246	196	66	74	19	9	1	652	4	50	720	252	1	18	1755	218	518	0,0,0,0,0,0	14688	0	78	1442	9	0	1544,1538,1538,1518,1518,1518,1518	0	9	1085,0,0,0,0,0,0	30	0
177244	129	254	191	68	77	16	10	1	698	4	54	708	260	1	21	1762	215	530	0,0,0,0,0,0	14667	0	94	1535	10	0	1627,1619,1619,1591,1591,1591,1591	1	11	1179,0,0,0,0,0,0	32	0
177156	153	271	181	60	80	16	9	0	757	5	58	709	106	0	29	1416	227	543	0,0,0,0,0,0	14594	0	123	1656	12	0	1741,1731,1731,1695,1695,1695,1695	1	12	1302,0,0,0,0,0,0	37	0
177098	156	284	181	58	89	16	9	0	786	5	64	712	246	2	29	2118	237	556	0,0,0,0,0,0	14721	0	91	1747	12	0	1830,1817,1817,1770,1770,1770,1770	1	5	1393,0,0,0,0,0,0	35	0
177060	138	291	187	69	85	18	10	0	816	5	67	673	141	1	17	2130	233	565	0,0,0,0,0,0	26923	0	84	1828	16	0	1899,1883,1883,1827,1827,1827,1827	1	9	1478,0,0,0,0,0,0	38	0
176990	136	302	197	73	90	20	12	0	849	5	72	666	274	1	23	1961	248	582	0,0,0,0,0,0	26846	0	104	1929	19	0	1995,1977,1977,1912,1912,1912,1912	1	7	1581,0,0,0,0,0,0	38	0
176939	149	285	208	83	87	22	15	0	879	5	74	697	250	2	38	2145	272	577	0,0,0,0,0,0	14969	0	101	2031	19	0	2086,2065,2065,1988,1988,1988,1988	1	5	1683,0,0,0,0,0,0	46	0
176871	165	299	205	82	76	26	15	0	923	5	79	667	79	1	39	2386	296	572	0,0,0,0,0,0	15195	0	105	2135	20	0	2184,2160,2160,2073,2073,2073,2073	1	9	1787,0,0,0,0,0,0	54	0
176812	179	307	210	80	80	26	13	1	950	7	81	647	319	1	32	2670	321	574	0,0,0,0,0,0	15454	0	109	2246	21	0	2284,2255,2255,2154,2154,2154,2154	1	6	1899,0,0,0,0,0,0	52	0
176737	190	324	212	88	75	25	13	1	987	7	87	676	263	0	18	2711	314	613	0,0,0,0,0,0	15448	0	120	2364	23	0	2398,2366,2366,2251,2251,2251,2251	1	8	2018,0,0,0,0,0,0	52	0
176649	214	327	212	108	72	27	13	1	1026	8	89	683	273	1	22	2765	308	665	0,0,0,0,0,0	15469	0	139	2502	24	0	2526,2490,2490,2360,2360,2360,2360	1	10	2157,0,0,0,0,0,0	54	0
176611	209	356	211	99	82	26	10	2	1036	10	94	700	261	4	26	2772	308	685	0,0,0,0,0,0	27348	0	118	2619	25	0	2630,2588,2588,2436,2436,2436,2436	1	10	2275,0,0,0,0,0,0	55	0
176578	188	371	210	98	89	26	13	3	1064	10	96	724	247	3	31	2469	329	666	0,0,0,0,0,0	27453	0	102	2721	25	0	2722,2674,2674,2502,2502,2502,2502	1	5	2377,0,0,0,0,0,0	57	0
176496	186	400	214	90	87	30	14	4	1111	11	103	711	269	1	32	2164	342	679	0,0,0,0,0,0	15718	0	136	2858	25	0	2854,2801,2801,2612,2612,2612,2612	1	17	2514,0,0,0,0,0,0	56	0
176407	213	388	233	103	99	30	12	4	1140	12	105	706	259	1	20	2130	345	733	0,0,0,0,0,0	15205	0	146	3003	26	0	2989,2931,2931,2726,2726,2726,2726	1	16	2660,0,0,0,0,0,0	58	0
176326	214	400	239	112	107	31	10	5	1179	12	111	687	259	0	36	2309	360	753	0,0,0,0,0,0	15167	0	138	3140	27	0	3123,3060,3060,2835,2835,2835,2835	1	15	2797,0,0,0,0,0,0	52	0
176234	218	446	244	109	111	35	12	4	1209	12	112	690	255	4	33	2185	375	800	0,0,0,0,0,0	15232	0	159	3298	29	0	3273,3204,3204,2957,2957,2957,2957	1	13	2956,0,0,0,0,0,0	54	0
176144	214	461	252	117	111	35	11	5	1267	12	117	683	317	1	43	2375	385	816	0,0,0,0,0,0	15117	0	143	3438	32	0	3409,3335,3335,3072,3072,3072,3072	1	16	3097,0,0,0,0,0,0	57	0
176088	218	422	294	123	121	33	10	5	1298	13	121	687	289	2	41	2433	402	819	0,0,0,0,0,0	27187	0	134	3572	33	0	3537,3457,3457,3167,3167,3167,3167	1	10	3231,0,0,0,0,0,0	63	0
176030	220	408	325	125	123	31	11	5	1329	14	125	690	288	6	41	2772	416	827	0,0,0,0,0,0	27324	0	135	3708	33	0	3666,3578,3578,3263,3263,3263,3263	1	10	3367,0,0,0,0,0,0	68	0
175951	228	434	314	123	132	32	13	5	1372	15	127	692	305	1	45	3081	436	840	0,0,0,0,0,0	16088	0	170	3877	35	0	3826,3730,3730,3385,3385,3385,3385	1	12	3536,0,0,0,0,0,0	68	0
175897	207	472	283	124	126	35	15	5	1438	16	128	701	265	2	45	3150	425	837	0,0,0,0,0,0	16142	0	144	4020	37	0	3959,3855,3855,3480,3480,3480,3480	1	9	3680,0,0,0,0,0,0	69	0
175802	223	474	309	121	138	36	13	3	1479	18	130	694	290	1	37	3242	418	896	0,0,0,0,0,0	16024	0	171	4191	37	0	4126,4014,4014,3611,3611,3611,3611	1	14	3851,0,0,0,0,0,0	63	0
175701	261	481	306	120	137	36	15	2	1535	18	134	695	338	1	46	3417	430	926	0,0,0,0,0,0	16127	0	169	4363	37	0	4293,4174,4174,3746,3746,3746,3746	1	10	4023,0,0,0,0,0,0	69	0
175604	293	496	307	123	133	37	12	4	1581	19	137	678	284	3	41	3531	435	966	0,0,0,0,0,0	16238	0	180	4543	37	0	4466,4339,4339,3883,3883,3883,3883	2	15	4203,0,0,0,0,0,0	63	0
175564	279	511	318	133	146	35	13	5	1586	19	137	680	337	2	45	3382	447	988	0,0,0,0,0,0	27972	0	151	4694	39	0	4601,4464,4464,3972,3972,3972,3972	2	10	4355,0,0,0,0,0,0	74	0
175492	267	529	335	129	149	35	17	4	1629	19	141	661	253	5	39	3252	439	1022	0,0,0,0,0,0	27837	0	167	4863	39	0	4765,4619,4619,4093,4093,4093,4093	2	13	4524,0,0,0,0,0,0	73	0
175390	292	573	329	135	137	34	17	3	1673	20	143	639	329	3	55	3014	475	1042	0,0,0,0,0,0	16538	0	210	5071	41	0	4964,4807,4807,4245,4245,4245,4245	2	22	4732,0,0,0,0,0,0	72	0
175255	299	618	345	142	135	40	17	3	1722	21	149	595	278	5	37	3117	471	1125	0,0,0,0,0,0	15840	0	220	5291	43	0	5181,5016,5016,4421,4421,4421,4421	2	27	4953,0,0,0,0,0,0	75	0
175180	298	653	343	152	141	44	16	4	1739	24	152	585	273	2	47	3150	465	1182	0,0,0,0,0,0	15796	0	205	5495	44	0	5376,5198,5198,4557,4557,4557,4557	2	8	5157,0,0,0,0,0,0	75	0
175028	333	650	376	153	161	47	22	3	1793	24	156	564	342	2	48	3259	482	1260	0,0,0,0,0,0	16023	0	248	5745	44	0	5621,5434,5434,4757,4757,4757,4757	2	23	5407,0,0,0,0,0,0	85	0
174908	370	661	370	151	171	49	20	4	1857	25	160	547	258	2	74	3625	530	1262	0,0,0,0,0,0	16196	0	229	5975	44	0	5846,5647,5647,4930,4930,4930,4930	2	32	5637,0,0,0,0,0,0	90	0
174798	353	687	391	157	186	50	23	4	1908	25	164	544	332	3	50	3544	541	1306	0,0,0,0,0,0	27869	0	217	6192	45	0	6056,5847,5847,5092,5092,5092,5092	2	20	5854,0,0,0,0,0,0	99	0
174675	341	685	455	176	194	47	24	4	1949	26	170	560	294	5	49	3619	545	1377	0,0,0,0,0,0	28016	0	228	6418	48	0	6280,6060,6060,5266,5266,5266,5266	2	11	6080,0,0,0,0,0,0	102	0
174500	371	734	467	191	193	47	25	5	2013	27	173	553	242	1	78	3969	606	1422	0,0,0,0,0,0	16732	0	299	6715	50	0	6571,6339,6339,5500,5500,5500,5500	2	24	6378,0,0,0,0,0,0	100	0
174330	397	769	456	206	194	52	24	5	2107	31	175	553	296	4	65	4305	620	1478	0,0,0,0,0,0	16706	0	278	6993	51	0	6840,6598,6598,5720,5720,5720,5720	2	31	6656,0,0,0,0,0,0	109	0
174203	414	771	458	217	210	56	28	5	2175	31	178	567	230	4	68	4580	654	1500	0,0,0,0,0,0	32330	0	267	7260	52	0	7100,6843,6843,5914,5914,5914,5914	3	26	6923,0,0,0,0,0,0	112	0
174067	420	791	487	219	227	55	30	6	2231	32	181	564	308	4	68	4450	684	1545	0,0,0,0,0,0	32615	0	265	7527	52	0	7360,7090,7090,6113,6113,6113,6113	3	29	7190,0,0,0,0,0,0	124	0
173949	419	823	504	213	223	58	36	5	2298	33	185	558	299	7	79	4768	729	1547	0,0,0,0,0,0	32733	0	263	7789	55	0	7617,7332,7332,6300,6300,6300,6300	3	30	7453,0,0,0,0,0,0	120	0
173818	441	800	531	233	226	63	35	5	2372	36	186	535	271	3	59	4904	741	1588	0,0,0,0,0,0	46209	0	268	8058	55	0	7878,7579,7579,6496,6496,6496,6496	3	22	7722,0,0,0,0,0,0	121	0
173743	432	812	516	242	247	65	34	7	2425	36	187	530	260	4	77	4759	774	1574	0,0,0,0,0,0	46080	0	242	8298	58	0	8108,7793,7793,6649,6649,6649,6649	3	14	7962,0,0,0,0,0,0	126	0
173620	422	840	512	246	236	68	30	6	2536	39	191	525	265	3	82	4893	806	1548	0,0,0,0,0,0	32934	0	273	8569	61	0	8373,8042,8042,6844,6844,6844,6844	3	28	8233,0,0,0,0,0,0	130	0
173467	440	872	506	263	246	63	33	8	2614	40	194	501	277	5	74	5205	830	1593	0,0,0,0,0,0	33057	0	303	8872	63	0	8666,8321,8321,7066,7066,7066,7066	3	36	8536,0,0,0,0,0,0	119	0
173402	404	837	564	300	233	70	32	9	2655	43	197	487	304	3	80	5306	856	1584	0,0,0,0,0,0	33260	0	228	9100	64	0	8884,8522,8522,7208,7208,7208,7208	3	27	8764,0,0,0,0,0,0	123	0
173307	394	863	564	271	248	76	37	8	2734	43	201	492	256	4	66	5575	825	1628	0,0,0,0,0,0	33520	0	274	9371	67	0	9147,8767,8767,7387,7387,7387,7387	4	26	9035,0,0,0,0,0,0	133	0
173189	389	888	588	270	232	74	45	4	2821	44	202	480	316	2	83	5623	876	1610	0,0,0,0,0,0	33649	0	270	9639	69	0	9405,9010,9010,7575,7575,7575,7575	4	30	9303,0,0,0,0,0,0	144	0
173140	377	847	594	267	238	76	48	9	2899	45	206	449	267	2	60	5420	853	1594	0,0,0,0,0,0	46396	0	227	9864	71	0	9623,9210,9210,7708,7708,7708,7708	4	17	9528,0,0,0,0,0,0	151	0
173076	356	815	590	269	261	80	47	11	2983	45	213	460	241	3	70	5637	846	1572	0,0,0,0,0,0	46635	0	232	10093	75	0	9847,9417,9417,7852,7852,7852,7852	4	16	9757,0,0,0,0,0,0	159	0
172982	367	860	555	239	236	83	46	14	3097	50	217	458	267	1	93	5873	872	1514	0,0,0,0,0,0	33778	0	272	10363	79	0	10109,9660,9660,8029,8029,8029,8029	4	31	10027,0,0,0,0,0,0	159	0
172902	378	849	553	254	231	85	43	14	3163	52	222	462	276	6	82	5875	883	1510	0,0,0,0,0,0	33892	0	254	10616	83	0	10353,9887,9887,8190,8190,8190,8190	4	31	10280,0,0,0,0,0,0	155	0
172821	401	837	572	241	232	88	47	16	3214	53	224	454	251	4	77	5859	873	1545	0,0,0,0,0,0	33768	0	268	10881	86	0	10607,10122,10122,8358,8358,8358,8358	4	25	10545,0,0,0,0,0,0	157	0
172753	390	806	576	251	257	91	44	16	3281	54	227	467	255	4	85	5901	878	1537	0,0,0,0,0,0	33888	0	248	11127	88	0	10842,10340,10340,8508,8508,8508,8508	4	23	10791,0,0,0,0,0,0	162	0
172691	372	837	546	251	234	94	44	17	3374	56	230	444	251	2	92	5886	874	1504	0,0,0,0,0,0	33868	0	249	11374	91	0	11080,10558,10558,8657,8657,8657,8657	4	29	11039,0,0,0,0,0,0	167	0
172690	366	789	546	244	239	101	42	21	3418	59	231	429	236	4	52	5519	830	1497	0,0,0,0,0,0	46812	0	221	11593	94	0	11285,10742,10742,8760,8760,8760,8760	4	21	11258,0,0,0,0,0,0	164	0
172685	346	792	531	233	236	96	46	19	3467	60	235	440	277	2	69	5617	804	1476	0,0,0,0,0,0	46799	0	216	11807	97	0	11489,10924,10924,8864,8864,8864,8864	4	18	11472,0,0,0,0,0,0	169	0
172648	339	807	507	226	242	102	46	19	3509	61	240	447	282	2	82	5941	815	1454	0,0,0,0,0,0	33669	0	232	12036	100	0	11707,11123,11123,8991,8991,8991,8991	4	34	11701,0,0,0,0,0,0	169	0
172630	350	816	504	232	248	97	47	18	3503	61	240	417	250	4	74	5705	838	1456	0,0,0,0,0,0	33962	0	257	12292	102	0	11945,11337,11337,9117,9117,9117,9117	4	29	11957,0,0,0,0,0,0	176	0
172567	364	812	495	244	252	101	47	16	3543	62	243	416	254	3	75	5618	833	1482	0,0,0,0,0,0	33906	0	271	12561	105	0	12203,11574,11574,9276,9276,9276,9276	4	31	12227,0,0,0,0,0,0	171	0
172563	353	801	495	247	256	100	46	16	3559	65	245	430	252	2	83	5612	823	1475	0,0,0,0,0,0	33703	0	237	12797	106	0	12423,11771,11771,9386,9386,9386,9386	4	20	12463,0,0,0,0,0,0	164	0
172547	372	787	503	255	254	96	45	14	3560	68	245	409	304	3	69	5644	809	1503	0,0,0,0,0,0	33454	0	256	13050	110	0	12660,11984,11984,9511,9511,9511,9511	4	40	12717,0,0,0,0,0,0	158	0
172545	361	782	500	261	248	89	42	13	3584	73	248	400	229	6	58	5549	758	1525	0,0,0,0,0,0	46617	0	227	13277	112	0	12874,12175,12175,9618,9618,9618,9618	4	16	12944,0,0,0,0,0,0	148	0
172574	347	763	534	238	250	80	46	9	3582	74	249	416	280	4	82	5439	766	1492	0,0,0,0,0,0	46557	0	217	13488	119	0	13070,12346,12346,9700,9700,9700,9700	4	16	13156,0,0,0,0,0,0	140	0
172581	341	771	520	232	251	77	48	8	3587	81	249	409	272	1	77	5610	774	1466	0,0,0,0,0,0	33269	0	231	13715	123	0	13280,12534,12534,9800,9800,9800,9800	4	26	13384,0,0,0,0,0,0	131	0
172600	341	753	545	229	239	83	49	9	3562	85	251	428	252	3	87	6009	788	1451	0,0,0,0,0,0	33312	0	236	13948	127	0	13495,12723,12723,9895,9895,9895,9895	4	26	13617,0,0,0,0,0,0	139	0
172608	327	755	556	229	221	82	49	10	3568	87	254	393	273	0	69	6262	769	1450	0,0,0,0,0,0	34528	0	221	14165	132	0	13698,12904,12904,9990,9990,9990,9990	4	19	13836,0,0,0,0,0,0	146	0
172607	348	720	549	229	227	81	47	10	3583	90	255	427	251	5	74	6186	780	1421	0,0,0,0,0,0	34222	0	223	14389	134	0	13907,13089,13089,10092,10092,10092,10092	4	22	14060,0,0,0,0,0,0	140	0
172597	360	751	518	229	222	85	49	7	3578	92	258	431	264	2	61	6187	769	1445	0,0,0,0,0,0	34017	0	237	14624	137	0	14128,13288,13288,10205,10205,10205,10205	4	19	14295,0,0,0,0,0,0	142	0
172622	329	754	515	226	206	85	50	8	3597	95	259	410	299	4	71	6162	764	1401	0,0,0,0,0,0	46875	0	188	14811	140	0	14300,13439,13439,10276,10276,10276,10276	4	13	14482,0,0,0,0,0,0	144	0
172626	306	739	523	230	214	84	47	10	3604	99	264	416	310	5	57	5953	760	1383	0,0,0,0,0,0	46945	0	208	15019	141	0	14496,13613,13613,10370,10370,10370,10370	3	15	14690,0,0,0,0,0,0	154	0
172665	318	691	524	226	217	88	50	9	3590	102	266	388	326	7	63	5793	761	1353	0,0,0,0,0,0	33957	0	210	15227	144	0	14688,13780,13780,10443,10443,10443,10443	3	16	14898,0,0,0,0,0,0	151	0
172719	310	673	502	213	221	81	47	11	3596	105	268	403	252	3	62	5872	771	1276	0,0,0,0,0,0	33683	0	184	15407	150	0	14849,13917,13917,10493,10493,10493,10493	3	25	15078,0,0,0,0,0,0	139	0
172748	305	640	492	207	213	78	44	14	3629	107	269	432	227	7	61	5831	733	1246	0,0,0,0,0,0	33817	0	176	15581	153	0	15008,14056,14056,10554,10554,10554,10554	3	18	15252,0,0,0,0,0,0	142	0
172719	329	659	464	194	214	70	47	15	3652	109	274	420	317	2	77	5994	759	1218	0,0,0,0,0,0	34234	0	246	15826	156	0	15239,14266,14266,10680,10680,10680,10680	3	32	15497,0,0,0,0,0,0	131	0
172782	347	632	468	199	211	65	45	13	3594	114	276	407	252	0	46	5329	724	1243	0,0,0,0,0,0	33717	0	202	16029	157	0	15424,14424,14424,10738,10738,10738,10738	3	17	15700,0,0,0,0,0,0	118	0
172839	315	631	449	197	204	66	47	14	3591	114	279	429	230	3	56	4920	708	1201	0,0,0,0,0,0	46158	0	173	16204	158	0	15584,14560,14560,10786,10786,10786,10786	3	13	15875,0,0,0,0,0,0	126	0
172919	276	621	444	201	180	61	44	14	3586	119	281	408	269	0	55	4691	646	1181	0,0,0,0,0,0	46125	0	156	16359	161	0	15723,14675,14675,10812,10812,10812,10812	3	11	16030,0,0,0,0,0,0	123	0
172984	281	606	453	212	168	64	43	12	3518	121	284	370	245	0	44	4543	631	1196	0,0,0,0,0,0	32565	0	193	16550	164	0	15896,14822,14822,10862,10862,10862,10862	3	25	16222,0,0,0,0,0,0	122	0
173024	304	608	440	199	174	62	41	11	3473	123	287	420	243	5	64	4710	634	1194	0,0,0,0,0,0	32349	0	204	16753	166	0	16081,14983,14983,10929,10929,10929,10929	3	27	16425,0,0,0,0,0,0	121	0
173065	280	608	424	202	176	57	40	12	3470	123	289	410	221	5	57	4942	642	1145	0,0,0,0,0,0	32732	0	159	16911	169	0	16224,15106,15106,10975,10975,10975,10975	3	16	16583,0,0,0,0,0,0	111	0
173125	263	618	434	196	159	56	36	14	3427	127	291	431	247	1	54	4910	639	1123	0,0,0,0,0,0	46073	0	167	17075	172	0	16372,15231,15231,11014,11014,11014,11014	3	9	16747,0,0,0,0,0,0	109	0
173201	264	594	441	181	183	52	36	16	3356	127	295	433	281	2	50	4955	625	1126	0,0,0,0,0,0	46016	0	166	17241	173	0	16522,15357,15357,11046,11046,11046,11046	3	13	16913,0,0,0,0,0,0	112	0
173262	259	565	447	185	179	49	34	14	3323	131	298	433	267	5	53	4777	647	1071	0,0,0,0,0,0	46182	0	150	17390	175	0	16657,15470,15470,11079,11079,11079,11079	2	11	17062,0,0,0,0,0,0	106	0
173336	240	546	429	188	187	50	32	12	3293	135	298	466	245	2	47	4492	622	1050	0,0,0,0,0,0	46140	20	150	17540	176	0	16789,15580,15580,11103,11103,11103,11103	2	14	17212,0,0,0,0,0,0	109	16
173404	238	550	399	179	191	51	27	11	3254	141	301	431	228	2	62	4644	641	994	0,0,0,0,0,0	32427	29	163	17701	178	0	16934,15701,15701,11136,11136,11136,11136	2	17	17373,0,0,0,0,0,0	99	43
173486	250	510	395	179	208	54	25	12	3180	143	304	431	245	0	49	4452	642	979	0,0,0,0,0,0	32698	22	161	17861	179	0	17075,15818,15818,11159,11159,11159,11159	2	9	17533,0,0,0,0,0,0	102	62
173544	249	510	366	182	206	58	26	10	3142	145	308	431	286	3	66	5340	658	939	0,0,0,0,0,0	33140	23	169	18031	180	0	17229,15949,15949,11201,11201,11201,11201	2	20	17703,0,0,0,0,0,0	105	82
173589	240	519	373	164	200	57	25	11	3113	145	310	419	243	4	59	5522	655	923	0,0,0,0,0,0	33646	30	159	18191	181	0	17371,16070,16070,11243,11243,11243,11243	3	15	17863,0,0,0,0,0,0	117	105
173628	264	528	339	163	188	57	25	9	3084	148	313	451	253	5	43	5251	615	949	0,0,0,0,0,0	33472	28	175	18365	183	0	17528,16206,16206,11296,11296,11296,11296	3	22	18037,0,0,0,0,0,0	110	133
173707	240	540	316	160	184	57	29	9	3040	150	314	445	246	2	37	4887	583	943	0,0,0,0,0,0	39351	24	143	18505	186	0	17651,16307,16307,11312,11312,11312,11312	3	13	18178,0,0,0,0,0,0	124	152
173802	214	534	321	168	181	56	31	9	2964	151	315	473	256	1	54	4443	579	926	0,0,0,0,0,0	39394	128	142	18643	190	0	17776,16409,16409,11322,11322,11322,11322	3	13	18316,0,0,0,0,0,0	129	260
173843	228	528	334	167	176	51	31	9	2909	154	316	472	328	4	56	4637	595	920	0,0,0,0,0,0	27624	131	167	18812	190	0	17938,16549,16549,11375,11375,11375,11375	3	29	18485,0,0,0,0,0,0	126	368
173848	236	517	327	144	187	56	32	8	2917	155	319	454	265	1	49	4696	587	912	0,0,0,0,0,0	27923	110	158	18967	194	0	18084,16679,16679,11438,11438,11438,11438	3	21	18640,0,0,0,0,0,0	119	464
173916	247	509	341	142	175	50	32	9	2846	157	322	471	257	5	62	4731	586	910	0,0,0,0,0,0	27360	148	159	19126	195	0	18234,16806,16806,11472,11472,11472,11472	3	24	18799,0,0,0,0,0,0	120	594
173991	241	519	334	151	163	50	27	9	2774	162	325	478	268	1	52	4748	597	888	0,0,0,0,0,0	27943	124	149	19276	195	0	18374,16924,16924,11497,11497,11497,11497	3	14	18949,0,0,0,0,0,0	118	704
174026	255	499	335	147	149	51	26	8	2758	164	328	452	315	3	36	4253	557	905	0,0,0,0,0,0	27638	129	163	19436	198	0	18530,17060,17060,11550,11550,11550,11550	3	14	19109,0,0,0,0,0,0	117	823
174092	239	472	323	157	154	50	26	7	2731	165	330	491	255	3	45	3796	528	893	0,0,0,0,0,0	39035	128	121	19558	200	0	18642,17153,17153,11566,11566,11566,11566	2	9	19231,0,0,0,0,0,0	119	933
174162	221	478	335	139	162	52	27	7	2662	166	335	456	238	2	40	3643	552	862	0,0,0,0,0,0	38636	146	130	19686	202	0	18796,17287,17287,11601,11601,11601,11601	2	5	19359,0,0,0,0,0,0	116	1055
174183	227	468	326	140	160	55	32	6	2644	167	338	475	255	1	61	3769	545	863	0,0,0,0,0,0	26627	158	150	19835	203	0	18973,17447,17447,11670,11670,11670,11670	2	22	19509,0,0,0,0,0,0	111	1183
174236	233	455	337	139	157	58	36	5	2582	167	341	452	265	0	46	4069	549	866	0,0,0,0,0,0	26981	162	147	19978	208	0	19135,17588,17588,11715,11715,11715,11715	2	19	19653,0,0,0,0,0,0	121	1328
174275	239	465	315	142	151	56	30	9	2550	171	343	466	241	3	46	3741	519	879	0,0,0,0,0,0	27205	169	150	20123	213	0	19313,17748,17748,11777,11777,11777,11777	2	21	19798,0,0,0,0,0,0	110	1477
174320	218	428	339	149	139	53	29	8	2542	174	347	462	235	1	41	3504	497	858	0,0,0,0,0,0	27098	158	115	20234	217	0	19450,17869,17869,11813,11813,11813,11813	2	14	19909,0,0,0,0,0,0	106	1605
174337	198	463	307	148	149	51	28	8	2531	176	350	449	264	0	50	3622	508	836	0,0,0,0,0,0	26463	156	142	20377	217	0	19624,18027,18027,11883,11883,11883,11883	2	17	20052,0,0,0,0,0,0	98	1735
174391	178	452	315	143	141	48	29	10	2509	177	353	466	262	4	46	3449	497	809	0,0,0,0,0,0	38479	159	118	20495	219	0	19769,18154,18154,11920,11920,11920,11920	2	16	20170,0,0,0,0,0,0	107	1869
174443	174	450	319	140	131	47	29	13	2466	178	356	471	267	5	44	3464	469	821	0,0,0,0,0,0	38147	63	126	20624	219	0	19927,18294,18294,11965,11965,11965,11965	2	16	20299,0,0,0,0,0,0	103	1923
174454	177	479	314	133	114	40	29	13	2457	179	357	431	244	3	39	3782	472	814	0,0,0,0,0,0	26985	68	153	20775	221	0	20110,18461,18461,12041,12041,12041,12041	2	24	20450,0,0,0,0,0,0	107	1983
174473	191	444	321	142	126	39	24	13	2430	183	360	440	249	2	36	3657	476	811	0,0,0,0,0,0	26809	64	129	20902	224	0	20275,18611,18611,12103,12103,12103,12103	2	10	20577,0,0,0,0,0,0	94	2035
174516	181	465	303	133	145	40	21	13	2383	185	361	446	246	3	48	3611	476	812	0,0,0,0,0,0	26461	63	140	21038	228	0	20449,18766,18766,12158,12158,12158,12158	2	16	20713,0,0,0,0,0,0	87	2086
174547	188	458	306	133	144	41	25	13	2342	185	364	448	249	3	51	3503	481	814	0,0,0,0,0,0	26643	56	140	21178	228	0	20621,18921,18921,12218,12218,12218,12218	2	21	20853,0,0,0,0,0,0	83	2131
174601	208	428	291	133	143	44	24	12	2310	187	365	471	354	2	38	3337	463	808	0,0,0,0,0,0	26627	65	121	21298	229	0	20773,19055,19055,12257,12257,12257,12257	2	22	20973,0,0,0,0,0,0	88	2179
174648	200	422	289	127	148	43	22	11	2279	190	367	460	245	2	38	3408	441	810	0,0,0,0,0,0	38399	72	117	21414	232	0	20924,19190,19190,12299,12299,12299,12299	2	12	21089,0,0,0,0,0,0	99	2242
174688	193	401	292	131	152	47	22	9	2252	191	368	457	308	3	38	3295	459	779	0,0,0,0,0,0	38337	215	104	21514	237	0	21034,19286,19286,12324,12324,12324,12324	2	14	21189,0,0,0,0,0,0	97	2420
174721	193	396	280	132	144	46	22	11	2239	191	371	453	252	4	46	3377	453	760	0,0,0,0,0,0	26368	210	120	21634	238	0	21170,19407,19407,12363,12363,12363,12363	2	16	21310,0,0,0,0,0,0	96	2587
174775	174	388	286	131	140	46	21	12	2207	193	373	456	242	1	41	3380	449	737	0,0,0,0,0,0	26493	210	107	21740	239	0	21284,19505,19505,12381,12381,12381,12381	2	10	21416,0,0,0,0,0,0	101	2767
174781	177	383	295	102	128	49	23	10	2228	194	376	487	262	2	42	3063	431	726	0,0,0,0,0,0	26543	192	129	21866	242	0	21422,19630,19630,12434,12434,12434,12434	2	9	21542,0,0,0,0,0,0	107	2938
174797	192	394	265	107	130	45	22	8	2211	197	378	519	240	3	42	3200	425	730	0,0,0,0,0,0	26199	170	136	21997	247	0	21562,19755,19755,12484,12484,12484,12484	2	21	21674,0,0,0,0,0,0	98	3071
174826	191	383	276	104	127	47	20	9	2181	199	383	501	241	7	46	3258	436	712	0,0,0,0,0,0	26399	216	119	22114	249	0	21694,19872,19872,12523,12523,12523,12523	2	18	21791,0,0,0,0,0,0	97	3250
174868	195	371	268	110	118	46	17	9	2156	203	385	485	99	0	28	3174	423	702	0,0,0,0,0,0	37917	177	105	22218	251	0	21815,19978,19978,12551,12551,12551,12551	2	12	21896,0,0,0,0,0,0	96	3403
174937	175	368	255	103	107	49	17	9	2137	203	386	495	230	1	28	3085	393	681	0,0,0,0,0,0	37873	154	78	22295	253	0	21981,20131,20131,12591,12591,12591,12591	2	3	21973,0,0,0,0,0,0	90	3524
174980	144	357	272	119	113	50	14	9	2092	206	390	501	291	4	40	3154	407	662	0,0,0,0,0,0	26351	204	91	22385	254	0	22161,20298,20298,12647,12647,12647,12647	2	10	22063,0,0,0,0,0,0	90	3695
174976	164	370	255	116	121	48	13	11	2072	207	393	503	272	2	34	3228	390	697	3,0,0,0,0,0	26296	158	109	22526	261	0	22386,20510,20510,12748,12748,12748,12748	2	14	22170,38,0,0,0,0,0	83	3819
174983	179	379	259	117	108	43	15	9	2049	208	397	496	280	4	44	3202	398	702	6,0,0,0,0,0	26119	137	110	22666	265	0	22618,20728,20728,12847,12847,12847,12847	2	20	22274,76,0,0,0,0,0	75	3927
174969	214	399	253	106	113	42	15	9	2018	208	400	490	239	2	29	2899	391	751	11,0,0,0,0,0	26502	181	125	22830	266	0	22852,20947,20947,12958,12958,12958,12958	2	13	22386,128,0,0,0,0,0	73	4075
174921	250	415	243	107	126	41	15	9	2006	209	404	483	310	2	27	2687	382	815	16,0,0,0,0,0	25958	165	131	22997	271	0	23117,21201,21201,13100,13100,13100,13100	2	12	22485,198,0,0,0,0,0	70	4205
174859	245	471	250	111	125	36	17	5	2010	210	407	498	344	3	39	2508	371	884	21,0,0,0,0,0	37345	159	140	23172	275	0	23375,21448,21448,13249,13249,13249,13249	2	13	22575,284,0,0,0,0,0	65	4321
174817	254	522	260	113	118	37	18	5	1981	211	410	486	304	3	40	2547	392	930	26,0,0,0,0,0	37705	152	152	23353	281	0	23625,21686,21686,13384,13384,13384,13384	2	7	22672,372,0,0,0,0,0	70	4444
174766	280	520	270	111	124	40	18	4	1988	212	413	504	248	1	46	2760	405	958	29,0,0,0,0,0	25845	121	173	23525	283	0	23892,21942,21942,13529,13529,13529,13529	2	15	22767,449,0,0,0,0,0	75	4534
174746	282	533	298	125	131	41	20	4	1937	213	416	529	316	5	45	2757	441	989	33,0,0,0,0,0	26063	133	176	23699	285	0	24145,22181,22180,13649,13649,13649,13649	2	12	22852,540,0,0,0,0,0	78	4645
174697	282	548	315	133	135	39	22	2	1938	215	420	538	275	3	36	3054	449	1025	37,0,0,0,0,0	26125	136	189	23885	289	0	24409,22432,22431,13791,13791,13791,13791	1	9	22945,636,0,0,0,0,0	76	4748
174644	284	539	327	147	151	38	26	2	1950	216	422	527	259	2	45	3267	472	1040	40,0,0,0,0,0	26137	133	175	24057	292	0	24666,22679,22678,13932,13932,13932,13932	1	8	23027,728,0,0,0,0,0	82	4858
174573	299	574	337	148	151	42	27	1	1953	217	424	522	226	2	61	3423	517	1061	44,0,0,0,0,0	26502	118	209	24259	300	0	24947,22950,22948,14094,14094,14094,14094	1	11	23108,851,0,0,0,0,0	86	4952
174521	296	575	379	160	149	44	25	2	1949	220	426	517	248	4	47	3533	548	1080	46,0,0,0,0,0	38195	132	197	24452	304	0	25217,23208,23206,14242,14242,14242,14242	1	8	23197,956,0,0,0,0,0	100	5060
174439	293	601	399	169	158	46	28	2	1960	221	430	529	240	2	48	3855	582	1112	48,0,0,0,0,0	38571	276	197	24646	309	0	25459,23442,23437,14388,14388,14388,14388	1	21	23272,1079,0,0,0,0,0	110	5273
174338	312	637	411	180	154	44	25	1	1988	224	432	500	254	7	60	3979	602	1161	51,0,0,0,0,0	27093	310	235	24883	310	0	25730,23702,23696,14556,14556,14556,14556	1	16	23355,1233,0,0,0,0,0	115	5508
174215	354	648	409	186	158	40	29	1	2043	225	438	505	245	3	45	3990	598	1226	54,0,0,0,0,0	27038	268	257	25135	316	0	26024,23986,23979,14747,14747,14747,14747	1	17	23439,1404,0,0,0,0,0	100	5699
174084	365	681	424	199	169	44	29	2	2079	225	445	502	225	2	52	3901	610	1301	57,0,0,0,0,0	26986	311	255	25387	319	0	26315,24268,24259,14941,14941,14941,14941	1	11	23516,1582,0,0,0,0,0	93	5940
173992	386	703	424	200	197	44	29	2	2097	227	445	515	253	4	71	4141	657	1326	59,0,0,0,0,0	26983	302	252	25636	323	0	26598,24541,24530,15113,15113,15113,15113	1	10	23587,1763,0,0,0,0,0	95	6162
173842	416	750	424	205	194	43	27	5	2166	228	446	516	261	3	64	4140	671	1388	60,0,0,0,0,0	27253	296	277	25902	335	0	26895,24831,24818,15321,15321,15321,15321	1	12	23673,1948,0,0,0,0,0	110	6386
173744	408	769	428	220	191	43	30	6	2227	229	451	518	300	0	66	4157	718	1371	62,0,0,0,0,0	38886	289	230	26120	347	0	27154,25084,25068,15484,15484,15484,15484	1	15	23734,2113,0,0,0,0,0	113	6591
173661	358	786	463	234	199	47	34	7	2275	229	453	510	269	3	57	3925	728	1393	64,0,0,0,0,0	38942	620	223	26339	354	0	27492,25417,25398,15682,15682,15682,15682	1	19	23797,2273,0,0,0,0,0	120	6995
173506	395	796	463	231	212	53	35	6	2363	231	455	494	287	5	72	3913	739	1446	67,0,0,0,0,0	27041	568	287	26620	360	0	27898,25819,25796,15948,15948,15948,15948	1	16	23856,2500,0,0,0,0,0	115	7383
173312	430	850	491	232	211	62	33	4	2427	234	460	492	291	3	74	4213	784	1525	69,0,0,0,0,0	27267	603	334	26941	374	0	28331,26250,26222,16245,16245,16245,16245	1	12	23923,2766,0,0,0,0,0	125	7919
173124	479	890	489	242	222	57	33	3	2506	238	463	504	216	3	62	4531	773	1639	71,0,0,0,0,0	27557	584	342	27270	389	0	28781,26697,26664,16549,16549,16549,16549	1	25	23996,3035,0,0,0,0,0	120	8431
173008	472	904	516	258	246	59	30	4	2542	242	465	525	266	6	82	4585	801	1684	73,0,0,0,0,0	27457	605	290	27553	399	0	29159,27071,27032,16783,16783,16783,16783	2	30	24058,3263,0,0,0,0,0	131	8965
172847	489	957	541	273	257	55	31	4	2581	244	467	507	255	1	83	5089	872	1731	74,0,0,0,0,0	27809	669	336	27875	417	0	29599,27508,27463,17069,17069,17069,17069	2	22	24123,3531,0,0,0,0,0	127	9562
172667	515	992	566	280	262	60	29	5	2655	246	469	498	272	2	74	5110	913	1791	76,0,0,0,0,0	39838	616	340	28211	424	0	30032,27941,27889,17363,17363,17363,17363	2	22	24175,3820,0,0,0,0,0	137	10095
172461	524	1030	589	282	290	63	27	6	2756	248	470	498	260	5	76	4801	892	1913	77,0,0,0,0,0	39447	814	350	28551	437	0	30538,28445,28388,17706,17706,17706,17706	2	21	24229,4117,0,0,0,0,0	145	10804
172191	595	1055	612	308	295	62	31	6	2868	250	473	514	246	4	104	4933	955	2003	79,0,0,0,0,0	27771	796	426	28967	453	0	31131,29039,28975,18121,18121,18121,18121	2	18	24276,4500,0,0,0,0,0	132	11505
171917	631	1172	628	295	292	67	30	6	2980	253	475	507	273	3	114	5384	1006	2109	81,0,0,0,0,0	28262	821	448	29396	473	0	31769,29680,29608,18562,18562,18562,18562	2	18	24334,4886,0,0,0,0,0	144	12244
171646	651	1265	631	320	325	74	30	6	3066	254	478	528	258	4	89	5854	1061	2235	82,0,0,0,0,0	28631	860	466	29850	489	0	32421,30334,30252,19009,19009,19009,19009	2	29	24394,5292,0,0,0,0,0	145	12970
171350	707	1309	673	339	356	81	33	9	3153	255	481	537	264	6	104	6279	1114	2384	83,0,0,0,0,0	29023	770	482	30311	510	0	33101,31016,30925,19484,19484,19484,19484	2	27	24445,5721,0,0,0,0,0	156	13624
171063	755	1345	704	377	387	85	39	8	3243	257	483	510	309	2	130	6522	1199	2493	85,0,0,0,0,0	29244	848	505	30804	527	0	33819,31735,31634,19974,19974,19974,19974	2	31	24495,6178,0,0,0,0,0	166	14364
170776	764	1401	759	374	393	85	42	8	3399	260	485	499	336	7	124	6843	1222	2596	86,0,0,0,0,0	40942	825	473	31266	544	0	34479,32404,32291,20440,20440,20440,20440	2	25	24543,6606,0,0,0,0,0	188	15061
170478	779	1461	800	376	413	84	43	8	3553	263	488	491	318	6	125	7132	1269	2687	87,0,0,0,0,0	41293	907	510	31762	560	0	35240,33172,33046,20955,20955,20955,20955	2	30	24581,7077,0,0,0,0,0	198	15834
170163	831	1454	835	388	456	93	52	8	3709	265	492	476	276	5	140	7438	1335	2774	88,0,0,0,0,0	46485	930	527	32261	589	0	35988,33924,33787,21470,21470,21470,21470	2	37	24620,7557,0,0,0,0,0	192	16624
169925	823	1491	853	402	450	95	56	6	3882	266	497	499	302	9	148	8063	1397	2773	88,0,0,0,0,0	46763	879	482	32733	603	0	36718,34662,34509,21937,21937,21937,21937	2	30	24660,7998,0,0,0,0,0	201	17354
169667	786	1530	890	426	438	98	62	6	4079	266	498	481	323	3	132	8565	1436	2794	89,0,0,0,0,0	47306	832	466	33184	621	0	37430,35381,35216,22405,22405,22405,22405	3	31	24696,8425,0,0,0,0,0	205	18047
169412	784	1569	865	462	440	109	67	6	4264	268	500	455	279	8	134	9006	1497	2799	89,0,0,0,0,0	47970	939	505	33669	641	0	38151,36113,35931,22878,22878,22878,22878	3	35	24735,8882,0,0,0,0,0	212	18851
169190	748	1613	877	461	445	111	70	6	4455	269	501	457	288	6	136	9018	1505	2820	90,0,0,0,0,0	48029	896	472	34125	663	0	38860,36834,36635,23328,23328,23328,23328	3	33	24763,9327,0,0,0,0,0	211	19604
169058	746	1545	916	467	460	122	71	6	4574	275	506	434	327	3	107	8968	1497	2830	91,0,0,0,0,0	71626	892	412	34518	682	0	39507,37495,37276,23707,23707,23707,23707	3	25	24777,9720,0,0,0,0,0	223	20353
168948	699	1518	923	474	467	128	73	7	4724	279	506	444	260	2	123	8848	1484	2798	91,0,0,0,0,0	71500	590	411	34913	700	0	40208,38210,37971,24102,24102,24102,24102	3	22	24806,10099,0,0,0,0,0	241	20817
168739	697	1514	955	475	481	138	75	6	4875	282	509	425	231	5	167	8798	1543	2792	91,0,0,0,0,0	48043	665	478	35370	721	0	40990,39010,38751,24586,24586,24586,24586	3	22	24832,10547,0,0,0,0,0	252	21355
168538	719	1509	967	481	478	149	72	9	5024	288	512	401	354	11	165	9445	1610	2765	92,0,0,0,0,0	48151	635	500	35843	749	0	41745,39784,39503,25054,25054,25054,25054	3	27	24858,11015,0,0,0,0,0	266	21864
168357	734	1490	975	515	478	151	71	8	5158	294	515	389	260	6	150	9788	1642	2772	92,0,0,0,0,0	48312	614	462	36290	768	0	42483,40537,40237,25500,25500,25500,25500	3	21	24882,11453,0,0,0,0,0	267	22363
168159	765	1527	942	510	469	155	73	11	5322	297	516	385	285	8	158	9898	1646	2795	92,0,0,0,0,0	48743	640	502	36771	791	0	43275,41348,41026,25987,25987,25987,25987	3	27	24915,11914,0,0,0,0,0	263	22898
168032	786	1474	989	492	492	153	78	11	5419	299	521	377	329	5	145	9745	1615	2849	93,0,0,0,0,0	48626	677	455	37211	807	0	44005,42101,41753,26407,26407,26407,26407	3	22	24939,12341,0,0,0,0,0	270	23428
167989	698	1521	957	476	475	153	77	12	5563	304	521	403	323	5	136	9219	1536	2821	93,0,0,0,0,0	72056	586	378	37563	834	0	44639,42759,42386,26741,26741,26741,26741	3	21	24956,12692,0,0,0,0,0	282	23890
167935	635	1531	973	463	475	152	78	10	5659	311	524	416	335	7	136	9328	1534	2773	94,0,0,0,0,0	71840	869	404	37944	860	0	45268,43418,43019,27095,27095,27095,27095	3	19	24969,13074,0,0,0,0,0	279	24602
167794	682	1479	970	485	481	149	78	10	5775	316	527	404	312	9	160	9581	1545	2779	94,0,0,0,0,0	48380	925	479	38400	885	0	46001,44181,43755,27535,27535,27535,27535	2	18	24990,13523,0,0,0,0,0	274	25367
167687	692	1459	928	484	486	142	75	9	5932	323	529	405	265	3	155	9487	1519	2747	94,0,0,0,0,0	48438	862	437	38814	909	0	46722,44926,44473,27925,27925,27925,27925	2	18	24998,13948,0,0,0,0,0	258	26065
167545	741	1424	959	466	489	146	72	10	6033	329	532	404	266	5	163	9395	1503	2794	95,0,0,0,0,0	48315	908	480	39273	931	0	47476,45705,45225,28348,28348,28348,28348	2	32	25014,14401,0,0,0,0,0	275	26798
167484	740	1434	943	462	502	144	70	13	6084	336	534	416	232	3	150	9649	1516	2779	95,0,0,0,0,0	48458	931	438	39687	957	0	48205,46461,45951,28720,28720,28720,28720	2	23	25032,14815,0,0,0,0,0	257	27562
167417	689	1483	947	483	480	146	67	13	6145	341	535	415	241	8	132	8903	1425	2870	95,0,0,0,0,0	48230	933	448	40118	976	0	48970,47253,46712,29111,29111,29111,29111	2	19	25043,15247,0,0,0,0,0	275	28313
167417	665	1409	953	469	474	150	68	13	6240	349	539	422	248	6	139	8754	1410	2778	95,0,0,0,0,0	71113	872	364	40457	1002	0	49603,47912,47343,29406,29406,29406,29406	2	11	25056,15588,0,0,0,0,0	271	29022
167444	562	1431	928	451	459	150	66	12	6343	353	547	400	290	5	130	8530	1385	2662	96,0,0,0,0,0	71505	1078	341	40777	1026	0	50370,48710,48110,29753,29753,29753,29753	2	16	25065,15918,0,0,0,0,0	283	29897
167423	602	1411	932	443	451	144	67	13	6354	356	550	400	275	5	149	8888	1375	2675	96,0,0,0,0,0	47846	1072	447	41205	1047	0	51241,49614,48979,30176,30176,30176,30176	2	28	25074,16352,0,0,0,0,0	266	30768
167396	636	1397	911	410	453	154	73	11	6391	363	551	408	273	7	136	8814	1354	2680	96,0,0,0,0,0	47732	1040	447	41639	1064	0	52108,50517,49845,30594,30594,30594,30594	2	24	25084,16791,0,0,0,0,0	271	31578
167371	636	1368	911	422	460	155	74	17	6413	367	552	408	265	4	153	8571	1356	2670	97,0,0,0,0,0	47606	1067	420	42037	1087	0	52953,51393,50690,31006,31006,31006,31006	2	26	25092,17196,0,0,0,0,0	262	32433
167326	661	1352	931	424	464	147	67	18	6426	376	554	391	281	5	150	9027	1341	2705	97,0,0,0,0,0	47662	1042	453	42471	1109	0	53814,52288,51551,31435,31435,31435,31435	2	17	25102,17633,0,0,0,0,0	264	33230
167300	662	1360	919	416	453	147	70	16	6467	380	556	397	271	7	153	9155	1355	2672	97,0,0,0,0,0	48319	1071	439	42893	1127	0	54686,53193,52422,31855,31855,31855,31855	2	24	25109,18061,0,0,0,0,0	242	34060
167414	618	1284	915	414	441	134	67	17	6498	387	557	399	289	3	127	8630	1292	2581	97,0,0,0,0,0	71491	1114	301	43179	1145	0	55401,53942,53136,32134,32134,32134,32134	2	15	25114,18356,0,0,0,0,0	244	34906
167544	542	1237	897	418	416	135	68	17	6523	390	559	408	263	10	123	8075	1271	2442	97,0,0,0,0,0	71277	1376	267	43433	1158	0	56174,54751,53911,32426,32426,32426,32426	2	13	25119,18615,0,0,0,0,0	242	35987
167592	552	1215	895	392	395	133	64	16	6532	397	563	428	301	5	135	8136	1237	2409	97,0,0,0,0,0	47139	1351	385	43803	1177	0	57060,55674,54796,32810,32810,32810,32810	2	22	25121,18997,0,0,0,0,0	236	37033
167609	578	1199	871	409	377	133	65	16	6520	401	568	412	243	7	123	8185	1223	2409	97,0,0,0,0,0	47002	1357	412	44193	1201	0	57924,56573,55660,33202,33202,33202,33202	2	25	25128,19397,0,0,0,0,0	240	38089
167678	577	1206	861	395	371	123	68	14	6474	407	572	392	341	3	123	8021	1181	2420	97,0,0,0,0,0	47167	1347	386	44554	1227	0	58763,57453,56501,33558,33558,33558,33558	2	15	25135,19769,0,0,0,0,0	228	39128
167660	613	1175	862	413	358	119	68	14	6476	411	577	378	273	11	138	7977	1163	2445	98,0,0,0,0,0	38817	1444	392	44930	1245	0	59641,58363,57379,33970,33970,33970,33970	2	23	25139,20152,0,0,0,0,0	221	40228
167728	623	1138	872	398	361	121	67	16	6430	413	579	374	246	6	100	7802	1138	2442	98,0,0,0,0,0	38708	1360	351	45256	1271	0	60460,59219,58200,34309,34309,34309,34309	2	22	25142,20497,0,0,0,0,0	211	41252
167830	574	1127	859	397	349	111	66	18	6416	417	582	397	339	8	111	7428	1111	2372	98,0,0,0,0,0	41118	1346	325	45567	1286	0	61250,60046,58990,34625,34625,34625,34625	2	20	25149,20809,0,0,0,0,0	213	42255
167968	504	1114	821	380	349	107	63	14	6420	422	584	390	268	5	99	6669	1020	2318	98,0,0,0,0,0	40862	1136	287	45842	1300	0	61991,60826,59732,34887,34887,34887,34887	2	12	25155,21090,0,0,0,0,0	207	43098
168044	485	1142	789	371	344	107	68	15	6373	423	585	415	303	4	123	6588	997	2309	98,0,0,0,0,0	37575	1084	343	46168	1318	0	62797,61668,60538,35205,35205,35205,35205	2	14	25158,21426,0,0,0,0,0	200	43895
168145	494	1109	770	365	351	104	73	16	6306	424	589	409	247	2	133	6593	1016	2250	98,0,0,0,0,0	37717	1106	332	46480	1341	0	63589,62499,61331,35508,35508,35508,35508	2	15	25162,21751,0,0,0,0,0	197	44661
168221	510	1088	785	347	347	103	70	17	6240	428	590	416	322	8	123	6550	1019	2231	98,0,0,0,0,0	37995	1161	350	46815	1358	0	64381,63328,62123,35820,35820,35820,35820	2	16	25170,22089,0,0,0,0,0	198	45460
168352	534	1050	784	339	337	94	73	15	6142	433	593	414	300	5	113	6357	1003	2208	98,0,0,0,0,0	37750	1076	315	47117	1373	0	65187,64173,62929,36110,36110,36110,36110	2	11	25174,22396,0,0,0,0,0	189	46184
168520	478	1039	711	343	341	85	70	15	6112	436	596	423	303	4	87	6297	934	2133	98,0,0,0,0,0	37787	1089	265	47375	1382	0	65912,64937,63655,36348,36348,36348,36348	1	11	25175,22659,0,0,0,0,0	182	46925
168679	421	1026	691	336	316	87	66	14	6069	442	599	430	250	3	97	6416	881	2062	98,0,0,0,0,0	40017	1098	239	47599	1398	0	66596,65658,64341,36570,36570,36570,36570	1	9	25176,22893,0,0,0,0,0	171	47672
168829	387	1005	693	316	303	90	58	15	6001	448	601	439	305	7	89	6231	830	2022	98,0,0,0,0,0	40124	834	250	47835	1412	0	67304,66402,65051,36799,36799,36799,36799	1	7	25181,23133,0,0,0,0,0	173	48266
168914	394	988	712	317	306	91	52	16	5900	453	603	440	285	3	97	6490	813	2047	98,0,0,0,0,0	30938	921	311	48128	1431	0	68068,67202,65818,37082,37082,37082,37082	1	16	25186,23437,0,0,0,0,0	163	48872
169021	406	927	707	291	307	89	51	21	5867	456	603	414	323	7	105	6634	791	1987	98,0,0,0,0,0	31044	877	270	48381	1449	0	68755,67925,66508,37316,37316,37316,37316	1	17	25187,23702,0,0,0,0,0	167	49430
169181	404	886	721	292	308	91	51	22	5725	459	606	410	264	5	101	6668	807	1946	98,0,0,0,0,0	31421	898	260	48625	1466	0	69458,68666,67213,37534,37534,37534,37534	1	20	25189,23957,0,0,0,0,0	158	50033
169330	396	852	700	296	301	89	49	22	5638	462	611	402	261	4	95	6647	792	1891	98,0,0,0,0,0	31256	914	254	48863	1482	0	70141,69385,67898,37747,37747,37747,37747	1	11	25189,24205,0,0,0,0,0	162	50637
169456	403	871	675	262	263	85	48	23	5579	467	614	413	300	5	94	6258	768	1839	98,0,0,0,0,0	26090	885	261	49104	1503	0	70825,70107,68587,37971,37971,37971,37971	1	8	25194,24459,0,0,0,0,0	153	51222
169656	367	826	663	255	251	76	48	18	5503	468	615	412	319	5	76	5913	740	1746	98,0,0,0,0,0	31773	908	197	49293	1511	0	71440,70759,69205,38129,38129,38129,38129	1	10	25196,24653,0,0,0,0,0	147	51851
169826	300	798	659	242	237	78	46	16	5453	474	617	436	286	4	69	5780	688	1672	98,0,0,0,0,0	31690	1288	169	49451	1522	0	72042,71391,69810,38284,38284,38284,38284	1	8	25198,24816,0,0,0,0,0	146	52788
169972	282	779	623	252	225	73	41	15	5385	479	620	403	292	3	64	5250	629	1646	98,0,0,0,0,0	25250	1296	221	49655	1539	0	72680,72067,70454,38463,38463,38463,38463	1	13	25198,25030,0,0,0,0,0	129	53695
170142	282	741	590	249	218	68	38	15	5302	480	621	413	264	3	61	4820	594	1592	98,0,0,0,0,0	24405	1253	197	49838	1553	0	73261,72684,71040,38609,38609,38609,38609	1	7	25202,25219,0,0,0,0,0	126	54599
170330	269	681	591	248	211	68	34	17	5191	484	622	441	244	5	78	4703	597	1505	99,0,0,0,0,0	24598	1243	173	50001	1563	0	73863,73319,71645,38752,38752,38752,38752	1	10	25202,25386,0,0,0,0,0	123	55487
170535	281	645	562	222	205	69	34	17	5065	486	625	442	249	2	79	4415	567	1451	99,0,0,0,0,0	24305	1253	201	50187	1579	0	74463,73956,72249,38891,38891,38891,38891	1	13	25204,25579,0,0,0,0,0	112	56361
170741	287	628	527	201	178	68	31	14	4953	491	627	461	256	6	74	3908	538	1382	99,0,0,0,0,0	24068	1215	168	50345	1592	0	75045,74573,72835,39019,39019,39019,39019	1	6	25205,25742,0,0,0,0,0	114	57205
170975	264	582	524	186	176	61	33	14	4810	492	629	461	260	3	57	3841	511	1315	99,0,0,0,0,0	28176	1250	124	50466	1596	0	75613,75176,73408,39138,39138,39138,39138	1	6	25205,25863,0,0,0,0,0	112	58116
171180	238	564	516	187	163	59	34	10	4671	493	631	459	234	3	51	3614	505	1256	99,0,0,0,0,0	27807	556	142	50604	1601	0	76367,75963,74170,39361,39361,39361,39361	1	6	25205,26004,0,0,0,0,0	116	58483
171372	225	539	507	172	156	50	31	11	4557	494	632	477	248	0	55	3517	472	1208	99,0,0,0,0,0	22218	588	133	50730	1609	0	77106,76734,74915,39568,39568,39568,39568	1	9	25205,26138,0,0,0,0,0	107	58870
171603	206	478	482	175	153	45	31	12	4430	495	636	476	303	3	36	3346	403	1167	99,0,0,0,0,0	22307	612	108	50833	1614	0	77836,77496,75651,39751,39751,39751,39751	0	5	25205,26244,0,0,0,0,0	97	59272
171837	197	441	454	151	138	42	26	12	4308	499	641	485	306	3	49	3304	369	1080	99,0,0,0,0,0	21929	606	100	50926	1622	0	78542,78234,76364,39927,39927,39927,39927	1	7	25205,26342,0,0,0,0,0	80	59677
172033	189	400	425	153	131	34	27	9	4201	499	645	482	260	0	52	3337	359	1000	99,0,0,0,0,0	22303	590	109	51032	1626	0	79287,79008,77116,40137,40137,40137,40137	0	6	25205,26450,0,0,0,0,0	71	60098
172216	166	400	391	155	116	35	22	10	4085	501	649	477	266	1	45	3040	337	948	99,0,0,0,0,0	21982	569	106	51136	1628	0	79984,79733,77820,40332,40332,40332,40332	0	5	25206,26555,0,0,0,0,0	63	60474
172409	161	367	383	134	127	30	23	9	3951	501	651	505	279	2	46	3147	327	898	99,0,0,0,0,0	27377	581	96	51228	1632	0	80702,80478,78545,40534,40534,40534,40534	0	5	25207,26649,0,0,0,0,0	61	60878
172613	140	357	350	121	122	24	22	9	3832	503	653	517	285	1	46	3265	334	802	99,0,0,0,0,0	27568	842	80	51305	1636	0	81135,80939,78985,40575,40575,40575,40575	0	2	25207,26729,0,0,0,0,0	53	61483
172843	119	326	327	122	114	27	21	10	3676	503	658	491	271	3	30	2958	288	768	99,0,0,0,0,0	16808	814	59	51358	1642	0	81532,81363,79387,40572,40572,40572,40572	0	1	25208,26786,0,0,0,0,0	51	62062
173003	116	305	338	122	85	25	18	10	3558	505	661	488	264	4	34	2766	273	736	99,0,0,0,0,0	16451	802	88	51442	1646	0	81953,81807,79816,40630,40630,40630,40630	0	7	25208,26874,0,0,0,0,0	48	62649
173219	119	280	304	104	77	25	15	10	3421	509	663	483	276	3	21	2786	245	679	99,0,0,0,0,0	16444	798	66	51509	1647	0	82365,82241,80233,40656,40656,40656,40656	0	3	25208,26942,0,0,0,0,0	41	63243
173421	120	266	259	83	79	22	14	9	3299	510	664	495	247	1	24	2506	210	633	99,0,0,0,0,0	16676	862	71	51577	1650	0	82760,82658,80634,40679,40679,40679,40679	0	2	25208,27013,0,0,0,0,0	40	63861
173601	116	259	241	74	80	17	13	10	3158	510	667	509	286	1	26	2406	192	608	99,0,0,0,0,0	16331	742	72	51649	1651	0	83151,83072,81032,40711,40711,40711,40711	0	6	25208,27085,0,0,0,0,0	38	64397
173754	106	253	234	77	79	18	10	9	3024	512	670	514	236	0	17	2241	181	596	99,0,0,0,0,0	26802	842	66	51713	1653	0	83553,83491,81440,40766,40766,40766,40766	0	1	25208,27149,0,0,0,0,0	32	64990
173904	97	234	238	76	77	16	9	8	2901	513	673	518	267	1	26	2199	175	572	100,0,0,0,0,0	26335	1067	59	51771	1655	0	83954,83909,81844,40795,40795,40795,40795	0	4	25208,27208,0,0,0,0,0	30	65755
174070	93	219	233	72	76	14	7	7	2767	514	674	498	248	0	21	1953	176	538	100,0,0,0,0,0	15823	1085	55	51820	1662	0	84341,84313,82236,40814,40814,40814,40814	0	1	25208,27261,0,0,0,0,0	27	66568
174218	97	203	214	80	66	12	7	8	2648	514	679	483	96	0	22	1606	178	501	100,0,0,0,0,0	15537	1038	58	51876	1664	0	84734,84724,82635,40850,40850,40850,40850	0	3	25208,27319,0,0,0,0,0	22	67344
174355	91	203	192	75	60	12	7	7	2549	514	681	474	271	1	22	1690	161	479	100,0,0,0,0,0	15399	1095	57	51930	1668	0	85144,85150,83051,40892,40892,40892,40892	0	4	25208,27374,0,0,0,0,0	23	68140
174478	92	194	173	68	59	9	6	7	2463	514	683	491	315	5	21	2041	146	455	100,0,0,0,0,0	15632	1081	58	51985	1671	0	85564,85586,83477,40947,40947,40947,40947	0	2	25208,27432,0,0,0,0,0	17	68918
174583	85	195	169	62	55	9	5	6	2377	515	685	506	224	1	19	2073	149	431	100,0,0,0,0,0	15670	1084	53	52034	1677	0	85948,85983,83866,40989,40989,40989,40989	0	3	25208,27483,0,0,0,0,0	21	69716
174716	86	164	165	63	45	10	4	5	2279	516	693	519	143	0	11	1906	131	406	100,0,0,0,0,0	21264	1078	39	52070	1681	0	86357,86409,84282,41036,41036,41036,41036	0	1	25208,27522,0,0,0,0,0	20	70502
174836	76	160	157	54	41	12	4	5	2191	516	694	541	254	0	12	1961	126	378	100,0,0,0,0,0	21295	356	37	52105	1683	0	86933,86997,84864,41172,41172,41172,41172	0	0	25208,27558,0,0,0,0,0	22	70766
174961	70	155	153	49	36	10	3	6	2090	516	697	516	243	1	14	1969	115	361	100,0,0,0,0,0	12970	352	47	52148	1687	0	87525,87604,85465,41313,41313,41313,41313	0	1	25208,27603,0,0,0,0,0	20	71038
175077	55	160	138	45	34	9	3	5	2005	516	699	497	250	0	14	1887	115	329	100,0,0,0,0,0	12799	321	33	52178	1690	0	88091,88184,86039,41436,41436,41436,41436	0	1	25208,27636,0,0,0,0,0	19	71261
175189	58	138	134	45	33	8	4	4	1915	516	702	525	307	2	17	1854	111	309	100,0,0,0,0,0	12647	344	39	52215	1692	0	88666,88771,86620,41570,41570,41570,41570	0	3	25208,27674,0,0,0,0,0	17	71506
175296	58	140	130	42	37	8	4	4	1807	516	704	507	97	1	13	1917	118	301	100,0,0,0,0,0	12745	344	42	52256	1693	0	89234,89351,87195,41704,41704,41704,41704	0	3	25208,27716,0,0,0,0,0	14	71742
175411	53	132	120	38	35	7	5	3	1716	516	710	508	93	0	11	1893	103	287	100,0,0,0,0,0	12609	343	31	52285	1695	0	89788,89916,87757,41829,41829,41829,41829	0	3	25208,27746,0,0,0,0,0	14	71976
175530	43	134	119	35	31	6	6	3	1610	517	712	493	224	1	6	1331	92	282	100,0,0,0,0,0	21048	328	23	52307	1696	0	90351,90491,88328,41957,41957,41957,41957	0	2	25208,27769,0,0,0,0,0	12	72200
175625	45	107	120	43	29	3	7	2	1533	517	715	521	254	0	8	1218	78	276	100,0,0,0,0,0	20557	349	26	52332	1697	0	90510,90660,88489,41864,41864,41864,41864	0	3	25208,27794,0,0,0,0,0	11	72447
175716	37	105	112	42	26	3	5	3	1463	518	716	529	84	0	11	1059	75	255	100,0,0,0,0,0	11953	335	24	52352	1701	0	90670,90831,88654,41767,41767,41767,41767	0	1	25208,27818,0,0,0,0,0	9	72688
175806	37	101	113	35	23	3	5	3	1381	518	721	531	337	0	9	996	72	245	100,0,0,0,0,0	11942	338	31	52378	1706	0	90826,90998,88814,41674,41674,41674,41674	0	4	25208,27847,0,0,0,0,0	8	72914
175874	39	96	96	30	22	3	5	3	1334	518	726	509	160	0	8	1066	62	229	100,0,0,0,0,0	11839	327	24	52399	1709	0	90990,91170,88982,41592,41592,41592,41592	0	1	25208,27869,0,0,0,0,0	9	73150
175975	38	83	100	32	18	3	5	2	1243	518	729	519	107	1	7	1073	58	221	100,0,0,0,0,0	11849	319	18	52415	1711	0	91142,91333,89138,41481,41481,41481,41481	0	1	25208,27887,0,0,0,0,0	12	73381
176050	33	74	97	32	20	3	4	3	1182	518	730	540	81	0	9	1102	57	206	100,0,0,0,0,0	11873	317	16	52431	1711	0	91283,91482,89283,41382,41382,41382,41382	0	0	25208,27903,0,0,0,0,0	10	73607
176128	33	57	102	33	22	4	1	3	1110	520	733	546	151	0	5	902	54	198	100,0,0,0,0,0	20156	349	21	52450	1713	0	91434,91640,89437,41290,41290,41290,41290	0	0	25208,27923,0,0,0,0,0	8	73858
176188	28	63	85	25	22	5	1	2	1073	520	734	571	166	0	5	876	55	174	100,0,0,0,0,0	20281	177	14	52464	1713	0	91663,91876,89671,41253,41253,41253,41253	0	0	25208,27937,0,0,0,0,0	7	73987
176248	26	67	75	20	22	5	0	2	1024	521	736	590	103	1	8	930	58	157	100,0,0,0,0,0	11736	147	26	52488	1715	0	91883,92102,89896,41205,41205,41205,41205	0	1	25208,27962,0,0,0,0,0	6	74082
176321	20	69	77	22	18	5	0	2	953	521	738	594	102	0	5	930	52	159	100,0,0,0,0,0	11673	154	22	52507	1718	0	92093,92320,90111,41142,41142,41142,41142	0	0	25208,27982,0,0,0,0,0	6	74183
176360	24	64	69	21	14	6	0	1	923	521	743	602	5297	2	5	888	48	150	100,0,0,0,0,0	11832	163	26	52531	1720	0	92320,92552,90342,41102,41102,41102,41102	0	2	25208,28008,0,0,0,0,0	6	74306
176410	28	63	64	18	13	7	0	0	879	521	743	601	2576	5	1	877	43	150	100,0,0,0,0,0	11910	184	18	52549	1720	0	92545,92783,90573,41060,41060,41060,41060	0	0	25208,28026,0,0,0,0,0	7	74443
176462	25	62	62	14	10	7	0	0	836	521	747	600	1525	1	6	731	42	138	100,0,0,0,0,0	11633	163	15	52562	1722	0	92740,92982,90771,40996,40996,40996,40996	0	0	25208,28041,0,0,0,0,0	8	74556
176527	22	58	49	16	11	6	0	0	785	521	751	583	762	1	4	516	35	127	100,0,0,0,0,0	20027	168	13	52575	1722	0	92965,93215,91003,40958,40958,40958,40958	0	0	25208,28054,0,0,0,0,0	7	74661
176572	15	62	46	12	11	7	0	0	740	521	760	581	622	0	5	527	39	114	100,0,0,0,0,0	19942	178	8	52584	1722	0	93205,93458,91249,40935,40935,40935,40935	0	1	25208,28063,0,0,0,0,0	7	74782
176628	17	57	45	12	9	7	0	0	682	521	768	565	2925	0	3	488	33	114	100,0,0,0,0,0	22040	167	13	52595	1724	0	93444,93702,91494,40894,40894,40894,40894	0	1	25208,28074,0,0,0,0,0	7	74899
176675	20	51	42	14	9	7	1	0	634	521	772	566	2648	1	0	496	26	118	100,0,0,0,0,0	22019	167	12	52607	1724	0	93672,93934,91728,40853,40853,40853,40853	0	1	25208,28086,0,0,0,0,0	5	75002
176710	16	46	43	14	8	7	1	0	605	521	775	564	1954	2	9	428	31	104	100,0,0,0,0,0	21887	164	7	52613	1725	0	93919,94185,91982,40835,40835,40835,40835	0	1	25208,28092,0,0,0,0,0	8	75116
176751	11	47	42	12	11	7	1	0	568	521	775	594	1420	0	1	386	29	102	100,0,0,0,0,0	22051	155	9	52621	1726	0	94162,94433,92232,40811,40811,40811,40811	0	0	25208,28101,0,0,0,0,0	8	75222
176793	14	35	46	15	9	7	1	0	529	521	776	587	956	1	1	348	26	101	100,0,0,0,0,0	21686	192	10	52631	1726	0	94403,94678,92480,40783,40783,40783,40783	0	1	25208,28111,0,0,0,0,0	8	75343
176820	11	33	43	13	11	6	1	0	506	521	781	597	1948	0	7	334	31	87	100,0,0,0,0,0	19737	174	8	52637	1728	0	94642,94919,92725,40768,40768,40768,40768	0	0	25208,28118,0,0,0,0,0	7	75462
176858	11	25	36	17	12	5	1	0	477	521	783	611	2275	0	2	442	30	77	100,0,0,0,0,0	19830	168	7	52644	1728	0	94676,94957,92761,40610,40610,40610,40610	0	0	25208,28125,0,0,0,0,0	6	75578
176887	11	23	28	13	11	4	1	0	458	521	789	632	2116	0	3	371	26	65	100,0,0,0,0,0	22254	156	6	52650	1728	0	94709,94994,92796,40447,40447,40447,40447	0	0	25208,28131,0,0,0,0,0	5	75683
176907	10	22	28	12	10	4	1	0	438	521	793	643	1826	1	5	351	29	58	100,0,0,0,0,0	22154	166	5	52654	1729	0	94721,95008,92810,40285,40285,40285,40285	0	1	25208,28135,0,0,0,0,0	5	75786
176945	12	16	25	12	8	2	1	0	408	521	796	651	1388	0	1	340	22	54	100,0,0,0,0,0	21983	180	4	52657	1730	0	94740,95031,92832,40118,40118,40118,40118	0	0	25208,28139,0,0,0,0,0	3	75913
176982	9	22	19	8	9	3	1	0	376	521	796	647	1647	0	1	253	24	47	100,0,0,0,0,0	22093	169	6	52662	1731	0	94754,95048,92848,39946,39946,39946,39946	0	0	25208,28144,0,0,0,0,0	3	76019
176999	10	25	21	6	6	3	1	0	354	521	800	625	1998	0	1	260	23	49	100,0,0,0,0,0	21824	173	8	52668	1733	0	94776,95072,92872,39792,39792,39792,39792	0	0	25208,28151,0,0,0,0,0	3	76127
177014	10	23	20	6	8	3	1	0	337	521	803	661	2072	0	1	241	18	53	100,0,0,0,0,0	19796	171	6	52674	1733	0	94798,95097,92897,39641,39641,39641,39641	0	0	25208,28157,0,0,0,0,0	4	76247
177031	8	25	17	5	6	3	1	0	324	521	805	638	1894	0	1	239	17	48	100,0,0,0,0,0	19841	116	5	52679	1733	0	94824,95125,92925,39490,39490,39490,39490	0	0	25208,28162,0,0,0,0,0	4	76318
177048	7	24	19	3	8	4	1	0	301	521	810	637	1663	0	0	236	16	50	100,0,0,0,0,0	21695	108	6	52685	1733	0	94840,95143,92943,39328,39328,39328,39328	0	0	25208,28168,0,0,0,0,0	4	76387
177068	6	16	22	6	6	4	1	0	280	521	816	634	1581	1	1	97	13	48	100,0,0,0,0,0	21726	88	3	52688	1733	0	94850,95156,92956,39170,39170,39170,39170	0	0	25208,28171,0,0,0,0,0	5	76451
177087	6	17	20	4	8	5	1	0	257	521	820	649	1825	0	3	100	16	45	100,0,0,0,0,0	21881	134	4	52692	1733	0	94872,95181,92980,39012,39012,39012,39012	0	0	25208,28175,0,0,0,0,0	5	76536
177096	6	16	21	4	8	5	0	0	241	522	827	668	1960	0	4	136	18	42	100,0,0,0,0,0	21715	102	6	52698	1733	0	94882,95192,92992,38850,38850,38850,38850	0	0	25208,28181,0,0,0,0,0	5	76589
177110	5	15	17	4	5	4	0	0	233	522	831	642	1917	0	2	117	17	33	100,0,0,0,0,0	21757	119	2	52700	1733	0	94893,95205,93006,38688,38688,38688,38688	0	0	25208,28183,0,0,0,0,0	4	76662
177130	4	15	15	4	7	4	0	0	209	522	836	679	1829	0	1	114	18	31	100,0,0,0,0,0	19682	114	3	52703	1733	0	94917,95231,93032,38534,38534,38534,38534	0	0	25208,28186,0,0,0,0,0	4	76728
177140	6	16	16	3	5	3	0	0	196	522	839	658	1707	0	1	114	17	32	100,0,0,0,0,0	19617	101	7	52710	1733	0	94877,95193,92993,38346,38346,38346,38346	0	0	25208,28193,0,0,0,0,0	3	76794
177148	6	15	17	3	6	3	0	0	181	522	845	663	1824	0	0	112	15	35	100,0,0,0,0,0	21786	90	5	52715	1733	0	94820,95137,92937,38145,38145,38145,38145	0	0	25208,28198,0,0,0,0,0	3	76851
177162	5	16	16	2	5	3	0	0	167	522	848	658	1885	0	0	107	14	33	100,0,0,0,0,0	21810	92	3	52718	1733	0	94762,95081,92880,37944,37944,37944,37944	0	0	25208,28201,0,0,0,0,0	3	76913
177171	2	16	16	2	4	3	0	0	157	522	853	625	1859	0	1	106	15	28	100,0,0,0,0,0	21746	92	1	52719	1733	0	94719,95039,92838,37746,37746,37746,37746	0	0	25208,28202,0,0,0,0,0	3	76962
177179	1	10	12	5	5	2	0	0	153	522	857	631	1892	0	0	105	12	23	100,0,0,0,0,0	21531	78	0	52719	1733	0	94668,94988,92787,37545,37545,37545,37545	0	0	25208,28202,0,0,0,0,0	2	77011
177185	1	8	10	3	6	2	0	0	148	522	861	642	1739	0	2	106	11	19	100,0,0,0,0,0	21744	104	1	52720	1733	0	94616,94937,92737,37349,37349,37349,37349	0	0	25208,28203,0,0,0,0,0	3	77073
177196	1	6	8	4	3	2	0	0	140	522	864	659	1764	0	2	61	9	15	100,0,0,0,0,0	19640	87	1	52721	1733	0	94562,94884,92684,37155,37155,37155,37155	0	0	25208,28204,0,0,0,0,0	2	77123
177202	2	4	8	4	2	2	0	0	132	522	868	630	1844	0	0	24	7	15	100,0,0,0,0,0	19486	78	1	52722	1733	0	94516,94838,92639,36968,36968,36968,36968	0	0	25208,28205,0,0,0,0,0	2	77176
177207	2	6	5	1	2	2	0	0	126	522	873	623	1778	0	0	17	5	13	100,0,0,0,0,0	21628	82	2	52724	1733	0	94460,94783,92584,36771,36771,36771,36771	0	0	25208,28207,0,0,0,0,0	2	77228
177210	1	3	5	1	3	0	0	0	125	522	876	632	1911	0	2	53	5	8	100,0,0,0,0,0	21645	71	0	52724	1733	0	94402,94726,92528,36578,36578,36578,36578	0	0	25208,28207,0,0,0,0,0	1	77274
177218	0	4	4	1	2	0	0	0	117	522	878	624	1812	0	1	110	5	6	100,0,0,0,0,0	21876	83	1	52725	1733	0	94341,94665,92468,36378,36378,36378,36378	0	1	25208,28208,0,0,0,0,0	0	77323
177220	0	4	3	1	1	0	0	0	112	522	883	604	1782	0	0	110	4	5	100,0,0,0,0,0	21967	95	0	52725	1733	0	94276,94600,92404,36176,36176,36176,36176	0	0	25208,28208,0,0,0,0,0	0	77379
177229	0	3	3	0	1	0	0	0	102	522	886	606	1818	1	0	110	3	4	100,0,0,0,0,0	21794	73	0	52725	1733	0	94224,94548,92353,35984,35984,35984,35984	0	0	25208,28208,0,0,0,0,0	0	77420
177234	0	3	3	0	0	0	0	0	95	522	889	588	1777	0	0	107	2	4	100,0,0,0,0,0	19524	77	0	52725	1733	0	94168,94493,92298,35792,35792,35792,35792	0	0	25208,28208,0,0,0,0,0	0	77454
177235	0	1	5	0	0	0	0	0	89	522	894	588	1782	0	0	110	3	3	100,0,0,0,0,0	19491	73	0	52725	1733	0	94111,94436,92243,35608,35608,35608,35608	0	0	25208,28208,0,0,0,0,0	0	77500
177239	0	2	4	0	0	0	0	0	79	522	900	599	1838	0	0	105	3	3	100,0,0,0,0,0	21678	71	1	52726	1733	0	94046,94372,92179,35414,35414,35414,35414	0	0	25208,28209,0,0,0,0,0	0	77544
177234	0	1	5	0	0	0	0	0	74	522	910	644	1854	0	0	99	3	3	100,0,0,0,0,0	21622	60	0	52726	1733	0	93983,94309,92117,35232,35232,35232,35232	0	0	25208,28209,0,0,0,0,0	0	77579
177236	0	1	3	0	0	0	0	0	70	522	914	629	1857	0	0	99	1	3	100,0,0,0,0,0	21929	73	0	52726	1733	0	93927,94252,92062,35045,35045,35045,35045	0	0	25208,28209,0,0,0,0,0	0	77618
177239	1	1	3	0	0	0	0	0	66	522	914	625	1715	0	0	99	1	4	100,0,0,0,0,0	21750	71	1	52727	1733	0	93864,94188,92000,34856,34856,34856,34856	0	0	25208,28210,0,0,0,0,0	0	77659
177241	1	1	3	0	0	0	0	0	60	522	918	649	1746	0	0	4	0	5	100,0,0,0,0,0	21662	85	0	52727	1733	0	93799,94123,91936,34670,34670,34670,34670	0	0	25208,28210,0,0,0,0,0	0	77709
177242	0	2	2	0	0	0	0	0	56	522	922	651	1865	0	0	1	0	4	100,0,0,0,0,0	19458	71	0	52727	1733	0	93738,94061,91876,34485,34485,34485,34485	0	0	25208,28210,0,0,0,0,0	0	77746
177246	0	0	3	0	0	0	0	0	52	522	923	664	1838	0	0	1	0	3	100,0,0,0,0,0	19561	73	0	52727	1733	0	93660,93983,91798,34300,34300,34300,34300	0	0	25208,28210,0,0,0,0,0	0	77781
177246	0	0	3	0	0	0	0	0	49	522	926	661	1862	0	0	1	0	3	100,0,0,0,0,0	21492	73	0	52727	1733	0	93578,93900,91717,34109,34109,34109,34109	0	0	25208,28210,0,0,0,0,0	0	77823
177246	0	0	2	0	0	0	0	0	42	522	934	637	1758	0	0	0	0	2	100,0,0,0,0,0	21647	74	0	52727	1733	0	93491,93814,91630,33919,33919,33919,33919	0	0	25208,28210,0,0,0,0,0	0	77864
177245	0	0	0	0	0	0	0	0	41	522	938	617	1833	0	0	0	0	0	0,0,0,0,0,0	21644	53	0	52727	1733	0	93413,93735,91553,33735,33735,33735,33735	0	0	25208,28210,0,0,0,0,0	0	77891
177245	0	0	0	0	0	0	0	0	36	522	943	609	1714	0	0	0	0	0	0,0,0,0,0,0	21655	79	0	52727	1733	0	93324,93646,91466,33543,33543,33543,33543	0	0	25208,28210,0,0,0,0,0	0	77934
177245	0	0	0	0	0	0	0	0	35	522	944	605	1849	0	0	0	0	0	0,0,0,0,0,0	21575	89	0	52727	1733	0	93246,93567,91388,33361,33361,33361,33361	0	0	25208,28210,0,0,0,0,0	0	77989
177246	0	0	0	0	0	0	0	0	30	522	948	592	1871	0	0	0	0	0	0,0,0,0,0,0	19646	77	0	52727	1733	0	93163,93484,91306,33179,33179,33179,33179	0	0	25208,28210,0,0,0,0,0	0	78039
177239	0	0	0	0	0	0	0	0	29	522	956	581	1764	0	0	0	0	0	0,0,0,0,0,0	19354	59	0	52727	1733	0	93082,93402,91225,33009,33009,33009,33009	0	0	25208,28210,0,0,0,0,0	0	78069
177239	0	0	0	0	0	0	0	0	24	522	961	572	1835	0	0	0	0	0	0,0,0,0,0,0	21531	58	0	52727	1733	0	92992,93312,91137,32828,32828,32828,32828	0	0	25208,28210,0,0,0,0,0	0	78104
177237	0	0	0	0	0	0	0	0	20	522	967	569	1792	0	0	0	0	0	0,0,0,0,0,0	21696	185	0	52727	1733	129	92908,93227,91052,32654,32654,32654,32654	0	0	25208,28210,0,0,0,0,0	0	78137
177236	0	0	0	0	0	0	0	0	18	522	970	561	1748	0	0	0	0	0	0,0,0,0,0,0	21598	202	0	52727	1733	261	92842,93162,90988,32541,32541,32541,32541	0	0	25208,28210,0,0,0,0,0	0	78174
177234	0	0	0	0	0	0	0	0	15	522	975	573	1845	0	0	0	0	0	0,0,0,0,0,0	21751	195	0	52727	1733	403	92783,93103,90930,32427,32427,32427,32427	0	0	25208,28210,0,0,0,0,0	0	78204
177236	0	0	0	0	0	0	0	0	11	522	977	583	1766	0	0	0	0	0	0,0,0,0,0,0	21708	176	0	52727	1733	516	92735,93054,90883,32326,32326,32326,32326	0	0	25208,28210,0,0,0,0,0	0	78245
177231	0	0	0	0	0	0	0	0	10	522	983	584	1814	0	0	0	0	0	0,0,0,0,0,0	19513	181	0	52727	1733	636	92681,92999,90830,32216,32216,32216,32216	0	0	25208,28210,0,0,0,0,0	0	78278
177228	0	0	0	0	0	0	0	0	9	522	987	600	1827	0	0	0	0	0	0,0,0,0,0,0	19555	202	0	52727	1733	762	92620,92938,90769,32109,32109,32109,32109	0	0	25208,28210,0,0,0,0,0	0	78320
177225	0	0	0	0	0	0	0	0	9	522	990	588	1775	0	0	0	0	0	0,0,0,0,0,0	21629	199	0	52727	1733	886	92556,92873,90706,32001,32001,32001,32001	0	0	25208,28210,0,0,0,0,0	0	78356
177221	0	0	0	0	0	0	0	0	9	522	994	587	1855	0	0	0	0	0	0,0,0,0,0,0	21719	250	0	52727	1733	1075	92489,92807,90640,31890,31890,31890,31890	0	0	25208,28210,0,0,0,0,0	0	78394
177215	0	0	0	0	0	0	0	0	9	522	1000	605	1810	0	0	0	0	0	0,0,0,0,0,0	21319	297	0	52727	1733	1303	92441,92758,90593,31816,31816,31816,31816	0	0	25208,28210,0,0,0,0,0	0	78437
177210	0	0	0	0	0	0	0	0	8	522	1006	618	1739	0	0	0	0	0	0,0,0,0,0,0	21599	276	0	52727	1733	1500	92408,92724,90561,31770,31770,31770,31770	0	0	25208,28210,0,0,0,0,0	0	78482
177206	0	0	0	0	0	0	0	0	7	522	1011	606	1797	0	0	0	0	0	0,0,0,0,0,0	21564	258	0	52727	1733	1689	92363,92678,90517,31705,31705,31705,31705	0	0	25208,28210,0,0,0,0,0	0	78517
177202	0	0	0	0	0	0	0	0	7	522	1015	597	1789	0	0	0	0	0	0,0,0,0,0,0	19492	286	0	52727	1733	1915	92314,92629,90469,31638,31638,31638,31638	0	0	25208,28210,0,0,0,0,0	0	78552
177200	0	0	0	0	0	0	0	0	6	522	1018	596	1912	0	0	0	0	0	0,0,0,0,0,0	19438	270	0	52727	1733	2126	92280,92594,90436,31598,31598,31598,31598	0	0	25208,28210,0,0,0,0,0	0	78588
177195	0	0	0	0	0	0	0	0	4	522	1025	580	1766	0	0	0	0	0	0,0,0,0,0,0	21719	264	0	52727	1733	2338	92233,92546,90390,31543,31543,31543,31543	0	0	25208,28210,0,0,0,0,0	0	78615
177191	0	0	0	0	0	0	0	0	4	522	1029	615	1789	0	0	0	0	0	0,0,0,0,0,0	21485	215	0	52727	1733	2489	92189,92502,90347,31494,31494,31494,31494	0	0	25208,28210,0,0,0,0,0	0	78652
177189	0	0	0	0	0	0	0	0	4	522	1031	624	1792	0	0	0	0	0	0,0,0,0,0,0	21490	215	0	52727	1733	2637	92129,92442,90289,31409,31409,31409,31409	0	0	25208,28210,0,0,0,0,0	0	78684
177188	0	0	0	0	0	0	0	0	3	522	1033	641	1779	0	0	0	0	0	0,0,0,0,0,0	21606	213	0	52727	1733	2789	92074,92387,90234,31327,31327,31327,31327	0	0	25208,28210,0,0,0,0,0	0	78717
177182	0	0	0	0	0	0	0	0	3	522	1039	624	1861	0	0	0	0	0	0,0,0,0,0,0	21667	218	0	52727	1733	2947	92017,92328,90178,31246,31246,31246,31246	0	0	25208,28210,0,0,0,0,0	0	78747
177177	0	0	0	0	0	0	0	0	3	522	1044	618	1817	0	0	0	0	0	0,0,0,0,0,0	19561	216	0	52727	1733	3098	91961,92272,90123,31171,31171,31171,31171	0	0	25208,28210,0,0,0,0,0	0	78775
177174	0	0	0	0	0	0	0	0	3	522	1047	652	1785	0	0	0	0	0	0,0,0,0,0,0	19498	225	0	52727	1733	3258	91901,92210,90064,31102,31102,31102,31102	0	0	25208,28210,0,0,0,0,0	0	78813
177171	0	0	0	0	0	0	0	0	3	522	1050	641	1861	0	0	0	0	0	0,0,0,0,0,0	21530	264	0	52727	1733	3425	91843,92151,90006,31041,31041,31041,31041	0	0	25208,28210,0,0,0,0,0	0	78873
177168	0	0	0	0	0	0	0	0	2	522	1054	630	1762	0	0	0	0	0	0,0,0,0,0,0	21727	326	0	52727	1733	3668	91791,92099,89955,30986,30986,30986,30986	0	0	25208,28210,0,0,0,0,0	0	78921
177163	0	0	0	0	0	0	0	0	2	522	1059	617	1791	0	0	0	0	0	0,0,0,0,0,0	21513	326	0	52727	1733	3924	91748,92055,89913,30959,30959,30959,30959	0	0	25208,28210,0,0,0,0,0	0	78956
177161	0	0	0	0	0	0	0	0	1	522	1062	604	1816	0	0	0	0	0	0,0,0,0,0,0	21759	334	0	52727	1733	4173	91715,92020,89881,30943,30943,30943,30943	0	0	25208,28210,0,0,0,0,0	0	78993
177156	0	0	0	0	0	0	0	0	0	522	1068	624	1831	0	0	0	0	0	0,0,0,0,0,0	21542	335	0	52727	1733	4429	91687,91992,89854,30934,30934,30934,30934	0	0	25208,28210,0,0,0,0,0	0	79029
177130	13	12	0	0	0	0	0	0	0	522	1069	634	1840	0	0	0	0	25	0,100,0,0,0,0	19500	332	0	52751	1734	4690	91675,91979,89843,30942,30942,30942,30942	0	0	25208,28210,25,0,0,0,0	0	79059
177092	33	20	4	0	0	0	0	0	0	522	1075	624	1731	1	0	0	0	57	0,100,0,0,0,0	19594	478	3	52782	1735	4976	91667,91971,89836,30979,30979,30979,30979	0	0	25208,28210,57,0,0,0,0	0	79152
177051	47	39	7	0	1	0	0	0	1	522	1078	630	1833	1	0	6	1	93	0,100,0,0,0,0	21620	473	6	52816	1739	5247	91675,91979,89846,31033,31033,31033,31033	0	0	25208,28210,95,0,0,0,0	0	79237
177005	49	67	14	1	5	0	0	0	2	522	1081	677	1801	0	0	7	2	134	0,100,0,0,0,0	10102	479	12	52853	1745	5516	91676,91978,89847,31079,31079,31079,31079	0	1	25208,28210,138,0,0,0,0	0	79326
176953	57	88	25	3	7	0	0	0	5	522	1086	653	1803	2	2	12	4	176	0,100,0,0,0,0	10308	489	22	52893	1752	5817	91683,91985,89856,31135,31135,31135,31135	0	1	25208,28210,185,0,0,0,0	0	79401
176896	69	109	40	1	5	1	0	0	16	522	1087	675	1950	1	5	25	11	214	0,100,0,0,0,0	10194	491	23	52944	1757	6131	91689,91991,89864,31191,31191,31191,31191	0	0	25208,28210,241,0,0,0,0	2	79481
176859	61	123	50	3	9	1	0	0	25	522	1093	682	1864	2	2	32	13	234	0,100,0,0,0,0	10269	501	32	52973	1760	6437	91695,91996,89871,31253,31253,31253,31253	0	2	25208,28210,273,0,0,0,0	3	79571
176821	57	132	64	6	12	1	0	0	36	522	1095	679	1973	4	5	48	22	250	0,100,0,0,0,0	19379	470	37	53009	1761	6720	91704,92005,89881,31314,31314,31314,31314	0	2	25208,28210,310,0,0,0,0	4	79661
176778	67	131	75	7	12	1	0	0	55	522	1098	683	1859	4	3	67	28	265	0,100,0,0,0,0	19628	396	43	53049	1764	7019	91740,92041,89920,31398,31398,31398,31398	0	2	25208,28210,353,0,0,0,0	5	79703
176730	66	129	89	18	16	1	0	0	70	522	1105	694	1788	3	2	171	41	278	0,100,0,0,0,0	10302	355	46	53089	1770	7288	91777,92076,89958,31493,31493,31493,31493	0	2	25208,28210,399,0,0,0,0	5	79730
176684	60	148	84	20	20	2	0	0	100	522	1106	706	1969	0	8	246	52	282	0,100,0,0,0,0	10493	378	48	53130	1777	7575	91806,92104,89989,31563,31563,31563,31563	0	1	25208,28210,447,0,0,0,0	3	79753
176630	68	158	102	24	19	2	1	0	111	522	1109	720	1815	1	9	323	62	312	0,100,0,0,0,0	10473	366	57	53178	1787	7856	91844,92142,90029,31649,31649,31649,31649	0	2	25208,28210,505,0,0,0,0	5	79781
176584	76	143	125	23	14	2	2	0	143	522	1112	726	2069	2	6	366	66	319	0,100,0,0,0,0	10620	378	49	53221	1793	8140	91884,92181,90071,31731,31731,31731,31731	0	0	25208,28210,554,0,0,0,0	6	79828
176539	66	156	127	22	17	2	1	0	173	523	1120	748	1818	1	12	398	70	321	0,100,0,0,0,0	10525	373	45	53261	1798	8406	91919,92215,90108,31816,31816,31816,31816	0	1	25208,28210,599,0,0,0,0	6	79868
176493	71	152	127	20	17	2	2	0	215	523	1124	714	1813	3	4	462	62	329	0,100,0,0,0,0	20115	366	49	53304	1804	8676	91955,92251,90146,31890,31890,31890,31890	0	2	25208,28210,648,0,0,0,0	9	79903
176451	72	166	120	23	15	2	2	0	246	523	1126	702	1901	2	6	481	57	343	0,100,0,0,0,0	19881	309	50	53348	1811	8934	91972,92267,90165,31964,31964,31964,31964	0	3	25208,28210,699,0,0,0,0	9	79915
176388	90	161	137	29	23	2	2	0	262	523	1129	735	1853	4	9	559	73	371	0,100,0,0,0,0	10633	332	70	53407	1823	9216	91993,92289,90188,32047,32047,32047,32047	0	3	25208,28210,769,0,0,0,0	11	79934
176331	93	177	134	27	29	2	1	1	295	523	1133	728	2010	3	7	619	76	387	0,100,0,0,0,0	10840	340	63	53464	1830	9501	92015,92309,90212,32134,32134,32134,32134	0	4	25208,28210,833,0,0,0,0	8	79943
176273	100	200	128	27	26	2	0	1	326	524	1139	725	1972	5	10	810	77	406	0,100,0,0,0,0	11118	324	70	53523	1843	9767	92047,92341,90248,32226,32226,32226,32226	0	4	25208,28210,905,0,0,0,0	9	79969
176225	106	195	133	28	35	2	0	1	352	524	1145	710	1839	2	8	1002	87	412	0,100,0,0,0,0	11142	327	64	53579	1851	10060	92075,92368,90279,32307,32307,32307,32307	0	0	25208,28210,969,0,0,0,0	7	79976
176172	115	192	159	36	26	2	0	1	371	524	1148	736	1994	2	8	963	85	445	0,100,0,0,0,0	11243	323	76	53651	1856	10339	92115,92408,90323,32412,32412,32412,32412	0	4	25208,28210,1046,0,0,0,0	5	79978
176131	103	200	173	34	25	2	1	1	399	524	1153	765	1709	2	9	1078	91	447	0,100,0,0,0,0	20534	317	59	53703	1863	10592	92136,92428,90347,32496,32496,32496,32496	0	5	25208,28210,1104,0,0,0,0	8	80004
176087	97	207	168	32	23	3	1	1	444	524	1159	727	1934	4	10	1087	89	442	0,100,0,0,0,0	20431	281	56	53750	1873	10828	92146,92437,90359,32577,32577,32577,32577	0	3	25208,28210,1158,0,0,0,0	8	80014
176038	103	215	172	37	23	3	1	0	468	524	1162	719	1817	1	11	1144	94	460	0,100,0,0,0,0	11313	306	75	53816	1882	11089	92174,92463,90390,32663,32663,32663,32663	0	0	25208,28210,1232,0,0,0,0	8	80028
175982	107	224	174	46	32	3	0	0	488	525	1165	723	1796	6	9	1210	98	488	0,100,0,0,0,0	11365	308	85	53892	1893	11354	92211,92499,90431,32767,32767,32767,32767	0	1	25208,28210,1319,0,0,0,0	6	80027
175888	133	235	189	46	37	4	0	0	521	525	1168	738	1864	3	15	1417	111	533	0,100,0,0,0,0	11494	293	112	53994	1903	11597	92264,92551,90487,32900,32900,32900,32900	0	3	25208,28210,1431,0,0,0,0	4	80014
175805	150	258	189	45	34	4	0	0	565	525	1171	745	1791	0	14	1532	112	568	0,100,0,0,0,0	11708	326	102	54086	1914	11872	92309,92595,90535,33017,33017,33017,33017	0	2	25208,28210,1534,0,0,0,0	4	80022
175711	184	262	197	48	32	4	1	0	606	525	1176	756	2037	4	6	1325	100	628	0,100,0,0,0,0	11820	314	118	54193	1926	12128	92370,92656,90601,33160,33160,33160,33160	0	14	25208,28210,1653,0,0,0,0	6	80021
175641	172	298	205	44	33	3	1	0	639	525	1185	772	1923	7	12	1142	100	656	0,100,0,0,0,0	20597	284	101	54284	1936	12362	92422,92707,90657,33284,33284,33284,33284	0	4	25208,28210,1753,0,0,0,0	11	80016
175554	170	310	231	40	37	3	1	0	684	525	1191	734	2021	8	16	1204	110	682	0,100,0,0,0,0	20941	317	104	54375	1949	12620	92493,92776,90732,33436,33436,33436,33436	0	7	25208,28210,1857,0,0,0,0	9	80006
175473	182	320	252	42	39	3	1	0	713	525	1196	733	1947	8	13	1245	125	714	0,100,0,0,0,0	11586	312	124	54494	1954	12884	92592,92870,90835,33608,33608,33608,33608	0	4	25208,28210,1981,0,0,0,0	8	79998
175363	192	362	270	45	40	3	2	0	743	525	1201	699	2041	9	13	1489	131	783	0,100,0,0,0,0	11748	272	138	54622	1966	13118	92706,92981,90954,33803,33803,33803,33803	0	5	25208,28210,2121,0,0,0,0	10	79985
175230	223	379	299	52	45	3	3	0	781	525	1206	707	2003	8	14	1618	148	856	0,100,0,0,0,0	11801	283	164	54767	1986	13347	92807,93079,91060,33989,33989,33989,33989	0	9	25208,28210,2285,0,0,0,0	10	79956
175132	231	406	323	53	54	3	2	0	807	526	1209	709	1972	8	20	1768	170	902	0,100,0,0,0,0	11965	273	149	54900	2002	13571	92909,93178,91168,34153,34153,34153,34153	0	5	25208,28210,2434,0,0,0,0	8	79931
174997	253	426	343	62	54	3	3	0	867	526	1212	700	2000	3	23	1801	177	967	0,100,0,0,0,0	12074	282	171	55053	2021	13810	93034,93300,91298,34355,34355,34355,34355	0	5	25208,28210,2606,0,0,0,0	8	79894
174867	276	466	350	62	57	4	3	0	920	526	1215	723	1849	8	19	1784	180	1038	0,100,0,0,0,0	21197	265	182	55223	2033	14039	93159,93424,91430,34563,34563,34563,34563	0	7	25208,28210,2788,0,0,0,0	13	79832
174752	283	489	369	55	58	5	4	0	984	526	1221	702	1897	5	18	1784	178	1085	0,100,0,0,0,0	21304	280	166	55371	2053	14276	93250,93515,91527,34742,34742,34742,34742	0	1	25208,28210,2955,0,0,0,0	15	79790
174566	307	545	397	69	62	5	4	0	1041	526	1224	706	1951	5	24	2025	204	1185	0,100,0,0,0,0	12220	268	235	55575	2084	14504	93378,93642,91661,34974,34974,34974,34974	0	9	25208,28210,3187,0,0,0,0	17	79727
174379	347	580	415	82	74	5	5	0	1105	526	1228	731	2001	3	30	2281	217	1291	0,100,0,0,0,0	12456	316	246	55800	2108	14776	93525,93788,91816,35218,35218,35218,35218	0	6	25208,28210,3436,0,0,0,0	22	79668
174170	372	628	455	94	83	8	5	0	1177	526	1228	713	2019	13	32	2429	231	1414	0,100,0,0,0,0	12561	300	262	56030	2141	15033	93688,93949,91985,35492,35492,35492,35492	0	8	25208,28210,3699,0,0,0,0	25	79602
173943	415	711	465	105	88	8	5	0	1249	526	1231	691	1991	13	39	2681	272	1525	0,100,0,0,0,0	12836	245	304	56300	2176	15252	93879,94139,92185,35787,35787,35787,35787	0	8	25208,28210,4003,0,0,0,0	28	79515
173737	408	780	504	116	88	9	5	0	1340	526	1233	694	1923	6	28	3066	275	1635	0,100,0,0,0,0	13321	284	280	56544	2212	15497	94044,94301,92357,36049,36049,36049,36049	0	11	25208,28210,4282,0,0,0,0	29	79444
173552	414	824	553	121	104	9	4	0	1400	528	1237	658	1964	16	40	3362	304	1725	0,100,0,0,0,0	22709	256	272	56787	2242	15714	94197,94453,92520,36313,36313,36313,36313	0	14	25208,28210,4555,0,0,0,0	32	79353
173345	419	867	600	123	105	11	4	0	1503	529	1240	642	2005	10	37	3507	342	1787	0,100,0,0,0,0	22609	301	286	57042	2275	15977	94347,94603,92678,36580,36580,36580,36580	0	8	25208,28210,4842,0,0,0,0	28	79263
173037	473	952	649	140	115	13	5	0	1592	529	1241	687	1989	12	41	3725	370	1977	0,100,0,0,0,0	13972	304	404	57395	2328	16241	94597,94851,92938,36963,36963,36963,36963	1	16	25208,28210,5245,0,0,0,0	29	79151
172735	542	995	703	146	127	14	5	0	1706	529	1244	696	2085	14	45	3914	382	2150	0,100,0,0,0,0	13907	286	400	57756	2369	16487	94853,95108,93204,37353,37353,37353,37353	1	17	25208,28210,5646,0,0,0,0	39	79029
172411	547	1084	773	151	136	10	6	0	1849	530	1249	684	1999	22	60	4499	418	2289	0,100,0,0,0,0	14518	308	397	58100	2423	16752	95099,95352,93458,37729,37729,37729,37729	1	19	25208,28210,6040,0,0,0,0	40	78919
172030	593	1186	835	149	147	10	8	0	2007	530	1251	680	1984	24	54	4919	468	2460	0,100,0,0,0,0	15314	311	479	58521	2484	17037	95401,95654,93770,38181,38181,38181,38181	1	30	25208,28210,6517,0,0,0,0	45	78763
171604	682	1275	934	154	156	12	9	0	2134	532	1254	667	1966	25	53	5079	509	2713	0,100,0,0,0,0	15218	312	526	58991	2543	17303	95755,96009,94136,38688,38688,38688,38688	1	20	25208,28210,7042,0,0,0,0	43	78615
171273	677	1349	958	163	194	11	8	2	2321	532	1258	672	2053	26	46	4901	542	2818	0,100,0,0,0,0	24262	300	451	59398	2587	17561	96039,96293,94431,39118,39118,39118,39118	1	24	25208,28210,7491,0,0,0,0	47	78441
170914	708	1374	1018	187	227	11	9	2	2498	532	1266	656	1858	21	72	4726	616	2918	0,100,0,0,0,0	23942	326	478	59810	2658	17849	96315,96569,94720,39561,39561,39561,39561	2	29	25208,28210,7966,0,0,0,0	52	78245
170455	780	1457	1094	219	224	14	8	2	2689	534	1270	678	2000	25	65	5005	668	3128	0,100,0,0,0,0	15338	295	585	60348	2711	18091	96698,96953,95117,40118,40118,40118,40118	2	19	25208,28210,8556,0,0,0,0	49	78037
170026	828	1524	1162	231	237	15	9	1	2903	535	1275	686	2027	26	78	5379	731	3275	0,100,0,0,0,0	15680	309	572	60851	2782	18352	97054,97308,95488,40629,40629,40629,40629	2	20	25208,28210,9127,0,0,0,0	54	77859
169597	856	1622	1210	242	244	18	10	1	3131	536	1279	683	1913	35	90	5723	769	3433	0,100,0,0,0,0	16036	302	576	61353	2860	18618	97415,97671,95865,41150,41150,41150,41150	2	30	25208,28210,9703,0,0,0,0	61	77664
169097	960	1719	1286	242	274	14	10	0	3325	536	1283	664	1965	34	82	6349	816	3689	0,100,0,0,0,0	16537	322	693	61950	2960	18905	97840,98096,96310,41751,41751,41751,41751	2	33	25208,28210,10395,0,0,0,0	64	77418
168597	1066	1794	1365	262	288	16	10	0	3528	536	1284	690	1981	21	83	6208	883	3918	0,100,0,0,0,0	16714	309	702	62566	3052	19174	98301,98557,96791,42381,42381,42381,42381	2	21	25208,28210,11100,0,0,0,0	52	77192
168155	1054	1893	1443	265	302	15	9	0	3783	538	1289	712	1972	30	82	6326	877	4104	0,100,0,0,0,0	25515	318	628	63125	3128	19448	98686,98943,97194,42940,42940,42940,42940	3	35	25208,28210,11732,0,0,0,0	51	76930
167745	1016	1968	1524	271	305	17	11	1	4057	538	1293	698	2102	45	86	6610	890	4222	0,100,0,0,0,0	25543	327	622	63664	3219	19733	99060,99317,97587,43483,43483,43483,43483	3	30	25208,28210,12352,0,0,0,0	57	76681
167311	982	2086	1614	289	303	18	10	1	4291	539	1302	700	1971	29	105	7184	954	4348	0,100,0,0,0,0	26952	330	658	64241	3306	20019	99460,99717,98008,44055,44055,44055,44055	3	40	25208,28210,13010,0,0,0,0	51	76409
166840	991	2151	1666	301	308	20	12	1	4611	540	1305	699	2023	43	105	7919	1030	4419	0,100,0,0,0,0	27626	293	681	64844	3389	20276	99869,100125,98436,44654,44654,44654,44654	3	31	25208,28210,13691,0,0,0,0	59	76097
166396	1026	2173	1754	313	319	22	14	0	4878	540	1311	689	1994	46	110	8361	1069	4552	0,100,0,0,0,0	27827	282	704	65469	3475	20511	100269,100526,98860,45228,45228,45228,45228	3	40	25208,28210,14399,0,0,0,0	67	75788
165936	1077	2188	1818	332	350	23	16	0	5150	541	1315	701	2003	49	106	8473	1075	4729	0,100,0,0,0,0	28495	323	740	66112	3574	20786	100678,100934,99295,45808,45808,45808,45808	4	39	25208,28210,15136,0,0,0,0	67	75467
165469	1125	2199	1889	349	361	27	12	1	5452	544	1318	688	2034	49	101	8397	1101	4861	0,100,0,0,0,0	28544	274	745	66768	3668	21019	101108,101365,99751,46417,46417,46417,46417	4	32	25208,28210,15883,0,0,0,0	60	75144
165069	1115	2270	1868	372	394	36	16	1	5737	546	1322	679	2015	45	107	8391	1147	4924	0,100,0,0,0,0	27658	329	720	67398	3765	21304	101516,101773,100188,46971,46971,46971,46971	4	40	25208,28210,16604,0,0,0,0	68	74852
164698	1089	2306	1896	369	400	37	17	1	6057	548	1328	661	2005	27	137	8694	1208	4906	0,100,0,0,0,0	27111	287	696	68018	3846	21566	101925,102184,100625,47533,47533,47533,47533	4	39	25208,28210,17298,0,0,0,0	78	74530
164277	1160	2319	1919	378	424	41	17	1	6330	550	1330	656	1995	49	116	8715	1223	5035	0,100,0,0,0,0	28866	349	781	68691	3962	21859	102377,102636,101108,48143,48143,48143,48143	4	46	25208,28210,18082,0,0,0,0	82	74217
163858	1229	2338	1994	401	406	42	22	1	6567	552	1336	624	1917	38	140	9225	1273	5159	0,100,0,0,0,0	19488	508	824	69403	4075	22323	102854,103112,101620,48774,48774,48774,48774	4	38	25208,28210,18902,0,0,0,0	85	73878
163429	1267	2375	2039	431	395	42	27	1	6849	552	1339	593	1952	46	114	9231	1264	5312	0,100,0,0,0,0	19915	538	800	70113	4177	22808	103391,103650,102190,49486,49486,49486,49486	5	40	25208,28210,19707,0,0,0,0	93	73553
163034	1243	2495	2045	429	389	48	29	2	7134	553	1345	589	1998	44	128	8804	1222	5456	0,100,0,0,0,0	19466	482	818	70824	4291	23244	103925,104184,102761,50195,50195,50195,50195	5	54	25208,28210,20526,0,0,0,0	105	73219
162583	1314	2588	2037	418	407	50	27	4	7414	556	1348	574	1975	58	129	8526	1232	5609	0,100,0,0,0,0	18945	491	896	71609	4411	23702	104483,104742,103356,50936,50936,50936,50936	5	53	25208,28210,21418,0,0,0,0	110	72825
162227	1307	2565	2175	411	402	55	27	4	7666	558	1349	570	1983	44	123	8341	1238	5704	0,100,0,0,0,0	27032	550	790	72300	4514	24207	104990,105249,103898,51616,51616,51616,51616	5	44	25208,28210,22205,0,0,0,0	112	72468
161841	1292	2602	2213	418	417	58	27	5	7959	560	1354	578	1899	50	136	8710	1290	5737	0,100,0,0,0,0	27302	540	823	73010	4631	24684	105520,105781,104464,52327,52327,52327,52327	5	48	25208,28210,23020,0,0,0,0	122	72126
161389	1323	2712	2240	438	442	64	29	6	8186	562	1355	596	1942	66	161	8935	1339	5909	0,100,0,0,0,0	19297	511	940	73815	4771	25135	106137,106398,105121,53116,53116,53116,53116	5	49	25208,28210,23952,0,0,0,0	121	71759
160916	1418	2726	2320	470	448	70	29	6	8420	564	1359	588	2035	58	159	8986	1394	6087	0,100,0,0,0,0	19126	662	981	74637	4934	25741	106751,107013,105779,53894,53894,53894,53894	5	52	25208,28210,24926,0,0,0,0	141	71384
160403	1470	2830	2375	470	443	77	28	6	8716	566	1362	566	1971	60	176	9198	1472	6221	0,100,0,0,0,0	19613	642	980	75479	5076	26304	107418,107679,106485,54770,54770,54770,54770	6	42	25208,28210,25897,0,0,0,0	144	70986
159967	1501	2961	2434	474	434	73	33	6	8929	569	1365	575	1946	47	147	9443	1514	6396	0,100,0,0,0,0	19713	699	978	76295	5242	26942	108063,108325,107175,55580,55580,55580,55580	6	38	25208,28210,26868,0,0,0,0	145	70637
159516	1465	3081	2496	474	463	78	40	6	9187	570	1370	566	1973	60	136	9284	1516	6581	0,100,0,0,0,0	19667	680	985	77134	5400	27551	108730,108992,107886,56452,56452,56452,56452	6	45	25208,28210,27852,0,0,0,0	154	70251
159051	1525	3089	2543	504	478	80	46	6	9481	572	1371	561	1952	58	150	9294	1538	6727	0,100,0,0,0,0	27686	682	1000	77991	5552	28172	109380,109643,108580,57305,57305,57305,57305	6	50	25208,28210,28848,0,0,0,0	170	69816
158718	1468	3051	2647	517	495	76	44	6	9771	576	1377	526	1985	61	165	10008	1627	6671	0,100,0,0,0,0	28284	667	884	78734	5702	28773	109956,110220,109200,58044,58044,58044,58044	6	51	25208,28210,29723,0,0,0,0	182	69455
158318	1452	3113	2714	536	499	76	38	5	10031	583	1381	526	1939	49	185	10132	1639	6789	0,100,0,0,0,0	20198	671	1011	79575	5873	29379	110626,110887,109917,58879,58879,58879,58879	6	31	25208,28210,30720,0,0,0,0	154	69072
157893	1490	3165	2726	513	517	76	35	7	10356	585	1383	524	1933	55	160	10323	1608	6914	0,100,0,0,0,0	20792	941	1038	80455	6038	30250	111305,111568,110647,59730,59730,59730,59730	6	39	25208,28210,31747,0,0,0,0	143	68637
157448	1542	3273	2752	502	523	72	36	6	10615	591	1386	554	1981	56	182	10311	1663	7037	0,100,0,0,0,0	20578	876	1082	81369	6217	31053	112101,112364,111493,60739,60739,60739,60739	6	61	25208,28210,32824,0,0,0,0	131	68223
156955	1631	3286	2817	499	542	76	39	4	10916	594	1387	553	1919	55	158	11040	1704	7186	0,100,0,0,0,0	21154	910	1107	82292	6412	31898	112868,113133,112312,61721,61721,61721,61721	6	49	25208,28210,33923,0,0,0,0	144	67781
156509	1701	3351	2870	544	556	80	40	4	11106	596	1389	562	1976	51	160	10904	1716	7426	0,100,0,0,0,0	21507	896	1123	83247	6589	32712	113663,113929,113161,62709,62709,62709,62709	6	51	25208,28210,35030,0,0,0,0	147	67332
156282	1622	3362	2889	562	565	80	43	6	11346	597	1392	551	1989	61	175	10431	1718	7405	0,100,0,0,0,0	28859	879	934	84033	6747	33517	114303,114567,113857,63493,63493,63493,63493	6	53	25208,28210,35958,0,0,0,0	160	66929
156026	1501	3399	2915	576	564	79	46	6	11639	600	1395	554	1964	58	182	10977	1776	7304	0,100,0,0,0,0	29195	994	927	84789	6926	34318	114927,115191,114533,64275,64275,64275,64275	7	55	25208,28210,36872,0,0,0,0	172	66607
155632	1596	3359	2939	578	559	78	43	9	11951	604	1398	573	1953	62	181	11647	1833	7319	0,100,0,0,0,0	21826	991	1102	85689	7136	35141	115676,115940,115339,65207,65207,65207,65207	6	42	25208,28210,37959,0,0,0,0	173	66207
155315	1627	3251	3052	574	576	77	41	9	12216	607	1401	542	1975	57	188	11539	1835	7363	0,100,0,0,0,0	22010	1698	1043	86554	7320	36659	116372,116635,116091,66055,66055,66055,66055	6	49	25208,28210,38989,0,0,0,0	162	65806
155033	1603	3296	3037	581	579	73	41	10	12478	612	1403	557	1980	63	186	12024	1815	7395	0,100,0,0,0,0	22207	1655	1050	87412	7517	38138	117271,117534,117051,67194,67194,67194,67194	6	55	25208,28210,40028,0,0,0,0	159	65430
154740	1640	3299	3046	577	603	79	46	11	12683	613	1409	539	2027	71	186	11718	1805	7485	0,100,0,0,0,0	22269	1727	1063	88266	7730	39682	118153,118415,117992,68312,68312,68312,68312	7	63	25208,28210,41076,0,0,0,0	149	65045
154436	1646	3323	3027	586	583	86	47	11	12975	615	1411	534	1980	56	231	12265	1898	7400	0,100,0,0,0,0	22093	1711	1048	89137	7914	41190	119051,119314,118947,69459,69459,69459,69459	7	59	25208,28210,42104,0,0,0,0	156	64656
154303	1572	3293	3006	598	577	86	47	13	13215	619	1417	513	1930	58	172	11721	1930	7249	0,100,0,0,0,0	30276	1762	929	89899	8085	42756	119862,120129,119821,70474,70474,70474,70474	7	49	25208,28210,43011,0,0,0,0	158	64312
154309	1473	3162	3066	582	588	82	51	11	13378	622	1422	508	1962	69	163	11973	1927	7077	0,99,0,0,0,0	30168	1731	807	90578	8242	44318	120608,120878,120629,71372,71372,71372,71372	7	49	25208,28210,43799,23,0,0,0	153	64000
154150	1450	3105	3067	557	566	82	52	12	13658	623	1424	499	1944	60	178	12389	1895	6984	0,99,0,0,0,0	22617	1572	909	91356	8412	45727	121470,121741,121550,72426,72426,72426,72426	7	33	25208,28210,44687,62,0,0,0	159	63644
154051	1440	3083	3027	569	572	84	55	12	13801	625	1427	490	1948	55	173	12154	1849	6981	0,98,1,0,0,0	22864	858	943	92134	8605	46426	122284,122554,122428,73385,73385,73385,73385	7	51	25208,28210,45601,100,0,0,0	161	63263
153962	1491	3062	2970	579	554	85	57	13	13910	630	1433	477	1997	64	172	12350	1851	6947	0,98,1,0,0,0	22615	786	937	92903	8810	47098	122895,123166,123102,74030,74030,74030,74030	7	42	25208,28210,46505,145,0,0,0	172	62893
153961	1454	3085	2934	541	524	91	56	15	14013	636	1436	459	1932	50	160	12270	1776	6909	0,97,2,0,0,0	22768	842	875	93601	9020	47797	123437,123708,123709,74567,74567,74567,74567	6	36	25208,28210,47321,199,0,0,0	178	62563
153953	1449	3034	2906	567	526	91	54	16	14070	643	1437	452	1948	58	178	11671	1743	6884	0,96,3,0,0,0	22110	888	869	94332	9210	48539	124022,124293,124359,75141,75140,75140,75140	6	44	25208,28210,48135,281,0,0,0	169	62221
154097	1359	2916	2930	577	515	85	59	16	14106	647	1439	441	1889	53	166	11563	1715	6726	0,96,3,0,0,0	29576	861	764	94928	9382	49248	124483,124752,124882,75568,75568,75568,75568	6	35	25208,28210,48823,333,0,0,0	173	61916
154255	1256	2864	2865	572	511	88	57	15	14168	653	1442	455	1902	49	153	11715	1701	6512	0,96,3,0,0,0	29994	870	777	95522	9567	49973	124960,125230,125425,76009,76008,76008,76008	6	37	25208,28210,49533,381,0,0,0	174	61626
154349	1234	2786	2865	544	514	85	50	14	14194	661	1450	438	2026	50	175	11531	1672	6406	0,95,4,0,0,0	22062	845	823	96143	9774	50677	125440,125709,125969,76481,76481,76481,76481	6	41	25208,28210,50249,459,0,0,0	172	61307
154524	1262	2674	2829	522	488	85	51	12	14184	663	1452	469	1959	49	159	11226	1661	6250	0,94,5,0,0,0	21654	742	774	96733	9964	51274	125893,126160,126485,76876,76875,76875,76875	6	37	25208,28210,50903,548,0,0,0	167	61037
154656	1253	2631	2748	488	482	81	48	12	14221	672	1454	461	1976	44	172	11242	1642	6089	0,94,5,0,0,0	21556	731	785	97316	10173	51874	126298,126566,126952,77243,77242,77242,77242	6	41	25208,28210,51578,627,0,0,0	150	60735
154790	1259	2573	2694	456	464	85	50	10	14234	675	1456	473	1971	53	129	11277	1565	6016	0,93,6,0,0,0	21596	721	789	97904	10384	52453	126711,126979,127428,77609,77607,77607,77607	6	35	25208,28210,52244,726,0,0,0	154	60431
155031	1240	2482	2633	480	457	81	49	10	14144	680	1459	468	1908	39	125	10741	1497	5925	0,92,7,0,0,0	21285	715	735	98439	10588	53015	127056,127324,127838,77873,77869,77869,77869	6	34	25208,28210,52860,812,0,0,0	152	60158
155288	1174	2429	2514	470	451	87	51	10	14126	682	1464	461	1937	43	132	10098	1412	5764	0,92,7,0,0,0	28932	770	658	98911	10781	53615	127373,127642,128217,78108,78104,78104,78104	5	30	25208,28210,53401,902,0,0,0	158	59934
155580	1105	2382	2443	411	438	86	46	9	14090	690	1466	453	2017	57	129	10177	1374	5537	0,91,8,0,0,0	28269	743	650	99416	10927	54208	127704,127971,128608,78354,78348,78348,78348	5	40	25208,28210,53914,1012,0,0,0	150	59670
155830	1095	2338	2432	410	416	91	38	9	13923	695	1469	444	1954	36	147	9993	1370	5450	0,90,9,0,0,0	20465	621	696	99927	11116	54774	128057,128324,129024,78628,78620,78620,78620	5	40	25208,28210,54470,1135,0,0,0	146	59396
156072	1132	2228	2359	408	426	79	36	9	13823	701	1473	470	1949	37	138	9445	1328	5340	0,89,10,0,0,0	19984	240	695	100429	11313	55014	128393,128657,129421,78870,78862,78862,78862	5	32	25208,28210,54989,1281,0,0,0	132	59110
156277	1153	2187	2310	394	402	75	32	7	13725	706	1478	492	1963	45	138	9353	1294	5259	0,87,12,0,0,0	19816	256	697	100927	11516	55270	128644,128907,129732,79017,79007,79007,79007	5	31	25208,28210,55500,1450,0,0,0	125	58809
156494	1114	2145	2261	386	379	72	34	5	13662	711	1483	494	1943	44	124	8768	1219	5172	0,85,14,0,0,0	19116	290	640	101377	11707	55560	128868,129131,130011,79122,79110,79110,79110	5	36	25208,28210,55949,1619,0,0,0	117	58552
156741	1082	2143	2230	357	364	68	34	4	13515	718	1490	521	1987	50	101	8589	1183	5095	0,84,15,0,0,0	18843	240	652	101837	11906	55800	129103,129364,130304,79234,79221,79221,79221	5	31	25208,28210,56381,1813,0,0,0	110	58296
157050	1077	2046	2181	375	352	65	33	5	13346	722	1494	514	1962	45	102	7694	1132	4997	0,82,17,0,0,0	26755	262	613	102255	12105	56062	129291,129554,130553,79279,79264,79264,79264	5	37	25208,28210,56776,2016,0,0,0	126	58046
157399	1004	1995	2158	391	326	61	35	4	13154	723	1496	513	1936	37	112	7865	1111	4859	0,80,19,0,0,0	26421	255	572	102654	12281	56317	129487,129750,130804,79336,79318,79318,79318	5	35	25208,28210,57147,2198,0,0,0	114	57808
157596	1003	2023	2091	380	321	61	32	5	13010	725	1499	508	1993	42	98	7756	1072	4839	0,78,21,0,0,0	18127	241	671	103102	12511	56558	129704,129966,131073,79478,79457,79457,79457	5	39	25208,28210,57553,2443,0,0,0	118	57523
157835	1011	1978	2024	351	323	54	33	4	12902	729	1502	507	1951	43	105	7534	1045	4729	0,76,23,0,0,0	17767	105	620	103520	12715	56663	129895,130156,131316,79565,79542,79542,79542	5	29	25208,28210,57913,2675,0,0,0	105	57271
158086	993	1953	2034	334	316	52	32	5	12704	731	1506	488	2000	55	116	7133	1004	4710	0,74,25,0,0,0	26660	103	674	103975	12939	56766	130060,130319,131535,79621,79593,79593,79593	4	30	25208,28210,58287,2953,0,0,0	105	56982
158384	1003	1866	1988	336	291	53	28	6	12550	734	1507	515	1988	37	111	7181	994	4571	0,71,28,0,0,0	27099	95	569	104326	13158	56861	130164,130422,131687,79610,79580,79580,79580	4	33	25208,28210,58581,3210,0,0,0	106	56742
158606	951	1821	1986	324	269	46	26	5	12465	737	1510	504	1908	37	91	7360	948	4475	0,69,30,0,0,0	26154	95	579	104691	13374	56956	130294,130551,131861,79632,79598,79598,79598	4	31	25208,28210,58864,3489,0,0,0	107	56527
158931	923	1762	1923	324	262	41	26	6	12295	741	1512	490	1986	42	74	7076	869	4392	0,67,32,0,0,0	25811	122	524	105027	13567	57078	130389,130646,132001,79605,79565,79565,79565	4	26	25208,28210,59097,3759,0,0,0	88	56313
159110	939	1639	1904	317	269	38	30	7	12234	742	1517	474	2018	47	109	6866	888	4248	0,64,35,0,0,0	25831	99	562	105361	13798	57177	130508,130765,132162,79649,79606,79606,79606	4	33	25208,28210,59355,4050,0,0,0	86	56095
159295	992	1603	1861	306	257	40	28	8	12091	745	1520	505	1989	43	93	7278	879	4208	0,61,38,0,0,0	27218	98	627	105728	14063	57275	130628,130882,132325,79709,79660,79660,79660	4	33	25208,28210,59604,4408,0,0,0	85	55851
159571	933	1677	1798	272	240	43	24	7	11909	749	1523	492	1976	38	110	6821	885	4102	0,59,40,0,0,0	27010	60	551	106062	14283	57335	130701,130952,132442,79689,79634,79634,79634	4	25	25208,28210,59823,4731,0,0,0	89	55623
159753	896	1733	1758	259	233	43	24	6	11763	752	1526	490	1873	24	78	6607	840	4106	0,57,42,0,0,0	26692	64	589	106421	14517	57399	130790,131041,132574,79715,79653,79653,79653	4	39	25208,28210,60056,5078,0,0,0	82	55381
159973	939	1695	1725	253	246	42	22	8	11560	752	1531	523	1907	45	82	6440	803	4119	0,54,45,0,0,0	26545	84	609	106780	14770	57483	130872,131119,132697,79734,79663,79663,79663	4	25	25208,28210,60262,5462,0,0,0	84	55139
160132	1015	1651	1730	238	258	44	22	7	11363	753	1533	521	1901	27	98	6615	817	4141	0,51,48,0,0,0	26428	77	638	107158	15038	57560	130980,131228,132845,79803,79725,79725,79725	4	31	25208,28210,60469,5883,0,0,0	93	54888
160328	1025	1637	1757	232	235	47	20	8	11167	755	1535	509	1963	44	69	6596	776	4177	0,48,51,0,0,0	25510	83	592	107505	15284	57643	131062,131309,132965,79847,79761,79761,79761	4	33	25208,28210,60630,6296,0,0,0	90	54647
160451	1025	1711	1717	228	210	47	26	5	11032	755	1539	506	1974	34	55	5836	704	4260	0,45,54,0,0,0	25224	77	630	107839	15586	57720	131153,131400,133091,79932,79837,79837,79837	4	36	25208,28210,60768,6771,0,0,0	93	54425
160522	1068	1707	1738	212	219	49	23	4	10902	759	1543	466	1947	48	79	6095	690	4326	0,42,57,0,0,0	16232	77	706	108257	15879	57797	131296,131542,133271,80073,79968,79968,79968	4	37	25208,28210,60944,7286,0,0,0	93	54153
160483	1170	1717	1778	226	205	46	22	4	10787	763	1545	477	1915	31	80	6289	723	4441	0,39,60,0,0,0	16189	274	744	108654	16229	58071	131436,131686,133440,80265,80150,80150,80150	4	39	25208,28210,61097,7861,0,0,0	90	53881
160428	1255	1844	1763	225	206	45	21	5	10642	766	1546	471	1840	51	62	5621	681	4678	0,36,63,0,0,0	15993	272	808	109098	16596	58343	131619,131869,133653,80535,80410,80410,80410	4	50	25208,28210,61232,8520,0,0,0	95	53568
160340	1352	1912	1748	225	205	40	24	5	10578	766	1551	447	1943	46	86	5636	716	4790	0,33,66,0,0,0	15628	262	834	109561	16975	58605	131821,132073,133886,80848,80712,80712,80712	4	41	25208,28210,61382,9195,0,0,0	90	53233
160219	1400	2013	1814	235	199	37	22	6	10482	767	1552	454	1941	49	73	5670	725	4995	0,30,69,0,0,0	15694	263	856	110010	17385	58868	132026,132277,134120,81171,81022,81022,81022	4	48	25208,28210,61500,9914,0,0,0	91	52925
160123	1387	2136	1893	244	220	35	21	6	10358	769	1554	473	2015	55	75	5653	746	5190	0,28,71,0,0,0	24286	287	846	110466	17780	59155	132217,132469,134337,81493,81330,81330,81330	4	38	25208,28210,61632,10620,0,0,0	87	52589
160004	1438	2183	1955	255	236	35	18	5	10289	774	1554	482	1957	52	92	5800	781	5339	0,25,74,0,0,0	24606	284	868	110900	18219	59439	132405,132657,134554,81819,81642,81642,81642	5	58	25208,28210,61734,11371,0,0,0	86	52283
159606	1596	2239	2081	233	255	38	19	6	10341	775	1557	472	1942	54	85	5696	794	5667	0,23,76,0,0,0	16183	294	1048	111442	18745	59733	132663,132916,134832,82311,82119,82119,82119	5	48	25208,28210,61870,12277,13,0,0	83	51897
159136	1787	2351	2178	230	252	39	16	7	10416	777	1557	464	1951	80	101	5789	843	6010	0,21,77,0,0,0	15674	385	1129	112010	19331	60118	132942,133195,135130,82830,82625,82625,82625	5	63	25208,28210,61988,13267,37,0,0	94	51506
158656	1927	2559	2229	234	250	35	18	7	10493	778	1560	464	2000	53	95	5681	881	6371	0,19,79,0,0,0	15760	373	1175	112588	19964	60491	133228,133479,135433,83407,83182,83182,83182	5	48	25208,28210,62130,14287,69,0,0	84	51087
158058	2052	2767	2341	250	268	34	15	8	10610	781	1562	467	1975	58	86	5617	904	6823	0,17,80,1,0,0	15808	390	1290	113256	20611	60881	133594,133848,135816,84092,83850,83850,83850	6	60	25208,28210,62244,15456,95,0,0	80	50622
157249	2331	2913	2498	257	278	34	15	8	10817	783	1563	467	1965	66	106	5736	946	7380	0,15,82,1,0,0	15755	375	1469	113984	21378	61256	134016,134270,136251,84916,84654,84654,84654	6	75	25208,28210,62353,16792,135,0,0	82	50120
156684	2329	3096	2694	268	280	36	15	7	10986	784	1567	481	1909	69	91	5855	991	7727	0,14,83,2,0,0	24582	359	1274	114651	22009	61615	134358,134613,136612,85589,85307,85307,85307	6	70	25208,28210,62442,17932,186,0,0	81	49651
156034	2235	3409	2833	279	282	32	15	6	11268	786	1567	524	1980	66	120	6083	1045	8040	0,12,84,2,0,0	24808	364	1383	115300	22758	61979	134686,134939,136953,86309,86002,86002,86002	7	84	25208,28210,62523,19191,234,0,0	90	49183
155060	2634	3447	3075	292	316	38	16	7	11505	786	1570	542	1961	74	130	6485	1115	8703	0,11,86,2,0,0	16426	359	1748	116154	23661	62338	135147,135399,137418,87297,86962,86962,86962	7	75	25208,28210,62597,20802,286,0,0	83	48574
154120	2862	3544	3288	302	327	30	16	7	11888	786	1576	559	2001	96	133	6790	1151	9218	0,9,87,2,0,0	16801	367	1696	116964	24559	62705	135602,135851,137877,88242,87880,87880,87880	7	88	25208,28210,62661,22361,356,0,0	89	48012
153135	2942	3830	3500	299	329	34	16	7	12289	788	1577	527	1973	89	126	7009	1199	9751	0,8,88,3,0,0	17074	395	1770	117773	25527	63100	136049,136293,138328,89206,88817,88816,88816	8	83	25208,28210,62720,23980,440,0,0	89	47441
151919	3136	4188	3635	310	362	33	14	6	12772	790	1581	531	1986	104	135	7672	1311	10367	0,7,88,3,0,0	17466	366	1977	118680	26605	63466	136579,136818,138857,90350,89932,89932,89932	8	100	25208,28210,62783,25771,550,0,0	89	46804
150579	3416	4361	3918	334	390	28	11	6	13328	793	1582	525	1942	100	126	8148	1389	11069	0,6,89,4,0,0	18121	395	2131	119625	27799	63861	137126,137362,139405,91583,91136,91135,91135	9	107	25208,28210,62850,27710,661,0,0	92	46133
149463	3423	4546	4176	368	379	33	13	6	13958	794	1587	499	1893	107	126	8477	1428	11510	0,5,89,4,0,0	26928	350	1932	120480	28886	64211	137606,137838,139884,92681,92200,92199,92199	9	113	25208,28210,62893,29480,771,0,0	83	45526
148341	3378	4826	4394	386	400	35	14	6	14583	794	1589	521	1942	118	154	9270	1556	11877	0,5,90,4,0,0	27565	319	2010	121424	29967	64530	138077,138311,140356,93821,93303,93301,93301	10	131	25208,28210,62929,31354,872,0,0	104	44829
146798	3758	5055	4606	398	395	33	17	5	15292	795	1594	526	1948	118	192	10435	1770	12492	0,4,90,4,0,0	20353	369	2432	122511	31333	64899	138682,138911,140951,95245,94686,94683,94683	11	126	25208,28210,62977,33592,1010,0,0	104	44035
145251	4081	5171	4919	418	431	29	21	5	16026	795	1599	521	2023	148	171	11041	1848	13222	0,4,90,5,0,0	21279	381	2507	123578	32780	65280	139297,139524,141556,96710,96109,96105,96105	12	132	25208,28210,63015,35865,1184,0,0	108	43264
143723	4228	5483	5109	442	465	32	20	6	16843	796	1599	535	1961	128	144	11429	1919	13860	0,3,90,5,0,0	21540	366	2519	124660	34235	65646	139881,140107,142134,98180,97534,97530,97530	12	109	25208,28210,63052,38158,1365,0,0	114	42467
142120	4383	5859	5298	436	479	34	22	5	17710	798	1602	538	1928	138	190	11886	2002	14509	0,3,90,5,0,0	21937	326	2668	125814	35757	65972	140501,140724,142742,99750,99053,99047,99047	13	148	25208,28210,63089,40606,1535,0,0	116	41619
140485	4542	6039	5634	463	509	34	25	6	18605	800	1604	514	1892	165	195	11819	2059	15187	0,3,90,6,0,0	22181	361	2718	127015	37293	66333	141136,141353,143353,101354,100604,100597,100597	13	138	25208,28210,63119,43066,1749,0,0	131	40740
139096	4460	6310	5821	488	504	34	26	5	19592	802	1608	498	1961	143	211	11748	2128	15515	0,2,90,6,0,0	30234	340	2545	128149	38720	66673	141670,141885,143873,102831,102023,102013,102013	14	162	25208,28210,63142,45349,1970,0,0	135	39874
137848	4247	6510	5999	499	533	37	25	9	20625	802	1612	507	1958	161	194	12489	2219	15631	0,2,90,7,0,0	30488	289	2431	129133	40196	66962	142125,142337,144313,104195,103327,103315,103315	15	158	25208,28210,63168,47549,2171,0,0	135	39128
136210	4483	6547	6338	521	564	46	27	11	21584	803	1612	515	2011	174	232	12768	2334	16192	0,2,90,7,0,0	22807	334	2869	130312	41906	67296	142735,142946,144903,105873,104945,104930,104930	15	158	25208,28210,63189,50105,2443,0,0	128	38253
134576	4843	6407	6570	539	568	45	28	12	22739	804	1615	517	1985	179	223	12971	2426	16574	0,1,90,7,0,0	23405	129	2904	131548	43589	67425	143347,143556,145500,107568,106578,106560,106560	16	122	25208,28210,63202,52694,2728,0,0	138	37304
133178	4847	6551	6705	549	575	43	26	14	23835	805	1618	515	1922	185	245	13328	2518	16778	0,1,90,8,0,0	23465	126	2797	132701	45243	67551	143864,144067,146002,109143,108079,108058,108058	16	170	25208,28210,63224,55178,2988,0,0	141	36443
131603	4888	6879	6721	557	587	50	26	13	24986	808	1628	509	1875	157	243	13290	2587	17121	0,1,89,8,0,0	23581	115	2968	133960	46982	67666	144415,144619,146531,110807,109672,109645,109645	17	163	25208,28210,63243,57773,3328,0,0	149	35471
130248	4897	7007	6885	607	592	50	25	14	25980	810	1631	506	1920	151	269	13938	2757	17306	0,1,89,9,0,0	23812	144	2886	135104	48741	67810	144914,145121,147017,112410,111195,111165,111165	17	132	25208,28210,63257,60303,3631,0,0	159	34607
129226	4724	6975	7101	646	565	53	30	13	26968	810	1635	511	1943	191	212	14179	2664	17430	0,1,88,9,0,0	32034	126	2616	136169	50315	67936	145301,145503,147395,113823,112528,112494,112494	18	165	25208,28210,63268,62582,3936,0,0	163	33805
128269	4526	6947	7305	633	574	53	26	14	27948	815	1636	507	1965	191	242	14832	2780	17284	0,1,88,10,0,0	32412	126	2597	137209	51893	68062	145680,145879,147756,115206,113828,113788,113788	18	144	25208,28210,63275,64800,4273,0,0	161	33009
127126	4623	6887	7352	608	592	49	26	15	29013	817	1638	494	1936	192	249	15461	2818	17319	0,1,87,11,0,0	25601	111	2868	138330	53653	68173	146132,146327,148193,116763,115296,115251,115251	18	138	25208,28210,63285,67187,4691,0,0	147	32179
126189	4634	6761	7330	643	601	46	24	19	30038	818	1643	491	1916	158	242	15336	2838	17201	0,0,87,11,0,0	25265	65	2697	139424	55274	68238	146519,146715,148565,118223,116668,116617,116617	18	137	25208,28210,63296,69435,5085,0,0	152	31333
125369	4474	6802	7270	603	573	46	24	24	31099	818	1644	504	2016	142	273	15953	2809	16983	0,0,86,12,0,0	25915	83	2651	140497	56866	68321	146848,147037,148878,119637,117989,117930,117930	18	146	25208,28210,63306,71616,5499,0,0	140	30514
124713	4393	6617	7346	601	565	42	27	25	31952	818	1647	492	1856	152	228	15989	2701	16890	0,0,85,13,0,0	26263	80	2554	141516	58419	68401	147148,147336,149169,121002,119255,119188,119188	18	123	25208,28210,63309,73708,5918,0,0	140	29743
124184	4336	6472	7241	605	579	43	27	25	32765	818	1651	519	1891	165	242	15528	2610	16693	0,0,84,14,0,0	25870	92	2529	142476	59997	68493	147377,147566,149388,122301,120453,120379,120379	18	153	25208,28210,63312,75719,6367,0,0	140	29003
124049	4040	6262	7140	578	560	45	28	24	33540	818	1662	520	1991	177	245	15107	2516	16137	0,0,84,15,0,0	32503	82	2166	143303	61354	68575	147493,147685,149504,123368,121412,121331,121331	18	151	25208,28210,63317,77462,6741,0,0	169	28349
123944	3740	6130	7000	559	569	45	28	23	34224	820	1664	510	1927	155	222	14857	2433	15638	0,0,83,16,0,0	32997	82	2133	144103	62701	68657	147579,147768,149587,124404,122346,122256,122256	18	126	25208,28210,63325,79087,7191,0,0	160	27703
123703	3797	5876	6752	571	554	45	29	23	34907	822	1667	499	1997	181	228	14519	2358	15266	0,0,82,17,0,0	25001	68	2328	144938	64205	68725	147736,147928,149735,125576,123410,123312,123312	17	118	25208,28210,63331,80847,7691,0,0	147	27074
123617	3825	5591	6626	533	526	46	29	17	35441	825	1670	469	1980	145	210	14620	2342	14834	0,0,81,18,0,0	24797	60	2217	145759	65609	68785	147846,148036,149838,126650,124385,124275,124275	17	116	25208,28210,63338,82481,8192,0,0	150	26440
123808	3592	5504	6382	555	505	48	28	18	35802	829	1675	482	1905	150	199	14575	2279	14335	0,0,80,19,0,0	24593	57	1990	146496	66878	68842	147892,148079,149880,127589,125220,125098,125098	17	103	25208,28210,63342,83963,8635,0,0	133	25869
124196	3310	5407	6206	556	490	38	24	20	35988	832	1679	470	1879	114	206	14261	2184	13847	0,0,79,20,0,0	24400	55	1896	147188	68094	68897	147860,148048,149846,128472,125991,125857,125857	16	99	25208,28210,63346,85323,9116,0,0	124	25317
124446	3318	5121	6036	535	495	43	28	20	36187	834	1683	484	1870	127	217	13652	2079	13497	0,0,77,21,0,0	24023	41	1988	147895	69385	68938	147870,148059,149855,129395,126809,126663,126663	16	100	25208,28210,63348,86676,9676,0,0	119	24763
125130	3046	4816	5819	510	478	51	30	18	36324	837	1687	482	2032	135	192	12992	1934	12816	0,0,77,22,0,0	31167	51	1592	148462	70429	68989	147748,147935,149741,130086,127390,127231,127231	16	105	25208,28210,63349,87796,10104,0,0	130	24305
125884	2681	4693	5631	486	433	43	29	16	36321	838	1691	453	2028	121	202	12910	1882	12114	0,0,75,23,0,0	30501	62	1489	149002	71389	69051	147643,147831,149647,130719,127918,127744,127744	15	89	25208,28210,63350,88796,10530,0,0	133	23895
126420	2769	4435	5380	464	416	41	32	17	36241	838	1693	467	1832	98	196	13118	1867	11670	0,0,74,25,0,0	23484	66	1714	149649	72465	69117	147598,147787,149605,131496,128593,128404,128404	15	82	25208,28210,63351,89919,11057,0,0	128	23396
127072	2704	4165	5148	454	405	40	30	17	36176	841	1694	482	1971	99	159	12612	1701	11245	0,0,73,26,0,0	22914	68	1547	150169	73503	69185	147485,147674,149496,132144,129139,128936,128936	14	78	25208,28210,63351,90913,11548,0,0	124	22992
127836	2533	4041	4937	421	405	37	26	14	35953	847	1696	498	1845	106	172	12776	1634	10766	0,0,72,27,0,0	23153	42	1483	150683	74487	69227	147346,147536,149360,132749,129646,129427,129427	14	90	25208,28210,63352,91868,12003,0,0	116	22598
128755	2460	3863	4757	390	392	45	28	17	35495	847	1697	511	1994	121	151	12647	1599	10336	0,0,70,29,0,0	23113	46	1392	151175	75391	69273	147157,147352,149187,133297,130088,129852,129852	13	99	25208,28210,63355,92718,12488,0,0	118	22198
129729	2366	3644	4592	383	361	47	26	18	35031	848	1701	516	1966	107	162	12028	1602	9817	0,0,69,30,0,0	22683	50	1315	151628	76267	69323	146968,147166,149007,133799,130493,130239,130239	12	71	25208,28210,63358,93490,12976,0,0	131	21851
130722	2151	3544	4277	355	342	44	18	21	34712	853	1707	510	1968	118	125	11855	1492	9239	0,0,67,31,0,0	30017	52	1161	152013	77050	69375	146749,146952,148806,134205,130806,130534,130534	12	70	25208,28210,63359,94184,13382,0,0	128	21525
131909	1976	3355	4014	377	326	43	18	21	34143	854	1710	508	1952	85	127	11633	1460	8649	0,0,66,33,0,0	29917	49	1091	152377	77780	69424	146496,146699,148572,134572,131080,130787,130787	11	58	25208,28210,63360,94832,13777,0,0	123	21230
133089	1855	3169	3868	352	313	37	17	20	33456	857	1713	522	1904	86	141	11395	1363	8248	0,0,65,34,0,0	21496	48	1082	152727	78516	69472	146246,146451,148339,134923,131342,131026,131026	11	51	25208,28210,63363,95391,14230,0,0	115	20966
134234	1810	2950	3685	321	298	33	17	21	32803	858	1716	552	1957	73	154	11083	1287	7827	0,0,64,35,0,0	21565	30	1070	153089	79229	69502	146012,146222,148121,135268,131598,131261,131261	10	70	25208,28210,63365,95979,14653,0,0	104	20683
135483	1730	2723	3510	300	299	30	16	18	32060	859	1718	517	1994	67	113	10424	1163	7445	0,0,63,36,0,0	20707	23	947	153375	79898	69525	145726,145941,147848,135543,131788,131427,131427	9	51	25208,28210,63365,96464,15058,0,0	114	20464
136651	1645	2583	3295	282	271	28	17	20	31373	861	1720	517	1919	76	133	10083	1099	7022	0,0,61,38,0,0	20462	24	925	153677	80529	69549	145454,145673,147595,135806,131974,131591,131591	9	50	25208,28210,63366,96928,15480,0,0	88	20219
137850	1561	2463	3132	270	272	28	21	19	30543	863	1724	547	1956	57	100	9386	1026	6721	0,0,59,40,0,0	19877	29	884	153954	81144	69578	145173,145390,147324,136045,132139,131732,131732	9	52	25208,28210,63369,97350,15887,0,0	87	20000
139203	1396	2339	2919	264	261	24	20	20	29706	863	1731	555	1980	64	103	8657	931	6292	0,0,57,41,0,0	27330	30	757	154182	81678	69608	144838,145053,147003,136209,132222,131793,131793	9	46	25208,28210,63370,97705,16253,0,0	84	19818
140406	1281	2269	2756	231	226	20	17	17	28923	866	1734	554	1987	61	116	8422	874	5926	0,0,55,43,0,0	27097	25	777	154424	82216	69633	144557,144772,146739,136387,132329,131877,131877	8	61	25208,28210,63370,98041,16657,0,0	79	19624
141339	1423	2143	2647	244	237	20	20	17	28052	866	1738	540	1987	68	89	7560	797	5937	0,0,53,45,0,0	18262	15	974	154765	82855	69648	144368,144585,146565,136709,132586,132111,132111	8	59	25208,28210,63371,98448,17175,0,0	74	19355
142433	1511	2064	2535	235	220	19	17	19	27080	868	1745	538	1980	67	103	6586	754	5847	0,0,52,47,0,0	16994	8	885	155060	83448	69656	144110,144326,146321,136945,132759,132258,132258	8	50	25208,28210,63375,98792,17659,0,0	67	19116
143514	1467	2150	2403	220	202	19	15	18	26122	868	1748	535	1923	53	94	5891	674	5802	0,0,49,49,0,0	16295	3	869	155325	84060	69659	143866,144082,146095,137168,132915,132391,132391	7	51	25208,28210,63376,99128,18151,0,0	60	18917
144563	1477	2123	2302	218	212	17	15	18	25179	871	1751	558	1935	53	83	4962	607	5757	0,0,47,51,0,0	15621	6	871	155577	84681	69665	143621,143837,145865,137384,133071,132522,132522	7	50	25208,28210,63377,99444,18653,0,0	57	18731
145507	1450	2112	2261	236	212	16	14	20	24293	872	1753	544	1982	64	87	4399	535	5766	0,0,45,54,0,0	14888	8	856	155850	85267	69673	143398,143613,145653,137607,133242,132668,132668	7	47	25208,28210,63378,99727,19179,0,0	54	18511
146483	1310	2125	2253	223	226	17	13	21	23449	872	1754	545	1982	60	90	3643	519	5648	0,0,43,56,0,0	23201	5	721	156067	85777	69678	143162,143376,145434,137774,133356,132760,132760	6	47	25208,28210,63378,99971,19626,0,0	55	18339
147346	1305	2059	2247	219	227	16	16	19	22666	872	1754	558	2010	66	89	3000	472	5617	0,0,42,57,0,0	22483	10	794	156316	86330	69688	142953,143168,145241,137970,133508,132886,132886	6	49	25208,28210,63378,100232,20112,0,0	63	18144
148101	1371	2004	2214	222	215	22	12	20	21934	873	1758	552	1995	55	109	2294	474	5586	0,0,40,59,0,0	12627	4	849	156600	86898	69692	142773,142991,145072,138206,133704,133058,133058	5	36	25208,28210,63378,100474,20676,0,0	66	17920
148793	1472	1978	2158	205	214	19	13	19	21238	873	1764	555	1929	39	96	1544	425	5634	0,0,38,61,0,0	12004	24	901	156884	87523	69716	142614,142831,144923,138456,133920,133247,133247	5	46	25208,28210,63378,100718,21288,0,0	62	17694
149450	1502	2020	2103	216	200	19	13	17	20566	874	1766	554	1939	55	108	1356	420	5653	0,0,36,63,0,0	11446	19	866	157151	88129	69735	142460,142678,144774,138695,134125,133426,133426	5	37	25208,28210,63378,100929,21898,0,0	70	17497
150098	1535	2045	2108	221	208	20	13	15	19841	875	1767	552	2028	55	74	1317	409	5741	0,0,34,65,0,0	11379	20	887	157401	88769	69755	142296,142516,144620,138930,134325,133602,133602	5	49	25208,28210,63378,101143,22526,0,0	60	17309
150646	1525	2110	2143	199	201	22	15	14	19227	876	1768	562	1955	60	87	1280	401	5814	0,0,32,67,0,0	11442	13	905	157681	89399	69768	142170,142387,144498,139194,134564,133815,133815	4	38	25208,28210,63378,101356,23180,0,0	68	17089
151323	1427	2144	2124	189	197	21	13	15	18644	876	1773	582	1973	48	84	1263	389	5726	0,0,31,68,0,0	20845	18	764	157917	89938	69786	141997,142218,144334,139393,134732,133957,133957	4	33	25208,28210,63378,101529,23742,0,0	70	16897
151986	1307	2143	2153	195	195	24	14	11	18067	876	1775	554	1948	61	79	1252	392	5639	0,0,29,70,0,0	20490	14	731	158155	90437	69800	141827,142046,144173,139582,134896,134093,134093	4	50	25208,28210,63378,101701,24270,0,0	71	16705
152445	1409	2093	2155	185	200	26	13	11	17552	878	1779	582	1970	58	89	1246	384	5697	0,0,27,72,0,0	11400	28	911	158413	91095	69828	141718,141933,144068,139822,135116,134285,134285	4	49	25208,28210,63378,101865,24979,0,0	72	16494
152817	1489	2005	2179	200	218	22	9	13	17135	879	1780	587	1972	51	87	1245	389	5733	0,0,26,73,0,0	11361	0	875	158687	91701	69828	141637,141855,143992,140082,135363,134505,134505	4	40	25208,28210,63379,102035,25654,0,0	71	16286
153254	1466	2105	2106	183	231	17	5	11	16701	882	1785	593	1999	56	109	1263	389	5724	0,0,25,74,0,0	11302	0	879	158939	92337	69828	141545,141763,143903,140321,135590,134704,134704	4	42	25208,28210,63379,102202,26334,0,0	63	16091
153717	1444	2113	2140	192	229	18	5	12	16206	882	1788	566	2040	65	101	1251	404	5737	0,0,24,75,0,0	11449	0	840	159194	92925	69828	141423,141644,143789,140542,135800,134885,134885	4	55	25208,28210,63380,102340,27000,0,0	60	15890
154146	1428	2047	2190	215	211	18	10	12	15795	882	1792	564	1935	64	104	1273	404	5715	0,0,22,77,0,0	11335	0	825	159454	93494	69828	141326,141547,143699,140774,136024,135077,135077	4	45	25208,28210,63380,102457,27662,0,0	63	15694
154588	1388	2039	2175	223	217	14	11	12	15401	884	1794	603	1923	45	82	1262	409	5658	0,0,21,78,0,0	20688	0	773	159648	94082	69828	141194,141414,143571,140948,136190,135213,135213	4	60	25208,28210,63380,102559,28302,0,0	68	15524
155035	1269	2074	2129	209	210	13	11	10	15101	886	1799	598	1962	60	94	1279	381	5534	0,0,19,80,0,0	20549	0	709	159848	94598	69828	141069,141290,143451,141099,136340,135332,135332	4	48	25208,28210,63380,102642,28892,0,0	69	15360
155346	1288	1998	2160	223	216	16	9	9	14789	887	1805	586	2007	68	103	1294	401	5509	0,0,18,81,0,0	11467	0	820	160094	95177	69828	140983,141206,143374,141311,136555,135515,135515	4	36	25208,28210,63380,102757,29564,0,0	58	15168
155619	1363	1925	2125	221	205	16	7	7	14560	889	1809	585	2015	69	123	1358	434	5428	0,0,18,81,0,0	11447	0	817	160310	95788	69828	140903,141124,143294,141522,136767,135697,135697	4	56	25208,28210,63380,102867,30242,0,0	58	14999
155869	1310	1937	2093	225	215	18	8	7	14363	889	1812	571	2024	59	87	1365	445	5361	0,0,16,83,0,0	11469	0	776	160526	96355	69828	140817,141040,143209,141715,136966,135864,135864	4	39	25208,28210,63380,102954,30912,0,0	55	14833
156122	1323	1957	2020	209	195	17	8	5	14186	889	1815	602	1903	50	96	1384	430	5299	0,0,15,84,0,0	11349	0	797	160720	96966	69828	140725,140949,143121,141898,137161,136024,136024	4	37	25208,28210,63380,103037,31600,0,0	48	14673
156348	1302	1962	2025	209	202	20	8	6	13957	889	1818	618	1970	47	76	1353	415	5313	0,0,14,85,0,0	11479	0	768	160912	97546	69828	140635,140859,143032,142079,137355,136186,136186	4	32	25208,28210,63380,103105,32265,0,0	49	14507
156685	1220	1912	2029	192	192	21	7	6	13771	889	1822	626	1961	62	93	1338	401	5172	0,0,13,86,0,0	20631	0	656	161101	98018	69828	140535,140756,142934,142225,137510,136308,136308	4	43	25208,28210,63380,103165,32830,0,0	62	14356
157042	1183	1834	2044	190	184	21	4	8	13521	890	1825	622	2013	45	88	1324	407	5053	0,0,13,86,0,0	20437	0	677	161246	98553	69828	140405,140622,142808,142342,137637,136401,136401	4	44	25208,28210,63380,103215,33417,0,0	64	14236
157244	1209	1812	1976	176	181	18	4	9	13397	891	1829	627	2045	48	83	1283	368	5008	0,0,12,87,0,0	11498	0	753	161457	99104	69828	140331,140546,142738,142529,137836,136569,136569	4	31	25208,28210,63380,103274,34084,0,0	69	14070
157453	1228	1750	1977	160	181	18	4	8	13244	891	1832	627	1984	53	81	1261	361	4957	0,0,11,88,0,0	11411	0	714	161648	99631	69828	140251,140468,142658,142699,138019,136722,136722	4	38	25208,28210,63380,103317,34715,0,0	60	13916
157676	1200	1739	1935	171	179	21	6	7	13085	891	1836	609	1966	49	69	1247	352	4899	0,0,10,89,0,0	11418	0	707	161808	100183	69828	140173,140391,142582,142842,138179,136849,136849	3	29	25208,28210,63380,103367,35344,0,0	56	13793
157938	1187	1769	1876	200	173	22	6	7	12836	892	1840	636	1949	33	79	1210	346	4887	0,0,9,90,0,0	11266	0	720	161972	100740	69828	140091,140310,142505,142988,138344,136978,136978	3	32	25208,28210,63380,103412,35993,0,0	52	13661
158149	1189	1758	1835	185	171	18	7	8	12686	892	1848	630	1975	51	89	1158	325	4838	0,0,8,91,0,0	11214	0	701	162136	101281	69828	140012,140231,142431,143136,138518,137115,137115	3	36	25208,28210,63380,103442,36635,0,0	51	13533
158505	1090	1724	1793	177	163	20	7	8	12510	893	1856	633	2041	38	74	1122	319	4655	0,0,8,91,0,0	20368	0	575	162279	101719	69828	139892,140114,142321,143235,138634,137193,137193	3	37	25208,28210,63380,103482,37150,0,0	53	13417
158842	961	1695	1768	170	159	16	7	7	12371	893	1857	627	2008	36	72	1092	307	4469	0,0,7,92,0,0	20513	0	525	162413	102114	69828	139781,140005,142219,143313,138733,137256,137256	3	34	25208,28210,63380,103515,37613,0,0	57	13311
159103	955	1600	1771	181	178	16	7	7	12174	893	1861	606	1948	33	75	1086	315	4393	0,0,7,92,0,0	11150	0	609	162581	102561	69828	139686,139909,142129,143428,138874,137358,137358	3	26	25208,28210,63380,103546,38174,0,0	46	13172
159317	1011	1496	1738	175	174	14	6	8	12049	893	1865	598	1953	44	83	1074	311	4303	0,0,6,93,0,0	11193	0	614	162722	103037	69828	139601,139827,142050,143538,139011,137458,137458	3	28	25208,28210,63380,103562,38746,0,0	44	13059
159600	998	1426	1710	185	159	10	4	9	11882	893	1870	605	1947	36	82	1055	308	4184	0,0,6,93,0,0	11189	0	554	162849	103466	69828	139499,139726,141951,143619,139119,137528,137528	3	33	25208,28210,63380,103573,39265,0,0	41	12955
159877	905	1475	1608	178	150	18	7	6	11756	893	1873	634	2045	44	64	1025	288	4053	0,0,5,94,0,0	11265	0	534	162967	103885	69828	139382,139609,141836,143699,139220,137593,137593	3	23	25208,28210,63380,103593,39753,0,0	36	12862
160161	901	1416	1539	188	152	16	4	6	11591	895	1877	647	1982	29	74	1017	289	3927	0,0,5,94,0,0	11227	0	539	163099	104295	69828	139287,139515,141748,143772,139318,137655,137655	3	31	25208,28210,63380,103609,40245,0,0	44	12764
160524	841	1358	1524	172	154	16	4	5	11372	895	1881	643	2070	40	61	993	271	3798	0,0,4,95,0,0	20431	0	452	163216	104635	69828	139168,139398,141636,143815,139386,137682,137682	3	25	25208,28210,63380,103618,40669,0,0	44	12668
160849	741	1343	1487	156	147	20	7	5	11213	895	1883	627	2000	29	71	978	288	3613	0,0,4,95,0,0	20366	0	434	163324	104965	69828	139051,139282,141526,143849,139447,137704,137704	2	25	25208,28210,63380,103628,41073,0,0	46	12576
161122	777	1247	1431	146	137	17	11	2	11069	895	1892	644	1830	28	73	963	283	3483	0,0,4,95,0,0	10986	0	480	163438	105335	69828	138942,139173,141423,143889,139520,137739,137739	2	19	25208,28210,63380,103643,41518,0,0	45	12483
161516	750	1143	1353	158	152	16	11	4	10851	895	1897	650	2055	49	51	925	255	3328	0,0,3,96,0,0	11057	0	412	163528	105660	69828	138797,139031,141287,143905,139563,137742,137742	2	25	25208,28210,63380,103652,41902,0,0	55	12406
161904	673	1128	1279	151	148	17	13	4	10630	896	1903	624	1933	28	82	964	299	3110	0,0,3,96,0,0	10906	0	392	163625	105956	69828	138668,138904,141163,143917,139603,137743,137743	2	11	25208,28210,63380,103660,42267,0,0	55	12328
162268	628	1062	1250	129	130	15	10	6	10447	896	1905	633	2012	19	50	925	259	2965	0,0,3,96,0,0	11146	0	347	163694	106239	69828	138529,138767,141030,143908,139620,137725,137725	2	12	25208,28210,63380,103670,42595,0,0	49	12270
162610	606	1008	1198	119	136	13	8	7	10233	897	1911	632	2062	21	54	876	233	2855	0,0,3,96,0,0	11016	0	356	163780	106515	69828	138399,138639,140907,143917,139656,137724,137724	2	20	25208,28210,63380,103680,42925,5,0	37	12205
163075	542	890	1172	122	133	10	7	7	9977	897	1914	642	1978	18	54	836	213	2663	0,0,3,96,0,0	20206	0	267	163835	106730	69828	138239,138478,140758,143877,139643,137672,137672	2	10	25208,28210,63380,103682,43178,7,0	39	12159
163531	467	876	1056	118	118	12	8	4	9740	899	1917	661	1948	24	54	801	198	2457	0,0,2,96,0,0	20168	0	264	163893	106940	69828	138085,138327,140613,143844,139632,137625,137625	1	8	25208,28210,63380,103683,43424,9,0	35	12108
163930	429	788	1001	107	115	11	7	5	9536	900	1917	659	1921	24	48	766	192	2266	0,0,2,97,0,0	10847	0	253	163946	107146	69828	137936,138178,140471,143802,139612,137570,137570	1	14	25208,28210,63380,103687,43652,15,0	31	12066
164344	417	722	925	98	114	6	7	5	9288	900	1920	636	2048	16	39	731	178	2111	0,0,2,97,0,0	10981	0	244	164001	107341	69828	137784,138025,140324,143764,139598,137520,137520	1	14	25208,28210,63380,103688,43877,20,0	32	12022
164717	398	637	881	106	110	4	7	5	9053	901	1927	677	2024	17	43	694	170	1973	0,0,1,96,1,0	10769	0	227	164043	107532	69828	137634,137878,140183,143720,139575,137465,137465	1	15	25208,28210,63380,103694,44084,26,0	26	11987
165137	361	592	825	86	97	4	6	4	8800	902	1932	662	2058	18	53	665	165	1806	0,0,1,96,1,0	10876	0	188	164097	107674	69828	137484,137730,140040,143666,139540,137399,137399	1	10	25208,28210,63380,103695,44256,33,0	23	11945
165580	300	576	741	81	77	5	5	7	8533	902	1939	650	1982	17	42	652	157	1628	0,0,1,96,2,0	10625	0	163	164140	107801	69828	137324,137570,139887,143599,139494,137319,137319	1	3	25208,28210,63380,103697,44399,44,0	18	11910
166046	290	513	691	69	77	5	4	7	8198	902	1944	629	1874	8	20	586	146	1503	0,0,1,95,2,0	20104	0	145	164173	107919	69828	137172,137417,139743,143521,139440,137228,137228	1	13	25208,28210,63380,103698,44530,53,0	22	11884
166519	245	462	621	78	67	6	3	7	7889	902	1947	625	1920	7	32	566	137	1345	0,0,1,94,3,0	20194	0	123	164207	108012	69828	137013,137257,139592,143442,139381,137135,137135	1	6	25208,28210,63380,103699,44640,63,0	17	11857
166974	217	415	564	67	64	4	3	5	7579	902	1952	631	1929	8	29	531	119	1215	0,0,1,94,4,0	10583	0	120	164225	108119	69828	136836,137083,139424,143347,139306,137028,137028	1	2	25208,28210,63380,103701,44746,70,0	16	11842
167381	214	379	525	49	41	5	4	4	7287	902	1955	648	2126	12	27	491	98	1119	0,0,1,93,4,0	10533	0	125	164247	108226	69828	136677,136924,139271,143261,139238,136931,136931	0	7	25208,28210,63380,103703,44854,79,0	14	11824
167766	205	330	501	38	46	6	3	5	6984	902	1960	647	1827	3	8	439	82	1047	0,0,1,93,5,0	10419	0	109	164272	108315	69828	136520,136764,139119,143176,139173,136837,136837	0	2	25208,28210,63380,103703,44952,89,0	12	11803
168162	186	321	433	34	49	5	3	6	6682	902	1963	658	1946	4	14	380	63	968	0,0,1,92,6,0	10621	0	110	164296	108405	69828	136364,136608,138970,143087,139102,136738,136738	0	2	25208,28210,63380,103704,45040,99,0	14	11781
168581	173	277	394	35	50	4	4	5	6351	902	1970	654	1812	9	28	351	70	867	0,0,1,91,6,0	10598	0	85	164312	108481	69828	136196,136440,138809,142989,139022,136629,136628	0	3	25208,28210,63380,103706,45115,108,0	17	11766
169010	141	270	370	30	35	3	3	4	6004	903	1973	648	1986	9	23	328	65	787	0,0,1,90,7,0	19712	0	71	164333	108536	69828	136037,136282,138658,142897,138947,136524,136523	0	8	25208,28210,63380,103707,45177,119,0	16	11747
169388	131	219	343	32	42	3	2	5	5702	904	1975	660	2008	4	13	283	68	704	0,0,1,89,9,0	19692	0	56	164347	108583	69828	135893,136139,138521,142804,138869,136420,136420	0	3	25208,28210,63380,103708,45225,129,0	12	11736
169732	121	199	304	26	42	4	2	2	5428	904	1982	691	2025	3	14	255	67	631	0,0,1,88,10,0	10261	0	67	164362	108637	69828	135739,135984,138373,142702,138781,136309,136308	0	1	25208,28210,63380,103710,45272,141,0	11	11723
170070	115	179	271	24	39	6	1	3	5149	904	1985	665	1976	7	17	245	62	573	0,0,2,85,11,0	10312	0	63	164372	108694	69828	135590,135836,138231,142604,138697,136203,136202	0	3	25208,28210,63380,103712,45321,155,0	10	11714
170425	112	186	235	25	36	5	1	4	4826	904	1987	639	1766	0	12	226	63	537	0,0,1,83,14,0	10348	0	61	164384	108753	69828	135442,135688,138090,142506,138614,136095,136094	0	1	25208,28210,63380,103712,45369,174,0	8	11706
170727	117	166	213	30	29	4	1	3	4561	904	1991	617	1719	4	6	196	46	514	0,0,1,81,17,0	10254	0	65	164400	108807	69828	135297,135543,137950,142416,138536,135996,135995	0	3	25208,28210,63380,103712,45412,194,0	8	11692
171031	98	151	205	19	25	4	1	3	4309	904	1996	616	1730	1	7	177	41	462	0,0,1,79,18,0	10221	0	40	164412	108839	69828	135153,135400,137812,142317,138451,135889,135888	0	0	25208,28210,63380,103713,45441,207,0	8	11682
171339	75	157	181	19	18	5	1	4	4043	904	2000	613	2034	6	10	173	37	419	0,0,0,78,20,0	19642	0	38	164428	108865	69828	135023,135271,137690,142223,138368,135786,135784	0	3	25208,28210,63380,103713,45468,220,0	6	11668
171615	64	133	177	17	14	5	2	3	3805	904	2007	624	1928	2	7	167	36	376	0,0,0,76,22,0	19530	0	32	164433	108895	69828	134891,135139,137562,142128,138283,135683,135681	0	2	25208,28210,63380,103713,45490,231,0	13	11664
171873	52	121	164	11	16	5	1	3	3581	905	2014	626	1979	1	12	149	35	335	0,0,0,74,24,0	10352	0	31	164440	108920	69828	134751,134999,137426,142025,138190,135573,135570	0	4	25208,28210,63380,103713,45508,244,0	13	11658
172087	77	109	150	13	15	4	1	3	3365	905	2017	631	1796	3	7	130	30	339	0,0,0,72,26,0	10185	0	66	164454	108975	69828	134623,134871,137302,141939,138113,135480,135478	0	3	25208,28210,63380,103713,45550,267,0	10	11645
172288	103	98	133	10	16	3	1	3	3165	905	2021	654	1839	4	4	119	26	338	0,0,0,71,28,0	10091	0	55	164468	109020	69828	134498,134747,137180,141851,138035,135388,135385	0	4	25208,28210,63380,103713,45586,288,0	7	11634
172467	115	103	132	14	13	4	1	3	2962	905	2027	653	1937	3	7	109	28	354	0,0,0,67,32,0	10260	0	60	164484	109070	69828	134387,134635,137072,141770,137964,135303,135300	0	2	25208,28210,63380,103713,45618,318,0	8	11622
172642	115	131	118	14	12	4	2	3	2771	905	2029	644	1785	3	5	99	26	370	0,0,0,65,34,0	10153	0	63	164493	109128	69828	134269,134518,136958,141683,137887,135212,135208	0	2	25208,28210,63380,103713,45654,347,0	10	11613
172831	98	150	126	10	7	2	2	3	2581	905	2031	674	1841	0	7	93	21	374	0,0,0,63,36,0	19499	0	47	164501	109173	69828	134154,134404,136848,141600,137812,135123,135119	0	3	25208,28210,63380,103713,45681,371,0	9	11607
173010	91	164	123	10	11	0	2	3	2392	905	2035	682	1793	3	4	89	14	387	0,0,0,59,40,0	19483	0	51	164514	109214	69828	134044,134295,136743,141518,137740,135037,135032	0	3	25208,28210,63380,103713,45705,400,0	8	11598
173136	105	164	133	9	19	0	2	3	2231	905	2039	704	1887	4	5	82	17	415	0,0,0,56,43,0	10126	0	75	164535	109272	69828	133938,134188,136640,141446,137677,134963,134957	0	3	25208,28210,63380,103713,45739,443,0	7	11580
173229	128	145	165	8	19	0	1	4	2102	905	2040	711	2061	8	7	81	20	446	0,0,0,53,46,0	10072	0	80	164550	109340	69828	133837,134088,136541,141373,137610,134887,134881	0	3	25208,28210,63380,103713,45775,485,0	4	11566
173323	134	172	159	12	15	0	0	4	1980	905	2042	681	1756	2	7	84	27	465	0,0,0,51,48,0	10183	0	82	164571	109409	69828	133739,133989,136442,141308,137553,134820,134814	0	7	25208,28210,63380,103713,45810,534,0	4	11547
173435	146	181	166	15	17	0	0	4	1829	905	2048	677	1998	2	9	82	31	494	0,0,0,47,52,0	10179	0	89	164592	109480	69828	133636,133887,136342,141243,137497,134754,134747	0	4	25208,28210,63380,103713,45840,595,0	8	11528
173508	154	188	163	16	18	0	0	3	1737	905	2054	693	1842	8	2	77	20	519	0,0,0,46,53,0	10236	0	78	164608	109548	69828	133545,133796,136252,141172,137433,134682,134674	0	5	25208,28210,63380,103713,45872,642,0	6	11517
173565	139	208	174	17	22	0	1	3	1653	905	2059	696	1883	11	13	89	35	526	0,0,0,44,55,0	19530	0	80	164627	109616	69828	133461,133714,136170,141113,137382,134623,134614	0	5	25208,28210,63380,103713,45904,691,0	5	11502
173613	142	209	186	19	17	0	1	3	1590	905	2061	713	1839	7	9	99	36	538	0,0,0,42,57,0	19631	0	80	164650	109682	69828	133379,133630,136090,141058,137334,134568,134559	0	3	25208,28210,63380,103713,45933,746,0	4	11480
173667	162	208	207	16	15	0	1	2	1496	905	2067	690	1781	1	10	107	37	572	0,0,0,40,59,0	10352	0	101	164668	109772	69828	133285,133537,135997,141003,137286,134511,134501	0	3	25208,28210,63380,103713,45961,822,0	6	11466
