S	E	I1	I2	I3	I4	I5_h	I6_h	R_h	R	D1	D2	H	T	P1	P2	Q	QT	NQ	MUT	HOM	VAC	NI	INF	REINF	BSTR	IMM	HCI	HCE	INFV	INFH	VNI
178126	95	113	60	47	47	4	2	0	251	1	0	220	0	0	0	57	57	311	0,0,0,0,0,0	178745	0	0	368	0	0	620,620,620,620,620,620,620	0	0	0,0,0,0,0,0,0	0	0
178086	63	182	60	40	38	4	2	0	269	1	1	312	264	2	77	125	62	327	0,0,0,0,0,0	12594	0	56	425	0	0	660,660,660,660,660,660,660	0	2	57,0,0,0,0,0,0	8	0
178006	86	198	81	48	35	4	3	0	280	1	4	419	89	1	8	165	65	390	0,0,0,0,0,0	12739	0	90	516	0	0	742,742,742,742,742,742,742	0	7	148,0,0,0,0,0,0	8	0
177926	108	210	96	52	45	8	2	1	292	1	5	511	267	0	11	216	82	439	0,0,0,0,0,0	12983	0	91	607	0	0	824,824,824,824,824,824,824	0	8	239,0,0,0,0,0,0	8	0
177850	118	225	96	53	51	9	2	1	326	2	13	563	98	0	18	316	97	457	0,0,0,0,0,0	24809	0	79	686	0	0	903,903,903,903,903,903,903	0	4	318,0,0,0,0,0,0	10	0
177771	117	240	105	55	59	9	3	1	367	3	16	611	107	1	19	465	133	455	0,0,0,0,0,0	25132	0	85	772	0	0	983,983,983,983,983,983,983	0	10	404,0,0,0,0,0,0	13	0
177684	129	250	110	55	70	8	2	1	413	4	20	635	230	0	28	678	180	444	0,0,0,0,0,0	13266	0	93	866	0	0	1074,1074,1074,1074,1074,1074,1074	0	15	498,0,0,0,0,0,0	17	0
177600	133	263	133	62	73	9	3	1	439	4	26	635	240	0	23	1056	218	458	0,0,0,0,0,0	13621	0	97	963	0	0	1163,1163,1163,1162,1162,1162,1162	0	4	595,0,0,0,0,0,0	17	0
177539	140	251	151	70	88	7	3	2	464	4	27	651	77	0	20	1226	246	464	0,0,0,0,0,0	13928	0	87	1050	0	0	1234,1233,1233,1232,1232,1232,1232	0	7	682,0,0,0,0,0,0	17	0
177463	147	265	165	63	80	12	5	3	509	4	30	666	256	1	27	1445	272	465	0,0,0,0,0,0	14212	0	99	1149	0	0	1320,1319,1319,1315,1315,1315,1315	0	4	781,0,0,0,0,0,0	18	0
177386	144	284	175	56	78	13	9	2	561	4	34	679	94	2	21	1583	291	468	0,0,0,0,0,0	14381	0	98	1245	2	0	1410,1408,1408,1401,1401,1401,1401	0	12	879,0,0,0,0,0,0	25	0
177312	150	300	164	57	91	12	10	3	606	4	37	704	119	0	16	1652	298	486	0,0,0,0,0,0	26508	0	99	1344	2	0	1494,1492,1492,1483,1483,1483,1483	1	11	978,0,0,0,0,0,0	30	0
177252	134	306	173	64	92	10	9	3	654	5	44	702	235	1	14	1705	294	494	0,0,0,0,0,0	26565	0	87	1431	3	0	1572,1568,1568,1554,1554,1554,1554	1	4	1066,0,0,0,0,0,0	34	0
177177	141	317	182	59	89	14	10	3	702	5	47	728	223	0	24	1811	290	522	0,0,0,0,0,0	14651	0	111	1543	3	0	1670,1664,1664,1646,1646,1646,1646	1	7	1178,0,0,0,0,0,0	32	0
177071	173	322	195	79	98	15	9	4	721	5	54	728	321	0	21	1970	286	605	0,0,0,0,0,0	14860	0	137	1678	5	0	1799,1792,1792,1766,1766,1766,1766	1	9	1315,0,0,0,0,0,0	38	0
176976	181	343	210	87	87	17	10	4	767	6	58	770	274	1	33	1971	300	635	0,0,0,0,0,0	15039	0	129	1807	6	0	1917,1908,1908,1876,1876,1876,1876	1	11	1445,0,0,0,0,0,0	39	0
176908	178	362	210	90	95	18	10	3	806	6	60	741	97	0	17	1962	290	673	0,0,0,0,0,0	15261	0	109	1917	6	0	2007,1996,1996,1958,1958,1958,1958	1	8	1555,0,0,0,0,0,0	44	0
176830	174	389	206	91	94	18	12	3	862	6	61	721	262	1	27	1848	286	698	0,0,0,0,0,0	14989	0	119	2035	7	0	2114,2100,2100,2054,2054,2054,2054	1	11	1674,0,0,0,0,0,0	44	0
176739	202	376	218	106	97	17	12	3	909	6	61	687	266	0	37	1925	298	730	0,0,0,0,0,0	26464	0	135	2169	8	0	2232,2217,2217,2161,2161,2161,2161	1	8	1809,0,0,0,0,0,0	49	0
176653	208	370	238	116	101	16	12	3	954	7	68	676	329	4	28	1826	308	753	0,0,0,0,0,0	26705	0	123	2292	11	0	2351,2332,2332,2266,2266,2266,2266	1	5	1934,0,0,0,0,0,0	43	0
176571	218	378	241	108	106	24	11	3	1004	8	74	684	310	2	36	1947	310	776	0,0,0,0,0,0	14832	0	132	2423	12	0	2470,2448,2448,2369,2369,2369,2369	1	11	2065,0,0,0,0,0,0	46	0
176473	221	400	240	107	115	27	11	4	1059	8	81	670	250	1	42	2318	343	778	0,0,0,0,0,0	14995	0	139	2565	13	0	2608,2582,2582,2489,2489,2489,2489	1	16	2208,0,0,0,0,0,0	50	0
176415	217	404	239	117	119	39	11	4	1089	9	83	654	309	2	48	2811	396	750	0,0,0,0,0,0	15419	0	129	2695	14	0	2720,2689,2689,2579,2579,2579,2579	1	17	2338,0,0,0,0,0,0	63	0
176337	227	421	249	118	119	40	12	3	1123	10	87	681	291	3	51	2948	431	755	0,0,0,0,0,0	15861	0	144	2836	17	0	2852,2815,2815,2686,2686,2686,2686	1	15	2482,0,0,0,0,0,0	81	0
176267	241	424	275	132	114	40	10	3	1142	11	87	638	265	1	27	2974	429	807	0,0,0,0,0,0	15950	0	153	2991	17	0	2991,2948,2948,2794,2794,2794,2794	1	14	2637,0,0,0,0,0,0	80	0
176199	232	424	260	137	118	42	11	5	1214	11	93	621	84	0	31	2807	409	815	0,0,0,0,0,0	27651	0	131	3119	20	0	3114,3065,3065,2890,2890,2890,2890	1	8	2768,0,0,0,0,0,0	83	0
176146	213	454	260	122	119	43	11	4	1268	11	95	627	163	2	44	2972	427	795	0,0,0,0,0,0	27404	0	120	3238	21	0	3225,3170,3170,2976,2976,2976,2976	1	8	2888,0,0,0,0,0,0	82	0
176043	236	463	266	125	121	47	11	5	1315	12	102	639	257	0	42	3386	428	841	0,0,0,0,0,0	16462	0	173	3412	21	0	3392,3331,3331,3114,3114,3114,3114	2	15	3062,0,0,0,0,0,0	82	0
175931	238	471	284	118	138	48	13	6	1381	12	106	649	267	0	43	3632	430	880	0,0,0,0,0,0	16586	0	175	3587	21	0	3558,3492,3492,3255,3255,3255,3255	2	19	3237,0,0,0,0,0,0	92	0
175842	246	466	279	132	143	52	13	6	1442	12	113	664	268	4	48	3945	436	895	0,0,0,0,0,0	16592	0	160	3748	23	0	3716,3643,3643,3381,3381,3381,3381	2	17	3399,0,0,0,0,0,0	95	0
175729	272	472	294	142	146	50	13	7	1495	12	114	632	286	4	50	3993	460	929	0,0,0,0,0,0	16944	0	183	3931	24	0	3894,3814,3814,3528,3528,3528,3528	2	21	3582,0,0,0,0,0,0	100	0
175619	293	479	324	149	145	50	17	8	1531	12	119	605	337	2	49	4028	472	985	0,0,0,0,0,0	16989	0	186	4117	25	0	4074,3987,3987,3675,3675,3675,3675	2	16	3768,0,0,0,0,0,0	97	0
175544	298	511	332	147	147	51	18	9	1555	12	122	586	270	1	41	3478	479	1025	0,0,0,0,0,0	28605	0	176	4296	27	0	4244,4147,4147,3800,3800,3800,3800	2	16	3949,0,0,0,0,0,0	102	0
175442	296	552	331	156	154	53	18	9	1595	13	127	558	228	0	43	3432	508	1052	0,0,0,0,0,0	27923	0	195	4491	29	0	4432,4326,4326,3947,3947,3947,3947	2	19	4145,0,0,0,0,0,0	107	0
175343	304	569	343	165	148	58	18	7	1648	16	127	595	282	2	50	3745	530	1075	0,0,0,0,0,0	16245	0	196	4687	30	0	4614,4500,4500,4090,4090,4090,4090	2	30	4341,0,0,0,0,0,0	97	0
175215	337	569	348	185	151	57	18	8	1713	17	128	583	297	3	58	3904	528	1137	0,0,0,0,0,0	16794	0	219	4906	31	0	4822,4699,4699,4259,4259,4259,4259	2	25	4560,0,0,0,0,0,0	95	0
175137	320	605	361	187	146	61	20	8	1755	17	129	575	266	1	58	3979	550	1150	0,0,0,0,0,0	16700	0	190	5095	32	0	5000,4867,4867,4389,4389,4389,4389	2	19	4749,0,0,0,0,0,0	104	0
175007	322	656	356	167	146	62	25	8	1845	18	134	547	233	1	56	3874	546	1188	0,0,0,0,0,0	16864	0	218	5314	33	0	5212,5070,5070,4562,4562,4562,4562	2	29	4969,0,0,0,0,0,0	109	0
174891	344	646	367	176	166	64	25	9	1900	19	139	536	252	4	48	4043	567	1221	0,0,0,0,0,0	16853	0	220	5534	34	0	5425,5273,5273,4728,4728,4728,4728	3	29	5189,0,0,0,0,0,0	109	0
174809	351	632	373	192	164	64	22	7	1969	22	141	546	240	0	63	3838	591	1207	0,0,0,0,0,0	28563	0	193	5728	34	0	5612,5449,5449,4864,4864,4864,4864	3	15	5383,0,0,0,0,0,0	116	0
174751	314	663	403	190	169	64	24	7	1994	23	144	549	225	5	52	3718	581	1246	0,0,0,0,0,0	28183	0	193	5917	38	0	5792,5617,5617,4985,4985,4985,4985	2	13	5572,0,0,0,0,0,0	124	0
174637	336	693	412	189	173	60	27	8	2041	25	145	578	258	1	65	4017	610	1280	0,0,0,0,0,0	17057	0	255	6174	40	0	6039,5849,5849,5167,5167,5167,5167	3	39	5830,0,0,0,0,0,0	119	0
174510	351	750	411	198	191	58	27	9	2068	26	147	579	275	1	59	4198	624	1362	0,0,0,0,0,0	16989	0	269	6441	44	0	6294,6091,6091,5358,5358,5358,5358	3	40	6098,0,0,0,0,0,0	128	0
174373	394	738	455	194	203	63	29	7	2114	27	149	579	254	4	68	4585	662	1414	0,0,0,0,0,0	17182	0	267	6709	45	0	6552,6335,6335,5556,5556,5556,5556	3	40	6367,0,0,0,0,0,0	126	0
174243	424	738	482	211	211	62	31	6	2159	27	152	560	102	6	72	4417	675	1484	0,0,0,0,0,0	17465	0	278	6986	48	0	6822,6591,6591,5757,5757,5757,5757	4	41	6645,0,0,0,0,0,0	132	0
174119	434	760	476	198	219	67	33	7	2249	29	155	567	310	4	86	4553	692	1495	0,0,0,0,0,0	17097	0	247	7235	49	0	7065,6821,6821,5941,5941,5941,5941	4	25	6894,0,0,0,0,0,0	136	0
173989	420	787	486	204	244	63	34	7	2326	30	156	541	272	4	59	4767	719	1519	0,0,0,0,0,0	28994	0	260	7493	53	0	7315,7058,7058,6132,6132,6132,6132	4	24	7152,0,0,0,0,0,0	148	0
173898	393	800	490	213	262	65	34	7	2393	32	159	483	320	4	71	4987	750	1507	0,0,0,0,0,0	29216	0	230	7725	56	0	7540,7269,7269,6291,6291,6291,6291	4	22	7386,0,0,0,0,0,0	153	0
173737	424	856	516	210	254	63	36	6	2446	34	164	483	334	4	97	5312	821	1538	0,0,0,0,0,0	18250	0	329	8052	58	0	7860,7572,7572,6532,6532,6532,6532	4	37	7714,0,0,0,0,0,0	142	0
173596	438	852	520	225	249	62	34	8	2559	35	168	490	258	1	88	5793	869	1511	0,0,0,0,0,0	18195	0	277	8328	60	0	8127,7826,7826,6735,6735,6735,6735	4	40	7991,0,0,0,0,0,0	134	0
173465	432	897	514	210	251	69	30	9	2657	37	175	482	241	5	49	5644	803	1600	0,0,0,0,0,0	34023	0	284	8612	62	0	8404,8087,8087,6941,6941,6941,6941	4	30	8275,0,0,0,0,0,0	131	0
173347	458	894	555	223	241	66	28	11	2705	39	179	485	278	4	65	5699	809	1656	0,0,0,0,0,0	33913	0	288	8901	64	0	8686,8351,8351,7141,7141,7141,7141	4	28	8566,0,0,0,0,0,0	129	0
173235	445	934	570	236	242	65	24	10	2762	42	181	454	301	7	78	5877	844	1672	0,0,0,0,0,0	34023	0	282	9181	69	0	8957,8605,8605,7332,7332,7332,7332	4	35	8846,0,0,0,0,0,0	128	0
173177	445	885	589	248	269	68	24	10	2805	44	182	468	304	5	61	5909	862	1666	0,0,0,0,0,0	47102	0	240	9420	71	0	9184,8814,8814,7476,7476,7476,7476	4	25	9085,0,0,0,0,0,0	136	0
173057	410	911	583	272	278	70	22	9	2901	47	186	475	263	4	82	6223	908	1638	0,0,0,0,0,0	47647	0	277	9695	75	0	9451,9066,9066,7670,7670,7670,7670	4	28	9360,0,0,0,0,0,0	144	0
172960	421	880	602	256	301	71	30	8	2981	47	189	464	242	2	81	5866	932	1629	0,0,0,0,0,0	34069	0	266	9960	77	0	9708,9305,9305,7846,7846,7846,7846	4	34	9625,0,0,0,0,0,0	140	0
172906	384	889	590	260	294	74	34	9	3066	49	191	477	250	4	104	6118	971	1554	0,0,0,0,0,0	33871	0	259	10217	80	0	9951,9528,9528,7994,7994,7994,7994	4	25	9882,0,0,0,0,0,0	150	0
172838	384	881	615	274	275	82	36	9	3106	52	194	444	248	4	98	6193	1014	1533	0,0,0,0,0,0	33846	0	267	10480	84	0	10203,9761,9761,8154,8154,8154,8154	4	38	10145,0,0,0,0,0,0	161	0
172745	397	870	625	272	278	82	37	11	3179	55	195	431	252	1	83	6056	1012	1549	0,0,0,0,0,0	34348	0	280	10758	89	0	10470,10009,10009,8333,8333,8333,8333	4	35	10423,0,0,0,0,0,0	166	0
172659	400	866	637	268	277	83	39	11	3248	57	201	440	243	6	78	5937	998	1572	0,0,0,0,0,0	33990	0	272	11028	92	0	10733,10253,10253,8507,8507,8507,8507	4	21	10694,0,0,0,0,0,0	160	0
172651	384	839	620	258	285	85	44	11	3309	58	202	438	230	3	58	6002	990	1525	0,0,0,0,0,0	47131	0	217	11241	96	0	10933,10433,10433,8611,8611,8611,8611	4	20	10907,0,0,0,0,0,0	170	0
172611	384	826	606	252	286	83	44	12	3378	60	204	447	256	5	75	5937	970	1511	0,0,0,0,0,0	46643	0	254	11495	99	0	11175,10653,10653,8752,8752,8752,8752	4	27	11161,0,0,0,0,0,0	179	0
172588	365	833	607	254	279	78	51	12	3411	61	207	424	301	4	84	6338	942	1525	0,0,0,0,0,0	34216	0	245	11737	102	0	11404,10859,10859,8878,8878,8878,8878	4	31	11403,0,0,0,0,0,0	173	0
172566	355	817	572	250	266	84	52	11	3499	64	210	434	223	4	74	6259	923	1473	0,0,0,0,0,0	34421	0	217	11953	104	0	11606,11042,11042,8987,8987,8987,8987	4	26	11619,0,0,0,0,0,0	170	0
172525	371	770	582	253	271	84	52	12	3548	65	213	452	166	3	71	6470	883	1500	0,0,0,0,0,0	34159	0	252	12202	108	0	11843,11258,11258,9126,9126,9126,9126	4	32	11868,0,0,0,0,0,0	176	0
172485	379	772	566	257	279	85	51	11	3577	68	216	441	237	5	87	6639	882	1507	0,0,0,0,0,0	34446	0	250	12454	109	0	12083,11477,11477,9265,9265,9265,9265	5	33	12120,0,0,0,0,0,0	171	0
172427	402	776	547	236	268	81	48	10	3659	71	221	432	262	3	96	6314	895	1463	0,0,0,0,0,0	34419	0	253	12708	110	0	12328,11701,11701,9414,9414,9414,9414	5	28	12374,0,0,0,0,0,0	173	0
172437	400	756	536	224	267	76	48	12	3693	74	223	425	313	5	63	5903	854	1453	0,0,0,0,0,0	47132	0	224	12929	113	0	12535,11885,11885,9512,9512,9512,9512	5	20	12595,0,0,0,0,0,0	154	0
172457	366	739	515	232	262	80	49	13	3730	78	225	426	244	3	70	5951	843	1400	0,0,0,0,0,0	46524	0	193	13121	116	0	12714,12042,12042,9591,9591,9591,9591	4	18	12787,0,0,0,0,0,0	145	0
172461	350	749	513	230	258	80	45	12	3741	80	227	419	280	4	80	5934	856	1369	0,0,0,0,0,0	33889	0	235	13352	121	0	12930,12235,12235,9695,9695,9695,9695	4	22	13018,0,0,0,0,0,0	153	0
172474	351	748	490	230	263	83	44	11	3740	84	228	423	249	2	60	6046	821	1388	0,0,0,0,0,0	33644	0	232	13582	124	0	13142,12422,12422,9792,9792,9792,9792	4	20	13248,0,0,0,0,0,0	149	0
172445	357	740	490	225	250	79	47	11	3785	86	231	439	265	6	69	5853	815	1373	0,0,0,0,0,0	33739	0	233	13813	128	0	13361,12621,12621,9914,9914,9914,9914	4	28	13479,0,0,0,0,0,0	150	0
172453	362	717	505	214	250	73	43	13	3792	90	234	434	284	7	80	5751	799	1365	0,0,0,0,0,0	33710	0	233	14042	134	0	13575,12811,12811,10015,10015,10015,10015	4	27	13708,0,0,0,0,0,0	148	0
172472	348	714	507	205	243	76	45	10	3797	92	237	438	236	2	79	6059	800	1338	0,0,0,0,0,0	34160	0	208	14250	135	0	13769,12982,12982,10101,10101,10101,10101	4	25	13916,0,0,0,0,0,0	143	0
172530	319	719	506	215	245	72	41	9	3756	97	237	452	261	4	50	5985	777	1340	0,0,0,0,0,0	47188	0	190	14439	137	0	13940,13129,13129,10156,10156,10156,10156	4	23	14105,0,0,0,0,0,0	151	0
172601	280	714	511	237	228	76	39	11	3708	102	239	445	249	4	57	5531	741	1344	0,0,0,0,0,0	46444	0	182	14620	140	0	14105,13268,13268,10201,10201,10201,10201	4	15	14286,0,0,0,0,0,0	142	0
172597	272	708	534	247	217	73	41	12	3700	103	242	433	254	4	82	5652	748	1344	0,0,0,0,0,0	33941	0	220	14837	144	0	14309,13451,13451,10302,10302,10302,10302	4	22	14504,0,0,0,0,0,0	147	0
172624	295	691	507	253	215	69	39	12	3693	105	243	448	268	3	56	5565	734	1335	0,0,0,0,0,0	33673	0	227	15064	144	0	14517,13632,13632,10388,10388,10388,10388	4	22	14731,0,0,0,0,0,0	127	0
172689	308	669	486	240	224	73	42	12	3654	105	244	440	98	5	74	5600	745	1297	0,0,0,0,0,0	33250	0	218	15280	147	0	14712,13800,13800,10451,10451,10451,10451	4	22	14947,0,0,0,0,0,0	128	0
172728	319	628	480	254	225	68	40	13	3633	111	247	440	147	0	73	5742	754	1260	0,0,0,0,0,0	33880	0	210	15490	148	0	14906,13968,13968,10525,10525,10525,10525	4	16	15158,0,0,0,0,0,0	132	0
172751	338	622	470	240	227	68	40	13	3611	115	251	432	320	5	73	5941	777	1228	0,0,0,0,0,0	33998	0	212	15701	152	0	15103,14141,14141,10609,10609,10609,10609	4	23	15369,0,0,0,0,0,0	138	0
172852	317	639	441	228	205	67	38	13	3573	116	257	448	259	3	58	5548	738	1197	0,0,0,0,0,0	46748	0	164	15864	156	0	15252,14264,14264,10630,10630,10630,10630	4	10	15532,0,0,0,0,0,0	135	0
172917	305	615	440	211	207	64	36	13	3559	121	258	461	261	1	62	5123	730	1148	0,0,0,0,0,0	46400	0	169	16032	158	0	15403,14392,14392,10670,10670,10670,10670	3	18	15700,0,0,0,0,0,0	127	0
172948	299	637	393	214	221	69	34	15	3534	123	259	456	270	3	66	4787	732	1135	0,0,0,0,0,0	33419	0	191	16222	159	0	15577,14543,14543,10737,10737,10737,10737	3	21	15890,0,0,0,0,0,0	126	0
172980	306	600	395	211	233	70	31	15	3517	125	263	447	262	3	56	4863	729	1117	0,0,0,0,0,0	32881	0	186	16399	168	0	15739,14683,14683,10797,10797,10797,10797	3	16	16067,0,0,0,0,0,0	122	0
173048	286	587	420	195	200	72	30	14	3502	129	263	465	279	2	78	4885	736	1054	0,0,0,0,0,0	32753	0	166	16566	169	0	15887,14808,14808,10833,10833,10833,10833	3	14	16234,0,0,0,0,0,0	116	0
173104	278	586	400	185	215	75	30	14	3461	131	267	451	241	3	47	4847	691	1078	0,0,0,0,0,0	32817	0	168	16733	173	0	16041,14939,14939,10877,10877,10877,10877	3	14	16403,0,0,0,0,0,0	125	0
173168	275	578	424	181	199	74	27	14	3400	135	271	453	261	1	52	4997	678	1080	0,0,0,0,0,0	32738	0	177	16907	176	0	16200,15074,15074,10920,10920,10920,10920	3	18	16577,0,0,0,0,0,0	122	0
173211	259	563	411	184	207	74	27	13	3388	136	273	455	240	3	51	4778	641	1084	0,0,0,0,0,0	46086	0	152	17059	177	0	16338,15192,15192,10962,10962,10962,10962	3	14	16729,0,0,0,0,0,0	132	0
173318	248	539	428	167	205	78	25	13	3311	138	276	448	252	5	54	4416	664	1026	0,0,0,0,0,0	45890	0	136	17195	179	0	16457,15286,15286,10964,10964,10964,10964	3	12	16865,0,0,0,0,0,0	126	0
173371	251	514	433	175	194	79	26	10	3272	141	280	431	272	2	58	4590	657	1015	0,0,0,0,0,0	32551	0	170	17365	181	0	16611,15418,15418,11009,11009,11009,11009	3	26	17035,0,0,0,0,0,0	125	0
173410	249	546	396	162	191	75	30	7	3254	143	283	421	256	0	49	4770	626	1023	0,0,0,0,0,0	32430	0	167	17531	185	0	16758,15545,15545,11057,11057,11057,11057	3	14	17201,0,0,0,0,0,0	117	0
173453	228	550	389	173	194	70	29	6	3226	145	283	435	226	2	52	4651	625	1008	0,0,0,0,0,0	32524	0	165	17694	187	0	16904,15670,15670,11102,11102,11102,11102	3	24	17364,0,0,0,0,0,0	125	0
173517	221	540	360	176	200	63	28	5	3200	146	290	451	321	2	50	4523	602	986	0,0,0,0,0,0	45526	0	158	17849	191	0	17047,15790,15790,11136,11136,11136,11136	3	9	17519,0,0,0,0,0,0	126	0
173569	217	520	383	168	195	67	28	4	3153	150	292	437	116	4	47	4747	589	989	0,0,0,0,0,0	45784	0	158	18007	192	0	17189,15911,15911,11175,11175,11175,11175	3	22	17678,0,0,0,0,0,0	125	0
173672	223	492	367	161	189	62	30	3	3099	151	297	452	270	3	57	4541	568	956	0,0,0,0,0,0	45860	0	136	18143	193	0	17308,16006,16006,11178,11178,11178,11178	3	16	17814,0,0,0,0,0,0	126	0
173724	223	479	351	157	180	62	28	5	3082	154	301	453	92	1	44	4615	573	907	0,0,0,0,0,0	45824	43	130	18271	196	0	17423,16103,16103,11203,11203,11203,11203	2	16	17942,0,0,0,0,0,0	127	34
173812	225	484	337	165	173	62	29	5	2999	154	301	488	292	2	51	4650	582	893	0,0,0,0,0,0	33041	27	145	18415	198	0	17547,16204,16204,11215,11215,11215,11215	2	16	18086,0,0,0,0,0,0	134	58
173899	205	466	343	159	165	67	30	7	2947	155	303	466	317	4	51	4702	575	860	0,0,0,0,0,0	32680	27	125	18538	200	0	17651,16287,16287,11216,11216,11216,11216	2	17	18209,0,0,0,0,0,0	119	83
173996	208	427	348	161	158	66	29	7	2881	158	307	415	259	2	54	4517	589	808	0,0,0,0,0,0	32672	34	124	18658	204	0	17756,16369,16369,11213,11213,11213,11213	2	11	18329,0,0,0,0,0,0	122	112
174060	211	416	333	166	156	63	27	8	2837	159	310	429	305	1	42	4402	573	799	0,0,0,0,0,0	32552	25	133	18788	208	0	17871,16464,16464,11231,11231,11231,11231	2	12	18459,0,0,0,0,0,0	121	132
174139	198	403	340	150	144	60	24	7	2805	161	315	438	239	5	42	4230	535	784	0,0,0,0,0,0	32621	32	116	18904	208	0	17973,16546,16546,11235,11235,11235,11235	2	5	18575,0,0,0,0,0,0	108	159
174206	184	397	329	137	146	60	25	7	2776	162	317	427	263	0	42	4215	511	767	0,0,0,0,0,0	39086	35	113	19017	210	0	18071,16626,16626,11244,11244,11244,11244	2	15	18688,0,0,0,0,0,0	108	190
174282	167	385	322	139	138	55	26	8	2742	162	320	436	270	2	48	4361	486	746	0,0,0,0,0,0	39065	147	109	19122	215	0	18175,16712,16712,11251,11251,11251,11251	2	5	18793,0,0,0,0,0,0	103	320
174344	177	380	304	139	128	52	27	7	2701	163	324	429	250	3	61	4401	499	708	0,0,0,0,0,0	27714	146	127	19247	218	0	18296,16814,16814,11273,11273,11273,11273	2	11	18919,0,0,0,0,0,0	98	444
174414	183	386	288	130	119	47	26	8	2656	165	324	426	274	1	34	4061	479	700	0,0,0,0,0,0	27161	129	127	19372	221	0	18411,16909,16909,11286,11286,11286,11286	2	13	19045,0,0,0,0,0,0	89	547
174460	200	366	292	133	117	48	24	7	2606	167	326	447	262	2	28	3880	443	737	0,0,0,0,0,0	27145	136	128	19499	224	0	18533,17014,17014,11316,11316,11316,11316	2	19	19172,0,0,0,0,0,0	93	666
174519	196	352	278	126	123	47	24	7	2577	168	329	456	234	0	32	3643	413	733	0,0,0,0,0,0	27042	112	110	19606	227	0	18634,17098,17098,11328,11328,11328,11328	2	6	19279,0,0,0,0,0,0	92	761
174559	189	381	261	115	112	48	23	6	2551	170	331	443	258	3	37	3377	406	723	0,0,0,0,0,0	26741	142	124	19729	228	0	18751,17199,17199,11358,11358,11358,11358	2	10	19402,0,0,0,0,0,0	94	880
174658	187	375	256	117	107	47	21	6	2465	173	334	432	263	1	35	3211	383	727	0,0,0,0,0,0	38274	113	104	19834	229	0	18852,17279,17279,11352,11352,11352,11352	2	10	19507,0,0,0,0,0,0	91	980
174750	169	372	245	111	123	48	21	6	2391	174	336	452	251	1	37	3014	388	701	0,0,0,0,0,0	37959	142	93	19926	231	0	18976,17385,17385,11361,11361,11361,11361	2	13	19599,0,0,0,0,0,0	93	1108
174794	158	394	243	120	114	47	20	7	2339	174	336	445	234	1	38	3456	408	688	0,0,0,0,0,0	26503	160	123	20048	233	0	19128,17519,17519,11405,11405,11405,11405	2	19	19721,0,0,0,0,0,0	91	1236
174843	176	389	242	126	117	45	22	7	2265	174	340	458	253	2	42	3018	414	703	0,0,0,0,0,0	26410	142	133	20180	236	0	19281,17655,17655,11447,11447,11447,11447	2	15	19853,0,0,0,0,0,0	91	1355
174882	194	377	237	109	126	47	23	6	2229	176	340	449	251	3	31	2989	396	717	0,0,0,0,0,0	26222	151	115	20294	237	0	19423,17781,17781,11490,11490,11490,11490	2	12	19967,0,0,0,0,0,0	88	1478
174922	190	379	237	118	116	45	25	5	2189	176	344	470	245	1	36	3116	384	726	0,0,0,0,0,0	26326	149	114	20410	239	0	19560,17903,17903,11528,11528,11528,11528	2	17	20083,0,0,0,0,0,0	98	1599
174976	175	387	226	124	119	44	27	4	2140	177	347	454	232	1	39	3162	396	706	0,0,0,0,0,0	26197	146	106	20516	241	0	19697,18022,18022,11560,11560,11560,11560	2	12	20189,0,0,0,0,0,0	91	1716
175019	158	365	257	114	125	46	26	5	2102	179	350	460	250	1	41	3185	428	663	0,0,0,0,0,0	38155	173	98	20611	244	0	19818,18129,18129,11590,11590,11590,11590	2	11	20284,0,0,0,0,0,0	86	1867
175061	162	337	257	123	132	43	28	5	2063	179	356	478	255	2	36	3309	450	632	0,0,0,0,0,0	38374	45	97	20707	246	0	19951,18249,18249,11626,11626,11626,11626	2	10	20381,0,0,0,0,0,0	93	1899
175110	158	321	245	126	137	42	26	5	2038	181	357	456	249	3	36	3558	440	615	0,0,0,0,0,0	26518	80	105	20811	247	0	20088,18370,18370,11659,11659,11659,11659	2	15	20485,0,0,0,0,0,0	85	1965
175160	170	327	235	124	130	41	29	6	1982	182	360	448	261	0	46	3612	452	604	0,0,0,0,0,0	26557	57	109	20921	247	0	20227,18492,18492,11691,11691,11691,11691	1	9	20595,0,0,0,0,0,0	80	2010
175194	162	362	227	112	115	40	26	7	1953	185	363	450	256	1	39	3403	432	612	0,0,0,0,0,0	26876	73	113	21030	251	0	20368,18619,18619,11734,11734,11734,11734	2	12	20704,0,0,0,0,0,0	86	2074
175231	172	353	244	124	110	37	24	5	1893	189	364	459	255	0	30	3270	423	641	0,0,0,0,0,0	26464	74	123	21151	254	0	20517,18753,18753,11779,11779,11779,11779	2	16	20825,0,0,0,0,0,0	68	2134
175258	177	351	220	116	118	34	24	4	1884	191	369	446	244	4	36	3229	410	630	0,0,0,0,0,0	26263	51	106	21255	257	0	20653,18875,18875,11822,11822,11822,11822	2	16	20929,0,0,0,0,0,0	67	2174
175279	147	351	241	105	118	38	24	2	1879	192	370	445	87	1	34	2899	407	617	0,0,0,0,0,0	37825	75	98	21351	259	0	20792,19002,19002,11871,11871,11871,11871	2	9	21025,0,0,0,0,0,0	74	2235
175320	140	336	238	108	123	38	24	1	1853	193	372	465	234	0	36	2775	412	595	0,0,0,0,0,0	37738	204	86	21436	261	0	20888,19086,19086,11888,11888,11888,11888	1	10	21110,0,0,0,0,0,0	84	2399
175341	132	344	224	102	117	37	23	1	1856	194	375	486	102	2	42	2809	422	557	0,0,0,0,0,0	25977	220	95	21531	262	0	21001,19187,19187,11921,11921,11921,11921	1	13	21205,0,0,0,0,0,0	76	2584
175375	146	308	240	99	112	36	25	1	1832	194	378	518	252	1	36	2680	408	558	0,0,0,0,0,0	25903	211	98	21630	263	0	21109,19281,19281,11944,11944,11944,11944	1	11	21305,0,0,0,0,0,0	74	2759
175411	137	317	247	100	107	36	25	1	1787	196	382	510	258	4	36	2646	414	555	0,0,0,0,0,0	25928	189	97	21725	266	0	21225,19383,19383,11972,11972,11972,11972	1	11	21400,0,0,0,0,0,0	77	2911
175432	149	314	229	99	100	35	25	1	1778	197	387	493	246	0	26	2959	382	569	0,0,0,0,0,0	26101	195	96	21818	270	0	21336,19483,19483,12005,12005,12005,12005	1	10	21493,0,0,0,0,0,0	76	3068
175479	134	308	232	99	96	40	23	3	1745	198	389	515	97	0	27	2941	380	552	0,0,0,0,0,0	26493	223	68	21884	274	0	21413,19549,19549,12007,12007,12007,12007	1	5	21559,0,0,0,0,0,0	75	3251
175501	143	305	226	98	100	41	20	3	1718	202	389	524	98	1	31	2797	372	561	0,0,0,0,0,0	37944	201	90	21972	276	0	21522,19647,19647,12038,12038,12038,12038	1	9	21648,0,0,0,0,0,0	82	3423
175560	138	280	234	94	105	40	20	4	1679	203	389	522	256	2	26	2704	367	544	0,0,0,0,0,0	37779	180	80	22051	277	0	21692,19805,19805,12082,12082,12082,12082	1	7	21727,0,0,0,0,0,0	85	3568
175587	143	273	222	97	100	43	20	4	1658	204	395	497	278	1	32	2797	358	540	0,0,0,0,0,0	25912	166	93	22141	280	0	21885,19986,19986,12153,12153,12153,12153	1	7	21817,0,0,0,0,0,0	82	3709
175573	158	291	211	93	95	42	17	5	1657	206	398	496	313	2	39	2602	333	574	3,0,0,0,0,0	25833	159	88	22262	281	0	22093,20185,20185,12252,12252,12252,12252	1	15	21904,34,0,0,0,0,0	90	3837
175563	187	310	206	98	84	43	16	6	1624	208	401	491	267	0	30	2596	314	630	8,0,0,0,0,0	25787	165	95	22393	282	0	22309,20389,20389,12351,12351,12351,12351	1	6	21989,80,0,0,0,0,0	84	3971
175525	199	338	214	100	85	38	15	4	1615	209	404	491	231	2	37	2692	309	680	13,0,0,0,0,0	25946	173	111	22532	289	0	22528,20599,20599,12467,12467,12467,12467	1	11	22074,137,0,0,0,0,0	75	4110
175469	214	378	221	97	99	34	14	5	1600	209	406	480	235	0	29	2603	297	760	18,0,0,0,0,0	25751	164	134	22693	293	0	22786,20847,20847,12612,12612,12612,12612	1	18	22177,196,0,0,0,0,0	74	4235
175386	255	393	238	97	109	36	13	6	1591	212	410	482	263	3	38	2515	318	823	24,0,0,0,0,0	37598	150	142	22870	298	0	23053,21105,21105,12774,12774,12774,12774	1	8	22267,285,0,0,0,0,0	73	4359
175343	261	448	230	99	113	39	13	5	1571	213	411	511	251	2	37	2256	357	846	29,0,0,0,0,0	37345	132	138	23034	303	0	23301,21342,21342,12905,12905,12905,12905	1	10	22350,369,0,0,0,0,0	82	4466
175324	245	469	253	106	118	37	13	5	1545	214	417	530	254	3	42	2509	384	857	32,0,0,0,0,0	25603	124	142	23171	309	0	23524,21554,21554,13012,13012,13012,13012	1	13	22420,437,0,0,0,0,0	80	4551
175246	260	494	273	114	119	41	13	5	1548	215	418	513	337	2	37	2757	416	898	35,0,0,0,0,0	25876	130	184	23356	311	0	23782,21803,21802,13164,13164,13164,13164	1	15	22522,520,0,0,0,0,0	77	4647
175178	270	549	283	113	124	41	11	5	1537	217	418	499	273	6	34	2791	437	954	38,0,0,0,0,0	26095	136	187	23538	319	0	24043,22054,22053,13314,13314,13314,13314	1	8	22615,616,0,0,0,0,0	72	4757
175084	269	554	306	135	135	42	15	5	1564	217	420	488	168	1	40	2987	461	995	42,0,0,0,0,0	25737	128	183	23719	322	0	24305,22308,22308,13478,13478,13478,13478	1	13	22685,730,0,0,0,0,0	74	4844
174986	299	573	335	138	132	44	14	5	1577	218	425	524	248	2	41	2912	489	1046	45,0,0,0,0,0	26033	136	204	23913	333	0	24574,22570,22569,13648,13648,13648,13648	1	17	22761,854,0,0,0,0,0	80	4942
174909	299	593	344	142	137	47	14	5	1610	219	427	522	317	5	53	3035	523	1053	48,0,0,0,0,0	38083	118	188	24100	337	0	24844,22832,22830,13808,13808,13808,13808	1	10	22834,969,0,0,0,0,0	85	5024
174828	292	582	369	159	159	46	16	6	1642	220	427	519	259	2	42	3240	538	1085	50,0,0,0,0,0	38177	281	181	24281	339	0	25058,23039,23036,13941,13941,13941,13941	1	7	22903,1083,0,0,0,0,0	89	5242
174688	319	606	381	167	171	43	17	7	1695	221	431	528	292	2	56	3700	572	1132	53,0,0,0,0,0	26627	282	239	24513	346	0	25330,23305,23300,14129,14129,14129,14129	1	12	22984,1239,0,0,0,0,0	82	5452
174578	336	650	388	163	163	42	15	8	1746	222	435	536	259	3	62	3995	596	1161	57,0,0,0,0,0	27035	328	234	24734	359	0	25581,23550,23543,14293,14293,14293,14293	1	18	23044,1411,0,0,0,0,0	83	5707
174446	353	699	389	179	178	41	17	9	1776	223	436	526	246	1	61	4244	633	1223	60,0,0,0,0,0	27400	314	256	24987	364	0	25872,23832,23824,14488,14488,14488,14488	1	23	23122,1591,0,0,0,0,0	86	5915
174293	378	717	405	172	194	46	21	8	1850	224	438	561	249	6	58	4516	652	1281	62,0,0,0,0,0	27475	312	259	25242	370	0	26160,24114,24104,14692,14692,14692,14692	1	20	23202,1769,0,0,0,0,0	89	6140
174117	400	738	414	189	211	50	25	7	1929	224	442	561	97	6	67	4624	711	1316	64,0,0,0,0,0	27494	295	264	25497	379	0	26451,24401,24388,14908,14908,14908,14908	1	18	23267,1962,0,0,0,0,0	104	6345
173990	387	775	443	198	217	50	28	5	1982	226	445	557	246	1	53	4706	718	1380	65,0,0,0,0,0	39509	284	240	25729	388	0	26716,24663,24647,15090,15090,15090,15090	1	12	23344,2124,0,0,0,0,0	119	6539
173879	374	774	471	214	217	53	29	4	2054	230	447	515	254	0	62	4916	724	1408	67,0,0,0,0,0	39364	617	246	25971	394	0	27075,25018,24999,15314,15314,15314,15314	1	8	23390,2324,0,0,0,0,0	112	6906
173697	392	828	496	223	219	53	29	4	2122	233	450	528	253	5	69	4900	729	1511	70,0,0,0,0,0	27854	614	313	26275	404	0	27497,25437,25413,15600,15600,15600,15600	1	20	23450,2574,0,0,0,0,0	121	7366
173495	459	847	516	235	225	50	33	5	2194	235	452	521	289	4	76	5441	801	1564	72,0,0,0,0,0	28130	603	337	26600	419	0	27956,25892,25865,15915,15915,15915,15915	2	19	23516,2845,0,0,0,0,0	117	7901
173246	527	913	519	237	218	53	34	3	2303	237	456	517	290	5	78	5629	833	1668	74,0,0,0,0,0	28525	589	375	26966	431	0	28430,26366,26334,16264,16264,16264,16264	2	29	23592,3144,0,0,0,0,0	125	8393
173003	584	964	526	242	269	59	34	3	2364	238	460	528	232	4	77	5291	892	1786	76,0,0,0,0,0	28574	617	397	27351	444	0	28930,26865,26826,16623,16623,16623,16623	2	21	23651,3479,0,0,0,0,0	144	8940
172761	582	1051	551	242	274	61	36	4	2482	239	463	531	276	2	92	5478	925	1872	77,0,0,0,0,0	28380	643	368	27711	456	0	29409,27343,27300,16970,16970,16970,16970	2	21	23713,3786,0,0,0,0,0	151	9525
172563	547	1120	579	257	290	63	35	4	2575	243	470	521	249	4	76	5229	914	1977	78,0,0,0,0,0	40168	615	353	28055	467	0	29857,27791,27741,17281,17281,17281,17281	2	24	23757,4094,0,0,0,0,0	159	10058
172372	520	1150	624	280	320	68	35	4	2654	246	473	513	294	4	79	5137	924	2073	80,0,0,0,0,0	39801	817	353	28397	480	0	30357,28293,28236,17614,17614,17614,17614	2	15	23804,4399,0,0,0,0,0	153	10768
172071	578	1182	658	305	336	72	41	4	2774	247	478	503	263	2	124	5585	999	2173	81,0,0,0,0,0	28432	774	461	28849	490	0	30999,28936,28871,18069,18069,18069,18069	2	20	23856,4807,0,0,0,0,0	154	11456
171766	670	1236	693	293	348	71	42	8	2887	250	482	479	313	7	121	5906	1072	2281	83,0,0,0,0,0	28606	833	496	29323	513	0	31677,29616,29542,18546,18546,18546,18546	2	30	23904,5249,0,0,0,0,0	146	12188
171463	663	1349	712	315	346	72	44	8	3039	252	483	473	256	7	108	6489	1114	2387	84,0,0,0,0,0	29242	822	475	29782	533	0	32333,30274,30191,19011,19011,19011,19011	2	30	23944,5684,0,0,0,0,0	157	12916
171082	721	1433	765	338	342	76	46	8	3193	254	488	460	284	5	111	7023	1199	2522	85,0,0,0,0,0	29744	810	559	30324	555	0	33097,31043,30950,19571,19571,19571,19571	2	25	24005,6183,0,0,0,0,0	161	13621
170657	800	1524	803	381	361	84	43	7	3338	259	489	453	253	8	127	6796	1262	2734	86,0,0,0,0,0	30050	861	597	30909	575	0	33910,31863,31760,20178,20178,20178,20178	2	20	24053,6735,0,0,0,0,0	167	14354
170322	822	1551	875	401	381	84	42	8	3505	262	493	468	250	4	98	6884	1273	2883	88,0,0,0,0,0	40905	821	514	31415	588	0	34625,32585,32470,20692,20692,20692,20692	2	22	24090,7212,0,0,0,0,0	180	15034
169968	831	1661	901	412	401	93	45	9	3667	262	496	463	335	5	115	7337	1328	3016	89,0,0,0,0,0	41538	893	574	31969	610	0	35426,33394,33265,21257,21257,21257,21257	2	34	24127,7748,0,0,0,0,0	190	15771
169581	857	1720	932	433	435	101	50	7	3868	263	499	476	324	9	165	7529	1431	3097	89,0,0,0,0,0	46759	927	588	32542	627	0	36239,34214,34073,21843,21843,21843,21843	2	39	24168,8296,0,0,0,0,0	204	16542
169236	880	1747	1018	455	458	104	51	7	4020	267	503	460	251	3	146	8207	1558	3155	90,0,0,0,0,0	46623	872	588	33111	649	0	37067,35051,34895,22416,22416,22416,22416	3	26	24206,8846,0,0,0,0,0	217	17266
168886	879	1826	1038	487	483	105	59	5	4202	270	506	452	271	6	134	9010	1626	3251	91,0,0,0,0,0	47525	901	612	33718	661	0	37923,35918,35744,23007,23007,23007,23007	3	39	24246,9425,0,0,0,0,0	222	18005
168538	896	1869	1031	525	493	115	62	7	4428	273	509	451	290	5	170	8976	1680	3311	91,0,0,0,0,0	47873	869	607	34307	683	0	38745,36755,36562,23582,23582,23582,23582	3	40	24288,9989,0,0,0,0,0	232	18738
168160	958	1849	1044	561	549	124	61	10	4642	277	511	424	316	10	152	9458	1746	3400	91,0,0,0,0,0	47939	818	625	34898	719	0	39591,37616,37405,24182,24182,24182,24182	3	38	24324,10570,0,0,0,0,0	235	19389
167905	908	1840	1085	569	562	122	67	7	4887	280	514	452	265	7	157	9504	1812	3341	92,0,0,0,0,0	72187	878	506	35388	738	0	40315,38355,38125,24662,24662,24662,24662	3	27	24348,11050,0,0,0,0,0	244	20123
167753	813	1837	1105	585	572	124	77	6	5077	281	516	453	250	8	151	9588	1814	3299	92,0,0,0,0,0	71989	645	461	35825	762	0	41043,39102,38850,25095,25095,25095,25095	3	27	24372,11479,0,0,0,0,0	246	20635
167492	796	1833	1120	578	583	127	77	10	5328	285	517	430	333	5	197	10420	1857	3257	93,0,0,0,0,0	48651	652	549	36364	777	0	41883,39961,39687,25636,25636,25636,25636	3	19	24396,12007,0,0,0,0,0	241	21142
167228	852	1769	1111	563	607	127	81	11	5587	289	521	408	327	11	180	10709	1922	3188	93,0,0,0,0,0	49094	649	562	36893	813	0	42708,40805,40510,26168,26168,26168,26168	3	36	24418,12536,0,0,0,0,0	237	21661
167028	849	1745	1147	550	606	130	82	13	5782	292	522	413	263	10	169	11002	1881	3228	93,0,0,0,0,0	49148	615	541	37420	830	0	43521,41643,41321,26674,26674,26674,26674	3	26	24446,13047,0,0,0,0,0	238	22128
166818	829	1805	1157	548	588	143	83	11	5941	297	526	407	305	5	153	10651	1828	3325	94,0,0,0,0,0	49815	674	542	37936	861	0	44320,42467,42119,27174,27174,27174,27174	3	32	24470,13560,0,0,0,0,0	252	22659
166596	848	1797	1156	567	591	141	80	13	6129	302	526	400	256	8	173	10856	1826	3354	94,0,0,0,0,0	49662	653	575	38469	908	0	45095,43270,42895,27673,27673,27673,27673	3	40	24490,14105,0,0,0,0,0	257	23162
166543	798	1765	1145	578	572	149	92	13	6261	304	526	392	289	6	153	10475	1800	3299	94,0,0,0,0,0	72744	658	450	38897	932	0	45789,43994,43587,28049,28049,28049,28049	3	23	24507,14531,0,0,0,0,0	274	23689
166456	714	1726	1157	571	557	149	92	10	6476	311	527	390	252	11	173	10447	1769	3197	95,0,0,0,0,0	72997	953	432	39305	961	0	46448,44690,44255,28450,28450,28450,28450	3	23	24514,14951,0,0,0,0,0	275	24457
166268	726	1729	1112	572	574	156	91	12	6655	319	532	372	238	5	180	10232	1777	3183	95,0,0,0,0,0	49109	919	555	39829	994	0	47258,45532,45067,28948,28948,28948,28948	3	19	24532,15478,0,0,0,0,0	276	25194
166145	797	1642	1111	563	581	146	88	13	6801	324	535	383	349	6	188	10235	1734	3194	95,0,0,0,0,0	48949	831	535	40340	1019	0	48061,46368,45868,29394,29394,29394,29394	3	30	24550,15984,0,0,0,0,0	268	25851
166019	847	1597	1104	562	582	152	92	15	6909	329	538	371	314	12	174	9779	1738	3198	95,0,0,0,0,0	48517	883	535	40845	1050	0	48839,47178,46645,29832,29832,29832,29832	3	21	24564,16500,0,0,0,0,0	261	26536
165928	824	1655	1069	550	583	152	90	20	7004	333	538	365	237	7	170	9474	1732	3191	96,0,0,0,0,0	48557	889	526	41347	1077	0	49637,48010,47441,30262,30262,30262,30262	3	25	24578,17006,0,0,0,0,0	270	27245
165798	813	1707	1078	567	566	153	93	19	7074	339	539	380	258	5	182	9338	1748	3229	96,0,0,0,0,0	48213	861	550	41875	1102	0	50474,48881,48277,30726,30726,30726,30726	3	20	24591,17538,0,0,0,0,0	281	27919
165807	776	1646	1073	559	571	149	93	19	7167	346	540	379	295	3	148	9066	1727	3140	96,0,0,0,0,0	71985	879	428	42280	1125	0	51182,49623,48982,31061,31061,31061,31061	2	21	24606,17944,0,0,0,0,0	285	28649
165822	698	1571	1039	565	554	157	90	17	7341	351	541	377	246	3	144	8917	1631	3043	96,0,0,0,0,0	71748	1074	391	42645	1154	0	52004,50476,49803,31448,31448,31448,31448	2	25	24612,18321,0,0,0,0,0	278	29494
165765	722	1584	997	549	553	161	88	22	7411	352	542	370	326	7	169	8867	1585	3069	96,0,0,0,0,0	47712	1075	532	43150	1185	0	52925,51435,50722,31914,31914,31914,31914	2	26	24623,18837,0,0,0,0,0	286	30335
165747	729	1565	991	558	533	155	93	21	7458	353	543	387	341	7	177	8878	1608	3016	97,0,0,0,0,0	47493	1032	487	43610	1212	0	53794,52342,51591,32334,32334,32334,32334	2	22	24629,19310,0,0,0,0,0	285	31134
165739	748	1549	1008	535	509	159	87	23	7477	366	546	381	332	5	165	8864	1626	2969	97,0,0,0,0,0	47854	1055	489	44078	1235	0	54672,53260,52467,32756,32756,32756,32756	2	35	24636,19785,0,0,0,0,0	280	31949
165709	746	1530	1008	539	512	152	85	26	7522	370	547	378	287	5	152	9034	1591	2981	97,0,0,0,0,0	48052	1078	491	44555	1260	0	55568,54194,53362,33197,33197,33197,33197	2	25	24643,20268,0,0,0,0,0	285	32775
165752	742	1515	997	527	463	152	89	25	7559	375	550	396	298	8	159	8962	1489	2996	97,0,0,0,0,0	48186	1091	462	44995	1286	0	56420,55090,54214,33589,33589,33589,33589	2	24	24647,20725,0,0,0,0,0	272	33580
165849	697	1441	1029	507	479	145	89	26	7548	382	554	407	356	7	141	8609	1465	2922	97,0,0,0,0,0	71675	1051	358	45335	1309	0	57183,55890,54977,33906,33906,33906,33906	2	17	24649,21075,0,0,0,0,0	278	34362
165983	657	1357	1011	500	497	131	85	29	7553	386	557	412	331	10	131	8288	1410	2828	98,0,0,0,0,0	71222	1345	350	45668	1328	0	57998,56748,55792,34224,34224,34224,34224	2	14	24654,21414,0,0,0,0,0	272	35376
166029	653	1343	985	497	483	130	85	26	7562	391	562	393	320	5	160	8239	1436	2740	98,0,0,0,0,0	47476	1354	422	46067	1356	0	58896,57689,56692,34621,34621,34621,34621	2	19	24654,21834,0,0,0,0,0	251	36402
166125	631	1359	964	477	464	131	86	22	7525	396	566	407	260	5	148	8502	1418	2694	98,0,0,0,0,0	47437	1386	416	46461	1381	0	59735,58575,57533,34967,34967,34967,34967	2	23	24656,22246,0,0,0,0,0	244	37440
166202	642	1352	927	467	442	130	82	17	7511	407	567	385	299	4	121	8547	1320	2722	98,0,0,0,0,0	47483	1335	422	46863	1405	0	60609,59492,58407,35340,35340,35340,35340	2	28	24661,22660,0,0,0,0,0	244	38432
166275	637	1312	910	465	427	134	82	15	7509	412	568	374	293	5	144	8310	1299	2668	98,0,0,0,0,0	39334	1359	396	47243	1423	0	61463,60385,59260,35699,35699,35699,35699	2	23	24665,23048,0,0,0,0,0	246	39469
166420	615	1259	927	467	404	131	84	16	7438	417	568	389	262	10	121	8045	1241	2646	98,0,0,0,0,0	39060	1448	363	47583	1446	0	62247,61211,60044,35994,35994,35994,35994	2	15	24668,23401,0,0,0,0,0	244	40566
166635	533	1249	872	439	406	124	83	19	7395	420	571	406	328	5	114	7534	1162	2544	98,0,0,0,0,0	41172	1343	286	47851	1466	0	62969,61979,60768,36223,36223,36223,36223	2	15	24670,23682,0,0,0,0,0	246	41603
166801	486	1232	845	407	417	128	79	18	7336	426	571	410	272	6	129	7184	1134	2460	98,0,0,0,0,0	40943	1076	322	48154	1485	0	63732,62784,61531,36486,36486,36486,36486	2	12	24671,23994,0,0,0,0,0	235	42381
166947	482	1212	818	405	380	115	76	19	7287	433	572	443	306	6	169	7744	1164	2324	99,0,0,0,0,0	38697	1124	351	48486	1505	0	64519,63616,62319,36772,36772,36772,36772	2	15	24671,24341,0,0,0,0,0	225	43204
167084	491	1165	828	366	384	112	80	16	7206	438	576	413	313	9	101	7725	1108	2318	99,0,0,0,0,0	38842	1102	328	48792	1529	0	65296,64435,63097,37050,37050,37050,37050	2	14	24671,24664,0,0,0,0,0	216	43971
167225	502	1119	836	363	382	114	79	14	7091	441	580	405	301	7	104	7738	1076	2319	99,0,0,0,0,0	38766	1089	355	49134	1545	0	66076,65260,63878,37334,37334,37334,37334	2	15	24672,25016,0,0,0,0,0	214	44685
167313	518	1082	819	366	376	111	79	15	7040	444	583	423	303	5	122	7604	1044	2307	99,0,0,0,0,0	38714	1092	336	49453	1563	0	66870,66093,64674,37646,37646,37646,37646	2	16	24674,25345,0,0,0,0,0	208	45412
167489	507	1086	783	374	354	106	78	15	6919	448	587	443	238	6	118	7526	1034	2254	99,0,0,0,0,0	38620	1114	317	49757	1579	0	67654,66919,65458,37912,37912,37912,37912	2	15	24674,25659,0,0,0,0,0	208	46139
167682	487	997	789	346	333	96	65	18	6887	459	587	439	275	6	94	7771	957	2156	99,0,0,0,0,0	41095	1083	243	49985	1596	0	68356,67661,66162,38126,38126,38126,38126	2	14	24674,25900,0,0,0,0,0	187	46885
167900	446	919	781	349	338	94	62	18	6787	463	589	441	271	4	96	7471	919	2070	99,0,0,0,0,0	41488	915	228	50198	1613	0	69037,68382,66844,38309,38309,38309,38309	1	9	24674,26125,0,0,0,0,0	185	47504
168098	445	919	730	334	330	90	57	18	6668	468	589	473	308	6	122	7220	893	2012	99,0,0,0,0,0	31979	858	281	50463	1633	0	69758,69147,67567,38520,38520,38520,38520	1	18	24674,26400,0,0,0,0,0	177	48041
168302	432	903	725	330	317	87	54	15	6515	473	593	478	290	8	94	7403	878	1970	99,0,0,0,0,0	32034	927	274	50721	1650	0	70429,69861,68239,38704,38704,38704,38704	1	10	24674,26667,0,0,0,0,0	179	48661
168520	429	880	708	316	290	84	52	15	6381	477	594	461	239	5	99	6978	866	1893	99,0,0,0,0,0	31949	930	246	50958	1660	0	71077,70551,68890,38874,38874,38874,38874	1	13	24674,26909,0,0,0,0,0	165	49273
168701	423	851	700	311	268	80	48	16	6272	479	597	439	331	2	84	6757	815	1866	99,0,0,0,0,0	31485	884	246	51187	1678	0	71731,71244,69546,39055,39055,39055,39055	1	14	24675,27148,0,0,0,0,0	159	49845
168902	407	810	701	284	281	84	47	18	6133	482	597	449	292	2	84	6547	769	1845	99,0,0,0,0,0	26223	880	252	51432	1687	0	72387,71942,70205,39233,39233,39233,39233	1	17	24675,27401,0,0,0,0,0	152	50429
169134	368	798	657	268	242	74	47	15	6059	485	599	439	355	8	88	6231	711	1743	99,0,0,0,0,0	32288	906	199	51620	1699	0	73010,72604,70830,39376,39376,39376,39376	1	5	24675,27597,0,0,0,0,0	150	51030
169350	337	761	643	268	238	70	43	12	5932	490	602	478	242	5	70	6089	657	1703	99,0,0,0,0,0	32408	1239	192	51807	1705	0	73627,73260,71451,39522,39522,39522,39522	1	6	24675,27789,0,0,0,0,0	135	51900
169575	327	723	625	264	210	70	41	14	5801	491	605	477	298	3	78	5769	618	1642	99,0,0,0,0,0	25806	1190	205	51999	1719	0	74221,73893,72048,39648,39648,39648,39648	1	14	24675,27990,0,0,0,0,0	133	52736
169781	312	685	617	252	205	63	42	12	5679	491	607	454	259	3	85	5596	603	1573	99,0,0,0,0,0	25197	1226	196	52186	1730	0	74819,74530,72651,39789,39789,39789,39789	1	13	24675,28184,0,0,0,0,0	126	53633
170039	285	653	584	230	196	58	45	13	5541	494	608	461	309	0	71	5466	563	1488	100,0,0,0,0,0	24905	1238	165	52338	1743	0	75398,75147,73234,39890,39890,39890,39890	1	5	24675,28342,0,0,0,0,0	107	54519
170263	279	627	571	217	203	54	38	14	5367	499	614	456	243	4	57	5009	542	1447	100,0,0,0,0,0	24826	1279	180	52501	1761	0	75982,75772,73824,40014,40014,40014,40014	1	2	24675,28519,0,0,0,0,0	109	55385
170476	253	620	539	187	186	54	37	13	5264	502	615	472	313	5	78	4847	516	1360	100,0,0,0,0,0	24275	1218	149	52643	1769	0	76543,76367,74390,40135,40135,40135,40135	1	7	24675,28665,0,0,0,0,0	98	56221
170731	224	584	516	193	176	49	35	16	5102	504	616	485	139	1	45	4699	476	1301	100,0,0,0,0,0	29088	1234	130	52767	1776	0	77068,76927,74920,40225,40225,40225,40225	1	6	24675,28793,0,0,0,0,0	103	57082
170965	203	522	509	191	174	49	32	14	4962	507	618	472	290	3	53	4569	459	1221	100,0,0,0,0,0	29105	577	107	52869	1783	0	77759,77651,75618,40399,40399,40399,40399	1	2	24675,28899,0,0,0,0,0	97	57484
171199	195	520	467	171	155	49	24	16	4816	512	622	451	298	3	56	4552	410	1171	100,0,0,0,0,0	23216	590	134	52999	1788	0	78471,78399,76337,40581,40581,40581,40581	1	6	24675,29034,0,0,0,0,0	79	57881
171420	187	475	461	168	153	50	19	17	4655	515	626	445	312	5	49	4169	409	1104	100,0,0,0,0,0	23048	588	113	53104	1797	0	79188,79151,77064,40771,40771,40771,40771	0	4	24675,29144,0,0,0,0,0	75	58284
171628	174	453	436	168	136	47	18	17	4520	519	630	472	105	1	36	4183	378	1054	100,0,0,0,0,0	22934	610	121	53217	1807	0	79899,79895,77783,40963,40963,40963,40963	0	6	24675,29262,0,0,0,0,0	68	58712
171842	185	408	433	158	139	44	20	17	4349	519	632	465	217	2	46	3777	356	1031	100,0,0,0,0,0	22605	605	111	53322	1814	0	80603,80631,78494,41147,41147,41147,41147	0	3	24675,29369,0,0,0,0,0	66	59120
172053	168	380	421	147	136	42	20	17	4210	519	633	478	289	1	46	3852	357	957	100,0,0,0,0,0	22517	568	102	53417	1822	0	81318,81376,79217,41342,41342,41342,41342	0	6	24675,29470,0,0,0,0,0	67	59525
172250	157	361	373	147	136	41	19	16	4089	521	636	469	243	0	39	3825	335	899	100,0,0,0,0,0	28258	576	99	53513	1826	0	82016,82104,79923,41534,41534,41534,41534	0	3	24675,29570,0,0,0,0,0	64	59901
172483	166	303	371	146	126	42	17	12	3920	523	637	478	319	0	30	3812	319	852	100,0,0,0,0,0	28145	796	82	53594	1827	0	82425,82543,80338,41554,41554,41554,41554	0	1	24675,29652,0,0,0,0,0	60	60461
172704	154	303	332	137	111	39	19	14	3772	523	638	485	341	4	50	3655	323	772	100,0,0,0,0,0	17705	815	85	53674	1832	0	82852,82998,80771,41580,41580,41580,41580	0	1	24675,29735,0,0,0,0,0	56	61052
172910	133	299	315	123	98	38	21	12	3632	523	642	497	311	2	32	3422	298	729	100,0,0,0,0,0	17138	828	73	53746	1834	0	83256,83425,81181,41606,41606,41606,41606	0	4	24675,29809,0,0,0,0,0	56	61632
173114	127	297	287	117	84	34	20	12	3487	523	644	494	287	2	28	3217	284	682	100,0,0,0,0,0	17154	778	78	53821	1839	0	83665,83857,81597,41640,41640,41640,41640	0	3	24675,29887,0,0,0,0,0	54	62178
173304	121	300	273	94	74	31	17	12	3348	526	646	483	308	1	27	3052	264	646	100,0,0,0,0,0	16602	803	79	53896	1843	0	84067,84282,82006,41676,41676,41676,41676	0	4	24675,29966,0,0,0,0,0	50	62741
173489	123	279	267	82	76	33	14	12	3193	531	647	495	85	0	16	2927	239	635	100,0,0,0,0,0	16650	820	76	53964	1852	0	84465,84699,82409,41711,41711,41711,41711	0	4	24675,30038,0,0,0,0,0	42	63310
173699	113	269	245	78	70	32	14	12	3033	531	650	465	290	3	17	2592	213	608	100,0,0,0,0,0	27071	854	62	54024	1855	0	84845,85102,82795,41726,41726,41726,41726	0	2	24675,30100,0,0,0,0,0	45	63912
173886	100	241	241	74	71	30	13	11	2898	531	650	455	251	2	26	2460	207	563	100,0,0,0,0,0	27002	1114	51	54074	1856	0	85229,85502,83182,41740,41740,41740,41740	0	0	24675,30151,0,0,0,0,0	49	64717
174067	104	216	232	73	69	30	14	9	2749	531	652	454	237	0	25	2561	182	556	100,0,0,0,0,0	16320	1130	67	54132	1865	0	85610,85904,83569,41756,41756,41756,41756	0	3	24675,30213,0,0,0,0,0	43	65512
174216	100	220	205	61	65	30	13	8	2638	532	658	453	348	1	27	2423	171	523	100,0,0,0,0,0	16181	1064	60	54190	1869	0	86022,86333,83986,41794,41794,41794,41794	0	2	24675,30274,0,0,0,0,0	46	66290
174361	107	208	193	61	53	29	9	5	2522	536	662	431	293	0	25	2446	161	499	100,0,0,0,0,0	16091	1061	63	54250	1872	0	86421,86751,84392,41835,41835,41835,41835	0	2	24675,30336,0,0,0,0,0	41	67023
174505	90	210	176	56	58	24	9	5	2412	536	665	457	250	0	19	2170	157	466	100,0,0,0,0,0	16021	1081	45	54293	1875	0	86800,87145,84776,41861,41861,41861,41861	0	1	24675,30382,0,0,0,0,0	33	67792
174625	87	204	166	58	64	17	9	5	2308	536	667	498	110	0	20	2126	161	444	100,0,0,0,0,0	15934	1021	62	54353	1878	0	87201,87562,85183,41905,41905,41905,41905	0	2	24675,30445,0,0,0,0,0	31	68514
174773	71	196	155	59	62	15	7	5	2194	537	672	513	97	0	17	2030	153	412	100,0,0,0,0,0	21323	1038	39	54391	1879	0	87602,87977,85588,41948,41948,41948,41948	0	2	24675,30484,0,0,0,0,0	25	69260
174917	67	179	157	55	60	16	10	5	2069	537	674	518	109	0	17	1951	157	387	100,0,0,0,0,0	21320	337	37	54425	1882	0	88165,88554,86159,42072,42072,42072,42072	0	1	24675,30520,0,0,0,0,0	24	69489
175013	80	174	156	41	44	20	10	5	1984	538	681	504	270	2	19	1943	151	374	100,0,0,0,0,0	12804	312	60	54481	1886	0	88733,89134,86734,42212,42212,42212,42212	0	1	24675,30580,0,0,0,0,0	25	69693
175143	76	165	147	43	41	20	9	3	1877	539	683	517	275	0	9	1987	144	357	100,0,0,0,0,0	12652	320	40	54518	1889	0	89295,89710,87302,42325,42325,42325,42325	0	3	24675,30620,0,0,0,0,0	29	69913
175236	64	158	144	37	47	19	8	4	1806	539	684	511	137	0	9	1634	120	357	100,0,0,0,0,0	12523	353	40	54552	1895	0	89845,90270,87859,42453,42453,42453,42453	0	4	24675,30658,0,0,0,0,0	29	70153
175329	68	149	131	35	49	18	9	4	1727	539	688	503	249	0	14	1621	116	343	100,0,0,0,0,0	12540	328	42	54590	1899	0	90404,90841,88427,42601,42601,42601,42601	0	1	24675,30698,0,0,0,0,0	29	70371
175416	61	139	126	35	46	17	9	4	1659	539	695	520	240	0	8	1350	101	332	100,0,0,0,0,0	12299	324	33	54623	1900	0	90936,91383,88967,42729,42729,42729,42729	0	0	24675,30732,0,0,0,0,0	29	70591
175513	58	134	116	37	39	14	8	5	1584	540	698	573	306	0	16	1060	97	309	100,0,0,0,0,0	20693	357	31	54652	1902	0	91476,91935,89516,42865,42865,42865,42865	0	3	24675,30763,0,0,0,0,0	26	70822
175618	59	130	101	39	37	11	8	5	1497	540	701	554	77	0	8	1012	93	292	100,0,0,0,0,0	20440	341	35	54685	1904	0	91633,92104,89676,42768,42768,42768,42768	0	4	24675,30797,0,0,0,0,0	23	71044
175692	52	132	110	31	30	12	8	4	1430	541	704	537	260	0	14	968	92	283	100,0,0,0,0,0	11994	330	33	54716	1906	0	91788,92267,89834,42678,42678,42678,42678	0	0	24675,30829,0,0,0,0,0	20	71286
175757	52	118	119	31	34	11	7	5	1363	541	708	559	245	1	11	824	84	288	100,0,0,0,0,0	11646	321	35	54750	1907	0	91950,92437,90000,42596,42596,42596,42596	0	0	24675,30863,0,0,0,0,0	18	71493
175833	47	95	121	25	40	8	5	7	1312	541	712	563	146	0	11	874	82	259	100,0,0,0,0,0	11746	296	20	54770	1907	0	92118,92613,90171,42510,42510,42510,42510	0	1	24675,30883,0,0,0,0,0	14	71697
175898	40	106	103	25	37	8	5	7	1259	541	717	551	260	1	9	669	78	246	100,0,0,0,0,0	11619	325	31	54800	1909	0	92280,92782,90337,42429,42429,42429,42429	0	0	24675,30915,0,0,0,0,0	16	71911
175967	39	107	93	23	34	7	4	7	1204	542	719	524	81	0	10	721	73	234	100,0,0,0,0,0	11371	336	27	54824	1912	0	92428,92939,90488,42333,42333,42333,42333	0	2	24675,30941,0,0,0,0,0	15	72125
176053	34	109	91	23	27	7	5	6	1127	542	722	560	90	0	11	723	71	225	100,0,0,0,0,0	20221	350	23	54843	1916	0	92573,93091,90636,42238,42238,42238,42238	0	2	24675,30962,0,0,0,0,0	14	72372
176119	37	92	94	21	26	8	4	6	1071	543	725	559	97	1	6	702	68	214	100,0,0,0,0,0	20209	164	18	54860	1917	0	92775,93300,90843,42187,42187,42187,42187	0	2	24675,30980,0,0,0,0,0	13	72479
176197	33	95	83	29	23	9	4	5	998	543	727	554	113	1	2	804	67	209	100,0,0,0,0,0	11589	171	22	54876	1923	0	92990,93522,91063,42128,42128,42128,42128	0	1	24675,30998,0,0,0,0,0	16	72605
176262	35	83	86	25	20	10	3	4	944	543	731	561	88	0	5	780	61	201	100,0,0,0,0,0	11611	174	24	54898	1925	0	93195,93733,91273,42073,42073,42073,42073	0	2	24675,31021,0,0,0,0,0	14	72707
176297	38	80	85	15	18	10	3	2	918	543	737	567	5401	4	8	857	59	190	100,0,0,0,0,0	11781	159	21	54918	1926	0	93391,93933,91473,42025,42025,42025,42025	0	0	24675,31041,0,0,0,0,0	14	72814
176357	29	70	87	19	15	9	3	0	873	543	741	583	2652	3	3	916	56	176	100,0,0,0,0,0	11822	180	10	54927	1927	0	93588,94136,91676,41965,41965,41965,41965	0	1	24675,31050,0,0,0,0,0	13	72945
176414	28	66	85	19	15	8	4	0	817	543	747	564	1546	0	7	784	57	168	100,0,0,0,0,0	11689	176	19	54945	1928	0	93795,94349,91888,41915,41915,41915,41915	0	1	24675,31069,0,0,0,0,0	11	73060
176460	30	53	82	17	18	7	3	0	784	544	748	572	883	3	3	865	50	160	100,0,0,0,0,0	20311	188	16	54959	1930	0	94025,94583,92123,41886,41886,41886,41886	0	0	24675,31085,0,0,0,0,0	10	73175
176514	23	54	77	17	14	7	3	0	742	544	751	610	518	0	6	820	47	148	100,0,0,0,0,0	20210	179	9	54968	1930	0	94274,94835,92378,41866,41866,41866,41866	0	0	24675,31094,0,0,0,0,0	10	73301
176567	23	49	76	15	10	6	3	0	696	545	756	619	2727	1	3	795	43	139	100,0,0,0,0,0	22316	173	13	54981	1930	0	94525,95091,92636,41848,41848,41848,41848	0	0	24675,31107,0,0,0,0,0	9	73415
176609	22	40	68	11	13	5	3	0	671	545	759	650	2788	1	4	765	43	119	100,0,0,0,0,0	22317	162	8	54989	1930	0	94756,95325,92873,41815,41815,41815,41815	0	0	24675,31115,0,0,0,0,0	10	73517
176658	15	39	61	8	14	6	4	0	633	545	763	654	2087	0	2	701	38	109	100,0,0,0,0,0	22199	186	8	54997	1930	0	94978,95551,93103,41785,41785,41785,41785	0	0	24675,31123,0,0,0,0,0	10	73638
176722	16	29	58	6	12	4	4	0	586	545	764	636	1511	1	2	658	30	99	100,0,0,0,0,0	22213	170	7	55002	1932	0	95211,95789,93343,41752,41752,41752,41752	0	1	24675,31129,0,0,0,0,0	10	73754
176764	15	26	54	7	9	4	4	0	551	545	767	627	952	0	4	652	29	90	100,0,0,0,0,0	22298	157	7	55009	1932	0	95427,96008,93565,41715,41715,41715,41715	0	1	24675,31136,0,0,0,0,0	10	73859
176793	16	25	49	7	10	4	4	0	525	545	768	636	1834	1	1	448	23	92	100,0,0,0,0,0	20173	188	11	55019	1933	0	95659,96242,93803,41697,41697,41697,41697	0	1	24675,31147,0,0,0,0,0	8	73982
176827	17	20	45	9	6	4	2	1	499	546	770	626	2343	2	1	427	21	82	100,0,0,0,0,0	20118	177	7	55026	1933	0	95685,96271,93831,41542,41542,41542,41542	0	1	24675,31154,0,0,0,0,0	6	74098
176847	11	27	42	9	3	3	2	1	482	546	773	641	2199	2	4	276	21	76	100,0,0,0,0,0	22003	168	5	55031	1933	0	95697,96285,93845,41380,41380,41380,41380	0	1	24675,31159,0,0,0,0,0	5	74208
176864	12	26	40	8	3	2	2	0	463	546	780	626	1914	0	1	261	19	74	100,0,0,0,0,0	22018	169	8	55038	1934	0	95710,96301,93861,41219,41219,41219,41219	0	0	24675,31167,0,0,0,0,0	4	74317
176889	12	26	41	6	3	2	2	0	434	546	785	628	1386	0	1	223	17	75	100,0,0,0,0,0	21898	166	10	55047	1935	0	95738,96331,93891,41068,41068,41068,41068	0	2	24675,31176,0,0,0,0,0	5	74418
176907	12	27	41	6	3	1	2	0	411	546	790	632	1582	0	1	216	17	75	100,0,0,0,0,0	21929	173	6	55052	1936	0	95754,96348,93909,40909,40909,40909,40909	0	0	24675,31181,0,0,0,0,0	3	74529
176936	7	26	35	4	4	1	2	0	389	546	796	617	1956	1	0	202	13	66	100,0,0,0,0,0	21782	179	3	55055	1936	0	95765,96361,93921,40745,40745,40745,40745	0	0	24675,31184,0,0,0,0,0	3	74647
176954	9	24	33	5	1	1	1	0	374	547	797	640	2091	0	1	170	11	63	100,0,0,0,0,0	19759	147	9	55063	1937	0	95797,96395,93956,40603,40603,40603,40603	0	0	24675,31192,0,0,0,0,0	2	74736
176971	9	22	32	2	3	0	1	0	353	547	806	618	1986	0	0	139	7	62	100,0,0,0,0,0	20031	109	7	55070	1937	0	95820,96420,93982,40457,40457,40457,40457	0	1	24675,31199,0,0,0,0,0	1	74794
176995	8	17	24	5	4	0	1	0	333	547	812	604	1633	1	1	72	6	53	100,0,0,0,0,0	21768	92	2	55072	1937	0	95833,96435,93996,40293,40293,40293,40293	0	0	24675,31201,0,0,0,0,0	1	74841
177004	8	15	17	3	8	0	1	0	324	547	819	595	1771	0	2	77	7	45	100,0,0,0,0,0	21745	116	7	55079	1937	0	95844,96447,94009,40138,40138,40138,40138	0	0	24675,31208,0,0,0,0,0	1	74918
177026	7	15	13	3	6	0	0	0	305	548	823	609	1744	0	3	202	6	38	100,0,0,0,0,0	21731	94	3	55082	1937	0	95842,96446,94009,39969,39969,39969,39969	0	0	24675,31211,0,0,0,0,0	0	74966
177040	6	17	16	4	4	0	0	0	285	548	826	629	2110	0	4	181	7	40	100,0,0,0,0,0	21707	111	6	55087	1938	0	95853,96460,94023,39812,39812,39812,39812	0	1	24675,31217,0,0,0,0,0	0	75025
177064	6	18	13	4	4	0	0	0	261	548	828	608	1984	0	2	231	8	37	100,0,0,0,0,0	21895	105	3	55090	1938	0	95864,96472,94036,39654,39654,39654,39654	0	0	24675,31220,0,0,0,0,0	0	75097
177076	7	17	14	4	4	0	0	0	244	548	832	624	1767	0	1	287	9	37	100,0,0,0,0,0	19875	118	4	55094	1938	0	95880,96489,94055,39502,39502,39502,39502	0	0	24675,31224,0,0,0,0,0	0	75172
177094	6	16	14	3	3	0	0	0	225	548	837	637	1785	0	0	278	8	34	100,0,0,0,0,0	19739	78	4	55098	1938	0	95829,96440,94004,39307,39307,39307,39307	0	0	24675,31228,0,0,0,0,0	0	75214
177111	4	16	15	4	3	0	0	0	207	548	838	625	1694	1	0	276	8	34	100,0,0,0,0,0	21907	89	2	55100	1938	0	95772,96384,93948,39101,39101,39101,39101	0	0	24675,31230,0,0,0,0,0	0	75264
177123	4	14	14	3	3	0	0	0	195	548	842	632	1852	0	0	275	7	31	100,0,0,0,0,0	21853	76	4	55104	1938	0	95723,96336,93900,38907,38907,38907,38907	0	0	24675,31234,0,0,0,0,0	0	75308
177138	4	14	12	4	3	0	0	0	178	548	845	621	1892	0	0	274	7	30	100,0,0,0,0,0	22014	91	5	55109	1938	0	95665,96279,93843,38706,38706,38706,38706	0	0	24675,31239,0,0,0,0,0	0	75360
177153	4	11	12	4	2	0	0	0	164	548	848	641	1835	0	1	273	6	27	100,0,0,0,0,0	22174	85	2	55110	1939	0	95613,96229,93792,38505,38505,38505,38505	0	0	24675,31241,0,0,0,0,0	0	75415
177153	1	13	15	1	2	0	0	0	158	548	855	641	1836	0	0	135	2	30	100,0,0,0,0,0	21803	86	1	55112	1939	0	95568,96183,93748,38317,38317,38317,38317	0	0	24675,31243,0,0,0,0,0	0	75470
177150	3	11	17	3	2	0	0	0	150	548	862	632	1760	0	0	126	2	34	100,0,0,0,0,0	19673	87	6	55118	1939	0	95530,96145,93711,38141,38141,38141,38141	0	0	24675,31249,0,0,0,0,0	0	75517
177160	4	6	18	2	1	0	0	0	139	548	868	606	1817	0	1	109	2	29	100,0,0,0,0,0	19569	85	2	55120	1939	0	95475,96091,93657,37951,37951,37951,37951	0	0	24675,31251,0,0,0,0,0	0	75571
177168	2	6	19	1	0	0	0	0	129	548	873	573	1882	0	0	8	1	27	100,0,0,0,0,0	21801	63	0	55120	1939	0	95416,96033,93599,37755,37755,37755,37755	0	0	24675,31251,0,0,0,0,0	0	75610
177175	1	8	19	1	0	0	0	0	119	548	875	584	1839	0	1	5	1	28	100,0,0,0,0,0	21580	91	1	55121	1939	0	95349,95966,93534,37556,37556,37556,37556	0	0	24675,31252,0,0,0,0,0	0	75661
177176	1	8	16	1	0	0	0	0	116	548	880	586	1784	0	0	37	1	25	100,0,0,0,0,0	21462	72	3	55124	1939	0	95298,95915,93484,37369,37369,37369,37369	0	0	24675,31255,0,0,0,0,0	0	75700
177178	4	9	13	1	0	0	0	0	108	548	885	577	1808	0	0	37	1	26	100,0,0,0,0,0	21832	74	5	55129	1939	0	95246,95863,93433,37179,37179,37179,37179	0	0	24675,31260,0,0,0,0,0	0	75743
177179	4	6	14	1	2	0	0	0	102	548	890	589	1820	0	0	36	1	26	100,0,0,0,0,0	21623	66	1	55130	1939	0	95185,95802,93373,36983,36983,36983,36983	0	0	24675,31261,0,0,0,0,0	0	75784
177178	4	5	13	1	4	0	0	0	95	548	898	590	1792	0	0	36	1	26	100,0,0,0,0,0	19644	81	2	55132	1939	0	95137,95754,93326,36801,36801,36801,36801	0	0	24675,31263,0,0,0,0,0	0	75836
177183	3	7	12	1	3	0	0	0	91	548	898	599	1870	0	2	39	3	23	100,0,0,0,0,0	19697	74	2	55134	1939	0	95083,95700,93273,36619,36619,36619,36619	0	0	24675,31265,0,0,0,0,0	0	75881
177182	2	8	9	1	3	0	0	0	91	548	902	616	1786	0	1	42	3	20	100,0,0,0,0,0	21563	70	1	55135	1939	0	95017,95635,93209,36432,36432,36432,36432	0	0	24675,31266,0,0,0,0,0	0	75915
177183	3	6	7	1	3	0	0	0	86	548	909	630	1803	0	0	43	2	18	100,0,0,0,0,0	21561	71	1	55136	1939	0	94956,95574,93149,36248,36248,36248,36248	0	0	24675,31267,0,0,0,0,0	0	75955
177181	2	7	5	1	4	0	0	0	81	548	917	602	1821	0	0	41	2	17	100,0,0,0,0,0	21645	74	2	55138	1939	0	94891,95509,93086,36065,36065,36065,36065	0	0	24675,31269,0,0,0,0,0	0	75994
177180	2	6	6	1	4	0	0	0	77	548	922	609	1781	0	2	45	6	13	100,0,0,0,0,0	21698	80	1	55138	1940	0	94829,95447,93025,35881,35881,35881,35881	0	1	24675,31269,0,0,0,0,0	0	76038
177181	2	7	4	1	3	0	0	0	75	548	925	602	1839	0	0	13	5	12	100,0,0,0,0,0	21707	72	1	55139	1940	0	94768,95385,92964,35696,35696,35696,35696	0	0	24675,31270,0,0,0,0,0	0	76075
177180	2	7	3	1	4	0	0	0	72	548	929	634	1825	0	0	13	4	13	100,0,0,0,0,0	19606	86	2	55141	1940	0	94704,95321,92902,35515,35515,35515,35515	0	0	24675,31272,0,0,0,0,0	0	76123
177183	1	6	2	0	5	0	0	0	70	548	931	669	1820	0	1	16	4	10	100,0,0,0,0,0	19613	87	0	55141	1940	0	94625,95241,92823,35331,35331,35331,35331	0	0	24675,31272,0,0,0,0,0	0	76158
177186	0	4	4	0	5	0	0	0	65	548	934	608	1783	0	1	47	6	7	100,0,0,0,0,0	21745	83	0	55141	1940	0	94533,95148,92732,35139,35139,35139,35139	0	0	24675,31272,0,0,0,0,0	0	76204
177187	2	5	4	0	4	0	0	0	61	548	935	602	1767	0	1	52	10	5	100,0,0,0,0,0	21516	72	3	55144	1940	0	94455,95070,92654,34955,34955,34955,34955	0	1	24675,31275,0,0,0,0,0	0	76247
177189	2	2	2	1	5	0	0	0	59	548	938	600	1812	0	0	47	8	4	100,0,0,0,0,0	21604	71	0	55144	1940	0	94365,94981,92566,34768,34768,34768,34768	0	0	24675,31275,0,0,0,0,0	0	76288
177193	0	4	1	0	2	0	0	0	57	548	941	580	1835	1	0	47	4	3	100,0,0,0,0,0	21795	63	0	55144	1940	0	94282,94896,92482,34581,34581,34581,34581	0	0	24675,31275,0,0,0,0,0	0	76324
177193	0	4	1	0	1	0	0	0	57	548	942	608	1829	0	0	48	3	3	100,0,0,0,0,0	21365	94	0	55144	1940	0	94198,94812,92399,34393,34393,34393,34393	0	0	24675,31275,0,0,0,0,0	0	76373
177193	0	3	1	0	1	0	0	0	53	548	947	596	1818	0	0	48	2	3	100,0,0,0,0,0	19600	78	0	55144	1940	0	94124,94738,92326,34215,34215,34215,34215	0	0	24675,31275,0,0,0,0,0	0	76417
177191	0	1	3	0	1	0	0	0	51	548	951	580	1756	1	0	46	2	3	100,0,0,0,0,0	19581	64	0	55144	1940	0	94032,94646,92235,34040,34040,34040,34040	0	0	24675,31275,0,0,0,0,0	0	76451
177190	0	1	2	0	1	0	0	0	51	548	953	570	1815	0	0	48	3	1	100,0,0,0,0,0	21775	60	0	55144	1940	0	93945,94557,92148,33865,33865,33865,33865	0	0	24675,31275,0,0,0,0,0	0	76483
177194	0	0	3	0	0	0	0	0	45	548	956	577	1809	0	0	48	2	1	100,0,0,0,0,0	21602	218	0	55144	1940	133	93852,94464,92056,33685,33685,33685,33685	0	0	24675,31275,0,0,0,0,0	0	76530
177195	0	0	2	0	0	0	0	0	40	548	961	594	1843	0	0	19	1	1	100,0,0,0,0,0	21586	203	0	55144	1940	261	93794,94406,91999,33574,33574,33574,33574	0	0	24675,31275,0,0,0,0,0	0	76573
177200	0	0	1	0	0	0	0	0	32	548	965	573	1823	0	0	11	0	1	100,0,0,0,0,0	21545	193	0	55144	1940	383	93736,94348,91941,33461,33461,33461,33461	0	0	24675,31275,0,0,0,0,0	0	76607
177198	0	0	1	0	0	0	0	0	30	548	969	587	1802	0	0	10	1	0	100,0,0,0,0,0	21375	189	0	55144	1940	506	93681,94292,91887,33349,33349,33349,33349	0	0	24675,31275,0,0,0,0,0	0	76645
177197	0	0	1	0	0	0	0	0	29	548	971	578	1783	0	0	9	1	0	100,0,0,0,0,0	19783	200	0	55144	1940	626	93625,94236,91832,33242,33242,33242,33242	0	0	24675,31275,0,0,0,0,0	0	76691
177193	0	0	1	0	0	0	0	0	27	548	977	554	1722	0	0	9	1	0	100,0,0,0,0,0	19495	210	0	55144	1940	766	93566,94176,91774,33138,33138,33138,33138	0	0	24675,31275,0,0,0,0,0	0	76729
177188	0	0	1	0	0	0	0	0	26	548	983	528	1885	0	0	9	1	0	100,0,0,0,0,0	21518	189	0	55144	1940	898	93503,94113,91711,33040,33040,33040,33040	0	0	24675,31275,0,0,0,0,0	0	76763
177188	0	0	1	0	0	0	0	0	24	548	985	555	1789	0	0	9	1	0	100,0,0,0,0,0	21540	229	0	55144	1940	1073	93449,94057,91658,32943,32943,32943,32943	0	0	24675,31275,0,0,0,0,0	0	76792
177186	0	0	1	0	0	0	0	0	22	548	989	547	1814	0	0	5	1	0	100,0,0,0,0,0	21591	268	0	55144	1940	1275	93399,94007,91609,32863,32863,32863,32863	0	0	24675,31275,0,0,0,0,0	0	76826
177186	0	0	0	0	0	0	0	0	21	548	991	563	1785	0	0	0	0	0	0,0,0,0,0,0	21481	256	0	55144	1940	1470	93350,93958,91561,32789,32789,32789,32789	0	0	24675,31275,0,0,0,0,0	0	76861
177183	0	0	0	0	0	0	0	0	20	548	995	591	1847	0	0	0	0	0	0,0,0,0,0,0	21386	292	0	55144	1940	1700	93302,93910,91514,32715,32715,32715,32715	0	0	24675,31275,0,0,0,0,0	0	76894
177185	0	0	0	0	0	0	0	0	18	548	995	593	1786	0	0	0	0	0	0,0,0,0,0,0	19602	249	0	55144	1940	1901	93271,93877,91483,32663,32663,32663,32663	0	0	24675,31275,0,0,0,0,0	0	76924
177186	0	0	0	0	0	0	0	0	17	548	995	584	1787	0	0	0	0	0	0,0,0,0,0,0	19538	288	0	55144	1940	2125	93229,93835,91443,32612,32612,32612,32612	0	0	24675,31275,0,0,0,0,0	0	76963
177184	0	0	0	0	0	0	0	0	16	548	998	551	1766	0	0	0	0	0	0,0,0,0,0,0	21577	250	0	55144	1940	2318	93183,93789,91398,32564,32564,32564,32564	0	0	24675,31275,0,0,0,0,0	0	76993
177181	0	0	0	0	0	0	0	0	15	548	1002	561	1817	0	0	0	0	0	0,0,0,0,0,0	21475	232	0	55144	1940	2499	93132,93738,91348,32504,32504,32504,32504	0	0	24675,31275,0,0,0,0,0	0	77014
177180	0	0	0	0	0	0	0	0	14	548	1004	582	1829	0	0	0	0	0	0,0,0,0,0,0	21371	219	0	55144	1940	2648	93081,93686,91298,32440,32440,32440,32440	0	0	24675,31275,0,0,0,0,0	0	77052
177179	0	0	0	0	0	0	0	0	13	548	1006	607	1773	0	0	0	0	0	0,0,0,0,0,0	21493	211	0	55144	1940	2795	93023,93627,91241,32357,32357,32357,32357	0	0	24675,31275,0,0,0,0,0	0	77088
177177	0	0	0	0	0	0	0	0	11	548	1010	602	1799	0	0	0	0	0	0,0,0,0,0,0	21630	236	0	55144	1940	2967	92961,93564,91179,32269,32269,32269,32269	0	0	24675,31275,0,0,0,0,0	0	77119
177176	0	0	0	0	0	0	0	0	9	548	1013	622	1789	0	0	0	0	0	0,0,0,0,0,0	19580	236	0	55144	1940	3130	92912,93514,91131,32206,32206,32206,32206	0	0	24675,31275,0,0,0,0,0	0	77162
177175	0	0	0	0	0	0	0	0	8	548	1015	588	1851	0	0	0	0	0	0,0,0,0,0,0	19577	242	0	55144	1940	3284	92859,93460,91080,32153,32153,32153,32153	0	0	24675,31275,0,0,0,0,0	0	77202
177172	0	0	0	0	0	0	0	0	8	548	1018	629	1792	0	0	0	0	0	0,0,0,0,0,0	21458	251	0	55144	1940	3445	92802,93402,91023,32089,32089,32089,32089	0	0	24675,31275,0,0,0,0,0	0	77256
177169	0	0	0	0	0	0	0	0	6	548	1023	585	1813	0	0	0	0	0	0,0,0,0,0,0	21619	340	0	55144	1940	3707	92741,93340,90963,32020,32020,32020,32020	0	0	24675,31275,0,0,0,0,0	0	77298
177165	0	0	0	0	0	0	0	0	6	548	1027	574	1772	0	0	0	0	0	0,0,0,0,0,0	21624	319	0	55144	1940	3946	92710,93309,90933,32007,32007,32007,32007	0	0	24675,31275,0,0,0,0,0	0	77341
177163	0	0	0	0	0	0	0	0	5	548	1030	579	1743	0	0	0	0	0	0,0,0,0,0,0	21635	327	0	55144	1940	4191	92668,93267,90893,31976,31976,31976,31976	0	0	24675,31275,0,0,0,0,0	0	77373
177162	0	0	0	0	0	0	0	0	3	548	1033	589	1796	0	0	0	0	0	0,0,0,0,0,0	21660	369	0	55144	1940	4475	92639,93236,90864,31963,31963,31963,31963	0	0	24675,31275,0,0,0,0,0	0	77416
177125	21	12	0	0	0	0	0	0	2	548	1038	575	1845	1	0	0	0	33	0,100,0,0,0,0	19577	330	0	55171	1946	4729	92640,93237,90867,31999,31999,31999,31999	0	0	24675,31275,33,0,0,0,0	1	77437
177099	33	20	3	1	1	0	0	0	2	548	1039	595	1782	0	0	1	1	57	0,100,0,0,0,0	19401	457	1	55192	1950	4999	92629,93225,90857,32030,32030,32030,32030	0	0	24675,31275,58,0,0,0,0	0	77545
177054	43	42	10	2	0	0	0	0	3	548	1044	625	1815	1	0	2	1	96	0,100,0,0,0,0	21593	445	5	55229	1953	5244	92635,93231,90865,32082,32082,32082,32082	0	1	24675,31275,98,0,0,0,0	0	77631
177012	49	60	16	4	3	0	0	0	6	548	1048	652	1806	3	0	6	2	130	0,100,0,0,0,0	10095	491	16	55262	1959	5535	92634,93228,90864,32112,32112,32112,32112	0	0	24675,31275,137,0,0,0,0	2	77734
176957	52	83	35	4	4	0	0	0	10	548	1053	679	1919	1	4	16	9	169	0,100,0,0,0,0	9917	500	18	55307	1964	5838	92654,93247,90886,32183,32183,32183,32183	0	0	24675,31275,187,0,0,0,0	2	77805
176883	76	102	49	8	3	0	0	0	19	548	1058	673	1900	7	4	86	13	225	0,100,0,0,0,0	10251	483	33	55370	1970	6116	92684,93277,90918,32279,32279,32279,32279	0	1	24675,31275,256,0,0,0,0	2	77887
176836	78	116	64	8	6	0	0	0	24	548	1066	687	1819	2	2	132	22	250	0,100,0,0,0,0	10252	489	41	55406	1975	6418	92694,93286,90928,32333,32333,32333,32333	0	2	24675,31275,297,0,0,0,0	1	77963
176800	64	133	79	8	4	0	0	0	38	548	1072	664	1862	3	2	141	25	263	0,100,0,0,0,0	19675	521	32	55435	1978	6736	92700,93291,90936,32387,32387,32387,32387	0	1	24675,31275,329,0,0,0,0	1	78061
176764	55	133	93	11	8	0	0	0	58	548	1076	678	1833	0	1	166	31	269	0,100,0,0,0,0	19859	380	32	55467	1980	7026	92741,93332,90979,32483,32483,32483,32483	0	0	24675,31275,363,0,0,0,0	1	78089
176720	60	126	107	11	12	0	0	0	81	548	1081	680	1786	0	3	244	29	287	0,100,0,0,0,0	10292	399	42	55503	1986	7331	92775,93365,91014,32570,32570,32570,32570	0	1	24675,31275,405,0,0,0,0	3	78124
176663	70	132	113	12	18	0	0	0	105	548	1085	694	1919	3	8	281	39	306	0,100,0,0,0,0	10423	364	55	55553	1992	7603	92822,93412,91063,32667,32667,32667,32667	0	2	24675,31275,461,0,0,0,0	4	78147
176616	71	136	123	14	18	0	0	0	132	548	1088	704	1891	0	5	311	46	316	0,100,0,0,0,0	10671	362	53	55599	1999	7876	92853,93442,91096,32742,32742,32742,32742	0	1	24675,31275,514,0,0,0,0	2	78175
176561	70	152	123	18	18	1	0	0	164	548	1091	725	1852	2	7	446	53	329	0,100,0,0,0,0	10613	379	59	55656	2001	8156	92899,93488,91144,32835,32835,32835,32835	0	3	24675,31275,573,0,0,0,0	1	78197
176510	72	156	128	19	24	1	0	0	192	548	1096	738	1834	4	8	537	63	337	0,100,0,0,0,0	10776	374	56	55702	2011	8442	92928,93516,91175,32914,32914,32914,32914	0	3	24675,31275,629,0,0,0,0	1	78230
176463	69	181	117	25	24	1	0	0	216	548	1102	758	1925	4	7	559	71	346	0,100,0,0,0,0	19952	402	51	55747	2017	8745	92973,93560,91222,33000,33000,33000,33000	0	3	24675,31275,680,0,0,0,0	1	78257
176413	78	162	133	31	27	4	1	0	239	548	1110	728	1981	5	7	724	80	356	0,100,0,0,0,0	20179	335	53	55796	2021	9025	93000,93586,91251,33103,33103,33103,33103	0	2	24675,31275,733,0,0,0,0	1	78263
176348	94	162	146	28	32	8	1	0	263	548	1116	731	1791	4	11	901	95	376	0,100,0,0,0,0	11101	328	72	55861	2028	9300	93030,93614,91282,33205,33205,33205,33205	0	2	24675,31275,805,0,0,0,0	7	78252
176300	92	178	148	27	25	9	1	0	300	548	1118	739	1876	1	8	1141	92	388	0,100,0,0,0,0	11258	283	60	55916	2033	9538	93043,93627,91298,33282,33282,33282,33282	0	3	24675,31275,865,0,0,0,0	12	78250
176269	84	175	167	25	24	8	1	0	322	548	1123	757	1832	4	6	1102	79	405	0,100,0,0,0,0	11321	281	50	55962	2038	9774	93050,93634,91308,33337,33337,33337,33337	0	2	24675,31275,916,0,0,0,0	11	78250
176219	82	188	157	24	36	8	1	0	355	548	1128	752	1844	2	7	1127	85	411	0,100,0,0,0,0	11276	334	64	56021	2044	10059	93069,93652,91330,33401,33401,33401,33401	0	0	24675,31275,981,0,0,0,0	8	78255
176155	91	208	158	22	35	7	3	0	388	548	1131	770	2063	3	17	1187	96	428	0,100,0,0,0,0	11411	300	80	56093	2052	10309	93116,93699,91380,33510,33510,33510,33510	0	3	24675,31275,1061,0,0,0,0	12	78263
176107	94	213	162	31	32	8	4	0	414	548	1133	789	1865	2	8	1142	93	451	0,100,0,0,0,0	20513	317	66	56156	2055	10568	93135,93717,91402,33578,33578,33578,33578	0	3	24675,31275,1127,0,0,0,0	14	78264
176074	98	206	168	28	36	9	5	0	437	548	1137	769	1899	1	8	1263	88	462	0,100,0,0,0,0	20733	293	62	56213	2060	10819	93154,93734,91424,33669,33669,33669,33669	0	2	24675,31275,1189,0,0,0,0	16	78259
176014	118	204	176	25	39	9	4	0	465	549	1143	725	2005	2	11	1432	88	487	0,100,0,0,0,0	11676	340	77	56277	2073	11108	93177,93756,91451,33763,33763,33763,33763	0	4	24675,31275,1266,0,0,0,0	19	78269
175964	119	213	176	29	39	9	4	0	494	549	1150	735	1807	3	13	1321	89	500	0,100,0,0,0,0	11677	331	71	56335	2087	11390	93202,93780,91480,33865,33865,33865,33865	0	2	24675,31275,1337,0,0,0,0	17	78284
175904	122	216	188	35	40	6	4	0	526	550	1155	761	2002	7	15	1309	97	514	0,100,0,0,0,0	11484	304	82	56406	2098	11627	93239,93815,91520,33976,33976,33976,33976	0	2	24675,31275,1418,0,0,0,0	14	78302
175839	121	227	200	37	39	7	4	0	561	550	1161	728	2031	3	15	1158	118	517	0,100,0,0,0,0	11611	291	88	56482	2110	11873	93261,93836,91546,34071,34071,34071,34071	0	5	24675,31275,1505,0,0,0,0	16	78296
175787	116	255	192	41	38	6	4	0	593	550	1164	736	2039	4	10	1477	123	529	0,100,0,0,0,0	11707	316	79	56554	2117	12140	93287,93860,91575,34162,34162,34162,34162	0	2	24675,31275,1584,0,0,0,0	17	78300
175723	135	237	216	31	43	6	2	0	631	552	1170	741	2015	3	10	1486	107	563	0,100,0,0,0,0	20700	341	85	56629	2128	12420	93325,93897,91617,34275,34275,34275,34275	0	2	24675,31275,1669,0,0,0,0	15	78308
175667	134	256	210	32	41	6	2	0	670	553	1175	711	1968	5	15	1474	107	574	0,100,0,0,0,0	20996	300	84	56701	2140	12661	93387,93957,91683,34413,34413,34413,34413	0	9	24675,31275,1752,0,0,0,0	12	78307
175616	136	250	229	44	42	6	2	0	687	553	1181	721	1989	4	13	1513	108	601	0,100,0,0,0,0	11630	295	86	56772	2156	12908	93442,94008,91743,34536,34536,34536,34536	0	9	24675,31275,1839,0,0,0,0	17	78302
175538	145	254	245	47	39	6	2	0	730	553	1187	719	1901	9	17	1442	114	624	0,100,0,0,0,0	11839	302	107	56866	2171	13162	93519,94083,91825,34681,34681,34681,34681	0	3	24675,31275,1948,0,0,0,0	16	78293
175469	157	286	231	38	47	9	3	0	764	553	1189	767	1915	6	11	1355	127	644	0,100,0,0,0,0	11507	262	111	56963	2186	13371	93597,94157,91909,34827,34827,34827,34827	0	4	24675,31275,2058,0,0,0,0	19	78293
175387	172	306	247	42	53	6	3	0	783	553	1194	758	1953	7	15	1266	132	697	0,100,0,0,0,0	11571	242	122	57067	2205	13572	93676,94234,91993,34971,34971,34971,34971	0	6	24675,31275,2181,0,0,0,0	20	78272
175302	181	345	266	42	53	6	3	0	796	553	1199	747	1875	11	19	1324	143	753	0,100,0,0,0,0	11441	253	139	57191	2220	13793	93756,94310,92079,35112,35112,35112,35112	0	8	24675,31275,2320,0,0,0,0	17	78240
175220	202	358	261	49	53	8	3	0	835	553	1204	727	1876	6	16	1330	158	776	0,100,0,0,0,0	20899	257	123	57304	2230	14014	93841,94393,92169,35256,35256,35256,35256	0	7	24675,31275,2441,0,0,0,0	16	78207
175149	205	372	276	46	53	6	3	0	875	554	1207	765	1951	5	14	1022	152	809	0,100,0,0,0,0	20898	274	127	57419	2243	14247	93899,94449,92232,35384,35384,35384,35384	0	10	24675,31275,2567,0,0,0,0	18	78175
175025	231	389	294	58	52	6	2	1	918	555	1215	741	2027	9	19	1335	164	868	0,100,0,0,0,0	11598	300	165	57557	2270	14498	93984,94533,92324,35553,35553,35553,35553	0	15	24675,31275,2732,0,0,0,0	17	78160
174900	253	446	288	61	49	6	2	1	966	555	1219	717	2004	10	18	1505	193	912	0,100,0,0,0,0	11689	290	178	57722	2285	14761	94082,94629,92427,35740,35740,35740,35740	0	10	24675,31275,2912,0,0,0,0	22	78104
174757	266	507	315	74	57	4	1	1	987	557	1220	716	2059	10	14	1684	198	1026	0,100,0,0,0,0	12022	265	197	57893	2312	14990	94202,94748,92553,35952,35952,35952,35952	0	11	24675,31275,3109,0,0,0,0	18	78058
174602	317	507	376	68	62	5	1	1	1027	557	1223	711	1956	17	27	1810	210	1126	0,100,0,0,0,0	11981	281	211	58082	2337	15228	94324,94869,92682,36161,36161,36161,36161	1	14	24675,31275,3322,0,0,0,0	18	78010
174438	350	561	399	59	65	7	1	1	1083	557	1225	703	1951	13	23	1930	231	1211	0,100,0,0,0,0	12196	270	226	58293	2352	15467	94466,95010,92830,36384,36384,36384,36384	1	7	24675,31275,3548,0,0,0,0	19	77954
174291	322	635	426	66	74	7	1	1	1137	557	1229	696	1913	5	17	1970	240	1291	0,100,0,0,0,0	21335	300	201	58474	2374	15715	94575,95117,92946,36592,36592,36592,36592	1	6	24675,31275,3750,0,0,0,0	20	77900
174152	311	645	454	78	102	6	1	1	1205	557	1234	697	2082	15	34	2172	260	1337	0,100,0,0,0,0	21590	284	210	58665	2393	15963	94690,95231,93068,36804,36804,36804,36804	1	14	24675,31275,3959,0,0,0,0	20	77840
173936	349	691	487	94	104	7	2	1	1283	557	1235	719	2049	17	38	2410	288	1446	0,100,0,0,0,0	12611	261	266	58908	2419	16182	94850,95390,93233,37082,37082,37082,37082	1	12	24675,31275,4228,0,0,0,0	18	77766
173704	377	757	534	87	107	9	3	1	1373	558	1236	701	2003	19	41	2812	324	1550	0,100,0,0,0,0	12869	299	305	59174	2461	16439	95013,95553,93404,37361,37361,37361,37361	1	13	24675,31275,4534,0,0,0,0	28	77682
173486	414	783	583	90	106	9	4	1	1470	558	1242	693	1909	9	33	2840	341	1648	0,100,0,0,0,0	13171	302	293	59438	2494	16699	95188,95727,93588,37653,37653,37653,37653	1	13	24675,31275,4828,0,0,0,0	32	77592
173222	464	858	593	93	111	9	4	1	1587	558	1246	696	2001	13	38	2896	343	1789	0,100,0,0,0,0	13071	344	351	59751	2533	16994	95418,95955,93826,37993,37993,37993,37993	1	8	24675,31275,5178,0,0,0,0	32	77510
172969	526	902	639	112	121	10	4	1	1657	558	1247	718	2000	12	37	2936	379	1935	0,100,0,0,0,0	13207	281	358	60072	2575	17229	95638,96176,94058,38343,38343,38343,38343	1	12	24675,31275,5541,0,0,0,0	28	77398
172733	515	963	659	118	131	7	4	1	1805	559	1251	708	2012	14	38	3189	391	2006	0,100,0,0,0,0	22256	281	308	60356	2599	17478	95827,96365,94254,38642,38642,38642,38642	1	18	24675,31275,5847,0,0,0,0	27	77296
172534	513	965	725	141	138	9	5	1	1899	559	1257	672	2039	16	45	3174	409	2087	0,100,0,0,0,0	22459	308	302	60635	2624	17739	96004,96541,94441,38930,38930,38930,38930	1	16	24675,31275,6151,0,0,0,0	24	77206
172295	529	1034	766	156	136	12	6	1	1994	559	1258	710	1870	18	45	3481	451	2188	0,100,0,0,0,0	13734	298	374	60965	2670	17997	96227,96762,94676,39265,39265,39265,39265	1	16	24675,31275,6525,0,0,0,0	22	77090
171998	564	1115	781	161	146	11	7	1	2141	559	1262	714	1852	24	47	3692	475	2310	0,100,0,0,0,0	13540	334	414	61323	2731	18284	96471,97006,94933,39638,39638,39638,39638	1	15	24675,31275,6943,0,0,0,0	29	76959
171637	643	1169	838	175	148	11	7	1	2292	560	1265	701	2077	17	60	4049	512	2479	0,100,0,0,0,0	14398	341	459	61727	2791	18572	96766,97302,95239,40092,40092,40092,40092	1	16	24675,31275,7407,0,0,0,0	40	76803
171302	690	1224	901	184	171	11	6	1	2425	562	1269	697	1997	21	47	4362	549	2638	0,100,0,0,0,0	14700	348	464	62140	2845	18873	97068,97605,95555,40526,40526,40526,40526	1	18	24675,31275,7871,0,0,0,0	37	76664
170895	742	1317	973	200	188	12	7	1	2575	562	1274	668	1983	27	71	4637	634	2805	0,100,0,0,0,0	14740	308	526	62595	2921	19140	97417,97952,95917,41031,41031,41031,41031	2	19	24675,31275,8400,0,0,0,0	34	76492
170546	787	1365	1003	213	217	14	7	1	2753	563	1277	675	1951	24	60	5179	686	2920	0,100,0,0,0,0	24014	313	483	63015	2986	19415	97703,98239,96218,41471,41471,41471,41471	2	33	24675,31275,8883,0,0,0,0	42	76303
170254	760	1437	1048	239	207	17	9	1	2931	563	1280	660	2035	28	57	5446	719	2998	0,100,0,0,0,0	24483	357	454	63413	3045	19737	97988,98523,96518,41889,41889,41889,41889	2	20	24675,31275,9338,0,0,0,0	37	76139
170020	684	1497	1095	234	213	21	8	0	3122	565	1287	663	1987	22	81	5326	715	3037	0,100,0,0,0,0	25493	335	404	63765	3102	20033	98222,98758,96769,42267,42267,42267,42267	2	22	24675,31275,9746,0,0,0,0	41	75964
169746	708	1483	1163	229	222	21	8	1	3311	565	1289	653	1958	27	75	5839	696	3138	0,100,0,0,0,0	25934	293	468	64175	3164	20284	98498,99032,97060,42676,42676,42676,42676	2	19	24675,31275,10213,0,0,0,0	41	75783
169428	722	1482	1253	245	226	26	6	2	3498	567	1291	638	2044	26	70	6023	735	3225	0,100,0,0,0,0	26106	328	497	64602	3235	20574	98771,99306,97351,43093,43093,43093,43093	2	32	24675,31275,10709,0,0,0,0	56	75567
169121	751	1500	1263	244	242	27	6	2	3726	569	1295	627	2047	20	85	6378	782	3251	0,100,0,0,0,0	26279	283	495	65035	3300	20817	99054,99589,97652,43519,43519,43519,43519	2	22	24675,31275,11203,0,0,0,0	59	75355
168836	766	1523	1287	257	246	30	8	2	3923	569	1299	654	1965	35	83	6868	808	3309	0,100,0,0,0,0	26842	307	496	65461	3371	21082	99304,99839,97921,43906,43906,43906,43906	2	29	24675,31275,11699,0,0,0,0	67	75132
168572	749	1555	1304	271	248	30	9	2	4135	570	1301	625	2019	34	90	6919	833	3333	0,100,0,0,0,0	25960	313	488	65887	3438	21357	99574,100107,98209,44297,44297,44297,44297	2	30	24675,31275,12186,0,0,0,0	77	74924
168347	760	1598	1309	275	261	37	9	2	4273	571	1304	599	1875	25	89	7272	846	3403	0,100,0,0,0,0	26126	301	524	66345	3505	21615	99865,100398,98526,44701,44701,44701,44701	3	21	24675,31275,12708,0,0,0,0	81	74710
168042	862	1564	1367	292	262	41	12	2	4422	571	1309	614	2030	28	101	6830	874	3526	0,100,0,0,0,0	27137	292	571	66836	3586	21856	100188,100720,98871,45143,45143,45143,45143	3	33	24675,31275,13271,0,0,0,0	88	74492
167695	880	1649	1417	281	270	45	11	2	4611	572	1313	620	2042	29	84	7104	878	3675	0,100,0,0,0,0	17463	551	595	67341	3683	22361	100510,101042,99216,45597,45597,45597,45597	3	32	24675,31275,13869,0,0,0,0	90	74258
167362	886	1729	1455	287	277	46	14	3	4795	573	1319	618	1890	30	88	7386	884	3810	0,100,0,0,0,0	17447	543	598	67858	3771	22852	100934,101464,99663,46187,46187,46187,46187	3	28	24675,31275,14469,0,0,0,0	81	74046
167011	941	1758	1462	292	273	46	17	4	5047	574	1321	623	1905	35	102	7017	880	3909	0,100,0,0,0,0	17591	534	623	68388	3866	23333	101379,101910,100133,46803,46803,46803,46803	3	25	24675,31275,15089,0,0,0,0	86	73836
166568	1002	1891	1505	302	266	47	22	4	5242	574	1323	604	1940	34	88	6865	882	4153	0,100,0,0,0,0	17307	495	729	69018	3966	23786	101880,102409,100658,47493,47493,47493,47493	3	30	24675,31275,15813,0,0,0,0	91	73561
166210	991	1964	1542	300	290	52	24	3	5465	574	1331	599	1988	36	91	6885	938	4225	0,100,0,0,0,0	25542	488	631	69571	4045	24233	102305,102835,101107,48083,48083,48083,48083	3	42	24675,31275,16437,0,0,0,0	110	73299
165930	965	1987	1606	303	323	53	26	2	5638	576	1337	561	2034	44	88	6604	914	4349	0,100,0,0,0,0	25884	474	609	70103	4127	24646	102703,103234,101533,48628,48628,48628,48628	3	33	24675,31275,17048,0,0,0,0	108	73056
165514	1070	2060	1648	315	334	55	27	2	5799	577	1345	554	2005	44	116	6356	966	4543	0,100,0,0,0,0	16892	537	803	70799	4239	25105	103248,103778,102112,49325,49325,49325,49325	4	37	24675,31275,17855,0,0,0,0	104	72782
165078	1149	2130	1737	319	356	58	32	2	5957	578	1350	543	1987	41	123	6575	1048	4733	0,100,0,0,0,0	16663	703	787	71469	4361	25740	103780,104308,102673,50020,50020,50020,50020	4	37	24675,31275,18633,0,0,0,0	111	72509
164602	1200	2264	1799	340	331	59	33	2	6185	579	1352	558	2013	42	122	6923	1079	4947	0,100,0,0,0,0	16936	718	821	72191	4466	26391	104396,104924,103318,50833,50833,50833,50833	4	42	24675,31275,19453,0,0,0,0	121	72219
164181	1244	2314	1837	360	361	58	35	2	6419	580	1355	583	1933	42	122	7155	1121	5088	0,100,0,0,0,0	17219	662	810	72883	4589	26986	104985,105513,103940,51619,51619,51619,51619	4	38	24675,31275,20260,0,0,0,0	111	71915
163691	1283	2469	1862	356	377	62	35	2	6661	583	1365	564	1995	47	129	7597	1230	5214	0,100,0,0,0,0	17802	691	854	73633	4697	27613	105610,106137,104596,52439,52439,52439,52439	4	36	24675,31275,21112,0,0,0,0	120	71597
163305	1268	2512	1924	378	416	55	37	2	6896	586	1367	544	1980	51	112	7875	1249	5341	0,100,0,0,0,0	26593	713	787	74313	4816	28260	106167,106695,105187,53184,53184,53184,53184	4	42	24675,31275,21898,0,0,0,0	120	71278
162937	1285	2534	2043	394	428	58	37	2	7070	588	1370	568	2031	49	136	8725	1330	5449	0,100,0,0,0,0	27136	682	819	75029	4926	28874	106742,107272,105799,53946,53946,53946,53946	5	48	24675,31275,22714,0,0,0,0	117	70919
162472	1332	2610	2131	387	439	64	36	2	7311	592	1370	555	2002	50	133	9235	1389	5610	0,100,0,0,0,0	19271	689	911	75808	5058	29494	107385,107916,106481,54770,54770,54770,54770	5	37	24675,31275,23616,0,0,0,0	123	70590
162007	1330	2703	2185	382	443	68	37	2	7620	596	1373	557	1893	49	136	9263	1423	5725	0,100,0,0,0,0	19356	889	881	76553	5198	30321	108009,108541,107139,55577,55577,55577,55577	5	43	24675,31275,24486,0,0,0,0	134	70261
161525	1337	2816	2275	393	424	64	31	3	7899	601	1378	533	1989	46	139	9797	1469	5871	0,100,0,0,0,0	19867	881	955	77360	5350	31140	108718,109249,107887,56504,56504,56504,56504	5	47	24675,31275,25432,0,0,0,0	127	69894
161050	1401	2835	2392	428	459	59	32	2	8099	604	1385	540	1975	49	121	9780	1481	6125	0,100,0,0,0,0	19986	869	960	78198	5478	31946	109459,109989,108666,57445,57445,57445,57445	5	30	24675,31275,26384,0,0,0,0	123	69536
160573	1470	2863	2499	427	454	52	26	2	8383	610	1387	568	1925	50	141	9838	1488	6303	0,100,0,0,0,0	20109	886	969	79022	5629	32765	110182,110709,109429,58373,58373,58373,58373	5	47	24675,31275,27347,0,0,0,0	114	69164
160218	1455	2870	2555	428	472	55	21	3	8666	615	1388	542	1964	58	144	9542	1499	6357	0,100,0,0,0,0	28060	841	862	79750	5766	33541	110805,111332,110095,59189,59189,59189,59189	5	48	24675,31275,28202,0,0,0,0	105	68789
159944	1404	2879	2585	464	485	55	20	3	8901	618	1388	549	1956	60	130	9858	1527	6365	0,100,0,0,0,0	28581	985	853	80455	5920	34353	111417,111943,110753,59954,59954,59954,59954	5	43	24675,31275,29046,0,0,0,0	112	68519
159515	1407	2960	2620	463	457	56	25	2	9228	621	1392	560	1968	53	176	10383	1554	6434	0,100,0,0,0,0	20660	1003	975	81268	6084	35182	112133,112658,111512,60864,60864,60864,60864	5	39	24675,31275,30000,0,0,0,0	107	68185
159104	1410	3004	2623	474	473	56	26	2	9551	625	1398	537	1966	55	156	10034	1517	6549	0,100,0,0,0,0	20520	1657	945	82068	6236	36645	112831,113355,112252,61740,61740,61740,61740	5	47	24675,31275,30935,0,0,0,0	123	67871
158726	1460	3005	2710	472	464	56	27	1	9796	628	1401	532	2012	51	162	10283	1562	6632	0,100,0,0,0,0	20547	1716	964	82874	6404	38179	113733,114257,113201,62900,62900,62900,62900	5	42	24675,31275,31887,0,0,0,0	120	67575
158316	1473	3070	2698	481	482	58	23	2	10104	635	1404	520	1973	52	133	10737	1557	6728	0,100,0,0,0,0	20814	1721	986	83696	6569	39701	114648,115170,114162,64097,64097,64097,64097	5	44	24675,31275,32860,0,0,0,0	112	67253
157950	1461	3140	2715	472	464	65	19	2	10414	639	1405	508	1956	56	161	10792	1547	6789	0,100,0,0,0,0	21095	1693	975	84506	6742	41204	115538,116059,115101,65252,65252,65252,65252	6	53	24675,31275,33824,0,0,0,0	117	66929
157743	1423	2995	2819	504	495	61	20	2	10635	641	1408	534	1986	65	137	10662	1561	6756	0,100,0,0,0,0	28851	1654	852	85207	6898	42681	116314,116835,115927,66271,66271,66271,66271	6	45	24675,31275,34664,0,0,0,0	116	66596
157524	1399	2965	2770	516	491	57	25	3	10944	642	1410	563	1951	61	165	11078	1595	6628	0,99,0,0,0,0	29259	1597	843	85936	7047	44134	117126,117649,116791,67308,67308,67308,67308	6	45	24675,31275,35496,29,0,0,0	135	66241
157244	1414	2940	2750	524	508	65	28	1	11216	644	1412	547	2013	60	186	11482	1643	6586	0,99,0,0,0,0	21702	1738	907	86680	7239	45716	117968,118489,117683,68363,68363,68363,68363	6	44	24675,31275,36379,57,0,0,0	137	65926
156989	1437	2947	2754	500	527	68	28	2	11434	646	1414	542	1987	59	185	11542	1716	6545	0,98,1,0,0,0	21767	842	875	87416	7427	46415	118836,119357,118604,69451,69451,69451,69451	6	40	24675,31275,37234,108,0,0,0	150	65589
156829	1416	2930	2812	499	513	63	28	3	11586	649	1418	546	1894	45	170	11811	1730	6531	0,98,1,0,0,0	22192	873	865	88133	7602	47125	119447,119968,119271,70099,70099,70099,70099	6	39	24675,31275,38065,149,0,0,0	145	65288
156645	1409	2911	2873	511	520	68	28	3	11702	653	1423	555	1987	52	157	12077	1728	6592	0,97,2,0,0,0	22106	871	905	88888	7775	47851	120070,120592,119949,70769,70769,70769,70769	6	42	24675,31275,38925,196,0,0,0	140	64940
156410	1448	2900	2832	495	535	70	24	3	11946	656	1427	540	1974	61	154	11917	1682	6622	0,97,2,0,0,0	22410	882	915	89631	7983	48583	120693,121212,120628,71462,71462,71462,71462	6	40	24675,31275,39787,262,0,0,0	144	64596
156448	1338	2841	2784	527	537	75	19	4	12083	660	1430	540	1959	47	172	11364	1669	6452	0,96,3,0,0,0	29980	863	743	90226	8135	49309	121166,121684,121158,71941,71940,71940,71940	6	44	24675,31275,40469,311,0,0,0	147	64302
156461	1267	2742	2781	530	505	75	21	2	12269	661	1432	500	2003	63	159	11115	1591	6330	0,96,3,0,0,0	29684	843	762	90833	8296	50001	121636,122154,121686,72427,72427,72427,72427	6	44	24675,31275,41172,356,0,0,0	144	63986
156284	1274	2775	2724	528	508	72	20	3	12461	664	1433	491	1974	48	163	11308	1614	6287	0,95,4,0,0,0	21682	921	893	91530	8500	50746	122212,122729,122314,73052,73052,73052,73052	6	40	24675,31275,41984,424,0,0,0	133	63688
156230	1331	2686	2714	518	499	73	23	3	12564	668	1437	503	1930	55	165	11247	1589	6255	0,94,5,0,0,0	21451	790	859	92200	8695	51364	122762,123278,122921,73620,73619,73619,73619	6	31	24675,31275,42734,505,0,0,0	115	63392
156179	1299	2684	2692	491	501	73	26	2	12689	669	1441	520	1957	45	139	11059	1557	6209	0,94,5,0,0,0	21524	734	834	92846	8891	51947	123242,123758,123458,74112,74111,74111,74111	6	48	24675,31275,43480,577,0,0,0	118	63049
156137	1320	2662	2660	464	483	82	26	2	12790	675	1445	515	1950	55	160	10802	1511	6186	0,93,6,0,0,0	21272	691	832	93480	9095	52492	123725,124243,123999,74582,74581,74581,74581	5	38	24675,31275,44186,682,0,0,0	119	62755
156123	1364	2612	2591	481	495	85	27	2	12843	676	1447	524	2018	53	144	10250	1492	6163	0,93,6,0,0,0	21212	749	830	94095	9311	53094	124171,124688,124502,75008,75006,75006,75006	5	40	24675,31275,44883,788,0,0,0	136	62466
156244	1249	2586	2584	470	468	83	23	4	12906	679	1450	499	1942	42	153	9696	1458	6005	0,92,7,0,0,0	28495	734	674	94638	9452	53677	124563,125080,124950,75356,75354,75354,75354	5	36	24675,31275,45465,872,0,0,0	135	62190
156346	1163	2536	2544	469	461	88	25	5	12975	680	1454	500	1990	41	108	9607	1393	5893	0,91,8,0,0,0	28133	724	709	95181	9626	54236	124953,125468,125395,75712,75708,75708,75708	5	44	24675,31275,46052,979,0,0,0	126	61921
156411	1160	2458	2520	489	453	81	24	4	13007	684	1455	478	1873	43	168	9672	1402	5783	0,90,9,0,0,0	19742	731	758	95751	9817	54816	125356,125870,125857,76074,76068,76068,76068	5	30	24675,31275,46654,1110,0,0,0	125	61641
156509	1187	2396	2447	469	443	85	27	4	13035	685	1459	485	1942	55	144	9676	1361	5693	0,89,10,0,0,0	20027	270	777	96349	10002	55086	125768,126282,126330,76446,76438,76438,76438	5	51	24675,31275,47282,1240,0,0,0	120	61295
156556	1210	2321	2452	434	437	88	28	5	13062	687	1466	505	1998	40	156	9439	1335	5635	0,88,11,0,0,0	19766	275	740	96869	10223	55361	126058,126573,126675,76678,76670,76670,76670	5	39	24675,31275,47827,1406,0,0,0	124	60999
156683	1176	2315	2353	455	396	89	29	5	13086	688	1471	495	1939	49	132	9365	1290	5523	0,87,12,0,0,0	19734	222	709	97369	10436	55583	126340,126854,127014,76867,76857,76857,76857	5	31	24675,31275,48374,1539,0,0,0	133	60721
156802	1169	2351	2295	430	394	84	29	5	13020	693	1474	479	1900	32	132	9177	1266	5486	0,86,13,0,0,0	19609	266	748	97909	10650	55849	126642,127154,127370,77064,77053,77053,77053	5	32	24675,31275,48915,1723,0,0,0	126	60436
156926	1168	2246	2285	433	406	71	31	4	13006	694	1476	489	1991	36	109	8809	1236	5404	0,84,15,0,0,0	27454	285	678	98389	10854	56134	126899,127412,127681,77247,77232,77232,77232	5	29	24675,31275,49396,1900,0,0,0	115	60172
157176	1094	2167	2291	428	400	66	28	6	12912	698	1480	469	1961	47	114	8365	1209	5265	0,83,16,0,0,0	27317	254	607	98815	11038	56388	127136,127649,127972,77387,77369,77369,77369	5	38	24675,31275,49830,2051,0,0,0	105	59905
157351	1106	2153	2225	397	395	67	28	4	12836	701	1483	462	1950	50	130	8204	1178	5193	0,82,17,0,0,0	18538	277	697	99285	11270	56665	127401,127914,128292,77559,77539,77539,77539	5	32	24675,31275,50307,2260,0,0,0	102	59640
157408	1159	2179	2141	400	368	68	29	3	12802	703	1486	476	2047	42	130	8213	1184	5160	0,79,20,0,0,0	18519	93	755	99804	11508	56758	127696,128209,128640,77800,77777,77777,77777	5	29	24675,31275,50772,2529,0,0,0	112	59340
157582	1181	2142	2143	375	353	72	29	4	12669	707	1489	460	2033	29	119	8316	1167	5128	0,78,21,0,0,0	28045	104	699	100315	11703	56862	127914,128427,128912,77912,77886,77886,77886	5	38	24675,31275,51202,2781,0,0,0	106	59020
157764	1162	2141	2132	357	336	69	32	4	12546	709	1494	459	1894	42	123	7892	1085	5144	0,75,24,0,0,0	28137	84	664	100763	11925	56946	128092,128604,129140,78002,77972,77972,77972	5	42	24675,31275,51565,3068,0,0,0	107	58736
157969	1097	2166	2094	324	345	64	32	3	12445	711	1496	466	1954	50	108	7974	1082	5040	0,73,26,0,0,0	26495	92	629	101184	12139	57038	128257,128766,129354,78059,78025,78025,78025	5	36	24675,31275,51918,3336,0,0,0	108	58479
158161	1063	2152	2112	317	343	57	32	5	12293	712	1499	494	1938	38	104	8194	1064	5012	0,70,29,0,0,0	27019	106	668	101630	12365	57144	128435,128942,129582,78145,78106,78106,78106	5	48	24675,31275,52280,3629,0,0,0	103	58210
158314	1061	2043	2115	334	313	53	34	6	12258	714	1501	500	1993	41	97	8107	1027	4926	0,68,31,0,0,0	26628	113	631	102058	12573	57257	128588,129096,129780,78230,78187,78187,78187	5	29	24675,31275,52584,3937,0,0,0	105	57942
158401	1102	1990	2036	359	317	52	33	4	12231	716	1505	486	1991	48	92	7833	978	4911	0,66,33,0,0,0	27859	103	685	102497	12828	57360	128761,129266,129996,78353,78305,78305,78305	5	36	24675,31275,52899,4287,0,0,0	103	57651
158461	1126	1950	2080	339	320	57	27	5	12148	725	1508	495	1959	42	107	7893	978	4921	0,63,36,0,0,0	27695	76	708	102960	13080	57436	128943,129449,130224,78503,78448,78448,78448	5	46	24675,31275,53215,4667,0,0,0	98	57356
158551	1130	1964	2035	322	297	53	25	6	12124	729	1510	499	1915	42	116	8065	958	4868	0,61,38,0,0,0	27652	77	706	103414	13338	57513	129111,129615,130436,78622,78563,78563,78563	5	43	24675,31275,53513,5059,0,0,0	96	57056
158618	1176	1945	2007	338	294	49	25	5	12044	733	1512	519	1914	55	110	7601	941	4893	0,58,41,0,0,0	27761	83	718	103874	13603	57596	129283,129785,130652,78754,78690,78690,78690	5	47	24675,31275,53785,5490,0,0,0	100	56755
158738	1180	1968	1995	311	292	57	26	5	11925	733	1516	520	2020	56	121	7652	964	4865	0,56,43,0,0,0	27585	75	697	104320	13859	57671	129421,129924,130831,78870,78798,78798,78798	5	51	24675,31275,54034,5924,0,0,0	112	56436
158821	1166	1994	1999	325	285	54	23	6	11821	736	1516	529	1938	47	90	7849	977	4869	0,53,46,0,0,0	26619	88	710	104766	14126	57759	129566,130065,131014,79002,78921,78921,78921	5	46	24675,31275,54269,6386,0,0,0	117	56127
158961	1130	2005	1996	303	277	51	28	7	11732	737	1519	530	1964	57	99	7655	952	4838	0,50,49,0,0,0	26350	76	660	105162	14395	57835	129700,130197,131191,79112,79022,79022,79022	5	42	24675,31275,54472,6836,0,0,0	121	55878
158877	1252	1974	1992	312	279	55	27	7	11706	741	1524	537	1963	54	113	7428	974	4917	0,47,52,0,0,0	17741	63	845	105669	14743	57898	129906,130403,131434,79378,79278,79278,79278	5	54	24675,31275,54727,7422,0,0,0	120	55539
158796	1372	2000	1953	307	271	53	25	8	11691	744	1526	510	1930	46	84	7191	945	5036	0,44,55,0,0,0	17441	300	856	106164	15109	58198	130108,130604,131670,79628,79518,79518,79518	5	37	24675,31275,54936,8049,0,0,0	114	55205
158718	1405	2117	1956	294	269	48	25	8	11631	746	1529	514	1985	51	93	7176	945	5169	0,40,59,0,0,0	17257	279	873	106656	15496	58477	130354,130847,131950,79977,79855,79855,79855	5	39	24675,31275,55139,8708,0,0,0	100	54882
158591	1468	2262	2009	282	261	46	25	7	11515	748	1532	466	1927	49	111	7087	967	5386	0,38,61,0,0,0	17083	297	944	107190	15914	58774	130600,131091,132230,80349,80214,80214,80214	6	59	24675,31275,55345,9427,0,0,0	108	54517
158334	1601	2334	2141	276	274	46	26	7	11422	749	1536	457	1945	60	84	7190	956	5742	0,35,64,0,0,0	17244	279	1052	107778	16383	59053	130899,131389,132562,80802,80655,80655,80655	6	55	24675,31275,55550,10260,0,0,0	95	54131
158136	1616	2440	2194	265	286	43	23	7	11446	752	1538	449	1931	55	98	6876	934	5933	0,32,67,0,0,0	25793	276	961	108289	16835	59329	131139,131626,132835,81189,81031,81031,81031	6	58	24675,31275,55722,11037,0,0,0	97	53786
157975	1639	2502	2261	284	274	40	22	7	11445	755	1542	477	1991	47	93	6827	930	6092	0,29,70,0,0,0	25574	287	995	108794	17335	59616	131378,131865,133108,81599,81425,81425,81425	6	55	24675,31275,55878,11878,0,0,0	105	53464
157461	1843	2547	2384	274	290	36	24	9	11579	755	1544	485	1952	89	114	6543	941	6457	0,27,72,0,0,0	16760	270	1223	109468	17908	59886	131751,132238,133508,82232,82043,82043,82043	6	62	24675,31275,56056,12923,17,0,0	91	53007
156956	2045	2678	2480	287	293	35	25	7	11638	756	1546	498	2012	56	117	6553	970	6873	0,24,75,0,0,0	16393	327	1284	110178	18508	60213	132119,132602,133905,82847,82642,82642,82642	6	56	24675,31275,56209,14038,42,0,0	98	52551
156381	2191	2833	2617	296	274	33	21	10	11784	758	1548	482	1874	58	98	6792	987	7278	0,22,76,0,0,0	17042	343	1309	110844	19177	60556	132469,132951,134280,83495,83272,83272,83272	6	69	24675,31275,56355,15176,70,0,0	89	52109
155741	2295	3086	2730	302	288	35	21	10	11930	760	1548	503	1930	81	99	6621	1017	7740	0,20,78,1,0,0	16603	356	1375	111539	19883	60912	132842,133327,134677,84211,83969,83969,83969	7	58	24675,31275,56504,16381,99,0,0	97	51640
154974	2508	3279	2924	299	296	41	21	11	12082	762	1549	461	2004	75	120	6751	1064	8304	0,18,80,1,0,0	16669	322	1575	112336	20682	61234	133283,133768,135139,85051,84788,84788,84788	7	81	24675,31275,56639,17778,144,0,0	106	51099
154267	2640	3448	3083	287	300	38	21	11	12336	764	1551	470	2015	79	123	6706	1089	8728	0,16,82,1,0,0	25028	330	1507	113106	21448	61564	133677,134158,135552,85850,85562,85562,85562	7	82	24675,31275,56760,19132,187,0,0	110	50549
153521	2595	3745	3175	314	321	31	21	11	12695	764	1553	500	1874	91	115	6734	1132	9070	0,14,83,2,0,0	25457	333	1535	113864	22235	61897	134052,134531,135947,86652,86339,86339,86339	8	107	24675,31275,56870,20503,236,0,0	114	49999
152514	2815	3937	3382	336	357	34	21	9	13019	766	1556	505	2006	93	142	7822	1249	9633	0,13,84,2,0,0	17481	344	1848	114750	23208	62241	134559,135036,136469,87688,87348,87347,87347	8	93	24675,31275,57009,22151,290,0,0	109	49396
151296	3204	4037	3664	357	349	38	19	9	13446	767	1560	484	1984	106	158	8341	1365	10303	0,11,85,2,0,0	18295	337	1998	115710	24255	62578	135109,135582,137028,88836,88468,88467,88467	8	84	24675,31275,57104,23968,363,0,0	123	48719
150152	3405	4252	3909	378	363	42	17	8	13890	769	1561	504	1985	118	150	8505	1484	10882	0,10,86,2,0,0	18386	333	2005	116685	25292	62911	135636,136108,137571,89956,89557,89557,89557	9	108	24675,31275,57202,25805,426,0,0	118	48037
148945	3503	4659	4035	377	371	38	18	10	14455	769	1566	536	1962	109	148	9117	1605	11396	0,9,87,2,0,0	19001	366	2088	117698	26384	63277	136226,136694,138168,91162,90730,90729,90729	10	126	24675,31275,57291,27726,501,0,0	126	47368
147512	3770	4944	4376	391	403	37	20	9	14948	769	1567	553	1982	127	168	9468	1718	12223	0,8,88,3,0,0	19653	359	2374	118846	27626	63636	136851,137313,138797,92538,92069,92068,92068	10	112	24675,31275,57378,29908,596,0,0	119	46533
146399	3765	5067	4699	394	433	34	16	11	15585	772	1571	546	1939	130	159	10359	1782	12626	0,7,88,3,0,0	28641	326	2075	119800	28762	63962	137341,137797,139292,93704,93197,93195,93195	11	126	24675,31275,57456,31794,696,0,0	124	45823
145185	3673	5342	4992	416	470	34	16	8	16263	773	1574	537	1983	152	161	11089	1944	12999	0,7,89,3,0,0	29160	359	2197	120805	29971	64321	137836,138293,139794,94928,94381,94378,94378	12	117	24675,31275,57533,33799,793,0,0	130	45071
143548	3997	5534	5204	419	495	34	19	6	17139	774	1577	526	1915	131	200	11933	2101	13601	0,6,89,3,0,0	21964	398	2650	122029	31414	64719	138525,138972,140482,96521,95929,95926,95926	12	144	24675,31275,57602,36250,920,0,0	127	44165
142141	4270	5694	5341	440	486	35	23	8	17948	776	1584	511	1907	132	200	12508	2165	14124	0,5,90,4,0,0	22463	313	2528	123210	32779	65032	139148,139596,141101,98027,97387,97383,97383	13	128	24675,31275,57646,38600,1050,0,0	115	43303
140708	4332	5917	5616	456	517	39	20	9	18760	779	1593	515	2036	135	159	12672	2188	14709	0,5,90,4,0,0	22798	333	2565	124316	34260	65365	139724,140167,141677,99487,98796,98791,98791	13	125	24675,31275,57708,40946,1198,0,0	117	42509
139109	4449	6173	5828	491	537	42	23	7	19711	781	1595	508	1906	146	220	12530	2215	15328	0,4,90,4,0,0	22903	327	2695	125540	35755	65692	140377,140816,142323,101075,100333,100327,100327	14	133	24675,31275,57755,43419,1368,0,0	129	41632
137538	4585	6339	6097	513	534	40	22	7	20686	785	1600	547	1945	143	209	12886	2245	15885	0,3,90,5,0,0	22807	340	2777	126784	37306	66032	141009,141440,142943,102689,101889,101881,101881	14	134	24675,31275,57786,45995,1543,0,0	140	40714
136159	4526	6438	6312	538	514	37	25	7	21799	788	1603	553	1929	161	217	12906	2275	16115	0,3,90,5,0,0	30926	374	2549	127915	38737	66406	141549,141973,143475,104154,103297,103288,103288	15	155	24675,31275,57814,48315,1716,0,0	168	39852
134898	4446	6573	6363	546	524	45	22	10	22923	790	1606	514	1890	156	195	12902	2273	16246	0,3,90,5,0,0	30927	318	2573	129074	40182	66724	142062,142482,143980,105644,104721,104710,104710	16	162	24675,31275,57846,50642,1921,0,0	182	38972
133299	4678	6638	6545	589	525	48	21	12	23991	791	1609	498	1967	160	226	12841	2312	16732	0,2,90,6,0,0	23366	322	2956	130380	41850	67046	142710,143119,144613,107355,106368,106355,106355	16	149	24675,31275,57874,53324,2145,0,0	161	38015
131763	4929	6678	6721	616	572	51	23	11	24978	792	1612	485	1935	184	261	13191	2434	17156	0,2,90,6,0,0	23069	115	2998	131684	43558	67161	143363,143758,145250,109113,108055,108040,108040	17	170	24675,31275,57910,56005,2383,0,0	163	37052
130437	4930	6898	6841	599	576	57	22	13	25966	794	1613	489	2015	190	261	13571	2563	17360	0,2,90,7,0,0	23548	114	2876	132932	45208	67275	143895,144283,145770,110732,109595,109577,109577	17	144	24675,31275,57939,58561,2651,0,0	167	36119
129144	4916	6995	6995	601	580	56	24	14	27011	796	1614	506	1920	177	257	13796	2659	17508	0,2,90,7,0,0	23763	117	2870	134140	46888	67392	144415,144800,146275,112319,111102,111080,111080	17	134	24675,31275,57960,61092,2925,0,0	180	35237
127851	4924	7137	7148	598	571	51	25	17	28010	797	1617	500	1949	163	251	13988	2752	17702	0,1,89,8,0,0	24007	143	2955	135352	48652	67535	144917,145293,146757,113956,112656,112629,112629	18	172	24675,31275,57978,63679,3227,0,0	163	34332
127015	4626	7092	7218	606	598	45	29	15	29082	799	1621	487	1882	185	223	14319	2742	17472	0,1,89,8,0,0	32045	132	2497	136383	50137	67667	145266,145636,147097,115298,113912,113881,113881	18	155	24675,31275,57989,65906,3460,0,0	184	33544
126194	4346	7032	7355	630	616	44	35	12	30059	801	1622	499	1886	169	218	14414	2713	17345	0,1,89,9,0,0	31986	104	2558	137396	51697	67771	145592,145958,147409,116641,115163,115129,115129	18	145	24675,31275,58006,68089,3781,0,0	174	32783
125116	4550	6837	7343	631	616	46	38	12	31128	804	1625	491	2005	197	281	14967	2784	17277	0,1,88,9,0,0	25074	134	2849	138594	53372	67905	146068,146422,147868,118204,116638,116599,116599	18	136	24675,31275,58020,70537,4119,0,0	153	31903
124383	4561	6576	7382	644	599	48	37	13	32070	807	1626	477	1986	186	267	15567	2859	16988	0,1,88,10,0,0	25572	70	2594	139659	54919	67975	146425,146775,148211,119590,117931,117887,117887	18	137	24675,31275,58031,72737,4454,0,0	157	31117
123891	4313	6579	7384	580	608	49	38	14	32851	811	1628	466	1980	187	253	16007	2826	16725	0,1,87,11,0,0	26023	90	2500	140695	56407	68065	146688,147039,148464,120892,119130,119080,119080	18	134	24675,31275,58045,74841,4803,0,0	150	30326
123399	4203	6521	7230	603	585	57	36	19	33651	812	1630	471	1945	176	243	15959	2788	16447	0,1,87,11,0,0	26226	90	2522	141702	57938	68155	146923,147269,148691,122195,120328,120273,120273	18	122	24675,31275,58055,76955,5138,0,0	154	29543
122936	4196	6344	7104	581	583	53	33	23	34448	813	1632	459	1855	128	246	15872	2737	16157	0,0,86,12,0,0	26232	70	2450	142658	59447	68225	147152,147496,148912,123445,121474,121413,121413	18	119	24675,31275,58069,78955,5518,0,0	159	28813
122951	3854	6113	6944	589	577	56	30	26	35157	815	1634	452	1893	145	220	15127	2565	15598	0,0,86,12,0,0	33054	90	2066	143475	60708	68315	147222,147567,148980,124466,122388,122319,122319	18	110	24675,31275,58075,80634,5847,0,0	158	28167
123068	3510	5861	6883	579	598	46	28	28	35692	818	1635	469	1992	140	203	14751	2466	15039	0,0,85,13,0,0	32327	91	1995	144228	61962	68406	147280,147623,149034,125426,123240,123164,123164	17	124	24675,31275,58080,82261,6162,0,0	154	27594
123185	3501	5572	6650	550	597	44	26	27	36134	821	1639	442	2007	136	247	14483	2422	14518	0,0,84,14,0,0	25018	82	2103	145079	63226	68488	147367,147711,149122,126452,124159,124072,124072	17	101	24675,31275,58086,83922,6537,0,0	134	26946
123474	3436	5345	6437	502	531	40	25	23	36469	824	1640	468	1981	135	217	14521	2260	14056	0,0,83,15,0,0	24586	53	2024	145848	64491	68541	147402,147742,149156,127413,125005,124908,124908	16	115	24675,31275,58091,85498,6904,0,0	130	26355
123782	3280	5130	6242	489	478	42	26	23	36785	828	1641	492	1932	124	197	14426	2104	13583	0,0,83,16,0,0	24525	34	1889	146561	65678	68575	147406,147749,149161,128307,125788,125681,125681	16	85	24675,31275,58095,86962,7275,0,0	120	25791
124342	3028	4912	6040	473	470	40	24	24	36917	831	1645	479	1888	118	187	14278	2023	12964	0,0,82,16,0,0	24654	52	1688	147189	66748	68627	147325,147667,149083,129051,126420,126303,126303	15	93	24675,31275,58099,88250,7604,0,0	117	25291
124929	2927	4761	5772	460	459	36	27	23	36876	831	1645	483	1871	107	186	13037	1891	12551	0,0,81,17,0,0	23660	46	1779	147870	67857	68673	147238,147587,149001,129854,127110,126979,126979	15	91	24675,31275,58104,89603,7970,0,0	116	24756
125665	2795	4403	5592	467	440	40	27	21	36816	832	1648	475	1967	119	178	12607	1831	11933	0,0,80,18,0,0	30684	51	1539	148418	68859	68724	147122,147475,148888,130512,127658,127515,127515	14	82	24675,31275,58107,90718,8320,0,0	126	24320
126515	2549	4259	5287	464	401	41	27	19	36698	835	1651	495	1953	115	188	11908	1729	11299	0,0,79,19,0,0	30046	38	1450	148939	69799	68762	146979,147338,148757,131110,128141,127988,127988	14	98	24675,31275,58111,91768,8661,0,0	133	23934
127251	2499	4120	5025	441	377	40	27	17	36457	837	1655	504	1978	109	175	11822	1653	10876	0,0,79,20,0,0	21694	42	1507	149474	70787	68804	146834,147197,148620,131722,128647,128483,128483	13	81	24675,31275,58113,92831,9013,0,0	116	23514
128170	2471	3800	4839	414	353	36	30	16	36119	841	1657	501	1931	98	151	11930	1583	10360	0,0,78,20,0,0	21769	52	1414	149981	71704	68856	146651,147013,148443,132290,129107,128929,128929	12	76	24675,31275,58118,93831,9361,0,0	108	23114
129183	2287	3626	4618	396	336	34	27	17	35719	843	1660	501	1951	84	154	11740	1504	9820	0,0,77,22,0,0	22026	44	1284	150453	72529	68900	146456,146825,148260,132787,129494,129304,129304	12	65	24675,31275,58124,94677,9729,0,0	101	22754
130270	2157	3458	4414	370	346	34	26	18	35148	843	1662	498	1994	92	144	11442	1374	9431	0,0,76,23,0,0	21625	40	1251	150893	73344	68940	146249,146620,148066,133254,129852,129648,129648	11	66	24675,31275,58124,95509,10087,0,0	107	22410
131346	2099	3305	4121	349	338	39	23	22	34595	844	1665	478	1923	83	136	10888	1321	8953	0,0,75,24,0,0	21072	47	1205	151339	74112	68987	146015,146391,147842,133706,130194,129977,129977	11	57	24675,31275,58126,96351,10400,0,0	97	22058
132563	1931	3137	3868	300	324	32	19	21	34038	846	1667	513	1915	71	139	9978	1244	8367	0,0,74,25,0,0	28902	48	1028	151695	74792	69035	145731,146114,147572,134045,130431,130199,130199	10	55	24675,31275,58128,96996,10734,0,0	85	21776
133935	1671	2995	3712	281	324	30	17	19	33244	847	1671	500	2023	70	128	9714	1183	7847	0,0,72,26,0,0	27937	47	921	152000	75418	69082	145419,145804,147273,134328,130610,130361,130361	10	61	24675,31275,58129,97567,11050,0,0	89	21536
135192	1615	2778	3569	280	285	33	20	21	32432	849	1672	526	1922	63	145	9424	1119	7461	0,0,71,28,0,0	19565	40	971	152310	76088	69122	145121,145507,146991,134622,130807,130541,130541	9	50	24675,31275,58130,98166,11355,0,0	73	21295
136498	1654	2472	3431	282	267	28	22	17	31548	851	1676	538	1989	67	109	9441	1060	7096	0,0,70,29,0,0	19351	24	930	152638	76701	69146	144826,145218,146714,134906,130992,130709,130709	9	54	24675,31275,58130,98709,11682,0,0	74	21039
137710	1572	2410	3207	269	237	32	19	17	30736	853	1684	505	1942	65	107	9349	1009	6737	0,0,69,30,0,0	19355	25	910	152921	77333	69171	144540,144932,146441,135166,131161,130861,130861	8	58	24675,31275,58130,99244,12004,0,0	76	20815
138864	1554	2372	2915	254	254	34	14	20	29920	854	1691	482	1988	59	112	8858	965	6432	0,0,67,32,0,0	19052	23	905	153208	77956	69194	144252,144643,146165,135417,131322,131006,131006	8	53	24675,31275,58130,99743,12357,0,0	77	20584
140093	1457	2266	2779	227	236	29	13	20	29080	854	1692	502	1991	73	101	8500	904	6103	0,0,65,33,0,0	18496	27	773	153468	78475	69221	143958,144350,145889,135606,131432,131096,131096	7	39	24675,31275,58130,100156,12671,0,0	71	20380
141416	1273	2189	2673	222	243	31	10	18	28120	856	1695	493	1917	60	100	8227	878	5763	0,0,64,35,0,0	26685	22	679	153687	78942	69243	143627,144021,145572,135752,131498,131142,131142	7	51	24675,31275,58130,100499,12968,0,0	74	20205
142768	1156	2063	2501	225	226	28	4	19	27197	859	1700	487	2029	57	104	8105	826	5377	0,0,63,36,0,0	26680	25	634	153883	79382	69268	143292,143689,145255,135865,131527,131154,131154	7	43	24675,31275,58130,100829,13235,0,0	61	20037
143860	1230	1954	2409	223	231	27	4	20	26226	860	1702	502	1973	61	90	7001	754	5324	0,0,60,39,0,0	17717	28	832	154137	79965	69296	143036,143437,145015,136074,131660,131270,131270	6	46	24675,31275,58130,101217,13630,0,0	60	19849
144900	1321	1877	2222	211	221	28	4	16	25380	861	1705	501	1944	65	94	6195	691	5193	0,0,58,41,0,0	16913	9	787	154393	80499	69305	142781,143186,144779,136279,131798,131388,131388	6	50	24675,31275,58130,101567,14012,0,0	64	19649
145955	1336	1847	2130	193	200	28	7	15	24467	861	1707	526	1955	46	86	5542	619	5122	0,0,56,43,0,0	15838	7	772	154671	81002	69312	142541,142951,144553,136476,131928,131498,131498	6	34	24675,31275,58130,101901,14417,0,0	55	19434
147040	1311	1836	2103	181	184	25	6	15	23471	863	1711	527	1923	56	71	4904	542	5104	0,0,54,45,0,0	15379	10	732	154910	81498	69322	142273,142686,144301,136641,132023,131575,131575	6	38	24675,31275,58130,102207,14794,0,0	49	19244
147937	1250	1916	2028	170	182	23	7	14	22641	863	1715	552	2045	45	88	4001	495	5081	0,0,52,47,0,0	14637	9	742	155142	82015	69331	142048,142463,144088,136819,132141,131675,131675	6	47	24675,31275,58130,102504,15196,0,0	63	19059
148952	1194	1871	1983	179	195	21	6	13	21749	863	1720	533	1950	43	66	3385	455	4994	0,0,49,50,0,0	22525	5	678	155358	82478	69336	141808,142229,143865,136972,132237,131749,131749	5	32	24675,31275,58130,102761,15600,0,0	66	18890
149890	1113	1822	2004	183	173	17	5	14	20938	863	1724	574	1938	54	79	2530	407	4910	0,0,48,51,0,0	22125	8	647	155548	82936	69344	141571,141999,143642,137104,132318,131810,131810	5	37	24675,31275,58130,102985,15979,0,0	55	18745
150679	1195	1768	1970	183	172	15	9	12	20153	863	1727	559	1951	45	70	1831	372	4940	0,0,46,53,0,0	12535	8	765	155798	83454	69352	141370,141800,143451,137289,132452,131926,131926	5	32	24675,31275,58130,103262,16427,0,0	60	18547
151465	1303	1682	1908	166	174	13	9	14	19420	864	1728	559	1981	53	77	1288	359	4896	0,0,44,55,0,0	11734	21	756	156037	83977	69373	141172,141605,143262,137486,132596,132051,132051	4	43	24675,31275,58130,103518,16896,0,0	58	18363
152182	1231	1758	1849	164	174	8	13	12	18759	865	1731	549	1987	37	81	1141	369	4828	0,0,42,57,0,0	11220	19	695	156254	84457	69392	140998,141432,143098,137650,132715,132152,132152	4	29	24675,31275,58130,103751,17323,0,0	55	18195
152886	1172	1818	1799	176	175	12	14	11	18084	865	1734	536	2000	35	73	1109	339	4827	0,0,40,59,0,0	11256	15	707	156481	84941	69407	140828,141265,142945,137824,132846,132263,132263	3	43	24675,31275,58130,103962,17784,0,0	58	18019
153598	1192	1825	1784	160	163	13	12	14	17379	865	1741	538	1898	35	88	1080	333	4816	0,0,38,61,0,0	11190	19	725	156712	85436	69426	140656,141096,142783,137993,132977,132373,132373	3	35	24675,31275,58130,104166,18267,0,0	53	17845
154248	1216	1767	1819	158	164	12	10	15	16730	865	1742	548	2039	44	70	1044	322	4824	0,0,36,63,0,0	20245	14	696	156927	85924	69440	140492,140934,142627,138169,133116,132491,132491	4	53	24675,31275,58130,104364,18748,0,0	51	17679
154966	1091	1744	1873	165	166	14	9	12	16094	866	1746	573	1956	47	68	1041	319	4743	0,0,35,64,0,0	20424	18	589	157108	86336	69458	140291,140739,142441,138284,133200,132554,132554	3	28	24675,31275,58130,104527,19154,0,0	51	17531
155410	1174	1720	1855	161	160	16	8	12	15612	866	1752	577	1998	45	72	1024	315	4779	0,0,33,66,0,0	11025	19	786	157327	86908	69477	140168,140618,142324,138484,133374,132706,132706	3	40	24675,31275,58130,104702,19727,0,0	44	17360
155783	1328	1645	1823	157	177	16	9	12	15177	867	1752	590	1918	50	71	1033	328	4827	0,0,31,68,0,0	11114	0	790	157568	87461	69477	140078,140532,142237,138700,133570,132882,132882	3	37	24675,31275,58130,104870,20310,0,0	40	17174
156255	1254	1723	1804	155	165	22	11	11	14719	867	1760	593	2027	43	88	1051	338	4796	0,0,29,70,0,0	11175	0	691	157793	87933	69477	139942,140399,142111,138873,133725,133013,133013	3	35	24675,31275,58130,105004,20831,0,0	46	16992
156709	1232	1771	1813	149	156	22	8	9	14244	869	1764	585	1965	46	81	1063	343	4808	0,0,27,72,0,0	11057	0	720	158025	88425	69477	139826,140285,142002,139065,133895,133162,133162	3	40	24675,31275,58130,105145,21389,0,0	66	16805
157046	1276	1803	1819	149	165	24	7	9	13810	869	1769	579	1970	56	65	1055	342	4901	0,0,25,74,0,0	11352	0	768	158256	88971	69477	139741,140199,141923,139270,134087,133332,133332	3	35	24675,31275,58130,105275,22002,0,0	67	16637
157537	1156	1820	1789	158	170	21	6	10	13435	869	1775	582	2018	54	79	1067	340	4780	0,0,24,75,0,0	20416	0	600	158429	89402	69477	139590,140050,141779,139381,134184,133405,133405	4	50	24675,31275,58130,105371,22483,0,0	60	16499
157978	1041	1836	1794	155	174	14	7	9	13091	869	1778	558	1970	52	78	1081	345	4676	0,0,23,76,0,0	20585	0	616	158610	89841	69477	139459,139919,141654,139514,134312,133506,133506	4	28	24675,31275,58130,105464,22983,0,0	51	16354
158214	1121	1713	1865	150	194	13	10	7	12808	869	1782	579	1958	48	77	1075	355	4711	0,0,21,78,0,0	11236	0	723	158816	90360	69477	139371,139831,141568,139704,134498,133669,133669	3	36	24675,31275,58130,105557,23582,0,0	45	16200
158414	1231	1634	1892	169	187	12	9	8	12531	871	1788	585	1974	49	86	1100	355	4779	0,0,20,79,0,0	11084	0	734	159037	90880	69477	139309,139769,141507,139896,134691,133839,133839	3	37	24675,31275,58130,105641,24200,0,0	46	16025
158698	1213	1629	1840	172	187	15	12	8	12309	871	1792	567	1978	44	62	1096	336	4732	0,0,19,80,0,0	11148	0	679	159224	91377	69477	139209,139672,141408,140061,134854,133977,133977	3	31	24675,31275,58130,105727,24761,0,0	44	15877
158856	1231	1720	1779	164	186	16	15	8	12105	871	1795	574	2034	34	86	1107	346	4765	0,0,17,82,0,0	11159	0	748	159426	91930	69477	139149,139613,141351,140247,135042,134140,134140	3	33	24675,31275,58130,105800,25405,0,0	43	15719
158949	1284	1746	1733	186	187	20	16	8	11947	871	1799	576	1954	39	89	1109	362	4810	0,0,16,83,0,0	11153	0	753	159665	92446	69477	139100,139566,141302,140456,135253,134330,134330	3	40	24675,31275,58130,105874,26054,0,0	56	15523
159269	1164	1740	1781	184	186	18	15	10	11708	871	1800	559	2013	48	85	1090	348	4740	0,0,14,85,0,0	20429	0	610	159831	92895	69477	138990,139457,141199,140582,135381,134430,134430	3	41	24675,31275,58130,105934,26586,0,0	51	15386
159505	1065	1722	1768	174	188	18	12	11	11607	873	1803	547	1906	42	71	1078	348	4599	0,0,13,86,0,0	20349	0	596	159972	93355	69477	138896,139365,141106,140702,135508,134532,134532	3	38	24675,31275,58130,105987,27113,0,0	56	15280
159633	1079	1679	1783	197	192	24	12	10	11459	874	1804	550	1973	34	82	1094	343	4623	0,0,13,86,0,0	11213	0	707	160174	93865	69477	138852,139319,141063,140868,135689,134684,134684	3	33	24675,31275,58130,106056,27733,0,0	60	15126
159761	1171	1549	1805	212	177	24	9	11	11346	874	1807	558	2009	52	92	1085	344	4603	0,0,12,87,0,0	11106	0	680	160367	94357	69477	138798,139266,141012,141039,135867,134837,134837	3	39	24675,31275,58130,106103,28345,0,0	65	14970
159917	1145	1597	1689	197	171	28	8	13	11297	874	1810	549	2021	49	94	1103	340	4495	0,0,11,88,0,0	11156	0	664	160546	94844	69477	138735,139201,140948,141186,136028,134970,134970	3	34	24675,31275,58130,106146,28939,0,0	58	14840
160076	1132	1676	1633	166	166	25	8	11	11163	875	1815	553	1999	44	84	1113	335	4471	0,0,10,89,0,0	11094	0	682	160737	95339	69477	138670,139137,140885,141353,136210,135123,135123	3	33	24675,31275,58130,106188,29561,0,0	59	14691
160204	1133	1633	1653	158	189	19	9	11	11043	876	1818	556	1931	39	73	1100	319	4475	0,0,9,90,0,0	11195	0	645	160911	95811	69477	138608,139075,140826,141496,136370,135255,135255	3	31	24675,31275,58130,106220,30160,0,0	57	14547
160469	992	1562	1706	197	184	15	7	10	10907	878	1819	585	1916	36	77	1112	316	4347	0,0,8,91,0,0	20205	0	515	161056	96184	69477	138512,138976,140732,141589,136479,135334,135334	3	33	24675,31275,58130,106241,30639,0,0	51	14428
160697	912	1544	1644	201	204	17	7	11	10805	878	1826	603	1950	45	89	1107	341	4188	0,0,8,91,0,0	20285	0	533	161184	96591	69477	138421,138884,140642,141670,136581,135403,135403	3	36	24675,31275,58130,106261,31136,0,0	49	14322
160872	951	1439	1580	182	224	16	7	12	10756	878	1829	615	2122	43	94	1131	356	4043	0,0,7,92,0,0	11135	0	578	161353	97003	69477	138360,138824,140586,141791,136718,135510,135510	3	31	24675,31275,58130,106288,31667,0,0	48	14192
161062	939	1335	1561	178	208	16	8	10	10718	878	1833	627	2055	45	94	1131	352	3893	0,0,6,93,0,0	11194	0	525	161498	97384	69477	138272,138737,140500,141883,136829,135591,135591	3	30	24675,31275,58130,106312,32147,0,0	56	14075
161308	884	1347	1480	169	190	20	7	8	10620	879	1834	606	1916	34	86	1131	357	3740	0,0,6,93,0,0	11213	0	495	161633	97745	69477	138165,138629,140396,141954,136919,135649,135649	3	26	24675,31275,58130,106334,32606,0,0	49	13970
161564	852	1314	1444	164	180	21	7	8	10472	880	1840	611	1931	42	70	1119	341	3641	0,0,5,94,0,0	11171	0	504	161777	98107	69477	138076,138543,140312,142039,137025,135720,135720	3	32	24675,31275,58130,106356,33068,0,0	48	13858
161792	862	1267	1386	138	187	21	7	8	10356	880	1842	601	1918	39	81	1116	326	3542	0,0,5,94,0,0	11264	0	508	161908	98487	69477	137980,138446,140218,142117,137125,135787,135787	3	31	24675,31275,58130,106371,33540,0,0	49	13749
162102	806	1219	1353	134	178	20	8	7	10185	882	1852	567	2021	31	67	1089	317	3401	0,0,4,95,0,0	20560	0	406	162010	98796	69477	137862,138332,140107,142146,137176,135803,135803	3	24	24675,31275,58130,106386,33911,0,0	55	13659
162434	687	1204	1318	130	163	20	7	6	10038	884	1855	596	2028	37	72	1073	309	3220	0,0,4,95,0,0	20359	0	357	162105	99062	69477	137734,138204,139985,142158,137212,135805,135805	3	16	24675,31275,58130,106398,34246,0,0	58	13580
162654	700	1168	1279	136	146	20	8	6	9890	884	1855	586	2000	37	54	1044	304	3153	0,0,4,95,0,0	11179	0	456	162205	99421	69477	137624,138098,139879,142197,137272,135835,135835	2	21	24675,31275,58130,106406,34671,0,0	44	13500
162898	706	1056	1309	138	136	18	10	6	9727	884	1858	566	1903	27	60	1019	296	3077	0,0,4,95,0,0	11148	0	412	162315	99723	69477	137517,137990,139776,142251,137347,135878,135878	2	21	24675,31275,58130,106425,35052,0,0	40	13419
163195	636	1058	1234	143	127	18	12	4	9571	884	1864	580	1983	28	47	969	273	2955	0,0,4,95,0,0	11057	0	381	162406	100013	69477	137396,137867,139660,142272,137389,135887,135887	2	23	24675,31275,58130,106432,35407,0,0	43	13345
163473	636	1019	1193	122	117	19	10	5	9398	885	1869	584	2027	23	59	928	260	2856	0,0,3,96,0,0	10897	0	377	162491	100308	69477	137271,137742,139540,142284,137422,135890,135890	2	17	24675,31275,58130,106438,35758,0,0	45	13273
163778	598	930	1129	121	117	20	8	7	9278	885	1875	563	2020	29	50	872	247	2676	0,0,3,96,0,0	10944	0	304	162578	100530	69477	137145,137616,139420,142281,137439,135877,135877	2	19	24675,31275,58130,106446,36040,3,0	46	13207
164137	500	890	1079	109	117	20	9	6	9114	886	1879	579	1925	23	54	829	230	2494	0,0,3,96,0,0	20149	0	255	162647	100719	69477	137004,137477,139286,142260,137440,135845,135845	2	13	24675,31275,58130,106450,36278,6,0	45	13150
164526	424	821	1050	110	100	18	7	7	8908	889	1886	588	1933	19	48	788	211	2319	0,0,2,96,0,0	19919	0	233	162704	100902	69477	136866,137340,139157,142225,137430,135801,135801	2	14	24675,31275,58130,106456,36496,12,0	49	13100
164853	456	725	973	104	108	17	7	7	8717	889	1890	618	1871	21	44	736	191	2199	0,0,2,96,0,0	10839	0	281	162776	101116	69477	136732,137206,139029,142206,137433,135770,135770	1	14	24675,31275,58130,106458,36763,17,0	43	13038
165181	449	655	917	98	107	16	7	6	8527	890	1893	601	2030	26	47	700	184	2065	0,0,2,96,0,0	10800	0	240	162838	101298	69477	136599,137074,138903,142180,137426,135734,135734	1	16	24675,31275,58130,106462,36994,21,0	43	12985
165592	391	648	842	82	85	16	8	4	8292	891	1895	593	2007	11	52	679	187	1885	0,0,2,96,1,0	10871	0	195	162885	101451	69477	136442,136916,138752,142124,137391,135665,135665	1	7	24675,31275,58130,106465,37175,27,0	36	12948
165979	335	615	791	85	81	14	8	3	8044	892	1899	598	2012	18	33	637	175	1754	0,0,2,96,1,0	10631	0	187	162924	101602	69477	136290,136765,138604,142062,137351,135594,135594	1	11	24675,31275,58130,106467,37348,31,0	39	12917
166346	302	593	717	87	78	11	6	5	7808	892	1901	638	2054	15	27	600	158	1636	0,0,1,96,1,0	10619	0	186	162981	101734	69477	136143,136618,138464,142013,137321,135533,135533	1	11	24675,31275,58130,106468,37524,37,0	31	12869
166780	285	527	644	77	72	10	2	7	7546	894	1902	658	1895	8	31	582	149	1468	0,0,1,95,2,0	20015	0	137	163015	101841	69477	135987,136463,138315,141939,137265,135447,135447	1	11	24675,31275,58130,106470,37647,43,0	28	12843
167197	243	487	620	69	70	6	0	8	7243	895	1908	644	2013	14	32	540	132	1363	0,0,1,95,3,0	20120	0	146	163044	101969	69477	135831,136309,138166,141868,137216,135367,135367	1	8	24675,31275,58130,106471,37780,57,0	20	12823
167563	247	431	574	66	70	5	1	7	6977	895	1910	667	1945	10	35	512	129	1265	0,0,1,94,3,0	10659	0	139	163074	102086	69477	135675,136155,138018,141790,137158,135279,135279	1	7	24675,31275,58130,106472,37911,67,0	14	12797
167912	240	378	506	61	66	5	1	5	6764	895	1913	679	1972	7	22	466	110	1147	0,0,1,94,4,0	10617	0	128	163109	102188	69477	135526,136007,137875,141716,137101,135194,135194	1	6	24675,31275,58130,106472,38026,77,0	15	12769
168280	197	355	459	48	61	6	1	5	6523	895	1916	651	2080	11	23	435	100	1027	0,0,1,93,4,0	10564	0	99	163127	102272	69477	135375,135859,137730,141626,137026,135095,135094	1	5	24675,31275,58130,106474,38112,82,0	16	12756
168644	175	333	412	44	52	7	0	6	6256	895	1922	661	1926	11	22	408	92	931	0,0,0,93,5,0	10478	0	90	163148	102344	69477	135223,135709,137584,141533,136950,134992,134992	0	6	24675,31275,58130,106475,38192,89,0	15	12739
168988	150	302	380	40	45	6	0	4	6011	895	1925	665	1955	9	19	375	89	834	0,0,0,92,6,0	10393	0	82	163170	102406	69477	135065,135551,137429,141439,136871,134889,134888	0	2	24675,31275,58130,106475,38263,96,0	15	12724
169347	126	260	376	32	44	9	1	4	5724	895	1928	647	1945	5	19	334	86	762	0,0,0,91,7,0	19841	0	67	163185	102461	69477	134922,135409,137292,141346,136795,134789,134788	0	2	24675,31275,58130,106475,38319,108,0	14	12714
169697	129	220	351	27	37	10	1	3	5446	895	1930	660	1820	3	10	304	77	698	0,0,0,90,8,0	19718	0	72	163199	102525	69477	134779,135267,137157,141255,136720,134688,134687	0	3	24675,31275,58130,106475,38381,121,0	15	12703
170042	120	192	317	36	29	10	0	4	5163	895	1938	668	1859	6	9	275	62	642	0,0,0,90,8,0	10327	0	53	163213	102569	69477	134621,135109,137003,141153,136632,134577,134575	0	1	24675,31275,58130,106475,38432,127,0	14	12691
170373	116	181	275	29	25	10	0	3	4895	895	1944	690	2037	6	16	255	56	580	0,0,0,89,9,0	10343	0	61	163229	102618	69477	134467,134957,136855,141054,136547,134468,134467	0	7	24675,31275,58130,106475,38484,138,0	14	12680
170680	105	163	235	30	30	10	0	3	4648	895	1947	714	1784	2	9	230	53	520	0,0,0,88,10,0	10389	0	49	163245	102654	69477	134321,134812,136714,140957,136463,134363,134362	0	0	24675,31275,58130,106475,38525,145,0	12	12667
170970	99	163	210	23	27	5	1	3	4399	895	1951	702	1947	2	14	207	43	485	0,0,0,85,13,0	10305	0	54	163259	102701	69477	134180,134673,136577,140864,136382,134262,134261	0	3	24675,31275,58130,106475,38567,159,0	7	12656
171270	91	133	199	24	25	3	1	2	4151	895	1952	721	1954	3	12	191	40	436	0,0,0,82,17,0	10427	0	36	163271	102730	69477	134033,134528,136433,140760,136290,134151,134150	0	4	24675,31275,58130,106475,38592,173,0	6	12646
171549	73	128	185	21	22	1	1	2	3911	895	1958	676	2074	4	11	178	43	388	0,0,0,81,18,0	19674	0	38	163278	102765	69477	133897,134393,136303,140663,136204,134046,134043	0	1	24675,31275,58130,106475,38624,181,0	4	12640
171840	66	106	173	15	18	0	0	2	3667	896	1963	686	1834	4	7	164	34	344	0,0,0,79,20,0	19776	0	24	163282	102787	69477	133761,134258,136173,140561,136113,133937,133934	0	0	24675,31275,58130,106475,38644,187,0	1	12637
172086	70	97	155	16	16	0	0	2	3445	896	1963	645	1796	1	6	142	33	321	0,0,0,76,23,0	10148	0	37	163291	102823	69477	133624,134123,136042,140462,136025,133831,133829	0	1	24675,31275,58130,106475,38671,203,0	2	12631
172292	95	102	134	12	11	0	0	2	3236	896	1966	677	1770	4	6	122	23	331	0,0,0,73,26,0	10126	0	62	163300	102878	69477	133498,133998,135918,140373,135946,133737,133735	0	6	24675,31275,58130,106475,38710,225,0	1	12623
172444	106	123	106	11	12	0	0	2	3074	896	1972	677	1954	3	6	116	20	338	0,0,0,68,31,0	10277	0	61	163314	102930	69477	133383,133883,135806,140292,135873,133652,133649	0	3	24675,31275,58130,106475,38749,251,0	2	12612
172615	108	132	124	11	15	0	0	2	2864	896	1979	677	2025	4	9	115	24	366	0,0,0,65,34,0	10253	0	62	163329	102985	69477	133263,133763,135688,140213,135804,133568,133565	0	2	24675,31275,58130,106475,38788,282,0	3	12602
172822	104	156	126	9	13	0	0	2	2636	896	1982	671	2020	6	3	104	22	386	0,0,0,63,36,0	10382	0	57	163343	103035	69477	133135,133635,135562,140124,135725,133474,133470	0	4	24675,31275,58130,106475,38821,308,0	2	12590
172986	111	154	134	7	10	0	0	1	2463	896	1984	697	1780	1	3	97	23	393	0,0,0,62,37,0	19532	0	65	163358	103089	69477	133025,133527,135456,140048,135659,133394,133390	0	5	24675,31275,58130,106475,38856,340,0	3	12577
173134	109	170	126	7	12	0	0	1	2306	896	1985	660	1906	5	6	89	20	404	0,0,0,59,40,0	19394	0	65	163375	103141	69477	132922,133425,135357,139976,135596,133319,133314	0	6	24675,31275,58130,106475,38888,373,0	4	12562
173229	129	167	157	15	19	0	0	0	2147	896	1987	701	1769	5	7	87	26	461	0,0,0,57,42,0	10170	0	96	163393	103225	69477	132816,133320,135253,139908,135537,133249,133243	0	9	24675,31275,58130,106475,38939,422,0	9	12546
173327	132	174	166	19	20	0	0	0	2021	896	1991	707	1980	8	9	82	32	479	0,0,0,56,43,0	10238	0	76	163409	103288	69477	132712,133217,135150,139836,135473,133175,133169	0	5	24675,31275,58130,106475,38975,463,0	5	12530
173407	121	194	169	13	15	0	0	0	1936	896	1995	713	1983	7	9	89	34	478	0,0,0,54,45,0	10106	0	75	163426	103349	69477	132621,133126,135059,139772,135415,133109,133103	0	6	24675,31275,58130,106475,39015,500,0	5	12518
173482	130	200	176	15	13	1	0	0	1835	896	1998	697	2013	10	5	92	35	500	0,0,0,51,48,0	10287	0	83	163449	103413	69477	132527,133032,134967,139712,135363,133047,133041	0	3	24675,31275,58130,106475,39053,549,0	7	12497
173519	173	178	199	16	10	2	1	0	1750	896	2002	730	1791	4	4	97	36	543	0,0,0,49,50,0	10276	0	101	163475	103494	69477	132443,132948,134883,139655,135313,132990,132982	0	7	24675,31275,58130,106475,39100,607,0	9	12477
173592	164	204	201	13	11	2	1	0	1653	896	2009	711	1828	5	5	98	35	561	0,0,0,47,52,0	19574	0	82	163493	103561	69477	132356,132862,134797,139591,135257,132926,132918	0	4	24675,31275,58130,106475,39132,659,0	8	12463
173651	153	221	204	14	11	1	1	0	1580	896	2014	702	1801	4	3	92	33	572	0,0,0,46,53,0	19622	0	87	163514	103630	69477	132270,132777,134711,139537,135209,132871,132862	0	7	24675,31275,58130,106475,39170,710,0	7	12446
173639	187	238	204	16	18	0	1	0	1527	896	2020	677	1837	8	10	97	36	628	0,0,0,44,55,0	10259	0	136	163539	103745	69477	132193,132699,134634,139490,135169,132826,132816	0	10	24675,31275,58130,106475,39220,798,0	7	12424
