S	E	I1	I2	I3	I4	I5_h	I6_h	R_h	R	D1	D2	H	T	P1	P2	Q	QT	NQ	MUT	HOM	VAC	NI	INF	REINF	BSTR	IMM	HCI	HCE	INFV	INFH	VNI
178115	102	121	54	36	37	6	4	0	268	3	0	214	0	0	0	50	50	310	0,0,0,0,0,0	178743	0	0	360	0	0	631,631,631,631,631,631,631	0	0	0,0,0,0,0,0,0	0	0
178046	102	170	56	36	32	8	4	0	287	3	2	323	329	2	71	182	61	347	0,0,0,0,0,0	12623	0	77	437	0	0	700,700,700,700,700,700,700	0	6	77,0,0,0,0,0,0	12	0
177975	105	198	66	40	38	9	4	0	302	3	6	449	272	0	7	303	69	391	0,0,0,0,0,0	12874	0	80	517	0	0	771,771,771,771,771,771,771	0	6	157,0,0,0,0,0,0	11	0
177900	105	222	87	48	39	10	4	0	319	3	9	471	261	0	19	409	92	423	0,0,0,0,0,0	13050	0	85	603	0	0	848,848,848,848,848,848,848	0	4	243,0,0,0,0,0,0	15	0
177832	124	228	102	48	43	11	5	0	338	3	12	496	107	0	19	693	110	451	0,0,0,0,0,0	25234	0	82	686	0	0	918,918,918,918,918,918,918	0	7	326,0,0,0,0,0,0	19	0
177778	129	221	117	61	47	11	4	0	359	4	15	550	98	1	14	787	127	463	0,0,0,0,0,0	25409	0	72	758	0	0	974,974,974,974,974,974,974	0	4	398,0,0,0,0,0,0	23	0
177688	142	251	123	60	48	11	3	0	398	5	17	602	258	2	29	1006	157	481	0,0,0,0,0,0	13734	0	102	860	0	0	1068,1067,1067,1066,1066,1066,1066	0	9	500,0,0,0,0,0,0	22	0
177589	161	269	126	61	60	15	4	0	430	5	26	645	263	4	18	1217	188	508	0,0,0,0,0,0	13932	0	106	967	1	0	1172,1171,1171,1168,1168,1168,1168	0	7	608,0,0,0,0,0,0	27	0
177512	158	269	143	60	72	14	4	0	476	5	33	668	264	0	30	1474	212	508	0,0,0,0,0,0	14266	0	92	1060	1	0	1255,1255,1255,1252,1252,1252,1252	0	10	701,0,0,0,0,0,0	29	0
177446	158	267	151	66	89	14	3	0	507	6	39	701	267	0	26	1695	237	511	0,0,0,0,0,0	14342	0	91	1151	1	0	1332,1331,1331,1326,1326,1326,1326	0	9	792,0,0,0,0,0,0	27	0
177391	153	284	156	70	90	13	3	0	536	6	44	722	275	1	20	1806	238	531	0,0,0,0,0,0	14798	0	83	1234	2	0	1402,1400,1400,1394,1394,1394,1394	0	7	876,0,0,0,0,0,0	23	0
177315	156	290	173	68	90	13	4	0	582	6	49	730	339	4	26	1765	260	534	0,0,0,0,0,0	26447	0	98	1330	4	0	1487,1485,1485,1476,1476,1476,1476	0	8	974,0,0,0,0,0,0	25	0
177256	155	316	169	63	78	16	5	0	630	6	52	783	271	1	21	1959	267	535	0,0,0,0,0,0	26477	0	93	1426	5	0	1568,1564,1564,1551,1551,1551,1551	1	8	1070,0,0,0,0,0,0	29	0
177166	162	341	174	74	70	17	4	0	672	7	59	777	238	2	29	1883	277	565	0,0,0,0,0,0	15043	0	118	1543	6	0	1679,1674,1674,1655,1655,1655,1655	1	9	1188,0,0,0,0,0,0	29	0
177074	173	364	187	78	86	17	5	1	692	8	61	760	114	0	24	2106	309	601	0,0,0,0,0,0	14860	0	136	1680	6	0	1797,1790,1790,1765,1765,1765,1765	1	12	1325,0,0,0,0,0,0	30	0
176964	188	390	200	78	89	18	4	1	742	9	63	737	163	0	26	2353	340	627	0,0,0,0,0,0	15214	0	138	1819	8	0	1928,1919,1919,1887,1887,1887,1887	1	17	1466,0,0,0,0,0,0	29	0
176881	196	390	203	83	96	20	5	1	794	9	68	721	243	0	28	2536	338	655	0,0,0,0,0,0	15337	0	127	1946	8	0	2045,2033,2033,1990,1990,1990,1990	1	9	1593,0,0,0,0,0,0	31	0
176770	213	394	227	85	104	22	5	1	841	10	74	743	249	3	33	2651	357	693	0,0,0,0,0,0	15451	0	148	2093	9	0	2183,2168,2168,2117,2117,2117,2117	1	9	1741,0,0,0,0,0,0	35	0
176690	215	388	240	94	126	20	4	3	879	10	77	775	257	0	25	2746	372	715	0,0,0,0,0,0	27317	0	131	2219	14	0	2297,2279,2279,2217,2217,2217,2217	1	8	1871,0,0,0,0,0,0	33	0
176633	213	367	255	95	131	21	4	2	936	11	78	755	95	1	31	2723	377	709	0,0,0,0,0,0	27394	0	102	2321	16	0	2387,2366,2366,2293,2293,2293,2293	1	13	1975,0,0,0,0,0,0	36	0
176526	214	412	252	85	131	24	7	2	998	12	83	768	312	4	36	2870	404	721	0,0,0,0,0,0	15840	0	152	2472	18	0	2534,2509,2509,2422,2422,2422,2422	1	15	2128,0,0,0,0,0,0	37	0
176419	230	420	273	95	137	25	8	2	1041	12	84	769	253	0	42	2874	429	759	0,0,0,0,0,0	15784	0	166	2638	18	0	2685,2657,2657,2555,2555,2555,2555	1	13	2294,0,0,0,0,0,0	48	0
176311	229	462	271	104	128	29	7	2	1101	15	87	768	267	2	46	3095	462	768	0,0,0,0,0,0	16070	0	159	2798	20	0	2836,2803,2803,2686,2686,2686,2686	1	13	2454,0,0,0,0,0,0	50	0
176197	247	487	286	108	125	32	11	2	1144	15	92	761	251	2	32	3281	462	834	0,0,0,0,0,0	16100	0	172	2969	21	0	3001,2964,2964,2830,2830,2830,2830	1	15	2626,0,0,0,0,0,0	55	0
176069	264	512	282	110	124	36	13	1	1223	15	97	741	242	4	31	3148	454	887	0,0,0,0,0,0	16352	0	184	3152	22	0	3179,3136,3136,2985,2985,2985,2985	2	15	2809,0,0,0,0,0,0	59	0
175963	257	515	306	121	130	35	14	1	1284	15	105	723	252	1	34	3171	452	926	0,0,0,0,0,0	27741	0	159	3312	23	0	3339,3291,3291,3120,3120,3120,3120	2	9	2969,0,0,0,0,0,0	61	0
175872	248	523	310	123	149	36	14	1	1345	16	109	708	179	2	36	2915	449	954	0,0,0,0,0,0	27872	0	156	3469	25	0	3491,3437,3437,3243,3243,3243,3243	2	17	3127,0,0,0,0,0,0	60	0
175730	269	552	326	127	153	37	17	1	1405	17	112	692	242	2	41	2960	457	1024	0,0,0,0,0,0	16357	0	215	3686	25	0	3699,3638,3638,3420,3420,3420,3420	2	25	3344,0,0,0,0,0,0	63	0
175601	298	581	333	136	153	40	17	1	1453	19	114	688	294	2	53	3132	498	1060	0,0,0,0,0,0	16034	0	220	3905	27	0	3907,3838,3838,3591,3591,3591,3591	2	24	3563,0,0,0,0,0,0	70	0
175457	334	600	349	150	155	41	19	1	1498	20	122	692	246	2	56	3399	516	1132	0,0,0,0,0,0	16137	0	227	4132	27	0	4126,4050,4050,3776,3776,3776,3776	2	22	3790,0,0,0,0,0,0	72	0
175323	342	632	369	165	153	40	20	1	1550	24	127	680	248	4	57	3535	543	1178	0,0,0,0,0,0	16447	0	225	4355	30	0	4344,4259,4259,3953,3953,3953,3953	2	19	4014,0,0,0,0,0,0	74	0
175169	364	648	391	180	151	44	22	1	1623	25	128	679	277	3	47	3547	580	1220	0,0,0,0,0,0	16585	0	239	4594	32	0	4574,4480,4480,4147,4147,4147,4147	2	23	4254,0,0,0,0,0,0	81	0
175055	347	695	398	192	149	48	20	2	1678	27	135	641	251	2	46	3566	584	1265	0,0,0,0,0,0	28084	0	215	4809	33	0	4786,4682,4682,4311,4311,4311,4311	2	17	4470,0,0,0,0,0,0	81	0
174956	328	695	411	194	163	48	21	2	1764	28	136	656	236	2	49	3606	593	1267	0,0,0,0,0,0	28030	0	197	5008	33	0	4976,4863,4863,4458,4458,4458,4458	3	19	4669,0,0,0,0,0,0	84	0
174802	364	713	413	187	166	49	25	4	1855	28	140	633	303	5	55	3742	607	1310	0,0,0,0,0,0	16973	0	259	5267	34	0	5224,5101,5101,4662,4662,4662,4662	3	27	4928,0,0,0,0,0,0	87	0
174681	381	731	417	199	165	48	26	4	1917	30	147	617	266	4	64	4657	626	1341	0,0,0,0,0,0	17255	0	242	5511	34	0	5461,5326,5326,4842,4842,4842,4842	3	37	5172,0,0,0,0,0,0	101	0
174548	384	741	446	211	195	48	28	2	1961	31	151	601	256	2	71	4683	644	1409	0,0,0,0,0,0	17486	0	266	5778	35	0	5714,5567,5567,5039,5039,5039,5039	3	36	5439,0,0,0,0,0,0	103	0
174390	392	736	450	232	210	46	30	2	2073	32	153	627	315	3	86	4934	705	1391	0,0,0,0,0,0	17547	0	266	6043	36	0	5972,5814,5814,5248,5248,5248,5248	3	31	5704,0,0,0,0,0,0	106	0
174204	409	827	470	209	208	46	31	2	2148	35	157	606	227	1	73	5015	752	1448	0,0,0,0,0,0	17890	0	310	6351	38	0	6269,6100,6100,5492,5492,5492,5492	3	27	6012,0,0,0,0,0,0	110	0
174045	429	864	464	213	216	55	32	3	2229	36	160	595	239	3	61	4787	747	1526	0,0,0,0,0,0	29267	0	282	6634	39	0	6541,6360,6360,5709,5709,5709,5709	3	23	6295,0,0,0,0,0,0	113	0
173924	434	870	490	227	225	53	32	4	2284	40	163	608	280	4	61	4842	753	1578	0,0,0,0,0,0	28923	0	267	6899	43	0	6798,6603,6603,5900,5900,5900,5900	3	28	6560,0,0,0,0,0,0	117	0
173766	454	877	492	244	221	60	33	5	2389	41	164	592	223	0	74	5125	796	1585	0,0,0,0,0,0	18133	0	290	7186	46	0	7073,6865,6865,6118,6118,6118,6118	4	25	6848,0,0,0,0,0,0	124	0
173586	473	934	495	238	239	60	37	6	2471	42	165	579	278	5	86	5121	838	1638	0,0,0,0,0,0	17923	0	335	7522	48	0	7394,7171,7171,6370,6370,6370,6370	4	43	7184,0,0,0,0,0,0	138	0
173388	512	952	537	231	236	59	40	5	2573	45	168	550	308	4	70	5588	860	1707	0,0,0,0,0,0	17835	0	335	7856	49	0	7718,7482,7482,6632,6632,6632,6632	4	36	7518,0,0,0,0,0,0	125	0
173151	550	962	562	231	274	59	47	7	2686	46	171	516	274	4	80	5398	858	1827	0,0,0,0,0,0	18535	0	376	8229	54	0	8083,7834,7834,6935,6935,6935,6935	4	36	7894,0,0,0,0,0,0	133	0
172989	532	1005	581	247	279	58	53	8	2769	47	178	521	269	4	94	5126	857	1898	0,0,0,0,0,0	17998	0	317	8545	57	0	8394,8128,8128,7172,7172,7172,7172	4	34	8210,0,0,0,0,0,0	143	0
172799	529	1084	604	242	282	58	56	8	2851	49	184	518	238	3	84	5224	886	1969	0,0,0,0,0,0	29214	0	358	8903	58	0	8745,8462,8462,7444,7444,7444,7444	4	27	8568,0,0,0,0,0,0	148	0
172626	538	1075	627	267	292	66	54	8	2954	55	184	527	270	3	93	5333	894	2025	0,0,0,0,0,0	29534	0	328	9234	58	0	9064,8766,8766,7692,7692,7692,7692	4	23	8899,0,0,0,0,0,0	151	0
172394	549	1133	659	289	315	69	54	10	3031	58	185	501	244	8	116	6086	970	2098	0,0,0,0,0,0	18932	0	397	9633	60	0	9452,9138,9138,8003,8003,8003,8003	5	43	9298,0,0,0,0,0,0	151	0
172140	616	1128	686	302	317	76	54	14	3166	59	188	506	245	1	103	6342	1020	2159	0,0,0,0,0,0	19022	0	420	10054	62	0	9863,9532,9532,8335,8335,8335,8335	5	35	9719,0,0,0,0,0,0	154	0
172011	606	1114	701	320	305	82	49	15	3285	64	194	484	241	4	104	6529	1040	2137	0,0,0,0,0,0	34115	0	329	10380	65	0	10181,9830,9830,8559,8559,8559,8559	5	34	10046,0,0,0,0,0,0	156	0
171872	586	1103	726	345	315	87	49	15	3385	66	197	485	322	4	83	6882	1065	2146	0,0,0,0,0,0	34390	0	330	10706	71	0	10499,10128,10128,8787,8787,8787,8787	5	35	10375,0,0,0,0,0,0	159	0
171736	595	1108	747	343	311	92	55	14	3478	68	199	483	327	6	114	7068	1099	2152	0,0,0,0,0,0	34885	0	343	11050	74	0	10831,10439,10439,9021,9021,9021,9021	5	30	10720,0,0,0,0,0,0	168	0
171622	583	1114	746	315	309	105	60	14	3604	72	202	493	242	4	76	7012	1103	2129	0,0,0,0,0,0	48143	0	325	11378	77	0	11147,10734,10734,9237,9237,9237,9237	5	27	11048,0,0,0,0,0,0	178	0
171539	524	1173	720	287	299	110	60	13	3738	77	206	462	276	3	102	7274	1102	2071	0,0,0,0,0,0	47768	0	296	11677	79	0	11436,11001,11001,9425,9425,9425,9425	5	21	11347,0,0,0,0,0,0	198	0
171392	518	1197	724	284	308	114	61	12	3845	81	210	429	266	5	95	7683	1119	2087	0,0,0,0,0,0	35397	0	346	12021	82	0	11771,11316,11316,9665,9665,9665,9665	5	36	11692,0,0,0,0,0,0	211	0
171294	542	1171	748	293	307	114	66	11	3903	84	213	423	268	5	76	7866	1130	2111	0,0,0,0,0,0	35733	0	346	12366	84	0	12100,11619,11619,9878,9878,9878,9878	5	42	12037,0,0,0,0,0,0	209	0
171198	533	1130	758	309	310	119	59	14	4010	89	217	372	281	8	98	7944	1113	2105	0,0,0,0,0,0	36266	0	327	12694	86	0	12414,11910,11910,10084,10084,10084,10084	5	32	12365,0,0,0,0,0,0	211	0
171091	528	1103	769	315	328	117	62	14	4108	90	221	351	268	6	110	8099	1128	2094	0,0,0,0,0,0	35992	0	334	13024	93	0	12733,12207,12207,10296,10296,10296,10296	5	42	12696,0,0,0,0,0,0	214	0
171030	512	1118	757	312	324	110	57	11	4193	98	224	367	257	5	100	8454	1139	2051	0,0,0,0,0,0	35946	0	320	13342	96	0	13038,12485,12485,10479,10479,10479,10479	5	49	13015,0,0,0,0,0,0	203	0
171006	487	1070	754	305	317	110	60	11	4297	100	229	368	236	4	78	8111	1094	2009	0,0,0,0,0,0	48996	0	272	13612	99	0	13295,12717,12717,10619,10619,10619,10619	5	26	13286,0,0,0,0,0,0	198	0
170982	445	1024	750	319	324	110	59	12	4386	105	230	349	333	4	99	8280	1099	1932	0,0,0,0,0,0	48394	0	257	13865	104	0	13534,12933,12933,10750,10750,10750,10750	5	35	13539,0,0,0,0,0,0	210	0
170902	447	1043	738	315	327	109	61	11	4452	107	234	386	312	2	94	8200	1087	1953	0,0,0,0,0,0	36023	0	329	14188	114	0	13843,13217,13217,10944,10944,10944,10944	5	37	13862,0,0,0,0,0,0	213	0
170867	451	1013	735	318	325	112	57	11	4508	112	237	368	282	3	89	8439	1075	1936	0,0,0,0,0,0	36197	0	301	14487	118	0	14123,13472,13472,11101,11101,11101,11101	5	41	14161,0,0,0,0,0,0	196	0
170845	473	951	738	313	338	105	53	15	4560	115	240	381	326	4	100	8196	1037	1934	0,0,0,0,0,0	36145	0	299	14783	122	0	14402,13723,13723,11250,11250,11250,11250	5	43	14457,0,0,0,0,0,0	194	0
170823	467	969	696	293	330	103	54	17	4636	116	242	390	224	6	98	8119	1035	1877	0,0,0,0,0,0	35883	0	296	15073	128	0	14675,13968,13968,11396,11396,11396,11396	5	35	14747,0,0,0,0,0,0	178	0
170834	468	982	671	298	310	103	48	19	4649	122	242	399	258	4	91	7984	1046	1834	0,0,0,0,0,0	35866	0	299	15370	131	0	14951,14214,14214,11528,11528,11528,11528	5	33	15044,0,0,0,0,0,0	174	0
170856	452	961	683	293	288	106	49	17	4673	125	243	361	246	1	92	7629	1031	1801	0,0,0,0,0,0	48312	0	263	15632	133	0	15194,14429,14429,11638,11638,11638,11638	5	21	15306,0,0,0,0,0,0	178	0
170841	424	960	695	296	290	98	46	17	4705	128	246	377	263	6	74	7238	1004	1805	0,0,0,0,0,0	47942	0	270	15897	139	0	15444,14653,14653,11770,11770,11770,11770	5	22	15572,0,0,0,0,0,0	177	0
170895	412	949	666	277	305	100	44	17	4702	132	247	412	263	3	83	7053	979	1774	0,0,0,0,0,0	34742	0	272	16162	146	0	15688,14865,14865,11864,11864,11864,11864	5	32	15837,0,0,0,0,0,0	169	0
170918	389	934	666	271	314	102	39	21	4709	133	250	420	320	5	101	7359	991	1724	0,0,0,0,0,0	34785	0	277	16433	154	0	15938,15086,15086,11974,11974,11974,11974	5	27	16109,0,0,0,0,0,0	157	0
170960	417	901	665	265	293	93	37	19	4711	133	252	416	283	3	84	7794	969	1702	0,0,0,0,0,0	35555	0	267	16698	156	0	16184,15300,15300,12074,12074,12074,12074	5	29	16374,0,0,0,0,0,0	150	0
170980	403	935	647	262	291	91	30	22	4689	139	257	427	309	0	80	7534	957	1702	0,0,0,0,0,0	35523	0	291	16984	161	0	16452,15537,15537,12196,12196,12196,12196	5	28	16660,0,0,0,0,0,0	144	0
170972	420	925	654	261	275	89	28	21	4704	140	257	446	251	4	71	7331	939	1713	0,0,0,0,0,0	35470	0	286	17268	163	0	16715,15773,15773,12330,12330,12330,12330	5	22	16944,0,0,0,0,0,0	143	0
171036	417	876	648	272	276	83	32	21	4686	141	258	467	250	3	74	7033	926	1678	0,0,0,0,0,0	47810	0	240	17502	171	0	16929,15957,15957,12403,12403,12403,12403	5	19	17178,0,0,0,0,0,0	146	0
171110	369	897	613	254	264	93	36	20	4683	143	264	454	267	5	74	6616	886	1640	0,0,0,0,0,0	47753	0	225	17725	174	0	17134,16132,16132,12466,12466,12466,12466	4	15	17401,0,0,0,0,0,0	154	0
171122	411	856	626	269	265	88	30	15	4647	151	266	453	269	5	84	6445	886	1659	0,0,0,0,0,0	34752	0	289	18010	179	0	17400,16368,16368,12590,12590,12590,12590	4	33	17687,0,0,0,0,0,0	160	0
171204	408	791	639	269	252	90	28	17	4625	153	270	447	282	4	89	6544	894	1583	0,0,0,0,0,0	34352	0	228	18232	185	0	17601,16539,16539,12645,12645,12645,12645	4	26	17910,0,0,0,0,0,0	144	0
171284	399	770	627	265	250	94	32	15	4583	155	272	456	280	3	79	6539	879	1558	0,0,0,0,0,0	34295	0	260	18492	189	0	17838,16741,16741,12720,12720,12720,12720	4	16	18170,0,0,0,0,0,0	148	0
171366	382	767	575	249	248	92	33	14	4589	156	275	452	259	2	83	6401	869	1477	0,0,0,0,0,0	34632	0	221	18711	192	0	18038,16911,16911,12775,12775,12775,12775	4	22	18390,0,0,0,0,0,0	143	0
171426	392	775	538	253	252	92	35	15	4534	157	277	452	253	4	75	6119	856	1481	0,0,0,0,0,0	34220	0	253	18958	198	0	18264,17106,17106,12854,12854,12854,12854	4	28	18637,0,0,0,0,0,0	142	0
171525	363	792	518	233	256	93	32	18	4477	159	280	444	231	6	71	5859	842	1445	0,0,0,0,0,0	46722	0	195	19149	203	0	18434,17247,17247,12886,12886,12886,12886	4	14	18828,0,0,0,0,0,0	144	0
171638	326	783	515	246	261	98	32	20	4382	163	282	447	244	2	56	5777	843	1418	0,0,0,0,0,0	46721	0	200	19346	208	0	18610,17392,17392,12914,12914,12914,12914	4	13	19025,0,0,0,0,0,0	136	0
171777	344	698	536	253	248	99	35	17	4293	163	283	456	241	2	80	6081	830	1383	0,0,0,0,0,0	34132	0	203	19546	211	0	18785,17532,17532,12927,12927,12927,12927	4	19	19225,0,0,0,0,0,0	138	0
171856	321	694	487	240	247	99	35	15	4299	166	287	450	310	4	78	6050	808	1315	0,0,0,0,0,0	34048	0	192	19736	213	0	18955,17675,17675,12967,12967,12967,12967	4	21	19415,0,0,0,0,0,0	139	0
171959	304	690	482	237	231	96	39	10	4245	166	287	455	232	3	72	6207	775	1304	0,0,0,0,0,0	34333	0	179	19913	217	0	19110,17802,17802,12988,12988,12988,12988	3	19	19592,0,0,0,0,0,0	145	0
172027	296	679	488	219	212	92	41	9	4226	168	289	423	253	3	51	5970	744	1283	0,0,0,0,0,0	34155	0	203	20114	219	0	19290,17955,17955,13038,13038,13038,13038	3	23	19793,0,0,0,0,0,0	139	0
172133	305	649	470	217	217	86	38	9	4160	173	289	431	290	6	63	6027	704	1278	0,0,0,0,0,0	33519	0	187	20300	221	0	19453,18089,18089,13061,13061,13061,13061	3	18	19979,0,0,0,0,0,0	139	0
172267	283	624	459	203	208	89	37	9	4096	178	293	408	259	6	58	5782	715	1188	0,0,0,0,0,0	46683	0	147	20448	224	0	19581,18188,18188,13052,13052,13052,13052	3	8	20127,0,0,0,0,0,0	132	0
172396	266	611	460	193	199	85	36	9	4017	179	295	406	295	1	60	5731	715	1135	0,0,0,0,0,0	46623	0	166	20610	230	0	19722,18300,18300,13054,13054,13054,13054	3	14	20289,0,0,0,0,0,0	136	0
172547	250	588	450	189	190	88	37	9	3923	180	295	404	228	1	61	5080	699	1093	0,0,0,0,0,0	33541	0	138	20747	231	0	19836,18385,18385,13028,13028,13028,13028	3	9	20426,0,0,0,0,0,0	137	0
172649	241	561	452	196	187	89	35	11	3846	182	297	422	96	3	55	5016	674	1087	0,0,0,0,0,0	33493	0	172	20918	234	0	19984,18506,18506,13043,13043,13043,13043	3	27	20597,0,0,0,0,0,0	149	0
172742	247	544	428	198	173	81	33	10	3805	186	299	445	300	1	55	4746	646	1058	0,0,0,0,0,0	32938	0	159	21076	236	0	20122,18619,18619,13059,13059,13059,13059	3	20	20755,0,0,0,0,0,0	138	0
172848	250	545	405	182	155	87	35	7	3743	186	303	455	105	0	43	4578	602	1057	0,0,0,0,0,0	45994	0	155	21229	239	0	20256,18726,18726,13065,13065,13065,13065	3	15	20908,0,0,0,0,0,0	144	0
172926	244	542	406	197	142	82	34	8	3674	186	305	449	228	3	47	4069	590	1057	0,0,0,0,0,0	45764	0	164	21391	245	0	20398,18845,18845,13090,13090,13090,13090	3	18	21070,0,0,0,0,0,0	145	0
173040	245	524	391	186	146	79	33	8	3595	191	308	462	95	1	44	4226	583	1021	0,0,0,0,0,0	45546	0	147	21540	246	0	20527,18947,18947,13090,13090,13090,13090	3	16	21219,0,0,0,0,0,0	136	0
173131	231	501	378	174	153	76	33	7	3557	192	313	439	266	3	46	4363	544	1002	0,0,0,0,0,0	45439	29	135	21674	247	0	20646,19042,19042,13097,13097,13097,13097	3	15	21353,0,0,0,0,0,0	132	24
173213	217	518	371	169	154	74	34	4	3483	194	315	414	253	4	60	4515	528	1009	0,0,0,0,0,0	32620	36	164	21834	251	0	20786,19158,19158,13118,13118,13118,13118	3	20	21513,0,0,0,0,0,0	136	57
173325	207	510	368	167	150	68	31	4	3398	198	320	435	250	3	52	4555	522	979	0,0,0,0,0,0	32595	30	145	21977	254	0	20908,19254,19254,13114,13114,13114,13114	3	15	21657,0,0,0,0,0,0	127	84
173376	231	487	378	173	149	64	30	5	3333	200	320	446	267	1	61	4487	539	973	0,0,0,0,0,0	32667	26	166	22141	256	0	21051,19376,19376,13151,13151,13151,13151	3	17	21821,0,0,0,0,0,0	128	106
173446	230	476	366	155	156	57	30	6	3299	201	324	460	230	2	47	4528	530	940	0,0,0,0,0,0	32530	34	131	22270	260	0	21164,19469,19469,13163,13163,13163,13163	2	19	21951,0,0,0,0,0,0	121	136
173500	237	491	346	146	144	56	30	6	3264	201	325	465	227	1	49	4268	504	946	0,0,0,0,0,0	32310	28	156	22424	263	0	21299,19583,19583,13194,13194,13194,13194	2	15	22105,0,0,0,0,0,0	124	161
173576	220	476	338	157	145	51	29	7	3213	203	331	453	251	6	44	4156	503	913	0,0,0,0,0,0	38715	25	123	22544	266	0	21405,19669,19669,13201,13201,13201,13201	2	9	22225,0,0,0,0,0,0	118	185
173697	203	436	339	148	146	48	25	7	3153	208	336	463	209	1	40	4256	505	840	0,0,0,0,0,0	38856	134	101	22643	269	0	21498,19739,19739,13179,13179,13179,13179	2	9	22324,0,0,0,0,0,0	106	299
173760	205	424	373	143	140	52	25	6	3070	210	338	457	253	2	47	4522	518	844	0,0,0,0,0,0	27426	133	157	22794	275	0	21643,19862,19862,13210,13210,13210,13210	2	20	22476,0,0,0,0,0,0	98	415
173849	215	408	341	156	138	53	24	6	3001	213	342	444	274	2	49	4516	520	815	0,0,0,0,0,0	27539	131	130	22925	277	0	21764,19961,19961,13215,13215,13215,13215	2	15	22607,0,0,0,0,0,0	98	528
173919	198	409	326	152	141	54	23	7	2959	213	345	446	292	3	50	4251	520	783	0,0,0,0,0,0	27488	116	119	23042	280	0	21873,20051,20051,13224,13224,13224,13224	2	13	22724,0,0,0,0,0,0	91	622
173997	205	413	316	145	135	57	25	7	2883	214	349	434	264	1	32	4152	492	804	0,0,0,0,0,0	27406	119	134	23173	284	0	21997,20154,20154,13237,13237,13237,13237	2	14	22855,0,0,0,0,0,0	98	720
174098	195	420	307	139	133	60	24	3	2801	215	351	482	239	1	41	3980	488	790	0,0,0,0,0,0	26725	132	123	23295	285	0	22108,20242,20242,13232,13232,13232,13232	2	15	22977,0,0,0,0,0,0	99	837
174161	192	423	311	131	130	53	22	4	2748	217	354	494	270	2	42	3786	481	781	0,0,0,0,0,0	38847	137	119	23415	287	0	22221,20337,20337,13248,13248,13248,13248	2	9	23097,0,0,0,0,0,0	87	948
174241	190	415	288	134	129	52	20	4	2696	220	357	487	241	1	35	3815	476	752	0,0,0,0,0,0	38757	144	106	23517	292	0	22349,20447,20447,13263,13263,13263,13263	2	2	23199,0,0,0,0,0,0	89	1061
174265	184	431	271	137	124	54	21	4	2674	222	359	478	249	2	45	3816	468	754	0,0,0,0,0,0	26897	154	141	23655	295	0	22513,20595,20595,13321,13321,13321,13321	2	18	23337,0,0,0,0,0,0	100	1193
174316	183	390	304	137	128	54	22	3	2623	224	362	484	271	5	49	3569	471	747	0,0,0,0,0,0	26859	138	109	23761	298	0	22644,20709,20709,13348,13348,13348,13348	2	10	23443,0,0,0,0,0,0	98	1301
174390	187	387	284	132	120	57	21	3	2574	227	364	474	309	0	32	3570	454	734	0,0,0,0,0,0	26783	173	118	23879	300	0	22779,20825,20825,13368,13368,13368,13368	2	11	23561,0,0,0,0,0,0	90	1443
174442	182	401	271	131	105	52	23	4	2539	228	368	478	260	3	37	3251	435	730	0,0,0,0,0,0	26575	153	113	23992	302	0	22914,20943,20943,13398,13398,13398,13398	2	14	23674,0,0,0,0,0,0	87	1561
174510	176	401	277	134	107	49	22	4	2465	230	371	479	254	3	21	3354	393	773	0,0,0,0,0,0	26508	132	127	24115	306	0	23063,21073,21073,13427,13427,13427,13427	2	14	23797,0,0,0,0,0,0	86	1676
174577	165	402	260	131	115	45	23	5	2419	230	374	465	254	1	34	3054	375	766	0,0,0,0,0,0	38344	140	100	24213	309	0	23187,21179,21179,13444,13444,13444,13444	2	10	23895,0,0,0,0,0,0	89	1796
174664	154	380	273	132	109	43	20	7	2359	231	374	443	259	2	32	2998	348	763	0,0,0,0,0,0	38051	83	102	24315	309	0	23312,21286,21286,13453,13453,13453,13453	2	9	23997,0,0,0,0,0,0	80	1866
174672	173	377	285	122	109	42	19	6	2332	232	377	476	231	0	40	3256	366	761	0,0,0,0,0,0	26308	56	130	24444	310	0	23474,21434,21434,13517,13517,13517,13517	2	17	24126,0,0,0,0,0,0	83	1911
174727	170	370	292	115	114	43	18	7	2278	234	378	503	252	1	42	3055	371	751	0,0,0,0,0,0	26320	57	118	24563	311	0	23613,21555,21555,13544,13544,13544,13544	2	18	24245,0,0,0,0,0,0	74	1948
174776	186	364	288	124	114	42	16	6	2216	235	379	514	153	2	40	3145	380	754	0,0,0,0,0,0	26310	62	134	24697	312	0	23780,21704,21704,13591,13591,13591,13591	2	18	24379,0,0,0,0,0,0	78	2000
174824	204	382	263	120	110	46	16	7	2156	235	383	513	215	3	35	3215	387	754	0,0,0,0,0,0	26056	70	135	24830	314	0	23939,21845,21845,13633,13633,13633,13633	2	14	24512,0,0,0,0,0,0	82	2052
174856	182	389	277	116	109	46	15	8	2127	235	386	486	264	3	45	3093	408	726	0,0,0,0,0,0	26346	73	104	24935	315	0	24072,21964,21964,13670,13670,13670,13670	2	7	24617,0,0,0,0,0,0	82	2109
174913	176	370	283	116	96	43	15	8	2096	236	394	489	262	1	30	3042	412	687	0,0,0,0,0,0	38251	73	100	25032	318	0	24204,22079,22079,13695,13695,13695,13695	1	5	24714,0,0,0,0,0,0	77	2167
174935	173	357	283	119	101	37	16	7	2086	236	396	499	258	3	25	2803	387	699	0,0,0,0,0,0	37998	208	104	25135	320	0	24325,22188,22188,13733,13733,13733,13733	1	13	24818,0,0,0,0,0,0	74	2323
175000	178	343	254	117	102	37	17	6	2057	236	399	487	294	2	31	2923	378	670	0,0,0,0,0,0	25867	170	101	25235	321	0	24435,22281,22281,13740,13740,13740,13740	1	15	24918,0,0,0,0,0,0	74	2465
175046	166	348	228	126	105	31	15	6	2035	239	401	481	255	0	34	3078	382	637	0,0,0,0,0,0	26450	189	99	25332	324	0	24538,22370,22370,13753,13753,13753,13753	1	7	25015,0,0,0,0,0,0	70	2617
175079	169	333	234	116	104	29	17	5	2015	239	406	480	221	3	27	2979	362	640	0,0,0,0,0,0	26151	233	93	25427	325	0	24647,22466,22466,13776,13776,13776,13776	1	12	25110,0,0,0,0,0,0	64	2803
175122	170	324	250	102	97	28	19	4	1983	239	408	493	149	1	28	2752	352	638	0,0,0,0,0,0	25948	210	95	25520	327	0	24753,22558,22558,13793,13793,13793,13793	1	5	25203,0,0,0,0,0,0	61	2971
175147	191	328	249	96	98	28	19	4	1934	240	412	504	248	0	33	2788	337	672	0,0,0,0,0,0	25679	228	123	25644	327	0	24891,22681,22681,13834,13834,13834,13834	1	13	25327,0,0,0,0,0,0	63	3148
175182	187	334	243	98	112	27	19	4	1885	240	415	514	102	2	31	2650	338	682	0,0,0,0,0,0	37838	213	100	25741	330	0	25004,22781,22781,13859,13859,13859,13859	1	6	25424,0,0,0,0,0,0	71	3319
175221	173	343	227	100	113	29	20	4	1855	242	419	518	274	1	31	2543	352	653	0,0,0,0,0,0	37646	167	98	25838	332	0	25188,22952,22952,13919,13919,13919,13919	1	6	25521,0,0,0,0,0,0	61	3445
175236	158	363	229	102	105	32	19	5	1831	243	423	530	232	0	33	2632	343	665	0,0,0,0,0,0	25931	166	101	25938	335	0	25368,23121,23121,13986,13986,13986,13986	1	9	25621,0,0,0,0,0,0	70	3575
175243	187	377	227	99	111	33	16	4	1774	246	429	548	244	1	25	2595	352	698	3,0,0,0,0,0	25794	175	104	26075	338	0	25584,23323,23323,14075,14075,14075,14075	1	10	25723,36,0,0,0,0,0	69	3709
175209	214	391	232	91	100	34	15	4	1775	249	432	543	226	2	27	2621	344	733	6,0,0,0,0,0	25657	163	110	26215	343	0	25812,23541,23541,14191,14191,14191,14191	1	9	25829,73,0,0,0,0,0	57	3831
175162	211	441	242	93	89	34	16	4	1767	249	438	521	253	1	28	2375	353	773	10,0,0,0,0,0	25648	155	118	26368	347	0	26047,23766,23766,14318,14318,14318,14318	1	8	25937,119,0,0,0,0,0	58	3946
175123	218	446	245	99	106	32	15	4	1763	252	443	523	257	6	31	2384	345	816	14,0,0,0,0,0	25368	143	119	26515	352	0	26290,23999,23999,14443,14443,14443,14443	1	5	26033,172,0,0,0,0,0	56	4055
175080	245	453	273	103	115	33	15	4	1725	254	446	494	206	1	29	2337	361	876	18,0,0,0,0,0	37344	181	140	26693	352	0	26554,24250,24250,14584,14584,14584,14584	1	6	26137,246,0,0,0,0,0	56	4196
175054	258	462	277	105	120	31	13	5	1719	255	447	507	231	1	32	2165	355	911	23,0,0,0,0,0	37498	126	120	26843	358	0	26775,24460,24460,14695,14695,14695,14695	1	9	26207,327,0,0,0,0,0	60	4294
175019	245	510	272	119	118	31	14	5	1709	256	448	536	259	4	38	2116	353	956	26,0,0,0,0,0	25357	130	163	27002	363	0	27009,24683,24683,14812,14812,14812,14812	1	11	26308,388,0,0,0,0,0	63	4387
174970	243	525	275	125	126	33	15	5	1722	257	450	533	241	1	45	2146	376	966	29,0,0,0,0,0	25239	124	167	27169	365	0	27246,24909,24909,14939,14939,14939,14939	1	16	26407,457,0,0,0,0,0	65	4478
174893	255	535	294	135	137	32	16	3	1735	257	454	533	134	1	50	2001	410	994	32,0,0,0,0,0	25491	127	180	27351	365	0	27511,25166,25166,15095,15095,15095,15095	1	6	26501,545,0,0,0,0,0	59	4567
174823	281	530	297	147	143	32	22	2	1756	257	456	543	321	5	54	2130	438	1014	36,0,0,0,0,0	25108	124	188	27540	368	0	27763,25409,25408,15242,15242,15242,15242	1	15	26593,644,0,0,0,0,0	68	4666
174731	303	562	312	147	144	36	23	2	1766	259	461	528	257	1	46	2569	459	1068	38,0,0,0,0,0	25539	126	208	27746	371	0	28035,25671,25669,15406,15406,15406,15406	1	13	26706,740,0,0,0,0,0	76	4756
174685	282	577	335	135	159	37	24	2	1788	259	463	508	242	2	47	2831	474	1075	40,0,0,0,0,0	37698	121	173	27916	374	0	28284,25909,25907,15537,15537,15537,15537	1	11	26788,828,0,0,0,0,0	82	4845
174618	277	607	339	138	167	35	25	1	1809	260	470	530	114	0	39	3403	498	1090	42,0,0,0,0,0	38258	268	189	28103	377	0	28517,26133,26130,15671,15671,15671,15671	1	9	26887,918,0,0,0,0,0	88	5047
174531	297	609	366	138	165	34	23	3	1844	262	474	548	282	2	49	3794	535	1097	45,0,0,0,0,0	26617	324	207	28305	383	0	28750,26356,26352,15812,15812,15812,15812	1	16	26971,1039,0,0,0,0,0	81	5277
174420	324	608	383	147	169	38	20	4	1893	264	476	552	298	4	46	4116	553	1136	47,0,0,0,0,0	27175	303	215	28516	389	0	28990,26589,26584,15968,15968,15968,15968	1	13	27061,1162,0,0,0,0,0	82	5499
174298	348	633	385	144	178	40	21	4	1952	265	478	534	158	4	52	4263	558	1191	49,0,0,0,0,0	27259	268	243	28756	393	0	29258,26848,26842,16144,16144,16144,16144	1	16	27163,1301,0,0,0,0,0	85	5689
174186	356	668	381	161	187	43	20	5	1990	266	483	545	278	4	49	4494	563	1253	51,0,0,0,0,0	27618	302	235	28989	396	0	29527,27110,27102,16318,16318,16318,16318	1	18	27256,1443,0,0,0,0,0	87	5898
174070	387	700	393	169	189	45	21	4	2016	267	485	560	244	1	68	4562	609	1295	54,0,0,0,0,0	27514	310	250	29237	399	0	29807,27380,27370,16497,16497,16497,16497	1	21	27325,1624,0,0,0,0,0	92	6107
173962	380	707	439	190	176	47	25	3	2060	268	489	551	272	1	42	4536	647	1317	56,0,0,0,0,0	39363	284	220	29448	408	0	30054,27623,27610,16658,16658,16658,16658	1	9	27398,1769,0,0,0,0,0	100	6303
173863	386	712	453	191	182	48	24	5	2121	270	491	532	338	5	56	4349	663	1333	58,0,0,0,0,0	39234	598	213	29658	412	0	30376,27939,27924,16854,16854,16854,16854	1	12	27473,1906,0,0,0,0,0	111	6659
173735	383	761	452	179	187	49	25	9	2199	272	495	537	310	2	64	4403	670	1366	60,0,0,0,0,0	27518	594	262	29917	416	0	30747,28305,28287,17085,17085,17085,17085	1	23	27562,2080,0,0,0,0,0	103	7008
173599	410	788	466	180	199	51	30	8	2240	273	502	512	237	2	66	4314	706	1418	62,0,0,0,0,0	27269	635	271	30185	421	0	31125,28678,28656,17325,17325,17325,17325	1	22	27629,2284,0,0,0,0,0	114	7581
173479	418	801	474	201	199	52	29	7	2306	274	506	529	310	3	66	4430	707	1467	65,0,0,0,0,0	27813	594	272	30448	431	0	31500,29048,29022,17559,17559,17559,17559	2	22	27692,2492,0,0,0,0,0	110	8093
173310	409	858	481	216	209	57	25	7	2387	277	510	543	245	3	67	4486	703	1552	66,0,0,0,0,0	27375	617	298	30741	437	0	31902,29451,29420,17831,17831,17831,17831	2	22	27766,2716,0,0,0,0,0	115	8637
173170	422	880	485	232	234	64	26	7	2435	278	513	522	295	4	75	4642	737	1606	69,0,0,0,0,0	27901	631	294	31029	444	0	32298,29844,29808,18086,18086,18086,18086	2	22	27813,2962,0,0,0,0,0	123	9186
173003	436	938	504	235	242	70	29	8	2484	279	518	524	244	3	77	4614	776	1678	71,0,0,0,0,0	39321	602	311	31325	460	0	32702,30246,30205,18359,18359,18359,18359	2	14	27883,3201,0,0,0,0,0	137	9733
172840	459	945	526	253	266	71	31	9	2544	281	521	495	227	3	67	4662	785	1766	72,0,0,0,0,0	39613	784	334	31646	473	0	33173,30716,30669,18662,18662,18662,18662	2	20	27950,3464,0,0,0,0,0	143	10430
172620	492	996	541	255	271	74	28	10	2654	282	523	489	279	5	90	4945	808	1849	73,0,0,0,0,0	27963	786	365	31992	492	0	33668,31210,31158,19003,19003,19003,19003	2	25	28026,3749,0,0,0,0,0	145	11109
172408	546	1002	556	279	269	73	29	10	2763	284	527	506	299	1	93	5264	842	1912	75,0,0,0,0,0	28257	826	366	32349	503	0	34258,31798,31740,19385,19385,19385,19385	2	24	28090,4050,0,0,0,0,0	140	11817
172203	558	1032	575	294	297	74	33	7	2856	284	533	509	206	5	95	5440	884	1979	77,0,0,0,0,0	28299	793	360	32697	517	0	34812,32355,32290,19750,19750,19750,19750	2	30	28151,4347,0,0,0,0,0	144	12490
171998	553	1117	599	303	295	73	31	7	2949	287	534	504	321	4	103	5558	918	2053	78,0,0,0,0,0	28361	825	389	33069	536	0	35392,32938,32864,20131,20131,20131,20131	2	24	28206,4680,0,0,0,0,0	146	13200
171770	600	1151	610	331	288	66	34	9	3066	287	534	476	278	4	92	5411	934	2146	79,0,0,0,0,0	28691	823	416	33473	550	0	36001,33548,33465,20534,20534,20534,20534	2	28	28261,5041,0,0,0,0,0	137	13921
171581	593	1183	661	333	294	67	39	9	3159	289	538	483	244	4	90	5522	957	2213	81,0,0,0,0,0	39995	819	370	33832	565	0	36583,34133,34041,20906,20906,20906,20906	2	15	28305,5367,0,0,0,0,0	159	14615
171377	598	1218	691	351	303	75	42	5	3252	292	542	490	335	3	103	5622	1032	2246	82,0,0,0,0,0	40203	909	411	34226	583	0	37232,34785,34682,21316,21316,21316,21316	2	19	28365,5715,0,0,0,0,0	171	15390
171143	624	1259	715	338	305	74	46	6	3399	293	544	512	275	4	96	5936	1029	2332	83,0,0,0,0,0	45135	883	422	34634	599	0	37888,35447,35333,21745,21745,21745,21745	2	29	28415,6086,0,0,0,0,0	161	16138
170911	642	1276	763	341	315	75	46	6	3529	296	546	486	261	3	118	6016	1064	2394	84,0,0,0,0,0	45350	816	419	35039	616	0	38546,36111,35986,22170,22170,22170,22170	2	22	28458,6459,0,0,0,0,0	173	16821
170695	643	1337	785	351	321	75	43	8	3642	300	546	481	254	7	104	6079	1067	2488	85,0,0,0,0,0	45610	828	441	35464	632	0	39205,36778,36640,22593,22593,22593,22593	2	28	28507,6850,0,0,0,0,0	171	17514
170498	655	1311	813	379	353	83	44	8	3749	303	550	465	246	8	137	6410	1162	2476	86,0,0,0,0,0	45718	877	432	35874	658	0	39866,37446,37294,23006,23006,23006,23006	2	23	28545,7241,0,0,0,0,0	170	18254
170258	676	1375	820	392	345	85	46	9	3884	305	551	452	316	7	131	6893	1246	2493	87,0,0,0,0,0	45854	918	439	36298	678	0	40550,38137,37974,23451,23451,23451,23451	2	15	28591,7635,0,0,0,0,0	176	19022
170169	631	1373	803	390	366	94	46	8	4002	310	554	443	330	4	98	6844	1252	2451	87,0,0,0,0,0	70235	897	343	36624	696	0	41112,38709,38529,23762,23762,23762,23762	2	21	28621,7940,0,0,0,0,0	180	19766
170101	562	1316	827	410	389	94	47	9	4121	312	558	443	266	7	105	6871	1233	2412	88,0,0,0,0,0	70331	656	300	36912	711	0	41726,39331,39137,24089,24089,24089,24089	2	12	28645,8217,0,0,0,0,0	199	20316
169950	598	1273	834	432	406	101	47	8	4221	317	559	453	280	6	127	7098	1281	2410	88,0,0,0,0,0	46268	604	420	37307	737	0	42425,40045,39833,24504,24504,24504,24504	2	29	28684,8590,0,0,0,0,0	207	20776
169810	653	1223	819	428	397	104	53	7	4368	321	563	452	298	7	167	7468	1352	2325	89,0,0,0,0,0	46635	688	412	37699	759	0	43087,40725,40494,24895,24895,24895,24895	2	25	28718,8964,0,0,0,0,0	204	21319
169704	638	1224	823	424	412	103	58	8	4460	323	569	445	229	6	140	7924	1371	2311	89,0,0,0,0,0	46922	661	377	38057	782	0	43721,41377,41125,25254,25254,25254,25254	2	19	28741,9319,0,0,0,0,0	211	21861
169553	626	1282	792	417	422	102	65	7	4584	327	569	433	266	7	142	8717	1406	2300	90,0,0,0,0,0	47441	621	422	38451	812	0	44408,42081,41811,25664,25664,25664,25664	2	26	28765,9708,0,0,0,0,0	223	22341
169388	651	1289	808	420	437	112	65	9	4666	328	573	423	312	5	130	8761	1442	2340	91,0,0,0,0,0	47678	602	438	38866	839	0	45126,42817,42528,26098,26098,26098,26098	2	22	28789,10120,0,0,0,0,0	230	22805
169323	632	1275	792	418	421	118	63	13	4780	334	577	418	241	4	99	8970	1400	2319	91,0,0,0,0,0	71323	647	358	39201	863	0	45751,43461,43151,26436,26436,26436,26436	2	17	28811,10452,0,0,0,0,0	233	23338
169323	563	1282	804	399	427	129	59	14	4824	341	581	404	306	6	112	8065	1341	2322	92,0,0,0,0,0	71305	857	318	39506	881	0	46312,44052,43717,26735,26735,26735,26735	2	26	28822,10763,0,0,0,0,0	244	24030
169247	556	1297	816	412	414	136	61	14	4865	346	582	415	289	10	148	8245	1335	2357	92,0,0,0,0,0	47190	919	395	39879	910	0	46932,44702,44342,27095,27095,27095,27095	2	21	28845,11132,0,0,0,0,0	239	24789
169143	572	1239	816	428	422	140	68	11	4975	348	584	415	286	9	147	8678	1372	2313	92,0,0,0,0,0	47482	909	390	40251	929	0	47650,45440,45058,27474,27474,27474,27474	2	13	28868,11492,0,0,0,0,0	244	25538
169062	593	1243	786	424	414	138	74	11	5064	350	587	374	262	5	133	9445	1368	2304	93,0,0,0,0,0	48027	833	403	40630	956	0	48348,46157,45751,27838,27838,27838,27838	2	26	28883,11874,0,0,0,0,0	257	26198
168961	626	1259	778	451	408	147	71	12	5088	356	589	372	233	10	110	9095	1315	2425	93,0,0,0,0,0	48244	862	444	41056	975	0	49075,46906,46475,28227,28227,28227,28227	2	16	28898,12302,0,0,0,0,0	265	26882
168855	649	1273	785	427	408	155	71	11	5160	363	589	382	249	6	127	8648	1315	2453	94,0,0,0,0,0	47752	919	420	41453	1001	0	49774,47626,47171,28603,28603,28603,28603	2	22	28907,12712,0,0,0,0,0	246	27594
168830	595	1277	780	426	394	148	74	11	5254	365	592	395	254	7	114	7973	1286	2408	94,0,0,0,0,0	71518	885	336	41766	1024	0	50410,48284,47804,28905,28905,28905,28905	2	14	28914,13032,0,0,0,0,0	255	28283
168820	570	1221	791	429	398	162	72	13	5304	369	597	393	253	4	101	7508	1240	2403	95,0,0,0,0,0	70574	1044	321	42070	1044	0	51152,49048,48545,29251,29251,29251,29251	2	23	28924,13342,0,0,0,0,0	260	29113
168733	585	1242	779	430	401	161	67	14	5361	374	599	394	322	11	146	7674	1227	2438	95,0,0,0,0,0	46645	1075	413	42458	1070	0	51992,49913,49383,29683,29683,29683,29683	2	23	28938,13738,0,0,0,0,0	265	29970
168644	625	1243	780	426	387	167	72	12	5413	377	600	393	316	3	148	8149	1268	2432	95,0,0,0,0,0	47051	1062	408	42843	1094	0	52826,50773,50218,30114,30114,30114,30114	2	22	28944,14135,0,0,0,0,0	275	30775
168586	603	1286	799	425	371	162	75	13	5446	379	601	394	327	2	119	8106	1261	2460	96,0,0,0,0,0	47521	1108	394	43215	1121	0	53614,51588,51006,30509,30509,30509,30509	2	17	28955,14518,0,0,0,0,0	273	31674
168526	622	1267	819	415	380	157	73	14	5489	382	602	383	255	5	104	7607	1204	2529	96,0,0,0,0,0	47030	1077	400	43598	1142	0	54421,52422,51812,30913,30913,30913,30913	2	18	28964,14908,0,0,0,0,0	262	32501
168450	617	1262	829	409	401	153	68	16	5548	389	604	372	295	8	135	7044	1202	2537	96,0,0,0,0,0	47090	1059	393	43975	1162	0	55250,53278,52641,31332,31332,31332,31332	2	23	28968,15295,0,0,0,0,0	253	33309
168523	567	1237	815	371	411	158	65	19	5575	397	608	362	252	8	125	6538	1180	2444	96,0,0,0,0,0	70217	1012	294	44248	1185	0	55953,54013,53346,31626,31626,31626,31626	2	15	28978,15576,0,0,0,0,0	251	34067
168569	507	1211	825	366	410	155	60	17	5612	404	610	383	257	8	124	6756	1184	2350	96,0,0,0,0,0	69871	1414	304	44534	1204	0	56748,54835,54140,31966,31966,31966,31966	2	16	28990,15862,0,0,0,0,0	257	35123
168586	504	1176	794	396	391	159	62	16	5644	406	612	386	300	1	129	7084	1169	2313	96,0,0,0,0,0	46190	1317	361	44879	1222	0	57598,55714,54989,32345,32345,32345,32345	2	17	28999,16210,0,0,0,0,0	248	36104
168586	522	1108	799	382	384	155	63	19	5703	411	614	401	274	6	127	7237	1146	2267	97,0,0,0,0,0	46350	1401	335	45194	1242	0	58381,56527,55774,32699,32699,32699,32699	2	24	29003,16538,0,0,0,0,0	242	37173
168593	535	1120	763	387	375	151	64	18	5706	417	617	395	307	11	132	7448	1154	2241	97,0,0,0,0,0	46612	1406	371	45545	1264	0	59238,57414,56630,33089,33089,33089,33089	2	20	29007,16899,0,0,0,0,0	232	38247
168610	531	1149	751	364	346	147	65	13	5727	422	621	379	261	5	114	7400	1107	2246	97,0,0,0,0,0	38649	1400	340	45868	1281	0	60052,58260,57447,33453,33453,33453,33453	2	18	29011,17228,0,0,0,0,0	232	39282
168627	556	1120	762	371	340	137	65	14	5707	426	621	377	276	6	97	7336	1077	2274	97,0,0,0,0,0	38306	1313	367	46211	1308	0	60888,59129,58284,33830,33830,33830,33830	2	21	29015,17588,0,0,0,0,0	218	40263
168700	517	1093	763	380	331	129	60	13	5705	432	623	412	229	4	82	7262	1033	2240	97,0,0,0,0,0	40824	1394	302	46493	1331	0	61624,59896,59021,34129,34129,34129,34129	2	11	29021,17882,0,0,0,0,0	210	41280
168837	439	1085	753	363	330	125	59	13	5682	434	626	401	288	5	106	6900	1002	2152	98,0,0,0,0,0	40778	1133	250	46724	1351	0	62350,60654,59746,34381,34381,34381,34381	2	9	29023,18129,0,0,0,0,0	219	42119
168851	467	1055	743	360	327	111	58	12	5695	437	630	418	316	8	127	7122	996	2125	98,0,0,0,0,0	38093	1112	338	47051	1364	0	63119,61456,60517,34715,34715,34715,34715	2	12	29024,18465,0,0,0,0,0	204	42904
168879	508	1040	707	367	314	105	52	11	5690	442	631	434	297	6	93	7077	984	2109	98,0,0,0,0,0	38281	1091	338	47371	1383	0	63945,62316,61344,35067,35067,35067,35067	1	9	29027,18793,0,0,0,0,0	186	43687
168961	496	1023	723	359	311	110	49	14	5621	445	634	466	256	6	95	6825	958	2113	98,0,0,0,0,0	38029	1097	309	47663	1400	0	64731,63136,62132,35377,35377,35377,35377	1	12	29029,19095,0,0,0,0,0	177	44423
169035	482	994	714	336	305	107	45	19	5622	449	638	461	315	9	111	6438	934	2049	99,0,0,0,0,0	37820	1079	288	47942	1412	0	65480,63917,62882,35672,35672,35672,35672	1	14	29030,19380,0,0,0,0,0	167	45190
169125	470	990	712	317	302	103	44	15	5574	452	642	465	239	4	102	6465	932	2006	99,0,0,0,0,0	37479	1051	285	48210	1431	0	66190,64660,63594,35940,35940,35940,35940	1	18	29033,19658,0,0,0,0,0	169	45888
169297	411	931	722	323	317	97	42	16	5493	453	644	452	298	7	75	6001	900	1943	99,0,0,0,0,0	40114	1074	210	48407	1444	0	66874,65377,64277,36148,36148,36148,36148	1	12	29035,19861,0,0,0,0,0	156	46629
169442	368	906	714	312	289	84	43	14	5472	456	646	466	262	2	118	5785	895	1821	99,0,0,0,0,0	39780	908	221	48609	1464	0	67555,66091,64961,36365,36365,36365,36365	1	7	29037,20075,0,0,0,0,0	146	47276
169573	348	855	682	312	284	80	44	13	5449	458	648	479	292	3	91	5837	835	1770	99,0,0,0,0,0	30883	908	224	48819	1478	0	68238,66808,65647,36588,36588,36588,36588	1	9	29038,20297,0,0,0,0,0	138	47906
169686	344	832	685	302	280	82	41	9	5366	465	654	467	257	5	101	6273	844	1722	99,0,0,0,0,0	30590	874	252	49053	1496	0	68940,67544,66352,36824,36824,36824,36824	1	10	29041,20538,0,0,0,0,0	144	48477
169805	365	764	658	276	269	80	41	7	5356	468	657	472	258	6	75	6285	773	1680	99,0,0,0,0,0	31166	938	227	49265	1513	0	69579,68215,66994,37032,37032,37032,37032	1	8	29041,20761,0,0,0,0,0	132	49118
169940	353	757	623	276	266	77	45	7	5275	469	658	475	311	3	91	5720	754	1643	99,0,0,0,0,0	30851	901	210	49463	1527	0	70218,68885,67636,37231,37231,37231,37231	1	11	29041,20970,0,0,0,0,0	133	49717
170101	324	752	604	260	248	71	44	7	5205	470	660	472	247	1	81	5891	733	1570	99,0,0,0,0,0	25466	903	205	49659	1536	0	70846,69547,68267,37416,37416,37416,37416	1	6	29041,21172,0,0,0,0,0	132	50340
170268	306	730	580	253	250	61	42	4	5118	474	660	474	316	6	69	5809	699	1523	99,0,0,0,0,0	31960	894	201	49846	1550	0	71457,70193,68882,37592,37592,37592,37592	1	9	29041,21368,0,0,0,0,0	127	50933
170436	292	696	547	230	236	57	38	4	5067	479	664	489	284	3	68	5575	649	1447	99,0,0,0,0,0	31821	1216	165	50006	1557	0	72064,70832,69493,37753,37753,37753,37753	1	8	29042,21532,0,0,0,0,0	116	51814
170569	292	679	551	237	221	54	35	3	4957	483	665	493	243	4	56	5578	623	1446	99,0,0,0,0,0	25523	1283	204	50197	1571	0	72699,71499,70132,37941,37941,37941,37941	1	9	29042,21734,0,0,0,0,0	113	52714
170719	303	679	503	231	200	54	35	1	4866	485	670	488	249	2	57	5547	582	1423	99,0,0,0,0,0	25362	1243	213	50399	1582	0	73308,72143,70746,38113,38113,38113,38113	1	14	29042,21943,0,0,0,0,0	106	53576
170874	294	634	509	221	197	50	30	3	4771	488	675	477	304	6	74	5423	568	1367	99,0,0,0,0,0	25531	1291	162	50551	1594	0	73927,72794,71370,38281,38281,38281,38281	1	8	29043,22104,0,0,0,0,0	101	54530
171060	284	611	474	212	189	49	28	5	4668	490	676	466	326	1	61	5405	545	1302	99,0,0,0,0,0	24939	1255	151	50697	1599	0	74502,73402,71950,38418,38418,38418,38418	1	7	29043,22254,0,0,0,0,0	87	55436
171236	295	554	490	204	182	49	24	6	4533	493	680	461	266	3	56	4756	514	1284	99,0,0,0,0,0	25088	1197	168	50857	1607	0	75082,74017,72537,38566,38566,38566,38566	1	10	29043,22422,0,0,0,0,0	85	56317
171414	265	524	465	188	178	48	24	6	4457	494	683	467	247	2	50	4786	485	1207	99,0,0,0,0,0	28967	1276	120	50974	1611	0	75608,74574,73069,38694,38694,38694,38694	1	9	29043,22542,0,0,0,0,0	76	57220
171576	212	548	462	176	169	48	21	6	4349	496	683	479	277	0	55	4654	465	1171	99,0,0,0,0,0	28931	572	140	51106	1620	0	76351,75350,73823,38937,38937,38937,38937	1	4	29043,22682,0,0,0,0,0	89	57608
171728	214	533	445	156	153	44	24	6	4261	496	686	458	227	2	66	4410	435	1134	100,0,0,0,0,0	23208	598	149	51245	1630	0	77085,76115,74565,39178,39178,39178,39178	1	9	29043,22829,0,0,0,0,0	78	58017
171900	210	505	426	149	143	43	23	8	4152	497	690	494	214	1	49	4161	413	1086	100,0,0,0,0,0	23036	659	118	51357	1637	0	77818,76878,75306,39394,39394,39394,39394	1	10	29043,22946,0,0,0,0,0	82	58469
172073	197	437	428	144	138	43	22	8	4067	498	691	476	317	2	45	3857	377	1032	100,0,0,0,0,0	22836	582	91	51442	1643	0	78569,77656,76065,39623,39623,39623,39623	1	4	29043,23036,0,0,0,0,0	75	58874
172244	185	420	408	143	134	42	21	9	3948	499	693	484	265	1	52	3639	382	971	100,0,0,0,0,0	22432	520	119	51555	1649	0	79311,78430,76817,39858,39858,39858,39858	1	8	29043,23150,0,0,0,0,0	71	59227
172436	173	409	394	132	122	45	20	9	3807	501	698	468	297	1	42	3655	360	935	100,0,0,0,0,0	22525	598	102	51649	1657	0	80003,79151,77517,40054,40054,40054,40054	1	10	29043,23251,0,0,0,0,0	65	59638
172587	162	395	378	130	133	40	18	11	3686	502	704	473	284	4	35	3256	345	911	100,0,0,0,0,0	27843	568	109	51752	1665	0	80733,79910,78258,40298,40298,40298,40298	0	3	29043,23360,0,0,0,0,0	68	60049
172764	143	374	371	127	115	37	14	9	3580	506	706	471	231	5	33	3015	316	865	100,0,0,0,0,0	27462	826	80	51823	1674	0	81165,80370,78698,40352,40352,40352,40352	0	6	29043,23438,0,0,0,0,0	57	60636
172886	134	350	373	130	104	32	12	9	3501	507	708	483	239	0	36	3058	313	822	100,0,0,0,0,0	16779	791	93	51906	1685	0	81609,80839,79152,40438,40438,40438,40438	0	5	29043,23528,0,0,0,0,0	47	61196
173033	130	337	336	108	93	29	13	7	3442	507	711	520	244	2	31	2930	272	774	100,0,0,0,0,0	16680	809	102	52001	1692	0	82071,81325,79620,40516,40516,40516,40516	0	3	29043,23627,0,0,0,0,0	45	61753
173207	132	313	314	97	91	23	12	8	3326	508	715	492	309	4	36	2980	259	723	100,0,0,0,0,0	16646	848	85	52081	1697	0	82477,81755,80033,40560,40560,40560,40560	0	0	29043,23711,0,0,0,0,0	39	62371
173353	131	292	310	100	79	23	9	8	3215	510	716	533	89	0	22	2832	228	716	100,0,0,0,0,0	16582	862	76	52152	1703	0	82863,82161,80426,40600,40600,40600,40600	0	5	29043,23786,0,0,0,0,0	37	62972
173510	127	273	272	95	90	18	9	8	3109	511	724	514	277	1	23	2580	216	668	100,0,0,0,0,0	16341	795	71	52218	1710	0	83256,82574,80825,40648,40648,40648,40648	0	5	29043,23857,0,0,0,0,0	32	63548
173662	116	277	256	92	87	16	7	5	2988	512	728	518	252	0	21	2311	200	651	100,0,0,0,0,0	26539	796	71	52284	1716	0	83657,82996,81234,40705,40705,40705,40705	0	3	29043,23928,0,0,0,0,0	29	64113
173820	110	259	242	84	80	18	6	3	2881	513	730	512	302	1	23	2046	182	617	100,0,0,0,0,0	26848	1026	65	52346	1719	0	84076,83434,81658,40750,40750,40750,40750	0	3	29043,23992,0,0,0,0,0	30	64859
173972	108	236	229	87	80	15	5	3	2765	514	732	530	313	3	25	1983	180	580	100,0,0,0,0,0	15581	1055	62	52404	1724	0	84478,83856,82066,40785,40785,40785,40785	0	1	29043,24052,0,0,0,0,0	25	65617
174120	105	231	222	77	69	16	5	3	2648	515	735	536	118	0	20	2032	178	547	100,0,0,0,0,0	15631	1053	68	52470	1726	0	84871,84268,82464,40817,40817,40817,40817	0	1	29043,24119,0,0,0,0,0	25	66382
174241	102	216	216	70	63	12	5	2	2567	515	737	529	261	2	22	2000	161	523	100,0,0,0,0,0	15693	1083	59	52530	1727	0	85306,84719,82905,40886,40886,40886,40886	0	4	29043,24179,0,0,0,0,0	23	67164
174389	89	204	210	64	70	11	5	2	2445	515	742	505	242	0	22	1745	159	494	100,0,0,0,0,0	15581	1053	53	52581	1730	0	85713,85143,83318,40929,40929,40929,40929	0	1	29043,24231,0,0,0,0,0	23	67907
174501	84	191	201	59	68	11	4	2	2362	517	746	521	103	0	14	1704	154	464	100,0,0,0,0,0	15361	1098	47	52625	1733	0	86111,85557,83722,40981,40981,40981,40981	0	3	29043,24276,0,0,0,0,0	17	68711
174620	85	175	194	52	56	12	5	3	2276	517	751	521	249	0	23	1529	149	430	100,0,0,0,0,0	20847	1024	47	52671	1735	0	86504,85965,84122,41033,41033,41033,41033	0	2	29043,24324,0,0,0,0,0	19	69451
174746	74	160	191	54	52	12	5	3	2178	517	754	561	265	0	11	1489	137	411	100,0,0,0,0,0	20754	333	40	52712	1735	0	87053,86531,84679,41152,41152,41152,41152	0	0	29043,24365,0,0,0,0,0	21	69675
174876	69	153	183	52	49	11	7	2	2068	517	759	550	134	1	12	1651	128	396	100,0,0,0,0,0	12447	331	40	52750	1737	0	87620,87112,85254,41286,41286,41286,41286	0	0	29043,24403,0,0,0,0,0	17	69910
174985	69	155	163	44	43	11	7	1	1989	517	762	545	137	0	15	1432	117	375	100,0,0,0,0,0	12456	351	51	52798	1740	0	88184,87691,85826,41422,41422,41422,41422	0	6	29043,24452,0,0,0,0,0	19	70157
175091	72	152	147	39	44	11	6	2	1895	517	770	521	316	0	13	1521	115	356	100,0,0,0,0,0	12280	365	45	52837	1746	0	88781,88304,86432,41570,41570,41570,41570	0	1	29043,24495,0,0,0,0,0	20	70415
175204	59	146	144	32	43	9	7	2	1808	518	774	531	116	2	18	1505	113	327	100,0,0,0,0,0	12413	343	31	52865	1749	0	89336,88875,86996,41697,41697,41697,41697	0	1	29043,24525,0,0,0,0,0	18	70653
175282	67	150	132	34	39	9	7	2	1726	518	780	554	71	0	7	1374	105	333	100,0,0,0,0,0	12141	348	53	52913	1754	0	89923,89475,87590,41849,41849,41849,41849	0	3	29043,24575,0,0,0,0,0	20	70901
175395	66	138	133	31	39	8	8	2	1628	518	780	579	111	0	18	1297	109	314	100,0,0,0,0,0	20734	345	33	52944	1756	0	90476,90042,88152,41987,41987,41987,41987	0	0	29043,24607,0,0,0,0,0	20	71150
175510	53	123	131	34	38	7	7	3	1540	518	782	558	90	0	9	1298	93	300	100,0,0,0,0,0	20785	338	22	52964	1758	0	90622,90200,88302,41879,41879,41879,41879	0	1	29043,24629,0,0,0,0,0	16	71393
175603	42	121	129	36	39	7	6	2	1454	519	788	551	93	0	13	1273	97	283	100,0,0,0,0,0	12096	313	26	52989	1759	0	90790,90378,88473,41787,41787,41787,41787	0	1	29043,24655,0,0,0,0,0	16	71617
175669	51	116	119	34	37	5	6	2	1396	519	792	539	98	0	12	1309	94	274	100,0,0,0,0,0	12081	348	40	53026	1763	0	90984,90583,88673,41722,41722,41722,41722	0	2	29043,24694,0,0,0,0,0	14	71864
175739	55	118	108	30	34	6	6	2	1334	519	795	534	100	0	11	1267	93	264	100,0,0,0,0,0	12136	355	34	53061	1764	0	91157,90767,88850,41644,41644,41644,41644	0	0	29043,24730,0,0,0,0,0	12	72101
175806	52	115	118	30	29	6	6	2	1263	519	800	559	280	1	14	1207	93	263	100,0,0,0,0,0	12053	306	34	53093	1766	0	91302,90922,88999,41553,41553,41553,41553	0	1	29043,24764,0,0,0,0,0	12	72303
175869	59	100	113	29	31	6	5	3	1210	519	802	560	269	1	7	1176	94	249	100,0,0,0,0,0	11950	341	33	53124	1768	0	91479,91108,89179,41480,41480,41480,41480	0	0	29043,24797,0,0,0,0,0	13	72519
175942	46	115	104	29	24	6	6	3	1143	519	809	563	302	2	9	962	89	241	100,0,0,0,0,0	20419	349	24	53149	1768	0	91645,91284,89349,41398,41398,41398,41398	0	0	29043,24822,0,0,0,0,0	15	72775
175983	45	95	108	26	34	5	6	2	1110	519	813	548	89	0	8	1111	91	228	100,0,0,0,0,0	20671	170	26	53174	1770	0	91875,91521,89586,41371,41371,41371,41371	0	1	29043,24849,0,0,0,0,0	15	72883
176044	43	88	88	30	29	6	6	1	1074	519	818	557	97	0	9	1140	85	205	100,0,0,0,0,0	11831	159	19	53191	1772	0	92081,91735,89796,41319,41319,41319,41319	0	1	29043,24868,0,0,0,0,0	14	73002
176101	39	86	82	28	32	5	4	3	1026	519	821	595	245	0	7	1057	77	199	100,0,0,0,0,0	11826	186	19	53209	1773	0	92295,91955,90016,41272,41272,41272,41272	0	2	29043,24887,0,0,0,0,0	11	73123
176155	39	94	72	28	30	7	4	3	969	519	826	595	5218	1	8	1046	77	197	100,0,0,0,0,0	11878	190	29	53236	1775	0	92534,92204,90262,41239,41239,41239,41239	0	1	29043,24916,0,0,0,0,0	10	73231
176207	39	71	91	28	25	8	5	1	923	519	829	593	2778	4	5	973	65	202	100,0,0,0,0,0	11991	168	16	53250	1778	0	92750,92429,90485,41201,41201,41201,41201	0	0	29043,24933,0,0,0,0,0	12	73342
176277	33	71	78	18	25	8	6	1	875	520	834	591	1526	0	10	1014	57	182	100,0,0,0,0,0	11933	182	16	53265	1779	0	92955,92643,90696,41144,41144,41144,41144	0	0	29043,24948,0,0,0,0,0	12	73461
176326	26	77	66	21	23	8	5	2	836	521	835	588	909	1	8	956	54	172	100,0,0,0,0,0	20386	162	20	53283	1781	0	93179,92872,90925,41109,41109,41109,41109	0	1	29043,24968,0,0,0,0,0	12	73564
176383	24	66	73	18	25	6	5	2	786	521	837	610	574	1	7	946	54	163	100,0,0,0,0,0	20551	155	14	53296	1782	0	93404,93106,91158,41076,41076,41076,41076	0	3	29043,24981,0,0,0,0,0	13	73666
176422	22	50	78	15	27	6	4	2	757	522	841	608	2792	0	4	1013	45	157	100,0,0,0,0,0	22511	171	11	53307	1782	0	93640,93348,91402,41056,41056,41056,41056	0	1	29043,24992,0,0,0,0,0	11	73786
176465	28	43	74	13	28	6	3	3	718	522	843	568	2794	3	11	973	60	135	100,0,0,0,0,0	22592	172	16	53323	1782	0	93878,93593,91647,41027,41027,41027,41027	0	1	29043,25008,0,0,0,0,0	9	73914
176498	27	46	68	13	26	6	2	2	685	523	850	573	2276	0	7	1146	64	124	100,0,0,0,0,0	22566	159	12	53334	1783	0	94123,93842,91899,41010,41010,41010,41010	0	0	29043,25019,0,0,0,0,0	9	74016
176544	19	56	47	10	24	5	1	2	660	524	854	592	1421	1	1	1084	53	109	100,0,0,0,0,0	22544	143	12	53344	1785	0	94349,94075,92134,40983,40983,40983,40983	0	1	29043,25031,0,0,0,0,0	7	74105
176587	13	55	42	9	19	4	1	2	630	524	860	617	994	1	4	1118	48	95	100,0,0,0,0,0	22584	166	10	53353	1786	0	94598,94331,92391,40965,40965,40965,40965	0	0	29043,25040,0,0,0,0,0	5	74227
176616	9	51	49	10	18	4	1	2	598	524	864	591	1868	1	2	1080	44	98	100,0,0,0,0,0	20374	171	11	53363	1787	0	94825,94563,92626,40946,40946,40946,40946	0	1	29043,25051,0,0,0,0,0	5	74344
176657	10	45	49	13	14	5	1	2	559	524	867	570	2424	0	2	942	40	97	100,0,0,0,0,0	20544	150	11	53374	1787	0	94846,94590,92649,40787,40787,40787,40787	0	0	29043,25062,0,0,0,0,0	5	74448
176685	13	37	52	11	15	4	1	2	530	524	872	582	2156	0	3	800	38	95	100,0,0,0,0,0	22409	181	9	53384	1787	0	94874,94621,92679,40632,40632,40632,40632	0	0	29043,25072,0,0,0,0,0	5	74575
176725	14	26	51	12	14	3	1	2	497	524	877	600	1804	1	4	718	36	85	100,0,0,0,0,0	22202	166	5	53390	1787	0	94903,94655,92711,40467,40467,40467,40467	0	0	29043,25078,0,0,0,0,0	4	74680
176756	15	27	43	7	11	3	2	2	477	524	879	624	1575	1	3	683	33	75	100,0,0,0,0,0	22152	179	8	53398	1787	0	94929,94685,92739,40308,40308,40308,40308	0	1	29043,25086,0,0,0,0,0	5	74805
176780	15	22	40	7	11	3	2	2	460	524	880	607	1657	0	1	513	31	69	100,0,0,0,0,0	22125	184	4	53402	1787	0	94940,94698,92753,40148,40148,40148,40148	0	0	29043,25090,0,0,0,0,0	5	74940
176799	7	29	34	8	10	1	2	1	444	524	887	602	2064	0	3	194	27	64	100,0,0,0,0,0	22128	164	4	53406	1787	0	94969,94730,92783,39995,39995,39995,39995	0	1	29043,25094,0,0,0,0,0	3	75047
176821	11	27	35	6	7	1	2	1	419	524	892	593	2035	2	1	156	17	72	100,0,0,0,0,0	19844	153	12	53418	1787	0	94999,94763,92816,39849,39849,39849,39849	0	0	29043,25106,0,0,0,0,0	3	75150
176837	13	23	39	9	6	1	1	1	396	525	895	582	1934	0	2	119	18	74	100,0,0,0,0,0	19566	90	7	53426	1787	0	95022,94788,92841,39699,39699,39699,39699	0	1	29043,25114,0,0,0,0,0	2	75212
176874	9	26	32	8	4	1	1	1	369	525	896	625	1717	0	1	140	17	64	100,0,0,0,0,0	21609	109	5	53431	1787	0	95036,94807,92858,39533,39533,39533,39533	0	0	29043,25119,0,0,0,0,0	2	75277
176895	4	24	33	8	2	1	1	0	350	525	903	586	1671	1	2	107	14	59	100,0,0,0,0,0	21692	121	3	53435	1787	0	95055,94829,92879,39371,39371,39371,39371	0	0	29043,25123,0,0,0,0,0	2	75349
176914	8	18	30	9	2	1	1	0	332	525	906	601	1803	0	1	106	13	56	100,0,0,0,0,0	21631	88	6	53441	1787	0	95079,94856,92906,39220,39220,39220,39220	0	0	29043,25129,0,0,0,0,0	2	75402
176924	12	19	21	9	3	1	1	0	318	525	913	616	1855	0	2	95	16	50	100,0,0,0,0,0	21759	100	8	53448	1788	0	95098,94878,92928,39070,39070,39070,39070	0	0	29043,25136,0,0,0,0,0	2	75473
176953	9	16	20	10	4	1	1	0	288	525	919	611	1949	0	1	84	15	46	100,0,0,0,0,0	21679	95	1	53449	1788	0	95106,94888,92939,38909,38909,38909,38909	0	0	29043,25137,0,0,0,0,0	2	75533
176973	4	19	17	8	3	2	0	0	274	526	920	634	1805	0	3	81	12	41	100,0,0,0,0,0	19545	120	2	53450	1789	0	95129,94913,92964,38755,38755,38755,38755	0	0	29043,25139,0,0,0,0,0	1	75611
176991	5	15	19	9	2	2	0	0	254	526	923	621	1727	0	0	81	11	41	100,0,0,0,0,0	19530	104	2	53452	1789	0	95079,94866,92915,38562,38562,38562,38562	0	0	29043,25141,0,0,0,0,0	2	75683
176998	6	13	21	7	1	4	0	0	242	526	928	642	1844	0	1	74	12	40	100,0,0,0,0,0	21616	85	4	53456	1789	0	95031,94820,92869,38367,38367,38367,38367	0	0	29043,25145,0,0,0,0,0	2	75736
177011	9	11	21	5	0	4	0	0	228	526	931	640	1793	0	2	86	12	38	100,0,0,0,0,0	21698	98	7	53463	1789	0	94987,94777,92826,38171,38171,38171,38171	0	0	29043,25152,0,0,0,0,0	4	75799
177029	8	10	18	5	1	3	0	0	211	526	935	611	1909	0	0	57	10	35	100,0,0,0,0,0	21434	77	1	53464	1789	0	94930,94722,92771,37972,37972,37972,37972	0	0	29043,25153,0,0,0,0,0	3	75846
177037	7	8	16	4	1	3	0	0	201	526	943	622	1779	0	1	56	10	29	100,0,0,0,0,0	21846	70	1	53465	1789	0	94883,94676,92725,37782,37782,37782,37782	0	0	29043,25154,0,0,0,0,0	3	75889
177051	4	10	14	3	2	3	0	0	189	526	944	631	1744	0	2	52	12	24	100,0,0,0,0,0	21571	97	4	53469	1789	0	94832,94626,92675,37585,37585,37585,37585	0	0	29043,25158,0,0,0,0,0	3	75946
177058	7	13	10	1	3	2	0	0	179	526	947	622	1867	1	1	52	11	25	100,0,0,0,0,0	19482	97	8	53476	1790	0	94789,94585,92633,37401,37401,37401,37401	0	1	29043,25166,0,0,0,0,0	3	76004
177066	6	11	11	1	3	2	0	0	168	526	952	619	1790	1	1	50	9	25	100,0,0,0,0,0	19603	76	2	53478	1790	0	94738,94535,92584,37213,37213,37213,37213	0	1	29043,25168,0,0,0,0,0	3	76044
177079	3	10	11	2	3	1	0	0	156	526	955	646	1930	1	1	142	9	21	100,0,0,0,0,0	21629	82	0	53478	1790	0	94682,94480,92529,37017,37017,37017,37017	0	0	29043,25168,0,0,0,0,0	2	76096
177087	3	8	10	2	5	1	0	0	148	526	956	627	1845	1	2	135	10	19	100,0,0,0,0,0	21610	70	1	53479	1790	0	94629,94428,92477,36817,36817,36817,36817	0	0	29043,25169,0,0,0,0,0	3	76139
177094	3	9	11	2	5	1	0	0	136	526	959	619	1831	0	1	145	14	17	100,0,0,0,0,0	21859	78	3	53482	1790	0	94566,94366,92415,36618,36618,36618,36618	0	0	29043,25172,0,0,0,0,0	3	76186
177097	4	6	8	3	5	1	0	0	132	526	964	598	1786	0	1	128	12	15	100,0,0,0,0,0	21844	86	3	53484	1791	0	94500,94300,92350,36421,36421,36421,36421	0	0	29043,25174,0,0,0,0,0	2	76238
177105	3	7	9	3	5	1	0	0	122	526	965	613	1818	0	2	130	14	14	100,0,0,0,0,0	21703	72	2	53484	1793	0	94444,94245,92296,36223,36223,36223,36223	0	0	29043,25176,0,0,0,0,0	1	76288
177111	3	8	10	3	7	1	0	0	110	526	967	606	1810	0	1	141	16	16	100,0,0,0,0,0	19705	69	4	53487	1794	0	94393,94195,92246,36036,36036,36036,36036	0	0	29043,25179,0,0,0,0,0	1	76332
177119	5	6	8	3	6	1	0	0	103	526	969	594	1975	0	2	167	15	14	100,0,0,0,0,0	19681	77	3	53488	1796	0	94329,94133,92183,35846,35846,35846,35846	0	1	29043,25182,0,0,0,0,0	2	76382
177123	2	5	8	3	6	1	0	0	99	526	973	628	1858	0	0	164	12	13	100,0,0,0,0,0	21708	63	0	53488	1796	0	94277,94081,92132,35662,35662,35662,35662	0	0	29043,25182,0,0,0,0,0	2	76414
177129	1	5	4	3	5	1	0	0	95	526	977	606	1790	0	2	164	11	8	100,0,0,0,0,0	21572	68	0	53488	1796	0	94210,94014,92066,35470,35470,35470,35470	0	0	29043,25182,0,0,0,0,0	1	76455
177132	2	4	4	2	6	1	0	0	88	526	981	615	1817	0	0	94	10	9	100,0,0,0,0,0	21836	74	1	53489	1796	0	94155,93960,92012,35284,35284,35284,35284	0	0	29043,25183,0,0,0,0,0	2	76502
177137	3	3	3	0	6	1	0	0	86	526	981	618	1874	0	0	92	6	10	100,0,0,0,0,0	21719	78	1	53490	1796	0	94103,93909,91962,35101,35101,35101,35101	0	0	29043,25184,0,0,0,0,0	2	76551
177146	2	3	4	0	4	0	0	0	79	526	982	599	1809	1	1	81	5	8	100,0,0,0,0,0	21695	73	0	53490	1796	0	94040,93846,91900,34912,34912,34912,34912	0	0	29043,25184,0,0,0,0,0	1	76606
177152	3	3	4	0	4	0	0	0	71	526	983	618	1794	0	0	76	6	8	100,0,0,0,0,0	19728	63	1	53491	1796	0	93978,93783,91838,34724,34724,34724,34724	0	0	29043,25185,0,0,0,0,0	1	76646
177150	2	3	5	0	2	0	0	0	71	526	987	608	1774	0	0	75	4	8	100,0,0,0,0,0	19458	68	1	53491	1797	0	93900,93706,91761,34540,34540,34540,34540	0	0	29043,25186,0,0,0,0,0	1	76678
177153	0	3	5	1	1	0	0	0	67	526	990	601	1803	0	0	67	3	7	100,0,0,0,0,0	21649	74	0	53491	1797	0	93814,93620,91676,34350,34350,34350,34350	0	0	29043,25186,0,0,0,0,0	0	76723
177151	0	1	6	1	1	0	0	0	65	526	995	591	1870	0	1	43	3	6	100,0,0,0,0,0	21563	73	0	53491	1797	0	93733,93539,91596,34166,34166,34166,34166	0	0	29043,25186,0,0,0,0,0	0	76761
177149	0	0	6	1	1	0	0	0	63	526	1000	607	1826	0	0	41	3	5	100,0,0,0,0,0	21592	75	0	53491	1797	0	93648,93454,91512,33976,33976,33976,33976	0	0	29043,25186,0,0,0,0,0	0	76806
177153	0	0	4	1	1	0	0	0	60	526	1001	619	1766	0	1	45	3	3	100,0,0,0,0,0	21666	77	0	53491	1797	0	93569,93375,91434,33789,33789,33789,33789	0	0	29043,25186,0,0,0,0,0	0	76853
177154	0	0	3	1	1	0	0	0	55	526	1006	633	1825	0	0	16	3	2	100,0,0,0,0,0	21745	70	0	53491	1797	0	93489,93295,91354,33605,33605,33605,33605	0	0	29043,25186,0,0,0,0,0	0	76894
177152	0	0	1	1	1	0	0	0	54	526	1011	629	1819	0	0	17	2	1	100,0,0,0,0,0	19457	82	0	53491	1797	0	93413,93219,91280,33428,33428,33428,33428	0	0	29043,25186,0,0,0,0,0	0	76943
177155	0	0	1	1	1	0	0	0	48	526	1014	626	1774	0	0	17	2	1	100,0,0,0,0,0	19496	58	0	53491	1797	0	93330,93136,91197,33253,33253,33253,33253	0	0	29043,25186,0,0,0,0,0	0	76975
177156	0	0	1	0	1	0	0	0	45	526	1017	616	1834	0	0	13	1	1	100,0,0,0,0,0	21533	71	0	53491	1797	0	93244,93051,91112,33075,33075,33075,33075	0	0	29043,25186,0,0,0,0,0	0	77016
177156	0	0	0	0	1	0	0	0	42	526	1021	616	1881	0	0	8	1	0	100,0,0,0,0,0	21781	185	0	53491	1797	122	93156,92963,91025,32896,32896,32896,32896	0	0	29043,25186,0,0,0,0,0	0	77059
177157	1	0	0	0	1	0	0	0	39	526	1022	595	1779	0	0	8	2	0	100,0,0,0,0,0	21713	221	1	53492	1797	277	93095,92902,90965,32777,32777,32777,32777	0	0	29043,25187,0,0,0,0,0	0	77101
177157	1	0	0	0	1	0	0	0	37	526	1024	597	1780	0	0	8	2	0	100,0,0,0,0,0	21653	188	0	53492	1797	407	93042,92848,90912,32677,32677,32677,32677	0	0	29043,25187,0,0,0,0,0	0	77137
177155	1	0	0	0	1	0	0	0	34	526	1029	594	1823	0	0	3	2	0	100,0,0,0,0,0	21387	199	0	53492	1797	534	92987,92794,90859,32572,32572,32572,32572	0	0	29043,25187,0,0,0,0,0	0	77175
177155	1	0	0	0	0	0	0	0	31	526	1033	624	1795	0	0	4	1	0	100,0,0,0,0,0	19425	179	0	53492	1797	646	92938,92744,90810,32470,32470,32470,32470	0	0	29043,25187,0,0,0,0,0	0	77223
177156	0	1	0	0	0	0	0	0	28	526	1035	646	1861	0	0	0	0	1	100,0,0,0,0,0	19481	196	0	53492	1797	759	92871,92677,90744,32359,32359,32359,32359	0	0	29043,25187,0,0,0,0,0	0	77271
177156	0	1	0	0	0	0	0	0	25	526	1038	609	1825	0	0	0	0	1	100,0,0,0,0,0	21777	206	0	53492	1797	891	92810,92617,90685,32250,32250,32250,32250	0	0	29043,25187,0,0,0,0,0	0	77315
177149	0	1	0	0	0	0	0	0	25	526	1045	593	1736	0	0	0	0	1	100,0,0,0,0,0	21639	257	0	53492	1797	1089	92751,92558,90627,32147,32147,32147,32147	0	0	29043,25187,0,0,0,0,0	0	77347
177148	0	1	0	0	0	0	0	0	24	526	1047	598	1824	0	0	0	0	1	100,0,0,0,0,0	21604	296	0	53492	1797	1308	92704,92511,90581,32069,32069,32069,32069	0	0	29043,25187,0,0,0,0,0	0	77396
177142	0	1	0	0	0	0	0	0	23	526	1054	572	1757	0	0	0	0	1	100,0,0,0,0,0	21746	274	0	53492	1797	1499	92671,92478,90549,32020,32020,32020,32020	0	0	29043,25187,0,0,0,0,0	0	77438
177139	0	0	0	0	1	0	0	0	22	526	1058	595	1809	0	0	0	0	1	100,0,0,0,0,0	21681	266	0	53492	1797	1700	92625,92433,90505,31946,31946,31946,31946	0	0	29043,25187,0,0,0,0,0	0	77480
177136	0	0	0	0	1	0	0	0	21	526	1062	560	1858	0	1	1	1	0	100,0,0,0,0,0	19468	237	0	53492	1797	1874	92587,92395,90467,31884,31884,31884,31884	0	0	29043,25187,0,0,0,0,0	0	77517
177137	0	0	0	0	1	0	0	0	17	526	1065	572	1777	0	0	1	1	0	100,0,0,0,0,0	19447	244	0	53492	1797	2054	92546,92353,90427,31824,31824,31824,31824	0	0	29043,25187,0,0,0,0,0	0	77555
177139	0	0	0	0	1	0	0	0	15	526	1065	593	1769	0	0	2	1	0	100,0,0,0,0,0	21529	277	0	53492	1797	2262	92493,92300,90375,31753,31753,31753,31753	0	0	29043,25187,0,0,0,0,0	0	77590
177137	0	0	0	0	0	0	0	0	14	526	1069	600	1834	0	0	3	0	0	0,0,0,0,0,0	21582	211	0	53492	1797	2406	92441,92249,90325,31692,31692,31692,31692	0	0	29043,25187,0,0,0,0,0	0	77625
177137	0	0	0	0	0	0	0	0	13	526	1070	595	1772	0	0	3	0	0	0,0,0,0,0,0	21530	254	0	53492	1797	2589	92382,92189,90267,31596,31596,31596,31596	0	0	29043,25187,0,0,0,0,0	0	77671
177133	0	0	0	0	0	0	0	0	11	526	1076	605	1815	0	0	3	0	0	0,0,0,0,0,0	21684	216	0	53492	1797	2745	92340,92147,90226,31536,31536,31536,31536	0	0	29043,25187,0,0,0,0,0	0	77708
177132	0	0	0	0	0	0	0	0	10	526	1078	586	1817	0	0	3	0	0	0,0,0,0,0,0	21612	245	0	53492	1797	2910	92286,92093,90172,31452,31452,31452,31452	0	0	29043,25187,0,0,0,0,0	0	77760
177130	0	0	0	0	0	0	0	0	6	526	1084	589	1756	0	0	3	0	0	0,0,0,0,0,0	19514	232	0	53492	1797	3072	92232,92039,90119,31379,31379,31379,31379	0	0	29043,25187,0,0,0,0,0	0	77802
177128	0	0	0	0	0	0	0	0	6	526	1086	622	1827	0	0	3	0	0	0,0,0,0,0,0	19290	235	0	53492	1797	3238	92181,91988,90069,31328,31328,31328,31328	0	0	29043,25187,0,0,0,0,0	0	77844
177124	0	0	0	0	0	0	0	0	6	526	1090	625	1831	0	0	3	0	0	0,0,0,0,0,0	21618	265	0	53492	1797	3413	92131,91937,90020,31271,31271,31271,31271	0	0	29043,25187,0,0,0,0,0	0	77896
177116	0	0	0	0	0	0	0	0	5	526	1099	630	1821	0	0	0	0	0	0,0,0,0,0,0	21810	358	0	53492	1797	3680	92079,91885,89969,31220,31220,31220,31220	0	0	29043,25187,0,0,0,0,0	0	77946
177115	0	0	0	0	0	0	0	0	5	526	1100	641	1761	0	0	0	0	0	0,0,0,0,0,0	21836	341	0	53492	1797	3935	92053,91859,89944,31210,31210,31210,31210	0	0	29043,25187,0,0,0,0,0	0	77994
177110	0	0	0	0	0	0	0	0	5	526	1105	634	1836	0	0	0	0	0	0,0,0,0,0,0	21611	366	0	53492	1797	4219	92025,91830,89917,31197,31197,31197,31197	0	0	29043,25187,0,0,0,0,0	0	78042
177110	0	0	0	0	0	0	0	0	4	526	1106	651	1844	0	0	0	0	0	0,0,0,0,0,0	21642	331	0	53492	1797	4476	92006,91811,89900,31198,31198,31198,31198	0	0	29043,25187,0,0,0,0,0	0	78081
177065	22	22	0	0	0	0	0	0	4	526	1107	653	1800	1	0	0	0	44	0,100,0,0,0,0	19422	359	0	53527	1806	4750	92015,91821,89911,31232,31232,31232,31232	0	0	29043,25187,44,0,0,0,0	0	78119
177031	39	32	4	0	1	0	0	0	4	526	1109	671	1790	0	0	1	1	75	0,100,0,0,0,0	19623	472	1	53556	1809	5036	92011,91816,89908,31277,31277,31277,31277	0	0	29043,25187,76,0,0,0,0	1	78213
176988	50	49	13	1	2	0	0	0	5	526	1112	657	1774	0	0	1	1	114	0,100,0,0,0,0	21508	469	8	53593	1812	5313	92021,91826,89920,31328,31328,31328,31328	0	0	29043,25187,116,0,0,0,0	0	78305
176936	57	77	16	5	2	0	0	0	8	526	1119	647	1806	1	1	3	2	155	0,100,0,0,0,0	10189	483	8	53634	1817	5607	92030,91835,89930,31376,31376,31376,31376	0	0	29043,25187,162,0,0,0,0	0	78387
176878	73	95	30	9	4	0	0	0	10	526	1121	686	1886	2	1	5	3	208	0,100,0,0,0,0	10092	492	19	53682	1826	5903	92045,91850,89947,31432,31432,31432,31432	0	1	29043,25187,219,0,0,0,0	0	78488
176821	81	114	38	10	8	1	0	0	19	526	1128	677	1845	2	6	19	11	241	0,100,0,0,0,0	10017	514	20	53729	1831	6232	92061,91866,89965,31502,31502,31502,31502	0	1	29043,25187,271,0,0,0,0	0	78560
176788	82	118	53	9	10	1	0	0	30	526	1129	666	1923	0	9	74	18	255	0,100,0,0,0,0	10269	525	32	53758	1834	6554	92073,91877,89978,31565,31565,31565,31565	0	2	29043,25187,303,0,0,0,0	1	78680
176745	71	133	61	11	14	1	0	0	48	526	1136	651	1916	2	4	83	20	271	0,100,0,0,0,0	19533	508	37	53791	1838	6854	92095,91900,90003,31640,31640,31640,31640	0	0	29043,25187,340,0,0,0,0	2	78799
176708	69	132	75	22	12	1	0	0	61	526	1140	672	2013	1	7	280	25	286	0,100,0,0,0,0	19725	417	37	53824	1842	7163	92139,91943,90048,31733,31733,31733,31733	0	0	29043,25187,377,0,0,0,0	2	78852
176655	77	142	82	20	11	1	1	0	85	526	1146	669	1835	5	10	384	36	298	0,100,0,0,0,0	10590	417	53	53871	1849	7467	92189,91992,90100,31832,31832,31832,31832	0	6	29043,25187,431,0,0,0,0	1	78907
176616	78	139	99	21	16	2	1	0	99	526	1149	685	1901	3	2	442	49	307	0,100,0,0,0,0	10461	390	39	53905	1855	7763	92215,92018,90128,31908,31908,31908,31908	0	2	29043,25187,471,0,0,0,0	2	78956
176575	73	138	108	21	18	2	1	0	132	526	1152	738	1842	1	11	501	61	300	0,100,0,0,0,0	10481	364	40	53945	1855	8040	92257,92061,90172,31989,31989,31989,31989	0	1	29043,25187,511,0,0,0,0	4	78983
176520	77	143	115	30	23	2	1	0	150	526	1159	754	1816	1	7	604	70	321	0,100,0,0,0,0	10778	353	53	53994	1860	8305	92298,92101,90216,32077,32077,32077,32077	0	2	29043,25187,565,0,0,0,0	4	79009
176474	70	162	113	32	27	2	0	0	176	527	1163	750	1825	1	7	766	71	335	0,100,0,0,0,0	11036	360	55	54045	1864	8577	92340,92142,90260,32146,32146,32146,32146	0	2	29043,25187,620,0,0,0,0	5	79027
176425	85	156	116	24	23	2	0	0	219	527	1169	735	1999	2	13	794	70	336	0,100,0,0,0,0	20380	381	55	54094	1870	8845	92388,92190,90310,32233,32233,32233,32233	0	4	29043,25187,675,0,0,0,0	6	79066
176395	75	161	112	27	25	2	0	0	251	527	1171	691	1975	0	5	802	62	340	0,100,0,0,0,0	20068	319	36	54128	1874	9117	92399,92200,90323,32300,32300,32300,32300	0	1	29043,25187,713,0,0,0,0	2	79074
176369	66	167	117	27	19	2	1	0	275	527	1176	728	1917	4	12	776	65	334	0,100,0,0,0,0	11003	331	41	54168	1875	9393	92419,92220,90346,32371,32371,32371,32371	0	1	29043,25187,754,0,0,0,0	2	79090
176326	71	159	127	27	20	2	1	0	302	527	1184	722	1813	3	3	691	59	348	0,100,0,0,0,0	10970	297	53	54218	1878	9646	92441,92242,90371,32451,32451,32451,32451	0	0	29043,25187,807,0,0,0,0	3	79097
176291	63	175	119	31	25	2	1	0	325	527	1187	753	1843	1	9	738	69	347	0,100,0,0,0,0	10895	361	49	54263	1882	9953	92449,92250,90382,32509,32509,32509,32509	0	1	29043,25187,856,0,0,0,0	4	79107
176231	71	188	124	27	25	2	1	0	354	527	1196	737	1965	3	8	696	66	372	0,100,0,0,0,0	11048	342	69	54323	1891	10246	92484,92284,90419,32613,32613,32613,32613	0	6	29043,25187,925,0,0,0,0	3	79106
176171	83	190	135	28	24	3	1	0	380	527	1204	732	1888	5	8	759	65	399	0,100,0,0,0,0	11066	328	69	54386	1897	10523	92522,92323,90461,32713,32713,32713,32713	0	2	29043,25187,994,0,0,0,0	3	79104
176131	93	176	146	29	28	3	1	0	402	527	1210	734	2058	5	9	811	69	407	0,100,0,0,0,0	20483	304	61	54440	1904	10784	92555,92355,90497,32800,32800,32800,32800	0	5	29043,25187,1055,0,0,0,0	6	79102
176091	106	165	158	36	27	3	1	0	415	527	1217	772	1834	3	9	757	79	417	0,100,0,0,0,0	20346	304	61	54496	1909	11045	92568,92369,90514,32883,32883,32883,32883	0	0	29043,25187,1115,0,0,0,0	7	79095
176040	105	194	155	25	25	6	2	0	448	527	1219	793	1950	0	8	805	71	441	0,100,0,0,0,0	11135	281	73	54557	1922	11281	92597,92397,90547,32981,32981,32981,32981	0	3	29043,25187,1188,0,0,0,0	8	79101
175995	102	209	154	25	29	5	2	0	475	527	1223	797	2014	1	14	1021	78	448	0,100,0,0,0,0	11192	305	65	54617	1927	11532	92611,92410,90564,33053,33053,33053,33053	0	4	29043,25187,1253,0,0,0,0	13	79104
175946	109	216	154	21	22	5	2	0	513	528	1230	804	1798	6	11	1071	65	464	0,100,0,0,0,0	11313	289	78	54686	1937	11782	92638,92436,90595,33140,33140,33140,33140	0	2	29043,25187,1331,0,0,0,0	8	79104
175897	104	230	160	25	26	5	2	0	533	528	1236	787	1890	2	6	1152	70	482	0,100,0,0,0,0	11360	291	70	54749	1944	12021	92661,92460,90622,33224,33224,33224,33224	0	0	29043,25187,1400,0,0,0,0	12	79105
175813	124	258	153	34	24	4	2	0	562	528	1244	773	1986	6	9	1096	74	525	0,100,0,0,0,0	11385	314	104	54842	1955	12291	92705,92504,90670,33330,33330,33330,33330	0	7	29043,25187,1504,0,0,0,0	11	79094
175754	139	248	166	44	34	4	1	0	579	529	1248	766	1958	6	10	1093	82	554	0,100,0,0,0,0	20598	304	89	54923	1963	12539	92744,92542,90714,33444,33444,33444,33444	0	2	29043,25187,1593,0,0,0,0	13	79088
175685	150	267	181	36	39	5	1	0	599	529	1254	757	2033	1	18	1176	89	590	0,100,0,0,0,0	20728	311	105	55017	1974	12810	92818,92614,90792,33587,33587,33587,33587	0	9	29043,25187,1698,0,0,0,0	13	79076
175581	170	304	205	31	39	4	1	0	620	529	1262	765	1936	5	18	1152	113	641	0,100,0,0,0,0	11367	266	132	55134	1989	13032	92916,92711,90897,33771,33771,33771,33771	0	7	29043,25187,1830,0,0,0,0	14	79050
175486	188	313	229	41	37	2	0	0	654	530	1266	775	1872	3	11	1093	115	695	0,100,0,0,0,0	11293	306	123	55245	2001	13289	92995,92788,90981,33921,33921,33921,33921	0	6	29043,25187,1953,0,0,0,0	6	79041
175402	190	333	247	42	39	2	0	0	692	530	1269	787	1919	5	14	1117	115	738	0,100,0,0,0,0	11248	282	125	55358	2013	13518	93088,92880,91079,34076,34076,34076,34076	0	6	29043,25187,2077,0,0,0,0	7	79031
175313	186	370	263	40	44	4	0	0	722	530	1274	781	2115	8	10	1112	123	784	0,100,0,0,0,0	11484	330	123	55463	2032	13809	93163,92953,91160,34221,34221,34221,34221	0	2	29043,25187,2199,0,0,0,0	3	79014
175203	213	395	290	40	44	5	1	0	748	530	1277	809	1855	7	22	1243	153	835	0,100,0,0,0,0	11353	278	158	55610	2046	14043	93293,93083,91297,34427,34427,34427,34427	0	3	29043,25187,2360,0,0,0,0	5	78981
175072	240	414	321	42	47	4	2	0	785	530	1289	765	1890	3	11	1228	162	908	0,100,0,0,0,0	20725	263	158	55748	2068	14260	93414,93204,91425,34627,34627,34627,34627	0	5	29043,25187,2520,0,0,0,0	6	78950
174944	278	423	326	53	57	4	2	0	837	530	1292	775	1986	10	14	1395	180	963	0,100,0,0,0,0	20819	235	171	55905	2082	14458	93505,93295,91521,34813,34813,34813,34813	0	7	29043,25187,2691,0,0,0,0	9	78892
174818	263	463	352	61	70	5	2	0	889	530	1293	730	1949	7	24	1429	190	1026	0,100,0,0,0,0	11652	241	170	56058	2101	14663	93586,93375,91607,34975,34975,34975,34975	0	8	29043,25187,2862,0,0,0,0	7	78841
174642	293	529	378	60	74	5	2	0	940	530	1293	708	1876	8	27	1662	220	1121	0,100,0,0,0,0	11912	309	229	56264	2125	14940	93714,93502,91741,35185,35185,35185,35185	0	4	29043,25187,3091,0,0,0,0	8	78786
174483	312	576	398	64	78	6	2	0	998	530	1299	701	1917	12	18	1837	230	1206	0,100,0,0,0,0	12046	277	212	56444	2158	15172	93838,93627,91873,35410,35410,35410,35410	0	12	29043,25187,3301,0,0,0,0	7	78744
174262	362	622	432	77	79	6	3	0	1066	530	1307	711	1950	10	27	1939	246	1335	0,100,0,0,0,0	12060	294	272	56686	2188	15421	93993,93781,92035,35677,35677,35677,35677	0	15	29043,25187,3573,0,0,0,0	10	78657
174056	408	655	461	73	91	8	3	0	1148	530	1313	711	1992	6	26	2111	264	1435	0,100,0,0,0,0	12288	266	266	56931	2211	15648	94163,93950,92212,35941,35941,35941,35941	0	7	29043,25187,3839,0,0,0,0	12	78592
173850	401	718	509	86	98	9	3	0	1222	530	1320	702	1988	11	29	2158	267	1557	0,100,0,0,0,0	21513	275	246	57156	2236	15884	94310,94096,92364,36194,36194,36194,36194	0	10	29043,25187,4087,0,0,0,0	14	78511
173682	411	707	581	94	96	13	4	0	1305	530	1323	694	1810	11	33	2063	277	1629	0,100,0,0,0,0	21710	303	244	57374	2264	16152	94433,94218,92495,36427,36427,36427,36427	0	12	29043,25187,4331,0,0,0,0	18	78429
173434	446	794	599	92	102	15	7	0	1399	530	1328	678	2017	18	29	2180	296	1759	0,100,0,0,0,0	12674	264	322	57662	2298	16386	94629,94415,92700,36753,36753,36753,36753	1	9	29043,25187,4653,0,0,0,0	23	78327
173130	516	857	646	102	111	15	6	0	1502	531	1330	719	1950	12	36	2230	307	1946	0,100,0,0,0,0	12374	268	382	58008	2336	16624	94852,94639,92932,37112,37112,37112,37112	1	17	29043,25187,5034,0,0,0,0	31	78185
172845	561	923	687	119	97	16	5	0	1628	533	1332	710	2121	16	52	2827	370	2038	0,100,0,0,0,0	12737	295	368	58331	2383	16886	95078,94867,93168,37456,37456,37456,37456	1	11	29043,25187,5401,0,0,0,0	28	78090
172561	581	1009	752	126	91	18	7	0	1732	533	1336	724	2088	10	32	3047	368	2216	0,100,0,0,0,0	13369	295	384	58679	2421	17150	95322,95111,93422,37816,37816,37816,37816	1	14	29043,25187,5787,0,0,0,0	27	77982
172284	615	1057	818	134	116	15	5	0	1827	535	1340	709	1977	18	40	2932	370	2390	0,100,0,0,0,0	13270	288	402	59042	2461	17395	95576,95364,93688,38193,38193,38193,38193	1	15	29043,25187,6190,0,0,0,0	28	77867
172038	628	1105	839	146	130	19	7	0	1957	535	1342	681	1988	19	38	3152	398	2476	0,100,0,0,0,0	22363	318	346	59355	2499	17679	95775,95564,93899,38517,38517,38517,38517	1	16	29043,25187,6540,0,0,0,0	31	77740
171754	611	1198	849	136	150	23	7	0	2140	535	1343	686	1941	14	55	3468	427	2547	0,100,0,0,0,0	22726	295	390	59706	2541	17940	96017,95805,94151,38903,38903,38903,38903	1	16	29043,25187,6928,0,0,0,0	39	77598
171378	662	1276	913	150	157	23	11	0	2294	535	1347	678	1991	20	73	4211	505	2687	0,100,0,0,0,0	14434	276	486	60141	2597	18174	96324,96113,94471,39363,39363,39363,39363	1	10	29043,25187,7417,0,0,0,0	48	77432
170946	745	1379	972	153	192	21	13	0	2439	536	1350	674	2057	13	62	4508	549	2926	0,100,0,0,0,0	14690	315	557	60631	2667	18454	96664,96453,94825,39863,39863,39863,39863	1	16	29043,25187,7977,0,0,0,0	50	77246
170520	797	1506	1014	173	201	21	13	0	2611	537	1353	705	2025	27	75	5056	578	3147	0,100,0,0,0,0	15385	331	573	61130	2743	18743	97016,96806,95193,40377,40377,40377,40377	1	20	29043,25187,8549,0,0,0,0	52	77065
170077	841	1636	1069	186	203	20	16	0	2806	537	1355	680	2007	23	72	5644	620	3351	0,100,0,0,0,0	15689	329	610	61651	2835	19021	97399,97190,95594,40932,40932,40932,40932	2	30	29043,25187,9156,0,0,0,0	55	76881
169629	892	1711	1167	201	221	24	15	0	2991	539	1356	695	1929	22	79	5976	669	3562	0,100,0,0,0,0	16362	319	619	62205	2903	19293	97802,97593,96014,41489,41489,41489,41489	2	30	29043,25187,9778,0,0,0,0	59	76680
169238	900	1726	1306	226	232	26	16	0	3178	540	1358	689	1982	35	76	6106	722	3710	0,100,0,0,0,0	25175	321	571	62703	2977	19574	98142,97935,96372,41992,41992,41992,41992	2	26	29043,25187,10348,0,0,0,0	67	76459
168886	865	1810	1377	214	254	25	14	0	3400	542	1359	708	2108	31	78	6868	780	3779	0,100,0,0,0,0	25641	329	559	63192	3052	19863	98474,98268,96725,42484,42484,42484,42484	2	28	29043,25187,10912,0,0,0,0	60	76240
168419	922	1888	1417	240	261	26	14	0	3651	542	1366	701	2011	31	84	7098	825	3943	0,100,0,0,0,0	27101	338	659	63766	3137	20159	98865,98660,97136,43061,43061,43061,43061	2	26	29043,25187,11569,0,0,0,0	69	75973
167970	954	1938	1488	270	266	24	13	0	3910	544	1369	737	1970	36	88	7535	872	4081	0,100,0,0,0,0	27558	300	651	64352	3209	20418	99284,99079,97574,43649,43649,43649,43649	2	32	29043,25187,12221,0,0,0,0	78	75720
167525	1000	1958	1578	298	266	25	13	0	4164	546	1373	689	1961	44	96	7526	922	4216	0,100,0,0,0,0	27760	288	664	64929	3297	20674	99677,99473,97988,44207,44207,44207,44207	2	33	29043,25187,12879,0,0,0,0	80	75448
167137	977	1991	1642	330	299	26	14	0	4407	547	1376	660	2009	40	89	7702	965	4314	0,100,0,0,0,0	27775	301	627	65501	3359	20936	100055,99851,98388,44724,44724,44724,44724	3	42	29043,25187,13510,0,0,0,0	74	75172
166719	1036	1998	1701	317	304	25	12	0	4704	550	1380	654	2040	39	113	7963	1002	4391	0,100,0,0,0,0	28004	312	686	66110	3440	21214	100452,100249,98810,45285,45285,45285,45285	3	36	29043,25187,14197,0,0,0,0	66	74867
166352	1032	2029	1736	341	332	29	13	0	4950	551	1381	623	1968	33	87	8218	1042	4470	0,100,0,0,0,0	27003	305	645	66690	3512	21490	100839,100636,99222,45821,45821,45821,45821	3	26	29043,25187,14846,0,0,0,0	68	74581
165989	999	2091	1772	348	335	31	17	0	5228	552	1384	623	1926	37	102	8449	1058	4535	0,100,0,0,0,0	27029	321	650	67259	3599	21760	101213,101011,99621,46339,46339,46339,46339	3	44	29043,25187,15496,0,0,0,0	77	74312
165557	1038	2139	1815	335	349	29	17	0	5526	554	1387	589	1886	45	100	7802	1043	4679	0,100,0,0,0,0	28155	345	722	67881	3704	22067	101620,101419,100053,46921,46921,46921,46921	4	45	29043,25187,16211,0,0,0,0	76	73986
165109	1067	2222	1830	349	369	25	17	1	5813	555	1389	603	1945	44	126	7732	1089	4790	0,100,0,0,0,0	18097	482	752	68559	3782	22505	102100,101899,100560,47553,47553,47553,47553	4	30	29043,25187,16961,0,0,0,0	80	73688
164627	1146	2294	1885	355	372	31	22	1	6064	557	1392	628	2061	37	130	8091	1136	4969	0,100,0,0,0,0	18071	541	820	69252	3919	22998	102614,102413,101105,48269,48269,48269,48269	4	52	29043,25187,17779,0,0,0,0	85	73347
164143	1197	2412	1897	348	353	30	24	3	6386	559	1394	609	1992	52	112	8297	1112	5149	0,100,0,0,0,0	18610	513	829	69957	4046	23463	103157,102958,101680,49013,49013,49013,49013	4	48	29043,25187,18599,0,0,0,0	86	73022
163657	1262	2482	1954	380	380	45	25	3	6601	561	1396	611	2014	54	113	8489	1145	5383	0,100,0,0,0,0	18883	531	861	70701	4173	23947	103726,103527,102282,49765,49765,49765,49765	5	46	29043,25187,19457,0,0,0,0	95	72695
163252	1264	2481	2057	400	409	51	29	3	6840	562	1398	618	1963	49	128	8398	1206	5485	0,100,0,0,0,0	27096	517	771	71376	4275	24419	104241,104044,102829,50464,50464,50464,50464	5	45	29043,25187,20222,0,0,0,0	114	72376
162830	1234	2595	2111	383	395	58	34	4	7137	564	1401	609	1963	53	151	8493	1238	5572	0,100,0,0,0,0	27478	523	799	72075	4380	24893	104770,104573,103390,51171,51171,51171,51171	5	33	29043,25187,21020,0,0,0,0	120	72049
162323	1292	2607	2203	392	419	61	34	4	7440	566	1405	580	2004	44	145	8872	1339	5669	0,100,0,0,0,0	19066	528	908	72864	4507	25355	105376,105180,104031,51969,51969,51969,51969	5	43	29043,25187,21929,0,0,0,0	129	71711
161875	1349	2642	2202	408	416	61	30	5	7782	568	1408	594	1937	41	142	8931	1355	5753	0,100,0,0,0,0	19182	687	881	73617	4639	25990	105958,105762,104648,52725,52725,52725,52725	5	36	29043,25187,22807,0,0,0,0	128	71377
161364	1407	2716	2261	423	417	61	34	6	8074	571	1412	606	2043	47	144	9512	1409	5910	0,100,0,0,0,0	19444	702	958	74416	4806	26628	106610,106413,105340,53593,53593,53593,53593	5	49	29043,25187,23760,0,0,0,0	128	71022
160855	1396	2892	2327	468	400	62	27	7	8321	577	1414	583	1937	54	126	9727	1405	6167	0,100,0,0,0,0	19663	665	985	75257	4955	27233	107278,107085,106050,54480,54480,54480,54480	5	46	29043,25187,24742,0,0,0,0	132	70629
160363	1455	2980	2424	466	410	65	24	7	8554	580	1418	599	1998	60	136	9685	1460	6364	0,100,0,0,0,0	20003	660	1011	76108	5123	27829	107978,107786,106795,55371,55371,55371,55371	5	45	29043,25187,25749,0,0,0,0	130	70267
159980	1457	2961	2471	484	443	64	26	7	8847	583	1423	562	2008	53	112	9158	1440	6466	0,100,0,0,0,0	27907	683	883	76865	5256	28441	108570,108381,107429,56139,56139,56139,56139	5	36	29043,25187,26628,0,0,0,0	138	69907
159611	1415	2994	2477	490	471	63	28	8	9179	586	1424	555	1955	53	143	9230	1466	6472	0,100,0,0,0,0	27779	666	885	77604	5407	29038	109153,108964,108055,56901,56901,56901,56901	5	46	29043,25187,27507,0,0,0,0	136	69552
159108	1445	3046	2561	476	499	65	29	7	9490	592	1428	549	2023	62	171	9589	1502	6619	0,100,0,0,0,0	19946	628	1028	78475	5570	29610	109857,109668,108801,57795,57795,57795,57795	6	47	29043,25187,28522,0,0,0,0	126	69150
158681	1522	3079	2624	493	482	63	30	7	9740	597	1428	541	1951	48	188	10297	1610	6683	0,100,0,0,0,0	20553	856	1020	79323	5754	30408	110517,110331,109511,58626,58626,58626,58626	6	46	29043,25187,29537,0,0,0,0	132	68747
158226	1605	3102	2721	501	489	67	29	6	9969	599	1432	535	1965	63	180	10462	1641	6873	0,100,0,0,0,0	20601	871	1051	80206	5933	31215	111261,111076,110305,59564,59564,59564,59564	6	43	29043,25187,30579,0,0,0,0	127	68342
157756	1646	3154	2787	514	506	69	31	4	10238	602	1439	525	1977	53	177	10488	1688	7019	0,100,0,0,0,0	20965	848	1083	81123	6100	31986	112031,111846,111125,60536,60536,60536,60536	6	45	29043,25187,31646,0,0,0,0	137	67913
157378	1608	3197	2856	513	532	68	36	3	10511	603	1441	532	2006	48	174	10565	1678	7132	0,100,0,0,0,0	20736	895	1018	81962	6282	32816	112760,112579,111907,61434,61434,61434,61434	6	40	29043,25187,32655,0,0,0,0	142	67545
157100	1563	3202	2889	521	527	67	38	3	10785	606	1445	541	2025	62	161	11005	1686	7121	0,100,0,0,0,0	29086	908	930	82760	6422	33659	113401,113220,112601,62248,62248,62248,62248	6	55	29043,25187,33579,0,0,0,0	139	67135
156874	1518	3258	2853	500	539	75	33	5	11029	612	1450	571	1975	60	156	11045	1725	7051	0,100,0,0,0,0	29421	975	950	83536	6602	34464	114052,113873,113309,63053,63053,63053,63053	6	47	29043,25187,34507,0,0,0,0	150	66774
156443	1574	3286	2904	510	547	72	31	5	11306	616	1452	584	1967	50	159	11597	1775	7149	0,100,0,0,0,0	21655	1024	1075	84433	6788	35285	114795,114619,114104,63978,63978,63978,63978	6	43	29043,25187,35567,0,0,0,0	150	66404
156075	1624	3255	2959	524	532	68	35	6	11596	618	1454	598	1971	60	186	11778	1801	7196	0,100,0,0,0,0	22031	1675	1030	85275	6988	36785	115516,115340,114880,64852,64852,64852,64852	6	46	29043,25187,36593,0,0,0,0	151	66072
155751	1591	3251	3000	544	557	65	40	4	11866	619	1458	598	1968	57	174	12193	1829	7219	0,100,0,0,0,0	22419	1769	1006	86109	7166	38377	116413,116240,115833,66010,66010,66010,66010	6	40	29043,25187,37584,0,0,0,0	147	65730
155499	1596	3316	2960	532	541	63	44	2	12107	621	1465	567	1980	55	186	11744	1824	7228	0,100,0,0,0,0	22637	1769	1029	86969	7339	39950	117364,117195,116846,67216,67216,67216,67216	6	42	29043,25187,38593,0,0,0,0	147	65380
155239	1607	3293	2988	531	569	69	47	3	12308	622	1470	552	2050	58	167	11675	1852	7252	0,100,0,0,0,0	22367	1710	1026	87812	7528	41468	118262,118096,117806,68351,68351,68351,68351	6	54	29043,25187,39597,0,0,0,0	158	65010
155205	1484	3225	3029	527	582	70	53	2	12473	625	1471	546	1943	58	182	11531	1864	7106	0,100,0,0,0,0	30009	1693	814	88487	7675	42990	119008,118844,118611,69264,69264,69264,69264	6	54	29043,25187,40403,0,0,0,0	178	64714
155030	1464	3202	2979	544	595	74	55	3	12697	629	1474	538	1932	61	161	11183	1829	7084	0,99,0,0,0,0	29461	1675	914	89268	7848	44522	119845,119683,119507,70312,70312,70312,70312	6	52	29043,25187,41301,37,0,0,0	181	64329
154834	1511	3149	2961	542	617	83	45	7	12886	635	1476	553	1947	56	207	11684	1911	6997	0,99,0,0,0,0	22238	1587	999	90087	8061	45963	120738,120580,120468,71396,71396,71396,71396	6	48	29043,25187,42286,67,0,0,0	188	63973
154667	1518	3084	3032	538	615	89	45	8	13035	639	1476	540	2011	60	187	11925	1950	6971	0,98,1,0,0,0	22349	848	906	90849	8236	46673	121557,121401,121346,72369,72369,72369,72369	6	42	29043,25187,43168,97,0,0,0	187	63636
154513	1521	3086	2981	513	606	90	42	8	13262	644	1480	521	1958	65	173	12105	1891	6948	0,98,1,0,0,0	22308	865	904	91599	8425	47398	122165,122011,122013,73018,73018,73018,73018	6	40	29043,25187,44037,146,0,0,0	172	63292
154368	1501	3144	2940	513	583	87	46	6	13427	648	1483	498	1944	47	182	11931	1881	6933	0,97,2,0,0,0	22302	892	941	92374	8630	48144	122798,122643,122707,73683,73683,73683,73683	6	42	29043,25187,44928,208,0,0,0	177	62953
154250	1505	3112	2933	538	593	90	44	7	13536	652	1486	504	1948	59	156	11578	1866	6949	0,97,2,0,0,0	22266	895	937	93125	8847	48884	123407,123251,123377,74320,74320,74320,74320	6	30	29043,25187,45795,273,0,0,0	167	62608
154335	1397	3063	2894	530	583	87	51	7	13660	652	1487	496	1995	60	158	11458	1816	6789	0,96,3,0,0,0	29843	898	798	93750	9025	49626	123897,123742,123931,74789,74789,74789,74789	6	42	29043,25187,46513,329,0,0,0	174	62321
154466	1296	2975	2907	545	595	86	45	5	13678	660	1488	474	1959	46	159	11293	1789	6660	0,95,4,0,0,0	29582	862	786	94376	9192	50332	124366,124210,124466,75238,75238,75238,75238	6	45	29043,25187,47218,400,0,0,0	178	62020
154426	1323	2931	2862	541	567	79	42	5	13805	670	1495	477	1890	51	178	11264	1776	6569	0,95,4,0,0,0	21513	854	890	95095	9374	51046	124936,124780,125097,75810,75809,75809,75809	6	38	29043,25187,48018,477,0,0,0	155	61673
154479	1358	2780	2882	543	542	78	37	5	13867	678	1497	482	1937	51	158	11573	1715	6505	0,94,5,0,0,0	21852	753	839	95757	9559	51650	125442,125287,125666,76295,76294,76294,76294	6	43	29043,25187,48752,563,0,0,0	138	61338
154505	1379	2673	2822	544	526	75	35	9	13995	683	1500	498	1985	55	176	11560	1683	6371	0,93,6,0,0,0	21907	711	842	96397	9765	52205	125903,125748,126189,76729,76728,76728,76728	6	41	29043,25187,49474,657,0,0,0	132	61040
154531	1378	2685	2751	503	504	74	38	9	14084	686	1503	488	1988	60	174	11525	1636	6297	0,93,6,0,0,0	21945	735	851	97060	9959	52789	126393,126237,126741,77172,77170,77170,77170	6	43	29043,25187,50203,762,0,0,0	138	60725
154629	1327	2676	2698	489	468	70	34	6	14148	690	1511	512	1953	56	148	11260	1561	6201	0,92,7,0,0,0	21732	772	797	97659	10160	53402	126823,126666,127232,77544,77542,77542,77542	6	42	29043,25187,50875,862,0,0,0	128	60445
154898	1203	2611	2657	482	477	73	33	7	14101	693	1511	517	1974	47	142	10840	1517	6019	0,92,7,0,0,0	29231	731	658	98149	10331	53997	127161,127004,127632,77792,77789,77789,77789	6	36	29043,25187,51428,942,0,0,0	133	60204
155075	1162	2514	2574	479	489	72	33	6	14129	700	1513	523	1928	53	133	10598	1473	5850	0,91,8,0,0,0	29008	745	711	98696	10502	54590	127536,127378,128065,78102,78097,78097,78097	6	44	29043,25187,51996,1055,0,0,0	127	59926
155313	1103	2446	2519	476	476	70	34	7	14082	703	1517	511	1980	50	166	10868	1483	5641	0,90,9,0,0,0	21141	757	685	99204	10683	55189	127877,127718,128466,78363,78358,78358,78358	5	27	29043,25187,52530,1178,0,0,0	129	59690
155517	1072	2397	2486	475	446	74	34	7	14011	707	1520	482	1959	43	149	10647	1435	5549	0,89,10,0,0,0	20866	391	709	99726	10871	55430	128230,128072,128879,78647,78640,78640,78640	5	32	29043,25187,53090,1303,0,0,0	132	59447
155656	1123	2309	2382	481	418	77	37	7	14023	710	1523	494	1926	46	139	10362	1418	5409	0,88,11,0,0,0	20617	403	721	100237	11088	55683	128503,128344,129209,78817,78809,78809,78809	5	44	29043,25187,53643,1446,0,0,0	129	59173
155863	1153	2248	2289	447	416	71	39	6	13977	711	1526	490	1951	41	135	10308	1384	5279	0,87,12,0,0,0	20656	407	695	100710	11314	55949	128746,128589,129513,78947,78937,78937,78937	5	26	29043,25187,54125,1624,0,0,0	130	58922
156086	1155	2203	2227	431	440	68	37	7	13850	713	1529	482	2007	43	122	9823	1345	5216	0,85,14,0,0,0	20190	423	691	101202	11518	56211	128990,128832,129816,79084,79071,79071,79071	5	32	29043,25187,54628,1791,0,0,0	123	58663
156265	1095	2204	2161	419	434	69	40	7	13801	714	1537	472	1999	34	132	8971	1285	5137	0,84,15,0,0,0	27947	381	635	101681	11680	56457	129229,129072,130110,79223,79208,79208,79208	5	33	29043,25187,55083,1956,0,0,0	126	58401
156507	1066	2130	2194	425	420	70	38	7	13624	721	1544	458	1955	36	114	8790	1233	5110	0,82,17,0,0,0	27599	379	658	102118	11906	56686	129436,129278,130374,79329,79311,79311,79311	5	47	29043,25187,55530,2155,0,0,0	121	58160
156747	1092	2133	2151	411	388	68	36	9	13439	725	1547	457	1869	46	136	8781	1197	5082	0,80,19,0,0,0	18959	292	700	102580	12147	56953	129667,129507,130662,79461,79439,79439,79439	5	34	29043,25187,55960,2397,0,0,0	121	57879
156974	1102	2057	2092	387	365	64	32	11	13380	729	1553	487	1970	43	117	8748	1138	4961	0,78,21,0,0,0	18847	88	644	103000	12375	57041	129888,129729,130937,79584,79560,79560,79560	5	28	29043,25187,56348,2635,0,0,0	121	57638
157247	1047	2025	2105	361	361	58	32	9	13213	732	1556	492	1936	43	114	8693	1085	4904	0,76,23,0,0,0	28351	99	625	103409	12593	57140	130041,129884,131145,79613,79586,79586,79586	5	31	29043,25187,56729,2861,0,0,0	111	57384
157502	1002	2021	2087	337	344	61	31	9	13053	736	1563	497	1960	38	129	8366	1056	4827	0,74,25,0,0,0	28133	105	623	103820	12806	57245	130214,130057,131370,79656,79625,79625,79625	5	38	29043,25187,57069,3122,0,0,0	115	57145
157779	1003	1947	2066	332	324	67	29	9	12887	738	1565	472	2052	44	101	8576	1000	4768	0,72,27,0,0,0	27149	92	623	104218	13037	57337	130345,130192,131556,79687,79651,79651,79651	5	40	29043,25187,57381,3413,0,0,0	120	56871
158026	1015	1849	2041	334	330	66	26	10	12738	742	1569	464	1885	31	97	8454	975	4686	0,70,29,0,0,0	27417	86	599	104598	13259	57423	130481,130328,131743,79720,79680,79680,79680	5	35	29043,25187,57695,3679,0,0,0	118	56624
158363	996	1781	2009	329	314	59	27	11	12540	745	1572	461	1985	47	100	8240	949	4566	0,67,32,0,0,0	26656	96	544	104928	13480	57519	130558,130406,131872,79676,79630,79630,79630	5	36	29043,25187,57948,3955,0,0,0	109	56391
158547	1039	1759	1944	320	301	56	26	12	12423	745	1574	498	1922	31	117	8162	951	4494	0,64,35,0,0,0	27706	103	653	105311	13755	57622	130689,130536,132050,79735,79684,79684,79684	5	34	29043,25187,58234,4304,0,0,0	106	56144
158801	1076	1752	1871	315	306	56	27	10	12208	746	1578	519	1998	41	89	8080	937	4466	0,62,37,0,0,0	28107	87	617	105691	13999	57709	130790,130639,132200,79761,79702,79702,79702	4	28	29043,25187,58500,4644,0,0,0	101	55892
159008	1088	1747	1874	302	292	49	28	8	12021	751	1578	508	1970	34	96	8112	924	4456	0,59,40,0,0,0	27765	72	612	106072	14233	57781	130892,130742,132348,79786,79722,79722,79722	4	32	29043,25187,58722,5013,0,0,0	92	55637
159163	1079	1774	1847	292	287	52	24	8	11884	756	1580	519	1995	46	99	7720	902	4453	0,56,43,0,0,0	27840	74	641	106486	14468	57855	131018,130868,132516,79852,79781,79781,79781	5	50	29043,25187,58957,5407,0,0,0	88	55345
159298	1111	1823	1823	285	280	51	25	7	11705	757	1581	509	1942	37	86	7134	893	4505	0,52,47,0,0,0	27596	77	696	106871	14784	57932	131123,130975,132665,79917,79839,79839,79839	5	41	29043,25187,59153,5891,0,0,0	87	55075
159453	1095	1808	1852	282	268	48	29	5	11566	758	1582	506	1753	37	67	6715	833	4549	0,50,49,0,0,0	25800	93	623	107229	15053	58025	131230,131083,132814,79981,79895,79895,79895	5	35	29043,25187,59349,6311,0,0,0	95	54839
159585	1050	1810	1868	262	276	48	27	4	11469	762	1585	489	1857	51	99	5978	821	4520	0,47,52,0,0,0	25005	98	634	107571	15348	58123	131332,131183,132951,80055,79961,79961,79961	4	23	29043,25187,59500,6784,0,0,0	102	54605
159587	1156	1784	1845	272	271	48	28	4	11398	764	1589	499	1952	28	94	5699	828	4576	0,43,56,0,0,0	15980	75	729	107981	15678	58198	131480,131329,133134,80216,80115,80115,80115	4	33	29043,25187,59672,7335,0,0,0	94	54326
159559	1262	1833	1841	266	254	50	24	6	11291	767	1593	506	1997	44	95	5467	796	4734	0,40,59,0,0,0	15838	306	796	108435	16024	58504	131631,131483,133323,80422,80309,80309,80309	4	39	29043,25187,59831,7962,0,0,0	88	54005
159467	1351	1934	1838	255	223	47	24	5	11231	770	1601	476	1980	38	86	5538	785	4887	0,36,63,0,0,0	15607	302	830	108868	16424	58806	131839,131694,133565,80716,80594,80594,80594	5	42	29043,25187,59986,8619,0,0,0	85	53708
159358	1416	2023	1941	256	237	44	24	4	11066	772	1605	484	1880	38	56	5245	749	5192	0,33,66,0,0,0	15570	251	898	109332	16864	59057	132053,131909,133811,81047,80913,80913,80913	5	46	29043,25187,60133,9359,0,0,0	82	53383
159211	1495	2133	1986	258	259	37	26	4	10954	774	1609	472	1897	47	90	5016	734	5460	0,30,69,0,0,0	15098	283	940	109830	17314	59340	132291,132146,134081,81409,81262,81262,81262	5	44	29043,25187,60277,10152,0,0,0	88	53040
159090	1525	2245	2057	247	266	40	25	5	10861	776	1609	483	2012	46	97	4760	775	5630	0,27,72,0,0,0	23606	282	916	110289	17775	59622	132498,132358,134320,81749,81589,81589,81589	5	54	29043,25187,60409,10921,0,0,0	83	52736
158941	1517	2266	2211	247	244	45	26	4	10857	778	1610	500	1959	66	80	4916	769	5787	0,25,74,0,0,0	23737	287	892	110769	18195	59909	132707,132568,134555,82103,81929,81929,81929	5	45	29043,25187,60533,11683,0,0,0	99	52396
158558	1680	2381	2242	256	248	34	22	3	10926	783	1613	545	1949	66	96	5270	825	6038	0,22,77,0,0,0	15298	271	1106	111355	18747	60180	132996,132857,134867,82632,82444,82444,82444	5	57	29043,25187,60646,12667,24,0,0	100	51963
158116	1902	2480	2274	249	253	35	17	5	11010	787	1618	531	1906	51	90	5539	840	6370	0,20,79,0,0,0	15251	345	1200	111963	19362	60525	133305,133167,135196,83189,82985,82985,82985	5	67	29043,25187,60760,13740,49,0,0	95	51562
157576	2038	2689	2386	267	264	33	15	6	11062	791	1619	519	1959	66	95	5504	889	6803	0,17,81,1,0,0	15752	332	1266	112603	20014	60857	133660,133524,135568,83857,83635,83635,83635	6	61	29043,25187,60880,14865,79,0,0	92	51116
156941	2226	2931	2473	266	277	32	16	7	11164	791	1622	522	1986	74	115	5862	946	7275	0,16,82,1,0,0	15804	339	1393	113328	20709	61196	134055,133921,135980,84613,84372,84372,84372	6	68	29043,25187,60991,16126,112,0,0	88	50606
156142	2455	3109	2707	280	266	31	14	8	11313	794	1627	507	1978	76	124	6122	1039	7823	0,14,84,1,0,0	15901	302	1522	114084	21505	61498	134460,134328,136398,85462,85200,85200,85200	6	70	29043,25187,61086,17521,161,0,0	104	50054
155517	2476	3292	2877	278	299	31	15	8	11527	795	1631	503	2013	100	96	6590	1112	8156	0,12,85,2,0,0	25438	340	1368	114764	22223	61838	134799,134674,136755,86181,85895,85895,85895	7	90	29043,25187,61155,18779,216,0,0	113	49549
154806	2417	3512	3086	281	275	33	19	7	11877	796	1637	494	2000	90	98	6819	1100	8523	0,11,86,2,0,0	25290	349	1443	115444	22997	62187	135169,135049,137137,86966,86658,86658,86658	7	87	29043,25187,61210,20123,256,0,0	108	49063
153701	2743	3695	3335	306	275	34	20	7	12195	796	1639	499	1941	85	128	7475	1188	9220	0,9,87,2,0,0	17296	363	1872	116354	23973	62550	135690,135572,137671,88028,87695,87695,87695	8	83	29043,25187,61297,21841,314,0,0	109	48422
152629	3025	3838	3505	297	288	38	17	10	12658	799	1642	486	1869	95	109	7500	1203	9805	0,8,88,2,0,0	17486	357	1801	117174	24969	62907	136148,136028,138133,89055,88697,88696,88696	8	84	29043,25187,61355,23510,386,0,0	98	47813
151474	3117	4257	3693	309	292	39	22	8	13094	799	1642	473	1982	94	127	8043	1305	10424	0,7,89,3,0,0	18181	353	1977	118090	26040	63260	136660,136540,138649,90187,89798,89797,89797	9	91	29043,25187,61426,25340,456,0,0	111	47141
150203	3336	4526	3870	355	328	37	21	8	13615	803	1644	494	1966	100	114	8815	1374	11099	0,6,89,3,0,0	18533	362	2106	119026	27219	63622	137186,137069,139178,91380,90959,90958,90958	9	87	29043,25187,61486,27293,539,0,0	119	46469
148764	3637	4716	4259	400	369	36	20	10	14084	805	1646	482	1977	105	141	9092	1465	11972	0,6,90,3,0,0	19030	367	2289	120046	28499	63989	137762,137650,139757,92715,92262,92261,92261	9	115	29043,25187,61544,29421,631,0,0	126	45710
147599	3697	4905	4510	412	404	43	21	9	14689	809	1648	504	1960	132	146	9499	1575	12417	0,5,90,3,0,0	28052	353	2112	121021	29647	64342	138255,138143,140256,93902,93411,93409,93409	10	132	29043,25187,61594,31371,736,0,0	124	44992
146348	3644	5214	4772	405	411	46	19	11	15409	812	1655	497	1918	128	157	9715	1648	12863	0,5,91,3,0,0	28000	388	2148	121951	30876	64730	138739,138632,140745,95098,94572,94569,94569	11	132	29043,25187,61645,33371,827,0,0	137	44297
144777	3911	5435	5072	400	420	41	21	11	16186	813	1659	493	2003	140	187	9877	1771	13529	0,4,91,4,0,0	20492	358	2545	123062	32323	65088	139368,139262,141365,96594,96026,96022,96022	11	126	29043,25187,61695,35746,928,0,0	129	43470
143163	4311	5496	5333	418	430	43	23	12	17038	815	1664	502	1926	147	166	10999	1894	14160	0,4,91,4,0,0	20665	359	2645	124225	33829	65447	140002,139895,141993,98155,97538,97533,97533	12	137	29043,25187,61738,38202,1080,0,0	111	42625
141536	4481	5769	5566	442	450	40	25	11	17941	815	1670	480	1998	174	178	11680	2044	14729	0,3,91,4,0,0	21545	359	2654	125376	35350	65806	140620,140514,142598,99713,99047,99041,99041	13	150	29043,25187,61777,40646,1234,0,0	119	41770
139873	4608	6228	5734	447	447	33	23	15	18850	815	1673	490	1990	172	186	12335	2192	15328	0,3,91,5,0,0	22326	350	2816	126595	36968	66156	141250,141150,143220,101360,100639,100632,100632	14	156	29043,25187,61798,43271,1396,0,0	105	40858
138240	4722	6529	5885	487	495	37	22	14	19819	819	1677	488	1846	137	188	12664	2290	15887	0,2,91,5,0,0	22748	314	2812	127768	38628	66470	141853,141753,143808,102979,102201,102191,102191	14	135	29043,25187,61828,45849,1582,0,0	111	39965
136879	4538	6672	6294	509	537	37	25	16	20740	820	1679	479	1998	158	190	12611	2371	16241	0,2,91,5,0,0	30845	349	2598	128883	40134	66819	142372,142279,144328,104471,103630,103620,103620	15	153	29043,25187,61858,48207,1782,0,0	126	39127
135504	4418	6836	6521	580	553	37	26	16	21752	821	1682	478	1963	165	198	13088	2454	16517	0,2,91,6,0,0	30937	307	2646	129992	41688	67126	142910,142819,144861,105973,105071,105059,105059	16	145	29043,25187,61883,50593,1997,0,0	138	38305
133875	4744	6712	6836	572	539	38	23	17	22880	824	1686	500	2027	198	258	13407	2569	16895	0,2,91,6,0,0	23532	305	2966	131259	43410	67431	143522,143432,145464,107698,106728,106713,106713	16	159	29043,25187,61909,53265,2242,0,0	132	37341
132395	4843	6707	7058	554	576	35	27	16	24019	827	1689	503	1920	165	225	13863	2645	17155	0,1,91,6,0,0	23791	121	2865	132414	45143	67552	144101,144013,146031,109365,108324,108307,108307	17	136	29043,25187,61924,55886,2450,0,0	125	36497
130949	4817	6914	7103	604	558	33	29	15	25203	827	1694	478	1863	159	237	14262	2693	17365	0,1,91,7,0,0	24252	126	2898	133607	46866	67678	144618,144534,146532,110975,109860,109839,109839	17	145	29043,25187,61934,58494,2706,0,0	138	35585
129537	4869	7008	7162	618	573	32	32	14	26376	827	1698	509	1963	155	231	14384	2716	17578	0,1,90,7,0,0	24815	137	2931	134793	48636	67815	145144,145064,147043,112610,111418,111393,111393	17	139	29043,25187,61952,61093,2990,0,0	136	34708
128130	4864	7198	7181	637	586	34	34	17	27536	830	1699	496	1937	183	257	14249	2723	17811	0,1,90,8,0,0	24555	125	2938	135998	50392	67940	145670,145587,147558,114280,113007,112979,112979	18	148	29043,25187,61966,63712,3270,0,0	141	33808
127303	4597	6983	7429	613	614	34	33	15	28595	830	1700	492	2004	187	235	13896	2743	17560	0,1,90,8,0,0	31714	124	2537	137026	51918	68064	146023,145946,147909,115656,114293,114260,114260	18	167	29043,25187,61975,65962,3518,0,0	166	33045
126493	4384	6943	7409	620	615	37	39	16	29653	832	1705	491	1891	161	221	14121	2773	17274	0,1,89,9,0,0	31965	132	2567	138055	53472	68196	146362,146286,148246,117018,115564,115527,115527	18	140	29043,25187,61984,68176,3835,0,0	161	32265
125458	4561	6767	7421	587	641	40	39	17	30671	835	1709	487	1973	171	262	14387	2778	17278	0,0,89,9,0,0	24555	112	2827	139179	55195	68308	146748,146672,148617,118547,117000,116958,116958	18	155	29043,25187,61995,70585,4200,0,0	151	31400
124642	4643	6625	7412	564	617	39	38	18	31602	837	1709	518	1923	184	255	14957	2787	17151	0,0,88,10,0,0	24808	88	2699	140260	56835	68396	147085,147007,148943,119990,118342,118296,118296	19	158	29043,25187,62000,72864,4571,0,0	158	30568
123883	4499	6663	7248	575	616	53	39	17	32599	839	1715	496	1817	181	234	14972	2798	16895	0,0,88,11,0,0	24864	76	2587	141222	58478	68472	147381,147301,149225,121341,119597,119545,119545	18	126	29043,25187,62009,75064,4900,0,0	169	29835
123296	4365	6590	7151	580	609	48	34	20	33492	844	1717	502	2038	183	245	15118	2746	16631	0,0,87,11,0,0	24852	78	2540	142211	60042	68550	147648,147563,149478,122666,120821,120762,120762	19	164	29043,25187,62018,77169,5279,0,0	168	29073
122914	4220	6464	7139	575	569	45	30	22	34198	850	1720	497	1953	169	227	14828	2651	16391	0,0,86,12,0,0	25085	88	2436	143143	61562	68638	147852,147764,149669,123908,121955,121889,121889	18	170	29043,25187,62024,79182,5639,0,0	159	28356
122846	3892	6242	7021	561	551	42	31	20	34967	852	1721	497	1925	171	229	14267	2523	15817	0,0,86,13,0,0	32299	81	2093	143939	62886	68719	147949,147862,149759,124951,122895,122821,122821	18	125	29043,25187,62032,80897,5977,0,0	150	27725
122949	3583	5948	6906	534	576	40	28	21	35584	852	1725	502	1960	144	194	14095	2394	15221	0,0,85,13,0,0	32034	67	2057	144724	64183	68786	148005,147919,149816,125930,123763,123681,123681	18	126	29043,25187,62037,82535,6351,0,0	156	27122
123012	3599	5646	6749	519	598	39	28	22	35952	855	1727	509	1911	154	236	14445	2457	14721	0,0,84,14,0,0	24600	68	2174	145613	65488	68854	148116,148025,149923,127018,124739,124647,124647	18	118	29043,25187,62040,84254,6744,0,0	125	26444
123176	3544	5358	6532	499	571	40	28	24	36385	860	1729	505	1873	130	213	14432	2368	14204	0,0,84,15,0,0	24490	63	2017	146377	66758	68917	148147,148052,149946,127992,125601,125499,125499	18	93	29043,25187,62045,85852,7098,0,0	112	25842
123545	3351	5208	6293	512	546	37	26	24	36608	863	1733	523	1966	159	187	14335	2207	13766	0,0,83,16,0,0	24461	63	1929	147052	68021	68980	148123,148025,149917,128877,126371,126260,126260	17	113	29043,25187,62048,87337,7468,0,0	116	25292
124036	3152	5082	6024	485	522	32	24	24	36765	865	1735	511	1948	111	222	14092	2197	13124	0,0,82,17,0,0	24381	48	1809	147739	69151	69028	148074,147972,149864,129702,127082,126961,126961	17	101	29043,25187,62050,88670,7873,0,0	104	24753
124478	3070	4807	5877	487	514	32	23	26	36825	865	1742	495	2000	133	192	13828	2076	12734	0,0,81,17,0,0	24156	52	1807	148402	70305	69080	148051,147946,149841,130544,127814,127681,127681	16	110	29043,25187,62053,90032,8247,0,0	107	24241
125232	2907	4572	5671	466	475	29	21	26	36733	867	1747	519	1907	122	208	13182	1985	12156	0,0,80,18,0,0	31252	59	1580	148956	71345	69139	147930,147819,149726,131209,128371,128225,128225	16	110	29043,25187,62054,91184,8617,0,0	127	23808
126083	2605	4413	5456	403	448	23	16	23	36653	871	1752	542	1837	112	168	12774	1872	11492	0,0,79,19,0,0	30919	65	1455	149479	72286	69204	147784,147674,149586,131812,128864,128706,128706	15	88	29043,25187,62057,92239,8950,0,0	100	23411
126897	2540	4169	5093	373	453	21	13	23	36536	873	1755	510	1976	114	201	12708	1763	10899	0,0,78,20,0,0	22722	59	1495	149994	73275	69263	147650,147536,149452,132439,129377,129207,129207	15	82	29043,25187,62059,93289,9326,0,0	93	23023
127822	2471	3882	4819	405	444	28	12	22	36211	874	1756	524	1958	110	176	12477	1695	10366	0,0,77,21,0,0	22656	54	1379	150482	74178	69317	147462,147344,149271,132981,129811,129626,129626	14	79	29043,25187,62060,94243,9688,0,0	94	22628
128814	2312	3671	4652	380	427	33	14	21	35788	874	1760	518	1994	99	185	12132	1611	9878	0,0,76,23,0,0	22388	46	1300	150909	75062	69363	147256,147136,149071,133463,130183,129986,129986	13	72	29043,25187,62061,95117,10042,0,0	100	22284
129957	2187	3553	4347	371	392	33	14	18	35236	875	1763	538	1979	92	172	11488	1505	9392	0,0,75,24,0,0	21838	51	1248	151350	75875	69414	147035,146915,148860,133929,130539,130327,130327	13	61	29043,25187,62063,95934,10403,0,0	106	21942
130995	2114	3398	4120	368	353	36	13	17	34692	875	1765	539	1876	83	133	11052	1394	9008	0,0,73,25,0,0	21368	44	1229	151810	76649	69458	146849,146723,148684,134395,130901,130674,130674	12	72	29043,25187,62064,96703,10796,0,0	97	21573
132179	1955	3187	3992	331	369	38	12	17	34023	876	1767	558	1970	81	144	10373	1326	8558	0,0,72,26,0,0	28907	51	1054	152170	77352	69509	146593,146463,148442,134753,131160,130915,130915	11	74	29043,25187,62065,97373,11125,0,0	109	21287
133497	1727	3047	3813	297	329	37	14	16	33322	877	1770	564	1939	92	136	9905	1225	8039	0,0,71,28,0,0	28241	44	949	152477	78001	69553	146315,146187,148185,135035,131340,131079,131079	11	57	29043,25187,62065,97935,11461,0,0	107	21040
134625	1662	2851	3638	286	329	38	11	17	32637	880	1772	541	1971	80	117	10135	1174	7641	0,0,70,29,0,0	20201	50	1031	152843	78670	69603	146093,145966,147976,135391,131600,131324,131324	10	47	29043,25187,62065,98532,11838,0,0	104	20769
135933	1688	2561	3426	291	325	30	11	14	31812	881	1774	539	2033	65	116	9591	1110	7222	0,0,68,30,0,0	19759	17	937	153167	79291	69620	145791,145661,147688,135664,131775,131482,131482	10	60	29043,25187,62065,99068,12179,0,0	95	20522
137195	1541	2494	3191	289	297	33	14	12	31024	881	1775	560	1964	74	123	9266	1071	6788	0,0,67,32,0,0	19386	28	872	153458	79881	69648	145502,145366,147407,135896,131915,131604,131604	9	53	29043,25187,62065,99577,12502,0,0	93	20287
138379	1510	2360	3017	280	259	31	13	10	30226	881	1780	581	1907	52	119	8806	995	6475	0,0,65,34,0,0	19212	19	882	153762	80467	69667	145219,145084,147140,136151,132083,131755,131755	9	62	29043,25187,62066,100041,12872,0,0	89	20043
139513	1489	2240	2843	258	250	29	11	9	29438	883	1783	545	1967	67	96	8332	915	6205	0,0,63,36,0,0	18863	26	863	154029	81069	69693	144959,144826,146892,136385,132236,131890,131890	8	57	29043,25187,62067,100478,13249,0,0	78	19838
140868	1348	2126	2673	237	224	26	11	7	28556	886	1784	546	1974	68	94	7934	861	5784	0,0,62,37,0,0	26360	36	673	154242	81532	69729	144642,144505,146590,136520,132287,131923,131923	8	38	29043,25187,62067,100841,13523,0,0	72	19668
142181	1176	2041	2531	223	206	27	10	6	27671	888	1786	547	2015	62	87	7475	810	5404	0,0,61,38,0,0	26162	29	644	154441	81984	69758	144324,144187,146294,136643,132329,131946,131946	8	44	29043,25187,62067,101151,13814,0,0	64	19505
143312	1279	1950	2390	206	199	26	11	5	26694	888	1786	523	1851	63	105	6868	758	5303	0,0,59,40,0,0	17236	27	845	154711	82565	69785	144060,143918,146044,136873,132482,132079,132079	7	52	29043,25187,62067,101550,14214,0,0	79	19291
144453	1325	1830	2280	183	167	27	8	6	25789	889	1789	506	1982	55	75	5913	655	5165	0,0,57,42,0,0	16580	5	749	154961	83073	69790	143796,143651,145791,137052,132589,132166,132166	7	32	29043,25187,62067,101886,14593,0,0	65	19100
145544	1214	1879	2162	188	166	23	8	4	24874	889	1795	514	1975	46	69	4912	570	5070	0,0,55,44,0,0	15731	11	694	155166	83566	69801	143515,143371,145524,137185,132655,132213,132213	7	32	29043,25187,62067,102169,14951,0,0	65	18935
146631	1222	1829	2141	186	179	21	9	3	23838	891	1796	520	1941	51	98	4282	527	5060	0,0,53,46,0,0	14730	11	755	155405	84086	69812	143256,143113,145280,137360,132763,132302,132302	6	43	29043,25187,62068,102478,15348,0,0	65	18751
147630	1280	1752	2109	171	181	21	10	4	22897	891	1800	517	1925	33	79	3544	468	5056	0,0,51,48,0,0	13801	5	751	155644	84602	69817	143006,142863,145039,137529,132871,132389,132389	6	32	29043,25187,62068,102758,15772,0,0	60	18563
148604	1173	1783	1999	159	172	22	6	5	22127	894	1802	550	1992	56	70	2906	404	4910	0,0,50,49,0,0	22343	5	638	155849	85041	69822	142761,142614,144803,137656,132940,132440,132440	5	43	29043,25187,62068,102986,16155,0,0	52	18393
149571	1107	1785	1947	160	163	19	8	7	21279	894	1806	555	1948	38	71	2195	389	4800	0,0,47,52,0,0	21841	9	641	156067	85471	69831	142530,142380,144586,137780,133009,132489,132489	5	24	29043,25187,62068,103196,16556,0,0	58	18212
150468	1135	1701	1904	160	164	16	7	9	20478	894	1810	554	2027	35	65	1638	360	4727	0,0,45,54,0,0	12110	7	677	156271	85950	69838	142304,142153,144375,137926,133101,132562,132562	4	32	29043,25187,62068,103436,16959,0,0	47	18054
151240	1169	1668	1824	162	182	14	7	9	19762	894	1815	541	1956	48	68	1258	334	4692	0,0,44,55,0,0	11374	20	696	156518	86404	69858	142133,141980,144214,138114,133246,132686,132686	4	40	29043,25187,62068,103685,17376,0,0	45	17862
152083	1165	1652	1791	185	166	13	7	9	18964	894	1817	584	1953	41	104	1133	344	4635	0,0,41,58,0,0	11128	12	667	156745	86849	69870	141929,141773,144020,138262,133349,132769,132769	4	30	29043,25187,62068,103887,17812,0,0	53	17692
152836	1153	1655	1779	169	170	14	7	9	18241	894	1819	565	1890	37	76	1091	334	4613	0,0,39,60,0,0	11179	24	684	156964	87318	69894	141743,141586,143845,138411,133461,132857,132857	3	34	29043,25187,62068,104090,18267,0,0	53	17522
153435	1185	1687	1751	179	167	17	6	8	17589	896	1826	558	2052	50	74	1058	316	4676	0,0,37,62,0,0	10956	24	745	157190	87847	69918	141602,141443,143706,138598,133611,132990,132990	3	39	29043,25187,62068,104284,18776,0,0	46	17354
154243	1090	1658	1758	178	161	16	7	8	16897	896	1834	571	2052	47	87	1072	316	4552	0,0,36,63,0,0	20442	23	546	157347	88240	69941	141377,141217,143497,138682,133661,133016,133016	3	40	29043,25187,62068,104428,19154,0,0	64	17221
154933	1015	1681	1758	171	161	16	8	7	16265	896	1835	575	1952	40	63	1034	343	4467	0,0,34,65,0,0	20349	22	629	157522	88701	69963	141193,141034,143321,138805,133751,133085,133085	3	33	29043,25187,62068,104596,19581,0,0	69	17083
155414	1157	1580	1713	170	160	14	7	8	15790	897	1836	557	1941	31	82	1031	336	4465	0,0,32,67,0,0	11017	23	726	157731	89222	69986	141063,140904,143198,138980,133906,133218,133218	3	38	29043,25187,62068,104757,20109,0,0	57	16922
155978	1187	1561	1662	177	146	13	8	7	15271	897	1839	559	2004	45	82	1037	331	4423	0,0,30,69,0,0	11082	0	674	157917	89715	69986	140898,140737,143035,139127,134028,133317,133317	3	23	29043,25187,62068,104898,20615,0,0	47	16779
156434	1189	1629	1685	168	147	11	6	8	14732	898	1839	571	1995	37	52	1013	317	4518	0,0,28,71,0,0	11033	0	704	158106	90233	69986	140757,140595,142900,139290,134169,133436,133436	3	41	29043,25187,62068,105050,21130,0,0	40	16626
156872	1198	1668	1682	189	163	13	6	8	14209	898	1840	563	1950	37	64	1011	318	4601	0,0,27,72,0,0	11211	0	703	158329	90718	69986	140627,140466,142777,139472,134335,133579,133579	3	38	29043,25187,62068,105184,21676,0,0	38	16445
157221	1226	1685	1668	176	176	17	7	7	13821	899	1843	580	1976	47	66	1010	305	4650	0,0,26,73,0,0	11095	0	734	158546	91236	69986	140520,140358,142672,139661,134511,133733,133733	3	42	29043,25187,62068,105329,22235,0,0	46	16279
157673	1176	1678	1693	163	173	13	8	7	13415	899	1848	594	1957	54	72	979	298	4606	0,0,25,74,0,0	20395	0	612	158735	91667	69986	140387,140225,142543,139787,134625,133822,133822	3	35	29043,25187,62068,105437,22717,0,0	48	16124
158068	1073	1670	1684	170	183	10	7	8	13124	899	1850	591	1991	52	72	975	304	4493	0,0,23,76,0,0	20207	0	598	158915	92088	69986	140290,140125,142452,139922,134749,133924,133924	3	31	29043,25187,62068,105526,23208,0,0	44	15991
158300	1109	1699	1690	162	194	14	4	8	12812	901	1853	595	1982	44	96	1010	327	4545	0,0,21,78,0,0	11035	0	730	159132	92606	69986	140208,140047,142375,140116,134938,134089,134089	3	43	29043,25187,62068,105629,23811,0,0	45	15826
158584	1156	1629	1711	153	210	10	2	9	12525	901	1856	581	2000	41	84	1013	347	4524	0,0,21,78,0,0	10955	0	657	159312	93087	69986	140113,139952,142280,140266,135085,134213,134213	3	35	29043,25187,62068,105717,24351,0,0	42	15687
158843	1128	1609	1755	165	189	10	3	9	12275	901	1859	606	1978	44	74	1029	324	4535	0,0,19,80,0,0	10959	0	679	159527	93556	69986	140039,139881,142211,140434,135252,134356,134356	3	36	29043,25187,62068,105796,24929,0,0	32	15520
159046	1181	1612	1711	156	180	13	3	7	12072	901	1864	604	1998	47	74	1030	308	4548	0,0,18,81,0,0	11113	0	690	159715	94062	69986	139960,139799,142134,140599,135418,134498,134498	3	33	29043,25187,62068,105877,25508,0,0	25	15373
159318	1158	1600	1673	157	172	16	4	6	11873	901	1868	613	1996	49	73	1028	310	4470	0,0,16,83,0,0	11130	0	628	159871	94538	69986	139868,139706,142044,140721,135543,134598,134598	3	35	29043,25187,62068,105941,26044,0,0	40	15252
159659	996	1655	1608	149	157	17	6	5	11722	901	1871	602	1943	42	72	1059	310	4278	0,0,15,84,0,0	20374	0	520	159994	94937	69986	139741,139577,141917,140794,135619,134648,134648	3	25	29043,25187,62068,105982,26497,0,0	37	15153
160010	951	1570	1640	166	163	19	4	5	11442	902	1874	605	1967	40	58	1041	305	4208	0,0,13,86,0,0	20393	0	531	160127	95342	69986	139631,139465,141814,140872,135705,134706,134706	3	33	29043,25187,62068,106018,26975,0,0	43	15054
160176	1001	1511	1647	169	168	16	4	6	11265	904	1879	577	2003	48	78	1049	315	4201	0,0,13,86,0,0	11143	0	638	160294	95816	69986	139559,139392,141744,141015,135855,134831,134831	3	33	29043,25187,62068,106073,27535,0,0	42	14924
160358	1069	1445	1627	158	161	17	6	6	11112	904	1883	606	1996	41	84	1073	335	4148	0,0,12,87,0,0	11229	0	624	160465	96274	69986	139484,139318,141670,141149,136001,134950,134950	3	36	29043,25187,62068,106129,28083,0,0	41	14789
160555	1065	1454	1627	158	160	23	8	5	10900	904	1887	611	1890	35	58	1055	332	4163	0,0,11,88,0,0	11185	0	608	160631	96717	69986	139416,139248,141605,141283,136143,135065,135065	3	27	29043,25187,62068,106169,28633,0,0	44	14656
160731	1020	1497	1559	173	162	22	8	5	10772	904	1893	610	1997	29	66	1006	314	4127	0,0,10,89,0,0	11209	0	594	160791	97156	69986	139338,139167,141530,141404,136280,135174,135174	3	11	29043,25187,62068,106209,29167,0,0	47	14524
160843	1041	1554	1518	172	160	17	8	5	10627	904	1897	616	1948	32	57	965	283	4187	0,0,10,89,0,0	10910	0	646	160941	97655	69986	139266,139093,141457,141536,136427,135293,135293	3	31	29043,25187,62068,106259,29740,0,0	46	14400
161086	990	1503	1525	172	153	19	10	4	10477	905	1902	614	1953	43	74	958	288	4084	0,0,9,90,0,0	20372	0	512	161069	98041	69986	139161,138988,141356,141618,136523,135360,135360	3	26	29043,25187,62068,106287,30202,0,0	55	14297
161365	849	1469	1530	162	172	17	10	4	10356	905	1907	607	2037	26	66	942	290	3919	0,0,9,90,0,0	20497	0	449	161181	98383	69986	139054,138882,141253,141669,136589,135398,135398	2	30	29043,25187,62068,106317,30604,0,0	52	14211
161513	873	1398	1543	152	183	17	9	5	10238	905	1910	596	1948	27	90	950	304	3871	0,0,8,91,0,0	10980	0	580	161337	98810	69986	138982,138810,141183,141779,136718,135498,135498	2	27	29043,25187,62068,106350,31127,0,0	57	14089
161666	927	1343	1501	150	159	16	7	7	10152	905	1913	608	2003	37	70	940	282	3821	0,0,7,92,0,0	11068	0	553	161473	99229	69986	138917,138744,141120,141879,136837,135589,135589	2	34	29043,25187,62068,106368,31643,0,0	48	13990
161879	912	1313	1490	146	153	14	7	8	10003	905	1916	570	2014	33	70	933	275	3760	0,0,6,93,0,0	10833	0	508	161599	99612	69986	138818,138644,141021,141961,136939,135659,135659	2	17	29043,25187,62068,106384,32112,0,0	43	13890
162049	880	1333	1454	133	163	17	7	8	9877	905	1920	573	1998	30	66	921	271	3716	0,0,6,93,0,0	10833	0	530	161727	100016	69986	138731,138555,140934,142055,137049,135739,135739	2	24	29043,25187,62068,106401,32600,0,0	50	13787
162228	889	1298	1398	144	163	14	5	10	9769	906	1922	576	1935	39	70	899	268	3643	0,0,5,94,0,0	10787	0	520	161849	100415	69986	138644,138470,140849,142134,137151,135810,135810	2	33	29043,25187,62068,106418,33077,0,0	38	13683
162483	785	1243	1369	148	173	11	8	8	9688	906	1924	555	1979	37	64	910	277	3460	0,0,5,94,0,0	20491	0	403	161946	100724	69986	138536,138361,140743,142177,137212,135840,135840	2	17	29043,25187,62068,106433,33449,0,0	43	13603
162723	666	1232	1359	152	161	14	9	9	9586	906	1929	571	2014	34	74	920	289	3304	0,0,5,94,0,0	20202	0	394	162042	101027	69986	138430,138256,140642,142207,137265,135863,135863	2	24	29043,25187,62068,106445,33825,0,0	38	13521
162973	667	1164	1304	141	135	13	7	8	9497	908	1929	613	1903	32	67	931	265	3166	0,0,4,95,0,0	10945	0	405	162135	101342	69986	138318,138144,140536,142232,137311,135877,135877	2	16	29043,25187,62068,106455,34211,0,0	46	13447
163179	691	1026	1283	126	117	14	8	7	9451	908	1936	611	2007	36	57	922	240	3025	0,0,4,95,0,0	11100	0	420	162242	101658	69986	138223,138048,140444,142281,137383,135918,135918	2	30	29043,25187,62068,106463,34607,0,0	44	13356
163500	609	1000	1222	128	114	7	7	8	9298	908	1945	647	1933	21	45	902	232	2855	0,0,3,96,0,0	10921	0	331	162323	101912	69986	138104,137929,140330,142274,137399,135900,135900	2	13	29043,25187,62068,106472,34919,0,0	41	13292
163757	563	1008	1159	114	106	12	7	7	9156	908	1949	645	2008	29	57	870	224	2745	0,0,3,96,0,0	11080	0	365	162403	102198	69986	137994,137821,140225,142288,137434,135906,135906	2	16	29043,25187,62068,106479,35259,0,0	31	13229
164065	584	931	1095	121	94	13	7	5	8973	908	1950	648	1968	15	37	830	208	2637	0,0,3,96,0,0	11049	0	345	162483	102469	69986	137865,137692,140102,142289,137459,135898,135898	2	16	29043,25187,62068,106487,35584,2,0	33	13166
164377	520	862	1042	115	111	11	4	7	8836	909	1952	627	2024	21	56	793	209	2456	0,0,3,96,0,0	20252	0	252	162552	102658	69986	137744,137571,139988,142267,137458,135866,135866	2	16	29043,25187,62068,106489,35824,3,0	33	13112
164712	442	833	976	111	110	10	4	8	8674	909	1957	649	1965	22	46	748	195	2291	0,0,2,96,0,0	20147	0	238	162613	102843	69986	137617,137444,139868,142240,137450,135828,135828	1	6	29043,25187,62068,106490,36051,10,0	30	13062
165032	440	774	926	101	100	10	3	9	8479	909	1963	649	1959	21	45	715	180	2174	0,0,2,96,0,0	10836	0	262	162676	103052	69986	137481,137308,139737,142220,137450,135798,135798	1	17	29043,25187,62068,106493,36299,18,0	29	13012
165349	457	704	882	88	94	11	3	7	8276	909	1966	658	1990	15	41	688	165	2074	0,0,2,96,1,0	10959	0	264	162737	103260	69986	137356,137182,139617,142191,137443,135761,135761	1	21	29043,25187,62068,106494,36543,23,0	26	12969
165618	442	647	835	71	91	11	3	6	8139	909	1974	643	1985	12	50	652	159	1941	0,0,2,96,1,0	10824	0	237	162791	103454	69986	137242,137068,139509,142154,137429,135718,135718	1	9	29043,25187,62068,106497,36764,35,0	22	12928
166008	375	627	753	63	95	11	3	5	7919	909	1978	644	2005	18	35	608	140	1787	0,0,2,95,2,0	10724	0	184	162836	103597	69986	137086,136912,139360,142096,137391,135650,135650	1	11	29043,25187,62068,106499,36937,43,0	19	12895
166338	331	606	731	72	69	10	2	6	7689	909	1983	643	1947	16	32	578	127	1694	0,0,1,95,2,0	10633	0	185	162881	103746	69986	136948,136773,139227,142041,137355,135585,135585	1	10	29043,25187,62068,106501,37110,53,0	21	12859
166706	296	550	697	63	65	9	3	6	7454	909	1988	630	1792	16	26	542	116	1567	0,0,1,95,3,0	19888	0	148	162906	103872	69986	136807,136633,139096,141968,137302,135502,135502	1	14	29043,25187,62068,106501,37246,62,0	19	12839
167064	259	519	617	59	64	8	3	6	7248	909	1990	634	1988	12	25	506	113	1416	0,0,1,95,3,0	19821	0	145	162935	103989	69986	136666,136494,138963,141904,137256,135427,135427	1	10	29043,25187,62068,106502,37381,66,0	16	12815
167423	250	461	583	55	67	6	2	7	6989	909	1994	656	1981	11	20	483	107	1317	0,0,1,95,3,0	10614	0	155	162967	104116	69986	136518,136346,138824,141828,137201,135342,135342	1	8	29043,25187,62068,106502,37519,79,0	10	12785
167836	230	414	540	60	61	6	2	7	6684	910	1996	642	1979	17	20	446	99	1214	0,0,1,94,4,0	10667	0	119	162990	104217	69986	136362,136191,138678,141742,137132,135244,135244	1	7	29043,25187,62068,106504,37624,89,0	12	12765
168183	208	388	498	55	61	5	3	5	6427	910	2003	641	1986	10	39	443	114	1104	0,0,1,93,5,0	10620	0	119	163021	104308	69986	136221,136050,138545,141665,137072,135157,135157	1	8	29043,25187,62068,106504,37736,98,0	12	12740
168577	181	343	447	55	52	6	3	6	6157	910	2009	660	1973	7	26	415	103	984	0,0,1,93,5,0	10495	0	83	163040	104372	69986	136053,135883,138386,141567,136992,135049,135048	1	4	29043,25187,62068,106504,37812,103,0	10	12723
168885	166	311	450	48	49	5	2	6	5899	910	2015	671	1959	3	20	381	99	932	0,0,0,93,6,0	10463	0	111	163072	104455	69986	135911,135742,138251,141496,136936,134969,134969	1	1	29043,25187,62068,106504,37912,114,0	8	12696
169251	158	262	383	51	53	6	2	6	5644	910	2020	651	1858	6	18	337	96	819	0,0,1,92,6,0	19771	0	71	163090	104511	69986	135767,135598,138115,141405,136860,134868,134867	0	2	29043,25187,62068,106505,37975,120,0	8	12684
169587	135	245	350	47	57	3	1	5	5380	911	2025	667	2037	7	15	308	79	759	0,0,0,92,6,0	19829	0	78	163111	104572	69986	135624,135455,137976,141318,136789,134772,134771	0	2	29043,25187,62068,106505,38045,129,0	5	12666
169930	131	227	308	38	45	3	2	5	5120	911	2026	667	1934	3	31	298	79	675	0,0,0,91,8,0	10329	0	70	163127	104631	69986	135471,135302,137829,141219,136704,134664,134664	0	1	29043,25187,62068,106505,38103,141,0	5	12651
170237	117	201	288	31	41	1	2	5	4878	911	2034	675	1929	2	13	273	63	618	0,0,0,89,9,0	10456	0	60	163138	104684	69986	135331,135162,137693,141122,136622,134561,134560	0	2	29043,25187,62068,106505,38151,154,0	5	12643
170532	110	185	258	30	37	1	2	5	4633	911	2042	689	1800	5	13	250	52	571	0,0,0,87,11,0	10452	0	57	163156	104729	69986	135193,135023,137560,141038,136548,134467,134466	0	2	29043,25187,62068,106505,38200,166,0	6	12628
170792	102	174	227	23	28	1	3	3	4439	911	2043	663	1826	1	10	235	44	514	0,0,0,86,13,0	10355	0	49	163168	104769	69986	135055,134884,137424,140941,136463,134363,134362	0	3	29043,25187,62068,106505,38238,176,0	4	12617
171041	100	164	215	25	21	2	2	2	4218	912	2044	681	1835	2	12	218	39	490	0,0,0,84,15,0	10296	0	61	163181	104821	69986	134922,134751,137296,140850,136383,134266,134264	0	5	29043,25187,62068,106505,38282,190,0	5	12605
171312	101	150	186	22	22	3	2	2	3984	912	2050	647	1926	9	6	184	37	449	0,0,0,82,17,0	19588	0	43	163191	104858	69986	134790,134620,137168,140758,136301,134165,134163	0	8	29043,25187,62068,106505,38316,201,0	6	12595
171591	68	154	185	16	28	3	1	2	3732	912	2054	645	1809	1	9	174	46	409	0,0,0,81,18,0	19881	0	31	163198	104885	69986	134660,134489,137043,140658,136213,134059,134056	0	2	29043,25187,62068,106505,38338,211,0	7	12590
171847	58	141	163	16	25	2	1	2	3523	912	2056	656	1973	3	13	164	39	367	0,0,0,79,20,0	10238	0	39	163203	104920	69986	134523,134352,136912,140553,136118,133946,133944	0	1	29043,25187,62068,106505,38364,220,0	5	12586
172080	65	112	153	17	21	2	1	1	3323	912	2059	659	1908	4	7	156	37	334	0,0,0,76,23,0	10346	0	34	163213	104950	69986	134395,134225,136789,140459,136034,133846,133843	0	2	29043,25187,62068,106505,38387,236,0	4	12578
172334	73	86	142	17	14	3	2	1	3099	912	2063	661	1817	3	8	150	34	303	0,0,0,75,24,0	10243	0	39	163223	104981	69986	134260,134091,136657,140359,135946,133741,133737	0	1	29043,25187,62068,106505,38419,244,0	5	12569
172584	60	94	118	10	11	3	1	2	2884	912	2067	669	1840	3	5	116	30	267	0,0,0,72,27,0	10185	0	23	163231	105002	69986	134122,133953,136523,140258,135855,133633,133629	0	1	29043,25187,62068,106505,38435,257,0	5	12562
172799	43	98	109	6	11	3	1	2	2695	912	2067	663	1775	1	5	109	24	247	0,0,0,67,32,0	10274	0	19	163236	105022	69986	133994,133826,136399,140157,135763,133526,133522	0	2	29043,25187,62068,106505,38443,272,0	3	12558
172982	42	84	112	9	7	3	2	1	2519	912	2073	662	1822	4	2	97	20	239	0,0,0,62,37,0	19312	0	22	163241	105048	69986	133885,133717,136294,140066,135680,133431,133426	0	1	29043,25187,62068,106505,38454,292,0	5	12554
173129	43	74	104	13	7	1	1	1	2378	913	2082	661	1797	0	5	91	18	225	0,0,0,60,39,0	19613	0	17	163245	105066	69986	133780,133612,136191,139978,135598,133339,133334	0	2	29043,25187,62068,106505,38465,302,0	3	12551
173295	46	72	99	11	9	1	1	1	2209	913	2089	651	1808	2	5	83	18	221	0,0,0,56,43,0	10099	0	33	163252	105096	69986	133661,133490,136074,139884,135513,133241,133236	0	1	29043,25187,62068,106505,38481,320,0	3	12544
173438	58	73	91	10	10	1	1	1	2060	913	2090	628	1924	2	8	85	23	221	0,0,0,52,47,0	10107	0	33	163262	105125	69986	133549,133378,135964,139796,135432,133149,133143	0	3	29043,25187,62068,106505,38493,345,0	2	12535
173593	48	70	78	7	10	1	1	1	1929	913	2095	650	1751	4	4	77	19	196	0,0,0,50,49,0	10065	0	18	163267	105140	69986	133431,133260,135849,139701,135343,133050,133043	0	0	29043,25187,62068,106505,38501,357,0	2	12530
173742	46	72	86	5	7	1	0	1	1772	914	2100	675	1807	0	1	67	18	199	0,0,0,47,52,0	10159	0	23	163268	105164	69986	133314,133143,135735,139606,135254,132952,132945	0	0	29043,25187,62068,106505,38509,374,0	1	12529
173871	46	78	72	8	6	1	0	1	1645	914	2104	655	1845	0	1	57	13	198	0,0,0,42,57,0	10250	0	24	163275	105186	69986	133204,133033,135629,139513,135167,132858,132850	0	1	29043,25187,62068,106505,38515,397,0	1	12525
174014	35	66	74	12	6	1	0	1	1517	914	2106	666	1970	0	5	53	13	181	0,0,0,40,59,0	19602	0	11	163277	105197	69986	133094,132924,135521,139420,135079,132762,132752	0	0	29043,25187,62068,106505,38521,403,0	1	12523
174123	35	61	75	10	6	2	0	1	1409	914	2110	685	1936	2	6	53	14	175	0,0,0,35,64,0	19627	0	16	163282	105215	69986	132996,132826,135424,139334,134998,132674,132664	0	1	29043,25187,62068,106505,38526,421,0	1	12518
174209	41	58	71	7	9	1	1	1	1321	914	2113	707	1740	0	3	49	14	174	0,0,0,31,68,0	10231	0	19	163293	105232	69986	132894,132724,135323,139248,134916,132586,132575	0	0	29043,25187,62068,106505,38529,446,0	1	12507
