S	E	I1	I2	I3	I4	I5_h	I6_h	R_h	R	D1	D2	H	T	P1	P2	Q	QT	NQ	MUT	HOM	VAC	NI	INF	REINF	BSTR	IMM	HCI	HCE	INFV	INFH	VNI
178134	117	114	45	51	53	4	3	0	225	0	0	199	0	0	0	70	70	317	0,0,0,0,0,0	178746	0	0	387	0	0	612,612,612,612,612,612,612	0	0	0,0,0,0,0,0,0	0	0
178075	91	167	47	46	58	5	3	0	250	0	4	296	311	0	87	103	73	344	0,0,0,0,0,0	12576	0	63	450	0	0	671,671,671,671,671,671,671	0	8	63,0,0,0,0,0,0	7	0
178009	98	190	58	51	56	5	4	0	271	0	4	397	253	0	20	284	89	373	0,0,0,0,0,0	12616	0	78	528	0	0	738,738,738,738,738,738,738	0	7	141,0,0,0,0,0,0	10	0
177934	118	213	67	51	58	4	3	1	289	0	8	470	109	1	16	710	102	412	0,0,0,0,0,0	13240	0	86	615	0	0	814,814,814,814,814,814,814	0	7	228,0,0,0,0,0,0	13	0
177866	128	225	83	58	55	6	5	1	309	0	10	540	84	0	11	755	103	457	0,0,0,0,0,0	25134	0	81	697	0	0	884,884,884,884,884,884,884	0	5	310,0,0,0,0,0,0	13	0
177794	127	250	93	51	57	10	5	1	343	0	15	579	87	0	22	891	138	455	0,0,0,0,0,0	25456	0	82	779	0	0	960,960,960,960,960,960,960	0	4	392,0,0,0,0,0,0	15	0
177707	134	267	119	58	63	10	5	1	363	0	19	640	306	1	22	1072	156	500	0,0,0,0,0,0	13787	0	99	878	0	0	1051,1051,1051,1051,1051,1051,1051	0	8	491,0,0,0,0,0,0	21	0
177630	147	288	120	67	57	14	6	1	394	0	22	672	257	1	18	1428	179	520	0,0,0,0,0,0	14111	0	99	977	0	0	1136,1136,1136,1135,1135,1135,1135	0	10	590,0,0,0,0,0,0	23	0
177569	139	294	127	66	71	17	6	1	429	1	26	695	250	2	18	1541	197	523	0,0,0,0,0,0	14324	0	83	1060	0	0	1205,1205,1205,1203,1203,1203,1203	0	7	673,0,0,0,0,0,0	32	0
177485	137	310	147	78	71	17	8	1	462	1	29	721	253	0	35	1953	233	535	0,0,0,0,0,0	14569	0	106	1167	1	0	1300,1299,1299,1295,1295,1295,1295	0	13	781,0,0,0,0,0,0	37	0
177388	149	311	167	88	78	19	10	0	501	1	34	690	316	2	33	2040	264	558	0,0,0,0,0,0	14955	0	112	1278	3	0	1404,1402,1402,1397,1397,1397,1397	1	12	894,0,0,0,0,0,0	41	0
177313	155	304	171	101	83	19	8	2	548	1	41	699	252	2	29	2151	294	547	0,0,0,0,0,0	26821	0	94	1370	5	0	1493,1491,1491,1482,1482,1482,1482	1	6	988,0,0,0,0,0,0	47	0
177247	144	299	183	98	92	21	10	2	601	1	48	686	261	2	35	2059	327	520	0,0,0,0,0,0	26866	0	84	1455	5	0	1572,1569,1569,1558,1558,1558,1558	1	8	1073,0,0,0,0,0,0	46	0
177179	134	319	189	94	89	19	9	2	656	2	54	714	255	1	33	2195	328	525	0,0,0,0,0,0	15014	0	102	1554	8	0	1663,1659,1659,1642,1642,1642,1642	1	12	1174,0,0,0,0,0,0	44	0
177104	143	314	221	91	87	23	11	2	691	2	57	719	269	1	19	2328	333	557	0,0,0,0,0,0	15367	0	111	1662	11	0	1759,1753,1753,1730,1730,1730,1730	1	9	1285,0,0,0,0,0,0	49	0
177020	155	316	220	81	83	25	11	2	771	2	60	683	205	2	34	2313	323	568	0,0,0,0,0,0	15239	0	116	1777	13	0	1865,1857,1857,1829,1829,1829,1829	1	13	1402,0,0,0,0,0,0	55	0
176920	159	336	227	94	85	26	10	1	821	4	63	682	243	2	24	2314	333	604	0,0,0,0,0,0	15385	0	129	1905	14	0	1983,1974,1974,1941,1941,1941,1941	1	13	1531,0,0,0,0,0,0	47	0
176832	184	336	228	91	87	28	10	1	876	6	67	662	289	2	17	2389	329	635	0,0,0,0,0,0	15171	0	132	2034	17	0	2103,2090,2090,2047,2047,2047,2047	1	11	1662,0,0,0,0,0,0	52	0
176769	187	353	220	89	82	30	12	1	925	6	72	685	229	1	26	2485	324	649	0,0,0,0,0,0	27030	0	101	2136	18	0	2197,2182,2182,2129,2129,2129,2129	1	7	1765,0,0,0,0,0,0	60	0
176719	173	372	220	81	95	27	13	3	963	6	74	701	238	2	30	2285	322	659	0,0,0,0,0,0	27155	0	106	2240	20	0	2290,2271,2271,2204,2204,2204,2204	1	10	1871,0,0,0,0,0,0	61	0
176627	190	389	232	91	89	27	14	4	1001	6	76	694	292	3	31	2402	326	706	0,0,0,0,0,0	15233	0	144	2381	24	0	2422,2400,2400,2319,2319,2319,2319	1	15	2014,0,0,0,0,0,0	56	0
176511	218	424	224	89	102	29	13	3	1050	7	76	682	259	2	25	2346	310	789	0,0,0,0,0,0	15418	0	170	2551	25	0	2579,2553,2553,2458,2458,2458,2458	1	10	2184,0,0,0,0,0,0	56	0
176381	252	447	242	99	108	31	11	4	1082	8	81	687	248	1	40	2360	345	845	0,0,0,0,0,0	15097	0	188	2739	26	0	2758,2727,2727,2615,2615,2615,2615	1	23	2373,0,0,0,0,0,0	67	0
176304	243	463	268	110	103	29	12	5	1116	8	85	679	292	2	29	2387	343	885	0,0,0,0,0,0	15413	0	144	2881	28	0	2892,2855,2855,2723,2723,2723,2723	1	24	2517,0,0,0,0,0,0	66	0
176168	238	501	291	125	107	30	13	4	1172	8	89	675	229	2	48	2477	389	916	0,0,0,0,0,0	15229	0	187	3068	29	0	3072,3031,3031,2884,2884,2884,2884	1	16	2704,0,0,0,0,0,0	65	0
176088	245	475	301	133	118	32	14	4	1231	9	96	685	263	3	46	2509	417	901	0,0,0,0,0,0	27158	0	137	3205	29	0	3208,3161,3161,2994,2994,2994,2994	1	7	2841,0,0,0,0,0,0	70	0
175999	251	479	306	132	134	32	13	5	1287	9	99	706	86	1	34	2456	417	930	0,0,0,0,0,0	27212	0	158	3364	29	0	3356,3303,3303,3116,3116,3116,3116	1	12	3000,0,0,0,0,0,0	78	0
175884	269	504	303	138	138	30	15	4	1344	11	106	683	297	3	54	2886	442	955	0,0,0,0,0,0	15947	0	192	3554	31	0	3540,3481,3481,3269,3269,3269,3269	2	16	3191,0,0,0,0,0,0	78	0
175718	303	550	317	130	140	23	18	4	1425	11	107	676	257	1	45	3046	452	1029	0,0,0,0,0,0	15855	0	229	3784	31	0	3761,3695,3695,3463,3463,3463,3463	2	24	3421,0,0,0,0,0,0	80	0
175589	320	578	327	144	151	27	16	6	1464	12	112	666	291	2	49	3384	485	1078	0,0,0,0,0,0	16351	0	212	3995	33	0	3968,3895,3895,3633,3633,3633,3633	2	22	3632,0,0,0,0,0,0	83	0
175470	316	609	330	147	163	30	19	6	1528	12	116	671	244	1	54	3425	506	1108	0,0,0,0,0,0	16343	0	188	4183	33	0	4151,4071,4071,3786,3786,3786,3786	2	12	3820,0,0,0,0,0,0	75	0
175364	313	625	332	165	173	35	19	6	1578	12	124	656	314	2	49	3664	515	1147	0,0,0,0,0,0	16653	0	203	4385	34	0	4347,4258,4258,3940,3940,3940,3940	2	19	4022,0,0,0,0,0,0	84	0
175238	314	661	360	162	175	36	20	6	1634	13	127	633	254	4	51	3622	535	1193	0,0,0,0,0,0	28292	0	223	4606	36	0	4557,4459,4459,4110,4110,4110,4110	2	14	4243,0,0,0,0,0,0	86	0
175116	336	665	378	156	181	34	23	4	1708	14	131	613	257	2	54	3801	545	1228	0,0,0,0,0,0	28062	0	231	4838	40	0	4782,4674,4674,4286,4286,4286,4286	2	17	4475,0,0,0,0,0,0	85	0
174963	347	684	394	165	199	40	21	6	1777	15	135	616	256	2	61	4140	580	1270	0,0,0,0,0,0	17118	0	255	5091	42	0	5025,4907,4907,4486,4486,4486,4486	2	24	4728,0,0,0,0,0,0	95	0
174810	379	727	393	177	181	46	22	6	1851	16	138	613	295	4	75	4255	639	1286	0,0,0,0,0,0	16975	0	262	5352	44	0	5275,5147,5147,4689,4689,4689,4689	3	23	4989,0,0,0,0,0,0	98	0
174665	388	756	421	187	194	44	24	6	1901	16	144	616	273	3	60	4573	656	1358	0,0,0,0,0,0	17363	0	251	5608	44	0	5524,5386,5386,4888,4888,4888,4888	3	27	5245,0,0,0,0,0,0	101	0
174490	388	811	432	184	207	44	27	6	1990	18	149	595	256	1	82	5174	678	1415	0,0,0,0,0,0	17725	0	271	5879	44	0	5785,5638,5638,5108,5108,5108,5108	3	33	5516,0,0,0,0,0,0	107	0
174302	408	836	448	202	205	52	25	7	2089	21	151	588	236	3	51	4976	672	1504	0,0,0,0,0,0	17920	0	308	6189	44	0	6085,5926,5926,5355,5355,5355,5355	3	35	5826,0,0,0,0,0,0	105	0
174149	440	849	464	203	212	51	27	6	2171	22	152	564	316	1	81	5029	711	1535	0,0,0,0,0,0	29146	0	276	6467	44	0	6351,6180,6180,5566,5566,5566,5566	3	27	6104,0,0,0,0,0,0	116	0
174041	430	844	506	208	218	56	23	8	2228	26	158	575	262	7	70	5306	739	1546	0,0,0,0,0,0	29474	0	252	6718	45	0	6596,6411,6411,5744,5744,5744,5744	3	22	6355,0,0,0,0,0,0	112	0
173872	455	863	541	217	221	64	24	7	2292	27	163	572	267	6	82	5688	791	1594	0,0,0,0,0,0	18810	0	303	7022	47	0	6892,6694,6694,5980,5980,5980,5980	4	42	6659,0,0,0,0,0,0	118	0
173707	465	906	550	243	231	64	23	8	2357	27	165	547	271	7	82	5884	844	1638	0,0,0,0,0,0	18350	0	314	7333	50	0	7187,6975,6975,6211,6211,6211,6211	4	31	6971,0,0,0,0,0,0	125	0
173485	485	958	565	262	239	69	25	5	2456	30	167	529	267	5	68	6215	878	1725	0,0,0,0,0,0	18812	0	347	7682	52	0	7528,7303,7303,6494,6494,6494,6494	4	30	7320,0,0,0,0,0,0	121	0
173300	503	992	567	276	255	69	25	7	2553	31	168	525	231	9	78	6220	880	1807	0,0,0,0,0,0	19062	0	337	8016	55	0	7852,7612,7612,6750,6750,6750,6750	4	33	7654,0,0,0,0,0,0	121	0
173104	527	997	593	307	279	72	26	7	2630	33	171	519	293	4	92	6354	930	1871	0,0,0,0,0,0	19311	0	354	8368	60	0	8195,7940,7940,7020,7020,7020,7020	4	31	8006,0,0,0,0,0,0	125	0
172930	527	996	637	301	297	79	29	7	2737	35	171	536	257	6	95	6180	983	1883	0,0,0,0,0,0	30534	0	324	8692	62	0	8508,8238,8238,7265,7265,7265,7265	4	19	8330,0,0,0,0,0,0	133	0
172765	494	1059	637	303	282	81	31	7	2871	37	179	516	256	3	89	6050	1004	1883	0,0,0,0,0,0	30447	0	309	9001	64	0	8814,8529,8529,7501,7501,7501,7501	4	16	8639,0,0,0,0,0,0	145	0
172548	545	1063	653	325	295	79	32	6	2975	40	185	477	309	2	89	6312	1025	1967	0,0,0,0,0,0	19230	0	392	9394	65	0	9199,8897,8897,7804,7804,7804,7804	4	47	9032,0,0,0,0,0,0	155	0
172377	564	1078	662	318	313	78	38	5	3086	40	187	475	317	6	89	6281	1034	2017	0,0,0,0,0,0	18986	0	358	9749	69	0	9543,9221,9221,8061,8061,8061,8061	5	38	9388,0,0,0,0,0,0	148	0
172204	572	1111	663	317	316	87	38	4	3198	44	192	451	256	4	106	6453	1033	2071	0,0,0,0,0,0	34371	0	369	10120	71	0	9904,9562,9562,8329,8329,8329,8329	5	45	9760,0,0,0,0,0,0	146	0
172054	543	1159	673	323	319	87	45	4	3301	44	194	456	307	5	92	6735	1038	2111	0,0,0,0,0,0	34610	0	343	10462	74	0	10234,9874,9874,8570,8570,8570,8570	5	26	10102,0,0,0,0,0,0	153	0
171930	517	1173	705	334	317	94	44	4	3384	46	198	439	334	2	94	6997	1069	2115	0,0,0,0,0,0	34938	0	338	10801	76	0	10563,10181,10181,8797,8797,8797,8797	5	34	10441,0,0,0,0,0,0	146	0
171826	514	1119	759	330	325	96	44	3	3482	49	199	450	266	3	85	6963	1064	2123	0,0,0,0,0,0	47767	0	337	11133	83	0	10880,10475,10475,9009,9009,9009,9009	5	33	10773,0,0,0,0,0,0	161	0
171711	485	1082	808	334	325	107	48	4	3589	51	202	447	293	6	86	7070	1081	2108	0,0,0,0,0,0	48146	0	324	11454	87	0	11190,10764,10764,9222,9222,9222,9222	5	27	11094,0,0,0,0,0,0	176	0
171617	487	1077	791	324	318	118	43	7	3705	55	204	426	276	4	109	7412	1105	2053	0,0,0,0,0,0	35349	0	326	11775	92	0	11498,11049,11049,9423,9423,9423,9423	5	36	11415,0,0,0,0,0,0	176	0
171522	480	1088	778	313	319	115	47	6	3818	56	204	409	246	2	112	7341	1129	2011	0,0,0,0,0,0	35261	0	334	12105	98	0	11810,11338,11338,9626,9626,9626,9626	5	37	11745,0,0,0,0,0,0	188	0
171435	501	1068	791	308	319	109	48	5	3898	58	206	441	254	6	97	7621	1142	2002	0,0,0,0,0,0	35316	0	335	12440	101	0	12131,11634,11634,9831,9831,9831,9831	5	38	12081,0,0,0,0,0,0	182	0
171354	500	1012	789	320	327	104	54	5	4016	58	207	438	263	11	85	7996	1132	1974	0,0,0,0,0,0	35888	0	312	12750	105	0	12427,11907,11907,10019,10019,10019,10019	5	36	12391,0,0,0,0,0,0	188	0
171323	467	997	774	321	313	115	56	6	4104	61	209	439	216	5	101	7955	1116	1927	0,0,0,0,0,0	35732	0	290	13035	112	0	12698,12152,12152,10169,10169,10169,10169	5	37	12678,0,0,0,0,0,0	182	0
171320	462	967	747	307	308	113	54	7	4182	66	213	435	330	3	105	7400	1066	1892	0,0,0,0,0,0	48345	0	280	13314	115	0	12961,12387,12387,10304,10304,10304,10304	5	25	12957,0,0,0,0,0,0	193	0
171334	430	956	719	294	292	116	50	9	4260	70	216	414	263	8	80	7296	1017	1840	0,0,0,0,0,0	48121	0	262	13571	121	0	13202,12601,12601,10418,10418,10418,10418	5	27	13214,0,0,0,0,0,0	198	0
171305	448	956	671	300	286	116	50	7	4316	73	218	426	276	4	80	7208	1011	1816	0,0,0,0,0,0	35119	0	302	13868	126	0	13482,12854,12854,10572,10572,10572,10572	5	40	13511,0,0,0,0,0,0	196	0
171274	458	963	670	285	285	106	51	9	4347	76	222	410	259	5	81	7047	990	1828	0,0,0,0,0,0	34826	0	299	14164	132	0	13762,13107,13107,10726,10726,10726,10726	5	39	13808,0,0,0,0,0,0	191	0
171248	474	932	644	274	284	105	44	12	4424	82	223	415	285	6	92	6968	976	1781	0,0,0,0,0,0	34855	0	281	14444	134	0	14025,13345,13345,10870,10870,10870,10870	5	35	14088,0,0,0,0,0,0	165	0
171246	457	964	665	269	264	103	47	11	4407	84	229	403	288	3	91	6958	944	1825	0,0,0,0,0,0	34903	0	304	14748	136	0	14314,13602,13602,11015,11015,11015,11015	5	35	14392,0,0,0,0,0,0	169	0
171197	458	990	674	270	266	96	45	12	4422	87	229	408	313	5	91	6977	950	1849	0,0,0,0,0,0	34978	0	326	15069	141	0	14615,13877,13877,11189,11189,11189,11189	5	38	14713,0,0,0,0,0,0	167	0
171210	428	956	668	282	288	99	46	13	4438	89	229	399	236	7	69	6535	937	1830	0,0,0,0,0,0	47646	0	248	15317	143	0	14845,14081,14081,11296,11296,11296,11296	5	15	14961,0,0,0,0,0,0	169	0
171247	404	957	667	261	280	99	47	13	4445	93	233	400	273	4	80	6512	951	1764	0,0,0,0,0,0	47367	0	260	15573	148	0	15085,14290,14290,11397,11397,11397,11397	5	21	15218,0,0,0,0,0,0	162	0
171250	419	959	643	252	272	94	46	15	4463	95	238	387	257	7	94	6493	932	1753	0,0,0,0,0,0	34238	0	282	15854	151	0	15350,14527,14527,11526,11526,11526,11526	5	29	15499,0,0,0,0,0,0	169	0
171260	429	955	625	242	290	96	50	13	4449	96	241	387	250	2	81	6462	924	1763	0,0,0,0,0,0	34280	0	291	16145	153	0	15619,14766,14766,11653,11653,11653,11653	5	33	15790,0,0,0,0,0,0	165	0
171255	423	915	646	243	300	93	46	16	4466	100	243	401	256	4	90	6830	920	1746	0,0,0,0,0,0	34753	0	261	16402	159	0	15859,14981,14981,11773,11773,11773,11773	5	21	16047,0,0,0,0,0,0	162	0
171291	395	889	670	246	300	92	44	16	4455	103	245	391	280	4	83	6936	946	1690	0,0,0,0,0,0	34793	0	245	16643	164	0	16082,15175,15175,11864,11864,11864,11864	5	27	16289,0,0,0,0,0,0	161	0
171295	400	863	650	253	287	98	48	15	4480	105	252	391	233	2	91	6887	976	1623	0,0,0,0,0,0	35098	0	263	16910	164	0	16335,15400,15400,11986,11986,11986,11986	5	33	16556,0,0,0,0,0,0	157	0
171324	376	842	622	274	278	93	47	16	4514	106	254	399	263	4	78	6625	965	1567	0,0,0,0,0,0	47486	0	228	17138	165	0	16546,15586,15586,12075,12075,12075,12075	5	13	16784,0,0,0,0,0,0	171	0
171414	356	801	583	272	294	90	44	15	4510	111	256	415	308	5	68	6338	937	1503	0,0,0,0,0,0	47325	0	200	17336	167	0	16725,15736,15736,12117,12117,12117,12117	4	15	16983,0,0,0,0,0,0	157	0
171475	354	794	570	277	297	89	50	14	4453	112	261	412	305	3	93	6662	962	1469	0,0,0,0,0,0	34324	0	249	17580	173	0	16951,15931,15931,12197,12197,12197,12197	4	25	17228,0,0,0,0,0,0	159	0
171552	347	782	543	238	288	95	50	16	4452	116	267	383	273	3	91	7089	967	1376	0,0,0,0,0,0	34781	0	231	17811	177	0	17162,16111,16111,12260,12260,12260,12260	4	17	17460,0,0,0,0,0,0	154	0
171653	326	766	551	235	271	96	49	19	4393	119	268	405	255	3	82	7448	982	1312	0,0,0,0,0,0	35224	0	200	18011	179	0	17341,16259,16259,12295,12295,12295,12295	4	29	17660,0,0,0,0,0,0	154	0
171712	316	757	539	229	258	101	45	20	4375	123	271	413	316	1	76	6931	909	1336	0,0,0,0,0,0	35162	0	227	18235	184	0	17544,16434,16434,12363,12363,12363,12363	4	21	17884,0,0,0,0,0,0	156	0
171775	332	731	506	227	246	102	48	16	4367	123	273	403	257	0	65	6736	864	1328	0,0,0,0,0,0	34945	0	216	18449	186	0	17738,16600,16600,12424,12424,12424,12424	4	31	18098,0,0,0,0,0,0	169	0
171850	309	706	510	219	242	100	47	15	4349	125	274	393	255	3	61	6249	840	1293	0,0,0,0,0,0	47441	0	176	18626	186	0	17896,16732,16732,12461,12461,12461,12461	4	18	18275,0,0,0,0,0,0	174	0
171938	299	685	513	212	241	97	45	11	4300	129	276	402	68	1	53	6203	824	1268	0,0,0,0,0,0	46952	0	190	18815	187	0	18066,16874,16874,12499,12499,12499,12499	4	16	18464,0,0,0,0,0,0	174	0
172029	313	678	473	219	213	91	46	9	4266	133	276	398	268	3	52	5952	747	1286	0,0,0,0,0,0	34017	0	208	19024	190	0	18252,17031,17031,12542,12542,12542,12542	4	30	18674,0,0,0,0,0,0	159	0
172135	313	660	470	210	223	82	42	9	4186	139	277	420	250	5	64	5853	702	1298	0,0,0,0,0,0	34000	0	198	19223	192	0	18426,17175,17175,12570,12570,12570,12570	4	25	18873,0,0,0,0,0,0	153	0
172243	310	673	432	207	226	80	41	11	4104	141	278	430	269	6	71	5743	711	1258	0,0,0,0,0,0	33749	0	188	19407	197	0	18589,17308,17308,12592,12592,12592,12592	4	21	19058,0,0,0,0,0,0	142	0
172318	315	663	422	211	228	83	38	14	4032	143	279	434	225	2	69	4989	710	1250	0,0,0,0,0,0	33491	0	196	19603	198	0	18765,17456,17456,12637,12637,12637,12637	3	18	19255,0,0,0,0,0,0	147	0
172368	334	628	454	216	212	84	39	13	3972	145	281	389	261	2	72	4352	719	1248	0,0,0,0,0,0	33098	0	217	19817	203	0	18959,17624,17624,12703,12703,12703,12703	3	31	19469,0,0,0,0,0,0	146	0
172452	327	625	436	218	217	82	39	15	3904	148	283	385	238	4	54	4396	697	1247	0,0,0,0,0,0	45504	0	178	19995	204	0	19118,17756,17756,12735,12735,12735,12735	3	13	19647,0,0,0,0,0,0	142	0
172549	301	613	423	213	202	79	41	17	3874	148	286	377	277	5	69	4666	683	1189	0,0,0,0,0,0	45867	0	159	20154	208	0	19258,17871,17871,12752,12752,12752,12752	3	8	19806,0,0,0,0,0,0	136	0
172632	279	605	439	212	199	78	41	17	3804	151	289	377	263	1	58	4781	681	1172	0,0,0,0,0,0	32723	0	181	20335	210	0	19420,18006,18006,12785,12785,12785,12785	3	20	19987,0,0,0,0,0,0	132	0
172733	280	577	443	214	201	81	39	16	3718	153	291	382	115	1	68	4577	690	1145	0,0,0,0,0,0	33041	0	180	20515	211	0	19577,18134,18134,12805,12805,12805,12805	3	19	20167,0,0,0,0,0,0	134	0
172832	267	573	455	184	193	80	40	17	3654	156	295	402	260	4	49	4533	681	1111	0,0,0,0,0,0	32645	0	154	20665	215	0	19709,18242,18242,12815,12815,12815,12815	3	14	20317,0,0,0,0,0,0	133	0
172910	258	556	452	199	182	78	39	16	3595	160	301	393	262	3	47	4518	659	1105	0,0,0,0,0,0	45821	0	162	20827	216	0	19856,18364,18364,12842,12842,12842,12842	3	22	20479,0,0,0,0,0,0	134	0
172998	232	542	435	192	176	74	42	15	3577	161	302	406	269	4	42	4458	629	1064	0,0,0,0,0,0	45447	0	145	20971	217	0	19980,18465,18465,12852,12852,12852,12852	3	13	20623,0,0,0,0,0,0	139	0
173074	224	534	426	181	165	72	41	14	3546	164	305	402	253	1	52	4387	600	1043	0,0,0,0,0,0	45684	0	151	21120	220	0	20113,18574,18574,12874,12874,12874,12874	3	15	20772,0,0,0,0,0,0	129	0
173188	208	532	389	173	168	69	38	15	3491	168	307	413	236	3	51	4621	608	969	0,0,0,0,0,0	45322	25	127	21243	224	0	20217,18655,18655,12863,12863,12863,12863	3	12	20895,0,0,0,0,0,0	133	20
173276	210	509	383	171	166	66	34	16	3429	173	313	403	300	3	60	4643	602	937	0,0,0,0,0,0	32925	25	145	21387	226	0	20345,18759,18759,12875,12875,12875,12875	3	16	21039,0,0,0,0,0,0	125	41
173361	218	481	343	173	173	67	35	15	3394	173	313	397	93	1	38	4438	567	923	0,0,0,0,0,0	32423	23	145	21529	230	0	20465,18856,18856,12882,12882,12882,12882	3	13	21182,0,0,0,0,0,0	118	62
173459	226	454	353	178	166	65	32	17	3304	175	317	410	84	0	48	4395	555	919	0,0,0,0,0,0	32494	33	143	21670	232	0	20589,18956,18956,12887,12887,12887,12887	2	18	21324,0,0,0,0,0,0	111	92
173580	213	454	341	188	153	68	26	15	3204	181	323	419	244	1	37	4071	518	925	0,0,0,0,0,0	32293	19	127	21798	232	0	20700,19042,19042,12874,12874,12874,12874	2	16	21452,0,0,0,0,0,0	108	109
173681	220	441	327	178	142	67	27	13	3142	181	327	436	256	1	53	4091	512	890	0,0,0,0,0,0	31922	26	135	21931	234	0	20813,19131,19131,12871,12871,12871,12871	2	15	21585,0,0,0,0,0,0	122	133
173774	223	418	329	150	143	63	28	12	3097	182	327	439	272	2	38	4071	461	893	0,0,0,0,0,0	38744	36	125	22056	237	0	20918,19214,19214,12869,12869,12869,12869	2	13	21710,0,0,0,0,0,0	123	162
173877	217	426	297	141	141	65	23	13	3029	186	331	438	283	2	43	4160	474	836	0,0,0,0,0,0	38846	145	118	22173	240	0	21027,19300,19300,12864,12864,12864,12864	2	9	21827,0,0,0,0,0,0	118	287
173954	203	440	307	127	135	64	26	15	2956	186	333	465	283	0	49	4115	481	821	0,0,0,0,0,0	27347	125	129	22300	242	0	21144,19397,19397,12875,12875,12875,12875	2	18	21954,0,0,0,0,0,0	115	394
174020	218	428	300	123	124	64	21	13	2909	189	337	436	325	0	41	3615	483	795	0,0,0,0,0,0	27292	139	134	22430	246	0	21263,19496,19496,12891,12891,12891,12891	2	15	22084,0,0,0,0,0,0	107	518
174105	204	426	295	135	125	56	20	13	2838	190	339	460	132	2	29	3409	457	804	0,0,0,0,0,0	26713	128	114	22542	249	0	21368,19581,19581,12891,12891,12891,12891	2	16	22196,0,0,0,0,0,0	100	617
174197	205	408	302	151	113	54	20	12	2751	190	343	442	264	1	34	3036	436	817	0,0,0,0,0,0	26439	134	129	22668	252	0	21482,19673,19673,12892,12892,12892,12892	2	16	22322,0,0,0,0,0,0	95	728
174253	222	403	281	135	112	55	22	13	2716	190	344	462	246	0	47	2874	433	797	0,0,0,0,0,0	25914	111	139	22805	255	0	21609,19781,19781,12917,12917,12917,12917	2	20	22459,0,0,0,0,0,0	92	825
174336	214	417	276	118	103	61	22	11	2650	192	346	466	252	0	38	2773	426	785	0,0,0,0,0,0	37630	145	113	22921	256	0	21718,19870,19870,12921,12921,12921,12921	2	8	22575,0,0,0,0,0,0	98	951
174422	201	380	287	144	128	59	19	11	2551	195	349	471	142	2	31	2625	422	796	0,0,0,0,0,0	37679	143	113	23034	257	0	21862,19993,19993,12941,12941,12941,12941	2	5	22688,0,0,0,0,0,0	97	1065
174474	202	404	263	131	115	62	22	9	2516	196	352	490	260	2	43	2679	406	793	0,0,0,0,0,0	25836	149	130	23164	258	0	22015,20128,20128,12981,12981,12981,12981	2	15	22818,0,0,0,0,0,0	94	1186
174505	203	397	283	129	110	60	25	9	2471	199	355	499	227	1	43	2958	423	784	0,0,0,0,0,0	25850	148	125	23288	261	0	22169,20266,20266,13030,13030,13030,13030	2	9	22942,0,0,0,0,0,0	99	1313
174557	205	393	286	129	103	56	25	7	2427	201	357	492	256	1	36	2981	411	786	0,0,0,0,0,0	26075	145	130	23415	264	0	22317,20396,20396,13066,13066,13066,13066	2	14	23069,0,0,0,0,0,0	99	1428
174584	207	390	307	131	99	53	26	6	2377	203	363	508	273	4	34	2922	407	806	0,0,0,0,0,0	26058	142	131	23547	265	0	22478,20540,20540,13122,13122,13122,13122	2	16	23201,0,0,0,0,0,0	97	1545
174621	207	391	286	124	113	58	23	6	2345	206	366	497	247	2	32	2867	394	808	0,0,0,0,0,0	26102	171	132	23678	268	0	22630,20675,20675,13168,13168,13168,13168	2	12	23332,0,0,0,0,0,0	100	1684
174649	197	413	284	129	115	53	23	5	2303	207	368	496	242	3	44	2878	409	805	0,0,0,0,0,0	37514	157	125	23802	269	0	22786,20816,20816,13222,13222,13222,13222	2	7	23456,0,0,0,0,0,0	104	1813
174687	202	394	287	124	124	48	23	5	2275	208	369	502	260	2	31	3029	418	784	0,0,0,0,0,0	37771	72	113	23915	271	0	22926,20941,20941,13262,13262,13262,13262	2	11	23569,0,0,0,0,0,0	98	1871
174760	181	395	280	133	106	45	23	3	2239	209	372	480	158	3	37	3380	397	766	0,0,0,0,0,0	26509	86	99	24013	272	0	23053,21050,21050,13276,13276,13276,13276	2	15	23667,0,0,0,0,0,0	97	1940
174796	176	404	276	121	103	48	22	2	2213	211	374	464	262	2	32	3576	392	758	0,0,0,0,0,0	26557	68	115	24129	273	0	23198,21180,21180,13317,13317,13317,13317	2	9	23783,0,0,0,0,0,0	95	1997
174820	177	390	284	122	104	44	19	2	2192	214	378	473	88	1	28	3702	371	769	0,0,0,0,0,0	26761	69	117	24243	278	0	23340,21308,21308,13362,13362,13362,13362	2	6	23898,0,0,0,0,0,0	88	2050
174839	193	365	286	115	112	42	18	1	2179	215	381	463	251	0	36	3394	351	780	0,0,0,0,0,0	26909	56	130	24372	279	0	23496,21449,21449,13418,13418,13418,13418	1	13	24027,0,0,0,0,0,0	84	2093
174870	192	368	282	102	113	40	19	1	2156	216	387	480	316	0	46	3407	367	749	0,0,0,0,0,0	26467	62	113	24484	280	0	23646,21584,21584,13464,13464,13464,13464	1	8	24139,0,0,0,0,0,0	69	2145
174926	180	340	277	113	103	37	20	2	2143	216	389	471	256	2	37	3589	363	707	0,0,0,0,0,0	38585	62	84	24567	281	0	23761,21685,21685,13481,13481,13481,13481	1	9	24222,0,0,0,0,0,0	65	2198
174942	182	341	266	119	105	37	19	4	2121	217	393	458	241	1	30	3765	369	700	0,0,0,0,0,0	38491	223	112	24681	282	0	23891,21802,21802,13526,13526,13526,13526	1	8	24337,0,0,0,0,0,0	69	2369
174951	192	364	248	115	99	36	22	2	2105	218	394	458	295	4	44	3972	399	677	0,0,0,0,0,0	26918	202	125	24805	284	0	24030,21928,21928,13577,13577,13577,13577	1	12	24461,0,0,0,0,0,0	65	2539
174986	183	368	257	125	96	32	21	3	2062	218	395	475	98	1	21	3958	379	703	0,0,0,0,0,0	27505	179	122	24925	286	0	24158,22040,22040,13608,13608,13608,13608	1	12	24581,0,0,0,0,0,0	64	2681
175044	166	392	258	113	96	32	20	4	2002	220	399	511	242	0	37	3783	369	708	0,0,0,0,0,0	26937	195	101	25027	286	0	24272,22139,22139,13622,13622,13622,13622	1	13	24683,0,0,0,0,0,0	56	2841
175086	165	371	248	108	111	33	19	3	1978	222	402	478	205	0	29	3466	368	687	0,0,0,0,0,0	26676	185	95	25121	287	0	24373,22225,22225,13637,13637,13637,13637	1	10	24777,0,0,0,0,0,0	60	2986
175112	164	355	248	126	109	32	18	6	1943	223	410	500	259	2	36	3120	370	682	0,0,0,0,0,0	26426	185	107	25227	289	0	24496,22334,22334,13670,13670,13670,13670	1	10	24883,0,0,0,0,0,0	56	3128
175130	155	356	249	112	107	30	22	6	1942	225	412	508	240	2	37	3035	358	673	0,0,0,0,0,0	37991	217	97	25323	291	0	24606,22433,22433,13703,13703,13703,13703	1	3	24979,0,0,0,0,0,0	59	3310
175184	148	359	241	105	102	29	21	7	1909	226	415	515	296	0	39	3116	359	646	0,0,0,0,0,0	37940	161	88	25408	294	0	24786,22600,22600,13753,13753,13753,13753	1	7	25064,0,0,0,0,0,0	58	3448
175201	144	346	239	101	106	31	20	6	1909	227	416	516	304	1	31	2838	351	636	0,0,0,0,0,0	26062	186	104	25509	297	0	24973,22776,22776,13824,13824,13824,13824	1	12	25165,0,0,0,0,0,0	64	3589
175189	178	350	249	98	105	31	17	6	1875	231	417	498	253	1	28	2716	338	690	4,0,0,0,0,0	26087	152	95	25652	298	0	25194,22984,22984,13923,13923,13923,13923	1	6	25259,49,0,0,0,0,0	60	3714
175170	203	369	237	106	123	31	17	6	1832	232	420	516	243	2	32	2928	344	742	9,0,0,0,0,0	25887	160	119	25807	301	0	25432,23211,23211,14039,14039,14039,14039	1	8	25365,99,0,0,0,0,0	59	3844
175166	215	382	256	99	119	31	17	6	1802	233	420	517	234	2	34	2733	340	779	14,0,0,0,0,0	26005	172	107	25954	303	0	25656,23421,23421,14139,14139,14139,14139	1	11	25451,162,0,0,0,0,0	59	3978
175120	224	413	254	107	128	26	15	6	1793	234	426	509	274	1	29	2660	336	831	19,0,0,0,0,0	25712	167	127	26110	307	0	25889,23643,23643,14263,14263,14263,14263	1	10	25540,230,0,0,0,0,0	56	4096
175083	229	441	252	109	133	23	15	7	1792	234	428	495	299	1	31	2582	343	859	24,0,0,0,0,0	37513	163	122	26257	312	0	26135,23879,23879,14390,14390,14390,14390	1	5	25609,309,0,0,0,0,0	44	4216
175046	240	464	239	118	141	23	18	7	1785	234	431	524	100	4	35	2614	358	885	29,0,0,0,0,0	37534	121	129	26417	318	0	26370,24103,24103,14512,14512,14512,14512	1	9	25689,394,0,0,0,0,0	49	4312
175001	247	461	264	119	136	23	19	7	1800	235	434	521	252	1	52	2712	392	877	33,0,0,0,0,0	25595	135	150	26566	320	0	26598,24323,24322,14634,14634,14634,14634	1	8	25758,474,0,0,0,0,0	54	4410
174942	244	508	266	116	131	25	18	6	1816	236	438	524	264	5	55	2855	422	886	36,0,0,0,0,0	26008	120	168	26737	321	0	26843,24558,24557,14768,14768,14768,14768	1	10	25846,557,0,0,0,0,0	57	4500
174902	247	495	289	134	129	25	18	5	1820	239	443	519	232	2	37	2912	416	921	40,0,0,0,0,0	26054	128	155	26891	324	0	27071,24776,24775,14887,14887,14887,14887	1	14	25917,642,0,0,0,0,0	51	4595
174837	269	538	316	136	118	24	17	6	1799	241	445	537	253	1	47	3005	440	978	44,0,0,0,0,0	26088	140	199	27088	328	0	27342,25035,25034,15040,15040,15040,15040	1	9	25989,767,0,0,0,0,0	53	4693
174802	291	519	336	135	128	26	19	6	1793	241	450	552	250	4	39	2951	453	1001	47,0,0,0,0,0	26226	137	168	27256	330	0	27584,25267,25265,15164,15164,15164,15164	1	10	26054,872,0,0,0,0,0	54	4795
174734	284	542	339	144	125	29	18	5	1830	243	453	562	259	2	31	2953	444	1037	50,0,0,0,0,0	37941	110	169	27421	334	0	27824,25499,25497,15304,15304,15304,15304	1	8	26124,970,0,0,0,0,0	60	4875
174680	278	561	356	148	128	26	19	5	1846	243	456	544	283	4	40	2864	461	1055	51,0,0,0,0,0	37983	280	173	27591	337	0	28032,25699,25695,15418,15418,15418,15418	1	11	26200,1066,0,0,0,0,0	63	5081
174591	288	561	366	159	142	26	20	4	1886	244	459	553	258	7	39	3267	468	1094	53,0,0,0,0,0	26361	296	196	27782	343	0	28262,25923,25917,15560,15560,15560,15560	1	11	26271,1190,0,0,0,0,0	60	5312
174500	323	574	344	166	147	27	19	4	1933	246	463	545	249	5	48	3994	490	1110	55,0,0,0,0,0	26669	297	222	27999	349	0	28511,26162,26155,15710,15710,15710,15710	1	12	26343,1339,0,0,0,0,0	60	5522
174369	345	630	339	164	142	28	19	3	1993	246	468	544	247	2	49	4427	520	1147	58,0,0,0,0,0	27460	296	246	28237	359	0	28785,26429,26421,15894,15894,15894,15894	1	16	26414,1512,0,0,0,0,0	69	5727
174271	351	637	376	185	155	24	17	4	2007	249	470	533	267	1	52	4288	535	1210	61,0,0,0,0,0	27582	321	225	28453	368	0	29032,26671,26659,16049,16049,16049,16049	1	11	26470,1678,0,0,0,0,0	65	5948
174159	340	708	388	183	152	33	16	4	2036	252	475	541	297	2	52	4164	553	1267	63,0,0,0,0,0	26818	287	241	28689	377	0	29307,26938,26924,16224,16224,16224,16224	1	11	26529,1862,0,0,0,0,0	65	6155
174046	359	714	380	189	170	32	17	2	2106	254	477	541	326	1	44	4041	555	1306	67,0,0,0,0,0	39063	267	235	28919	385	0	29562,27187,27170,16391,16391,16391,16391	1	12	26579,2049,0,0,0,0,0	74	6338
173942	350	757	396	190	184	38	22	1	2132	254	480	550	245	2	78	4171	634	1303	69,0,0,0,0,0	38803	608	241	29151	395	0	29908,27531,27510,16605,16605,16605,16605	1	10	26629,2239,0,0,0,0,0	76	6686
173802	384	771	460	182	191	42	22	1	2153	256	482	551	237	2	62	4390	651	1401	71,0,0,0,0,0	27536	585	271	29418	402	0	30302,27919,27895,16854,16854,16854,16854	1	17	26676,2466,0,0,0,0,0	83	7051
173677	405	781	446	194	211	48	21	2	2221	257	483	538	253	3	57	4571	676	1430	73,0,0,0,0,0	27572	664	266	29678	409	0	30659,28275,28246,17079,17079,17079,17079	1	23	26719,2690,0,0,0,0,0	97	7621
173502	427	836	450	211	221	49	23	2	2277	260	488	530	267	4	62	4324	690	1527	76,0,0,0,0,0	27498	636	306	29970	426	0	31068,28681,28648,17353,17353,17353,17353	1	19	26765,2952,0,0,0,0,0	88	8189
173342	487	829	491	218	222	50	27	2	2325	262	491	528	260	6	80	4174	707	1617	78,0,0,0,0,0	27493	562	321	30279	438	0	31483,29094,29055,17627,17627,17627,17627	1	20	26808,3226,0,0,0,0,0	99	8682
173128	503	890	525	237	222	51	29	2	2400	264	495	540	290	2	89	4435	778	1679	79,0,0,0,0,0	27449	575	345	30609	453	0	31913,29525,29480,17936,17936,17936,17936	1	15	26853,3525,0,0,0,0,0	105	9186
172952	526	916	522	258	243	56	34	2	2473	265	499	540	257	2	45	4171	775	1780	81,0,0,0,0,0	39089	616	317	30919	466	0	32331,29943,29893,18219,18219,18219,18219	1	9	26883,3813,0,0,0,0,0	114	9725
172779	515	966	521	267	250	61	37	2	2581	266	501	531	242	4	87	4260	833	1784	82,0,0,0,0,0	38720	829	307	31212	480	0	32774,30387,30331,18509,18509,18509,18509	1	10	26914,4084,0,0,0,0,0	135	10449
172561	521	1028	567	274	265	59	37	3	2658	267	506	514	244	6	85	4744	870	1881	84,0,0,0,0,0	27989	803	377	31574	496	0	33293,30906,30844,18863,18863,18863,18863	1	19	26945,4428,0,0,0,0,0	141	11156
172301	580	1110	585	293	254	61	39	3	2740	271	509	519	304	5	85	5200	888	2034	85,0,0,0,0,0	27886	817	449	32009	514	0	33942,31558,31486,19301,19301,19301,19301	1	31	26981,4843,0,0,0,0,0	126	11849
172041	640	1128	610	322	284	64	38	2	2823	276	518	491	269	6	107	5220	958	2128	86,0,0,0,0,0	28375	799	425	32427	525	0	34592,32209,32128,19739,19739,19739,19739	1	19	27028,5224,0,0,0,0,0	132	12534
171792	638	1249	650	323	275	69	40	2	2910	278	520	517	289	3	102	5808	988	2256	88,0,0,0,0,0	28474	806	443	32852	543	0	35212,32834,32743,20160,20160,20160,20160	2	22	27056,5638,0,0,0,0,0	137	13228
171443	698	1341	685	356	294	70	40	3	3013	280	523	510	286	4	91	6356	1043	2441	89,0,0,0,0,0	29108	814	524	33362	563	0	35915,33540,33440,20675,20675,20675,20675	2	27	27082,6136,0,0,0,0,0	151	13927
171177	703	1391	714	376	314	74	44	6	3135	284	528	529	325	4	95	6560	1063	2553	90,0,0,0,0,0	40795	815	461	33807	582	0	36560,34193,34081,21121,21121,21121,21121	2	21	27105,6573,0,0,0,0,0	167	14618
170882	718	1430	764	402	344	79	39	8	3258	289	533	492	250	2	108	6986	1118	2658	91,0,0,0,0,0	41084	884	474	34272	594	0	37288,34925,34803,21615,21615,21615,21615	2	18	27129,7025,0,0,0,0,0	181	15391
170624	717	1459	783	436	351	82	44	8	3417	291	534	475	245	3	133	7498	1199	2673	91,0,0,0,0,0	46401	926	444	34700	614	0	37967,35614,35479,22068,22068,22068,22068	2	35	27154,7448,0,0,0,0,0	172	16163
170344	728	1472	844	428	391	81	46	8	3573	295	536	490	280	6	131	8066	1269	2721	92,0,0,0,0,0	47308	871	477	35162	634	0	38680,36334,36187,22545,22545,22545,22545	2	27	27170,7907,0,0,0,0,0	187	16884
170060	748	1487	861	436	405	87	52	8	3763	296	543	482	270	6	126	8057	1303	2773	93,0,0,0,0,0	47237	863	492	35636	658	0	39400,37067,36905,23032,23032,23032,23032	2	28	27194,8375,0,0,0,0,0	198	17606
169747	785	1498	906	448	425	97	54	8	3931	300	547	496	299	6	152	8254	1381	2832	94,0,0,0,0,0	47135	865	509	36120	685	0	40122,37802,37625,23536,23536,23536,23536	2	44	27206,8872,0,0,0,0,0	213	18312
169505	764	1519	886	476	457	94	57	10	4127	303	548	462	246	5	142	8511	1451	2802	94,0,0,0,0,0	47391	897	470	36572	708	0	40822,38515,38322,23993,23993,23993,23993	2	27	27220,9328,0,0,0,0,0	213	19034
169368	717	1466	924	478	487	102	58	11	4279	305	551	424	262	6	151	8604	1529	2703	95,0,0,0,0,0	71185	874	410	36954	738	0	41433,39143,38929,24357,24357,24357,24357	3	28	27227,9723,0,0,0,0,0	224	19770
169255	655	1419	900	471	471	103	59	13	4539	308	553	448	266	7	124	8331	1490	2588	95,0,0,0,0,0	71762	600	341	37269	765	0	42064,39788,39558,24716,24716,24716,24716	3	26	27237,10045,0,0,0,0,0	219	20255
169054	678	1416	930	477	463	117	64	12	4672	308	555	429	272	11	154	8564	1540	2605	95,0,0,0,0,0	47195	648	477	37719	794	0	42816,40559,40309,25179,25179,25179,25179	3	48	27255,10499,0,0,0,0,0	225	20760
168874	687	1436	945	499	410	125	66	11	4826	311	556	420	275	6	135	8439	1534	2634	96,0,0,0,0,0	47577	646	480	38177	817	0	43545,41308,41036,25624,25624,25624,25624	3	27	27262,10966,0,0,0,0,0	236	21274
168718	695	1453	901	487	432	129	68	11	4979	315	558	423	230	4	130	8328	1500	2665	96,0,0,0,0,0	47050	694	452	38609	841	0	44265,42052,41755,26055,26055,26055,26055	3	21	27272,11407,0,0,0,0,0	234	21845
168544	737	1442	912	507	413	135	68	12	5100	317	559	424	271	3	146	7972	1496	2718	96,0,0,0,0,0	46939	634	491	39074	867	0	45011,42825,42503,26513,26513,26513,26513	3	28	27282,11880,0,0,0,0,0	237	22328
168371	756	1488	883	481	451	141	70	13	5209	320	563	401	298	12	124	7855	1465	2805	97,0,0,0,0,0	46739	627	490	39549	885	0	45763,43600,43252,26968,26968,26968,26968	3	18	27287,12361,0,0,0,0,0	256	22840
168283	686	1483	890	475	497	136	66	14	5326	326	564	415	266	5	127	7733	1448	2785	97,0,0,0,0,0	70935	639	393	39920	909	0	46412,44272,43901,27331,27331,27331,27331	3	19	27292,12742,0,0,0,0,0	252	23354
168239	625	1442	933	482	492	146	69	12	5412	328	566	422	257	7	142	7599	1453	2736	97,0,0,0,0,0	70847	920	352	40251	935	0	46983,44876,44480,27662,27662,27662,27662	3	24	27299,13086,0,0,0,0,0	263	24119
168104	630	1469	945	451	492	147	71	11	5523	333	570	409	243	7	163	8254	1494	2711	97,0,0,0,0,0	47133	872	481	40712	957	0	47699,45628,45203,28101,28101,28101,28101	3	23	27306,13557,0,0,0,0,0	266	24819
167967	674	1462	929	450	477	149	81	11	5638	337	571	411	219	8	127	8048	1434	2788	97,0,0,0,0,0	46754	860	475	41161	986	0	48473,46429,45977,28534,28534,28534,28534	3	27	27311,14022,0,0,0,0,0	263	25488
167860	709	1441	930	435	481	147	80	13	5730	345	575	390	268	10	146	8650	1417	2806	97,0,0,0,0,0	47301	883	471	41612	1007	0	49258,47245,46761,28960,28960,28960,28960	3	25	27316,14485,0,0,0,0,0	268	26168
167768	727	1435	925	444	490	161	76	13	5779	351	577	394	223	4	136	8512	1416	2842	98,0,0,0,0,0	47428	914	474	42052	1042	0	49976,47994,47478,29347,29347,29347,29347	3	29	27321,14945,0,0,0,0,0	271	26891
167653	712	1487	937	449	499	160	75	14	5824	356	580	392	261	4	167	8321	1472	2847	98,0,0,0,0,0	47352	901	493	42523	1064	0	50729,48777,48229,29761,29761,29761,29761	3	38	27324,15430,0,0,0,0,0	286	27591
167626	658	1465	924	439	484	166	74	13	5952	362	583	391	245	7	129	8450	1425	2785	98,0,0,0,0,0	70772	902	355	42864	1083	0	51380,49459,48882,30083,30083,30083,30083	3	25	27324,15784,0,0,0,0,0	293	28317
167711	598	1403	916	459	471	163	72	12	5988	369	584	412	251	10	137	8503	1392	2690	98,0,0,0,0,0	71452	1052	321	43163	1107	0	52134,50249,49637,30400,30400,30400,30400	3	13	27327,16095,0,0,0,0,0	289	29160
167691	583	1401	920	460	466	168	73	17	6009	372	586	397	260	4	149	8551	1397	2674	98,0,0,0,0,0	47710	1091	418	43562	1128	0	52956,51106,50459,30796,30796,30796,30796	3	31	27329,16507,0,0,0,0,0	291	30013
167604	625	1357	913	466	472	161	71	16	6093	376	592	389	282	3	155	8783	1408	2657	98,0,0,0,0,0	47720	1092	443	43977	1157	0	53790,51974,51296,31230,31230,31230,31230	3	25	27334,16936,0,0,0,0,0	284	30838
167577	678	1300	935	455	466	151	70	17	6120	381	596	383	268	8	143	8100	1379	2676	98,0,0,0,0,0	48118	1076	426	44387	1177	0	54612,52831,52119,31631,31631,31631,31631	3	25	27343,17353,0,0,0,0,0	262	31695
167549	678	1334	917	452	430	144	73	17	6170	383	599	372	272	10	134	8336	1353	2675	98,0,0,0,0,0	47357	1051	423	44788	1201	0	55445,53701,52954,32040,32040,32040,32040	3	20	27346,17769,0,0,0,0,0	254	32478
167543	691	1322	916	431	416	142	66	18	6208	390	603	366	292	9	131	8092	1305	2679	98,0,0,0,0,0	47212	1104	409	45171	1229	0	56269,54562,53779,32429,32429,32429,32429	3	21	27350,18168,0,0,0,0,0	242	33325
167597	627	1277	949	409	412	143	69	18	6249	392	604	342	248	6	105	7651	1244	2642	98,0,0,0,0,0	70640	1052	318	45474	1246	0	57003,55329,54514,32745,32745,32745,32745	3	21	27356,18475,0,0,0,0,0	251	34107
167661	542	1250	924	412	394	146	66	16	6334	397	604	361	257	6	109	7658	1166	2568	98,0,0,0,0,0	70420	1361	294	45755	1260	0	57792,56151,55304,33068,33068,33068,33068	2	11	27358,18766,0,0,0,0,0	251	35138
167647	551	1271	908	391	375	140	64	16	6375	403	605	382	241	5	128	7638	1121	2579	98,0,0,0,0,0	47076	1333	424	46164	1281	0	58694,57092,56209,33500,33500,33500,33500	2	35	27362,19188,0,0,0,0,0	242	36124
167658	590	1228	929	402	366	133	63	17	6346	407	607	377	269	9	121	7473	1117	2594	98,0,0,0,0,0	46556	1406	403	46547	1305	0	59545,57982,57063,33891,33891,33891,33891	2	13	27365,19586,0,0,0,0,0	234	37184
167677	608	1229	888	394	363	124	58	14	6368	414	609	385	301	9	128	7540	1109	2555	98,0,0,0,0,0	47142	1405	378	46916	1317	0	60401,58876,57921,34277,34277,34277,34277	2	29	27371,19959,0,0,0,0,0	217	38237
167703	586	1257	851	399	366	112	51	16	6372	419	614	390	320	6	114	7474	1082	2540	99,0,0,0,0,0	38685	1310	378	47273	1340	0	61221,59734,58743,34641,34641,34641,34641	2	28	27374,20330,0,0,0,0,0	203	39217
167707	617	1260	863	397	368	109	51	18	6321	420	615	416	254	4	127	7197	1102	2563	99,0,0,0,0,0	38558	1343	416	47668	1363	0	62097,60651,59623,35050,35050,35050,35050	2	16	27375,20742,0,0,0,0,0	190	40204
167807	609	1218	881	392	371	98	55	18	6259	422	616	423	239	9	95	7241	1058	2566	99,0,0,0,0,0	40816	1340	340	47994	1379	0	62886,61479,60413,35364,35364,35364,35364	2	9	27377,21077,0,0,0,0,0	195	41202
167905	561	1171	850	388	382	103	56	18	6270	424	618	411	254	5	113	6802	1082	2429	98,0,0,0,0,0	40810	1151	292	48268	1398	0	63625,62255,61153,35643,35643,35643,35643	2	14	27382,21362,0,0,0,0,0	187	42032
167960	542	1179	863	367	379	96	50	19	6239	429	623	431	265	6	135	6612	1081	2395	99,0,0,0,0,0	37718	1083	342	48599	1411	0	64418,63087,61949,35972,35972,35972,35972	2	15	27384,21702,0,0,0,0,0	181	42811
168019	554	1149	877	366	391	99	46	19	6165	436	625	425	337	6	116	6852	1108	2374	99,0,0,0,0,0	38043	1098	369	48954	1426	0	65256,63964,62788,36317,36317,36317,36317	2	11	27385,22067,0,0,0,0,0	168	43549
168039	553	1157	838	365	359	97	44	16	6211	438	629	411	296	4	126	6772	1055	2358	99,0,0,0,0,0	38262	1154	363	49305	1442	0	66104,64847,63637,36686,36686,36686,36686	2	18	27385,22428,0,0,0,0,0	173	44324
168115	548	1129	812	359	343	95	51	16	6207	440	631	428	244	7	121	7167	1052	2285	99,0,0,0,0,0	38019	1116	336	49620	1466	0	66865,65645,64400,36989,36989,36989,36989	2	20	27385,22758,0,0,0,0,0	164	45040
168208	528	1065	810	365	352	91	52	16	6182	444	633	418	251	5	97	6934	1041	2222	99,0,0,0,0,0	38348	1059	297	49906	1480	0	67598,66415,65134,37260,37260,37260,37260	2	14	27386,23055,0,0,0,0,0	159	45738
168375	471	1069	764	345	335	87	54	14	6150	446	636	433	268	7	108	6907	1013	2112	99,0,0,0,0,0	40659	1098	259	50152	1494	0	68299,67156,65838,37489,37489,37489,37489	1	12	27389,23308,0,0,0,0,0	161	46476
168574	439	1022	741	327	351	82	59	13	6054	446	638	433	310	4	97	6463	1004	2017	99,0,0,0,0,0	40681	878	252	50382	1518	0	68987,67886,66528,37688,37688,37688,37688	2	20	27390,23553,0,0,0,0,0	161	47054
168671	436	992	756	312	328	80	56	15	6009	449	642	463	263	7	121	6434	989	1971	99,0,0,0,0,0	31189	885	280	50636	1545	0	69692,68628,67237,37939,37939,37939,37939	1	8	27390,23831,0,0,0,0,0	157	47645
168816	405	973	755	301	310	75	53	15	5942	454	647	472	262	5	94	6622	958	1914	99,0,0,0,0,0	31134	877	265	50891	1558	0	70354,69331,67904,38149,38149,38149,38149	1	11	27392,24094,0,0,0,0,0	153	48188
168988	394	946	753	310	284	76	51	14	5821	459	650	468	250	3	88	6830	917	1897	99,0,0,0,0,0	31480	891	268	51143	1574	0	71035,70054,68589,38360,38360,38360,38360	1	11	27393,24358,0,0,0,0,0	151	48761
169151	391	895	714	286	286	79	46	15	5763	465	655	451	234	3	73	6631	856	1841	99,0,0,0,0,0	31590	898	241	51367	1591	0	71690,70748,69248,38556,38556,38556,38556	1	13	27393,24592,0,0,0,0,0	139	49328
169304	374	876	686	292	266	75	48	13	5687	466	659	474	287	4	96	5950	825	1792	99,0,0,0,0,0	25779	901	235	51592	1603	0	72340,71435,69901,38755,38755,38755,38755	1	11	27394,24825,0,0,0,0,0	143	49936
169504	344	807	668	287	268	72	45	14	5605	467	665	449	261	0	76	5636	773	1718	99,0,0,0,0,0	31540	890	187	51766	1616	0	72954,72089,70520,38914,38914,38914,38914	1	6	27394,25011,0,0,0,0,0	131	50519
169674	297	804	632	272	243	71	43	15	5558	470	667	448	254	2	85	5219	721	1641	99,0,0,0,0,0	31243	1297	188	51943	1630	0	73555,72725,71126,39074,39074,39074,39074	1	14	27395,25197,0,0,0,0,0	128	51448
169837	307	727	613	277	234	66	41	15	5485	473	671	452	271	3	82	5072	692	1573	99,0,0,0,0,0	24617	1205	199	52130	1642	0	74171,73379,71747,39241,39241,39241,39241	1	11	27396,25394,0,0,0,0,0	124	52288
170049	287	713	580	261	220	67	40	14	5363	478	674	481	232	2	80	5231	649	1519	99,0,0,0,0,0	24522	1253	185	52305	1653	0	74743,73990,72325,39370,39370,39370,39370	1	6	27397,25575,0,0,0,0,0	111	53202
170225	279	693	535	231	208	65	41	13	5299	481	676	455	270	0	66	5093	602	1450	99,0,0,0,0,0	24957	1203	182	52479	1665	0	75345,74629,72933,39519,39519,39519,39519	1	5	27398,25758,0,0,0,0,0	115	54042
170442	259	649	538	215	202	56	37	15	5170	484	679	478	295	3	66	4755	560	1396	99,0,0,0,0,0	24644	1245	160	52628	1677	0	75898,75220,73492,39637,39637,39637,39637	1	5	27399,25915,0,0,0,0,0	103	54935
170641	256	602	545	217	190	52	32	16	5025	487	683	442	303	3	56	4211	540	1354	99,0,0,0,0,0	24195	1199	166	52779	1692	0	76480,75839,74082,39780,39780,39780,39780	1	9	27400,26077,0,0,0,0,0	97	55780
170884	215	559	551	200	167	46	27	16	4900	492	689	448	250	2	40	4003	476	1289	99,0,0,0,0,0	28537	1171	114	52884	1701	0	77001,76397,74609,39871,39871,39871,39871	1	5	27400,26190,0,0,0,0,0	84	56606
171079	208	509	548	176	162	46	27	15	4791	493	692	454	274	1	41	4001	446	1230	99,0,0,0,0,0	28444	540	132	53011	1707	0	77747,77178,75364,40098,40098,40098,40098	1	5	27401,26320,0,0,0,0,0	80	56948
171311	205	460	500	164	150	49	27	16	4673	493	698	442	278	1	52	4063	431	1124	99,0,0,0,0,0	22552	598	106	53112	1713	0	78441,77907,76067,40276,40276,40276,40276	0	5	27401,26425,0,0,0,0,0	85	57360
171525	195	427	482	154	136	50	26	15	4540	495	701	432	247	4	43	3940	402	1068	99,0,0,0,0,0	22930	571	102	53210	1719	0	79175,78675,76810,40482,40482,40482,40482	0	5	27401,26528,0,0,0,0,0	83	57752
171738	183	411	437	141	123	49	25	14	4426	496	703	464	272	0	46	3873	388	981	99,0,0,0,0,0	22654	592	104	53311	1725	0	79878,79411,77521,40670,40670,40670,40670	0	4	27403,26632,0,0,0,0,0	79	58148
171971	164	403	409	123	104	44	22	12	4290	499	705	481	271	5	36	3684	349	920	99,0,0,0,0,0	22595	571	90	53393	1734	0	80560,80126,78211,40836,40836,40836,40836	0	2	27404,26721,0,0,0,0,0	73	58544
172175	147	364	390	119	98	41	17	14	4171	501	709	495	236	0	36	3189	330	846	99,0,0,0,0,0	22515	533	70	53458	1739	0	81214,80808,78875,41008,41008,41008,41008	0	6	27404,26788,0,0,0,0,0	64	58937
172398	133	354	377	114	99	39	18	14	3985	501	714	476	307	1	36	2955	314	820	99,0,0,0,0,0	27403	621	92	53544	1745	0	81875,81501,79545,41179,41179,41179,41179	0	3	27405,26877,0,0,0,0,0	68	59360
172613	120	315	350	115	88	38	17	14	3860	501	715	463	260	3	24	2794	281	762	99,0,0,0,0,0	27039	814	69	53608	1750	0	82275,81930,79953,41207,41207,41207,41207	0	5	27405,26943,0,0,0,0,0	66	59932
172813	118	291	325	112	92	35	20	12	3711	501	716	494	252	0	24	2622	263	730	99,0,0,0,0,0	16343	802	82	53683	1758	0	82686,82369,80371,41236,41236,41236,41236	0	1	27405,27025,0,0,0,0,0	59	60496
173033	116	260	294	110	96	35	18	12	3551	503	718	484	322	2	31	2422	256	673	99,0,0,0,0,0	16089	797	60	53739	1762	0	83061,82771,80753,41245,41245,41245,41245	0	4	27406,27084,0,0,0,0,0	58	61063
173173	135	244	268	100	84	34	17	11	3457	504	719	486	242	1	22	2592	218	664	99,0,0,0,0,0	16089	797	90	53820	1771	0	83486,83217,81187,41315,41315,41315,41315	0	2	27407,27169,0,0,0,0,0	55	61618
173369	130	228	261	94	82	31	20	9	3298	504	720	455	252	3	28	2339	206	640	99,0,0,0,0,0	16182	845	73	53888	1776	0	83870,83624,81578,41349,41349,41349,41349	0	5	27408,27240,0,0,0,0,0	54	62202
173539	117	232	239	75	70	30	18	10	3186	505	725	458	299	1	32	2610	180	601	99,0,0,0,0,0	16127	838	56	53941	1781	0	84247,84021,81961,41379,41379,41379,41379	0	2	27408,27298,0,0,0,0,0	50	62778
173694	111	233	220	76	59	27	14	10	3064	507	731	455	77	1	15	2549	162	578	99,0,0,0,0,0	27001	831	62	53998	1786	0	84651,84446,82373,41436,41436,41436,41436	0	3	27409,27357,0,0,0,0,0	41	63372
173894	97	225	217	75	47	26	13	8	2899	508	737	475	325	1	17	2618	154	546	99,0,0,0,0,0	27208	1099	44	54039	1789	0	85033,84850,82761,41444,41444,41444,41444	0	2	27409,27401,0,0,0,0,0	41	64157
174072	88	212	216	71	57	24	12	7	2740	509	738	468	271	2	23	2542	159	521	99,0,0,0,0,0	16376	1076	57	54094	1791	0	85427,85263,83160,41463,41463,41463,41463	0	1	27409,27457,0,0,0,0,0	39	64949
174202	85	216	205	68	56	22	12	6	2625	509	740	456	313	1	22	2508	156	508	99,0,0,0,0,0	16054	1074	60	54148	1797	0	85804,85657,83544,41499,41499,41499,41499	0	1	27409,27514,0,0,0,0,0	35	65718
174351	87	206	208	64	58	20	11	6	2481	511	743	447	253	0	17	2466	151	503	99,0,0,0,0,0	16063	1127	61	54206	1801	0	86191,86063,83937,41527,41527,41527,41527	0	1	27409,27574,0,0,0,0,0	31	66531
174453	100	219	191	54	51	21	9	6	2384	512	746	466	291	2	20	2458	144	501	99,0,0,0,0,0	16031	1056	79	54277	1810	0	86604,86491,84356,41599,41599,41599,41599	0	4	27409,27651,0,0,0,0,0	32	67294
174604	96	193	179	49	55	18	8	5	2277	513	749	483	253	0	15	2158	132	466	99,0,0,0,0,0	15816	1057	46	54321	1812	0	86997,86900,84754,41630,41630,41630,41630	0	1	27409,27695,0,0,0,0,0	26	68070
174726	87	189	170	49	54	18	7	3	2177	514	752	478	249	1	9	2017	123	451	99,0,0,0,0,0	21184	1073	51	54367	1817	0	87392,87311,85156,41684,41684,41684,41684	0	2	27409,27744,0,0,0,0,0	27	68841
174849	81	182	166	40	48	15	8	3	2084	514	756	511	235	0	20	1709	116	424	99,0,0,0,0,0	20999	335	47	54410	1822	0	87977,87910,85748,41828,41828,41828,41828	0	2	27409,27789,0,0,0,0,0	23	69072
174949	77	183	177	34	45	15	9	3	1982	514	758	509	163	0	9	1340	100	440	99,0,0,0,0,0	12491	368	54	54460	1826	0	88545,88493,86324,41967,41967,41967,41967	0	0	27409,27842,0,0,0,0,0	24	69323
175034	73	188	165	34	42	14	10	3	1907	514	762	516	307	1	14	1127	96	430	99,0,0,0,0,0	12006	360	50	54508	1828	0	89131,89090,86917,42116,42116,42116,42116	0	1	27410,27890,0,0,0,0,0	26	69559
175144	72	171	164	39	44	12	9	2	1811	514	764	523	276	0	14	1186	103	408	99,0,0,0,0,0	12044	357	42	54547	1831	0	89694,89666,87488,42251,42251,42251,42251	0	1	27410,27932,0,0,0,0,0	23	69799
175239	72	172	155	36	42	9	8	2	1729	515	767	543	98	0	11	1111	96	398	99,0,0,0,0,0	11870	344	50	54594	1834	0	90267,90252,88069,42403,42403,42403,42403	0	2	27411,27980,0,0,0,0,0	20	70041
175356	63	163	144	34	44	11	7	3	1634	515	772	533	243	4	10	1132	93	373	99,0,0,0,0,0	11875	354	36	54628	1836	0	90816,90815,88626,42529,42529,42529,42529	0	3	27412,28014,0,0,0,0,0	17	70276
175431	59	151	146	34	40	9	8	3	1574	515	776	529	99	1	14	1219	97	350	99,0,0,0,0,0	20387	327	34	54660	1838	0	91361,91370,89179,42674,42674,42674,42674	0	1	27412,28048,0,0,0,0,0	20	70493
175517	63	134	137	37	37	8	5	5	1505	516	782	548	92	0	12	1225	89	332	99,0,0,0,0,0	20520	339	39	54697	1841	0	91509,91529,89331,42585,42585,42585,42585	0	0	27412,28088,0,0,0,0,0	15	70731
175613	62	123	134	33	39	9	5	4	1426	516	782	550	95	0	9	1118	78	327	99,0,0,0,0,0	11975	350	31	54729	1842	0	91680,91712,89506,42498,42498,42498,42498	0	0	27412,28121,0,0,0,0,0	14	70966
175674	56	128	130	29	39	8	6	4	1372	516	784	552	85	1	12	1124	77	319	99,0,0,0,0,0	11959	325	43	54767	1847	0	91844,91884,89674,42419,42419,42419,42419	0	3	27412,28162,0,0,0,0,0	13	71194
175763	55	116	132	30	35	8	6	4	1295	516	786	594	104	1	12	1090	75	307	99,0,0,0,0,0	11996	313	30	54796	1848	0	91999,92050,89832,42324,42324,42324,42324	0	1	27412,28191,0,0,0,0,0	13	71400
175845	49	116	126	24	30	8	7	4	1229	516	792	589	269	0	10	1006	69	291	99,0,0,0,0,0	11901	305	29	54823	1850	0	92157,92217,89994,42236,42236,42236,42236	0	0	27413,28219,0,0,0,0,0	14	71605
175911	46	116	121	20	28	7	9	4	1174	516	794	598	236	0	7	905	61	286	99,0,0,0,0,0	11885	356	28	54847	1854	0	92305,92373,90145,42141,42141,42141,42141	0	1	27413,28245,0,0,0,0,0	14	71840
175977	41	106	121	20	31	9	7	3	1116	518	797	585	83	0	9	865	64	271	99,0,0,0,0,0	20356	295	25	54872	1854	0	92468,92543,90312,42068,42068,42068,42068	0	1	27413,28270,0,0,0,0,0	14	72052
176042	34	102	105	19	30	9	7	3	1073	518	804	573	259	1	11	889	68	238	99,0,0,0,0,0	20488	171	18	54889	1855	0	92687,92769,90537,42026,42026,42026,42026	0	0	27413,28287,0,0,0,0,0	16	72164
176108	32	92	114	15	25	11	6	3	1012	519	809	550	86	0	7	759	57	238	98,0,0,0,0,0	11591	172	23	54911	1856	0	92904,92995,90759,41978,41978,41978,41978	0	1	27413,28309,0,0,0,0,0	15	72286
176148	31	99	107	13	24	10	3	2	973	522	814	569	105	1	5	657	49	238	98,0,0,0,0,0	11529	202	32	54941	1858	0	93122,93221,90984,41943,41943,41943,41943	0	2	27414,28339,0,0,0,0,0	13	72415
176178	36	86	105	17	24	8	4	2	950	522	814	582	5141	5	4	674	51	229	98,0,0,0,0,0	11341	162	29	54967	1861	0	93333,93437,91200,41904,41904,41904,41904	0	1	27414,28367,0,0,0,0,0	11	72508
176253	25	89	97	18	21	7	5	2	889	522	818	594	2585	5	6	650	54	208	98,0,0,0,0,0	11666	184	16	54981	1863	0	93541,93655,91415,41855,41855,41855,41855	0	0	27414,28383,0,0,0,0,0	11	72621
176299	25	84	84	18	21	9	5	2	854	522	823	611	1592	0	6	668	57	189	97,0,0,0,0,0	11404	173	20	54999	1865	0	93762,93883,91642,41826,41826,41826,41826	0	0	27415,28402,0,0,0,0,0	13	72729
176348	25	74	85	14	21	8	5	1	819	522	824	624	814	1	4	782	54	178	97,0,0,0,0,0	20143	148	19	55018	1865	0	93976,94102,91862,41789,41789,41789,41789	0	0	27416,28420,0,0,0,0,0	13	72829
176408	22	75	75	13	20	9	3	2	768	523	828	604	597	1	10	769	53	164	98,0,0,0,0,0	20202	159	15	55030	1868	0	94217,94350,92111,41770,41770,41770,41770	0	1	27416,28435,0,0,0,0,0	11	72931
176446	21	69	69	14	17	9	3	2	743	523	830	589	2896	0	4	745	47	155	98,0,0,0,0,0	22552	165	13	55043	1868	0	94465,94603,92366,41753,41753,41753,41753	0	2	27416,28448,0,0,0,0,0	11	73055
176501	21	51	73	16	20	9	3	2	692	523	835	587	2633	1	6	687	54	139	97,0,0,0,0,0	22202	165	8	55051	1868	0	94705,94848,92613,41723,41723,41723,41723	0	0	27416,28456,0,0,0,0,0	13	73173
176537	20	43	59	16	24	7	3	2	676	523	836	595	2067	3	5	588	45	127	98,0,0,0,0,0	22223	179	14	55064	1869	0	94952,95099,92866,41706,41706,41706,41706	0	2	27416,28470,0,0,0,0,0	10	73291
176570	17	42	55	12	20	6	2	3	656	523	840	614	1469	1	2	601	36	118	98,0,0,0,0,0	22163	169	7	55071	1869	0	95186,95337,93108,41684,41684,41684,41684	0	0	27416,28477,0,0,0,0,0	8	73407
176613	21	34	45	9	21	6	2	3	621	523	848	615	1023	1	6	570	39	99	98,0,0,0,0,0	22121	157	9	55080	1869	0	95420,95575,93347,41655,41655,41655,41655	0	0	27416,28486,0,0,0,0,0	9	73513
176655	18	30	45	7	17	6	2	3	585	523	855	634	1830	0	3	549	35	90	98,0,0,0,0,0	20154	182	7	55085	1871	0	95656,95814,93591,41636,41636,41636,41636	0	0	27416,28491,0,0,0,0,0	8	73635
176681	14	29	41	6	17	6	1	2	562	524	863	613	2288	1	1	529	32	82	98,0,0,0,0,0	19980	175	8	55092	1872	0	95676,95838,93613,41481,41481,41481,41481	0	0	27416,28499,0,0,0,0,0	8	73752
176703	12	24	37	7	17	5	1	2	544	524	870	616	2346	0	4	323	34	69	98,0,0,0,0,0	22116	178	6	55098	1872	0	95711,95877,93651,41334,41334,41334,41334	0	0	27416,28505,0,0,0,0,0	7	73873
176724	13	27	33	5	18	5	1	2	521	524	873	620	1786	1	3	359	34	68	98,0,0,0,0,0	21935	192	9	55104	1875	0	95735,95904,93678,41183,41183,41183,41183	0	1	27416,28514,0,0,0,0,0	7	73984
176739	13	25	29	3	14	5	1	2	515	524	876	609	1444	0	4	366	32	58	98,0,0,0,0,0	21922	171	5	55108	1876	0	95762,95932,93707,41031,41031,41031,41031	0	0	27416,28518,0,0,0,0,0	7	74087
176775	8	29	27	3	11	5	1	1	484	524	878	619	1598	0	0	429	32	52	98,0,0,0,0,0	21823	180	4	55112	1876	0	95786,95960,93733,40870,40870,40870,40870	0	0	27416,28522,0,0,0,0,0	5	74211
176797	8	30	31	2	9	4	1	1	459	524	880	606	1883	0	1	414	31	54	98,0,0,0,0,0	21970	160	9	55121	1876	0	95807,95983,93757,40719,40719,40719,40719	0	0	27416,28531,0,0,0,0,0	6	74321
176834	6	23	28	4	11	3	0	2	429	524	882	630	2081	0	2	376	27	48	98,0,0,0,0,0	19931	147	1	55122	1876	0	95820,95999,93772,40559,40559,40559,40559	0	0	27416,28532,0,0,0,0,0	4	74430
176858	6	24	29	5	11	3	0	2	400	524	884	628	1870	0	3	373	30	48	98,0,0,0,0,0	19530	106	7	55128	1877	0	95845,96026,93799,40405,40405,40405,40405	0	1	27416,28538,0,0,0,0,0	4	74503
176880	5	19	25	3	13	2	0	1	384	524	890	625	1694	0	3	335	24	43	98,0,0,0,0,0	22024	105	3	55131	1877	0	95869,96053,93826,40253,40253,40253,40253	0	0	27416,28541,0,0,0,0,0	2	74579
176910	5	18	24	2	7	2	0	1	355	524	898	614	1743	1	4	429	19	39	98,0,0,0,0,0	22070	124	4	55134	1878	0	95879,96065,93837,40086,40086,40086,40086	0	1	27416,28545,0,0,0,0,0	3	74656
176928	7	17	20	3	6	2	0	1	338	524	900	618	1801	1	0	455	15	40	98,0,0,0,0,0	22207	106	6	55140	1878	0	95883,96070,93843,39919,39919,39919,39919	0	0	27416,28551,0,0,0,0,0	3	74715
176950	8	16	19	3	7	1	0	1	317	524	900	610	1915	0	1	336	14	40	98,0,0,0,0,0	21880	100	4	55143	1879	0	95890,96079,93852,39756,39756,39756,39756	0	2	27416,28555,0,0,0,0,0	2	74773
176970	9	13	16	3	5	1	0	1	302	524	902	604	1895	0	3	278	16	31	97,0,0,0,0,0	21822	93	3	55146	1879	0	95907,96098,93872,39603,39603,39603,39603	0	0	27416,28558,0,0,0,0,0	2	74831
176983	6	10	14	3	5	2	0	1	288	524	910	602	1708	0	0	191	14	26	97,0,0,0,0,0	19752	114	0	55146	1879	0	95914,96106,93881,39444,39444,39444,39444	0	0	27416,28558,0,0,0,0,0	2	74904
177006	2	13	14	2	3	2	0	1	263	524	916	605	1739	2	1	190	11	25	97,0,0,0,0,0	19599	91	2	55147	1880	0	95866,96061,93834,39250,39250,39250,39250	0	0	27416,28559,0,0,0,0,0	3	74957
177032	1	10	15	3	3	2	0	1	235	524	920	617	1843	0	0	183	11	23	100,0,0,0,0,0	21747	110	0	55147	1880	0	95820,96017,93789,39050,39050,39050,39050	0	0	27416,28559,0,0,0,0,0	3	75030
177045	2	5	17	4	1	3	0	1	218	524	926	612	1794	1	0	178	8	24	100,0,0,0,0,0	21872	83	1	55148	1881	0	95779,95978,93750,38860,38860,38860,38860	0	0	27416,28561,0,0,0,0,0	3	75074
177057	1	7	15	1	1	3	0	1	205	524	931	658	1823	0	1	169	8	20	100,0,0,0,0,0	21650	73	3	55151	1881	0	95717,95916,93689,38659,38659,38659,38659	0	0	27416,28564,0,0,0,0,0	4	75116
177080	1	3	15	4	1	2	0	1	181	524	934	661	1805	0	0	68	7	19	100,0,0,0,0,0	21816	92	0	55151	1881	0	95662,95863,93635,38461,38461,38461,38461	0	0	27416,28564,0,0,0,0,0	2	75177
177091	0	5	9	4	0	2	0	1	170	524	940	640	1806	1	0	28	3	17	100,0,0,0,0,0	21630	98	1	55152	1881	0	95606,95808,93581,38268,38268,38268,38268	0	0	27416,28565,0,0,0,0,0	2	75237
177102	0	3	8	3	1	2	0	1	160	524	942	642	1824	0	0	30	3	14	100,0,0,0,0,0	19718	103	0	55152	1881	0	95552,95756,93529,38072,38072,38072,38072	0	0	27416,28565,0,0,0,0,0	1	75295
177115	0	2	7	3	0	2	0	1	142	524	950	631	1738	0	4	56	6	8	100,0,0,0,0,0	19614	69	0	55152	1881	0	95493,95699,93471,37880,37880,37880,37880	0	0	27416,28565,0,0,0,0,0	2	75339
177126	0	1	7	2	0	2	0	1	130	524	953	632	1848	0	1	52	6	6	100,0,0,0,0,0	21678	70	0	55152	1881	0	95445,95652,93424,37685,37685,37685,37685	0	0	27416,28565,0,0,0,0,0	2	75385
177136	0	1	4	2	0	2	0	0	118	524	959	604	1852	0	0	53	4	5	100,0,0,0,0,0	21767	88	0	55152	1881	0	95384,95593,93364,37484,37484,37484,37484	0	0	27416,28565,0,0,0,0,0	2	75440
177139	2	0	4	2	0	2	0	0	112	524	961	633	1741	0	0	51	4	6	100,0,0,0,0,0	21717	80	2	55154	1881	0	95325,95534,93306,37289,37289,37289,37289	0	0	27416,28567,0,0,0,0,0	3	75486
177145	2	1	4	2	0	2	0	0	104	524	962	631	1844	0	0	49	4	7	100,0,0,0,0,0	21765	102	1	55154	1882	0	95271,95481,93254,37097,37097,37097,37097	0	0	27416,28568,0,0,0,0,0	4	75541
177149	1	2	3	2	0	1	0	0	98	524	966	596	1769	0	1	50	4	5	100,0,0,0,0,0	21781	76	0	55154	1882	0	95214,95423,93197,36903,36903,36903,36903	0	0	27416,28568,0,0,0,0,0	3	75591
177152	0	4	3	1	0	0	0	0	92	524	970	601	2024	0	1	48	4	4	100,0,0,0,0,0	19585	75	1	55155	1882	0	95163,95373,93148,36719,36719,36719,36719	0	0	27416,28569,0,0,0,0,0	3	75626
177154	0	3	2	1	1	0	0	0	85	524	976	587	1780	0	1	51	4	3	100,0,0,0,0,0	19484	78	1	55155	1883	0	95107,95317,93093,36536,36536,36536,36536	0	0	27416,28570,0,0,0,0,0	2	75673
177160	0	3	2	1	1	0	0	0	77	524	978	598	1800	0	0	51	4	3	100,0,0,0,0,0	21722	89	0	55155	1883	0	95048,95258,93035,36346,36346,36346,36346	0	0	27416,28570,0,0,0,0,0	2	75729
177164	1	2	2	1	1	0	0	0	68	524	983	597	1860	0	0	27	4	3	100,0,0,0,0,0	21618	58	1	55156	1883	0	94989,95200,92978,36166,36166,36166,36166	0	1	27416,28571,0,0,0,0,0	1	75760
177176	1	2	2	1	1	0	0	0	54	524	985	593	1771	0	0	10	4	3	100,0,0,0,0,0	21806	76	0	55156	1883	0	94923,95134,92913,35976,35976,35976,35976	0	0	27416,28571,0,0,0,0,0	1	75804
177182	1	0	3	0	1	0	0	0	48	524	987	592	1816	1	0	6	1	4	100,0,0,0,0,0	21621	76	0	55156	1883	0	94868,95079,92859,35793,35793,35793,35793	0	0	27416,28571,0,0,0,0,0	1	75853
177184	2	0	1	0	0	0	0	0	44	524	991	609	1824	0	1	12	3	0	100,0,0,0,0,0	21462	69	1	55156	1884	0	94809,95019,92801,35607,35607,35607,35607	0	0	27416,28572,0,0,0,0,0	1	75897
177186	2	0	0	0	0	0	0	0	38	524	996	628	1785	0	0	12	2	0	100,0,0,0,0,0	19517	75	0	55156	1884	0	94742,94952,92735,35419,35419,35419,35419	0	0	27416,28572,0,0,0,0,0	0	75938
177183	2	0	0	0	0	0	0	0	36	524	1001	588	1803	0	0	14	2	0	100,0,0,0,0,0	19637	83	0	55156	1884	0	94667,94877,92660,35236,35236,35236,35236	0	0	27416,28572,0,0,0,0,0	0	75994
177185	1	1	0	0	0	0	0	0	32	524	1003	569	1848	0	0	14	2	0	100,0,0,0,0,0	21711	74	0	55156	1884	0	94592,94801,92585,35048,35048,35048,35048	0	0	27416,28572,0,0,0,0,0	0	76033
177185	0	1	1	0	0	0	0	0	30	524	1005	598	1802	0	0	13	2	0	100,0,0,0,0,0	21570	80	0	55156	1884	0	94509,94718,92504,34862,34862,34862,34862	0	0	27416,28572,0,0,0,0,0	0	76075
177183	0	1	0	0	0	0	0	0	28	524	1010	590	1773	0	0	11	1	0	100,0,0,0,0,0	21678	98	0	55156	1884	0	94426,94634,92421,34677,34677,34677,34677	0	0	27416,28572,0,0,0,0,0	0	76129
177181	0	1	0	0	0	0	0	0	28	524	1012	566	1829	0	0	12	1	0	100,0,0,0,0,0	21582	96	0	55156	1884	0	94345,94552,92340,34493,34493,34493,34493	0	0	27416,28572,0,0,0,0,0	0	76181
177178	0	1	0	0	0	0	0	0	28	524	1015	552	1766	0	0	12	1	0	100,0,0,0,0,0	21609	54	0	55156	1884	0	94261,94469,92258,34307,34307,34307,34307	0	0	27416,28572,0,0,0,0,0	0	76209
177172	0	0	1	0	0	0	0	0	25	524	1024	550	1827	0	0	9	1	0	100,0,0,0,0,0	19495	89	0	55156	1884	0	94186,94393,92184,34133,34133,34133,34133	0	0	27416,28572,0,0,0,0,0	0	76257
177170	0	0	1	0	0	0	0	0	24	524	1027	526	1769	0	0	9	1	0	100,0,0,0,0,0	19436	55	0	55156	1884	0	94107,94314,92105,33964,33964,33964,33964	0	0	27416,28572,0,0,0,0,0	0	76287
177170	0	0	1	0	0	0	0	0	24	524	1027	558	1711	0	0	1	1	0	100,0,0,0,0,0	21514	57	0	55156	1884	0	94024,94230,92022,33789,33789,33789,33789	0	0	27416,28572,0,0,0,0,0	0	76322
177173	0	0	1	0	0	0	0	0	19	524	1029	568	1837	0	0	1	1	0	100,0,0,0,0,0	21671	210	0	55156	1884	144	93930,94135,91929,33609,33609,33609,33609	0	0	27416,28572,0,0,0,0,0	0	76360
177172	0	0	1	0	0	0	0	0	16	524	1033	558	1831	0	0	1	1	0	100,0,0,0,0,0	21589	204	0	55156	1884	271	93878,94083,91878,33507,33507,33507,33507	0	0	27416,28572,0,0,0,0,0	0	76398
177170	0	0	1	0	0	0	0	0	13	524	1038	592	1772	0	0	1	1	0	100,0,0,0,0,0	21653	190	0	55156	1884	402	93827,94032,91828,33396,33396,33396,33396	0	0	27416,28572,0,0,0,0,0	0	76424
177166	0	0	1	0	0	0	0	0	11	524	1044	593	1826	0	0	1	1	0	100,0,0,0,0,0	21439	182	0	55156	1884	522	93770,93975,91772,33288,33288,33288,33288	0	0	27416,28572,0,0,0,0,0	0	76457
177163	0	0	1	0	0	0	0	0	10	524	1048	602	1800	0	0	2	1	0	100,0,0,0,0,0	19321	172	0	55156	1884	629	93719,93924,91723,33187,33187,33187,33187	0	0	27416,28572,0,0,0,0,0	0	76495
177162	0	0	1	0	0	0	0	0	9	524	1050	604	1834	0	0	2	1	0	100,0,0,0,0,0	19541	193	0	55156	1884	765	93651,93855,91655,33069,33069,33069,33069	0	0	27416,28572,0,0,0,0,0	0	76527
177154	0	0	0	0	0	0	0	0	9	524	1059	588	1814	0	0	2	0	0	0,0,0,0,0,0	21779	196	0	55156	1884	882	93592,93796,91597,32970,32970,32970,32970	0	0	27416,28572,0,0,0,0,0	0	76559
177150	0	0	0	0	0	0	0	0	8	524	1064	581	1863	0	0	3	0	0	0,0,0,0,0,0	21667	272	0	55156	1884	1096	93533,93736,91539,32865,32865,32865,32865	0	0	27416,28572,0,0,0,0,0	0	76589
177145	0	0	0	0	0	0	0	0	7	524	1070	595	1758	0	0	3	0	0	0,0,0,0,0,0	21480	239	0	55156	1884	1283	93493,93696,91500,32805,32805,32805,32805	0	0	27416,28572,0,0,0,0,0	0	76620
177140	0	0	0	0	0	0	0	0	6	524	1076	586	1796	0	0	0	0	0	0,0,0,0,0,0	21612	293	0	55156	1884	1496	93448,93651,91457,32737,32737,32737,32737	0	0	27416,28572,0,0,0,0,0	0	76663
177133	0	0	0	0	0	0	0	0	5	524	1084	584	1787	0	0	0	0	0	0,0,0,0,0,0	21719	277	0	55156	1884	1693	93407,93609,91417,32676,32676,32676,32676	0	0	27416,28572,0,0,0,0,0	0	76705
177130	0	0	0	0	0	0	0	0	5	524	1087	577	1847	0	0	0	0	0	0,0,0,0,0,0	19604	277	0	55156	1884	1905	93362,93563,91373,32613,32613,32613,32613	0	0	27416,28572,0,0,0,0,0	0	76743
177129	0	0	0	0	0	0	0	0	4	524	1089	577	1832	0	0	0	0	0	0,0,0,0,0,0	19309	275	0	55156	1884	2109	93321,93522,91333,32565,32565,32565,32565	0	0	27416,28572,0,0,0,0,0	0	76783
177127	0	0	0	0	0	0	0	0	3	524	1092	589	1715	0	0	0	0	0	0,0,0,0,0,0	21619	275	0	55156	1884	2304	93277,93477,91290,32508,32508,32508,32508	0	0	27416,28572,0,0,0,0,0	0	76832
177125	0	0	0	0	0	0	0	0	2	524	1095	564	1802	0	0	0	0	0	0,0,0,0,0,0	21617	245	0	55156	1884	2482	93222,93422,91235,32441,32441,32441,32441	0	0	27416,28572,0,0,0,0,0	0	76873
177123	0	0	0	0	0	0	0	0	2	524	1097	603	1826	0	0	0	0	0	0,0,0,0,0,0	21551	214	0	55156	1884	2656	93166,93365,91180,32368,32368,32368,32368	0	0	27416,28572,0,0,0,0,0	0	76893
177117	0	0	0	0	0	0	0	0	1	524	1104	601	1843	0	0	0	0	0	0,0,0,0,0,0	21639	213	0	55156	1884	2808	93118,93316,91133,32299,32299,32299,32299	0	0	27416,28572,0,0,0,0,0	0	76922
177114	0	0	0	0	0	0	0	0	1	524	1107	615	1816	0	0	0	0	0	0,0,0,0,0,0	21517	227	0	55156	1884	2976	93064,93262,91081,32220,32220,32220,32220	0	0	27416,28572,0,0,0,0,0	0	76953
177110	0	0	0	0	0	0	0	0	1	524	1111	620	1769	0	0	0	0	0	0,0,0,0,0,0	19602	222	0	55156	1884	3138	93013,93210,91030,32152,32152,32152,32152	0	0	27416,28572,0,0,0,0,0	0	76986
177109	0	0	0	0	0	0	0	0	1	524	1112	625	1724	0	0	0	0	0	0,0,0,0,0,0	19448	263	0	55156	1884	3322	92967,93164,90985,32096,32096,32096,32096	0	0	27416,28572,0,0,0,0,0	0	77033
177103	0	0	0	0	0	0	0	0	1	524	1118	623	1820	0	0	0	0	0	0,0,0,0,0,0	21570	254	0	55156	1884	3495	92922,93118,90941,32051,32051,32051,32051	0	0	27416,28572,0,0,0,0,0	0	77084
177099	0	0	0	0	0	0	0	0	0	524	1123	615	1873	0	0	0	0	0	0,0,0,0,0,0	21696	340	0	55156	1884	3763	92874,93069,90894,31996,31996,31996,31996	0	0	27416,28572,0,0,0,0,0	0	77117
177096	0	0	0	0	0	0	0	0	0	524	1126	609	1805	0	0	0	0	0	0,0,0,0,0,0	21607	329	0	55156	1884	4015	92843,93038,90865,31989,31989,31989,31989	0	0	27416,28572,0,0,0,0,0	0	77158
177093	0	0	0	0	0	0	0	0	0	524	1129	654	1813	0	0	0	0	0	0,0,0,0,0,0	21696	353	0	55156	1884	4293	92815,93009,90838,31980,31980,31980,31980	0	0	27416,28572,0,0,0,0,0	0	77201
177091	0	0	0	0	0	0	0	0	0	524	1131	662	1782	0	0	0	0	0	0,0,0,0,0,0	21750	371	0	55156	1884	4574	92783,92976,90807,31973,31973,31973,31973	0	0	27416,28572,0,0,0,0,0	0	77253
177066	12	13	0	0	0	0	0	0	0	524	1131	662	1753	0	0	0	0	25	0,100,0,0,0,0	19538	365	0	55179	1886	4849	92779,92971,90804,32002,32002,32002,32002	0	0	27416,28572,25,0,0,0,0	0	77293
177031	25	26	3	1	1	0	0	0	0	524	1135	678	1839	0	0	0	0	56	0,100,0,0,0,0	19502	452	1	55206	1890	5116	92776,92969,90804,32045,32045,32045,32045	0	0	27416,28572,56,0,0,0,0	0	77378
176989	36	45	9	1	1	0	0	0	2	524	1139	679	1881	3	0	0	0	92	0,100,0,0,0,0	21649	480	10	55241	1893	5411	92775,92967,90803,32084,32084,32084,32084	0	1	27416,28572,94,0,0,0,0	0	77454
176936	50	59	21	5	1	0	0	0	4	524	1146	681	1787	0	0	4	3	133	0,100,0,0,0,0	10332	483	12	55282	1898	5701	92785,92976,90815,32145,32145,32145,32145	0	0	27416,28572,140,0,0,0,0	0	77542
176882	60	88	26	6	2	0	0	0	7	524	1151	695	1806	1	3	8	7	175	0,100,0,0,0,0	10204	490	17	55327	1902	6000	92801,92991,90832,32212,32212,32212,32212	0	1	27416,28572,189,0,0,0,0	0	77630
176835	73	100	32	5	5	0	0	0	17	524	1155	691	1980	4	3	15	12	203	0,100,0,0,0,0	10123	478	26	55363	1909	6292	92810,92999,90842,32273,32273,32273,32273	0	0	27416,28572,232,0,0,0,0	0	77716
176817	59	105	45	8	7	0	0	0	24	524	1157	704	1780	0	2	81	17	207	0,100,0,0,0,0	10336	489	18	55378	1912	6591	92802,92991,90836,32303,32303,32303,32303	0	0	27416,28572,250,0,0,0,0	0	77811
176793	44	104	63	12	11	0	0	0	36	524	1159	740	1917	1	3	243	16	218	0,100,0,0,0,0	19771	495	24	55401	1913	6897	92808,92996,90843,32352,32352,32352,32352	0	1	27416,28572,274,0,0,0,0	0	77896
176755	45	109	62	13	17	1	0	0	56	524	1164	721	1863	0	6	278	25	222	0,100,0,0,0,0	19820	404	35	55432	1917	7203	92842,93029,90878,32437,32437,32437,32437	0	1	27416,28572,309,0,0,0,0	0	77944
176724	44	117	64	11	19	1	0	0	74	524	1168	735	1797	0	6	381	31	225	0,100,0,0,0,0	10544	416	28	55460	1919	7539	92868,93054,90906,32522,32522,32522,32522	0	1	27416,28572,339,0,0,0,0	1	77973
176678	48	125	73	13	15	2	0	0	93	524	1175	743	1880	3	6	468	31	245	0,100,0,0,0,0	10634	358	43	55500	1922	7792	92912,93099,90953,32625,32625,32625,32625	0	1	27416,28572,382,0,0,0,0	4	78010
176635	60	104	82	18	26	2	0	0	115	524	1180	735	1769	0	4	559	35	257	0,100,0,0,0,0	10774	359	39	55534	1928	8064	92933,93120,90975,32683,32683,32683,32683	0	0	27416,28572,422,0,0,0,0	3	78043
176593	69	113	81	21	30	2	0	0	131	524	1182	714	1985	3	9	682	54	262	0,100,0,0,0,0	10676	380	50	55581	1931	8352	92977,93162,91021,32765,32765,32765,32765	0	1	27416,28572,472,0,0,0,0	2	78076
176554	71	123	85	17	27	3	0	0	158	524	1184	703	1843	3	12	816	58	268	0,100,0,0,0,0	10906	381	43	55620	1935	8641	93016,93200,91062,32846,32846,32846,32846	0	2	27416,28572,515,0,0,0,0	3	78115
176518	69	124	95	18	23	3	1	0	179	524	1192	689	1965	3	5	837	60	273	0,100,0,0,0,0	20180	388	39	55657	1937	8939	93045,93230,91093,32919,32919,32919,32919	0	0	27416,28572,554,0,0,0,0	3	78149
176485	65	136	91	20	24	3	1	0	202	524	1195	722	1840	0	6	973	56	284	0,100,0,0,0,0	20385	328	44	55699	1939	9209	93066,93250,91116,33005,33005,33005,33005	0	0	27416,28572,598,0,0,0,0	4	78153
176448	63	135	95	30	23	3	1	0	222	524	1202	728	1791	0	6	891	58	292	0,100,0,0,0,0	11185	351	43	55738	1943	9509	93080,93264,91133,33076,33076,33076,33076	0	3	27416,28572,640,0,0,0,0	4	78161
176411	61	140	101	30	22	2	1	0	250	524	1204	734	1779	2	8	916	64	293	0,100,0,0,0,0	11265	337	43	55775	1949	9779	93096,93279,91150,33149,33149,33149,33149	0	2	27416,28572,683,0,0,0,0	3	78181
176365	65	158	100	25	18	1	2	0	281	524	1207	753	1892	0	6	941	64	305	0,100,0,0,0,0	11370	350	53	55827	1952	10065	93100,93283,91157,33213,33213,33213,33213	0	0	27416,28572,738,0,0,0,0	7	78189
176329	76	144	112	28	24	1	2	0	294	524	1212	720	1792	2	12	1016	71	316	0,100,0,0,0,0	11327	320	51	55873	1957	10332	93120,93302,91180,33288,33288,33288,33288	0	2	27416,28572,789,0,0,0,0	6	78201
176290	71	154	119	29	26	1	2	0	315	524	1215	744	2032	4	5	940	68	334	0,100,0,0,0,0	11154	318	50	55914	1966	10591	93136,93318,91199,33355,33355,33355,33355	0	3	27416,28572,839,0,0,0,0	7	78212
176252	76	158	118	28	29	1	2	0	338	524	1220	752	1785	1	8	891	74	338	0,100,0,0,0,0	20325	305	50	55957	1975	10838	93150,93331,91216,33425,33425,33425,33425	0	3	27416,28572,890,0,0,0,0	6	78227
176212	80	168	123	29	30	1	2	0	353	524	1224	744	1932	2	9	727	71	362	0,100,0,0,0,0	20280	313	62	56016	1979	11097	93170,93351,91239,33511,33511,33511,33511	0	1	27416,28572,953,0,0,0,0	6	78239
176157	87	174	148	26	33	1	2	0	366	524	1228	741	2062	3	14	714	79	392	0,100,0,0,0,0	10961	329	71	56079	1987	11377	93195,93375,91267,33602,33602,33602,33602	0	4	27416,28572,1024,0,0,0,0	5	78252
176100	92	184	144	33	34	2	3	0	398	524	1232	751	1872	3	9	612	83	409	0,100,0,0,0,0	10860	282	75	56145	1996	11613	93222,93401,91297,33701,33701,33701,33701	0	2	27416,28572,1099,0,0,0,0	7	78258
176036	102	206	146	31	28	1	4	0	430	524	1238	775	1804	5	17	604	91	427	0,100,0,0,0,0	10848	297	78	56208	2011	11857	93246,93424,91324,33785,33785,33785,33785	0	2	27416,28572,1177,0,0,0,0	10	78268
175969	108	216	148	34	38	2	4	0	461	524	1242	776	2072	3	11	695	93	457	0,100,0,0,0,0	10895	308	79	56277	2022	12120	93269,93446,91351,33872,33872,33872,33872	0	3	27416,28572,1257,0,0,0,0	9	78271
175892	124	229	165	35	35	1	4	0	487	524	1250	762	2062	5	17	845	105	488	0,100,0,0,0,0	10946	311	95	56359	2035	12372	93314,93491,91400,33985,33985,33985,33985	0	7	27416,28572,1352,0,0,0,0	7	78281
175830	121	248	159	42	32	2	4	0	529	525	1254	747	1871	7	10	788	112	496	0,100,0,0,0,0	20402	249	77	56426	2045	12573	93348,93524,91436,34083,34083,34083,34083	0	3	27416,28572,1429,0,0,0,0	9	78290
175759	120	261	183	37	30	3	4	0	561	525	1263	741	1849	4	13	874	120	518	0,100,0,0,0,0	20320	327	92	56508	2056	12853	93404,93578,91497,34200,34200,34200,34200	0	5	27416,28572,1522,0,0,0,0	13	78286
175664	146	276	185	39	31	3	5	0	603	525	1269	763	1959	7	13	991	121	564	0,100,0,0,0,0	11161	311	111	56612	2063	13122	93492,93664,91589,34373,34373,34373,34373	0	5	27416,28572,1633,0,0,0,0	12	78268
175582	159	287	201	39	35	2	5	0	637	525	1274	761	2030	5	9	1069	119	609	0,100,0,0,0,0	11465	293	104	56702	2078	13367	93572,93740,91672,34531,34531,34531,34531	0	6	27416,28572,1738,0,0,0,0	13	78264
175459	183	339	201	45	39	2	5	0	670	526	1277	777	1884	8	13	1195	121	693	0,100,0,0,0,0	11283	298	154	56839	2095	13618	93685,93852,91791,34721,34721,34721,34721	0	9	27416,28572,1892,0,0,0,0	11	78240
175348	198	375	218	56	39	2	5	0	698	526	1281	766	2056	3	14	1297	126	767	0,100,0,0,0,0	11485	261	151	56966	2119	13850	93795,93960,91907,34904,34904,34904,34904	0	7	27416,28572,2042,0,0,0,0	11	78219
175186	238	419	236	59	44	1	5	0	742	526	1290	771	1958	5	17	1481	143	859	0,100,0,0,0,0	11839	282	183	57125	2143	14084	93932,94095,92048,35122,35122,35122,35122	0	7	27416,28572,2223,0,0,0,0	12	78199
175094	231	417	294	56	51	1	4	0	777	527	1294	806	1763	7	14	1490	152	902	0,100,0,0,0,0	20888	273	124	57234	2159	14321	94016,94178,92138,35279,35279,35279,35279	0	9	27416,28572,2347,0,0,0,0	12	78179
174995	211	462	317	62	55	1	4	0	814	527	1298	807	1976	11	14	1558	161	951	0,100,0,0,0,0	20956	263	140	57361	2173	14553	94083,94244,92210,35433,35433,35433,35433	0	6	27416,28572,2488,0,0,0,0	16	78133
174853	235	470	363	68	57	1	4	1	865	527	1302	807	2037	8	27	1652	188	1010	0,100,0,0,0,0	12103	262	187	57528	2193	14784	94185,94344,92317,35614,35614,35614,35614	0	9	27416,28572,2675,0,0,0,0	18	78089
174685	283	503	365	75	58	2	7	1	933	527	1307	785	1962	12	20	2113	202	1091	0,100,0,0,0,0	12387	275	217	57717	2223	15033	94306,94464,92446,35831,35831,35831,35831	0	11	27416,28572,2894,0,0,0,0	24	78024
174549	319	514	381	86	59	1	7	0	991	527	1312	789	2015	12	25	2263	212	1155	0,100,0,0,0,0	12499	290	197	57886	2251	15291	94415,94572,92562,36029,36029,36029,36029	0	4	27416,28572,3089,0,0,0,0	24	77979
174372	332	568	408	80	63	2	7	0	1072	527	1315	761	1930	10	21	2523	221	1239	0,100,0,0,0,0	12798	299	219	58079	2279	15548	94544,94699,92696,36260,36260,36260,36260	0	9	27416,28572,3309,0,0,0,0	21	77921
174180	339	623	439	80	73	3	7	0	1152	527	1323	768	2075	19	33	2762	267	1297	0,100,0,0,0,0	13049	246	233	58283	2309	15758	94690,94845,92848,36505,36505,36505,36505	1	12	27416,28572,3541,0,0,0,0	24	77858
174042	342	640	468	79	82	5	7	0	1224	528	1329	766	1949	13	15	2769	273	1350	0,100,0,0,0,0	22079	286	207	58466	2337	16008	94794,94948,92960,36692,36692,36692,36692	1	7	27416,28572,3752,0,0,0,0	26	77797
173870	348	688	492	87	86	6	6	0	1301	529	1333	784	2089	11	34	2588	292	1421	0,100,0,0,0,0	21992	270	237	58678	2363	16237	94916,95070,93090,36934,36934,36934,36934	1	14	27416,28572,3989,0,0,0,0	32	77711
173686	373	721	520	83	92	6	6	0	1392	529	1338	777	2020	12	25	2884	297	1504	0,100,0,0,0,0	13059	287	262	58906	2400	16490	95054,95209,93237,37171,37171,37171,37171	1	10	27416,28572,4252,0,0,0,0	32	77645
173444	434	788	555	92	96	7	6	0	1454	529	1341	784	1936	15	25	2987	294	1684	0,100,0,0,0,0	13400	301	335	59197	2445	16748	95257,95410,93450,37494,37494,37494,37494	1	17	27416,28572,4587,0,0,0,0	36	77562
173191	469	844	588	100	100	10	5	0	1559	530	1350	761	1962	12	41	3281	325	1791	0,100,0,0,0,0	13578	323	319	59475	2490	17028	95459,95613,93662,37820,37820,37820,37820	1	21	27416,28572,4910,0,0,0,0	40	77480
172941	477	925	625	117	108	11	4	0	1655	531	1352	727	1977	17	34	3094	339	1928	0,100,0,0,0,0	13626	292	345	59789	2523	17287	95686,95841,93899,38165,38165,38165,38165	1	15	27416,28572,5257,0,0,0,0	40	77379
172695	495	956	701	125	126	11	6	0	1744	531	1356	652	1816	21	43	3296	368	2052	0,100,0,0,0,0	13495	299	348	60096	2567	17551	95900,96055,94124,38494,38494,38494,38494	1	19	27416,28572,5608,0,0,0,0	37	77282
172453	504	989	737	132	138	12	6	1	1883	531	1360	661	1923	17	34	3132	386	2132	0,100,0,0,0,0	22190	306	333	60394	2605	17820	96099,96255,94333,38816,38816,38816,38816	1	26	27416,28572,5943,0,0,0,0	37	77174
172183	536	1027	791	135	141	12	6	1	2018	532	1364	678	1998	20	46	3215	411	2237	0,100,0,0,0,0	22510	302	356	60705	2653	18084	96309,96466,94553,39162,39162,39162,39162	1	15	27416,28572,6298,0,0,0,0	36	77052
171869	571	1139	818	144	140	15	6	1	2142	532	1369	685	1934	19	55	3523	442	2391	0,100,0,0,0,0	13621	309	428	61079	2709	18349	96568,96725,94824,39556,39556,39556,39556	1	20	27416,28572,6724,0,0,0,0	38	76916
171531	635	1213	851	162	144	18	5	1	2283	533	1370	687	2064	20	60	3845	486	2542	0,100,0,0,0,0	13822	322	473	61497	2769	18623	96863,97020,95134,39980,39980,39980,39980	2	23	27416,28572,7202,0,0,0,0	43	76770
171164	695	1273	942	170	161	20	9	1	2405	533	1373	672	2023	28	49	4064	525	2745	0,100,0,0,0,0	14402	350	502	61952	2818	18929	97194,97351,95478,40447,40447,40447,40447	2	13	27416,28572,7706,0,0,0,0	36	76617
170844	748	1303	1011	183	179	21	11	1	2533	533	1379	691	1915	15	57	4179	596	2860	0,100,0,0,0,0	14623	300	486	62374	2883	19190	97501,97659,95802,40889,40889,40889,40889	2	20	27416,28572,8192,0,0,0,0	43	76459
170432	819	1355	1060	199	187	20	9	3	2743	534	1385	701	1987	31	59	4362	616	3033	0,100,0,0,0,0	14685	313	541	62850	2951	19458	97848,98006,96162,41379,41379,41379,41379	2	14	27416,28572,8730,0,0,0,0	37	76288
170069	805	1459	1124	182	206	19	10	3	2945	535	1389	704	2026	22	63	4236	630	3175	0,100,0,0,0,0	23405	272	506	63298	3017	19698	98160,98319,96489,41846,41846,41846,41846	2	20	27416,28572,9237,0,0,0,0	43	76090
169731	782	1547	1203	183	209	19	10	2	3129	536	1395	664	2011	19	78	4445	674	3279	0,100,0,0,0,0	23464	315	508	63749	3077	19980	98455,98614,96799,42289,42289,42289,42289	2	28	27416,28572,9741,0,0,0,0	44	75874
169379	819	1626	1247	180	226	21	10	2	3303	536	1397	677	2087	29	61	4880	698	3431	0,100,0,0,0,0	25193	330	568	64240	3154	20271	98782,98942,97146,42767,42767,42767,42767	2	27	27416,28572,10306,0,0,0,0	41	75641
169025	862	1624	1323	185	231	24	9	2	3522	538	1401	666	1956	31	66	5173	714	3544	0,100,0,0,0,0	25299	315	537	64695	3237	20552	99081,99242,97463,43229,43229,43229,43229	2	27	27416,28572,10837,0,0,0,0	39	75405
168677	869	1690	1362	212	243	20	9	2	3720	539	1403	652	1999	29	80	5465	765	3640	0,100,0,0,0,0	25696	315	559	65187	3307	20832	99419,99580,97821,43713,43713,43713,43713	2	32	27416,28572,11392,0,0,0,0	44	75182
168322	873	1726	1400	231	248	22	11	2	3964	539	1408	654	1968	32	70	5830	772	3739	0,100,0,0,0,0	25743	313	566	65684	3379	21099	99740,99901,98161,44186,44186,44186,44186	3	27	27416,28572,11958,0,0,0,0	46	74939
168040	865	1736	1436	248	272	22	13	3	4162	539	1410	645	2000	27	91	6268	853	3739	0,100,0,0,0,0	26136	306	515	66137	3444	21371	100035,100195,98475,44607,44607,44607,44607	3	27	27416,28572,12469,0,0,0,0	49	74715
167749	840	1753	1491	254	286	20	11	4	4380	541	1417	647	2001	33	76	6540	856	3799	0,100,0,0,0,0	25576	301	528	66596	3518	21635	100322,100482,98783,45030,45030,45030,45030	3	27	27416,28572,13001,0,0,0,0	50	74481
167441	854	1758	1538	279	292	24	13	3	4583	543	1418	646	2008	39	76	6421	874	3884	0,100,0,0,0,0	25322	308	560	67088	3588	21897	100646,100807,99130,45480,45480,45480,45480	3	20	27416,28572,13561,0,0,0,0	50	74261
167145	879	1755	1565	279	300	24	14	3	4817	544	1421	634	1994	36	116	6919	895	3921	0,100,0,0,0,0	26816	305	563	67586	3658	22145	100956,101116,99462,45911,45911,45911,45911	3	26	27416,28572,14123,0,0,0,0	56	74031
166734	930	1864	1583	296	306	29	16	4	5014	545	1425	640	1917	35	112	7528	959	4065	0,100,0,0,0,0	17760	486	697	68199	3748	22591	101363,101524,99896,46458,46458,46458,46458	3	39	27416,28572,14824,0,0,0,0	66	73758
166290	1065	1896	1575	337	322	30	15	1	5240	546	1429	624	2067	36	100	7370	968	4272	0,100,0,0,0,0	17781	475	738	68831	3856	23021	101846,102007,100406,47124,47124,47124,47124	3	38	27416,28572,15560,0,0,0,0	72	73486
165874	1156	1958	1620	347	316	35	15	2	5442	546	1435	639	1976	40	115	7386	1015	4432	0,100,0,0,0,0	17680	506	713	69450	3957	23480	102320,102482,100907,47773,47773,47773,47773	3	32	27416,28572,16271,0,0,0,0	74	73206
165487	1105	2132	1632	341	315	35	16	2	5694	548	1439	646	1988	38	103	7343	1011	4565	0,100,0,0,0,0	17662	493	686	70047	4056	23918	102789,102951,101403,48419,48419,48419,48419	3	33	27416,28572,16960,0,0,0,0	76	72938
165092	1058	2259	1704	353	314	43	20	2	5910	549	1442	634	2071	41	95	7211	1031	4720	0,100,0,0,0,0	25907	510	704	70645	4165	24375	103251,103412,101890,49048,49048,49048,49048	4	35	27416,28572,17655,0,0,0,0	98	72674
164810	1064	2173	1813	371	315	48	17	2	6136	551	1446	614	1947	36	104	6947	1057	4744	0,100,0,0,0,0	25697	530	661	71199	4274	24836	103670,103830,102339,49620,49620,49620,49620	4	31	27416,28572,18307,0,0,0,0	92	72418
164344	1098	2243	1905	388	333	48	16	2	6369	552	1448	630	1960	48	129	7250	1093	4938	0,100,0,0,0,0	17715	532	797	71893	4378	25297	104207,104368,102904,50333,50333,50333,50333	4	35	27416,28572,19093,0,0,0,0	92	72127
163853	1189	2329	1960	383	344	52	16	1	6618	553	1448	627	2080	52	123	7593	1118	5155	0,100,0,0,0,0	17604	663	862	72618	4520	25898	104755,104918,103485,51071,51071,51071,51071	4	41	27416,28572,19952,0,0,0,0	91	71786
163396	1262	2406	2012	385	358	45	15	2	6859	555	1451	599	1924	37	127	7808	1174	5309	0,100,0,0,0,0	18303	656	872	73371	4646	26503	105366,105528,104132,51875,51875,51875,51875	4	35	27416,28572,20822,0,0,0,0	82	71459
162975	1317	2476	2071	383	378	49	14	2	7068	556	1457	602	2002	38	115	7719	1210	5478	0,100,0,0,0,0	18535	709	857	74098	4782	27142	105977,106138,104780,52660,52660,52660,52660	4	45	27416,28572,21675,0,0,0,0	84	71165
162505	1342	2571	2110	411	393	53	18	2	7325	556	1460	589	2004	50	121	8095	1233	5665	0,100,0,0,0,0	18269	695	889	74843	4932	27762	106608,106767,105445,53485,53485,53485,53485	4	30	27416,28572,22553,0,0,0,0	91	70848
162194	1295	2606	2190	398	421	50	17	3	7549	560	1463	609	1916	37	117	8396	1248	5729	0,100,0,0,0,0	26852	682	782	75519	5044	28366	107156,107316,106032,54198,54198,54198,54198	4	39	27416,28572,23329,0,0,0,0	111	70535
161853	1268	2571	2247	430	453	44	25	4	7819	560	1472	570	1998	47	143	8460	1300	5738	0,100,0,0,0,0	26914	675	767	76194	5144	28987	107696,107858,106610,54907,54907,54907,54907	4	44	27416,28572,24091,0,0,0,0	93	70200
161409	1333	2595	2299	442	457	38	23	7	8102	564	1477	603	1970	52	160	9039	1369	5818	0,100,0,0,0,0	19030	738	903	76946	5299	29651	108331,108493,107284,55722,55722,55722,55722	5	40	27416,28572,24989,0,0,0,0	92	69877
160954	1412	2652	2353	461	437	42	23	8	8356	567	1481	603	2026	47	136	9386	1432	5948	0,100,0,0,0,0	19564	867	941	77736	5453	30454	108976,109140,107971,56561,56561,56561,56561	5	46	27416,28572,25921,0,0,0,0	90	69502
160552	1414	2743	2376	480	436	40	24	7	8621	568	1485	600	2035	48	125	9394	1419	6094	0,100,0,0,0,0	19854	943	882	78484	5596	31332	109638,109802,108672,57418,57418,57418,57418	5	28	27416,28572,26796,0,0,0,0	92	69162
160184	1417	2827	2401	476	449	43	24	6	8858	572	1489	588	1902	46	148	9613	1438	6199	0,100,0,0,0,0	19878	880	898	79256	5727	32153	110337,110503,109416,58308,58308,58308,58308	5	35	27416,28572,27687,0,0,0,0	92	68813
159775	1415	2900	2454	480	487	47	25	6	9092	574	1491	569	1973	42	146	9553	1458	6350	0,100,0,0,0,0	19909	831	934	80030	5892	32913	111032,111197,110153,59202,59202,59202,59202	5	33	27416,28572,28615,0,0,0,0	103	68456
159436	1405	2875	2483	493	496	50	27	4	9407	577	1493	574	2011	59	146	9121	1412	6417	0,100,0,0,0,0	27916	896	864	80768	6032	33729	111668,111837,110833,60004,60004,60004,60004	5	54	27416,28572,29479,0,0,0,0	115	68123
159166	1341	2863	2564	517	497	54	29	4	9633	579	1499	586	1934	46	166	9653	1523	6342	0,100,0,0,0,0	28329	1003	834	81478	6160	34545	112286,112455,111496,60797,60797,60797,60797	5	37	27416,28572,30305,0,0,0,0	122	67817
158751	1359	2915	2594	526	493	59	33	4	9925	581	1506	567	2046	53	178	9718	1545	6434	0,100,0,0,0,0	20337	996	950	82253	6346	35347	112978,113147,112232,61679,61679,61679,61679	5	43	27416,28572,31247,0,0,0,0	119	67530
158411	1416	2900	2624	516	505	61	34	4	10185	582	1508	595	1919	44	162	10615	1605	6451	0,100,0,0,0,0	20670	1803	969	83052	6521	36955	113658,113829,112964,62508,62508,62508,62508	5	51	27416,28572,32208,0,0,0,0	122	67208
158101	1435	2931	2669	511	498	63	31	4	10405	585	1513	566	1969	44	161	10929	1598	6540	0,100,0,0,0,0	21281	1655	972	83846	6707	38426	114574,114743,113933,63694,63694,63694,63694	5	42	27416,28572,33171,0,0,0,0	123	66908
157733	1467	3023	2636	500	513	63	32	4	10668	589	1518	556	1932	72	157	10775	1593	6641	0,100,0,0,0,0	21286	1722	986	84646	6898	39972	115424,115596,114835,64821,64821,64821,64821	5	46	27416,28572,34146,0,0,0,0	120	66558
157383	1520	3092	2643	530	485	66	32	4	10881	591	1519	559	1996	47	172	11141	1677	6691	0,100,0,0,0,0	21322	1632	1009	85463	7097	41419	116321,116493,115786,65974,65974,65974,65974	5	61	27416,28572,35140,0,0,0,0	131	66222
157261	1477	2976	2761	516	479	64	29	5	11060	595	1523	544	1993	64	144	11419	1639	6663	0,100,0,0,0,0	29426	1706	801	86124	7248	42924	117053,117226,116574,66898,66898,66898,66898	5	44	27416,28572,35935,0,0,0,0	134	65963
157103	1416	2966	2739	539	490	57	28	6	11275	599	1528	530	2002	84	137	11407	1643	6592	0,99,0,0,0,0	29703	1697	810	86796	7422	44462	117846,118018,117420,67903,67903,67903,67903	6	50	27416,28572,36722,28,0,0,0	127	65660
156884	1395	3002	2768	521	481	65	29	3	11465	601	1532	540	1995	59	170	12128	1743	6518	0,99,0,0,0,0	22104	1659	941	87559	7613	45961	118720,118892,118352,68964,68964,68964,68964	6	51	27416,28572,37641,40,0,0,0	120	65361
156662	1407	2998	2807	505	494	65	27	3	11639	605	1534	524	1891	53	151	11799	1742	6561	0,99,0,0,0,0	22585	874	931	88328	7815	46679	119576,119748,119267,70001,70001,70001,70001	6	40	27416,28572,38559,76,0,0,0	129	65035
156431	1429	2964	2853	498	487	72	31	4	11832	607	1538	526	1943	52	144	11796	1709	6625	0,98,1,0,0,0	21966	876	883	89066	8003	47396	120179,120351,119925,70664,70664,70664,70664	6	33	27416,28572,39413,128,0,0,0	126	64692
156245	1406	2965	2821	492	464	76	32	4	12089	611	1541	545	1920	59	144	11365	1606	6650	0,97,2,0,0,0	22262	851	882	89784	8194	48102	120787,120961,120589,71324,71324,71324,71324	6	35	27416,28572,40249,173,0,0,0	127	64375
156032	1390	3058	2770	484	452	73	35	4	12291	613	1544	533	1996	49	158	10728	1573	6689	0,97,2,0,0,0	21665	862	931	90507	8434	48827	121377,121552,121236,71987,71987,71987,71987	6	42	27416,28572,41112,239,0,0,0	132	64013
156044	1367	2911	2790	484	477	78	31	7	12396	616	1545	520	1959	50	151	10982	1563	6575	0,96,3,0,0,0	29260	855	750	91078	8616	49536	121868,122044,121783,72493,72493,72493,72493	6	60	27416,28572,41791,289,0,0,0	139	63730
156037	1272	2847	2852	477	490	72	27	7	12497	622	1546	510	1916	54	134	10911	1542	6495	0,96,3,0,0,0	29252	825	792	91692	8801	50229	122360,122535,122334,73003,73003,73003,73003	6	43	27416,28572,42517,342,0,0,0	135	63414
155946	1303	2827	2826	454	491	70	26	9	12617	625	1552	514	1971	54	170	10614	1546	6451	0,95,4,0,0,0	21269	819	905	92389	9014	50913	122918,123092,122951,73587,73587,73587,73587	6	46	27416,28572,43319,419,0,0,0	123	63081
155826	1382	2684	2780	475	515	78	27	9	12784	628	1558	510	2009	60	136	10479	1558	6383	0,94,5,0,0,0	20688	720	849	93057	9200	51476	123454,123630,123542,74150,74150,74150,74150	6	31	27416,28572,44068,502,0,0,0	127	62760
155808	1349	2658	2757	480	514	79	26	6	12878	631	1560	502	1968	53	158	10587	1556	6307	0,94,5,0,0,0	20919	679	804	93648	9418	51993	123891,124069,124036,74572,74572,74572,74572	6	29	27416,28572,44741,602,0,0,0	137	62483
155754	1360	2629	2727	465	514	81	25	6	12986	635	1564	498	1916	46	161	9969	1531	6270	0,93,6,0,0,0	20494	722	833	94268	9634	52564	124340,124516,124539,75016,75014,75014,75014	6	37	27416,28572,45436,718,0,0,0	135	62191
155691	1315	2699	2676	461	492	76	26	7	13101	636	1566	494	2037	40	167	10278	1514	6231	0,92,7,0,0,0	20447	725	862	94911	9857	53133	124824,125001,125078,75509,75507,75507,75507	6	40	27416,28572,46132,852,0,0,0	129	61883
155778	1241	2641	2665	452	474	72	23	5	13187	640	1568	487	1925	45	140	10158	1469	6099	0,91,8,0,0,0	28618	746	734	95437	10069	53723	125202,125378,125512,75863,75861,75861,75861	6	42	27416,28572,46709,981,0,0,0	124	61620
155895	1173	2506	2712	452	453	77	21	5	13239	643	1570	479	1897	50	130	10490	1422	5972	0,90,9,0,0,0	28712	732	707	95970	10244	54306	125582,125759,125950,76194,76191,76191,76191	6	40	27416,28572,47276,1101,0,0,0	120	61378
155948	1183	2515	2620	435	438	74	24	5	13287	645	1572	486	1992	42	132	10484	1397	5892	0,88,11,0,0,0	21035	735	814	96552	10482	54894	125990,126169,126418,76582,76577,76577,76577	5	37	27416,28572,47884,1276,0,0,0	109	61085
156015	1256	2397	2597	429	431	66	25	4	13302	648	1576	465	1958	49	162	10418	1387	5814	0,87,12,0,0,0	20550	417	786	97117	10708	55152	126379,126559,126865,76938,76932,76932,76932	6	46	27416,28572,48460,1460,0,0,0	101	60800
156122	1222	2368	2509	423	419	60	27	3	13362	653	1578	460	1962	46	154	10463	1354	5674	0,85,14,0,0,0	20734	268	736	97649	10917	55373	126687,126864,127227,77154,77147,77147,77147	6	35	27416,28572,48989,1642,0,0,0	95	60515
156190	1194	2440	2416	422	395	55	27	3	13371	653	1580	462	2000	56	120	10199	1319	5630	0,83,16,0,0,0	20493	256	792	98207	11157	55629	126985,127162,127583,77385,77375,77375,77375	5	42	27416,28572,49539,1865,0,0,0	102	60189
156343	1225	2371	2375	421	403	51	25	4	13286	658	1584	475	1876	45	134	9852	1311	5560	0,82,17,0,0,0	20426	238	766	98751	11383	55867	127286,127462,127941,77597,77585,77585,77585	5	26	27416,28572,50070,2082,0,0,0	86	59886
156514	1207	2284	2358	417	399	55	23	4	13240	661	1584	454	1998	37	125	9524	1241	5502	0,81,18,0,0,0	28020	253	662	99202	11600	56120	127509,127682,128219,77724,77708,77708,77708	5	37	27416,28572,50548,2247,0,0,0	96	59623
156720	1164	2232	2290	417	387	50	23	5	13208	662	1588	468	1855	42	115	9145	1193	5370	0,79,20,0,0,0	27939	269	686	99695	11801	56389	127771,127943,128536,77884,77866,77866,77866	5	28	27416,28572,50982,2489,0,0,0	94	59321
156795	1202	2216	2282	409	390	56	18	5	13114	667	1592	464	1911	38	117	8740	1156	5417	0,77,22,0,0,0	19068	267	762	100221	12044	56656	128081,128255,128898,78140,78119,78119,78119	5	33	27416,28572,51457,2753,0,0,0	84	59017
156872	1222	2213	2262	384	382	58	17	6	13069	668	1593	463	2019	49	145	8344	1155	5383	0,75,24,0,0,0	18691	91	757	100724	12306	56747	128379,128552,129249,78379,78355,78355,78355	5	36	27416,28572,51906,3050,0,0,0	95	58730
157037	1239	2162	2250	371	389	48	17	6	12964	670	1593	475	1958	35	122	8117	1178	5298	0,74,25,0,0,0	28316	106	708	101200	12546	56853	128571,128743,129494,78489,78460,78460,78460	5	39	27416,28572,52317,3332,0,0,0	94	58435
157198	1168	2187	2237	361	392	48	20	5	12862	674	1594	502	2020	38	136	8168	1191	5222	0,71,28,0,0,0	27743	95	701	101679	12777	56948	128759,128931,129738,78594,78561,78561,78561	5	28	27416,28572,52693,3637,0,0,0	86	58133
157403	1143	2166	2172	357	390	45	19	4	12775	675	1597	510	1877	45	107	8184	1118	5174	0,69,30,0,0,0	27115	93	679	102132	13008	57041	128930,129103,129960,78677,78638,78638,78638	5	38	27416,28572,53034,3961,0,0,0	100	57844
157568	1116	2155	2134	347	362	41	20	4	12725	677	1597	498	1928	38	106	7811	1056	5119	0,66,33,0,0,0	26727	86	666	102542	13268	57127	129082,129255,130158,78770,78725,78725,78725	5	38	27416,28572,53302,4338,0,0,0	88	57569
157769	1065	2105	2143	341	344	43	18	4	12631	681	1602	458	1951	44	114	7715	1056	5003	0,64,35,0,0,0	26419	101	627	102931	13510	57228	129214,129388,130337,78823,78772,78772,78772	5	27	27416,28572,53590,4668,0,0,0	92	57323
157943	1083	2040	2166	342	328	47	22	4	12487	681	1603	475	1872	40	95	7497	1002	5026	0,61,38,0,0,0	27318	99	713	103394	13766	57327	129365,129537,130537,78918,78860,78860,78860	4	28	27416,28572,53874,5082,0,0,0	84	57011
158073	1148	1937	2090	331	327	49	22	5	12475	682	1607	472	1974	34	115	7294	990	4914	0,58,41,0,0,0	27268	85	675	103820	14021	57412	129509,129681,130726,79025,78959,78959,78959	4	33	27416,28572,54122,5495,0,0,0	87	56722
158231	1140	1953	2041	327	321	49	22	5	12365	683	1609	472	1914	38	123	7341	961	4892	0,55,44,0,0,0	26949	71	687	104233	14296	57483	129642,129814,130902,79121,79048,79048,79048	4	29	27416,28572,54337,5946,0,0,0	93	56451
158253	1196	2059	1954	307	304	43	25	5	12306	683	1611	484	1957	32	113	7164	939	4949	0,51,48,0,0,0	27132	78	797	104733	14600	57561	129818,129990,131120,79302,79219,79219,79219	4	36	27416,28572,54580,6485,0,0,0	93	56116
158316	1232	2013	1979	315	303	39	24	8	12221	683	1613	501	1920	33	96	6728	878	5027	0,49,50,0,0,0	26779	80	750	105176	14915	57641	129955,130129,131299,79442,79352,79352,79352	4	44	27416,28572,54800,6997,0,0,0	89	55794
158450	1208	2006	2076	303	298	42	26	9	12026	685	1617	486	1944	63	119	6671	889	5070	0,46,53,0,0,0	25466	86	733	105622	15205	57727	130095,130269,131482,79570,79469,79469,79469	4	52	27416,28572,55005,7513,0,0,0	104	55501
158503	1237	2000	2107	288	295	44	28	9	11930	686	1619	503	1999	58	88	6363	886	5113	0,43,56,0,0,0	25991	79	763	106066	15525	57806	130239,130413,131665,79738,79627,79627,79627	5	50	27416,28572,55199,8068,0,0,0	96	55185
158452	1350	2054	2104	283	285	45	29	10	11823	688	1623	522	1862	44	103	6850	933	5217	0,40,59,0,0,0	16759	80	878	106554	15921	57886	130432,130607,131898,79990,79868,79868,79868	5	36	27416,28572,55387,8743,0,0,0	94	54857
158283	1474	2054	2110	304	296	45	26	9	11821	690	1634	516	1979	50	94	6649	917	5392	0,37,62,0,0,0	16946	275	942	107077	16346	58161	130666,130839,132167,80312,80178,80178,80178	5	43	27416,28572,55565,9492,0,0,0	94	54519
158100	1551	2222	2096	287	287	48	24	9	11795	693	1634	499	1970	52	94	6562	893	5622	0,34,65,0,0,0	16949	260	978	107618	16790	58421	130937,131112,132472,80723,80575,80575,80575	5	48	27416,28572,55752,10270,0,0,0	88	54166
157776	1630	2369	2131	273	293	44	25	8	11865	694	1638	499	1962	68	91	6369	865	5900	0,30,69,0,0,0	16506	296	1056	108205	17266	58717	131243,131417,132811,81213,81053,81053,81053	5	65	27416,28572,55914,11154,0,0,0	85	53771
157489	1764	2444	2231	262	326	41	19	9	11822	699	1640	495	2016	48	115	6368	940	6147	0,28,71,0,0,0	16661	251	1093	108786	17781	58968	131530,131706,133131,81714,81539,81539,81539	5	45	27416,28572,56073,12078,0,0,0	78	53365
157280	1794	2557	2303	252	300	45	20	9	11844	700	1642	516	1941	55	110	6409	938	6333	0,25,74,0,0,0	25400	306	1033	109357	18248	59274	131778,131954,133412,82151,81959,81959,81959	5	55	27416,28572,56205,12971,0,0,0	76	52955
157072	1749	2681	2386	267	296	40	20	8	11884	701	1642	528	2009	65	80	6694	917	6522	0,23,76,0,0,0	25505	274	1040	109904	18744	59548	132028,132206,133692,82589,82381,82381,82381	6	57	27416,28572,56317,13884,0,0,0	82	52559
156477	1956	2837	2468	271	312	35	18	8	12012	703	1649	501	1949	70	115	7016	970	6927	0,20,79,0,0,0	17061	290	1347	110597	19415	59838	132405,132582,134092,83291,83066,83066,83066	6	49	27416,28572,56450,15094,8,0,0	81	52081
155907	2229	2823	2636	293	318	31	21	7	12128	703	1650	509	1994	59	120	6760	1003	7348	0,18,80,0,0,0	17167	343	1346	111291	20091	60181	132769,132947,134482,83988,83742,83742,83742	6	74	27416,28572,56559,16322,27,0,0	74	51592
155262	2364	3078	2785	273	297	30	18	9	12268	705	1657	512	1916	73	123	6765	1011	7834	0,16,82,0,0,0	16854	375	1479	112080	20798	60556	133193,133369,134925,84798,84530,84530,84530	6	75	27416,28572,56683,17665,38,0,0	75	51055
154487	2516	3348	2929	278	285	35	14	10	12477	707	1660	535	1960	72	124	7065	1101	8304	0,14,84,0,0,0	16781	348	1548	112869	21585	60904	133629,133803,135383,85646,85356,85356,85356	7	78	27416,28572,56783,19105,60,0,0	87	50516
153513	2746	3644	3013	293	310	34	19	8	12793	707	1666	507	1963	89	106	7306	1108	8951	0,13,85,0,0,0	17290	354	1709	113711	22482	61258	134085,134261,135855,86600,86288,86288,86288	7	104	27416,28572,56879,20694,97,0,0	89	49887
152788	2758	3792	3295	322	326	33	18	9	13028	708	1669	515	1933	94	127	7609	1170	9374	0,11,87,1,0,0	26019	324	1577	114488	23313	61582	134463,134640,136250,87438,87098,87098,87098	8	86	27416,28572,56966,22164,129,0,0	101	49329
152017	2707	4008	3555	324	357	33	18	8	13339	708	1672	494	1961	104	123	7969	1261	9741	0,10,88,1,0,0	26563	347	1662	115280	24190	61929	134866,135039,136668,88320,87949,87949,87949	8	89	27416,28572,57035,23717,158,0,0	109	48764
150900	2994	4188	3713	333	383	33	17	10	13794	708	1673	484	1911	110	150	8212	1346	10315	0,9,89,1,0,0	18203	353	2011	116258	25238	62282	135382,135556,137196,89471,89067,89067,89067	9	109	27416,28572,57119,25596,201,0,0	104	48052
149694	3389	4204	3968	379	403	30	19	10	14262	711	1677	514	2007	110	150	8244	1434	10958	0,8,90,1,0,0	18318	354	2127	117263	26374	62636	135941,136118,137764,90700,90261,90261,90261	9	106	27416,28572,57186,27606,247,0,0	92	47350
148466	3588	4487	4156	408	406	27	20	11	14784	714	1679	517	1979	110	175	8975	1594	11498	0,7,90,1,0,0	18944	358	2127	118241	27534	62994	136461,136636,138293,91918,91443,91442,91442	10	95	27416,28572,57241,29603,309,0,0	98	46637
147238	3700	4797	4316	403	419	30	19	13	15413	714	1684	509	1901	116	173	9532	1690	11994	0,6,91,2,0,0	19717	341	2188	119227	28748	63335	136995,137167,138832,93191,92676,92676,92676	10	116	27416,28572,57300,31657,366,0,0	123	45908
145773	3940	5142	4531	408	448	36	14	11	16037	719	1687	499	1902	110	150	9796	1752	12767	0,5,92,2,0,0	19916	355	2436	120361	30067	63690	137616,137787,139455,94638,94079,94079,94079	11	110	27416,28572,57359,33943,442,0,0	117	45092
144632	3858	5357	4820	419	478	38	15	13	16705	720	1691	474	2060	133	170	9776	1755	13230	0,5,92,2,0,0	28198	389	2161	121344	31257	64079	138095,138265,139939,95873,95268,95267,95267	11	113	27416,28572,57422,35963,508,0,0	129	44365
143372	3804	5594	5097	407	498	42	17	14	17489	720	1692	505	2003	123	174	10420	1941	13518	0,4,92,2,0,0	28353	386	2294	122369	32547	64465	138633,138799,140480,97204,96552,96550,96550	12	118	27416,28572,57471,38132,583,0,0	131	43620
141747	4224	5700	5360	434	510	37	20	15	18284	721	1694	477	1860	137	183	10980	2016	14269	0,4,92,3,0,0	20874	347	2703	123574	34069	64812	139318,139476,141160,98823,98121,98119,98119	13	147	27416,28572,57524,40670,695,0,0	138	42763
140222	4503	5771	5619	462	532	42	19	16	19143	722	1695	474	1879	158	223	11374	2153	14795	0,3,92,3,0,0	21256	334	2647	124772	35541	65146	139953,140109,141788,100394,99636,99633,99633	13	130	27416,28572,57570,43162,804,0,0	129	41913
138770	4456	6132	5755	485	557	43	18	19	20089	723	1699	469	1950	140	206	11936	2247	15199	0,3,93,3,0,0	21773	361	2607	125929	37009	65507	140552,140708,142381,101916,101102,101098,101098	13	111	27416,28572,57607,45605,922,0,0	115	41067
137252	4516	6500	5957	496	501	43	17	19	21020	724	1701	471	2040	157	210	12824	2335	15695	0,3,93,3,0,0	22556	348	2771	127140	38588	65855	141182,141337,143005,103526,102651,102647,102647	14	136	27416,28572,57636,48216,1043,0,0	125	40186
135752	4727	6558	6228	498	532	45	20	17	21939	724	1706	484	1907	123	194	13110	2376	16232	0,2,93,3,0,0	23174	324	2851	128418	40176	66179	141798,141951,143608,105197,104253,104248,104248	14	139	27416,28572,57664,50887,1178,0,0	111	39237
134507	4632	6578	6437	540	549	44	18	15	22990	726	1710	478	1886	163	215	12616	2392	16406	0,2,93,4,0,0	30769	330	2556	129526	41644	66509	142307,142460,144119,106668,105656,105650,105650	15	148	27416,28572,57693,53258,1311,0,0	144	38409
133417	4345	6689	6550	550	568	40	25	15	24106	726	1715	499	1902	138	222	12775	2441	16326	0,2,93,4,0,0	30546	289	2494	130610	43072	66798	142767,142915,144570,108076,106990,106983,106983	15	139	27416,28572,57720,55571,1447,0,0	141	37604
132087	4433	6638	6845	575	558	44	27	15	25077	728	1719	478	1943	178	257	13366	2510	16610	0,2,93,4,0,0	23266	329	2788	131760	44726	67127	143286,143436,145074,109644,108482,108474,108474	16	150	27416,28572,57740,58119,1618,0,0	136	36755
130707	4725	6504	6906	600	567	43	25	17	26201	729	1722	490	1996	167	234	13696	2585	16785	0,1,93,5,0,0	23963	113	2857	132953	46411	67240	143837,143983,145610,111289,110048,110038,110038	16	139	27416,28572,57756,60748,1802,0,0	135	35881
129558	4610	6616	6979	552	587	46	27	16	27302	730	1723	487	1986	181	243	14146	2631	16786	0,1,93,5,0,0	23884	131	2683	134069	47998	67371	144296,144435,146050,112759,111438,111426,111426	16	136	27416,28572,57774,63240,1943,0,0	150	35070
128552	4570	6735	6976	517	552	45	29	18	28297	731	1724	492	1992	182	242	14777	2669	16755	0,1,93,5,0,0	24627	130	2694	135236	49534	67501	144739,144885,146488,114262,112849,112835,112835	17	139	27416,28572,57790,65674,2131,0,0	161	34199
127578	4495	6695	7075	540	580	42	31	22	29227	733	1728	495	1870	148	212	15078	2721	16737	0,1,92,5,0,0	24973	126	2641	136352	51073	67627	145171,145319,146911,115712,114212,114194,114194	17	131	27416,28572,57804,68068,2316,0,0	151	33373
126950	4303	6578	7072	575	546	45	31	24	30155	734	1733	477	1920	161	229	14454	2655	16495	0,1,92,6,0,0	32352	112	2394	137319	52516	67739	145447,145594,147178,116963,115366,115347,115347	17	140	27416,28572,57817,70199,2523,0,0	145	32638
126468	4083	6421	7024	593	555	45	32	22	31028	737	1738	476	1900	142	229	14537	2663	16090	0,1,92,6,0,0	32209	109	2315	138266	53895	67848	145677,145826,147405,118172,116476,116453,116453	17	126	27416,28572,57829,72274,2707,0,0	154	31916
125816	4113	6227	6937	620	556	41	29	23	31907	738	1739	474	2002	169	236	15118	2666	15857	0,1,91,6,0,0	25225	144	2544	139294	55432	67992	145992,146142,147711,119526,117730,117703,117703	17	132	27416,28572,57846,74545,2899,0,0	135	31152
125386	4141	5949	6861	599	564	45	31	21	32667	740	1742	465	2008	179	234	15426	2615	15575	0,1,91,7,0,0	25258	91	2367	140246	56867	68083	146232,146382,147946,120771,118870,118840,118840	17	122	27416,28572,57857,76649,3121,0,0	121	30432
125137	3968	5907	6728	540	561	45	30	21	33322	743	1744	474	1906	144	243	15650	2610	15169	0,1,90,8,0,0	25632	75	2225	141144	58205	68158	146426,146573,148131,121913,119908,119874,119874	17	110	27416,28572,57866,78575,3346,0,0	131	29747
125001	3810	5830	6540	508	530	45	26	20	33941	747	1748	483	1966	127	221	15239	2440	14849	0,0,90,8,0,0	25845	88	2168	142004	59524	68246	146551,146698,148254,123005,120891,120851,120851	17	131	27416,28572,57873,80455,3571,0,0	129	29074
124922	3681	5726	6379	517	533	53	26	21	34387	748	1753	509	1927	146	222	14919	2316	14599	0,0,90,8,0,0	25137	79	2136	142881	60793	68325	146698,146850,148400,124097,121871,121826,121826	16	121	27416,28572,57880,82303,3778,0,0	133	28407
125108	3479	5496	6320	498	530	51	27	22	34710	750	1755	505	1952	142	223	14110	2224	14177	0,0,90,9,0,0	32234	95	1927	143647	61972	68420	146755,146907,148455,125045,122704,122653,122653	16	126	27416,28572,57882,83979,3987,0,0	151	27830
125417	3227	5273	6234	477	489	46	27	25	35024	752	1755	477	1928	121	221	13469	2171	13602	0,0,89,9,0,0	31194	72	1797	144340	63088	68492	146751,146904,148450,125909,123455,123400,123400	16	113	27416,28572,57890,85505,4193,0,0	142	27277
125737	3174	5032	6020	485	484	45	23	24	35212	754	1756	481	1873	141	203	13567	2093	13170	0,0,89,10,0,0	23695	75	1885	145100	64227	68567	146775,146928,148477,126817,124245,124184,124184	16	117	27416,28572,57892,87094,4429,0,0	130	26692
126130	3116	4798	5807	491	464	44	19	23	35337	757	1760	499	2006	133	198	13010	2015	12724	0,0,88,10,0,0	23607	66	1778	145758	65358	68633	146753,146904,148461,127640,124953,124886,124886	15	107	27416,28572,57903,88546,4673,0,0	104	26193
126651	3038	4644	5520	482	437	44	16	24	35367	760	1763	481	1940	132	220	12381	1943	12238	0,0,87,11,0,0	22731	52	1747	146413	66467	68685	146718,146873,148431,128448,125646,125571,125571	15	102	27416,28572,57909,89947,4944,0,0	107	25694
127219	2895	4474	5322	483	424	43	16	24	35317	761	1768	493	1945	120	172	12279	1876	11781	0,0,87,12,0,0	22277	50	1628	147043	67480	68735	146641,146795,148358,129189,126268,126186,126186	15	117	27416,28572,57914,91276,5179,0,0	101	25216
127954	2742	4350	5046	445	426	40	13	23	35170	766	1771	498	1876	109	160	12013	1772	11290	0,0,86,12,0,0	22317	43	1557	147611	68477	68778	146527,146677,148250,129858,126818,126728,126728	15	76	27416,28572,57916,92521,5414,0,0	96	24765
128870	2527	4126	4912	417	391	44	12	25	34879	769	1774	495	1912	119	175	11119	1645	10784	0,0,85,13,0,0	29417	44	1356	148121	69334	68822	146338,146493,148072,130412,127253,127155,127155	14	67	27416,28572,57918,93574,5656,0,0	103	24359
129809	2293	3874	4800	413	344	41	12	26	34588	769	1777	515	1936	113	146	11234	1585	10192	0,0,84,14,0,0	29466	53	1277	148635	70103	68875	146162,146317,147903,130939,127664,127557,127557	13	75	27416,28572,57922,94553,5889,0,0	101	23954
130685	2229	3570	4625	406	354	36	12	25	34254	770	1780	520	2042	106	135	11605	1537	9695	0,0,83,15,0,0	21604	52	1303	149092	70958	68927	145983,146131,147725,131453,128065,127948,127948	13	60	27416,28572,57924,95526,6149,0,0	91	23605
131522	2189	3430	4359	369	343	35	14	23	33910	770	1782	525	1888	97	155	11486	1458	9281	0,0,83,16,0,0	21585	58	1303	149547	71811	68985	145833,145980,147584,131976,128478,128352,128352	12	73	27416,28572,57928,96497,6398,0,0	82	23269
132549	2069	3327	4163	342	318	29	16	22	33356	771	1784	516	2026	85	143	11270	1425	8839	0,0,81,17,0,0	21455	35	1212	149975	72603	69020	145613,145754,147369,132432,128822,128687,128687	12	72	27416,28572,57933,97343,6685,0,0	78	22933
133634	1959	3192	3914	337	306	29	17	20	32779	771	1788	514	1972	75	136	11133	1345	8409	0,0,80,18,0,0	21282	54	1135	150376	73346	69074	145397,145539,147166,132844,129121,128976,128976	11	65	27416,28572,57935,98138,6956,0,0	87	22638
134680	1888	3052	3728	313	293	30	16	21	32164	772	1789	510	1929	73	127	10677	1286	8034	0,0,79,20,0,0	20985	49	1095	150747	74076	69123	145168,145310,146942,133237,129407,129254,129254	11	73	27416,28572,57937,98894,7236,0,0	86	22351
135896	1740	2815	3567	311	312	25	17	17	31482	772	1792	518	1970	91	104	9764	1166	7621	0,0,78,20,0,0	28274	39	912	151087	74659	69162	144898,145043,146683,133543,129608,129444,129444	10	75	27416,28572,57937,99557,7449,0,0	82	22094
137185	1542	2735	3342	291	303	27	18	17	30720	772	1794	501	1823	68	120	9374	1106	7152	0,0,77,22,0,0	28099	51	880	151411	75222	69213	144608,144750,146407,133814,129772,129596,129596	10	48	27416,28572,57938,100128,7701,0,0	80	21835
138306	1559	2520	3110	299	280	31	14	15	30037	775	1800	519	1980	71	138	9411	1057	6756	0,0,75,23,0,0	19341	40	919	151715	75846	69253	144346,144485,146154,134098,129960,129772,129772	9	59	27416,28572,57939,100704,7979,0,0	74	21598
139509	1477	2343	2936	289	267	30	10	15	29288	778	1804	524	2030	87	107	8887	986	6366	0,0,74,24,0,0	19617	24	821	152012	76376	69277	144083,144222,145904,134339,130106,129906,129906	9	55	27416,28572,57939,101223,8220,0,0	77	21371
140659	1422	2308	2730	269	240	20	9	13	28488	780	1808	550	1884	54	113	8591	957	6041	0,0,73,26,0,0	18826	30	839	152282	76947	69307	143798,143938,145629,134562,130235,130024,130024	8	41	27416,28572,57941,101706,8512,0,0	61	21166
141893	1370	2114	2625	270	212	23	10	9	27632	780	1808	558	1998	71	77	8271	876	5748	0,0,71,28,0,0	18534	25	763	152522	77474	69332	143498,143638,145346,134749,130325,130103,130103	8	48	27416,28572,57943,102143,8794,0,0	58	20970
143054	1299	2003	2519	234	189	20	10	9	26816	780	1813	541	1937	49	76	7718	804	5470	0,0,69,30,0,0	18076	28	731	152780	77953	69360	143227,143368,145088,134934,130420,130186,130186	8	45	27416,28572,57945,102555,9073,0,0	64	20774
144279	1144	1981	2393	192	183	18	11	8	25944	780	1813	564	1933	36	76	6939	790	5132	0,0,67,31,0,0	26210	23	610	152971	78377	69383	142914,143056,144792,135040,130439,130192,130192	7	41	27416,28572,57946,102876,9316,0,0	62	20615
145604	988	1802	2347	175	189	20	8	12	25003	781	1817	563	1847	47	62	6851	724	4805	0,0,66,33,0,0	25356	29	554	153140	78768	69412	142579,142720,144476,135120,130432,130172,130172	7	34	27416,28572,57946,103177,9532,0,0	52	20482
146656	1061	1763	2177	178	189	19	10	11	24082	781	1819	594	1990	51	91	6277	674	4723	0,0,64,35,0,0	16710	26	748	153391	79271	69438	142322,142465,144229,135312,130544,130271,130271	6	36	27416,28572,57950,103564,9850,0,0	53	20281
147702	1150	1604	2087	171	183	16	11	11	23207	782	1822	588	1991	40	62	5511	580	4642	0,0,62,37,0,0	16081	7	675	153587	79758	69445	142057,142203,143973,135455,130619,130330,130330	6	31	27416,28572,57951,103896,10152,0,0	45	20129
148666	1130	1636	1958	168	164	13	13	10	22383	782	1823	603	1965	40	81	4914	491	4591	0,0,60,39,0,0	15238	10	683	153835	80195	69455	141831,141979,143762,135631,130726,130423,130423	6	41	27416,28572,57951,104221,10467,0,0	47	19940
149577	1159	1629	1892	142	154	17	11	9	21545	784	1827	621	1991	46	62	4142	415	4589	0,0,58,41,0,0	14847	4	707	154070	80674	69459	141599,141744,143539,135800,130825,130510,130510	6	48	27416,28572,57953,104536,10815,0,0	48	19755
150485	1150	1605	1856	142	158	18	10	10	20698	784	1830	631	1975	42	68	3415	387	4552	0,0,56,43,0,0	14196	9	655	154286	81115	69468	141373,141518,143324,135940,130906,130575,130575	5	29	27416,28572,57953,104826,11139,0,0	49	19596
151468	1089	1633	1756	143	154	22	9	10	19845	784	1833	610	2026	58	82	2638	370	4436	0,0,54,45,0,0	22207	9	598	154512	81488	69477	141135,141281,143094,136070,130975,130629,130629	5	37	27416,28572,57954,105080,11448,0,0	64	19429
152457	1013	1581	1764	153	155	21	8	9	18963	785	1837	598	1917	36	61	2214	363	4332	0,0,52,47,0,0	21485	7	558	154691	81869	69484	140894,141037,142863,136174,131016,130655,130655	4	35	27416,28572,57956,105305,11751,0,0	65	19297
153198	1072	1609	1703	159	155	20	6	11	18183	787	1843	572	2028	48	79	1655	321	4403	0,0,50,49,0,0	12056	4	714	154912	82369	69488	140701,140845,142675,136353,131140,130765,130765	4	45	27416,28572,57956,105584,12133,0,0	58	19135
153876	1167	1577	1613	155	153	20	6	12	17529	787	1851	565	1986	48	87	1112	314	4377	0,0,47,51,0,0	11591	22	678	155135	82826	69510	140535,140679,142514,136516,131252,130864,130864	4	38	27416,28572,57956,105819,12536,0,0	50	18973
154599	1140	1576	1650	155	147	21	7	12	16795	787	1857	561	1947	45	72	1024	321	4375	0,0,45,54,0,0	11018	20	628	155342	83254	69530	140369,140512,142359,136660,131349,130947,130947	3	34	27416,28572,57956,106026,12923,0,0	54	18835
155176	1148	1606	1674	174	157	17	9	9	16130	787	1859	606	2040	49	58	995	311	4474	0,0,43,55,0,0	11159	11	702	155596	83708	69541	140225,140370,142222,136873,131520,131102,131102	3	40	27416,28572,57956,106261,13356,0,0	60	18642
155658	1202	1593	1664	181	159	21	11	9	15598	788	1862	580	1959	38	92	1030	352	4479	0,0,42,57,0,0	11026	19	709	155815	84202	69560	140101,140246,142101,137058,131669,131238,131238	3	42	27416,28572,57957,106482,13799,0,0	67	18475
156176	1138	1657	1652	185	158	20	11	8	15086	790	1865	551	2024	47	75	1023	360	4461	0,0,40,59,0,0	20491	21	617	156009	84628	69581	139956,140100,141961,137195,131773,131327,131327	3	39	27416,28572,57959,106683,14184,0,0	67	18320
156725	1018	1660	1673	187	157	16	10	7	14633	791	1869	575	1937	36	84	1051	347	4374	0,0,39,60,0,0	20340	20	583	156175	85049	69601	139793,139940,141803,137317,131863,131401,131401	3	36	27416,28572,57960,106841,14578,0,0	54	18183
157072	1051	1640	1700	177	160	12	11	7	14254	792	1870	546	1938	52	75	1049	330	4421	0,0,37,62,0,0	11215	20	710	156428	85510	69621	139699,139845,141712,137528,132045,131569,131569	3	40	27416,28572,57960,107042,15060,0,0	52	17978
157417	1166	1574	1686	170	157	14	10	8	13876	793	1875	561	2017	64	77	1058	331	4446	0,0,34,64,0,0	11180	0	716	156643	86017	69621	139583,139728,141598,137705,132196,131703,131703	3	34	27416,28572,57963,107219,15571,0,0	55	17794
157848	1175	1568	1662	170	164	12	11	7	13459	793	1877	537	1992	54	88	1102	357	4405	0,0,33,66,0,0	11072	0	675	156859	86486	69621	139450,139594,141472,137863,132331,131819,131819	3	38	27416,28572,57964,107376,16056,0,0	61	17620
158202	1158	1656	1649	172	159	8	10	8	13050	793	1881	523	2028	50	61	1082	351	4461	0,0,31,68,0,0	11233	0	697	157055	86994	69621	139327,139471,141349,138023,132474,131943,131943	3	37	27416,28572,57967,107528,16552,0,0	52	17462
158473	1213	1646	1623	181	159	9	8	7	12748	795	1884	559	1983	43	63	1071	330	4509	0,0,29,70,0,0	11102	0	713	157261	87510	69621	139244,139388,141270,138218,132649,132101,132101	3	35	27416,28572,57969,107658,17107,0,0	44	17307
158859	1107	1616	1673	181	163	12	8	5	12435	796	1891	545	1936	56	68	1048	315	4445	0,0,28,71,0,0	20488	0	558	157431	87905	69621	139113,139256,141145,138338,132751,132184,132184	3	39	27416,28572,57969,107767,17536,0,0	49	17171
159187	1011	1647	1686	191	155	8	7	5	12158	798	1893	565	1938	45	68	1065	335	4370	0,0,26,73,0,0	20330	0	599	157613	88328	69621	139005,139149,141039,138477,132878,132292,132292	3	38	27416,28572,57971,107870,18005,0,0	48	17032
159400	1096	1637	1683	181	156	10	6	5	11876	799	1897	588	1976	39	71	1037	331	4438	0,0,24,74,0,0	11233	0	726	157820	88854	69621	138941,139086,140976,138653,133049,132443,132443	3	37	27416,28572,57973,107984,18582,0,0	47	16881
159646	1192	1517	1649	161	156	16	6	7	11697	799	1900	586	1934	44	75	1038	306	4391	0,0,23,76,0,0	11076	0	670	158024	89322	69621	138846,138993,140887,138817,133208,132578,132578	3	31	27416,28572,57975,108106,19106,0,0	42	16724
159835	1215	1587	1615	154	161	15	8	7	11444	800	1905	580	1985	50	79	1032	313	4442	0,0,22,77,0,0	11095	0	718	158217	89848	69621	138779,138927,140819,139004,133391,132740,132740	3	35	27416,28572,57976,108216,19682,0,0	40	16576
160035	1178	1635	1620	140	153	16	9	9	11240	800	1911	556	1919	36	67	1027	325	4426	0,0,20,78,0,0	11107	0	639	158403	90308	69621	138699,138849,140745,139155,133542,132867,132867	3	32	27416,28572,57978,108303,20215,0,0	44	16431
160189	1139	1698	1649	146	156	13	6	7	11026	803	1914	543	2033	45	63	1002	305	4502	0,0,19,79,0,0	11143	0	681	158603	90792	69621	138639,138790,140687,139342,133728,133031,133031	3	32	27416,28572,57978,108402,20784,0,0	39	16279
160420	1053	1626	1747	138	158	11	6	9	10857	804	1917	582	1961	50	71	987	303	4436	0,0,18,80,0,0	20284	0	563	158747	91217	69621	138533,138684,140583,139453,133835,133118,133118	3	35	27416,28572,57978,108465,21264,0,0	38	16160
160602	1024	1580	1766	144	180	13	6	8	10699	804	1920	579	1993	50	61	990	308	4405	0,0,17,81,0,0	20407	0	602	158906	91665	69621	138455,138608,140512,139571,133958,133219,133219	3	40	27416,28572,57979,108533,21779,0,0	51	16033
160691	1110	1564	1688	165	172	14	5	6	10602	805	1924	570	1864	44	80	1009	311	4407	0,0,16,83,0,0	11035	0	705	159115	92163	69621	138419,138573,140478,139759,134152,133390,133390	3	30	27416,28572,57980,108607,22384,0,0	51	15881
160728	1214	1551	1625	179	171	15	6	5	10518	805	1929	573	2033	39	86	1024	324	4437	0,0,14,84,0,0	11115	0	717	159317	92683	69621	138386,138541,140446,139947,134351,133564,133564	3	32	27416,28572,57980,108679,23012,0,0	53	15725
160831	1174	1600	1656	181	165	18	6	5	10369	805	1936	584	2013	38	75	1013	339	4461	0,0,13,85,0,0	10989	0	667	159529	93144	69621	138337,138492,140396,140128,134541,133729,133729	3	38	27416,28572,57982,108746,23597,0,0	53	15554
160869	1139	1693	1649	193	150	16	6	6	10282	805	1938	588	2011	39	68	1003	340	4506	0,0,12,87,0,0	11069	0	695	159745	93630	69621	138298,138457,140362,140329,134754,133916,133916	3	38	27416,28572,57982,108790,24234,0,0	52	15378
160917	1154	1680	1668	196	172	20	7	4	10182	805	1941	600	1966	47	71	1010	333	4564	0,0,11,88,0,0	11003	0	675	159934	94119	69621	138256,138414,140318,140482,134922,134059,134059	3	34	27416,28572,57982,108826,24849,0,0	54	15226
161138	1044	1635	1696	199	164	17	6	4	10094	806	1943	632	1852	40	67	1004	320	4441	0,0,10,89,0,0	20490	0	540	160077	94522	69621	138158,138316,140222,140573,135026,134134,134134	3	29	27416,28572,57982,108855,25350,0,0	48	15108
161286	935	1612	1681	200	167	18	6	3	10083	807	1948	611	1988	52	86	1020	306	4313	0,0,10,89,0,0	20253	0	538	160238	94903	69621	138101,138259,140168,140691,135159,134240,134240	3	31	27416,28572,57982,108904,25819,0,0	43	14994
161392	978	1555	1641	182	161	19	6	3	10049	808	1952	623	1937	41	83	1045	312	4230	0,0,9,90,0,0	11127	0	614	160390	95373	69621	138037,138194,140105,140814,135299,134352,134352	3	23	27416,28572,57982,108944,26374,0,0	48	14877
161508	1020	1435	1673	186	173	20	6	3	9957	810	1955	635	2008	33	71	1041	321	4192	0,0,8,91,0,0	11122	0	600	160557	95812	69621	137964,138119,140030,140940,135441,134465,134465	3	30	27416,28572,57982,108979,26925,0,0	42	14745
161620	1014	1453	1604	158	181	20	4	2	9921	812	1957	660	2023	41	90	1052	334	4100	0,0,7,91,0,0	11171	0	588	160713	96248	69621	137902,138058,139971,141060,135579,134576,134576	3	34	27416,28572,57982,109005,27475,0,0	45	14626
161711	992	1451	1509	166	172	18	7	1	9946	812	1961	651	1951	38	78	1047	317	3998	0,0,7,92,0,0	11185	0	556	160847	96671	69621	137845,138000,139915,141160,135700,134669,134669	3	27	27416,28572,57983,109033,27982,0,0	48	14521
161839	949	1450	1503	164	164	21	6	3	9869	813	1965	654	1954	36	82	1032	321	3936	0,0,7,92,0,0	11220	0	550	160994	97075	69621	137784,137939,139857,141268,135828,134767,134767	3	30	27416,28572,57984,109055,28490,0,0	49	14416
162099	872	1370	1481	177	169	25	6	3	9762	813	1969	640	1979	33	78	1030	315	3785	0,0,6,92,0,0	20418	0	445	161108	97408	69621	137678,137832,139757,141318,135898,134806,134806	3	28	27416,28572,57984,109076,28900,0,0	57	14323
162319	800	1315	1477	189	147	25	4	3	9675	816	1976	636	1942	43	61	1011	285	3672	0,0,6,93,0,0	20419	0	445	161214	97750	69621	137580,137733,139663,141376,135979,134855,134855	2	22	27416,28572,57984,109097,29313,0,0	60	14229
162487	788	1289	1414	167	162	21	4	3	9614	816	1981	628	2010	29	90	1035	326	3519	0,0,6,93,0,0	11164	0	479	161329	98117	69621	137492,137645,139577,141437,136060,134908,134908	2	18	27416,28572,57984,109111,29756,0,0	52	14142
162690	788	1227	1372	165	144	21	4	3	9528	817	1987	648	1884	31	68	1025	295	3426	0,0,5,93,0,0	11104	0	468	161435	98481	69621	137396,137550,139487,141490,136134,134952,134952	2	25	27416,28572,57984,109132,30182,0,0	46	14058
162862	770	1151	1351	156	144	22	3	3	9476	818	1990	647	1998	36	71	1006	288	3309	0,0,5,94,0,0	11174	0	437	161544	98814	69621	137303,137458,139397,141537,136205,134993,134993	2	27	27416,28572,57984,109146,30594,0,0	44	13970
163077	729	1109	1290	171	124	23	4	3	9407	818	1991	663	1918	30	56	979	281	3169	0,0,5,94,0,0	11082	0	393	161646	99108	69621	137209,137365,139307,141575,136265,135023,135023	2	19	27416,28572,57985,109158,30968,0,0	48	13891
163264	710	1104	1219	162	124	25	4	3	9317	819	1995	654	1983	28	66	969	275	3073	0,0,4,94,0,0	11161	0	427	161751	99432	69621	137117,137275,139218,141628,136339,135067,135067	2	16	27416,28572,57985,109173,31364,2,0	49	13810
163592	629	1068	1164	149	137	23	4	2	9159	819	2000	626	2064	31	55	933	260	2914	0,0,4,94,0,0	20220	0	314	161831	99672	69621	136994,137154,139101,141632,136364,135061,135061	2	26	27416,28572,57985,109180,31663,5,0	53	13747
163893	534	1000	1149	138	127	23	4	3	9054	819	2002	637	1964	26	47	889	241	2734	0,0,4,95,0,0	20231	0	283	161906	99890	69621	136877,137035,138987,141634,136384,135051,135051	2	7	27416,28572,57985,109185,31934,13,0	36	13686
164111	549	916	1114	119	136	18	6	3	8948	819	2007	645	2043	27	60	859	236	2622	0,0,4,95,0,0	10994	0	347	162003	100145	69621	136772,136932,138887,141652,136425,135062,135062	2	10	27416,28572,57985,109194,32252,17,0	36	13611
164458	528	828	1043	109	128	15	4	5	8798	819	2011	637	1899	16	67	837	228	2427	0,0,3,95,0,0	10906	0	279	162069	100361	69621	136636,136798,138756,141625,136420,135024,135024	2	11	27416,28572,57986,109197,32516,20,0	34	13560
164783	471	775	982	99	112	11	3	4	8670	820	2016	627	1945	21	46	802	199	2254	0,0,2,95,1,0	10916	0	254	162132	100563	69621	136492,136654,138617,141593,136410,134983,134983	1	10	27416,28572,57986,109201,32748,33,0	24	13509
165133	451	738	924	99	102	9	3	3	8442	820	2022	666	2040	19	48	749	182	2144	0,0,2,95,1,0	10868	0	256	162189	100765	69621	136356,136520,138489,141561,136398,134940,134940	1	9	27416,28572,57986,109203,32980,42,0	24	13458
165474	410	718	823	81	100	8	4	3	8277	820	2028	673	1950	9	34	704	163	1981	0,0,2,95,1,0	10907	0	219	162239	100939	69621	136204,136368,138340,141511,136366,134878,134878	1	6	27416,28572,57986,109209,33176,51,0	21	13412
165883	335	683	776	79	87	9	3	3	8035	821	2032	683	1974	11	42	661	145	1827	0,0,2,95,2,0	19922	0	179	162277	101085	69621	136056,136221,138196,141453,136327,134808,134808	1	7	27416,28572,57986,109212,33342,58,0	19	13381
166293	297	603	730	79	83	9	2	3	7790	821	2036	678	1923	9	27	613	126	1677	0,0,2,95,2,0	20148	0	165	162313	101218	69621	135904,136072,138050,141393,136285,134735,134735	1	11	27416,28572,57986,109213,33491,66,0	16	13349
166652	308	526	703	79	67	9	4	3	7536	821	2038	656	1936	11	38	574	116	1580	0,0,2,94,3,0	10740	0	182	162353	101368	69621	135750,135917,137901,141325,136240,134659,134659	1	4	27416,28572,57986,109214,33662,73,0	17	13314
167060	295	445	662	76	68	7	3	3	7265	822	2040	656	1933	9	29	533	112	1444	0,0,1,94,3,0	10706	0	141	162391	101476	69621	135596,135762,137755,141249,136184,134571,134571	0	7	27416,28572,57988,109215,33792,82,0	14	13280
167385	255	437	608	70	63	5	4	3	7051	823	2042	672	1975	11	31	511	102	1340	0,0,2,93,4,0	10626	0	138	162418	101593	69621	135458,135624,137624,141176,136127,134489,134489	0	5	27416,28572,57988,109216,33911,95,0	10	13261
167771	214	414	523	61	65	4	4	2	6821	823	2044	688	2053	8	19	459	95	1190	0,0,1,92,5,0	10701	0	105	162452	101668	69621	135303,135471,137477,141097,136063,134398,134398	0	4	27416,28572,57988,109217,34002,107,0	10	13237
168128	191	384	488	52	50	2	3	3	6572	824	2049	679	1878	1	33	417	88	1082	0,0,1,92,5,0	10713	0	112	162483	101757	69621	135155,135322,137335,141019,136003,134311,134310	0	5	27416,28572,57988,109218,34105,119,0	7	13214
168483	175	343	478	47	43	3	3	3	6290	824	2054	649	1793	4	16	375	69	1023	0,0,1,91,6,0	19886	0	90	162506	101830	69621	135011,135178,137196,140933,135934,134216,134215	0	3	27416,28572,57988,109219,34186,131,0	6	13195
168863	149	307	444	39	43	3	3	2	6010	825	2058	673	1828	5	18	341	67	921	0,0,1,91,7,0	19869	0	75	162530	101884	69621	134857,135024,137048,140846,135864,134119,134118	0	6	27416,28572,57988,109220,34254,137,0	9	13178
169194	139	280	395	30	46	2	4	2	5767	825	2062	651	1857	10	19	321	67	829	0,0,1,90,8,0	10462	0	88	162547	101957	69621	134704,134870,136896,140753,135785,134017,134016	0	1	27416,28572,57988,109220,34332,147,0	10	13164
169537	141	230	361	25	42	2	3	2	5513	826	2064	644	2003	2	15	294	59	745	0,0,1,89,8,0	10459	0	71	162564	102013	69621	134550,134715,136748,140655,135702,133909,133908	0	2	27416,28572,57988,109220,34399,153,0	6	13148
169908	128	228	315	24	37	2	2	3	5206	826	2067	661	1853	5	12	273	47	689	0,0,1,88,10,0	10410	0	77	162581	102077	69621	134395,134561,136601,140560,135622,133802,133801	0	4	27416,28572,57988,109221,34459,169,0	7	13134
170220	127	206	285	25	34	2	1	3	4947	827	2069	675	1944	3	22	253	54	626	0,0,1,87,11,0	10398	0	71	162600	102135	69621	134253,134421,136466,140468,135542,133701,133700	0	3	27416,28572,57988,109221,34518,183,0	6	13118
170544	123	190	245	27	35	2	1	3	4674	827	2075	674	1992	1	11	231	53	570	0,0,1,86,12,0	10336	0	55	162614	102181	69621	134101,134269,136320,140372,135460,133596,133594	0	0	27416,28572,57988,109224,34566,192,0	5	13109
170883	97	175	228	28	32	1	0	4	4394	827	2077	703	1743	4	10	204	37	524	0,0,1,84,14,0	19362	0	43	162629	102215	69621	133953,134121,136177,140276,135377,133490,133488	0	3	27416,28572,57988,109225,34600,205,0	4	13098
171149	98	168	209	25	31	1	0	3	4153	827	2082	675	1827	3	12	194	37	495	0,0,1,82,16,0	19613	0	59	162642	102266	69621	133822,133992,136051,140189,135301,133396,133394	0	4	27416,28572,57988,109226,34643,222,0	4	13085
171394	99	155	187	21	21	2	0	2	3953	827	2085	684	2065	1	10	166	30	455	0,0,1,80,18,0	10287	0	48	162652	102309	69621	133690,133857,135921,140092,135214,133292,133289	0	1	27416,28572,57988,109226,34680,236,0	4	13077
171603	133	167	154	17	21	3	0	1	3733	827	2087	662	1914	6	7	153	25	470	0,0,1,79,19,0	10265	0	100	162674	102392	69621	133569,133737,135806,140019,135152,133213,133211	0	7	27416,28572,57988,109227,34758,255,0	7	13059
171805	151	163	159	18	24	3	0	1	3505	827	2090	659	1890	11	10	147	34	484	0,0,1,76,22,0	10236	0	83	162699	102454	69621	133453,133620,135694,139941,135086,133132,133129	0	2	27416,28572,57988,109227,34818,280,0	7	13039
172031	128	175	164	20	20	4	0	1	3284	827	2092	662	1818	2	8	139	33	478	0,0,0,73,25,0	10115	0	57	162711	102506	69621	133320,133487,135566,139850,135007,133034,133031	0	3	27416,28572,57988,109227,34855,305,0	5	13029
172203	127	195	175	19	15	4	0	1	3081	827	2099	682	1977	1	12	133	36	499	0,0,0,73,25,0	10249	0	83	162733	102574	69621	133201,133368,135448,139778,134946,132958,132954	0	2	27416,28572,57988,109227,34919,328,0	7	13015
172372	149	182	177	19	15	4	1	0	2897	827	2103	689	1902	3	7	129	32	515	0,0,0,72,26,0	19506	0	74	162752	102634	69621	133093,133260,135343,139704,134884,132882,132878	0	5	27416,28572,57988,109228,34971,354,0	9	13000
172489	152	178	205	17	19	3	1	0	2750	827	2105	672	1790	5	7	113	26	549	0,0,1,69,29,0	19527	0	82	162777	102700	69621	132998,133164,135250,139643,134832,132819,132814	0	1	27416,28572,57988,109230,35022,392,0	10	12979
172619	177	171	208	17	25	1	1	0	2592	827	2108	684	1922	6	14	118	34	566	0,0,0,66,32,0	10199	0	91	162795	102777	69621	132888,133054,135143,139568,134767,132741,132736	0	3	27416,28572,57988,109230,35069,437,0	9	12964
172734	170	212	191	18	27	1	1	0	2454	827	2111	655	1957	5	9	121	38	582	0,0,0,64,35,0	10263	0	97	162824	102849	69621	132787,132954,135043,139508,134716,132679,132674	0	6	27416,28572,57988,109231,35126,475,0	7	12940
172805	181	260	190	18	20	1	0	1	2327	827	2116	651	1835	5	12	124	37	633	0,0,0,61,37,0	10195	0	124	162850	102954	69621	132696,132861,134951,139458,134675,132628,132622	0	7	27416,28572,57988,109231,35196,531,0	6	12921
172862	201	261	225	22	21	1	1	1	2206	827	2118	651	2028	7	5	121	35	697	0,0,0,60,38,0	10184	0	123	162889	103044	69621	132611,132776,134867,139419,134644,132586,132580	0	8	27416,28572,57988,109232,35262,589,0	10	12889
172895	214	290	231	23	23	1	2	1	2119	827	2120	641	1926	4	14	130	43	741	0,0,0,57,41,0	10305	0	149	162924	103162	69621	132529,132693,134786,139381,134616,132548,132541	0	8	27416,28572,57988,109232,35336,662,0	7	12859
172968	216	289	244	24	26	1	2	1	2024	827	2124	639	1903	10	14	134	47	755	0,0,0,57,42,0	19465	0	113	162947	103254	69621	132439,132604,134698,139328,134572,132494,132486	0	13	27416,28572,57988,109232,35402,709,0	9	12840
173013	211	296	267	31	27	1	2	1	1940	827	2130	617	1821	10	14	144	56	779	0,0,0,55,44,0	19560	0	120	162975	103357	69621	132358,132523,134618,139290,134542,132454,132446	0	9	27416,28572,57988,109232,35462,779,0	6	12817
173017	253	287	285	33	28	0	2	1	1879	827	2134	652	1923	7	8	144	54	834	0,0,0,52,47,0	10195	0	156	163004	103489	69621	132277,132443,134538,139251,134511,132416,132407	0	8	27416,28572,57988,109232,35532,868,0	8	12793
