S	E	I1	I2	I3	I4	I5_h	I6_h	R_h	R	D1	D2	H	T	P1	P2	Q	QT	NQ	MUT	HOM	VAC	NI	INF	REINF	BSTR	IMM	HCI	HCE	INFV	INFH	VNI
178110	138	123	48	30	51	6	3	0	235	2	0	212	0	0	0	54	54	345	0,0,0,0,0,0	178744	0	0	399	0	0	636,636,636,636,636,636,636	0	0	0,0,0,0,0,0,0	0	0
178075	97	173	65	29	49	7	4	0	243	2	2	317	323	1	68	97	57	367	0,0,0,0,0,0	12480	0	47	447	0	0	671,671,671,671,671,671,671	0	1	48,0,0,0,0,0,0	9	0
177996	102	216	58	30	48	8	4	0	273	2	9	395	144	0	16	253	69	397	0,0,0,0,0,0	12779	0	82	531	0	0	750,750,750,750,750,750,750	0	7	132,0,0,0,0,0,0	13	0
177915	123	222	84	33	53	9	3	0	287	3	14	455	159	0	18	604	88	439	0,0,0,0,0,0	13153	0	90	621	0	0	833,833,833,833,833,833,833	0	6	222,0,0,0,0,0,0	13	0
177836	145	239	95	38	57	11	3	0	302	3	17	529	252	2	12	801	99	489	0,0,0,0,0,0	25467	0	95	716	0	0	915,915,915,915,915,915,915	0	5	317,0,0,0,0,0,0	16	0
177762	131	270	111	47	54	14	3	0	333	3	18	608	318	0	17	912	118	512	0,0,0,0,0,0	25307	0	83	799	0	0	991,991,991,991,991,991,991	0	4	400,0,0,0,0,0,0	23	0
177670	134	284	122	58	57	15	3	0	375	3	25	638	99	0	22	1250	147	526	0,0,0,0,0,0	14098	0	101	901	0	0	1086,1086,1086,1086,1086,1086,1086	0	8	502,0,0,0,0,0,0	29	0
177592	150	270	137	67	77	17	2	2	403	3	26	679	90	1	23	1433	198	522	0,0,0,0,0,0	14102	0	93	994	0	0	1167,1167,1167,1166,1166,1166,1166	0	9	595,0,0,0,0,0,0	22	0
177489	172	279	154	74	83	16	2	2	442	3	30	668	103	2	30	1619	237	543	0,0,0,0,0,0	14385	0	120	1114	0	0	1276,1275,1275,1275,1275,1275,1275	0	8	715,0,0,0,0,0,0	29	0
177413	175	299	159	74	78	17	4	2	487	3	35	702	310	1	32	1926	273	533	0,0,0,0,0,0	14627	0	97	1210	1	0	1362,1362,1362,1359,1359,1359,1359	0	10	812,0,0,0,0,0,0	24	0
177313	171	338	165	79	85	18	6	1	530	3	37	723	271	0	22	2124	296	566	0,0,0,0,0,0	14805	0	121	1329	3	0	1469,1468,1468,1465,1465,1465,1465	0	9	933,0,0,0,0,0,0	25	0
177223	174	325	202	89	85	17	5	1	577	4	44	705	101	1	15	2114	288	609	0,0,0,0,0,0	26939	0	107	1436	3	0	1572,1570,1570,1565,1565,1565,1565	0	6	1040,0,0,0,0,0,0	29	0
177134	177	347	182	91	94	20	5	1	644	5	46	735	79	2	22	1961	277	639	0,0,0,0,0,0	26805	0	119	1555	4	0	1679,1676,1676,1668,1668,1668,1668	1	10	1160,0,0,0,0,0,0	28	0
177026	180	372	209	102	98	18	5	1	679	6	50	754	230	3	38	1903	321	663	0,0,0,0,0,0	14991	0	142	1695	6	0	1809,1805,1805,1790,1790,1790,1790	1	10	1302,0,0,0,0,0,0	31	0
176923	206	394	218	101	102	20	9	1	715	6	51	738	247	0	34	2060	358	692	0,0,0,0,0,0	14824	0	146	1840	10	0	1935,1929,1929,1908,1908,1908,1908	1	14	1451,0,0,0,0,0,0	35	0
176801	222	410	221	114	108	22	9	2	773	6	58	700	320	3	35	2181	372	734	0,0,0,0,0,0	15166	0	152	1991	12	0	2079,2072,2072,2045,2045,2045,2045	1	16	1604,0,0,0,0,0,0	53	0
176705	234	411	236	114	116	23	9	3	828	7	60	726	237	0	41	2647	397	746	0,0,0,0,0,0	15482	0	137	2128	13	0	2204,2195,2195,2160,2160,2160,2160	1	11	1742,0,0,0,0,0,0	58	0
176604	241	406	243	106	136	26	8	3	901	8	64	714	236	1	36	2624	393	773	0,0,0,0,0,0	15463	0	145	2272	14	0	2338,2326,2326,2281,2281,2281,2281	1	12	1887,0,0,0,0,0,0	62	0
176537	222	432	260	109	126	27	10	3	942	8	70	709	256	0	44	2688	400	786	0,0,0,0,0,0	27140	0	125	2395	16	0	2448,2431,2431,2373,2373,2373,2373	1	11	2012,0,0,0,0,0,0	70	0
176447	226	423	282	115	139	28	11	3	989	8	75	731	302	1	35	3091	436	788	0,0,0,0,0,0	27561	0	139	2531	19	0	2579,2558,2558,2485,2485,2485,2485	1	16	2151,0,0,0,0,0,0	77	0
176326	242	456	283	111	141	31	14	3	1052	8	79	709	285	1	43	3352	432	846	0,0,0,0,0,0	16212	0	178	2708	21	0	2748,2723,2723,2632,2632,2632,2632	1	21	2329,0,0,0,0,0,0	72	0
176202	251	483	299	115	139	29	13	3	1118	9	85	674	234	2	35	3535	428	901	0,0,0,0,0,0	16142	0	180	2888	22	0	2916,2887,2887,2782,2782,2782,2782	2	18	2509,0,0,0,0,0,0	74	0
176046	290	509	312	116	143	32	12	3	1184	10	89	639	263	2	37	3975	458	956	0,0,0,0,0,0	16813	0	203	3091	23	0	3116,3082,3082,2961,2961,2961,2961	2	17	2712,0,0,0,0,0,0	71	0
175919	277	540	332	128	148	33	13	3	1249	11	93	655	273	2	35	4040	468	1003	0,0,0,0,0,0	16902	0	176	3265	25	0	3287,3249,3249,3112,3112,3112,3112	2	17	2886,0,0,0,0,0,0	67	0
175770	288	597	323	126	152	31	15	3	1332	12	97	663	265	2	48	3957	464	1068	0,0,0,0,0,0	16817	0	210	3471	29	0	3487,3444,3444,3290,3290,3290,3290	2	21	3095,0,0,0,0,0,0	70	0
175668	303	589	339	131	153	30	18	3	1398	12	102	670	214	2	43	3574	483	1080	0,0,0,0,0,0	28587	0	180	3652	30	0	3656,3607,3607,3430,3430,3430,3430	2	13	3276,0,0,0,0,0,0	69	0
175578	306	592	371	138	165	30	18	4	1426	13	105	661	302	6	46	3748	509	1111	0,0,0,0,0,0	28068	0	181	3831	32	0	3826,3768,3768,3563,3563,3563,3563	2	12	3456,0,0,0,0,0,0	72	0
175447	303	630	370	144	165	36	20	3	1503	13	112	657	238	3	57	3713	509	1159	0,0,0,0,0,0	16891	0	215	4043	36	0	4033,3968,3968,3736,3736,3736,3736	2	24	3669,0,0,0,0,0,0	77	0
175312	309	639	399	155	163	35	20	4	1581	14	115	644	249	4	59	3542	555	1165	0,0,0,0,0,0	16743	0	219	4262	37	0	4239,4166,4166,3908,3908,3908,3908	2	17	3889,0,0,0,0,0,0	84	0
175182	338	633	406	167	168	38	21	3	1657	14	119	628	246	3	53	3787	584	1187	0,0,0,0,0,0	16340	0	222	4485	37	0	4450,4370,4370,4082,4082,4082,4082	2	21	4112,0,0,0,0,0,0	91	0
175012	363	678	414	165	175	42	25	5	1730	15	122	617	309	1	59	3987	600	1262	0,0,0,0,0,0	16848	0	255	4739	39	0	4697,4609,4609,4293,4293,4293,4293	2	20	4366,0,0,0,0,0,0	90	0
174846	370	725	404	169	183	42	25	5	1838	15	124	613	245	1	55	3788	622	1296	0,0,0,0,0,0	17026	0	250	4987	42	0	4936,4840,4840,4497,4497,4497,4497	3	22	4615,0,0,0,0,0,0	96	0
174745	369	732	439	169	191	46	25	4	1883	16	127	597	243	2	54	3971	631	1340	0,0,0,0,0,0	28504	0	231	5216	45	0	5155,5046,5046,4659,4659,4659,4659	3	17	4844,0,0,0,0,0,0	98	0
174584	373	749	439	194	194	48	26	7	1986	16	130	601	158	1	41	4264	635	1388	0,0,0,0,0,0	28578	0	248	5463	46	0	5396,5279,5279,4862,4862,4862,4862	3	13	5091,0,0,0,0,0,0	105	0
174415	395	774	467	191	197	47	25	7	2076	18	134	599	311	5	69	4300	656	1440	0,0,0,0,0,0	17546	0	268	5731	46	0	5657,5531,5531,5079,5079,5079,5079	3	20	5359,0,0,0,0,0,0	103	0
174247	425	793	478	201	210	48	25	7	2156	20	136	577	255	0	77	4782	696	1484	0,0,0,0,0,0	17123	0	285	6016	47	0	5932,5795,5795,5302,5302,5302,5302	3	17	5644,0,0,0,0,0,0	110	0
174059	453	845	482	197	214	50	25	9	2251	21	140	565	286	1	76	4919	712	1554	0,0,0,0,0,0	17504	0	303	6320	48	0	6225,6077,6077,5544,5544,5544,5544	3	31	5948,0,0,0,0,0,0	107	0
173875	490	896	516	204	231	47	25	9	2290	22	141	573	247	3	73	5126	749	1660	0,0,0,0,0,0	17742	0	331	6650	51	0	6542,6380,6380,5797,5797,5797,5797	3	31	6278,0,0,0,0,0,0	101	0
173698	488	916	555	216	238	52	22	10	2382	25	144	581	265	4	72	5210	766	1721	0,0,0,0,0,0	18031	0	311	6958	55	0	6837,6662,6662,6036,6036,6036,6036	3	29	6586,0,0,0,0,0,0	108	0
173563	445	953	588	223	246	48	26	9	2472	26	147	593	242	3	71	5278	777	1752	0,0,0,0,0,0	29567	0	276	7237	59	0	7105,6917,6917,6240,6240,6240,6240	3	19	6865,0,0,0,0,0,0	118	0
173439	425	951	612	239	244	52	21	8	2576	31	148	569	252	6	81	5375	776	1768	0,0,0,0,0,0	29510	0	287	7524	61	0	7378,7174,7174,6440,6440,6440,6440	3	27	7153,0,0,0,0,0,0	114	0
173253	471	937	623	269	256	54	22	8	2669	32	152	560	313	2	86	6036	860	1772	0,0,0,0,0,0	18980	0	339	7863	63	0	7707,7488,7488,6699,6699,6699,6699	3	33	7492,0,0,0,0,0,0	114	0
173085	461	999	638	284	263	56	21	6	2741	34	158	553	299	4	91	6164	899	1823	0,0,0,0,0,0	18999	0	340	8202	66	0	8036,7799,7799,6949,6949,6949,6949	4	40	7831,0,0,0,0,0,0	115	0
172861	496	1044	655	275	282	56	23	5	2849	35	165	559	311	6	82	6798	920	1911	0,0,0,0,0,0	18980	0	390	8588	71	0	8415,8162,8162,7252,7252,7252,7252	4	37	8218,0,0,0,0,0,0	114	0
172646	557	1039	665	284	270	55	25	7	2990	39	169	561	337	2	100	7015	926	1969	0,0,0,0,0,0	19630	0	375	8969	72	0	8787,8517,8517,7547,7547,7547,7547	4	35	8599,0,0,0,0,0,0	116	0
172439	578	1048	698	303	282	58	26	6	3094	40	174	561	265	2	76	6870	925	2068	0,0,0,0,0,0	19945	0	373	9343	72	0	9152,8866,8866,7835,7835,7835,7835	4	33	8973,0,0,0,0,0,0	124	0
172268	579	1075	714	298	298	66	28	6	3194	42	178	566	258	9	84	6669	947	2111	0,0,0,0,0,0	30618	0	344	9688	74	0	9487,9183,9183,8090,8090,8090,8090	4	25	9318,0,0,0,0,0,0	136	0
172096	533	1137	745	306	293	75	31	5	3298	43	184	534	358	1	99	6619	971	2149	0,0,0,0,0,0	30756	0	356	10041	78	0	9831,9510,9510,8350,8350,8350,8350	4	29	9671,0,0,0,0,0,0	152	0
171931	555	1146	769	328	281	78	35	5	3386	46	186	519	267	7	102	7350	1045	2147	0,0,0,0,0,0	20440	0	375	10418	79	0	10195,9853,9853,8616,8616,8616,8616	5	36	10048,0,0,0,0,0,0	143	0
171720	575	1192	777	346	289	82	33	6	3486	50	190	503	238	3	95	7347	1068	2226	0,0,0,0,0,0	20294	0	418	10833	84	0	10598,10234,10234,8923,8923,8923,8923	5	31	10465,0,0,0,0,0,0	156	0
171543	573	1228	781	360	307	86	38	6	3575	53	196	500	270	7	94	7254	1093	2280	0,0,0,0,0,0	35362	0	397	11230	87	0	10985,10599,10599,9206,9206,9206,9206	5	47	10862,0,0,0,0,0,0	149	0
171364	612	1215	788	359	326	89	39	8	3688	58	200	487	261	8	116	7426	1112	2316	0,0,0,0,0,0	35340	0	409	11641	89	0	11383,10974,10974,9496,9496,9496,9496	5	42	11273,0,0,0,0,0,0	149	0
171207	581	1220	814	365	359	96	41	8	3791	61	203	475	309	5	128	7527	1189	2287	0,0,0,0,0,0	35482	0	371	12006	97	0	11735,11305,11305,9751,9751,9751,9751	5	38	11638,0,0,0,0,0,0	158	0
171111	552	1197	817	374	367	102	45	8	3905	61	207	472	317	7	105	7238	1184	2270	0,0,0,0,0,0	47895	0	340	12345	99	0	12061,11607,11607,9963,9963,9963,9963	5	31	11977,0,0,0,0,0,0	174	0
171017	546	1152	832	374	360	102	44	10	4036	62	211	457	235	6	98	7429	1207	2203	0,0,0,0,0,0	47955	0	323	12663	104	0	12368,11891,11891,10164,10164,10164,10164	5	22	12296,0,0,0,0,0,0	184	0
170922	534	1161	817	361	362	113	44	13	4138	66	215	449	311	5	103	7851	1218	2174	0,0,0,0,0,0	35647	0	350	13012	108	0	12702,12200,12200,10379,10379,10379,10379	5	35	12645,0,0,0,0,0,0	172	0
170794	546	1155	836	354	369	112	45	11	4240	67	217	460	264	6	122	7905	1255	2162	0,0,0,0,0,0	35508	0	363	13371	114	0	13046,12520,12520,10614,10614,10614,10614	5	31	13004,0,0,0,0,0,0	187	0
170719	522	1133	861	357	376	113	46	13	4318	69	219	450	240	4	82	7606	1217	2191	0,0,0,0,0,0	35748	0	341	13707	122	0	13367,12814,12814,10811,10811,10811,10811	5	38	13341,0,0,0,0,0,0	177	0
170616	539	1105	862	364	364	110	53	15	4427	69	222	441	277	8	120	7777	1226	2171	0,0,0,0,0,0	35237	0	377	14081	129	0	13726,13146,13146,11043,11043,11043,11043	5	34	13715,0,0,0,0,0,0	184	0
170551	532	1138	812	355	364	112	59	15	4512	71	225	402	251	10	113	8172	1228	2144	0,0,0,0,0,0	35589	0	361	14439	132	0	14067,13457,13457,11246,11246,11246,11246	5	41	14074,0,0,0,0,0,0	179	0
170475	529	1113	795	359	361	119	61	15	4621	72	226	390	221	4	93	7838	1209	2128	0,0,0,0,0,0	48682	0	332	14767	138	0	14378,13743,13743,11439,11439,11439,11439	5	18	14402,0,0,0,0,0,0	204	0
170436	545	1049	787	358	374	116	64	14	4697	78	228	396	264	7	86	7659	1154	2139	0,0,0,0,0,0	48170	0	324	15091	140	0	14684,14021,14021,11612,11612,11612,11612	5	23	14726,0,0,0,0,0,0	193	0
170439	518	1067	776	337	363	110	70	12	4746	79	229	400	330	8	141	7888	1215	2026	0,0,0,0,0,0	35399	0	307	15398	143	0	14970,14276,14276,11754,11754,11754,11754	5	38	15033,0,0,0,0,0,0	197	0
170361	535	1094	765	341	359	109	69	14	4787	82	230	418	254	4	100	7589	1232	2040	0,0,0,0,0,0	35129	0	377	15770	149	0	15321,14598,14598,11967,11967,11967,11967	5	30	15405,0,0,0,0,0,0	194	0
170293	537	1076	773	358	360	106	64	15	4845	88	231	379	267	6	104	7767	1232	2042	0,0,0,0,0,0	35685	0	345	16112	153	0	15645,14894,14894,12161,12161,12161,12161	5	33	15747,0,0,0,0,0,0	199	0
170263	519	1083	753	350	350	106	61	17	4917	92	235	405	273	9	110	7758	1205	2017	0,0,0,0,0,0	35372	0	332	16442	156	0	15956,15175,15175,12331,12331,12331,12331	5	29	16077,0,0,0,0,0,0	193	0
170267	494	1091	795	325	331	104	64	18	4923	97	237	397	289	3	117	7827	1233	1971	0,0,0,0,0,0	35587	0	312	16753	158	0	16247,15434,15434,12473,12473,12473,12473	5	33	16388,0,0,0,0,0,0	196	0
170288	434	1074	791	337	341	103	62	17	4959	101	239	392	239	4	77	7678	1206	1936	0,0,0,0,0,0	48508	0	267	17020	160	0	16495,15653,15653,12585,12585,12585,12585	5	15	16655,0,0,0,0,0,0	201	0
170300	419	1006	755	336	342	114	64	14	5052	103	241	368	230	4	82	7265	1140	1896	0,0,0,0,0,0	48315	0	257	17273	165	0	16731,15863,15863,12696,12696,12696,12696	5	26	16908,0,0,0,0,0,0	203	0
170358	407	975	748	332	338	108	65	12	5054	106	243	392	317	3	105	7227	1114	1859	0,0,0,0,0,0	34980	0	286	17559	168	0	16996,16093,16093,12798,12798,12798,12798	5	33	17195,0,0,0,0,0,0	190	0
170403	419	930	728	343	341	96	64	10	5058	109	245	400	336	3	97	7610	1133	1788	0,0,0,0,0,0	35273	0	287	17842	173	0	17256,16320,16320,12903,12903,12903,12903	5	37	17478,0,0,0,0,0,0	192	0
170452	428	872	730	341	328	105	63	11	5053	114	249	406	347	4	84	7530	1110	1757	0,0,0,0,0,0	35540	0	268	18110	175	0	17505,16536,16536,13001,13001,13001,13001	5	31	17746,0,0,0,0,0,0	189	0
170531	436	874	681	306	311	103	59	14	5059	120	252	405	251	5	95	7592	1039	1731	0,0,0,0,0,0	35463	0	279	18382	182	0	17755,16751,16751,13084,13084,13084,13084	5	32	18019,0,0,0,0,0,0	191	0
170589	434	867	641	293	309	108	53	14	5059	125	254	409	311	7	92	7469	1021	1684	0,0,0,0,0,0	35557	0	279	18658	186	0	18009,16972,16972,13179,13179,13179,13179	5	34	18295,0,0,0,0,0,0	195	0
170696	396	872	634	284	283	108	50	10	5025	130	258	403	216	3	74	7159	986	1641	0,0,0,0,0,0	47785	0	227	18880	193	0	18213,17142,17142,13225,13225,13225,13225	5	24	18519,0,0,0,0,0,0	189	0
170801	374	850	640	278	277	108	54	10	4959	133	262	407	242	4	72	7004	971	1610	0,0,0,0,0,0	48040	0	239	19118	197	0	18430,17324,17324,13279,13279,13279,13279	4	18	18757,0,0,0,0,0,0	191	0
170840	383	865	606	277	251	105	50	13	4952	138	266	396	233	7	90	6750	953	1584	0,0,0,0,0,0	34588	0	271	19386	201	0	18678,17541,17541,13380,13380,13380,13380	4	35	19025,0,0,0,0,0,0	183	0
170907	388	825	604	278	258	98	50	15	4915	139	269	389	287	2	66	6750	951	1550	0,0,0,0,0,0	34688	0	244	19631	202	0	18899,17731,17731,13452,13452,13452,13452	4	21	19270,0,0,0,0,0,0	180	0
170992	366	834	588	258	272	95	49	12	4866	143	271	401	254	1	64	6702	912	1550	0,0,0,0,0,0	34485	0	243	19873	206	0	19119,17918,17918,13515,13515,13515,13515	4	25	19512,0,0,0,0,0,0	180	0
171104	365	813	562	242	280	94	48	14	4805	143	276	427	278	1	82	6438	920	1484	0,0,0,0,0,0	34618	0	240	20110	209	0	19334,18098,18098,13563,13563,13563,13563	4	32	19749,0,0,0,0,0,0	179	0
171154	358	803	561	251	262	90	48	14	4782	147	276	414	234	4	65	6166	872	1501	0,0,0,0,0,0	34384	0	245	20355	210	0	19557,18291,18291,13645,13645,13645,13645	4	23	19995,0,0,0,0,0,0	173	0
171305	334	783	540	245	254	90	46	14	4705	151	279	396	269	5	77	5992	868	1424	0,0,0,0,0,0	46721	0	194	20541	218	0	19720,18420,18420,13647,13647,13647,13647	4	15	20181,0,0,0,0,0,0	176	0
171431	308	752	532	231	249	85	45	13	4663	154	283	404	290	5	62	5348	823	1379	0,0,0,0,0,0	46821	0	171	20710	221	0	19869,18539,18539,13654,13654,13654,13654	4	20	20350,0,0,0,0,0,0	178	0
171534	327	709	534	230	249	84	43	14	4582	157	283	405	292	1	60	5242	789	1387	0,0,0,0,0,0	33370	0	232	20941	224	0	20074,18711,18711,13701,13701,13701,13701	4	21	20581,0,0,0,0,0,0	168	0
171630	330	678	503	234	248	83	41	15	4535	162	287	419	256	3	86	5310	820	1297	0,0,0,0,0,0	33016	0	197	21135	228	0	20246,18853,18853,13731,13731,13731,13731	4	18	20775,0,0,0,0,0,0	152	0
171723	314	677	494	250	236	83	36	17	4460	166	290	433	274	2	74	5549	834	1256	0,0,0,0,0,0	33530	0	209	21341	231	0	20429,19007,19007,13771,13771,13771,13771	4	18	20981,0,0,0,0,0,0	143	0
171832	297	667	489	224	229	84	37	16	4410	168	293	419	259	2	72	5519	808	1219	0,0,0,0,0,0	33717	0	196	21535	234	0	20600,19147,19147,13795,13795,13795,13795	3	22	21175,0,0,0,0,0,0	141	0
171933	306	645	476	209	211	84	34	15	4367	171	295	437	257	1	67	5830	795	1170	0,0,0,0,0,0	33837	0	194	21727	238	0	20769,19287,19287,13822,13822,13822,13822	3	27	21367,0,0,0,0,0,0	143	0
172061	317	601	456	193	198	83	33	15	4318	173	298	460	227	2	53	5673	743	1138	0,0,0,0,0,0	46561	0	167	21894	239	0	20916,19404,19404,13826,13826,13826,13826	3	20	21534,0,0,0,0,0,0	147	0
172234	292	572	436	187	196	81	31	14	4229	176	298	458	294	3	51	5594	699	1096	0,0,0,0,0,0	46571	0	144	22036	241	0	21033,19490,19490,13792,13792,13792,13792	3	5	21677,0,0,0,0,0,0	147	0
172363	269	567	433	190	177	83	31	14	4140	178	301	440	261	2	60	5675	694	1056	0,0,0,0,0,0	33618	0	157	22189	245	0	21165,19593,19593,13786,13786,13786,13786	3	25	21830,0,0,0,0,0,0	140	0
172485	249	561	411	193	182	79	25	14	4062	184	301	427	254	1	48	5667	688	1012	0,0,0,0,0,0	33229	0	152	22336	250	0	21286,19687,19687,13777,13777,13777,13777	3	22	21977,0,0,0,0,0,0	134	0
172594	227	592	374	187	185	80	26	14	3976	188	303	409	341	2	53	5781	667	1004	0,0,0,0,0,0	33804	0	160	22494	252	0	21423,19797,19797,13783,13783,13783,13783	3	16	22135,0,0,0,0,0,0	131	0
172736	230	548	349	183	182	81	25	12	3903	191	306	403	292	2	44	5648	610	988	0,0,0,0,0,0	46769	0	136	22628	255	0	21535,19881,19881,13760,13760,13760,13760	3	5	22269,0,0,0,0,0,0	128	0
172898	214	521	378	179	179	77	26	10	3765	193	306	412	271	0	44	5124	591	983	0,0,0,0,0,0	46577	0	126	22756	256	0	21638,19956,19956,13723,13723,13723,13723	3	18	22397,0,0,0,0,0,0	132	0
173032	208	490	367	165	178	77	28	11	3683	195	312	407	269	4	45	4701	563	950	0,0,0,0,0,0	46202	0	128	22884	256	0	21750,20040,20040,13704,13704,13704,13704	3	9	22525,0,0,0,0,0,0	129	0
173151	216	471	361	169	173	75	29	10	3582	196	313	433	263	3	53	4323	570	924	0,0,0,0,0,0	45609	28	141	23025	257	0	21869,20134,20134,13697,13697,13697,13697	2	14	22666,0,0,0,0,0,0	139	21
173287	199	457	356	163	183	70	33	8	3477	196	317	426	236	4	56	4372	580	881	0,0,0,0,0,0	32903	27	125	23145	262	0	21970,20208,20208,13671,13671,13671,13671	2	21	22786,0,0,0,0,0,0	130	46
173377	211	449	337	150	169	65	34	7	3432	196	319	405	336	2	52	4339	591	824	0,0,0,0,0,0	32483	27	133	23273	267	0	22076,20292,20292,13668,13668,13668,13668	2	15	22915,0,0,0,0,0,0	123	68
173527	183	463	327	146	165	58	31	7	3317	199	323	410	253	1	49	4408	560	813	0,0,0,0,0,0	32268	24	122	23393	269	0	22175,20364,20364,13633,13633,13633,13633	2	15	23035,0,0,0,0,0,0	119	87
173598	182	466	327	141	163	55	28	9	3250	201	326	420	258	6	39	4440	557	805	0,0,0,0,0,0	32448	31	138	23531	271	0	22295,20463,20463,13647,13647,13647,13647	2	14	23173,0,0,0,0,0,0	109	111
173718	195	433	310	149	165	53	29	7	3157	202	328	442	84	1	37	4180	525	809	0,0,0,0,0,0	32494	39	135	23663	274	0	22405,20548,20548,13632,13632,13632,13632	2	19	23306,0,0,0,0,0,0	116	145
173822	182	441	297	142	148	52	31	6	3090	204	331	448	259	1	47	3956	495	798	0,0,0,0,0,0	38828	26	123	23783	279	0	22508,20627,20627,13622,13622,13622,13622	2	14	23427,0,0,0,0,0,0	122	169
173926	181	441	270	132	137	48	31	5	3034	207	334	443	234	1	42	3799	487	753	0,0,0,0,0,0	38846	126	116	23899	280	0	22613,20711,20711,13614,13614,13614,13614	2	15	23543,0,0,0,0,0,0	118	272
174011	181	407	290	134	130	47	28	5	2970	209	334	474	233	3	46	3907	461	756	0,0,0,0,0,0	26958	116	120	24018	282	0	22721,20798,20798,13615,13615,13615,13615	2	18	23662,0,0,0,0,0,0	124	370
174096	181	412	281	116	133	45	27	6	2898	213	338	452	268	1	36	3962	470	725	0,0,0,0,0,0	26975	119	118	24133	285	0	22826,20882,20882,13613,13613,13613,13613	2	17	23777,0,0,0,0,0,0	110	476
174190	178	415	286	125	135	42	25	4	2790	215	341	423	316	3	53	3799	490	716	0,0,0,0,0,0	26859	122	125	24258	287	0	22938,20973,20973,13611,13611,13611,13611	2	17	23902,0,0,0,0,0,0	112	573
174289	183	383	291	114	135	41	26	6	2718	215	345	421	293	2	39	3593	478	695	0,0,0,0,0,0	26838	150	110	24365	290	0	23036,21050,21050,13599,13599,13599,13599	2	17	24009,0,0,0,0,0,0	97	706
174425	169	370	303	105	127	36	23	5	2618	218	347	456	248	0	31	3604	454	679	0,0,0,0,0,0	26661	146	98	24463	291	0	23125,21115,21115,13565,13565,13565,13565	2	14	24107,0,0,0,0,0,0	88	831
174494	169	357	302	108	136	37	18	6	2547	222	350	484	271	3	31	3446	428	699	0,0,0,0,0,0	38536	141	116	24575	296	0	23230,21201,21201,13572,13572,13572,13572	2	9	24219,0,0,0,0,0,0	83	946
174559	175	355	289	100	128	37	16	5	2504	224	354	458	84	2	35	3194	409	691	0,0,0,0,0,0	38294	164	112	24686	298	0	23363,21317,21317,13596,13596,13596,13596	2	6	24330,0,0,0,0,0,0	75	1090
174642	167	366	286	96	117	41	19	5	2423	226	358	480	271	1	29	3097	397	695	0,0,0,0,0,0	26311	166	111	24796	299	0	23493,21427,21427,13608,13608,13608,13608	2	13	24440,0,0,0,0,0,0	76	1224
174705	165	369	271	98	115	38	18	5	2374	227	361	498	263	3	39	2944	397	677	0,0,0,0,0,0	26021	162	111	24907	299	0	23625,21541,21541,13629,13629,13629,13629	2	20	24551,0,0,0,0,0,0	84	1356
174720	183	359	266	98	122	34	16	5	2351	229	363	471	256	2	24	3047	385	693	0,0,0,0,0,0	25842	160	135	25038	303	0	23776,21678,21678,13684,13684,13684,13684	2	17	24682,0,0,0,0,0,0	70	1484
174762	196	340	252	98	122	35	15	7	2323	230	366	505	247	4	38	3218	376	682	0,0,0,0,0,0	26188	131	112	25149	304	0	23920,21806,21806,13722,13722,13722,13722	2	11	24794,0,0,0,0,0,0	68	1587
174845	176	352	250	96	114	34	13	8	2259	231	368	499	97	2	37	3036	360	675	0,0,0,0,0,0	26307	151	99	25247	307	0	24045,21913,21913,13730,13730,13730,13730	2	17	24892,0,0,0,0,0,0	63	1708
174921	150	350	263	89	118	34	12	7	2203	231	368	515	308	1	28	2861	342	674	0,0,0,0,0,0	38178	153	86	25329	311	0	24153,22005,22005,13735,13735,13735,13735	2	7	24974,0,0,0,0,0,0	63	1828
174971	146	348	263	95	116	34	14	7	2150	231	371	512	266	1	34	2768	354	662	0,0,0,0,0,0	37852	69	98	25424	315	0	24285,22122,22122,13764,13764,13764,13764	2	10	25069,0,0,0,0,0,0	66	1885
175041	141	342	264	91	103	36	12	6	2102	234	374	518	86	1	29	2972	338	651	0,0,0,0,0,0	26296	68	89	25512	317	0	24406,22228,22228,13776,13776,13776,13776	2	7	25157,0,0,0,0,0,0	59	1940
175084	137	333	241	88	111	35	11	7	2087	236	376	530	244	5	31	3045	336	620	0,0,0,0,0,0	26039	69	98	25610	317	0	24535,22342,22342,13804,13804,13804,13804	2	7	25255,0,0,0,0,0,0	61	1993
175139	134	335	232	93	105	32	12	6	2043	237	378	543	239	0	29	3134	331	612	0,0,0,0,0,0	26414	69	102	25710	319	0	24665,22457,22457,13828,13828,13828,13828	2	15	25355,0,0,0,0,0,0	61	2049
175165	137	312	231	94	104	30	11	7	2038	237	380	540	236	1	29	3105	312	607	0,0,0,0,0,0	26232	68	94	25801	322	0	24780,22559,22559,13856,13856,13856,13856	1	11	25447,0,0,0,0,0,0	60	2107
175235	134	299	218	97	100	28	12	7	1995	238	383	532	275	0	29	3128	314	574	0,0,0,0,0,0	25960	80	90	25888	327	0	24898,22661,22661,13866,13866,13866,13866	1	10	25536,0,0,0,0,0,0	56	2174
175322	121	288	223	83	91	28	12	7	1945	238	388	560	163	0	27	2783	300	546	0,0,0,0,0,0	38042	50	70	25958	327	0	24998,22745,22745,13860,13860,13860,13860	1	3	25606,0,0,0,0,0,0	59	2216
175375	140	256	216	85	83	27	13	5	1917	240	389	585	254	2	30	2583	296	524	0,0,0,0,0,0	37661	189	80	26035	330	0	25087,22821,22821,13864,13864,13864,13864	1	11	25683,0,0,0,0,0,0	53	2377
175454	126	252	212	81	80	25	14	5	1864	240	393	578	229	1	22	2452	283	507	0,0,0,0,0,0	25627	204	68	26102	331	0	25167,22887,22887,13850,13850,13850,13850	1	5	25750,0,0,0,0,0,0	52	2542
175512	108	251	210	73	81	24	12	6	1827	242	400	547	316	0	27	2457	279	480	0,0,0,0,0,0	25588	207	65	26168	331	0	25246,22953,22953,13844,13844,13844,13844	1	9	25816,0,0,0,0,0,0	47	2706
175566	115	238	201	66	88	25	13	5	1786	242	401	541	97	2	28	2161	274	472	0,0,0,0,0,0	25407	216	68	26235	332	0	25324,23019,23019,13840,13840,13840,13840	1	6	25883,0,0,0,0,0,0	54	2874
175624	124	218	194	71	87	28	13	5	1734	242	406	560	229	1	26	2271	275	460	0,0,0,0,0,0	25332	207	71	26303	335	0	25406,23088,23088,13837,13837,13837,13837	1	11	25951,0,0,0,0,0,0	53	3043
175667	116	226	176	61	74	29	13	5	1723	243	413	530	82	0	17	2378	238	457	0,0,0,0,0,0	25433	203	71	26373	336	0	25500,23171,23171,13846,13846,13846,13846	1	10	26021,0,0,0,0,0,0	55	3205
175716	101	224	172	61	69	27	17	3	1699	243	414	534	300	1	23	2105	231	440	0,0,0,0,0,0	37470	187	50	26421	339	0	25558,23218,23218,13836,13836,13836,13836	1	3	26069,0,0,0,0,0,0	54	3352
175754	100	209	182	65	59	25	19	3	1669	244	417	548	100	1	16	2060	211	448	0,0,0,0,0,0	37458	183	66	26485	341	0	25707,23358,23358,13878,13878,13878,13878	1	7	26133,0,0,0,0,0,0	49	3496
175793	98	230	171	59	62	24	17	3	1623	245	421	536	97	0	29	2090	231	430	0,0,0,0,0,0	25135	166	78	26562	342	0	25866,23507,23507,13923,13923,13923,13923	1	4	26210,0,0,0,0,0,0	51	3622
175787	133	212	177	66	68	21	17	4	1591	245	425	548	294	4	23	2043	238	456	6,0,0,0,0,0	25314	140	67	26672	342	0	26057,23688,23688,14004,14004,14004,14004	1	5	26277,43,0,0,0,0,0	52	3730
175813	159	215	165	80	65	19	17	4	1536	245	428	538	259	0	17	2048	231	489	11,0,0,0,0,0	25321	164	72	26773	344	0	26242,23861,23861,14068,14068,14068,14068	1	4	26339,83,0,0,0,0,0	53	3863
175809	169	250	164	80	64	15	17	3	1497	245	433	544	270	0	25	2076	238	521	16,0,0,0,0,0	25292	183	87	26886	348	0	26452,24060,24060,14158,14158,14158,14158	1	9	26408,128,0,0,0,0,0	49	4000
175788	176	310	156	69	66	20	17	3	1459	246	436	537	85	2	26	1838	251	563	23,0,0,0,0,0	25044	187	86	27011	350	0	26665,24264,24264,14260,14260,14260,14260	1	7	26471,190,0,0,0,0,0	47	4146
175755	185	346	144	63	84	20	13	4	1442	249	441	530	81	0	22	1840	256	599	28,0,0,0,0,0	37166	171	85	27136	353	0	26876,24466,24466,14368,14368,14368,14368	1	8	26531,256,0,0,0,0,0	44	4275
175739	175	365	164	68	94	21	11	4	1408	251	446	532	277	1	29	1947	279	619	34,0,0,0,0,0	37252	134	89	27252	356	0	27085,24666,24666,14464,14464,14464,14464	1	8	26577,328,0,0,0,0,0	41	4374
175700	206	376	174	80	86	18	12	2	1390	252	450	538	235	5	36	1931	291	661	38,0,0,0,0,0	24930	136	141	27390	359	0	27300,24872,24872,14575,14575,14575,14575	1	13	26643,401,0,0,0,0,0	39	4474
175697	201	372	196	76	100	17	12	3	1366	253	453	528	286	0	27	2078	306	668	41,0,0,0,0,0	25078	114	96	27483	362	0	27463,25027,25027,14640,14640,14640,14640	1	6	26685,452,0,0,0,0,0	40	4558
175645	200	410	206	72	113	16	11	2	1362	255	454	512	260	0	37	2216	335	693	45,0,0,0,0,0	25491	110	144	27626	364	0	27685,25242,25242,14760,14760,14760,14760	1	8	26737,544,0,0,0,0,0	38	4638
175597	205	412	245	92	108	16	12	2	1345	256	456	517	228	1	26	2359	338	752	48,0,0,0,0,0	25273	134	137	27757	370	0	27889,25440,25440,14869,14869,14869,14869	1	9	26790,626,0,0,0,0,0	42	4734
175525	226	426	247	107	128	20	11	2	1334	259	461	522	243	1	42	2431	382	783	52,0,0,0,0,0	25708	119	164	27916	376	0	28133,25677,25676,15009,15009,15009,15009	1	15	26840,738,0,0,0,0,0	40	4814
175465	222	450	240	123	130	19	12	1	1360	260	464	527	255	2	33	2527	378	818	55,0,0,0,0,0	37502	118	145	28059	378	0	28351,25890,25888,15134,15134,15134,15134	1	12	26889,834,0,0,0,0,0	50	4899
175433	191	451	254	126	144	24	13	1	1379	262	468	548	241	2	35	2649	387	816	57,0,0,0,0,0	37717	302	130	28188	379	0	28521,26051,26049,15216,15216,15216,15216	1	6	26928,924,0,0,0,0,0	58	5134
175383	219	450	260	130	136	29	10	2	1392	265	470	578	298	1	53	2749	411	823	58,0,0,0,0,0	25914	290	155	28337	385	0	28709,26231,26228,15315,15315,15315,15315	1	13	26982,1023,0,0,0,0,0	59	5335
175312	241	487	257	128	137	29	12	2	1403	265	473	567	251	2	40	2628	427	864	61,0,0,0,0,0	26172	292	173	28505	391	0	28905,26422,26417,15430,15430,15430,15430	1	15	27035,1141,0,0,0,0,0	59	5556
175225	236	496	280	135	132	30	10	3	1455	267	477	584	260	2	36	2940	426	893	63,0,0,0,0,0	25903	255	159	28661	395	0	29090,26604,26597,15545,15545,15545,15545	1	15	27063,1271,0,0,0,0,0	63	5727
175125	263	517	282	126	152	27	14	2	1487	267	484	568	264	1	41	2724	427	954	66,0,0,0,0,0	26052	285	187	28839	404	0	29306,26816,26807,15683,15683,15683,15683	1	16	27113,1405,0,0,0,0,0	66	5918
174989	297	544	292	154	157	27	18	1	1514	268	485	548	312	1	62	2934	474	1015	68,0,0,0,0,0	25866	301	222	29053	413	0	29550,27057,27046,15853,15853,15853,15853	1	17	27169,1569,0,0,0,0,0	67	6132
174929	297	548	306	155	159	29	20	1	1545	268	489	524	262	1	47	2914	484	1030	69,0,0,0,0,0	37999	289	170	29217	421	0	29741,27242,27229,15961,15961,15961,15961	1	14	27212,1698,0,0,0,0,0	67	6323
174863	270	590	312	164	149	33	24	1	1581	268	491	540	184	0	44	2706	488	1054	70,0,0,0,0,0	37981	615	166	29379	429	0	30027,27525,27509,16118,16118,16118,16118	1	9	27252,1828,0,0,0,0,0	81	6676
174757	269	610	330	168	146	32	23	1	1642	271	497	547	310	4	51	3141	496	1082	71,0,0,0,0,0	26193	631	201	29579	431	0	30343,27839,27820,16313,16313,16313,16313	1	18	27295,1987,0,0,0,0,0	82	7082
174634	285	627	344	180	163	31	27	2	1681	271	501	541	291	5	60	3358	547	1110	72,0,0,0,0,0	26325	627	226	29796	441	0	30679,28176,28153,16526,16526,16526,16526	1	16	27348,2160,0,0,0,0,0	100	7645
174511	330	633	347	183	180	33	27	2	1726	272	502	548	275	3	60	3654	580	1153	73,0,0,0,0,0	26540	655	236	30030	446	0	31011,28509,28481,16739,16739,16739,16739	1	23	27394,2351,0,0,0,0,0	100	8224
174337	356	685	361	179	181	33	28	1	1804	274	507	552	253	2	57	4165	580	1243	74,0,0,0,0,0	26756	655	267	30285	458	0	31378,28876,28844,16992,16992,16992,16992	1	18	27436,2576,0,0,0,0,0	101	8822
174155	398	729	369	192	203	35	29	1	1852	274	509	528	258	5	70	3994	650	1305	76,0,0,0,0,0	27109	606	300	30574	469	0	31779,29278,29241,17268,17268,17268,17268	1	14	27480,2831,0,0,0,0,0	107	9349
174020	397	732	403	199	207	35	35	3	1932	274	509	536	259	4	66	4111	669	1339	79,0,0,0,0,0	38753	618	234	30802	476	0	32107,29609,29567,17487,17487,17487,17487	1	10	27506,3039,0,0,0,0,0	104	9891
173848	421	758	422	197	223	36	37	5	2011	275	513	532	100	0	66	4294	687	1407	79,0,0,0,0,0	39183	790	285	31076	487	0	32537,30039,29993,17771,17771,17771,17771	1	22	27557,3272,0,0,0,0,0	118	10583
173665	423	847	434	223	224	35	33	6	2062	279	515	545	240	2	85	4465	704	1515	81,0,0,0,0,0	27576	816	315	31376	504	0	33002,30508,30455,18079,18079,18079,18079	2	28	27588,3558,0,0,0,0,0	115	11262
173467	446	879	471	230	247	47	32	6	2122	281	518	538	274	4	78	4813	767	1585	82,0,0,0,0,0	27318	791	325	31690	517	0	33539,31044,30986,18426,18426,18426,18426	2	18	27623,3849,0,0,0,0,0	119	11950
173182	496	941	514	244	247	54	32	6	2223	285	522	543	282	5	89	5025	836	1692	83,0,0,0,0,0	27963	788	391	32063	536	0	34144,31655,31590,18854,18854,18854,18854	2	27	27663,4200,0,0,0,0,0	129	12616
172936	522	1002	525	265	277	57	28	8	2314	289	523	526	308	4	76	5113	864	1812	85,0,0,0,0,0	28333	806	380	32433	549	0	34752,32266,32194,19266,19266,19266,19266	2	27	27696,4547,0,0,0,0,0	144	13286
172713	540	1042	577	282	264	58	30	7	2416	290	527	532	328	7	90	5275	881	1912	86,0,0,0,0,0	28166	847	382	32802	565	0	35334,32854,32772,19654,19654,19654,19654	2	20	27721,4904,0,0,0,0,0	143	14023
172501	555	1096	574	285	283	58	30	8	2538	290	528	546	312	4	81	5250	901	1980	87,0,0,0,0,0	39802	799	359	33152	579	0	35896,33422,33332,20029,20029,20029,20029	2	21	27750,5237,0,0,0,0,0	154	14697
172314	545	1143	579	307	288	63	33	9	2645	290	530	548	256	4	93	5173	934	2024	88,0,0,0,0,0	40049	854	349	33494	591	0	36494,34028,33926,20405,20405,20405,20405	2	17	27773,5565,0,0,0,0,0	156	15427
172041	611	1132	627	340	312	65	30	10	2751	294	533	551	328	4	103	5490	982	2135	89,0,0,0,0,0	44775	891	431	33903	614	0	37155,34696,34585,20853,20853,20853,20853	2	31	27803,5961,0,0,0,0,0	158	16185
171810	641	1186	643	327	329	65	28	10	2876	297	534	526	284	7	121	5914	1070	2149	90,0,0,0,0,0	45488	903	414	34299	633	0	37792,35341,35218,21268,21268,21268,21268	2	29	27828,6346,0,0,0,0,0	164	16978
171623	633	1229	656	325	327	71	31	8	3006	299	538	528	258	2	102	6514	1113	2159	91,0,0,0,0,0	45734	835	368	34659	644	0	38394,35951,35816,21644,21644,21644,21644	2	16	27849,6693,0,0,0,0,0	161	17674
171417	646	1215	686	343	350	82	32	8	3124	302	541	553	290	4	108	6909	1151	2203	91,0,0,0,0,0	45788	871	394	35041	661	0	39019,36585,36437,22041,22041,22041,22041	2	20	27871,7068,0,0,0,0,0	167	18397
171210	626	1255	714	355	346	82	33	8	3267	306	544	531	255	4	113	6907	1177	2234	92,0,0,0,0,0	46553	907	384	35408	679	0	39646,37224,37063,22441,22441,22441,22441	2	25	27891,7427,0,0,0,0,0	179	19168
171086	569	1267	721	366	357	89	40	7	3389	309	546	535	267	4	98	7164	1199	2210	92,0,0,0,0,0	70636	855	328	35723	696	0	40202,37791,37615,22765,22765,22765,22765	2	14	27915,7729,0,0,0,0,0	188	19873
170924	568	1214	751	369	360	88	44	6	3563	310	549	536	285	5	97	7270	1173	2221	92,0,0,0,0,0	70819	675	349	36049	719	0	40835,38439,38248,23147,23147,23147,23147	2	16	27930,8057,0,0,0,0,0	210	20424
170727	581	1248	750	366	362	94	43	9	3700	311	555	522	260	8	136	7488	1231	2213	93,0,0,0,0,0	46827	614	390	36420	742	0	41516,39137,38931,23575,23575,23575,23575	2	25	27944,8432,0,0,0,0,0	207	20900
170549	615	1228	760	375	375	95	46	9	3820	315	559	499	272	5	117	7948	1245	2249	93,0,0,0,0,0	46785	644	384	36790	760	0	42203,39841,39618,23990,23990,23990,23990	2	29	27962,8801,0,0,0,0,0	209	21411
170421	596	1223	750	350	412	93	50	9	3961	317	564	486	230	2	129	7962	1297	2177	94,0,0,0,0,0	46918	617	349	37129	773	0	42810,40466,40225,24344,24344,24344,24344	2	19	27975,9139,0,0,0,0,0	204	21900
170266	568	1255	754	377	408	93	51	8	4078	320	568	484	289	5	119	7897	1302	2204	94,0,0,0,0,0	47043	643	389	37498	795	0	43469,41144,40885,24740,24740,24740,24740	2	26	27992,9508,0,0,0,0,0	197	22425
170101	615	1264	763	366	386	94	53	7	4203	321	573	481	255	7	121	7660	1255	2286	94,0,0,0,0,0	46820	621	418	37894	820	0	44168,41866,41585,25161,25161,25161,25161	2	25	28004,9911,0,0,0,0,0	203	22914
169990	619	1194	781	395	398	93	54	9	4314	322	577	454	302	1	108	7720	1230	2304	95,0,0,0,0,0	70713	680	351	38225	841	0	44780,42498,42198,25515,25515,25515,25515	2	18	28014,10244,0,0,0,0,0	213	23462
169969	552	1192	793	384	376	94	56	14	4410	326	580	429	307	10	130	8181	1217	2230	95,0,0,0,0,0	71229	901	290	38501	858	0	45332,43079,42758,25821,25821,25821,25821	2	11	28021,10527,0,0,0,0,0	202	24183
169867	533	1222	755	384	359	97	60	15	4545	328	581	442	233	7	126	8271	1191	2219	96,0,0,0,0,0	47725	908	362	38851	872	0	45950,43723,43381,26190,26190,26190,26190	2	22	28029,10882,0,0,0,0,0	199	24947
169772	560	1145	761	394	397	96	65	13	4629	329	585	444	253	7	116	8104	1187	2231	96,0,0,0,0,0	47594	933	369	39200	895	0	46635,44430,44066,26550,26550,26550,26550	2	19	28040,11236,0,0,0,0,0	208	25698
169673	568	1133	781	374	393	104	64	15	4723	332	586	457	301	6	126	8161	1213	2204	96,0,0,0,0,0	47079	925	365	39548	913	0	47312,45128,44743,26910,26910,26910,26910	2	16	28045,11591,0,0,0,0,0	211	26449
169594	561	1165	750	355	391	108	71	12	4817	333	589	473	287	7	125	7752	1202	2199	97,0,0,0,0,0	47306	840	371	39902	932	0	48008,45845,45436,27266,27266,27266,27266	2	26	28049,11951,0,0,0,0,0	226	27126
169545	551	1160	725	358	410	114	69	13	4871	338	592	468	296	5	137	8276	1196	2191	97,0,0,0,0,0	47157	875	373	40263	946	0	48664,46529,46092,27596,27596,27596,27596	2	23	28057,12313,0,0,0,0,0	226	27826
169531	534	1121	751	352	401	106	67	15	4930	342	596	447	240	5	108	8368	1167	2165	97,0,0,0,0,0	71399	878	298	40548	964	0	49280,47171,46709,27890,27890,27890,27890	2	13	28061,12607,0,0,0,0,0	220	28537
169518	500	1119	736	351	400	102	70	15	4990	346	599	458	263	4	97	8568	1132	2146	97,0,0,0,0,0	71575	1072	312	40844	981	0	50014,47933,47445,28236,28236,28236,28236	2	20	28069,12908,0,0,0,0,0	210	29375
169435	513	1149	717	342	403	105	70	15	5041	351	605	432	262	4	140	8397	1182	2117	97,0,0,0,0,0	47700	1049	393	41219	1001	0	50848,48796,48281,28673,28673,28673,28673	2	18	28077,13292,0,0,0,0,0	212	30176
169367	548	1138	728	327	382	107	71	14	5102	356	606	449	268	10	113	7775	1129	2172	97,0,0,0,0,0	47314	1133	380	41578	1023	0	51654,49630,49089,29079,29079,29079,29079	2	19	28078,13668,0,0,0,0,0	208	31102
169311	550	1149	737	325	356	109	68	16	5154	361	610	453	295	4	118	7678	1123	2171	98,0,0,0,0,0	46750	1076	359	41922	1039	0	52453,50458,49891,29479,29479,29479,29479	2	16	28080,14025,0,0,0,0,0	215	31958
169271	541	1142	727	353	365	109	64	16	5180	366	612	430	239	10	111	7708	1096	2205	98,0,0,0,0,0	46885	1110	345	42252	1055	0	53209,51242,50649,29850,29850,29850,29850	2	15	28083,14365,0,0,0,0,0	216	32844
169234	575	1143	726	353	375	104	63	16	5171	372	614	418	259	9	130	7987	1137	2202	98,0,0,0,0,0	46892	1072	385	42616	1076	0	54020,52084,51461,30243,30243,30243,30243	2	17	28084,14745,0,0,0,0,0	215	33679
169288	531	1090	736	378	353	104	67	18	5193	374	614	435	233	4	122	7872	1141	2118	98,0,0,0,0,0	71237	1070	277	42885	1086	0	54725,52819,52168,30546,30546,30546,30546	2	11	28085,15022,0,0,0,0,0	214	34478
169315	474	1123	709	350	323	107	68	16	5265	377	619	439	240	5	109	7391	1094	2060	98,0,0,0,0,0	70717	1383	283	43155	1101	0	55499,53623,52944,30884,30884,30884,30884	1	11	28088,15299,0,0,0,0,0	217	35548
169331	497	1060	737	358	347	103	68	19	5224	380	622	458	327	9	92	7309	1078	2092	99,0,0,0,0,0	46834	1375	330	43467	1120	0	56300,54455,53747,31240,31240,31240,31240	2	24	28089,15623,0,0,0,0,0	217	36609
169334	504	1058	714	347	356	102	62	22	5235	386	626	470	247	10	106	7002	1069	2074	99,0,0,0,0,0	46527	1352	317	43775	1136	0	57159,55345,54608,31623,31623,31623,31623	2	18	28091,15943,0,0,0,0,0	204	37626
169352	492	1058	697	333	335	103	59	20	5272	393	632	496	331	4	109	6966	1053	2024	99,0,0,0,0,0	46640	1365	306	44061	1157	0	57934,56151,55386,31971,31971,31971,31971	2	22	28092,16244,0,0,0,0,0	199	38678
169400	483	1061	696	331	322	99	57	18	5248	398	633	480	243	6	106	7211	1017	2032	99,0,0,0,0,0	38040	1379	327	44368	1177	0	58749,57000,56203,32321,32321,32321,32321	2	15	28094,16562,0,0,0,0,0	197	39693
169408	495	1050	715	332	329	97	53	18	5207	403	639	479	294	2	107	7296	1036	2035	99,0,0,0,0,0	38319	1367	333	44683	1197	0	59575,57857,57032,32692,32692,32692,32692	2	13	28096,16891,0,0,0,0,0	197	40706
169497	451	994	729	330	337	96	53	18	5195	405	641	477	298	5	75	6722	992	1998	99,0,0,0,0,0	41114	1398	249	44918	1212	0	60287,58601,57746,32971,32971,32971,32971	1	6	28098,17133,0,0,0,0,0	183	41732
169547	411	990	725	323	305	86	51	18	5236	409	645	451	313	3	115	6661	964	1927	99,0,0,0,0,0	40453	1120	262	45167	1227	0	61057,59399,58518,33286,33286,33286,33286	1	7	28099,17390,0,0,0,0,0	178	42571
169582	434	945	749	319	301	85	48	15	5203	415	650	459	254	7	103	6429	927	1954	99,0,0,0,0,0	38026	1069	307	45459	1243	0	61831,60203,59293,33613,33613,33613,33613	1	16	28101,17689,0,0,0,0,0	164	43360
169634	474	934	703	301	288	87	46	19	5191	417	652	475	283	10	106	6281	904	1929	99,0,0,0,0,0	37554	1097	299	45738	1263	0	62578,60982,60041,33908,33908,33908,33908	1	17	28104,17981,0,0,0,0,0	166	44126
169710	426	963	696	287	293	83	44	18	5149	420	657	460	238	3	90	6165	875	1917	99,0,0,0,0,0	37665	1129	274	45998	1277	0	63315,61752,60780,34194,34194,34194,34194	1	20	28104,18252,0,0,0,0,0	163	44908
169728	386	972	706	280	277	84	39	18	5168	426	662	469	297	2	78	6073	823	1921	99,0,0,0,0,0	37770	1077	264	46247	1293	0	64055,62518,61522,34503,34503,34503,34503	1	10	28105,18511,0,0,0,0,0	156	45669
169753	392	929	699	288	276	82	40	15	5175	430	667	480	265	6	100	6124	796	1910	99,0,0,0,0,0	37556	1100	290	46525	1306	0	64806,63301,62276,34815,34815,34815,34815	1	11	28107,18798,0,0,0,0,0	154	46442
169902	378	859	706	280	296	75	36	17	5092	436	669	474	311	8	83	5740	765	1865	99,0,0,0,0,0	39807	1061	215	46734	1313	0	65497,64026,62969,35043,35043,35043,35043	1	8	28108,19010,0,0,0,0,0	147	47141
170030	348	843	667	278	262	73	38	17	5081	440	669	468	263	5	88	5685	722	1787	99,0,0,0,0,0	39981	894	215	46939	1325	0	66182,64744,63658,35274,35274,35274,35274	1	11	28108,19223,0,0,0,0,0	142	47736
170144	364	827	645	253	259	71	35	15	5017	444	672	469	264	2	111	6240	724	1730	99,0,0,0,0,0	30967	887	261	47185	1342	0	66902,65500,64380,35521,35521,35521,35521	1	11	28108,19479,0,0,0,0,0	144	48325
170239	398	820	603	240	246	67	33	17	4964	445	674	460	315	4	94	6527	732	1675	99,0,0,0,0,0	31156	877	262	47432	1358	0	67606,66239,65088,35772,35772,35772,35772	1	17	28109,19737,0,0,0,0,0	137	48900
170353	395	795	591	255	250	71	34	16	4863	447	676	474	249	1	71	6251	740	1651	99,0,0,0,0,0	31237	886	238	47653	1375	0	68296,66963,65783,36008,36008,36008,36008	1	11	28109,19971,0,0,0,0,0	135	49503
170450	363	770	585	242	246	74	34	11	4841	448	682	441	256	6	83	5929	713	1601	99,0,0,0,0,0	30770	878	207	47847	1390	0	68932,67631,66424,36219,36219,36219,36219	1	10	28110,20176,0,0,0,0,0	136	50093
170586	331	750	557	250	241	80	28	10	4775	453	685	437	273	2	85	5440	678	1559	99,0,0,0,0,0	25139	945	186	48022	1405	0	69565,68296,67061,36410,36410,36410,36410	1	6	28110,20361,0,0,0,0,0	134	50734
170710	295	714	587	252	228	75	30	10	4702	455	688	428	231	2	80	5192	663	1518	99,0,0,0,0,0	31247	917	178	48189	1416	0	70170,68930,67669,36593,36593,36593,36593	1	8	28111,20535,0,0,0,0,0	132	51365
170860	261	686	570	240	223	73	32	9	4645	455	692	446	238	3	72	5404	647	1438	99,0,0,0,0,0	31539	1265	173	48350	1428	0	70758,69551,68262,36758,36758,36758,36758	1	14	28112,20699,0,0,0,0,0	134	52254
170964	293	653	548	239	216	71	33	8	4568	458	695	460	258	2	77	5321	629	1424	99,0,0,0,0,0	24809	1211	215	48552	1443	0	71374,70202,68885,36960,36960,36960,36960	1	19	28114,20912,0,0,0,0,0	137	53099
171115	303	611	512	230	219	65	33	7	4495	459	697	459	343	1	77	5020	614	1359	99,0,0,0,0,0	24659	1272	163	48704	1456	0	71986,70846,69503,37122,37122,37122,37122	1	10	28115,21070,0,0,0,0,0	126	54024
171262	301	613	479	205	213	65	33	6	4407	462	700	443	241	1	68	4763	590	1319	99,0,0,0,0,0	24237	1206	181	48875	1468	0	72594,71490,70118,37295,37295,37295,37295	1	11	28115,21250,0,0,0,0,0	119	54884
171384	287	597	449	207	190	59	31	5	4370	465	702	437	239	5	58	4360	522	1298	99,0,0,0,0,0	24411	1191	154	49024	1474	0	73197,72121,70727,37473,37473,37473,37473	1	12	28115,21402,0,0,0,0,0	122	55740
171539	283	553	445	202	177	56	28	7	4285	468	703	439	282	3	65	4335	510	1234	99,0,0,0,0,0	24030	1223	151	49167	1484	0	73784,72740,71320,37628,37628,37628,37628	1	6	28115,21551,0,0,0,0,0	111	56658
171721	243	513	446	195	167	56	27	8	4193	470	707	452	241	0	40	4328	476	1171	99,0,0,0,0,0	28782	1217	105	49263	1493	0	74321,73307,71865,37760,37760,37760,37760	1	4	28116,21654,0,0,0,0,0	98	57539
171886	194	508	424	165	162	53	26	10	4138	470	710	439	252	2	66	4420	470	1062	99,0,0,0,0,0	28489	603	105	49363	1498	0	75053,74070,72606,37989,37989,37989,37989	1	10	28117,21757,0,0,0,0,0	95	57969
171999	189	470	419	162	161	48	31	10	4072	471	714	442	237	2	54	4570	460	1020	99,0,0,0,0,0	23232	603	129	49487	1503	0	75802,74847,73364,38247,38247,38247,38247	1	8	28117,21883,0,0,0,0,0	85	58397
172166	175	442	403	150	158	48	27	9	3977	475	716	429	289	0	48	4472	433	970	99,0,0,0,0,0	23523	559	106	49591	1506	0	76521,75597,74093,38469,38469,38469,38469	1	7	28117,21988,0,0,0,0,0	86	58810
172344	160	429	381	142	153	49	24	8	3860	477	719	436	261	5	48	4230	420	918	99,0,0,0,0,0	23213	598	108	49689	1516	0	77232,76339,74813,38677,38677,38677,38677	1	8	28117,22091,0,0,0,0,0	83	59235
172492	168	377	377	139	127	40	20	12	3793	479	722	447	260	1	48	4236	383	865	99,0,0,0,0,0	22851	524	104	49790	1519	0	77936,77071,75527,38903,38903,38903,38903	1	4	28117,22195,0,0,0,0,0	65	59623
172664	148	376	350	116	131	40	20	11	3685	479	726	459	234	1	38	4083	363	818	99,0,0,0,0,0	22823	625	85	49875	1520	0	78651,77817,76252,39119,39119,39119,39119	1	4	28117,22281,0,0,0,0,0	65	60071
172864	146	340	344	111	125	39	17	11	3539	481	729	470	252	0	36	3657	334	788	99,0,0,0,0,0	28066	566	89	49959	1526	0	79345,78541,76956,39327,39327,39327,39327	1	8	28117,22369,0,0,0,0,0	70	60479
173032	127	315	330	110	101	40	17	12	3451	481	730	470	313	2	18	3644	288	752	99,0,0,0,0,0	28041	843	62	50018	1530	0	79779,79000,77398,39385,39385,39385,39385	0	4	28117,22431,0,0,0,0,0	68	61113
173193	114	306	309	107	93	34	18	10	3347	481	734	467	261	0	38	3314	264	717	99,0,0,0,0,0	17153	799	77	50085	1540	0	80209,79456,77836,39437,39437,39437,39437	0	3	28118,22502,0,0,0,0,0	66	61708
173341	114	297	281	95	90	35	12	12	3247	485	737	488	253	3	30	3239	240	684	99,0,0,0,0,0	16839	812	86	50167	1544	0	80633,79907,78269,39502,39502,39502,39502	0	1	28118,22587,0,0,0,0,0	58	62292
173487	120	266	277	93	74	35	13	9	3147	485	740	504	100	2	23	3067	218	660	99,0,0,0,0,0	16920	802	77	50239	1549	0	81062,80357,78706,39571,39571,39571,39571	0	3	28118,22662,0,0,0,0,0	53	62870
173617	126	254	269	84	68	30	10	8	3049	487	744	496	254	2	36	2704	209	632	99,0,0,0,0,0	16827	767	86	50317	1558	0	81471,80787,79122,39638,39638,39638,39638	0	5	28118,22746,0,0,0,0,0	48	63429
173751	126	249	270	72	69	29	10	8	2927	487	748	479	248	1	24	2562	214	611	99,0,0,0,0,0	16228	807	78	50389	1564	0	81909,81247,79569,39713,39713,39713,39713	0	3	28118,22823,0,0,0,0,0	43	64024
173903	126	231	255	72	58	32	9	6	2814	487	753	491	248	2	18	2436	190	593	99,0,0,0,0,0	26856	808	54	50442	1567	0	82293,81652,79961,39767,39767,39767,39767	0	2	28118,22879,0,0,0,0,0	42	64630
174066	111	224	232	80	47	33	9	6	2695	488	755	502	299	2	18	2033	178	558	99,0,0,0,0,0	26829	1021	46	50488	1569	0	82705,82086,80381,39812,39812,39812,39812	0	1	28118,22927,0,0,0,0,0	44	65386
174188	112	222	211	75	49	31	10	4	2596	489	759	478	237	0	16	1924	155	555	99,0,0,0,0,0	15680	1090	70	50549	1578	0	83113,82513,80796,39869,39869,39869,39869	0	3	28118,22996,0,0,0,0,0	42	66194
174314	109	213	202	66	49	29	10	4	2499	489	762	504	236	1	23	1719	157	521	99,0,0,0,0,0	15444	1083	54	50598	1584	0	83507,82923,81196,39908,39908,39908,39908	0	4	28119,23049,0,0,0,0,0	39	67004
174464	94	220	186	64	50	25	8	4	2375	491	765	493	257	1	14	1772	144	503	99,0,0,0,0,0	15341	1146	53	50650	1585	0	83905,83339,81599,39942,39942,39942,39942	0	1	28119,23101,0,0,0,0,0	35	67879
174583	79	222	173	61	50	25	7	4	2281	492	769	509	246	1	21	1793	142	475	99,0,0,0,0,0	15508	1116	56	50704	1587	0	84301,83753,82002,39991,39991,39991,39991	0	1	28119,23155,0,0,0,0,0	38	68715
174702	83	214	169	61	47	23	7	5	2173	492	770	529	312	0	22	1592	133	471	99,0,0,0,0,0	15518	1082	63	50763	1591	0	84726,84193,82433,40055,40055,40055,40055	0	2	28119,23216,0,0,0,0,0	34	69496
174807	82	188	188	67	44	20	6	4	2074	493	773	505	273	0	18	1416	133	462	99,0,0,0,0,0	20779	1054	54	50815	1593	0	85150,84632,82863,40126,40126,40126,40126	0	3	28119,23269,0,0,0,0,0	33	70276
174923	83	159	184	61	47	19	6	4	1990	493	777	490	278	0	12	1487	128	431	99,0,0,0,0,0	21034	346	40	50853	1595	0	85708,85206,83431,40265,40265,40265,40265	0	0	28119,23309,0,0,0,0,0	28	70530
175033	77	160	171	49	38	16	6	3	1920	494	779	530	323	1	14	1419	113	404	99,0,0,0,0,0	12078	336	51	50902	1597	0	86284,85800,84016,40411,40411,40411,40411	0	1	28119,23360,0,0,0,0,0	25	70767
175145	87	164	150	46	39	15	6	3	1815	494	782	544	91	1	9	1503	107	400	99,0,0,0,0,0	12372	358	58	50956	1601	0	86882,86415,84623,40563,40563,40563,40563	0	3	28119,23417,0,0,0,0,0	23	70996
175231	83	162	145	40	38	14	6	3	1743	494	787	525	294	1	16	1421	105	383	99,0,0,0,0,0	12302	340	43	50994	1606	0	87480,87028,85230,40724,40724,40724,40724	0	2	28119,23459,0,0,0,0,0	22	71235
175316	78	180	133	35	38	15	5	2	1660	495	789	540	245	0	10	1474	97	387	99,0,0,0,0,0	12421	335	53	51044	1609	0	88060,87624,85820,40881,40881,40881,40881	0	1	28120,23510,0,0,0,0,0	22	71463
175393	76	177	138	38	45	13	6	2	1572	495	791	563	137	1	16	1407	108	385	99,0,0,0,0,0	12296	348	46	51086	1614	0	88645,88223,86412,41027,41027,41027,41027	0	2	28120,23555,0,0,0,0,0	22	71699
175504	76	147	151	37	49	12	5	2	1472	496	795	535	264	1	9	1328	108	369	99,0,0,0,0,0	20682	356	38	51119	1619	0	89207,88802,86984,41168,41168,41168,41168	0	2	28120,23591,0,0,0,0,0	23	71950
175589	69	131	151	35	43	11	5	2	1415	496	799	585	285	1	14	1338	89	356	99,0,0,0,0,0	20488	337	34	51151	1621	0	89388,88994,87168,41092,41092,41092,41092	0	1	28120,23624,0,0,0,0,0	20	72188
175679	72	132	130	43	34	10	4	2	1343	497	800	539	252	2	17	1314	92	333	99,0,0,0,0,0	12248	314	36	51187	1622	0	89562,89180,87346,41008,41008,41008,41008	0	3	28121,23660,0,0,0,0,0	17	72403
175730	64	136	120	49	35	8	4	2	1299	497	802	586	86	1	12	1164	97	319	99,0,0,0,0,0	12003	304	44	51231	1622	0	89738,89364,87525,40930,40930,40930,40930	0	1	28122,23703,0,0,0,0,0	14	72611
175827	66	127	109	44	30	6	5	1	1230	497	804	574	248	3	10	1298	91	296	98,0,0,0,0,0	12097	325	26	51254	1625	0	89900,89539,87692,40832,40832,40832,40832	0	2	28123,23727,0,0,0,0,0	12	72853
175894	60	129	113	45	26	4	4	2	1164	497	808	582	159	1	9	1126	92	289	98,0,0,0,0,0	12050	333	36	51288	1628	0	90059,89707,87853,40740,40740,40740,40740	0	0	28123,23763,0,0,0,0,0	9	73091
175948	44	139	117	37	25	4	3	2	1121	497	809	599	312	1	12	1134	91	278	98,0,0,0,0,0	11883	323	32	51319	1629	0	90238,89896,88037,40669,40669,40669,40669	0	1	28123,23795,0,0,0,0,0	9	73295
176018	42	121	115	32	26	3	3	2	1076	497	811	584	85	0	9	1180	82	260	99,0,0,0,0,0	20617	339	21	51339	1630	0	90406,90072,88208,40587,40587,40587,40587	0	0	28123,23816,0,0,0,0,0	8	73544
176070	45	114	105	29	26	3	3	2	1037	497	815	575	89	0	5	1226	72	253	99,0,0,0,0,0	20528	177	29	51365	1633	0	90652,90326,88460,40560,40560,40560,40560	0	1	28123,23843,0,0,0,0,0	9	73677
176135	44	102	116	29	25	2	3	2	970	498	820	557	234	2	11	1118	74	247	99,0,0,0,0,0	12115	162	24	51387	1635	0	90867,90549,88679,40507,40507,40507,40507	0	0	28123,23866,0,0,0,0,0	9	73785
176179	43	99	102	27	24	3	2	2	944	498	823	559	85	0	9	1057	72	228	99,0,0,0,0,0	11866	172	25	51411	1636	0	91082,90773,88900,40464,40464,40464,40464	0	1	28123,23891,0,0,0,0,0	6	73903
176209	37	106	105	31	20	3	3	2	906	498	826	541	5282	4	5	949	68	237	99,0,0,0,0,0	11750	179	34	51441	1640	0	91314,91011,89138,40439,40439,40439,40439	0	1	28123,23925,0,0,0,0,0	7	74021
176258	39	95	99	28	26	3	3	1	867	498	829	592	2643	4	10	946	72	221	99,0,0,0,0,0	11792	172	24	51461	1644	0	91528,91231,89356,40392,40392,40392,40392	0	3	28123,23948,0,0,0,0,0	7	74134
176282	42	88	94	26	23	4	3	1	847	498	838	572	1365	3	9	802	71	209	99,0,0,0,0,0	11628	157	26	51487	1645	0	91743,91453,89577,40357,40357,40357,40357	0	2	28123,23975,0,0,0,0,0	7	74241
176333	32	77	84	22	23	3	3	1	830	498	840	578	871	0	7	780	68	176	100,0,0,0,0,0	20249	167	10	51497	1645	0	91970,91685,89808,40317,40317,40317,40317	0	1	28123,23985,0,0,0,0,0	7	74362
176385	20	79	85	24	21	2	3	1	784	498	844	580	455	1	6	718	62	172	100,0,0,0,0,0	20267	195	13	51510	1645	0	92208,91931,90055,40291,40291,40291,40291	0	0	28123,23998,0,0,0,0,0	8	74494
176416	20	82	79	22	16	2	3	1	760	498	847	591	2956	2	9	575	58	166	100,0,0,0,0,0	22281	168	22	51532	1645	0	92465,92194,90318,40280,40280,40280,40280	0	2	28123,24020,0,0,0,0,0	7	74607
176454	25	76	70	22	16	2	3	1	729	498	850	610	2756	2	3	545	53	161	100,0,0,0,0,0	22037	159	17	51547	1648	0	92718,92453,90578,40259,40259,40259,40259	0	2	28123,24037,0,0,0,0,0	6	74719
176483	27	68	66	22	18	2	3	1	701	498	857	606	2291	1	3	559	52	154	100,0,0,0,0,0	22227	173	17	51563	1649	0	93000,92742,90868,40259,40259,40259,40259	0	0	28123,24053,0,0,0,0,0	6	74837
176523	22	66	64	22	19	1	2	1	667	499	860	608	1533	0	7	573	58	138	100,0,0,0,0,0	21771	174	13	51575	1650	0	93260,93008,91136,40247,40247,40247,40247	0	1	28123,24066,0,0,0,0,0	3	74948
176566	23	61	55	21	15	2	2	1	638	499	863	629	947	2	9	535	53	126	100,0,0,0,0,0	22196	197	12	51586	1651	0	93500,93255,91384,40227,40227,40227,40227	0	2	28123,24078,0,0,0,0,0	5	75085
176595	25	52	62	19	12	2	3	1	611	499	865	645	1851	1	4	508	51	124	100,0,0,0,0,0	20001	178	18	51602	1653	0	93751,93512,91642,40218,40218,40218,40218	0	1	28123,24096,0,0,0,0,0	6	75206
176621	28	44	58	20	11	2	3	1	591	499	868	646	2248	1	6	564	42	124	100,0,0,0,0,0	20016	173	13	51614	1654	0	93793,93557,91686,40071,40071,40071,40071	0	2	28123,24109,0,0,0,0,0	7	75324
176647	30	43	52	15	12	1	3	1	571	499	872	616	2372	1	6	520	39	117	100,0,0,0,0,0	22227	179	13	51625	1656	0	93822,93590,91717,39917,39917,39917,39917	0	0	28123,24122,0,0,0,0,0	6	75443
176678	25	44	51	14	12	1	3	1	541	499	877	617	1984	2	3	659	39	111	100,0,0,0,0,0	22380	163	7	51631	1657	0	93841,93614,91740,39758,39758,39758,39758	0	0	28123,24129,0,0,0,0,0	5	75547
176705	21	48	48	13	11	1	3	1	512	499	884	626	1351	0	1	643	39	106	100,0,0,0,0,0	22206	172	12	51641	1659	0	93868,93646,91769,39602,39602,39602,39602	0	1	28123,24140,0,0,0,0,0	5	75657
176724	18	43	46	12	11	2	3	1	498	499	889	624	1654	1	3	575	34	101	100,0,0,0,0,0	22277	205	11	51652	1659	0	93894,93675,91798,39451,39451,39451,39451	0	0	28123,24151,0,0,0,0,0	5	75787
176767	17	33	44	12	16	2	2	2	462	499	890	625	1895	0	3	552	31	95	100,0,0,0,0,0	22120	168	9	51659	1661	0	93920,93706,91826,39288,39288,39288,39288	0	0	28123,24159,0,0,0,0,0	5	75904
176793	15	37	39	13	14	2	3	2	437	499	892	619	2087	0	6	601	37	86	100,0,0,0,0,0	19958	162	11	51670	1661	0	93958,93747,91867,39144,39144,39144,39144	0	0	28123,24170,0,0,0,0,0	4	76010
176809	12	40	37	11	10	4	1	2	422	501	897	637	1966	1	2	591	34	81	100,0,0,0,0,0	19951	115	6	51675	1662	0	93983,93774,91894,38995,38995,38995,38995	0	0	28123,24175,0,0,0,0,0	3	76090
176839	10	36	38	8	14	3	1	1	394	501	901	653	1628	0	2	546	34	76	100,0,0,0,0,0	22196	110	7	51681	1663	0	93995,93789,91909,38830,38830,38830,38830	0	0	28123,24181,0,0,0,0,0	4	76159
176861	12	36	37	7	13	3	1	1	369	501	905	656	1637	0	2	517	30	79	100,0,0,0,0,0	22226	119	11	51691	1664	0	94003,93800,91918,38663,38663,38663,38663	0	0	28123,24192,0,0,0,0,0	4	76234
176892	14	26	38	9	12	2	1	1	343	501	907	669	1809	0	6	497	31	71	100,0,0,0,0,0	22132	118	6	51696	1665	0	94020,93820,91937,38497,38497,38497,38497	0	0	28123,24197,0,0,0,0,0	2	76316
176912	10	26	33	8	10	2	1	1	333	501	909	622	1909	0	3	309	26	64	100,0,0,0,0,0	22050	117	5	51701	1665	0	94047,93849,91966,38344,38344,38344,38344	0	0	28123,24202,0,0,0,0,0	3	76388
176927	10	24	30	7	9	2	1	1	321	501	913	646	2033	0	0	279	20	63	100,0,0,0,0,0	21879	95	5	51706	1665	0	94056,93860,91978,38186,38186,38186,38186	0	0	28123,24207,0,0,0,0,0	3	76450
176945	8	22	31	4	4	1	1	1	314	501	914	616	1781	0	1	277	14	57	100,0,0,0,0,0	20012	89	5	51711	1665	0	94076,93882,92000,38032,38032,38032,38032	0	0	28123,24212,0,0,0,0,0	2	76506
176957	7	16	30	3	6	1	1	1	306	501	917	625	1684	0	1	222	14	50	100,0,0,0,0,0	19759	94	1	51712	1665	0	94038,93845,91962,37843,37843,37843,37843	0	0	28123,24213,0,0,0,0,0	2	76559
176971	11	16	22	3	4	1	1	0	297	501	919	631	1747	0	2	147	11	47	100,0,0,0,0,0	21777	83	7	51719	1665	0	93990,93799,91916,37648,37648,37648,37648	0	0	28123,24220,0,0,0,0,0	2	76616
176990	9	17	19	3	2	2	1	0	279	501	923	631	1785	0	0	167	8	45	100,0,0,0,0,0	21737	97	2	51721	1665	0	93944,93756,91871,37446,37446,37446,37446	0	0	28123,24222,0,0,0,0,0	2	76678
177000	5	17	16	2	3	2	1	0	271	501	928	627	1908	0	1	157	6	40	100,0,0,0,0,0	21790	98	1	51722	1665	0	93900,93713,91828,37254,37254,37254,37254	0	0	28123,24223,0,0,0,0,0	3	76736
177008	5	20	15	0	3	2	1	0	262	501	929	635	1877	0	1	87	3	43	100,0,0,0,0,0	21873	96	6	51728	1665	0	93854,93669,91784,37064,37064,37064,37064	0	0	28123,24229,0,0,0,0,0	3	76794
177018	5	12	20	3	3	2	1	0	249	501	932	625	1818	0	0	78	3	43	100,0,0,0,0,0	21741	83	2	51730	1665	0	93800,93615,91730,36862,36862,36862,36862	0	0	28123,24231,0,0,0,0,0	3	76844
177034	5	11	18	3	3	2	0	1	233	501	935	636	1741	0	2	60	5	37	100,0,0,0,0,0	19487	96	2	51732	1665	0	93749,93566,91681,36667,36667,36667,36667	0	0	28123,24233,0,0,0,0,0	2	76905
177045	6	7	15	3	5	2	0	0	223	501	939	660	1783	0	0	50	4	34	100,0,0,0,0,0	19700	96	3	51735	1665	0	93701,93520,91634,36481,36481,36481,36481	0	0	28123,24236,0,0,0,0,0	2	76961
177057	3	10	10	3	4	2	0	0	212	501	944	656	1819	0	2	53	6	26	100,0,0,0,0,0	21757	92	3	51738	1665	0	93649,93469,91583,36288,36288,36288,36288	0	1	28123,24239,0,0,0,0,0	2	77017
177064	6	8	15	2	3	1	0	0	196	501	950	618	1901	0	2	54	6	29	100,0,0,0,0,0	21843	60	7	51745	1665	0	93596,93418,91532,36092,36092,36092,36092	0	0	28123,24246,0,0,0,0,0	1	77056
177069	6	11	14	2	2	0	0	0	188	501	953	649	1768	1	0	51	5	30	100,0,0,0,0,0	21698	72	4	51749	1665	0	93544,93367,91481,35899,35899,35899,35899	0	0	28123,24250,0,0,0,0,0	0	77105
177082	4	10	12	5	1	0	0	0	176	501	955	636	1854	0	0	21	4	28	100,0,0,0,0,0	21734	89	1	51750	1665	0	93488,93312,91426,35702,35702,35702,35702	0	0	28123,24251,0,0,0,0,0	0	77160
177083	3	13	9	5	2	0	0	0	173	501	957	656	1805	0	0	19	3	29	100,0,0,0,0,0	21567	76	4	51753	1666	0	93437,93262,91377,35512,35512,35512,35512	0	0	28123,24255,0,0,0,0,0	0	77207
177082	4	13	8	2	1	1	2	0	170	501	962	642	1768	0	3	24	5	26	100,0,0,0,0,0	19543	79	3	51757	1666	0	93394,93218,91334,35331,35331,35331,35331	0	0	28123,24259,0,0,0,0,0	0	77253
177093	5	12	7	2	0	1	2	0	156	501	967	628	2008	0	2	27	7	22	100,0,0,0,0,0	19678	82	3	51760	1666	0	93341,93168,91283,35146,35146,35146,35146	0	0	28123,24262,0,0,0,0,0	3	77303
177103	5	12	5	3	0	1	2	0	144	501	970	606	1776	0	0	27	7	21	100,0,0,0,0,0	21507	84	1	51761	1666	0	93286,93114,91230,34960,34960,34960,34960	0	0	28123,24263,0,0,0,0,0	3	77349
177109	4	12	7	4	1	1	2	0	134	501	971	620	1865	0	0	19	7	24	100,0,0,0,0,0	21624	71	3	51764	1666	0	93218,93046,91162,34768,34768,34768,34768	0	0	28123,24266,0,0,0,0,0	3	77392
177122	5	6	9	6	1	1	2	0	121	501	972	613	1954	0	2	23	10	20	100,0,0,0,0,0	21624	78	1	51765	1666	0	93156,92985,91102,34577,34577,34577,34577	0	0	28123,24267,0,0,0,0,0	3	77443
177134	4	6	6	5	1	1	2	0	113	501	973	596	1757	0	1	23	8	17	100,0,0,0,0,0	21570	59	0	51765	1666	0	93105,92935,91052,34397,34397,34397,34397	0	0	28123,24267,0,0,0,0,0	3	77480
177137	2	8	6	5	1	1	2	0	106	501	977	596	1869	0	1	20	9	16	100,0,0,0,0,0	21583	101	2	51767	1666	0	93044,92874,90993,34208,34208,34208,34208	0	0	28123,24269,0,0,0,0,0	3	77540
177142	1	6	8	4	2	2	2	0	98	501	980	585	1786	0	0	21	10	15	100,0,0,0,0,0	19619	73	1	51768	1666	0	92984,92816,90934,34026,34026,34026,34026	0	0	28123,24270,0,0,0,0,0	3	77585
177142	2	4	7	4	3	1	1	0	92	502	988	604	1798	0	0	21	8	14	100,0,0,0,0,0	19643	79	2	51770	1666	0	92912,92744,90863,33845,33845,33845,33845	0	0	28123,24272,0,0,0,0,0	2	77631
177141	1	5	5	4	3	1	1	0	91	502	992	591	1776	0	2	24	9	11	100,0,0,0,0,0	21576	84	1	51771	1666	0	92834,92666,90786,33659,33659,33659,33659	0	0	28123,24273,0,0,0,0,0	2	77687
177145	2	5	2	2	2	1	1	0	89	502	995	607	1799	0	1	19	5	10	100,0,0,0,0,0	21605	66	1	51772	1666	0	92756,92588,90708,33472,33472,33472,33472	0	0	28123,24274,0,0,0,0,0	2	77730
177148	2	6	2	2	1	0	1	0	83	502	999	626	1902	0	0	16	4	10	100,0,0,0,0,0	21385	70	2	51774	1666	0	92684,92516,90637,33287,33287,33287,33287	0	0	28123,24276,0,0,0,0,0	1	77774
177154	3	6	2	2	0	0	1	0	75	502	1001	630	1763	0	0	16	3	11	100,0,0,0,0,0	21799	74	2	51776	1666	0	92601,92434,90555,33102,33102,33102,33102	0	0	28123,24278,0,0,0,0,0	1	77823
177154	2	7	4	1	0	0	1	0	72	502	1003	628	1836	0	0	16	2	13	100,0,0,0,0,0	21772	77	3	51778	1667	0	92523,92356,90478,32916,32916,32916,32916	0	1	28123,24281,0,0,0,0,0	1	77873
177155	1	5	6	2	0	0	1	0	67	502	1007	605	1788	0	0	12	2	13	100,0,0,0,0,0	19659	82	0	51778	1667	0	92441,92275,90397,32732,32732,32732,32732	0	0	28123,24281,0,0,0,0,0	1	77926
177156	2	3	5	1	1	0	1	0	62	502	1013	578	1835	0	0	7	1	12	100,0,0,0,0,0	19577	70	1	51779	1667	0	92359,92193,90315,32560,32560,32560,32560	0	0	28123,24282,0,0,0,0,0	1	77970
177159	2	2	3	0	1	0	1	0	62	502	1014	596	1808	0	0	6	0	9	100,0,0,0,0,0	21499	79	0	51779	1667	0	92277,92111,90234,32382,32382,32382,32382	0	0	28123,24282,0,0,0,0,0	1	78015
177161	1	2	2	1	0	0	1	0	60	502	1016	590	1787	0	0	6	0	7	100,0,0,0,0,0	21595	206	1	51780	1667	131	92191,92025,90149,32205,32205,32205,32205	0	0	28123,24283,0,0,0,0,0	1	78065
177163	1	0	1	1	1	0	1	0	58	502	1018	587	1848	0	0	6	0	5	100,0,0,0,0,0	21570	195	0	51780	1667	273	92133,91967,90092,32089,32089,32089,32089	0	0	28123,24283,0,0,0,0,0	1	78097
177164	0	1	1	1	1	0	1	0	49	502	1026	604	1749	0	0	3	0	5	100,0,0,0,0,0	21579	209	0	51780	1667	417	92086,91920,90046,31993,31993,31993,31993	0	0	28123,24283,0,0,0,0,0	1	78139
177166	0	1	0	0	1	0	0	0	46	503	1029	599	1993	0	1	1	1	1	100,0,0,0,0,0	21727	204	0	51780	1667	555	92032,91867,89993,31889,31889,31889,31889	0	0	28123,24283,0,0,0,0,0	0	78183
177166	0	1	0	0	1	0	0	0	43	503	1032	616	1798	0	0	1	1	1	100,0,0,0,0,0	19457	190	0	51780	1667	677	91986,91821,89948,31790,31790,31790,31790	0	0	28123,24283,0,0,0,0,0	0	78224
177163	0	0	1	0	1	0	0	0	42	503	1036	613	1820	0	0	1	1	1	100,0,0,0,0,0	19759	211	0	51780	1667	801	91931,91765,89894,31686,31686,31686,31686	0	0	28123,24283,0,0,0,0,0	0	78283
177159	0	1	1	0	1	0	0	0	40	503	1041	625	1789	0	0	1	1	2	100,0,0,0,0,0	21475	205	1	51780	1668	941	91876,91710,89840,31583,31583,31583,31583	0	0	28123,24284,0,0,0,0,0	0	78316
177162	0	1	1	0	1	0	0	0	35	503	1043	623	1805	0	0	1	1	2	100,0,0,0,0,0	21429	252	0	51780	1668	1115	91815,91649,89780,31477,31477,31477,31477	0	0	28123,24284,0,0,0,0,0	0	78361
177159	1	1	1	0	0	0	0	0	35	503	1046	604	1801	0	0	1	0	3	100,0,0,0,0,0	21620	287	1	51781	1668	1326	91763,91598,89729,31394,31394,31394,31394	0	1	28123,24285,0,0,0,0,0	0	78408
177159	2	0	1	0	0	0	0	0	32	503	1049	580	1883	0	0	1	0	3	100,0,0,0,0,0	21650	256	1	51782	1668	1506	91724,91558,89691,31328,31328,31328,31328	0	0	28123,24286,0,0,0,0,0	0	78448
177160	2	0	1	0	0	0	0	0	27	503	1053	596	1764	0	0	1	0	3	100,0,0,0,0,0	21591	269	0	51782	1668	1695	91676,91511,89644,31248,31248,31248,31248	0	0	28123,24286,0,0,0,0,0	0	78493
177162	1	1	1	0	0	0	0	0	24	503	1054	596	1795	0	0	1	0	3	100,0,0,0,0,0	19665	274	0	51782	1668	1890	91634,91469,89604,31182,31182,31182,31182	0	0	28123,24286,0,0,0,0,0	0	78542
177159	1	1	1	0	0	0	0	0	23	503	1058	569	1789	1	0	1	0	3	100,0,0,0,0,0	19610	268	0	51782	1668	2100	91602,91437,89573,31133,31133,31133,31133	0	0	28123,24286,0,0,0,0,0	0	78576
177160	0	2	1	0	0	0	0	0	21	503	1059	593	1829	0	0	1	1	2	100,0,0,0,0,0	21798	245	0	51782	1668	2294	91562,91396,89533,31088,31088,31088,31088	0	0	28123,24286,0,0,0,0,0	0	78606
177157	0	2	1	1	0	0	0	0	19	503	1063	596	1828	0	0	1	1	3	100,0,0,0,0,0	21556	212	1	51782	1669	2437	91515,91350,89488,31026,31026,31026,31026	0	0	28123,24287,0,0,0,0,0	0	78638
177155	0	1	2	0	0	0	0	0	20	503	1065	614	1733	0	0	1	0	3	100,0,0,0,0,0	21402	213	0	51782	1669	2583	91461,91294,89434,30938,30938,30938,30938	0	0	28123,24287,0,0,0,0,0	0	78682
177153	0	1	2	0	0	0	0	0	19	503	1068	619	1841	0	0	1	0	3	100,0,0,0,0,0	21769	194	0	51782	1669	2711	91400,91234,89374,30849,30849,30849,30849	0	0	28123,24287,0,0,0,0,0	0	78712
177152	0	0	3	0	0	0	0	0	17	503	1071	616	1772	0	0	1	0	3	100,0,0,0,0,0	21722	201	0	51782	1669	2852	91346,91179,89322,30759,30759,30759,30759	0	0	28123,24287,0,0,0,0,0	0	78747
177149	0	0	1	0	0	0	0	0	16	503	1077	612	1858	0	0	1	0	1	100,0,0,0,0,0	19418	247	0	51782	1669	3038	91294,91126,89270,30678,30678,30678,30678	0	0	28123,24287,0,0,0,0,0	0	78787
177150	0	0	0	0	0	0	0	0	13	503	1080	619	1793	0	0	1	0	0	0,0,0,0,0,0	19518	267	0	51782	1669	3223	91247,91079,89224,30631,30631,30631,30631	0	0	28123,24287,0,0,0,0,0	0	78828
177152	0	0	0	0	0	0	0	0	10	503	1081	625	1848	0	0	1	0	0	0,0,0,0,0,0	21789	255	0	51782	1669	3390	91200,91032,89178,30580,30580,30580,30580	0	0	28123,24287,0,0,0,0,0	0	78882
177150	0	0	0	0	0	0	0	0	8	503	1085	621	1767	0	0	1	0	0	0,0,0,0,0,0	21540	338	0	51782	1669	3653	91143,90974,89121,30519,30519,30519,30519	0	0	28123,24287,0,0,0,0,0	0	78926
177148	0	0	0	0	0	0	0	0	8	503	1087	641	1791	0	0	1	0	0	0,0,0,0,0,0	21591	320	0	51782	1669	3893	91115,90947,89095,30508,30508,30508,30508	0	0	28123,24287,0,0,0,0,0	0	78967
177146	0	0	0	0	0	0	0	0	6	503	1091	666	1877	0	0	0	0	0	0,0,0,0,0,0	21618	334	0	51782	1669	4152	91081,90913,89062,30487,30487,30487,30487	0	0	28123,24287,0,0,0,0,0	0	79014
177143	0	0	0	0	0	0	0	0	6	503	1094	630	1826	0	0	0	0	0	0,0,0,0,0,0	21695	343	0	51782	1669	4426	91053,90884,89035,30473,30473,30473,30473	0	0	28123,24287,0,0,0,0,0	0	79050
177115	13	11	0	0	0	0	0	0	6	503	1098	633	1816	0	0	0	0	24	0,100,0,0,0,0	19574	341	0	51801	1674	4684	91047,90878,89030,30495,30495,30495,30495	0	0	28123,24287,24,0,0,0,0	0	79090
177082	30	23	1	0	1	0	0	0	5	503	1101	646	1781	0	0	0	0	55	0,100,0,0,0,0	19609	465	3	51829	1677	4965	91041,90873,89026,30530,30530,30530,30530	0	0	28123,24287,55,0,0,0,0	0	79187
177033	41	50	3	1	3	0	0	0	4	503	1108	646	1959	1	1	1	1	97	0,100,0,0,0,0	21575	487	3	51868	1681	5231	91056,90887,89043,30590,30590,30590,30590	0	0	28123,24287,98,0,0,0,0	0	79293
176995	43	69	10	1	6	0	0	0	6	503	1113	663	1820	1	2	6	3	126	0,100,0,0,0,0	10206	506	7	51898	1684	5558	91060,90890,89047,30634,30634,30634,30634	0	1	28123,24287,131,0,0,0,0	1	79386
176931	56	95	19	5	7	0	0	0	8	503	1122	631	1838	2	6	25	13	169	0,100,0,0,0,0	10135	483	22	51949	1688	5841	91088,90918,89077,30726,30726,30726,30726	0	1	28123,24287,186,0,0,0,0	1	79487
176869	75	106	40	5	6	0	0	0	18	503	1124	640	1821	1	4	91	17	215	0,100,0,0,0,0	10410	502	23	52007	1690	6146	91115,90945,89106,30800,30800,30800,30800	0	1	28123,24287,246,0,0,0,0	2	79581
176835	72	114	46	7	9	0	0	0	30	503	1130	630	1793	3	2	102	19	229	0,100,0,0,0,0	10284	462	28	52032	1693	6422	91112,90942,89104,30845,30845,30845,30845	0	1	28123,24287,274,0,0,0,0	1	79686
176807	65	119	66	5	10	1	0	0	38	503	1132	653	1798	0	4	122	27	239	0,100,0,0,0,0	19763	508	30	52058	1697	6704	91112,90941,89105,30885,30885,30885,30885	0	2	28123,24287,304,0,0,0,0	4	79805
176773	57	122	78	9	14	1	0	0	52	503	1137	646	1951	2	6	132	31	250	0,100,0,0,0,0	19611	392	30	52082	1703	6987	91144,90973,89139,30958,30958,30958,30958	0	1	28123,24287,334,0,0,0,0	2	79849
176747	46	122	88	8	14	1	0	0	77	503	1140	650	2033	1	5	173	35	244	0,100,0,0,0,0	10248	381	24	52101	1708	7284	91169,90998,89166,31022,31022,31022,31022	0	0	28123,24287,358,0,0,0,0	3	79889
176708	48	111	104	13	16	1	0	0	97	503	1145	684	1990	3	8	193	42	251	0,100,0,0,0,0	10234	339	38	52135	1712	7527	91201,91030,89200,31105,31105,31105,31105	0	1	28123,24287,396,0,0,0,0	5	79921
176671	64	100	108	15	19	1	1	0	118	503	1146	692	1969	0	7	250	56	252	0,100,0,0,0,0	10396	388	45	52171	1721	7824	91231,91059,89231,31160,31160,31160,31160	0	1	28123,24287,441,0,0,0,0	3	79960
176630	72	105	114	16	20	1	1	0	133	503	1151	725	1822	3	3	265	55	274	0,100,0,0,0,0	10453	374	43	52208	1727	8101	91277,91105,89280,31254,31254,31254,31254	0	2	28123,24287,484,0,0,0,0	3	80002
176604	73	109	114	16	22	1	1	0	149	503	1154	718	1811	1	6	282	57	279	0,100,0,0,0,0	10508	391	35	52242	1728	8390	91318,91146,89323,31329,31329,31329,31329	0	0	28123,24287,519,0,0,0,0	2	80040
176570	60	133	103	19	21	1	2	0	177	503	1157	698	1799	0	3	227	52	287	0,100,0,0,0,0	19775	355	37	52274	1733	8663	91363,91191,89370,31411,31411,31411,31411	0	0	28123,24287,556,0,0,0,0	4	80074
176534	60	138	103	14	24	0	2	0	208	503	1160	715	1860	1	6	357	49	292	0,100,0,0,0,0	19821	350	42	52315	1734	8955	91376,91204,89385,31481,31481,31481,31481	0	1	28123,24287,598,0,0,0,0	3	80079
176487	67	141	108	21	22	0	1	0	233	504	1162	728	1818	2	8	369	49	311	0,100,0,0,0,0	10673	310	55	52367	1738	9220	91399,91226,89410,31577,31577,31577,31577	0	2	28123,24287,654,0,0,0,0	1	80078
176448	72	143	107	22	27	0	1	0	253	504	1169	727	1773	2	6	430	56	316	0,100,0,0,0,0	10527	326	48	52411	1743	9495	91406,91232,89419,31639,31639,31639,31639	0	2	28123,24287,703,0,0,0,0	1	80092
176399	74	150	121	25	23	0	1	0	276	504	1173	728	1844	0	11	482	61	333	0,100,0,0,0,0	10643	305	57	52459	1754	9756	91432,91257,89447,31715,31715,31715,31715	0	0	28123,24287,761,0,0,0,0	1	80100
176368	75	146	125	26	29	0	1	0	297	504	1175	699	1967	1	7	503	66	336	0,100,0,0,0,0	10659	297	45	52501	1757	10003	91442,91266,89459,31775,31775,31775,31775	0	2	28123,24287,806,0,0,0,0	1	80108
176315	85	142	132	25	25	0	3	0	331	504	1184	708	1858	5	5	503	64	348	0,100,0,0,0,0	10602	280	56	52550	1764	10241	91456,91281,89476,31842,31842,31842,31842	0	2	28123,24287,861,0,0,0,0	1	80114
176278	85	158	117	22	28	1	3	0	361	504	1189	734	1965	2	10	697	73	341	0,100,0,0,0,0	20249	296	53	52602	1768	10485	91469,91293,89492,31897,31897,31897,31897	0	3	28123,24287,917,0,0,0,0	3	80116
176237	74	168	122	25	28	2	2	0	390	505	1193	766	1848	0	3	804	68	353	0,100,0,0,0,0	20107	303	50	52649	1772	10735	91476,91299,89501,31973,31973,31973,31973	0	1	28123,24287,967,0,0,0,0	4	80124
176190	82	177	140	29	28	2	1	0	396	506	1195	743	1988	4	18	858	83	376	0,100,0,0,0,0	11039	317	69	52712	1778	11015	91501,91324,89529,32060,32060,32060,32060	0	3	28123,24287,1036,0,0,0,0	5	80121
176119	111	174	148	29	31	3	1	0	426	506	1198	718	1932	3	7	1041	78	419	0,100,0,0,0,0	11327	301	84	52787	1789	11276	91540,91363,89572,32171,32171,32171,32171	0	7	28123,24287,1121,0,0,0,0	4	80121
176052	131	203	138	26	29	3	0	0	455	507	1202	748	1923	4	10	1173	78	452	0,100,0,0,0,0	11345	313	93	52865	1804	11536	91576,91399,89612,32282,32282,32282,32282	0	5	28123,24287,1214,0,0,0,0	4	80115
175979	145	225	145	28	32	2	0	0	473	507	1210	748	1919	4	12	1255	86	491	0,100,0,0,0,0	11570	311	91	52946	1814	11797	91606,91429,89646,32393,32393,32393,32393	0	3	28123,24287,1305,0,0,0,0	5	80102
175891	161	249	168	29	40	2	0	0	485	507	1214	732	2094	4	6	1230	90	559	0,100,0,0,0,0	11665	305	114	53043	1831	12039	91653,91476,89697,32516,32516,32516,32516	0	3	28123,24287,1419,0,0,0,0	7	80117
175824	163	271	186	31	44	2	0	0	502	507	1216	749	1741	5	14	1222	103	594	0,100,0,0,0,0	20556	303	92	53126	1841	12300	91691,91513,89738,32616,32616,32616,32616	0	0	28123,24287,1510,0,0,0,0	9	80116
175757	155	293	198	35	47	3	0	0	530	507	1221	737	1968	3	12	1313	110	621	0,100,0,0,0,0	20612	286	91	53208	1850	12537	91762,91583,89814,32755,32755,32755,32755	0	7	28123,24287,1601,0,0,0,0	10	80120
175642	158	326	219	40	45	3	1	0	577	507	1228	744	2035	7	22	1259	124	668	0,100,0,0,0,0	11687	306	132	53328	1862	12798	91864,91685,89922,32934,32934,32934,32934	0	3	28123,24287,1733,0,0,0,0	6	80115
175543	184	330	248	38	42	7	1	0	613	507	1233	746	2057	3	14	1509	135	715	0,100,0,0,0,0	11661	268	135	53452	1873	13018	91960,91781,90024,33115,33115,33115,33115	0	5	28123,24287,1867,0,0,0,0	11	80101
175431	199	375	257	43	49	7	2	0	641	507	1235	741	1846	5	14	1886	146	786	0,100,0,0,0,0	12069	291	150	53583	1893	13264	92065,91884,90134,33284,33284,33284,33284	0	4	28123,24287,2018,0,0,0,0	9	80089
175298	220	396	276	50	51	7	2	0	700	507	1239	735	1855	6	14	1694	155	847	0,100,0,0,0,0	12193	279	159	53729	1907	13496	92185,92002,90259,33476,33476,33476,33476	0	10	28123,24287,2178,0,0,0,0	13	80070
175158	245	432	293	55	58	9	1	1	740	507	1247	752	1843	4	13	1779	169	924	0,100,0,0,0,0	12063	279	168	53872	1934	13729	92311,92128,90391,33665,33665,33665,33665	0	10	28123,24287,2347,0,0,0,0	12	80054
175066	254	427	335	64	56	8	0	1	777	508	1250	751	1829	6	19	1631	175	969	0,100,0,0,0,0	21136	295	137	53997	1949	13974	92411,92226,90498,33832,33832,33832,33832	0	6	28123,24287,2487,0,0,0,0	10	80030
174928	247	483	346	62	62	7	0	1	846	508	1256	743	1845	2	11	1647	169	1038	0,100,0,0,0,0	21073	295	170	54149	1967	14238	92511,92325,90602,34034,34034,34034,34034	0	7	28123,24287,2656,0,0,0,0	10	79972
174762	284	511	363	66	64	6	1	1	917	508	1263	746	1757	10	22	1749	180	1115	0,100,0,0,0,0	12079	282	196	54331	1983	14481	92638,92452,90735,34259,34259,34259,34259	0	8	28123,24287,2854,0,0,0,0	8	79920
174601	303	559	386	77	70	6	2	1	965	508	1268	730	2114	17	21	1916	198	1205	0,100,0,0,0,0	12388	284	217	54532	1999	14730	92765,92580,90870,34479,34479,34479,34479	0	8	28123,24287,3071,0,0,0,0	10	79864
174418	344	610	402	77	68	8	3	1	1035	508	1272	719	2016	9	26	2044	222	1290	0,100,0,0,0,0	12224	276	251	54748	2034	14971	92914,92729,91026,34721,34721,34721,34721	0	15	28123,24287,3320,0,0,0,0	15	79803
174237	354	642	477	80	74	9	4	1	1084	508	1276	725	1877	11	22	1937	249	1391	0,100,0,0,0,0	12380	277	241	54976	2048	15215	93065,92879,91184,34963,34963,34963,34963	0	8	28123,24287,3562,0,0,0,0	21	79731
174016	385	694	501	87	83	11	3	1	1169	510	1286	716	2026	15	30	1679	275	1489	0,100,0,0,0,0	12323	291	275	55218	2084	15476	93230,93044,91357,35244,35244,35244,35244	1	14	28123,24287,3839,0,0,0,0	17	79642
173846	386	742	525	80	87	9	7	1	1262	510	1291	770	2039	12	25	1819	283	1553	0,100,0,0,0,0	21288	275	236	55436	2106	15713	93375,93189,91510,35486,35486,35486,35486	1	10	28123,24287,4078,0,0,0,0	16	79564
173640	388	785	573	93	102	11	6	3	1341	510	1294	768	2038	17	31	1976	316	1642	0,100,0,0,0,0	21166	297	274	55680	2140	15959	93520,93334,91664,35752,35752,35752,35752	1	13	28123,24287,4356,0,0,0,0	23	79486
173380	443	858	618	103	104	12	5	3	1411	511	1298	768	2020	12	36	2472	358	1785	0,100,0,0,0,0	12659	340	351	55991	2181	16250	93736,93550,91889,36087,36087,36087,36087	1	14	28123,24287,4705,0,0,0,0	20	79388
173093	496	923	632	113	106	12	7	2	1544	511	1307	735	2009	19	33	2964	374	1915	0,100,0,0,0,0	13176	300	345	56288	2230	16521	93952,93767,92115,36448,36448,36448,36448	1	13	28123,24287,5050,0,0,0,0	25	79281
172806	529	984	708	124	124	12	7	2	1628	512	1310	722	1923	17	34	3399	420	2068	0,100,0,0,0,0	13489	307	380	56629	2272	16784	94192,94007,92365,36815,36815,36815,36815	1	14	28123,24287,5432,0,0,0,0	26	79175
172505	607	1036	752	143	121	10	7	2	1737	513	1313	696	1986	15	34	3512	421	2255	0,100,0,0,0,0	13776	282	408	56990	2321	17031	94446,94262,92630,37203,37203,37203,37203	1	19	28123,24287,5841,0,0,0,0	28	79052
172118	663	1116	841	146	132	8	9	1	1882	514	1316	685	2032	18	54	3627	460	2455	0,100,0,0,0,0	13951	289	463	57394	2383	17286	94722,94537,92915,37633,37633,37633,37633	1	17	28123,24287,6304,0,0,0,0	26	78901
171811	674	1180	892	150	151	8	9	2	2034	514	1321	667	1953	16	58	3863	513	2551	0,100,0,0,0,0	22963	273	419	57762	2436	17522	94960,94777,93167,38021,38021,38021,38021	1	21	28123,24287,6722,0,0,0,0	23	78734
171494	671	1222	958	184	173	8	10	2	2187	514	1323	675	2004	29	58	4300	557	2669	0,100,0,0,0,0	23204	320	429	58143	2485	17798	95211,95027,93429,38411,38411,38411,38411	1	20	28123,24287,7150,0,0,0,0	30	78574
171090	721	1353	957	193	205	11	11	2	2363	514	1326	697	2050	18	76	4761	663	2788	0,100,0,0,0,0	14809	289	529	58617	2545	18050	95549,95366,93780,38905,38905,38905,38905	2	20	28123,24287,7683,0,0,0,0	31	78395
170656	801	1426	1008	202	212	11	12	2	2573	515	1328	695	2026	21	58	5047	661	3011	0,100,0,0,0,0	15222	284	562	59104	2621	18299	95900,95717,94145,39408,39408,39408,39408	2	17	28123,24287,8244,0,0,0,0	30	78231
170311	809	1482	1124	202	218	11	14	2	2727	515	1331	688	1973	29	59	5325	690	3170	0,100,0,0,0,0	15595	334	517	59569	2675	18593	96228,96043,94488,39864,39864,39864,39864	2	18	28123,24287,8759,0,0,0,0	33	78059
169843	858	1606	1182	209	225	12	15	2	2943	515	1336	713	2022	25	63	5353	730	3377	0,100,0,0,0,0	15836	329	601	60108	2745	18880	96629,96444,94903,40439,40439,40439,40439	2	22	28123,24287,9364,0,0,0,0	45	77857
169381	904	1698	1283	223	231	16	17	2	3136	515	1340	683	1983	27	70	5779	731	3641	0,100,0,0,0,0	16222	321	623	60660	2819	19161	97033,96848,95323,41018,41018,41018,41018	2	24	28123,24287,9989,0,0,0,0	48	77637
168981	905	1782	1344	222	250	16	17	2	3368	515	1344	679	2029	31	79	6068	797	3739	0,100,0,0,0,0	24899	313	566	61161	2888	19438	97373,97189,95680,41526,41526,41526,41526	2	25	28123,24287,10557,0,0,0,0	55	77411
168621	899	1793	1413	237	273	25	18	3	3602	516	1346	654	1954	28	60	6605	830	3828	0,100,0,0,0,0	25294	319	569	61664	2960	19728	97714,97530,96041,42020,42020,42020,42020	2	22	28123,24287,11129,0,0,0,0	58	77178
168196	909	1858	1490	261	285	29	20	3	3827	518	1350	651	1985	28	101	6592	865	3987	0,100,0,0,0,0	26569	305	636	62224	3040	20011	98102,97918,96449,42568,42568,42568,42568	2	34	28123,24287,11765,0,0,0,0	69	76924
167768	921	1904	1546	274	305	28	17	5	4103	520	1355	640	1972	41	100	6933	911	4084	0,100,0,0,0,0	26696	327	620	62774	3117	20300	98480,98297,96846,43113,43113,43113,43113	3	42	28123,24287,12386,0,0,0,0	70	76671
167346	935	1957	1585	273	327	33	17	5	4386	521	1361	625	1972	26	117	7379	961	4166	0,100,0,0,0,0	27213	288	650	63342	3200	20545	98860,98677,97246,43664,43664,43664,43664	3	34	28123,24287,13028,0,0,0,0	75	76399
166907	946	2021	1641	302	323	31	16	6	4667	522	1364	651	2030	33	100	7477	983	4297	0,100,0,0,0,0	27586	317	688	63948	3287	20824	99261,99080,97670,44238,44238,44238,44238	3	21	28123,24287,13714,0,0,0,0	77	76101
166521	1003	2013	1702	319	338	32	18	4	4906	523	1367	620	2025	48	123	7593	1017	4408	0,100,0,0,0,0	27648	321	684	64556	3368	21107	99642,99461,98078,44789,44789,44789,44789	3	35	28123,24287,14399,0,0,0,0	75	75776
166190	974	2012	1790	348	372	33	17	5	5110	524	1371	614	1999	39	98	7590	1057	4489	0,100,0,0,0,0	26585	291	634	65100	3462	21356	100006,99826,98469,45288,45288,45288,45288	3	32	28123,24287,15028,0,0,0,0	82	75528
165819	1000	2023	1785	340	366	35	22	4	5449	527	1376	593	1987	39	119	7391	1065	4506	0,100,0,0,0,0	26440	308	662	65686	3542	21618	100387,100209,98877,45808,45808,45808,45808	3	35	28123,24287,15691,0,0,0,0	78	75260
165348	1086	2096	1810	351	370	38	24	4	5711	529	1379	615	2004	38	118	7694	1092	4683	0,100,0,0,0,0	27569	312	780	66369	3645	21886	100836,100660,99354,46436,46436,46436,46436	4	43	28123,24287,16473,0,0,0,0	96	74918
164903	1183	2161	1798	359	343	34	27	4	6019	530	1385	582	1883	43	110	7970	1081	4824	0,100,0,0,0,0	18232	508	769	67037	3749	22348	101290,101115,99838,47036,47036,47036,47036	4	31	28123,24287,17240,0,0,0,0	88	74619
164460	1184	2284	1815	381	342	33	25	4	6296	534	1388	572	1983	38	111	8104	1082	4982	0,100,0,0,0,0	18217	538	786	67719	3854	22834	101819,101645,100396,47748,47748,47748,47748	4	41	28123,24287,18018,0,0,0,0	82	74319
164024	1159	2441	1823	418	383	41	29	3	6498	535	1392	584	2031	41	121	8034	1126	5168	0,100,0,0,0,0	18476	506	805	68423	3961	23294	102350,102176,100959,48468,48468,48468,48468	4	27	28123,24287,18823,0,0,0,0	84	73992
163523	1255	2512	1906	393	386	46	33	4	6759	536	1393	585	1935	37	144	8253	1192	5339	0,100,0,0,0,0	18674	518	879	69177	4089	23756	102920,102748,101563,49242,49242,49242,49242	4	36	28123,24287,19693,0,0,0,0	92	73658
163108	1291	2489	2044	417	404	46	31	4	6976	540	1396	573	2014	44	126	8363	1223	5499	0,100,0,0,0,0	27086	501	810	69882	4201	24216	103435,103265,102112,49949,49949,49949,49949	4	44	28123,24287,20500,0,0,0,0	95	73296
162728	1240	2575	2132	410	425	49	34	4	7208	542	1399	555	1947	37	134	8182	1267	5598	0,100,0,0,0,0	26699	540	787	70568	4306	24693	103958,103788,102668,50628,50628,50628,50628	4	46	28123,24287,21283,0,0,0,0	92	72985
162209	1284	2682	2196	444	450	48	32	4	7443	548	1406	541	1958	52	146	8637	1365	5771	0,100,0,0,0,0	18993	493	943	71392	4430	25122	104592,104424,103339,51460,51460,51460,51460	5	40	28123,24287,22222,0,0,0,0	101	72613
161701	1398	2685	2263	441	457	52	28	3	7751	553	1414	549	1982	38	143	9080	1385	5939	0,100,0,0,0,0	19019	706	944	72201	4573	25760	105196,105028,103981,52238,52238,52238,52238	4	37	28123,24287,23161,0,0,0,0	95	72260
161185	1437	2785	2352	451	446	52	31	2	8034	556	1415	540	1990	56	131	9072	1403	6151	0,100,0,0,0,0	19635	711	946	73020	4704	26394	105862,105697,104686,53143,53143,53143,53143	5	40	28123,24287,24106,0,0,0,0	100	71875
160600	1497	2912	2429	451	430	55	34	2	8361	558	1417	546	2041	51	156	9200	1447	6361	0,100,0,0,0,0	19168	662	1050	73935	4842	26995	106604,106440,105465,54122,54122,54122,54122	5	42	28123,24287,25148,0,0,0,0	104	71450
160047	1548	2987	2506	458	448	54	31	2	8685	562	1418	557	1959	45	123	9797	1479	6553	0,100,0,0,0,0	19849	646	1026	74794	5014	27573	107288,107127,106191,55035,55035,55035,55035	5	64	28123,24287,26163,0,0,0,0	106	71051
159633	1512	3013	2586	467	455	55	32	1	9004	564	1424	577	1809	57	135	10164	1503	6617	0,100,0,0,0,0	28591	679	905	75566	5151	28190	107880,107719,106822,55815,55815,55815,55815	5	62	28123,24287,27052,0,0,0,0	112	70671
159281	1461	3080	2582	483	459	52	35	3	9317	565	1428	555	1996	45	143	10268	1535	6617	0,100,0,0,0,0	29062	663	919	76351	5290	28788	108492,108332,107480,56596,56596,56596,56596	5	46	28123,24287,27966,0,0,0,0	125	70293
158857	1511	3074	2668	515	465	57	36	3	9556	571	1433	588	1963	55	169	10427	1611	6715	0,100,0,0,0,0	20859	713	1005	77200	5450	29433	109156,108996,108191,57429,57429,57429,57429	6	58	28123,24287,28959,0,0,0,0	124	69890
158341	1543	3197	2682	524	469	63	35	3	9878	576	1435	551	2064	68	160	10710	1665	6848	0,100,0,0,0,0	20738	923	1070	78122	5603	30287	109916,109757,108995,58378,58378,58378,58378	6	42	28123,24287,30020,0,0,0,0	123	69484
157914	1585	3243	2734	518	497	63	36	4	10137	577	1438	549	1999	68	150	10958	1683	6993	0,100,0,0,0,0	21221	868	1067	79020	5776	31096	110682,110526,109816,59354,59354,59354,59354	6	60	28123,24287,31074,0,0,0,0	129	69042
157520	1630	3282	2724	509	546	59	39	3	10414	580	1440	547	1828	70	163	10987	1733	7056	0,100,0,0,0,0	21377	889	1044	79893	5958	31918	111426,111273,110614,60287,60287,60287,60287	6	54	28123,24287,32108,0,0,0,0	129	68648
157072	1637	3377	2809	524	554	60	39	3	10645	584	1442	573	1926	66	165	10724	1743	7257	0,100,0,0,0,0	21076	930	1076	80811	6123	32777	112210,112059,111449,61273,61273,61273,61273	6	56	28123,24287,33177,0,0,0,0	127	68218
156759	1588	3285	2929	541	579	61	40	3	10926	590	1445	595	1987	78	166	10815	1754	7269	0,100,0,0,0,0	29108	900	953	81620	6278	33618	112904,112755,112195,62135,62135,62135,62135	7	57	28123,24287,34120,0,0,0,0	145	67827
156497	1581	3179	2979	569	576	70	44	3	11211	591	1446	594	2054	76	181	10591	1822	7176	0,100,0,0,0,0	29161	992	951	82425	6427	34428	113585,113438,112931,62974,62974,62974,62974	7	50	28123,24287,35055,0,0,0,0	158	67471
156086	1578	3250	2982	557	567	73	40	6	11557	600	1450	576	1999	77	190	10708	1868	7179	0,100,0,0,0,0	21302	968	1054	83283	6628	35231	114321,114175,113718,63891,63891,63891,63891	7	52	28123,24287,36089,0,0,0,0	156	67116
155705	1627	3308	3052	555	581	72	37	8	11744	603	1454	552	1933	51	160	10531	1888	7344	0,100,0,0,0,0	21080	1775	1120	84211	6826	36818	115072,114927,114528,64797,64797,64797,64797	7	58	28123,24287,37193,0,0,0,0	150	66713
155307	1649	3344	3041	582	575	81	38	8	12054	606	1461	558	1897	76	177	10793	1923	7387	0,100,0,0,0,0	20909	1636	1084	85141	6992	38283	116039,115897,115551,66053,66053,66053,66053	7	53	28123,24287,38267,0,0,0,0	151	66296
155065	1664	3271	3074	596	605	74	38	7	12279	610	1463	556	1948	66	209	11274	1976	7346	0,100,0,0,0,0	21178	1638	1023	85990	7173	39757	116904,116761,116477,67139,67139,67139,67139	7	47	28123,24287,39275,0,0,0,0	153	65915
154781	1684	3273	3053	556	615	76	35	7	12583	614	1469	579	1984	52	207	11991	1982	7310	0,100,0,0,0,0	22211	1737	1029	86839	7358	41318	117781,117642,117414,68260,68260,68260,68260	7	46	28123,24287,40290,0,0,0,0	147	65538
154635	1602	3252	3008	552	569	77	31	9	12917	622	1472	559	1995	57	163	11913	1874	7217	0,100,0,0,0,0	30096	1668	905	87576	7534	42809	118576,118439,118269,69270,69270,69270,69270	7	61	28123,24287,41179,0,0,0,0	141	65197
154545	1520	3193	2998	544	574	77	34	9	13152	626	1474	526	1943	67	164	12036	1877	7063	0,99,0,0,0,0	30403	1610	850	88304	7692	44272	119343,119208,119098,70210,70210,70210,70210	7	45	28123,24287,42013,32,0,0,0	151	64837
154418	1471	3166	2987	546	584	77	41	10	13342	626	1478	525	1951	57	169	12443	1894	6978	0,99,0,0,0,0	22768	1679	903	89073	7867	45801	120158,120025,119975,71194,71194,71194,71194	7	41	28123,24287,42893,71,0,0,0	151	64492
154284	1457	3174	2996	527	563	85	43	9	13498	629	1481	526	1891	61	176	12678	1849	6996	0,98,1,0,0,0	22963	878	953	89871	8047	46542	121010,120879,120890,72198,72198,72198,72198	7	59	28123,24287,43824,98,0,0,0	163	64145
154148	1417	3135	2973	572	546	87	43	9	13702	632	1482	533	1914	63	168	12490	1807	6966	0,98,1,0,0,0	22737	863	900	90609	8244	47238	121628,121495,121566,72857,72857,72857,72857	7	46	28123,24287,44689,143,0,0,0	159	63821
154101	1426	3043	3009	589	539	80	40	7	13787	640	1485	532	2026	53	175	12797	1806	6920	0,97,2,0,0,0	23153	889	882	91336	8434	47986	122200,122069,122203,73449,73449,73449,73449	7	52	28123,24287,45527,200,0,0,0	151	63475
154005	1407	3056	2964	562	512	74	37	8	13985	644	1492	507	2012	66	171	13019	1785	6827	0,97,2,0,0,0	23398	903	906	92073	8632	48735	122798,122667,122862,74086,74086,74086,74086	7	45	28123,24287,46377,255,0,0,0	140	63120
154102	1367	2988	2937	530	503	74	39	7	14059	647	1493	506	1960	55	141	12525	1724	6714	0,96,3,0,0,0	30872	943	809	92717	8803	49514	123307,123177,123435,74576,74576,74576,74576	7	42	28123,24287,47125,299,0,0,0	137	62826
154213	1285	2910	2890	534	501	70	43	8	14149	649	1494	517	1894	63	144	11593	1674	6559	0,96,3,0,0,0	30450	863	772	93328	8974	50229	123796,123667,123988,75054,75054,75054,75054	7	39	28123,24287,47821,362,0,0,0	142	62527
154266	1289	2829	2849	556	483	71	44	7	14199	652	1501	528	1880	49	161	11278	1655	6466	0,95,4,0,0,0	21967	893	855	93967	9193	50954	124303,124176,124563,75550,75550,75550,75550	6	31	28123,24287,48599,414,0,0,0	142	62221
154337	1298	2757	2849	558	474	62	41	8	14200	657	1505	529	2000	51	182	10981	1643	6396	0,95,4,0,0,0	21264	712	868	94643	9387	51505	124823,124695,125148,76041,76040,76040,76040	6	47	28123,24287,49354,498,0,0,0	134	61896
154403	1312	2666	2767	534	464	59	40	8	14323	662	1508	536	1992	48	155	10633	1546	6296	0,94,5,0,0,0	21027	779	798	95264	9569	52129	125274,125148,125659,76448,76446,76446,76446	6	43	28123,24287,50044,580,0,0,0	121	61602
154543	1326	2645	2682	517	470	66	32	8	14279	668	1510	509	2035	56	157	10287	1520	6218	0,93,6,0,0,0	20941	745	807	95848	9796	52710	125688,125564,126140,76806,76804,76804,76804	6	42	28123,24287,50726,668,0,0,0	128	61331
154649	1262	2641	2653	483	456	65	36	7	14314	669	1511	513	1873	46	152	9944	1468	6128	0,93,6,0,0,0	20392	709	796	96466	9981	53280	126129,126008,126645,77190,77189,77189,77189	6	34	28123,24287,51411,754,0,0,0	125	61048
154854	1185	2575	2607	477	454	67	35	10	14293	672	1517	493	1956	49	119	9298	1421	5979	0,92,7,0,0,0	28250	776	709	97015	10147	53885	126510,126390,127088,77502,77500,77500,77500	6	41	28123,24287,52013,840,0,0,0	121	60770
155069	1147	2438	2551	465	450	65	33	10	14322	677	1519	499	1953	50	125	8822	1342	5807	0,91,8,0,0,0	27647	732	667	97526	10307	54474	126873,126752,127511,77783,77780,77780,77780	6	41	28123,24287,52558,950,0,0,0	120	60532
155227	1179	2380	2511	433	457	74	35	10	14238	680	1522	492	1994	45	159	8981	1345	5724	0,90,9,0,0,0	19416	707	789	98121	10507	55041	127282,127161,127982,78134,78130,78130,78130	5	26	28123,24287,53173,1100,0,0,0	130	60232
155352	1232	2342	2431	419	456	75	35	12	14182	683	1527	500	1929	54	153	9445	1368	5622	0,89,10,0,0,0	19551	421	766	98701	10699	55310	127675,127553,128435,78455,78449,78449,78449	5	33	28123,24287,53780,1235,0,0,0	140	59962
155610	1233	2345	2326	405	442	78	31	10	14048	689	1529	494	1932	44	131	9596	1359	5501	0,88,11,0,0,0	20070	407	701	99201	10901	55569	127930,127809,128750,78587,78580,78580,78580	5	33	28123,24287,54299,1384,0,0,0	134	59712
155921	1191	2300	2328	413	433	67	29	9	13828	694	1533	502	1952	25	123	9618	1302	5459	0,87,12,0,0,0	19803	405	697	99718	11085	55812	128177,128055,129061,78692,78682,78682,78682	5	33	28123,24287,54811,1540,0,0,0	123	59440
156109	1186	2268	2298	372	425	62	33	8	13754	696	1535	482	1974	40	129	9516	1243	5401	0,85,14,0,0,0	19997	326	723	100244	11285	56067	128441,128321,129385,78851,78840,78840,78840	5	35	28123,24287,55317,1739,0,0,0	117	59136
156430	1116	2206	2294	356	401	55	29	8	13609	703	1539	496	1926	35	126	9148	1176	5281	0,83,16,0,0,0	27574	246	614	100687	11461	56313	128629,128508,129633,78909,78895,78895,78895	5	34	28123,24287,55737,1918,0,0,0	117	58858
156712	1049	2136	2222	375	388	48	23	11	13533	707	1542	510	1955	53	108	9068	1108	5133	0,82,17,0,0,0	27540	233	612	101124	11641	56546	128846,128725,129907,79002,78986,78986,78986	5	40	28123,24287,56137,2116,0,0,0	101	58588
156905	1075	2131	2163	354	385	45	24	10	13397	710	1547	530	1988	41	139	9441	1134	5043	0,79,20,0,0,0	19810	244	716	101626	11857	56790	129111,128990,130228,79179,79161,79161,79161	5	40	28123,24287,56591,2361,0,0,0	97	58288
157126	1096	2064	2154	356	354	45	25	11	13252	713	1550	507	1947	55	123	9441	1112	4982	0,77,22,0,0,0	19863	96	663	102072	12080	56886	129352,129230,130525,79319,79297,79297,79297	5	39	28123,24287,56996,2606,0,0,0	94	58022
157339	1110	1985	2130	369	330	43	25	13	13130	716	1556	494	1964	52	102	9188	1094	4898	0,75,24,0,0,0	28898	97	641	102504	12295	56983	129510,129390,130735,79360,79335,79335,79335	5	30	28123,24287,57349,2880,0,0,0	93	57737
157598	1051	2016	2050	362	334	35	29	13	12982	717	1559	491	1934	39	99	8229	999	4878	0,73,26,0,0,0	28426	114	609	102915	12496	57097	129654,129533,130928,79385,79357,79357,79357	5	31	28123,24287,57666,3142,0,0,0	93	57465
157843	1018	2017	2019	348	316	37	29	15	12823	718	1563	488	1902	40	111	7597	970	4814	0,70,29,0,0,0	26596	112	647	103328	12737	57209	129801,129679,131129,79435,79403,79403,79403	5	37	28123,24287,57994,3445,0,0,0	90	57191
158133	996	1945	2008	333	306	34	29	11	12662	721	1568	491	1906	42	95	7671	941	4710	0,68,31,0,0,0	26247	98	566	103699	12935	57307	129928,129804,131302,79461,79424,79424,79424	5	29	28123,24287,58263,3730,0,0,0	90	56954
158398	1002	1879	1994	314	309	30	31	10	12484	722	1573	493	1971	40	85	6946	889	4670	0,65,34,0,0,0	25786	112	616	104082	13172	57419	130048,129923,131468,79479,79437,79437,79437	5	37	28123,24287,58527,4060,0,0,0	88	56709
158606	1075	1779	1997	303	293	27	27	10	12328	726	1575	486	1965	45	142	6909	924	4577	0,62,37,0,0,0	26657	84	653	104482	13431	57503	130194,130070,131663,79543,79495,79495,79495	5	25	28123,24287,58810,4419,0,0,0	86	56449
158882	1025	1811	1963	308	281	30	28	9	12103	730	1576	483	1957	37	100	7318	921	4525	0,60,39,0,0,0	26822	86	616	104883	13650	57589	130307,130180,131822,79560,79505,79505,79505	5	40	28123,24287,59070,4760,0,0,0	75	56187
159047	1003	1850	1909	294	282	27	25	10	11990	733	1576	491	1924	38	101	7014	903	4487	0,58,41,0,0,0	26971	80	608	105244	13901	57669	130414,130290,131973,79612,79551,79551,79551	5	32	28123,24287,59306,5117,0,0,0	80	55943
159193	1072	1796	1882	299	304	35	25	7	11820	734	1579	494	1925	35	101	6579	874	4539	0,54,45,0,0,0	26710	85	700	105674	14172	57754	130559,130434,132162,79701,79633,79633,79633	5	43	28123,24287,59526,5576,0,0,0	82	55666
159320	1121	1815	1867	290	279	37	24	6	11669	736	1582	470	1931	51	98	6653	850	4583	0,51,48,0,0,0	26675	74	680	106086	14447	57828	130681,130555,132324,79793,79717,79717,79717	4	35	28123,24287,59740,6028,0,0,0	78	55384
159435	1142	1838	1856	290	282	35	27	6	11513	736	1586	483	2001	32	95	6836	862	4608	0,49,50,0,0,0	25425	67	704	106489	14750	57895	130812,130688,132497,79906,79822,79822,79822	4	39	28123,24287,59952,6497,0,0,0	76	55119
159572	1178	1824	1842	264	265	32	26	6	11409	739	1589	503	1987	42	100	7428	842	4589	0,46,53,0,0,0	26260	74	665	106858	15048	57969	130900,130774,132622,79985,79891,79891,79891	4	26	28123,24287,60129,6971,0,0,0	80	54857
159570	1228	1898	1879	255	254	33	24	5	11265	743	1592	493	1976	53	93	7140	843	4728	0,43,56,0,0,0	17202	61	780	107304	15388	58030	131060,130934,132821,80175,80071,80071,80071	4	46	28123,24287,60310,7560,0,0,0	83	54550
159484	1351	1975	1819	257	254	38	21	6	11202	744	1595	496	1929	45	77	7399	833	4882	0,40,59,0,0,0	17292	289	847	107781	15766	58319	131235,131109,133031,80410,80297,80297,80297	5	58	28123,24287,60496,8213,0,0,0	79	54215
159349	1379	2055	1894	238	260	37	23	8	11160	745	1598	504	1949	67	92	7406	827	5059	0,37,62,0,0,0	17416	272	837	108238	16149	58591	131469,131345,133292,80740,80617,80617,80617	5	66	28123,24287,60663,8863,0,0,0	82	53922
159177	1427	2163	1916	259	266	35	24	7	11125	746	1601	501	1928	42	96	6753	835	5255	0,33,66,0,0,0	17090	259	910	108722	16583	58850	131714,131589,133567,81117,80982,80982,80982	5	44	28123,24287,60819,9606,0,0,0	79	53589
158992	1536	2235	1989	243	274	38	21	6	11057	750	1605	492	1949	57	87	6359	842	5494	0,30,69,0,0,0	16606	287	966	109234	17041	59137	131963,131840,133848,81516,81368,81368,81368	5	44	28123,24287,60957,10424,0,0,0	83	53251
158782	1557	2322	2085	235	263	35	22	5	11082	751	1607	500	1929	52	86	6291	845	5674	0,28,71,0,0,0	24827	291	921	109740	17462	59428	132208,132089,134122,81911,81750,81750,81750	5	59	28123,24287,61087,11209,0,0,0	87	52909
158581	1594	2410	2173	241	246	38	20	7	11073	754	1609	500	2009	68	87	6138	856	5866	0,25,74,0,0,0	25165	286	967	110252	17927	59714	132452,132334,134394,82336,82159,82159,82159	5	46	28123,24287,61214,12049,0,0,0	82	52548
158157	1772	2456	2339	248	233	37	18	7	11110	756	1613	482	1908	60	83	6003	882	6221	0,22,76,0,0,0	16120	270	1157	110838	18523	59984	132755,132640,134722,82901,82708,82708,82708	6	53	28123,24287,61345,13072,15,0,0	82	52152
157713	1927	2615	2382	251	261	40	20	7	11159	756	1615	475	1891	58	90	5364	913	6583	0,20,79,0,0,0	15903	335	1206	111478	19113	60319	133075,132961,135064,83484,83273,83273,83273	6	64	28123,24287,61461,14152,34,0,0	81	51703
157247	2013	2817	2416	244	251	38	18	8	11318	757	1619	474	1905	63	114	5573	913	6884	0,18,80,0,0,0	15526	338	1232	112145	19709	60657	133404,133293,135413,84113,83882,83882,83882	6	58	28123,24287,61583,15259,58,0,0	81	51239
156667	2090	3010	2564	260	298	34	18	8	11418	759	1620	463	1986	59	103	5750	956	7318	0,16,81,1,0,0	15913	362	1319	112800	20402	61019	133758,133649,135784,84810,84560,84560,84560	6	71	28123,24287,61695,16445,92,0,0	92	50783
155964	2286	3120	2784	264	315	40	16	6	11567	764	1620	442	1976	84	139	5974	979	7846	0,15,83,1,0,0	15901	363	1456	113558	21128	61382	134164,134059,136207,85610,85338,85338,85338	7	70	28123,24287,61798,17771,133,0,0	91	50256
155270	2389	3220	2985	282	317	37	13	7	11834	766	1626	471	1945	72	108	6688	1053	8190	0,13,84,1,0,0	24958	376	1417	114210	21917	61758	134504,134401,136559,86350,86055,86055,86055	7	90	28123,24287,61883,19077,170,0,0	94	49792
154625	2388	3380	3172	292	306	38	20	7	12121	766	1631	479	1928	85	103	7057	1122	8474	0,12,85,1,0,0	25553	328	1418	114891	22659	62086	134842,134741,136911,87090,86772,86772,86772	7	90	28123,24287,61967,20372,203,0,0	93	49301
153665	2652	3593	3266	293	324	37	19	7	12488	768	1634	466	1993	92	125	7742	1218	8966	0,10,86,2,0,0	17761	349	1762	115753	23572	62435	135300,135204,137380,88065,87721,87721,87721	8	89	28123,24287,62040,22004,254,0,0	91	48675
152726	2927	3703	3417	300	338	43	18	8	12860	770	1636	522	1977	94	152	8310	1302	9444	0,9,87,2,0,0	18179	361	1764	116569	24533	62796	135727,135632,137816,89016,88642,88642,88642	8	84	28123,24287,62117,23621,317,0,0	91	48078
151719	3030	3927	3648	309	356	42	15	10	13279	773	1638	501	1976	105	138	8761	1403	9924	0,8,88,2,0,0	18672	375	1849	117471	25493	63171	136205,136117,138308,90062,89658,89657,89657	9	75	28123,24287,62195,25333,370,0,0	98	47433
150533	3207	4296	3773	325	325	44	16	10	13801	775	1641	518	1980	97	142	9226	1489	10497	0,7,89,2,0,0	19328	348	1990	118371	26595	63519	136707,136621,138811,91188,90756,90756,90756	9	91	28123,24287,62273,27182,427,0,0	103	46770
149281	3385	4541	4024	342	328	42	19	10	14355	776	1643	516	1927	96	134	9669	1530	11151	0,7,90,2,0,0	19597	355	2093	119322	27749	63874	137233,137147,139340,92393,91926,91925,91925	9	109	28123,24287,62330,29136,500,0,0	102	46091
148256	3417	4667	4276	378	331	42	21	11	14926	777	1644	506	1972	110	124	9443	1520	11612	0,6,90,3,0,0	27956	364	1927	120232	28790	64238	137690,137607,139803,93496,92989,92988,92988	10	107	28123,24287,62375,30945,581,0,0	115	45430
147238	3335	4844	4536	396	370	45	18	12	15525	780	1647	510	1920	109	143	9976	1593	11951	0,5,90,3,0,0	28193	352	1964	121130	29871	64590	138136,138055,140258,94611,94063,94062,94062	10	109	28123,24287,62417,32766,678,0,0	124	44762
145801	3695	5036	4681	427	413	39	18	12	16194	780	1650	530	2017	132	187	10147	1671	12638	0,4,91,3,0,0	20610	361	2451	122269	31197	64951	138747,138668,140864,96049,95458,95456,95456	11	118	28123,24287,62459,35052,792,0,0	128	43940
144241	4129	5101	4839	455	440	38	19	11	17037	783	1653	494	1964	117	187	10522	1783	13238	0,4,91,4,0,0	20621	363	2507	123452	32535	65314	139373,139293,141480,97528,96893,96890,96890	11	108	28123,24287,62500,37369,929,0,0	148	43054
142938	4162	5404	5051	421	459	38	22	11	17802	784	1654	480	1940	124	190	10702	1868	13689	0,3,91,4,0,0	20656	320	2402	124513	33896	65634	139931,139854,142036,98908,98221,98218,98218	12	125	28123,24287,62531,39611,1056,0,0	128	42304
141549	4122	5767	5327	447	466	40	22	11	18552	787	1656	475	2002	126	184	10789	1909	14282	0,3,91,4,0,0	21114	313	2457	125624	35263	65947	140491,140414,142586,100340,99601,99597,99597	12	128	28123,24287,62561,41873,1217,0,0	135	41520
139977	4250	6015	5512	460	482	44	25	12	19525	787	1657	487	1936	157	193	11337	2015	14773	0,2,91,5,0,0	21303	332	2639	126775	36771	66279	141106,141032,143190,101883,101093,101088,101088	13	149	28123,24287,62589,44308,1381,0,0	133	40698
138693	4265	6005	5831	503	513	48	27	13	20401	788	1659	491	1975	154	201	11361	2057	15135	0,2,91,5,0,0	29424	332	2443	127828	38171	66611	141625,141554,143708,103293,102447,102440,102440	14	165	28123,24287,62622,46525,1548,0,0	179	39909
137464	4155	6143	5959	497	547	49	27	10	21445	789	1661	488	2021	178	219	11735	2169	15208	0,2,91,5,0,0	29830	338	2450	128855	39616	66949	142070,141999,144146,104651,103745,103735,103735	14	154	28123,24287,62646,48750,1740,0,0	176	39122
135942	4358	6293	6121	502	544	47	28	10	22443	792	1666	473	1971	168	205	12818	2362	15531	0,2,91,6,0,0	22652	344	2770	130064	41198	67293	142678,142607,144735,106271,105303,105292,105292	15	121	28123,24287,62665,51258,1956,0,0	168	38240
134551	4599	6172	6376	502	529	48	30	11	23463	796	1669	471	1980	173	215	13375	2399	15857	0,1,91,6,0,0	23208	112	2741	131238	42783	67405	143220,143148,145257,107854,106817,106803,106803	15	165	28123,24287,62682,53756,2174,0,0	166	37364
133296	4573	6416	6483	512	537	45	29	9	24372	801	1673	476	1802	143	245	13800	2579	16016	0,1,90,7,0,0	23975	126	2694	132352	44383	67531	143707,143632,145726,109359,108248,108230,108230	16	129	28123,24287,62702,56146,2443,0,0	161	36567
131957	4637	6561	6562	494	536	43	32	11	25435	803	1675	483	1923	169	234	14117	2615	16250	0,1,90,7,0,0	24315	126	2791	133561	45987	67657	144237,144164,146247,110931,109745,109725,109725	16	154	28123,24287,62727,58623,2705,0,0	154	35689
130724	4680	6649	6718	497	562	42	29	15	26348	804	1678	511	1956	170	200	14590	2639	16538	0,1,90,8,0,0	24463	124	2753	134731	47591	67781	144704,144631,146697,112459,111193,111170,111170	17	149	28123,24287,62735,61076,2975,0,0	158	34812
129875	4398	6606	6906	531	565	41	32	15	27293	804	1680	480	1966	177	209	14529	2587	16492	0,1,90,8,0,0	32412	140	2377	135717	49002	67921	145025,144953,147009,113712,112365,112338,112338	17	149	28123,24287,62743,63169,3233,0,0	169	34055
129032	4120	6722	6966	525	569	42	27	16	28233	809	1685	445	1948	155	220	14479	2609	16362	0,1,89,9,0,0	32374	127	2465	136718	50482	68048	145376,145305,147354,115034,113602,113572,113572	18	148	28123,24287,62759,65309,3509,0,0	158	33290
127990	4337	6428	7081	524	579	42	29	16	29220	814	1686	457	1931	178	222	14588	2561	16459	0,0,89,9,0,0	24381	122	2690	137829	52079	68170	145771,145697,147734,116507,114986,114952,114952	18	139	28123,24287,62764,67621,3853,0,0	144	32431
127344	4406	6204	7038	540	586	49	27	17	30032	816	1687	469	1935	169	245	14934	2574	16276	0,0,88,10,0,0	25050	85	2483	138842	53570	68255	146088,146019,148042,117832,116219,116181,116181	18	145	28123,24287,62773,69745,4163,0,0	145	31669
126645	4304	6220	6961	561	556	50	24	19	30898	818	1690	471	1918	168	248	14453	2549	16127	0,0,88,11,0,0	24771	86	2510	139831	55106	68341	146394,146324,148339,119159,117453,117408,117408	18	129	28123,24287,62782,71854,4510,0,0	135	30918
126163	4144	6235	6817	525	558	52	22	20	31696	821	1693	486	1939	165	219	13999	2487	15866	0,0,87,11,0,0	23986	92	2363	140783	56532	68433	146636,146563,148571,120402,118598,118549,118549	18	123	28123,24287,62791,73854,4819,0,0	145	30185
125636	4057	6189	6760	533	554	47	25	18	32409	824	1694	501	2002	144	213	13609	2419	15746	0,0,86,12,0,0	23942	89	2441	141756	58012	68522	146869,146795,148798,121656,119755,119699,119699	17	127	28123,24287,62799,75857,5194,0,0	149	29435
125559	3877	5954	6679	559	558	39	27	18	32951	827	1698	496	1918	158	192	13102	2296	15397	0,0,86,12,0,0	31246	72	2094	142576	59308	68594	146962,146890,148890,122683,120678,120614,120614	18	149	28123,24287,62800,77592,5516,0,0	146	28795
125494	3550	5858	6583	566	555	46	32	19	33515	827	1701	522	1888	145	231	12663	2305	14885	0,0,85,13,0,0	30955	79	2039	143381	60553	68673	147067,146995,148987,123686,121581,121509,121509	18	117	28123,24287,62805,79239,5847,0,0	139	28183
125399	3496	5669	6408	563	558	47	30	22	34022	829	1703	512	1965	150	242	13513	2387	14384	0,0,85,14,0,0	23500	77	2140	144229	61865	68750	147191,147116,149110,124776,122566,122486,122486	17	110	28123,24287,62808,80966,6195,0,0	146	27534
125416	3599	5316	6295	517	539	45	32	22	34430	830	1705	526	1906	148	229	13438	2333	14010	0,0,84,14,0,0	23362	53	2115	145025	63198	68803	147294,147218,149209,125813,123495,123406,123406	17	126	28123,24287,62811,82641,6573,0,0	163	26948
125523	3517	5150	6213	500	469	49	29	22	34737	832	1705	522	2001	137	211	13666	2285	13642	0,0,83,15,0,0	23642	45	1996	145787	64448	68848	147351,147273,149262,126779,124352,124254,124254	17	106	28123,24287,62815,84181,6969,0,0	142	26361
125770	3303	5104	6017	475	446	47	28	22	34992	834	1708	520	1978	136	175	13292	2137	13283	0,0,82,16,0,0	23941	46	1857	146502	65601	68894	147371,147294,149285,127661,125132,125025,125025	16	103	28123,24287,62821,85578,7360,0,0	143	25787
126089	3092	4981	5802	462	451	45	25	26	35225	835	1713	501	1886	124	193	13147	2022	12836	0,0,81,17,0,0	23212	52	1802	147145	66772	68946	147339,147258,149248,128477,125842,125725,125725	16	93	28123,24287,62823,86944,7735,0,0	128	25280
126652	2935	4772	5583	456	426	46	28	29	35270	835	1714	503	1857	118	176	12944	1931	12315	0,0,81,18,0,0	30874	61	1621	147727	67826	69007	147262,147177,149170,129189,126448,126319,126319	15	102	28123,24287,62826,88164,8081,0,0	131	24831
127435	2677	4497	5415	443	415	46	24	33	35208	837	1716	502	1932	105	167	12572	1835	11682	0,0,80,19,0,0	30800	55	1458	148240	68777	69062	147117,147025,149032,129784,126929,126791,126791	14	95	28123,24287,62829,89239,8403,0,0	124	24428
128100	2656	4259	5189	424	406	45	26	33	35052	839	1717	500	1952	97	211	12483	1807	11198	0,0,79,19,0,0	22596	53	1605	148790	69842	69115	146999,146906,148920,130460,127502,127351,127351	14	85	28123,24287,62832,90356,8795,0,0	127	23995
128868	2621	3983	4980	405	393	41	22	33	34841	842	1717	496	1969	128	165	12371	1704	10741	0,0,78,21,0,0	22545	41	1475	149331	70784	69156	146853,146756,148780,131077,128014,127849,127849	14	92	28123,24287,62837,91368,9201,0,0	116	23564
129623	2527	3856	4739	379	372	39	20	27	34597	846	1721	493	1968	114	163	11178	1581	10351	0,0,76,22,0,0	21714	51	1451	149839	71740	69207	146727,146625,148655,131682,128518,128338,128338	13	83	28123,24287,62839,92350,9610,0,0	108	23170
130457	2434	3743	4539	377	348	31	23	24	34200	848	1722	513	1985	97	152	10777	1478	10017	0,0,75,23,0,0	20920	41	1371	150328	72626	69248	146563,146461,148500,132239,128972,128780,128780	13	76	28123,24287,62841,93269,10002,0,0	109	22785
131353	2326	3584	4372	370	333	26	25	23	33761	848	1725	527	1958	99	158	10222	1394	9642	0,0,74,25,0,0	20576	46	1315	150804	73470	69294	146390,146288,148337,132741,129377,129169,129169	12	64	28123,24287,62841,94120,10388,0,0	105	22418
132440	2080	3464	4228	371	295	20	25	21	33227	849	1726	517	1896	95	128	9578	1328	9155	0,0,73,26,0,0	28567	39	1110	151196	74197	69333	146154,146051,148111,133140,129676,129451,129451	12	63	28123,24287,62841,94831,10732,0,0	104	22106
133547	1858	3289	4045	350	301	20	20	24	32712	851	1729	535	1940	74	123	9724	1263	8620	0,0,72,27,0,0	28168	38	1036	151548	74891	69371	145889,145788,147862,133480,129918,129679,129679	11	65	28123,24287,62844,95464,11078,0,0	85	21816
134544	1877	3064	3868	342	300	23	16	25	32103	853	1731	518	1968	79	150	9544	1282	8208	0,0,70,28,0,0	19895	31	1142	151933	75665	69402	145680,145581,147661,133889,130234,129979,129979	10	55	28123,24287,62847,96162,11466,0,0	92	21514
135546	1839	2871	3686	319	293	24	17	25	31535	854	1737	541	2049	77	132	9416	1228	7821	0,0,69,30,0,0	19325	31	1050	152318	76341	69433	145468,145366,147458,134245,130504,130233,130233	10	56	28123,24287,62849,96777,11843,0,0	82	21220
136721	1734	2752	3443	309	284	29	16	23	30836	857	1742	542	1942	54	103	9413	1118	7449	0,0,68,31,0,0	19626	23	965	152635	76996	69456	145210,145105,147209,134535,130705,130417,130417	9	37	28123,24287,62849,97330,12208,0,0	77	20979
137776	1669	2677	3285	282	276	27	14	23	30113	859	1745	543	1960	58	120	8763	1038	7192	0,0,66,32,0,0	19316	17	1008	152980	77661	69473	144989,144883,146998,134869,130952,130647,130647	9	50	28123,24287,62850,97888,12603,0,0	78	20717
138860	1651	2511	3140	258	263	29	12	21	29392	861	1748	539	1884	62	115	8834	994	6870	0,0,65,34,0,0	18838	27	943	153300	78288	69500	144755,144648,146779,135158,131160,130837,130837	8	53	28123,24287,62851,98400,12977,0,0	79	20466
140094	1481	2403	2983	272	247	29	12	25	28588	861	1751	542	1978	57	93	8376	901	6526	0,0,64,35,0,0	26880	32	792	153552	78831	69532	144475,144364,146514,135355,131274,130931,130931	8	53	28123,24287,62854,98824,13295,0,0	71	20271
141251	1327	2293	2855	255	233	29	10	23	27855	862	1753	524	1976	69	121	8113	861	6141	0,0,63,36,0,0	26630	29	736	153782	79339	69561	144192,144079,146245,135530,131374,131011,131011	7	39	28123,24287,62857,99214,13587,0,0	77	20086
142162	1449	2184	2701	226	238	26	10	19	27114	863	1754	528	1933	44	97	7081	783	6051	0,0,61,38,0,0	17833	25	939	154105	79963	69586	143985,143871,146048,135826,131595,131216,131216	7	43	28123,24287,62857,99674,14011,0,0	65	19833
143121	1511	2105	2518	216	228	24	12	17	26377	863	1754	541	1967	59	110	5995	694	5920	0,0,59,39,0,0	16727	10	903	154392	80588	69596	143750,143633,145815,136093,131796,131397,131397	7	35	28123,24287,62858,100092,14436,0,0	73	19611
144150	1501	2099	2436	199	223	20	11	14	25471	863	1759	547	1971	58	96	5313	618	5871	0,0,58,41,0,0	15925	14	859	154675	81170	69610	143515,143395,145592,136329,131966,131545,131545	6	44	28123,24287,62859,100487,14852,0,0	61	19389
145089	1497	2076	2370	183	214	19	11	13	24647	864	1763	538	1900	56	96	4444	544	5826	0,0,56,43,0,0	14982	11	834	154943	81742	69621	143293,143169,145379,136562,132137,131696,131696	6	51	28123,24287,62859,100843,15288,0,0	61	19168
146018	1456	2155	2281	178	212	15	10	12	23776	864	1769	549	2028	48	83	3501	488	5819	0,0,54,45,0,0	14246	4	874	155229	82336	69625	143078,142950,145176,136808,132319,131857,131857	6	29	28123,24287,62859,101227,15725,0,0	54	18949
147058	1358	2114	2207	180	206	15	9	8	22956	865	1770	542	1976	46	88	2928	444	5645	0,0,52,46,0,0	22167	9	696	155436	82839	69634	142830,142697,144940,136956,132408,131924,131924	5	41	28123,24287,62859,101523,16093,0,0	54	18787
148043	1270	2043	2237	204	190	12	7	9	22092	866	1773	542	1938	46	68	2132	397	5566	0,0,50,49,0,0	21748	7	708	155661	83331	69641	142589,142452,144709,137122,132515,132012,132012	5	38	28123,24287,62859,101809,16482,0,0	49	18605
148722	1329	2011	2192	204	184	15	8	8	21433	866	1774	573	1969	48	95	1785	382	5561	0,0,49,50,0,0	11977	14	872	155958	83911	69655	142428,142288,144552,137381,132727,132203,132203	5	51	28123,24287,62860,102123,16992,0,0	50	18372
149422	1399	1966	2160	204	198	11	5	9	20726	866	1780	571	1929	57	85	1435	379	5564	0,0,46,53,0,0	11707	25	830	156210	84496	69680	142257,142116,144390,137608,132910,132364,132364	4	42	28123,24287,62860,102412,17490,0,0	46	18174
150086	1398	1934	2157	198	207	14	4	10	20088	867	1783	579	1983	52	96	1261	380	5532	0,0,45,54,0,0	11391	16	812	156465	85058	69696	142107,141964,144250,137843,133098,132532,132532	4	37	28123,24287,62862,102682,17980,0,0	46	17983
150846	1312	1953	2178	196	208	12	4	9	19376	867	1785	590	2019	46	90	1239	376	5487	0,0,43,56,0,0	11344	26	756	156684	85601	69722	141911,141772,144065,138028,133240,132651,132651	4	33	28123,24287,62863,102948,18432,0,0	50	17813
151402	1327	2042	2070	204	208	15	7	9	18805	867	1790	569	2003	42	102	1229	388	5485	0,0,41,58,0,0	11366	27	852	156961	86184	69749	141776,141637,143939,138270,133447,132837,132837	4	49	28123,24287,62863,103203,18985,0,0	52	17597
152125	1309	2015	1975	184	203	15	8	10	18241	867	1794	593	1955	53	81	1200	361	5348	0,0,39,60,0,0	20379	23	755	157190	86715	69772	141602,141464,143775,138465,133601,132969,132969	4	43	28123,24287,62863,103418,19489,0,0	66	17424
152817	1162	1983	1990	185	194	11	13	8	17715	867	1801	582	1967	52	75	1187	341	5197	0,0,37,62,0,0	20287	21	641	157361	87189	69793	141409,141272,143592,138600,133704,133048,133048	4	41	28123,24287,62864,103574,19945,0,0	57	17282
153355	1189	1920	2014	181	189	13	14	9	17193	867	1802	579	1988	53	85	1196	344	5176	0,0,35,64,0,0	11299	20	786	157608	87733	69813	141281,141142,143470,138824,133902,133221,133221	4	51	28123,24287,62864,103766,20506,0,0	46	17087
153860	1284	1831	2023	191	193	13	16	8	16656	867	1804	580	1963	51	87	1194	358	5193	0,0,33,66,0,0	11235	0	815	157857	88304	69813	141169,141030,143365,139043,134100,133394,133394	4	44	28123,24287,62864,103951,21102,0,0	48	16900
154324	1348	1816	2018	189	176	16	13	7	16161	870	1808	590	1967	53	87	1215	343	5233	0,0,30,68,0,0	11333	0	817	158090	88892	69813	141037,140898,143242,139254,134288,133559,133559	4	43	28123,24287,62864,104116,21711,0,0	46	16710
154722	1336	1891	1987	188	167	17	13	6	15738	872	1809	582	2002	52	100	1210	352	5247	0,0,29,70,0,0	11326	0	803	158336	89452	69813	140928,140788,143139,139478,134497,133744,133744	4	51	28123,24287,62864,104267,22329,0,0	54	16516
155073	1384	1916	1948	181	184	16	11	8	15338	872	1815	590	1969	63	71	1198	350	5290	0,0,27,72,0,0	11249	0	822	158554	90062	69813	140819,140680,143037,139706,134710,133932,133932	4	52	28123,24287,62864,104403,22986,0,0	58	16349
155612	1294	1870	1939	194	189	13	14	9	14920	872	1820	587	2021	45	76	1169	345	5168	0,0,25,74,0,0	20558	0	650	158740	90528	69813	140664,140524,142887,139849,134832,134031,134031	4	30	28123,24287,62864,104532,23481,0,0	57	16196
156095	1166	1876	1926	204	208	13	14	10	14537	873	1824	562	1940	62	83	1165	349	5058	0,0,23,76,0,0	20213	0	676	158947	90998	69813	140525,140383,142757,140009,134976,134151,134151	4	36	28123,24287,62864,104635,24034,0,0	67	16021
156418	1223	1814	1942	205	209	15	13	9	14196	875	1827	589	1971	56	117	1179	403	5018	0,0,21,78,0,0	11213	0	776	159177	91549	69813	140439,140299,142675,140212,135174,134322,134322	4	41	28123,24287,62864,104747,24668,0,0	68	15843
156726	1266	1743	1940	205	208	15	12	10	13912	876	1833	575	2026	51	78	1183	403	4986	0,0,20,79,0,0	11283	0	739	159376	92094	69813	140323,140186,142564,140386,135345,134467,134467	4	42	28123,24287,62864,104851,25281,0,0	66	15680
157040	1200	1817	1889	188	187	15	13	7	13675	877	1838	550	1945	53	98	1205	379	4930	0,0,19,80,0,0	11094	0	703	159568	92609	69813	140211,140075,142457,140546,135504,134601,134601	4	42	28123,24287,62864,104946,25857,0,0	67	15528
157313	1185	1878	1808	188	181	13	15	7	13438	877	1843	577	1957	56	81	1203	358	4910	0,0,18,81,0,0	11214	0	758	159766	93175	69813	140134,139998,142383,140727,135686,134755,134755	4	27	28123,24287,62864,105040,26492,0,0	54	15363
157517	1273	1797	1889	189	188	12	17	7	13136	878	1843	581	2059	52	83	1202	367	4998	0,0,17,82,0,0	11278	0	784	159983	93747	69813	140062,139928,142319,140924,135886,134928,134928	4	44	28123,24287,62864,105119,27170,0,0	61	15193
157879	1199	1699	1927	196	189	9	16	9	12897	878	1848	588	1917	38	82	1196	374	4861	0,0,15,84,0,0	20554	0	594	160123	94204	69813	139943,139810,142205,141029,135993,135006,135006	4	43	28123,24287,62864,105188,27665,0,0	60	15084
158240	1070	1724	1813	194	176	11	16	11	12764	878	1849	593	1980	47	74	1160	351	4653	0,0,15,84,0,0	20483	0	598	160276	94653	69813	139824,139689,142090,141132,136104,135089,135089	3	34	28123,24287,62864,105253,28172,0,0	52	14957
158394	1154	1688	1797	198	184	15	13	13	12561	878	1851	588	2010	41	88	1180	353	4696	0,0,14,85,0,0	11277	0	747	160492	95185	69813	139759,139625,142030,141321,136302,135259,135259	3	30	28123,24287,62864,105320,28812,0,0	49	14787
158593	1198	1649	1773	185	171	14	13	11	12407	878	1854	571	2021	55	94	1178	350	4653	0,0,13,86,0,0	11237	0	704	160701	95683	69813	139697,139561,141973,141489,136479,135406,135406	3	37	28123,24287,62864,105371,29446,0,0	54	14619
158799	1167	1635	1753	183	173	17	10	12	12261	880	1856	597	1999	44	79	1194	338	4600	0,0,12,87,0,0	11322	0	677	160875	96194	69813	139624,139488,141901,141632,136637,135534,135534	3	29	28123,24287,62864,105428,30046,0,0	39	14493
159061	1129	1683	1667	183	172	15	10	11	12076	881	1858	588	1969	44	91	1163	344	4515	0,0,12,87,0,0	11339	0	645	161034	96684	69813	139523,139389,141806,141754,136773,135639,135639	3	31	28123,24287,62864,105483,30615,0,0	42	14363
159314	1121	1637	1695	176	183	14	10	11	11843	882	1860	579	1898	31	79	1161	337	4499	0,0,11,88,0,0	11296	0	648	161193	97179	69813	139431,139297,141718,141872,136908,135741,135741	3	22	28123,24287,62864,105514,31207,0,0	31	14239
159547	1046	1612	1664	196	195	16	9	11	11704	884	1862	614	1967	45	84	1132	332	4406	0,0,10,89,0,0	20604	0	566	161318	97622	69813	139333,139199,141624,141962,137015,135817,135817	3	44	28123,24287,62864,105550,31715,0,0	46	14139
159817	951	1566	1660	202	186	19	7	10	11578	886	1864	609	2020	31	83	1120	320	4271	0,0,9,90,0,0	20584	0	541	161466	98020	69813	139235,139105,141535,142052,137123,135892,135892	3	27	28123,24287,62864,105574,32210,0,0	45	14021
160041	950	1493	1637	195	183	19	7	9	11460	886	1866	621	2026	46	88	1104	319	4165	0,0,9,90,0,0	11260	0	578	161612	98453	69813	139146,139014,141450,142155,137243,135980,135980	3	24	28123,24287,62864,105607,32729,0,0	41	13902
160308	987	1408	1614	179	176	23	9	7	11278	888	1869	625	1946	34	79	1102	324	4072	0,0,8,91,0,0	11077	0	573	161757	98882	69813	139051,138918,141359,142252,137360,136063,136063	3	31	28123,24287,62864,105647,33242,0,0	43	13798
160459	938	1443	1538	172	178	22	8	7	11220	888	1873	614	2045	36	90	1113	308	3991	0,0,7,92,0,0	11226	0	560	161889	99315	69813	138974,138841,141287,142345,137477,136148,136148	3	30	28123,24287,62864,105671,33753,0,0	51	13692
160709	937	1409	1503	156	171	19	7	8	11061	889	1877	614	1925	24	63	1086	295	3907	0,0,6,93,0,0	11357	0	542	162036	99712	69813	138888,138756,141207,142440,137591,136230,136230	3	24	28123,24287,62864,105690,34249,0,0	43	13580
160952	921	1403	1434	166	182	17	8	8	10885	889	1881	646	1940	40	78	1060	298	3833	0,0,6,93,0,0	11168	0	539	162174	100117	69813	138790,138659,141111,142513,137690,136295,136295	2	21	28123,24287,62864,105711,34743,0,0	44	13466
161328	818	1357	1421	166	185	18	5	7	10664	892	1885	675	2049	30	83	1057	306	3664	0,0,6,93,0,0	20369	0	424	162288	100429	69813	138667,138539,140997,142556,137749,136320,136320	2	32	28123,24287,62864,105732,35123,0,0	53	13372
161673	700	1312	1379	168	188	17	5	6	10517	893	1888	657	1988	28	71	1021	301	3468	0,0,5,94,0,0	20601	0	400	162399	100722	69813	138543,138416,140879,142595,137809,136344,136344	3	36	28123,24287,62864,105748,35497,0,0	56	13279
161970	720	1173	1361	185	179	17	9	6	10342	893	1891	637	1950	34	67	996	286	3358	0,0,5,94,0,0	11121	0	454	162520	101059	69813	138435,138309,140780,142653,137885,136386,136386	2	30	28123,24287,62864,105765,35916,0,0	42	13192
162244	720	1110	1312	154	151	15	8	7	10238	893	1894	642	2000	36	86	994	287	3183	0,0,5,94,0,0	11179	0	424	162614	101392	69813	138323,138197,140672,142681,137936,136405,136405	2	24	28123,24287,62864,105778,36309,0,0	57	13115
162551	721	1023	1261	153	133	13	6	6	10087	895	1897	663	1959	37	61	970	267	3043	0,0,4,95,0,0	10961	0	402	162698	101710	69813	138207,138080,140562,142701,137979,136413,136413	2	19	28123,24287,62864,105785,36683,0,0	57	13047
162835	660	1010	1231	139	116	13	10	6	9930	895	1901	665	2010	30	51	934	260	2919	0,0,4,95,0,0	11140	0	352	162778	101984	69813	138086,137959,140443,142710,138007,136412,136412	2	24	28123,24287,62864,105792,37006,0,0	60	12979
163131	574	1002	1151	115	122	9	11	7	9826	895	1903	649	1985	32	63	919	259	2725	0,0,3,96,0,0	11132	0	323	162868	102224	69813	137956,137829,140317,142719,138035,136411,136411	2	11	28123,24287,62864,105798,37309,4,0	60	12905
163531	510	953	1111	110	110	8	9	8	9594	895	1907	640	1963	22	39	870	228	2583	0,0,3,95,0,0	20205	0	292	162944	102452	69813	137817,137690,140186,142706,138045,136384,136384	2	22	28123,24287,62864,105806,37581,13,0	57	12845
163901	470	864	1068	102	115	13	9	8	9390	896	1910	640	1966	25	46	846	217	2424	0,0,3,96,0,0	19990	0	257	163006	102649	69813	137680,137550,140054,142684,138043,136350,136350	2	15	28123,24287,62864,105809,37813,15,0	53	12794
164242	472	767	1035	110	107	12	6	5	9178	898	1914	654	1992	32	56	805	210	2299	0,0,3,95,0,0	10954	0	284	163072	102874	69813	137542,137410,139922,142664,138044,136320,136320	2	15	28123,24287,62864,105817,38073,22,0	59	12744
164594	447	716	970	105	108	9	8	4	8964	899	1922	641	1945	14	55	765	222	2141	0,0,2,95,1,0	10830	0	251	163125	103077	69813	137389,137260,139777,142630,138031,136275,136275	2	16	28123,24287,62864,105821,38308,26,0	46	12698
165054	384	656	910	85	109	5	8	4	8706	900	1925	645	2047	19	43	718	195	1962	0,0,2,96,1,0	10984	0	209	163166	103247	69813	137228,137099,139625,142570,137995,136203,136203	1	13	28123,24287,62864,105823,38497,32,0	42	12665
165429	388	604	812	99	102	5	6	4	8467	902	1928	671	1945	18	43	687	188	1828	0,0,2,95,1,0	10778	0	230	163220	103426	69813	137080,136952,139484,142530,137976,136152,136152	1	15	28123,24287,62864,105827,38709,36,0	33	12624
165827	361	568	728	92	91	8	4	5	8229	902	1931	658	1944	20	44	635	173	1679	0,0,2,95,1,0	10689	0	190	163261	103578	69813	136929,136800,139341,142465,137930,136074,136074	1	11	28123,24287,62864,105829,38876,43,0	31	12591
166270	281	563	680	78	73	11	5	3	7945	903	1934	671	2008	13	42	608	165	1526	0,0,2,95,2,0	19927	0	139	163290	103695	69813	136772,136643,139192,142389,137872,135985,135985	1	6	28123,24287,62864,105830,39005,53,0	32	12569
166675	240	529	628	80	63	9	5	4	7672	903	1938	648	1970	7	26	582	151	1403	0,0,1,94,3,0	19935	0	142	163315	103816	69813	136615,136486,139041,142316,137819,135902,135902	1	5	28123,24287,62864,105832,39130,63,0	26	12550
167032	243	461	583	73	69	10	5	3	7420	903	1944	657	2083	14	24	517	142	1302	0,0,1,94,3,0	10741	0	143	163350	103930	69813	136464,136336,138897,142250,137770,135825,135825	1	9	28123,24287,62864,105835,39260,73,0	26	12521
167459	248	393	529	67	74	13	4	2	7105	904	1948	651	1935	13	27	503	132	1196	0,0,2,93,4,0	10749	0	132	163389	104031	69813	136302,136172,138744,142176,137714,135737,135737	1	10	28123,24287,62864,105838,39380,82,0	25	12490
167857	214	367	507	58	57	12	4	2	6813	904	1951	616	1968	9	37	489	118	1101	0,0,1,93,4,0	10624	0	110	163406	104127	69813	136138,136008,138588,142082,137637,135631,135631	1	3	28123,24287,62864,105839,39477,87,0	32	12475
168267	180	336	447	48	47	8	4	3	6548	904	1954	633	1976	7	25	444	92	978	0,0,1,93,5,0	10475	0	99	163433	104203	69813	135984,135852,138439,141996,137568,135533,135533	1	6	28123,24287,62864,105839,39568,95,0	25	12455
168684	171	309	404	45	46	5	5	4	6213	904	1956	649	2000	10	25	404	87	898	0,0,1,92,5,0	10534	0	90	163459	104274	69813	135816,135683,138278,141905,137493,135430,135430	0	7	28123,24287,62864,105840,39649,105,0	16	12433
169102	141	273	387	38	44	9	4	5	5873	904	1966	649	2049	13	16	383	88	808	0,0,1,91,6,0	19781	0	65	163471	104335	69813	135654,135520,138121,141806,137411,135320,135319	0	7	28123,24287,62864,105841,39706,119,0	18	12424
169454	126	262	346	32	37	11	3	6	5594	904	1971	647	1991	3	23	365	89	728	0,0,1,90,7,0	19842	0	73	163490	104395	69813	135511,135376,137983,141724,137343,135227,135227	0	4	28123,24287,62864,105841,39774,128,0	18	12411
169735	135	230	314	22	39	8	2	6	5374	906	1975	656	1793	5	15	330	76	674	0,0,1,88,9,0	10357	0	87	163506	104470	69813	135379,135243,137856,141639,137272,135136,135135	0	1	28123,24287,62864,105842,39845,143,0	17	12398
170021	122	211	284	25	35	8	1	5	5145	907	1982	661	1902	6	7	291	63	623	0,0,1,87,11,0	10466	0	61	163520	104523	69813	135239,135102,137721,141548,137195,135038,135037	0	3	28123,24287,62864,105842,39898,155,0	15	12386
170363	105	191	275	28	22	6	1	3	4860	907	1985	658	1757	4	12	268	57	571	0,0,1,85,13,0	10295	0	49	163532	104569	69813	135089,134951,137579,141444,137105,134926,134925	0	2	28123,24287,62864,105843,39938,168,0	12	12376
170690	97	177	241	21	16	6	1	3	4600	907	1987	685	1796	7	5	241	43	516	0,0,1,84,13,0	10379	0	50	163540	104615	69813	134940,134802,137436,141340,137015,134814,134813	0	4	28123,24287,62864,105843,39980,178,0	13	12371
170976	91	160	211	21	18	5	1	3	4358	907	1995	685	1998	4	10	215	44	463	0,0,1,83,15,0	10470	0	47	163551	104654	69813	134796,134657,137295,141242,136926,134708,134706	0	1	28123,24287,62864,105843,40014,189,0	13	12360
171277	75	146	187	23	23	4	1	3	4096	907	2004	696	1824	2	8	185	42	417	0,0,1,80,17,0	19679	0	29	163560	104682	69813	134666,134527,137170,141145,136842,134603,134600	0	1	28123,24287,62864,105844,40039,199,0	9	12351
171556	77	131	171	23	15	4	1	3	3848	907	2010	663	1959	5	12	164	39	383	0,0,1,78,20,0	19722	0	48	163573	104721	69813	134531,134391,137039,141056,136766,134508,134505	0	2	28123,24287,62864,105844,40071,215,0	9	12340
171836	78	120	155	24	13	4	1	2	3591	907	2015	683	1955	1	7	145	38	357	0,0,1,75,23,0	10280	0	44	163589	104751	69813	134390,134250,136901,140962,136682,134406,134403	0	2	28123,24287,62864,105844,40097,232,0	8	12327
172066	75	116	158	15	12	1	1	2	3376	907	2017	654	1755	0	5	125	26	352	0,0,0,71,27,0	10242	0	43	163596	104792	69813	134258,134118,136773,140864,136595,134304,134300	0	1	28123,24287,62864,105844,40119,255,0	6	12322
172331	71	117	145	11	12	0	1	2	3128	907	2021	672	1790	3	3	100	23	334	0,0,0,68,30,0	10249	0	31	163602	104819	69813	134124,133983,136645,140759,136502,134193,134190	0	2	28123,24287,62864,105844,40140,266,0	5	12316
172529	68	120	136	13	13	0	0	2	2935	908	2022	704	1890	2	4	90	19	331	0,0,0,64,34,0	10245	0	38	163616	104851	69813	134002,133861,136526,140674,136424,134102,134098	0	2	28123,24287,62864,105844,40158,291,0	4	12305
172724	65	115	135	9	16	0	0	2	2748	908	2024	702	2008	3	10	92	25	315	0,0,0,60,38,0	10234	0	35	163623	104883	69813	133878,133738,136406,140578,136337,134001,133997	0	0	28123,24287,62864,105844,40177,310,0	2	12300
172882	60	109	135	11	12	0	1	1	2596	908	2031	700	1859	0	5	84	22	306	0,0,0,56,43,0	19522	0	30	163631	104913	69813	133771,133630,136301,140491,136258,133911,133906	0	4	28123,24287,62864,105844,40194,331,0	1	12292
173050	58	92	134	11	9	0	1	1	2443	908	2039	685	1790	3	3	80	15	290	0,0,0,52,46,0	19372	0	22	163637	104934	69813	133665,133524,136198,140406,136179,133822,133816	0	0	28123,24287,62864,105844,40202,348,0	2	12286
173253	45	96	114	8	12	0	1	1	2265	908	2043	693	1968	1	4	76	16	260	0,0,0,50,49,0	10128	0	25	163639	104958	69813	133537,133395,136073,140303,136085,133714,133708	0	2	28123,24287,62864,105844,40209,366,0	1	12284
173416	53	83	111	9	9	0	1	1	2107	908	2048	693	2004	0	6	73	16	250	0,0,0,46,53,0	10277	0	32	163644	104989	69813	133420,133279,135960,140210,135998,133617,133611	0	0	28123,24287,62864,105844,40223,388,0	1	12280
173575	54	72	112	8	9	0	1	1	1955	908	2051	690	1781	1	2	61	13	243	0,0,0,42,57,0	10115	0	21	163649	105010	69813	133305,133164,135847,140115,135911,133519,133512	0	0	28123,24287,62864,105844,40227,410,0	2	12276
173727	43	82	99	7	5	0	1	0	1822	908	2052	692	2022	4	4	57	9	228	0,0,0,37,62,0	10130	0	23	163655	105033	69813	133194,133053,135738,140022,135822,133421,133414	0	1	28123,24287,62864,105844,40233,431,0	2	12270
173886	41	74	91	9	6	0	0	1	1674	908	2056	694	1718	2	1	56	12	209	0,0,0,33,66,0	10112	0	18	163661	105049	69813	133079,132938,135626,139924,135731,133320,133312	0	2	28123,24287,62864,105844,40235,451,0	1	12264
174015	50	66	96	8	8	0	0	1	1536	908	2058	695	1845	1	1	53	9	219	0,0,0,30,69,0	19383	0	27	163665	105082	69813	132975,132834,135524,139839,135653,133234,133225	0	0	28123,24287,62864,105844,40244,479,0	3	12261
174120	56	63	82	8	4	0	0	1	1440	908	2064	681	1822	0	1	49	7	206	0,0,0,27,72,0	19424	0	25	163669	105108	69813	132880,132738,135430,139759,135579,133152,133143	0	0	28123,24287,62864,105844,40250,502,0	4	12258
174198	56	65	79	8	3	0	0	1	1359	908	2069	661	1800	2	6	42	8	203	0,0,0,25,74,0	10146	0	25	163676	105132	69813	132781,132639,135331,139676,135500,133068,133058	0	4	28123,24287,62864,105844,40255,528,0	4	12251
